BlockForm_Title#0,"""ย้าย Block"""
BlockForm_Title2#0,"""รายละเอียด Block"""
BlockForm_MyRoom#0,"""ไปที่ห้องของคุณ (Your Room)"""
BlockForm_GuildRoom#0,"""ไปที่ห้องทีม (Team Room)"""
BlockForm_ClassicBlock#0,"""ย้ายไปยัง [PSO2] Block"""
BlackForm_Cancel#0,"""กลับ"""
BlackForm_Explanation#0,"""คำอธิบาย"""
BlackForm_PremiumSpace#0,"""Premium Space"""
BlockForm_Move_Exp#0,"""เมื่อทำการย้าย Block, Quest ใดๆ ที่คุณกำลังรอคิวอยู่จะถูกยกเลิก<br><br>เอฟเฟกต์หรือ Boost ที่ได้รับจาก Quest จะถูกยกเลิกเช่นกัน"""
BlockForm_Classic_Exp#0,"""เมื่อทำการย้าย Block, คุณจะออกจาก Party โดยอัตโนมัติ และ Quest ใดๆ ที่คุณกำลังรอคิวอยู่จะถูกยกเลิก<br><br>เอฟเฟกต์หรือ Boost ที่ได้รับจาก Quest จะถูกยกเลิกเช่นกัน"""
BlockFormTitle_Streamer_Classic_Exp#0,"""Streamer Mode"""
BlockForm_Streamer_Classic_Exp#0,"""Streamer Mode กำลังทำงานอยู่<br><br>Streamer Mode ใช้งานได้เฉพาะใน PSO2:NGS เท่านั้น<br>หากคุณย้ายไปยัง PSO2 Block, Streamer Mode จะถูกปิดใช้งาน<br><br>คุณแน่ใจหรือไม่ว่าต้องการย้ายไปยัง PSO2 Block?"""
BlockForm_MyRoom_Exp#0,"""คุณแน่ใจหรือไม่ว่าต้องการไปที่ห้องของคุณ?"""
BlockForm_GuildRoom_Exp#0,"""คุณต้องการไปที่ห้องทีมของคุณหรือไม่?"""
BlockForm_Move_Que#0,"""ดำเนินการย้ายไปยัง Block:<br>$(0)?"""
BlockForm_Classic_Que#0,"""ดำเนินการย้ายไปยัง [PSO2] Block หรือไม่?"""
BlockForm_BlockName#0,"""Block เป้าหมาย"""
BlockForm_Error_Full#0,"""ไม่สามารถเข้าสู่ Block ที่เลือกได้<br>เนื่องจากมีผู้เล่นหนาแน่นเกินไป"""
BlockForm_Error_NotFound#0,"""ไม่พบ Block ที่เลือก<br><br>[No.1000]"""
BlockForm_Error_Unknown#0,"""ไม่สามารถเข้าสู่ Block ที่เลือกได้<br>เนื่องจากเกิดข้อผิดพลาด<br><br>[No.1001]"""
BlockForm_Error_Default#0,"""คุณไม่สามารถเข้าสู่ Block นี้ได้เนื่องจาก<br>ข้อผิดพลาดที่ไม่ทราบสาเหตุ<br><br><br>[No.1002]"""
BlockForm_Error_Premium#0,"""คุณพยายามที่จะย้ายไปยัง Premium Block<br>แต่คุณไม่มี Premium Ticket<br>หรือสถานะ Premium ของคุณหมดอายุแล้ว<br>จึงไม่สามารถย้ายไปยัง Block นี้ได้<br><br>[No.1003］"""
BlockForm_Error_Platform#0,"""คุณไม่สามารถย้ายไปยัง Block นี้ได้เนื่องจาก<br>คุณกำลังใช้งานบนแพลตฟอร์มที่ไม่ถูกต้อง<br><br>[No.1004］"""
BlockForm_PublicShip#0,"""ไปที่ Shared Ship"""
BlockForm_PublicShip_Poka#0,"""ไปที่ Shared Ship Battle Lobby"""
BlockForm_PublicShip_Challenge#0,"""ไปที่ Shared Ship Challenge Lobby"""
BlockForm_PokaLobby#0,"""ไปที่ Battle Lobby"""
BlockForm_ChallengeLobby#0,"""ไปที่ Challenge Lobby"""
BlockForm_MyShip#0,"""กลับไปยัง Ship ของคุณ"""
BlockForm_PublicShip_Exp#0,"""เมื่อย้ายไปยัง Shared Ship คุณจะถูก<br>นำออกจาก Party โดยอัตโนมัติ และ<br>Quest ที่รับไว้จะถูกยกเลิก<br><br>นอกจากนี้ เอฟเฟกต์ใดๆ ที่ได้รับจาก<br>Quest ที่คุณตอบรับไว้จะหายไป<br><br>ต้องการย้ายไปยัง Shared Ship หรือไม่?"""
BlockForm_PublicShip_Exp_TriggerQuest#0,"""<yellow>คุณกำลังอยู่ในระหว่าง Trigger Quest!<c><br><br>หากย้ายไปยัง Shared Ship คุณจะหลุดจาก Party<br>โดยอัตโนมัติ และสมาชิกทุกคนใน Multi-party<br><yellow>จะถูกยกเลิก Quest ทันที<c><br>※ในกรณีที่ยังเหลือเวลาหรือจำนวนครั้ง<br>\u3000ในการลง Trigger Quest อีกครั้งเท่านั้น<br><br>นอกจากนี้ เอฟเฟกต์ที่ได้รับภายในเควสต์<br>ทั้งหมดจะหายไปด้วย<br><br><red>Meseta หรือไอเทมที่ใช้เพื่อเริ่ม Quest<br>จะไม่ถูกส่งคืน ซึ่งอาจก่อให้เกิดปัญหาได้<br>โปรดระมัดระวัง<c><br><br>ต้องการย้ายไปยัง Shared Ship หรือไม่?"""
BlockForm_MyShip_Exp#0,"""เมื่อย้ายไปยัง Ship ของคุณ คุณจะถูก<br>นำออกจาก Party โดยอัตโนมัติ และ<br>Quest ที่รับไว้จะถูกยกเลิก<br><br>นอกจากนี้ เอฟเฟกต์ใดๆ ที่ได้รับจาก<br>Quest ที่คุณตอบรับไว้จะหายไป<br><br>ต้องการย้ายไปยัง Ship ของคุณ หรือไม่?"""
BlockForm_MyShip_Exp_TriggerQuest#0,"""<yellow>คุณกำลังอยู่ในระหว่าง Trigger Quest!<c><br><br>หากย้ายไปยัง Ship ของคุณ คุณจะหลุดจาก Party<br>โดยอัตโนมัติ และสมาชิกทุกคนใน Multi-party<br><yellow>จะถูกยกเลิก Quest ทันที<c><br>※ในกรณีที่ยังเหลือเวลาหรือจำนวนครั้ง<br>\u3000ในการลง Trigger Quest อีกครั้งเท่านั้น<br><br>นอกจากนี้ เอฟเฟกต์ที่ได้รับภายในเควสต์<br>ทั้งหมดจะหายไปด้วย<br><br><red>Meseta หรือไอเทมที่ใช้เพื่อเริ่ม Quest<br>จะไม่ถูกส่งคืน ซึ่งอาจก่อให้เกิดปัญหาได้<br>โปรดระมัดระวัง<c><br><br>ต้องการย้ายไปยัง Ship ของคุณ หรือไม่?"""
BlockForm_Move_Exp_TriggerQuest#0,"""<yellow>คุณกำลังอยู่ในระหว่าง Trigger Quest!<c><br><br>หากย้าย Block คุณจะหลุดจาก Party<br>โดยอัตโนมัติ และสมาชิกทุกคนใน Multi-party<br><yellow>จะถูกยกเลิก Quest ทันที<c><br>※ในกรณีที่ยังเหลือเวลาหรือจำนวนครั้ง<br>\u3000ในการลง Trigger Quest อีกครั้งเท่านั้น<br><br>นอกจากนี้ เอฟเฟกต์ที่ได้รับภายในเควสต์<br>ทั้งหมดจะหายไปด้วย<br><br><red>Meseta หรือไอเทมที่ใช้เพื่อเริ่ม Quest<br>จะไม่ถูกส่งคืน ซึ่งอาจก่อให้เกิดปัญหาได้<br>โปรดระมัดระวัง<c>"""
BlockForm_ToMyShip_Exp#0,"""Matchmaking จะถูกยกเลิก<br>หากคุณย้ายไปยัง Ship ของคุณ<br><br>ต้องการย้ายไปยัง Ship ของคุณ หรือไม่?"""
BlockForm_ToChallengeLobby_Exp#0,"""Matchmaking จะถูกยกเลิก<br>หากคุณย้ายไปยัง Challenge Lobby<br><br>ต้องการย้ายไปยัง Challenge Lobby หรือไม่?"""
BlockForm_ToBattleLobby_Exp#0,"""คุณจะถูกนำออกจาก Party โดยอัตโนมัติ<br>และ Quest ที่กำลังดำเนินอยู่จะถูกยกเลิก<br>หากคุณย้ายไปยัง Battle Lobby<br><br>นอกจากนี้ เอฟเฟกต์พิเศษใดๆ ที่ได้รับ<br>จาก Quest ที่ตอบรับไว้จะหายไป<br><br>ต้องการย้ายไปยัง Battle Lobby หรือไม่?"""
BlockForm_BattleLobbyToBattleLobby_Exp#0,"""Matchmaking จะถูกยกเลิก<br>หากคุณย้ายไปยัง Battle Block<br><br>ต้องการเปลี่ยน Block หรือไม่?"""
BlockForm_BattleLobbyToBattleLobby_Exp_NoMatching#0,"""การกระทำนี้จะย้ายคุณไปยัง Battle Block อื่น<br>ดำเนินการต่อหรือไม่?<br><br><c c0c0c0>※Matchmaking ใน Battle Arena จะใช้ร่วมกันทุก Block<br>ดังนั้นการย้ายไปยัง Block อื่นจะไม่เปลี่ยนแปลง<br>ผลลัพธ์ของ Matchmaking<c>"""
AreaForm_BridgeArea_Exp#0,"""ต้องการย้ายไปยัง Bridge หรือไม่?"""
AreaForm_CafeArea_Exp#0,"""คุณต้องการไปที่ Franca's Cafe หรือไม่?"""
Bond_message#0,"""$(0)<br><br>$(1)"""
InPublicShipToast#0,"""สลับไปใช้ Shared Ship ชั่วคราว"""
InChallengeShipToast#0,"""เปลี่ยนเป็นการตั้งค่า Challenge Ship ชั่วคราว"""
InPokaShipToast#0,"""เปลี่ยนเป็นการตั้งค่า Battle Arena ชั่วคราว"""
BlockForm_Move_Exp_HighLevelQuest#0,"""<red>Quest ที่กำลังรับอยู่<br>อยู่ภายใต้เงื่อนไข 【บทลงโทษการละทิ้ง (Abandon Penalty)】!<c><br><br>การละทิ้งจะทำให้ผู้เล่นอื่นเดือดร้อน<br>คุณจะไม่สามารถรับ Emergency Quest ที่กำลังเกิดขึ้นได้อีก<br>และจะถูกบังคับให้ย้ายไปยัง Block อื่น<br><br>เมื่อทำการย้าย Block คุณจะออกจาก Party<br>โดยอัตโนมัติ และ Quest ที่รับไว้จะถูกยกเลิก"""
BlockForm_PublicShip_Exp_HighLevelQuest#0,"""<red>Quest ที่กำลังรับอยู่<br>อยู่ภายใต้เงื่อนไข 【บทลงโทษการละทิ้ง (Abandon Penalty)】!<c><br><br>การละทิ้งจะทำให้ผู้เล่นอื่นเดือดร้อน<br>คุณจะไม่สามารถรับ Emergency Quest ที่กำลังเกิดขึ้นได้อีก<br>และจะถูกบังคับให้ย้ายไปยัง Block อื่น<br><br>เมื่อทำการย้ายไปยัง Shared Ship คุณจะออกจาก Party<br>โดยอัตโนมัติ และ Quest ที่รับไว้จะถูกยกเลิก<br><br>ยอมรับ 【บทลงโทษการละทิ้ง】 และย้ายไปยัง Shared Ship<br>ดำเนินการต่อหรือไม่?"""
BlockForm_MyShip_Exp_HighLevelQuest#0,"""<red>Quest ที่กำลังรับอยู่<br>อยู่ภายใต้เงื่อนไข 【บทลงโทษการละทิ้ง (Abandon Penalty)】!<c><br><br>การละทิ้งจะทำให้ผู้เล่นอื่นเดือดร้อน<br>คุณจะไม่สามารถรับ Emergency Quest ที่กำลังเกิดขึ้นได้อีก<br>และจะถูกบังคับให้ย้ายไปยัง Block อื่น<br><br>เมื่อทำการย้ายไปยัง Ship ของคุณ คุณจะออกจาก Party<br>โดยอัตโนมัติ และ Quest ที่รับไว้จะถูกยกเลิก<br><br>ยอมรับ 【บทลงโทษการละทิ้ง】 และย้ายไปยัง Ship ของคุณ<br>ดำเนินการต่อหรือไม่?"""
BlockForm_Complete_Toast#0,"""ย้ายไปยัง Block: $(0) แล้ว"""
BlockForm_GuideText#0,"""คุณสามารถย้ายไปยัง Block อื่นหรือ PSO2 ได้"""
BlockForm_TutrialStart#0,"""ใน 『PSO2』 Block<br>คุณจะเริ่มเล่นตั้งแต่บทนำ (Prologue)<br><br>ดำเนินการต่อหรือไม่?"""
BlockForm_RegionMove_Title#0,"""ย้ายระหว่างภูมิภาค (Regions)"""
BlockForm_RegionMove_Exp#0,"""กำลังเดินทางไปยัง $(0)<br>ต้องการดำเนินการต่อหรือไม่?"""
BlockForm_NotOnlyBlock_Exp_PS4#0,"""ย้ายออกจาก Block เฉพาะสำหรับ 【PS4】<br><br>เมื่อย้ายออกจาก Block เฉพาะแล้ว<br>คุณจะสามารถสื่อสารและจัด Party<br>กับผู้เล่นจากแพลตฟอร์มอื่นได้<br><br>ต้องการย้าย Block หรือไม่?"""
BlockForm_Error_IllegalMember#0,"""ไม่สามารถย้าย Block ได้ เนื่องจากมีสมาชิก Party<br>ที่ไม่สามารถย้ายไปยัง Block ที่เลือกได้"""
MeetForm_Title#0,"""ย้ายไปยังตำแหน่งของผู้เล่นอื่น"""
MeetForm_Explanation#0,"""ต้องการย้ายไปยังตำแหน่งของ $(0) หรือไม่?<br><br><yellow>※คุณจะถูกย้ายไปยัง Ryuker Device ที่ใกล้ที่สุดในพื้นที่ Exploration หรือ Combat Section, หรือทางเข้าของ ARKS Base<br>※หากคุณย้ายตำแหน่ง Quest ใดๆ ที่กำลังดำเนินอยู่จะถูกละทิ้ง และเอฟเฟกต์ที่ได้รับจาก Quest จะหายไป<br>※หากคุณตั้ง Password ไว้แต่พวกเขาไม่ได้ตั้ง Password ของคุณจะถูกยกเลิก<c>"""
MeetForm_BlockMoveOnly#0,"""ไม่สามารถย้ายไปยังตำแหน่งของผู้เล่นอื่นได้ ระบบได้ทำการย้ายคุณไปยัง Block ของพวกเขาแทน"""
MeetForm_Error_Terminal#0,"""ไม่สามารถย้ายได้เนื่องจากคุณยังไม่ได้ปลดล็อก Ryuker Device / ARKS Base ที่ใกล้ที่สุด"""
MeetForm_Error_SamePlace#0,"""ไม่สามารถย้ายได้เนื่องจากคุณอยู่ในตำแหน่งเดียวกับผู้เล่นอื่นแล้ว"""
MeetForm_Error_ClassicBlock#0,"""ไม่สามารถย้ายได้เนื่องจากผู้เล่นอื่นอยู่ใน PSO2 Block"""
MeetForm_Error_Logout#0,"""ไม่สามารถย้ายได้เนื่องจากผู้เล่นอื่นล็อกเอาต์ไปแล้ว"""
MeetForm_Error_CreativeSpace#0,"""ฟีเจอร์นี้ไม่สามารถใช้เพื่อย้ายไปยัง Creative Space ได้"""
Current_Block_Label#0,"""Block ปัจจุบัน"""
Current_Block_BlockName#0,"""$(0)"""
Current_Section_Label#0,"""ตำแหน่งปัจจุบัน"""
Current_Section_SectionName#0,"""$(0)"""
Current_Section_Rank#0,"""[ Rank $(0) ]"""
Class#0,"""คลาส"""
Main#0,"""คลาสหลัก (Main Class)"""
Sub#0,"""คลาสรอง (Sub Class)"""
None#0,"""ไม่มี"""
Job00#0,"""Hunter"""
Job01#0,"""Ranger"""
Job02#0,"""Force"""
Job03#0,"""Fighter"""
Job04#0,"""Gunner"""
Job05#0,"""Techter"""
Job06#0,"""Braver"""
Job07#0,"""Bouncer"""
Job08#0,"""Challenger"""
Job09#0,"""Waker"""
Job10#0,"""Battle Warrior"""
Job11#0,"""Slayer"""
Job12#0,"""Phantom"""
Job13#0,"""Etoile"""
Job14#0,"""Slayer"""
All#0,"""ทุกคลาส (All Classes)"""
ConnectErrorLabel#0,"""ข้อผิดพลาดในการสื่อสาร"""
ConnectErrorText#0,"""ขาดการเชื่อมต่อจากเซิร์ฟเวอร์ กำลังกลับสู่หน้าจอไตเติ้ล..."""
InvalidPasswordText#0,"""ชื่อผู้ใช้หรือรหัสผ่านไม่ถูกต้อง"""
FailVersionText#0,"""เวอร์ชันเกมไม่ตรงกับเซิร์ฟเวอร์ กำลังกลับสู่หน้าจอไตเติ้ล"""
DnsError#0,"""ข้อผิดพลาด DNS"""
SignOut_Vita#0,"""ออกจากระบบ PlayStation® Network แล้ว<br>กำลังกลับสู่หน้าจอไตเติ้ล"""
Resume_Vita#0,"""การเชื่อมต่อเซิร์ฟเวอร์หมดเวลา<br>กำลังกลับสู่หน้าจอไตเติ้ล"""
ErrorWindowText#0,"""※สำหรับข้อมูลข้อผิดพลาดและการแก้ปัญหา โปรดดูที่เว็บไซต์สนับสนุนทางการ"""
ErrorCodeText#0,"""ไม่"""
OkButtonText#0,"""ตกลง"""
WebButtonText#0,"""เยี่ยมชมเว็บไซต์ทางการ"""
ShopButtonText#0,"""เยี่ยมชมเว็บไซต์สั่งซื้อ"""
WebURL#0,"""<&URL pso2_players_manual_preparations_arkslobby_block>"""
ShopURL#0,"""<&URL AC_CHARGE_PAGE>"""
Code220_Title#0,"""มีเวอร์ชันใหม่พร้อมใช้งาน"""
Code220_Code#0,"""ไม่สามารถเชื่อมต่อกับเซิร์ฟเวอร์ได้"""
Code220_Message#0,"""มีเวอร์ชันใหม่พร้อมใช้งาน<br>ไม่สามารถเชื่อมต่อกับเซิร์ฟเวอร์ได้"""
Code221_Title#0,"""มีเวอร์ชันใหม่พร้อมใช้งาน"""
Code221_Code#0,"""ไม่สามารถดาวน์โหลดเวอร์ชันล่าสุดได้"""
Code221_Message#0,"""ไม่สามารถอัปเดต<br>เป็นเวอร์ชันล่าสุดได้<br>กรุณาลองทำการตรวจสอบไฟล์ (File Check) ดูอีกครั้ง<br>หากปัญหายังคงอยู่<br>โปรดอ้างอิงจากเว็บไซต์สนับสนุนทางการ"""
Code222_Title#0,"""มีเวอร์ชันใหม่พร้อมใช้งาน"""
Code222_Code#0,"""ไม่สามารถดาวน์โหลดเวอร์ชันล่าสุดได้"""
Code222_Message#0,"""ไม่สามารถอัปเดต<br>เป็นเวอร์ชันล่าสุดได้<br>กรุณาลองทำการตรวจสอบไฟล์ (File Check) ดูอีกครั้ง<br>หากปัญหายังคงอยู่<br>โปรดอ้างอิงจากเว็บไซต์สนับสนุนทางการ"""
Code223_Title#0,"""การตรวจสอบเวอร์ชันล่าสุด"""
Code223_Code#0,"""ไม่สามารถตรวจสอบความถูกต้องของเวอร์ชันได้"""
Code223_Message#0,"""มีเวอร์ชันใหม่พร้อมใช้งาน<br>ไม่สามารถเชื่อมต่อกับเซิร์ฟเวอร์ได้"""
Code224_Title#0,"""การตรวจสอบเวอร์ชันล่าสุด"""
Code224_Code#0,"""ไม่สามารถตรวจสอบความถูกต้องของเวอร์ชันได้"""
Code224_Message#0,"""มีเวอร์ชันใหม่พร้อมใช้งาน<br>ไม่สามารถเชื่อมต่อกับเซิร์ฟเวอร์ได้"""
Code225_Title#0,"""มีเวอร์ชันใหม่พร้อมใช้งาน"""
Code225_Code#0,"""ไม่สามารถดาวน์โหลดไฟล์ระบบล่าสุดได้"""
Code225_Message#0,"""ไม่สามารถอัปเดต<br>เป็นเวอร์ชันล่าสุดได้<br>กรุณารอสักครู่แล้วลองใหม่อีกครั้ง<br>หากปัญหายังคงอยู่<br>โปรดอ้างอิงจากเว็บไซต์สนับสนุนทางการ"""
Code226_Title#0,"""มีเวอร์ชันใหม่พร้อมใช้งาน"""
Code226_Code#0,"""ไม่สามารถดาวน์โหลดไฟล์ระบบล่าสุดได้"""
Code226_Message#0,"""ไม่สามารถอัปเดต<br>เป็นเวอร์ชันล่าสุดได้<br>กรุณารอสักครู่แล้วลองใหม่อีกครั้ง<br>หากปัญหายังคงอยู่<br>โปรดอ้างอิงจากเว็บไซต์สนับสนุนทางการ"""
Code227_Title#0,"""มีเวอร์ชันใหม่พร้อมใช้งาน"""
Code227_Code#0,"""การดาวน์โหลดไฟล์ล้มเหลว"""
Code227_Message#0,"""ไม่สามารถอัปเดต<br>เป็นเวอร์ชันล่าสุดได้<br>กรุณารอสักครู่แล้วลองใหม่อีกครั้ง<br>หากปัญหายังคงอยู่<br>โปรดอ้างอิงจากเว็บไซต์สนับสนุนทางการ"""
Code228_Title#0,"""มีเวอร์ชันใหม่พร้อมใช้งาน"""
Code228_Code#0,"""การดาวน์โหลดไฟล์ล้มเหลว"""
Code228_Message#0,"""ไม่สามารถอัปเดต<br>เป็นเวอร์ชันล่าสุดได้<br>กรุณารอสักครู่แล้วลองใหม่อีกครั้ง<br>หากปัญหายังคงอยู่<br>โปรดอ้างอิงจากเว็บไซต์สนับสนุนทางการ"""
Code230_Title#0,"""การเชื่อมต่อเครือข่าย"""
Code230_Code#0,"""เกิดข้อผิดพลาดในการเชื่อมต่อเครือข่าย"""
Code230_Message#0,"""ข้อผิดพลาดในการเชื่อมต่อเครือข่าย<br>(ไม่มีการตอบสนองจาก DNS Server)"""
Code231_Title#0,"""การเชื่อมต่อเครือข่าย"""
Code231_Code#0,"""เกิดข้อผิดพลาดในการเชื่อมต่อเครือข่าย"""
Code231_Message#0,"""ข้อผิดพลาดในการเชื่อมต่อเครือข่าย<br>(ไม่มีการตอบสนองจาก DNS Server)"""
Code240_Title#0,"""การเชื่อมต่อเครือข่าย"""
Code240_Code#0,"""เกิดข้อผิดพลาดในการเชื่อมต่อเครือข่าย"""
Code240_Message#0,"""ไม่สามารถเชื่อมต่อกับเซิร์ฟเวอร์ได้<br>กรุณาตรวจสอบสถานะเซิร์ฟเวอร์<br>จากประกาศ ฯลฯ บนเว็บไซต์ทางการ"""
Code241_Title#0,"""การเชื่อมต่อเครือข่าย"""
Code241_Code#0,"""เกิดข้อผิดพลาดในการเชื่อมต่อเครือข่าย"""
Code241_Message#0,"""ไม่สามารถเชื่อมต่อกับเซิร์ฟเวอร์ได้<br>กรุณารอสักครู่แล้วลองใหม่อีกครั้ง<br>หากปัญหายังคงอยู่<br>โปรดอ้างอิงจากเว็บไซต์สนับสนุนทางการ"""
Code242_Title#0,"""การเชื่อมต่อเครือข่าย"""
Code242_Code#0,"""เกิดข้อผิดพลาดในการเชื่อมต่อเครือข่าย"""
Code242_Message#0,"""ไม่สามารถเชื่อมต่อกับเซิร์ฟเวอร์ได้<br>กรุณารอสักครู่แล้วลองใหม่อีกครั้ง"""
Code249_Title#0,"""การเชื่อมต่อเครือข่าย"""
Code249_Code#0,"""เกิดข้อผิดพลาดในการเชื่อมต่อเครือข่าย"""
Code249_Message#0,"""ไม่สามารถเชื่อมต่อกับเซิร์ฟเวอร์ได้<br>กรุณารอสักครู่แล้วลองใหม่อีกครั้ง<br>หากปัญหายังคงอยู่<br>โปรดอ้างอิงจากเว็บไซต์สนับสนุนทางการ"""
Code250_Title#0,"""การเชื่อมต่อเครือข่าย"""
Code250_Code#0,"""เกิดข้อผิดพลาดในการเชื่อมต่อเครือข่าย"""
Code250_Message#0,"""ไม่สามารถเชื่อมต่อกับเซิร์ฟเวอร์ได้<br>กรุณารอสักครู่แล้วลองใหม่อีกครั้ง<br>หากปัญหายังคงอยู่<br>โปรดอ้างอิงจากเว็บไซต์สนับสนุนทางการ<br>[ No.250 - $(0) ]"""
Code601_Title#0,"""เกิดปัญหากับ ID"""
Code601_Code#0,"""การยืนยันตัวตน SEGA ID ล้มเหลว"""
Code601_Message#0,"""เซิร์ฟเวอร์อาจอยู่ในช่วงปิดปรับปรุง กรุณาตรวจสอบสถานะเซิร์ฟเวอร์ที่เว็บไซต์ทางการ"""
Code602_Title#0,"""เกิดปัญหากับ ID"""
Code602_Code#0,"""การยืนยันตัวตน SEGA ID ล้มเหลว"""
Code602_Message#0,"""กรุณาตรวจสอบ SEGA ID ของคุณ (ควรเป็นตัวพิมพ์เล็กทั้งหมด) และรหัสผ่าน แล้วเชื่อมต่อใหม่อีกครั้ง"""
Code603_Title#0,"""เกิดปัญหากับ ID"""
Code603_Code#0,"""การยืนยันตัวตน SEGA ID ล้มเหลว"""
Code603_Message#0,"""กรุณาตรวจสอบ SEGA ID ของคุณ (ควรเป็นตัวพิมพ์เล็กทั้งหมด) และรหัสผ่าน แล้วเชื่อมต่อใหม่อีกครั้ง"""
Code604_Title#0,"""เกิดปัญหากับ ID"""
Code604_Code#0,"""การยืนยันตัวตน SEGA ID ล้มเหลว"""
Code604_Message#0,"""การยืนยันการล็อกอินล้มเหลวเกินจำนวนครั้งที่อนุญาตในเวลาที่กำหนด - กรุณารอสักครู่ แล้วลองล็อกอินใหม่อีกครั้ง"""
Code605_Title#0,"""เกิดปัญหากับ ID"""
Code605_Code#0,"""การยืนยันตัวตน ID ล้มเหลว"""
Code605_Message#0,"""เซิร์ฟเวอร์ที่จัดการ ID ของคุณ<br>อาจปิดให้บริการเนื่องจากการปรับปรุง ฯลฯ<br>สำหรับข้อมูลเพิ่มเติม กรุณาติดต่อผู้ให้บริการ ID ของคุณ"""
Code606_Title#0,"""เกิดปัญหากับ ID"""
Code606_Code#0,"""การยืนยันตัวตน ID ล้มเหลว"""
Code606_Message#0,"""การยืนยันตัวตน ID ทำงานไม่ถูกต้อง<br>สำหรับข้อมูลเพิ่มเติม กรุณาติดต่อผู้ให้บริการ ID ของคุณ"""
Code611_Title#0,"""การเชื่อมต่อเซิร์ฟเวอร์"""
Code611_Code#0,"""ไม่สามารถเชื่อมต่อกับเซิร์ฟเวอร์ได้"""
Code611_Message#0,"""เซิร์ฟเวอร์อาจอยู่ในช่วงปิดปรับปรุง<br>กรุณาตรวจสอบข้อมูลการปิดปรับปรุง<br>บนเว็บไซต์ทางการของ Phantasy Star Online 2"""
Code612_Title#0,"""การเชื่อมต่อเซิร์ฟเวอร์"""
Code612_Code#0,"""ไม่สามารถเชื่อมต่อกับเซิร์ฟเวอร์ได้"""
Code612_Message#0,"""ขณะนี้เซิร์ฟเวอร์หนาแน่น<br>กรุณารอสักครู่ แล้วลองเชื่อมต่อใหม่อีกครั้ง"""
Code615_Title#0,"""การเชื่อมต่อเซิร์ฟเวอร์"""
Code615_Code#0,"""ไม่สามารถเชื่อมต่อกับ Block ได้"""
Code615_Message#0,"""ไม่สามารถย้ายไปยัง Block ที่เลือกได้เนื่องจากเต็มแล้ว"""
Code616_Title#0,"""การเชื่อมต่อเซิร์ฟเวอร์"""
Code616_Code#0,"""ไม่สามารถเชื่อมต่อกับ Block ได้"""
Code616_Message#0,"""ไม่สามารถย้ายไปยัง Block ที่เลือกได้เนื่องจากเต็มแล้ว"""
Code620_Title#0,"""ล็อกอินล้มเหลว"""
Code620_Code#0,"""เข้าสู่ระบบไม่สำเร็จ"""
Code620_Message#0,"""เนื่องจากการเชื่อมต่อถูกตัดขาดอย่างผิดปกติ ข้อมูลตัวละครของคุณจึงถูกล็อก กรุณาลองใหม่อีกครั้งในอีกประมาณ 10 นาที"""
Code622_Title#0,"""การเลือกห้อง (Room Selection)"""
Code622_Code#0,"""ไม่สามารถย้ายไปยังห้องได้"""
Code622_Message#0,"""ไม่สามารถไปยังห้องที่เลือกได้เนื่องจากห้องเต็ม"""
Code623_Title#0,"""การเลือกห้อง (Room Selection)"""
Code623_Code#0,"""ไม่สามารถย้ายไปยังห้องได้"""
Code623_Message#0,"""ไม่พบเซิร์ฟเวอร์ห้อง"""
Code624_Title#0,"""การเลือกห้อง (Room Selection)"""
Code624_Code#0,"""ไม่สามารถย้ายไปยังห้องได้"""
Code624_Message#0,"""เนื่องจากมีข้อจำกัดในการเข้า คุณจึงไม่สามารถเข้าไปในห้องนี้ได้"""
Code625_Title#0,"""การเลือกห้อง (Room Selection)"""
Code625_Code#0,"""ไม่สามารถย้ายไปยังห้องได้"""
Code625_Message#0,"""เนื่องจากมีข้อจำกัดในการเข้า คุณจึงไม่สามารถเข้าไปในห้องนี้ได้"""
Code626_Title#0,"""การเลือกห้อง (Room Selection)"""
Code626_Code#0,"""ไม่สามารถย้ายไปยังห้องได้"""
Code626_Message#0,"""เนื่องจากปัญหาของเซิร์ฟเวอร์/ระบบ คุณจึงไม่สามารถไปยังห้องนั้นได้"""
Code627_Title#0,"""การเลือกห้อง (Room Selection)"""
Code627_Code#0,"""ไม่สามารถย้ายไปยังห้องได้"""
Code627_Message#0,"""คุณไม่สามารถไปยัง room นั้นได้เนื่องจากคุณไม่ได้รับสิทธิ์ หรือ room นั้นหมดอายุแล้ว"""
Code628_Title#0,"""การเลือก Room"""
Code628_Code#0,"""ไม่สามารถย้ายไปยัง room ได้"""
Code628_Message#0,"""คุณไม่สามารถไปยัง room นั้นได้เนื่องจากเจ้าของ room ไม่ได้รับสิทธิ์ หรือ room นั้นหมดอายุแล้ว"""
Code630_Title#0,"""การสื่อสารกับ Server"""
Code630_Code#0,"""ไม่มีการตอบสนองจาก server"""
Code630_Message#0,"""การเชื่อมต่อของคุณขาดหาย กำลังกลับสู่หน้า Title screen"""
Code633_Title#0,"""การย้าย My Room"""
Code633_Code#0,"""ไม่สามารถย้ายไปยัง My Room ได้"""
Code633_Message#0,"""My Room ที่เลือกคนเต็มแล้ว จึงไม่สามารถย้ายไปได้"""
Code634_Title#0,"""การย้าย My Room"""
Code634_Code#0,"""ไม่สามารถย้ายไปยัง My Room ได้"""
Code634_Message#0,"""ไม่พบ room server"""
Code635_Title#0,"""การย้าย My Room"""
Code635_Code#0,"""ไม่สามารถย้ายไปยัง My Room ได้"""
Code635_Message#0,"""เนื่องจากข้อจำกัดของ room คุณจึงไม่สามารถไปยังที่นั่นได้"""
Code636_Title#0,"""การย้าย My Room"""
Code636_Code#0,"""ไม่สามารถย้ายไปยัง My Room ได้"""
Code636_Message#0,"""เนื่องจากข้อจำกัดของ room คุณจึงไม่สามารถไปยังที่นั่นได้"""
Code637_Title#0,"""การย้าย My Room"""
Code637_Code#0,"""ไม่สามารถย้ายไปยัง My Room ได้"""
Code637_Message#0,"""ไม่สามารถย้ายได้<br>เนื่องจากปัญหาของระบบ server"""
Code638_Title#0,"""การย้าย My Room"""
Code638_Code#0,"""ไม่สามารถย้ายไปยัง My Room ได้"""
Code638_Message#0,"""เนื่องจากการชำระเงินหมดอายุแล้ว จึงไม่สามารถย้ายไปได้"""
Code639_Title#0,"""การย้าย My Room"""
Code639_Code#0,"""ไม่สามารถย้ายไปยัง My Room ได้"""
Code639_Message#0,"""เนื่องจากการชำระเงินหมดอายุแล้ว จึงไม่สามารถย้ายไปได้"""
Code640_Title#0,"""การตรวจสอบ Version"""
Code640_Code#0,"""Version ของ Game client ไม่ตรงกัน"""
Code640_Message#0,"""อัปเดตเกมไม่สำเร็จ กรุณารัน file check หากจำเป็น กรุณาถอนการติดตั้งแล้วติดตั้งใหม่"""
Code641_Title#0,"""การตรวจสอบ Client"""
Code641_Code#0,"""พบข้อผิดพลาดใน Game client"""
Code641_Message#0,"""อัปเดตเกมไม่สำเร็จ กรุณารัน file check หากจำเป็น กรุณาถอนการติดตั้งแล้วติดตั้งใหม่"""
Code642_Title#0,"""การย้าย Block"""
Code642_Code#0,"""ไม่สามารถย้ายไปยัง block ที่เลือกได้"""
Code642_Message#0,"""ไม่พบ block ที่เลือก ยกเลิกการย้าย"""
Code643_Title#0,"""การย้าย Block"""
Code643_Code#0,"""ไม่สามารถย้ายไปยัง block ที่เลือกได้"""
Code643_Message#0,"""เนื่องจากข้อจำกัดของ block คุณจึงไม่สามารถย้ายไปยัง block นั้นได้"""
Code644_Title#0,"""การย้าย Block"""
Code644_Code#0,"""ไม่สามารถย้ายไปยัง block ที่เลือกได้"""
Code644_Message#0,"""เนื่องจากปัญหาของ server/ระบบ คุณจึงไม่สามารถย้ายไปยัง block นั้นได้"""
Code645_Title#0,"""การย้าย Server"""
Code645_Code#0,"""ไม่สามารถย้ายไปยัง server ที่เลือกได้"""
Code645_Message#0,"""server ที่เลือกหนาแน่นเกินไป<br>การย้ายล้มเหลว"""
Code646_Title#0,"""การย้าย Server"""
Code646_Code#0,"""ไม่สามารถย้ายไปยัง server ที่เลือกได้"""
Code646_Message#0,"""ไม่พบ server ที่เลือก<br>การย้ายล้มเหลว"""
Code647_Title#0,"""การย้าย Server"""
Code647_Code#0,"""ไม่สามารถย้ายไปยัง server ที่เลือกได้"""
Code647_Message#0,"""เนื่องจากข้อจำกัดทางฝั่ง server การย้ายจึงล้มเหลว"""
Code648_Title#0,"""การย้าย Server"""
Code648_Code#0,"""ไม่สามารถย้ายไปยัง server ที่เลือกได้"""
Code648_Message#0,"""เนื่องจากปัญหาระบบ คุณจึงไม่สามารถย้ายไปยัง server นี้ได้"""
Code649_Title#0,"""การย้าย Team Room"""
Code649_Code#0,"""ไม่สามารถย้ายไปยัง Team Room ได้"""
Code649_Message#0,"""Server อยู่ระหว่างการปิดปรับปรุง กรุณาตรวจสอบข้อมูลเพิ่มเติมที่เว็บไซต์ทางการ"""
Code650_Title#0,"""การเลือก Team Room"""
Code650_Code#0,"""ไม่สามารถย้ายไปยัง Team Room ได้"""
Code650_Message#0,"""ไม่สามารถย้ายไปยัง Team Room ได้เนื่องจากไม่สามารถ<br>เชื่อมต่อกับ Team Room server ได้<br><br>กรุณาลองใหม่อีกครั้งในภายหลัง"""
Code651_Title#0,"""การเลือก Team Room"""
Code651_Code#0,"""ไม่สามารถย้ายไปยัง Team Room ได้"""
Code651_Message#0,"""คุณไม่สามารถย้ายไปยัง Team Room ได้เนื่องจากคุณไม่ได้อยู่ใน Team กรุณาตรวจสอบข้อมูล Team ของคุณ"""
Code652_Title#0,"""การเลือก Team Room"""
Code652_Code#0,"""ไม่สามารถย้ายไปยัง Team Room ได้"""
Code652_Message#0,"""ไม่สามารถย้ายไปยัง Team Room ได้เนื่องจาก Team ของคุณยังไม่มี Team Room<br>"""
Code653_Title#0,"""การเลือก Team Room"""
Code653_Code#0,"""ไม่สามารถย้ายไปยัง Team Room ได้"""
Code653_Message#0,"""เกิดข้อผิดพลาดในการสื่อสารระหว่างการย้ายไปยัง Team Room กรุณารอสักครู่แล้วลองใหม่อีกครั้ง"""
Code654_Title#0,"""การเลือก Team Room"""
Code654_Code#0,"""ไม่สามารถย้ายไปยัง Team Room ได้"""
Code654_Message#0,"""คุณไม่สามารถย้ายไปยัง Team Room ได้เนื่องจากคุณไม่ใช่ Manager หรือ Team Master"""
Code655_Title#0,"""การเลือก Team Room"""
Code655_Code#0,"""ไม่สามารถย้ายไปยัง Team Room ได้"""
Code655_Message#0,"""Server อยู่ระหว่างการปิดปรับปรุง กรุณาตรวจสอบข้อมูลเพิ่มเติมที่เว็บไซต์ทางการ"""
Code656_Title#0,"""การเลือก Team Room"""
Code656_Code#0,"""ไม่สามารถย้ายไปยัง Team Room ได้"""
Code656_Message#0,"""ไม่พบ Team Room server กรุณาลองใหม่อีกครั้งในภายหลัง"""
Code657_Title#0,"""การเลือก Team Room"""
Code657_Code#0,"""ไม่สามารถย้ายไปยัง Team Room ได้"""
Code657_Message#0,"""ไม่สามารถย้ายไปยัง Team Room นั้นได้เนื่องจากคุณไม่ได้สังกัดอยู่ใน Team กรุณาตรวจสอบข้อมูล Team ของคุณ"""
Code658_Title#0,"""การเลือก Team Room"""
Code658_Code#0,"""ไม่สามารถย้ายไปยัง Team Room ได้"""
Code658_Message#0,"""ไม่สามารถย้ายไปยัง Team Room ได้เนื่องจาก Team ของคุณยังไม่มี Team Room<br>"""
Code659_Title#0,"""การเลือก Team Room"""
Code659_Code#0,"""ไม่สามารถย้ายไปยัง Team Room ได้"""
Code659_Message#0,"""เกิดข้อผิดพลาดในการสื่อสารระหว่างการย้ายไปยัง Team Room กรุณารอสักครู่แล้วลองใหม่อีกครั้ง"""
Code660_Title#0,"""การเลือก Team Room"""
Code660_Code#0,"""ไม่สามารถย้ายไปยัง Team Room ได้"""
Code660_Message#0,"""คุณไม่สามารถย้ายไปยัง Team Room ได้เนื่องจากคุณไม่ใช่ Manager หรือ Team Master"""
Code670_Title#0,"""ข้อความ"""
Code670_Code#0,"""ย้ายไปยัง Creative Space ที่เลือกไม่สำเร็จ"""
Code670_Message#0,"""ย้ายไปยัง Creative Space ที่เลือกไม่สำเร็จเนื่องจากเกิดข้อผิดพลาด"""
Code671_Title#0,"""ข้อความ"""
Code671_Code#0,"""ย้ายไปยัง Creative Space ที่เลือกไม่สำเร็จ"""
Code671_Message#0,"""ไม่พบ Creative Space ที่เลือก"""
Code672_Title#0,"""ข้อความ"""
Code672_Code#0,"""ย้ายไปยัง Creative Space ที่เลือกไม่สำเร็จ"""
Code672_Message#0,"""ไม่สามารถย้ายได้เนื่องจาก Block ปลายทางคนเต็มแล้ว"""
Code673_Title#0,"""ข้อความ"""
Code673_Code#0,"""ย้ายไปยัง Creative Space ที่เลือกไม่สำเร็จ"""
Code673_Message#0,"""ไม่สามารถย้ายไปยัง Creative Space ที่เลือกได้เนื่องจากคนเต็มแล้ว"""
Code674_Title#0,"""ข้อความ"""
Code674_Code#0,"""ย้ายไปยัง Creative Space ที่เลือกไม่สำเร็จ"""
Code674_Message#0,"""คุณไม่สามารถย้ายไปยัง Creative Space ที่เลือกได้ในขณะนี้"""
Code675_Title#0,"""ข้อความ"""
Code675_Code#0,"""ย้ายไปยัง Creative Space ที่เลือกไม่สำเร็จ"""
Code675_Message#0,"""Creative Space นี้ถูกยกเลิกไปแล้ว"""
Code676_Title#0,"""ข้อความ"""
Code676_Code#0,"""ย้ายไปยัง Creative Space ที่เลือกไม่สำเร็จ"""
Code676_Message#0,"""ย้ายไปยัง Creative Space ที่เลือกไม่สำเร็จเนื่องจากเกิดข้อผิดพลาด"""
Code677_Title#0,"""ข้อความ"""
Code677_Code#0,"""ย้ายไปยัง Creative Space ที่เลือกไม่สำเร็จ"""
Code677_Message#0,"""ไม่สามารถย้ายได้เนื่องจากการเช่า Creative Space หมดอายุแล้ว"""
Code678_Title#0,"""ข้อความ"""
Code678_Code#0,"""ย้ายไปยัง Creative Space ที่เลือกไม่สำเร็จ"""
Code678_Message#0,"""ไม่สามารถย้ายได้เนื่องจากการเช่า Creative Space หมดอายุแล้ว"""
Code679_Title#0,"""ข้อความ"""
Code679_Code#0,"""ย้ายไปยัง Creative Space ที่เลือกไม่สำเร็จ"""
Code679_Message#0,"""ขณะนี้เรากำลังประสบปัญหากับฟีเจอร์ที่เลือก<br>และได้ทำการปิดใช้งานชั่วคราวเพื่อตรวจสอบ<br>กรุณาตรวจสอบข้อมูลเพิ่มเติมที่ Player Site"""
Code680_Title#0,"""ข้อความ"""
Code680_Code#0,"""ย้ายไปยัง Creative Space ที่เลือกไม่สำเร็จ"""
Code680_Message#0,"""ย้ายไม่สำเร็จเนื่องจากการตั้งค่าของ Creative Space ที่เลือก"""
Code681_Title#0,"""ข้อความ"""
Code681_Code#0,"""ย้ายไปยัง Creative Space ที่เลือกไม่สำเร็จ"""
Code681_Message#0,"""ย้ายไม่สำเร็จเนื่องจากข้อจำกัดของ Creative Space ที่เลือก"""
Code682_Title#0,"""ข้อความ"""
Code682_Code#0,"""ย้ายไปยัง Creative Space ที่เลือกไม่สำเร็จ"""
Code682_Message#0,"""ย้ายไปยัง Creative Space ที่คุณเลือกแล้ว"""
Code683_Title#0,"""ข้อความ"""
Code683_Code#0,"""ไม่สามารถเริ่มต้น (Initialize) Creative Space ที่เลือกได้"""
Code683_Message#0,"""ไม่สามารถเริ่มต้น (Initialize) Creative Space ได้"""
Code684_Title#0,"""ข้อความ"""
Code684_Code#0,"""ไม่สามารถเปลี่ยนการตั้งค่า Creative Space ที่เลือกได้"""
Code684_Message#0,"""ไม่สามารถเปิดใช้งาน<br>การตั้งค่า crossplay ของ Creative Space ได้"""
Code685_Title#0,"""ข้อความ"""
Code685_Code#0,"""เริ่มต้น (Initialize) Creative Space ที่เลือกแล้ว"""
Code685_Message#0,"""เริ่มต้น (Initialize) Creative Space ที่เลือกแล้ว<br>และ crossplay ถูกปิดใช้งาน"""
Code686_Title#0,"""ข้อความ"""
Code686_Code#0,"""เปลี่ยนการตั้งค่า Creative Space ที่เลือกแล้ว"""
Code686_Message#0,"""เปิดใช้งานการตั้งค่า crossplay<br>ของ Creative Space แล้ว"""
Code687_Title#0,"""ข้อความ"""
Code687_Code#0,"""ไม่สามารถเริ่มต้น (Initialize) Creative Space ที่เลือกได้"""
Code687_Message#0,"""ไม่สามารถเริ่มต้น (Initialize) Creative Space ได้"""
Code700_Title#0,"""การย้าย Block"""
Code700_Code#0,"""ไม่สามารถย้ายไปยัง Block ที่เลือกได้"""
Code700_Message#0,"""คุณสามารถย้ายไปยัง Block นี้ได้เฉพาะเมื่อมี Premium เท่านั้น ยกเลิกการย้าย Block"""
Code701_Title#0,"""การย้าย Block"""
Code701_Code#0,"""ไม่สามารถย้ายไปยัง Block ที่เลือกได้"""
Code701_Message#0,"""คุณไม่สามารถย้ายไปยัง Block นี้บนแพลตฟอร์มระบบของคุณได้"""
Code710_Title#0,"""เนื้อหา Premium Set"""
Code710_Code#0,"""เนื้อหานี้สามารถใช้งานได้เฉพาะสมาชิก Premium เท่านั้น"""
Code710_Message#0,"""หากต้องการซื้อ Premium กรุณาซื้อ 【Premium Set】 ที่ AC Shop ใน Main Menu"""
Code711_Title#0,"""เนื้อหา Premium Set"""
Code711_Code#0,"""Premium Set หมดอายุแล้ว"""
Code711_Message#0,"""Premium Set สำหรับใช้งานเนื้อหานี้หมดอายุแล้ว หากต้องการซื้อ Premium กรุณาซื้อ 【Premium Set】 ที่ AC Shop ใน Main Menu"""
Code712_Title#0,"""AC ไม่เพียงพอ"""
Code712_Code#0,"""คุณมี AC ไม่เพียงพอที่จะใช้งาน<br>ฟีเจอร์นี้"""
Code712_Message#0,"""เพื่อเติม AC (ARKS Cash) ของคุณ กรุณาเลือก 【ซื้อ AC】 ที่ AC Shop ใน Main Menu"""
Code810_Title#0,"""คำเตือน"""
Code810_Code#0,"""มีการร้องเรียนเกี่ยวกับตัวผู้เล่น"""
Code810_Message#0,"""หากคุณไม่สามารถปฏิบัติตัวอย่างเหมาะสมในอนาคต การใช้บริการของคุณอาจตกอยู่ในความเสี่ยง กรุณาอ้างอิงหน้าติดต่อสอบถามของ Phantasy Star Online 2 หากคุณมีข้อสงสัยหรือข้อสอบถามใดๆ"""
Code811_Title#0,"""คำเตือน"""
Code811_Code#0,"""มีการร้องเรียนเกี่ยวกับตัวผู้เล่น"""
Code811_Message#0,"""หากคุณไม่สามารถปฏิบัติตัวอย่างเหมาะสมต่อจากนี้ เราจะยุติการเข้าถึง server ของคุณ กรุณาอ้างอิงหน้าติดต่อสอบถามของ Phantasy Star Online 2 หากคุณมีข้อสงสัยหรือข้อสอบถามใดๆ"""
Code812_Title#0,"""ถูกระงับ (Banned)"""
Code812_Code#0,"""ผู้เล่นรายนี้ถูกระงับการใช้บริการ"""
Code812_Message#0,"""คุณถูกระงับการใช้บริการ - กรุณาอ้างอิงหน้าติดต่อสอบถามของ Phantasy Star Online 2 หากคุณมีข้อสงสัยหรือข้อสอบถามใดๆ"""
Code813_Title#0,"""ถูกระงับ (Banned)"""
Code813_Code#0,"""ผู้เล่นรายนี้ถูกระงับการใช้บริการชั่วคราว"""
Code813_Message#0,"""การเข้าถึง server Phantasy Star Online 2 ของคุณถูกระงับชั่วคราว โดยมีเวลาคงเหลือ %d กรุณาอ้างอิงหน้าติดต่อสอบถามของ Phantasy Star Online 2 หากคุณมีข้อสงสัยหรือข้อสอบถามใดๆ"""
Code814_Title#0,"""ถูกระงับ (Banned)"""
Code814_Code#0,"""ผู้เล่นรายนี้ถูกระงับการใช้บริการ"""
Code814_Message#0,"""คุณถูกระงับการใช้บริการ - กรุณาอ้างอิงหน้าติดต่อสอบถามของ Phantasy Star Online 2 หากคุณมีข้อสงสัยหรือข้อสอบถามใดๆ"""
Code815_Title#0,"""บัญชีถูกจำกัด"""
Code815_Code#0,"""ฟังก์ชันบางอย่างถูกจำกัดในบัญชีนี้"""
Code815_Message#0,"""กรุณาอ้างอิงหน้าติดต่อสอบถามของ Phantasy Star Online 2 หากคุณมีข้อสงสัยหรือข้อสอบถามใดๆ"""
Code911_Title#0,"""ความต้องการของระบบ"""
Code911_Code#0,"""เกิดข้อผิดพลาดที่ไม่คาดคิด"""
Code911_Message#0,"""กรุณาตรวจสอบว่าฮาร์ดแวร์และซอฟต์แวร์ของคุณตรงตามความต้องการของระบบในการเล่น Phantasy Star Online 2 หากคุณมีข้อสงสัยใดๆ กรุณาติดต่อตัวแทนจำหน่าย/ผู้ผลิต PC ของคุณ"""
SignOut_PS4#0,"""ออกจากระบบ PlayStation® Network แล้ว<br>กำลังกลับสู่หน้า Title"""
TokuteiURL#0,"""<&URL pso2_players_support_rule_tokutei>"""
TokuteiURL_v#0,"""<&URL pso2_players_support_rule_tokutei_vita>"""
TokuteiURL_c#0,"""<&URL pso2_players_support_rule_tokutei_cloud>"""
Code661_Title#0,"""การเลือก Team Room"""
Code661_Code#0,"""ไม่สามารถย้ายไปยัง Team Room ได้"""
Code661_Message#0,"""ไม่สามารถย้ายไปยัง Team Room ได้<br>เนื่องจากมีการตั้งค่าข้อจำกัดการเข้าถึงไว้"""
Code662_Title#0,"""การย้าย Server"""
Code662_Code#0,"""ไม่สามารถย้ายไปยัง server ที่เลือกได้"""
Code662_Message#0,"""ไม่สามารถย้าย Server ได้<br>เนื่องจาก Quest ได้เริ่มต้นขึ้นแล้ว"""
Code704_Title#0,"""การย้าย Block"""
Code704_Code#0,"""ไม่สามารถย้ายไปยัง Block ที่เลือกได้"""
Code704_Message#0,"""<yellow>①ได้รับ Title จาก Heaven and Hell<c><br><yellow>②ได้รับ Title จากการตีบวก Weapon ระดับ ★13 ขึ้นไป<br>จนถึง +35 หรือถ้าเป็น [Summoner], เลี้ยง Pet ระดับ ★13<br>จนถึง Lv.120<c><br><yellow>③ได้รับ Title จากการสวมใส่ชุด Unit ระดับ ★12<br>ที่ตีบวกจนถึง +10 แบบครบเซ็ต<c>"""
Code705_Title#0,"""การย้าย Block"""
Code705_Code#0,"""ไม่สามารถย้ายไปยัง Block ที่เลือกได้"""
Code705_Message#0,"""ไม่สามารถย้ายได้<br>เนื่องจากมีสมาชิก Party ที่ไม่สามารถย้ายไปยัง Block ที่เลือกได้"""
Code730_Title#0,"""การย้าย Server"""
Code730_Code#0,"""ไม่สามารถย้ายไปยัง server ที่เลือกได้"""
Code730_Message#0,"""การย้ายล้มเหลวเนื่องจาก server ที่เลือกหนาแน่น"""
Code731_Title#0,"""การย้าย Server"""
Code731_Code#0,"""ไม่สามารถย้ายไปยัง server ที่เลือกได้"""
Code731_Message#0,"""ไม่พบ server ที่เลือก<br>การย้ายล้มเหลว"""
Code732_Title#0,"""การย้าย Server"""
Code732_Code#0,"""ไม่สามารถย้ายไปยัง server ที่เลือกได้"""
Code732_Message#0,"""เนื่องจากข้อจำกัดทางฝั่ง server คุณจึงไม่สามารถย้ายได้"""
Code733_Title#0,"""การย้าย Server"""
Code733_Code#0,"""ไม่สามารถย้ายไปยัง server ที่เลือกได้"""
Code733_Message#0,"""ไม่สามารถย้ายไปยัง server ที่เลือกได้<br>เนื่องจากปัญหาระบบ"""
Self01_01#0,"""Self01_01"""
Self01_02#0,"""Self01_02"""
Self02_01#0,"""Self02_01"""
Self02_02#0,"""Self02_02"""
Ship01_01#0,"""Ship01"""
Ship01_02#0,"""Ship02"""
Ship01#0,"""Ship01"""
Ship02#0,"""Ship02"""
Ship03#0,"""Ship03"""
Ship04#0,"""Ship04"""
Ship05#0,"""Ship05"""
Ship06#0,"""Ship06"""
Ship07#0,"""Ship07"""
Ship08#0,"""Ship08"""
Ship09#0,"""Ship09"""
Ship10#0,"""Ship10"""
Master#0,"""Team Master"""
Manager#0,"""Manager"""
Common#0,"""Common Member"""
Visitor#0,"""Visitor"""
Unknown#0,"""ไม่มี Team"""
LobbyAction_Monomane#0,"""Imitate"""
LobbyAction_Reaction#0,"""Reaction"""
LobbyAction_Greet#0,"""Greet"""
LobbyAction_Wave#0,"""Wave"""
LobbyAction_Bow#0,"""Bow"""
LobbyAction_Salute#0,"""Salute"""
LobbyAction_Yes#0,"""Yes"""
LobbyAction_No#0,"""No"""
LobbyAction_Sorry#0,"""Apologize"""
LobbyAction_Provoke#0,"""Provoke"""
LobbyAction_Praise#0,"""Praise"""
LobbyAction_Kiss#0,"""Kiss"""
LobbyAction_Howareyou#0,"""How are you?"""
LobbyAction_You#0,"""Point"""
LobbyAction_Yell#0,"""Cheer"""
LobbyAction_Guts#0,"""Show fighting spirit"""
LobbyAction_Laugh#0,"""Laugh"""
LobbyAction_Clap#0,"""Applause"""
LobbyAction_Sit1#0,"""Sit 1"""
LobbyAction_Sit2#0,"""Sit 2"""
LobbyAction_Pose1#0,"""Pose 1"""
LobbyAction_Pose2#0,"""Pose 2"""
LobbyAction_Dance1#0,"""Dance 1"""
LobbyAction_Dance2#0,"""Dance 2"""
LobbyAction_darkerblast#0,"""Dark Blast"""
LobbyAction_darkblast2#0,"""Dark Blast 2"""
LobbyAction_darkblast3#0,"""Dark Blast 3"""
LobbyAction_darkblast4#0,"""Dark Blast 4"""
LobbyAction_Liveit#0,"""Leave It To Me!"""
LobbyAction_Deny#0,"""Reluctance"""
LobbyAction_Tired#0,"""Tired"""
LobbyAction_Happy#0,"""Delighted"""
LobbyAction_Angry#0,"""Angry"""
LobbyAction_Sad#0,"""Sad"""
LobbyAction_Fun#0,"""Cheerful"""
LobbyAction_Disgust#0,"""Disgusted"""
LobbyAction_Worry#0,"""Worry"""
LobbyAction_Shy#0,"""Shy"""
LobbyAction_Surprise#0,"""Surprise"""
LobbyAction_Frustrated#0,"""Frustrated"""
LobbyAction_Cry#0,"""Cry"""
LobbyAction_Ball#0,"""Ball"""
LobbyAction_Peep#0,"""Peek"""
LobbyAction_Flag#0,"""Raise Flag"""
LobbyAction_Mdtrn#0,"""Pose 6"""
LobbyAction_Sit3#0,"""Sit 3"""
LobbyAction_mdpose_a1#0,"""Pose 7"""
LobbyAction_mdpose_b1#0,"""Pose 8"""
LobbyAction_yesorno#0,"""O or X"""
LobbyAction_cam#0,"""Camera Action"""
LobbyAction_pray#0,"""Worship"""
LobbyAction_hima#0,"""Stretch"""
LobbyAction_Bed1#0,"""Bed 1"""
LobbyAction_Bed2#0,"""Bed 2"""
LobbyAction_Sexy#0,"""Sexy"""
LobbyAction_Drunk#0,"""Drunk"""
LobbyAction_Pose3#0,"""Pose 3"""
LobbyAction_Pose4#0,"""Pose 4"""
LobbyAction_Pose5#0,"""Pose 5"""
LobbyAction_Proudback#0,"""Back Pride"""
LobbyAction_Proudarm#0,"""Arm Pride"""
LobbyAction_Proudleg#0,"""Leg Pride"""
LobbyAction_Dance3#0,"""Dance 3"""
LobbyAction_Dance4#0,"""Dance 4"""
LobbyAction_Dance5#0,"""Dance 5"""
LobbyAction_Sing#0,"""Sing"""
LobbyAction_Gj#0,"""Good Job"""
LobbyAction_Pleasure#0,"""Unbearable!"""
LobbyAction_Talk#0,"""Inspire"""
LobbyAction_Pains#0,"""Painful"""
LobbyAction_Mc#0,"""Mic Performance"""
LobbyAction_Dance6#0,"""Dance 6"""
LobbyAction_clight1#0,"""Glowstick 1"""
LobbyAction_clight2#0,"""Glowstick 2"""
LobbyAction_clight3#0,"""Glowstick 3"""
LobbyAction_Dance7#0,"""Dance 7"""
LobbyAction_Dance8#0,"""Dance 8"""
LobbyAction_go#0,"""Go!"""
LobbyAction_moji#0,"""Bashful"""
LobbyAction_comic#0,"""Comedy Double Act"""
LobbyAction_present#0,"""Present"""
LobbyAction_water_a#0,"""Splash"""
LobbyAction_water_b#0,"""Splashed"""
LobbyAction_hot#0,"""Hot"""
LobbyAction_kagamu#0,"""Appeal"""
LobbyAction_Dance9#0,"""Dance 9"""
LobbyAction_Dance10#0,"""Dance 10"""
LobbyAction_Dance11#0,"""Dance 11"""
LobbyAction_Dance12#0,"""Dance 12"""
LobbyAction_Sit4#0,"""Sit 4"""
LobbyAction_Sit5#0,"""Sit 5"""
LobbyAction_mdpose_a2#0,"""Fold Arms"""
LobbyAction_mdpose_b2#0,"""Yahoo"""
LobbyAction_mdpose_a3#0,"""Model 1"""
LobbyAction_mdpose_b3#0,"""Model 2"""
LobbyAction_animal#0,"""Animal"""
LobbyAction_taiso#0,"""Warm-Up"""
LobbyAction_boxing#0,"""Boxing"""
LobbyAction_enemy#0,"""Enemy 1"""
LobbyAction_riseki#0,"""Waiting"""
LobbyAction_kick#0,"""Kick"""
LobbyAction_punch#0,"""Hitting"""
LobbyAction_chiba#0,"""Secret Technique"""
LobbyAction_ochokuri#0,"""Tease"""
LobbyAction_kimepose#0,"""Pose 9"""
LobbyAction_mdwalk#0,"""Model Walk"""
LobbyAction_kashige#0,"""Head Tilt"""
LobbyAction_hello2#0,"""Greet 2"""
LobbyAction_aid2#0,"""Cheer 2"""
LobbyAction_pains2#0,"""Curse"""
LobbyAction_chu2#0,"""Pose 10"""
LobbyAction_salute2#0,"""Salute 2"""
LobbyAction_ichitarou#0,"""Ichitaro"""
LobbyAction_enomoto#0,"""Enomoto"""
LobbyAction_symbolP#0,"""Symbol P"""
LobbyAction_symbolS#0,"""Symbol S"""
LobbyAction_symbolO#0,"""Symbol O"""
LobbyAction_symbol2#0,"""Symbol 2"""
LobbyAction_wave2#0,"""Wave 2"""
LobbyAction_bow2#0,"""Bow 2"""
LobbyAction_kanpai#0,"""Toast"""
LobbyAction_sc5#0,"""SC5 Dance"""
LobbyAction_fireworks#0,"""Fireworks"""
LobbyAction_pose11#0,"""Pose 11"""
LobbyAction_pose12#0,"""Banzai"""
LobbyAction_champagne#0,"""Victory"""
LobbyAction_imitateBB#0,"""Air Baseball"""
LobbyAction_fishing#0,"""Fishing"""
LobbyAction_yopparai#0,"""Drunk"""
LobbyAction_enomoto4#0,"""Enomoto 4"""
LobbyAction_virtualon#0,"""Virtual-On"""
LobbyAction_pose13#0,"""Pose 12"""
LobbyAction_kyouki#0,"""Joy"""
LobbyAction_line#0,"""Line"""
LobbyAction_pose14#0,"""Pose 13"""
LobbyAction_halloween#0,"""Treats Please"""
LobbyAction_crash#0,"""Blown Away"""
LobbyAction_cracker#0,"""Cracker"""
LobbyAction_pose15#0,"""Pose 14"""
LobbyAction_massgame1#0,"""Red & Blue Board"""
LobbyAction_massgame2#0,"""Green & Yellow Board"""
LobbyAction_massgame3#0,"""White & Black Board"""
LobbyAction_pose16#0,"""Pose 15"""
LobbyAction_ice#0,"""Snowball Fight"""
LobbyAction_eieio#0,"""Hip Hip Hooray!"""
LobbyAction_kick2#0,"""Kick 2"""
LobbyAction_stylish#0,"""S Jump"""
LobbyAction_symbol0#0,"""Symbol Zero"""
LobbyAction_symbol1#0,"""Symbol 1"""
LobbyAction_symbol3#0,"""Symbol 3"""
LobbyAction_symbol4#0,"""Symbol 4"""
LobbyAction_symbol5#0,"""Symbol 5"""
LobbyAction_symbol6#0,"""Symbol 6"""
LobbyAction_symbol7#0,"""Symbol 7"""
LobbyAction_symbol8#0,"""Symbol 8"""
LobbyAction_symbol9#0,"""Symbol 9"""
LobbyAction_bubble#0,"""Soap Bubbles"""
LobbyAction_enemy2#0,"""Enemy 2"""
LobbyAction_umbrella1#0,"""Air Umbrella"""
LobbyAction_umbrella2#0,"""Real Umbrella"""
LobbyAction_dummy#0,"""dummy"""
LobbyAction_eat#0,"""Eat"""
LobbyAction_pose18#0,"""Pose 17"""
LobbyAction_fear#0,"""Frightened"""
LobbyAction_clean#0,"""Sweeping"""
LobbyAction_virtualon2#0,"""Virtual-On 2"""
LobbyAction_volley#0,"""Beach Volleyball"""
LobbyAction_pose19#0,"""Pose 18"""
LobbyAction_fireworks2#0,"""Fireworks 2"""
LobbyAction_pose20#0,"""Pose 19"""
LobbyAction_freekick#0,"""Free Kick"""
LobbyAction_pose21#0,"""Pose 20"""
LobbyAction_jump#0,"""Hopping"""
LobbyAction_pose22#0,"""Pose 21"""
LobbyAction_aura#0,"""ARKS Pose"""
LobbyAction_surprise2#0,"""Surprise 2"""
LobbyAction_magichat#0,"""Magic Trick"""
LobbyAction_pose23#0,"""Pose 22"""
LobbyAction_Sdogeza#0,"""Somersault Kneel"""
LobbyAction_bow3#0,"""Bow 3"""
LobbyAction_jelly#0,"""Jelly Drink"""
LobbyAction_kouhoutai2#0,"""Fresh Ramen"""
LobbyAction_kouhoutai3#0,"""Airin"""
LobbyAction_airiai#0,"""Air Iai"""
LobbyAction_nekopose#0,"""Cat Pose"""
LobbyAction_kancho#0,"""Butt Poke"""
LobbyAction_bang#0,"""Bang Bang"""
LobbyAction_gravure#0,"""Gravure Pose 2"""
LobbyAction_bouquet#0,"""Bouquet"""
LobbyAction_change#0,"""Awakening"""
LobbyAction_watermelon#0,"""Watermelon Splitting"""
LobbyAction_hug#0,"""Hug"""
LobbyAction_pose24#0,"""Pose 23"""
LobbyAction_janken#0,"""Rock, Paper, Scissors"""
LobbyAction_icchou#0,"""Single Clap"""
LobbyAction_flash#0,"""Inspiration"""
LobbyAction_sulk#0,"""Sulk"""
LobbyAction_gravitydaze#0,"""Gravity Manipulation"""
LobbyAction_pose25#0,"""Pose 24"""
LobbyAction_emiria#0,"""Emilia Pose"""
LobbyAction_beckon#0,"""Beckon"""
LobbyAction_persona5#0,"""Persona 5"""
LobbyAction_stroke#0,"""Stroke"""
LobbyAction_pardon#0,"""Pardon"""
LobbyAction_papercraft#0,"""Paper Airplane"""
LobbyAction_tub#0,"""Washbasin"""
LobbyAction_mock#0,"""Mock"""
LobbyAction_circle#0,"""Huddle"""
LobbyAction_nira#0,"""Automata"""
LobbyAction_tasty#0,"""Tasty"""
LobbyAction_kabuki#0,"""Kabuki"""
LobbyAction_hagibeto#0,"""Mother Cluster 1"""
LobbyAction_orqufull#0,"""Mother Cluster 2"""
LobbyAction_koori#0,"""Mother Cluster 3"""
LobbyAction_fukitobasu#0,"""Blow Off"""
LobbyAction_ghost#0,"""Ghost"""
LobbyAction_hitugipose#0,"""Hitsugi Pose"""
LobbyAction_warpose#0,"""Victory Pose 1"""
LobbyAction_missile#0,"""Missile"""
LobbyAction_pitfall#0,"""Pitfall"""
LobbyAction_swordpose#0,"""Sword Action"""
LobbyAction_dfwarp#0,"""DF Warp"""
LobbyAction_spearpose#0,"""Spear Action"""
LobbyAction_kendama#0,"""Kendama"""
LobbyAction_atorie#0,"""Atelier"""
LobbyAction_dengekipose#0,"""Dengeki Pose"""
LobbyAction_winnerpose2#0,"""Victory Pose 2"""
LobbyAction_mothercluster4#0,"""Mother Cluster 4"""
LobbyAction_mothercluster5#0,"""Mother Cluster 5"""
LobbyAction_deadoralive1#0,"""DOA Victory Pose"""
LobbyAction_deadoralive2#0,"""DOA Combo"""
LobbyAction_magicbookpose#0,"""Magic Book Action"""
LobbyAction_curse2#0,"""Curse 2"""
LobbyAction_swordpose2#0,"""Laconium Sword"""
LobbyAction_hunting#0,"""Hunt"""
LobbyAction_heart#0,"""Make a Heart"""
LobbyAction_magicsword#0,"""Weapon Enchantment"""
LobbyAction_throw#0,"""Bomb"""
LobbyAction_staffpose#0,"""Wand Action"""
LobbyAction_virtualon3#0,"""Virtual-On 3"""
LobbyAction_yuyuyu#0,"""Hero System Activation"""
LobbyAction_chant#0,"""Magic Spell"""
LobbyAction_rezero#0,"""Re:Zero"""
LobbyAction_taikyokuken#0,"""Tai Chi"""
LobbyAction_greatswordpose#0,"""Greatsword Action"""
LobbyAction_acchimuite#0,"""Look That Way"""
LobbyAction_hitouch#0,"""High Five"""
LobbyAction_umbrella3#0,"""Hold Umbrella"""
LobbyAction_peekaboo#0,"""Peek-a-Boo"""
LobbyAction_ninja#0,"""Ninja"""
LobbyAction_luncherpose#0,"""Launcher Action"""
LobbyAction_koiyakan#0,"""Love Kettle"""
LobbyAction_twoshot#0,"""Two-Shot"""
LobbyAction_volcano2#0,"""MHF2"""
LobbyAction_p3colabo#0,"""Persona 3"""
LobbyAction_p4colabo#0,"""Persona 4"""
LobbyAction_danmachi2#0,"""DanMachi 2"""
LobbyAction_ksng2#0,"""KOF2"""
LobbyAction_ksng3#0,"""KOF3"""
LobbyAction_ksng4#0,"""KOF4"""
LobbyAction_sortie3#0,"""Arrival"""
LobbyAction_kono2#0,"""Konosuba 2"""
LobbyAction_kono3#0,"""Konosuba 3"""
LobbyAction_vcpose3#0,"""Victory Pose 3"""
LobbyAction_aurapose#0,"""Raise Ki"""
LobbyAction_slaconium#0,"""S Laconium Sword"""
LobbyAction_zidanda#0,"""Frustrated 2"""
LobbyAction_darkblastpose01#0,"""Transformation Pose 1"""
LobbyAction_handbell_do#0,"""Hand Bell \""Do\"""""
LobbyAction_handbell_re#0,"""Hand Bell \""Re\"""""
LobbyAction_handbell_mi#0,"""Hand Bell \""Mi\"""""
LobbyAction_handbell_fa#0,"""Hand Bell \""Fa\"""""
LobbyAction_handbell_so#0,"""Hand Bell \""So\"""""
LobbyAction_handbell_ra#0,"""Hand Bell \""La\"""""
LobbyAction_handbell_shi#0,"""Hand Bell \""Ti\"""""
LobbyAction_1015kick#0,"""Kick 3"""
LobbyAction_darkblastpose02#0,"""Transformation Pose 2"""
LobbyAction_dnt#0,"""Prosit"""
LobbyAction_1015winnerpose#0,"""Victory Pose 4"""
LobbyAction_phlg#0,"""A.T. Field"""
LobbyAction_summon#0,"""Summon"""
LobbyAction_bubblegumfly#0,"""Bubblegum Flight"""
LobbyAction_futtobu2#0,"""Blown Away 2"""
LobbyAction_mochitsuki#0,"""Pounding Mochi"""
LobbyAction_meteogyu#0,"""Meteor Fist gyu."""
LobbyAction_ykzld#0,"""Battle Skill"""
LobbyAction_october#0,"""Sword Skill"""
LobbyAction_tapdance#0,"""Dance 13"""
LobbyAction_Dance13#0,"""Dance 14"""
LobbyAction_Dance14#0,"""Dance 15"""
LobbyAction_Dance15#0,"""Dance 16"""
LobbyAction_Dance17#0,"""Dance 17"""
LobbyAction_Dance18#0,"""Dance 18"""
LobbyAction_orz#0,"""Despair"""
LobbyAction_kabe#0,"""Lean"""
LobbyAction_house#0,"""Dance 19"""
LobbyAction_momoi#0,"""Momoi"""
LobbyAction_headbanging#0,"""Headbang"""
LobbyAction_backflip#0,"""Backflip"""
LobbyAction_cartwheel#0,"""Cartwheel"""
LobbyAction_squat#0,"""Squat"""
LobbyAction_Dance20#0,"""Dance 20"""
LobbyAction_Dance21#0,"""Dance 21"""
LobbyAction_ichitarou2#0,"""Ichitaro 2"""
LobbyAction_ichitarou3#0,"""Ichitaro 3"""
LobbyAction_enomoto2#0,"""Enomoto 2"""
LobbyAction_enomoto3#0,"""Enomoto 3"""
LobbyAction_sc5_ulala#0,"""SC5 Ulala"""
LobbyAction_talking#0,"""Talking"""
LobbyAction_dance22#0,"""Dance 22"""
LobbyAction_dance23#0,"""Dance 23"""
LobbyAction_ichitaro4#0,"""Ichitaro 4"""
LobbyAction_visphon#0,"""Terminal Operation"""
LobbyAction_koikoi#0,"""Hope"""
LobbyAction_dance24#0,"""Dance 24"""
LobbyAction_dance25#0,"""Dance 25"""
LobbyAction_dance26#0,"""Dance 26"""
LobbyAction_airguitar#0,"""Air Guitar"""
LobbyAction_dance27#0,"""Dance 27"""
LobbyAction_horror#0,"""Horror"""
LobbyAction_dance28#0,"""Dance 28"""
LobbyAction_yuruyuri#0,"""Akkarin"""
LobbyAction_dance29#0,"""Dance 29"""
LobbyAction_dance30#0,"""Dance 30"""
LobbyAction_cold#0,"""Cold"""
LobbyAction_dance31#0,"""Dance 31"""
LobbyAction_dance32#0,"""Dance 32"""
LobbyAction_warm#0,"""Warm"""
LobbyAction_taiki1#0,"""Awaiting Orders"""
LobbyAction_Fwpose#0,"""Criminal Pose"""
LobbyAction_sokuchu#0,"""Sideflip"""
LobbyAction_pose17#0,"""Pose 16"""
LobbyAction_danse33#0,"""Dance 33"""
LobbyAction_fightpose2#0,"""Fighting Pose 2"""
LobbyAction_fightpose1#0,"""Fighting Pose 1"""
LobbyAction_dance34#0,"""Dance 34"""
LobbyAction_dance35#0,"""Dance 35"""
LobbyAction_sing2#0,"""Singer"""
LobbyAction_fan#0,"""Fanning 1"""
LobbyAction_syagam#0,"""Crouch"""
LobbyAction_ bonodo#0,"""ARKS Dance"""
LobbyAction_guruguru#0,"""Running in Circles"""
LobbyAction_fan2#0,"""Fanning 2"""
LobbyAction_furafura#0,"""Dizzy Walk"""
LobbyAction_strech#0,"""Gymnastics"""
LobbyAction_dance36#0,"""Dance 36"""
LobbyAction_float#0,"""Float"""
LobbyAction_sit4#0,"""Sit 4"""
LobbyAction_dance37#0,"""Dance 37"""
LobbyAction_lean2#0,"""Wall Slam"""
LobbyAction_sidestep#0,"""Sidestep Drill"""
LobbyAction_lookout#0,"""Survey"""
LobbyAction_snow2#0,"""Snowball Fight 2"""
LobbyAction_graduate#0,"""Graduation Pose"""
LobbyAction_petal#0,"""Flower Petals"""
LobbyAction_kouhoutai1#0,"""Gravure Pose"""
LobbyAction_kouhoutai4#0,"""Hooray"""
LobbyAction_bigpresent#0,"""Present Box"""
LobbyAction_blanko#0,"""Swing"""
LobbyAction_tobu#0,"""Fly"""
LobbyAction_simpledance#0,"""Unique Step"""
LobbyAction_dislike#0,"""Dislike"""
LobbyAction_catapult#0,"""Sortie"""
LobbyAction_turn#0,"""Surround"""
LobbyAction_boxing2#0,"""Boxing 2"""
LobbyAction_Hyurandance#0,"""Hyur Dance"""
LobbyAction_Miqo'tedance#0,"""Miqo'te Dance"""
LobbyAction_sitdown#0,"""Sit Down"""
LobbyAction_firedans#0,"""Fire Dance"""
LobbyAction_lean3#0,"""Sleepy"""
LobbyAction_airboard#0,"""Air Board"""
LobbyAction_rappymimicry#0,"""Rappies"""
LobbyAction_liveperformance#0,"""Vo Performance"""
LobbyAction_shake#0,"""Sway"""
LobbyAction_cam2#0,"""Camera Action 2"""
LobbyAction_yokoso1#0,"""Encourage 1"""
LobbyAction_yokoso2#0,"""Encourage 2"""
LobbyAction_motherc#0,"""Refined Greeting"""
LobbyAction_hozue#0,"""Rest Head on Hands"""
LobbyAction_dance38#0,"""Dance 38"""
LobbyAction_Gformation#0,"""Gymnastic Formation"""
LobbyAction_drift#0,"""Drift"""
LobbyAction_signboard#0,"""Hold Sign"""
LobbyAction_vivian#0,"""Vivienne Dash"""
LobbyAction_cooking#0,"""Cooking"""
LobbyAction_flightform#0,"""Flight Form"""
LobbyAction_teatime#0,"""Tea Party"""
LobbyAction_famitu#0,"""Read Famitsu"""
LobbyAction_console2#0,"""Terminal 2"""
LobbyAction_snowplay#0,"""Play in the Snow"""
LobbyAction_dance39#0,"""Dance 39"""
LobbyAction_shimamura#0,"""PR Pose"""
LobbyAction_liveperformance2#0,"""Vo Performance 2"""
LobbyAction_dance40#0,"""Dance 40"""
LobbyAction_dance41#0,"""Dance 42"""
LobbyAction_dance42#0,"""Dance 43"""
LobbyAction_dance43#0,"""Dance 41"""
LobbyAction_dance44#0,"""Dance 44"""
LobbyAction_gunaction#0,"""Gun Action"""
LobbyAction_hagito#0,"""Hagith Phemut"""
LobbyAction_stscoter#0,"""Upright Scooter"""
LobbyAction_ippuku#0,"""Ochaya Anywhere"""
LobbyAction_waiting2#0,"""Waiting 2"""
LobbyAction_kumite#0,"""Freestyle Sparring"""
LobbyAction_refuse#0,"""Sliding Movement"""
LobbyAction_winnerdance#0,"""Winner Dance"""
LobbyAction_watering#0,"""Watering"""
LobbyAction_waitpose1#0,"""Waiting 3"""
LobbyAction_beastdush#0,"""Move on All Fours"""
LobbyAction_dance45#0,"""Dance 45"""
LobbyAction_playcat#0,"""Play With Cat"""
LobbyAction_liveperformance3#0,"""Vo Performance 3"""
LobbyAction_loserpose#0,"""[Loser] Pose"""
LobbyAction_ski#0,"""Ski"""
LobbyAction_syachihoko#0,"""Shachihoko"""
LobbyAction_flyingbase#0,"""Flying Base"""
LobbyAction_lookup#0,"""Look Up"""
LobbyAction_repair#0,"""Repair"""
LobbyAction_dance46#0,"""ARKS Dance 2"""
LobbyAction_swimming#0,"""Swim"""
LobbyAction_surfing#0,"""Surfing"""
LobbyAction_konamon#0,"""Flour Cooking"""
LobbyAction_heropose#0,"""Hero Pose"""
LobbyAction_dontaku#0,"""Dontaku"""
LobbyAction_rappyballoon#0,"""Rappy Balloon"""
LobbyAction_icecream#0,"""Eat Ice Cream"""
LobbyAction_qunapose#0,"""Quna Pose"""
LobbyAction_liveperformance4#0,"""Vo Performance 4"""
LobbyAction_polldance#0,"""Pole Dance"""
LobbyAction_cameraappeal#0,"""Camera Appeal"""
LobbyAction_pizza#0,"""Pizza-la"""
LobbyAction_swimming2#0,"""Pool Play"""
LobbyAction_dance46_2#0,"""Dance 46"""
LobbyAction_kasakasa#0,"""Crab Walk"""
LobbyAction_reachingout#0,"""Hold Hands"""
LobbyAction_hangedman#0,"""Suspended"""
LobbyAction_wiping#0,"""Dust Cloth"""
LobbyAction_pumpkin#0,"""Pumpkin"""
LobbyAction_trafficcontrol#0,"""Traffic Control"""
LobbyAction_warp#0,"""Teleport"""
LobbyAction_dance47#0,"""Dance 47"""
LobbyAction_waiting4#0,"""Waiting 4"""
LobbyAction_waiting5#0,"""Waiting 5"""
LobbyAction_punk#0,"""Crazy"""
LobbyAction_bodybuild#0,"""Bodybuilding"""
LobbyAction_waiting6#0,"""Waiting 6"""
LobbyAction_takoage#0,"""Fly Kite"""
LobbyAction_winnerdance2#0,"""Winner Dance 2"""
LobbyAction_xierapose#0,"""Xiera Pose"""
LobbyAction_bbq#0,"""Barbecue"""
LobbyAction_dance48#0,"""Dance 48"""
LobbyAction_shoji#0,"""Paper Door"""
LobbyAction_dance49#0,"""Dance 49"""
LobbyAction_norinori#0,"""High Spirits"""
LobbyAction_dance50#0,"""Dance 50"""
LobbyAction_alisapose#0,"""Alisa Pose"""
LobbyAction_headwash#0,"""Wash Your Head"""
LobbyAction_waiting7#0,"""Waiting 7"""
LobbyAction_rhythm#0,"""Rhythm"""
LobbyAction_psnovapose1#0,"""Nova Pose 1"""
LobbyAction_psnovapose2#0,"""Nova Pose 2"""
LobbyAction_dance51#0,"""Dance 51"""
LobbyAction_rapper#0,"""Rap"""
LobbyAction_pose26#0,"""PR Pose 2"""
LobbyAction_voperformance5#0,"""Vo Performance 5"""
LobbyAction_tcg#0,"""VR Card Game"""
LobbyAction_maromero#0,"""Maron & Melon"""
LobbyAction_hopscotch#0,"""Hopscotch"""
LobbyAction_zenmeditation#0,"""Zen Meditation"""
LobbyAction_halo#0,"""Backlight"""
LobbyAction_soullost#0,"""Die"""
LobbyAction_dance53#0,"""Dance 52"""
LobbyAction_henchiranchi#0,"""Henchi/Ranchi"""
LobbyAction_umbrelladance#0,"""Umbrella Dance"""
LobbyAction_cowboy#0,"""Cowboy Shooting"""
LobbyAction_yuishaku#0,"""Yui & Shaku"""
LobbyAction_p3dance1#0,"""P3D Dance 1"""
LobbyAction_p3dance2#0,"""P3D Dance 2"""
LobbyAction_p3dance3#0,"""P3D Dance 3"""
LobbyAction_p5dance1#0,"""P5D Dance 1"""
LobbyAction_p5dance2#0,"""P5D Dance 2"""
LobbyAction_p5dance3#0,"""P5D Dance 3"""
LobbyAction_swimming2tr#0,"""Swim 2"""
LobbyAction_yuishaku2#0,"""Yui & Shaku 2"""
LobbyAction_yuishaku3#0,"""Yui & Shaku 3"""
LobbyAction_beatless#0,"""BEATLESS"""
LobbyAction_weddingpose#0,"""Wedding Pose"""
LobbyAction_virginroad#0,"""Wedding Aisle"""
LobbyAction_sit5#0,"""Sit 5"""
LobbyAction_dance54#0,"""Dance 53"""
LobbyAction_henchiranchi2#0,"""Henchi/Ranchi 2"""
LobbyAction_drunkenfist#0,"""Drunken Master"""
LobbyAction_espose#0,"""Marine Pose"""
LobbyAction_voperformance7#0,"""Vo Performance 6"""
LobbyAction_ermirpose#0,"""Elmir Pose"""
LobbyAction_margaretapose#0,"""Margareta Pose"""
LobbyAction_flyingbase2#0,"""Flying Base 2"""
LobbyAction_weaponoidpose1#0,"""Weaponoid Pose 1"""
LobbyAction_weaponoidpose2#0,"""Weaponoid Pose 2"""
LobbyAction_jyudenkun#0,"""Charger-kun"""
LobbyAction_flowpose#0,"""Flo & Frau Pose"""
LobbyAction_bukikamae#0,"""Weapon Pose"""
LobbyAction_weaponoidpose3#0,"""Weaponoid Pose 3"""
LobbyAction_weaponoidpose4#0,"""Weaponoid Pose 4"""
LobbyAction_burasagaru#0,"""Hanging"""
LobbyAction_butakimu#0,"""Eat Butakim"""
LobbyAction_suwadance#0,"""Suwa Dance"""
LobbyAction_chairdance#0,"""Chair Dance"""
LobbyAction_siriusu#0,"""Uly/Stella"""
LobbyAction_maruipose#0,"""Marui Pose"""
LobbyAction_volcano#0,"""MHF1"""
LobbyAction_638dance#0,"""Dance 54"""
LobbyAction_simpledanse#0,"""Dance 55"""
LobbyAction_candle#0,"""Light"""
LobbyAction_tabledance#0,"""Table Dance"""
LobbyAction_voperformance6#0,"""Vo Performance 7"""
LobbyAction_636voperformance#0,"""Vo Performance 8"""
LobbyAction_637voperformance#0,"""Vo Performance 9"""
LobbyAction_sealandfree#0,"""Seal & Release"""
LobbyAction_kkpose#0,"""First Gen CC Pose 1"""
LobbyAction_kkpose2#0,"""First Gen CC Pose 2"""
LobbyAction_wolfatossapose#0,"""Wolf & Atossa"""
LobbyAction_wasabeaf#0,"""Eat Wasabeef"""
LobbyAction_648prpose#0,"""Sweets Paradise Pose"""
LobbyAction_almapose#0,"""Alma Pose"""
LobbyAction_almaball#0,"""Alma Ball"""
LobbyAction_ashikumi#0,"""Cross Legs"""
LobbyAction_0514dance4#0,"""Get Attention"""
LobbyAction_nijidoro#0,"""Get Rainbow Drop"""
LobbyAction_rounddance#0,"""Dance 56"""
LobbyAction_danboul#0,"""Cardboard Box"""
LobbyAction_danmachi#0,"""DanMachi 1"""
LobbyAction_birthday#0,"""Birthday"""
LobbyAction_valentine#0,"""Valentine"""
LobbyAction_taruasobi#0,"""Play Barrel"""
LobbyAction_ksng#0,"""KOF1"""
LobbyAction_prpose2#0,"""VV Cushion"""
LobbyAction_sakura#0,"""Watch Cherry Blossoms"""
LobbyAction_yumomi#0,"""Yumomi"""
LobbyAction_477sit#0,"""Sit 6"""
LobbyAction_0725dance#0,"""Dance 57"""
LobbyAction_rrnn1#0,"""Nanoha Pose"""
LobbyAction_rrnn2#0,"""Fate Pose"""
LobbyAction_rrnn3#0,"""Hayate Pose"""
LobbyAction_kantopose#0,"""Kanto Specialty"""
LobbyAction_psnikomi#0,"""Pusoni Character Pose"""
LobbyAction_psnikomi2#0,"""Ichika & Tetra Pose"""
LobbyAction_nagoyapose#0,"""Nagoya Specialty"""
LobbyAction_sapporopose#0,"""Sapporo Specialty"""
LobbyAction_phantom#0,"""Phantom Pose"""
LobbyAction_656pose#0,"""Lean Pose"""
LobbyAction_dadakone#0,"""Tantrum"""
LobbyAction_katanapose#0,"""Katana Pose"""
LobbyAction_kono1#0,"""Konosuba 1"""
LobbyAction_fukuokapose#0,"""Fukuoka Specialty"""
LobbyAction_xiaopose#0,"""Xiao Pose"""
LobbyAction_jumppose#0,"""Flying Pose"""
LobbyAction_falldown#0,"""Falling Act"""
LobbyAction_regiuspose#0,"""Regius Pose"""
LobbyAction_mariapose#0,"""Maria Pose"""
LobbyAction_harrietpose#0,"""Harriet Pose"""
LobbyAction_rain#0,"""Rainfall"""
LobbyAction_gunpose#0,"""Assault Rifle Pose"""
LobbyAction_kansaipose#0,"""Kobe Specialty"""
LobbyAction_ep4dance7#0,"""Dance 58"""
LobbyAction_mgr#0,"""Merry-go-round"""
LobbyAction_tmachinegun#0,"""T. Machinegun Pose"""
LobbyAction_bananaboat#0,"""Banana Boat"""
LobbyAction_stratospose#0,"""Stratos Pose"""
LobbyAction_lawson#0,"""Lawson Sign"""
LobbyAction_696bed#0,"""Bed 3"""
LobbyAction_698hiza#0,"""Kneeling"""
LobbyAction_756weaponoidpose#0,"""Weaponoid Pose 7"""
LobbyAction_photoncircle#0,"""Photon Circle"""
LobbyAction_752psnikomi#0,"""Pusoni End Card"""
LobbyAction_755weaponoidpose#0,"""Weaponoid Pose 6"""
LobbyAction_754weaponoidpose#0,"""Weaponoid Pose 5"""
LobbyAction_rodpose#0,"""Rod Pose"""
LobbyAction_699qunapose#0,"""Quna Pose 2"""
LobbyAction_risapose#0,"""Lisa Pose"""
LobbyAction_dice#0,"""Throw Dice"""
LobbyAction_730sitdown#0,"""Sit Down 2"""
LobbyAction_allfire#0,"""Full Salvo"""
LobbyAction_matoipose#0,"""Matoi Pose 1"""
LobbyAction_771matoivielpose#0,"""Matoi Pose 2"""
LobbyAction_772matoivielpose#0,"""Matoi Pose 3"""
LobbyAction_twindaggerpose#0,"""Twin Dagger Pose"""
LobbyAction_766sit#0,"""Sit 7"""
LobbyAction_perrier#0,"""Drink Perrier"""
LobbyAction_talispose#0,"""Talis Pose"""
LobbyAction_775idolapose#0,"""Idola Chara Pose 1"""
LobbyAction_776idolapose#0,"""Idola Chara Pose 2"""
LobbyAction_idolachannel#0,"""Idola Channel"""
LobbyAction_jasperrosa#0,"""Jasper/Rosa"""
LobbyAction_774swordpose#0,"""Sword Pose"""
LobbyAction_tsuntsun#0,"""Poke Poke"""
LobbyAction_812sukunahime#0,"""Sukuna-hime Pose 1"""
LobbyAction_813sukunahime#0,"""Sukuna-hime Pose 2"""
LobbyAction_828sukunahime#0,"""Sukuna-hime Pose 3"""
LobbyAction_timecheck#0,"""Check Time"""
LobbyAction_komamawashi#0,"""Spinning Top"""
LobbyAction_labomikuji#0,"""Fortune"""
LobbyAction_doublesaberpose#0,"""Double Saber Pose"""
LobbyAction_genocide#0,"""Zonde/Cage"""
LobbyAction_765genocide#0,"""Barta/Statue"""
LobbyAction_wandpose#0,"""Wand Pose"""
LobbyAction_seesnow#0,"""Snow Gazing"""
LobbyAction_yukiasobi#0,"""Snow Play 2"""
LobbyAction_795na#0,"""Festival"""
LobbyAction_814na#0,"""XB"""
LobbyAction_815na#0,"""OX"""
LobbyAction_816na#0,"""Sonic/Tails"""
LobbyAction_fanservice#0,"""Fanservice"""
LobbyAction_dualbladepose#0,"""Dual Blades Pose"""
LobbyAction_launcherpose#0,"""Launcher Pose"""
LobbyAction_rideon#0,"""Ride"""
LobbyAction_wiredlancepose#0,"""Wired Lance Pose"""
LobbyAction_officechair#0,"""Office Chair"""
LobbyAction_etoilepose#0,"""Etoile Pose"""
LobbyAction_787secondkkpose#0,"""2nd Gen. CC Pose"""
LobbyAction_zenopose#0,"""Zeno Pose"""
LobbyAction_788thirdkkpose#0,"""3rd Gen. CC Pose"""
LobbyAction_811animepose#0,"""EP Oracle 1"""
LobbyAction_830animepose#0,"""EP Oracle 2"""
LobbyAction_pillowpose#0,"""Body Pillow"""
LobbyAction_taktpose#0,"""Takt Pose"""
LobbyAction_eggrace#0,"""Egg Race"""
LobbyAction_partizanpose#0,"""Partizan Pose"""
LobbyAction_762picnic#0,"""Impromptu Picnic 1"""
LobbyAction_831animepose#0,"""EP Oracle 3"""
LobbyAction_holaf#0,"""Khorshid & Akhtar"""
LobbyAction_jene#0,"""Gene Pose"""
LobbyAction_836clockpose#0,"""Clock Pose"""
LobbyAction_knuckle#0,"""Knuckle Pose"""
LobbyAction_825console#0,"""Terminal 3"""
LobbyAction_819dance#0,"""Dance 59"""
LobbyAction_gunslashpose#0,"""Gunslash Pose"""
LobbyAction_teacup#0,"""Teacup"""
LobbyAction_tarzan#0,"""Athletic"""
LobbyAction_760psnikomi#0,"""Zect & Mitarashi"""
LobbyAction_832animepose#0,"""EP Oracle 4"""
LobbyAction_849animepose#0,"""EP Oracle 5"""
LobbyAction_donpose#0,"""PW x PSO2"""
LobbyAction_851donpose#0,"""PR Pose 3"""
LobbyAction_848voperformance#0,"""Vo Performance 10"""
LobbyAction_ashpose#0,"""EP Oracle Communication"""
LobbyAction_etph#0,"""Et & Ph"""
LobbyAction_bbowpose#0,"""Bullet Bow Pose"""
LobbyAction_sliding#0,"""Sliding"""
LobbyAction_jbootspose#0,"""Jet Boots Pose"""
LobbyAction_wpswd01#0,"""Sword/Partizan"""
LobbyAction_arukas#0,"""New Sakura Wars A"""
LobbyAction_868arukas#0,"""New Sakura Wars B"""
LobbyAction_sparkler#0,"""Sparklers"""
LobbyAction_dance52#0,"""Dance 60"""
LobbyAction_syagami#0,"""Crouch 2"""
LobbyAction_hizadati2#0,"""Kneeling 2"""
LobbyAction_876picnic#0,"""Impromptu Picnic 2"""
LobbyAction_rfllncaction#0,"""Rifle/Launcher"""
LobbyAction_874weaponoid#0,"""Weaponoid Pose 8"""
LobbyAction_875weaponoid#0,"""Weaponoid Pose 9"""
LobbyAction_879xibapose#0,"""Shiva Pose 1"""
LobbyAction_varuna#0,"""Varuna Pose"""
LobbyAction_880xibapose#0,"""Shiva Pose 2"""
LobbyAction_grd#0,"""Gridman"""
LobbyAction_campmk#0,"""Camp"""
LobbyAction_sortie5#0,"""Arrival 2"""
LobbyAction_katoripose#0,"""Katori Pose"""
LobbyAction_euclitapose#0,"""Euclida Pose"""
LobbyAction_898effpose#0,"""Magic Pose 1"""
LobbyAction_899effpose#0,"""Magic Pose 2"""
LobbyAction_658effectpose#0,"""Magic Pose 3"""
LobbyAction_aikapose#0,"""Aika Pose"""
LobbyAction_itsukirina#0,"""Itsuki/Rina Pose"""
LobbyAction_885hitsugi#0,"""Hitsugi Pose 2"""
LobbyAction_rodtls#0,"""Rod/Talis"""
LobbyAction_556poseneta#0,"""PR Pose 4"""
LobbyAction_850clockpose#0,"""Clock Pose 2"""
LobbyAction_rodfly#0,"""Broomstick Flight"""
LobbyAction_udekumi#0,"""Fold Arms 2"""
LobbyAction_kgr#0,"""Senran Kagura"""
LobbyAction_dagknu#0,"""Knuckles/T Daggers"""
LobbyAction_tmggth#0,"""TMG/Gunslash"""
LobbyAction_sitirin#0,"""Shichirin"""
LobbyAction_888stratos#0,"""Stratos Pose 2"""
LobbyAction_889stratos#0,"""Stratos Pose 3"""
LobbyAction_890kyokuya#0,"""Kyokuya Pose 1"""
LobbyAction_891kyokuya#0,"""Kyokuya Pose 2"""
LobbyAction_863oracle#0,"""EP Oracle 6"""
LobbyAction_892rukot#0,"""Lucotte Pose 1"""
LobbyAction_817steam#0,"""Headcrab"""
LobbyAction_893rukot#0,"""Lucotte Pose 2"""
LobbyAction_894rukot#0,"""Lucotte Pose 3"""
LobbyAction_idoramatoi#0,"""Idola Matoi Pose"""
LobbyAction_toutobu#0,"""Respect"""
LobbyAction_thanksgivingday#0,"""Turkey"""
LobbyAction_kotatsu#0,"""Relax 1"""
LobbyAction_464relax#0,"""Relax 2"""
LobbyAction_dsawlc#0,"""D Saber/W Lance"""
LobbyAction_lusterpose#0,"""Luster Pose"""
LobbyAction_wndtkt#0,"""Wand/Takt"""
LobbyAction_oden#0,"""Oden"""
LobbyAction_dbljbt#0,"""Dual Blades/Jet Boots"""
LobbyAction_ktnbow#0,"""Katana/Bullet Bow"""
LobbyAction_rodeo#0,"""Rodeo Pose 1"""
LobbyAction_rodeo2#0,"""Rodeo Pose 2"""
LobbyAction_clawmachine#0,"""UFO Catcher"""
LobbyAction_6posefireice#0,"""Elements: Fire & Ice"""
LobbyAction_6posewinthun#0,"""Elements: Lightning & Wind"""
LobbyAction_6poselightdark#0,"""Elements: Dark & Light"""
LobbyAction_thief#0,"""Phantom Thief"""
LobbyAction_setsumei#0,"""Explain"""
LobbyAction_spider#0,"""Spider"""
LobbyAction_awadate#0,"""Lather"""
LobbyAction_kobushipose#0,"""Fist Pose"""
LobbyAction_ushipose#0,"""Moo Moo Pose"""
LobbyAction_goodpose#0,"""Good Pose"""
LobbyAction_nakayoshi#0,"""Close Friends Pose"""
LobbyAction_1yubipose#0,"""One Pose"""
LobbyAction_koyubipose#0,"""Pinky Pose"""
LobbyAction_heartpose#0,"""Heart Pose"""
LobbyAction_bakyunpose#0,"""Bang Bang Pose"""
LobbyAction_909vocaldance#0,"""Diva Motion 1"""
LobbyAction_910vocaldance#0,"""Diva Motion 2"""
LobbyAction_911vocaldance#0,"""Diva Motion 3"""
LobbyAction_932vocaldance#0,"""Diva Motion 4"""
LobbyAction_2yubipose#0,"""Two Pose"""
LobbyAction_0309jumppose#0,"""Jump Pose"""
LobbyAction_hitonakapose#0,"""Two-Finger Pose"""
LobbyAction_airquotes#0,"""Air Quotes"""
LobbyAction_maloiksign#0,"""Rock Sign"""
LobbyAction_kamenpose#0,"""[Persona] Pose"""
LobbyAction_935prpose#0,"""PR Pose 5"""
LobbyAction_933sonictails#0,"""Sonic/Tails 2"""
LobbyAction_sitpiece#0,"""Crouch 3"""
LobbyAction_threepose#0,"""Three Pose"""
LobbyAction_heropose2#0,"""Hero Pose+"""
LobbyAction_phantom2#0,"""Phantom Pose+"""
LobbyAction_966dance#0,"""Vo Performance 11"""
LobbyAction_fourpose#0,"""Four Pose"""
LobbyAction_943cheerup#0,"""Encourage"""
LobbyAction_950aisatsu#0,"""Deep Bow"""
LobbyAction_hello2re#0,"""Greet 2+"""
LobbyAction_rabbitdance#0,"""Rabbit Pyon"""
LobbyAction_944look#0,"""View Palm"""
LobbyAction_972performance#0,"""Vo Performance 12"""
LobbyAction_hinadan#0,"""Bleachers"""
LobbyAction_fivepose#0,"""Five Pose"""
LobbyAction_graffiti#0,"""Graffiti"""
LobbyAction_953sonkei#0,"""Bow 4"""
LobbyAction_947sit#0,"""Sit 8"""
LobbyAction_954hurue#0,"""Looming Terror"""
LobbyAction_icecreamre#0,"""Eat Ice Cream+"""
LobbyAction_2000ice#0,"""Eat Ice Cream 2"""
LobbyAction_2001ice#0,"""Eat Ice Cream 3"""
LobbyAction_2045dance#0,"""Dance 61"""
LobbyAction_parasolpose#0,"""Parasol"""
LobbyAction_summeritempose#0,"""Enjoy Summer"""
LobbyAction_musclepose#0,"""Muscle Pose"""
LobbyAction_913catpose#0,"""Fox Pose"""
LobbyAction_otukimi#0,"""Otsukimi"""
LobbyAction_2044dance#0,"""Dance 62"""
LobbyAction_912handcam#0,"""Finger Frame"""
LobbyAction_949sit#0,"""Sit 9"""
LobbyAction_fingersnapping#0,"""Finger Snap"""
LobbyAction_955cook#0,"""Cooking 2"""
LobbyAction_465kobushi#0,"""Persevere"""
LobbyAction_2017hang#0,"""Hang 2"""
LobbyAction_920yubipose#0,"""Gather 'Round"""
LobbyAction_subject#0,"""Imprisoned"""
LobbyAction_2006syagamu#0,"""Crouch 4"""
LobbyAction_yakiimo#0,"""Roasted Sweet Potato"""
LobbyAction_oteage#0,"""Overwhelmed"""
LobbyAction_2105dance#0,"""Dance 63"""
LobbyAction_967sonictails#0,"""Sonic/Tails 3"""
LobbyAction_pccollabo#0,"""Intel"""
LobbyAction_956tyouhatsu#0,"""Provoke 2"""
LobbyAction_redyarn#0,"""Red String"""
LobbyAction_2097redyarn#0,"""Red String 2"""
LobbyAction_positioning#0,"""Positioning"""
LobbyAction_2123dance#0,"""Dance 64"""
LobbyAction_2051cold#0,"""Cold 2"""
LobbyAction_2052yukiasobi#0,"""Snow Play 3"""
LobbyAction_948sit#0,"""Sit 10"""
LobbyAction_ozouni#0,"""Eat Ozoni"""
LobbyAction_gaow#0,"""Tiger Pose"""
LobbyAction_2066ninja#0,"""Ninja 2"""
LobbyAction_tyabudai#0,"""Chabudai"""
LobbyAction_tatami#0,"""Tatami"""
LobbyAction_commemorative#0,"""Commemorative Photo"""
LobbyAction_2130dance#0,"""Dance 65"""
LobbyAction_braverpose#0,"""Braver Pose"""
LobbyAction_icehockey#0,"""Ice Hockey"""
LobbyAction_bouncer#0,"""Bouncer Pose"""
LobbyAction_prologue#0,"""[NGS] Pose"""
LobbyAction_fingerdance#0,"""NO BORDER."""
LobbyAction_2132heartpose#0,"""Heart Pose 2"""
LobbyAction_pourtea#0,"""Pour Tea"""
LobbyAction_2078service#0,"""Service/Relax"""
LobbyAction_skyama#0,"""Flash Yamada Pose"""
LobbyAction_2144dance#0,"""Dance 66"""
LobbyAction_aircombat#0,"""Air Combat"""
LobbyAction_2133heartpose#0,"""Heart Pose 3"""
LobbyAction_2145dance#0,"""Dance 67"""
LobbyAction_2079shooting#0,"""Horizontal Shooting"""
LobbyAction_2007bed#0,"""Bed 4"""
LobbyAction_2141prpose#0,"""PR Pose 6"""
LobbyAction_2083withbird#0,"""Play with Bird"""
LobbyAction_2084withbird#0,"""Play with Bird 2"""
LobbyAction_2085withbird#0,"""Play with Bird 3"""
LobbyAction_2081rouleau#0,"""Scroll"""
LobbyAction_2170rouleau#0,"""Scroll 2"""
LobbyAction_ashiokipose#0,"""Lifted Foot"""
LobbyAction_2089airchair#0,"""Air Sit"""
LobbyAction_2151dance#0,"""Dance 68"""
LobbyAction_2080hiding#0,"""Hide"""
LobbyAction_2152dance#0,"""Dance 69"""
LobbyAction_hitugiposere#0,"""Hitsugi Pose+"""
LobbyAction_2142nldance#0,"""Nadereh Live"""
LobbyAction_2143nldance#0,"""Nadereh Live 2"""
LobbyAction_2153nldance#0,"""Nadereh Live 3"""
LobbyAction_2154prpose#0,"""PR Pose 7"""
LobbyAction_gunactionre#0,"""Gun Pose+"""
LobbyAction_spearposere#0,"""Spear Pose+"""
LobbyAction_boxingre#0,"""Boxing+"""
LobbyAction_remakeup#0,"""Makeup"""
LobbyAction_souvenirphoto#0,"""Trick Photo Pose"""
LobbyAction_himedakko#0,"""Princess Carry"""
LobbyAction_2135korpokkur#0,"""Korpokkur"""
LobbyAction_2136korpokkur#0,"""Korpokkur 2"""
LobbyAction_moonstarsit#0,"""Celestial Sit"""
LobbyAction_katanacare#0,"""Weapon Maintenance"""
LobbyAction_muscletraining#0,"""Muscle Training"""
LobbyAction_abdominal#0,"""Sit-ups"""
LobbyAction_greatswordposere#0,"""Greatsword Pose+"""
LobbyAction_jankenre#0,"""Rock Paper Scissors+"""
LobbyAction_fanservicere#0,"""Fanservice+"""
LobbyAction_lnpose#0,"""Lenovo"""
LobbyAction_2169lc#0,"""Eat Roll Cake"""
LobbyAction_watersidepose#0,"""Beach Chair Seat"""
LobbyAction_dive#0,"""Dive"""
LobbyAction_2058makefire#0,"""Rekindle Fire"""
LobbyAction_summonerpose#0,"""Waker Pose"""
LobbyAction_hotaru#0,"""Firefly Watching"""
LobbyAction_2181dance#0,"""Vo Performance 13"""
LobbyAction_sktpose#0,"""Tokyo Skytree x NGS"""
LobbyAction_mbbattle#0,"""Melty Blood: Battle Start"""
LobbyAction_2202mbbattle#0,"""Melty Blood: Battle Start 2"""
LobbyAction_2198mbpanel#0,"""Arcueid/Ciel"""
LobbyAction_2199mbpanel#0,"""Shiki Tohno/Akiha Tohno"""
LobbyAction_bartender#0,"""Bartender"""
LobbyAction_2030shakeoff#0,"""Weapon Stance"""
LobbyAction_blind#0,"""Blinds Peeking"""
LobbyAction_2160preparation#0,"""Battle Preparation"""
LobbyAction_selfmainte#0,"""Self-Maintenance"""
LobbyAction_ovl#0,"""Overlord"""
LobbyAction_2155silhouette#0,"""Silhouette Pose"""
LobbyAction_2205phone#0,"""Smartphone"""
LobbyAction_posing#0,"""Fast Posing"""
LobbyAction_logout#0,"""Logout"""
LobbyAction_2189hug#0,"""Hug 2"""
LobbyAction_nademof#0,"""Rappy & Me"""
LobbyAction_magicbookposere#0,"""Magic Book Action+"""
LobbyAction_layinglap#0,"""Lap Pillow"""
LobbyAction_2158aircombat#0,"""Aerial Battle 2"""
LobbyAction_money#0,"""Money Stack"""
LobbyAction_2208preparation#0,"""Battle Preparation 2"""
LobbyAction_ridinganimal#0,"""Animal Vehicle"""
LobbyAction_2064meal#0,"""Eat Meal"""
LobbyAction_2209preparation#0,"""Battle Preparation 3"""
LobbyAction_throne#0,"""Sit Upon Throne"""
LobbyAction_guncare#0,"""Weapon Maintenance 2"""
LobbyAction_2166spotlight#0,"""Spotlight"""
LobbyAction_stonestatue#0,"""Art Pose"""
LobbyAction_2180sit#0,"""Crossed Leg Floating"""
LobbyAction_2179nakayoshi#0,"""Two-Shot Pose"""
LobbyAction_2226curry#0,"""100 Hours Curry"""
LobbyAction_2227violin#0,"""Play Violin"""
LobbyAction_2159aircombat#0,"""Aerial Battle 3"""
LobbyAction_dokodemofuro#0,"""Bathtime Anywhere"""
LobbyAction_2090airchair#0,"""Air Sit 2"""
LobbyAction_cafepose#0,"""Coffee Break"""
LobbyAction_cat#0,"""Become Cat"""
LobbyAction_hat#0,"""Hold Hat"""
LobbyAction_sandplay#0,"""Sand Play"""
LobbyAction_commander#0,"""Command"""
LobbyAction_2229slayer#0,"""Slayer Pose"""
LobbyAction_2228prpose#0,"""PR Pose 8"""
LobbyAction_plushdoll#0,"""Rappy Plush"""
LobbyAction_pikohan#0,"""Picot Hammer"""
LobbyAction_shellbed#0,"""Shell Bed"""
LobbyAction_greatjoy#0,"""Joy 2"""
LobbyAction_2235prpose#0,"""PR Pose 9"""
LobbyAction_pose22re#0,"""Pose 22+"""
LobbyAction_knucklere#0,"""Knuckles Pose+"""
LobbyAction_aiaigasa#0,"""Shared Umbrella"""
LobbyAction_handkissing#0,"""Kiss Hand"""
LobbyAction_1885hitsugire#0,"""Hitsugi Pose 2+"""
LobbyAction_2096yorikakaru#0,"""Lean 2"""
LobbyAction_aogusit#0,"""Sit & Fan"""
LobbyAction_1015winnerposere#0,"""Victory Pose 4+"""
LobbyAction_2028prpose#0,"""PR Pose 10"""
LobbyAction_2246ospose#0,"""Ai Signature Pose"""
LobbyAction_866etph#0,"""Battle Preparation 4"""
LobbyAction_peekaboore#0,"""Peek-a-Boo+"""
LobbyAction_2264dnkpose#0,"""Donki x NGS Towel"""
LobbyAction_2262iseojpose3#0,"""UfAW: Sword Skills"""
LobbyAction_2263iseojdance#0,"""UfAW: Opening"""
LobbyAction_2259dance#0,"""Dance 70"""
LobbyAction_2167spotlight#0,"""Spotlight 2"""
LobbyAction_anemia#0,"""倒れ込む"""
LobbyAction_2233spg#0,"""SPRIGGAN"""
LobbyAction_warposere#0,"""Victory Pose 1+"""
LobbyAction_winnerpose2re#0,"""Victory Pose 2+"""
LobbyAction_realgorilla#0,"""Gorilla Time"""
LobbyAction_2031shakeoff#0,"""Weapon Stance 2"""
LobbyAction_2244fagpose#0,"""Flying Base 3"""
LobbyAction_2245fagpose#0,"""Flying Base 4"""
LobbyAction_2265tachikoma#0,"""Tachikoma"""
LobbyAction_2270signb1#0,"""Sign B"""
LobbyAction_lawsonre#0,"""Lawson Sign+"""
LobbyAction_2272dance#0,"""Vo Performance 14"""
LobbyAction_2271fujikyupose#0,"""Fuji Q x NGS"""
LobbyAction_2293reading#0,"""Read Book"""
LobbyAction_2294centralgirl#0,"""CENTRAL!"""
LobbyAction_2274present#0,"""Gift Box"""
LobbyAction_2275chimneypose#0,"""Chimney"""
LobbyAction_2277kimonopose#0,"""JP Clothes Standby 2"""
LobbyAction_2279wahukudow#0,"""JP Clothes Greeting"""
LobbyAction_2286jumppose#0,"""Jump Pose 2"""
LobbyAction_tapdancere#0,"""Dance 13+"""
LobbyAction_kimeposere#0,"""Pose 9+"""
LobbyAction_2249jaanpose#0,"""Flaunt"""
LobbyAction_7meridia#0,"""The Seven Deadly Sins: Sword Skills"""
LobbyAction_7erihor#0,"""The Seven Deadly Sins: Hawk & Me"""
LobbyAction_2283onehandpose#0,"""Breakdance Freeze"""
LobbyAction_2295showhand#0,"""Show hands"""
LobbyAction_2305vivapaella#0,"""Eat Paella"""
LobbyAction_2267idorapause3#0,"""Idola Character Pose 3"""
LobbyAction_2268idorapause4#0,"""Idola Character Pose 4"""
LobbyAction_2307ppn#0,"""Mugen no Kiseki"""
LobbyAction_2276roundpose#0,"""Hold Up Board"""
LobbyAction_2291haveflowers#0,"""Hold Flowers"""
LobbyAction_2298kimepose#0,"""Action Hero Pose"""
LobbyAction_katazun#0,"""Shoulder Rest"""
LobbyAction_patting#0,"""Head Pat"""
LobbyAction_ichitaro_nekoposere#0,"""Cat Pose+"""
LobbyAction_bodybuildre#0,"""Bodybuilding+"""
LobbyAction_kamae#0,"""Fighting Pose 3"""
LobbyAction_2280effbeam#0,"""Eye Beams"""
LobbyAction_2342kimepose2#0,"""Action Hero Pose 2"""
LobbyAction_2343kimepose3#0,"""Action Hero Pose 3"""
LobbyAction_2278umbrella2#0,"""Bangasa Pose"""
LobbyAction_2288handinhand2#0,"""Hold Hands"""
LobbyAction_2309sword#0,"""Weapon Display Pose"""
LobbyAction_2310rifle#0,"""Weapon Display Pose 2"""
LobbyAction_2317dance#0,"""Dance 71"""
LobbyAction_2292handmagic#0,"""Amazing Magic"""
LobbyAction_eioure#0,"""Hip Hip Hooray!+"""
LobbyAction_ichitaro_kouhou4re#0,"""Hooray+"""
LobbyAction_820pose#0,"""Pose 25"""
LobbyAction_2319atelier#0,"""Ryza's Synthesis"""
LobbyAction_2308nuigurumi#0,"""Big Bear"""
LobbyAction_2287balletpose#0,"""Ballet Pose"""
LobbyAction_913catposerev#0,"""Fox Pose Rev"""
LobbyAction_aircombatrev#0,"""Aerial Battle Rev"""
LobbyAction_watersideposer#0,"""Beach Chair Seat Rev"""
LobbyAction_nakayoshirev#0,"""Close Friends Pose Rev"""
LobbyAction_heartposerev#0,"""Heart Pose Rev"""
LobbyAction_summonerposerev#0,"""Waker Pose Rev"""
LobbyAction_2179nakayoshirev#0,"""Two Shot Pose Rev"""
LobbyAction_944lookrev#0,"""View Palm Rev"""
LobbyAction_2158aircombatrev#0,"""Aerial Battle  2 Rev"""
LobbyAction_thronerev#0,"""Sit Upon Throne Rev"""
LobbyAction_2132heartposerev#0,"""Heart Pose 2 Rev"""
LobbyAction_braverposerev#0,"""Braver Pose Rev"""
LobbyAction_2159aircombatrev#0,"""Aerial Battle 3 Rev"""
LobbyAction_rodposerev#0,"""Rod Pose Rev"""
LobbyAction_2096yorikakarurev#0,"""Lean 2 Rev"""
LobbyAction_2089airchairrev#0,"""Air Sit Rev"""
LobbyAction_mdposeb2rev#0,"""Yahoo Rev"""
LobbyAction_kashigerev#0,"""Head Tilt Rev"""
LobbyAction_waiting5rev#0,"""Waiting 5 Rev"""
LobbyAction_3019sitrev#0,"""Sit 4 Rev"""
LobbyAction_liveperformancerev#0,"""Vo Performance Rev"""
LobbyAction_556posenetarev#0,"""PR Pose 4 Rev"""
LobbyAction_1yubiposerev#0,"""One Pose Rev"""
LobbyAction_2yubiposerev#0,"""Two Pose Rev"""
LobbyAction_threeposerev#0,"""Three Pose Rev"""
LobbyAction_fourposerev#0,"""Four Pose Rev"""
LobbyAction_fiveposerev#0,"""Five Pose Rev"""
LobbyAction_730sitdownrev#0,"""Sit Down 2 Rev"""
LobbyAction_muscleposerev#0,"""Muscle Pose Rev"""
LobbyAction_waiting6rev#0,"""Waiting 6 Rev"""
LobbyAction_subjectcolor#0,"""Captive/B"""
LobbyAction_almaballmver#0,"""Ride Holoball"""
LobbyAction_parasolposerev#0,"""Parasol Rev"""
LobbyAction_parasolposecolor#0,"""Parasol/B"""
LobbyAction_parasolposecr#0,"""Parasol Rev/B"""
LobbyAction_shellbedcolor#0,"""Shell Bed/B"""
LobbyAction_moonstarsitcolor#0,"""Celestial Sit/B"""
LobbyAction_2000icemver#0,"""Eat Ice Cream 2/B"""
LobbyAction_campmkcolor#0,"""Camp/B"""
LobbyAction_teatimemver#0,"""Tea Party/B"""
LobbyAction_logoutcolor#0,"""Logout/B"""
LobbyAction_tatamicolor#0,"""Tatami/B"""
LobbyAction_watersideposem#0,"""Beach Chair Seat/B"""
LobbyAction_watersideposemr#0,"""Beach Chair Seat Rev/B"""
LobbyAction_polldancecolor#0,"""Pole Dance/B"""
LobbyAction_ippukumvercolor#0,"""Ochaya Anywhere/B"""
LobbyAction_2330knuckle#0,"""武器反映ポーズ3"""
LobbyAction_2329boots#0,"""武器反映ポーズ4"""
LobbyAction_2334shower#0,"""シャワーを浴びる"""
LobbyAction_2336twoshot#0,"""ツーショットポーズ2"""
LobbyAction_2321dark#0,"""コードギアス"""
LobbyAction_2323floatring#0,"""プール遊び2"""
LobbyAction_2332beachchair#0,"""ビーチチェアに座る2"""
LobbyAction_attihoire#0,"""アッチ向いてホイ＋"""
LobbyAction_rapperre#0,"""ラッパー＋"""
LobbyAction_2297barrier#0,"""バリアを張る"""
LobbyAction_2322shadow#0,"""陰の実力者になりたくて！"""
LobbyAction_holdknees#0,"""座る１１"""
LobbyAction_victory#0,"""トロフィーを掲げる"""
LobbyAction_duelrate#0,"""ラインストライク"""
LobbyAction_2281deckbrush#0,"""デッキブラシ"""
LobbyAction_2353sf#0,"""シャングリラ・フロンティア"""
LobbyAction_2354sf#0,"""シャングリラ・フロンティア2"""
LobbyAction_2355sf#0,"""シャングリラ・フロンティア3"""
LobbyAction_2311machinegun#0,"""武器反映ポーズ5"""
LobbyAction_2328bow#0,"""武器反映ポーズ6"""
LobbyAction_washingback#0,"""背中を洗う"""
LobbyAction_2300help#0,"""抱きかかえる"""
LobbyAction_furadancere#0,"""ダンス５３＋"""
LobbyAction_dadakonere#0,"""ダダをこねる＋"""
LobbyAction_2347crawling#0,"""ハイハイ"""
LobbyAction_2366hachi#0,"""怪獣８号ポーズ"""
LobbyAction_2367hachi#0,"""怪獣８号ポーズ2"""
LobbyAction_2337together#0,"""なかよしポーズ2"""
LobbyAction_2331catpose#0,"""ネコポーズ2"""
LobbyAction_2289defoliation#0,"""落ち葉あそび"""
LobbyAction_sansannana#0,"""三三七拍子"""
LobbyAction_2269cheerleader#0,"""チアリーダー"""
LobbyAction_2350launcher#0,"""武器反映ポーズ7"""
LobbyAction_2314blade#0,"""武器反映ポーズ8"""
LobbyAction_2379fagpose#0,"""フライングベース５"""
LobbyAction_2345pairspose#0,"""なかよしポーズ3"""
LobbyAction_2378dance#0,"""ダンス７２"""
LobbyAction_2380idr#0,"""イドラキャラポーズ５"""
LobbyAction_2386mbbattle#0,"""メルティブラッド：戦闘開始3"""
LobbyAction_2387mbbattle#0,"""メルティブラッド：戦闘開始4"""
LobbyAction_schoolchair#0,"""学校の椅子"""
LobbyAction_2351comical#0,"""コミカルポーズ"""
LobbyAction_2312katana#0,"""武器反映ポーズ9"""
LobbyAction_2357rod#0,"""武器反映ポーズ10"""
LobbyAction_2320elf#0,"""葬送のフリーレン"""
LobbyAction_clightre#0,"""ライトを振る１＋"""
LobbyAction_dancezre#0,"""ダンス２８＋"""
LobbyAction_2360sleeppose#0,"""寝返り"""
LobbyAction_2301hang#0,"""腕にぶら下がる"""
LobbyAction_2388magicbook#0,"""超電磁砲/ヨハネのペン"""
LobbyAction_2389magicbook#0,"""幻想殺し"""
LobbyAction_2371snow#0,"""雪だるま"""
LobbyAction_2376coffeebreak#0,"""コーヒーブレイク2"""
LobbyAction_bottleflipping#0,"""ボトルフリップ"""
LobbyAction_2390dance#0,"""ダンス７３"""
LobbyAction_turnbye#0,"""手を振る３"""
LobbyAction_2361longsofa#0,"""ソファに座る"""
LobbyAction_takaraduka01#0,"""エレガントポーズ"""
LobbyAction_2234prpose#0,"""ＰＲポーズ１１"""
LobbyAction_2400central#0,"""せんとらるっ！2"""
LobbyAction_2391sgpose#0,"""SEGAロゴ"""
LobbyAction_trafficclear#0,"""交通整理2"""
LobbyAction_bikou#0,"""尾行"""
LobbyAction_kumitere#0,"""組手＋"""
LobbyAction_bbqre#0,"""バーベキュー＋"""
LobbyAction_2363rolling#0,"""転がる"""
LobbyAction_hideshot#0,"""隠れ撃ち"""
LobbyAction_standmic#0,"""スタンドマイク"""
LobbyAction_2382takt#0,"""武器反映ポーズ11"""
LobbyAction_2377partisan#0,"""武器反映ポーズ12"""
LobbyAction_2402slime#0,"""転生したらスライムだった件"""
LobbyAction_2403slime#0,"""転生したらスライムだった件2"""
LobbyAction_2404slime#0,"""転生したらスライムだった件3"""
LobbyAction_swordstop#0,"""白刃取り"""
LobbyAction_2383daggers#0,"""武器反映ポーズ13"""
LobbyAction_2407cheers#0,"""乾杯2"""
LobbyAction_2422dance#0,"""ダンス７４"""
LobbyAction_2423akn#0,"""アルカナディア"""
LobbyAction_2424akn#0,"""アルカナディア2"""
LobbyAction_2425akn#0,"""アルカナディア3"""
LobbyAction_2426akn#0,"""アルカナディア4"""
LobbyAction_2392handpose#0,"""フォトポーズ"""
LobbyAction_2409model#0,"""モデル３"""
LobbyAction_2298kimeposerev#0,"""アクションヒーローポーズRev"""
LobbyAction_2342kimepose2rev#0,"""アクションヒーローポーズ2Rev"""
LobbyAction_2343kimepose3rev#0,"""アクションヒーローポーズ3Rev"""
LobbyAction_2287balletposer#0,"""バレエポーズRev"""
LobbyAction_2308nuigurumirev#0,"""大きなクマグルミRev"""
LobbyAction_2044dancerev#0,"""ダンス６２Rev"""
LobbyAction_2105dancerev#0,"""ダンス６３Rev"""
LobbyAction_2130dancerev#0,"""ダンス６５Rev"""
LobbyAction_2317dancerev#0,"""ダンス７１Rev"""
LobbyAction_2309swordrev#0,"""武器反映ポーズRev"""
LobbyAction_2310riflerev#0,"""武器反映ポーズ2Rev"""
LobbyAction_pattingrev#0,"""頭ポンポンRev"""
LobbyAction_2283bdfposer#0,"""ブレイクダンスフリーズRev"""
LobbyAction_2274presentrev#0,"""ギフトボックスRev"""
LobbyAction_2030shakeoffrev#0,"""武器を構えるRev"""
LobbyAction_2031shakeoffrev#0,"""武器を構える2Rev"""
LobbyAction_2167spotlightrev#0,"""スポットライト2Rev"""
LobbyAction_866etphrev#0,"""戦闘準備4Rev"""
LobbyAction_2235prposerev#0,"""ＰＲポーズ９Rev"""
LobbyAction_2028prposerev#0,"""ＰＲポーズ１０Rev"""
LobbyAction_2180sitrev#0,"""足組み浮遊Rev"""
LobbyAction_posingrev#0,"""高速ポージングRev"""
LobbyAction_2155silhouettev#0,"""シルエットポーズRev"""
LobbyAction_920yubiposerev#0,"""この指とまれRev"""
LobbyAction_953sonkeirev#0,"""礼４Rev"""
LobbyAction_2331catposerev#0,"""ネコポーズ2Rev"""
LobbyAction_2311machinegunr#0,"""武器反映ポーズ5Rev"""
LobbyAction_2328bowrev#0,"""武器反映ポーズ6Rev"""
LobbyAction_2275chimneyposec#0,"""煙突/B"""
LobbyAction_plushdollmver#0,"""サニィぬいぐるみ"""
LobbyAction_2269cheerleaderc#0,"""チアリーダー/B"""
LobbyAction_kasare#0,"""リアル傘＋"""
LobbyAction_pains2re#0,"""呪い＋"""
LobbyAction_2419kabedon#0,"""壁ドン2"""
LobbyAction_2412smartphone#0,"""スマートフォン2"""
LobbyAction_2393handinhand#0,"""手をつなぐ2"""
LobbyAction_2405gunslashes#0,"""武器反映ポーズ14"""
LobbyAction_2421looks#0,"""身だしなみを整える"""
LobbyAction_2430cpose#0,"""ウーシューポーズ"""
LobbyAction_2418reston#0,"""よりかかる3"""
LobbyAction_2428atelier#0,"""ユミアのアトリエ：ポーズ"""
LobbyAction_2429atelier#0,"""ユミアのアトリエ：ポーズ2"""
LobbyAction_fairydance#0,"""チルノのパーフェクトさんすう教室"""
LobbyAction_loserposere#0,"""【敗者】ポーズ＋"""
LobbyAction_879xibaposere#0,"""シバポーズ１＋"""
LobbyAction_2435sgpose#0,"""SEGAロゴ2"""
LobbyAction_2436qlpose#0,"""ギルティプリンセス"""
LobbyAction_2437qlpose#0,"""ギルティプリンセス2"""
LobbyAction_2438qlpose#0,"""ギルティプリンセス3"""
LobbyAction_2433hiza#0,"""膝立ち３"""
LobbyAction_linepose#0,"""一緒にポーズ"""
LobbyAction_2410cheekrest#0,"""ほおづえ2"""
LobbyAction_breath#0,"""吹く"""
LobbyAction_cosleeping#0,"""添い寝"""
LobbyAction_tablehand#0,"""机に手をつく"""
LobbyAction_cutecat#0,"""猫を撫でる"""
LobbyAction_2453danceset#0,"""ダンスセット"""
LobbyAction_2395dsabers#0,"""武器反映ポーズ15"""
LobbyAction_2381talis#0,"""武器反映ポーズ16"""
LobbyAction_2454espose#0,"""『PSO2es』ポーズ"""
LobbyAction_henchiranchire#0,"""編知／乱知＋"""
LobbyAction_mdposea3re#0,"""モデル１＋"""
LobbyAction_mdposeb3re#0,"""モデル２＋"""
LobbyAction_hardhit#0,"""強打"""
LobbyAction_2362longsofa#0,"""ソファに座る2"""
LobbyAction_2447model#0,"""モデル４"""
LobbyAction_2413bathtime#0,"""どこでもバスタイム2"""
LobbyAction_2461relax#0,"""くつろぐ３"""
LobbyAction_2442sit#0,"""座る１２"""
LobbyAction_2452handpose#0,"""フォトポーズ2"""
LobbyAction_2468weaponoid#0,"""ウェポノイドポーズ１０"""
LobbyAction_weaponoid01re#0,"""ウェポノイドポーズ１＋"""
LobbyAction_weaponoid02re#0,"""ウェポノイドポーズ２＋"""
LobbyAction_2313wand#0,"""武器反映ポーズ17"""
LobbyAction_2459twinpose#0,"""抱きつきポーズ"""
LobbyAction_2481koto#0,"""皇巫アマテラスポーズ"""
LobbyAction_2482koto#0,"""PUNI☆MOFUポーズ"""
LobbyAction_waiter#0,"""ホールスタッフポーズ"""
LobbyAction_drink#0,"""コーヒーブレイク3"""
LobbyAction_2464twinpose#0,"""背中合わせポーズ"""
LobbyAction_acrobatics#0,"""アクロバティック"""
LobbyAction_study#0,"""勉強"""
LobbyAction_2449barrier#0,"""バリアを張る2"""
LobbyAction_2446hiza#0,"""膝立ち４"""
LobbyAction_2406wlances#0,"""武器反映ポーズ18"""
LobbyAction_2394handinhand#0,"""手をつなぐ3"""
LobbyAction_2475umbrella#0,"""番傘ポーズ2"""
LobbyAction_2505central#0,"""せんとらるっ！3"""
LobbyAction_suwaritaikire#0,"""座る５＋"""
LobbyAction_flagre#0,"""掲げる＋"""
LobbyAction_2417muscle#0,"""筋トレ2"""
LobbyAction_2431sit#0,"""椅子に座る"""
LobbyAction_2503danceset#0,"""ダンスセット2"""
LobbyAction_2504weaponoid#0,"""ウェポノイドポーズ１１"""
LobbyAction_weaponoid03re#0,"""ウェポノイドポーズ３＋"""
LobbyAction_weaponoid04re#0,"""ウェポノイドポーズ４＋"""
LobbyAction_mechanic#0,"""整備"""
LobbyAction_sidehold#0,"""小脇に抱える"""
LobbyAction_2470weaponact#0,"""武器回し"""
LobbyAction_2443sit#0,"""座る１３"""
LobbyAction_2483idola#0,"""イドラキャラポーズ６"""
LobbyAction_2484idola#0,"""イドラキャラポーズ７"""
LobbyAction_2506idoladance#0,"""スターライトディーヴァ"""
LobbyAction_2507idoladance#0,"""ツインスターディーヴァ"""
LobbyAction_2508idoladance#0,"""コズミックディーヴァ"""
LobbyAction_fgoo#0,"""Fist"""
LobbyAction_foyayubi#0,"""Thumb"""
LobbyAction_fhitosashi#0,"""Index Finger"""
LobbyAction_fkoyubi#0,"""Pinky"""
LobbyAction_fhitooyastand#0,"""Letter L"""
LobbyAction_fhitonakakagi#0,"""Claw"""
LobbyAction_fhitonakaopen#0,"""Peace"""
LobbyAction_fhitonakastand#0,"""Letter U"""
LobbyAction_fhitooyaawase#0,"""Pinch"""
LobbyAction_fhinakuopen#0,"""Letter W"""
LobbyAction_fhinakustand#0,"""Three Fingers"""
LobbyAction_fnahiostand#0,"""Three Fingers 2"""
LobbyAction_fkitsune#0,"""Fox"""
LobbyAction_foyakoyustand#0,"""Aloha"""
LobbyAction_fhitokostand#0,"""Rock Out"""
LobbyAction_fhitooyacross#0,"""Finger Heart"""
LobbyAction_fkagitsume#0,"""Claw 2"""
LobbyAction_2119goo#0,"""Fist 2"""
LobbyAction_2120handopen#0,"""Spread"""
LobbyAction_2121handopen#0,"""Spread 2"""
LobbyAction_2122oyayubi#0,"""Thumb 2"""
LobbyAction_2124goo#0,"""Fist 3"""
LobbyAction_2125handopen#0,"""Spread 3"""
LobbyAction_2126handopen#0,"""Spread 4"""
LobbyAction_2127koyubi#0,"""Pinky 2"""
LobbyAction_nekohand#0,"""Cat Paw"""
LobbyAction_2147goo#0,"""Fist 4"""
LobbyAction_2148handopen#0,"""Spread 5"""
LobbyAction_2149handopen#0,"""Spread 6"""
LobbyAction_2150koyubi#0,"""Pinky 3"""
LobbyAction_wakiwaki#0,"""Flex"""
LobbyAction_2184fopenclose#0,"""Flex 2"""
LobbyAction_2185yubifurifb#0,"""Wiggle Index"""
LobbyAction_2186yubifurilr#0,"""Wiggle Index 2"""
LobbyAction_2193fopenclose#0,"""Flex 3"""
LobbyAction_2194handkuikui#0,"""Flex 4"""
LobbyAction_2195koyubi#0,"""Pinky 4"""
LobbyAction_2196nigiru#0,"""Grasp"""
LobbyAction_kanihand#0,"""Scissors"""
LobbyAction_ftalkfox#0,"""Fox 2"""
LobbyAction_2201handopen#0,"""Spread 7"""
LobbyAction_handhalfopen#0,"""Loose Grip"""
LobbyAction_2212nigiru#0,"""Grasp 2"""
LobbyAction_2213airquotes#0,"""Finger Quotes"""
LobbyAction_2214fopenclose#0,"""Flex 5"""
LobbyAction_2215bosatsu#0,"""Loose Grip 2"""
LobbyAction_girlpiece#0,"""Peace 2"""
LobbyAction_ufinger#0,"""Letter U 2"""
LobbyAction_fingercross#0,"""Cross Fingers"""
LobbyAction_2241piece#0,"""Loose Peace"""
LobbyAction_2242handopen#0,"""Spread 8"""
LobbyAction_2258anomalyhand#0,"""Signature Pose"""
LobbyAction_2273handdown#0,"""Spread 9"""
LobbyAction_2315halfopen#0,"""Loose Grip 3"""
LobbyAction_2318foxfinger#0,"""Loose Grip 4"""
LobbyAction_2352handopen#0,"""Signature Pose 2"""
LobbyAction_2370lshape#0,"""Letter L 2"""
LobbyAction_2427threemage#0,"""三本指3"""
LobbyAction_2467tsumamu#0,"""つまむ2"""
LobbyAction_2502indexfinger#0,"""人差し指2"""
LobbyAction_Pchair_viri#0,"""Photon Chair (Viridia)"""
LobbyAction_Pchair_green#0,"""Photon Chair (Greenill)"""
LobbyAction_Pchair_sky#0,"""Photon Chair (Skyly)"""
LobbyAction_Pchair_blue#0,"""Photon Chair (Bluefull)"""
LobbyAction_Pchair_purple#0,"""Photon Chair (Purplenum)"""
LobbyAction_Pchair_pink#0,"""Photon Chair (Pinkal)"""
LobbyAction_Pchair_red#0,"""Photon Chair (Redria)"""
LobbyAction_Pchair_oran#0,"""Photon Chair (Oran)"""
LobbyAction_Pchair_yellow#0,"""Photon Chair (Yellowboze)"""
LobbyAction_Pchair_whiti#0,"""Photon Chair (Whitill)"""
LobbyAction_Pchair_gold#0,"""Photon Chair (Gold)"""
LobbyAction_Pchair_black#0,"""Photon Chair (Black)"""
LobbyAction_Pchair_rappy#0,"""Photon Chair (Rappy)"""
LobbyActionCategory_99#0,"""Lobby Actions: Favorited"""
LobbyActionCategory_1#0,"""Lobby Actions: Basic"""
LobbyActionCategory_4#0,"""Lobby Action: Additional 1"""
LobbyActionCategory_5#0,"""Lobby Action: Additional 2"""
LobbyActionCategory_6#0,"""Lobby Action: Additional 3"""
LobbyActionCategory_7#0,"""Lobby Action: Additional 4"""
LobbyActionCategory_8#0,"""Lobby Action: Additional 5"""
LobbyActionCategory_9#0,"""Lobby Action: Additional 6"""
LobbyActionCategory_10#0,"""Lobby Action: Additional 7"""
LobbyActionCategory_11#0,"""Lobby Action: Additional 8"""
LobbyActionCategory_12#0,"""Lobby Action: Additional 9"""
LobbyActionCategory_13#0,"""Lobby Action: Additional 10"""
LobbyActionCategory_14#0,"""Lobby Action: Additional 11"""
LobbyActionCategory_15#0,"""Lobby Action: Additional 12"""
LobbyActionCategory_16#0,"""Lobby Action: Additional 13"""
LobbyActionCategory_17#0,"""Lobby Action: Additional 14"""
LobbyActionCategory_18#0,"""Lobby Action: Additional 15"""
LobbyActionCategory_34#0,"""Lobby Action: Additional 16"""
LobbyActionCategory_36#0,"""Lobby Action: Additional 17"""
LobbyActionCategory_38#0,"""Lobby Action: Additional 18"""
LobbyActionCategory_39#0,"""Lobby Action: Additional 19"""
LobbyActionCategory_41#0,"""Lobby Action: Additional 20"""
LobbyActionCategory_43#0,"""Lobby Action: Additional 21"""
LobbyActionCategory_19#0,"""Lobby Action: Pose 1"""
LobbyActionCategory_20#0,"""Lobby Action: Pose 2"""
LobbyActionCategory_21#0,"""Lobby Action: Pose 3"""
LobbyActionCategory_22#0,"""Lobby Action: Pose 4"""
LobbyActionCategory_35#0,"""Lobby Action: Pose 5"""
LobbyActionCategory_45#0,"""Lobby Action: Pose 6"""
LobbyActionCategory_23#0,"""Lobby Action: NPC Pose 1"""
LobbyActionCategory_24#0,"""Lobby Action: NPC Pose 2"""
LobbyActionCategory_25#0,"""Lobby Action: NPC Pose 3"""
LobbyActionCategory_26#0,"""Lobby Action: NPC Pose 4"""
LobbyActionCategory_40#0,"""Lobby Action: Weapon Pose 1"""
LobbyActionCategory_27#0,"""Lobby Action: Performance 1"""
LobbyActionCategory_28#0,"""Lobby Action: Performance 2"""
LobbyActionCategory_29#0,"""Lobby Action: Performance 3"""
LobbyActionCategory_30#0,"""Lobby Action: Performance 4"""
LobbyActionCategory_31#0,"""Lobby Action: Collab 1"""
LobbyActionCategory_32#0,"""Lobby Action: Collab 2"""
LobbyActionCategory_33#0,"""Lobby Action: Collab 3"""
LobbyActionCategory_37#0,"""Lobby Action: Collab 4"""
LobbyActionCategory_42#0,"""Lobby Action: Collab 5"""
LobbyActionCategory_44#0,"""Lobby Action: Collab 6"""
LobbyActionCategory_2#0,"""Lobby Action: Human Letters"""
LobbyActionCategory_3#0,"""Photon Chair"""
LobbyAction_MonomanePayAction#0,"""จำเป็นต้องใช้ ticket ที่เกี่ยวข้อง เพื่อใช้งาน Lobby Action นี้"""
LobbyActionCategoryTab_99#0,"""0. Favorited"""
LobbyActionCategoryTab_0#0,"""1. แสดงทั้งหมด"""
LobbyActionCategoryTab_1#0,"""$(0). Basic"""
LobbyActionCategoryTab_4#0,"""$(0). Additional 1"""
LobbyActionCategoryTab_5#0,"""$(0). Additional 2"""
LobbyActionCategoryTab_6#0,"""$(0). Additional 3"""
LobbyActionCategoryTab_7#0,"""$(0). Additional 4"""
LobbyActionCategoryTab_8#0,"""$(0). Additional 5"""
LobbyActionCategoryTab_9#0,"""$(0). Additional 6"""
LobbyActionCategoryTab_10#0,"""$(0). Additional 7"""
LobbyActionCategoryTab_11#0,"""$(0). Additional 8"""
LobbyActionCategoryTab_12#0,"""$(0). Additional 9"""
LobbyActionCategoryTab_13#0,"""$(0). Additional 10"""
LobbyActionCategoryTab_14#0,"""$(0). Additional 11"""
LobbyActionCategoryTab_15#0,"""$(0). Additional 12"""
LobbyActionCategoryTab_16#0,"""$(0). Additional 13"""
LobbyActionCategoryTab_17#0,"""$(0). Additional 14"""
LobbyActionCategoryTab_18#0,"""$(0). Additional 15"""
LobbyActionCategoryTab_34#0,"""$(0). Additional 16"""
LobbyActionCategoryTab_36#0,"""$(0). Additional 17"""
LobbyActionCategoryTab_38#0,"""$(0). Additional 18"""
LobbyActionCategoryTab_39#0,"""$(0). Additional 19"""
LobbyActionCategoryTab_41#0,"""$(0). Additional 20"""
LobbyActionCategoryTab_43#0,"""$(0). Additional 21"""
LobbyActionCategoryTab_19#0,"""$(0). Pose 1"""
LobbyActionCategoryTab_20#0,"""$(0). Pose 2"""
LobbyActionCategoryTab_21#0,"""$(0). Pose 3"""
LobbyActionCategoryTab_22#0,"""$(0). Pose 4"""
LobbyActionCategoryTab_35#0,"""$(0). Pose 5"""
LobbyActionCategoryTab_45#0,"""$(0). Pose 6"""
LobbyActionCategoryTab_23#0,"""$(0). NPC Pose 1"""
LobbyActionCategoryTab_24#0,"""$(0). NPC Pose 2"""
LobbyActionCategoryTab_25#0,"""$(0). NPC Pose 3"""
LobbyActionCategoryTab_26#0,"""$(0). NPC Pose 4"""
LobbyActionCategoryTab_40#0,"""$(0). Weapon Pose 1"""
LobbyActionCategoryTab_27#0,"""$(0). Performance 1"""
LobbyActionCategoryTab_28#0,"""$(0). Performance 2"""
LobbyActionCategoryTab_29#0,"""$(0). Performance 3"""
LobbyActionCategoryTab_30#0,"""$(0). Performance 4"""
LobbyActionCategoryTab_31#0,"""$(0). Collab 1"""
LobbyActionCategoryTab_32#0,"""$(0). Collab 2"""
LobbyActionCategoryTab_33#0,"""$(0). Collab 3"""
LobbyActionCategoryTab_37#0,"""$(0). Collab 4"""
LobbyActionCategoryTab_42#0,"""$(0). Collab 5"""
LobbyActionCategoryTab_44#0,"""$(0). Collab 6"""
LobbyActionCategoryTab_2#0,"""$(0). Human Letters"""
LobbyActionCategoryTab_3#0,"""$(0). Photon Chair"""
LobbyActionCategoryTab_Used#0,"""ใช้งานล่าสุด"""
LobbyActionSex_0#0,"""Type 1"""
LobbyActionSex_1#0,"""Type 2"""
LobbyAction_Random#0,"""สุ่ม"""
LobbyAction_None#0,"""ไม่มี"""
LobbyAction_cancel#0,"""ค่าเริ่มต้น"""
LobbyAction_Favorite_Add#0,"""เพิ่มลงใน favorites"""
LobbyAction_Favorite_Delete#0,"""นำออกจาก favorites"""
LobbyAction_Favorite_Up#0,"""เลื่อนขึ้น 1"""
LobbyAction_Favorite_Down#0,"""เลื่อนลง 1"""
LobbyAction_Favorite_Top#0,"""เลื่อนไปบนสุด"""
LobbyAction_Favorite_Bottom#0,"""เลื่อนไปล่างสุด"""
LobbyAction_Favorite_Add_Msg#0,"""Lobby Action 【$(0)】 ถูกเพิ่มลงใน favorites แล้ว ($(1)/$(2))"""
LobbyAction_Favorite_Add_ErrorMsg#0,"""การลงทะเบียนล้มเหลวเนื่องจาก favorites ของคุณถึงขีดจำกัดแล้ว ($(0)/$(1))"""
LobbyAction_Favorite_Delete_Msg#0,"""Lobby Action 【$(0)】 ถูกนำออกจาก favorites แล้ว ($(1)/$(2))"""
LobbyActionText#0,"""<%NextTabDetails><pict 4space><yellow>เพิ่มหรือแก้ไข favorites<c>"""
VITA_LobbyActionText#0,"""<pict Sign_select><yellow>ลงทะเบียน/แก้ไข favorites<c>"""
VITA_FavoritesSwitching#0,"""<pict Sign_select>สลับ ทั้งหมด/favorites"""
LobbyAction_TypeA#0,"""<%MultiSelect><pict 4space>+<pict 4space><%Decide> <yellow>Opposite Action<c>"""
LobbyActionLogWindow_TypeA#0,"""<%MultiSelect><pict 4space>+<pict 4space><%Decide> <yellow>Opposite Action<c>"""
LobbyAction_TypeB#0,"""<%MultiSelect><pict 4space>+<pict 4space><%Decide> <yellow>Opposite Action<c>"""
LobbyActionLogWindow_TypeB#0,"""<%MultiSelect><pict 4space>+<pict 4space><%Decide> <yellow>Opposite Action<c>"""
LobbyAction_TypeC#0,"""<pict Sign_TRIANGLE> + <pict Sign_CIRCLE> <yellow>Opposite Action<c>"""
LobbyActionLogWindow_TypeC#0,"""<pict Sign_TRIANGLE> + <pict Sign_CIRCLE> <yellow>Opposite Action<c>"""
ChangeCtrWindow#0,"""<%ChangeCtrlWindowForward> <yellow>สลับหน้าต่าง<c>"""
LobbyAction_Disable_Toast#0,"""Lobby Action นี้ไม่สามารถใช้งานใน Salon ได้"""
LobbyAction_FingerSelect#0,"""<%Function><pict 4space><yellow>Hand Pose<c>"""
LobbyAction_FingerSelect_gray#0,"""<%Function><pict 4space><gray>Hand Pose<c>"""
LobbyAction_Finger_default#0,"""ค่าเริ่มต้น"""
LobbyAction_FingerSelect_BothHands#0,"""ทั้งสองข้าง"""
LobbyAction_FingerSelect_RightHand#0,"""ขวา"""
LobbyAction_FingerSelect_LeftHand#0,"""ซ้าย"""
LobbyAction_EmotionType_Display#0,"""$(0) ($(1))"""
LobbyAction_Unsupported_Toast#0,"""Lobby Action ที่คุณพยายามใช้งานไม่สามารถใช้ใน [PSO2] Blocks ได้"""
Title_ViewMode#0,"""-"""
Title_NewChannel#0,"""-"""
OpenChannelTab#0,"""-"""
ChannelPopupItem1#0,"""-"""
ChannelPopupItem2#0,"""-"""
ChannelPopupItem3#0,"""-"""
TabHeader1#0,"""-"""
TabHeader2#0,"""-"""
SaveAccount#0,"""บันทึก Account"""
SavePassword#0,"""บันทึก Password"""
title#0,"""ประวัติการ Login (50 ครั้งล่าสุด)"""
login_history_date#0,"""วันที่ Login"""
login_history_ip#0,"""IP Address"""
login_history_status#0,"""สถานะ"""
login_history_supplement#0,"""※หากมีการ <yellow>login<c> หรือ <yellow>e-mail authentication<c> ที่คุณไม่คุ้นเคย กรุณาติดต่อฝ่ายสนับสนุน (Support)※"""
State_OK#0,"""<green>Logged in แล้ว<c>"""
State_OK_PcAuth#0,"""<red>ยืนยันอีเมลแล้ว<c>"""
State_Error_Account#0,"""<yellow>Login Error<c>"""
State_Error_PcAuth#0,"""<yellow>Mail Authentication Error<c>"""
State_Error_PcAuth_send#0,"""<yellow>ส่งอีเมลยืนยันแล้ว<c>"""
State_Error_OTP#0,"""<yellow>One Time Password Error<c>"""
State_Reject_Maintenance#0,"""อยู่ระหว่างการปิดปรับปรุง"""
State_Reject_System#0,"""ไม่สามารถ log in ได้"""
NoDataError#0,"""ไม่สามารถดึงข้อมูลได้"""
IPAddress#0,"""$(0).$(1).$(2).$(3)"""
DateWeek#0,"""$(1)/$(2)/$(0) ($(3))"""
DateWeek_v#0,"""$(0)/$(1)/$(2)/($(3))"""
DateTime#0,""" $(0):$(1)"""
DateTime_v#0,"""$(0):$(1)"""
Sunday#0,"""อา."""
Monday#0,"""จ."""
Tuesday#0,"""อ."""
Wednesday#0,"""พ."""
Thursday#0,"""พฤ."""
Friday#0,"""ศ."""
Saturday#0,"""ส."""
Logout_Title#0,"""ออกจากเกม"""
Logout_Message#0,"""แน่ใจหรือไม่ว่าต้องการออกจากเกม?"""
Logout_Wait_Message#0,"""กำลัง Logging out..."""
AutoLogoutWarning_Title#0,"""คำเตือน"""
AutoLogoutWarning_Message#0,"""<c ff9c70>■คำเตือน Automatic Logout■<c><br><br>คุณไม่ได้เริ่ม<br>Challenge Quest มาระยะหนึ่งแล้ว<br><br>หากคุณไม่ปิดหน้าต่างนี้<br>ภายใน <yellow>$(0)<c> คุณจะ<br>ถูก logged out โดยอัตโนมัติ<br><br><yellow>※ฟีเจอร์นี้เปิดใช้งานเฉพาะ<br>ใน Challenge Ship เท่านั้น<c>"""
AutoLogoutDone_Title#0,"""ประกาศ"""
AutoLogoutDone_Message#0,"""<yellow>คุณไม่ได้เริ่ม quest ภายใน<br>เวลาที่กำหนด คุณจึงถูก logged out โดยอัตโนมัติ<c><br><br>※ใน Challenge Ship หากคุณไม่เริ่ม quest ภายใน<br>ระยะเวลาที่กำหนด คุณจะถูก logged out โดยอัตโนมัติ<br><br>กำลังกลับสู่หน้า title screen"""
AutoLogoutWarning_Message_InChallengeShip#0,"""<c ff9c70>■คำเตือน Automatic Logout■<c><br><br>คุณไม่ได้เริ่ม<br>Challenge Quest มาระยะหนึ่งแล้ว<br><br>หากคุณไม่ปิดหน้าต่างนี้<br>ภายใน <yellow>$(0)<c> คุณจะ<br>ถูก logged out โดยอัตโนมัติ<br><br><yellow>※ฟีเจอร์นี้เปิดใช้งานเฉพาะ<br>ใน Challenge Ship เท่านั้น<c>"""
AutoLogoutDone_Message_InChallengeShip#0,"""<yellow>คุณไม่ได้เริ่ม quest ภายใน<br>เวลาที่กำหนด คุณจึงถูก logged out โดยอัตโนมัติ<c><br><br>※ใน challenge ship หากคุณไม่เริ่ม quest ภายใน<br>ระยะเวลาที่กำหนด คุณจะถูก logged out โดยอัตโนมัติ<br><br>กำลังกลับสู่หน้า title screen"""
AutoLogoutWarning_Message_InPokaShip#0,"""<c ff9c70>■คำเตือน Automatic Logout■<c><br>ใน Battle Arena หากไม่เริ่มการ matchmaking ภายในระยะเวลาที่กำหนด คุณจะถูก logged out โดยอัตโนมัติ<c><br><br>คุณสามารถปิดหน้าต่างนี้ภายใน <yellow>$(0)<c><br>เพื่อหยุดการ automatic logout และเล่นต่อไปได้"""
AutoLogoutDone_Message_InPokaShip#0,"""<yellow>ไม่ได้เริ่มการ matchmaking ภายใน<br>เวลาที่กำหนด คุณจึงถูก logged out โดยอัตโนมัติ<c><br><br>※ใน Battle Arena หากไม่เริ่มการ matchmaking ภายในระยะเวลาที่กำหนด คุณจะถูก logged out โดยอัตโนมัติ<br><br>กำลังกลับสู่หน้า title screen"""
PopupItem1#0,"""-"""
PopupItem2#0,"""-"""
PopupItem3#0,"""-"""
PopupItem4#0,"""-"""
PopupItem5#0,"""-"""
PopupItem6#0,"""-"""
PopupItem7#0,"""-"""
PopupItem8#0,"""-"""
PopupItem9#0,"""-"""
LogKind_All#0,"""Log: ทั้งหมด"""
LogKind_Custom#0,"""Log: แสดงทั้งหมด"""
LogKind_Public#0,"""Log: บริเวณใกล้เคียง"""
LogKind_Party#0,"""Log: Party"""
LogKind_Guild#0,"""Log: Team"""
LogKind_System#0,"""Log: System"""
LogKind_NPC#0,"""Log: Character"""
LogKind_Whisper#0,"""Log: Whisper"""
LogKind_Channel#0,"""-"""
LogBalloon_All#0,"""0. แสดงทั้งหมด"""
LogBalloon_Custom#0,"""0. แสดงทั้งหมด"""
LogBalloon_Public#0,"""1. บริเวณใกล้เคียง"""
LogBalloon_Party#0,"""<pict Party>2. Party"""
LogBalloon_Guild#0,"""<pict Guild>3. Team"""
LogBalloon_System#0,"""7. System"""
LogBalloon_NPC#0,"""6. Character"""
LogBalloon_Whisper#0,"""<pict Whisper>4. Whisper"""
LogRange_Public#0,"""1. ส่งไปยังบริเวณใกล้เคียง"""
LogRange_Party#0,"""<pict Party>2. Party"""
LogRange_Guild#0,"""<pict Guild>3. Team"""
LogRange_Whisper#0,"""<pict Whisper>4. Whisper"""
LogRangeTab_Public#0,"""1. บริเวณใกล้เคียง"""
LogRangeTab_Party#0,"""<pict Party>2. Party"""
LogRangeTab_Guild#0,"""<pict Guild>3. Team"""
LogRangeTab_Whisp#0,"""<pict Whisper>4. Whisper"""
WhisperSendTo#0,"""ส่งไปยัง $(0)"""
LogName_System#0,"""System"""
LogButton_Send#0,"""ส่ง"""
LogButton_Input#0,"""<%ChatStart><pict 4space>เปิด Chat """
LogButton_Input_ooo#0,"""<%ChatStart><pict 4space>เปิด Chat"""
LogButton_DirectChat#0,"""โหมด Direct Chat"""
LogButton_Range_Vita#0,"""ส่งข้อความถึง"""
LogButton_Log_Vita#0,"""Log"""
LogButton_Reset_Vita#0,"""ลบทั้งหมด"""
LogToast_ShortLog#0,"""เริ่มการแสดงผล Short Log แตะที่ตัวละครของคุณเพื่อซ่อน"""
LogShortCutEdit#0,"""แก้ไขเสร็จสิ้น"""
LogButton_Balloon#0,"""Balloon"""
LogButton_Manpu#0,"""Symbols"""
LogButton_Cutin#0,"""Cut In"""
LogButton_SE#0,"""-"""
LogButton_Voice#0,"""-"""
LogButton_Color#0,"""-"""
LogButton_Emoji#0,"""-"""
LogButton_Twitter#0,"""-"""
LogButton_LobbyAction#0,"""Lobby Action"""
LogButton_Symbol#0,"""Symbol Art"""
LogButton_Stamp#0,"""Stamp"""
LogButton_ContinuousInput#0,"""ป้อนข้อมูลต่อเนื่อง"""
DirectChatBegin#0,"""เปิดใช้งาน Direct chat แล้ว"""
DirectChatEnd#0,"""ปิดใช้งาน Direct chat แล้ว"""
DirectChatEndTmp#0,"""ปิดใช้งาน Direct chat ชั่วคราว"""
DirectChatBlacklist#0,"""ผู้รับถูกบล็อก ไม่สามารถส่งข้อความได้"""
Log_Toast_Whisper_Name_Fail#0,"""เลือกผู้รับ Whisper chat จากปุ่ม ..."""
Log_Toast_Unknown_Whisper#0,"""ไม่ได้ระบุปลายทางของ Whisper"""
Log_Toast_Disable_Whisper_SymbolArt#0,"""ไม่สามารถส่ง Stamps และ Symbol Art ใน Whisper Chat ได้"""
Log_Toast_Disable_TeamChat#0,"""คุณไม่สามารถส่งข้อความไปยัง Team ได้หากไม่ได้เป็นสมาชิก กรุณาตรวจสอบผู้รับข้อความ"""
Log_Welcome#0,"""ยินดีต้อนรับสู่ <lt>$(0)<rt>!"""
Log_KeyHelp#0,"""ยินดีต้อนรับสู่ Phantasy Star Online 2: New Genesis!<br><br>สามารถหาแพตช์ภาษาอังกฤษอย่างไม่เป็นทางการล่าสุดได้ใน Discord ของเราและใน Tweaker"""
Log_ItemGet#0,"""ได้รับ $(0) แล้ว"""
Log_ItemGetAuto#0,"""Auto-Sale: ได้รับ $(0) แล้ว"""
Log_CapsuleGet#0,"""ได้รับไอเทมจำลอง $(0) แล้ว ดูได้ที่ Extreme Terminal"""
LogSymbolArt#0,"""แสดง Symbol Art แล้ว"""
LogWhisperEmpty#0,"""Whisper log ว่างเปล่า"""
LogGroupChatEmpty#0,"""ไม่สามารถใช้งานได้ในพื้นที่นี้"""
LogWhisperButtonText#0,"""…"""
Tab#0,"""Tab $(0)"""
TabChange_Title#0,"""เปลี่ยน Channel Tab"""
Bubble_Normal#0,"""Normal"""
Bubble_Surprise#0,"""เน้นย้ำ"""
Bubble_Question#0,"""ไม่แน่ใจ"""
ManpuCategory_01#0,"""เชิงบวก"""
ManpuCategory_02#0,"""เชิงลบ"""
ManpuCategory_03#0,"""รูปแบบผสมเชิงบวก"""
ManpuCategory_04#0,"""รูปแบบผสมเชิงลบ"""
Manpu_None#0,"""ไม่มี"""
Manpu_1#0,"""เหงื่อตก 1"""
Manpu_2#0,"""เหงื่อตก 2"""
Manpu_3#0,"""หงุดหงิด"""
Manpu_4#0,"""วิญญาณหลุด"""
Manpu_5#0,"""ซึมเศร้า"""
Manpu_6#0,"""หน้าแดง"""
Manpu_7#0,"""ตาย"""
Manpu_8#0,"""หัวกะโหลก"""
Manpu_9#0,"""ปิ๊งไอเดีย"""
Manpu_10#0,"""เหม่อลอย"""
Manpu_11#0,"""ถอนหายใจ"""
Manpu_12#0,"""โกรธ"""
Manpu_13#0,"""ไม่พอใจ"""
Manpu_15#0,"""หัวเราะ"""
Manpu_16#0,"""หัวใจ"""
Manpu_17#0,"""ตัวโน้ต"""
Manpu_18#0,"""ตกใจ"""
Manpu_19#0,"""สงสัย"""
Manpu_20#0,"""ตกใจ/สงสัย"""
Manpu_21#0,"""ง่วงนอน"""
Manpu_22#0,"""ประหลาดใจ"""
Manpu_23#0,"""ซึมเศร้า+เหงื่อตก 1"""
Manpu_24#0,"""เหงื่อตก 2+หน้าแดง"""
Manpu_25#0,"""ไม่พอใจ+หงุดหงิด"""
Manpu_26#0,"""หงุดหงิด+ตกใจ"""
Manpu_27#0,"""ซึมเศร้า+ถอนหายใจ"""
Manpu_28#0,"""เหม่อลอย+หน้าแดง"""
Manpu_29#0,"""หน้าแดง+โกรธ"""
Manpu_30#0,"""วิญญาณหลุด+หัวกะโหลก"""
Manpu_31#0,"""ปิ๊งไอเดีย+ตกใจ/สงสัย"""
Manpu_32#0,"""เหม่อลอย+หัวใจ"""
Manpu_33#0,"""โกรธ+ถอนหายใจ"""
Manpu_34#0,"""ไม่พอใจ+ตกใจ"""
Manpu_35#0,"""ไม่พอใจ+ตกใจ/สงสัย"""
Manpu_36#0,"""ประหลาดใจ+ตกใจ"""
Manpu_37#0,"""หัวเราะ+หัวใจ"""
Manpu_38#0,"""หัวเราะ+ตัวโน้ต"""
Manpu_39#0,"""โกรธ+สงสัย"""
Cutin_Face_None#0,"""ไม่มี"""
Cutin_Face_Normal#0,"""Normal"""
Cutin_Face_Smile#0,"""Smiling"""
Cutin_Face_Anger#0,"""Angry"""
Cutin_Face_Sad#0,"""Gloomy"""
Cutin_Face_Dubious#0,"""Distrust"""
Cutin_Face_Close#0,"""Eyes Closed"""
Cutin_Face_Smile2#0,"""Smiling 2"""
Cutin_Face_Wink#0,"""Wink"""
Cutin_Face_Custom1#0,"""Custom 1"""
Cutin_Face_Custom2#0,"""Custom 2"""
Cutin_Face_Custom3#0,"""Custom 3"""
Cutin_Camera_Front#0,"""จากด้านหน้า"""
Cutin_Camera_SideFront#0,"""จากมุม"""
Cutin_Camera_SideFrontUp#0,"""จากมุมสูง"""
Cutin_Camera_SideFrontDown#0,"""จากมุมต่ำ"""
Cutin_Camera_Side#0,"""จากด้านข้าง"""
LogKind_Group#0,"""Log: Group"""
LogTitleLobbyAction#0,"""เลือก Lobby Action"""
LogBalloon_Group#0,"""<pict Group><pict 4space>5. Group"""
LogRange_Public_Challenge#0,"""1. ส่งไปยังบริเวณใกล้เคียง"""
LogRange_Public_Poka#0,"""1. ส่งไปยัง Union"""
LogRange_Group#0,"""<pict Group><pict 4space>5. Group Chat"""
LogAnnounce_Show#0,"""เปลี่ยน"""
LogAnnounce_Speak#0,"""เปลี่ยน"""
LogAnnounce_Plus#0,"""+"""
LogAnnounce_Delete#0,"""<%Function>1. ลบ Character"""
LogRangeTab_Public_Challenge#0,"""1. พื้นที่ทั้งหมด"""
LogRangeTab_Public_Poka#0,"""1. Union"""
LogRangeTab_Group#0,"""<pict Group>5. Group"""
LogButton_ChatNG#0,"""ไม่ได้ป้อนข้อความ Chat"""
LogButton_Shortcut#0,"""<%ChatStart>รายชื่อ Shortcut"""
LogButton_Input_Party#0,"""<pict Party><pict 4space><%ChatStart><pict 4space>เปิด Chat"""
LogButton_Input_Guild#0,"""<pict Guild><pict 4space><%ChatStart><pict 4space>เปิด Chat"""
LogButton_Input_Whisper#0,"""<pict Whisper><pict 4space><%ChatStart><pict 4space>เปิด Chat"""
LogButton_ShortcutPad#0,"""<%ChatStartPad>เริ่ม Chat"""
LogButton_ShortcutPad_ooo#0,"""<pict na_view_hold>เริ่ม Chat"""
LogButton_InputPad#0,"""<%ChatStartPad>เริ่ม Chat"""
LogButton_InputPad_ooo#0,"""เริ่ม chat ด้วย <pict na_view_hold>"""
LogButton_Input_PartyPad#0,"""<pict Party><%ChatStartPad><pict 4space>เริ่ม Chat"""
LogButton_Input_GuildPad#0,"""<pict Guild><%ChatStartPad><pict 4space>เริ่ม Chat"""
LogButton_Input_WhisperPad#0,"""<pict Whisper><%ChatStartPad> เริ่ม Chat"""
LogButton_DirectChat_Party#0,"""<pict Party>โหมด Direct Chat"""
LogButton_DirectChat_Guild#0,"""<pict Guild>โหมด Direct Chat"""
LogButton_DirectChat_Whisper#0,"""<pict Whisper>โหมด Direct Chat"""
LogButton_ShortcutCloud#0,"""กด <%MainMenu> ค้างไว้เพื่อ chat"""
LogButton_InputCloud#0,"""กด <%MainMenu> ค้างไว้เพื่อ chat"""
Log_Toast_Disable_TeamChat_ChallengeShip#0,"""Team chat ไม่สามารถใช้งานได้ในขณะที่อยู่บน Shared Ship"""
Log_Toast_Disable_TeamChat_Poka#0,"""Team chat ไม่สามารถใช้งานได้ในขณะนี้"""
Log_Toast_Nouse_Poka_Whisper#0,"""Whisper chat ไม่สามารถใช้งานได้ในระหว่างการต่อสู้"""
Log_Toast_Disable_GroupChat#0,"""Group chats ต้องมีสมาชิกอย่างน้อย 2 คน"""
Log_Toast_Disable_GroupChat_NotActive#0,"""ไม่พบ Groups"""
Log_Toast_Disable_GroupChat_NotUseArea#0,"""ไม่มี Groups ที่ลงทะเบียนไว้"""
LogBoostEventInfo#0,"""ข้อมูล Event"""
ArksRanking_JoinText#0,"""ขณะนี้คุณกำลังเข้าร่วม ARKS League กรุณาตรวจสอบรายละเอียดของ event"""
ArksRanking_RewardText#0,"""<pict New>คุณมีของรางวัลที่ยังไม่ได้รับจาก ARKS League กรุณาไปพบ ARKS League Administrator"""
GuildAddContentsPointOwn#0,"""ได้รับ $(0)TP"""
GuildAddContentsPointMix#0,"""คุณได้รับ $(0)TP จากการเล่นบน Shared Ship"""
LogTitleLobbyAction_FingerSelect#0,"""Hand Pose"""
Log_ItemName#0,"""$(1)$(0)"""
LogText_Stamp#0,"""แสดง Stamp แล้ว"""
NewMail#0,"""Mail ใหม่"""
NewFriendLIst#0,"""คำขอเป็น Friend ใหม่"""
NewParty#0,"""คำเชิญเข้า Party ใหม่"""
NewTeam#0,"""คำเชิญเข้า Team ใหม่"""
NewTrade#0,"""คำขอ Trade ใหม่"""
NewPartySet#0,"""คิวสมาชิก Party ใหม่"""
NewPartySet_Count#0,""" (เหลือเวลา $(0) วินาที)"""
NewExpMail#0,"""ส่ง Mail แล้ว"""
NewExpTrade#0,"""ส่งคำขอ Trade แล้ว"""
NewExpFriendLIst#0,"""ส่งคำขอเป็น Friend แล้ว"""
NewExpParty#0,"""ส่งคำเชิญเข้า Party แล้ว"""
NewExpTeam#0,"""ส่งคำเชิญเข้า Team แล้ว"""
NewTitleParty#0,"""ตอบรับคำเชิญเข้า party"""
NewTitleFriend#0,"""ตอบรับคำขอเป็น Friend"""
NewTitleTeam#0,"""ตอบรับการชักชวนเข้า Team"""
NewTitleTrade#0,"""ตอบรับการ trade"""
NewCheckMail#0,"""ยังไม่ตัดสินใจ"""
NewCheckFriendList#0,"""$(0) ส่งคำขอเป็น Friend ถึงคุณ<br>ต้องการเปิดหน้าต่าง Friend List เพื่อตอบรับหรือไม่?<br><br>※หากเลือก ไม่ คุณสามารถตอบรับในภายหลังได้<br>โดยไปที่ Friend List ของคุณ"""
NewCheckParty#0,"""$(0) เชิญคุณเข้าร่วม party ของพวกเขา<br>ต้องการเปิดหน้าต่างเข้าร่วม Party เพื่อตอบรับหรือไม่?<br><br>※หากเลือก ไม่ คุณสามารถตอบรับในภายหลังได้<br>โดยไปที่ Party Commands"""
NewCheckTrade#0,"""$(0) ขอ trade กับคุณ ต้องการเปิดหน้าต่าง Trade หรือไม่?"""
NewCheckTeam#0,"""$(0) ได้ชักชวนคุณเข้าสู่ Team ของพวกเขา<br>ต้องการเปิดหน้าต่างสรรหาสมาชิกเพื่อตอบรับหรือไม่?<br><br>※หากเลือก ไม่ คุณสามารถตอบรับในภายหลังได้<br>โดยไปที่ Team Commands"""
PremiumEnd#0,"""Premium Set ของคุณกำลังจะหมดอายุในไม่ช้า"""
NewQuest#0,"""ยืนยัน Quest"""
NewExpQuest#0,"""ส่งคำเชิญ Quest แล้ว"""
PremiumEnd_Inventry#0,"""Premium Storage ที่ตั้งค่าเป็น 【สถานที่เก็บไอเทมที่ได้รับ】<br>ในหน้า Options ได้หมดอายุลงแล้ว"""
NewWarehouseQuest_Receive#0,"""รับของรางวัลจาก Quest Storage"""
NewWarehouseQuest_Receive_message#0,"""คุณมีไอเทมรออยู่ใน Quest Storage ก่อนที่จะเริ่ม Quest อื่น กรุณาขายทิ้งหรือย้ายไปยัง Storage อื่น"""
Unavailable_ToastMessage1#0,"""ไอเทมนี้ไม่สามารถใช้งานได้บนแพลตฟอร์มนี้"""
Unavailable_ToastMessage2#0,"""ปรับเปลี่ยนรูปลักษณ์ของไอเทมชั่วคราว เนื่องจากไม่สามารถแสดงผลบนแพลตฟอร์มนี้ได้"""
Unavailable_ToastMessage3#0,"""Lobby Action นี้ไม่สามารถใช้งานได้บนแพลตฟอร์มนี้"""
Unavailable_ToastMessage4#0,"""ไม่สามารถเลือกรูปแบบ Mag นี้ได้บนแพลตฟอร์มนี้"""
Unavailable_ToastMessage5#0,"""ปรับเปลี่ยนรูปลักษณ์ชั่วคราว เนื่องจากมีการจัดแสดงไอเทมที่ไม่สามารถแสดงผลบนแพลตฟอร์มนี้ได้"""
LineDuelBattleRequest#0,"""คำขอท้าประลอง Line Strike"""
LineDuelBattleRequest_Toast#0,"""$(0) ได้ท้าคุณเข้าสู่ Line Strike Free Battle"""
PetKind00001#0,"""Wanda"""
PetKind00002#0,"""Torim"""
PetKind00003#0,"""Cery"""
PetKind00004#0,"""Maron"""
PetKind00005#0,"""Melon"""
PetKind00006#0,"""Viola"""
PetKind00007#0,"""Rappy"""
PetKind00008#0,"""Synchro"""
PetKind00009#0,"""Jinga"""
PetKind00010#0,"""Aero"""
PetKind00011#0,"""Popple"""
PetKind00012#0,"""Redran"""
PetKind00013#0,"""Glass"""
download_progress#0,"""ความคืบหน้าการดาวน์โหลด: $(0)% (Poggers)"""
PlayGo_AreaMove_Message#0,"""การติดตั้งยังไม่เสร็จสมบูรณ์ กรุณาลองใหม่อีกครั้งหลังจากที่การติดตั้งเสร็จสิ้นแล้ว<br><br>ความคืบหน้าการติดตั้ง: $(0)%"""
PlayGo_Confirm_Message#0,"""ไม่มีข้อมูลสำหรับปลายทางที่เลือก<br>คุณต้องการดาวน์โหลดข้อมูลที่จำเป็นหรือไม่?<br><br><yellow>หากพื้นที่ว่างไม่เพียงพอ การดาวน์โหลดจะล้มเหลว การดาวน์โหลดข้อมูลอาจใช้เวลานาน"""
PlayGo_Confirm_Message_FirstTime#0,"""หากคุณต้องการเล่น PSO2,<br>คุณจำเป็นต้องดาวน์โหลดข้อมูลเพิ่มเติม<br><brหากคุณต้องการเล่นแค่ closed beta test<br>ของ PSO2: New Genesis คุณสามารถเลือก<br>ไม่ และเล่นได้ตามปกติ<br><br>※แม้ว่าคุณจะเลือก 【ไม่】 ในตอนนี้,<br>\u3000คุณสามารถดาวน์โหลดได้ในภายหลังเสมอ<br><br><yellow>การดาวน์โหลดอาจใช้เวลานาน<c><br><br>คุณต้องการดาวน์โหลดข้อมูลเพิ่มเติมหรือไม่?"""
PlayGo_Confirm_Message_FirstTime_Epic#0,"""หากต้องการเล่น 『Phantasy Star Online 2』<br>ซึ่งเปิดให้บริการก่อนที่『Phantasy Star Online 2: New Genesis』<br>จะเริ่มเปิดให้บริการ<br>จำเป็นต้องดาวน์โหลดข้อมูลเพิ่มเติม\u00a0<br><br>หากยังไม่ต้องการเล่น 『Phantasy Star Online 2』<br>ในตอนนี้ ให้เลือก 【ไม่】<br><br>※แม้จะเลือก 【ไม่】<br>\u3000ก็สามารถดาวน์โหลดได้ในภายหลัง<br><br><yellow>การดาวน์โหลดอาจใช้เวลานาน<br>ในการดาวน์โหลดข้อมูลเพิ่มเติม<br>จำเป็นต้องปิดเกมก่อนหนึ่งครั้ง<c><br><br>ต้องการดาวน์โหลดข้อมูลเพิ่มเติมหรือไม่?"""
PlayGo_DL_ Notice_Message#0,"""เกิดข้อผิดพลาด<br>ระหว่างการดาวน์โหลดข้อมูล Area<br><br>กรุณารีสตาร์ทเกมแล้ว<br>เริ่มดาวน์โหลดข้อมูลเพิ่มเติมใหม่อีกครั้ง"""
PlayGo_IS_ Notice_Message#0,"""เกิดข้อผิดพลาด<br>ระหว่างการติดตั้งข้อมูล Area<br><br>กรุณาเริ่มดาวน์โหลดข้อมูลเพิ่มเติม<br>ใหม่อีกครั้ง"""
PlayGo_CharaSelect_Title#0,"""ข้อความ"""
PlayGo_CharaSelect_Message#0,"""<yellow>ขณะนี้กำลังทำการติดตั้งข้อมูล<c><br><br>จนกว่าการติดตั้งจะเสร็จสมบูรณ์<br>ฟังก์ชันบางอย่างจะไม่สามารถใช้งานได้<br>เช่น การเลือก Character หรือการย้ายไปยัง Area ที่กำหนด<br><br>หลังจากติดตั้งเสร็จสมบูรณ์แล้ว<br>กรุณาเลือกใหม่อีกครั้ง"""
PlayGo_IS_Uncompleted_Message#0,"""ยังติดตั้ง Area ปลายทางไม่เสร็จสมบูรณ์<br>กรุณาเข้าใหม่อีกครั้ง<br>หลังจากที่การติดตั้งเสร็จสมบูรณ์แล้ว"""
PlayGo_DLC_Confirm_Message#0,"""ไม่สามารถย้ายได้ เนื่องจากข้อมูลของ Area ปลายทางยังไม่ได้ติดตั้ง<br>หรือดาวน์โหลดไม่เสร็จสมบูรณ์<br><br>ต้องการดาวน์โหลดข้อมูลเพิ่มเติมหรือไม่?<br>หากเลือก “ใช่” ระบบจะเปิดหน้า Store ของข้อมูลเพิ่มเติม<br><br><yellow>※ไม่สามารถดาวน์โหลดได้หากพื้นที่ว่างไม่เพียงพอ<br>\u3000การดาวน์โหลดข้อมูลอาจใช้เวลานาน<c>"""
PlayGo_DLC_Confirm_Message_Epic#0,"""ไม่สามารถย้ายได้ เนื่องจากข้อมูลของ Area ปลายทางยังไม่ได้ติดตั้ง<br>หรือดาวน์โหลดไม่เสร็จสมบูรณ์<br><br>ต้องการดาวน์โหลดข้อมูลเพิ่มเติมหรือไม่?<br>หากเลือก “ใช่” ระบบจะเปิดหน้า Store ของข้อมูลเพิ่มเติม<br><br><yellow>※ไม่สามารถดาวน์โหลดได้หากพื้นที่ว่างไม่เพียงพอ<br>\u3000การดาวน์โหลดข้อมูลอาจใช้เวลานาน<br>※ในการดาวน์โหลดข้อมูลเพิ่มเติม<br>\u3000จำเป็นต้องปิดเกมก่อนหนึ่งครั้ง<c>"""
AcQuickChargeCoin#0,"""$(0)<pict Arcscash>"""
AcQuickChargePrice#0,"""￥$(0) (รวมภาษี)"""
AcQuickChargeTitle#0,"""ยืนยัน Quick Charge AC"""
AcQuickChargeMessage#0,"""ระบบจะทำการหักเงินจำนวน AC Charge<br>ดังต่อไปนี้จากบัตรเครดิตที่คุณใช้ชำระเงิน<br>ต้องการดำเนินการต่อหรือไม่?<br><br>จำนวน AC Charge: $(0)<br>ราคา: $(1)"""
AcQuickChargeCompTitle#0,"""Quick Charge AC"""
AcQuickChargeComp#0,"""<pict Arcscash> AC Quick Charge เสร็จสมบูรณ์"""
AcChargeComp#0,"""เติม <pict Arcscash>$(0)AC แล้ว"""
AcQuickChargeErrorTitle#0,"""AC Charge Error"""
AcQuickChargeError#0,"""AC Quick Charge ล้มเหลว"""
MenuCharge#0,"""AC Quick Charge"""
MenuButtonChargeGo#0,"""AC Quick Charge"""
MenuButtonChancel#0,"""ยกเลิก"""
MenuButtonWebGo#0,"""Charge ผ่าน Web Page"""
MenuButtonPsStoreGo#0,"""AC Charge ผ่าน PlayStation®Store"""
MenuButtonLawConfirm#0,"""แสดง Policy Agreement"""
Acnum#0,"""จำนวน AC Charge"""
ACPrice#0,"""ราคา"""
Quick_Guide#0,"""ตั้งค่าจำนวน AC ที่คุณต้องการซื้อ<br>และเลือก 【AC Quick Charge】<br><br>คุณยังสามารถชาร์จ AC และเปลี่ยน<br>ข้อมูลที่ลงทะเบียนไว้ได้ในเว็บไซต์ของผู้เล่น"""
Quick_Guide_PS4#0,"""เลือกจำนวนเงิน AC Charge ที่ต้องการซื้อ<br>และเลือก 【AC Quick Charge】<br><br>คุณสามารถเลือก<br>【AC Charge ผ่าน PlayStation®Store】 ได้เช่นกัน"""
ACChargeSelect_Title#0,"""การเลือก AC Charge"""
ACChargeSelect_Message#0,"""เลือกวิธีการที่คุณต้องการชาร์จ AC"""
ACChargeSelect_Button_Quick#0,"""AC Quick Charge"""
ACChargeSelect_Button_Web#0,"""ชำระเงินโดยใช้ SEGA ID ของคุณ"""
ACChargeSelect_Button_LinePay#0,"""<pict linepay_icon>Charge ด้วย LINE Pay"""
ACChargeSelect_Button_MerPay#0,"""<pict merpay_icon>Charge ด้วย MerPay"""
ACChargeSelect_Button_NeShop#0,"""ชำระเงินโดยใช้ Nintendo eShop"""
ACChargeSelect_Desc_Quick#0,"""ตั้งค่า 【AC Quick Charge】 ในบัญชีของคุณแล้ว ขณะนี้คุณสามารถใช้ฟีเจอร์นี้เพื่อซื้อ AC ได้"""
ACChargeSelect_Desc_Web#0,"""โหลดหน้าซื้อ ARKS Cash (AC) ในหน้าต่างเบราว์เซอร์ภายนอก<br><br>※จำเป็นต้องมี SEGA ID<br>※หากคุณเคยตั้งค่าวิธีการ Quick Charge ไว้ก่อนหน้านี้ คุณจะสามารถใช้ฟังก์ชันนี้ได้"""
ACChargeSelect_Desc_LinePay#0,"""ชำระเงินค่า AC ด้วย LINE Pay<br><br>จำเป็นต้องมีสมาร์ทโฟนที่มีแอป 【LINE】 เพื่อสแกนบาร์โค้ดเฉพาะที่ให้คุณซื้อ AC ได้<br><br>นอกจากนี้ <yellow>หากคุณอายุยังไม่ถึงเกณฑ์ที่กฎหมายกำหนดในประเทศของคุณ คุณจะต้องได้รับการยินยอมจากผู้ปกครอง<br>ก่อนจึงจะสามารถซื้อ AC ได้<c>"""
ACChargeSelect_Desc_MerPay#0,"""ชำระเงินค่า AC ด้วย MerPay<br><br>ในการสแกน 2D บาร์โค้ด คุณต้องติดตั้งแอปมาร์เก็ตเพลส Mercari บนสมาร์ทโฟนหรือแท็บเล็ตของคุณ<br><br><yellow>ผู้เยาว์ต้องได้รับการยินยอมจากผู้ปกครองก่อนใช้บริการนี้<c>"""
ACChargeSelect_Desc_NeShop#0,"""ใช้เครดิต Nintendo eShop ของคุณเพื่อชำระค่า AC"""
PayCharge_MenuTitle#0,"""Charge ด้วย LINE Pay"""
PayCharge_MenuTitle_MerPay#0,"""Charge ด้วย MerPay"""
PayCharge_MenuQRButton#0,"""ถัดไป"""
PayCharge_MenuReturnButton#0,"""กลับ"""
PayCharge_MenuExplain#0,"""เลือกจำนวน AC ที่คุณต้องการ<br>ซื้อ จากนั้นกด 【Next】"""
PayCharge_MenuDetails#0,"""การซื้อ AC ด้วย LINE Pay<br><br>จำนวนเงินที่เลือกจะถูกหักออกจากยอดคงเหลือ LINE Pay ของคุณ<br><br>จำเป็นต้องมีสมาร์ทโฟนหรือแท็บเล็ตที่มีแอป 【LINE】<br><br><yellow>[คุณสามารถติดตั้ง LINE ได้โดยการสแกนบาร์โค้ดนี้]<c>"""
PayCharge_MenuDetails_Merpay#0,"""Charge AC ด้วย MerPay<br><br>จำนวนเงินตามราคาที่เลือก<br>จะถูกชำระผ่าน MerPay<br><br>ในการใช้งาน MerPay<br>จำเป็นต้องมีแอปพลิเคชัน 【Mercari】<br>บนสมาร์ทโฟนหรือแท็บเล็ต<br><br><yellow>【สามารถติดตั้ง Mercari ได้ที่นี่】<c>"""
PayCharge_QRTitle#0,"""Charge ด้วย LINE Pay"""
PayCharge_QRTitle_MerPay#0,"""Charge ด้วย MerPay"""
PayCharge_QRExplainUp#0,"""จะทำการหักเงินตามจำนวน AC ที่เลือก<br>สแกนบาร์โค้ดเพื่อทำรายการ<br>ต่อไป"""
PayCharge_QRExplainDown#0,"""Code Number: $(0)"""
PayCharge_QRDetails#0,"""บนสมาร์ทโฟนของคุณ ให้เปิด 【LINE】 และสแกน QR Code ทางด้านซ้าย<br><br><yellow>[วิธีใช้ LINE Pay]<c><br>จากเมนูจุดสามจุดด้านล่าง เลือก 【Rabbit LINE Pay】 แตะที่ 【Scan QR Code】 แล้วสแกน QR code ที่แสดงในเกมเพื่อดำเนินการต่อ จากนั้น ป้อนรหัสผ่าน 6 หลักและยืนยันการชำระเงิน<br><br><yellow>[หากคุณไม่สามารถอ่าน QR code ได้]<c><br>หากคุณไม่สามารถสแกน QR code ได้ คุณสามารถป้อนรหัสตัวเลขด้านล่าง QR code แทนได้โดยแตะที่ 【Enter Code Number】 จากด้านล่างของหน้าจอ 【Scan QR Code】<br><br><yellow>บริการนี้มีให้เฉพาะบัญชี LINE ญี่ปุ่น/เกาหลีเท่านั้น<c>"""
PayCharge_QRDetails_MerPay#0,"""เปิดแอปพลิเคชัน 【Mercari】<br>และสแกน 2D Code<br>ที่แสดงอยู่<br><br><yellow>【วิธีสแกน】<c><br>เปิด Mercari บนสมาร์ทโฟนหรือแท็บเล็ต<br>เลือก 【สแกน】 (Scan) ในแท็บ 【MerPay】<br>แล้วสแกน 2D Code"""
PayCharge_RedrawTitle#0,"""ยืนยันการรีเฟรช 2D Barcode"""
PayCharge_RedrawMessage#0,"""2D Barcode หมดอายุแล้ว<br>กรุณากด 【รีเฟรช】 แล้วลองใหม่อีกครั้ง"""
PayCharge_RedrawYes#0,"""รีเฟรช"""
PayCharge_RedrawNo#0,"""ยกเลิก"""
PayCharge_TimeOut#0,"""<space>"""
PayCharge_AgeCheckTitle#0,"""ประกาศ"""
PayCharge_AgeCheckMessage#0,"""หากคุณยังไม่บรรลุนิติภาวะ คุณจะต้องได้รับความยินยอมจากบิดามารดาหรือผู้ปกครองในการซื้อ AC<br><br>หากคุณได้รับอนุญาต หรือบรรลุนิติภาวะแล้ว กรุณาคลิกที่ 【ยอมรับและดำเนินการต่อ】 เพื่อดำเนินการต่อไป"""
PayCharge_AgeCheckYes#0,"""ยอมรับและดำเนินการต่อ"""
PayCharge_AgeCheckNo#0,"""กลับ"""
PayCharge_ChargeErrorTitle#0,"""ยืนยัน AC Charge"""
PayCharge_ChargeErrorMessage#0,"""การสื่อสารถูกตัดขาด ทำธุรกรรมไม่สำเร็จ กรุณาลองใหม่อีกครั้งในภายหลัง"""
PayCharge_AutoPayment_Confirm_Title#0,"""ยืนยัน LINE Pay"""
PayCharge_AutoPayment_Confirm_Message#0,"""จะทำการซื้อยอดเติม AC ดังต่อไปนี้ จากยอดคงเหลือของ LINE Pay ที่ใช้งานครั้งล่าสุด<br>ตกลงหรือไม่?<br><br>ยอดเติม AC: $(0)<br>ราคา: $(1)<br><br>※หาก<yellow>ต้องการใช้คูปอง<c>ของ LINE Pay<br>\u3000\u3000กรุณาเลือก 【ไปยังการชำระด้วยรหัส】"""
PayCharge_AutoPayment_Confirm_QR_Button#0,"""Payment Code"""
PayCharge_AutoPayment_Complete_Title#0,"""AC Charge"""
PayCharge_AutoPayment_Complete_Message#0,"""AC Charge เสร็จสมบูรณ์"""
PayCharge_AutoPayment_Error_Title#0,"""AC Charge Error"""
PayCharge_AutoPayment_Error_Message#0,"""การชำระเงินด้วย LINE Pay ล้มเหลว<br>กรุณาตรวจสอบว่ายอดเงินคงเหลือเพียงพอหรือไม่"""
PayCharge_AutoPayment_CheckBox_Unregistered#0,"""ไม่ต้องสแกน Code ในการชำระเงินครั้งต่อไป"""
PayCharge_AutoPayment_CheckBox_Registered#0,"""ชำระเงินจากยอดคงเหลือของ LINE Pay ที่ใช้ครั้งก่อน"""
AcStopTitle#0,"""AC Charge"""
AcStopMessage#0,"""ฟังก์ชันนี้ยังไม่สามารถใช้งานได้ในขณะนี้"""
Title#0,"""Race"""
Human#0,"""Human"""
Newman#0,"""Newman"""
Cast#0,"""Cast"""
Dewman#0,"""Dewman"""
All#1,"""ทุก Races"""
NoHuman#0,"""นอกเหนือจาก Humans"""
NoNewman#0,"""นอกเหนือจาก Newmans"""
NoCast#0,"""นอกเหนือจาก Casts"""
NoDewman#0,"""นอกเหนือจาก Dewmans"""
Broken_Vita#0,"""โหลดล้มเหลว<br>ข้อมูล $(0) เสียหาย<br>จึงทำการบันทึกข้อมูล Save ใหม่ทับไปแล้ว"""
Type_1#0,"""Option"""
Type_2#0,"""System"""
Type_3#0,"""สร้าง"""
Type_4#0,"""ภาพถ่ายส่วนตัว (Portrait)"""
Initialize#0,"""กำลังสร้าง Save Data... $(0)%"""
Type_5#0,"""การตั้งค่า Window"""
Notice_Title#0,"""ยังไม่ได้ตั้งค่า Item Transaction Password"""
Notice_Text#0,"""【Item Transaction Password】 ใช้เพื่อ<br>ป้องกันการทำธุรกรรมไอเทมในกรณีที่ account ของคุณ<br>ถูกขโมย<br><br>ในการใช้งานฟีเจอร์บางอย่าง (เช่น การ<br>trade ไอเทม) คุณจำเป็นต้องตั้งรหัสผ่าน<br><br>ข้อมูลส่วนตัว เช่น วันเกิด, ที่อยู่,<br>เบอร์โทรศัพท์, หมายเลขเรียงลำดับ และอื่นๆ <yellow>ง่ายต่อการ<br>คาดเดาและไม่ปลอดภัย<c><br>กรุณาอย่าใช้ข้อมูลเหล่านี้"""
Notice_Button1#0,"""ยืนยัน"""
Notice_Button2#0,"""ยกเลิก"""
Edit_Title#0,"""การลงทะเบียน Item Transaction Password"""
Edit_Text#0,"""กรุณาใส่รหัสผ่าน (ต้องเป็น<yellow>ตัวเลข 5 หลัก<c>)"""
Edit_Menu1#0,"""รหัสผ่าน:"""
Edit_Menu2#0,"""รหัสผ่านอีกครั้ง:"""
Edit_Notice#0,"""Item Transaction password ที่คุณ<br>ลงทะเบียนไว้ จะต้องใช้ในการ trade ไอเทม<br><br>กรุณาใส่รหัสผ่านโดยใช้เมาส์ของคุณ<br>และปุ่มทางด้านขวา"""
Edit_NoticeV#0,"""Item Transaction password ที่คุณ<br>ลงทะเบียนไว้ จะต้องใช้ในการ trade ไอเทม"""
Edit_Button1#0,"""ยืนยัน"""
Edit_Button2#0,"""ยกเลิก"""
Edit_KeyShuffle#0,"""สุ่ม"""
Edit_KeyShow#0,"""แสดง"""
Edit_KeyHide#0,"""ซ่อน"""
Error_Title#0,"""Item Transaction Password"""
Error_Button1#0,"""ตกลง"""
Input_Error_Text1#0,"""กรุณาตรวจสอบให้แน่ใจว่ารหัสผ่านและช่องใส่รหัสผ่านอีกครั้งตรงกัน"""
Input_Error_Text2#0,"""กรุณาตรวจสอบให้แน่ใจว่ารหัสผ่านใหม่ถูกต้องและใส่ใหม่อีกครั้ง"""
Input_Error_Text3#0,"""ใส่รหัสผ่านไม่ถูกต้อง"""
Complete_Title#0,"""การลงทะเบียน Item Transaction Password"""
Complete_Text#0,"""ลงทะเบียน Item Trade/Transaction code แล้ว"""
Complete_Button1#0,"""ตกลง"""
Edit_Error_Title#0,"""ข้อผิดพลาด"""
Edit_Error_Button1#0,"""ตกลง"""
Entry_Title#0,"""Item Transaction Password"""
Entry_Text#0,"""กรุณาใส่รหัสผ่าน (ต้องเป็น<yellow>ตัวเลข 5 หลัก<c>)"""
Entry_Menu1#0,"""รหัสผ่าน"""
Entry_Notice#0,"""เพื่อความปลอดภัยของบัญชีของคุณ กรุณากรอก<br>Item Transaction Password ของคุณ<br><br>หากคุณกรอกรหัสผ่านผิด 6 ครั้ง<br>Item Transaction Password ของคุณจะถูกล็อก<br>หากต้องการเปลี่ยนหรือรีเซ็ตรหัสผ่าน กรุณา<br>เลือก 【Change/Reset】"""
Entry_NoticeV#0,"""หากคุณใส่รหัสผ่านผิด 6 ครั้ง<br>Item Transaction Password ของคุณจะถูกล็อค<br><yellow>หากต้องการเปลี่ยนหรือรีเซ็ตรหัสผ่าน กรุณา<br>เลือก 【เปลี่ยน/รีเซ็ต】<c>"""
Entry_Button1#0,"""ยืนยัน"""
Entry_Button2#0,"""ยกเลิก"""
Entry_Text2#0,"""เปลี่ยนหรือลบ Item Transaction Password"""
Entry_Button3#0,"""เปลี่ยน/รีเซ็ต"""
Entry_Button4#0,"""ลบ"""
Lock_Title#0,"""ข้อผิดพลาด"""
Lock_Button1#0,"""ตกลง"""
Change_Title#0,"""การเปลี่ยน Item Transaction Password"""
Change_Text#0,"""กรุณาใส่รหัสผ่าน (ต้องเป็น<yellow>ตัวเลข 5 หลัก<c>)"""
Change_Menu1#0,"""รหัสผ่านเดิม:"""
Change_Menu2#0,"""รหัสผ่านใหม่:"""
Change_Menu3#0,"""รหัสผ่านอีกครั้ง:"""
Change_Notice#0,"""เพื่อความปลอดภัยของบัญชีของคุณ กรุณากรอก<br>Item Transaction Password ของคุณ<br>หากต้องการรีเซ็ตรหัสผ่าน กรุณา<br>เลือก 【Reset password】"""
Change_NoticeV#0,"""จำเป็นต้องใช้ Item Transaction Password<br>ในการแลกเปลี่ยนไอเทม<br><br>หากคุณต้องการรีเซ็ตรหัสผ่าน<br>กด 【Reset password】"""
Change_Button2#0,"""ยกเลิก"""
Change2_Title#0,"""การยืนยัน"""
Change2_Text#0,"""การทำเช่นนี้จะเปลี่ยน Item Transaction Password เป็นรหัสใหม่<br>แน่ใจหรือไม่?"""
Change2_Button1#0,"""ใช่"""
Change2_Button2#0,"""ไม่"""
Changed_Title#0,"""การเปลี่ยน Item Transaction Password"""
Changed_Text#0,"""เปลี่ยน Item Transaction Password แล้ว"""
Changed_Button1#0,"""ตกลง"""
Remove_Title#0,"""การลบ Item Transaction Password"""
Remove_Text#0,"""กรุณาใส่รหัสผ่าน (ต้องเป็น<yellow>ตัวเลข 5 หลัก<c>)"""
Remove_Menu1#0,"""รหัสผ่าน"""
Remove_Notice#0,"""กรุณาใส่รหัสผ่านโดยใช้เมาส์ของคุณ<br>และปุ่มทางด้านขวา<br><br>ระบบจะล็อคหากคุณใส่<br>รหัสผ่านผิด 6 ครั้ง"""
Remove_NoticeV#0,"""หากคุณใส่รหัสผ่านผิด 6 ครั้ง<br>Item Transaction Password ของคุณจะถูกล็อค<br><yellow>หากต้องการเปลี่ยนหรือรีเซ็ตรหัสผ่าน กรุณา<br>เลือก 【เปลี่ยน/รีเซ็ต】<c>"""
Remove_Button1#0,"""ลบ"""
Remove_Button2#0,"""ยกเลิก"""
Remove2_Title#0,"""การยืนยัน"""
Remove2_Text#0,"""การทำเช่นนี้จะลบ Item Transaction Password ออก<br>ดำเนินการต่อหรือไม่?"""
Remove2_Button1#0,"""ใช่"""
Remove2_Button2#0,"""ไม่"""
Removed_Title#0,"""การลบ Item Transaction Password"""
Removed_Text#0,"""ลบ Item Transaction Password แล้ว"""
Removed_Button1#0,"""ตกลง"""
Edit_NoticePS4#0,"""Item Transaction Password ที่ลงทะเบียนไว้<br>จะต้องใช้เมื่อทำธุรกรรมไอเทม<br><br>คุณสามารถใช้เมาส์กรอกรหัสผ่าน<br>จากปุ่มที่แสดงอยู่ทางด้านขวาได้เช่นกัน"""
Entry_NoticePS4#0,"""คุณสามารถใช้เมาส์กรอกรหัสผ่าน<br>จากปุ่มที่แสดงอยู่ทางด้านขวาได้เช่นกัน<br><br>หากใส่รหัสผ่านผิด 6 ครั้ง<br>Item Transaction Password จะถูกล็อค<br><yellow>หากลืมรหัสผ่าน กรุณาตรวจสอบหัวข้อ<br>「Item Transaction Password」ในคู่มือออนไลน์<c>"""
Entry_Button5#0,"""รีเซ็ตรหัสผ่าน"""
Change_NoticePS4#0,"""คุณสามารถใช้เมาส์กรอกรหัสผ่าน<br>จากปุ่มที่แสดงอยู่ทางด้านขวาได้เช่นกัน<br>หากต้องการรีเซ็ตรหัสผ่าน<br>กรุณาเลือก「รีเซ็ตรหัสผ่าน」"""
Remove_NoticePS4#0,"""คุณสามารถใช้เมาส์กรอกรหัสผ่าน<br>จากปุ่มที่แสดงอยู่ทางด้านขวาได้เช่นกัน<br><br>หากใส่รหัสผ่านผิด 6 ครั้ง<br>Item Transaction Password จะถูกล็อค"""
Erase_Title#0,"""รีเซ็ต Item Transaction Password"""
Erase_Text#0,"""การทำเช่นนี้จะรีเซ็ต Item Transaction Password ของคุณ<br>และคุณจะต้องเลือกรหัสผ่านใหม่<br>ในการ login ครั้งต่อไป<br><br>ดำเนินการต่อหรือไม่?"""
Erased_Text#0,"""รีเซ็ต Item Transaction Password แล้ว"""
VitaOpenWeb_Title#0,"""การยืนยัน Web Browser"""
VitaOpenWeb_Text#0,"""การทำเช่นนี้จะเปิดหน้าเว็บเพจ<br>คุณจะถูก logged out และ<br>เกมจะปิดตัวลง ตกลงหรือไม่?"""
Erase_Error#0,"""คุณไม่สามารถตั้ง Item Transaction Password ใหม่ได้<br>ในขณะที่คุณยัง logged in อยู่<br><br>คุณสามารถรีเซ็ต Item Transaction Password<br>ได้ผ่านทางไซต์ player support<br><br>คุณต้องการรีเซ็ตจากหน้า support หรือไม่?"""
Title#1,"""Type"""
Male#0,"""Type 1"""
Female#0,"""Type 2"""
All#2,"""ทั้งหมด"""
TypeA#0,"""Type 1"""
TypeB#0,"""Type 2"""
GmMsg_000#0,"""ประกาศล่วงหน้า: มีกำหนดการจัดงานแข่ง ARKS Ship Competition ครั้งที่ $(4) ซึ่งจะรวมพล ARKS Ship ทุกลำ ตั้งแต่วันที่ $(1) เดือน $(0) เวลา $(2):$(3) หวังว่าจะมี ARKS มาร่วมงานเป็นจำนวนมาก จบประกาศ"""
GmMsg_001#0,"""ประกาศแจ้ง: ขณะนี้ กำลังจัดการแข่ง ARKS Ship Competition ครั้งที่ $(0)\u3000รอบที่ $(1) ขอให้ ARKS ที่เข้าร่วมทุกคนตรวจสอบเป้าหมาย และเริ่มปฏิบัติการได้ จบประกาศ"""
GmMsg_002#0,"""ประกาศล่วงหน้า: จะเริ่มการแข่งรอบที่ $(4) ตั้งแต่วันที่ $(1) เดือน $(0) เวลา $(2):$(3) ขอให้ ARKS ที่เข้าร่วมทุกคนเตรียมตัวให้พร้อมและรอคำสั่ง จบประกาศ"""
GmMsg_003#0,"""ประกาศแจ้ง: จากนี้ไปจะเริ่มการแข่งรอบที่ $(0) ขอให้ ARKS ที่เข้าร่วมทุกคนตรวจสอบเป้าหมาย และเริ่มปฏิบัติการได้ จบประกาศ"""
GmMsg_004#0,"""ประกาศแจ้ง: ขอประกาศจบการแข่งรอบที่ $(0) ขอให้รอฟังประกาศผลการแข่งสักครู่ จบประกาศ"""
GmMsg_005#0,"""รายงาน: จะมีการประกาศผลการแข่งรอบที่ $(4) ที่เพิ่งจบไป ที่หน้าจอมอนิเตอร์ยักษ์ใน Shop Area ตั้งแต่วันที่ $(1) เดือน $(0) เวลา $(2):$(3) จบประกาศ"""
GmMsg_006#0,"""ประกาศแจ้ง: ณ บัดนี้ ขอประกาศจบงานแข่ง ARKS Ship Competition ครั้งที่ $(0) ซึ่งรวมพล ARKS Ship ทุกลำ ขอขอบคุณในความพยายามของ ARKS ทุกนาย ขอให้รอฟังประกาศผลการแข่งรอบสุดท้ายสักครู่ จบประกาศ"""
GmMsg_007#0,"""รายงาน: จะมีการประกาศผลการแข่ง ARKS Ship Competition ครั้งที่ $(4) รอบสุดท้าย ที่หน้าจอมอนิเตอร์ยักษ์ใน Shop Area ตั้งแต่วันที่ $(1) เดือน $(0) เวลา $(2):$(3) ขอให้มารวมตัวกันโดยด่วน จบประกาศ"""
GmMsgF_000#0,"""แจ้งให้ทราบ: จะมีการจัดงานแข่ง ARKS Ship Competition ครั้งที่ $(4) ซึ่งรวมพล ARKS Ship ทุกลำ ตั้งแต่วันที่ $(1) เดือน $(0) เวลา $(2):$(3)"""
GmMsgF_001#0,"""แจ้งข่าว: ขณะนี้ กำลังจัดการแข่ง ARKS Ship Competition ครั้งที่ $(0)\u3000รอบที่ $(1) ขอให้ทุกท่านโชคดีและทำผลงานให้เต็มที่"""
GmMsgF_002#0,"""แจ้งให้ทราบ: จะเริ่มการแข่งรอบที่ $(4) ตั้งแต่วันที่ $(1) เดือน $(0) เวลา $(2):$(3) ขอให้ทุกท่านที่เข้าร่วมเตรียมตัวให้พร้อมด้วยนะคะ"""
GmMsgF_004#0,"""แจ้งข่าว: การแข่งรอบที่ $(0) ได้สิ้นสุดลงแล้ว ขอให้ทุกท่านโปรดรอการประกาศผลการแข่งสักครู่นะคะ"""
GmMsgF_005#0,"""รายงาน: จะมีการประกาศผลการแข่งของรอบที่เพิ่งจบไป ที่หน้าจอมอนิเตอร์ยักษ์ใน Shop Area ตั้งแต่วันที่ $(1) เดือน $(0) เวลา $(2):$(3) ขอให้ทุกท่านมารวมตัวกันด้วยนะคะ"""
GmMsgF_006#0,"""แจ้งข่าว: ณ บัดนี้ ขอประกาศจบงานแข่ง ARKS Ship Competition ครั้งที่ $(0) ซึ่งรวมพล ARKS Ship ทุกลำอย่างเป็นทางการ ขอขอบคุณจากใจจริงสำหรับความพยายามของทุกท่าน"""
GmMsgF_007#0,"""รายงาน: จะมีการประกาศผลการแข่ง ARKS Ship Competition ครั้งที่ $(4) รอบสุดท้าย ที่หน้าจอมอนิเตอร์ยักษ์ใน Shop Area ตั้งแต่วันที่ $(1) เดือน $(0) เวลา $(2):$(3) ขอให้ทุกท่านมารวมตัวกันด้วยนะคะ"""
Ship01#1,"""Ship01: Feoh"""
Ship02#1,"""Ship02: Ur"""
Ship03#1,"""Ship03: Thorn"""
Ship04#1,"""Ship04: Ansur"""
Ship05#1,"""Ship05: Laguz"""
Ship06#1,"""Ship06: Ken"""
Ship07#1,"""Ship07: Geofu"""
Ship08#1,"""Ship08: Wynn"""
Ship09#1,"""Ship09: Hagall"""
Ship10#1,"""Ship10: Nauthiz"""
SystemMesSegaID#0,"""กำลังยืนยันตัวตน SEGA ID..."""
SystemMesSegaID_v#0,"""กำลังยืนยันตัวตน SEGA ID"""
SystemMesAtherID#0,"""กำลังยืนยันตัวตน SEGA ID..."""
SystemMesLobbyWait#0,"""กำลังรอการตอบกลับจาก lobby server"""
SystemMesServerWait#0,"""กำลังรอการตอบกลับจาก server"""
SystemMesGameDataWait#0,"""ได้รับข้อมูลเกมแล้ว"""
SystemMesCharaDataWait#0,"""ได้รับข้อมูล character แล้ว"""
SystemMesGameShut#0,"""ตัดการเชื่อมต่อจาก server แล้ว"""
SystemMesServerShut#0,"""ตัดการเชื่อมต่อตามคำร้องขอจาก server"""
SystemMesNetWorkShut#0,"""หมดเวลาการเชื่อมต่อ กรุณาตรวจสอบการเชื่อมต่อและการตั้งค่าเครือข่ายของคุณ"""
SystemMesBusy#0,"""กำลังสื่อสาร..."""
SystemGmAlertFormMessage#0,"""ยอมรับข้อความนี้"""
SystemGmAlertFormMessageTitle#0,"""คำเตือนจากผู้ดูแลระบบ"""
SystemGmMessageFormMessageTitle#0,"""ข้อความจากผู้ดูแลระบบ"""
EmergencyStopMessage#0,"""มีปัญหากับฟีเจอร์ที่เลือก และการใช้งานถูกจำกัดในระหว่างการตรวจสอบ<br>กรุณาตรวจสอบรายละเอียดที่ Bumped.org หรือ player site"""
EmergencyStopMessageTitle#0,"""จำกัดการใช้งาน"""
EmergencyStopItemMessage#0,"""ขณะนี้ไอเทมที่เลือกกำลังมีปัญหา<br>จึงจำกัดการ trade เพื่อตรวจสอบ<br>กรุณาตรวจสอบรายละเอียดเพิ่มเติมที่ player site"""
EmergencyStopItemMessageTitle#0,"""จำกัดการ trade ไอเทมเฉพาะ"""
Toast_StoryQuestAnnounce#0,"""กรุณาเริ่ม [EPISODE 1] Story Quest 【Meeting Xion】"""
RestrictionTitle#0,"""จำกัดฟังก์ชัน"""
RestrictionMessageInfo#0,"""ในการใช้งานฟังก์ชันนี้ จำเป็นต้องเชื่อมโยงกับ SEGA ID<br><br>เมื่อเชื่อมโยงกับ SEGA ID คุณจะสามารถ<br>\u3000・เล่นเกมบนแพลตฟอร์มอื่นได้<br>\u3000・ใช้งาน One Time Password<br>และบริการที่มีประโยชน์อื่นๆ ได้<br><br>คุณสามารถรับและเชื่อมโยง SEGA ID ได้<br>จาก 【เชื่อมโยงกับ SEGA ID】 ในเมนู login"""
PSONLY_NotSupported#0,"""เนื่องจาก 【การตั้งค่า Crossplay】 ถูกตั้งเป็น 【ปิดใช้งาน】<br>ขณะนี้จึงไม่สามารถใช้ฟังก์ชันนี้ได้<br><br>คุณจะสามารถใช้งานได้<br>เมื่อตั้งค่า 【การตั้งค่า Crossplay】 ให้เป็น 【เปิดใช้งาน】<br>ในเมนู login"""
PSONLY_NotSupported_Title#0,"""ปิดใช้งาน Crossplay"""
SegaAccount_LinkFix#0,"""เชื่อมโยง SEGA Account เสร็จสมบูรณ์แล้ว"""
PrivacyPolicyCheck_Title#0,"""ยืนยัน Privacy Policy"""
PrivacyPolicy_Message#0,"""ในการเริ่มเกม คุณจำเป็นต้อง<br>ยินยอมตาม Privacy Policy<br>กรุณาตรวจสอบ Privacy Policy ที่ระบุถึง<br>การจัดการข้อมูลส่วนบุคคลของลูกค้า<br>จาก 【Privacy Policy】 ด้านล่างนี้"""
PrivacyPolicy_MessageCancel#0,"""หากคุณไม่ยินยอม คุณจะ<br>ไม่สามารถเล่นเกมได้<br><br>ระบบจะกลับไปที่หน้า Title<br>ตกลงหรือไม่?"""
PrivacyPolicyCheck_LinkButton#0,"""ตรวจสอบ Privacy Policy"""
PrivacyPolicyCheck_CheckBox#0,"""ยินยอมตาม Privacy Policy"""
PrivacyPolicyCheck_Agree#0,"""ยินยอม"""
PrivacyPolicyCheck_NotAgree#0,"""ไม่ยินยอม"""
Term_Area#0,"""$(0)/$(1)"""
Term_Positon#0,"""($(0),$(1),$(2))"""
Term_Hp#0,"""$(0)/$(1)"""
Term_Pp#0,"""$(0)/$(1)"""
Term_ClassSub#0,"""$(0) Lv.$(2)/$(1) Lv.$(3)"""
Term_Class#0,"""$(0) Lv.$(1)"""
TEST#0,"""นี่คือการทดสอบ"""
TimeSaleMessage#0,"""ขณะนี้กำลังอยู่ในช่วงลดราคา $(2)!<br><br>$(0)<br><br>จนถึง $(1)"""
AccessConfirm_Vita#0,"""ระบบจะย้ายไปยังหน้า Web<br>คุณจะถูก logged out และปิดเกมลง<br>ตกลงหรือไม่?"""
AccessConfirmTitle_Vita#0,"""ยืนยันการเปิด Browser"""
Yes#0,"""ใช่"""
No#0,"""ไม่"""
Decide#0,"""ยืนยัน"""
Cancel#0,"""ยกเลิก"""
Next#0,"""ถัดไป"""
Prev#0,"""ก่อนหน้า"""
Close#0,"""ปิด"""
Return#0,"""กลับ"""
CloseHint#0,"""ปิด"""
HelpHint#0,"""ช่วยเหลือ"""
Level#0,"""Lv."""
Colon#0,""":"""
Slash#0,"""/"""
Hyphen#0,"""-"""
Asterisk#0,"""*"""
Plus#0,"""+"""
Greater#0,""">"""
Less#0,"""<"""
WaveDash#0,"""~"""
Cross#0,"""x"""
MultiSelecting#0,"""กำลังเลือก..."""
MultiDrop#0,""" - ($(0))"""
DropText#0,"""$(0)"""
MultiDropText#0,"""$(1) - ($(0))"""
SubmenuType_StyleChange#0,"""เปลี่ยนรูปแบบการแสดงผล"""
SubmenuType_Help#0,"""ช่วยเหลือ"""
Title#2,"""ข้อความ"""
CaptureMessage#0,"""บันทึก Screenshot แล้ว"""
CaptureMessage2#0,"""บันทึก Screenshot แล้ว"""
CaptureMessage3#0,"""บันทึก Screenshot แล้ว"""
CaptureErrorMessage01#0,"""ไม่สามารถบันทึก screenshot ได้: พื้นที่ว่างไม่เพียงพอ"""
MovieStartMessage#0,"""เริ่มการบันทึกวิดีโอแล้ว"""
MovieEndMessage#0,"""สิ้นสุดการบันทึกวิดีโอแล้ว"""
MovieErrorMessage01#0,"""ไม่สามารถบันทึกวิดีโอได้: พื้นที่ว่างไม่เพียงพอ"""
MovieErrorMessage02#0,"""ยกเลิกการบันทึกวิดีโอ: พื้นที่ว่างไม่เพียงพอ"""
Bubble_Chatter1#0,"""・・・"""
Bubble_Chatter2#0,"""・・・"""
Bubble_Chatter3#0,"""・・・"""
Bubble_Chatter4#0,"""・・・"""
Bubble_Chatter5#0,"""・・・"""
Bubble_Chatter6#0,"""・・・"""
Bubble_Chatter7#0,"""・・・"""
Bubble_Chatter8#0,"""・・・"""
Bubble_Chatter9#0,"""・・・"""
Bubble_Chatter10#0,"""・・・"""
CheckTextOpen#0,"""ไม่ต้องแสดงหน้าต่างนี้อีก"""
ClosableMessageTitle#0,"""ข้อความ"""
ClosableMessageButton#0,"""ปิด"""
PlayerIDName#0,"""ชื่อ Player ID"""
PlayerID#0,"""Player ID"""
CharaName#0,"""ชื่อ Character"""
LevelNum#0,"""Lv.$(0)"""
SubmenuType_Edit#0,"""Customize"""
SubmenuType_SearchMode#0,"""เปลี่ยนโหมดการค้นหา"""
BeginLookAtCamera#0,"""มองที่ Camera"""
EndLookAtCamera#0,"""เลิกมองที่ Camera"""
NoName#0,"""ไม่มี"""
Percent#0,"""%"""
PercentNum#0,"""$(0)%"""
ScratchNote_Title#0,"""เกี่ยวกับอัตราการได้รับของ Scratch"""
ScratchNote#0,"""เปอร์เซ็นต์ที่แสดงสำหรับไอเทมแต่ละชิ้นเป็นเพียงตัวเลขสำหรับแสดงผลเท่านั้น โดยจะถูกปัดเศษในทศนิยมตำแหน่งที่หก<br>และตัดทิ้งตั้งแต่ทศนิยมตำแหน่งที่ห้าเป็นต้นไป<br>ดังนั้น ผลรวมทั้งหมดอาจไม่เท่ากับ 100% พอดี แม้จะนำตัวเลขทั้งหมดมารวมกันก็ตาม<br>ไอเทมแต่ละชิ้นจะแสดงเปอร์เซ็นต์อัตราการได้รับ อย่างไรก็ตาม นี่ไม่ได้หมายความว่าไอเทมที่มีอัตรา 1% จะการันตีว่าจะต้องได้รับอย่างแน่นอน แม้ว่าคุณจะสุ่มครบ 100 ครั้งก็ตาม<br>โปรดทราบว่าไอเทมที่เปิดตัวในตู้สุ่ม (Scratch Banner) ปัจจุบัน อาจจะไปปรากฏในตู้สุ่มอื่นๆ ได้เช่นกัน<br>※ไอเทมบางชิ้นไม่รองรับการตั้งค่า Toon Display กรุณาตรวจสอบรายละเอียดเพิ่มเติมเกี่ยวกับฟีเจอร์นี้ได้ที่ FAQ"""
Guide_Common_01#0,"""ยืนยัน: <%Decide>\u3000\u3000ยกเลิก: <%Cancel>"""
Guide_Common_02#0,"""ยืนยัน: <%Decide>\u3000\u3000ยกเลิก: <%Cancel>\u3000\u3000สลับหน้าต่าง: <%ChangeCtrlWindowForward>"""
Guide_Common_03#0,"""ยืนยัน: <%Decide>\u3000\u3000ยกเลิก: <%Cancel>\u3000\u3000สลับ Pane: <%NextWidget>"""
Guide_Common_04#0,"""ยืนยัน: <%Decide>\u3000\u3000ยกเลิก: <%Cancel>\u3000\u3000สลับ Pane: <%NextWidget>\u3000\u3000สลับหน้าต่าง: <%ChangeCtrlWindowForward>"""
Guide_ItemPack_01#0,"""ยืนยัน: <%Decide>\u3000\u3000ยกเลิก: <%Cancel>\u3000\u3000สลับ Pane: <%NextWidget>\u3000\u3000เลือกหลายรายการ: <%MultiSelect>\u3000\u3000สลับหน้าต่าง: <%ChangeCtrlWindowForward>"""
Guide_Scratch_01#0,"""ยืนยัน: <%Decide>\u3000\u3000ยกเลิก: <%Cancel>\u3000\u3000สลับ Pane: <%NextWidget>\u3000\u3000รีเซ็ต Preview ที่แสดง: <%MultiSelect>"""
Guide_Shop_01#0,"""ยืนยัน: <%Decide>\u3000\u3000ยกเลิก: <%Cancel>\u3000\u3000สลับ Pane: <%NextWidget>\u3000\u3000สลับหน้าต่าง: <%ChangeCtrlWindowForward>\u3000\u3000ดูรายละเอียดไอเทม: <%NextTabDetails>"""
Guide_Submenu_01#0,"""ยืนยัน: <%Decide>\u3000\u3000ยกเลิก: <%Cancel>\u3000\u3000สลับ Pane: <%NextWidget>\u3000\u3000เปลี่ยนลำดับ: <%MultiSelect>\u3000\u3000 รีเซ็ต Layout: <%ChangeCtrlWindowForward>"""
Guide_Vitaldesign_01#0,"""ยืนยัน: <%Decide>\u3000\u3000ยกเลิก: <%Cancel>\u3000\u3000สลับ Pane: <%NextWidget>\u3000\u3000Preview: <%Function>\u3000เพิ่มลงใน/แก้ไข Favorites: <%NextTabDetails>\u3000\u3000สลับหน้าต่าง: <%ChangeCtrlWindowForward>"""
Guide_ItemRecycle_01#0,"""ยืนยัน: <%Decide>\u3000\u3000ยกเลิก: <%Cancel>\u3000\u3000สลับ Pane: <%NextWidget>\u3000\u3000สลับหน้าต่าง: <%ChangeCtrlWindowForward>\u3000\u3000ล้างไอคอน New ทั้งหมด: <%NextTabDetails>"""
Guide_AlwaysLockon_01#0,"""Lock-On: """
Guide_AlwaysLockon_02#0,"""<%LockOn>"""
Guide_AlwaysLockon_03#0,"""กด <%LockOn> ค้างไว้"""
Guide_AlwaysStep_01#0,"""หลบหลีก (Evade): """
Guide_AlwaysStep_02#0,"""<%Avoid>"""
Guide_AlwaysDash_01#0,"""Dash: """
Guide_AlwaysDash_02#0,"""กด <%Avoid> ค้างไว้<br>ขณะเคลื่อนที่"""
Guide_ItemRecycle_02#0,"""ยืนยัน: <%Decide>\u3000\u3000ยกเลิก: <%Cancel>\u3000\u3000สลับ Pane: <%NextWidget>\u3000\u3000สลับหน้าต่าง: <%ChangeCtrlWindowForward>"""
Guide_MySpace_01#0,"""ยืนยัน: <%Decide>\u3000\u3000ยกเลิก: <%Cancel>\u3000\u3000สลับ Pane: <%NextWidget>\u3000\u3000 เพิ่มลงใน/แก้ไข Favorites: <%NextTabDetails>"""
Guide_Event_01#0,"""ควบคุม Camera: <swguidetype EventCamera>"""
Guide_CoordCatalog_01#0,"""ยืนยัน: <%Decide>\u3000\u3000ยกเลิก: <%Cancel>\u3000\u3000สลับ Pane: <%NextWidget>\u3000\u3000สลับหน้าต่าง: <%ChangeCtrlWindowForward>\u3000\u3000เมนูย่อย: <%Function>"""
Guid_LaboItemDetail#0,"""ยืนยัน: <%Decide>\u3000\u3000ยกเลิก: <%Cancel>\u3000\u3000สลับ Pane: <%NextWidget>\u3000\u3000สลับหน้าต่าง: <%ChangeCtrlWindowForward>\u3000\u3000ดูรายละเอียดไอเทม: <%NextTabDetails>"""
Substitute_Idle_0#0,"""Standard"""
Substitute_Idle_1#0,"""Simple"""
Substitute_Idle_2#0,"""Simple 2"""
Substitute_Idle_3#0,"""Signature Pose"""
Substitute_Idle_4#0,"""At Attention"""
Substitute_Idle_5#0,"""Hand on Hip"""
Substitute_Idle_6#0,"""Cross Arms"""
Substitute_Idle_7#0,"""Imposing Stance"""
Substitute_Idle_9#0,"""Elegant Stance"""
Substitute_Idle_10#0,"""Floating"""
Substitute_Idle_11#0,"""Brash"""
Substitute_Idle_12#0,"""Yareyare"""
Substitute_Idle_13#0,"""Kung-Fu"""
Substitute_Idle_14#0,"""Gentle"""
Substitute_Idle_16#0,"""Fan Self"""
Substitute_Idle_17#0,"""Simple Minded"""
Substitute_Idle_18#0,"""Ponder"""
Substitute_Idle_19#0,"""Ready"""
Substitute_Idle_20#0,"""Fixing Hair"""
Substitute_Idle_21#0,"""Data Inquiry"""
Substitute_Idle_22#0,"""Stretch"""
Substitute_Idle_23#0,"""Boxer Step"""
Substitute_Idle_24#0,"""Imposing Stance 2"""
Substitute_Idle_25#0,"""Wipe Sweat"""
Substitute_Idle_26#0,"""Butler"""
Substitute_Idle_27#0,"""Timid"""
Substitute_Idle_28#0,"""Sleep Mode"""
Substitute_Idle_30#0,"""Bent Back"""
Substitute_Idle_31#0,"""Hand on Hip 2"""
Substitute_Idle_32#0,"""Salon"""
Substitute_Idle_33#0,"""Salon 2"""
Substitute_Idle_36#0,"""Impatient"""
Substitute_Idle_37#0,"""Hands Behind Back"""
Substitute_Idle_38#0,"""Rappy"""
Substitute_Idle_39#0,"""Eat Ice Cream"""
Substitute_Idle_40#0,"""Puffed Chest"""
Substitute_Idle_41#0,"""Signature Pose 2"""
Substitute_Idle_43#0,"""Cute"""
Substitute_Idle_44#0,"""Imposing Stance 3"""
Substitute_Idle_46#0,"""Crouch"""
Substitute_Idle_47#0,"""Hand Seals"""
Substitute_Idle_49#0,"""One Leg Balance"""
Substitute_Idle_50#0,"""Sleepy"""
Substitute_Idle_51#0,"""Rappy Plush"""
Substitute_Idle_52#0,"""Mitarashi Pose"""
Substitute_Idle_53#0,"""§Ichika§ Pose"""
Substitute_Idle_54#0,"""Read"""
Substitute_Idle_55#0,"""Warm Up"""
Substitute_Idle_57#0,"""Squid Dance"""
Substitute_Idle_58#0,"""Cross Arms 2"""
Substitute_Idle_59#0,"""Hold Umbrella"""
Substitute_Idle_60#0,"""Model Stance"""
Substitute_Idle_61#0,"""Model Stance 2"""
Substitute_Idle_62#0,"""Hands Behind Back 2"""
Substitute_Idle_63#0,"""【Central!】"""
Substitute_Idle_64#0,"""Eat Ice Cream 2"""
Substitute_Idle_65#0,"""Sit on Box"""
Substitute_Idle_66#0,"""Hand on Hip 3"""
Substitute_Idle_67#0,"""Hatosuke"""
Substitute_Idle_68#0,"""Crossed Arms Float"""
Substitute_Idle_69#0,"""Blazing"""
Substitute_Idle_70#0,"""Eat Ice Cream 3"""
Substitute_Idle_71#0,"""Phaleg Pose"""
Substitute_Idle_73#0,"""PSO2 10th Anniversary"""
Substitute_Idle_74#0,"""Shiki Tohno"""
Substitute_Idle_75#0,"""Arcueid"""
Substitute_Idle_76#0,"""Ciel"""
Substitute_Idle_77#0,"""Akiha Tohno"""
Substitute_Idle_78#0,"""Mount Broom"""
Substitute_Idle_79#0,"""Butterfly Play"""
Substitute_Idle_80#0,"""Floating Read"""
Substitute_Idle_81#0,"""Dark Spirit"""
Substitute_Idle_82#0,"""Propeller Engine"""
Substitute_Idle_83#0,"""Data Inquiry/B"""
Substitute_Idle_84#0,"""Finger Frame"""
Substitute_Idle_86#0,"""Fredran"""
Substitute_Idle_87#0,"""Wulfer"""
Substitute_Idle_88#0,"""Marmelo"""
Substitute_Idle_89#0,"""Floating Teatime"""
Substitute_Idle_90#0,"""Quick Break"""
Substitute_Idle_91#0,"""Rappy Plush/B"""
Substitute_Idle_101#0,"""Lissome"""
Substitute_Idle_102#0,"""Smartphone"""
Substitute_Idle_103#0,"""Light Wings"""
Substitute_Idle_104#0,"""Fix Hair 2"""
Substitute_Idle_106#0,"""Tachikoma 2"""
Substitute_Idle_109#0,"""Bored"""
Substitute_Idle_110#0,"""Hold Umbrella/B"""
Substitute_Idle_111#0,"""Star Ride"""
Substitute_Idle_112#0,"""Body Stretch"""
Substitute_Idle_114#0,"""Lovely"""
Substitute_Idle_121#0,"""Penguin Pose"""
Substitute_Idle_122#0,"""Animal Play"""
Substitute_Idle_123#0,"""Fanning"""
Substitute_Idle_124#0,"""Petals"""
Substitute_Idle_125#0,"""Psychic Ball"""
Substitute_Idle_127#0,"""Display"""
Substitute_Idle_128#0,"""Tachikoma"""
Substitute_Idle_129#0,"""Float 2"""
Substitute_Idle_130#0,"""Farfalla"""
Substitute_Idle_131#0,"""Farfalla EX"""
Substitute_Idle_132#0,"""Uncle Spell"""
Substitute_Idle_133#0,"""Fan Service"""
Substitute_Idle_134#0,"""Fan Service EX"""
Substitute_Idle_135#0,"""Zombie"""
Substitute_Idle_136#0,"""Zombie EX"""
Substitute_Idle_137#0,"""Jiangshi"""
Substitute_Idle_138#0,"""W Sitting"""
Substitute_Idle_139#0,"""Ride Holo Ball"""
Substitute_Idle_140#0,"""Vertical Float"""
Substitute_Idle_141#0,"""Vertical Float EX"""
Substitute_Idle_142#0,"""Blazing/B"""
Substitute_Idle_143#0,"""Kneel"""
Substitute_Idle_144#0,"""Yoo-hoo"""
Substitute_Idle_145#0,"""Wave"""
Substitute_Idle_146#0,"""Outstretched Legs Sit"""
Substitute_Idle_147#0,"""Majestic Wings"""
Substitute_Idle_148#0,"""Majestic Wings EX"""
Substitute_Idle_149#0,"""Samurai"""
Substitute_Idle_150#0,"""Samurai EX"""
Substitute_Idle_151#0,"""Sit"""
Substitute_Idle_152#0,"""Ride Hawk"""
Substitute_Idle_153#0,"""Hiten Mitsurugi-ryu"""
Substitute_Idle_154#0,"""Step to the Rhythm"""
Substitute_Idle_155#0,"""Gyro Runner"""
Substitute_Idle_156#0,"""Signature Pose 3"""
Substitute_Idle_157#0,"""Gather Energy"""
Substitute_Idle_158#0,"""Superhero"""
Substitute_Idle_159#0,"""Bunny Hop"""
Substitute_Idle_160#0,"""Easter Egg"""
Substitute_Idle_161#0,"""Kick"""
Substitute_Idle_162#0,"""Kick EX"""
Substitute_Idle_163#0,"""Coffee Break"""
Substitute_Idle_164#0,"""Cherry Blossom"""
Substitute_Idle_165#0,"""Cherry Blossom EX"""
Substitute_Idle_166#0,"""Shinobi"""
Substitute_Idle_167#0,"""Lean"""
Substitute_Idle_168#0,"""Paramotor"""
Substitute_Idle_169#0,"""Signature Pose 4"""
Substitute_Idle_170#0,"""Dark Mage"""
Substitute_Idle_171#0,"""Sit on Box/B"""
Substitute_Idle_172#0,"""Rappy Plush/C"""
Substitute_Idle_173#0,"""Dark Mage EX"""
Substitute_Idle_174#0,"""Floating (Ice)"""
Substitute_Idle_175#0,"""Floating (Fire)"""
Substitute_Idle_176#0,"""Floating (Wind)"""
Substitute_Idle_177#0,"""Floating (Dark)"""
Substitute_Idle_178#0,"""Floating (Light)"""
Substitute_Idle_179#0,"""Hold Umbrella/C"""
Substitute_Idle_180#0,"""Hold Umbrella/D"""
Substitute_Idle_181#0,"""Hold Umbrella/E"""
Substitute_Idle_182#0,"""Smartphone/B"""
Substitute_Idle_183#0,"""Flame Fists"""
Substitute_Idle_184#0,"""R. Mag Minimo"""
Substitute_Idle_185#0,"""Mount Broom Rev"""
Substitute_Idle_186#0,"""Cute Rev"""
Substitute_Idle_187#0,"""Floating Teatime Rev"""
Substitute_Idle_188#0,"""Psychic Ball Rev"""
Substitute_Idle_189#0,"""Ready Rev"""
Substitute_Idle_190#0,"""Hand on Hip Rev"""
Substitute_Idle_191#0,"""Signature Pose Rev"""
Substitute_Idle_192#0,"""Model Stance Rev"""
Substitute_Idle_193#0,"""Model Stance 2 Rev"""
Substitute_Idle_194#0,"""Floating Rev"""
Substitute_Idle_195#0,"""Hand on Hip 3 Rev"""
Substitute_Idle_196#0,"""Model Stance 3"""
Substitute_Idle_197#0,"""Survival Game"""
Substitute_Idle_198#0,"""Survival Game EX"""
Substitute_Idle_199#0,"""Hold Bouquet"""
Substitute_Idle_200#0,"""Hold Bouquet EX"""
Substitute_Idle_201#0,"""Twirl"""
Substitute_Idle_202#0,"""Lancelot"""
Substitute_Idle_203#0,"""Stand Straight"""
Substitute_Idle_204#0,"""Ghost"""
Substitute_Idle_205#0,"""Ghost EX"""
Substitute_Idle_206#0,"""Crouching Start"""
Substitute_Idle_207#0,"""Piercing"""
Substitute_Idle_208#0,"""Shadow"""
Substitute_Idle_209#0,"""Lissome Rev"""
Substitute_Idle_210#0,"""Bored Rev"""
Substitute_Idle_211#0,"""W Sitting Rev"""
Substitute_Idle_212#0,"""Wave Rev"""
Substitute_Idle_213#0,"""和装フォーム"""
Substitute_Idle_214#0,"""無重力"""
Substitute_Idle_215#0,"""Standing Pose"""
Substitute_Idle_216#0,"""Gunslinger"""
Substitute_Idle_217#0,"""Gunslinger EX"""
Substitute_Idle_218#0,"""Standing Pose 2"""
Substitute_Idle_219#0,"""Spellcasting"""
Substitute_Idle_220#0,"""Spellcasting EX"""
Substitute_Idle_221#0,"""Petals/B"""
Substitute_Idle_222#0,"""Hand on Hip 4"""
Substitute_Idle_223#0,"""Handy Propeller"""
Substitute_Idle_224#0,"""無重力EX"""
Substitute_Idle_225#0,"""Stand Straight 2"""
Substitute_Idle_226#0,"""ランサー"""
Substitute_Idle_227#0,"""ランサーEX"""
Substitute_Idle_228#0,"""かぼちゃに座る"""
Substitute_Idle_229#0,"""巨人"""
Substitute_Idle_230#0,"""Hover"""
Substitute_Idle_231#0,"""エアドライブ"""
Substitute_Idle_232#0,"""Data Inquiry/C"""
Substitute_Idle_233#0,"""有間都古"""
Substitute_Idle_234#0,"""Majestic Wings/B"""
Substitute_Idle_235#0,"""Model Stance 4"""
Substitute_Idle_236#0,"""Dark Soldier"""
Substitute_Idle_237#0,"""Dark Soldier EX"""
Substitute_Idle_238#0,"""Hand on Chest"""
Substitute_Idle_239#0,"""Holiday Sleigh"""
Substitute_Idle_240#0,"""Stand Straight 3"""
Substitute_Idle_241#0,"""Iron Club"""
Substitute_Idle_242#0,"""Lindsey"""
Substitute_Idle_243#0,"""Odette"""
Substitute_Idle_244#0,"""ディスプレイ/B"""
Substitute_Idle_245#0,"""星に乗る/B"""
Substitute_Idle_246#0,"""Accelerator"""
Substitute_Idle_247#0,"""John's Pen"""
Substitute_Idle_248#0,"""Blow Kiss"""
Substitute_Idle_249#0,"""Snow Tube"""
Substitute_Idle_250#0,"""Join Fingers"""
Substitute_Idle_251#0,"""Mecha Wings"""
Substitute_Idle_252#0,"""手を差し出す"""
Substitute_Idle_253#0,"""クッション"""
Substitute_Idle_254#0,"""立ちポーズ3"""
Substitute_Idle_255#0,"""美麗"""
Substitute_Idle_256#0,"""美麗EX"""
Substitute_Idle_257#0,"""浮遊読書/B"""
Substitute_Idle_258#0,"""敬礼"""
Substitute_Idle_259#0,"""ガード"""
Substitute_Idle_260#0,"""ガードEX"""
Substitute_Idle_261#0,"""片腕をつかむ"""
Substitute_Idle_262#0,"""トロッコ"""
Substitute_Idle_263#0,"""まっすぐ立つ4"""
Substitute_Idle_264#0,"""リフェルの長杖"""
Substitute_Idle_265#0,"""リフェルの長杖EX"""
Substitute_Idle_266#0,"""リムルを抱える"""
Substitute_Idle_267#0,"""ラッピーオムライス"""
Substitute_Idle_269#0,"""ソニック"""
Substitute_Idle_270#0,"""ドゥームウィング"""
Substitute_Idle_271#0,"""思案2"""
Substitute_Idle_272#0,"""シノビ2"""
Substitute_Idle_273#0,"""シノビ2EX"""
Substitute_Idle_274#0,"""手を振る2"""
Substitute_Idle_275#0,"""直線飛行"""
Substitute_Idle_276#0,"""サーフィン"""
Substitute_Idle_277#0,"""ラッピーうきわに乗る"""
Substitute_Idle_278#0,"""立ちポーズRev"""
Substitute_Idle_279#0,"""立ちポーズ2Rev"""
Substitute_Idle_280#0,"""腰に手を当てる4Rev"""
Substitute_Idle_281#0,"""和装フォームRev"""
Substitute_Idle_282#0,"""髪を整える2Rev"""
Substitute_Idle_283#0,"""ダークメイジRev"""
Substitute_Idle_284#0,"""サムライ/B"""
Substitute_Idle_285#0,"""モデル立ち3Rev"""
Substitute_Idle_286#0,"""モデル立ち4Rev"""
Substitute_Idle_287#0,"""ガンスリンガー/B"""
Substitute_Idle_288#0,"""スリープモードRev"""
Substitute_Idle_289#0,"""あおぐRev"""
Substitute_Idle_290#0,"""執事Rev"""
Substitute_Idle_291#0,"""やれやれRev"""
Substitute_Idle_292#0,"""やっほーRev"""
Substitute_Idle_293#0,"""決めポーズ3Rev"""
Substitute_Idle_294#0,"""ユミアの調合"""
Substitute_Idle_295#0,"""ユミアの調合2"""
Substitute_Idle_296#0,"""ユミアの調合3"""
Substitute_Idle_297#0,"""光翼/B"""
Substitute_Idle_298#0,"""博麗霊夢"""
Substitute_Idle_299#0,"""霧雨魔理沙"""
Substitute_Idle_300#0,"""ハグ待ち"""
Substitute_Idle_301#0,"""おねだり"""
Substitute_Idle_302#0,"""立ちポーズ4"""
Substitute_Idle_303#0,"""決めポーズ5"""
Substitute_Idle_304#0,"""肉まんを食べる"""
Substitute_Idle_305#0,"""羽扇"""
Substitute_Idle_306#0,"""羽扇EX"""
Substitute_Idle_307#0,"""サイキックボール/B"""
Substitute_Idle_308#0,"""ホロボールに乗る/B"""
Substitute_Idle_309#0,"""かぼちゃに座る2"""
Substitute_Idle_310#0,"""小悪魔"""
Substitute_Idle_311#0,"""小悪魔EX"""
Substitute_Idle_312#0,"""かがむ2"""
Substitute_Idle_313#0,"""ヴィラン"""
Substitute_Idle_314#0,"""ヴィランEX"""
Substitute_Idle_315#0,"""スマホ操作2"""
Substitute_Idle_316#0,"""ノリノリ"""
Substitute_Idle_317#0,"""のぞきこむ"""
Substitute_Idle_318#0,"""爽やか"""
Substitute_Idle_319#0,"""スマホ操作2EX"""
Substitute_Idle_320#0,"""ノリノリEX"""
Substitute_Idle_321#0,"""かごを持つ"""
Substitute_Idle_322#0,"""獣3"""
Substitute_Idle_323#0,"""獣3EX"""
Substitute_Idle_324#0,"""モデル立ち5"""
Substitute_Idle_325#0,"""トランクケース"""
Substitute_Idle_326#0,"""立ちポーズ5"""
Substitute_Idle_327#0,"""清夏のジェネ水着"""
Substitute_Idle_328#0,"""潮騒のアネット水着"""
Substitute_Idle_329#0,"""アフタル水着"""
Substitute_Idle_330#0,"""ホルシード水着"""
Substitute_Idle_331#0,"""袋に座る"""
Substitute_Idle_332#0,"""トナカイ"""
Substitute_Idle_333#0,"""和装フォーム2"""
Substitute_Idle_334#0,"""ウマグルミに乗る"""
Substitute_Idle_335#0,"""モデル立ち6"""
Substitute_Idle_336#0,"""決めポーズ6"""
Substitute_Idle_337#0,"""立ちポーズ6"""
Substitute_Idle_338#0,"""ストレッチ2"""
Substitute_Idle_341#0,"""キュート2"""
Substitute_Idle_342#0,"""大剣"""
Substitute_Idle_344#0,"""大剣EX"""
Substitute_Idle_345#0,"""ガオ"""
Substitute_Idle_346#0,"""アンニュイ"""
Substitute_Idle_347#0,"""ガオEX"""
Substitute_Idle_348#0,"""アンニュイEX"""
Substitute_Idle_349#0,"""かごを持つRM"""
Substitute_Idle_350#0,"""闇魂/B"""
Substitute_Idle_351#0,"""武威登龍“凱風快晴”"""
Substitute_Idle_352#0,"""皇巫アマテラス日蝕"""
Substitute_Idle_353#0,"""PUNI☆MOFUマオ"""
Substitute_Idle_354#0,"""PUNI☆MOFUトゥ"""
Substitute_Idle_355#0,"""注射"""
Substitute_Idle_356#0,"""注射RM"""
Substitute_Idle_358#0,"""ホールスタッフ"""
Substitute_Idle_359#0,"""ホールスタッフEX"""
Substitute_Idle_360#0,"""ハートポーズ"""
Substitute_Idle_361#0,"""モノホイール"""
Substitute_Idle_362#0,"""本を持つ"""
Substitute_Idle_363#0,"""本を持つEX"""
Substitute_Idle_364#0,"""長杖"""
Substitute_Idle_365#0,"""長杖EX"""
Substitute_Idle_366#0,"""前かがみ"""
Substitute_Idle_367#0,"""あざとい"""
Substitute_Idle_368#0,"""地面に座る"""
Substitute_Idle_369#0,"""地面に座るEX"""
Substitute_Idle_370#0,"""ぺたん座り2"""
Substitute_Idle_371#0,"""ぺたん座り2EX"""
Substitute_Idle_372#0,"""優雅な佇まい"""
Substitute_Idle_373#0,"""優雅な佇まいEX"""
Substitute_Idle_374#0,"""箱に座る2"""
Substitute_Idle_375#0,"""ブーケを持つ/B"""
Substitute_Idle_376#0,"""ステラC・歌姫"""
Substitute_Idle_377#0,"""ウィンディスC・歌姫"""
Substitute_Idle_378#0,"""クーナC・歌姫"""
Substitute_Idle_379#0,"""目元ピース"""
Substitute_Idle_380#0,"""ラッピーズ"""
Substitute_Idle_382#0,"""思案3"""
Substitute_Idle_383#0,"""モデル立ち7"""
Substitute_Idle_384#0,"""ハートポーズ2"""
Substitute_Idle_385#0,"""顎をなでる"""
Substitute_Idle_386#0,"""抜剣"""
Substitute_Idle_387#0,"""口元に手を当てる"""
Substitute_Idle_388#0,"""抜剣EX"""
Substitute_Idle_389#0,"""にゃんたしーすたー"""
Substitute_Idle_390#0,"""にゃんたしーすたー2"""
Substitute_Idle_391#0,"""かわいくジャンプ"""
Substitute_Idle_392#0,"""扇子"""
Substitute_Idle_393#0,"""おねだり2"""
Substitute_Idle_394#0,"""高飛車"""
Substitute_Idle_395#0,"""スターライトディーヴァ"""
Substitute_Idle_396#0,"""ツインスターディーヴァ"""
Substitute_Idle_397#0,"""コズミックディーヴァ"""
Substitute_Jump_0#0,"""Standard"""
Substitute_Jump_1#0,"""Simple"""
Substitute_Jump_2#0,"""Simple 2"""
Substitute_Jump_3#0,"""Frontflip"""
Substitute_Jump_4#0,"""Arched Back"""
Substitute_Jump_5#0,"""Arms Spread"""
Substitute_Jump_6#0,"""Heavyweight"""
Substitute_Jump_7#0,"""Knee Up"""
Substitute_Jump_8#0,"""Knock Knees"""
Substitute_Jump_9#0,"""Comical"""
Substitute_Jump_10#0,"""Letter Y"""
Substitute_Jump_11#0,"""Rapid Spin"""
Substitute_Jump_12#0,"""Stylish"""
Substitute_Jump_13#0,"""Arms Raised"""
Substitute_Jump_14#0,"""Cutesy"""
Substitute_Jump_15#0,"""Leap"""
Substitute_Jump_16#0,"""Twist"""
Substitute_Jump_17#0,"""Light"""
Substitute_Jump_18#0,"""Arms Raised 2"""
Substitute_Jump_19#0,"""Crossed Arms Float"""
Substitute_Jump_21#0,"""Uncle Spell"""
Substitute_Jump_22#0,"""Jiangshi"""
Substitute_Jump_24#0,"""Vertical Float"""
Substitute_Jump_25#0,"""Gyro Runner"""
Substitute_Jump_26#0,"""Superhero"""
Substitute_Jump_27#0,"""Shinobi"""
Substitute_Jump_28#0,"""Shadow"""
Substitute_Jump_29#0,"""エアドライブ"""
Substitute_Jump_30#0,"""美麗"""
Substitute_Jump_31#0,"""ガード"""
Substitute_Jump_32#0,"""トロッコ"""
Substitute_Jump_33#0,"""ドゥームウィング"""
Substitute_Jump_34#0,"""シノビ2"""
Substitute_Jump_35#0,"""ラッピーうきわに乗る"""
Substitute_Jump_36#0,"""マジェスティウィング"""
Substitute_Jump_37#0,"""ユミア"""
Substitute_Landing_0#0,"""Standard"""
Substitute_Landing_1#0,"""Simple"""
Substitute_Landing_2#0,"""Simple 2"""
Substitute_Landing_3#0,"""Three-Point Landing"""
Substitute_Landing_4#0,"""Hand Propped"""
Substitute_Landing_5#0,"""Gently"""
Substitute_Landing_6#0,"""Heavyweight 2"""
Substitute_Landing_8#0,"""Artistic Gymnastics"""
Substitute_Landing_9#0,"""Heavyweight"""
Substitute_Landing_10#0,"""Oops"""
Substitute_Landing_11#0,"""Knock Knees"""
Substitute_Landing_13#0,"""Stylish"""
Substitute_Landing_14#0,"""Frozen"""
Substitute_Landing_15#0,"""Whirlwind"""
Substitute_Landing_16#0,"""Crossed Arms Float"""
Substitute_Landing_17#0,"""Blazing"""
Substitute_Landing_18#0,"""Frozen/B"""
Substitute_Landing_19#0,"""Dark Spirit"""
Substitute_Landing_20#0,"""Magic Circle"""
Substitute_Landing_21#0,"""Misstep"""
Substitute_Landing_22#0,"""Eek"""
Substitute_Landing_23#0,"""Petals"""
Substitute_Landing_24#0,"""Whirlwind/B"""
Substitute_Landing_31#0,"""Jiangshi"""
Substitute_Landing_33#0,"""Gyro Runner"""
Substitute_Landing_34#0,"""Three-Point Landing Rev"""
Substitute_Landing_35#0,"""花びら/B"""
Substitute_Landing_36#0,"""フローズン/C"""
Substitute_Landing_37#0,"""火炎/B"""
Substitute_Landing_38#0,"""ドゥームウィング"""
Substitute_Landing_39#0,"""あわわRev"""
Substitute_Landing_40#0,"""魔法陣/B"""
Substitute_Landing_41#0,"""マジェスティウィング"""
Substitute_Landing_42#0,"""ユミア"""
Substitute_Landing_43#0,"""闇魂/B"""
Substitute_Move_0#0,"""Standard"""
Substitute_Move_1#0,"""Simple"""
Substitute_Move_2#0,"""Simple 2"""
Substitute_Move_3#0,"""Hover"""
Substitute_Move_4#0,"""Whimsical"""
Substitute_Move_5#0,"""Ninja 2"""
Substitute_Move_6#0,"""Skate"""
Substitute_Move_7#0,"""Animal"""
Substitute_Move_8#0,"""Arms Spread"""
Substitute_Move_9#0,"""Simple Minded"""
Substitute_Move_10#0,"""Heavyweight"""
Substitute_Move_11#0,"""Hover 2"""
Substitute_Move_12#0,"""Skip"""
Substitute_Move_13#0,"""Ninja"""
Substitute_Move_14#0,"""Cheerful"""
Substitute_Move_15#0,"""Jogging"""
Substitute_Move_16#0,"""Light"""
Substitute_Move_17#0,"""Hold Umbrella"""
Substitute_Move_18#0,"""Crossed Arms Float"""
Substitute_Move_19#0,"""Mount Broom"""
Substitute_Move_20#0,"""Lively"""
Substitute_Move_22#0,"""Light Wings"""
Substitute_Move_23#0,"""Ride Drone"""
Substitute_Move_24#0,"""Elegant"""
Substitute_Move_25#0,"""￥タチコマ"""
Substitute_Move_26#0,"""Leg Wheels"""
Substitute_Move_27#0,"""￥星に乗る"""
Substitute_Move_29#0,"""Farfalla"""
Substitute_Move_30#0,"""Fan Service"""
Substitute_Move_31#0,"""Fan Service EX"""
Substitute_Move_32#0,"""Zombie"""
Substitute_Move_33#0,"""Zombie EX"""
Substitute_Move_34#0,"""Jiangshi"""
Substitute_Move_35#0,"""Animal 2"""
Substitute_Move_36#0,"""Animal 2 EX"""
Substitute_Move_37#0,"""Vertical Float"""
Substitute_Move_38#0,"""Hiten Mitsurugi-ryu"""
Substitute_Move_39#0,"""Gyro Runner"""
Substitute_Move_40#0,"""Pretend Train"""
Substitute_Move_41#0,"""Mount Broom Rev"""
Substitute_Move_42#0,"""Survival Game"""
Substitute_Move_43#0,"""Hold Bouquet"""
Substitute_Move_44#0,"""Hold Bouquet EX"""
Substitute_Move_45#0,"""Twirl"""
Substitute_Move_46#0,"""Lancelot"""
Substitute_Move_47#0,"""Piercing"""
Substitute_Move_49#0,"""和装フォーム"""
Substitute_Move_50#0,"""Gunslinger"""
Substitute_Move_51#0,"""Spellcasting"""
Substitute_Move_52#0,"""Handy Propeller"""
Substitute_Move_53#0,"""Hover 2/B"""
Substitute_Move_54#0,"""ランサー"""
Substitute_Move_55#0,"""巨人"""
Substitute_Move_56#0,"""巨人EX"""
Substitute_Move_57#0,"""エアドライブ"""
Substitute_Move_58#0,"""Dark Soldier"""
Substitute_Move_59#0,"""Holiday Sleigh"""
Substitute_Move_60#0,"""Iron Club"""
Substitute_Move_61#0,"""John's Pen"""
Substitute_Move_62#0,"""Snow Tube"""
Substitute_Move_63#0,"""Mecha Wings"""
Substitute_Move_64#0,"""クッション"""
Substitute_Move_65#0,"""美麗"""
Substitute_Move_66#0,"""ガード"""
Substitute_Move_67#0,"""トロッコ"""
Substitute_Move_68#0,"""リフェルの長杖"""
Substitute_Move_69#0,"""ドゥームウィング"""
Substitute_Move_70#0,"""シノビ2"""
Substitute_Move_71#0,"""直線飛行"""
Substitute_Move_72#0,"""ラッピーうきわに乗る"""
Substitute_Move_73#0,"""ガンスリンガー/B"""
Substitute_Move_74#0,"""光翼/B"""
Substitute_Move_75#0,"""スキップ2"""
Substitute_Move_76#0,"""スキップ2EX"""
Substitute_Move_77#0,"""マジェスティウィング"""
Substitute_Move_78#0,"""マジェスティウィングEX"""
Substitute_Move_79#0,"""羽扇"""
Substitute_Move_80#0,"""小悪魔"""
Substitute_Move_81#0,"""ヴィラン"""
Substitute_Move_82#0,"""獣3"""
Substitute_Move_83#0,"""トランクケース"""
Substitute_Move_84#0,"""トナカイ"""
Substitute_Move_85#0,"""ウマグルミに乗る"""
Substitute_Move_86#0,"""大剣"""
Substitute_Move_87#0,"""シンプルかわいい"""
Substitute_Move_88#0,"""ホールスタッフ"""
Substitute_Move_89#0,"""モノホイール"""
Substitute_Move_90#0,"""長杖"""
Substitute_Move_91#0,"""優雅な佇まい"""
Substitute_Move_92#0,"""抜剣"""
Substitute_Move_93#0,"""ブーケを持つ/B"""
Substitute_Move_94#0,"""高飛車"""
Substitute_Sprint_0#0,"""Standard"""
Substitute_Sprint_1#0,"""Simple"""
Substitute_Sprint_2#0,"""Simple 2"""
Substitute_Sprint_3#0,"""Hover"""
Substitute_Sprint_5#0,"""Ninja"""
Substitute_Sprint_6#0,"""Skate"""
Substitute_Sprint_7#0,"""Animal"""
Substitute_Sprint_10#0,"""Air Swim"""
Substitute_Sprint_11#0,"""Zoom"""
Substitute_Sprint_13#0,"""Fairy"""
Substitute_Sprint_14#0,"""Hover Dash: 2"""
Substitute_Sprint_15#0,"""Skip"""
Substitute_Sprint_16#0,"""Airboard"""
Substitute_Sprint_17#0,"""Sonic"""
Substitute_Sprint_19#0,"""Snow Spray"""
Substitute_Sprint_20#0,"""Blazing"""
Substitute_Sprint_21#0,"""Snow Sled"""
Substitute_Sprint_27#0,"""Folded Arms"""
Substitute_Sprint_28#0,"""Hold Butt"""
Substitute_Sprint_29#0,"""Spread Wings"""
Substitute_Sprint_35#0,"""Electrified"""
Substitute_Sprint_37#0,"""Buoyant"""
Substitute_Sprint_38#0,"""Light"""
Substitute_Sprint_39#0,"""Air Slide"""
Substitute_Sprint_40#0,"""Standard/B"""
Substitute_Sprint_41#0,"""Fairy/B"""
Substitute_Sprint_42#0,"""Short Ski"""
Substitute_Sprint_43#0,"""Hold Umbrella"""
Substitute_Sprint_44#0,"""Working Robot"""
Substitute_Sprint_45#0,"""Long Stride"""
Substitute_Sprint_46#0,"""Standard/C"""
Substitute_Sprint_47#0,"""Hover/C"""
Substitute_Sprint_48#0,"""Hover/B"""
Substitute_Sprint_49#0,"""Chopper"""
Substitute_Sprint_50#0,"""Cloud Riding"""
Substitute_Sprint_51#0,"""Ninja/B"""
Substitute_Sprint_52#0,"""Fairy/C"""
Substitute_Sprint_54#0,"""Saber Destruction"""
Substitute_Sprint_55#0,"""Crossed Arms Float"""
Substitute_Sprint_56#0,"""Marlin Rider"""
Substitute_Sprint_57#0,"""Ninja/C"""
Substitute_Sprint_58#0,"""Skip/B"""
Substitute_Sprint_59#0,"""Mount Broom"""
Substitute_Sprint_60#0,"""Arcueid"""
Substitute_Sprint_62#0,"""Standard 2"""
Substitute_Sprint_63#0,"""Snow Sled/B"""
Substitute_Sprint_64#0,"""Animal/B"""
Substitute_Sprint_65#0,"""Dark Spirit"""
Substitute_Sprint_66#0,"""Propeller Engine"""
Substitute_Sprint_67#0,"""Wheel"""
Substitute_Sprint_68#0,"""Spread Wings/B"""
Substitute_Sprint_69#0,"""Skate/B"""
Substitute_Sprint_70#0,"""Marlin Rider EX"""
Substitute_Sprint_71#0,"""Crossed Arms Float EX"""
Substitute_Sprint_72#0,"""Blazing EX"""
Substitute_Sprint_73#0,"""Floating Skate"""
Substitute_Sprint_74#0,"""Shadow Swim"""
Substitute_Sprint_75#0,"""Cartwheel"""
Substitute_Sprint_76#0,"""Floating Skate EX"""
Substitute_Sprint_77#0,"""Holding Butt EX"""
Substitute_Sprint_78#0,"""Shadow Swim EX"""
Substitute_Sprint_79#0,"""Skip/C"""
Substitute_Sprint_80#0,"""Skate/C"""
Substitute_Sprint_81#0,"""Mount Broom EX"""
Substitute_Sprint_82#0,"""Propeller Engine EX"""
Substitute_Sprint_83#0,"""Wheel EX"""
Substitute_Sprint_84#0,"""Jetpack"""
Substitute_Sprint_85#0,"""Cartwheel EX"""
Substitute_Sprint_86#0,"""Jet Flame"""
Substitute_Sprint_87#0,"""Air Fighter"""
Substitute_Sprint_88#0,"""Flying Carpet"""
Substitute_Sprint_89#0,"""Bat"""
Substitute_Sprint_90#0,"""Sliding"""
Substitute_Sprint_91#0,"""Airboard/B"""
Substitute_Sprint_92#0,"""Spread Wings/C"""
Substitute_Sprint_93#0,"""Air Fighter EX"""
Substitute_Sprint_94#0,"""Flying Carpet EX"""
Substitute_Sprint_95#0,"""Bat EX"""
Substitute_Sprint_96#0,"""Sliding EX"""
Substitute_Sprint_97#0,"""Buoyant/B"""
Substitute_Sprint_98#0,"""Cartwheel Rev"""
Substitute_Sprint_99#0,"""Cartwheel EX Rev"""
Substitute_Sprint_100#0,"""Ride Drone"""
Substitute_Sprint_101#0,"""Short Ski/B"""
Substitute_Sprint_102#0,"""Light Wings"""
Substitute_Sprint_103#0,"""Slide Dash"""
Substitute_Sprint_104#0,"""Zoom/B"""
Substitute_Sprint_105#0,"""Air Swim EX"""
Substitute_Sprint_106#0,"""Light Wings EX"""
Substitute_Sprint_107#0,"""Ride Drone EX"""
Substitute_Sprint_108#0,"""Slide Dash EX"""
Substitute_Sprint_109#0,"""Dark Spirit EX"""
Substitute_Sprint_111#0,"""Tachikoma"""
Substitute_Sprint_112#0,"""Leg Wheels"""
Substitute_Sprint_113#0,"""Swaying"""
Substitute_Sprint_115#0,"""Leg Wheels EX"""
Substitute_Sprint_116#0,"""Swaying EX"""
Substitute_Sprint_117#0,"""Star Ride"""
Substitute_Sprint_118#0,"""Star Ride EX"""
Substitute_Sprint_119#0,"""Air Slide/B"""
Substitute_Sprint_120#0,"""Penguin"""
Substitute_Sprint_121#0,"""Penguin EX"""
Substitute_Sprint_122#0,"""Paper Plane"""
Substitute_Sprint_123#0,"""Paper Plane EX"""
Substitute_Sprint_124#0,"""Psychic Ball"""
Substitute_Sprint_125#0,"""Psychic Ball EX"""
Substitute_Sprint_126#0,"""Cloud Riding/B"""
Substitute_Sprint_127#0,"""Electrified/B"""
Substitute_Sprint_129#0,"""FA Girl Air Bike"""
Substitute_Sprint_130#0,"""Lovely"""
Substitute_Sprint_131#0,"""Lovely EX"""
Substitute_Sprint_132#0,"""Farfalla"""
Substitute_Sprint_133#0,"""Uncle Spell"""
Substitute_Sprint_134#0,"""Zombie"""
Substitute_Sprint_135#0,"""Working Robot/B"""
Substitute_Sprint_136#0,"""Chopper/B"""
Substitute_Sprint_137#0,"""Majestic Wings"""
Substitute_Sprint_138#0,"""Samurai"""
Substitute_Sprint_139#0,"""Samurai EX"""
Substitute_Sprint_140#0,"""Animal 2"""
Substitute_Sprint_141#0,"""Animal 2 EX"""
Substitute_Sprint_142#0,"""Ride Hawk"""
Substitute_Sprint_143#0,"""Vertical Float"""
Substitute_Sprint_144#0,"""Vertical Float EX"""
Substitute_Sprint_145#0,"""Hiten Mitsurugi-ryu"""
Substitute_Sprint_146#0,"""Propeller Engine/B"""
Substitute_Sprint_147#0,"""Gyro Runner"""
Substitute_Sprint_148#0,"""Gyro Runner EX"""
Substitute_Sprint_149#0,"""Pretend Train"""
Substitute_Sprint_150#0,"""Superhero"""
Substitute_Sprint_151#0,"""Superhero EX"""
Substitute_Sprint_152#0,"""Jetpack/B"""
Substitute_Sprint_153#0,"""Easter Egg"""
Substitute_Sprint_154#0,"""Easter Egg EX"""
Substitute_Sprint_155#0,"""Cherry Blossom"""
Substitute_Sprint_156#0,"""Shinobi"""
Substitute_Sprint_157#0,"""Shinobi EX"""
Substitute_Sprint_158#0,"""Paramotor"""
Substitute_Sprint_159#0,"""Paramotor EX"""
Substitute_Sprint_160#0,"""Buoyant/C"""
Substitute_Sprint_161#0,"""Dark Mage"""
Substitute_Sprint_162#0,"""Mount Broom Rev"""
Substitute_Sprint_163#0,"""Airboard Rev"""
Substitute_Sprint_164#0,"""Sliding/B"""
Substitute_Sprint_165#0,"""Survival Game"""
Substitute_Sprint_166#0,"""Survival Game EX"""
Substitute_Sprint_167#0,"""Twirl"""
Substitute_Sprint_168#0,"""Lancelot"""
Substitute_Sprint_169#0,"""Light Wings/B"""
Substitute_Sprint_170#0,"""Ghost"""
Substitute_Sprint_171#0,"""Ghost EX"""
Substitute_Sprint_172#0,"""Piercing"""
Substitute_Sprint_173#0,"""Piercing EX"""
Substitute_Sprint_174#0,"""Shadow"""
Substitute_Sprint_175#0,"""無重力"""
Substitute_Sprint_177#0,"""Gunslinger"""
Substitute_Sprint_178#0,"""Gunslinger EX"""
Substitute_Sprint_179#0,"""Spellcasting"""
Substitute_Sprint_180#0,"""Spellcasting EX"""
Substitute_Sprint_181#0,"""Handy Propeller"""
Substitute_Sprint_182#0,"""Handy Propeller EX"""
Substitute_Sprint_183#0,"""Hover 2/B"""
Substitute_Sprint_185#0,"""ランサー"""
Substitute_Sprint_186#0,"""ランサーEX"""
Substitute_Sprint_187#0,"""巨人"""
Substitute_Sprint_188#0,"""巨人EX"""
Substitute_Sprint_189#0,"""側転/B"""
Substitute_Sprint_190#0,"""エアドライブ"""
Substitute_Sprint_191#0,"""エアドライブEX"""
Substitute_Sprint_192#0,"""Long Stride/B"""
Substitute_Sprint_193#0,"""Dark Soldier"""
Substitute_Sprint_194#0,"""Dark Soldier EX"""
Substitute_Sprint_195#0,"""Holiday Sleigh"""
Substitute_Sprint_196#0,"""Holiday Sleigh EX"""
Substitute_Sprint_197#0,"""Iron Club"""
Substitute_Sprint_198#0,"""Iron Club EX"""
Substitute_Sprint_199#0,"""ファルファッラ/B"""
Substitute_Sprint_200#0,"""Accelerator"""
Substitute_Sprint_201#0,"""Snow Tube"""
Substitute_Sprint_202#0,"""Snow Tube EX"""
Substitute_Sprint_203#0,"""Mecha Wings"""
Substitute_Sprint_204#0,"""Mecha Wings EX"""
Substitute_Sprint_205#0,"""クッション"""
Substitute_Sprint_206#0,"""クッションEX"""
Substitute_Sprint_207#0,"""美麗"""
Substitute_Sprint_208#0,"""ガード"""
Substitute_Sprint_209#0,"""トロッコ"""
Substitute_Sprint_210#0,"""トロッコEX"""
Substitute_Sprint_211#0,"""リフェルの長杖"""
Substitute_Sprint_212#0,"""リムル=テンペストの翼"""
Substitute_Sprint_213#0,"""闇魂/B"""
Substitute_Sprint_214#0,"""ドローンに乗る/B"""
Substitute_Sprint_215#0,"""ドゥームウィング"""
Substitute_Sprint_216#0,"""シノビ2"""
Substitute_Sprint_217#0,"""シノビ2EX"""
Substitute_Sprint_218#0,"""直線飛行"""
Substitute_Sprint_219#0,"""直線飛行EX"""
Substitute_Sprint_220#0,"""ラッピーうきわに乗る"""
Substitute_Sprint_221#0,"""ラッピーうきわに乗るEX"""
Substitute_Sprint_222#0,"""ダークメイジRev"""
Substitute_Sprint_223#0,"""サムライ/B"""
Substitute_Sprint_224#0,"""ガンスリンガー/B"""
Substitute_Sprint_225#0,"""レッグホイール/B"""
Substitute_Sprint_226#0,"""博麗霊夢"""
Substitute_Sprint_227#0,"""霧雨魔理沙"""
Substitute_Sprint_228#0,"""スキップ2"""
Substitute_Sprint_229#0,"""スキップ2EX"""
Substitute_Sprint_230#0,"""マジェスティウィングEX"""
Substitute_Sprint_231#0,"""羽扇"""
Substitute_Sprint_232#0,"""帯電/C"""
Substitute_Sprint_233#0,"""小悪魔"""
Substitute_Sprint_234#0,"""小悪魔EX"""
Substitute_Sprint_235#0,"""ヴィラン"""
Substitute_Sprint_236#0,"""獣3"""
Substitute_Sprint_237#0,"""獣3EX"""
Substitute_Sprint_238#0,"""トランクケース"""
Substitute_Sprint_239#0,"""トランクケースEX"""
Substitute_Sprint_240#0,"""ダークメイジ/B"""
Substitute_Sprint_241#0,"""スノーチューブ/B"""
Substitute_Sprint_242#0,"""トナカイ"""
Substitute_Sprint_243#0,"""トナカイEX"""
Substitute_Sprint_244#0,"""ウマグルミに乗る"""
Substitute_Sprint_245#0,"""ウマグルミに乗るEX"""
Substitute_Sprint_246#0,"""大剣"""
Substitute_Sprint_247#0,"""シンプルかわいい"""
Substitute_Sprint_248#0,"""エアボード/C"""
Substitute_Sprint_249#0,"""ホールスタッフ"""
Substitute_Sprint_250#0,"""モノホイール"""
Substitute_Sprint_251#0,"""モノホイールEX"""
Substitute_Sprint_252#0,"""長杖"""
Substitute_Sprint_253#0,"""優雅な佇まい"""
Substitute_Sprint_254#0,"""抜剣"""
Substitute_Sprint_255#0,"""ハンディープロペラ/B"""
Substitute_Sprint_256#0,"""高飛車"""
Substitute_Glide_0#0,"""Standard"""
Substitute_Glide_1#0,"""Mini Glider"""
Substitute_Glide_2#0,"""Jetpack"""
Substitute_Glide_3#0,"""Jet Flame"""
Substitute_Glide_9#0,"""Light Wings"""
Substitute_Glide_11#0,"""Elegant"""
Substitute_Glide_14#0,"""Helicopter"""
Substitute_Glide_15#0,"""Aero Dance"""
Substitute_Glide_16#0,"""Dive"""
Substitute_Glide_17#0,"""Flying Kick"""
Substitute_Glide_18#0,"""Defensive Stance"""
Substitute_Glide_19#0,"""Knock Knees"""
Substitute_Glide_21#0,"""Airboard"""
Substitute_Glide_22#0,"""Rappy"""
Substitute_Glide_23#0,"""Tails"""
Substitute_Glide_26#0,"""Air Walk"""
Substitute_Glide_27#0,"""Mini Glider 2"""
Substitute_Glide_28#0,"""Snow Spray"""
Substitute_Glide_29#0,"""Blazing"""
Substitute_Glide_30#0,"""R. Mag Minimo"""
Substitute_Glide_32#0,"""Dive/B"""
Substitute_Glide_33#0,"""Air Fighter"""
Substitute_Glide_34#0,"""Cloud Riding"""
Substitute_Glide_35#0,"""Powerful"""
Substitute_Glide_36#0,"""Spread Wings"""
Substitute_Glide_38#0,"""Kite"""
Substitute_Glide_40#0,"""Electrified"""
Substitute_Glide_41#0,"""Buoyant"""
Substitute_Glide_42#0,"""Chopper"""
Substitute_Glide_43#0,"""Standard/B"""
Substitute_Glide_44#0,"""Short Ski"""
Substitute_Glide_45#0,"""Hold Umbrella"""
Substitute_Glide_46#0,"""Working Robot"""
Substitute_Glide_47#0,"""Standard/C"""
Substitute_Glide_48#0,"""Helicopter/B"""
Substitute_Glide_49#0,"""Dive/C"""
Substitute_Glide_50#0,"""Rappy/B"""
Substitute_Glide_51#0,"""Jet Flame/B"""
Substitute_Glide_53#0,"""Hatosuke"""
Substitute_Glide_54#0,"""Crossed Arms Float"""
Substitute_Glide_55#0,"""Marlin Rider"""
Substitute_Glide_56#0,"""Jet Flame/C"""
Substitute_Glide_57#0,"""Powerful/B"""
Substitute_Glide_58#0,"""Mount Broom"""
Substitute_Glide_59#0,"""Sky Grind"""
Substitute_Glide_60#0,"""Marlin Rider EX"""
Substitute_Glide_61#0,"""Powerful/C"""
Substitute_Glide_62#0,"""Knock Knees/B"""
Substitute_Glide_63#0,"""Dark Spirit"""
Substitute_Glide_64#0,"""Propeller Engine"""
Substitute_Glide_65#0,"""Spread Wings/B"""
Substitute_Glide_66#0,"""Crossed Arms Float EX"""
Substitute_Glide_67#0,"""Blazing EX"""
Substitute_Glide_68#0,"""Mini Glider 2 EX"""
Substitute_Glide_69#0,"""Elegant EX"""
Substitute_Glide_70#0,"""Comet"""
Substitute_Glide_71#0,"""Comet EX"""
Substitute_Glide_72#0,"""Rappy/C"""
Substitute_Glide_73#0,"""Helicopter/C"""
Substitute_Glide_74#0,"""Mini Glider/B"""
Substitute_Glide_75#0,"""Defensive Stance/B"""
Substitute_Glide_76#0,"""Mount Broom EX"""
Substitute_Glide_77#0,"""Propeller Engine EX"""
Substitute_Glide_78#0,"""Sky Grind EX"""
Substitute_Glide_80#0,"""Rappy Balloon"""
Substitute_Glide_81#0,"""Bat"""
Substitute_Glide_82#0,"""R. Mag Minimo/B"""
Substitute_Glide_83#0,"""Spread Wings/C"""
Substitute_Glide_84#0,"""Airboard/B"""
Substitute_Glide_85#0,"""Rappy Balloon EX"""
Substitute_Glide_86#0,"""Bat EX"""
Substitute_Glide_87#0,"""Aero Dance EX"""
Substitute_Glide_89#0,"""Buoyant/B"""
Substitute_Glide_90#0,"""Air Fighter"""
Substitute_Glide_91#0,"""Flying Carpet"""
Substitute_Glide_92#0,"""Air Fighter EX"""
Substitute_Glide_93#0,"""Flying Carpet EX"""
Substitute_Glide_94#0,"""Air Swim"""
Substitute_Glide_95#0,"""Ride Drone"""
Substitute_Glide_96#0,"""Slide Dash"""
Substitute_Glide_97#0,"""Defensive Stance/C"""
Substitute_Glide_98#0,"""Air Swim EX"""
Substitute_Glide_99#0,"""Light Wings EX"""
Substitute_Glide_100#0,"""Ride Drone EX"""
Substitute_Glide_101#0,"""Slide Dash EX"""
Substitute_Glide_102#0,"""Dark Spirit EX"""
Substitute_Glide_104#0,"""Leg Wheels"""
Substitute_Glide_105#0,"""Swaying"""
Substitute_Glide_107#0,"""Leg Wheels EX"""
Substitute_Glide_108#0,"""Swaying EX"""
Substitute_Glide_109#0,"""Hold Umbrella/B"""
Substitute_Glide_110#0,"""Star Ride"""
Substitute_Glide_111#0,"""Star Ride EX"""
Substitute_Glide_112#0,"""Penguin"""
Substitute_Glide_113#0,"""Penguin EX"""
Substitute_Glide_114#0,"""Paper Plane"""
Substitute_Glide_115#0,"""Paper Plane EX"""
Substitute_Glide_116#0,"""Psychic Ball"""
Substitute_Glide_117#0,"""Psychic Ball EX"""
Substitute_Glide_118#0,"""Cloud Riding/B"""
Substitute_Glide_119#0,"""Electrified/B"""
Substitute_Glide_120#0,"""Lovely"""
Substitute_Glide_121#0,"""Lovely EX"""
Substitute_Glide_123#0,"""Farfalla"""
Substitute_Glide_124#0,"""Farfalla EX"""
Substitute_Glide_125#0,"""Uncle Spell"""
Substitute_Glide_126#0,"""Fan Service"""
Substitute_Glide_127#0,"""Working Robot/B"""
Substitute_Glide_128#0,"""Chopper/B"""
Substitute_Glide_129#0,"""FA Girl Air Bike"""
Substitute_Glide_130#0,"""Blazing/B"""
Substitute_Glide_131#0,"""Majestic Wings"""
Substitute_Glide_132#0,"""Majestic Wings EX"""
Substitute_Glide_133#0,"""Samurai"""
Substitute_Glide_134#0,"""Short Ski/B"""
Substitute_Glide_135#0,"""Ride Hawk"""
Substitute_Glide_136#0,"""Vertical Float"""
Substitute_Glide_138#0,"""Propeller Engine/B"""
Substitute_Glide_139#0,"""Gyro Runner"""
Substitute_Glide_140#0,"""Gyro Runner EX"""
Substitute_Glide_141#0,"""Superhero"""
Substitute_Glide_142#0,"""Superhero EX"""
Substitute_Glide_143#0,"""Easter Egg"""
Substitute_Glide_144#0,"""Easter Egg EX"""
Substitute_Glide_145#0,"""Jetpack/B"""
Substitute_Glide_146#0,"""Kick"""
Substitute_Glide_147#0,"""Kick EX"""
Substitute_Glide_148#0,"""Cherry Blossom"""
Substitute_Glide_149#0,"""Cherry Blossom EX"""
Substitute_Glide_150#0,"""Buoyant/C"""
Substitute_Glide_151#0,"""Shinobi"""
Substitute_Glide_152#0,"""Shinobi EX"""
Substitute_Glide_153#0,"""Paramotor"""
Substitute_Glide_154#0,"""Paramotor EX"""
Substitute_Glide_155#0,"""Dark Mage"""
Substitute_Glide_156#0,"""Dark Mage EX"""
Substitute_Glide_157#0,"""Mount Broom Rev"""
Substitute_Glide_158#0,"""Airboard Rev"""
Substitute_Glide_159#0,"""Sky Grind Rev"""
Substitute_Glide_160#0,"""Aero Dance/B"""
Substitute_Glide_161#0,"""Survival Game"""
Substitute_Glide_162#0,"""Ghost"""
Substitute_Glide_163#0,"""Light Wings/B"""
Substitute_Glide_164#0,"""Piercing"""
Substitute_Glide_165#0,"""Piercing EX"""
Substitute_Glide_166#0,"""無重力"""
Substitute_Glide_167#0,"""無重力EX"""
Substitute_Glide_168#0,"""Gunslinger"""
Substitute_Glide_169#0,"""Spellcasting"""
Substitute_Glide_170#0,"""Handy Propeller"""
Substitute_Glide_171#0,"""Handy Propeller EX"""
Substitute_Glide_172#0,"""Shadow"""
Substitute_Glide_173#0,"""ランサー"""
Substitute_Glide_174#0,"""巨人"""
Substitute_Glide_175#0,"""エアドライブ"""
Substitute_Glide_176#0,"""エアドライブEX"""
Substitute_Glide_177#0,"""Dark Soldier"""
Substitute_Glide_178#0,"""Holiday Sleigh"""
Substitute_Glide_179#0,"""Holiday Sleigh EX"""
Substitute_Glide_180#0,"""Majestic Wings/B"""
Substitute_Glide_181#0,"""Iron Club"""
Substitute_Glide_182#0,"""Iron Club EX"""
Substitute_Glide_183#0,"""ファルファッラ/B"""
Substitute_Glide_184#0,"""Accelerator"""
Substitute_Glide_185#0,"""Snow Tube"""
Substitute_Glide_186#0,"""Snow Tube EX"""
Substitute_Glide_187#0,"""Mecha Wings"""
Substitute_Glide_188#0,"""Mecha Wings EX"""
Substitute_Glide_189#0,"""クッション"""
Substitute_Glide_190#0,"""クッションEX"""
Substitute_Glide_191#0,"""美麗"""
Substitute_Glide_192#0,"""美麗EX"""
Substitute_Glide_193#0,"""ラッピーバルーン/B"""
Substitute_Glide_194#0,"""彗星/B"""
Substitute_Glide_195#0,"""ガード"""
Substitute_Glide_196#0,"""ガードEX"""
Substitute_Glide_197#0,"""トロッコ"""
Substitute_Glide_198#0,"""トロッコEX"""
Substitute_Glide_199#0,"""リフェルの長杖"""
Substitute_Glide_200#0,"""リフェルの長杖EX"""
Substitute_Glide_201#0,"""リムル=テンペストの翼"""
Substitute_Glide_202#0,"""闇魂/B"""
Substitute_Glide_203#0,"""ドローンに乗る/B"""
Substitute_Glide_204#0,"""￥Glide_204"""
Substitute_Glide_205#0,"""ドゥームウィング"""
Substitute_Glide_206#0,"""シノビ2"""
Substitute_Glide_207#0,"""直線飛行"""
Substitute_Glide_208#0,"""直線飛行EX"""
Substitute_Glide_209#0,"""ラッピーうきわに乗る"""
Substitute_Glide_210#0,"""ラッピーうきわに乗るEX"""
Substitute_Glide_211#0,"""ダークメイジRev"""
Substitute_Glide_212#0,"""サムライ/B"""
Substitute_Glide_213#0,"""ガンスリンガー/B"""
Substitute_Glide_214#0,"""ラッピーバルーン/C"""
Substitute_Glide_215#0,"""レッグホイール/B"""
Substitute_Glide_216#0,"""博麗霊夢"""
Substitute_Glide_217#0,"""霧雨魔理沙"""
Substitute_Glide_218#0,"""羽扇"""
Substitute_Glide_219#0,"""羽扇EX"""
Substitute_Glide_220#0,"""帯電/C"""
Substitute_Glide_221#0,"""小悪魔"""
Substitute_Glide_222#0,"""ヴィラン"""
Substitute_Glide_223#0,"""ヴィランEX"""
Substitute_Glide_224#0,"""トランクケース"""
Substitute_Glide_225#0,"""トランクケースEX"""
Substitute_Glide_226#0,"""ダークメイジ/B"""
Substitute_Glide_227#0,"""スノーチューブ/B"""
Substitute_Glide_228#0,"""トナカイ"""
Substitute_Glide_229#0,"""トナカイEX"""
Substitute_Glide_230#0,"""ウマグルミに乗る"""
Substitute_Glide_231#0,"""ウマグルミに乗るEX"""
Substitute_Glide_232#0,"""大剣"""
Substitute_Glide_233#0,"""シンプルかわいい"""
Substitute_Glide_234#0,"""エアボード/C"""
Substitute_Glide_235#0,"""ホールスタッフ"""
Substitute_Glide_236#0,"""モノホイール"""
Substitute_Glide_237#0,"""モノホイールEX"""
Substitute_Glide_238#0,"""長杖"""
Substitute_Glide_239#0,"""優雅な佇まい"""
Substitute_Glide_240#0,"""優雅な佇まいEX"""
Substitute_Glide_241#0,"""抜剣"""
Substitute_Glide_242#0,"""ハンディープロペラ/B"""
Substitute_Glide_243#0,"""高飛車"""
Substitute_Swim_0#0,"""Standard"""
Substitute_Swim_2#0,"""Crawl"""
Substitute_Swim_3#0,"""Diving"""
Substitute_Swim_4#0,"""Butterfly"""
Substitute_Swim_5#0,"""Surfing"""
Substitute_Swim_6#0,"""Crossed Arms Float"""
Substitute_Swim_7#0,"""Marlin Rider"""
Substitute_Swim_8#0,"""Ice Walking"""
Substitute_Swim_9#0,"""Shark Raid"""
Substitute_Swim_10#0,"""Banana Boat"""
Substitute_Swim_11#0,"""Penguin"""
Substitute_Swim_12#0,"""Easter Egg"""
Substitute_Swim_13#0,"""Shinobi"""
Substitute_Swim_14#0,"""Surfing Rev"""
Substitute_Swim_15#0,"""サーフィン/B"""
Substitute_Swim_16#0,"""Banana Boat/B"""
Substitute_Swim_17#0,"""トロッコ"""
Substitute_Swim_18#0,"""ドゥームウィング"""
Substitute_Swim_19#0,"""直線飛行"""
Substitute_Swim_20#0,"""ラッピーうきわに乗る"""
Substitute_Swim_21#0,"""マジェスティウィング"""
ButtonAssign#0,""" ไม่ได้กำหนด """
ButtonAssign_151_Text#0,"""$(0) และอื่นๆ"""
