CorrectionAssignMapTitle#0,"""การกู้คืนการตั้งค่าปุ่ม"""
CorrectionAssignMapMessage#0,"""ตรวจพบปัญหาเกี่ยวกับการตั้งค่าปุ่มที่สำคัญ เช่น 【 ยืนยัน 】 หรือ 【 ยกเลิก 】. ระบบได้ทำการซ่อมแซมให้โดยอัตโนมัติ"""
Title#0,"""การตั้งค่า"""
Category_Game#0,"""ตั้งค่าพื้นฐาน"""
Category_Game_Hint#0,"""ตั้งค่าเกี่ยวกับมุมกล้องและการตั้งค่าพื้นฐานของเกม"""
Category_Device#0,"""ตั้งค่าการควบคุม"""
Category_Device_Hint#0,"""ตั้งค่าเกี่ยวกับการควบคุมด้วยคีย์บอร์ด, เมาส์ และ <%GamePad> จอยเกม"""
Category_Sound#0,"""ตั้งค่าเสียง"""
Category_Sound_Hint#0,"""ตั้งค่าเกี่ยวกับเสียง"""
Category_Graphics#0,"""ตั้งค่ากราฟฟิก"""
Category_Graphics_Hint#0,"""ตั้งค่าเกี่ยวกับการแสดงผลกราฟิก"""
SubCategory_GameFunction#0,"""ฟังก์ชันเกม"""
SubCategory_GameFunction_Hint#0,"""ตั้งค่าเกี่ยวกับฟังก์ชันต่างๆ ของเกม"""
SubCategory_Camera#0,"""ตั้งค่ามุมกล้อง"""
SubCategory_Camera_VITA#0,"""ตั้งค่ามุมกล้อง"""
SubCategory_Camera_Hint#0,"""ตั้งค่าเกี่ยวกับมุมกล้อง"""
SubCategory_TextEffect#0,"""ตั้งค่าการแสดงข้อความ"""
SubCategory_TextEffect_Hint#0,"""ตั้งค่าขนาดข้อความในเกมสำหรับ ความเสียหาย, EXP และการได้รับไอเทม"""
SubCategory_Notice#0,"""ตั้งค่าการแจ้งเตือน"""
SubCategory_Notice_Hint#0,"""ตั้งค่าเกี่ยวกับการแจ้งเตือน"""
SubCategory_Talk#0,"""ตั้งค่าแชท"""
SubCategory_Talk_Hint#0,"""ตั้งค่าเกี่ยวกับการแชท"""
SubCategory_Capture#0,"""ตั้งค่าสกรีนช็อต"""
SubCategory_Capture_Hint#0,"""ตั้งค่าเกี่ยวกับระบบถ่ายสกรีนช็อตในเกม"""
SubCategory_Other#0,"""ตั้งค่าอื่นๆ"""
SubCategory_Other_Hint#0,"""ตั้งค่าเกี่ยวกับ Dark Blast, Rideroid, Salon และอื่นๆ"""
SubCategory_InputGuide#0,"""รูปแบบการแสดงปุ่มกด"""
SubCategory_InputGuide_Hint#0,"""ตั้งค่ารูปแบบของไอคอนปุ่มกดที่จะแสดงตลอดทั้งเกม"""
SubCategory_PadDefine#0,"""ตั้งค่าพื้นฐาน <%GamePad> จอยเกม"""
SubCategory_PadDefine_Hint#0,"""ตั้งค่าเกี่ยวกับ <%GamePad> จอยเกม"""
SubCategory_KeyBind_Pad#0,"""ตั้งค่าปุ่ม (<%GamePad>) จอยเกม"""
SubCategory_KeyBind_Pad_Hint#0,"""ตั้งค่าปุ่มต่างๆ สำหรับ <%GamePad> จอยเกม"""
SubCategory_KeyBind_Mouse#0,"""ตั้งค่าปุ่ม (เมาส์)"""
SubCategory_KeyBind_Mouse_Hint#0,"""ตั้งค่าปุ่มต่างๆ ของเมาส์"""
SubCategory_KeyBind_Keyboard#0,"""ตั้งค่าปุ่ม (คีย์บอร์ด)"""
SubCategory_KeyBind_Keyboard_Hint#0,"""ตั้งค่าปุ่มต่างๆ ของคีย์บอร์ด"""
SubCategory_MainInputDevice#0,"""อุปกรณ์ควบคุมหลัก"""
SubCategory_MainInputDevice_Hint#0,"""ตั้งค่าอุปกรณ์หลักที่จะใช้ควบคุมเกม"""
SubCategory_ActionType#0,"""เลือกรูปแบบการควบคุม"""
SubCategory_ActionType_Hint#0,"""ตั้งค่าว่าจะใช้รูปแบบการควบคุมแบบ 3 ปุ่ม หรือ 2 ปุ่ม"""
SubCategory_SoundVolume#0,"""ระดับเสียง"""
SubCategory_SoundVolume_Hint#0,"""ปรับระดับเสียงของ BGM หรือ SFX"""
SubCategory_SoundFunction#0,"""การเล่นเสียง"""
SubCategory_SoundFunction_Hint#0,"""ปรับการตั้งค่าเกี่ยวกับรูปแบบการเล่นเสียง"""
SubCategory_GraphicsFunction#0,"""ฟีเจอร์การแสดงผลภาพ"""
SubCategory_GraphicsFunction_Hint#0,"""การตั้งค่าวิดีโอขั้นสูง"""
SubCategory_GraphicsQuality#0,"""คุณภาพการแสดงผล"""
SubCategory_GraphicsQuality_Hint#0,"""ปรับคุณภาพของเงาและการแสดงผล"""
SubCategory_FilterView#0,"""ฟิลเตอร์หน้าจอ <pict Arcscash>"""
SubCategory_FilterView_Hint#0,"""ฟิลเตอร์หน้าจอแบบพรีเมียม ซึ่งจะเปิดใช้งานเมื่อคุณมีสถานะ Premium Set"""
SubCategory_ResetWindow#0,"""รีเซ็ตหน้าต่าง"""
SubCategory_ResetWindow_Hint#0,"""รีเซ็ตขนาดและตำแหน่งของหน้าต่างทั้งหมด"""
SubCategory_GraphicsPreset#0,"""ตั้งค่ากราฟิกแบบง่าย"""
SubCategory_GraphicsPreset_Hint#0,"""ปรับการตั้งค่ากราฟิกทั้งหมด"""
GraphicsPreset_Info#0,"""ปรับการตั้งค่ากราฟิกทั้งหมด<br>หากตั้งค่าเหล่านี้ไว้สูง คุณภาพกราฟิกจะ<br>สูงขึ้น แต่ก็ต้องการการประมวลผลที่เพิ่มขึ้นตามไปด้วย<br><br>การตั้งค่าที่แนะนำ: <yellow>$(0)<c>."""
GraphicsPreset_Info_CS#0,"""ปรับการตั้งค่ากราฟิกทั้งหมด<br>หากตั้งค่าเหล่านี้ไว้สูง คุณภาพกราฟิกจะ<br>สูงขึ้น แต่ก็ต้องการการประมวลผลที่เพิ่มขึ้นตามไปด้วย"""
GraphicsPreset_Button_Change#0,"""เปลี่ยน"""
GraphicsPreset_Button_Cancel#0,"""ยกเลิก"""
GraphicsPreset_choice_1#0,"""1: ต่ำสุด"""
GraphicsPreset_choice_2#0,"""2: ต่ำ"""
GraphicsPreset_choice_3#0,"""3: ปานกลาง"""
GraphicsPreset_choice_4#0,"""4: สูง"""
GraphicsPreset_choice_5#0,"""5: สูงมาก"""
GraphicsPreset_choice_6#0,"""6: สูงสุด"""
GraphicsPreset_choice_1_CS#0,"""1: เน้นเฟรมเรต"""
GraphicsPreset_choice_2_CS#0,"""2: สมดุล"""
GraphicsPreset_choice_3_CS#0,"""3: เน้นคุณภาพกราฟิก"""
LogoutGuide_Title#0,"""กำลังปรับใช้การตั้งค่า"""
LogoutGuide_Message#0,"""การตั้งค่าบางส่วนจะ<br>มีผลในการล็อกอินครั้งถัดไป<br><br>คุณต้องการล็อกเอาต์ตอนนี้เลยหรือไม่?"""
LogoutGuide_Message_CantLogout#0,"""การตั้งค่าบางส่วนจะ<br>มีผลในการล็อกอินครั้งถัดไป"""
MenuTreeBasic#0,"""ตั้งค่าพื้นฐาน"""
MenuTreeDirection#0,"""ตั้งค่าเอฟเฟกต์ภาพ"""
MenuTreeDraw#0,"""ตั้งค่าวิดีโอ"""
MenuTreeSound#0,"""ตั้งค่าเสียง"""
MenuTreeControl#0,"""ตั้งค่าการควบคุม"""
MenuTreeCommunication#0,"""การสื่อสาร"""
MenuTreeSystem#0,"""ระบบ"""
MenuButtonBasic#0,"""ตั้งค่าพื้นฐาน"""
MenuButtonNotice#0,"""ตั้งค่าการแจ้งเตือน"""
MenuButtonCamera#0,"""ตั้งค่ามุมกล้อง"""
MenuButtonCamera_v#0,"""ตั้งค่ามุมกล้อง"""
MenuButtonShoot#0,"""ตั้งค่าสกรีนช็อต"""
MenuButtonChat#0,"""ตั้งค่าแชท"""
MenuButtonDirection#0,"""ตั้งค่าเอฟเฟกต์ภาพ"""
MenuButtonDrawFunction#0,"""ฟีเจอร์การแสดงผลภาพ"""
MenuButtonDrawFilter#0,"""ฟิลเตอร์หน้าจอ <pict Arcscash>"""
MenuButtonDrawShadow#0,"""ตั้งค่าเงา"""
MenuButtonDrawDisplay#0,"""ตั้งค่าการแสดงผล"""
MenuButtonSound#0,"""ตั้งค่าเสียง"""
MenuButtonOperationType#0,"""อุปกรณ์ควบคุมหลัก"""
MenuButtonActionType#0,"""เลือกรูปแบบการควบคุม"""
MenuButtonSndVolume#0,"""ระดับเสียง"""
MenuButtonSndPlay#0,"""ตั้งค่าการเล่นเสียง"""
MenuButtonCtrl#0,"""ตั้งค่าการควบคุม"""
MenuButtonWindow#0,"""รีเซ็ตหน้าต่าง"""
MenuButtonSystem#0,"""ระบบ"""
MenuButtonReset#0,"""รีเซ็ตทั้งหมด"""
MenuButtonExit#0,"""ยกเลิกและออก"""
MenuButtonExitWithSave#0,"""บันทึกและออก"""
ThreeChoiceMenuTitle#0,"""ยืนยันการออก"""
ThreeChoiceMenuMessageApply#0,"""หน้าต่างการตั้งค่าจะถูกปิดลง ต้องการดำเนินการต่อหรือไม่?<br>"""
ThreeChoiceMenuButtonExit#0,"""ยกเลิกและออก"""
ThreeChoiceMenuButtonExitWithSave#0,"""บันทึกและออก"""
ThreeChoiceMenuButtonCancel#0,"""ยกเลิก"""
ConfirmTitleInit#0,"""รีเซ็ตการตั้งค่า"""
ConfirmMessageInit#0,"""การตั้งค่าทั้งหมดจะถูกรีเซ็ต<br>คุณแน่ใจหรือไม่?"""
ConfirmTitle#0,"""ยืนยันการออก"""
ConfirmMessageApply#0,"""คุณแน่ใจหรือไม่ที่จะบันทึกการตั้งค่าเหล่านี้?"""
ConfirmMessageDisapply#0,"""คุณแน่ใจหรือไม่ที่จะละทิ้งการเปลี่ยนแปลง?"""
ConfirmButtonApply#0,"""ออกและบันทึก"""
ConfirmButtonDisapply#0,"""ออกและละทิ้ง"""
ConfirmButtonCancel#0,"""กลับไปที่การตั้งค่า"""
BasicTextSmutFilter#0,"""ตั้งค่าตัวกรองข้อความ"""
VitaCtrlTextSwapLR#0,"""เปลี่ยนฟังก์ชัน L/R (ปิดใช้งานหากตั้งค่าเอง)"""
VitaCtrlTextSwapStartSelect#0,"""เปลี่ยนฟังก์ชัน START/SELECT (ปิดใช้งานหากตั้งค่าเอง)"""
VitaCtrlTextNormalCtrlType#0,"""มุมกล้องแบบปกติ"""
VitaCtrlTextShoulderCtrlType#0,"""มุมกล้องแบบบุคคลที่สาม"""
VitaCtrlTextSavePartySetting#0,"""บันทึกการตั้งค่าปาร์ตี้"""
VitaCtrlTextLockonChange#0,"""เปลี่ยนเป้าหมาย Lock-On โดยใช้ <%RStick>"""
VitaCtrlTextNavi#0,"""การแสดงไอคอนนำทาง"""
MltPtMatchingButton#0,"""ตั้งค่าตำแหน่งเริ่มต้นของเคอร์เซอร์เมื่อเลือกระหว่างการจับคู่แบบบล็อกเดียวกันและหลายบล็อก<br>※ยกเว้นบางเควสต์"""
ConfirmTitleWindowInit#0,"""ยืนยันการรีเซ็ตหน้าต่าง"""
ConfirmMessageWindowInit#0,"""หน้าต่างทั้งหมดจะถูกรีเซ็ตกลับไปยังตำแหน่งและขนาดเริ่มต้น<br>คุณแน่ใจหรือไม่ที่จะดำเนินการต่อ?"""
ConfirmMessageWindowInitEnd#0,"""รีเซ็ตหน้าต่างทั้งหมดไปยังตำแหน่งเริ่มต้นแล้ว"""
WindowTitleInitText#0,"""ตั้งค่าการรีเซ็ตหน้าต่าง"""
WindowInitHint#0,"""รีเซ็ตขนาดและตำแหน่งของหน้าต่างทั้งหมด"""
WindowRadioButtonInitText#0,"""รีเซ็ตหน้าต่างไปยังตำแหน่งเริ่มต้น"""
EstheTitleText#0,"""การเลือกทรงผม/ชิ้นส่วนหัว/เครื่องประดับ"""
EstheHint#0,"""เลือกรูปแบบของหน้าต่างที่จะใช้สำหรับ<br>ทรงผม, ชิ้นส่วนหัว และเครื่องประดับ<br>ในการสร้างตัวละครและ Salon"""
EstheRadioButtonText1#0,"""หน้าต่างขนาดเล็กที่แสดงเครื่องประดับทั้งหมด"""
EstheRadioButtonText2#0,"""หน้าต่างขนาดใหญ่ที่มีการแบ่งแท็บ"""
CtrlKeyboardTitle#0,"""ตั้งค่าคีย์บอร์ด"""
CtrlTabTitleNView#0,"""แอ็กชัน 1"""
CtrlTabTitleZView#0,"""แอ็กชัน 2"""
CtrlTabTitleWindow#0,"""หน้าต่าง"""
CtrlTabTitleOther#0,"""อื่นๆ"""
CtrlTabTitleShortcut#0,"""คีย์ลัด"""
CtrlTabTitleAction#0,"""แอ็กชัน"""
CtrlTabTitleLobbyAction#0,"""Lobby Actions"""
CtrlTabTitleBasicSet#0,"""ตั้งค่าพื้นฐาน"""
CtrlMainCtgNameNView#0,"""ตั้งค่ามุมมองปกติ"""
CtrlMainCtgNameZView#0,"""ตั้งค่ามุมมอง OTS"""
CtrlMainCtgNameWindow#0,"""ตั้งค่าหน้าต่าง"""
CtrlMainCtgNameOther#0,"""ตั้งค่าอื่นๆ"""
CtrlMainCtgNameShortcut#0,"""ตั้งค่าคีย์ลัด"""
CtrlMainCtgNameAction#0,"""ตั้งค่าแอ็กชัน"""
CtrlMainCtgNameLobbyAction#0,"""ตั้งค่า Lobby Action"""
CtrlSubCtgNameViewMove#0,"""การเคลื่อนที่ของตัวละคร"""
CtrlSubCtgNameViewCamera#0,"""เปลี่ยนระยะมุมกล้อง"""
CtrlSubCtgNameViewAction#0,"""Action"""
CtrlSubCtgNameViewActionSupport#0,"""ตัวช่วยแอ็กชัน"""
CtrlSubCtgNameViewMenu#0,"""เมนู"""
CtrlSubCtgNameViewPalette#0,"""สลับ Main Palette"""
CtrlSubCtgNameViewChat#0,"""แชท"""
CtrlSubCtgNameViewSubPalette#0,"""ใช้งาน Subpalette"""
CtrlSubCtgNameViewMap#0,"""แสดงแผนที่"""
CtrlSubCtgNameWindowBasic#0,"""ยืนยัน/ยกเลิก"""
CtrlSubCtgNameWindowChat#0,"""แชท"""
CtrlSubCtgNameWindowPage#0,"""เปลี่ยนหน้า"""
CtrlSubCtgNameWindowTab#0,"""เปลี่ยนแท็บ"""
CtrlSubCtgNameWindowDetailTab#0,"""เปลี่ยนแท็บรายละเอียด"""
CtrlSubCtgNameWindowCtrlWindow#0,"""เปลี่ยนการตั้งค่าหน้าต่าง"""
CtrlSubCtgNameOtherShortcut#0,"""คีย์ลัด"""
CtrlSubCtgNameOtherShortcutWord#0,"""ข้อความลัด"""
CtrlSubCtgNameOtherMainPalette#0,"""เปลี่ยน Main Palette โดยตรง"""
CtrlSubCtgNameOtherSubPalette#0,"""ใช้งาน Subpalette"""
CtrlSubCtgNameCtrlCtrl#0,"""ตั้งค่าคีย์ลัด"""
CtrlSubCtgNameCtrlWindow#0,"""ตั้งค่าคีย์ลัดหน้าต่าง"""
CtrlSubCtgNameBasic#0,"""ตั้งค่าพื้นฐาน"""
CtrlSubCtgNameAssist#0,"""ตั้งค่าตัวช่วย"""
CtrlSubCtgNameLobbyAction#0,"""ตั้งค่า Lobby Action Key"""
CtrlSubCtgNameActionMenu#0,"""แอ็กชัน/เปิดเมนู"""
CtrlPresetNameRNViewRcm#0,"""มุมมองปกติ (ถนัดขวา)"""
CtrlPresetNameRZViewRcm#0,"""มุมมอง OTS (ถนัดขวา)"""
CtrlPresetNameRNViewKbd#0,"""คีย์บอร์ดแบบปกติ (ถนัดขวา)"""
CtrlPresetNameRZViewKbd#0,"""คีย์บอร์ดแบบ OTS (ถนัดขวา)"""
CtrlPresetNameLNViewRcm#0,"""มุมมองปกติ (ถนัดซ้าย)"""
CtrlPresetNameLZViewRcm#0,"""มุมมอง OTS (ถนัดซ้าย)"""
CtrlPresetNameLNViewKbd#0,"""คีย์บอร์ดแบบปกติ (ถนัดซ้าย)"""
CtrlPresetNameLZViewKbd#0,"""คีย์บอร์ดแบบ OTS (ถนัดซ้าย)"""
CtrlPresetNameRcm1#0,"""มาตรฐาน 1"""
CtrlPresetNameRcm2#0,"""มาตรฐาน 2"""
CtrlPresetNameNViewRcm1#0,"""มุมมองปกติมาตรฐาน 1"""
CtrlPresetNameNViewRcm2#0,"""มุมมองปกติมาตรฐาน 1"""
CtrlPresetNameZViewRcm1#0,"""มุมมอง OTS มาตรฐาน 1"""
CtrlPresetNameZViewRcm2#0,"""มุมมอง OTS มาตรฐาน 2"""
CtrlPresetNameRRcm#0,"""แนะนำ (ถนัดขวา)"""
CtrlPresetNameLRcm#0,"""แนะนำ (ถนัดซ้าย)"""
CtrlPresetNameCutom#0,"""กำหนดเอง"""
CtrlPresetNameRcm#0,"""แนะนำ"""
CtrlAssignNameMouseL#0,"""คลิกซ้าย"""
CtrlAssignNameMouseR#0,"""คลิกขวา"""
CtrlAssignNameMouseM#0,"""คลิกเมาส์กลาง"""
CtrlAssignNameMouseWheel#0,"""ลูกกลิ้งเมาส์"""
CtrlAssignNameMouseX1#0,"""ปุ่มข้าง (X1)"""
CtrlAssignNameMouseX2#0,"""ปุ่มข้าง (X2)"""
CtrlFuncNameNone#0,"""ไม่มี"""
CtrlFuncNameMoveForward#0,"""เคลื่อนที่: ไปข้างหน้า"""
CtrlFuncNameMoveRight#0,"""เคลื่อนที่: ขวา"""
CtrlFuncNameMoveLeft#0,"""เคลื่อนที่: ซ้าย"""
CtrlFuncNameMoveBack#0,"""เคลื่อนที่: ถอยหลัง"""
CtrlFuncNameNormalAttack#0,"""โจมตีปกติ"""
CtrlFuncNamePhotonArts#0,"""PA/Technique"""
CtrlFuncNameAvoid#0,"""หลบหลีก"""
CtrlFuncNameJump#0,"""กระโดด"""
CtrlFuncNameAccess#0,"""โต้ตอบ"""
CtrlFuncNameWeponAction#0,"""Weapon Action"""
CtrlFuncNameLockon#0,"""Lock-On"""
CtrlFuncNameLockonNext#0,"""สลับเป้าหมาย"""
CtrlFuncNameChangeView#0,"""เปลี่ยนมุมมอง"""
CtrlFuncNameCameraDistance#0,"""เปลี่ยนระยะมุมกล้อง"""
CtrlFuncNameCameraSelect#0,"""เลือกมุมกล้อง"""
CtrlFuncNameCameraLightSetting#0,"""ตั้งค่าแสงไฟกำหนดเอง"""
CtrlFuncNameCameraMoveUD#0,"""เลื่อนกล้องขึ้น/ลง"""
CtrlFuncNameAutoRun#0,"""วิ่งอัตโนมัติ"""
CtrlFuncNameRefuseFollowRun#0,"""ปิดไม่ให้ผู้อื่นวิ่งตามอัตโนมัติ"""
CtrlFuncNameOpenMainMenu#0,"""เปิดเมนูหลัก"""
CtrlFuncNameOpenSelectMenu#0,"""เปิด Quick Menu"""
CtrlFuncNameOpenEquip#0,"""เปิดอุปกรณ์สวมใส่"""
CtrlFuncNameOpenPlayerList#0,"""ตัวละครบริเวณใกล้เคียง"""
CtrlFuncNameMainPaletteForward#0,"""Main Palette ถัดไป"""
CtrlFuncNameMainPaletteBack#0,"""Main Palette ก่อนหน้า"""
CtrlFuncNameMainPaletteA#0,"""แอ็กชัน 1"""
CtrlFuncNameMainPaletteB#0,"""แอ็กชัน 2"""
CtrlFuncNameMainPaletteC#0,"""แอ็กชัน 3"""
CtrlFuncNameBackPallete#0,"""สลับไป Rear Palette"""
CtrlFuncNameMainPaletteUp#0,"""Weapon Palette ล่าง"""
CtrlFuncNameMainPaletteDown#0,"""Weapon Palette บน"""
CtrlFuncNameStartChat#0,"""เริ่มแชท"""
CtrlFuncNameStartChatPublic#0,"""เริ่มแชทสาธารณะ"""
CtrlFuncNameStartChatParty#0,"""เริ่มแชทปาร์ตี้"""
CtrlFuncNameStartChatGuild#0,"""เริ่มแชททีม"""
CtrlFuncNameStartChatWhisper#0,"""เริ่มแชทกระซิบ"""
CtrlFuncNameSubpaletteChange#0,"""เลื่อนเคอร์เซอร์ Subpalette"""
CtrlFuncNameSubpalette#0,"""ใช้งาน Subpalette"""
CtrlFuncNameSubpaletteForward#0,"""Subpalette ถัดไป"""
CtrlFuncNameSubpaletteLeft#0,"""เคอร์เซอร์ Subpalette ซ้าย"""
CtrlFuncNameSubpaletteRight#0,"""เคอร์เซอร์ Subpalette ขวา"""
CtrlFuncNameCameraNear#0,"""ซูมเข้าใกล้ตัวละคร"""
CtrlFuncNameCameraFar#0,"""ซูมออกห่างตัวละคร"""
CtrlFuncNameCameraUp#0,"""เลื่อนขึ้น"""
CtrlFuncNameCameraDown#0,"""เลื่อนลง"""
CtrlFuncNameCameraNext#0,"""เลือกมุมกล้องถัดไป"""
CtrlFuncNameCameraPrev#0,"""เลือกมุมกล้องก่อนหน้า"""
CtrlFuncNameUseCameraLight1#0,"""ใช้การตั้งค่าแสง 1"""
CtrlFuncNameUseCameraLight2#0,"""ใช้การตั้งค่าแสง 2"""
CtrlFuncNameUseCameraLight3#0,"""ใช้การตั้งค่าแสง 3"""
CtrlFuncNameUseDeafultCameraLight#0,"""ใช้ค่าเริ่มต้น"""
CtrlFuncNameScreenShoot#0,"""ถ่ายสกรีนช็อต"""
CtrlFuncNameMovie#0,"""บันทึกวิดีโอ"""
CtrlFuncNameDecide#0,"""ยืนยัน"""
CtrlFuncNameCancel#0,"""ยกเลิก"""
CtrlFuncNameChangeMouseMode#0,"""สลับโหมดเมาส์"""
CtrlFuncNameAllWindowClose#0,"""ปิดเมนูหลัก"""
CtrlFuncNameMultiSelect#0,"""เลือกหลายรายการ"""
CtrlFuncNameFunction#0,"""ฟังก์ชันเสริม"""
CtrlFuncNameMove#0,"""สลับหน้าต่างย่อย"""
CtrlFuncNamePageForward#0,"""หน้าถัดไป"""
CtrlFuncNamePageBack#0,"""หน้าก่อนหน้า"""
CtrlFuncNameTabForward#0,"""แท็บถัดไป"""
CtrlFuncNameTabBack#0,"""แท็บก่อนหน้า"""
CtrlFuncNameWindowTabForward#0,"""แท็บหน้าต่างถัดไป"""
CtrlFuncNameWindowTabBack#0,"""แท็บหน้าต่างก่อนหน้า"""
CtrlFuncNameChangeWindow#0,"""เปลี่ยนการตั้งค่าหน้าต่าง"""
CtrlFuncNameCtrlTabForward#0,"""หน้าต่างแอ็กชันถัดไป"""
CtrlFuncNameCtrlTabBack#0,"""หน้าต่างแอ็กชันก่อนหน้า"""
CtrlFuncNameCtrlException#0,"""คำสั่งพิเศษ"""
CtrlFuncNameCtrlException02#0,"""คำสั่งพิเศษ 2"""
CtrlFuncNameStctWord#0,"""ใช้ข้อความลัด"""
CtrlFuncNameChangeToMainPalette#0,"""สลับ Palette"""
CtrlFuncNameChangeRadarMap#0,"""เปลี่ยนโหมดเรดาร์"""
CtrlFuncNameChangeAreaMap#0,"""แสดง/ซ่อน แผนที่ภูมิภาค/เมือง"""
CtrlFuncNameOpenItemPack#0,"""เปิดช่องเก็บของ"""
CtrlFuncNameOpenCustomize#0,"""เปิดเมนูปรับแต่ง"""
CtrlFuncNameOpenMag#0,"""เปิดเมนู Mag"""
CtrlFuncNameOpenPet#0,"""สัตว์เลี้ยง"""
CtrlFuncNameOpenEventItem#0,"""ไอเทมอีเวนต์"""
CtrlFuncNameOpenEquipWeapon#0,"""สวมใส่ อาวุธ"""
CtrlFuncNameOpenEquipArmor#0,"""สวมใส่ ชุดเกราะ"""
CtrlFuncNameOpenSubpalette#0,"""แก้ไขช่องสกิล"""
CtrlFuncNameOpenFriend#0,"""เปิดรายชื่อเพื่อน"""
CtrlFuncNameOpenGuild#0,"""คำสั่งทีม"""
CtrlFuncNameOpenParty#0,"""คำสั่งปาร์ตี้"""
CtrlFuncNameOpenMail#0,"""เปิดจดหมาย"""
CtrlFuncNameOpenNearCharacter#0,"""ตัวละครบริเวณใกล้เคียง"""
CtrlFuncNameOpenCharaInfo#0,"""เปิดข้อมูลตัวละคร"""
CtrlFuncNameOpenLicense#0,"""เปิดรายชื่อฉายา"""
CtrlFuncNameOpenMyMenu#0,"""Quick Menu"""
CtrlFuncNameOpenCommunicationLog#0,"""ประวัติการสื่อสาร"""
CtrlFuncNameOpenProfile#0,"""ข้อมูล ARKS Card"""
CtrlFuncNameOpenLibrary#0,"""สารานุกรม"""
CtrlFuncNameOpenMutterBoard#0,"""เปิด Story Board [EP4]"""
CtrlFuncNameOpenClientOrder#0,"""เปิด Client Order"""
CtrlFuncNameOpenQuestInfo#0,"""เปิดข้อมูลเควสต์"""
CtrlFuncNameOpenSymbolArt#0,"""Symbol Arts"""
CtrlFuncNameOpenMacro#0,"""ตั้งค่าแชท"""
CtrlFuncNameOpenConfig#0,"""การตั้งค่า"""
CtrlFuncNameOpenPayShop#0,"""เปิด AC Shop"""
CtrlFuncNameOpenACGacha#0,"""สุ่ม Scratch"""
CtrlFuncNameOpenPayLog#0,"""ประวัติการซื้อ"""
CtrlFuncNameOpenRentalLimit#0,"""วันหมดอายุเช่า"""
CtrlFuncNameOpenLogOut#0,"""เปิดเมนูล็อกเอาต์"""
CtrlFuncNameOpenBingo#0,"""ARKS Bingo"""
CtrlFuncNameOpenInformation#0,"""ข้อมูลข่าวสาร"""
CtrlFuncNameOpenArksRoad#0,"""ARKS Road"""
CtrlFuncNameOpenCraftAchievement#0,"""ความสำเร็จการคราฟต์"""
CtrlFuncNameOpenShipBattle#0,"""ARKS Ship Grand Prix"""
CtrlFuncNameOpenRecycle#0,"""Recycle Shop"""
CtrlFuncNameOpenFashion#0,"""ปรับแต่งแฟชั่น"""
CtrlFuncNameOpenGatStatus#0,"""สถานะ Gathering"""
CtrlFuncNameOpenGatAchieve#0,"""ความสำเร็จ Gathering"""
CtrlFuncNameOpenEquipNote#0,"""Collection File"""
CtrlFuncNameOpenBuySG#0,"""ซื้อ Star Gem"""
CtrlFuncNameOpenPokaRecord#0,"""รายละเอียดสถิติ"""
CtrlFuncNameOpenPokaRankMatch#0,"""รายละเอียด Battle Ranking"""
CtrlFuncNameOpenPokaRankMatch_Switch#0,"""รายละเอียด Battle Ranking (Cloud)"""
CtrlFuncNameOpenFashionCat#0,"""หนังสือแฟชั่น"""
CtrlFuncNameOpenArksLeague#0,"""ARKS League"""
CtrlFuncNameOpenBasnetContentInfo#0,"""ข้อมูล Buster Quest"""
CtrlFuncNameOpenPolluteEdit#0,"""Dark Blast"""
CtrlFuncNameOpenSgShop#0,"""SG Shop"""
CtrlFuncNameOpenArksContract#0,"""ARKS Missions"""
CtrlFuncNameOpenWebLink#0,"""อีเวนต์เชื่อมโยงเว็บไซต์"""
CtrlFuncNameOpenWorldmap#0,"""แผนที่โลก"""
CtrlFuncNameMuteVoiceChat#0,"""เปิด/ปิดไมโครโฟน"""
CtrlFuncNameWinShortcut#0,"""คีย์ลัดหน้าต่าง"""
CtrlFuncNameWeaponComouflage#0,"""Weapon Camo"""
CtrlFuncNameWeaponPosition#0,"""ปรับตำแหน่ง"""
CtrlFuncNamePlayLog#0,"""สถิติการเล่น"""
CtrlFuncNameRebops#0,"""เควสต์"""
CtrlFuncNameArksSearch#0,"""ค้นหา ARKS"""
CtrlFuncNameOpenChatStamp#0,"""Stamps"""
CtrlFuncNameOpenKeyConfig#0,"""ตั้งค่าคอนฟิก"""
CtrlFuncNameRoomPassword#0,"""ตั้งรหัสผ่านจับคู่/ถ่ายภาพ"""
CtrlFuncNamePlaceObject#0,"""วาง Portable Hologram"""
CtrlFuncNameListObject#0,"""Portable Hologram บริเวณใกล้เคียง"""
CtrlFuncNameListSelfyMode#0,"""โหมดถ่ายภาพแบบง่าย"""
CtrlFuncNameWinShortcutT1#0,"""1"""
CtrlFuncNameWinShortcutT2#0,"""2"""
CtrlFuncNameWinShortcutT3#0,"""3"""
CtrlFuncNameWinShortcutT4#0,"""4"""
CtrlFuncNameWinShortcutT5#0,"""5"""
CtrlFuncNameWinShortcutT6#0,"""6"""
CtrlFuncNameWinShortcutT7#0,"""7"""
CtrlFuncNameWinShortcutT8#0,"""8"""
CtrlFuncNameWinShortcutT9#0,"""9"""
CtrlFuncNameWinShortcutT10#0,"""0"""
CtrlFuncNameWinShortcutF1#0,"""F1"""
CtrlFuncNameWinShortcutF2#0,"""F2"""
CtrlFuncNameWinShortcutF3#0,"""F3"""
CtrlFuncNameWinShortcutF4#0,"""F4"""
CtrlFuncNameWinShortcutF5#0,"""F5"""
CtrlFuncNameWinShortcutF6#0,"""F6"""
CtrlFuncNameWinShortcutF7#0,"""F7"""
CtrlFuncNameWinShortcutF8#0,"""F8"""
CtrlFuncNameWinShortcutF9#0,"""F9"""
CtrlFuncNameWinShortcutF10#0,"""F10"""
CtrlFuncNameWinShortcutN1#0,"""Num1"""
CtrlFuncNameWinShortcutN2#0,"""Num2"""
CtrlFuncNameWinShortcutN3#0,"""Num3"""
CtrlFuncNameWinShortcutN4#0,"""Num4"""
CtrlFuncNameWinShortcutN5#0,"""Num5"""
CtrlFuncNameWinShortcutN6#0,"""Num6"""
CtrlFuncNameWinShortcutN7#0,"""Num7"""
CtrlFuncNameWinShortcutN8#0,"""Num8"""
CtrlFuncNameWinShortcutN9#0,"""Num9"""
CtrlFuncNameWinShortcutN10#0,"""Num0"""
CtrlFuncNameMySpaceMoveMenu#0,"""Creative Space"""
CtrlLobbyActionAssignName#0,"""Alt + $(0)"""
CtrlAssignButtonInput#0,"""Change"""
CtrlAssignButtonWaiting#0,"""Wait"""
CtrlAssignHint#0,"""Please press desired key/button.<br>([Esc] to cancel)"""
CtrlCtrlAssignTypeT#0,"""1-0"""
CtrlCtrlAssignTypeF#0,"""F1-F10"""
CtrlCtrlAssignTypeN#0,"""Num1-Num0"""
CtrlCtrlAssignTypeCtrlT#0,"""Ctrl+1-0"""
CtrlCtrlAssignTypeCtrlF#0,"""Ctrl+F1-F10"""
CtrlCtrlAssignTypeCtrlN#0,"""Ctrl+Num1-Num0"""
CtrlCtrlSwapMessage#0,"""สลับกับ [$(0)] แล้ว"""
CtrlCtrlCaptionFuncName#0,"""ชื่อฟังก์ชัน"""
CtrlCtrlCaptionAssign#0,"""ปุ่มตั้งค่า"""
CtrlPartition#0,"""/ """
CtrlVitaAccessEscape#0,"""<pict Sign_L3> + <pict Sign_CIRCLE>"""
CtrlVitaPalletinfo#0,"""จำกัดการสลับ Weapon Palette"""
CtrlVitaSubPalletinfo#0,"""จำกัดการสลับ Subpalette"""
CtrlAnnounceTitle#0,"""ตั้งค่าการแสดงผล"""
CtrlAnnounceMessage#0,"""กรุณาเลือกชุดปุ่มที่ต้องการ<br>ให้แสดงในคำแนะนำ"""
CtrlAnnounceSelSymbol#0,"""สัญลักษณ์ปุ่ม"""
CtrlAnnounceSelAlphabet#0,"""ตัวอักษร"""
CtrlAnnounceSelNumber#0,"""ตัวเลข"""
CtrlAnnounceSelKeyboard#0,"""คีย์บอร์ด"""
CtrlAnnounceExample#0,"""ตัวอย่าง : """
CtrlAnnounceExampleKey#0,"""<pict Key_ENTER> [Esc] [↑] <pict Key_SPACE>"""
CtrlAnnounceExampleAlpha#0,"""<pict Alpha_A><pict Alpha_B><pict Alpha_RB><pict Alpha_UP>"""
CtrlAnnounceExampleSign#0,"""<pict Sign_CIRCLE><pict Sign_CROSS><pict Sign_R1><pict Sign_UP>"""
CtrlAnnounceExampleNumber#0,"""<pict Number_1><pict Number_2><pict Number_5><pict Number_UP>"""
CtrlAnnounceHint#0,"""รอดำเนินการ"""
CtrlPadBehaviorTitle#0,"""ตั้งค่าพื้นฐานจอยเกม"""
CtrlPadBehaviorSetting#0,"""การตั้งค่า"""
CtrlPadBehaviorInitialize#0,"""รีเซ็ตเป็นค่าเริ่มต้น"""
CtrlPadBehaviorStickTitle#0,"""ตั้งค่าการเคลื่อนที่ของอนาล็อกสติ๊ก"""
CtrlPadBehaviorStickPrepare#0,"""ระบบจะทำการปรับเทียบ อนาล็อกสติ๊ก<br>กรุณากด 【 ปิด 】 โดยไม่ต้องแตะที่ตัวสติ๊ก"""
CtrlPadBehaviorStickSubTitleLU#0,"""1. ทดสอบการปรับเทียบ <%LStick>: ขึ้น"""
CtrlPadBehaviorStickMessageLU#0,"""เริ่มการปรับเทียบ <%LStick>.<br>ในขณะที่ดัน <c ff007f>up<c> ค้างไว้ <%LStick><green> กรุณากด<c>$(0).<br><br><yellow>※หากจอยเกมไม่ตอบสนอง ให้ลองสลับ<br>เป็น <c ff007f>[ANALOG MODE]<c><yellow> โดยกด<br>ปุ่มหรือสวิตช์ที่ระบุว่า [ANALOG MODE]<c>"""
CtrlPadBehaviorStickSubTitleLL#0,"""2. ทดสอบการปรับเทียบ <%LStick>: ซ้าย"""
CtrlPadBehaviorStickMessageLL#0,"""คราวนี้ ในขณะที่ดัน <%LStick> ไปทาง <c ff007f>ซ้าย<c> ค้างไว้<green> กรุณากด<c>$(0)"""
CtrlPadBehaviorStickSubTitleRU#0,"""3. ทดสอบการปรับเทียบ <%RStick>: ขึ้น"""
CtrlPadBehaviorStickMessageRU#0,"""เริ่มการปรับเทียบ <%RStick><br>ในขณะที่ดัน <%RStick> <c ff007f>ขึ้น<c> ค้างไว้<green> กรุณากด<br><c>$(0)"""
CtrlPadBehaviorStickSubTitleRL#0,"""4. ทดสอบการปรับเทียบ <%RStick>: ซ้าย"""
CtrlPadBehaviorStickMessageRL#0,"""คราวนี้ ในขณะที่ดัน <%RStick> ไปทาง <c ff007f>ซ้าย<c> ค้างไว้<green> กรุณากด <c>$(0)"""
CtrlPadBehaviorTriggerTitle#0,"""ตั้งค่า Trigger"""
CtrlPadBehaviorTriggerMessageL#0,"""ระบบจะตรวจสอบว่า [ปุ่มหลังซ้าย] เป็นแบบทริกเกอร์หรือไม่<br>(ใช้ได้เฉพาะจอยเกมแบบอนาล็อกเท่านั้น)<br>กรุณากดปุ่มที่เรืองแสงตามรูปด้านล่าง<br><br><yellow>หากกดแล้วไม่มีอะไรเกิดขึ้น แสดงว่าจอยเกมไม่ใช่แบบอนาล็อก<br>กรุณากด <c>$(0)<yellow> เพื่อตั้งค่าปุ่มในหน้าถัดไป<c>"""
CtrlPadBehaviorTriggerMessageR#0,"""ระบบจะตรวจสอบว่า [ปุ่มหลังขวา] เป็นแบบทริกเกอร์หรือไม่<br>(ใช้ได้เฉพาะจอยเกมแบบอนาล็อกเท่านั้น)<br>กรุณากดปุ่มที่เรืองแสงตามรูปด้านล่าง<br><br><yellow>หากกดแล้วไม่มีอะไรเกิดขึ้น แสดงว่าจอยเกมไม่ใช่แบบอนาล็อก<br>กรุณากด <c>$(0)<yellow> เพื่อตั้งค่าปุ่มในหน้าถัดไป<c>"""
CtrlPadBehaviorConfirmInitTitle#0,"""รีเซ็ตทั้งหมด"""
CtrlPadBehaviorConfirmApplyTitle#0,"""ยืนยันการปรับใช้"""
CtrlPadBehaviorConfirmInitMessage#0,"""ระบบจะรีเซ็ตจอยเกมกลับไปเป็นค่าเริ่มต้น<br>ต้องการดำเนินการต่อหรือไม่?"""
CtrlPadBehaviorConfirmApplyMessage#0,"""ปรับใช้การตั้งค่า"""
CtrlPadBehaviorHelpSetting#0,"""เพื่อเริ่มการตั้งค่า"""
CtrlPadBehaviorHelpInitialize#0,"""ตั้งค่าอัตโนมัติ"""
CtrlPadBehaviorHelpInitializeDisable#0,"""จอยเกมนี้ไม่รองรับการตั้งค่าอัตโนมัติ"""
CtrlPadBehaviorHelpTrigger#0,"""ตั้งค่าการทำงานของทริกเกอร์"""
CtrlPadBehaviorButtonDefTitle#0,"""กำหนดปุ่ม"""
CtrlPadBehaviorButtonDefMessage2#0,"""ที่นี่คุณสามารถจับคู่ปุ่มบนจอยเกมของคุณเข้ากับ<br>ปุ่ม UI ในเกมได้ ในกรณีที่ระบบตรวจจับปุ่มผิดพลาด<br><br>กดปุ่ม [เปลี่ยน] จากนั้นกดปุ่มบนจอยเกมของคุณ<br>ให้ตรงกับ <c ff007f>[ปุ่มที่แสดง]<c>"""
CtrlPadBehaviorButtonDefCaptionDef#0,"""<c ff007f>ปุ่มที่แสดง<c>"""
CtrlPadBehaviorButtonDefCaptionAssign#0,"""ตั้งค่าการกำหนดปุ่ม"""
CtrlPadBehaviorButtonDefApply#0,"""กลับไปหน้าก่อนหน้า"""
CtrlPadBehaviorButtonDefDisapply#0,"""ยกเลิกและออก"""
CtrlPadBehaviorButtonDefMessage#0,"""กดปุ่มที่จะใช้สำหรับ $(0)."""
CtrlPadBehaviorButtonDefDisable#0,"""<gray>ไม่ได้ใช้งาน (กำหนดไว้ที่อนาล็อกสติ๊ก)<c>"""
CtrlPadCtrlTitle#0,"""ตั้งค่าจอยเกม"""
CtrlPadInitToast#0,"""ระบบจะตั้งค่าจอยเกมให้โดยอัตโนมัติ คุณยังสามารถตั้งค่าจอยเกมด้วยตัวเองได้เช่นกัน"""
RadioButtonEnable#0,"""เปิดใช้งาน"""
RadioButtonDisable#0,"""ปิดใช้งาน"""
RadioButtonShow#0,"""แสดง"""
RadioButtonHide#0,"""ซ่อน"""
RadioButtonAllow#0,"""อนุญาต"""
RadioButtonDisallow#0,"""ไม่อนุญาต"""
RadioButtonCtrlNormal#0,"""ปกติ"""
RadioButtonCtrlCustom#0,"""กำหนดเอง (<pict Sign_TRIANGLE> เปลี่ยนการตั้งค่าแบบกำหนดเอง)"""
RadioButtonCtrlType1#0,"""รูปแบบ 1"""
RadioButtonCtrlType2#0,"""รูปแบบ 2"""
RadioButtonCtrlType3#0,"""รูปแบบ 3"""
RadioButtonSave#0,"""บันทึก"""
RadioButtonNotSave#0,"""ไม่บันทึก"""
RadioButtonButtonResetOn#0,"""แสดง"""
RadioButtonButtonResetOff#0,"""ไม่แสดง"""
Number0#0,"""0"""
Number50#0,"""50"""
Number100#0,"""100"""
VITA_CustomWindow#0,"""<pict Sign_TRIANGLE> เปลื่ยนการตั้งค่ากำหนดเอง"""
VITA_CustomTitle#0,"""ตั้งค่ากำหนดเอง"""
VITA_PushButton#0,"""ป้อนข้อมูลปุ่ม"""
VITA_CustomToast1#0,"""บันทึกการตั้งค่ากำหนดเองแล้ว จะมีผลเมื่อตั้งค่ารูปแบบการควบคุมเป็น 【 กำหนดเอง 】"""
VITA_CustomToast2#0,"""ยังไม่ได้ตั้งค่าการควบคุมที่สำคัญ"""
VITA_AutoRun#0,"""วิ่งอัตโนมัติ / สลับ Subpalette ซ้าย"""
VITA_ChangeView#0,"""เปลี่ยนมุมมอง / สลับ Subpalette ขวา"""
VITA_CustomInfo#0,"""ในการตั้งค่าแบบกำหนดเอง นอกจากการใช้ปุ่มปกติแล้ว<br>ยังสามารถตั้งค่าทัชแพดด้านหลัง ซ้ายบน <pict Sign_BACK_L> และขวาบน <pict Sign_BACK_R> ได้ด้วย<br><br>เลือกรายการที่คุณต้องการเปลี่ยน<br>จากนั้นกดปุ่มหรือทัชแพดด้านหลังเพื่อทำการตั้งค่า"""
DrawFilterText#0,"""ฟิลเตอร์หน้าจอ <pict Arcscash>"""
DrawFilterUsually#0,"""ปกติ"""
DrawFilterGrayScale#0,"""ขาวดำ"""
DrawFilterSepia#0,"""ซีเปีย"""
DrawFilterFading#0,"""วินเทจ"""
DrawFilter8bit#0,"""8-บิต"""
DrawFilter#0,"""เลือกฟิลเตอร์หน้าจอที่ต้องการใช้งาน"""
DrawFilterMessageText#0,"""ใช้ได้เฉพาะเมื่อใช้งาน Premium Set เท่านั้น<br><yellow>มีผลเฉพาะเมื่อตั้งค่า 【 Drawing/Shader Quality 】 เป็น<br>'High Quality'<c><br>กรุณาเลือกฟิลเตอร์หน้าจอจากด้านล่าง"""
xx_DrawFilterMessageText#0,"""ใช้ได้เฉพาะเมื่อใช้งาน Premium Set เท่านั้น<br>กรุณาเลือกฟิลเตอร์หน้าจอจากด้านล่าง"""
cc_DrawFilterMessageText#0,"""ใช้ได้เฉพาะเมื่อใช้งาน Premium Set เท่านั้น<br>กรุณาเลือกฟิลเตอร์หน้าจอจากด้านล่าง"""
DrawFilterMessagePremiumOn#0,"""<yellow>Premium ทำงานอยู่<c>"""
DrawFilterMessagePremiumOff#0,"""<red>Premium หมดอายุ<c>"""
DetailPolluteOthers#0,"""-"""
AuraSlider_Text_0#0,"""ความโปร่งใส"""
AuraSlider_Text_1#0,"""-"""
CtrlFuncNameOpenTotalScoreBoost#0,"""บูสต์เชื่อมโยงเควสต์"""
CtrlFuncNameStartChatGroup#0,"""เริ่มแชทกลุ่ม"""
Title_DetailInfo#0,"""ข้อมูลโดยละเอียด"""
FloatTextItemVita#0,"""การแสดงไอเทมดรอป"""
Config_Padinput01#0,"""รูปแบบการป้อนข้อมูล <%GamePad>"""
Config_Padinput02#0,"""การสั่นของ <%GamePad>"""
Config_Padinput03#0,"""ป้อนข้อมูล <%GamePad> เมื่อหน้าต่างไม่ทำงาน"""
Config_Padinput01_Select01#0,"""DirectInput"""
Config_Padinput01_Select02#0,"""XInput"""
Config_Padinput02_Select01#0,"""เปิดการสั่น"""
Config_Padinput02_Select02#0,"""ปิดการสั่น"""
Config_Padinput03_Select01#0,"""รับการป้อนข้อมูล"""
Config_Padinput03_Select02#0,"""ละเว้นการป้อนข้อมูล"""
Config_PadInput04#0,"""เลือกรูปแบบการป้อนข้อมูลจอยเกม"""
Config_PadInput05#0,"""เลือกรูปแบบการป้อนข้อมูลที่เหมาะสมกับจอยเกมของคุณ<br><yellow>※หากคุณเลือก 【 XInput 】 แล้วจอยเกมของคุณ<br>\u3000ทำงานไม่ถูกต้อง ให้ใช้<br>\u3000คีย์บอร์ด/เมาส์ เพื่อเลือก 【 DirectInput 】.<c>"""
Config_PadInput06#0,"""ตั้งค่าการสั่นของ <%GamePad>"""
Config_PadInput07#0,"""การสั่นจะเปิดใช้งานได้เมื่อเลือก 【 XInput 】 เท่านั้น<br>※จอยเกมบางรุ่นไม่รองรับการสั่น"""
Config_PadInput07_PS4#0,"""<yellow>※จอยเกมบางรุ่นไม่รองรับการสั่น<c>"""
Config_PadInput07_pad#0,"""การสั่นจะเปิดใช้งานได้เมื่อเลือก 【 XInput 】 เท่านั้น<br><yellow>※จอยเกมบางรุ่นไม่รองรับการสั่น<c>"""
Config_PadInput07_con#0,"""การสั่นจะเปิดใช้งานได้เมื่อเลือก 【 XInput 】 เท่านั้น<br><yellow>※จอยเกมบางรุ่นไม่รองรับการสั่น<c>"""
Config_PadInput12#0,"""ป้อนข้อมูลจอยเกมเมื่อหน้าต่างไม่ทำงาน"""
Config_PadInput13#0,"""ตั้งค่าว่าจะรับการป้อนข้อมูลจากจอยเกมหรือไม่เมื่อหน้าต่างเกมไม่ได้เปิดใช้งานอยู่"""
Config_PadInput17#0,"""ปรับเทียบจอยเกม"""
Config_PadInput18#0,"""การปรับเทียบจอยเกมสามารถทำได้เมื่อเลือก 【 DirectInput 】 เท่านั้น"""
SubCategory_ToonTitle#0,"""ตั้งค่าการแสดงผลตัวละครแบบ Toon"""
SubCategory_ToonDetail#0,"""เลือกรูปแบบการแสดงผลตัวละคร เครื่องแต่งกาย และอื่นๆ ในรูปแบบการ์ตูน<br><br><yellow>※การตั้งค่านี้จะมีผลกับทุกตัวละครที่คุณสร้าง<br><br>※คุณสามารถเปลี่ยนการตั้งค่านี้ในแต่ละตัวละครได้<br>จากหน้าต่างตัวเลือก หรือใน Beauty Salon<c>"""
SubCategory_ToonDetail2#0,"""ตั้งค่าว่าจะแสดงผลตัวละคร เครื่องแต่งกาย ฯลฯ ในรูปแบบการ์ตูน หรือไม่<br><br><yellow>※การตั้งค่านี้จะมีผลเฉพาะใน NGS เท่านั้น<br><br>※คุณสามารถเปลี่ยนการตั้งค่านี้ในภายหลังได้<br>จากหน้าต่างตัวเลือก หรือใน Beauty Salon<c>"""
SubCategory_ToonSelect1#0,"""เปิดใช้งานการแสดงผลแบบ Toon"""
SubCategory_ToonSelect2#0,"""ไม่มีการเปลี่ยนแปลง"""
Subject_000#0,"""ตั้งค่าฟีเจอร์แอ็กชัน"""
Subject_001#0,"""ตั้งค่า HUD"""
Subject_002#0,"""ตั้งค่าเมนู"""
Subject_003#0,"""เก็บไอเทมอัตโนมัติ"""
Subject_004#0,"""ตั้งค่าอื่นๆ"""
Subject_005#0,"""ตั้งค่ามุมกล้อง"""
Subject_006#0,"""ความเร็วการหมุนแนวนอน"""
Subject_007#0,"""ความเร็วการหมุนแนวตั้ง"""
Subject_008#0,"""แสดงดาเมจ"""
Subject_009#0,"""แสดงการฟื้นฟู/ดาเมจ"""
Subject_010#0,"""แสดง EXP (และอื่นๆ)"""
Subject_011#0,"""แจ้งเตือนแรร์ดรอป"""
Subject_012#0,"""ข้อความยืนยัน"""
Subject_013#0,"""ตั้งค่าข้อความ"""
Subject_014#0,"""การแจ้งเตือนอื่นๆ"""
Subject_015#0,"""ตั้งค่าแชท"""
Subject_016#0,"""แสดง Autoword ของผู้อื่น"""
Subject_017#0,"""แชนเนลที่จะแสดงใน 【 แสดงทั้งหมด 】 ของบันทึกแชท"""
Subject_018#0,"""ตั้งค่าสกรีนช็อต"""
Subject_019#0,"""ตั้งค่า Salon"""
Subject_020#0,"""ตั้งค่า Rideroid"""
Subject_021#0,"""ตั้งค่า Dark Blast"""
Subject_022#0,"""ระดับเสียง BGM"""
Subject_023#0,"""ระดับเสียง SE"""
Subject_024#0,"""ระดับเสียงพากย์"""
Subject_025#0,"""ระดับเสียงวิดีโอในเกม"""
Subject_026#0,"""ฟังก์ชันการเล่น"""
Subject_027#0,"""ฟีเจอร์การแสดงผล"""
Subject_028#0,"""จำนวนโมเดลความละเอียดสูง"""
Subject_029#0,"""จำนวนการแสดงผล Photon Blast"""
Subject_030#0,"""คุณภาพแสงสะท้อน"""
Subject_031#0,"""คุณภาพเงา"""
Subject_032#0,"""ความสว่างหน้าจอ"""
Subject_033#0,"""แสงไฟมุมกล้อง"""
Subject_034#0,"""ฟังก์ชันเมาส์"""
Subject_035#0,"""เปิด/ปิด Voice Chat"""
Subject_036#0,"""Wish List, Gift List"""
Config_000_Name#0,"""ตั้งค่า Lock-On"""
Config_000_Choices_0#0,"""คลิก"""
Config_000_Choices_1#0,"""กดค้าง"""
Config_000_Hint#0,"""เลือกรูปแบบการทำงานของ Lock-On<br>กำหนดว่าจะ Lock-On ด้วยการคลิกปุ่มหนึ่งครั้ง หรือกดปุ่มค้างไว้"""
Config_001_Name#0,"""สลับเป้าหมาย Lock-On ด้วย <%RStick>"""
Config_001_Choices_0#0,"""เปิดใช้งาน"""
Config_001_Choices_1#0,"""ปิดใช้งาน"""
Config_001_Hint#0,"""เมื่อเปิดใช้งาน จะสามารถเปลี่ยนเป้าหมาย Lock-On ได้ด้วย <%RStick>."""
Config_002_Name#0,"""ตั้งค่าการสลับ Palette"""
Config_002_Hint#0,"""ตั้งค่าวิธีการสลับไปยัง Back Palette<br>เลือกระหว่างการสลับ Palette เมื่อกดแต่ละครั้ง หรือสลับเฉพาะตอนที่กดปุ่มค้างไว้"""
Config_003_Name#0,"""กดปุ่มเคลื่อนที่สองครั้งเพื่อหลบหลีก"""
Config_003_Choices_0#0,"""เว้นจังหวะนาน"""
Config_003_Choices_1#0,"""เว้นจังหวะปานกลาง"""
Config_003_Choices_2#0,"""เว้นจังหวะสั้น"""
Config_003_Choices_3#0,"""ปิดใช้งาน"""
Config_003_Hint#0,"""คุณสามารถตั้งค่าระยะเวลาในการกดปุ่มเคลื่อนที่ ([W]/[A]/[S]/[D]) นคีย์บอร์ดเพื่อทำแอ็กชันหลบหลีกได้"""
Config_004_Name#0,"""การหมุนแผนที่เรดาร์"""
Config_004_Choices_0#0,"""ไม่หมุน"""
Config_004_Choices_1#0,"""หมุน"""
Config_004_Hint#0,"""ตั้งค่าว่าจะให้เรดาร์หมุนตามทิศทางของมุมกล้องหรือไม่"""
Config_005_Name#0,"""สลับรูปแบบแผนที่เมื่อเกิด E-Trial"""
Config_005_Choices_0#0,"""สลับเป็นแผนที่กว้าง"""
Config_005_Choices_1#0,"""ไม่เปลี่ยนแปลง"""
Config_005_Hint#0,"""ในขณะที่แผนที่เรดาร์ถูกขยาย คุณสามารถเปลี่ยนการตั้งค่าการขยายได้ชั่วคราวเมื่อเกิด E-Trial"""
Config_006_Name#0,"""ไม่แสดง"""
Config_006_Choices_0#0,"""แสดงตลอดเวลา"""
Config_006_Choices_1#0,"""แสดงเมื่อสลับ"""
Config_006_Choices_2#0,"""แสดงตลอดเวลา"""
Config_006_Hint#0,"""เลือกได้ว่าจะให้แสดงข้อมูล Subpalette ที่เลือกไว้หรือไม่"""
Config_007_Name#0,"""ข้อมูลพารามิเตอร์สัตว์เลี้ยง"""
Config_007_Choices_0#0,"""แสดง"""
Config_007_Choices_1#0,"""ไม่แสดง"""
Config_007_Hint#0,"""ตั้งค่าการแสดงผลหลอด HP ของสัตว์เลี้ยงและไอคอนสถานะ"""
Config_008_Name#0,"""การแสดงชื่อสมาชิกปาร์ตี้"""
Config_008_Choices_0#0,"""สีขาว"""
Config_008_Choices_1#0,"""สีฟ้า"""
Config_008_Hint#0,"""เลือกได้ว่าจะให้แสดงชื่อสมาชิกปาร์ตี้คนอื่นเป็นสีฟ้าหรือสีขาว"""
Config_009_Name#0,"""แสดงสีดาเมจตามธาตุ"""
Config_009_Choices_0#0,"""เปิดใช้งาน"""
Config_009_Choices_1#0,"""ปิดใช้งาน"""
Config_009_Hint#0,"""สีที่แสดงบนหลอด HP เมื่อได้รับดาเมจประเภท Strike, Ranged หรือ Tech"""
Config_010_Name#0,"""เปิด/ปิดไอคอนผู้เล่นหมดสภาพ"""
Config_010_Hint#0,"""ตั้งค่าว่าจะให้แสดงไอคอนสำหรับผู้เล่นที่ต้องการการชุบชีวิตหรือไม่<br>※คุณจะยังคงได้รับโบนัสแม้ว่าจะไม่แสดงไอคอนก็ตาม"""
Config_011_Name#0,"""ตำแหน่งเคอร์เซอร์ Storage"""
Config_011_Choices_0#0,"""Storage ทั้งหมด"""
Config_011_Choices_1#0,"""คลังพื้นฐาน"""
Config_011_Choices_2#0,"""คลังตัวละคร"""
Config_011_Choices_3#0,"""คลังพรีเมียม"""
Config_011_Choices_4#0,"""คลัง OTP"""
Config_011_Choices_5#0,"""คลัง PSO2es"""
Config_011_Hint#0,"""ตั้งค่าตำแหน่งเริ่มต้นของเคอร์เซอร์เมื่อหน้าต่าง Storage แสดงขึ้น มีผลทั้งตอนเปิด Storage, วางขายไอเทมใน My Shop และตอนซื้อขายไอเทมกับร้านค้า NPC"""
Config_012_Name#0,"""รายละเอียด Gathering แบบย่อ"""
Config_012_Hint#0,"""ตั้งค่าว่าจะให้แสดงข้อมูล Gathering แบบย่อในเมนูหลักหรือไม่"""
Config_013_Name#0,"""ตั้งค่าการแสดงผลเมนูตัวละคร"""
Config_013_Choices_0#0,"""รูปแบบหมวดหมู่"""
Config_013_Choices_1#0,"""รูปแบบรายการ"""
Config_013_Hint#0,"""เปลี่ยนรูปแบบการแสดงผลของเมนูตัวละครเมื่อเลือกผู้เล่นอื่น"""
Config_014_Name#0,"""ตั้งค่า Quest Counter"""
Config_014_Hint#0,"""ตั้งค่าการแสดงผลของ Quest Counter"""
Config_015_Name#0,"""รูปแบบเมนูใส่ข้อมูลปาร์ตี้"""
Config_015_Choices_0#0,"""รูปแบบละเอียด"""
Config_015_Choices_1#0,"""รูปแบบปกติ"""
Config_015_Hint#0,"""ตั้งค่ารูปแบบการแสดงผลของเมนูปาร์ตี้"""
Config_016_Name#0,"""บันทึกการตั้งค่าปาร์ตี้"""
Config_016_Choices_0#0,"""บันทึก"""
Config_016_Choices_1#0,"""ไม่บันทึก"""
Config_016_Hint#0,"""ตั้งค่าว่าจะให้บันทึกการตั้งค่าปาร์ตี้หรือไม่ แม้จะล็อกเอาต์และเปลี่ยนบล็อกแล้วก็ตาม<br>การตั้งค่าปาร์ตี้จะถูกบันทึกไว้จนกว่าคุณจะออกจากเกม"""
Config_017_Name#0,"""ตั้งชื่อปาร์ตี้อัตโนมัติ"""
Config_017_Choices_0#0,"""ชื่อเควสต์"""
Config_017_Choices_1#0,"""ชื่อตัวละคร"""
Config_017_Hint#0,"""ตั้งชื่อปาร์ตี้เริ่มต้น (หากไม่ได้ตั้งชื่อปาร์ตี้ไว้)<br>สามารถตั้งให้เป็นชื่อตัวละครของหัวหน้าปาร์ตี้ หรือชื่อเควสต์ได้"""
Config_018_Name#0,"""ตำแหน่งที่เลือกเป็นค่าเริ่มต้น"""
Config_018_Choices_0#0,"""ค้นหา Multi-Block"""
Config_018_Choices_1#0,"""บล็อกปัจจุบัน"""
Config_018_Hint#0,"""ตั้งค่าตำแหน่งเริ่มต้นของเคอร์เซอร์เมื่อเลือกระหว่างการจับคู่ในบล็อกเดียวกันและ Multi-Block<br>※ไม่รวมเควสต์บางรายการ"""
Config_019_Name#0,"""เก็บ Meseta อัตโนมัติ"""
Config_019_Choices_0#0,"""ปิดใช้งาน"""
Config_019_Choices_1#0,"""เปิดใช้งาน"""
Config_019_Hint#0,"""ตั้งค่าว่าจะให้เก็บ Meseta อัตโนมัติหรือไม่เมื่ออยู่ใกล้ๆ"""
Config_020_Name#0,"""เก็บอาวุธอัตโนมัติ"""
Config_020_Choices_0#0,"""ปิดใช้งาน"""
Config_020_Choices_1#0,"""★13 ขึ้นไป"""
Config_020_Hint#0,"""เมื่อมีไอเทม 13★ ขึ้นไปดรอป การตั้งค่านี้จะนำไอเทมเข้าสู่ Inventory ของคุณโดยตรงแทนที่จะตกอยู่บนพื้น เพื่อป้องกันการลืมเก็บ"""
Config_021_Name#0,"""เก็บ Unit อัตโนมัติ"""
Config_021_Choices_0#0,"""ปิดใช้งาน"""
Config_021_Choices_1#0,"""Unit ★12 ขึ้นไป"""
Config_021_Hint#0,"""เมื่อมี Unit 12★ ขึ้นไปดรอป การตั้งค่านี้จะนำไอเทมเข้าสู่ Inventory ของคุณโดยตรงแทนที่จะตกอยู่บนพื้น เพื่อป้องกันการลืมเก็บ"""
Config_022_Name#0,"""เก็บไอเทมวัตถุดิบอัตโนมัติ"""
Config_022_Hint#0,"""เมื่อมี Items/ไอเทมวัตถุดิบดรอป การตั้งค่านี้จะนำไอเทมเข้าสู่ Material Storage ของคุณโดยตรงแทนที่จะตกอยู่บนพื้น"""
Config_023_Name#0,"""เก็บไอเทมอื่นๆ อัตโนมัติ"""
Config_023_Hint#0,"""เมื่อมีไอเทมอื่นๆ นอกเหนือจากอาวุธ, Unit และวัตถุดิบดรอป การตั้งค่านี้จะนำไอเทมเข้าสู่ Inventory ของคุณโดยตรงแทนที่จะตกอยู่บนพื้น เพื่อป้องกันการลืมเก็บ"""
Config_024_Name#0,"""การแสดงผลแจ้งเตือนแรร์ดรอป"""
Config_024_Choices_0#0,"""ไอเทม ★7 ขึ้นไป"""
Config_024_Choices_1#0,"""ไอเทม ★10 ขึ้นไป"""
Config_024_Choices_2#0,"""ไอเทม ★13 ขึ้นไป"""
Config_024_Hint#0,"""เลือกระดับความแรร์ที่จะให้แสดงการแจ้งเตือนเมื่อมีแรร์ไอเทมดรอป"""
Config_025_Name#0,"""โฟกัสกล้องตอนมีอีเวนต์"""
Config_025_Hint#0,"""ตั้งค่าว่าจะให้ดึงความสนใจไปยังอีเวนต์โดยการแจ้งให้คุณกด <%Access> ค้างไว้หรือไม่"""
Config_026_Name#0,"""จอภาพในล็อบบี้"""
Config_026_Choices_0#0,"""เปิดเสียง"""
Config_026_Choices_1#0,"""ปิดเสียง"""
Config_026_Hint#0,"""เปิดหรือปิดการเล่นวิดีโอในเกม (เช่น บนจอภาพใน ARKS Lobby)<br>※ต้องรีสตาร์ทเกมเพื่อให้การตั้งค่ามีผล"""
Config_027_Name#0,"""ลำดับความสำคัญของบล็อกตอนล็อกอิน"""
Config_027_Choices_0#0,"""เน้นบล็อกผู้เล่นใหม่"""
Config_027_Choices_1#0,"""ไม่เน้นบล็อกผู้เล่นใหม่"""
Config_027_Hint#0,"""เลือกบล็อกผู้เล่นใหม่หรือสุ่มบล็อกอัตโนมัติเมื่อใช้ตัวละครเลเวล 20 ลงมา"""
Config_028_Name#0,"""จำนวนการแสดงผล Photon Blast"""
Config_028_Choices_0_VITA#0,"""แสดงทั้งหมด"""
Config_028_Choices_1_VITA#0,"""แสดงเฉพาะของคุณ"""
Config_028_Hint_VITA#0,"""ตั้งค่าจำนวน Photon Blast ที่จะแสดงผล<br>การแสดงผลให้น้อยลงจะช่วยลดภาระการทำงานของเครื่อง"""
Config_029_Name#0,"""ลำดับความสำคัญของการควบคุมกล้องด้วยเมาส์"""
Config_029_Choices_0#0,"""ควบคุมกล้อง"""
Config_029_Choices_1#0,"""ควบคุมเคอร์เซอร์"""
Config_029_Hint#0,"""เมื่อใช้เมาส์ ให้เลือกว่าจะให้ความสำคัญกับมุมกล้องหรือเคอร์เซอร์เมาส์"""
Config_030_Name#0,"""การหมุนกล้อง"""
Config_030_Choices_0#0,"""ปกติ"""
Config_030_Choices_1#0,"""กลับด้าน"""
Config_030_Hint#0,"""ตั้งค่าทิศทางการหมุนกล้องแนวนอน"""
Config_031_Name#0,"""ตั้งค่ากล้องแนวตั้ง"""
Config_031_Hint#0,"""ตั้งค่าทิศทางการหมุนกล้องแนวตั้ง"""
Config_032_Hint#0,"""ตั้งค่าความเร็วการหมุนกล้องแนวนอน"""
Config_033_Hint#0,"""ตั้งค่าความเร็วการหมุนกล้องแนวตั้ง"""
Config_034_Name#0,"""ลำดับความสำคัญของการควบคุมกล้องด้วยเมาส์"""
Config_035_Name#0,"""ตั้งค่ากล้องแนวนอน"""
Config_036_Name#0,"""ตั้งค่ากล้องแนวตั้ง"""
Config_039_Name#0,"""ตัวละครผู้เล่น"""
Config_039_Choices_0#0,"""ใหญ่ (ค่าเริ่มต้น)"""
Config_039_Choices_1#0,"""กลาง"""
Config_039_Choices_2#0,"""เล็ก"""
Config_039_Choices_3#0,"""ไม่แสดง"""
Config_039_Hint#0,"""ตั้งค่ารูปแบบการแสดงผลตัวเลข EXP และดาเมจ"""
Config_040_Name#0,"""สมาชิกปาร์ตี้"""
Config_041_Name#0,"""ตัวละครอื่นๆ"""
Config_042_Name#0,"""ตัวละครผู้เล่น"""
Config_042_Hint#0,"""ตั้งค่ารูปแบบการแสดงผลตัวเลขการฟื้นฟู HP และการได้รับดาเมจ"""
Config_043_Name#0,"""สมาชิกปาร์ตี้"""
Config_044_Name#0,"""ตัวละครอื่นๆ"""
Config_045_Name#0,"""EXP/อื่นๆ"""
Config_045_Hint#0,"""ตั้งค่าขนาดข้อความที่จะแสดงเมื่อคุณได้รับ EXP"""
Config_046_Name#0,"""การได้รับไอเทม"""
Config_046_Choices_0#0,"""แสดงข้างตัวละคร"""
Config_046_Choices_1#0,"""แสดงข้างไอเทม"""
Config_046_Choices_2#0,"""ไม่แสดง"""
Config_046_Hint#0,"""เปลี่ยนรูปแบบการแสดงผลแจ้งเตือนดรอปไอเทม"""
Config_047_Name#0,"""คำเชิญปาร์ตี้"""
Config_047_Hint#0,"""เปิดหรือปิดหน้าต่างเมื่อได้รับคำเชิญปาร์ตี้"""
Config_048_Name#0,"""ตั้งค่าเพื่อน"""
Config_048_Hint#0,"""เปิดหรือปิดหน้าต่างเมื่อได้รับคำขอเป็นเพื่อน"""
Config_049_Name#0,"""เชิญเข้าทีม"""
Config_049_Hint#0,"""เปิดหรือปิดหน้าต่างเมื่อได้รับคำเชิญเข้าทีม"""
Config_050_Name#0,"""เชิญเข้าแชทกลุ่ม"""
Config_050_Hint#0,"""เปิดหรือปิดหน้าต่างเมื่อได้รับคำเชิญเข้าแชทกลุ่ม"""
Config_051_Name#0,"""คำขอแลกเปลี่ยน"""
Config_051_Hint#0,"""เปิดหรือปิดหน้าต่างเมื่อได้รับคำขอแลกเปลี่ยน"""
Config_052_Name#0,"""ออเดอร์แนะนำ"""
Config_052_Hint#0,"""ตั้งค่าว่าจะให้แสดงหน้าต่าง Recommended Order เมื่อเริ่ม Featured Quest หรือไม่"""
Config_053_Name#0,"""ยืนยันการจับคู่ Multi-Block"""
Config_053_Hint#0,"""เปิดหรือปิดหน้าต่างยืนยันเมื่อหัวหน้าปาร์ตี้เริ่มเควสต์แบบ Multi-Block"""
Config_054_Name#0,"""การแจ้งเตือนการกำหนดปุ่ม <%GamePad>"""
Config_054_Hint#0,"""ตั้งค่าว่าจะให้เสนอการแก้ไขการกำหนดปุ่มที่สำคัญหรือไม่ หากตรวจพบปัญหา"""
Config_055_Name#0,"""ตั้งค่าข้อความข้อมูล"""
Config_055_Choices_0#0,"""แสดงข้อความล่าสุดเท่านั้น"""
Config_055_Choices_1#0,"""แสดง 3 ข้อความล่าสุด"""
Config_055_Hint#0,"""ตั้งค่าว่าจะให้แสดงข้อความแจ้งเตือนหลายข้อความ หรือเพียงข้อความเดียว"""
Config_056_Name#0,"""บันทึกชื่อไอเทมที่เก็บได้"""
Config_056_Hint#0,"""ตั้งค่าว่าจะให้บันทึกการแจ้งเตือนเมื่อได้รับไอเทมหรือไม่"""
Config_057_Name#0,"""แจ้งเตือนแรร์ดรอปในปาร์ตี้"""
Config_057_Hint#0,"""ตั้งค่าว่าจะให้แสดงการแจ้งเตือนหรือไม่ เมื่อสมาชิกปาร์ตี้เก็บแรร์ไอเทมได้"""
Config_058_Name#0,"""แจ้งเตือน Premium หมดอายุ"""
Config_058_Hint#0,"""ตั้งค่าว่าจะให้แสดงการแจ้งเตือนตอนล็อกอินเมื่อ Premium Set ของคุณเหลือเวลาอีก 7 วันจะหมดอายุหรือไม่"""
Config_059_Name#0,"""อนุญาต Login Call จากเพื่อน"""
Config_059_Choices_0#0,"""อนุญาต"""
Config_059_Choices_1#0,"""ไม่อนุญาต"""
Config_059_Hint#0,"""ตั้งค่าว่าจะให้ส่ง Login Call ไปหาเพื่อนตอนที่คุณล็อกอินหรือไม่"""
Config_060_Name#0,"""ไอคอนสมาชิกปาร์ตี้หมดสภาพ"""
Config_060_Hint#0,"""เลือกได้ว่าจะให้แสดงไอคอนสำหรับสมาชิกปาร์ตี้ที่หมดสภาพหรือไม่<br>ไม่มีผลกับ Friend/Support/Free Partner"""
Config_061_Name#0,"""ไอคอนผู้เล่นอื่นหมดสภาพ"""
Config_061_Hint#0,"""เลือกได้ว่าจะอนุญาตให้ผู้เล่นอื่นเห็นไอคอนของคุณเมื่อคุณหมดสภาพหรือไม่<br>หากผู้เล่นปิดการตั้งค่านี้ คุณจะไม่เห็นไอคอนของพวกเขาเช่นกัน"""
Config_062_Name#0,"""แชทตรง"""
Config_062_Hint#0,"""หากเปิดใช้งาน ปุ่มบนคีย์บอร์ดทั้งหมดจะถูกใช้สำหรับการแชทเท่านั้น<br><yellow>※ปุ่ม [ScrollLock] จะสามารถเปลี่ยนการตั้งค่านี้ได้ตลอดเวลา<c>"""
Config_063_Name#0,"""ปุ่ม Direct Chat"""
Config_063_Hint#0,"""ปิดการใช้งานปุ่ม Scroll Lock ในการสลับเปิด/ปิด Direct Chat<br><br>หาก Direct Chat ทำงานไม่ถูกต้อง ให้ลองเปิดการตั้งค่านี้ - อาจช่วยแก้ไขปัญหาได้"""
Config_064_Name#0,"""อ้างอิงจดหมายเมื่อตอบกลับ"""
Config_064_Choices_0#0,"""อ้างอิง"""
Config_064_Choices_1#0,"""ไม่อ้างอิง"""
Config_064_Hint#0,"""ตั้งค่าว่าจะให้อ้างอิงข้อความจดหมายในการตอบกลับหรือไม่"""
Config_065_Name#0,"""ตั้งค่า Symbol Art"""
Config_065_Hint#0,"""เลือกว่าจะแสดงหรือซ่อน Symbol Art"""
Config_066_Name#0,"""การแสดงแชททีม"""
Config_066_Choices_0#0,"""แสดงทั้งหมด"""
Config_066_Choices_1#0,"""พื้นที่เดียวกัน"""
Config_066_Choices_2#0,"""ไม่แสดง"""
Config_066_Hint#0,"""ตั้งค่าว่าจะให้แสดงแชททีมจากผู้เล่นอื่นหรือไม่"""
Config_067_Name#0,"""การแสดงบอลลูนแชทกลุ่ม"""
Config_067_Hint#0,"""เปลี่ยนรูปแบบการแสดงผลของบอลลูนแชทกลุ่ม"""
Config_068_Name#0,"""การแสดงผลทีม, Whisper, กลุ่ม"""
Config_068_Choices_0#0,"""ชื่อ Player ID"""
Config_068_Choices_1#0,"""ชื่อตัวละคร"""
Config_068_Hint#0,"""ตั้งค่าว่าจะให้แสดงชื่อ Player ID หรือชื่อตัวละครในแชทกลุ่ม, แชททีม และ Whisper"""
Config_069_Name#0,"""การแสดงสีพื้นหลังแชท"""
Config_069_Choices_0#0,"""ไม่เปลี่ยนสี"""
Config_069_Choices_1#0,"""เปลี่ยนสี"""
Config_069_Hint#0,"""ตั้งค่าว่าจะให้สีพื้นหลังแชทเปลี่ยนไปตามบุคคลที่คุณกำลังคุยด้วยหรือไม่"""
Config_070_Name#0,"""ตั้งค่าคำเชิญเข้าแชทกลุ่ม"""
Config_070_Choices_0#0,"""อนุญาตคำเชิญ"""
Config_070_Choices_1#0,"""ไม่อนุญาตคำเชิญ"""
Config_070_Hint#0,"""ตั้งค่าว่าจะให้บล็อกคำเชิญเข้าแชทกลุ่มโดยอัตโนมัติหรือไม่"""
Config_071_Name#0,"""ตั้งค่า Autoword"""
Config_071_Hint#0,"""หากคุณตั้งค่า Autoword ไว้ การเลือก 【 ปิดใช้งาน' 】 จะระงับไม่ให้ข้อความทำงาน"""
Config_072_Name#0,"""แสดง Autoword ในบันทึกแชท"""
Config_072_Hint#0,"""ตั้งค่าว่าจะให้แสดง Autoword ในบันทึกแชทหรือไม่"""
Config_073_Name#0,"""ลำดับการแสดงผลหน้าต่างบันทึก"""
Config_073_Choices_0_VITA#0,"""แสดงข้อความใหม่สุดจากด้านบน"""
Config_073_Choices_1_VITA#0,"""แสดงข้อความใหม่สุดจากด้านล่าง"""
Config_073_Hint_VITA#0,"""ตั้งค่าลำดับการแสดงผลของประวัติแชท"""
Config_074_Name#0,"""อีเวนต์"""
Config_074_Hint#0,"""กรองประเภทของ Autoword ที่อนุญาตให้แสดงบนหน้าจอ"""
Config_075_Name#0,"""สมาชิก"""
Config_076_Name#0,"""แอ็กชัน"""
Config_077_Name#0,"""สาธารณะ"""
Config_077_Hint#0,"""กรองประเภทของแชทที่อนุญาตให้แสดงในแท็บ 'แสดงทั้งหมด' ของหน้าต่างบันทึก"""
Config_078_Name#0,"""ปาร์ตี้"""
Config_079_Name#0,"""ทีม"""
Config_080_Name#0,"""กระซิบ"""
Config_081_Name#0,"""ระบบ"""
Config_082_Name#0,"""ตัวละคร"""
Config_083_Name#0,"""แชทกลุ่ม"""
Config_084_Name#0,"""ประเภทไฟล์สกรีนช็อต"""
Config_084_Choices_0#0,"""JPEG"""
Config_084_Choices_1#0,"""PNG"""
Config_084_Choices_2#0,"""BMP"""
Config_084_Hint#0,"""เลือกรูปแบบไฟล์ที่จะใช้สำหรับสกรีนช็อต"""
Config_085_Name#0,"""แสดง UI ระหว่างถ่ายสกรีนช็อต"""
Config_085_Choices_0#0,"""แสดงทั้งหมด"""
Config_085_Choices_1#0,"""แสดงเฉพาะบอลลูน"""
Config_085_Choices_2#0,"""ไม่แสดง"""
Config_085_Hint#0,"""ตั้งค่าว่าจะให้แสดงอินเทอร์เฟซ (รวมถึงหน้าต่างต่างๆ) ในสกรีนช็อตหรือไม่<br>※มีผลเฉพาะกับฟังก์ชันในเกมเท่านั้น"""
Config_085_Choices_0_Switch#0,"""แสดงหน้าต่าง"""
Config_085_Choices_1_Switch#0,"""ซ่อนหน้าต่าง"""
Config_085_Hint_Switch#0,"""ตั้งค่าว่าจะให้แสดงอินเทอร์เฟซ (รวมถึงหน้าต่างต่างๆ) ในสกรีนช็อตหรือไม่<br>※มีผลเฉพาะกับฟังก์ชันในเกมเท่านั้น"""
Config_086_Name#0,"""ตั้งค่าการปรับสรีระแบบซิงค์กัน"""
Config_086_Choices_0#0,"""ปรับสรีระแบบซิงค์กัน"""
Config_086_Choices_1#0,"""แยกการปรับรูปร่าง"""
Config_086_Hint#0,"""ตั้งค่าว่าคุณต้องการให้ร่างมนุษย์และร่างหุ่นยนต์ของ Cast ใช้สัดส่วนร่างกายเดียวกัน หรือต้องการปรับแต่งแยกกัน<br><br>โดยค่าเริ่มต้น ร่าง Humanoid และร่าง Cast จะซิงค์กัน อย่างไรก็ตาม คุณสามารถปรับแต่งแยกกันได้โดยเลือก 'ปรับสรีระแยกกัน'"""
Config_087_Name#0,"""ตั้งค่าการควบคุม"""
Config_087_Choices_0#0,"""แบบแมนนวล"""
Config_087_Choices_1#0,"""แบบอัตโนมัติ"""
Config_087_Hint#0,"""เลือกการตั้งค่า Rideroid ของคุณ<br><br>แบบแมนนวล: ขับเคลื่อนแบบแมนนวลเต็มรูปแบบ<br>แบบอัตโนมัติ: ขับอัตโนมัติเต็มรูปแบบ<br><br>※คุณสามารถปรับการตั้งค่ากล้อง Rideroid เป็น [มุมมองปกติ] หรือ [มุมมองข้ามไหล่] ได้<br>※ค่าเริ่มต้นของกล้อง Rideroid คือ [<yellow>มุมมองข้ามไหล่<c>]"""
Config_088_Name#0,"""มุมมองปกติ: การหมุนกล้อง"""
Config_088_Hint#0,"""ตั้งค่าทิศทางการหมุนกล้องแนวนอนเมื่อขับขี่ Rideroid"""
Config_089_Name#0,"""มุมมองปกติ: การหมุนกล้องแนวตั้ง"""
Config_089_Hint#0,"""ตั้งค่าทิศทางการหมุนกล้องแนวตั้งเมื่อขับขี่ Rideroid"""
Config_090_Name#0,"""มุมมองปกติ: การหันกล้องแนวนอน"""
Config_090_Hint#0,"""ตั้งค่าทิศทางการเลี้ยวแนวนอนของ Rideroid"""
Config_091_Name#0,"""มุมมองปกติ: การเคลื่อนที่แนวตั้ง"""
Config_091_Hint#0,"""ตั้งค่าทิศทางการเคลื่อนที่แนวตั้งของ Rideroid"""
Config_092_Name#0,"""มุมมองบุคคลที่สาม: การหมุนกล้อง"""
Config_093_Name#0,"""มุมมองบุคคลที่สาม: การหมุนกล้องแนวตั้ง"""
Config_094_Name#0,"""มุมมองบุคคลที่สาม: การหมุนกล้องแนวนอน"""
Config_095_Name#0,"""มุมมองบุคคลที่สาม: การเคลื่อนที่แนวตั้ง"""
Config_096_Name#0,"""เสียงพากย์ Dark Blast"""
Config_096_Hint#0,"""คุณสามารถตั้งค่าเสียงพากย์เฉพาะในระหว่างที่ใช้งาน Dark Blast ได้"""
Config_097_Name#0,"""รูปแบบการแสดงผล Dark Blast ของผู้อื่น"""
Config_097_Choices_0#0,"""ตามที่ผู้เล่นอื่นเลือก"""
Config_097_Choices_1#0,"""แสดงเป็นรูปแบบออร่าเสมอ"""
Config_097_Choices_2#0,"""แสดงเฉพาะตัวละคร"""
Config_097_Hint#0,"""เปลี่ยนรูปแบบการแสดงผล Dark Blast ของผู้เล่นอื่น<br><br>[ตามที่ผู้เล่นอื่นเลือก]<br>ซิงค์การตั้งค่า Dark Blast ตามที่ผู้เล่นคนนั้นๆ ตั้งไว้<br><br>[แสดงเป็นรูปแบบออร่าเสมอ]<br>Dark Blast ของผู้เล่นอื่นจะแสดงผลเป็นออร่า Dark Blast เสมอ<br><br>[แสดงเฉพาะตัวละคร]<br>แสดงเฉพาะโมเดลตัวละครแทนร่าง Dark Blast<br><br>มีผลเฉพาะเมื่อตั้งค่า 【 Drawing/Shader Quality 】เป็น 【 High Quality 】."""
Config_097_Hint_PS4#0,"""ตั้งค่ารูปลักษณ์เมื่อผู้เล่นอื่นใช้งาน Dark Blast<br><br>【 อิงตามการตั้งค่าของผู้เล่นอื่น 】<br>แสดงผลตามที่ผู้เล่นคนนั้นตั้งค่าไว้<br><br>【 แสดงผลแบบออร่า 】<br>แสดง Dark Blast เป็นเพียงออร่า<br>โดยความโปร่งใสจะอิงตามการตั้งค่าของผู้เล่นนั้น<br><br>【 แสดงผลแบบตัวละคร 】<br>ไม่แสดงร่าง Dark Blast<br>แต่จะแสดงเป็นตัวละครปกติเสมอ"""
Config_097_Hint_Switch#0,"""ตั้งค่ารูปลักษณ์เมื่อผู้เล่นอื่นใช้งาน Dark Blast<br><br>【 อิงตามการตั้งค่าของผู้เล่นอื่น 】<br>แสดงผลตามที่ผู้เล่นคนนั้นตั้งค่าไว้<br><br>【 แสดงผลแบบออร่า 】<br>แสดง Dark Blast เป็นเพียงออร่า<br>โดยความโปร่งใสจะอิงตามการตั้งค่าของผู้เล่นนั้น<br><br>【 แสดงผลแบบตัวละคร 】<br>ไม่แสดงร่าง Dark Blast<br>แต่จะแสดงเป็นตัวละครปกติเสมอ"""
Config_097_Hint_PCCloud#0,"""ตั้งค่ารูปลักษณ์เมื่อผู้เล่นอื่นใช้งาน Dark Blast<br><br>【 อิงตามการตั้งค่าของผู้เล่นอื่น 】<br>แสดงผลตามที่ผู้เล่นคนนั้นตั้งค่าไว้<br><br>【 แสดงผลแบบออร่า 】<br>แสดง Dark Blast เป็นเพียงออร่า<br>โดยความโปร่งใสจะอิงตามการตั้งค่าของผู้เล่นนั้น<br><br>【 แสดงผลแบบตัวละคร 】<br>ไม่แสดงร่าง Dark Blast<br>แต่จะแสดงเป็นตัวละครปกติเสมอ"""
Config_098_Hint#0,"""ตั้งค่าระดับเสียง BGM"""
Config_099_Hint#0,"""ตั้งค่าระดับเสียงเอฟเฟกต์"""
Config_100_Hint#0,"""ตั้งค่าระดับเสียงพากย์"""
Config_101_Hint#0,"""ตั้งค่าระดับเสียงของวิดีโอที่แสดงบนจอภาพ ARKS ในล็อบบี้ รวมถึงคัตซีนบางส่วนด้วย"""
Config_102_Name#0,"""เสียงรอบทิศทาง"""
Config_102_Choices_0#0,"""เปิด"""
Config_102_Choices_1#0,"""ปิด"""
Config_102_Hint#0,"""สลับเปิด/ปิดเอฟเฟกต์เสียงรอบทิศทาง"""
Config_103_Name#0,"""เสียงเมื่อหน้าต่างไม่ทำงาน"""
Config_103_Hint#0,"""งค่าว่าจะให้เล่นเสียงหรือไม่เมื่อหน้าต่างเกมไม่ได้เปิดใช้งานอยู่"""
Config_104_Name#0,"""แหล่งกำเนิดแสงจากเอฟเฟกต์"""
Config_104_Hint#0,"""เปิดหรือปิดแสงสว่างจากเอฟเฟกต์<br>การปิดใช้งานจะช่วยเพิ่มประสิทธิภาพของเครื่องขึ้นเล็กน้อย"""
Config_105_Name#0,"""แสงสว่างของสภาพแวดล้อม"""
Config_105_Hint#0,"""เปิดหรือปิดเอฟเฟกต์แสงสว่างของสภาพแวดล้อม<br>การปิดใช้งานจะช่วยเพิ่มประสิทธิภาพของเครื่องขึ้นเล็กน้อย"""
Config_105_Hint_PS4#0,"""เปิด/ปิด เอฟเฟกต์แสงที่เกี่ยวข้องกับภูมิประเทศ<br><br>การปิดการตั้งค่านี้จะช่วยเพิ่มประสิทธิภาพของเกม"""
Config_105_Hint_Switch#0,"""เปิด/ปิด เอฟเฟกต์แสงที่เกี่ยวข้องกับภูมิประเทศ"""
Config_105_Hint_PCCloud#0,"""เปิด/ปิด เอฟเฟกต์แสงที่เกี่ยวข้องกับภูมิประเทศ"""
Config_106_Name#0,"""ตั้งค่า Bloom"""
Config_106_Hint#0,"""สร้างเอฟเฟกต์บนหน้าจอเมื่อมองวัตถุที่สว่างมาก<br>การปิดใช้งานจะช่วยเพิ่มประสิทธิภาพของเครื่องขึ้นเล็กน้อย"""
Config_106_Hint_PS4#0,"""เอฟเฟกต์ใส่ฟิลเตอร์ให้กับส่วนที่สว่าง<br>ช่วยให้ภาพรวมของหน้าจอสวยงามยิ่งขึ้น<br><br>การปิดการตั้งค่านี้จะช่วยเพิ่มประสิทธิภาพของเกม"""
Config_107_Name#0,"""Depth of Field"""
Config_107_Hint#0,"""จำลองการเบลอตามธรรมชาติของชั้นบรรยากาศสำหรับวัตถุที่อยู่ไกล<br>การปิดใช้งานจะช่วยเพิ่มประสิทธิภาพของเครื่องขึ้นเล็กน้อย<br><br>มีผลเฉพาะเมื่อตั้งค่า 【 Drawing/Shader Quality 】 เป็น 【 High Quality 】."""
Config_107_Hint_PS4#0,"""เบลอทิวทัศน์ที่อยู่ไกลออกไป<br>เพื่อให้บรรยากาศดูเป็นธรรมชาติ<br>จะมีผลเฉพาะในบางอีเวนต์เท่านั้น<br><br>การปิดการตั้งค่านี้จะช่วยเพิ่มประสิทธิภาพของเกม"""
Config_108_Name#0,"""เบลอ"""
Config_108_Hint#0,"""เปิดหรือปิดเอฟเฟกต์เบลอภาพ<br>การปิดใช้งานจะช่วยเพิ่มประสิทธิภาพของเครื่องขึ้นเล็กน้อย"""
Config_109_Name#0,"""เอฟเฟกต์ลำแสง"""
Config_109_Hint#0,"""เปิดหรือปิดการแสดงผลของลำแสงอาทิตย์<br>การปิดใช้งานจะช่วยเพิ่มประสิทธิภาพของเครื่องขึ้นเล็กน้อย"""
Config_109_Hint_PS4#0,"""เปิด/ปิด การแสดงผลการกระจายตัวของแสงอาทิตย์<br><br>การปิดการตั้งค่านี้จะช่วยเพิ่มประสิทธิภาพของเกม"""
Config_110_Name#0,"""Anti-aliasing"""
Config_110_Hint#0,"""เปิดหรือปิดการลบรอยหยัก (Anti-aliasing)<br>การปิดใช้งานจะช่วยเพิ่มประสิทธิภาพของเครื่องขึ้นเล็กน้อย<br><br><yellow>※หากคุณตั้งค่านี้ให้รวม TAA บางสิ่ง<br>\u3000อาจมีรูปร่างหน้าตาเปลี่ยนไป<br>\u3000เช่น ไอเทมจาก [PSO2].<c>"""
Config_111_Name#0,"""Soft Particles"""
Config_111_Hint#0,"""เปิดหรือปิดเอฟเฟกต์ Soft Particles<br>การปิดใช้งานจะช่วยเพิ่มประสิทธิภาพของเครื่องขึ้นเล็กน้อย"""
Config_111_Hint_PS4#0,"""เอฟเฟกต์อนุภาค (Particles) <br>จะค่อยๆ จางลงเมื่อเข้าใกล้พื้นดิน<br>จะมีผลเฉพาะกับบางเอฟเฟกต์เท่านั้น<br><br>การปิดการตั้งค่านี้จะช่วยเพิ่มประสิทธิภาพของเกม"""
Config_112_Name#0,"""ลดแสงเอฟเฟกต์"""
Config_112_Choices_0#0,"""ปกติ"""
Config_112_Choices_1#0,"""ลดลง"""
Config_112_Hint#0,"""ปรับความเข้มของแสงที่เกิดจากเอฟเฟกต์บางชนิด<br>การตั้งค่าเป็น 【 ลดลง 】 จะทำให้แสงของเอฟเฟกต์เหล่านี้มืดลง"""
Config_112_Hint_Switch#0,"""ปรับความเข้มของแสงที่เกิดจากเอฟเฟกต์บางชนิด<br>การตั้งค่าเป็น 【 ลดลง 】 จะทำให้แสงของเอฟเฟกต์เหล่านี้มืดลง"""
Config_112_Hint_PCCloud#0,"""ปรับความเข้มของแสงที่เกิดจากเอฟเฟกต์บางชนิด<br>การตั้งค่าเป็น 【 ลดลง 】 จะทำให้แสงของเอฟเฟกต์เหล่านี้มืดลง"""
Config_113_Name#0,"""ระยะซ่อนเอฟเฟกต์ของผู้เล่นอื่น"""
Config_113_Choices_0#0,"""ซ่อนเฉพาะเอฟเฟกต์ที่อยู่ใกล้"""
Config_113_Choices_1#0,"""ซ่อนเอฟเฟกต์ทั้งหมด"""
Config_113_Hint#0,"""งค่าระยะที่จะเริ่มซ่อนเอฟเฟกต์ของผู้เล่นอื่น<br>หากเลือก 【 ซ่อนเอฟเฟกต์ทั้งหมด 】 เอฟเฟกต์บางอย่างจะไม่แสดงให้เห็นเลย"""
Config_114_Name#0,"""Ambient Occlusion"""
Config_114_Hint#0,"""เพิ่มความเข้มของเงาตามขอบวัตถุ<br>เปิดใช้งานเมื่อตั้งค่าคุณภาพกราฟิกเป็น 6<br>การปิดใช้งานจะช่วยเพิ่มประสิทธิภาพของเครื่องขึ้นเล็กน้อย"""
Config_114_Hint_PS4#0,"""เพิ่มความเข้มของเงาบริเวณขอบ เพื่อความสมจริงมากยิ่งขึ้น<br><br>การปิดการตั้งค่านี้จะช่วยเพิ่มประสิทธิภาพของเกม"""
Config_115_Name#0,"""ลดความสว่างขอบหน้าจอ"""
Config_115_Hint#0,"""ลดความสว่างบริเวณขอบของหน้าจอ<br>เปิดใช้งานเมื่อตั้งค่าคุณภาพกราฟิกเป็น 6<br>การปิดใช้งานจะช่วยเพิ่มประสิทธิภาพของเครื่องขึ้นเล็กน้อย"""
Config_115_Hint_PS4#0,"""ปรับขอบหน้าจอให้มืดลง<br><br>การปิดการตั้งค่านี้จะช่วยเพิ่มประสิทธิภาพของเกม"""
Config_116_Name#0,"""Color Tone Curve"""
Config_116_Hint#0,"""ปรับความสว่าง สี และคอนทราสต์โดยรวมของแต่ละพื้นที่<br>เปิดใช้งานเมื่อตั้งค่าคุณภาพกราฟิกเป็น 6<br>การปิดใช้งานจะช่วยเพิ่มประสิทธิภาพของเครื่องขึ้นเล็กน้อย"""
Config_116_Hint_PS4#0,"""ปรับโทนสี คอนทราสต์ และความสว่าง<br>ตามแต่ละพื้นที่โดยอัตโนมัติ<br><br>การปิดการตั้งค่านี้จะช่วยเพิ่มประสิทธิภาพของเกม"""
Config_116_Hint_Switch#0,"""ปรับโทนสี คอนทราสต์ และความสว่าง<br>ตามแต่ละพื้นที่โดยอัตโนมัติ"""
Config_116_Hint_PCCloud#0,"""ปรับโทนสี คอนทราสต์ และความสว่าง<br>ตามแต่ละพื้นที่โดยอัตโนมัติ"""
Config_117_Name#0,"""แสงกระทบขอบวัตถุ"""
Config_117_Hint#0,"""ปรับปริมาณแสงที่กระทบตามขอบของวัตถุ<br>เปิดใช้งานเมื่อตั้งค่าคุณภาพกราฟิกเป็น 6<br>การปิดใช้งานจะช่วยเพิ่มประสิทธิภาพของเครื่องขึ้นเล็กน้อย"""
Config_117_Hint_PS4#0,"""ปรับปริมาณแสงที่กระทบตามขอบของวัตถุ<br><br>การตั้งค่านี้เป็น ปิด จะช่วยเพิ่มประสิทธิภาพของเครื่อง"""
Config_117_Hint_Switch#0,"""ปรับปริมาณแสงที่กระทบตามขอบของวัตถุ"""
Config_117_Hint_PCCloud#0,"""ปรับปริมาณแสงที่กระทบตามขอบของวัตถุ"""
Config_118_Name#0,"""การปรับความละเอียดแบบไดนามิก"""
Config_118_Hint_PS4#0,"""ฟังก์ชันนี้จะลดความละเอียดภาพลงเมื่อมีการประมวลผลสูง<br>เพื่อรักษาความเสถียรของเฟรมเรต<br><br>หากปิดการตั้งค่านี้ อาจส่งผลให้เฟรมเรตตก<br>ในระหว่างการต่อสู้ได้"""
Config_119_Hint#0,"""ตั้งค่าจำนวนตัวละครผู้เล่นที่จะให้แสดงรายละเอียดแบบเต็มรูปแบบ เช่น การแสดงอุปกรณ์สวมใส่<br>การลดจำนวนลงจะช่วยเพิ่มประสิทธิภาพของเครื่อง"""
Config_120_Hint#0,"""ตั้งค่าจำนวน Photon Blast ที่จะแสดงผล<br>การแสดงผลให้น้อยลงจะช่วยลดภาระการทำงานของเครื่อง"""
Config_121_Hint#0,"""ตั้งค่าคุณภาพของแสงสะท้อนบนผิวน้ำ<br>การลดค่าลงจะช่วยเพิ่มประสิทธิภาพของเครื่องขึ้นเล็กน้อย"""
Config_122_Hint#0,"""ตั้งค่าคุณภาพการเรนเดอร์เงา<br>การลดค่าลงจะช่วยเพิ่มประสิทธิภาพของเครื่องขึ้นเล็กน้อย"""
Config_124_Hint_PS4#0,"""ตั้งค่าความสว่างของหน้าจอ<br>การลดค่านี้จะทำให้ความสว่างโดยรวมของหน้าจอลดลง"""
Config_123_Hint#0,"""ตั้งค่าความสว่างของหน้าจอ<br>การลดค่าลงจะทำให้ความสว่างของทั้งหน้าจอลดลง"""
Config_125_Hint#0,"""ตั้งค่าความเร็วการหมุนเมาส์<br>การลดค่าลงจะทำให้ความเร็วในการหมุนกล้องเมื่อใช้เมาส์ลดลง"""
Config_127_Name#0,"""ซ่อนเครื่องประดับของผู้เล่นอื่น"""
Config_127_Choices_0#0,"""ปิดใช้งาน"""
Config_127_Choices_1#0,"""เฉพาะผู้เล่นที่ถูกบล็อก"""
Config_127_Choices_2#0,"""ซ่อนทั้งหมด"""
Config_127_Hint#0,"""ตั้งค่าตัวเลือกการแสดงผลเครื่องประดับของผู้เล่นอื่น<br><br>หากตั้งค่าเป็น 【 เฉพาะผู้เล่นที่ถูกบล็อก 】 จะซ่อนเครื่องประดับเฉพาะผู้เล่นที่อยู่ใน Blocklist ของคุณเท่านั้น<br><br>【 ซ่อนทั้งหมด 】 จะปิดการแสดงผลเครื่องประดับจากผู้เล่นอื่นทั้งหมด ไม่ว่าพวกเขาจะอยู่ใน Blocklist ของคุณหรือไม่ก็ตาม"""
Config_128_Name#0,"""ใช้งาน Voice Chat"""
Config_128_Choices_0#0,"""เปิดใช้งาน"""
Config_128_Choices_1#0,"""ปิดใช้งาน"""
Config_128_Hint#0,"""เลือกว่าจะเปิดหรือปิดใช้งาน Voice Chat<br><br><yellow>※หากปิดการตั้งค่านี้ คุณจะไม่ได้ยินเสียงของตัวเองหรือผู้เล่นคนอื่น<c>"""
Config_129_Name#0,"""Wish List, Gift List"""
Config_129_Choices_0#0,"""ซ่อน"""
Config_129_Choices_1#0,"""แสดง"""
Config_129_Hint#0,"""ตั้งค่าว่าจะให้แสดง 【 เพิ่มใน Wish List 】 หรือ 【 เพิ่มใน Gift List 】 ในเมนูไอเทมหรือไม่"""
Config_130_Name#0,"""Material Storage อัตโนมัติ"""
Config_130_Choices_0#0,"""เปิดใช้งาน"""
Config_130_Choices_1#0,"""ปิดใช้งาน"""
Config_130_Hint#0,"""คุณสามารถเลือกได้ว่าจะส่งไอเทมเข้า Material Storage โดยอัตโนมัติหรือไม่<br><br>มีผลกับสิ่งต่อไปนี้:<br>・ไอเทมที่ดรอป<br>・ไอเทม Gathering<br>・รางวัล E-Trial<br>・รางวัลเมื่อจบเควสต์"""
Config_Reb_001_Name#0,"""หมุนแผนที่เรดาร์"""
Config_Reb_001_Hint#0,"""หมุนเรดาร์ตามทิศทางที่มุมกล้องของผู้เล่นหันไป"""
Config_Reb_001_Select_0#0,"""ไม่หมุน"""
Config_Reb_001_Select_1#0,"""หมุน"""
Config_Reb_002_Name#0,"""แสดงสีดาเมจตามธาตุ"""
Config_Reb_002_Hint#0,"""สีที่แสดงบนหลอด HP เมื่อได้รับดาเมจประเภท Strike, Ranged หรือ Tech"""
Config_Reb_002_Select_0#0,"""แสดงผลตามปกติไม่แยกตามประเภท"""
Config_Reb_002_Select_1#0,"""แสดงผลตามประเภทธาตุ"""
Config_Reb_003_Name#0,"""แสดงชื่อไอเทม Subpalette ที่เลือกอยู่"""
Config_Reb_003_Hint#0,"""เลือกรูปแบบการแสดงชื่อของไอเทมที่กำลังเลือกบน Subpalette"""
Config_Reb_003_Select_0#0,"""ไม่แสดง"""
Config_Reb_003_Select_1#0,"""แสดงชั่วคราว"""
Config_Reb_003_Select_2#0,"""แสดงตลอดเวลา"""
Config_Reb_004_Name#0,"""การแจ้งเตือนแรร์ดรอป"""
Config_Reb_004_Hint#0,"""ควบคุมการแจ้งเตือนแรร์ดรอป"""
Config_Reb_004_Select_0#0,"""ไม่แสดง"""
Config_Reb_004_Select_1#0,"""เฉพาะเสียงเอฟเฟกต์"""
Config_Reb_004_Select_2#0,"""แสดง"""
Config_Reb_005_Name#0,"""Volumetric Fog"""
Config_Reb_005_Hint#0,"""เพิ่มเอฟเฟกต์แสง 3 มิติ (หมอก, ฝุ่น, ควัน, ไอน้ำ ฯลฯ) เพื่อยกระดับความสวยงามของแสง<br><br>การตั้งค่านี้เป็น ปิด จะช่วยเพิ่มประสิทธิภาพของเครื่อง"""
Config_Reb_006_Name#0,"""รูปแบบการแสดงผลเมนูตัวละคร"""
Config_Reb_006_Hint#0,"""ตั้งค่ารูปแบบการแสดงผลของเมนูตัวละครเมื่อคุณเลือกตัวละครในพื้นที่"""
Config_Reb_006_Select_0#0,"""รูปแบบหมวดหมู่"""
Config_Reb_006_Select_1#0,"""รูปแบบรายการ"""
Config_Reb_007_Name#0,"""ไอคอนผู้เล่นหวนคืน"""
Config_Reb_007_Hint#0,"""เปิด/ปิดการแสดงผลของไอคอนผู้เล่นหวนคืน<br><br>※การตั้งค่านี้ไม่มีผลกับตัวโบนัส เป็นเพียงการตั้งค่าเพื่อการแสดงผลเท่านั้น"""
Config_Reb_007_Select_0#0,"""ไม่แสดง"""
Config_Reb_007_Select_1#0,"""แสดง"""
Config_Reb_008_Name#0,"""การเล่นวิดีโอบนจอในเกม"""
Config_Reb_008_Hint#0,"""เปิด/ปิดการเล่นวิดีโอบนจอภาพต่างๆ ที่อยู่ทั่วทั้งเกม"""
Config_Reb_008_Select_0#0,"""ไม่เล่นวิดีโอ"""
Config_Reb_008_Select_1#0,"""เล่นวิดีโอ"""
Config_Reb_009_Name#0,"""ตั้งค่าการบันทึกรหัสผ่านปาร์ตี้/การจับคู่"""
Config_Reb_009_Hint#0,"""ตั้งค่าว่าจะเก็บการตั้งค่ารหัสผ่านปาร์ตี้/การจับคู่ของคุณไว้หรือไม่เมื่อเปลี่ยนบล็อกและล็อกเอาต์<br><br><yellow>※การตั้งค่าจะถูกบันทึกไว้จนกว่าจะปิดเกม<c><br><br><yellow>※ไม่ว่าคุณจะบันทึกการตั้งค่าหรือไม่ รหัสผ่านใดๆ ที่คุณตั้งไว้จะถูกใช้งานจนกว่าคุณจะล็อกเอาต์<c>"""
Config_Reb_009_Select_0#0,"""ไม่เก็บการตั้งค่า"""
Config_Reb_009_Select_1#0,"""เก็บการตั้งค่า"""
Config_Reb_010_Name#0,"""โฟกัสกล้องตอนมีอีเวนต์"""
Config_Reb_010_Hint#0,"""ตั้งค่าว่าจะให้ดึงความสนใจไปยังอีเวนต์โดยการแจ้งให้คุณกดปุ่มหรือคีย์ค้างไว้หรือไม่"""
Config_Reb_010_Select_0#0,"""ปิดใช้งาน"""
Config_Reb_010_Select_1#0,"""เปิดใช้งาน"""
Config_Reb_011_Name#0,"""การแสดงชื่อสมาชิกปาร์ตี้"""
Config_Reb_011_Hint#0,"""เลือกว่าจะแสดงชื่อสมาชิกปาร์ตี้คนอื่นในสีที่ต่างไป หรือคงไว้ตามค่าเริ่มต้น"""
Config_Reb_011_Select_0#0,"""สีขาว (ค่าเริ่มต้น)"""
Config_Reb_011_Select_1#0,"""สีฟ้า"""
Config_Reb_012_Name#0,"""ตั้งชื่อปาร์ตี้อัตโนมัติ"""
Config_Reb_012_Hint#0,"""ตั้งชื่อปาร์ตี้เริ่มต้น (หากไม่ได้ตั้งชื่อปาร์ตี้ไว้)<br><br>[ชื่อเควสต์]<br>ใช้ชื่อของเควสต์ที่รับมาเป็นค่าเริ่มต้น<br><br>[ชื่อตัวละคร]<br>ใช้ชื่อตัวละครของคุณเป็นค่าเริ่มต้น"""
Config_Reb_012_Select_0#0,"""ชื่อเควสต์"""
Config_Reb_012_Select_1#0,"""ชื่อตัวละคร"""
Config_Reb_013_Name#0,"""ลำดับความสำคัญของบล็อกตอนล็อกอิน"""
Config_Reb_013_Hint#0,"""เลือกบล็อกผู้เล่นใหม่หรือสุ่มบล็อกอัตโนมัติเมื่อใช้ตัวละครเลเวล Lv.20↓ ลงมา"""
Config_Reb_013_Select_0#0,"""ไม่เน้น"""
Config_Reb_013_Select_1#0,"""เน้นบล็อกผู้เล่นใหม่"""
Config_Reb_014_Name#0,"""ตั้งค่าตำแหน่งเคอร์เซอร์ Storage"""
Config_Reb_014_Hint#0,"""ตั้งค่าตำแหน่งเริ่มต้นของเคอร์เซอร์เมื่อหน้าต่าง Storage แสดงขึ้น<br><br>มีผลทั้งตอนเปิด Storage, วางขายไอเทมใน My Shop และตอนซื้อขายไอเทมกับร้านค้า NPC"""
Config_Reb_014_Select_0#0,"""Storage ทั้งหมด"""
Config_Reb_014_Select_1#0,"""คลังพื้นฐาน"""
Config_Reb_014_Select_2#0,"""คลังตัวละคร"""
Config_Reb_014_Select_3#0,"""คลังพรีเมียม"""
Config_Reb_014_Select_4#0,"""คลัง OTP"""
Config_Reb_014_Select_5#0,"""คลัง PSO2es"""
Config_Reb_015_Name#0,"""ตำแหน่งที่เลือกเป็นค่าเริ่มต้น"""
Config_Reb_015_Hint#0,"""ตั้งค่าตำแหน่งเริ่มต้นของเคอร์เซอร์เมื่อเลือกระหว่างการจับคู่ในบล็อกเดียวกันและ Multi-Block<br><br>※ไม่รวมเควสต์บางรายการ"""
Config_Reb_015_Select_0#0,"""ค้นหา Multi-Block"""
Config_Reb_015_Select_1#0,"""ค้นหาบล็อกปัจจุบัน"""
Config_Reb_016_Name#0,"""แจ้งเตือนคำเชิญปาร์ตี้"""
Config_Reb_016_Hint#0,"""ตั้งค่าว่าจะให้แสดงเมนูเข้าร่วมปาร์ตี้หรือไม่เมื่อได้รับคำเชิญเข้าปาร์ตี้"""
Config_Reb_016_Select_0#0,"""ไม่แสดง"""
Config_Reb_016_Select_1#0,"""แสดง"""
Config_Reb_017_Name#0,"""แจ้งเตือนการขอเป็นเพื่อน"""
Config_Reb_017_Hint#0,"""เปิดหรือปิดหน้าต่างเมื่อได้รับคำขอเป็นเพื่อน"""
Config_Reb_017_Select_0#0,"""ไม่แสดง"""
Config_Reb_017_Select_1#0,"""แสดง"""
Config_Reb_018_Name#0,"""แจ้งเตือนการชวนเข้าทีม"""
Config_Reb_018_Hint#0,"""เปิดหรือปิดหน้าต่างเมื่อได้รับคำเชิญเข้าทีม"""
Config_Reb_018_Select_0#0,"""ไม่แสดง"""
Config_Reb_018_Select_1#0,"""แสดงผล"""
Config_Reb_019_Name#0,"""การแจ้งเตือนแลกเปลี่ยน"""
Config_Reb_019_Hint#0,"""เปิดหรือปิดหน้าต่างแจ้งเตือนเมื่อได้รับคำขอแลกเปลี่ยน"""
Config_Reb_019_Select_0#0,"""ไม่แสดง"""
Config_Reb_019_Select_1#0,"""แสดง"""
Config_Reb_020_Name#0,"""การแสดงบันทึกไอเทม"""
Config_Reb_020_Hint#0,"""ตั้งค่าว่าจะให้บันทึกการแจ้งเตือนเมื่อได้รับไอเทมหรือไม่"""
Config_Reb_020_Select_0#0,"""ไม่แสดง"""
Config_Reb_020_Select_1#0,"""แสดง"""
Config_Reb_021_Name#0,"""แจ้งเตือน Premium หมดอายุ"""
Config_Reb_021_Hint#0,"""ตั้งค่าว่าจะให้แสดงการแจ้งเตือนตอนล็อกอินเมื่อ Premium Set ของคุณเหลือเวลาอีก 7 วันจะหมดอายุหรือไม่"""
Config_Reb_021_Select_0#0,"""ไม่แสดง"""
Config_Reb_021_Select_1#0,"""แสดง"""
Config_Reb_022_Name#0,"""แจ้งเตือน Recommended Order"""
Config_Reb_022_Hint#0,"""ตั้งค่าว่าจะให้แสดงหน้าต่าง Recommended Order เมื่อเริ่ม Featured Quest หรือไม่"""
Config_Reb_022_Select_0#0,"""ไม่แสดง"""
Config_Reb_022_Select_1#0,"""แสดง"""
Config_Reb_023_Name#0,"""แจ้งเตือนแรร์ดรอปในปาร์ตี้"""
Config_Reb_023_Hint#0,"""ตั้งค่าว่าจะให้แสดงการแจ้งเตือนหรือไม่ เมื่อสมาชิกปาร์ตี้เก็บแรร์ไอเทมได้"""
Config_Reb_023_Select_0#0,"""ไม่แสดง"""
Config_Reb_023_Select_1#0,"""แสดง"""
Config_Reb_024_Name#0,"""จำนวนตัวละครในเขตสำรวจ"""
Config_Reb_024_Hint#0,"""ตั้งค่าจำนวนตัวละครสูงสุดที่มองเห็นได้ในเขตสำรวจ<br><br>ค่าที่ต่ำลงอาจช่วยเพิ่มประสิทธิภาพของเครื่อง"""
Config_Reb_024_Select_0#0,"""ไม่แสดง"""
Config_Reb_024_Select_1#0,"""แสดง"""
Config_Reb_025_Name#0,"""ตั้งค่า Login Call"""
Config_Reb_025_Hint#0,"""เมื่อคุณล็อกอิน จะส่ง Login Call ไปหาเพื่อน<br><br><yellow>※Login Call จะถูกส่งไปยังเพื่อนที่<br>เปิดรับการแจ้งเตือนจากคุณเท่านั้น<br>หากต้องการเปิดรับ Login Call ให้เปิด<br>รายชื่อเพื่อนจากเมนู Communication<br>เลือกผู้เล่นที่คุณต้องการรับ Login<br>Call จากนั้นเลือก 【 รับ Login Call 】.<c>"""
Config_Reb_025_Select_0#0,"""ไม่แสดง"""
Config_Reb_025_Select_1#0,"""แสดง"""
Config_Reb_026_Name#0,"""ไอคอนสมาชิกปาร์ตี้หมดสภาพ"""
Config_Reb_026_Hint#0,"""เลือกได้ว่าจะให้แสดงไอคอนสำหรับสมาชิกปาร์ตี้ที่หมดสภาพหรือไม่<br>ไม่มีผลกับ Friend/Support/Free Partner"""
Config_Reb_026_Select_0#0,"""ไม่แสดง"""
Config_Reb_026_Select_1#0,"""แสดง"""
Config_Reb_027_Name#0,"""ไอคอนเมื่อตนเองหมดสภาพ"""
Config_Reb_027_Hint#0,"""เลือกได้ว่าจะอนุญาตให้ผู้เล่นอื่นเห็นไอคอนของคุณเมื่อคุณหมดสภาพหรือไม่<br>หากผู้เล่นปิดการตั้งค่านี้ คุณจะไม่เห็นไอคอนของพวกเขาเช่นกัน"""
Config_Reb_027_Select_0#0,"""ไม่แสดง"""
Config_Reb_027_Select_1#0,"""แสดง"""
Config_Reb_028_Name#0,"""ตั้งค่าการปรับสรีระแบบซิงค์กัน"""
Config_Reb_028_Hint#0,"""รูปร่างของแต่ละเผ่าพันธุ์/เพศจะถูกซิงค์กันเป็นค่าเริ่มต้น คุณสามารถปรับแต่งแยกกันได้ด้วย 'ปรับรูปร่างแยกกัน' รูปร่างจะเปลี่ยนไปตามคอสตูมที่สวมใส่ แต่สัดส่วนจะไม่เปลี่ยน การตั้งค่านี้จะช่วยให้คุณปรับแต่งรูปร่างสำหรับแต่ละประเภทแยกกันได้"""
Config_Reb_028_Select_0#0,"""ซิงค์กัน"""
Config_Reb_028_Select_1#0,"""ไม่ซิงค์กัน"""
Config_Reb_029_Name#0,"""ตั้งค่า Lock-On"""
Config_Reb_029_Hint#0,"""เลือกรูปแบบการทำงานของ Lock-On<br>กำหนดว่าจะ Lock-On ด้วยการคลิกปุ่มหนึ่งครั้ง หรือกดปุ่มค้างไว้"""
Config_Reb_029_Select_0#0,"""กดครั้งเดียว"""
Config_Reb_029_Select_1#0,"""กดค้าง"""
Config_Reb_030_Name#0,"""สลับเป้าหมาย Lock-On ด้วย <%RStick>"""
Config_Reb_030_Hint#0,"""เมื่อเปิดใช้งาน จะสามารถเปลี่ยนเป้าหมาย Lock-On ได้ด้วย <%RStick>."""
Config_Reb_030_Select_0#0,"""ไม่ใช้งาน"""
Config_Reb_030_Select_1#0,"""ใช้งาน"""
Config_Reb_031_Name#0,"""ตั้งค่าการสลับ Palette"""
Config_Reb_031_Hint#0,"""ตั้งค่าวิธีการสลับ Palette<br><br>เลือกเพื่อสลับ Palette เฉพาะตอนที่กดปุ่มค้างไว้เท่านั้น"""
Config_Reb_031_Select_0#0,"""กดครั้งเดียว"""
Config_Reb_031_Select_1#0,"""กดค้าง"""
Config_Reb_032_Name#0,"""ตั้งค่ากดปุ่มเคลื่อนที่สองครั้งเพื่อหลบหลีก"""
Config_Reb_032_Hint#0,"""คุณสามารถตั้งค่าระยะเวลาในการกดปุ่มเคลื่อนที่ ([W]/[A]/[S]/[D]) บนคีย์บอร์ดเพื่อทำแอ็กชันหลบหลีกได้"""
Config_Reb_032_Select_0#0,"""เว้นจังหวะนาน"""
Config_Reb_032_Select_1#0,"""เว้นจังหวะปานกลาง"""
Config_Reb_032_Select_2#0,"""เว้นจังหวะสั้น"""
Config_Reb_032_Select_3#0,"""ปิดใช้งาน"""
Config_Reb_033_Name#0,"""มุมมองปกติ: การหมุนกล้อง"""
Config_Reb_033_Hint#0,"""ตั้งค่าความเร็วการหมุนกล้องแนวนอน<br>※เฉพาะมุมมองปกติเท่านั้น"""
Config_Reb_033_Select_0#0,"""ปกติ"""
Config_Reb_033_Select_1#0,"""กลับด้าน"""
Config_Reb_034_Name#0,"""มุมมองปกติ: การหมุนกล้องแนวตั้ง"""
Config_Reb_034_Hint#0,"""ตั้งค่าทิศทางการหมุนกล้องแนวตั้ง<br>※เฉพาะมุมมองปกติเท่านั้น"""
Config_Reb_034_Select_0#0,"""ปกติ"""
Config_Reb_034_Select_1#0,"""กลับด้าน"""
Config_Reb_035_Name#0,"""มุมมองปกติ: การหมุนกล้องแนวนอน"""
Config_Reb_035_Hint#0,"""ตั้งค่าความเร็วการหมุนกล้องแนวนอน<br>※เฉพาะมุมมองปกติเท่านั้น"""
Config_Reb_036_Name#0,"""มุมมองปกติ: ความเร็วการหมุนแนวตั้ง"""
Config_Reb_036_Hint#0,"""ตั้งค่าความเร็วการหมุนกล้องแนวตั้ง<br>※เฉพาะมุมมองปกติเท่านั้น"""
Config_Reb_037_Name#0,"""มุมมองปกติ: ลำดับความสำคัญของการควบคุมกล้องด้วยเมาส์"""
Config_Reb_037_Hint#0,"""เเมื่อใช้เมาส์ ให้เลือกว่าจะให้ความสำคัญกับมุมกล้องหรือเคอร์เซอร์เมาส์<br>※เฉพาะมุมมองปกติเท่านั้น"""
Config_Reb_037_Select_0#0,"""ควบคุมกล้อง"""
Config_Reb_037_Select_1#0,"""ควบคุมเคอร์เซอร์"""
Config_Reb_038_Name#0,"""มุมมองข้ามไหล่: การหมุนกล้อง"""
Config_Reb_038_Hint#0,"""ตั้งค่าความเร็วการหมุนกล้องแนวนอน<br>※เฉพาะมุมมองข้ามไหล่เท่านั้น"""
Config_Reb_038_Select_0#0,"""ปกติ"""
Config_Reb_038_Select_1#0,"""กลับด้าน"""
Config_Reb_039_Name#0,"""มุมมองข้ามไหล่: การหมุนกล้องแนวตั้ง"""
Config_Reb_039_Hint#0,"""ตั้งค่าทิศทางการหมุนกล้องแนวตั้ง<br>※เฉพาะมุมมองข้ามไหล่เท่านั้น"""
Config_Reb_039_Select_0#0,"""ปกติ"""
Config_Reb_039_Select_1#0,"""กลับด้าน"""
Config_Reb_040_Name#0,"""มุมมองข้ามไหล่: การหมุนกล้องแนวนอน"""
Config_Reb_040_Hint#0,"""ตั้งค่าความเร็วการหมุนกล้องแนวนอน<br>※เฉพาะมุมมองข้ามไหล่เท่านั้น"""
Config_Reb_041_Name#0,"""มุมมองข้ามไหล่: ความเร็วการหมุนแนวตั้ง"""
Config_Reb_041_Hint#0,"""ตั้งค่าความเร็วการหมุนกล้องแนวตั้ง<br>※เฉพาะมุมมองข้ามไหล่เท่านั้น"""
Config_Reb_042_Name#0,"""มุมมองข้ามไหล่: ลำดับความสำคัญของการควบคุมกล้องด้วยเมาส์"""
Config_Reb_042_Hint#0,"""เมื่อใช้เมาส์ ให้เลือกว่าจะให้ความสำคัญกับมุมกล้องหรือเคอร์เซอร์เมาส์<br>※เฉพาะมุมมองข้ามไหล่เท่านั้น"""
Config_Reb_042_Select_0#0,"""ควบคุมกล้อง"""
Config_Reb_042_Select_1#0,"""ควบคุมเคอร์เซอร์"""
Config_Reb_047_Name#0,"""ตั้งค่า Direct Chat"""
Config_Reb_047_Hint#0,"""หากเปิดใช้งาน ปุ่มบนคีย์บอร์ดทั้งหมดจะถูกใช้สำหรับการแชทเท่านั้น<br><yellow>※ปุ่ม [ScrollLock] จะสามารถเปลี่ยนการตั้งค่านี้ได้ตลอดเวลา<c>"""
Config_Reb_047_Select_0#0,"""ปิดใช้งาน"""
Config_Reb_047_Select_1#0,"""เปิดใช้งาน"""
Config_Reb_048_Name#0,"""ตั้งค่า Autoword"""
Config_Reb_048_Hint#0,"""ตั้งค่าว่าจะใช้ Autoword หรือไม่<br><yellow>※หากคุณตั้งค่า Autoword ไว้ การเลือก 'ปิดใช้งาน' จะระงับไม่ให้ข้อความทำงาน<c>"""
Config_Reb_048_Select_0#0,"""ปิดใช้งาน"""
Config_Reb_048_Select_1#0,"""เปิดใช้งาน"""
Config_Reb_049_Name#0,"""แสดง Autoword ของผู้อื่น (อีเวนต์)"""
Config_Reb_049_Hint#0,"""ตั้งค่าว่าจะให้แสดง Autoword ประเภทอีเวนต์จากผู้อื่นหรือไม่"""
Config_Reb_049_Select_0#0,"""ไม่แสดง"""
Config_Reb_049_Select_1#0,"""แสดง"""
Config_Reb_091_Name#0,"""แสดง Autoword ของผู้อื่น (สมาชิก)"""
Config_Reb_091_Hint#0,"""ตั้งค่าว่าจะให้แสดง Autoword ประเภทสมาชิกจากผู้อื่นหรือไม่"""
Config_Reb_091_Select_0#0,"""ไม่แสดง"""
Config_Reb_091_Select_1#0,"""แสดง"""
Config_Reb_092_Name#0,"""แสดง Autoword ของผู้อื่น (แอ็กชัน)"""
Config_Reb_092_Hint#0,"""ตั้งค่าว่าจะให้แสดง Autoword ประเภทแอ็กชันจากผู้อื่นหรือไม่"""
Config_Reb_092_Select_0#0,"""ไม่แสดง"""
Config_Reb_092_Select_1#0,"""แสดง"""
Config_Reb_050_Name#0,"""แสดง Autoword ในบันทึกแชท"""
Config_Reb_050_Hint#0,"""ตั้งค่าว่าจะให้แสดง Autoword ในบันทึกแชทหรือไม่"""
Config_Reb_050_Select_0#0,"""ไม่แสดง"""
Config_Reb_050_Select_1#0,"""แสดง"""
Config_Reb_051_Name#0,"""อ้างอิงจดหมายเมื่อตอบกลับ"""
Config_Reb_051_Hint#0,"""ตั้งค่าว่าจะให้อ้างอิงข้อความจดหมายในการตอบกลับหรือไม่"""
Config_Reb_051_Select_0#0,"""ไม่อ้างอิง"""
Config_Reb_051_Select_1#0,"""อ้างอิง"""
Config_Reb_052_Name#0,"""ตั้งค่าเอฟเฟกต์แรร์ดรอป: อาวุธ/ชุดเกราะ"""
Config_Reb_151_Name#0,"""ตั้งค่าเอฟเฟกต์แรร์ดรอป: ไอเทมวัตถุดิบ"""
Config_Reb_052_Hint#0,"""ตั้งค่าระดับความแรร์ขั้นต่ำที่จะให้แสดงเอฟเฟกต์ภาพและเสียงของแรร์ดรอป<br><br>ไอเทมที่มีผล:<br>・อาวุธ<br>・ชุดเกราะ"""
Config_Reb_151_Hint#0,"""ตั้งค่าระดับความแรร์ขั้นต่ำที่จะให้แสดงเอฟเฟกต์ภาพและเสียงของแรร์ดรอป<br><br>ไอเทมที่มีผล:<br>・คอสตูม/ชิ้นส่วน<br>・พรางอาวุธ<br>・ไอเทมกดใช้<br>・ไอเทมวัตถุดิบ"""
Config_Reb_053_Name#0,"""การแสดงแชททีม"""
Config_Reb_053_Hint#0,"""ตั้งค่าว่าจะให้แสดงแชททีมจากผู้เล่นอื่นหรือไม่"""
Config_Reb_053_Select_0#0,"""แสดงทั้งหมด"""
Config_Reb_053_Select_1#0,"""เฉพาะพื้นที่เดียวกัน"""
Config_Reb_053_Select_2#0,"""ไม่แสดง"""
Config_Reb_054_Name#0,"""ตั้งค่าการแสดงผล Symbol Art"""
Config_Reb_054_Hint#0,"""เลือกว่าจะแสดงหรือซ่อน Symbol Art"""
Config_Reb_054_Select_0#0,"""ไม่แสดง"""
Config_Reb_054_Select_1#0,"""แสดง"""
Config_Reb_118_Name#0,"""การแสดงผล Symbol Art: พื้นที่"""
Config_Reb_118_Hint#0,"""ตั้งค่าว่าจะให้แสดง Symbol Art จากแชทพื้นที่หรือไม่<br><br><yellow>※หากตั้งค่าเป็น 【 แสดงบางส่วน 】 คุณจะเห็นเฉพาะ Symbol Art จากตัวคุณเอง, เพื่อน, สมาชิกปาร์ตี้ และสมาชิกทีมเท่านั้น<c>"""
Config_Reb_118_Select_0#0,"""ปิดใช้งาน"""
Config_Reb_118_Select_1#0,"""แสดงบางส่วน"""
Config_Reb_118_Select_2#0,"""แสดง"""
Config_Reb_119_Name#0,"""การแสดงผล Symbol Art: ปาร์ตี้"""
Config_Reb_119_Hint#0,"""ตั้งค่าว่าจะให้แสดง Symbol Art จากแชทปาร์ตี้หรือไม่<br><br><yellow>※หากตั้งค่าเป็น 【 ปิดใช้งาน 】 คุณจะไม่เห็น Symbol Art จากตัวคุณเองหรือผู้เล่นอื่น<c>"""
Config_Reb_120_Name#0,"""การแสดงผล Symbol Art: ทีม"""
Config_Reb_120_Hint#0,"""ตั้งค่าว่าจะให้แสดง Symbol Art จากแชททีมหรือไม่<br><br><yellow>※หากตั้งค่าเป็น 【 ปิดใช้งาน 】 คุณจะไม่เห็น Symbol Art จากตัวคุณเองหรือผู้เล่นอื่น<c>"""
Config_Reb_121_Name#0,"""การแสดงผล Symbol Art: กลุ่ม"""
Config_Reb_121_Hint#0,"""ตั้งค่าว่าจะให้แสดง Symbol Art จากแชทกลุ่มหรือไม่<br><br><yellow>※หากตั้งค่าเป็น 【 ปิดใช้งาน 】 คุณจะไม่เห็น Symbol Art จากตัวคุณเองหรือผู้เล่นอื่น<c>"""
Config_Reb_055_Name#0,"""ตั้งค่าชื่อสำหรับทีม, กลุ่ม หรือ Whisper"""
Config_Reb_055_Hint#0,"""ตั้งค่าว่าจะให้แสดงชื่อ Player ID หรือชื่อตัวละครในแชทกลุ่ม, แชททีม และ Whisper"""
Config_Reb_055_Select_0#0,"""ใช้ชื่อ Player ID"""
Config_Reb_055_Select_1#0,"""ใช้ชื่อตัวละคร"""
Config_Reb_056_Name#0,"""สีพื้นหลังแชท"""
Config_Reb_056_Hint#0,"""ตั้งค่าสีพื้นหลังของแชทให้สอดคล้องกับคนที่คุณกำลังคุยด้วย"""
Config_Reb_056_Select_0#0,"""ไม่เปลี่ยนตามสีแชท"""
Config_Reb_056_Select_1#0,"""เปลี่ยนตามสีแชท"""
Config_Reb_057_Name#0,"""ระดับเสียง BGM"""
Config_Reb_057_Hint#0,"""ตั้งค่าระดับเสียง BGM"""
Config_Reb_058_Name#0,"""ระดับเสียง SE"""
Config_Reb_058_Hint#0,"""ตั้งค่าระดับเสียง SE"""
Config_Reb_059_Name#0,"""ระดับเสียงพากย์ (ตัวละครผู้เล่น)"""
Config_Reb_153_Name#0,"""ระดับเสียงพากย์ (ตัวละครอื่นๆ)"""
Config_Reb_059_Hint#0,"""ตั้งค่าระดับเสียงพากย์สำหรับตัวละครผู้เล่น"""
Config_Reb_153_Hint#0,"""ตั้งค่าระดับเสียงพากย์สำหรับตัวละครอื่นๆ"""
Config_Reb_060_Name#0,"""ระดับเสียงวิดีโอในเกม"""
Config_Reb_060_Hint#0,"""ตั้งค่าระดับเสียงของวิดีโอในเกม"""
Config_Reb_061_Name#0,"""เสียงรอบทิศทาง"""
Config_Reb_061_Hint#0,"""สลับเปิด/ปิดเอฟเฟกต์เสียงรอบทิศทาง"""
Config_Reb_061_Select_0#0,"""ปิด"""
Config_Reb_061_Select_1#0,"""เปิด"""
Config_Reb_062_Name#0,"""เสียงยังเล่นอยู่ขณะพับจอ"""
Config_Reb_062_Hint#0,"""ตั้งค่าว่าจะให้เล่นเสียงหรือไม่เมื่อหน้าต่างเกมไม่ได้เปิดใช้งานอยู่"""
Config_Reb_062_Select_0#0,"""ปิด"""
Config_Reb_062_Select_1#0,"""เปิด"""
Config_Reb_063_Name#0,"""ตั้งค่ารูปแบบสกรีนช็อต"""
Config_Reb_063_Hint#0,"""เลือกรูปแบบไฟล์ที่จะใช้สำหรับสกรีนช็อต"""
Config_Reb_063_Select_0#0,"""JPEG"""
Config_Reb_063_Select_1#0,"""PNG"""
Config_Reb_063_Select_2#0,"""BMP"""
Config_Reb_064_Name#0,"""ตั้งค่าการแสดง UI ในสกรีนช็อต"""
Config_Reb_064_Hint#0,"""ตั้งค่าว่าจะให้แสดงอินเทอร์เฟซ (รวมถึงหน้าต่างต่างๆ) ในสกรีนช็อตหรือไม่<br>※มีผลเฉพาะกับฟังก์ชันในเกมเท่านั้น"""
Config_Reb_064_Select_0#0,"""แสดงเสมอ"""
Config_Reb_064_Select_1#0,"""แสดงเฉพาะบอลลูน"""
Config_Reb_064_Select_2#0,"""ปิดใช้งาน (แสดงเมื่อกด CTRL ค้างไว้)"""
Config_Reb_065_Name#0,"""แหล่งกำเนิดแสงจากเอฟเฟกต์"""
Config_Reb_065_Hint#0,"""ตั้งค่าว่าคุณต้องการให้แสงจากเอฟเฟกต์ของเกมเปิดหรือปิด<br><br>การตั้งค่านี้เป็น ปิด จะช่วยเพิ่มประสิทธิภาพของเครื่อง"""
Config_Reb_065_Select_0#0,"""ปิด"""
Config_Reb_065_Select_1#0,"""เปิด"""
Config_Reb_066_Name#0,"""แสงสว่างของสภาพแวดล้อม"""
Config_Reb_066_Hint#0,"""เปิดหรือปิดเอฟเฟกต์แสงสว่างของสภาพแวดล้อม<br><br>การตั้งค่านี้เป็น ปิด จะช่วยเพิ่มประสิทธิภาพของเครื่อง"""
Config_Reb_066_Select_0#0,"""ปิด"""
Config_Reb_066_Select_1#0,"""เปิด"""
Config_Reb_138_Name#0,"""Bloom"""
Config_Reb_138_Hint#0,"""สร้างเอฟเฟกต์บนหน้าจอเมื่อมองวัตถุที่สว่างมาก<br><br>การตั้งค่านี้เป็น 0 จะช่วยเพิ่มประสิทธิภาพของเครื่อง"""
Config_Reb_067_Name#0,"""Bloom"""
Config_Reb_067_Hint#0,"""สร้างเอฟเฟกต์บนหน้าจอเมื่อมองวัตถุที่สว่างมาก<br><br>การตั้งค่านี้เป็น ปิด จะช่วยเพิ่มประสิทธิภาพของเครื่อง"""
Config_Reb_067_Select_0#0,"""ปิด"""
Config_Reb_067_Select_1#0,"""เปิด"""
Config_Reb_068_Name#0,"""Depth of Field"""
Config_Reb_068_Hint#0,"""จำลองการเบลอตามธรรมชาติของชั้นบรรยากาศสำหรับวัตถุที่อยู่ไกล<br><br>การตั้งค่านี้เป็น ปิด จะช่วยเพิ่มประสิทธิภาพของเครื่อง"""
Config_Reb_068_Select_0#0,"""ปิด"""
Config_Reb_068_Select_1#0,"""เปิด"""
Config_Reb_137_Name#0,"""Motion Blur"""
Config_Reb_137_Hint#0,"""ใช้เอฟเฟกต์เบลอกับการเคลื่อนไหวของกล้องและวัตถุที่เคลื่อนที่อย่างรวดเร็ว<br><br>การตั้งค่านี้เป็น 0 จะช่วยเพิ่มประสิทธิภาพของเครื่อง"""
Config_Reb_069_Name#0,"""Motion Blur"""
Config_Reb_069_Hint#0,"""เปิดหรือปิดเอฟเฟกต์เบลอภาพ<br><br>การตั้งค่านี้เป็น ปิด จะช่วยเพิ่มประสิทธิภาพของเครื่อง"""
Config_Reb_069_Select_0#0,"""ปิด"""
Config_Reb_069_Select_1#0,"""เปิด"""
Config_Reb_070_Name#0,"""เอฟเฟกต์ลำแสง"""
Config_Reb_070_Hint#0,"""เปิดหรือปิดการแสดงผลของลำแสงอาทิตย์<br><br>การตั้งค่านี้เป็น ปิด จะช่วยเพิ่มประสิทธิภาพของเครื่อง"""
Config_Reb_070_Select_0#0,"""ปิด"""
Config_Reb_070_Select_1#0,"""เปิด"""
Config_Reb_071_Name#0,"""Anti-aliasing"""
Config_Reb_071_Hint#0,"""เปิดหรือปิดการลบรอยหยัก (Anti-aliasing)<br>การปิดใช้งานจะช่วยเพิ่มประสิทธิภาพของเครื่องขึ้นเล็กน้อย<br><br><yellow>※หากคุณตั้งค่านี้ให้รวม TAA บางสิ่ง<br>\u3000 อาจมีรูปร่างหน้าตาเปลี่ยนไป<br>\u3000 เช่น ไอเทมจาก [PSO2]<c>"""
Config_Reb_071_Select_0#0,"""ปิด"""
Config_Reb_071_Select_1#0,"""FXAA"""
Config_Reb_071_Select_2#0,"""TAA"""
Config_Reb_071_Select_3#0,"""TAA + FXAA"""
Config_Reb_072_Name#0,"""ระดับเสียง Voice Chat"""
Config_Reb_072_Hint#0,"""ตั้งค่าระดับเสียงสำหรับ Voice Chat ที่ได้รับ"""
Config_Reb_072_Select_0#0,"""-"""
Config_Reb_072_Select_1#0,"""-"""
Config_Reb_073_Name#0,"""การแสดงแชทกลุ่ม"""
Config_Reb_073_Hint#0,"""ตั้งค่าว่าจะให้แสดงแชทกลุ่มจากผู้เล่นอื่นหรือไม่"""
Config_Reb_073_Select_0#0,"""-"""
Config_Reb_073_Select_1#0,"""-"""
Config_Reb_074_Name#0,"""Ambient Occlusion"""
Config_Reb_074_Hint#0,"""เอฟเฟกต์การให้แสงและเงาที่ออกแบบมาเพื่อเพิ่มความสมจริงของแสง<br><br>การตั้งค่านี้เป็น ปิด จะช่วยเพิ่มประสิทธิภาพของเครื่อง"""
Config_Reb_074_Select_0#0,"""ปิด"""
Config_Reb_074_Select_1#0,"""เปิด"""
Config_Reb_075_Name#0,"""Peripheral Dimming"""
Config_Reb_075_Hint#0,"""เอฟเฟกต์ที่ช่วยให้ขอบหน้าจอมืดลงอย่างเป็นธรรมชาติ<br><br>การตั้งค่านี้เป็น ปิด จะช่วยเพิ่มประสิทธิภาพของเครื่อง"""
Config_Reb_075_Select_0#0,"""ปิด"""
Config_Reb_075_Select_1#0,"""เปิด"""
Config_Reb_076_Name#0,"""Color Tone Curve"""
Config_Reb_076_Hint#0,"""เอฟเฟกต์ที่ส่งผลต่อโทนสี ความสว่าง และคอนทราสต์ของทั้งหน้าจอ<br><br>การตั้งค่านี้เป็น ปิด จะช่วยเพิ่มประสิทธิภาพของเครื่อง"""
Config_Reb_076_Select_0#0,"""ปิด"""
Config_Reb_076_Select_1#0,"""เปิด"""
Config_Reb_077_Name#0,"""-"""
Config_Reb_077_Hint#0,"""-"""
Config_Reb_077_Select_0#0,"""-"""
Config_Reb_077_Select_1#0,"""-"""
Config_Reb_078_Name#0,"""Dynamic Resolution Scaling"""
Config_Reb_078_Hint#0,"""เอฟเฟกต์ที่มีจุดประสงค์เพื่อรักษาเฟรมเรตให้คงที่มากขึ้นโดยแลกกับความละเอียดที่ลดลง<br><br>การตั้งค่านี้เป็น ปิด อาจทำให้เฟรมเรตลดลงในจุดที่มีการประมวลผลหนัก"""
Config_Reb_078_Select_0#0,"""ปิด"""
Config_Reb_078_Select_1#0,"""เปิด"""
Config_Reb_079_Name#0,"""จำนวนโมเดลที่จะแสดงรายละเอียด"""
Config_Reb_079_Hint#0,"""ตั้งค่าจำนวนตัวละครที่จะให้แสดงผลแบบมีรายละเอียด<br><br>ค่าที่ต่ำลงอาจช่วยเพิ่มประสิทธิภาพของเครื่อง"""
Config_Reb_080_Name#0,"""ความโปร่งใสของเอฟเฟกต์ผู้เล่นอื่น"""
Config_Reb_080_Hint#0,"""ตั้งค่าระดับการมองเห็นเอฟเฟกต์ภาพของผู้เล่นอื่นที่อยู่ใกล้เคียง<br><br>ค่าที่ต่ำลงจะทำให้มองเห็นได้น้อยลง"""
Config_Reb_081_Name#0,"""คุณภาพเงา"""
Config_Reb_081_Hint#0,"""ตั้งค่าคุณภาพของเงาที่แสดงผล<br><br>ค่าที่ต่ำลงอาจช่วยเพิ่มประสิทธิภาพของเครื่อง"""
Config_Reb_082_Name#0,"""แสงจากกล้อง"""
Config_Reb_082_Hint#0,"""ตั้งค่าปริมาณแสงที่ส่องกระทบตัวละครของคุณจากมุมกล้อง<br><br>การตั้งค่านี้เป็น 0 อาจช่วยเพิ่มประสิทธิภาพของเครื่อง<br><br><yellow>※Custom Lighting จะทำงานทับซ้อนการตั้งค่านี้<c>"""
Config_Reb_083_Name_old#0,"""การแสดงศัตรูบนแผนที่"""
Config_Reb_083_Hint_old#0,"""ตั้งค่าว่าจะให้แสดงจุดศัตรูบนแผนที่เรดาร์หรือไม่"""
Config_Reb_083_Select_0#0,"""ไม่แสดง"""
Config_Reb_083_Select_1#0,"""แสดงเมื่อสลับ"""
Config_Reb_084_Name#0,"""แสดงมาร์กเกอร์ในระยะ"""
Config_Reb_084_Hint#0,"""ตั้งค่ารูปแบบการแสดงผลของมาร์กเกอร์บนแผนที่"""
Config_Reb_084_Select_0#0,"""แสดงตลอดเวลา"""
Config_Reb_084_Select_1#0,"""แสดงชั่วคราวe"""
Config_Reb_084_Select_2#0,"""ไม่แสดง"""
Config_Reb_085_Name#0,"""Wallkick อัตโนมัติ"""
Config_Reb_085_Hint#0,"""สลับว่าจะให้ Wallkick โดยอัตโนมัติหรือกดใช้งานแบบแมนนวล"""
Config_Reb_085_Select_0#0,"""อัตโนมัติ"""
Config_Reb_085_Select_1#0,"""แมนนวล"""
Config_Reb_083_Name#0,"""หน้าจอสั่น"""
Config_Reb_083_Hint#0,"""เปิด/ปิดการสั่นของหน้าจอเมื่อถูกศัตรูโจมตี<br><br><yellow>※ไม่มีผลในระหว่างคัตซีน<c>"""
Config_Reb_086_Name#0,"""มุมกล้องบอส"""
Config_Reb_086_Hint#0,"""ตั้งค่าว่าจะให้ถอยมุมกล้องให้กว้างขึ้นหรือไม่เมื่อต่อสู้กับศัตรูระดับบอส"""
Config_Reb_086_Select_0#0,"""ปิด"""
Config_Reb_086_Select_1#0,"""เปิด"""
Config_Reb_089_Name#0,"""ทิศทางเป้าหมาย Lock-On"""
Config_Reb_089_Select_0#0,"""มุมมองกล้อง"""
Config_Reb_089_Select_1#0,"""มุมมองตัวละคร 1"""
Config_Reb_089_Select_2#0,"""มุมมองตัวละคร 2"""
Config_Reb_089_Hint#0,"""ตั้งค่าว่าจะให้ความสำคัญกับเป้าหมายใดก่อนเมื่อเริ่มทำการ Lock-On<br><br>[มุมมองกล้อง]<br>เน้นเป้าหมายที่อยู่ในมุมมองกล้องของคุณเป็นหลัก<br>[มุมมองตัวละคร 1]<br>เน้นเป้าหมายที่ตัวละครของคุณกำลังหันหน้าไปหาเป็นหลัก<br>[มุมมองตัวละคร 2]<br>เน้นเป้าหมายที่ตัวละครหันหน้าไปหา แต่จะให้ความสำคัญกับจุดอ่อนและชิ้นส่วนของศัตรูที่อยู่ใกล้กว่าด้วย"""
Config_Reb_090_Name#0,"""จำกัดเสียงพากย์และเสียงแสตมป์"""
Config_Reb_090_Hint#0,"""ตั้งค่าว่าจะให้แสตมป์เล่นเสียงเอฟเฟกต์หรือเสียงพากย์หรือไม่"""
Config_Reb_090_Select_0#0,"""เล่นเสียงพากย์และเอฟเฟกต์"""
Config_Reb_090_Select_1#0,"""ไม่เล่นเสียงจากแชทพื้นที่"""
Config_Reb_090_Select_2#0,"""ไม่เล่นเสียงใดๆ เลย"""
Config_Reb_108_Name#0,"""Screen Space Reflections"""
Config_Reb_108_Hint#0,"""เอฟเฟกต์ที่ช่วยปรับปรุงแสงสะท้อนบนสภาพแวดล้อม<br><br>การตั้งค่านี้เป็น ปิด จะช่วยเพิ่มประสิทธิภาพของเครื่อง"""
Config_Reb_106_Name#0,"""Screen Space Shadows"""
Config_Reb_106_Hint#0,"""เอฟเฟกต์ที่ช่วยเพิ่มความสมจริงของเงา<br><br>การปิดใช้งานการตั้งค่านี้จะช่วยเพิ่มประสิทธิภาพของเครื่อง"""
Config_Reb_093_Name#0,"""คุณภาพก้อนเมฆ"""
Config_Reb_093_Hint#0,"""ควบคุมคุณภาพของก้อนเมฆ<br><br>การลดการตั้งค่านี้ลงจะช่วยเพิ่มประสิทธิภาพของเครื่อง"""
Config_Reb_093_Select_0#0,"""ต่ำ"""
Config_Reb_093_Select_1#0,"""ปานกลาง"""
Config_Reb_093_Select_2#0,"""สูง"""
Config_Reb_094_Name#0,"""คุณภาพ Particle"""
Config_Reb_094_Hint#0,"""ควบคุมจำนวนเอฟเฟกต์ Particle ที่จะเรนเดอร์ในเวลาเดียวกัน<br><br>การลดการตั้งค่านี้ลงจะช่วยเพิ่มประสิทธิภาพของเครื่อง"""
Config_Reb_095_Name#0,"""การเรนเดอร์ขนสัตว์"""
Config_Reb_095_Hint#0,"""ควบคุมความละเอียดในการเรนเดอร์เอฟเฟกต์ขนสัตว์และเส้นผมบนคอสตูมและตัวละคร<br><br>การตั้งค่านี้เป็น ปิด จะช่วยเพิ่มประสิทธิภาพของเครื่อง"""
Config_Reb_096_Name#0,"""Specular Antialiasing"""
Config_Reb_096_Hint#0,"""ลดสัญญาณรบกวน ในการแสดงผลพื้นผิวที่มีความมันวาวเพื่อเพิ่มคุณภาพ<br><br>การตั้งค่านี้เป็น ปิด จะช่วยเพิ่มประสิทธิภาพของเครื่อง"""
Config_Reb_097_Name#0,"""Global Illumination"""
Config_Reb_097_Hint#0,"""ปรับปรุงสภาพแวดล้อมด้วยเอฟเฟกต์แสงที่สมจริงยิ่งขึ้น<br><br>การตั้งค่านี้เป็น ปิด จะช่วยเพิ่มประสิทธิภาพของเครื่อง<br><br><yellow>※การเปลี่ยนแปลงจะมีผลในการล็อกอินครั้งถัดไป<c>"""
Config_Reb_098_Name#0,"""Tessellation"""
Config_Reb_098_Hint#0,"""เพิ่มคุณภาพของสภาพแวดล้อมโดยการจำลองความขรุขระของพื้นดิน<br><br>การตั้งค่านี้เป็น ปิด จะช่วยเพิ่มประสิทธิภาพของเครื่อง"""
Config_Reb_099_Name#0,"""V-Sync"""
Config_Reb_099_Hint#0,"""ล็อกเฟรมเรตของเกมให้ตรงกับอัตรารีเฟรชของจอภาพเพื่อลดอาการภาพฉีกขาด<br><br>หากเฟรมเรตของเกมลดลงต่ำกว่าอัตรารีเฟรชของจอภาพ การตั้งค่านี้จะถูกเปลี่ยนเป็น ปิด โดยอัตโนมัติ<br><br><yellow>※หากตั้งค่าเป็น 【 บังคับเปิด 】, การตั้งค่านี้จะไม่เปลี่ยนเป็น ปิด เมื่อเฟรมเรตของเกมลดลงต่ำเกินไป<c>"""
Config_Reb_099_Select_0#0,"""ปิด"""
Config_Reb_099_Select_1#0,"""เปิด"""
Config_Reb_099_Select_2#0,"""บังคับเปิด"""
Config_Reb_100_Name#0,"""Texture Filtering"""
Config_Reb_100_Hint#0,"""เพิ่มความเรียบเนียนของพื้นผิว<br><br>ประสิทธิภาพการทำงานของเกมอาจเปลี่ยนไปตามการตั้งค่านี้<br>Bilinear จะช่วยเพิ่มประสิทธิภาพของเครื่องขึ้นเล็กน้อย<br><br><yellow>※การเปลี่ยนแปลงจะมีผลในการล็อกอินครั้งถัดไป<c>"""
Config_Reb_100_Select_0#0,"""Bilinear"""
Config_Reb_100_Select_1#0,"""Trilinear"""
Config_Reb_100_Select_2#0,"""4x Anisotropic"""
Config_Reb_100_Select_3#0,"""8x Anisotropic"""
Config_Reb_100_Select_4#0,"""16x Anisotropic"""
Config_Reb_101_Name#0,"""ความละเอียด Texture"""
Config_Reb_101_Hint#0,"""ตั้งค่าความละเอียดของ Texture<br><br>การลดการตั้งค่าลงจะช่วยเพิ่มประสิทธิภาพของเครื่องขึ้นเล็กน้อย<br><br><yellow>※การเปลี่ยนแปลงจะมีผลในการล็อกอินครั้งถัดไป<c>"""
Config_Reb_101_Select_0#0,"""ต่ำ"""
Config_Reb_101_Select_1#0,"""ปานกลาง"""
Config_Reb_101_Select_2#0,"""สูง"""
Config_Reb_101_Select_3#0,"""สูงสุด"""
Config_Reb_102_Name#0,"""เฟรมเรตสูงสุด"""
Config_Reb_102_Hint#0,"""ตั้งค่าเฟรมเรตสูงสุด"""
Config_Reb_102_Select_0#0,"""ไม่จำกัด"""
Config_Reb_102_Select_1#0,"""30 FPS"""
Config_Reb_102_Select_2#0,"""60 FPS"""
Config_Reb_102_Select_3#0,"""90 FPS"""
Config_Reb_102_Select_4#0,"""120 FPS"""
Config_Reb_102_Select_5#0,"""144 FPS"""
Config_Reb_102_Select_6#0,"""165 FPS"""
Config_Reb_103_Name#0,"""ระยะการมองเห็น"""
Config_Reb_103_Hint#0,"""ตั้งค่าระยะการมองเห็น<br><br>การลดการตั้งค่าลงจะช่วยเพิ่มประสิทธิภาพของเครื่องขึ้นเล็กน้อย<br><br><yellow>※การเปลี่ยนแปลงจะมีผลในการล็อกอินครั้งถัดไป<c>"""
Config_Reb_104_Name#0,"""จำกัด FPS เมื่อพับจอ"""
Config_Reb_104_Hint#0,"""ลดเฟรมเรตของเกมเมื่อหน้าต่างเกมไม่ได้เปิดใช้งานอยู่"""
Config_Reb_104_Choices_0#0,"""ปิดใช้งาน"""
Config_Reb_104_Choices_1#0,"""เปิดใช้งาน"""
Config_Reb_105_Name#0,"""ความสว่างหน้าจอ"""
Config_Reb_105_Hint#0,"""ตั้งค่าความสว่างของหน้าจอ<br>คุณสามารถลดความสว่างของทั้งหน้าจอได้<br>โดยการลดค่านี้ลง"""
Config_Reb_107_Name#0,"""การแสดงอุปกรณ์สวมใส่"""
Config_Reb_107_Hint#0,"""ตั้งค่าว่าคุณต้องการให้อุปกรณ์ของคุณแสดงให้ผู้อื่นเห็นหรือไม่"""
Config_Reb_107_Select_0#0,"""ไม่แสดง"""
Config_Reb_107_Select_1#0,"""แสดง"""
Config_Reb_109_Name#0,"""ตั้งค่ากราฟิกแบบง่าย"""
Config_Reb_109_Hint#0,"""ควบคุมการตั้งค่ากราฟิกทั้งหมดในคราวเดียว"""
Config_Reb_109_Select_0#0,"""ปรับเปลี่ยน"""
Config_Reb_043_Name#0,"""คอมโบปุ่ม Dive Attack"""
Config_Reb_043_Select_0#0,"""ปิดใช้งาน"""
Config_Reb_043_Select_1#0,"""เปิดใช้งาน"""
Config_Reb_043_Hint#0,"""ตั้งค่าว่าจะใช้ปุ่ม <%Jump> + <%NormalAttack> เพื่อทำการ Dive Attack หรือไม่<br>※คุณสามารถตั้งค่า Dive Attack ไว้ที่ Subpalette และใช้งานจากตรงนั้นได้เสมอ"""
Config_Reb_110_Name#0,"""ซ่อนเครื่องประดับของผู้เล่นอื่น"""
Config_Reb_110_Select_0#0,"""ค่าเริ่มต้น"""
Config_Reb_110_Select_1#0,"""เฉพาะผู้เล่นที่ถูกบล็อก"""
Config_Reb_110_Select_2#0,"""ทุกคน"""
Config_Reb_110_Hint#0,"""ตั้งค่าว่าจะให้แสดงเครื่องประดับของผู้เล่นอื่นหรือไม่"""
Config_Reb_111_Name#0,"""การควบคุมการแสดงผล Photon Blast"""
Config_Reb_111_Hint#0,"""ตั้งค่าจำนวน Photon Blast ที่จะแสดงผล<br>การลดการตั้งค่าลงจะช่วยเพิ่มประสิทธิภาพของเครื่องขึ้นเล็กน้อย<br>"""
Config_Reb_112_Name#0,"""การเรนเดอร์เอฟเฟกต์ภาพบิดเบี้ยว"""
Config_Reb_112_Hint#0,"""เปิดใช้งานการเรนเดอร์ภาพบิดเบี้ยวคล้ายคลื่นอากาศบนเอฟเฟกต์<br><br>การตั้งค่านี้เป็น ปิด จะช่วยเพิ่มประสิทธิภาพของเครื่อง"""
Config_Reb_113_Name#0,"""ความละเอียดการเรนเดอร์ 3 มิติ"""
Config_Reb_113_Hint#0,"""ตั้งค่าความละเอียดของเอฟเฟกต์ 3 มิติ<br><br>การลดการตั้งค่านี้ลงจะช่วยเพิ่มประสิทธิภาพของเครื่องขึ้นเล็กน้อย"""
Config_Reb_113_Select_0#0,"""ต่ำ"""
Config_Reb_113_Select_1#0,"""ปานกลาง"""
Config_Reb_113_Select_2#0,"""สูง (ปกติ)"""
Config_Reb_115_Name#0,"""การซิงค์รูปร่าง NGS และ PSO2"""
Config_Reb_115_Choices_0#0,"""ซิงค์รูปร่าง"""
Config_Reb_115_Choices_1#0,"""ไม่ซิงค์"""
Config_Reb_115_Hint#0,"""รูปร่างของ NGS/PSO2 จะถูกซิงค์กันโดยอัตโนมัติ แต่ถ้าคุณต้องการปรับแต่งแยกกัน โปรดเลือก 【 ปรับรูปร่างแยกกัน 】 (ใช้งานได้เฉพาะใน Salon เท่านั้น)"""
Config_Reb_116_Name#0,"""แสดงไกด์นำทางอัตโนมัติเมื่อรับ Task"""
Config_Reb_116_Hint#0,"""ตั้งค่าว่าจะให้แสดงไกด์นำทางโดยอัตโนมัติเมื่อรับ Task หรือ Order จาก NPC หรือไม่"""
Config_Reb_116_Select_0#0,"""ไม่แสดง"""
Config_Reb_116_Select_1#0,"""แสดง"""
Config_Reb_045_Name#0,"""มุมมองปกติ: ฟังก์ชันเมาส์"""
Config_Reb_045_Hint#0,"""ตั้งค่าความเร็วการหมุนเมาส์<br>การลดค่าลงจะทำให้ความเร็วในการหมุนกล้องเมื่อใช้เมาส์ลดลง<br>※เฉพาะมุมมองปกติเท่านั้น"""
Config_Reb_046_Name#0,"""มุมมองข้ามไหล่: ฟังก์ชันเมาส์"""
Config_Reb_046_Hint#0,"""ตั้งค่าความเร็วการหมุนเมาส์<br>การลดค่าลงจะทำให้ความเร็วในการหมุนกล้องเมื่อใช้เมาส์ลดลง<br>※เฉพาะมุมมองข้ามไหล่เท่านั้น"""
Config_Reb_088_Name#0,"""คำเชิญแชทกลุ่ม"""
Config_Reb_088_Hint#0,"""ตั้งค่าว่าจะรับคำเชิญแชทกลุ่มจากผู้เล่นอื่นหรือไม่<br><br><yellow>※หากตั้งค่าเป็น 【 ไม่รับ 】 คำเชิญจะถูกปฏิเสธโดยอัตโนมัติ<c>"""
Config_Reb_088_Select_0#0,"""รับ"""
Config_Reb_088_Select_1#0,"""ไม่รับ"""
Config_Reb_122_Name#0,"""สลับ 【 แสดงทั้งหมด 】 พื้นที่"""
Config_Reb_122_Hint#0,"""ตั้งค่าว่าจะให้แสดงข้อความแชทพื้นที่ในแท็บ 【 แสดงทั้งหมด 】 ของหน้าต่างบันทึกแชทหรือไม่"""
Config_Reb_123_Name#0,"""สลับ 【 แสดงทั้งหมด 】 ปาร์ตี้"""
Config_Reb_123_Hint#0,"""ตั้งค่าว่าจะให้แสดงข้อความแชทปาร์ตี้ในแท็บ 【 แสดงทั้งหมด 】 ของหน้าต่างบันทึกแชทหรือไม่"""
Config_Reb_124_Name#0,"""สลับ 【 แสดงทั้งหมด 】 ทีม"""
Config_Reb_124_Hint#0,"""ตั้งค่าว่าจะให้แสดงข้อความแชททีมในแท็บ 【 แสดงทั้งหมด 】 ของหน้าต่างบันทึกแชทหรือไม่"""
Config_Reb_125_Name#0,"""สลับ 【 แสดงทั้งหมด 】: Whisper"""
Config_Reb_125_Hint#0,"""ตั้งค่าว่าจะให้แสดงข้อความ Whisper ในแท็บ 【 แสดงทั้งหมด 】 ของหน้าต่างบันทึกแชทหรือไม่"""
Config_Reb_126_Name#0,"""สลับ 'แสดงทั้งหมด': ระบบ"""
Config_Reb_126_Hint#0,"""ตั้งค่าว่าจะให้แสดงข้อความระบบในแท็บ 【 แสดงทั้งหมด 】 ของหน้าต่างบันทึกแชทหรือไม่"""
Config_Reb_127_Name#0,"""สลับ 【 แสดงทั้งหมด 】: ตัวละคร"""
Config_Reb_127_Hint#0,"""ตั้งค่าว่าจะให้แสดงบทสนทนาตัวละครในแท็บ 【 แสดงทั้งหมด 】 ของหน้าต่างบันทึกแชทหรือไม่"""
Config_Reb_128_Name#0,"""สลับ 【 แสดงทั้งหมด 】: กลุ่ม"""
Config_Reb_128_Hint#0,"""ตั้งค่าว่าจะให้แสดงข้อความแชทกลุ่มในแท็บ 【 แสดงทั้งหมด 】 ของหน้าต่างบันทึกแชทหรือไม่"""
Config_Reb_130_Name#0,"""แจ้งเตือนคำเชิญแชทกลุ่ม"""
Config_Reb_130_Hint#0,"""ตั้งค่าว่าจะให้แสดงตัวเลือกคำเชิญแชทกลุ่มหรือไม่เมื่อคุณได้รับคำเชิญเข้าแชทกลุ่ม"""
Config_Reb_131_Name#0,"""การแสดงแสตมป์"""
Config_Reb_131_Hint#0,"""ตั้งค่าว่าจะให้แสดงแสตมป์จากผู้เล่นอื่นหรือไม่"""
Config_Reb_131_Select_0#0,"""ไม่แสดง"""
Config_Reb_131_Select_1#0,"""แสดง"""
Config_Reb_131_Select_2#0,"""เฉพาะบอลลูนแชท"""
Config_Reb_131_Select_3#0,"""เฉพาะบันทึกแชท"""
Config_Reb_132_Name#0,"""การแสดงแชทพื้นที่"""
Config_Reb_132_Hint#0,"""ตั้งค่าว่าจะให้แสดงแชทพื้นที่จากผู้เล่นอื่นหรือไม่"""
Config_Reb_132_Select_0#0,"""แสดง"""
Config_Reb_132_Select_1#0,"""ไม่แสดง"""
Config_Reb_133_Name#0,"""การแสดงแชทปาร์ตี้"""
Config_Reb_133_Hint#0,"""ตั้งค่าว่าจะให้แสดงแชทปาร์ตี้จากผู้เล่นอื่นหรือไม่"""
Config_Reb_133_Select_0#0,"""แสดง"""
Config_Reb_133_Select_1#0,"""ไม่แสดง"""
Config_Reb_134_Name#0,"""การแสดงข้อความอิสระ"""
Config_Reb_134_Hint#0,"""ตั้งค่าว่าจะให้แสดงสถานะออนไลน์ของผู้เล่นอื่นหรือไม่ เมื่อพวกเขาตั้งค่าข้อความอิสระไว้"""
Config_Reb_134_Select_0#0,"""แสดง"""
Config_Reb_134_Select_1#0,"""ไม่แสดง"""
Config_Reb_135_Name#0,"""การแสดงแชท Whisper"""
Config_Reb_135_Hint#0,"""ตั้งค่าว่าจะให้แสดงแชท Whisper จากผู้เล่นอื่นหรือไม่"""
Config_Reb_135_Select_0#0,"""แสดง"""
Config_Reb_135_Select_1#0,"""ไม่แสดง"""
Config_Reb_136_Name#0,"""การแสดงแชทกลุ่ม"""
Config_Reb_136_Hint#0,"""ตั้งค่าว่าจะให้แสดงแชทกลุ่มจากผู้เล่นอื่นหรือไม่"""
Config_Reb_136_Select_0#0,"""แสดง"""
Config_Reb_136_Select_1#0,"""ไม่แสดง"""
Config_Reb_137_Select_0#0,"""แสดง"""
Config_Reb_137_Select_1#0,"""ไม่แสดง"""
Config_Reb_139_Name#0,"""NVIDIA DLSS"""
Config_Reb_139_Hint#0,"""ตั้งค่าว่าจะเปิดใช้งาน NVIDIA Deep Learning Super Sampling หรือไม่<br><br>เมื่อเปิดใช้งาน DLSS เกมของคุณจะถูกเรนเดอร์ในความละเอียดที่ต่ำลง จากนั้นจะใช้ AI ในการอัปสเกลให้มีความละเอียดสูงขึ้น เพื่อให้ได้เฟรมเรตสูงสุดที่เป็นไปได้พร้อมกับการตั้งค่ากราฟิกที่ดีที่สุด<br><br><yellow>※คุณสามารถใช้ DLSS ได้เฉพาะในกรณีที่คุณมีการ์ดจอ NVIDIA RTX เท่านั้น<c>"""
Config_Reb_139_Select_0#0,"""ปิด"""
Config_Reb_139_Select_1#0,"""อัตโนมัติ"""
Config_Reb_139_Select_2#0,"""คุณภาพ"""
Config_Reb_139_Select_3#0,"""สมดุล"""
Config_Reb_139_Select_4#0,"""ประสิทธิภาพ"""
Config_Reb_140_Name#0,"""ส่งเข้า Storage อัตโนมัติ"""
Config_Reb_140_Hint#0,"""ตั้งค่าว่าจะส่งไอเทมประเภท Material ที่เพิ่งได้รับเข้า Material Storage โดยอัตโนมัติหรือไม่ (หากมี Material Storage)<br><br>ช่องทางการได้รับหลัก<br>・ไอเทมดรอป<br>・การรวบรวม<br>・รางวัล Trial<br>・รางวัล Task/Quest<br>・รางวัล Mission Pass<br>・รางวัลโบนัส Scratch"""
Config_Reb_141_Name#0,"""AMD FSR 1.0"""
Config_Reb_141_Hint#0,"""ตั้งค่าว่าจะเปิดใช้งาน AMD FidelityFX Super Resolution 1.0 หรือไม่<br><br>เมื่อเปิดใช้งาน FSR 1.0 เกมของคุณจะถูกเรนเดอร์ในความละเอียดที่ต่ำลง จากนั้นจะถูกอัปสเกลให้มีความละเอียดสูงขึ้น เพื่อให้ได้เฟรมเรตสูงสุดที่เป็นไปได้พร้อมกับการตั้งค่ากราฟิกที่ดีที่สุด<br><br><yellow>※คุณสามารถใช้ FSR 1.0 ได้เฉพาะในกรณีที่คุณมีการ์ดจอที่รองรับเท่านั้น<c>"""
Config_Reb_141_Select_0#0,"""ปิด"""
Config_Reb_141_Select_1#0,"""อัตโนมัติ"""
Config_Reb_141_Select_2#0,"""คุณภาพสูงสุด"""
Config_Reb_141_Select_3#0,"""คุณภาพ"""
Config_Reb_141_Select_4#0,"""สมดุล"""
Config_Reb_141_Select_5#0,"""ประสิทธิภาพ"""
Config_Reb_142_Name#0,"""แสดง/ซ่อน ไอคอนผู้เล่นกลับมาเล่น/ผู้เล่นใหม่"""
Config_Reb_142_Hint#0,"""ตั้งค่าว่าจะให้แสดงไอคอนผู้เล่นกลับมาเล่นและผู้เล่นใหม่หรือไม่"""
Config_047_Hint_Streamer#0,"""เปิดหรือปิดหน้าต่างเมื่อได้รับคำเชิญเข้าปาร์ตี้<br><br><yellow>ไม่สามารถเปลี่ยนแปลงได้ขณะอยู่ในโหมดสตรีมเมอร์<c>"""
Config_048_Hint_Streamer#0,"""เปิดหรือปิดหน้าต่างเมื่อได้รับคำขอเป็นเพื่อน<br><br><yellow>ไม่สามารถเปลี่ยนแปลงได้ขณะอยู่ในโหมดสตรีมเมอร์<c>"""
Config_049_Hint_Streamer#0,"""เปิดหรือปิดหน้าต่างเมื่อได้รับคำเชิญเข้าทีม<br><br><yellow>ไม่สามารถเปลี่ยนแปลงได้ขณะอยู่ในโหมดสตรีมเมอร์<c>"""
Config_058_Hint_Streamer#0,"""ตั้งค่าว่าจะให้แสดงการแจ้งเตือนตอนล็อกอินเมื่อ Premium Set ของคุณเหลือเวลาอีก 7 วันจะหมดอายุหรือไม่<br><br><yellow>ไม่สามารถเปลี่ยนแปลงได้ขณะอยู่ในโหมดสตรีมเมอร์<c>"""
Config_059_Hint_Streamer#0,"""ตั้งค่าว่าจะส่ง Login Call ไปหาเพื่อนเมื่อคุณล็อกอินหรือไม่<br><br><yellow>ไม่สามารถเปลี่ยนแปลงได้ขณะอยู่ในโหมดสตรีมเมอร์<c>"""
Config_070_Hint_Streamer#0,"""ตั้งค่าว่าจะบล็อกคำเชิญแชทกลุ่มโดยอัตโนมัติหรือไม่<br><br><yellow>ไม่สามารถเปลี่ยนแปลงได้ขณะอยู่ในโหมดสตรีมเมอร์<c>"""
Config_Reb_049_Hint_Streamer#0,"""ตั้งค่าว่าจะให้แสดง Autoword ประเภทอีเวนต์จากผู้อื่นหรือไม่<br><br><yellow>ไม่สามารถเปลี่ยนแปลงได้ขณะอยู่ในโหมดสตรีมเมอร์<c>"""
Config_Reb_091_Hint_Streamer#0,"""ตั้งค่าว่าจะให้แสดง Autoword ประเภทสมาชิกจากผู้อื่นหรือไม่<br><br><yellow>ไม่สามารถเปลี่ยนแปลงได้ขณะอยู่ในโหมดสตรีมเมอร์<c>"""
Config_Reb_092_Hint_Streamer#0,"""ตั้งค่าว่าจะให้แสดง Autoword ประเภทแอ็กชันจากผู้อื่นหรือไม่<br><br><yellow>ไม่สามารถเปลี่ยนแปลงได้ขณะอยู่ในโหมดสตรีมเมอร์<c>"""
Config_Reb_050_Hint_Streamer#0,"""ตั้งค่าว่าจะให้แสดง Autoword ในบันทึกแชทหรือไม่<br><br><yellow>ไม่สามารถเปลี่ยนแปลงได้ขณะอยู่ในโหมดสตรีมเมอร์<c>"""
Config_Reb_088_Hint_Streamer#0,"""ตั้งค่าว่าจะรับคำเชิญแชทกลุ่มจากผู้เล่นอื่นหรือไม่<br><br><yellow>ไม่สามารถเปลี่ยนแปลงได้ขณะอยู่ในโหมดสตรีมเมอร์<c>"""
Config_Reb_118_Hint_Streamer#0,"""ตั้งค่าว่าจะให้แสดง Symbol Art จากแชทพื้นที่หรือไม่<br><br><yellow>ไม่สามารถเปลี่ยนแปลงได้ขณะอยู่ในโหมดสตรีมเมอร์<c>"""
Config_Reb_120_Hint_Streamer#0,"""ตั้งค่าว่าจะให้แสดง Symbol Art จากแชททีมหรือไม่<br><br><yellow>ไม่สามารถเปลี่ยนแปลงได้ขณะอยู่ในโหมดสตรีมเมอร์<c>"""
Config_Reb_121_Hint_Streamer#0,"""ตั้งค่าว่าจะให้แสดง Symbol Art จากแชทกลุ่มหรือไม่<br><br><yellow>ไม่สามารถเปลี่ยนแปลงได้ขณะอยู่ในโหมดสตรีมเมอร์<c>"""
Config_Reb_122_Hint_Streamer#0,"""ตั้งค่าว่าจะให้แสดงข้อความแชทพื้นที่ในแท็บ 'แสดงทั้งหมด' ของหน้าต่างบันทึกแชทหรือไม่<br><br><yellow>ไม่สามารถเปลี่ยนแปลงได้ขณะอยู่ในโหมดสตรีมเมอร์<c>"""
Config_Reb_124_Hint_Streamer#0,"""ตั้งค่าว่าจะให้แสดงข้อความแชททีมในแท็บ 'แสดงทั้งหมด' ของหน้าต่างบันทึกแชทหรือไม่<br><br><yellow>ไม่สามารถเปลี่ยนแปลงได้ขณะอยู่ในโหมดสตรีมเมอร์<c>"""
Config_Reb_125_Hint_Streamer#0,"""ตั้งค่าว่าจะให้แสดงข้อความ Whisper ในแท็บ 'แสดงทั้งหมด' ของหน้าต่างบันทึกแชทหรือไม่<br><br><yellow>ไม่สามารถเปลี่ยนแปลงได้ขณะอยู่ในโหมดสตรีมเมอร์<c>"""
Config_Reb_128_Hint_Streamer#0,"""ตั้งค่าว่าจะให้แสดงข้อความแชทกลุ่มในแท็บ 'แสดงทั้งหมด' ของหน้าต่างบันทึกแชทหรือไม่<br><br><yellow>ไม่สามารถเปลี่ยนแปลงได้ขณะอยู่ในโหมดสตรีมเมอร์<c>"""
Config_Reb_132_Hint_Streamer#0,"""ตั้งค่าว่าจะให้แสดงแชทพื้นที่จากผู้เล่นอื่นหรือไม่<br><br><yellow>ไม่สามารถเปลี่ยนแปลงได้ขณะอยู่ในโหมดสตรีมเมอร์<c>"""
Config_Reb_053_Hint_Streamer#0,"""ตั้งค่าว่าจะให้แสดงแชททีมจากผู้เล่นอื่นหรือไม่<br><br><yellow>ไม่สามารถเปลี่ยนแปลงได้ขณะอยู่ในโหมดสตรีมเมอร์<c>"""
Config_Reb_134_Hint_Streamer#0,"""ตั้งค่าว่าจะให้แสดงสถานะออนไลน์ของผู้เล่นอื่นหรือไม่ เมื่อพวกเขาตั้งค่าข้อความอิสระไว้<br><br><yellow>ไม่สามารถเปลี่ยนแปลงได้ขณะอยู่ในโหมดสตรีมเมอร์<c>"""
Config_Reb_135_Hint_Streamer#0,"""ตั้งค่าว่าจะให้แสดงแชท Whisper จากผู้เล่นอื่นหรือไม่<br><br><yellow>ไม่สามารถเปลี่ยนแปลงได้ขณะอยู่ในโหมดสตรีมเมอร์<c>"""
Config_Reb_136_Hint_Streamer#0,"""ตั้งค่าว่าจะให้แสดงแชทกลุ่มจากผู้เล่นอื่นหรือไม่<br><br><yellow>ไม่สามารถเปลี่ยนแปลงได้ขณะอยู่ในโหมดสตรีมเมอร์<c>"""
Config_Reb_016_Hint_Streamer#0,"""เปิดหรือปิดหน้าต่างเมื่อได้รับคำเชิญเข้าปาร์ตี้<br><br><yellow>ไม่สามารถเปลี่ยนแปลงได้ขณะอยู่ในโหมดสตรีมเมอร์<c>"""
Config_Reb_017_Hint_Streamer#0,"""เปิดหรือปิดหน้าต่างเมื่อได้รับคำขอเป็นเพื่อน<br><br><yellow>ไม่สามารถเปลี่ยนแปลงได้ขณะอยู่ในโหมดสตรีมเมอร์<c>"""
Config_Reb_018_Hint_Streamer#0,"""เปิดหรือปิดหน้าต่างเมื่อได้รับคำเชิญเข้าทีม<br><br><yellow>ไม่สามารถเปลี่ยนแปลงได้ขณะอยู่ในโหมดสตรีมเมอร์<c>"""
Config_Reb_021_Hint_Streamer#0,"""ตั้งค่าว่าจะให้แสดงการแจ้งเตือนตอนล็อกอินเมื่อ Premium Set ของคุณเหลือเวลาอีก 7 วันจะหมดอายุหรือไม่<br><br><yellow>ไม่สามารถเปลี่ยนแปลงได้ขณะอยู่ในโหมดสตรีมเมอร์<c>"""
Config_Reb_025_Hint_Streamer#0,"""ตั้งค่าว่าจะส่ง Login Call ไปหาเพื่อนเมื่อคุณล็อกอินหรือไม่<br><br><yellow>ไม่สามารถเปลี่ยนแปลงได้ขณะอยู่ในโหมดสตรีมเมอร์<c>"""
Config_Reb_130_Hint_Streamer#0,"""ตั้งค่าว่าจะให้แสดงตัวเลือกคำเชิญแชทกลุ่มหรือไม่เมื่อคุณได้รับคำเชิญเข้าแชทกลุ่ม<br><br><yellow>ไม่สามารถเปลี่ยนแปลงได้ขณะอยู่ในโหมดสตรีมเมอร์<c>"""
Config_Reb_053b_Hint_Streamer#0,"""ตั้งค่าว่าจะให้แสดงบอลลูนแชททีมจากผู้เล่นอื่นหรือไม่<br><br><yellow>ไม่สามารถเปลี่ยนแปลงได้ขณะอยู่ในโหมดสตรีมเมอร์<c>"""
Config_Reb_073_Hint_Streamer#0,"""ตั้งค่าว่าจะให้แสดงแชทกลุ่มจากผู้เล่นอื่นหรือไม่<br><br><yellow>ไม่สามารถเปลี่ยนแปลงได้ขณะอยู่ในโหมดสตรีมเมอร์<c>"""
Config_Reb_Streamer_Title#0,"""โหมดสตรีมเมอร์"""
Config_Reb_Streamer_Name#0,"""โหมดสตรีมเมอร์"""
Config_Reb_Streamer_Select0#0,"""เปิดใช้งาน"""
Config_Reb_Streamer_Select1#0,"""ปิดใช้งาน"""
Config_Reb_Streamer_Hint#0,"""โหมดสตรีมเมอร์ คือการตั้งค่าที่จะซ่อนแชทและข้อมูลอื่นๆ ในขณะที่คุณกำลังแชร์หน้าจอ/สตรีมมิง<br><br>ในขณะที่เปิดใช้งานโหมดสตรีมเมอร์ การตั้งค่าบางอย่างจะถูกเปิดใช้งานโดยอัตโนมัติ คุณสามารถดูว่ามีการเปิดใช้งานการตั้งค่าใดบ้างได้ทางเมนูตัวเลือก"""
Config_Reb_152_Name#0,"""ตอบกลับแชทอัตโนมัติ"""
Config_Reb_152_Hint#0,"""<yellow>ตั้งค่าว่าจะตอบกลับผู้เล่นอื่นที่พยายามส่งแชท Whisper หาคุณโดยอัตโนมัติหรือไม่ เมื่อคุณปิดใช้งานแชท Whisper ไว้<br><br><yellow>ข้อความตอบกลับ 1: [ตอบกลับอัตโนมัติ] ผู้เล่นนี้ไม่สามารถใช้งานแชท Whisper ได้<br>ข้อความตอบกลับ 2: [ตอบกลับอัตโนมัติ] ไม่สามารถใช้แชท Whisper ได้เนื่องจากผู้เล่นนี้อยู่ในโหมดสตรีมเมอร์<c>"""
Config_Reb_152_Select_0#0,"""ไม่ใช้งาน"""
Config_Reb_152_Select_1#0,"""ข้อความตอบกลับ 1"""
Config_Reb_152_Select_2#0,"""ข้อความตอบกลับ 2"""
StreamerText#0,"""$(0)<br><br><yellow>ไม่สามารถเปลี่ยนแปลงได้ขณะอยู่ในโหมดสตรีมเมอร์<c>"""
Config_Reb_154_Name#0,"""Ambient Occlusion: ตัวละคร"""
Config_Reb_154_Hint#0,"""เอฟเฟกต์การให้แสงและเงาที่ช่วยเพิ่มเงารอบๆ ตัวละครของคุณ<br><br>การตั้งค่านี้เป็น ปิด จะช่วยเพิ่มประสิทธิภาพของเครื่อง"""
Config_Reb_155_Name#0,"""HDR"""
Config_Reb_155_Hint#0,"""ตั้งค่าว่าจะเปิดใช้งาน HDR หรือไม่<br><br>ในการใช้งาน HDR คุณต้องเชื่อมต่อจอภาพที่รองรับ HDR และเปิดใช้งานฟีเจอร์นี้ในการตั้งค่า PC ของคุณก่อน<br>หลังจากเสร็จสิ้นขั้นตอนการตั้งค่านี้ คุณจะต้องรีสตาร์ทเกม<br><br><yellow>※เมื่อเปิดใช้งาน HDR สกรีนช็อตและวิดีโอที่บันทึกจากเกมอาจดูแตกต่างจากภาพในเกมจริง<c>"""
Config_Reb_156_Name#0,"""HDR: ระดับสีขาวอ้างอิง"""
Config_Reb_156_Hint#0,"""ปรับความสว่างของหน้าจอเมื่อเปิดใช้งาน HDR<br><br>ปรับการตั้งค่านี้จนกว่าสัญลักษณ์ที่แสดงบนหน้าจอจะแทบมองไม่เห็น"""
Config_Reb_157_Name#0,"""HDR: ความสว่างสูงสุด"""
Config_Reb_157_Hint#0,"""ปรับระดับความสว่างในส่วนที่สว่างที่สุดของหน้าจอเมื่อเปิดใช้งาน HDR<br><br>ปรับการตั้งค่านี้จนกว่าสัญลักษณ์ที่แสดงบนหน้าจอจะแทบมองไม่เห็น"""
Config_Reb_158_Name#0,"""HDR: ความอิ่มตัวของสี"""
Config_Reb_158_Hint#0,"""ปรับความสดของสีเมื่อเปิดใช้งาน HDR"""
Config_Reb_159_Name#0,"""การปรับแต่งการเคลื่อนไหวของตัวละคร"""
Config_Reb_159_Hint#0,"""ตั้งค่าว่าจะใช้ฟีเจอร์ที่ทำให้การเคลื่อนไหวของผู้เล่นและตัวละครในปาร์ตี้ดูเป็นธรรมชาติมากขึ้นหรือไม่<br><br>หากการเคลื่อนไหวของตัวละครดูไม่เป็นธรรมชาติ การตั้งค่านี้เป็น ปิด อาจช่วยแก้ปัญหาได้"""
Config_Reb_161_Name#0,"""ดู Symbol Art ใน My Shop"""
Config_Reb_161_Hint#0,"""ตั้งค่าว่าจะให้แสดง Symbol Art ใน My Shop หรือไม่<br><br><yellow>※หากตั้งค่าเป็น 【 ซ่อน 】 Symbol Art ที่ตั้งไว้ใน My Shop ของผู้เล่นอื่นจะไม่แสดงขึ้นมา<c>"""
Config_Reb_162_Name#0,"""รูปแบบการแสดงโมเดลแบบเรียบง่าย"""
Config_Reb_162_Hint#0,"""ตั้งค่ารูปแบบการแสดงตัวละครเมื่อไม่สามารถแสดงโมเดลแบบละเอียดได้<br><br>[โมเดล 1] แสดงเป็นเงาดำ (ซิลลูเอต)<br>[โมเดล 2] แสดงเป็นโมเดลสีขาว<br>[โมเดล 3] แสดงเป็นโมเดลกึ่งโปร่งใส<br><br><yellow>※การตั้งค่าเป็นโมเดล 3 อาจส่งผลต่อประสิทธิภาพของเครื่องเล็กน้อย<c>"""
Config_Reb_162_Select_0#0,"""โมเดล 1"""
Config_Reb_162_Select_1#0,"""โมเดล 2"""
Config_Reb_162_Select_2#0,"""โมเดล 3"""
Config_Reb_163_Name#0,"""โหมดแว่นขยาย"""
Config_Reb_163_Hint#0,"""ตั้งค่าว่าจะเปิดใช้งานโหมดแว่นขยายหรือไม่<br><br><yellow>※หากเปิดใช้งาน คุณสามารถเปิดโหมดแว่นขยายได้ด้วยปุ่ม <swguidetype ShiftTrigger><yellow> + <c><swguidetype EscMenu><yellow>.<c>"""
Config_Reb_164_Name#0,"""ขีดจำกัดการแจ้งเตือน"""
Config_Reb_164_Hint#0,"""ตั้งค่าจำนวนการแจ้งเตือนสูงสุดที่จะให้แสดงพร้อมกันที่ด้านล่างของหน้าจอ เมื่อทำเป้าหมายของ Task สำเร็จ"""
Config_Reb_164_Select_0#0,"""3"""
Config_Reb_164_Select_1#0,"""1"""
Config_Reb_165_Name#0,"""การแสดงดาเมจบนศัตรู: ตัวละครผู้เล่น"""
Config_Reb_165_Hint#0,"""ตั้งค่าขนาดตัวเลขดาเมจที่แสดงเมื่อตัวละครของคุณทำดาเมจใส่ศัตรู"""
Config_Reb_165_Select_0#0,"""มาตรฐาน"""
Config_Reb_165_Select_1#0,"""เล็ก"""
Config_Reb_165_Select_2#0,"""เล็กมาก"""
Config_Reb_165_Select_3#0,"""ไม่แสดง"""
Config_Reb_166_Name#0,"""การแสดงดาเมจบนศัตรู: สมาชิกปาร์ตี้"""
Config_Reb_166_Hint#0,"""ตั้งค่าขนาดตัวเลขดาเมจที่แสดงเมื่อสมาชิกปาร์ตี้ทำดาเมจใส่ศัตรู"""
Config_Reb_167_Name#0,"""การแสดงดาเมจบนศัตรู: ตัวละครอื่นๆ"""
Config_Reb_167_Hint#0,"""ตั้งค่าขนาดตัวเลขดาเมจที่แสดงเมื่อตัวละครอื่นๆ ทำดาเมจใส่ศัตรู"""
Config_Reb_168_Name#0,"""การแสดงดาเมจที่ได้รับ/การฟื้นฟู: ตัวละครผู้เล่น"""
Config_Reb_168_Hint#0,"""ตั้งค่าขนาดตัวเลขที่แสดงเมื่อตัวละครของคุณได้รับดาเมจจากศัตรูหรือฟื้นฟู HP"""
Config_Reb_169_Name#0,"""การแสดงดาเมจที่ได้รับ/การฟื้นฟู: สมาชิกปาร์ตี้"""
Config_Reb_169_Hint#0,"""ตั้งค่าขนาดตัวเลขที่แสดงเมื่อสมาชิกปาร์ตี้ได้รับดาเมจจากศัตรูหรือฟื้นฟู HP"""
Config_Reb_170_Name#0,"""การแสดงดาเมจที่ได้รับ/การฟื้นฟู: ตัวละครอื่นๆ"""
Config_Reb_170_Hint#0,"""ตั้งค่าขนาดตัวเลขที่แสดงเมื่อตัวละครอื่นๆ ได้รับดาเมจจากศัตรูหรือฟื้นฟู HP"""
Config_Reb_171_Name#0,"""การเน้นตัวเลขดาเมจคริติคอล"""
Config_Reb_171_Hint#0,"""ตั้งค่าว่าจะเน้นตัวเลขดาเมจที่แสดงเมื่อตัวละครของคุณทำคริติคอลฮิตใส่ศัตรูหรือไม่<br><br>[เน้น 1]<br>ตัวเลขจะถูกขยายให้ใหญ่ขึ้น<br><br>[เน้น 2]<br>ตัวเลขจะถูกขยายให้ใหญ่ขึ้นและมีเอฟเฟกต์เพิ่มเข้ามา"""
Config_Reb_171_Select_0#0,"""ไม่เน้น"""
Config_Reb_171_Select_1#0,"""เน้น 1"""
Config_Reb_171_Select_2#0,"""เน้น 2"""
Config_Reb_172_Name#0,"""แสดง Login Call"""
Config_Reb_172_Hint#0,"""ตั้งค่าว่าจะให้แสดง Login Call จากผู้เล่นอื่นหรือไม่<br><br><yellow>※หากเลือก 'ซ่อน' Login Call ทั้งหมดจะถูกซ่อนไว้<c><br><br><yellow>※หากต้องการรับ Login Call จากผู้เล่น ให้เลือกผู้เล่นจากรายชื่อเพื่อน จากนั้นเลือก 'รับ Login Call'<c>"""
Config_Reb_172_Select_0#0,"""ซ่อน"""
Config_Reb_172_Select_1#0,"""แสดง"""
Config_Reb_173_Name#0,"""สลับเป้าหมาย Lock-On อัตโนมัติ"""
Config_Reb_173_Hint#0,"""ตั้งค่าว่าจะให้ Lock-On ศัตรูตัวอื่นโดยอัตโนมัติหรือไม่หลังจากกำจัดเป้าหมายที่ Lock-On อยู่ในปัจจุบัน<br><br><yellow>※คุณสามารถใช้การตั้งค่า 【 ทิศทางเป้าหมาย Lock-On 】 เพื่อกำหนดว่าจะเลือกศัตรูตัวใด<c>"""
Config_Reb_173_Select_0#0,"""ปิดใช้งาน"""
Config_Reb_173_Select_1#0,"""เปิดใช้งาน"""
Config_Reb_174_Name#0,"""แสดง Portable Hologram ของผู้เล่นอื่น"""
Config_Reb_174_Hint#0,"""ตั้งค่าว่าจะให้แสดง Portable Hologram ที่ผู้เล่นอื่นวางไว้หรือไม่<br><br><yellow>※หากคุณเลือก 【 แสดง 】 จำนวน Portable Hologram ที่แสดงจะแตกต่างกันไปตามการตั้งค่าจำนวนโมเดลที่แสดงรายละเอียดของคุณ<br><br><yellow>※หากคุณเปลี่ยนการตั้งค่านี้จาก 【 ไม่แสดง 】 to 【 แสดง 】 Portable Hologram ของผู้เล่นอื่นจะเริ่มปรากฏขึ้นหลังจากที่คุณย้ายโซน<c>"""
Config_Reb_174_Select_0#0,"""แสดงทุกที่"""
Config_Reb_174_Select_1#0,"""ไม่แสดงใน Combat Section"""
Config_Reb_174_Select_2#0,"""ไม่แสดงใน Combat/Exploration Section"""
Config_Reb_174_Select_3#0,"""ไม่แสดง"""
Config_Reb_175_Name#0,"""ลดความถี่ในการแสดงผลกราฟิกของศัตรูและตัวละคร"""
Config_Reb_175_Hint#0,"""ตั้งค่าว่าจะลดความถี่ในการอัปเดตการแสดงผลของตัวละครอื่นและศัตรูที่อยู่ไกลหรือไม่<br><br><yellow>※การเลือก 'เปิดใช้งาน' จะช่วยลดภาระการทำงานของฮาร์ดแวร์คอมพิวเตอร์ของคุณ<c>"""
Config_Reb_175_Select_0#0,"""ปิดใช้งาน"""
Config_Reb_175_Select_1#0,"""เปิดใช้งาน"""
Config_Reb_176_Name#0,"""การแสดงผลผู้เล่นอื่นด้วยความละเอียดสูง"""
Config_Reb_176_Hint#0,"""ตั้งค่าว่าจะให้แสดงผลผู้เล่นอื่นที่อยู่ในระยะที่กำหนดด้วยความละเอียด Texture ตามที่เลือกไว้ในการตั้งค่ากราฟิกหรือไม่<br><br><yellow>※จำนวนผู้เล่นที่แสดงผลด้วยความละเอียดสูงจะแตกต่างกันไปตามสเปคเครื่องของคุณ<br><br><yellow>※การเลือก 'ใช้งาน' จะเพิ่มภาระในการประมวลผล<c>"""
Config_Reb_176_Select_0#0,"""ไม่ใช้งาน"""
Config_Reb_176_Select_1#0,"""ใช้งาน"""
Config_Reb_177_Name#0,"""การแสดงผลตัวละครแบบอนิเมะ"""
Config_Reb_177_Hint#0,"""ตั้งค่าว่าจะให้แสดงตัวละคร คอสตูม ฯลฯ ในสไตล์ภาพแบบอนิเมะหรือไม่<br><br><yellow>※การเลือก 'เปิดใช้งาน' จะเพิ่มภาระการทำงานของคอมพิวเตอร์คุณ<c>"""
Config_Reb_177_Select_0#0,"""ปิดใช้งาน"""
Config_Reb_177_Select_1#0,"""เปิดใช้งาน"""
Config_Reb_178_Name#0,"""การแสดงผลตัวละครแบบอนิเมะ : เน้นเส้นขอบ"""
Config_Reb_178_Hint#0,"""ตั้งค่าระดับการเน้นเส้นขอบของตัวละครเมื่อเปิดใช้งานการแสดงผลแบบอนิเมะ<br><br><yellow>※การลดค่านี้ลงจะช่วยลดภาระในการประมวลผล<c>"""
Config_Reb_179_Name#0,"""การแสดงผลตัวละครแบบอนิเมะ : ความเข้มของเงา"""
Config_Reb_179_Hint#0,"""ตั้งค่าความเข้มของเงาเมื่อเปิดใช้งานการแสดงผลแบบอนิเมะ"""
Config_CollaboMode_Title#0,"""ตั้งค่าการแสดงไอเทมคอลแลบอีเวนต์"""
Config_CollaboMode_Name#0,"""ยืนยันสิทธิ์อนุญาตไอเทมอีเวนต์"""
Config_CollaboMode_Select0#0,"""ปิดใช้งาน"""
Config_CollaboMode_Select1#0,"""เปิดใช้งาน"""
Config_Reb_Title_Lockon#0,"""<white>ตั้งค่า Lock-on<c>"""
Config_Reb_Title_Action#0,"""<white>ตั้งค่าแอ็กชัน<c>"""
Config_Reb_Title_Hud#0,"""<white>ตั้งค่าการแสดงผลผู้เล่น/ศัตรู<c>"""
Config_Reb_Title_Drop#0,"""<white>ตั้งค่าการดรอป<c>"""
Config_Reb_Title_Menu#0,"""<white>อื่นๆ<c>"""
Config_Reb_Title_Party#0,"""<white>ตั้งค่าปาร์ตี้<c>"""
Config_Reb_Title_Notice#0,"""<white>ตั้งค่าการแจ้งเตือน<c>"""
Config_Reb_Title_Staging#0,"""<white>ตั้งค่ากล้อง<c>"""
Config_Reb_Title_Esthetic#0,"""<white>ตั้งค่า Salon<c>"""
Config_Reb_Title_Look1#0,"""<white>ตั้งค่ากล้องปกติ<c>"""
Config_Reb_Title_Look2#0,"""<white>ตั้งค่ามุมมองข้ามไหล่<c>"""
Config_Reb_Title_Volume#0,"""<white>ตั้งค่าระดับเสียง<c>"""
Config_Reb_Title_Voicechat#0,"""<white>ตั้งค่า Voice Chat<c>"""
Config_Reb_Title_Talk#0,"""<white>ตั้งค่าแชทพื้นฐาน<c>"""
Config_Reb_Title_Logwindow#0,"""<white>ตั้งค่าหน้าต่างบันทึกแชท<c>"""
Config_Reb_Title_Autoword#0,"""<white>ตั้งค่า Autoword<c>"""
Config_Reb_Title_Symbolart#0,"""<white>ตั้งค่า Symbol Art<c>"""
Config_Reb_Title_Stamp#0,"""<white>ตั้งค่าแสตมป์<c>"""
Config_Reb_Title_Mail#0,"""<white>ตั้งค่าจดหมาย<c>"""
Config_Reb_Title_Fukidashi#0,"""<white>ตั้งค่าผู้เล่นอื่น<c>"""
Config_Reb_Title_Screenshot#0,"""<white>ตั้งค่าสกรีนช็อต<c>"""
Config_Reb_Title_Simple#0,"""<white>ตั้งค่าการแสดงผลบนหน้าจอ<c>"""
Config_Reb_Title_Hdr#0,"""<white>ตั้งค่า HDR<c>"""
Config_Reb_Title_Custom#0,"""<white>อื่นๆ<c>"""
Config_Reb_180_Name#0,"""การแสดงความเสียหายต่อวินาที"""
Config_Reb_180_Hint#0,"""ตั้งค่าว่าจะให้แสดงค่าเฉลี่ยความเสียหายต่อวินาที ที่คุณทำได้ต่อเป้าหมายหรือไม่<br><br><yellow>※แสดงอยู่ที่มุมขวาบนของหน้าจอ<c>"""
Config_Reb_180_Select_0#0,"""ไม่แสดง"""
Config_Reb_180_Select_1#0,"""แสดง"""
Config_Reb_Title_Light#0,"""<white>ตั้งค่าแสงสว่าง<c>"""
Config_Reb_Title_Quality#0,"""<white>ตั้งค่าคุณภาพการเรนเดอร์<c>"""
Config_Reb_Title_Character#0,"""<white>ตั้งค่าการแสดงผลตัวละคร<c>"""
Config_Reb_Title_3d#0,"""<white>ตั้งค่าคุณภาพการเรนเดอร์ 3 มิติ<c>"""
Config_Reb_Title_Framerate#0,"""<white>ตั้งค่าเฟรมเรต<c>"""
Config_Reb_Title_Texture#0,"""<white>ตั้งค่า Texture<c>"""
Config_Reb_Title_Object#0,"""<white>ตั้งค่าการแสดงผลวัตถุ<c>"""
Config_Reb_181_Name#0,"""การแสดงผลตัวละครแบบอนิเมะ: ผู้เล่นอื่น"""
Config_Reb_181_Hint#0,"""ตั้งค่าว่าจะให้แสดงตัวละครของผู้เล่นอื่นในสไตล์ภาพแบบอนิเมะหรือไม่<br><br>หากตั้งค่าเป็น 【 ตามการตั้งค่าของตัวละคร 】 สไตล์อนิเมะจะถูกใช้งานเฉพาะกับผู้เล่นที่ตั้งค่าให้ตัวละครของตนเองแสดงผลแบบนั้น<br><br><yellow>※การเลือกตัวเลือกอื่นที่ไม่ใช่ 【 ไม่แสดง 】 จะเพิ่มภาระการทำงานของคอมพิวเตอร์คุณ<c>"""
Config_Reb_181_Select_0#0,"""ไม่แสดง"""
Config_Reb_181_Select_1#0,"""ตัวละครทั้งหมด"""
Config_Reb_181_Select_2#0,"""ตามการตั้งค่าของตัวละคร"""
Config_Reb_182_Name#0,"""การแสดงผลตัวละครแบบอนิเมะ: NPC"""
Config_Reb_182_Hint#0,"""ตั้งค่าว่าจะให้แสดง NPC ในสไตล์ภาพแบบอนิเมะหรือไม่<br><br><yellow>※การเลือก 【 เปิดใช้งาน 】 จะเพิ่มภาระการทำงานของคอมพิวเตอร์คุณ<c>"""
Config_Reb_182_Select_0#0,"""ไม่แสดง"""
Config_Reb_182_Select_1#0,"""เปิดใช้งาน"""
Config_Reb_183_Name#0,"""การปรับการเคลื่อนไหวของตัวละครผู้เล่น"""
Config_Reb_183_Hint#0,"""ตั้งค่าว่าจะพยายามทำให้การเคลื่อนไหวของตัวละครผู้เล่นดูเป็นธรรมชาติมากขึ้นหรือไม่<br><br>หากการเคลื่อนไหวของตัวละครดูไม่เป็นธรรมชาติ การตั้งค่านี้เป็น ปิด อาจทำให้ดูดีขึ้น"""
Config_Reb_183_Select_0#0,"""ปิด"""
Config_Reb_183_Select_1#0,"""เปิด"""
Config_Reb_Title_Toon#0,"""<white>ตั้งค่าการแสดงผลแบบอนิเมะ<c>"""
Config_CollaboMode_Hint#0,"""ตั้งค่าว่าจะให้แสดงไอคอนยืนยันว่าแฟชั่นและอุปกรณ์ปัจจุบันของตัวละครได้รับอนุญาตในกิจกรรมต่างๆ เช่น แคมเปญสกรีนช็อตหรือไม่<br><br><yellow>※ไอคอนจะแสดงที่มุมขวาบนของหน้าจอเสมอ<c><br><br>[ไอคอนที่แสดง]<br>・<pict collab_photo_ok>: ไอเทมเหมาะสม<br>・<pict collab_photo_ng>: ไม่อนุญาตไอเทมอย่างน้อยหนึ่งชิ้น"""
Config_Reb_186_Name#0,"""ตำแหน่งการแสดง DPS"""
Config_Reb_186_Hint#0,"""ตั้งค่าตำแหน่งการแสดง DPS (ความเสียหายต่อวินาที) ของคุณ"""
Config_Reb_186_Select_0#0,"""บนขวา"""
Config_Reb_186_Select_1#0,"""บนตรงกลาง"""
Config_Reb_186_Select_2#0,"""ล่างตรงกลาง"""
Config_Reb_184_Name#0,"""การแสดงไกด์ควบคุมการเข้าร่วมปาร์ตี้อัตโนมัติ"""
Config_Reb_184_Hint#0,"""ตั้งค่าว่าจะให้แสดงไกด์ควบคุมสำหรับระบบ <yellow>เข้าร่วมปาร์ตี้อัตโนมัติ<c> ในขณะที่รอ Emergency Quest หรือขณะที่กำลังเกิด PSE Burst หรือไม่<br><br>หากคุณทำตามคำแนะนำที่ไกด์นี้แสดง คุณจะเข้าร่วมปาร์ตี้ที่สร้างจากผู้เล่นคนอื่นๆ ที่เปิดใช้งานเข้าร่วมปาร์ตี้อัตโนมัติไว้เช่นกัน<br><br><yellow>※ไกด์ควบคุมนี้จะไม่แสดงหากคุณเปิดใช้งานเข้าร่วมปาร์ตี้อัตโนมัติอยู่แล้ว<c>"""
Config_Reb_184_Select_0#0,"""ไม่แสดง"""
Config_Reb_184_Select_1#0,"""แสดง"""
Config_Reb_185_Name#0,"""เปิดใช้งานเข้าร่วมปาร์ตี้อัตโนมัติเสมอ"""
Config_Reb_185_Hint#0,"""ตั้งค่าว่าจะเปิดใช้งานการตั้งค่า <yellow>เข้าร่วมปาร์ตี้อัตโนมัติ<c> ในการตั้งค่าปาร์ตี้เสมอหรือไม่<br><br><yellow>※การเปลี่ยนการตั้งค่านี้จะเปลี่ยนช่องกาเครื่องหมายเข้าร่วมปาร์ตี้อัตโนมัติตามปกติด้วย<c><br><yellow>※อย่างไรก็ตาม การตั้งค่านี้จะไม่ส่งผลต่อการตั้งค่าของปาร์ตี้หากคุณไม่ได้เป็นหัวหน้าปาร์ตี้<c>"""
Config_Reb_185_Select_0#0,"""ตั้งค่าเมื่อสร้างปาร์ตี้"""
Config_Reb_185_Select_1#0,"""เปิดใช้งานเสมอ"""
Config_Reb_187_Name#0,"""มุมกล้องเรนเดอร์ After Blast"""
Config_Reb_187_Hint#0,"""ตั้งค่าว่าจะเปิด/ปิดมุมกล้องพิเศษที่ใช้ในขณะที่เปิดใช้งาน After Blast"""
Config_Reb_187_Select_0#0,"""ปิด"""
Config_Reb_187_Select_1#0,"""เปิด"""
Config_Reb_Title_GraphicStaging#0,"""<white>ตั้งค่าการเรนเดอร์กราฟิก<c>"""
Config_Reb_188_Name#0,"""ตั้งค่าการเรนเดอร์กราฟิกของ EX Style"""
Config_Reb_188_Hint#0,"""ตั้งค่าว่าคุณต้องการให้แสดงกราฟิกและเอฟเฟกต์หน้าจอของ EX Style อย่างไร"""
Config_Reb_188_Select_0#0,"""แสดงทั้งหมด"""
Config_Reb_188_Select_1#0,"""ซ่อนเฉพาะเอฟเฟกต์ผู้เล่น"""
Config_Reb_188_Select_2#0,"""ซ่อนเฉพาะเอฟเฟกต์หน้าจอ"""
Config_Reb_188_Select_3#0,"""ซ่อนทั้งหมด"""
Config_Reb_189_Name#0,"""แสดง อัตราคริติคอล คู่กับ DPS"""
Config_Reb_189_Hint#0,"""ตั้งค่าว่าจะแสดง อัตราคริติคอล ด้วยหรือไม่ เมื่อตั้งค่า พลังโจมตี Per Second Display เป็น แสดง"""
Config_Reb_189_Select_0#0,"""ไม่แสดง"""
Config_Reb_189_Select_1#0,"""แสดง"""
Title#1,"""การเลือก Action Palette"""
Message#0,"""สำหรับการควบคุมในส่วนของแอคชั่น<br>สามารถเลือกรูปแบบ 3 ปุ่มแบบใหม่<br>ที่แตกต่างจากรูปแบบ 2 ปุ่มแบบดั้งเดิมได้<br><br>รูปแบบ 3 ปุ่มจะช่วยให้ควบคุมแอคชั่น<br>ได้คล่องตัวและเป็นธรรมชาติมากขึ้น<br><green>การตั้งค่านี้สามารถเปลี่ยนได้ตลอดเวลา<br>จาก 「ตั้งค่าเริ่มต้น」 ใน 「ตัวเลือก」<c><br><br>คุณต้องการใช้รูปแบบการควบคุมแบบไหน?"""
Button_2Button#0,"""2 ปุ่ม"""
Button_3Button#0,"""3 ปุ่ม"""
title#0,"""ตั้งค่าการแสดงผล"""
title#1,"""การเลือกอุปกรณ์หลัก"""
button1#0,"""คีย์บอร์ดและเมาส์"""
button2#0,"""คอนโทรลเลอร์"""
message#0,"""คุณสามารถเปลี่ยนการตั้งค่าการควบคุมได้<br>ตามอุปกรณ์ที่คุณใช้งานเป็นหลัก<br><br>[ถ้าใช้คีย์บอร์ดและเมาส์]<br>- ใช้คีย์บอร์ดในการเคลื่อนที่ ใช้เมาส์ในการ<br>โจมตีและควบคุมมุมกล้อง<br><br>[ถ้าใช้เกมแพด]<br>- ใช้เกมแพดในการเคลื่อนที่<br>โจมตีและควบคุมมุมกล้อง<br>- พิมพ์แชทได้โดยตรงด้วยคีย์บอร์ด<br><br><yellow>จาก 'เมนูหลัก' ไปที่ 'ระบบ'<br>จากนั้นเลือก 'ตั้งค่าการควบคุม' และ 'วิธีป้อนข้อมูลหลัก'<c>"""
MiKakin#0,"""ไม่ได้ใช้งาน"""
IsPremium#0,"""<yellow>พรีเมียมเปิดใช้งาน<c>"""
NonPremium#0,"""<red>วันหมดอายุพรีเมียม<c>"""
KakinGire#0,"""<red>หมดอายุ<c>"""
NetCafe#0,"""<green>พรีเมียมร้านเน็ต<c>"""
Category_Control#0,"""การควบคุม"""
Category_Gameplay#0,"""เกมเพลย์"""
Category_Graphic#0,"""กราฟิก"""
Category_Interface#0,"""อินเทอร์เฟซ"""
Category_SoundAndChat#0,"""เสียงและแชท"""
Category_Other#0,"""อื่นๆ"""
Category_Sound#1,"""เสียง"""
Category_Chat#0,"""แชท"""
Category_Camera#0,"""กล้อง"""
Title_Config#0,"""การตั้งค่า"""
Title_DetailInfo#1,"""ข้อมูลโดยละเอียด"""
MenuButton_WindowReset#0,"""รีเซ็ตหน้าต่าง"""
MenuButton_Reset#0,"""รีเซ็ตการตั้งค่า"""
Message_ResetError#0,"""ไม่สามารถรีเซ็ตการตั้งค่าได้ในขณะที่เปิดใช้งานโหมดสตรีมเมอร์"""
MenuButton_Exit#0,"""ไม่บันทึกและออก"""
MenuButton_ExitWithSave#0,"""บันทึกและออก"""
ThreeChoiceMenuTitle#1,"""ยืนยันการออก"""
ThreeChoiceMenuMessageApply#1,"""ระบบจะปิดเมนูตัวเลือก<br>คุณต้องการบันทึกการเปลี่ยนแปลงหรือไม่?"""
ThreeChoiceMenuButtonExit#1,"""ไม่บันทึกและออก"""
ThreeChoiceMenuButtonExitWithSave#1,"""บันทึกและออก"""
ThreeChoiceMenuButtonCancel#1,"""ยกเลิก"""
ConfirmTitleInit#1,"""ยืนยันการรีเซ็ต"""
ConfirmMessageInit#1,"""ระบบจะรีเซ็ตการตั้งค่าทั้งหมด<br>คุณแน่ใจหรือไม่?"""
ConfirmTitle#1,"""ยืนยันการออก"""
ConfirmMessageApply#1,"""คุณแน่ใจหรือไม่ว่าต้องการบันทึกการตั้งค่าเหล่านี้?"""
ConfirmMessageDisapply#1,"""คุณแน่ใจหรือไม่ว่าต้องการละทิ้งการเปลี่ยนแปลง?"""
ConfirmButtonApply#1,"""บันทึกการเปลี่ยนแปลงและออก"""
ConfirmButtonDisapply#1,"""ละทิ้งการเปลี่ยนแปลงและออก"""
ConfirmButtonCancel#1,"""ยกเลิก"""
ConfirmTitleWindowInit#1,"""ยืนยันการรีเซ็ตหน้าต่าง"""
ConfirmMessageWindowInit#1,"""ระบบจะรีเซ็ตหน้าต่างทั้งหมดกลับไปเป็นตำแหน่งเริ่มต้นและขนาดตามค่าเริ่มต้น<br>คุณแน่ใจหรือไม่ว่าต้องการดำเนินการต่อ?"""
ConfirmMessageWindowInitEnd#1,"""รีเซ็ตหน้าต่างทั้งหมดกลับไปเป็นตำแหน่งเริ่มต้นแล้ว"""
WindowTitleInitText#1,"""ตั้งค่าการรีเซ็ตหน้าต่าง"""
WindowInitHint#1,"""ระบบจะรีเซ็ตขนาดและตำแหน่งของหน้าต่างทั้งหมด"""
WindowRadioButtonInitText#1,"""รีเซ็ตหน้าต่างกลับไปเป็นตำแหน่งเริ่มต้น"""
AmdFsr_Switching_Info#0,"""เปิดใช้งานการลบรอยหยัก (Anti-Aliasing) ด้วย AMD FSR แล้ว"""
Config_Reb_152_Chat_1#0,"""[ตอบกลับอัตโนมัติ] ผู้เล่นนี้ไม่สามารถใช้งานแชท Whisper ได้"""
Config_Reb_152_Chat_2#0,"""[ตอบกลับอัตโนมัติ] ไม่สามารถใช้แชท Whisper ได้เนื่องจากผู้เล่นนี้อยู่ในโหมดสตรีมเมอร์"""
Subject_000#1,"""ตั้งค่าฟีเจอร์แอ็กชัน"""
Subject_001#1,"""ตั้งค่า HUD"""
Subject_002#1,"""ตั้งค่าเมนู"""
Subject_003#1,"""เก็บไอเทมอัตโนมัติ"""
Subject_004#1,"""ตั้งค่าอื่นๆ"""
Subject_005#1,"""ตั้งค่ากล้อง"""
Subject_006#1,"""ความเร็วการหมุนแนวนอน"""
Subject_007#1,"""ความเร็วการหมุนแนวตั้ง"""
Subject_008#1,"""แสดงดาเมจ"""
Subject_009#1,"""แสดงการฟื้นฟู/ดาเมจ"""
Subject_010#1,"""แสดง EXP (และอื่นๆ)"""
Subject_011#1,"""การแจ้งเตือนแรร์ดรอป"""
Subject_012#1,"""ประกาศยืนยัน"""
Subject_013#1,"""ตั้งค่าข้อความ"""
Subject_014#1,"""การแจ้งเตือนอื่นๆ"""
Subject_015#1,"""ตั้งค่าแชท"""
Subject_016#1,"""แสดง Autoword จากผู้อื่น"""
Subject_017#1,"""ช่องแชทที่แสดงใน 【 แสดงทั้งหมด 】 ของบันทึกแชท"""
Subject_018#1,"""ตั้งค่าสกรีนช็อต"""
Subject_019#1,"""ตั้งค่า Salon"""
Subject_020#1,"""ตั้งค่า Rideroid"""
Subject_021#1,"""ตั้งค่า Dark Blast"""
Subject_022#1,"""ระดับเสียง BGM"""
Subject_023#1,"""ระดับเสียง SE"""
Subject_024#1,"""ระดับเสียงพากย์"""
Subject_025#1,"""ระดับเสียงวิดีโอในเกม"""
Subject_026#1,"""ฟังก์ชัน Playback"""
Subject_027#1,"""ฟีเจอร์การเรนเดอร์"""
Subject_028#1,"""จำนวนโมเดลที่แสดงรายละเอียด"""
Subject_029#1,"""จำนวนการแสดงผล Photon Blast"""
Subject_030#1,"""คุณภาพแสงสะท้อน"""
Subject_031#1,"""คุณภาพเงา"""
Subject_032#1,"""ความสว่างหน้าจอ"""
Subject_033#1,"""แสงจากกล้อง"""
Subject_034#1,"""ฟังก์ชันเมาส์"""
Subject_035#1,"""เปิด/ปิด Voice Chat"""
Subject_036#1,"""Wish List, รายการของขวัญ"""
Config_PadInput01#0,"""การเลือกประเภทคอนโทรลเลอร์"""
Config_PadInput02#0,"""หากคอนโทรลเลอร์ของคุณและประเภทคอนโทรลเลอร์ที่เลือกไม่เข้ากัน คอนโทรลเลอร์ของคุณอาจทำงานไม่ถูกต้อง หากเกิดเหตุการณ์นี้ขึ้น โปรดเลือกประเภทอื่น"""
Config_PadInput03#0,"""-"""
Config_PadInput04#1,"""-"""
Config_PadInput05#1,"""-"""
Config_PadInput06#1,"""เปิด/ปิดระบบสั่นของคอนโทรลเลอร์"""
Config_PadInput07#1,"""ระบบสั่นจะสามารถเปิดใช้งานได้เมื่อเลือก 'XInput' เท่านั้น<br><yellow>※คอนโทรลเลอร์บางรุ่นไม่รองรับระบบสั่น<c>"""
Config_PadInput08#0,"""-"""
Config_PadInput09#0,"""-"""
Config_PadInput10#0,"""-"""
Config_PadInput11#0,"""-"""
Config_PadInput12#1,"""รับคำสั่งคอนโทรลเลอร์เมื่อหน้าต่างไม่ทำงาน"""
Config_PadInput13#1,"""ตั้งค่าว่าจะรับคำสั่งจากคอนโทรลเลอร์หรือไม่เมื่อหน้าต่างเกมไม่ได้เปิดใช้งานอยู่"""
Config_PadInput14#0,"""-"""
Config_PadInput15#0,"""-"""
Config_PadInput16#0,"""-"""
Config_PadInput17#1,"""Calibrate คอนโทรลเลอร์"""
Config_PadInput18#1,"""สามารถทำได้เมื่อเลือก 【 DirectInput 】 เท่านั้น"""
