MenuTitle#0,"""ร้านแลกเปลี่ยน"""
MenuGuide#0,"""<c f0df60>ไอเทมในรายการสามารถแลกเปลี่ยนเป็นไอเทมที่เลือกได้<c>"""
ButtonChange#0,"""แลกเปลี่ยน"""
SuccessMessage#0,"""แลกเปลี่ยนสำเร็จ"""
FailedMessage#0,"""แลกเปลี่ยนล้มเหลว<br><br>[No.2100]"""
FailedMessage2#0,"""ไอเทมสำหรับแลกเปลี่ยนไม่เพียงพอ"""
FailedMessage3#0,"""แลกเปลี่ยนล้มเหลว จำนวนไอเทมจะเกิน<br>ขีดจำกัด หรือ Inventory<br>ของคุณเต็มแล้ว"""
TitleChange#0,"""ยืนยันการแลกเปลี่ยน"""
ChangeCheck#0,"""คุณแน่ใจหรือไม่ว่าต้องการแลกเปลี่ยน<br>เป็นไอเทมต่อไปนี้?"""
TicketName#0,"""$(0) x$(2) (มีอยู่: $(1))"""
CancelTitle#0,"""ยกเลิกการแลกเปลี่ยน"""
CancelMessage#0,"""การกระทำนี้จะยกเลิกการแลกเปลี่ยน<br>ดำเนินการต่อหรือไม่?"""
HaveTicket#0,"""ที่มีอยู่"""
TotalTicket#0,"""ทั้งหมด"""
SwapItemTitle#0,"""ไอเทมแลกเปลี่ยน"""
ItemNone#0,"""ไม่มี"""
ChangeCheckVita#0,"""คุณแน่ใจหรือไม่ว่าต้องการแลกเปลี่ยน<br>เป็นไอเทมต่อไปนี้?"""
MenuGuideVita#0,"""ข้อมูลแลกเปลี่ยน"""
TitleVita#0,"""รายการสินค้า"""
ItemNum#0,"""($(0))"""
SelectItemVita#0,"""โปรดระบุจำนวน"""
SelectItemInputVita#0,"""โปรดระบุจำนวน"""
PluralityMenuGuide#0,"""<c f0df60>โปรดเลือกร้านค้า<c>"""
Warehouse#0,"""เปิด Storage"""
MenuTitleCq01#0,"""ร้านแลกเปลี่ยน CM 1"""
MenuTitleCq02#0,"""ร้านแลกเปลี่ยน CM 2"""
MenuTitle_jene#0,"""ร้านแลกเปลี่ยนจำกัดเวลา (~7 มิ.ย. 2017, 11:00 JST)"""
MenuTitle_serafi#0,"""ร้านแลกเปลี่ยนจำกัดเวลา (~8 มิ.ย. 2016, 11:00 JST)"""
MenuTitle_anet#0,"""ร้านแลกเปลี่ยนจำกัดเวลา (~1 พ.ย., 11:00 JST)"""
MenuTitleSea#0,"""ร้านแลกเปลี่ยนครบรอบ 5 ปี - ครึ่งแรก (~9 ส.ค., 11:00 JST)"""
MenuTitleSea1#0,"""ร้านปีใหม่ 2018 - ครึ่งแรก (~7 ก.พ. 2018, 11:00 JST)"""
MenuTitle_FG#0,"""ร้านแลกเปลี่ยนจำกัดเวลา (~7 ธ.ค. 2016, 11:00 JST)"""
MenuTitle_es1#0,"""ร้านแลกเปลี่ยนจำกัดเวลา (~25 ต.ค., 11:00 JST)"""
MenuTitle_es2#0,"""ร้านแลกเปลี่ยนจำกัดเวลา (~20 ธ.ค., 11:00 JST)"""
MenuTitle_es3#0,"""ร้านแลกเปลี่ยนจำกัดเวลา (~6 มิ.ย., 11:00 JST)"""
MenuTitle_den1#0,"""ร้านแลกเปลี่ยนจำกัดเวลา (~6 ธ.ค., 11:00 JST)"""
MenuTitle_thanks#0,"""ร้านแลกเปลี่ยน Thanks Badge 2020"""
MenuTitle#1,"""วันหมดอายุการเช่า"""
RentalExpiration_Supplemental#0,"""หน้านี้ให้คุณดูวันหมดอายุของทุกสิ่งที่คุณเช่าไว้<br>คุณสามารถเช่าฟีเจอร์ได้โดยเลือกไอเทมที่เกี่ยวข้อง"""
MenuGuide#1,"""-"""
RestTitle#0,"""หมดอายุ"""
RestTimeTitle#0,"""หลังจาก """
RestMonth#0,"""$(0) เดือน """
RestDay#0,"""$(0) วัน """
RestTime#0,"""$(0) ชม. """
RestMinits#0,"""$(0) นาที """
RestSec#0,"""$(0) วินาที"""
TimeOver#0,"""หมดอายุแล้ว"""
ITEM00#0,"""Premium Set"""
ITEM01#0,"""ใบอนุญาตเทรด"""
ITEM02#0,"""My Room License"""
ITEM03#0,"""Shop License"""
ITEM04#0,"""ITEM04"""
ITEM05#0,"""ITEM05"""
ITEM06#0,"""ขยายขีดจำกัด Order"""
ITEM07#0,"""ขยายขีดจำกัด CC"""
ITEM08#0,"""Premium Stamps"""
ITEM09#0,"""ITEM09"""
ITEM10#0,"""ขาย Drop Items อัตโนมัติ"""
ITEM11#0,"""ITEM11"""
ITEM12#0,"""Rental C-Space 01"""
ITEM13#0,"""Rental C-Space 02"""
ITEM14#0,"""Rental C-Space 03"""
ITEM15#0,"""Rental C-Space 04"""
ITEM16#0,"""ITEM16"""
ITEM17#0,"""ITEM17"""
ITEM18#0,"""ITEM18"""
ITEM19#0,"""ITEM19"""
ITEM20#0,"""ITEM20"""
ITEM21#0,"""ITEM21"""
ITEM22#0,"""ITEM22"""
ITEM23#0,"""ITEM23"""
ITEM24#0,"""Expansion Storage 7"""
ITEM25#0,"""Expansion Storage 6"""
ITEM26#0,"""Material Storage <pict StarGem>"""
ITEM27#0,"""Expansion Storage 4"""
ITEM28#0,"""Expansion Storage 5"""
ITEM29#0,"""Expansion Storage 1 <pict StarGem>"""
ITEM30#0,"""Expansion Storage 2"""
ITEM31#0,"""Expansion Storage 3"""
TimesaleTitle#0,"""ลดราคาจำกัดเวลา!"""
MenuTitle#2,"""Sick Bay"""
MenuTitleCampship#0,"""Medical Terminal"""
MenuGuide#2,"""<c f0df60>ที่นี่คุณสามารถซื้อ Buff Drink ต่างๆ เพื่อเสริมความแข็งแกร่งใน Quest ถัดไปได้<c>"""
CategoryAtp#0,"""Attack Boost"""
CategoryDef#0,"""Defense Boost"""
CategoryHp#0,"""HP Boost"""
CategoryPp#0,"""PP Boost"""
CategoryRandom#0,"""Random Effect"""
BuyCheck#0,"""คุณแน่ใจหรือไม่ว่าต้องการซื้อ<br>$(0) ในราคา $(1) Meseta?<br><c f0df60>※หากคุณดื่มไปแล้ว ผลของเครื่องดื่มใหม่จะทับซ้อนกับผลเดิมที่มีอยู่<c>"""
ErrorDrinked#0,"""คุณไม่สามารถดื่มเพิ่มได้เพราะเครื่องดื่มปัจจุบันของคุณมีการเปิดใช้งาน \""Pause Boost Item Effects\""<br><br><yellow>※หากคุณดื่มโดยเปิดใช้งาน \""Pause Boost Item Effects\"" เมื่อเริ่ม Quest แล้ว คุณจะไม่สามารถดื่มเครื่องดื่มอื่นได้อีกจนกว่าจะจบ Quest<c>"""
ErrorNotMeseta#0,"""Meseta ไม่เพียงพอ"""
ErrorQuestFinished#0,"""Quest ปัจจุบันเสร็จสิ้นแล้ว<br>ไม่สามารถใช้เครื่องดื่มได้จนกว่าจะ<br>รับ Quest ใหม่"""
ErrorNotPremium#0,"""คุณไม่สามารถดื่มสิ่งนี้ได้เพราะคุณไม่มี Premium"""
ErrorOther#0,"""ไม่เกิดผลของเครื่องดื่ม<br><br>[No.2101]"""
DrinkEffectMessage#0,"""ได้รับผลเอฟเฟกต์ดังต่อไปนี้<br>(มีผลในระยะเวลาจำกัด,<br>หรือสำหรับ Quest ถัดไป)"""
DrinkEffectMessage_Premium#0,"""ได้รับ <yellow>Premium effect<c> ดังต่อไปนี้<br>(มีผลในระยะเวลาจำกัด,<br>หรือสำหรับ Quest ถัดไป)"""
CheckTitle#0,"""ยืนยันการซื้อเครื่องดื่ม"""
SubEffect#0,"""<space>"""
SubEffectPremium#0,"""<space>"""
DrinkMenu#0,"""เมนูเครื่องดื่ม"""
DrinkEffect#0,"""ผลของเครื่องดื่ม"""
Main#0,"""เอฟเฟกต์หลัก"""
Sub#0,"""เอฟเฟกต์เสริม"""
StopDrink#0,"""Pause Boost Item Effects"""
BuyCheck_SuspendWarning#0,"""คุณแน่ใจหรือไม่ว่าต้องการซื้อ<br>$(0) ในราคา $(1) Meseta?<br><br><c f0df60>※เนื่องจาก \""Pause Boost Item Effects\"" ทำงานอยู่ เวลาของเครื่องดื่มและไอเทมบูสต์ที่ใช้งานอยู่จะถูกหยุดไว้<c><br>※หากคุณดื่มไปแล้ว ผลของเครื่องดื่มใหม่จะทับซ้อนกับผลเดิมที่มีอยู่<br>※เมื่อคุณเริ่ม Quest คุณจะไม่สามารถดื่มได้อีก"""
ItemEffect_SuspendHint#0,"""การเลือก \""Pause Boost Item Effects\""<br>และดื่มเครื่องดื่มจะหยุดเวลา<br>และระงับผลของไอเทมบูสต์ชั่วคราว<br>ตราบเท่าที่ผลของเครื่องดื่มยังคงอยู่<br><br>หยุดเวลาไอเทมบูสต์ของคุณไว้หากจำเป็นต้อง<br>ใช้เวลาไปกับการ Gathering"""
ShopTitle#0,"""NetCafe Counter"""
MenuGuide#3,"""<c f0df60>ที่นี่คุณสามารถนำ Cafe Points ที่ได้จากร้าน Net Cafe มาแลก หรือซื้อสินค้าเฉพาะต่างๆ ด้วย Meseta ได้<c>"""
MenuGuide_v#0,"""<c f0df60>ที่นี่คุณสามารถใช้ 「Cafe Points」 ที่เพิ่มขึ้นระหว่างใช้บริการร้าน Net Cafe และใช้ 「Meseta」 ในการซื้อสินค้าได้<c>"""
PointGuide#0,"""<c f0df60>เลือกไอเทมที่คุณต้องการซื้อด้วย Cafe Points<c>"""
MesetaGuide#0,"""<c f0df60>[เฉพาะเมื่อเชื่อมต่อผ่าน NetCafe] เลือกไอเทมที่คุณต้องการซื้อ<c>"""
MenuTitle#3,"""เมนูหลัก"""
MenuPointShop#0,"""แลกเปลี่ยน Cafe Points เป็นไอเทม"""
MenuMesetaShop#0,"""ซื้อไอเทม (เฉพาะ NetCafe)"""
MenuExit#0,"""ออกจากเคาน์เตอร์"""
NetcafeInfoTitle#0,"""ข้อมูล NetCafe"""
NetcafeInfoShopName#0,"""ชื่อร้านค้า"""
CpDenomination#0,"""CP"""
CashTitle#0,"""Cafe Points ปัจจุบัน"""
TotalCashTitle#0,"""Cafe Points ทั้งหมด"""
PaperDoll#0,"""ดูตัวอย่าง"""
SwapTitle#0,"""ยืนยันการซื้อ"""
BuyTitle#0,"""ยืนยันการซื้อ"""
BuyCheck#1,"""ไอเทมเหล่านี้มีราคา $(1) $(0)<br>ต้องการดำเนินการซื้อต่อหรือไม่?"""
CancelTitle#1,"""ยืนยันการยกเลิกการซื้อ"""
CancelMessage#1,"""การกระทำนี้จะยกเลิกการซื้อ ต้องการดำเนินการต่อหรือไม่?"""
CafePointInsufficient#0,"""Cafe Points ไม่เพียงพอ"""
MenuConnectTime#0,"""เวลา NetCafe"""
ConnectTimeTitle#0,"""เวลาเล่นปัจจุบัน"""
ConnectTimeMessage#0,"""■เวลา NetCafe ทั้งหมดของคุณ:<br>\u3000$(0)"""
NetCafeEventInfo#0,"""<br><br>■『$(1)』<br>\u3000เวลาเชื่อมต่อ: $(3) (รับรางวัลที่ $(2))<br>\u3000\u3000※ระยะเวลากิจกรรมจนถึง $(0)"""
ShopTitle#1,"""Recycle Shop"""
ShopTitle_k_m#0,"""Pyroxene Shop"""
MenuGuide#4,"""<c f0df60>คุณสามารถรับไอเทมต่างๆ ได้โดยการแลกเปลี่ยนไอเทมที่กำหนด หากแลกเปลี่ยนมากกว่าจำนวนที่ต้องการ คุณสามารถรับไอเทมตอบแทนได้หลายชิ้น<c>"""
MenuGuideItemSelect#0,"""<c f0df60>โปรดเลือกจำนวนไอเทมที่ต้องการแลกเปลี่ยน กด <c><%MultiSelect><c f0df60> เพื่อเลือกไอเทมหลายชิ้น<c>"""
NotingSetItem#0,"""คุณยังไม่ได้ตั้งค่าไอเทมเป้าหมาย"""
SuccessMessage#1,"""เสร็จสิ้น"""
FailedMessage#1,"""ล้มเหลว"""
FailedMessage2#1,"""การแลกเปลี่ยนล้มเหลว เนื่องจากอาจเกิน<br>ขีดจำกัดการซ้อนไอเทม หรือ Inventory ของคุณ<br>เต็มแล้ว"""
FailedMessage3#1,"""<yellow> จำเป็นต้องมี Premium เพื่อแลกเปลี่ยนไอเทมนี้"""
NotingTradeItem#0,"""ไอเทมไม่เพียงพอ"""
ChangeTitle#0,"""ยืนยัน"""
ChangeCheck#1,"""<c f0df60>$(0)<c> x$(1)<br>จะถูกแลกเปลี่ยนเป็นไอเทมที่เลือก<br>ต้องการดำเนินการต่อหรือไม่?<br><yellow>※เฉพาะไอเทมต่อไปนี้เท่านั้นที่จะถูกใช้งาน<c>"""
TargetItem#0,"""เป้าหมาย: $(0) x$(1)"""
TargetItem2#0,"""$(0) x$(1)"""
CancelTitle#2,"""ยกเลิกการแลกเปลี่ยน"""
CancelMessage#2,"""การกระทำนี้จะยกเลิกการแลกเปลี่ยน<br>ต้องการดำเนินการต่อหรือไม่?"""
InventoryList#0,"""รายการ Inventory"""
TargetItemInfo#0,"""ไอเทมเป้าหมาย"""
SwapList#0,"""รายการไอเทมที่จะแลกเปลี่ยน"""
SwapNum#0,"""จำนวนที่ต้องการแลกเปลี่ยน"""
NeedItem#0,"""ไอเทมที่คุณต้องการ"""
ChangeCheckVita#1,"""<c f0df60>$(0)<c> x$(1)<br>จะถูกแลกเปลี่ยนเป็นไอเทมที่เลือก<br>ต้องการดำเนินการต่อหรือไม่?<br><yellow>※เฉพาะไอเทมต่อไปนี้เท่านั้นที่จะถูกใช้งาน<c>"""
SelectItemVita#1,"""เลือกสิ่งที่นำมาแทนที่"""
SelectItemInputVita#1,"""โปรดใส่จำนวน"""
ItemErrorVita#0,"""ข้อผิดพลาดในการแลกเปลี่ยนไอเทม"""
ItemErrorMessageVita#0,"""มีการเลือกไอเทมครบตามจำนวนที่ต้องการแล้ว"""
PluralityMenuGuide#1,"""<c f0df60>โปรดเลือกร้านค้า<c>"""
Warehouse#1,"""เปิด Storage"""
ShopTitle_m#0,"""Spellstone Exchange Shop"""
ShopTitle_b01#0,"""Medal Exchange Shop"""
ShopTitle_k#0,"""Pyroxene Exchange Shop"""
ShopTitle_jig#0,"""Material Exchange Shop"""
ShopTitle_reo#0,"""Certificate Exchange Shop"""
ShopTitle_sea#0,"""Exchange Shop"""
ShopChallengeWeaponTitle#0,"""แลกเปลี่ยนอาวุธ"""
ShopTitle_sea01#0,"""Novel Series Exchange"""
ShopChallengeUnitTitle#0,"""แลกเปลี่ยน Units"""
ShopChallengePATECTitle#0,"""แลกเปลี่ยน PAs/Techs"""
ShopChallengeSkillTitle#0,"""แลกเปลี่ยน Skill Disks"""
ShopChallengeConsumeTitle#0,"""แลกเปลี่ยนไอเทมกดใช้"""
ShopChallengeATitle#0,"""แลกเปลี่ยนหินแดง"""
ShopChallengeBTitle#0,"""แลกเปลี่ยนหินฟ้า"""
ShopChallengeCTitle#0,"""แลกเปลี่ยนหินเขียว"""
ShopChallengeDTitle#0,"""แลกเปลี่ยนหินเหลือง"""
ShopChallengePATECTitle01#0,"""แลกเปลี่ยน Disks"""
MenuGuideWepSelect#0,"""<c f0df60>เลือกอาวุธตั้งต้น อาวุธที่ได้รับจะสืบทอด Special Abilities และคุณสมบัติอื่นๆ มาด้วย<c>"""
BaseSelect#0,"""เลือกอาวุธตั้งต้น"""
WepSelectTitle#0,"""เลือกอาวุธตั้งต้น"""
TaktCheckMessage#0,"""หากเลือก [Takt] เป็นอาวุธตั้งต้น หรืออาวุธที่เสร็จสมบูรณ์คือ [Takt] ตัว Special Abilities และ Attribute จะไม่ถูกนำมาปรับใช้ ต้องการดำเนินการต่อหรือไม่?"""
LimitExchange#0,"""จำนวนไอเทมของคุณเกินกำหนด"""
NoExchangeMessage#0,"""โปรดอัปเกรดไอเทมวัตถุดิบที่ต้องการให้ถึง +35 แล้วลองอีกครั้ง"""
ExchangeTitle#0,"""ยืนยันการแลกเปลี่ยนไอเทม"""
TargetItem3#0,"""$(0) <red>x$(1)<c>"""
TargetItem4#0,"""$(0)+$(1)"""
TargetItemMulti#0,"""แลกเปลี่ยนไอเทมหลายชิ้น"""
TargetItemEtc#0,"""$(0) """
PopupExchange#0,"""แลกเปลี่ยน"""
PopupSpecialFactor#0,"""ยืนยัน Special Ability Factor"""
PopupPotential#0,"""ยืนยัน Potential Ability"""
MenuTitleJig1#0,"""แลกเปลี่ยน Emblem และวัตถุดิบ"""
MenuTitleJig2#0,"""คืนวัตถุดิบ"""
MenuTitleJig3#0,"""แลกเปลี่ยน Crystal Fragment"""
MenuTitleJig4#0,"""แลกเปลี่ยน Genesis Weapon Camo"""
MenuTitleJig5#0,"""แลกเปลี่ยนอาวุธ Orbit"""
MenuTitleJig6#0,"""อัปเกรดซีรีส์ Ray"""
MenuTitleJig7#0,"""แลกเปลี่ยน Embodied Weapon Camo"""
MenuTitleJig8#0,"""อัปเกรดซีรีส์ Zeinesis"""
MenuTitleJig9#0,"""อัปเกรดซีรีส์ Earth"""
MenuTitleJig10#0,"""อัปเกรด Qliphad Series"""
MenuTitleJig11#0,"""อัปเกรด Evleda Series"""
MenuTitleJig12#0,"""อัปเกรด Cleasis Series"""
MenuTitleJig001#0,"""อัปเกรด Cleasis Series"""
MenuTitleJig002#0,"""อัปเกรด Evleda Series"""
MenuTitleJig003#0,"""อัปเกรด Earth Series"""
MenuTitleJig004#0,"""อัปเกรด Qliphad Series"""
MenuTitleJig005#0,"""อัปเกรด Zeinesis Series"""
MenuTitleJig006#0,"""อัปเกรด Ray Series"""
MenuTitleJig007#0,"""แลกเปลี่ยนไอเทมพื้นฐาน"""
MenuTitleJig008#0,"""แลกเปลี่ยน Weapon Camo"""
MenuTitleJig009#0,"""แลกเปลี่ยน Genesis Weapon Camo"""
MenuTitleJig010#0,"""แลกเปลี่ยน Embodied Weapon Camo"""
MenuTitleJig011#0,"""แลกเปลี่ยน Invade Series"""
MenuTitleJig012#0,"""แลกเปลี่ยน Austere Series"""
MenuTitleJig013#0,"""แลกเปลี่ยน Orbit Series"""
MenuTitleJig014#0,"""แลกเปลี่ยน Fahren และคืนค่าวัตถุดิบ"""
MenuTitleJig015#0,"""อัปเกรด Broken Series"""
MenuTitleJig016#0,"""อัปเกรด Val Series"""
MenuTitleJig017#0,"""เปลี่ยนหมวดหมู่ Atlas Series"""
MenuTitleJig018#0,"""อัปเกรด Nemesis Series"""
MenuTitleJig019#0,"""อัปเกรด Slave Series"""
MenuTitleJig020#0,"""แลกเปลี่ยน ★14 Conqueror's Crest"""
MenuTitleJig021#0,"""แลกเปลี่ยน Invade NT"""
MenuTitleJig022#0,"""อัปเกรด Demon Series"""
MenuTitleJig023#0,"""อัปเกรด Jutus Series"""
MenuTitleJig024#0,"""อัปเกรด Homura Series"""
MenuTitleJig025#0,"""แลกเปลี่ยน ★14 King's Crest"""
MenuTitleJig026#0,"""แลกเปลี่ยน Ares-NT Series"""
MenuTitleJig027#0,"""อัปเกรด Ceres Series"""
MenuTitleJig028#0,"""อัปเกรด Profound Xion Series"""
MenuTitleJig029#0,"""อัปเกรด Celestial Xion Series"""
MenuTitleJig030#0,"""เปลี่ยนหมวดหมู่ Lightstream Xion Series"""
MenuTitleJig031#0,"""อัปเกรด Atlas Series"""
MenuTitleJig032#0,"""เปลี่ยนหมวดหมู่ Ex Series"""
MenuTitleJig033#0,"""อัปเกรด Austere Series"""
MenuTitleJig034#0,"""แลกเปลี่ยน Profound Xion Series"""
MenuTitleJig035#0,"""แลกเปลี่ยน ★14 Hero Crest"""
MenuTitleJig036#0,"""อัปเกรด Evleda Series"""
MenuTitleJig037#0,"""เปลี่ยนหมวดหมู่ Liberate Series"""
MenuTitleJig038#0,"""เปลี่ยนหมวดหมู่ Cras Series"""
MenuTitleJig039#0,"""เปลี่ยนหมวดหมู่ Fluxio Series"""
MenuTitleJig01_01#0,"""Hero's Crest"""
MenuTitleJig01_02#0,"""King's Crest"""
MenuTitleJig01_03#0,"""Conqueror's Crest"""
MenuTitleJig01_04#0,"""Sage's Crest"""
MenuTitleJig02_01#0,"""<pict sw_icon>Sword"""
MenuTitleJig02_02#0,"""<pict wl_icon>Wired Lance"""
MenuTitleJig02_03#0,"""<pict pz_icon>Partizan"""
MenuTitleJig02_04#0,"""<pict td_icon>Twin Daggers"""
MenuTitleJig02_05#0,"""<pict ds_icon>Double Saber"""
MenuTitleJig02_06#0,"""<pict kn_icon>Knuckles"""
MenuTitleJig02_07#0,"""<pict bl_icon>Katana"""
MenuTitleJig02_08#0,"""<pict du_icon>Dual Blades"""
MenuTitleJig02_09#0,"""<pict gs_icon>Gunslash"""
MenuTitleJig03_01#0,"""<pict rf_icon>Assault Rifle"""
MenuTitleJig03_02#0,"""<pict gl_icon>Launcher"""
MenuTitleJig03_03#0,"""<pict ts_icon>Twin Machineguns"""
MenuTitleJig03_04#0,"""<pict co_icon>Bullet Bow"""
MenuTitleJig04_01#0,"""<pict rd_icon>Rod"""
MenuTitleJig04_02#0,"""<pict tr_icon>Talis"""
MenuTitleJig04_03#0,"""<pict wd_icon>Wand"""
MenuTitleJig04_04#0,"""<pict je_icon>Jet Boots"""
MenuTitleJig04_05#0,"""<pict tt_icon>Takt"""
MenuTitleJig05_01#0,"""<pict ab_icon>Rear"""
MenuTitleJig05_02#0,"""<pict ah_icon>Arms"""
MenuTitleJig05_03#0,"""<pict al_icon>Legs"""
MenuTitleJig06_01#0,"""Lightstream Xion"""
MenuTitleJig06_02#0,"""Atlas EX"""
MenuTitleJig06_03#0,"""Atlas"""
MenuTitleJig07#0,"""<pict qi_icon>Material Item"""
MenuTitleJig06_04#0,"""Ares-NT"""
MenuTitleReo001#0,"""แลกเปลี่ยน ★13 Certificate"""
MenuTitleReo002#0,"""แลกเปลี่ยน ★14 Certificate B"""
MenuTitleSea001#0,"""แลกเปลี่ยน Homura Series"""
MenuTitleSea003#0,"""แลกเปลี่ยน Novel Series"""
MenuTitleCollabo001#0,"""แลกเปลี่ยน Ceres Series"""
MenuTitleSea002#0,"""รับ Novel Series Certificate จากร้านค้า 7th Anniv. Shop"""
ChangeItemSettingNumTitle#0,"""ตั้งค่าจำนวนการแลกเปลี่ยน"""
ChangeItemSettingNumMessage#0,"""กรุณากำหนดจำนวนไอเทมที่คุณต้องการแลกเปลี่ยนในครั้งเดียว"""
ChangeItemSettingNumErrorTitle#0,"""ข้อผิดพลาดจำนวน"""
ChangeItemSettingNumErrorMessage#0,"""ไม่สามารถแลกเปลี่ยนได้ เนื่องจากเกินขีดจำกัดจำนวนที่ครอบครองได้"""
HandoverGammaMessage#0,"""<c f0df60>$(0)<c>×$(1)<br>จะถูกแลกเปลี่ยนกับไอเทมที่เลือก<br><br><c fba646>สถานะต่อไปนี้จะถูกสืบทอดจากไอเทมหลัก:<c><br>「ระดับการตีบวก」 「ระดับการตีบวกสูงสุด」 「ธาตุและค่าธาตุ」<br>「ความสามารถพิเศษ」 「Photon Color」 「การลงทะเบียนเจ้าของ」<br><br>ดำเนินการต่อหรือไม่?<br><yellow>※ระดับ Extend จะไม่ถูกสืบทอด<c><br><yellow>※ไอเทมอื่นนอกจากที่ระบุด้านล่างจะไม่ถูกใช้ไป<c>"""
HandoverAddonMessage#0,"""<c f0df60>$(0)<c>×$(1)<br>จะถูกแลกเปลี่ยนกับไอเทมที่เลือก<br><br><c fba646>สถานะต่อไปนี้จะถูกสืบทอดจากไอเทมหลัก:<c><br>「ระดับการตีบวก」 「ธาตุและค่าธาตุ」 「ความสามารถพิเศษ」<br>「Unit Skill」 「การติดตั้ง Timed Ability」<br>「Photon Color」 「การลงทะเบียนเจ้าของ」<br><br>ดำเนินการต่อหรือไม่?<br><yellow>※ไอเทมอื่นนอกจากที่ระบุด้านล่างจะไม่ถูกใช้ไป<c><br>"""
MenuGuide_Limit#0,"""<c f0df60>กรุณาเลือกไอเทมที่จะแลกเปลี่ยน (จำนวนการแลกเปลี่ยนมีการจำกัดต่อสัปดาห์ และจะรีเซ็ตทุก<utcdow>วันพุธ 4:00 น.</utcdow>)<c>"""
MenuGuideKey#0,"""<c f0df60>สามารถแลกเปลี่ยนได้เฉพาะไอเทมที่หมดอายุหลังจากวันที่ $(0) เดือน $(3) ปี $(4) เวลา $(1):$(2) เป็นต้นไปเท่านั้น<c>"""
NoPotentialErrorMessage#0,"""ไม่มี Potential Ability ที่สามารถแสดงได้"""
HandoverTactMessage#0,"""<c f0df60>$(0)<c>×$(1)<br>จะถูกแลกเปลี่ยนกับไอเทมที่เลือก<br><br><c fba646>สถานะต่อไปนี้จะถูกสืบทอดจากไอเทมหลัก:<c><br>「ระดับการตีบวก」 「ระดับการตีบวกสูงสุด」<br>「Photon Color」 「การลงทะเบียนเจ้าของ」<br><br>ดำเนินการต่อหรือไม่?<br><yellow>※ไอเทมอื่นนอกจากที่ระบุด้านล่างจะไม่ถูกใช้ไป<c>"""
CategoryChangeTactMessage#0,"""<c f0df60>$(0)<c>×$(1)<br>จะถูกแลกเปลี่ยนกับไอเทมที่เลือก<br><br><c fba646>สถานะต่อไปนี้จะถูกสืบทอดจากไอเทมหลัก:<c><br>「ระดับการตีบวก」 「ระดับการตีบวกสูงสุด」<br>「Photon Color」 「การลงทะเบียนเจ้าของ」<br><c ff4f3f>※「ธาตุและค่าธาตุ」 และ 「ความสามารถพิเศษ」 จะหายไป<c><br><br>ดำเนินการต่อหรือไม่?<br><yellow>※ไอเทมอื่นนอกจากที่ระบุด้านล่างจะไม่ถูกใช้ไป<c>"""
MenuTitleLimit#0,"""ร้านค้าแลกเปลี่ยนจำกัดเวลา"""
ShopTitle#2,"""ร้านค้า"""
ShopTitle_f#0,"""Culinary Shop"""
ShopTitle_r#0,"""Skill Ring Shop"""
Title#0,"""รายการสินค้า"""
MenuGuide#5,"""<c f0df60>กรุณาเลือกไอเทม คุณจำเป็นต้องใช้ Meseta และไอเทมเป้าหมายด้วย<c>"""
NotingSetItem#1,"""คุณยังไม่ได้ตั้งค่าไอเทมเป้าหมาย"""
SuccessMessage#2,"""ได้รับไอเทมแล้ว"""
FailedMessage#2,"""ไม่สามารถรับไอเทมได้<br>กรุณาลองใหม่อีกครั้งในภายหลัง"""
FailedMessage2#2,"""ไม่สามารถรับไอเทมได้เนื่องจาก<br>Inventory ของคุณเต็ม หรือคุณมี<br>จำนวนไอเทมที่คุณพยายามจะใส่<br>ถึงขีดจำกัดสูงสุดแล้ว"""
FailedMessage3#2,"""ในการรับสินค้านี้จำเป็นต้องมี<br><yellow>「Premium Set」<c>"""
NotingTradeItem#1,"""คุณมีไอเทมหรือ Meseta<br>ไม่เพียงพอตามที่ต้องการ"""
NotingTradeItem2#0,"""ไอเทมไม่เพียงพอ"""
NotingTradeItem3#0,"""Meseta ไม่เพียงพอ"""
LockErrorMessage#0,"""ไอเทมวัตถุดิบที่เลือกถูกล็อกไว้<br>และไม่สามารถใช้งานได้<br>กรุณาตรวจสอบสถานะการล็อกของไอเทม"""
ChangeTitle#1,"""การรับไอเทม"""
ChangeResultTitle#0,"""การรับไอเทม"""
ChangeErrorTitle#0,"""ข้อผิดพลาดในการรับไอเทม"""
ChangeCheck#2,"""<yellow>จ่ายด้วย Meseta เพื่อซื้อ<br>ไอเทมดังต่อไปนี้:<br>$(0)<c> x$(1)<br>ดำเนินการต่อหรือไม่?<br><br><yellow>Meseta ที่ต้องการ: $(2) (ที่มีอยู่: $(3))<c>"""
PluralityMenuGuide#2,"""<c f0df60>กรุณาเลือกร้านค้า<c>"""
Warehouse#2,"""เปิด Storage"""
ChangeItemSettingNumTitle#1,"""การเลือกจำนวน"""
ChangeItemSettingNumMessage#1,"""เลือกจำนวนไอเทมที่คุณต้องการ"""
ChangeItemSettingNumErrorTitle#1,"""ข้อผิดพลาดจำนวน"""
ChangeItemSettingNumErrorMessage#1,"""ไม่สามารถรับได้; Storage เต็มขีดจำกัดแล้ว"""
FormTitleRingL#0,"""L Ring Shop"""
FormTitleRingR#0,"""R Ring Shop"""
FormTitleRingMix#0,"""Combined Ring Shop"""
FormTitleFood#0,"""Culinary Shop"""
title#0,"""Food Stand"""
Explanation1#0,"""เลือกวัตถุดิบที่จะใช้ <c f0df60>วัตถุดิบที่เลือก<c> <red>จะหายไปหลังจากใช้งาน<c><c f0df60>.<c>"""
Explanation2#0,"""นี่คือการยืนยันขั้นสุดท้ายสำหรับการทำ Quick Food ตรวจสอบรายละเอียดให้ถี่ถ้วน และเลือก \""ใช่\"" หากไม่มีปัญหา"""
Explanation3#0,"""เลือกสูตรอาหาร (Recipe) ที่จะใช้"""
Explanation4#0,"""เลือกว่าจะเลือกส่วนผสมของคุณเองหรือใช้สูตรอาหารที่บันทึกไว้"""
ChoiceMenu#0,"""เลือกไอเทม"""
ChoiceMenu2#0,"""สร้างจาก My Recipes ของฉัน"""
MaterialListTitle#0,"""รายการไอเทม"""
BoostListTitle#0,"""Boost Effects"""
NotingBoost#0,"""ไม่มี Boost Effects"""
ProducingRegionEffect_NotingBoost#0,"""หากคุณรวมไอเทมที่มี \""รสชาติเดียวกัน\"" 4 ชิ้นขึ้นไปจากภูมิภาคที่คุณ<br>อยู่ในปัจจุบัน คุณจะได้รับ Region Boost Effect"""
UseItemListTitle#0,"""ไอเทมที่จะใช้"""
NotingItem#0,"""ไม่มีไอเทม"""
UseItemNum#0,"""ไอเทมที่จะใช้"""
ConfirmationTitle#0,"""การยืนยัน"""
ConfirmationAttentionMessage#0,"""ทำอาหารด้วยส่วนผสมดังต่อไปนี้หรือไม่?<br><br><yellow>※หากคุณมี Boost จากอาหารอยู่ก่อนแล้ว<br>Boost ของคุณจะถูกแทนที่<c>"""
ResultTitle#0,"""Boost Effects"""
ResultMessage#0,"""Boost Effects ต่อไปนี้ถูกใช้งานแล้ว:"""
RecipeMenuTitle#0,"""การเลือกสูตรอาหาร (Recipe)"""
RecipeSetNull#0,"""บันทึกสูตรอาหาร"""
RecipeSet#0,"""บันทึกสูตรอาหาร"""
RecipeMenu1#0,"""ใช้สูตรอาหาร"""
RecipeMenu2#0,"""แก้ไขชื่อสูตรอาหาร"""
RecipeMenu3#0,"""ลบสูตรอาหาร"""
RecipeNameSet#0,"""ชื่อสูตรอาหาร"""
RecipeNameResultTitle#0,"""บันทึกเสร็จสมบูรณ์"""
RecipeNameResultMessege#0,"""บันทึกสูตรอาหารแล้ว"""
RecipeNameEditTitle#0,"""แก้ไขเสร็จสมบูรณ์"""
RecipeNameEditMessege#0,"""แก้ไขชื่อสูตรอาหารแล้ว"""
RecipeDelete#0,"""ลบสูตรอาหาร"""
RecipeDeleteMessege#0,"""ดำเนินการลบสูตรอาหารที่ระบุหรือไม่?"""
RecipeDeleteResultTitle#0,"""ยืนยันการลบ"""
RecipeDeleteResultMessege#0,"""ลบสูตรอาหารแล้ว"""
ErrorMessage#0,"""เกิดปัญหาในการสื่อสาร"""
ResultBoostAtpUp#0,"""[Meat] ความเสียหาย +$(0)%"""
ResultBoostDfpUp#0,"""[Vegetables] ความต้านทานความเสียหาย +$(0)%"""
ResultBoostHpUp#0,"""[Seafood] HP +$(0)%"""
ResultBoostPpUp#0,"""[Fruit] PP +$(0)"""
ResultBoostWeaknessUp#0,"""[Sharp] ความเสียหายต่อจุดอ่อน +$(0)%"""
ResultBoostHealUp#0,"""[Healthy] การฟื้นฟู HP +$(0)%"""
ResultBoostPpRecoverySpeedUp#0,"""[Refreshing] การฟื้นฟู PP +$(0)%"""
ResultBoostPpUsageDown#0,"""[Nourishing] ลดการใช้ PP +$(0)%"""
RecipeNameRegistrationMessege#0,"""ป้อนชื่อสูตรอาหาร"""
MaterialCount#0,"""x$(0)"""
MaterialCountMax#0,"""($(0))"""
MaterialCountSlash#0,"""/"""
TopWindowTitle#0,"""เมนูอาหาร"""
EffectDuringOccurrence#0,"""เอฟเฟกต์ด้วยวัตถุดิบปัจจุบัน"""
OccurringEffect#0,"""เอฟเฟกต์หลังจากเพิ่มวัตถุดิบที่เลือก"""
ProducingRegionEffect#0,"""Region Boost Effect"""
DefaultRecipeName#0,"""สูตรอาหาร: $(0)"""
ResultBoostColdDamageResist#0,"""[Kvaris] ความต้านทานความเย็น +$(0)%"""
ResultBoostMaxMess#0,"""คุณไม่สามารถเลือกสูตรอาหารนี้ได้เนื่องจากมีจำนวนส่วนผสมเกินขีดจำกัดสูงสุด"""
ShopTitle#3,"""AC Shop"""
MenuGuide#6,"""<c f0df60>ซื้อและใช้งานไอเทมเฉพาะ AC คุณยังสามารถเติม AC ได้ที่นี่<c>"""
ItempackGuide#0,"""<c f0df60>เลือกไอเทมที่ต้องการซื้อ ไอเทมที่ซื้อจะถูกเก็บไว้ใน Inventory ของคุณ<c>"""
WarehouseGuide#0,"""<c f0df60>เลือกไอเทมที่ต้องการซื้อ ไอเทมที่ซื้อจะถูกเก็บไว้ใน Storage ของคุณ<c>"""
HistoryGuide#0,"""ดูประวัติการซื้อด้วย AC"""
MenuItemPack#0,"""ซื้อ (Inventory)"""
MenuWarehouse#0,"""ซื้อ (Storage)"""
MenuHistory#0,"""ประวัติการซื้อ"""
MenuCharge#0,"""เติม AC"""
MenuAboutAC#0,"""เกี่ยวกับ AC"""
AboutACMessage#0,"""สามารถเติม AC ผ่านสมาร์ทโฟนได้แล้ว!<br>(รองรับเฉพาะสมาร์ทโฟนบางรุ่น)"""
HaveAC#0,"""AC ปัจจุบัน"""
TotalAC#0,"""AC รวม"""
BuyTitle#1,"""ยืนยันการซื้อ"""
BuyCheck#2,"""จะทำการซื้อสิ่งต่อไปนี้ในราคา $(2)$(0)<br>ดำเนินการซื้อหรือไม่?<br><br>(AC ปัจจุบัน: $(1))"""
PackItemTitle#0,"""รายละเอียดแพ็ก (Pack)"""
PackItemListText#0,"""$(0) (มีอยู่: $(1))"""
PackItemListText2#0,"""$(0) x$(2) (มีอยู่: $(1))"""
MessageNotAc#0,"""AC ไม่เพียงพอ"""
MessageCancel#0,"""ยกเลิกแล้ว"""
MessageBusy#0,"""กำลังสื่อสาร..."""
MessageOk#0,"""ซื้อไอเทมแล้ว"""
Direct_MessageOk#0,"""ซื้อและใช้งานไอเทมแล้ว"""
MessageNoSpace#0,"""พื้นที่ใน Inventory ไม่เพียงพอ"""
MessageError#0,"""เกิดข้อผิดพลาด<br>ไม่สามารถซื้อได้<br><br>[No.2102]"""
MessageNotItem#0,"""ไม่พบไอเทม<br><br>[No.2103]"""
HaveTicket#1,"""<pict Arcscash><c ff4f3f>การซื้อเพิ่มเติม<c><br>นอกเหนือจากไอเทมที่ <c 5fdf00>ซื้อไปแล้ว<c>,<br>สิ่งต่อไปนี้จะถูกเพิ่มในราคา $(2)$(0)<br>ดำเนินการต่อหรือไม่?<br><br>( AC ปัจจุบัน: $(1) )"""
AcCharge#0,"""AC ไม่เพียงพอ<br>คุณต้องการเติม AC เพิ่มหรือไม่?"""
AcCharge_v#0,"""AC ไม่เพียงพอ<br>คุณต้องการเติม AC เพิ่มหรือไม่?<br><br><yellow>※จะทำการเปิดเบราว์เซอร์และย้ายไปยังหน้าเว็บ<br>เกมจะปิดตัวลงและทำการล็อกเอาต์<c>"""
ACChargeURL#0,"""<&URL AC_CHARGE_PAGE>"""
HistoryTitle#0,"""ประวัติการซื้อ"""
HistoryEmpty#0,"""ประวัติการซื้อของคุณว่างเปล่า"""
HistoryTime#0,"""ซื้อเมื่อ"""
CancelTitle#3,"""ยืนยันการยกเลิกการซื้อ"""
CancelMessage#3,"""การกระทำนี้จะเป็นการยกเลิกการซื้อ ดำเนินการต่อหรือไม่?"""
Welcome1#0,"""ยินดีต้อนรับ ขอบคุณที่มาอุดหนุน!"""
Welcome2#0,"""เรามีสินค้ามากมายที่คุณหาจากที่อื่นไม่ได้!"""
Welcome3#0,"""อย่าลืมตรวจสอบสินค้ามาใหม่ของเราด้วยนะ!"""
Welcome4#0,"""เราขอแนะนำ เอ่อ... ทุกอย่างเลย!"""
BuyMessage#0,"""ขะ-ขอบคุณมากๆ! เราซาบซึ้งใจจริงๆ!"""
PaperDoll#1,"""ดูตัวอย่าง (Preview)"""
TabName0#0,"""1. ไอเทมทั้งหมด"""
TabName1#0,"""2. แนะนำ (Recommended)"""
TabName2#0,"""3. Scratch"""
TabName3#0,"""4. ไอเทมขยายช่อง (Expansion Items)"""
TabName4#0,"""5. ไอเทมใช้งาน (Consumables)"""
TabName5#0,"""6. Meseta"""
TabName6#0,"""7. ยังไม่ได้ตั้งค่า"""
TabName7#0,"""8. ยังไม่ได้ตั้งค่า"""
TabName8#0,"""9. ยังไม่ได้ตั้งค่า"""
Date#0,"""วันที่"""
NewHistory#0,"""สินค้ามาใหม่"""
HistoryDBError#0,"""ไม่สามารถดึงประวัติได้ กรุณาลองใหม่อีกครั้งในภายหลัง"""
MultiCheckMessage#0,"""มีไอเทมที่จะช่วย <yellow>เพิ่ม<c> ความจุในการเก็บไอเทมประเภทต่างๆ ของตัวละครคุณ<br><br>■\""N-Inventory Slot Expansion +10\"" จะเพิ่มขีดจำกัด Inventory ขึ้น 10 ช่อง สำหรับตัวละครนี้เท่านั้น<br><yellow>คุณสามารถเพิ่มขีดจำกัดได้สูงสุดถึง 100 ช่อง<c><br><br>■\""Character Storage Expansion 50\"" จะเพิ่ม Character Storage ของคุณขึ้น 50 ช่อง<br><yellow>คุณสามารถเพิ่ม Character Storage ได้สูงสุดถึง 1700 ช่อง<c><br><br>■\""Subpalette Expansion Ticket\"" จะเพิ่มจำนวน Subpalette พิเศษที่ตัวละครของคุณมีได้ขึ้น 3 อัน<br><yellow>ไอเทมสามารถใช้ได้เพียงครั้งเดียวต่อหนึ่งตัวละคร<c><br><br><c ff4f3f>※กรุณาตรวจสอบให้แน่ใจว่าคุณได้เลือก Ticket ที่ถูกต้องก่อนทำการซื้อ<c><br>ดำเนินการชำระเงินหรือไม่?"""
MultiCheckMessage_v#0,"""มีไอเทมที่จะช่วย <yellow>เพิ่ม<c> ความจุในการเก็บไอเทมประเภทต่างๆ ของตัวละครคุณ<br><br>■\""N-Inventory Slot Expansion +10\"" จะเพิ่มขีดจำกัด Inventory ขึ้น 10 ช่อง สำหรับตัวละครนี้เท่านั้น<br><yellow>คุณสามารถเพิ่มขีดจำกัดได้สูงสุดถึง 100 ช่อง<c><br><br>■\""Character Storage Expansion 50\"" จะเพิ่ม Character Storage ของคุณขึ้น 50 ช่อง<br><yellow>คุณสามารถเพิ่ม Character Storage ได้สูงสุดถึง 1700 ช่อง<c><br><br>■\""Subpalette Expansion Ticket\"" จะเพิ่มจำนวน Subpalette พิเศษที่ตัวละครของคุณมีได้ขึ้น 3 อัน<br><yellow>ไอเทมสามารถใช้ได้เพียงครั้งเดียวต่อหนึ่งตัวละคร<c><br><br><c ff4f3f>※กรุณาตรวจสอบให้แน่ใจว่าคุณได้เลือก Ticket ที่ถูกต้องก่อนทำการซื้อ<c><br>ดำเนินการชำระเงินหรือไม่?"""
HistoryItem#0,"""ชื่อไอเทม"""
HistoryMoney#0,"""ราคา"""
TimesaleTitle#1,"""ลดราคาจำกัดเวลา!"""
TimesaleBuyCheck#0,"""จะทำการซื้อไอเทมดังต่อไปนี้ในราคา <s>$(3)</s> <red>$(2)<c>$(0)<br>ดำเนินการซื้อหรือไม่?<br><br>（AC ปัจจุบัน: $(1)）"""
TimesalePrice#0,"""<red>$(0)<c>"""
TimesaleErrorTitle#0,"""ไลน์อัป (Lineup) ถูกเปลี่ยนแล้ว"""
TimesaleErrorMessage#0,"""<red>ราคาสินค้ามีการเปลี่ยนแปลง<c><br><br>กำลังรีเฟรชหน้าจอ"""
TimesaleHaveTicket#0,"""<pict Arcscash><c ff4f3f>การซื้อเพิ่มเติมสำหรับไอเทมที่ซื้อไปแล้ว<c><br>ไอเทมดังต่อไปนี้ที่คุณ <c 5fdf00>ซื้อไปแล้ว<c> <br>จะถูกซื้อเพิ่มในราคา <s>$(3)</s> <red>$(2)<c>$(0)<br>ดำเนินการต่อหรือไม่?<br><br>（AC ปัจจุบัน: $(1)）"""
MessageLimitOver#0,"""เกินขีดจำกัดจำนวน<br><br>[No.2104]"""
MessageSoldOut#0,"""หมดเขตวันวางจำหน่ายแล้ว<br><br>[No.2105]"""
MessageLimitOverError#0,"""เกินขีดจำกัด<br>ไม่สามารถซื้อได้"""
MessageSoldOutError#0,"""หมดระยะเวลาการขายแล้ว<br>ไม่สามารถซื้อได้"""
TokuteiURL#0,"""<&URL pso2_players_support_rule_tokutei>"""
TokuteiURL_v#0,"""<&URL pso2_players_support_rule_tokutei_vita>"""
TokuteiURL_c#0,"""<&URL pso2_players_support_rule_tokutei_cloud>"""
LimitedItem#0,"""<yellow>จำกัด<c>"""
LimitedItemTitle1#0,"""<yellow>ไอเทมจำกัดเวลา<c>"""
LimitedItemTitle2#0,"""<yellow>ไอเทมจำกัดจำนวน<c>"""
LimitedItemTitle1a#0,"""<yellow>ระยะเวลาแลกเปลี่ยน<c>"""
LimitedItemTitle2a#0,"""<yellow>สามารถแลกเปลี่ยนได้<c>"""
LimitedItemTitle1_VITA#0,"""<yellow>จำกัดเวลา<c>"""
LimitedItemTitle2_VITA#0,"""<yellow>จำนวน<c>"""
LimitedItemTitle1a_VITA#0,"""<yellow>เวลาแลกเปลี่ยน<c>"""
LimitedItemTitle2a_VITA#0,"""<yellow>สามารถแลกเปลี่ยนได้<c>"""
LimitedItemText1#0,"""สามารถซื้อได้สูงสุด $(0)"""
LimitedItemText2#0,""" เหลือ $(0)"""
LimitedItemText1Reset#0,"""สามารถซื้อได้สูงสุด $(0) ต่อวัน"""
LimitedItemText1a#0,"""สามารถแลกเปลี่ยนได้สูงสุด $(0)"""
LimitedItemTitle3#0,"""ข้อมูลสินค้า"""
PrizeExchangeNoInfo#0,"""รีเซ็ต <utcdow>วันพุธ 4:00 น.</utcdow>"""
PrizeExchangeNoInfoVITA#0,"""รีเซ็ต <utcdow>วันพุธ 4:00 น.</utcdow>"""
LimitedTime#0,"""จนถึง $(0)"""
Limited_ACReset#0,"""(รีเซ็ต: <utc>15:00</utc>)"""
Limited_CasinoReset#0,"""(รีเซ็ต: <utcdow>วันพุธ 4:00 น.</utcdow>)"""
Limited_SiriusPointShopReset#0,"""(รีเซ็ต <utcdow>วันพุธ 4:00 น.</utcdow>)"""
LimitedItemTitle1b#0,"""<yellow>ระยะเวลาแลกเปลี่ยน<c>"""
LimitedItemTitle2b#0,"""<yellow>สามารถแลกเปลี่ยนได้<c>"""
LimitedItemTitle1b_VITA#0,"""<yellow>ระยะเวลาแลกเปลี่ยน<c>"""
LimitedItemTitle2b_VITA#0,"""<yellow>สามารถแลกเปลี่ยนได้<c>"""
LimitedItemText1b#0,"""สามารถซื้อได้สูงสุด $(0)"""
LimitedItemText1bReset#0,"""สามารถซื้อได้สูงสุด $(0) ต่อวัน"""
Limited_BasnetReset#0,"""รีเซ็ต <utcdow>วันพุธ 4:00 น.</utcdow>"""
LimitedItemText1b_LimitNone#0,"""ไม่มีข้อจำกัด"""
ItemStockResetError#0,"""เนื่องจากจำนวนไอเทมที่แลกได้ถูกรีเซ็ตแล้ว<br>กำลังรีเฟรชหน้าจอ"""
LimitedResetShopGuideText#0,"""<c f0df60>กรุณาเลือกไอเทมที่จะแลกเปลี่ยน (จำนวนการแลกเปลี่ยนมีการจำกัด และจะรีเซ็ตในวันที่ $(2) เดือน $(1) ปี $(0) เวลา $(3):$(4))<c>"""
LimitedResetShop_Limited1#0,"""<yellow>(เหลืออีก $(0) วันจะอัปเดต)<c>"""
LimitedResetShop_Limited2#0,"""<yellow>(เหลืออีก $(0) ชั่วโมงจะอัปเดต)<c>"""
SetItemBonusNameOnly#0,"""ของแถม"""
SetItemBonusName#0,"""ของแถม"""
SetItemSupplement#0,"""<yellow><c>"""
SetItemHelp_pad#0,"""คุณสามารถตรวจสอบเนื้อหาของไอเทมแพ็กได้ที่ <%NextTabDetails><soft_yellow><c>"""
SetItemHelp_key#0,"""คุณสามารถตรวจสอบเนื้อหาของไอเทมแพ็กได้ที่ <%NextTabDetails><soft_yellow><c>"""
SetItemHelp_vita#0,"""คุณสามารถตรวจสอบเนื้อหาของไอเทมแพ็กได้ที่ <pict Sign_TRIANGLE><soft_yellow><c>"""
SetItemHelp_NUMBER#0,"""คุณสามารถตรวจสอบเนื้อหาของไอเทมแพ็กได้ที่ <%NextTabDetails><soft_yellow><c>"""
SetItemHelp_ALPHA#0,"""คุณสามารถตรวจสอบเนื้อหาของไอเทมแพ็กได้ที่ <%NextTabDetails><soft_yellow><c>"""
MessageMesetaFull#0,"""เกินขีดจำกัดการครอบครอง Meseta<br><br>[No.xxxx]"""
Premium_Window_Title#0,"""-"""
Premium_Window_Message1#0,"""-"""
Premium_Window_Message2#0,"""-"""
StorySkip_Ticket#0,"""<pict Arcscash><scarlet>คอนเทนต์ใช้ AC<c><br><yellow>นี่คือไอเทม Ticket ที่จะข้ามเนื้อเรื่องหลัก<c> ไปจนถึงจุดเริ่มต้น<br>ของ \""บทล่าสุด\""<br><br><br>ดำเนินการไปยังหน้าจอการซื้อของ<br><yellow>“$(0)”<c> หรือไม่?<br><br><scarlet>※ไอเทมนี้สามารถใช้ได้เฉพาะที่<br>\u3000ฐาน ARKS เช่น \""Central City\"" เท่านั้น<c><br><br><yellow>※เมื่อใช้ไอเทมหลังจากซื้อ,<br>\u3000สถานะของเนื้อเรื่องหลักจะถูกตั้งค่าเป็นดูแล้ว<c><br><yellow>※หลังจากใช้ คุณจะได้รับ EXP<br>\u3000ตามระดับความคืบหน้าปัจจุบันของคุณ<c><br><yellow>※เนื้อหาของไอเทมนี้อาจมีการ<br>\u3000เปลี่ยนแปลงได้ในการอัปเดตในอนาคต<c>"""
BuyCheck#3,"""ไอเทมเหล่านี้จะมีราคา $(2)$(0)<br>ดำเนินการซื้อต่อหรือไม่?<br><br>(SG ที่มีอยู่: $(1))"""
HaveTicket#2,"""<pict StarGem><c ff4f3f>การซื้อเพิ่มเติมสำหรับไอเทมที่ซื้อไปแล้ว<c><br>ไอเทมดังต่อไปนี้ที่คุณ <c 5fdf00>ซื้อไปแล้ว<c> <br>จะถูกซื้อเพิ่มในราคา $(2)$(0)<br>ดำเนินการต่อหรือไม่?<br><br>（SG ที่มีอยู่: $(1)）"""
TimesaleBuyCheck#1,"""จะทำการซื้อไอเทมดังต่อไปนี้ในราคา <s>$(3)</s> <red>$(2)<c>$(0)<br>ดำเนินการซื้อหรือไม่?<br><br>（SG ที่มีอยู่: $(1)）"""
TimesaleHaveTicket#1,"""<pict StarGem><c ff4f3f>การซื้อเพิ่มเติมสำหรับไอเทมที่ซื้อไปแล้ว<c><br>ไอเทมดังต่อไปนี้ที่คุณ <c 5fdf00>ซื้อไปแล้ว<c> <br>จะถูกซื้อเพิ่มในราคา <s>$(3)</s> <red>$(2)<c>$(0)<br>ดำเนินการต่อหรือไม่?<br><br>（SG ที่มีอยู่: $(1)）"""
LimitedTime#1,"""จนถึง $(0)"""
BuySG#0,"""ซื้อ Star Gems<pict Arcscash>"""
MenuAboutSG#0,"""เกี่ยวกับ Star Gems"""
AboutSGMessage#0,"""สามารถซื้อ SG ได้ที่ [ซื้อ Star Gem]!"""
HaveSG#0,"""SG ปัจจุบัน"""
TotalSG#0,"""SG รวม"""
ShopTitle#4,"""SG Shop"""
MenuGuide#7,"""<c f0df60>ซื้อไอเทมพิเศษเฉพาะ SG Shop ได้ที่นี่ คุณสามารถซื้อ SG ได้เช่นกัน<c>"""
ItempackGuide#1,"""<c f0df60>เลือกไอเทมที่ต้องการซื้อ ไอเทมที่ซื้อจะถูกเก็บไว้ใน Inventory ของคุณ<c>"""
WarehouseGuide#1,"""<c f0df60>เลือกไอเทมที่ต้องการซื้อ ไอเทมที่ซื้อจะถูกเก็บไว้ใน Storage ของคุณ<c>"""
HistoryGuide#1,"""<c f0df60>สามารถตรวจสอบไอเทมที่ซื้อด้วย SG ได้<c>"""
MenuItemPack#1,"""ซื้อจาก Inventory"""
MenuWarehouse#1,"""ซื้อจาก Storage"""
BuyTitle#2,"""ยืนยันการซื้อ"""
PackItemTitle#1,"""รายละเอียดแพ็ก"""
PackItemListText#1,"""$(0) (มีอยู่: x$(1))"""
PackItemListText2#1,"""$(0) x$(2) (มีอยู่: x$(1))"""
CancelTitle#4,"""ยืนยันการยกเลิก"""
CancelMessage#4,"""นี่จะเป็นการยกเลิกการซื้อ<br>ดำเนินการต่อหรือไม่?"""
MultiCheckMessage#1,"""ไอเทมนี้มี<yellow>ขีดจำกัดการใช้งาน<c>ต่อตัวละคร<br>\u3000■国国国国国国国国国国国国国国国国国<br><br><c ff4f3f>※กรุณาตรวจสอบสถานะการใช้งานปัจจุบันของคุณก่อนทำการซื้อ<c><br>ดำเนินการไปยังหน้าจอยืนยันการซื้อหรือไม่?"""
MultiCheckMessage_v#1,"""ไอเทมนี้มี<yellow>ขีดจำกัดการใช้งาน<c>ต่อตัวละคร<br>\u3000■国国国国国国国国国国国国国国国国国<br><br><c ff4f3f>※กรุณาตรวจสอบสถานะการใช้งานปัจจุบันของคุณก่อนทำการซื้อ<c><br>ดำเนินการไปยังหน้าจอยืนยันการซื้อหรือไม่?"""
TabName0#1,"""1. ไอเทมทั้งหมด"""
TabName1#1,"""2. แนะนำ (Featured)"""
TabName2#1,"""3. Scratch"""
TabName3#1,"""4. ไอเทมขยายช่อง (Extension Items)"""
TabName4#1,"""5. ไอเทมใช้งาน (Consumables)"""
TabName5#1,"""6. ของตกแต่งห้อง (Room Goods)"""
TabName6#1,"""7. ยังไม่ได้กำหนด"""
TabName7#1,"""8. ยังไม่ได้กำหนด"""
TabName8#1,"""9. ยังไม่ได้กำหนด"""
SetItemBonusNameOnly#1,"""ของแถม"""
SetItemBonusName#1,"""ของแถม"""
SetItemSupplement#1,"""<yellow><c>"""
SetItemHelp_pad#1,"""<yellow>สามารถตรวจสอบรายละเอียดได้ด้วย <pict Sign_SELECT><c>"""
SetItemHelp_key#1,"""<yellow>สามารถตรวจสอบรายละเอียดได้ด้วย <pict Key_SHIFT><c>"""
SetItemHelp_vita#1,"""<yellow>สามารถตรวจสอบรายละเอียดได้ด้วย <pict Sign_TRIANGLE><c>"""
NoItemMessage#0,"""ไม่พบไอเทม"""
NoWeaponMessage#0,"""ไม่พบอาวุธ"""
NoAddonMessage#0,"""ไม่พบชุดเกราะ"""
NoCostumeMessage#0,"""ไม่พบ Costumes/Parts/Weapon Camos"""
NoStackMessage#0,"""ไม่พบไอเทมใช้งาน"""
NoDiskMessage#0,"""ไม่พบ Discs"""
NoGoodsMessage#0,"""ไม่พบ Room Goods"""
NoQuestitemMessage#0,"""ไม่พบไอเทมวัตถุดิบ"""
NoOtherMessage#0,"""ไม่พบไอเทมอื่นๆ"""
NoWeaponAvatar#0,"""ไม่พบ Weapon Camos"""
MenuLock#0,"""ล็อก (Lock)"""
MenuUnlock#0,"""ปลดล็อก (Unlock)"""
MenuConsume#0,"""ใช้ (Use)"""
MenuPut#0,"""ทิ้งลงพื้น (Drop)"""
MenuDispose#0,"""ทิ้งทำลาย (Discard)"""
MenuSendWarehouse#0,"""ฝากใน Storage"""
MenuSendWarehouseNone#0,"""ไม่มี Storage ที่สามารถใช้งานได้"""
MenuSendWarehouseDefault#0,"""ฝากใน Basic Storage ($(1)/$(0))"""
MenuSendWarehousePremiere#0,"""ฝากใน Premium Storage <pict Arcscash> ($(1)/$(0))"""
MenuSendWarehouseAddition01#0,"""ฝากใน Expansion Storage 1 <pict StarGem> ($(1)/$(0))"""
MenuSendWarehouseAddition02#0,"""ฝากใน Expansion Storage 2 <pict Arcscash> ($(1)/$(0))"""
MenuSendWarehouseAddition03#0,"""ฝากใน Expansion Storage 3 <pict Arcscash> ($(1)/$(0))"""
MenuSendWarehouseAddition04#0,"""ฝากใน Expansion Storage 4 <pict Arcscash> ($(1)/$(0))"""
MenuSendWarehouseAddition05#0,"""ฝากใน Expansion Storage 5 <pict Arcscash> ($(1)/$(0))"""
MenuSendWarehouseAddition06#0,"""ฝากใน Expansion Storage 6 <pict Arcscash> ($(1)/$(0))"""
MenuSendWarehouseAddition07#0,"""ฝากใน Expansion Storage 7 <pict Arcscash> ($(1)/$(0))"""
MenuSendWarehouseAdditionOTP#0,"""ฝากใน OTP Storage ($(1)/$(0))"""
MenuSendWarehouseAdditionGlobal#0,"""ฝากใน Mission Pass Storage ($(1)/$(0))"""
MenuTakeWarehouse#0,"""ถอน ($(1)/$(0))"""
MenuMoveWarehouse#0,"""ฝาก (Deposit)"""
MenuMoveWarehouseNone#0,"""ไม่มี Storage ที่สามารถใช้งานได้"""
MenuMoveWarehouseDefault#0,"""<pict wh_icon>ฝากใน Basic Storage ($(1)/$(0))"""
MenuMoveWarehousePremiere#0,"""<pict wh_premium_icon>ฝากใน Premium Storage <pict Arcscash> ($(1)/$(0))"""
MenuMoveWarehouseAddition01#0,"""<pict wh_extend1_icon>ฝากใน Expansion Storage 1 <pict StarGem> ($(1)/$(0))"""
MenuMoveWarehouseAddition02#0,"""<pict wh_extend2_icon>ฝากใน Expansion Storage 2 <pict Arcscash> ($(1)/$(0))"""
MenuMoveWarehouseAddition03#0,"""<pict wh_extend3_icon>ฝากใน Expansion Storage 3 <pict Arcscash> ($(1)/$(0))"""
MenuMoveWarehouseAddition04#0,"""<pict wh_extend4_icon>ฝากใน Expansion Storage 4 <pict Arcscash> ($(1)/$(0))"""
MenuMoveWarehouseAddition05#0,"""<pict wh_extend5_icon>ฝากใน Expansion Storage 5 <pict Arcscash> ($(1)/$(0))"""
MenuMoveWarehouseAddition06#0,"""<pict wh_extend6_icon>ฝากใน Expansion Storage 6 <pict Arcscash> ($(1)/$(0))"""
MenuMoveWarehouseAddition07#0,"""<pict wh_extend7_icon>ฝากใน Expansion Storage 7 <pict Arcscash> ($(1)/$(0))"""
MenuMoveWarehouseAdditionOTP#0,"""<pict wh_otp_icon>ฝากใน OTP Storage ($(1)/$(0))"""
MenuMoveWarehouseAdditionGlobal#0,"""<pict wh_global_icon>ฝากใน Mission Pass Storage ($(1)/$(0))"""
MenuSendGuildWarehouse#0,"""<pict wh_icon_team>ฝากใน Team Storage"""
MenuTakeGuildWarehouse#0,"""ถอน ($(1)/$(0))"""
MenuMoveGuildWarehouse#0,"""<pict wh_icon_team>ฝากใน Team Storage"""
MenuMoveClassicItemPac#0,"""ฝากใน [PSO2] Inventory ($(1)/$(0))"""
MenuSendWishList#0,"""เพิ่มใน Wishlist"""
MenuSendPresentList#0,"""เพิ่มใน Present List"""
MenuHide#0,"""ซ่อน"""
MenuShow#0,"""แสดง"""
MenuAbility#0,"""ดู Abilities"""
MultiSelect#0,"""เลือก <%MultiSelect> แล้ว"""
SimpleInput#0,"""<pict Sign_SQUARE> ป้อนข้อมูล"""
StackDisposeInputNumberTitle#0,"""ทิ้งทำลายไอเทม"""
StackDisposeInputNumberMessage#0,"""ใส่จำนวนที่ต้องการทิ้งทำลาย"""
StackPutInputNumberTitle#0,"""ทิ้งไอเทมลงพื้น"""
StackPutInputNumberMessage#0,"""เลือกจำนวนที่ต้องการทิ้งลงพื้น"""
StackSendInputNumberTitle#0,"""ส่งไปยัง Storage"""
StackSendInputNumberMessage#0,"""ใส่จำนวนที่ต้องการฝาก"""
StackTakeInputNumberTitle#0,"""ถอนจาก Storage"""
StackTakeInputNumberMessage#0,"""ใส่จำนวนที่ต้องการถอน"""
StackMoveInputNumberTitle#0,"""ฝากไปยัง Storage อื่น"""
StackMoveInputNumberMessage#0,"""ใส่จำนวนที่ต้องการฝาก"""
StackSendGuildWarehouseInputNumberTitle#0,"""ฝากไปยัง Team Storage"""
StackSendGuildWarehouseInputNumberMessage#0,"""ใส่จำนวนที่ต้องการฝาก"""
StackTakeGuildWarehouseInputNumberTitle#0,"""ถอนจาก Team Storage"""
StackTakeGuildWarehouseInputNumberMessage#0,"""ใส่จำนวนที่ต้องการถอน"""
StackMoveGuildWarehouseInputNumberTitle#0,"""ฝากไปยัง Team Storage"""
StackMoveGuildWarehouseInputNumberMessage#0,"""ใส่จำนวนที่ต้องการฝาก"""
DisposeTitle#0,"""ทิ้งทำลายไอเทม"""
DisposeMessage#0,"""จะทำการทิ้งทำลายไอเทมดังต่อไปนี้ ดำเนินการต่อหรือไม่?"""
PutTitle#0,"""ทิ้งไอเทมลงพื้น"""
PutMessage#0,"""คุณแน่ใจหรือไม่ว่าต้องการทิ้งไอเทมนี้ลงพื้น?"""
DisposeSuccessMessage#0,"""ทิ้งทำลายไอเทมแล้ว"""
DisposeErrorTitle#0,"""ทิ้งทำลายไอเทม"""
DisposeErrorMessage1#0,"""คุณไม่สามารถทิ้งไอเทมที่สวมใส่อยู่ได้"""
DisposeErrorMessage2#0,"""คุณไม่สามารถทิ้งไอเทมที่ล็อกอยู่ได้"""
DisposeErrorMessage3#0,"""ไอเทมนี้ไม่สามารถทิ้งทำลายได้"""
DisposeNoticeMessage1#0,"""ไม่ได้ทิ้งทำลายไอเทม"""
DisposeTicketMessage#0,"""ในบรรดาไอเทมที่คุณกำลังจะทิ้ง<br>มี Pass หรือ Ticket ที่ยังไม่ได้ใช้งานอยู่<br>คุณแน่ใจหรือไม่ว่าต้องการทิ้งทำลายไอเทมดังต่อไปนี้?"""
DisposeRarityMessage#0,"""คุณแน่ใจหรือไม่ว่าต้องการทิ้งทำลายไอเทมดังต่อไปนี้?<br><br>ไอเทมบางชิ้นอาจหาไม่ได้อีกและอาจมีค่าใน PSO2"""
DisposeRarityMessage2#0,"""ในบรรดาไอเทมที่คุณกำลังจะขาย<br>มีไอเทมที่มีระดับความหายาก (Rarity) $(0) ขึ้นไปอยู่ด้วย<br>คุณแน่ใจหรือไม่ว่าต้องการขายไอเทมดังต่อไปนี้?"""
PutErrorTitle#0,"""ทิ้งไอเทมลงพื้น"""
PutErrorMessage1#0,"""ไม่สามารถทิ้งไอเทมลงบนพื้นบริเวณนี้ได้<br> <br>สามารถทิ้งได้เฉพาะบน \""ฟิลด์ระหว่างทำ Quest\"" เท่านั้น<br> คุณสามารถทิ้ง \""ไอเทมใช้งานบางชนิด\"" ลงบนพื้น<br> เพื่อส่งต่อให้กับผู้เล่นคนอื่นได้"""
PutErrorMessage2#0,"""ไอเทมนี้ไม่สามารถทิ้งลงพื้นได้"""
PutErrorMessage3#0,"""คุณไม่สามารถทิ้งไอเทมนี้ลงพื้นได้เนื่องจากกำลังสวมใส่อยู่"""
PutErrorMessage4#0,"""คุณไม่สามารถทิ้งไอเทมนี้ลงพื้นได้เนื่องจากถูกล็อกอยู่"""
SendWarehouseErrorTitle#0,"""กำลังฝากไอเทมใน Storage"""
SendWarehouseErrorMessage0#0,"""คุณไม่สามารถฝากไอเทมนี้ได้"""
SendWarehouseErrorMessage1#0,"""ไม่สามารถฝากไอเทมได้"""
SendWarehouseErrorMessage2#0,"""พื้นที่ Storage ไม่เพียงพอ"""
SendWarehouseErrorMessage3#0,"""พื้นที่ Storage ไม่เพียงพอ"""
SendWarehouseErrorMessage4#0,"""นี่คือฟีเจอร์ Premium<br>กรุณาซื้อ <yellow>\""Premium Set\""<c><br>หรือ <yellow>\""Storage Expansion\""<b><br>เพื่อใช้งานฟีเจอร์นี้<c>"""
SendWarehouseErrorMessage5#0,"""Storage นี้หมดอายุแล้ว<br>ไม่สามารถฝากไอเทมได้"""
SendWarehouseErrorMessage6#0,"""Temporary Storage เป็น Storage สำหรับ 'ถอนอย่างเดียว'<br>คุณไม่สามารถฝากไอเทมลงไปได้"""
SendWarehouseErrorMessage7#0,"""คุณไม่สามารถฝากไอเทมที่สวมใส่อยู่ได้"""
SendWarehouseErrorMessage8#0,"""System Storage เป็น Storage สำหรับ 'ถอนอย่างเดียว'<br>คุณไม่สามารถฝากไอเทมลงไปได้"""
SendWarehouseErrorMessage9#0,"""คุณฝากไอเทมนี้เกินจำนวนสูงสุดที่กำหนดแล้ว<br>กรุณาลดจำนวนลง"""
SendWarehouseErrorMessage10#0,"""ไม่สามารถฝากไอเทมได้เนื่องจากไม่สามารถยืนยันการใช้ OTP ของคุณได้<br><br>คุณสามารถใช้ OTP Storage ได้ก็ต่อเมื่อคุณใช้งาน One-Time Password อยู่เท่านั้น<br><br>หากคุณคิดว่าคุณกำลังใช้งาน One-Time Password อยู่แต่ยังไม่สามารถย้ายไอเทมได้ กรุณาตรวจสอบอีกครั้งว่าคุณเปิดใช้งาน OTP แล้วหรือยัง"""
SendWarehouseNoticeMessage1#0,"""ไอเทมบางชิ้นไม่สามารถฝากได้"""
TakeWarehouseErrorTitle#0,"""ถอนไอเทม"""
TakeWarehouseErrorMessage0#0,"""ไม่สามารถถอนไอเทมได้"""
TakeWarehouseErrorMessage1#0,"""พื้นที่ใน Inventory ไม่เพียงพอที่จะถอนไอเทม"""
TakeWarehouseErrorMessage2#0,"""ไอเทมเหล่านี้เกินจำนวนสูงสุดที่สามารถครอบครองได้<br>กรุณาลดจำนวนที่คุณต้องการถอนลง"""
TakeWarehouseNoticeMessage1#0,"""ไอเทมบางชิ้นไม่สามารถถอนได้"""
MoveWarehouseErrorTitle#0,"""ย้ายไอเทม"""
MoveWarehouseErrorMessage0#0,"""ไม่สามารถย้ายไอเทมได้"""
MoveWarehouseErrorMessage1#0,"""พื้นที่ Storage ไม่เพียงพอ<br>ไม่สามารถย้ายไอเทมได้"""
MoveWarehouseErrorMessage2#0,"""นี่คือฟีเจอร์ Premium<br>กรุณาซื้อ <yellow>\""Premium Set\""<c><br>หรือ <yellow>\""Storage Expansion\""<b><br>เพื่อใช้งานฟีเจอร์นี้<c>"""
MoveWarehouseErrorMessage3#0,"""Storage นี้หมดอายุแล้ว<br>ไม่สามารถย้ายไอเทมได้"""
MoveWarehouseErrorMessage4#0,"""Temporary Storage เป็น Storage สำหรับ 'ถอนอย่างเดียว'<br>คุณไม่สามารถย้ายไอเทมเข้าไปได้"""
MoveWarehouseErrorMessage5#0,"""System Storage เป็น Storage สำหรับ 'ถอนอย่างเดียว'<br>คุณไม่สามารถย้ายไอเทมเข้าไปได้"""
MoveWarehouseErrorMessage6#0,"""คุณไม่สามารถฝากไอเทมนี้ได้อีก<br>กรุณาลดจำนวนที่คุณต้องการย้ายลง"""
MoveWarehouseNoticeMessage1#0,"""ไอเทมบางชิ้นไม่สามารถย้ายได้"""
SendGuildWarehouseErrorTitle#0,"""ฝากไอเทมเข้า Team Storage"""
SendGuildWarehouseErrorMessage0#0,"""ไม่สามารถฝากไอเทมใน Team Storage ได้"""
SendGuildWarehouseErrorMessage1#0,"""ไม่สามารถฝากไอเทมเหล่านี้ใน Team Storage ได้"""
SendGuildWarehouseErrorMessage2#0,"""พื้นที่ใน Team Storage ไม่เพียงพอที่จะฝากไอเทม"""
SendGuildWarehouseErrorMessage7#0,"""คุณไม่สามารถฝากไอเทมที่สวมใส่อยู่ได้"""
SendGuildWarehouseErrorMessage10#0,"""กำลังประมวลผลคำขอ,<br>ไม่สามารถฝากไอเทมได้"""
SendGuildWarehouseErrorMessage11#0,"""ไม่สามารถฝากไอเทมได้<br><br>สถานะ Premium อาจหมดอายุ<br>หรือตำแหน่งใน Team ของคุณอาจเป็น \""Visitor\"""
SendGuildWarehouseErrorMessage12#0,"""เนื่องจากไอเทมนี้ถูกล็อกอยู่<br>จึงไม่สามารถฝากลงใน Team Storage ได้"""
SendGuildWarehouseErrorMessage13#0,"""เนื่องจากพื้นที่ว่างใน Team Storage ไม่เพียงพอ<br>หรือไม่สามารถฝาก $(0)<br>ได้<br>จึงทำการยกเลิกขั้นตอนการฝากทั้งหมด"""
SendGuildWarehouseErrorMessage14#0,"""คุณไม่สามารถถอนไอเทมนี้ได้เนื่องจากกำลังสวมใส่อยู่"""
SendGuildWarehouseNoticeMessage1#0,"""ไอเทมบางชิ้นไม่สามารถฝากได้"""
SendGuildWarehouseNoticeMessage2#0,"""ไอเทมบางชิ้นไม่สามารถเก็บไว้ใน Storage นี้ได้"""
TakeGuildWarehouseErrorTitle#0,"""การถอนไอเทม"""
TakeGuildWarehouseErrorMessage0#0,"""ไม่สามารถถอนไอเทมได้"""
TakeGuildWarehouseErrorMessage1#0,"""ไม่สามารถถอนไอเทมได้<br>เนื่องจากพื้นที่ใน Inventory ไม่เพียงพอ<br>หรือเกินขีดจำกัดการครอบครองไอเทม"""
TakeGuildWarehouseErrorMessage2#0,"""เกินขีดจำกัดจำนวนของไอเทมนี้แล้ว<br>กรุณาลดจำนวนที่ต้องการถอนลง"""
TakeGuildWarehouseErrorMessage3#0,"""ไม่สามารถถอนไอเทมได้"""
TakeGuildWarehouseErrorMessage4#0,"""ไม่สามารถถอนไอเทมได้<br><br>สถานะ Premium อาจหมดอายุ<br>หรือตำแหน่งใน Team ของคุณอาจเป็น \""Visitor\"""
TakeGuildWarehouseNoticeMessage1#0,"""ไอเทมบางชิ้นไม่สามารถถอนได้"""
MoveGuildWarehouseTitle#0,"""ย้ายไอเทมไปที่ Team Storage"""
MoveGuildWarehouseMessage#0,"""กำลังย้ายไอเทมไปที่ Team Storage<br>คุณแน่ใจหรือไม่?<br><br><yellow>※โปรดทราบว่าในการใช้ Team Storage<br>ผู้เล่นอื่นในทีมก็สามารถใช้งานได้เช่นกัน<c>"""
MoveGuildWarehouseErrorTitle#0,"""ย้ายไอเทมไปที่ Team Storage"""
MoveGuildWarehouseErrorMessage0#0,"""ไม่สามารถย้ายไอเทมไปที่ Team Storage ได้"""
MoveGuildWarehouseErrorMessage1#0,"""ไอเทมนี้ไม่สามารถย้ายไปยัง<br>Team Storage ได้"""
MoveGuildWarehouseErrorMessage2#0,"""ไม่สามารถย้ายไอเทมได้<br>เนื่องจากพื้นที่ว่างใน Team Storage ไม่เพียงพอ"""
MoveGuildWarehouseErrorMessage3#0,"""ไม่สามารถย้ายไอเทมได้<br><br>สถานะ Premium อาจหมดอายุ<br>หรือตำแหน่งใน Team ของคุณอาจเป็น \""Visitor\"""
MoveGuildWarehouseErrorMessage4#0,"""คุณไม่สามารถย้ายไอเทมที่ล็อกอยู่ได้"""
MoveGuildWarehouseErrorMessage13#0,"""พื้นที่ใน Team Storage ไม่เพียงพอ<br>ที่จะฝากไอเทม<br>$(0)<br>กรุณาตรวจสอบให้แน่ใจว่ามีพื้นที่เพียงพอ<br>สำหรับไอเทมและลองใหม่อีกครั้ง"""
MoveGuildWarehouseNoticeMessage1#0,"""ไอเทมบางชิ้นไม่สามารถย้ายได้"""
MoveGuildWarehouseNoticeMessage2#0,"""มีไอเทมบางชิ้นที่ไม่สามารถย้ายได้"""
ConsumeErrorTitle#0,"""ใช้ไอเทม"""
ConsumeErrorMessage0#0,"""ไม่สามารถใช้ไอเทมนี้ได้ในขณะนี้"""
ConsumeErrorMessage1#0,"""ไม่สามารถเพิ่มระยะเวลาได้อีก"""
ConsumeErrorMessage2#0,"""ไม่สามารถเพิ่มได้อีก"""
ConsumeErrorMessage3#0,"""เนื่องจาก Ticket นี้ได้ถูกใช้งานไปแล้ว<br>คุณจึงไม่สามารถใช้งานได้อีก"""
ConsumeErrorMessage4#0,"""ไม่สามารถใช้ไอเทมประเภทเดียวกันได้จนกว่าเอฟเฟกต์ของอันก่อนหน้าจะหมดลง"""
ConsumeErrorMessage5#0,"""คุณไม่สามารถใช้ไอเทมนี้ได้เนื่องจากข้อจำกัดด้านเผ่าพันธุ์"""
ConsumeErrorMessage6#0,"""คุณไม่สามารถใช้ไอเทมนี้ได้เนื่องจากข้อจำกัดด้านเพศ"""
ConsumeErrorMessage7#0,"""คุณไม่สามารถใช้ไอเทมนี้ได้เนื่องจากข้อจำกัดด้านเผ่าพันธุ์และเพศ"""
ConsumeErrorMessage8#0,"""ไม่สามารถเกิน 180 วันหรือ<br>มากกว่านั้นได้ ยกเลิกการใช้ไอเทมแล้ว"""
ConsumeErrorMessage9#0,"""ไม่สามารถเกิน 90 วันหรือ<br>มากกว่านั้นได้ ยกเลิกการใช้ไอเทมแล้ว"""
ConsumeErrorMessage10#0,"""ไม่สามารถเกิน 180 วันหรือ<br>มากกว่านั้นได้ ยกเลิกการใช้ไอเทมแล้ว"""
ConsumeErrorMessage11#0,"""ไม่สามารถเกิน 90 วันหรือ<br>มากกว่านั้นได้ ยกเลิกการใช้ไอเทมแล้ว"""
ConsumeErrorMessage13#0,"""ไม่สามารถเกินจำนวนวันสูงสุดได้ ยกเลิกการใช้ไอเทมแล้ว"""
ResultItemFull#0,"""เนื่องจากพื้นที่ Inventory หรือ Storage ไม่เพียงพอ คุณจึงไม่สามารถรับรางวัลได้"""
ResultMesetaFull#0,"""คุณไม่สามารถรับรางวัลได้ เนื่องจากคุณมี Meseta ถึงขีดจำกัดสูงสุดที่คุณสามารถพกพาได้แล้ว"""
ItemSetWareHouse#0,"""รางวัลถูกส่งไปยัง Storage ของคุณ เนื่องจาก Inventory ของคุณเต็ม"""
NoUseItemSetWareHouse_Reboot#0,"""ส่งไอเทมทั้งหมดไปยัง Storage แล้ว รวมถึงไอเทมที่ไม่สามารถใช้ใน NGS ได้"""
ItemSetPost#0,"""เนื่องจาก Storage ของคุณเต็มความจุแล้ว รางวัลจึงถูกส่งไปยัง Temporary Storage ของคุณ"""
CheckPostNoticeMessage1#0,"""<yellow>Temporary Storage ของคุณใกล้จะเต็มแล้ว ขอแนะนำให้คุณจัดระเบียบไอเทมของคุณ<c>"""
CheckPostNoticeMessage2#0,"""<c ff4f3f>Temporary Storage ของคุณเต็มแล้ว กรุณาจัดระเบียบไอเทมของคุณ ไอเทมเก่าที่สุดจะถูกลบเพื่อเพิ่มพื้นที่หากคุณไม่นำออกไป<c>"""
RequestActionNoUse#0,"""ไม่สามารถใช้ไอเทมนี้ได้ เนื่องจากจะไม่มีผลลัพธ์ใดๆ"""
RequestActionOutOfRange#0,"""ไม่สามารถใช้ไอเทมนี้ได้ เนื่องจากไม่มีเป้าหมายในระยะ"""
UseTicketTitle#0,"""ยืนยันการใช้ไอเทม"""
UseTicketMessage#0,"""จะทำการใช้ [$(0)]<br>ดำเนินการต่อหรือไม่?"""
UseTicketTitle2#0,"""ยืนยันการใช้ไอเทม"""
UseTicketForSGMessage#0,"""สามารถใช้ $(0) ได้หลายอันพร้อมกัน<br>เลือกจำนวนที่ต้องการใช้"""
UseTicketForSPMessage#0,"""เนื่องจากข้อจำกัดด้านเผ่าพันธุ์หรือเพศ<br>ไอเทมนี้จึงไม่สามารถใช้กับ<br>ตัวละครผู้เล่นได้<br><br>จะทำการลงทะเบียน<br>『$(0)』 สำหรับ Support Partner<br>ดำเนินการต่อหรือไม่?<br><br><yellow>※หลังจากใช้ Ticket นี้ หากคุณใช้<br>\u3000Ticket เดียวกันอีก 1 ใบในตัวละครเดิม<br>\u3000หรือตัวละครอื่น<br>\u3000จะทำให้สามารถเลือกใช้ได้กับทุกตัวละคร<c>"""
CopyClipBoard#0,"""คัดลอก \""$(0)\"" ลงในคลิปบอร์ดแล้ว"""
CountStopRewardItem#0,"""มีอยู่: """
CountItemDisp#0,"""$(0) x$(1)"""
Grind10AwardBackpackMessage#0,"""ส่งรางวัลตีบวก +10 [$(0)] ไปยัง Inventory แล้ว"""
Grind10AwardStorageMessage#0,"""ส่งรางวัลตีบวก +10 [$(0)] ไปยัง Storage แล้ว"""
Grind10AwardPostMessage#0,"""ส่งรางวัลตีบวก +10 [$(0)] ไปยัง Temp Storage แล้ว"""
UseItemBagTitle#0,"""ยืนยันการใช้ไอเทม"""
UseItemBagMessage#0,"""การกระทำนี้จะปลดล็อก \""$(0)\""<br>และได้รับไอเทมดังต่อไปนี้<br><br>ดำเนินการต่อหรือไม่?"""
UseItemBagError1#0,"""พื้นที่ใน Inventory ไม่เพียงพอที่จะรับไอเทม"""
UseItemBagError2#0,"""เกินจำนวนไอเทมสูงสุดที่คุณสามารถพกพาได้"""
UseItemBagError3#0,"""ไม่สามารถรับไอเทมได้"""
ConsumeErrorMessage12#0,"""คุณไม่สามารถใช้ไอเทมนี้ได้<br>เนื่องจากจะเกินระยะเวลาสูงสุดที่กำหนด"""
UseCraftEnchantItemMessage#0,"""Timed Ability จะถูกเพิ่มลงใน Unit ดังต่อไปนี้<br><br><yellow>$(0)<c><br><br>※Unit ดังกล่าวจะถูก<yellow>ผูกมัดกับเจ้าของ (Bound to owner)<c> ซึ่งจะทำให้คุณ<br>ไม่สามารถขายมันให้กับผู้เล่นอื่นได้"""
CraftEnchantItemUseErrorNoEquip#0,"""ไม่สามารถใช้งานได้ ไม่ได้สวมใส่ Unit ที่เกี่ยวข้องอยู่"""
UseItemMessage#0,"""ใช้งาน [$(0)] แล้ว"""
CraftEnchantItemUseErrorServerBug#0,"""ไม่สามารถใช้ไอเทมได้"""
CraftEnchantItemUseErrorClientBug#0,"""ไม่สามารถใช้ไอเทมได้"""
CraftEnchantItemUseErrorNoEnchantItem#0,"""ไม่พบไอเทม"""
CraftEnchantItemUseErrorInvalidEnchantItem#0,"""ไอเทมที่คุณพยายามใช้งานไม่ถูกต้อง"""
CraftEnchantItemUseErrorNotTarget#0,"""ไม่ได้สวมใส่ Unit ที่เกี่ยวข้องอยู่"""
CraftEnchantItemUseErrorDBAccess#0,"""ไม่สามารถใช้ไอเทมได้"""
NoGadgetMessage#0,"""ไม่มี Skill Rings"""
NoAddonRingMessage#0,"""ไม่มี Units หรือ Skill Rings"""
NoPetEgg#0,"""คุณไม่มีไข่"""
NoOuterItemMsg#0,"""ไม่มี Outerwear"""
NoItemMessageDish#0,"""ไม่พบไอเทม"""
NoWeaponMessageDish#0,"""ไม่สามารถฝากอาวุธไว้ที่นี่ได้"""
NoAddonMessageDish#0,"""ไม่สามารถฝากชุดเกราะไว้ที่นี่ได้"""
NoAddonRingMessageDish#0,"""ไม่สามารถฝาก Units / Skill Rings ได้"""
NoCostumeMessageDish#0,"""ไม่สามารถฝาก Costumes / Parts / Weapon Camos<br>ไว้ที่นี่ได้"""
NoStackMessageDish#0,"""ไม่สามารถฝากไอเทมใช้งานไว้ที่นี่ได้"""
NoDiskMessageDish#0,"""ไม่สามารถฝาก Discs ได้"""
NoGoodsMessageDish#0,"""ไม่สามารถฝาก Room Goods ได้"""
NoQuestitemMessageDish#0,"""ไม่พบไอเทมวัตถุดิบ"""
NoOtherMessageDish#0,"""ไม่สามารถฝากไอเทมอื่นๆ ไว้ที่นี่ได้"""
Empty_NoData_Favorite#0,"""กด <%Decide> เพื่อโหลด $(0)<br>Storage นี้ถูกตั้งค่าเป็น Favorite Storage เรียบร้อยแล้ว"""
Empty_NoData_FavoriteSettable#0,"""กด <%Decide> เพื่อโหลด $(0)<br>กด <%Function> เพื่อตั้งค่าเป็น Favorite Storage<br><br><yellow>※Extended Storage ที่ถูกตั้งเป็น Favorite Storage จะรวมอยู่ในรายการของ All Storage<c>"""
Empty_NoData_FavoriteSettable_Loaded#0,"""โหลด $(0) เรียบร้อยแล้ว<br>กด <%Function> เพื่อตั้งค่าเป็น Favorite Storage<br><br><yellow>※Extended Storage ที่ถูกตั้งเป็น Favorite Storage จะรวมอยู่ในรายการของ All Storage<c>"""
Empty_NoData#0,"""กด $(0) เพื่อโหลด $(1)"""
Empty_Unreadable_Favorite#0,"""ไม่สามารถโหลด $(0) ได้ในขณะนี้<br>Storage นี้ถูกตั้งค่าเป็น Favorite Storage เรียบร้อยแล้ว"""
Empty_Unreadable_FavoriteSettable#0,"""ไม่สามารถโหลด $(1) ได้ในขณะนี้<br>กด $(0) เพื่อตั้งค่าเป็น Favorite Storage"""
Empty_Unreadable#0,"""ไม่สามารถโหลด $(0) ได้ในขณะนี้"""
Empty_WaitData_Favorite#0,"""กำลังโหลด $(0)<br>Storage นี้ถูกตั้งค่าเป็น Favorite Storage เรียบร้อยแล้ว"""
Empty_WaitData_FavoriteSettable#0,"""กำลังโหลด $(1)<br>กด $(0) เพื่อตั้งค่าเป็น Favorite Storage"""
Empty_WaitData#0,"""กำลังโหลด $(0)"""
MenuSendWarehouseCharacter#0,"""ฝากใน Character Storage ($(1)/$(0))"""
MenuSendWarehouseEs#0,"""ฝากใน PSO2es Storage ($(1)/$(0))"""
MenuSendWarehouseDish#0,"""ฝากใน Material Storage <pict StarGem> ($(1)/$(0))"""
MenuMoveWarehouseCharacter#0,"""<pict wh_chara_icon>ฝากใน Character Storage ($(1)/$(0))"""
MenuMoveWarehouseEs#0,"""<pict wh_es_icon>ฝากใน PSO2es Storage ($(1)/$(0))"""
MenuMoveWarehouseDish#0,"""<pict wh_dish_icon>ฝากใน Material Storage <pict StarGem> ($(1)/$(0))"""
MenuPetAbility#0,"""Personality"""
MenuSetEffect#0,"""ดู Set Effects"""
MenuRingSkill#0,"""Ring Skills"""
MenuLockMulti#0,"""ล็อกทั้งหมด ($(1)/$(0))"""
MenuUnlockMulti#0,"""ปลดล็อกทั้งหมด ($(1)/$(0))"""
MenuPutMulti#0,"""ทิ้งลงพื้นทั้งหมด"""
MenuBonusElementConfirm#0,"""ยืนยัน Special Ability Factor"""
MenuSearchMarketPriceItem#0,"""ตรวจสอบราคาไอเทม"""
MenuSearchMarketPriceElement#0,"""ค้นหา Special Ability / Preset Ability"""
MenuSEPreview#0,"""เล่นเสียง SFX / Voice"""
PutMultiMessage#0,"""จะทำการฝากไอเทมดังต่อไปนี้ ดำเนินการต่อหรือไม่?"""
PutSuccessMessage#0,"""ฝากไอเทมแล้ว"""
PutErrorMessage5#0,"""ไม่สามารถวางไอเทมในพื้นที่นี้ได้"""
PutNoticeMessage1#0,"""มีไอเทมอย่างน้อยหนึ่งชิ้นที่ไม่ได้ถูกฝาก"""
SendWarehouseErrorMessage11#0,"""ไม่สามารถย้ายไอเทมได้<br>เนื่องจากไม่สามารถยืนยันการเชื่อมโยงกับ PSO2es ได้<br><br>PSO2es Storage จะสามารถใช้งานได้<br>ก็ต่อเมื่อทำการเชื่อมโยงกับแอป PSO2es เท่านั้น"""
SendWarehouseErrorMessage12#0,"""Expansion Storage ปลายทางยังไม่ได้ถูกโหลด<br>กรุณาโหลด Expansion Storage ปลายทาง<br>ก่อนทำการย้าย"""
SendWarehouseErrorMessage13#0,"""ไม่สามารถย้ายไอเทมระหว่าง Expansion Storage ได้<br>กรุณาย้ายไอเทมผ่าน Inventory<br>หรือ Storage อื่นแทน"""
SendWarehouseErrorMessage14#0,"""ไม่สามารถฝากไอเทมเหล่านี้ลงใน Material Storage ได้"""
AllSendWarehouseDishErrorMessage#0,"""Material Storage ยังไม่สามารถใช้งานได้<br>กรุณาใช้ Material Storage Ticket เพื่อเปิดใช้งาน"""
MoveWarehouseErrorMessage7#0,"""คุณไม่สามารถย้ายไอเทมนี้ไปยัง Material Storage ได้"""
MoveWarehouseErrorMessage8#0,"""ไม่สามารถย้ายไอเทมโดยตรงจาก Material Storage<br>ไปยัง Storage อื่นได้<br>กรุณานำออกมาไว้ที่ Inventory ก่อน<br>แล้วจึงค่อยทำการย้าย<br><yellow>※จะมีการรองรับในอนาคต<c>"""
MoveWarehouseErrorMessage9#0,"""ไม่สามารถย้ายไอเทมโดยตรงจาก Storage อื่น<br>ไปยัง Material Storage ได้<br>กรุณานำออกมาไว้ที่ Inventory ก่อน<br>แล้วจึงค่อยทำการย้าย<br><yellow>※จะมีการรองรับในอนาคต<c>"""
MoveWarehouseNoticeMessage2#0,"""ไม่มีไอเทมใดที่สามารถย้ายไปยัง Material Storage ได้"""
MoveWarehouseNoticeMessage3#0,"""Material Storage ของคุณมีไอเทมเหล่านี้อย่างน้อยหนึ่งชิ้นถึงจำนวนสูงสุดแล้ว"""
RequestActionNoExpire#0,"""หมดอายุ; ไม่สามารถใช้งานได้"""
RequestActionUnlimitedAMCoinErrorTitle#0,"""ข้อความ (Message)"""
RequestActionUnlimitedAMCoinErrorMessage#0,"""เนื่องจาก \""การยกเลิกขีดจำกัดการนำออก CC\""<br>ไอเทม \""ยกเลิกขีดจำกัดนำออก CC $(0) วัน\""<br>จึงไม่สามารถใช้งานได้อีกต่อไป<br><br><yellow>ไอเทม \""ยกเลิกขีดจำกัดนำออก CC $(0) วัน\"" ที่คุณมีอยู่<br>สามารถนำไปแลกเปลี่ยนเป็นไอเทมเป้าหมาย<br>ได้ที่ Recycle Shop<c>"""
UsePetEggTitle#0,"""ยืนยันการใช้ไอเทม"""
UsePetEggMessage1#0,"""จะทำการใช้ 『$(0)』<br>ดำเนินการต่อหรือไม่?"""
UsePetEggMessage2#0,"""จะทำการใช้ 『$(0)』<br>ดำเนินการต่อหรือไม่?<br><br><yellow>ไอเทมที่เลือกอยู่ในสถานะถูกล็อก<c>"""
UseHatchedPetEgg#0,"""ลงทะเบียนสัตว์เลี้ยงแล้ว<br>สามารถติดตั้งลงในอาวุธ \""Takt\"" ได้<br><br><yellow>※เนื่องจากเป็นสัตว์เลี้ยงที่ถูกลงทะเบียนใหม่<br>\u3000จำนวนครั้งที่สามารถผสม (Synthesize) ได้จะเป็น 0<c>"""
GrindNumAwardBackpackMessage#0,"""ส่งรางวัลตีบวก +$(0) 「$(1)」 ไปยัง Inventory แล้ว"""
GrindNumAwardStorageMessage#0,"""ส่งรางวัลตีบวก +$(0) 「$(1)」 ไปยัง Storage แล้ว"""
GrindNumAwardPostMessage#0,"""ส่งรางวัลตีบวก +$(0) 「$(1)」 ไปยัง Temporary Storage แล้ว"""
UseCraftEnchantTimeExtensionItemMessage#0,"""จะทำการเพิ่มเอฟเฟกต์ $(0) ให้กับ Unit ต่อไปนี้<br><br><yellow>$(1)<c><br><br>※ระยะเวลาเอฟเฟกต์จะเริ่มนับถอยหลังหลังจากใช้งาน"""
CraftEnchantItemUseErrorTimeMax#0,"""ไม่สามารถใช้งานได้เนื่องจากระยะเวลาเอฟเฟกต์จะเกิน 90 วัน"""
LockMultiErrorMessage#0,"""มีไอเทมบางชิ้นที่ไม่สามารถล็อกได้ จำกัดสูงสุด $(0) ชิ้นต่อครั้ง"""
UnlockMultiErrorMessage#0,"""มีไอเทมบางชิ้นที่ไม่สามารถปลดล็อกได้ จำกัดสูงสุด $(0) ชิ้นต่อครั้ง"""
UnlockDialogMessage#0,"""ดำเนินการปลดล็อกไอเทมที่เลือกหรือไม่?"""
PetAbility#0,"""$(0)<br>【เอฟเฟกต์】<br>$(1)"""
RingSkill#0,"""$(1) Lv.$(0)<br>【เอฟเฟกต์】<br>$(2)"""
RingSkill_2#0,"""$(1)<br>【เอฟเฟกต์】<br>$(2)<br><br>$(0)"""
ItemAutoPickUpRarityOn#0,"""ได้รับ <yellow>$(0) $(1)★<c>"""
ItemAutoPickUpRarityOff#0,"""ได้รับ <yellow>$(0)<c>"""
ConsumeTicketErrorAllRegisted#0,"""ไม่สามารถใช้ Ticket นั้นได้<br>เนื่องจากได้ทำการลงทะเบียนไว้กับ<br>ทุกตัวละครของคุณเรียบร้อยแล้ว"""
TicketItemUseErrorServerBug#0,"""การใช้งาน [$(0)] ถูกปิดใช้งานแล้ว"""
TicketItemUseErrorServerBug_2#0,"""ไม่สามารถใช้ไอเทมได้"""
UseTicketMessage1#0,"""จะทำการใช้ [$(0)]<br>ดำเนินการต่อหรือไม่?<br><br><yellow>※หลังจากใช้ Ticket นี้ หากคุณใช้ Ticket เดียวกันนี้อีกครั้ง จะทำให้เปิดใช้งานได้กับทุกตัวละครของคุณ<c>"""
UseTicketMessage2#0,"""จะทำการใช้ [$(0)]<br>ดำเนินการต่อหรือไม่?<br><br><yellow>※การใช้ Ticket นี้จะทำให้สามารถ<br>ใช้งานได้กับทุกตัวละครของคุณ<c>"""
UseTicketMessage3#0,"""จะทำการใช้ 『$(0)』<br>ดำเนินการต่อหรือไม่?<br><br><yellow>※หากใช้ไอเทมนี้ จะทำให้สามารถใช้งานได้กับ<br>\u3000ทุกตัวละครใน Ship ปัจจุบัน<c>"""
UseTicketForSPMessage2#0,"""เนื่องจากข้อจำกัดด้านประเภท<br>จึงไม่สามารถใช้ Ticket นี้กับ<br>ตัวละครนี้ได้<br><br>จะทำการลงทะเบียน Ticket<br>[$(0)] ให้กับตัวละครสนับสนุนของคุณ<br>ดำเนินการต่อหรือไม่?<br><br><yellow>※การใช้ Ticket นี้จะปลดล็อก<br>เครื่องประดับนี้ให้กับทุกตัวละครของคุณ<c>"""
FlagTicketAllRegistedTitle#0,"""จำนวนตั๋วที่ลงทะเบียน"""
FlagTicketAllRegisted#0,"""ตั๋วต่อไปนี้<red>ถูกใช้งานไปแล้ว<c><br>กับตัวละครนี้<br><yellow>หากคุณใช้งานอีกครั้ง มันจะถูกปลดล็อก<br>ให้กับทุกตัวละครในบัญชีนี้<c><br><br>ดำเนินการต่อหรือไม่?"""
UseTraceItemTitle#0,"""ยืนยันไอเทม"""
UseTraceItemMessage#0,"""คุณเลือกไอเทมที่เปลี่ยนรูปแบบอาวุธ (Weapon Form) ไปแล้ว<br>แน่ใจหรือไม่ว่าต้องการดำเนินการต่อ?"""
FloatTextItem_1#0,"""$(2)$(0)$(1)"""
FloatTextItem_2#0,"""$(3)$(0)$(1) x$(2)"""
FloatTextItem_3#0,"""\u3000\u3000$(0)$(1)"""
FloatTextItem_4#0,"""\u3000\u3000$(0)$(1) x$(2)"""
FloatTextItemUnidentified_1#0,"""<pict rarity_unk>$(0)<c 00ffff>$(1)<c>"""
FloatTextItemUnidentified_2#0,"""<pict rarity_unk>$(0)<c 00ffff>$(1)<c> x$(2)"""
FloatTextMeseta#0,"""<pict reb_meseta>$(0)"""
FloatTextSeasonPoint#0,"""<pict event_point>$(0)"""
UseDiskError_ForChallenge#0,"""คลาสสืบทอด (Successor Class) ไม่สามารถใช้ใน Quest นี้ได้"""
UseTicketUpgrade_UsedNormal_UsePlus#0,"""กำลังอัปเกรด \""$(0)\"" เป็น \""$(1)\""<br><br><yellow>※คุณสามารถใช้เวอร์ชันปกติ (Normal version) ต่อไปได้โดยทำตามวิธีดังต่อไปนี้:<c><br>- คำสั่งแชต (Chat Commands)<br>- คีย์ลัด (Keyboard Shortcut)<br><br>ดำเนินการอัปเกรดต่อหรือไม่?"""
UseTicketUpgrade_UsedPlus_UseNormal#0,"""เนื่องจากได้ลงทะเบียน \""$(1)\"" ไปแล้ว <br><yellow>คุณสามารถใช้<c> \""$(0)\""<br><yellow>โดยใช้วิธีการด้านล่างเท่านั้น:<c><br><br>- คำสั่งแชต (Chat Commands)<br>- คีย์ลัด (Keyboard Shortcuts)<br><br>แน่ใจหรือไม่ว่าต้องการใช้งาน?"""
CostumeRemoveError#0,"""ไม่สามารถถอดไอเทมแฟชั่นได้<br>เนื่องจากพื้นที่ใน Inventory ของคุณไม่เพียงพอ"""
MoveWarehouseErrorMessage10#0,"""ไม่สามารถย้ายไอเทมไปยัง PSO2 Inventory ของคุณได้ เนื่องจากพื้นที่ว่างไม่เพียงพอ หรือคุณมีไอเทมเหล่านั้นชิ้นใดชิ้นหนึ่งเกินขีดจำกัดที่สามารถครอบครองได้"""
Missionpass_ReceiveMessage1#0,"""มีรางวัลที่ยังไม่ได้รับอยู่ใน<br>Mission Pass"""
BoostCaveatMessage1#0,"""ใช้ Boost Item หรือไม่?<br><br><yellow>※เมื่อใช้ Boost Item ที่มีเอฟเฟกต์เหมือนกัน<br>จะขยายเฉพาะระยะเวลาของเอฟเฟกต์เท่านั้น<br>ชื่อที่แสดงจะไม่เปลี่ยนแปลง<c>"""
Use_StorySkip_Message#0,"""คุณต้องการใช้ <yellow>\""$(0)\""<c> หรือไม่?<br>เมื่อใช้ไอเทมนี้ เนื้อเรื่องหลัก (Main Story) จะข้ามไปยัง <yellow>\""บทล่าสุด\""<c> ที่ถูกปล่อยออกมา<br><br><scarlet>※คุณจะถูกล็อกเอาต์โดยอัตโนมัติเพื่อทำขั้นตอนนี้ให้เสร็จสมบูรณ์<c><br><br><yellow>※เมื่อล็อกอินกลับเข้ามา คุณจะได้รับค่าประสบการณ์ (Experience Points) ที่ควรจะได้รับตามปกติจากการดำเนินเนื้อเรื่องหลัก<c><br><yellow>※รายละเอียดเหล่านี้อาจมีการเปลี่ยนแปลงตามความเหมาะสม<c>"""
Use_Ticket_Logout#0,"""การใช้ไอเทมเสร็จสมบูรณ์<br>คุณจะถูกล็อกเอาต์เพื่อทำขั้นตอนนี้ให้เสร็จสมบูรณ์"""
Error_Use_Ticket_OutsideCity#0,"""ไอเทมนี้สามารถใช้ได้เฉพาะใน ARKS Bases เช่น Central City เท่านั้น"""
Error_Use_Ticket_NotSolo#0,"""ไม่สามารถใช้งานได้เนื่องจากคุณอยู่ใน Party, กำลัง Matchmaking หรือกำลังใช้งานฟังก์ชันที่เกี่ยวกับ Party"""
Error_Use_Ticket_Passed#0,"""ไม่สามารถใช้งานได้เนื่องจากคุณได้ดำเนินเนื้อเรื่องหลักไปจนถึงบทล่าสุดแล้ว"""
NoObjectMessage#0,"""ไม่มีไอเทม"""
RingEquip_Error#0,"""Skill Rings สามารถเปลี่ยนได้เฉพาะที่ ARKS bases เท่านั้น"""
Param_Value#0,"""$(0)"""
Param_Percent#0,"""$(0)%"""
Param_MaxValue#0,"""(สูงสุด $(0))"""
Param_MaxValue_Limit#0,"""<bright_orange>(สูงสุด $(0))<c>"""
Param_MaximumValue#0,"""(สูงสุด $(0))"""
Param_MaximumValue_Limit#0,"""<bright_orange>(สูงสุด $(0))<c>"""
Param_ComparePlus#0,"""<light_orange2>+$(0)<c>"""
Param_ComparePlus_Percent#0,"""<light_orange2>+$(0)%<c>"""
Param_CompareMinus#0,"""<vivid_cyan2>－$(0)<c>"""
Param_CompareMinus_Percent#0,"""<vivid_cyan2>-$(0)%<c>"""
Label_Slash#0,"""/"""
Label_Hyphen#0,"""-"""
Label_WavyLine#0,"""~"""
Label_Rarity#0,"""ระดับความหายาก (Rarity)"""
Label_AttackPower#0,"""ATP"""
Label_Defense#0,"""DFP"""
Label_HP#0,"""HP"""
Label_PP#0,"""PP"""
Label_AttackElement#0,"""ธาตุ (Attribute)"""
Label_Resist_Damage#0,"""กันดาเมจ (%)"""
Label_Resist_Element#0,"""ต้านทานธาตุ (Attribute Resist)"""
Label_Resist_Fire#0,"""ต้านทานไฟ (Flame Resist)"""
Label_Resist_Ice#0,"""ต้านทานน้ำแข็ง (Ice Resist)"""
Label_Resist_Thunder#0,"""ต้านทานสายฟ้า (Lightning Resist)"""
Label_Resist_Wind#0,"""ต้านทานลม (Wind Resist)"""
Label_Resist_Light#0,"""ต้านทานแสง (Light Resist)"""
Label_Resist_Dark#0,"""ต้านทานความมืด (Dark Resist)"""
Label_EquipClass#0,"""คลาสที่สวมใส่ได้"""
Label_EquipNeed#0,"""เงื่อนไขการสวมใส่"""
Param_Level_Need#0,"""Lv.$(0)"""
Param_Level_Now#0,"""(Lv. ปัจจุบัน $(0))"""
Label_Trade#0,"""แลกเปลี่ยน"""
Label_Trade_OK#0,"""แลกเปลี่ยนได้"""
Label_Trade_NG#0,"""<pict unavailable_t>แลกเปลี่ยนไม่ได้"""
Label_Trade_Ownered#0,"""<pict register_owner>ลงทะเบียนเจ้าของแล้ว"""
Label_Grind#0,"""ระดับการตีบวก"""
Label_Element#0,"""ความสามารถพิเศษ (Special Ability)"""
Label_BonusElement#0,"""Special Ability Factor"""
Label_SpecialElement#0,"""S-Class Special Ability"""
Label_SpecialElement_Supported#0,"""ประเภทที่รองรับ"""
Label_Potential#0,"""Potential Ability"""
Label_Potential_1#0,"""Potential Lv.1"""
Label_Potential_2#0,"""Potential Lv.2"""
Label_Potential_3#0,"""Potential Lv.3"""
Label_DamageBlur#0,"""ความแปรปรวน (%)"""
Label_DamageBlur_Under#0,"""ความแปรปรวนความเสียหายขั้นต่ำ"""
Label_DamageBlur_Limit#0,"""ความแปรปรวนความเสียหายขั้นสูงสุด"""
Label_AttackSpeed#0,"""ความเร็วโจมตี (ATK Speed)"""
Label_AttackRange#0,"""ระยะโจมตี (ATK Range)"""
Label_SetEffect#0,"""เซ็ตเอฟเฟกต์ (Set Effect)"""
Label_SetEffect_1#0,"""เซ็ตเอฟเฟกต์ 1"""
Label_SetEffect_2#0,"""เซ็ตเอฟเฟกต์ 2"""
Label_SetEffect_3#0,"""เซ็ตเอฟเฟกต์ 3"""
Label_TraceItem#0,"""รูปแบบอาวุธ (Weapon Form)"""
Label_MultiWeapon#0,"""Multi-weapon"""
Label_Lowest_ListingAmount#0,"""ราคาลงขายขั้นต่ำ"""
Label_Add_HpPp#0,"""โบนัส HP/PP"""
Label_RaceSex#0,"""เผ่าพันธุ์ (ประเภท)"""
Label_CostumeColor#0,"""สี"""
Label_CostumeGauge#0,"""ความผูกพัน (Affection)"""
Label_SG_Received#0,"""SG ที่ได้รับ"""
Label_EffectTime#0,"""ระยะเวลาของเอฟเฟกต์"""
Label_ExpirationDate#0,"""วันหมดอายุ"""
Label_FreeGiftExchangeDate#0,"""กำหนดส่ง"""
DateLimitOver#0,"""<scarlet>$(0)<c>"""
Label_UndecidedExpirationDate#0,"""กำหนดเมื่อได้รับ"""
Label_ConsumptionPP#0,"""PP ที่ใช้"""
Label_Power#0,"""ความเสียหาย (Damage)"""
Label_CostumeFixityColor#0,"""สีคงที่"""
Label_WeaponRise#0,"""Weapon Boost (%)"""
Labal_Resist_Condition#0,"""ต้านทานสถานะผิดปกติ (%)"""
Labal_Others_Condition#0,"""ต้านทานสภาพแวดล้อม (%)"""
Grind#0,"""$(1)($(0)%)"""
GrindUnidentified#0,"""?"""
Rarity#0,"""ระดับความหายาก (Rarity)"""
ReviseParameter#0,"""ตัวคูณสถานะ (Stat Modifier)"""
Element#0,"""ความสามารถพิเศษ (Special Abilities)"""
Potential#0,"""Potential"""
Element_Potential#0,"""Special Abilities/Potentials"""
Element_LimitAbility#0,"""Special/Timed Abilities"""
Skill#0,"""Skill"""
RaceSex#0,"""เผ่าพันธุ์ (ประเภท)"""
Class#0,"""คลาส (Class)"""
KindWeapon#0,"""Weapons"""
KindCostume#0,"""Costumes"""
KindParts#0,"""Parts"""
KindAddon#0,"""Units"""
KindStack#0,"""ไอเทมที่ซ้อนทับได้ (Stackable Items)"""
Sword#0,"""Swords"""
Lance#0,"""Wired Lances"""
Partisan#0,"""Partizans"""
Tdagger#0,"""Twin Daggers"""
Wsaber#0,"""Double Sabers"""
Knuckle#0,"""Knuckles"""
Saber#0,"""Gunslashes"""
Rifle#0,"""Assault Rifles"""
Launcher#0,"""Launchers"""
Tmachinegun#0,"""Twin Machineguns"""
Rod#0,"""Rods"""
Talis#0,"""Talises"""
Wand#0,"""Wands"""
Katana#0,"""Katanas"""
CompoundBow#0,"""Bullet Bows"""
Costume#0,"""Costume"""
BodyParts#0,"""Body Parts"""
ArmParts#0,"""Arm Parts"""
LegParts#0,"""Leg Parts"""
Avatar#0,"""-"""
AddonBack#0,"""Rear Units"""
AddonArm#0,"""Arm Units"""
AddonLeg#0,"""Leg Units"""
AddonUnit#0,"""Sub Units"""
StackHeal#0,"""ไอเทมฟื้นฟู (Recovery Item)"""
StackBoost#0,"""Boost Item"""
StackDisk#0,"""Disk"""
StackOrderitem#0,"""ไอเทมคำสั่ง/วัตถุดิบคราฟต์"""
StackKeyitem#0,"""Key Item"""
GoodsRoom#0,"""Room Goods"""
GoodsReform#0,"""ตั๋วรีโมเดล (Remodeling Ticket)"""
DiskPhotonarts#0,"""Photon Art Disk"""
DiskTechnique#0,"""Technique Disk"""
DiskTechniqueCustomize#0,"""Customization Disks"""
Tool#0,"""เครื่องมือ (Tool)"""
Device#0,"""Mag Device"""
MusicDisk#0,"""Music Disc"""
Pass#0,"""Pass"""
Ticket#0,"""Ticket"""
Other#0,"""-----"""
NoSkill#0,"""ไม่มี"""
SkillUnidentified#0,"""???"""
WeaponAvatar#0,"""Weapon Camo"""
Craft#0,"""วัตถุดิบคราฟต์ (Crafting Materials)"""
NeedStrike#0,"""ต้องการ S-ATK"""
NeedFirearm#0,"""ต้องการ R-ATK"""
NeedTechinic#0,"""ต้องการ T-ATK"""
NeedEquipStrike#0,"""ต้องการ S-ATK"""
NeedEquipFirearm#0,"""ต้องการ R-ATK"""
NeedEquipTechnic#0,"""ต้องการ T-ATK"""
NeedEquipDex#0,"""ต้องการ DEX"""
NeedEquipDfpStrike#0,"""ต้องการ S-DEF"""
NeedEquipDfpFirearm#0,"""ต้องการ R-DEF"""
NeedEquipDfpTechnic#0,"""ต้องการ T-DEF"""
NeedEquipUnidentified#0,"""ต้องการสถานะ"""
ValuePlusOnly#0,"""<c ff9c70>(+$(0))<c>"""
ValueMinusOnly#0,"""<c 32cdff>(-$(0))<c>"""
CompareValuePlus#0,"""$(1)<c ff9c70>(+$(0))<c>"""
CompareValueMinus#0,"""$(1)<c 32cdff>(-$(0))<c>"""
CompareValueEqual#0,"""$(0)(+0)"""
Value#0,"""$(0)"""
NameMaxLimitBreak#0,"""$(0)<pict 4space><bright_orange>/สูงสุด $(1)<c>"""
NameMaxGrindAndLimitBreak#0,"""<bright_orange>$(0)<c>"""
NameNotMaxGrindAndLimitBreak#0,"""$(0)<pict 4space>/สูงสุด $(1)"""
NameUnidentified#0,"""<c 00ffff>$(0)<c>"""
ValueUnidentified#0,"""?"""
NeedNumber#0,"""$(0)\u3000(ปัจจุบัน $(1))"""
NeedNumberUnidentified#0,"""?"""
ElementNum#0,"""x$(0)"""
ElementNumUnidentified#0,"""x?"""
ElementNameUnidentified#0,"""???"""
ElementEtc#0,"""...และอื่นๆ อีก 2"""
ElementExplanationUnidentified#0,"""???"""
PotentialName#0,"""<c ffff00>$(0)<c>"""
PotentialNameUnidentified#0,"""<c ffff00>???<c>"""
ReviseParameterUnidentified#0,"""?"""
DiskLevel#0,"""Lv.$(0)\u3000(Lv. ปัจจุบัน $(1))"""
GoodsCost#0,"""ค่าติดตั้ง (Install Cost)"""
GoodsSizeHead#0,"""ขนาด"""
GoodsSize#0,"""$(0)x$(1)"""
GoodsTypeHead#0,"""ประเภท"""
GoodsTypeGround#0,"""ประเภทพื้น"""
GoodsTypeWall#0,"""ประเภทผนัง"""
GoodsTypeCeilling#0,"""ประเภทเพดาน"""
GoodsLimitHead#0,"""สถานที่"""
GoodsLimitNone#0,"""ทุกที่"""
GoodsLimitRoom#0,"""ห้อง"""
GoodsLimitBalcony#0,"""ระเบียง"""
GoodsNumMaxHead#0,"""จำนวนสูงสุดที่อนุญาต"""
GoodsNumMaxNone#0,"""ไม่มีขีดจำกัด"""
NeedDiskNumber#0,"""ค่าใช้จ่าย (Cost)"""
WeaponAvatarCategory#0,"""ประเภท Camo"""
AttributeUnidentified#0,"""ธาตุ (Attribute)"""
AttributeValue#0,"""$(0)"""
AttributeValueUnidentified#0,"""?"""
RaceUnidentified#0,"""???"""
SexUnidentified#0,"""???"""
EffectTime#0,"""ระยะเวลา"""
cos_color#0,"""สี"""
GrindTitle#0,"""ระดับการตีบวก"""
Unidentified#0,"""ยังไม่ได้ประเมิน (Untekked)"""
NoTrade#0,"""แลกเปลี่ยนไม่ได้"""
NoMyShop#0,"""ไม่สามารถขายใน My Shop ได้"""
Registered#0,"""ผูกมัดกับเจ้าของ (Bound to owner)"""
ExtendTitle#0,"""Extend"""
ExtendLevel#0,"""ExLv."""
NoItem_00#0,"""ไม่มีไอเทม"""
NoItem_01#0,"""ไม่มีรายละเอียด"""
NoItem_02#0,"""ไม่มีการปรับแต่ง"""
NoItem_03#0,"""ไม่มี"""
Explanation#0,"""รายละเอียด"""
ChipEfficiency#0,"""สถานะ Timed Ability"""
ChipEffect01#0,"""เอฟเฟกต์หลัก"""
ChipEffect02#0,"""เอฟเฟกต์รอง"""
ChipEffect03#0,"""โบนัสเอฟเฟกต์"""
ChipArea#0,"""เงื่อนไข"""
ChipDays#0,"""ระยะเวลา"""
CraftEnchantEffectTime#0,"""เวลาที่เหลือ: $(0)"""
CraftEnchantEffectTimeLess#0,"""น้อยกว่า 1 นาที"""
CraftEnchantEffectTimeExpire#0,"""<red>หมดอายุ<c>"""
TimeLimitAbility#0,"""Timed Ability"""
TimeLimitAbilityNameInvalid#0,"""<red>$(0)<c>"""
ReviseParameter_v#0,"""ตัวคูณสถานะ (รวม)"""
Jboots#0,"""Jet Boots"""
Dblade#0,"""Dual Blades"""
Takt#0,"""Takts"""
OuterWear#0,"""Outerwear"""
BaseWear#0,"""Basewear"""
InnerWear#0,"""Innerwear"""
DiskPaCustomize#0,"""Customization Disks"""
DiskClassSkill#0,"""Class Skill Disk"""
Enemy#0,"""Enemy Trigger"""
QuestTrigger#0,"""Quest Trigger"""
Candy#0,"""Candy"""
PetEgg#0,"""Egg"""
TimeLimit#0,"""Quest Start Key"""
CatGatBoost#0,"""รวบรวมวัตถุดิบสำหรับทำอาหาร"""
CatGatMaterial#0,"""วัตถุดิบ Gathering"""
Gadget#0,"""Skill Rings"""
ExchangePass#0,"""ตั๋วแลกของรางวัล Scratch"""
ValuePlusOnlyNoKakko#0,"""<c ff9c70>+$(0)<c>"""
ValueMinusOnlyNoKakko#0,"""<c 32cdff>-$(0)<c>"""
ElementEtc2#0,"""...และอื่นๆ อีก $(0)"""
GammaLimitGrindTitle#0,"""ขีดจำกัด Grind"""
Expiration_date#0,"""วันหมดอายุ"""
UndecidedExpirationDate#0,"""กำหนดหลังจากซื้อ"""
GatBoost#0,"""อาหาร"""
GatCMineral#0,"""แร่"""
GatCJewel#0,"""อัญมณี"""
GatCVegetable#0,"""ผัก"""
GatCFruit#0,"""ผลไม้"""
GatCCereal#0,"""ธัญพืช"""
GatCBean#0,"""ถั่ว"""
GatCMushroom#0,"""เห็ด"""
GatCFungus#0,"""เห็ดรา"""
GatCFlower#0,"""ดอกไม้"""
GatCEgg#0,"""ไข่"""
GatCOther#0,"""อื่นๆ"""
GatFFish#0,"""ปลา"""
GatFShellfish#0,"""หอย"""
GatFCrustacean#0,"""สัตว์เปลือกแข็ง (Crustaceans)"""
GatFMollusk#0,"""มอลลัสก์"""
GatFMarineAnimals#0,"""สัตว์เลี้ยงลูกด้วยนมในทะเล"""
GatFReptiles#0,"""สัตว์เลื้อยคลาน"""
GatFMarinePlants#0,"""สาหร่าย"""
GatFOther#0,"""อื่นๆ"""
GatOMeat#0,"""เนื้อสัตว์"""
GatOOther#0,"""อื่นๆ"""
GatODust#0,"""ขยะ (Junk)"""
RingEXP#0,"""Ring EXP"""
LimitOpen#0,"""จนกว่าจะเพิ่มขีดจำกัด Grind"""
GrindEXP#0,"""Grind EXP"""
GrindEXP2Tab#0,"""ไปยัง Grind ถัดไป"""
GammaNoLimit#0,"""<yellow>เพิ่มขีดจำกัดแล้ว<c>"""
GammaLimit#0,"""-"""
Attachment#0,"""ติดตั้ง (Attachment)"""
GammaGrind#0,"""$(0) (สูงสุด $(1))"""
GammaGrind_Max#0,"""$(0) <c ffa800>(สูงสุด $(1))<c>"""
GammaGrind_Vita#0,"""$(0)"""
GammaGrind_Max_Vita#0,"""<c ffa800>$(0)<c>"""
GammaGrindUnidentified#0,"""?"""
GammaGrindExp#0,"""$(0)"""
GammaGrindExpUnidentified#0,"""?"""
PetName#0,"""ชื่อสัตว์เลี้ยง"""
ElementOmit#0,"""...และอื่นๆ อีก $(0)"""
HandoverGamma1#0,"""<c ff9c70>อาวุธจะสืบทอดสถานะดังต่อไปนี้:<c><br><yellow>Grind, ธาตุ, Special Abilities, Photon Color,<br>และการลงทะเบียนเจ้าของ<c>"""
HandoverGamma2#0,"""Special Abilities ของ<br>ไอเทมหลักจะถูก<br>นำมาใช้"""
HandoverTakt1#0,"""<c ff9c70>อาวุธจะสืบทอดสถานะดังต่อไปนี้:<c><br><yellow>Grind, Photon Color, และการลงทะเบียน<br>เจ้าของ<c>"""
HandoverTakt2#0,"""จะไม่มีการใช้<br>Special Abilities"""
HandoverAddon1#0,"""<c ff9c70>Unit จะสืบทอดสถานะดังต่อไปนี้:<c><br><yellow>Grind, Special Abilities, Timed Abilities,<br>Photon Color, และการลงทะเบียนเจ้าของ<c>"""
HandoverAddon2#0,"""Special Abilities ของ<br>ไอเทมหลักจะถูก<br>นำมาใช้"""
AcceptType#0,"""รองรับ"""
ValueZero#0,"""(+0)"""
ValueZeroNaked#0,"""+0"""
ValueZeroPercent#0,"""+0%"""
PresetName#0,"""<c ff8750>$(0)<c>"""
ValuePercent#0,"""+$(0)%"""
Armour#0,"""ชุดเกราะ"""
Materials#0,"""วัตถุดิบ/เครื่องมือ"""
PassOther#0,"""อื่นๆ"""
NoMyShop_NoGrind#0,"""ไม่สามารถขายใน My Shop หรือใช้เป็นวัตถุดิบได้"""
NoGrind#0,"""ไม่สามารถใช้เป็นไอเทมวัตถุดิบได้"""
Ringtype#0,"""ประเภท Ring"""
RingEffect#0,"""เอฟเฟกต์ Ring"""
RebootRingType#0,"""ประเภท $(0)"""
Accessory#0,"""Accessories"""
Hairstyle#0,"""Hairstyles"""
Headparts#0,"""Head Parts"""
Sticker#0,"""Stickers"""
Facepaint#0,"""Face Paints"""
Pupil#0,"""Eyes"""
Eyebrows#0,"""Eyebrows"""
Eyelashes#0,"""Eyelashes"""
Bodypaint#0,"""Body Paints"""
Facevariation#0,"""Face Variations"""
Ear#0,"""Ears"""
Teeth#0,"""Teeth"""
Horn#0,"""Horns"""
Motion#0,"""Motions"""
Label_Restriction#0,"""ข้อจำกัด"""
Default#0,"""เรียงตามค่าเริ่มต้น"""
Price#0,"""ราคา"""
Lock#0,"""ล็อก"""
Equip#0,"""สวมใส่ได้"""
Grind#1,"""ระดับ Grind"""
Element#1,"""จำนวน Abilities"""
CharacterCode#0,"""เรียงตามชื่อ"""
CharacterCode_NewArrival#0,"""เรียงตามใหม่ล่าสุด"""
CharacterCode_Popular#0,"""เรียงตามความนิยม"""
WeaponType#0,"""หมวดหมู่"""
RarityType#0,"""ระดับความหายาก (Rarity)"""
AvatarType_N#0,"""รองรับโมเดลผู้เล่น [NGS]"""
PotentialType#0,"""Potential"""
PresetSkillsType#0,"""Preset Ability"""
ExtendType#0,"""Extend"""
WeaponTypeAll#0,"""อาวุธทั้งหมด"""
WeaponTypeSword#0,"""Swords"""
WeaponTypeLance#0,"""Wired Lances"""
WeaponTypePartisan#0,"""Partizans"""
WeaponTypeTdagger#0,"""Twin Daggers"""
WeaponTypeWsaber#0,"""Double Sabers"""
WeaponTypeKnuckle#0,"""Knuckles"""
WeaponTypeSaber#0,"""Gunslashes"""
WeaponTypeRifle#0,"""Assault Rifles"""
WeaponTypeRifle_v#0,"""Assault Rifles"""
WeaponTypeLauncher#0,"""Launchers"""
WeaponTypeTmachinegun#0,"""Twin Machineguns"""
WeaponTypeTmachinegun_v#0,"""Twin Machineguns"""
WeaponTypeRod#0,"""Rods"""
WeaponTypeTalis#0,"""Talises"""
WeaponTypeWand#0,"""Wands"""
WeaponTypeKatana#0,"""Katana"""
WeaponTypeCompoundBow#0,"""Bullet Bow"""
MaxAttack#0,"""ATK"""
MaxStrike#0,"""S-ATK"""
MaxFirearm#0,"""R-ATK"""
MaxTechnic#0,"""T-ATK"""
AttributeRatio#0,"""ประเภทธาตุ"""
AttributeRatioFire#0,"""ไฟ"""
AttributeRatioIce#0,"""น้ำแข็ง"""
AttributeRatioThunder#0,"""สายฟ้า"""
AttributeRatioWind#0,"""ลม"""
AttributeRatioLight#0,"""แสง"""
AttributeRatioDark#0,"""ความมืด"""
AddonType#0,"""หมวดหมู่"""
AddonTypeAll#0,"""Units ทั้งหมด"""
AddonBack#1,"""Rear Units"""
AddonArm#1,"""Arm Units"""
AddonLeg#1,"""Leg Units"""
AddonUnit#1,"""Sub Units"""
DfpAttack#0,"""DEF"""
DfpStrike#0,"""S-DEF"""
DfpFirearm#0,"""R-DEF"""
DfpTechnic#0,"""T-DEF"""
AttributeResistRatio#0,"""ต้านทานสถานะ"""
AttributeResistRatioFire#0,"""Burn"""
AttributeResistRatioIce#0,"""Freeze"""
AttributeResistRatioThunder#0,"""Shock"""
AttributeResistRatioWind#0,"""Mirage"""
AttributeResistRatioLight#0,"""Panic"""
AttributeResistRatioDark#0,"""Poison"""
AttributeResistRatioInjury#0,"""Physical Down"""
DiskLearn#0,"""สามารถเรียนรู้ได้"""
DiskLevel#1,"""เลเวล"""
DiskPaWeaponType#0,"""หมวดหมู่ Photon Art"""
DiskPaWeaponType_v#0,"""Photon Arts"""
DiskPaWeaponTypeSword#0,"""Swords"""
DiskPaWeaponTypeLance#0,"""Wired Lances"""
DiskPaWeaponTypePartisan#0,"""Partizans"""
DiskPaWeaponTypeTdagger#0,"""Twin Daggers"""
DiskPaWeaponTypeWsaber#0,"""Double Sabers"""
DiskPaWeaponTypeKnuckle#0,"""Knuckles"""
DiskPaWeaponTypeSaber#0,"""Gunslashes"""
DiskPaWeaponTypeRifle#0,"""Assault Rifles"""
DiskPaWeaponTypeRifle_v#0,"""A. Rifle"""
DiskPaWeaponTypeLauncher#0,"""Launchers"""
DiskPaWeaponTypeTmachinegun#0,"""Twin Machineguns"""
DiskPaWeaponTypeTmachinegun_v#0,"""T. Mechgun"""
DiskTechnicAttribute#0,"""หมวดหมู่ Technique"""
DiskTechnicAttribute_v#0,"""Technique"""
DiskPaWeaponTypeKatana#0,"""Katana"""
DiskPaWeaponTypeCompoundBow#0,"""Bullet Bow"""
DiskTechnicCustomize#0,"""การปรับแต่ง Technique"""
DiskTechnicAttributeFire#0,"""ไฟ"""
DiskTechnicAttributeIce#0,"""น้ำแข็ง"""
DiskTechnicAttributeThunder#0,"""สายฟ้า"""
DiskTechnicAttributeWind#0,"""ลม"""
DiskTechnicAttributeLight#0,"""แสง"""
DiskTechnicAttributeDark#0,"""ความมืด"""
GoodsCost#1,"""ค่าติดตั้ง"""
GoodsNumMax#0,"""ติดตั้งสูงสุด"""
GoodsType#0,"""ประเภทการติดตั้ง"""
GoodsTypeGround#1,"""ประเภทพื้น"""
GoodsTypeWall#1,"""ประเภทผนัง"""
GoodsTypeCeilling#1,"""ประเภทเพดาน"""
CraftTypeNormal#0,"""เรียงตามค่าเริ่มต้น"""
CraftTypeReleaseFinish#0,"""เรียงตามที่เสร็จสมบูรณ์"""
CraftTypeReleaseAble#0,"""เรียงตามที่ยังไม่เสร็จ"""
CraftTypeReleaseDisable#0,"""เรียงตามที่ล็อกไว้"""
ShipBattleDefault#0,"""แนะนำ"""
EnchantType#0,"""สถานะ Timed Ability"""
WeaponTypeJboots#0,"""Jet Boots"""
WeaponTypeDblade#0,"""Dual Blades"""
WeaponTypeTakt#0,"""Takts"""
GadgetNum#0,"""จำนวน Ring Ability"""
GadgetRingL#0,"""L Rings"""
GadgetRingR#0,"""R Rings"""
DiskPaWeaponTypeJboots#0,"""Jet Boots"""
DiskPaWeaponTypeDblade#0,"""Dual Blades"""
AmShopRecommend#0,"""ไอเทมแนะนำ"""
ChallengeShopRecommend#0,"""ไอเทมแนะนำ"""
AcItem#0,"""ไอเทม AC Scratch"""
AcItemVita#0,"""AC Scratch"""
MaxHP#0,"""HP"""
MaxDex#0,"""DEX"""
parameter#0,"""สถานะ"""
individual_valu#0,"""Individual Value"""
GatTypeCollect#0,"""Harvesting"""
GatTypeFishing#0,"""Fishing"""
GatTypeFish#0,"""ปลา"""
GatTypeAllCollect#0,"""วัตถุดิบ Harvesting ทั้งหมด"""
GatTypeAllFish#0,"""วัตถุดิบ Fishing ทั้งหมด"""
RetentionPeriod#0,"""ระยะเวลาเก็บรักษา"""
BodyEquipment#0,"""Costumes/Parts"""
WeaponAvatar#1,"""Weapon Camo"""
ConsumptionItems#0,"""Consumables"""
Other#1,"""อื่นๆ"""
CombatPoint#0,"""Power Level"""
PowerRate#0,"""Damage Rate"""
DamageReduction#0,"""Damage Resist"""
DownsideFluctuation#0,"""Damage Variance"""
Hp#0,"""HP"""
Pp#0,"""PP"""
Title#1,"""Inventory"""
DropInventory#0,"""ไปยัง Inventory"""
OnMouseAll#0,"""ไอเทมทั้งหมด"""
OnMouseWeapon#0,"""Weapons"""
OnMouseCostume#0,"""Costumes/Parts/Weapon Camos"""
OnMouseAddon#0,"""Armor Units"""
OnMouseAddonRing#0,"""Armor Units/Skill Rings"""
OnMouseStack#0,"""Consumables"""
OnMouseDisk#0,"""Disks"""
OnMouseGoods#0,"""Room Goods"""
OnMouseQuestitem#0,"""Order Items"""
OnMouseMaterials#0,"""Materials"""
OnMouseOther#0,"""อื่นๆ"""
Back#0,"""กลับ"""
OnMouseGadget#0,"""Skill Rings"""
OnMouseWeaponAvatar#0,"""Weapon Camo"""
OnMouseOuterItem#0,"""Outerwear"""
OnMouseNewOuter#0,"""N-Outerwear/N-Body"""
OnMouseNewCostume#0,"""N-Costume"""
OnMouseNewArm#0,"""N-Arms"""
OnMouseNewLeg#0,"""N-Legs"""
OnMouseTabAll#0,"""ทั้งหมด"""
MainTitle#0,"""Storage"""
Title#2,"""Storage"""
ReceiptTitle#0,"""Storage"""
WarehouseListTitle#0,"""เมนู Storage"""
LeaveItem#0,"""ฝากไอเทม"""
TakeItem#0,"""ถอนไอเทม"""
ReceiptItem#0,"""Collection Storage"""
LeaveMeseta#0,"""ฝาก Meseta"""
TakeMeseta#0,"""ถอน Meseta"""
Exit#0,"""กลับ"""
SearchBlankText#0,"""ป้อนคำค้นหา"""
SearchText#0,"""ค้นหา"""
DropWarehouse#0,"""ไปยัง Storage"""
DropContainer#0,"""ไปยัง Storage อื่น"""
LeaveMesetaInputNumberTitle#0,"""ฝาก Meseta"""
LeaveMesetaInputNumberMessage#0,"""ป้อนจำนวนที่ต้องการฝาก"""
TakeMesetaInputNumberTitle#0,"""ถอน Meseta"""
TakeMesetaInputNumberMessage#0,"""ป้อนจำนวนที่ต้องการถอน"""
LeaveMesetaErrorTitle#0,"""Storage"""
LeaveMesetaErrorMessage1#0,"""จำนวน Meseta ที่คุณฝากไว้ถึงขีดจำกัดแล้ว<br>จึงไม่สามารถฝากเพิ่มได้อีก"""
LeaveMesetaErrorMessage2#0,"""จำนวน Meseta ที่คุณฝากไว้ถึงขีดจำกัดแล้ว<br>จึงไม่สามารถฝากเพิ่มได้อีก"""
LeaveMesetaErrorMessage3#0,"""คุณไม่ได้พก Meseta อยู่เลย"""
TakeMesetaErrorTitle#0,"""Storage"""
TakeMesetaErrorMessage1#0,"""คุณไม่สามารถถอน Meseta ได้<br>เนื่องจากคุณพกพาถึงจำนวนสูงสุดแล้ว"""
TakeMesetaErrorMessage2#0,"""คุณไม่สามารถถอน Meseta ได้<br>เนื่องจากคุณพกพาถึงจำนวนสูงสุดแล้ว"""
TakeMesetaErrorMessage3#0,"""คุณยังไม่ได้ฝาก Meseta ไว้ใน Storage"""
WarehouseCashTitle#0,"""ใน Storage"""
CashTitle#1,"""ที่มีอยู่"""
Inventory#0,"""Inventory"""
WarehouseAll#0,"""All Storage"""
WarehouseDefault#0,"""Basic Storage"""
WarehousePost#0,"""Temp. Storage"""
WarehouseSystemPost#0,"""System Storage"""
WarehousePremiere#0,"""Prem. Storage"""
WarehouseAddition01#0,"""Expansion Storage 1"""
WarehouseAddition02#0,"""Expansion Storage 2"""
WarehouseAddition03#0,"""Expansion Storage 3"""
TermOfValidity#0,"""หมดอายุ $(0)"""
TermOfValidityOver#0,"""หมดอายุแล้ว"""
Explanation1#1,"""<c f0df60>คุณสามารถฝากและถอนไอเทมหรือ Meseta ได้ที่ Storage<c>"""
Explanation2#1,"""<c f0df60>คุณสามารถฝาก ถอน และย้ายไอเทมได้ หากใช้เมาส์ คุณสามารถลากและวางไอเทมในช่องด้านซ้ายได้<c>"""
Explanation2_v#0,"""<c f0df60>คุณสามารถฝาก ถอน และย้ายไอเทมได้"""
Explanation3#1,"""<c f0df60>คุณสามารถฝาก ถอน และย้ายไอเทมได้ หากใช้เมาส์ คุณสามารถลากและวางไอเทมในช่องด้านซ้ายได้<c>"""
Explanation3_v#0,"""<c f0df60>คุณสามารถฝาก ถอน และย้ายไอเทมได้<c><pict Sign_TRIANGLE><c ffa500>เพื่อสลับระหว่างไอคอน Storage และไอคอนที่ไม่สามารถสวมใส่ได้<c>"""
Explanation4#1,"""<c f0df60>คุณสามารถรับไอเทมจาก Temp. Storage และ System Storage ได้ หากใช้เมาส์ คุณสามารถลากและวางไอเทมในช่องด้านซ้ายได้<c>"""
Explanation4_v#0,"""<c f0df61>คุณสามารถรับไอเทมจาก Temp. Storage และ System Storage ได้"""
Explanation5#0,"""<c f0df60>คุณสามารถถอน Meseta ออกจาก Storage ได้<c>"""
Explanation6#0,"""<c f0df60>คุณสามารถฝาก Meseta ไว้ใน Storage ได้<c>"""
WarehouseStoreNum#0,"""$(0) ($(1))"""
WarehouseSystemPostStoreMessage#0,"""<pict New>มีไอเทมที่ยังไม่ได้รับ $(0) ชิ้นใน System Storage"""
WarehouseAddition04#0,"""Expansion Storage 4"""
WarehouseAddition05#0,"""Expansion Storage 5"""
WarehouseAddition06#0,"""Expansion Storage 6"""
WarehouseAddition07#0,"""Expansion Storage 7"""
OneTimePassward#0,"""OTP Storage"""
MoveAll#0,"""ย้ายทั้งหมดไปยัง Material Storage"""
Meseta#0,"""Meseta Storage"""
MoveAllMessage#0,"""ย้ายไอเทมไปยัง Material Storage แล้ว"""
Explanation_NoData_Favorite#0,"""<c f0df60>กด<c>$(0)<c f0df60>เพื่อโหลด $(1) Storage นี้ถูกตั้งค่าเป็น Favorite Storage แล้ว<c>"""
Explanation_NoData_Favorite_v#0,"""<c f0df60>กด<c>$(0)<c f0df60>เพื่อโหลด $(1) Storage นี้ถูกตั้งค่าเป็น Favorite Storage แล้ว<c>"""
Explanation_NoData_FavoriteSettable#0,"""<c f0df60>กด<c>$(0)<c f0df60>เพื่อโหลด $(2)<c>กด<c>$(1)<c f0df60>เพื่อตั้งค่าเป็น Favorite Storage<c>"""
Explanation_NoData_FavoriteSettable_v#0,"""<c f0df60>กด<c>$(0)<c f0df60>เพื่อโหลด $(2)<c>กด<c>$(1)<c f0df60>เพื่อตั้งค่าเป็น Favorite Storage<c>"""
Explanation_NoData#0,"""กด $(0) เพื่อโหลด $(1)"""
Explanation_NoData_v#0,"""กด $(0) เพื่อโหลด $(1)"""
Explanation_Unreadable_Favorite#0,"""<c f0df60>ไม่สามารถโหลด $(0) ได้ในขณะนี้ Storage นี้ถูกตั้งค่าเป็น Favorite Storage เรียบร้อยแล้ว<c>"""
Explanation_Unreadable_Favorite_v#0,"""<c f0df60>ไม่สามารถโหลด $(0) ได้ในขณะนี้ Storage นี้ถูกตั้งค่าเป็น Favorite Storage เรียบร้อยแล้ว<c>"""
Explanation_Unreadable_FavoriteSettable#0,"""<c f0df60>ไม่สามารถโหลด $(1) ได้ในขณะนี้<c>กด<c>$(0)<c f0df60>เพื่อตั้งค่าเป็น Favorite Storage<c>"""
Explanation_Unreadable_FavoriteSettable_v#0,"""<c f0df60>ไม่สามารถโหลด $(1) ได้ในขณะนี้<c>กด<c>$(0)<c f0df60>เพื่อตั้งค่าเป็น Favorite Storage<c>"""
Explanation_Unreadable#0,"""ไม่สามารถโหลด $(1) ได้ในขณะนี้ กด $(0) เพื่อตั้งค่าเป็น Favorite Storage"""
Explanation_Unreadable_v#0,"""ไม่สามารถโหลด $(0) ได้ในขณะนี้"""
Confirm_MoveAll#0,"""ย้ายไอเทม Material & Tool ทั้งหมดไปยัง Material Storage หรือไม่?"""
WarehouseCharacter#0,"""Character Storage"""
WarehouseEs#0,"""PSO2es Storage"""
WarehouseDish#0,"""Material Storage"""
WarehouseTeam#0,"""Team Storage"""
WarehouseMeseta#0,"""Meseta Storage"""
WarehouseGlobal#0,"""Mission Pass Storage"""
UnknownStoreNumber#0,"""－"""
WarehouseMenu_HeaderTitle#0,"""เมนู Storage"""
WarehouseMenu_HeaderTitleHint#0,"""ฝากและถอนไอเทมหรือ Meseta จาก Storage ประเภทต่างๆ"""
WarehouseMenu_MenuTitle#0,"""เมนู Storage"""
WarehouseMenu_Menu01#0,"""เปิด Storage"""
WarehouseMenu_Menu02#0,"""ย้ายไปยัง Material Storage<pict 4space><pict StarGem>"""
WarehouseMenu_Menu03#0,"""ฝาก/ถอน N-Meseta"""
WarehouseMenu_MesetaInfoTitle#0,"""Meseta"""
WarehouseMenu_MesetaInfo01#0,"""Meseta ที่มีอยู่"""
WarehouseMenu_MesetaInfo02#0,"""Meseta ใน Storage"""
WarehouseMenu_MesetaWarehouse_Title#0,"""ฝาก/ถอน N-Meseta"""
WarehouseMenu_MesetaWarehouse_01#0,"""ฝาก"""
WarehouseMenu_MesetaWarehouse_02#0,"""ถอน"""
WarehouseMenu_MesetaWarehouse_01_Hint#0,"""กรุณาป้อนจำนวนที่ต้องการฝาก"""
WarehouseMenu_MesetaWarehouse_02_Hint#0,"""กรุณาป้อนจำนวนที่ต้องการถอน"""
WarehouseMenu_MesetaWarehouse_03#0,"""ยืนยัน"""
WarehouseMenu_MesetaWarehouse_04#0,"""ยกเลิก"""
WarehouseQuest_ReceivingWindow_Title#0,"""รับไอเทมรางวัล"""
WarehouseQuest_ReceivingWindow_TwoLineGuide#0,"""คุณสามารถรับไอเทมรางวัลได้จาก Quest Storage กรุณาขายไอเทมเหล่านี้หรือย้ายไปยัง Storage อื่นก่อนเริ่ม Quest ถัดไป"""
WarehouseQuest_ReceivingWindow_Menu#0,"""ส่ง/รับรางวัล"""
WarehouseQuest_ReceivingWindow_WindowTitle#0,"""รายการไอเทมรางวัล"""
WarehouseQuest_ReceivingWindow_ItemPackCapacity#0,"""ความจุ Inventory หลังจากรับ"""
WarehouseQuest_ReceivingWindow_Recipient#0,"""เลือกปลายทาง"""
WarehouseQuest_ReceivingWindow_Recipient_Message#0,"""กรุณาเลือกสถานที่ที่จะส่งไอเทม $(0) ชิ้นไป<br><yellow>※เฉพาะไอเทมที่คุณมีพื้นที่ว่างพอเท่านั้นที่จะถูกส่งไป<c>"""
WarehouseQuest_ReceivingWindow_SelectReceive#0,"""เลือกและรับ (Retrieve)"""
WarehouseQuest_ReceivingWindow_AllReceive#0,"""รับทั้งหมด"""
WarehouseQuest_ReceivingWindow_AllBuy#0,"""ขายทั้งหมด"""
WarehouseQuest_ReceivingWindow_Close#0,"""ขายไอเทมที่เหลือ"""
WarehouseQuest_ReceivingWindow_ItemPackFull#0,"""คุณมีพื้นที่ใน Inventory ไม่เพียงพอ หรือคุณมีไอเทมบางชนิดมากเกินไปแล้ว<br><br>ใช้ <yellow>\""เลือกและรับ (Retrieve)\""<c> เพื่อเลือกไอเทมในจำนวนที่น้อยลง"""
WarehouseQuest_ReceivingWindow_ItemPackLittleSpace#0,"""คุณมีพื้นที่ใน Inventory ไม่เพียงพอ หรือคุณมีไอเทมบางชนิดมากเกินไปแล้ว จึงไม่สามารถรับไอเทมบางชิ้นได้<br><br>ใช้ <yellow>\""เลือกและรับ (Retrieve)\""<c> เพื่อเลือกไอเทมในจำนวนที่น้อยลง"""
WarehouseQuest_ReceivingWindow_WarehouseFull#0,"""Storage ที่คุณเลือกเต็มแล้ว จึงไม่สามารถรับไอเทมได้<br><br>ใช้ <yellow>\""เลือกและรับ (Retrieve)\""<c> เพื่อเลือกไอเทมในจำนวนที่น้อยลง"""
WarehouseQuest_ReceivingWindow_WarehouseLittleSpace#0,"""Storage ที่คุณเลือกมีพื้นที่ไม่เพียงพอ จึงไม่สามารถรับไอเทมบางชิ้นได้<br><br>ใช้ <yellow>\""เลือกและรับ (Retrieve)\""<c> เพื่อเลือกไอเทมในจำนวนที่น้อยลง"""
WarehouseQuest_ReceivingWindow_Close_Buy#0,"""ขายไอเทมที่เหลือ"""
WarehouseQuest_Receiving_Auto_Sell#0,"""การกระทำนี้จะขายไอเทมทั้งหมดใน Quest Storage ซึ่งคุณจะได้รับ $(0) <pict reb_meseta>Meseta"""
WarehouseQuest_Receiving_Guidance_Window_title#0,"""ตรวจสอบไอเทมใน Quest Storage"""
WarehouseQuest_Receiving_Guidance_Window_mes#0,"""ไอเทมใน Quest Storage ของคุณจะถูก<yellow>ขายโดยอัตโนมัติ<c>เมื่อคุณเริ่ม Quest ถัดไป<br>ต้องการเปิด Quest Storage ของคุณตอนนี้หรือไม่?"""
WarehouseQuest_Receiving_Warning_Message#0,"""ไม่สามารถเริ่ม Quest ได้เนื่องจากมีสมาชิก Party อย่างน้อยหนึ่งคนยังมีไอเทมค้างอยู่ใน <yellow>Quest Storage<c>"""
WarehouseQuest_Receiving_Confirm_MoveAll#0,"""การกระทำนี้จะย้ายไอเทมทั้งหมดจาก Quest Storage ไปยัง Material Storage ดำเนินการต่อหรือไม่?"""
Explanation_AllItems#0,"""แสดงไอเทมทั้งหมดที่คุณครอบครอง ยกเว้นใน Storage ประเภทดังต่อไปนี้:<br><br>Temporary Storage<br>Drop Storage<br>Quest Storage<br>System Storage<br>Expansion Storage<br><br><yellow>※สามารถแสดง Expansion Storage ได้หนึ่งแห่ง หากถูกตั้งเป็น Favorite Storage<c>"""
Message_OPTeamStorage_InStock#0,"""คุณมีไอเทมที่ยังไม่ได้รับรออยู่ใน System Storage"""
Title#3,"""ถังขยะ"""
DropTrashbox#0,"""ทิ้งไอเทม"""
Title#4,"""รายละเอียดไอเทม"""
NoSelectMessage#0,"""ไม่ได้เลือกไอเทม"""
Qualify#0,"""รายละเอียดอุปกรณ์"""
Parameter#0,"""รายละเอียดสถานะ"""
DetailTabForwardText#0,"""รายละเอียด"""
DetailTabForward#0,"""<%NextTabDetails>"""
Switch_Vita#0,"""<pict Sign_TRIANGLE>สลับ"""
SwitchTry_Vita#0,"""<pict Sign_TRIANGLE>ลองสวมใส่"""
RaceSex#1,"""$(0) ($(1))"""
BookSelect_Vita#0,"""ใช้ <%TabBack><%TabForward> เพื่อสลับแท็บ"""
AndMore#0,"""$(0) ฯลฯ"""
UsableQuest#0,"""Quests ที่ใช้งานได้"""
EquippedImpossible#0,"""คลาสที่ไม่สามารถสวมใส่ได้"""
EquippedImpossibleText#0,"""คลาสด้านบนไม่สามารถสวมใส่ Ring นี้ได้<br>ซึ่งรวมถึงคลาสหลัก (Main Class) และคลาสรอง (Sub Class)"""
EquippedImpossibleTextvita#0,"""คลาสด้านบนไม่สามารถสวมใส่ Ring นี้ได้<br>ซึ่งรวมถึงคลาสหลัก (Main Class) และคลาสรอง (Sub Class)"""
ProficiencyRingEXP#0,"""ระดับ Grind / Ring EXP"""
RingSkill#1,"""Ring Skill"""
RingSkillLv#0,"""Ring Skill Lv."""
RingParameter#0,"""สถานะ Ring"""
GadgetGrindValue#0,"""$(0) (<yellow>สามารถ Grind<c> ได้ถึง $(1))"""
GadgetGrindValueMax#0,"""$(0) (<yellow>เพิ่มขีดจำกัด<c> เมื่อ Ring EXP ถึง 100%)"""
GadgetGrindValueCap#0,"""$(0) <c ffa800>(สูงสุด)<c>"""
GadgetValuePercent#0,"""$(0)%"""
GadgetSkillNameLv#0,"""$(0) Lv.$(1)"""
GatBoostNeed#0,"""วัตถุดิบที่ต้องการ (สถานที่)"""
AllClassEquippedPossible#0,"""ไม่มีคลาสที่สวมใส่ได้"""
NonTargetClass#0,"""N/A"""
PetNamePetKind#0,"""$(0) ($(1) สายพันธุ์)"""
AddingParameter#0,"""สถานะเพิ่มเติม"""
Aggressivity#0,"""ATK"""
Resistant#0,"""ต้านทาน"""
FlagTicketAllRegistedCaption_1#0,"""สถานะ: <yellow>ยังไม่ถูกใช้งาน<c><br>เมื่อใช้งาน จะมีผลกับตัวละครปัจจุบัน"""
FlagTicketAllRegistedCaption_2#0,"""สถานะ: <yellow>ใช้งานกับตัวละครเดียวแล้ว<c><br>เมื่อใช้งาน จะมีผลกับทุกตัวละครในบัญชีนี้"""
FlagTicketAllRegistedCaption_2_1#0,"""สถานะ: <yellow>ใช้งานกับตัวละครนี้แล้ว<c><br>เมื่อใช้งาน จะมีผลกับทุกตัวละครในบัญชีนี้"""
FlagTicketAllRegistedCaption_3#0,"""สถานะ: <yellow>ลงทะเบียนในบัญชีของคุณแล้ว<c><br>สามารถใช้งานได้กับทุกตัวละครในบัญชีนี้"""
FlagTicketAllRegistedCaption_10#0,"""สถานะ: <yellow>ยังไม่ถูกใช้งาน<c><br>เมื่อใช้งาน จะมีผลกับทุกตัวละครในบัญชีนี้"""
FlagTicketAllRegistedCaption_11#0,"""สถานะ: <yellow>ลงทะเบียนในบัญชีของคุณแล้ว<c><br>สามารถใช้งานได้กับทุกตัวละครในบัญชีนี้"""
FlagTicketAllRegistedCaption_12#0,"""สถานะ: <yellow>ยังไม่ถูกใช้งาน<c><br>เมื่อใช้งาน จะมีผลกับทุกตัวละครในบัญชีนี้"""
FlagTicketAllRegistedCaption_13#0,"""สถานะ: <yellow>ยังไม่ถูกใช้งาน<c><br>เมื่อใช้งาน จะมีผลกับทุกตัวละครในบัญชีของคุณขณะที่อยู่ใน Ship นี้"""
FlagTicketAllRegistedCaption_14#0,"""สถานะ: <yellow>ลงทะเบียนใน Ship ปัจจุบันแล้ว<c><br>ทุกตัวละครในบัญชีของคุณสามารถใช้งานได้เมื่ออยู่ใน Ship นี้"""
CostCaption#0,"""ค่าใช้จ่าย: $(0)"""
SubstituteMotionCaption#0,"""$(0)<br>$(1)"""
TraceAlreadyIconText#0,"""ไม่สามารถแลกเปลี่ยนได้เนื่องจากถูกใช้งานกับฟังก์ชันต่อไปนี้แล้ว:<br>・เปลี่ยนรูปแบบอาวุธ (Weapon Form)<br>・เพิ่ม Unit Skill"""
NGS_NotUseItem#0,"""ไอเทมนี้ไม่สามารถใช้งานได้<br>สำหรับรายละเอียดเพิ่มเติม กรุณาตรวจสอบในส่วนคำถามที่พบบ่อย (FAQ)<br>บนเว็บไซต์ผู้เล่น"""
Musicdisc_Note001#0,"""ไอเทมนี้เป็นไอเทมเฉพาะของ [PSO2]<br>คุณสามารถใช้งานได้เมื่อคุณย้าย<br>ไปยัง [PSO2] Block (จำเป็นต้องดาวน์โหลด<br>ข้อมูลแยกต่างหากเพื่อเล่น [PSO2])"""
Musicdisc_Note002#0,"""ไอเทมนี้เป็นไอเทมเฉพาะของ [PSO2]<br>คุณสามารถใช้งานได้เมื่อคุณย้าย<br>ไปยัง [PSO2] Block และลงทะเบียนผ่านทาง<br>Team Room หรือ My Room"""
Musicdisc_Note003#0,"""ไอเทมนี้เป็นไอเทมเฉพาะของ [PSO2: NGS]<br>คุณสามารถใช้งานได้เมื่อคุณย้าย<br>ไปยัง [PSO2: NGS] Block และ<br>ลงทะเบียนผ่านทางเมนู Mag ของ NGS"""
Musicdisc_Note004#0,"""ในการเล่น Music Disc นี้<br>จำเป็นต้องติดตั้งตัวเกมพื้นฐานของ<br>[PSO2]"""
Musicdisc_Note005#0,"""<pict 4space>"""
EquipmentCondition_Human#0,"""มนุษย์ (Humanoid)"""
EquipmentCondition_Cast#0,"""Cast"""
EquipmentCondition_2Kind#0,"""$(0)/$(1)"""
EquipmentCondition_Type1#0,""" เฉพาะ T1"""
EquipmentCondition_Type2#0,""" เฉพาะ T2"""
ColorSyncCondition_BaseText#0,"""ซิงก์สี $(0) บางส่วน"""
ColorSyncCondition_Inner#0,"""[In]"""
ColorSyncCondition_Base#0,"""[Ba]"""
ColorSyncCondition_Outer#0,"""[Ou]"""
ColorSyncCondition_Hair#0,"""[Hr]"""
CategoryTitle#0,"""หมวดหมู่"""
Title_ArsenalModule#0,"""รายละเอียด M.A.R.S. Skill"""
Title_ArsenalModule_Action#0,"""รายละเอียด M.A.R.S. Skill"""
CategoryTitle2_Booster#0,"""A"""
CategoryTitle2_Abnormal#0,"""B"""
CategoryTitle2_Resist#0,"""C"""
CategoryTitle2_Special#0,"""D"""
CategoryTitle2_Userskill#0,"""E"""
CategoryTitle2_Userskill2#0,"""F"""
LegendaryLevel#0,"""Legend. $(0)"""
MesetaDenomination#0,"""<pict reb_meseta> Meseta"""
AcDenomination#0,"""AC"""
CpDenomination#1,"""FUN"""
Cash#0,"""ที่มีอยู่"""
CashAC_Vita#0,"""AC ปัจจุบัน"""
CashFUN_Vita#0,"""FUN ปัจจุบัน"""
TotalAmount#0,"""รวม"""
InputBuyNumberTitle_Vita#0,"""ซื้อ"""
InputSellNumberTitle_Vita#0,"""ขาย"""
StockNumber_Vita#0,"""ชิ้นละ $(0)"""
ShopTitle#5,"""CP Shop"""
MenuGuide#8,"""<c f0df60>ซื้อไอเทมโดยใช้ CP กรุณาเลือกไอเทมที่คุณต้องการซื้อ<c>"""
CPDenomination#0,"""CP"""
CashTitle#2,"""CP ปัจจุบัน"""
TotalCashTitle#1,"""CP รวม"""
PaperDoll#2,"""ดูตัวอย่าง (Preview)"""
BuyTitle#3,"""ยืนยันการซื้อ"""
BuyCheck#4,"""ไอเทมเหล่านี้มีราคา $(1) $(0)<br>ดำเนินการซื้อต่อหรือไม่?"""
CancelTitle#5,"""ยืนยันการยกเลิกการซื้อ"""
CancelMessage#5,"""การกระทำนี้จะเป็นการยกเลิกการซื้อ ดำเนินการต่อหรือไม่?"""
CPInsufficient#0,"""CP ไม่เพียงพอ"""
PluralityMenuGuide#3,"""<c f0df60>กรุณาเลือกร้านค้า<c>"""
ChallengeShopMenu1#0,"""อาวุธสายประชิด (Striking Weapons)"""
ChallengeShopMenu2#0,"""อาวุธสายยิง (Ranged Weapons)"""
ChallengeShopMenu3#0,"""อาวุธสายเวท (Teching Weapons)"""
WeaponShopTitle#0,"""Weapon Shop"""
CostumeShopTitle#0,"""Costume Shop"""
AddonShopTitle#0,"""Unit Shop"""
ItemShopTitle#0,"""Item Shop"""
GoodsShopTitle#0,"""Room Shop"""
DiskShopTitle#0,"""Disk Shop"""
ShopListTitle#0,"""เมนูร้านค้า (Shop Menu)"""
WeaponShopBuy#0,"""ซื้อไอเทม"""
CostumeShopBuy#0,"""ซื้อไอเทม"""
AddonShopBuy#0,"""ซื้อไอเทม"""
ItemShopBuy#0,"""ซื้อไอเทม"""
GoodsShopBuy#0,"""ซื้อไอเทม"""
DiskShopBuy#0,"""ซื้อไอเทม"""
WeaponShopBuyWarehouse#0,"""ซื้อไอเทมเข้า Storage"""
CostumeShopBuyWarehouse#0,"""ซื้อไอเทมเข้า Storage"""
AddonShopBuyWarehouse#0,"""ซื้อไอเทมเข้า Storage"""
ItemShopBuyWarehouse#0,"""ซื้อไอเทมเข้า Storage"""
GoodsShopBuyWarehouse#0,"""ซื้อไอเทมเข้า Storage"""
DiskShopBuyWarehouse#0,"""ซื้อไอเทมเข้า Storage"""
SellOff#0,"""ขายไอเทม"""
SellOffWarehouse#0,"""ขายไอเทมจาก Storage"""
Repurchase#0,"""ซื้อคืน (Buyback)"""
Exit#1,"""ออกจากร้านค้า"""
Explanation1#2,"""<c f0df60>คุณสามารถซื้อหรือขายไอเทมได้<c>"""
Explanation2#2,"""<c f0df60>คุณสามารถเลือกไอเทมที่จะซื้อและเปลี่ยนจำนวนได้ เมื่อเลือกทั้งหมดแล้วคุณสามารถกดซื้อพร้อมกันได้<c>"""
Explanation2_v#1,"""<c f0df60>เลือกไอเทมที่คุณต้องการซื้อด้วย <c><%Decide><c f0df60> จากนั้นกดปุ่ม \""ซื้อ\"" เพื่อชำระเงิน<c>"""
Explanation3#2,"""<c f0df60>คุณสามารถเลือกไอเทมที่จะซื้อและเปลี่ยนจำนวนได้ เมื่อเลือกทั้งหมดแล้วคุณสามารถกดซื้อพร้อมกันได้<c>"""
Explanation3_v#1,"""<c f0df60>เลือกไอเทมที่คุณต้องการซื้อด้วย <c><%Decide><c f0df60> จากนั้นกดปุ่ม \""ซื้อ\"" เพื่อชำระเงิน<c>"""
Explanation4#2,"""<c f0df60>คุณสามารถเลือกไอเทมที่จะซื้อและเปลี่ยนจำนวนได้ เมื่อเลือกทั้งหมดแล้วคุณสามารถซื้อแต่ละไอเทมได้จนถึงขีดจำกัดสูงสุด<c>"""
Explanation4_v#1,"""<c f0df60>เลือกไอเทมที่คุณต้องการซื้อด้วย <c><%Decide><c f0df60> จากนั้นกดปุ่ม \""ซื้อ\"" เพื่อชำระเงิน<c>"""
Explanation5#1,"""<c f0df60>คุณสามารถเลือกไอเทมที่จะขายและเปลี่ยนจำนวนได้ เมื่อเลือกทั้งหมดแล้วคุณสามารถกดขายพร้อมกันได้<c>"""
Explanation5_v#0,"""<c f0df60>เลือกไอเทมที่คุณต้องการขายด้วย <c><%Decide><c f0df60> จากนั้นกดปุ่ม \""ขาย\"" เพื่อรับเงิน<c>"""
Explanation6#1,"""<c f0df60>หลังจากเลือก Storage แล้ว คุณสามารถเลือกไอเทมที่จะขายและเปลี่ยนจำนวนได้ เมื่อเลือกทั้งหมดแล้วคุณสามารถกดขายพร้อมกันได้<c>"""
Explanation6_v#0,"""<c f0df60>หลังจากเลือก Storage แล้ว เลือกไอเทมที่คุณต้องการขายด้วย <c><%Decide><c f0df60> จากนั้นกดปุ่ม \""ขาย\"" เพื่อรับเงิน<c>"""
Explanation7#0,"""<c f0df60>คุณสามารถเลือกไอเทมที่จะซื้อคืนและเปลี่ยนจำนวนได้ เมื่อเลือกทั้งหมดแล้วคุณสามารถกดซื้อคืนพร้อมกันได้<c>"""
Explanation7_v#0,"""<c f0df60>เลือกไอเทมที่คุณต้องการซื้อคืนด้วย <c><%Decide><c f0df60> จากนั้นกดปุ่ม \""ซื้อคืน\"" เพื่อชำระเงิน<c>"""
Explanation8#0,"""<c f0df60>คุณสามารถซื้อไอเทมพิเศษได้ที่นี่<c>"""
Back#1,"""กลับ"""
NanonBadge#0,"""แลกเปลี่ยนเหรียญตรา (Badges)"""
NanonMemory#0,"""แลกเปลี่ยนความทรงจำ (Memories)"""
NanonWepon#0,"""แลกเปลี่ยน Weapons Badges"""
NanonHunt#0,"""แลกเปลี่ยน Hunting Stones"""
NanonBadgeLT#0,"""แลกเปลี่ยนเหรียญตราฉลองครบรอบ 7 ปี (~ 18 กันยายน 2019 เวลา 11:00 น.)"""
Title#5,"""รายการสินค้า"""
NoItemMessage#1,"""ไม่มีสินค้า"""
SynchronizingMessage#0,"""กำลังร้องขอข้อมูล..."""
MenuBuyItem#0,"""ซื้อเลย"""
Buy#0,"""ซื้อ"""
Back#2,"""กลับ"""
StackBuyInputNumberTitle#0,"""ซื้อเลย"""
StackBuyInputNumberMessage#0,"""กรุณาป้อนจำนวนที่คุณต้องการซื้อ"""
BuyErrorTitle#0,"""ร้านค้า"""
BuyErrorMessage1#0,"""Meseta ไม่เพียงพอ"""
BuyErrorMessage2#0,"""คุณมีพื้นที่ใน Inventory ไม่เพียงพอ<br>หรือคุณมีไอเทมที่คุณต้องการซื้อมากเกินไป<br>ไม่สามารถดำเนินการซื้อให้เสร็จสมบูรณ์ได้"""
BuyErrorMessage3#0,"""คุณครอบครอง '$(0)' ถึงขีดจำกัดแล้ว<br>ไม่สามารถซื้อเพิ่มได้อีก"""
BuyErrorMessage5#0,"""ไม่มีพื้นที่ Storage เหลืออยู่<br>ไม่สามารถซื้อเพิ่มได้อีก"""
BuyTitle#4,"""ยืนยันการซื้อ"""
BuyMessage1#0,"""คุณกำลังจะซื้อ '$(1)' ในราคา $(2)$(0)<br>ดำเนินการต่อหรือไม่?"""
BuyMessage2#0,"""คุณกำลังจะซื้อ '$(1) x$(2)' ในราคา $(3)$(0)<br>ดำเนินการต่อหรือไม่?"""
BuyMessage3#0,"""ไอเทมเหล่านี้มีราคา $(1)<pict 4space>$(0)<br>ดำเนินการต่อหรือไม่?"""
MySpaceShopText_BuyMessage_Confirm#0,"""คุณกำลังจะซื้อไอเทมในราคา $(1)$(0)GP<br>ดำเนินการต่อหรือไม่?<br><br><yellow>※มี Build Part ที่ถูกลงทะเบียนแล้ว<br>หรือที่คุณครอบครองอยู่รวมอยู่ด้วย<c>"""
MySpaceShopText_BuyMessage_Confirm_SG#0,"""คุณกำลังจะซื้อไอเทมในราคา $(1)$(0)<br>ดำเนินการต่อหรือไม่?<br><br><yellow>※มี Build Part ที่ถูกลงทะเบียนแล้ว<br>หรือที่คุณครอบครองอยู่รวมอยู่ด้วย<c>"""
MySpaceShopText_BuyMessage_Reconfirmation#0,"""มี Build Part ที่ถูกลงทะเบียนแล้ว<br>หรือที่คุณครอบครองอยู่รวมอยู่ด้วย<br>คุณแน่ใจหรือไม่ว่าต้องการซื้อ Build Part ที่เลือก?"""
Caption_ItemName#0,"""ชื่อสินค้า"""
Caption_LimitedTime#0,"""สิ้นสุดการขาย"""
Caption_Cost#0,"""ต้องการ"""
EquipableCheck#0,"""สวมใส่ได้"""
CarryNumber#0,"""จำนวนที่ครอบครอง: $(0)"""
Discount#0,"""-$(0)%"""
NameNumber#0,"""$(0) x$(1)"""
TotalNumberInventoryTitle#0,"""Inventory"""
TotalNumberWarehouseTitle#0,"""Storage"""
NumberTitle#0,"""คุณมี """
WarehouseNumberTitle#0,"""จำนวนไอเทม"""
RemainNumberTitle#0,"""ในสต็อก"""
CancelTitle#6,"""ยืนยันการยกเลิกการซื้อ"""
CancelMessage#6,"""การกระทำนี้จะเป็นการยกเลิกการซื้อ ดำเนินการต่อหรือไม่?"""
BuyResultTitle#0,"""ซื้อไอเทม"""
BuyResultMessage1#0,"""ซื้อไอเทมเสร็จสมบูรณ์"""
BuyResultMessage2#0,"""ไม่สามารถซื้อไอเทมได้"""
BuyResultMessage3#0,"""ซื้อไอเทมเสร็จสมบูรณ์<br>คุณต้องการส่ง Good Job ให้กับผู้ขายหรือไม่?"""
BuyResultMessage4#0,"""ไอเทมที่เลือกไม่สามารถซื้อได้แล้ว เนื่องจากสินค้าหมดหรือผู้ขายยกเลิกการขาย"""
TicketWeapon#0,"""Weapon Purchase Pass ★$(0)"""
TicketUnit#0,"""Unit Purchase Pass ★$(0)"""
TicketNumber#0,"""$(0) (เหลือ: $(1))"""
TicketTitle#0,"""ไอเทมที่คุณกำลังจะซื้อบางชิ้น<br>มีไอเทมระดับ ★10 ขึ้นไปรวมอยู่ด้วย<br><br>ในการซื้อจำเป็นต้องใช้ไอเทมดังต่อไปนี้<br>ไอเทมนี้จะถูกใช้เพื่อทำการซื้อ<br><br>ดำเนินการต่อหรือไม่?"""
TicketError#0,"""ไอเทมที่คุณกำลังจะซื้อบางชิ้น<br>มีไอเทมระดับ ★10 ขึ้นไปรวมอยู่ด้วย<br>แต่คุณมีไอเทมต่อไปนี้ไม่เพียงพอ<br>จึงไม่สามารถซื้อได้"""
BuyResultMessage5#0,"""ซื้อไอเทมแล้ว<br>คุณได้<yellow>ลงทะเบียนเจ้าของแล้ว<c>"""
BuyResultMessage6#0,"""ซื้อไอเทมแล้ว<br>คุณได้<yellow>ลงทะเบียนเจ้าของแล้ว<c><br>ส่ง Good Job ให้กับผู้ขายหรือไม่?"""
OwnershipMessage#0,"""ไอเทมที่คุณกำลังจะซื้อมีไอเทมระดับ<br>★13 ขึ้นไปรวมอยู่ด้วย<br><br>คุณจะ<yellow>ลงทะเบียนเจ้าของ<c>ไอเทมเหล่านี้เมื่อทำการซื้อ<br>ดำเนินการต่อหรือไม่?"""
WeaponRarity#0,"""อาวุธ ★$(0) $(1)"""
UnitRarity#0,"""Unit ★$(0) $(1)"""
SellOff#1,"""ขาย"""
Back#3,"""กลับ"""
SellOffErrorTitle#0,"""ร้านค้า"""
SellOffErrorMessage1#0,"""ไม่สามารถขายพร้อมกันได้มากกว่านี้แล้ว"""
SellOffTitle#0,"""ขายไอเทม"""
SellOffMessage#0,"""ไอเทมจะถูกขายในราคา $(1)<pict 4space>$(0)<br>ดำเนินการต่อหรือไม่?"""
CancelTitle#7,"""ยืนยันการยกเลิกการขาย"""
CancelMessage#7,"""จะทำการยกเลิกการขาย<br>ดำเนินการต่อหรือไม่?"""
SellOffResultTitle#0,"""ขายไอเทม"""
SellOffResultMessage1#0,"""ขายไอเทมเสร็จสมบูรณ์"""
SellOffResultMessage2#0,"""ไม่สามารถขายไอเทมได้"""
Title#6,"""รายการซื้อคืน"""
NoItemMessage#2,"""คุณไม่มีไอเทมที่สามารถซื้อคืนได้"""
MenuRepurchaseItem#0,"""ซื้อคืนเลย"""
Repurchase#1,"""ซื้อคืน"""
Back#4,"""กลับ"""
StackRepurchaseInputNumberTitle#0,"""ซื้อคืนเลย"""
StackRepurchaseInputNumberMessage#0,"""ป้อนจำนวนที่ต้องการซื้อคืน"""
RepurchaseTitle#0,"""ซื้อคืนไอเทม"""
RepurchaseMessage1#0,"""คุณแน่ใจหรือไม่ว่าต้องการซื้อคืน<br>$(1)<br>ในราคา $(2)$(0)?"""
RepurchaseMessage2#0,"""คุณแน่ใจหรือไม่ว่าต้องการซื้อคืน<br>$(1) x $(2)<br>ในราคา $(3)$(0)?"""
RepurchaseMessage3#0,"""คุณกำลังจะซื้อคืนไอเทมในราคา $(1)$(0)<br>แน่ใจหรือไม่ว่าต้องการดำเนินการต่อ?"""
RepurchaseErrorTitle#0,"""ร้านค้า"""
RepurchaseErrorMessage1#0,"""เงินไม่เพียงพอ"""
RepurchaseErrorMessage2#0,"""การทำรายการถูกยกเลิกเนื่องจากพื้นที่ใน Inventory ไม่เพียงพอ"""
RepurchaseErrorMessage3#0,"""ไม่สามารถทำรายการได้เนื่องจากคุณครอบครอง $(0) ถึงจำนวนสูงสุดแล้ว กรุณาเพิ่มพื้นที่ว่างใน Inventory ของคุณเพื่อซื้อเพิ่มเติม"""
CancelTitle#8,"""ยืนยันการยกเลิกการซื้อคืน"""
CancelMessage#8,"""คุณแน่ใจหรือไม่ว่าต้องการ<br>ยกเลิกการซื้อคืน?"""
RepurchaseResultTitle#0,"""ซื้อคืนไอเทม"""
RepurchaseResultMessage1#0,"""ซื้อคืนไอเทมเสร็จสมบูรณ์"""
RepurchaseResultMessage2#0,"""ไม่สามารถซื้อคืนไอเทมได้"""
Cash#1,"""ที่มีอยู่"""
Cost#0,"""เปลี่ยน"""
agendum#0,""" """
Before#0,"""ก่อน"""
After#0,"""หลัง"""
SelectStart#0,"""ยืนยัน"""
Cancel#0,"""ยกเลิก"""
NeedMeseta#0,"""<yellow>ต้องการ Meseta: $(1) (มีอยู่: $(0))<c>"""
ElementNeedGrind#0,"""ปลดล็อกเมื่อถึงระดับ Grind $(0)"""
SkillLocked#0,"""-"""
SkillLocked2#0,"""ยังไม่ได้ตั้งค่า"""
LevelPlus#0,"""+$(0)"""
MaxLevel#0,"""สูงสุด $(0)"""
Title#7,"""Item Lab"""
LaboListTitle#0,"""เมนู Lab"""
Grind#2,"""ตีบวกอาวุธ & Unit"""
Grind_Title#0,"""ตีบวกไอเทม"""
ElementCompose#0,"""เพิ่มความสามารถพิเศษ"""
ElementCompose_Title#0,"""เพิ่มความสามารถพิเศษ"""
LimitBreak#0,"""ปลดขีดจำกัด(Limit Break)"""
ComposeElement#0,"""เพิ่ม Abilities"""
GrindAttribute#0,"""เพิ่มระดับธาตุ OT"""
ReleasePotential#0,"""ปลดล็อก Potential Ability"""
ElementSupplement#0,"""เพิ่มแคปซูลความสามารถพิเศษ"""
Exit#2,"""กลับ"""
LaboElementInherit#0,"""ย้าย Special Ability"""
LaboElementPorting#0,"""ย้าย Special Ability"""
LaboElementPortingNormal#0,"""ย้าย Special Ability ทั้งหมด"""
LaboElementPortingEX#0,"""ย้าย EX Special Ability"""
LaboMulti_Porting#0,"""ย้าย Preset Ability"""
LaboPresetUpgrade#0,"""อัปเกรด Preset Ability"""
LaboPresetGrant#0,"""เพิ่ม Preset Ability"""
LaboPreset#0,"""Preset Abilities"""
LaboMulti#0,"""Multi-weapon"""
LaboGrindSpecify#0,"""ข้ามการตีบวกไอเทม"""
LaboMaterialTradeShop#0,"""แลกเปลี่ยนวัตถุดิบอัปเกรด"""
LaboCapsuleTrade#0,"""แลกเปลี่ยนแคปซูล Special Ability"""
LaboMaterialTrade#0,"""แลกเปลี่ยนวัตถุดิบอื่นๆ"""
ManagementTitle#0,"""บูสต์จำกัดเวลา"""
ManagementGrind#0,"""อัตรา Great Success +$(0)%"""
ManagementGrind_Series#0,"""<pict sd_icon><pict 4space><yellow>เฉพาะซีรีส์<c>:<pict 4space>อัตรา Great Success +$(0)%"""
ManagementElement#0,"""อัตราสำเร็จของ Ability +$(0)%"""
ManagementElement_Series#0,"""<pict sd_icon><pict 4space><yellow>เฉพาะซีรีส์<c>:<pict 4space>อัตราสำเร็จของ Ability +$(0)%"""
ManagementMaterial#0,"""ลดจำนวนวัตถุดิบที่ใช้"""
ManagementMaterial_Series#0,"""<pict sd_icon><pict 4space><yellow>เฉพาะซีรีส์<c>:<pict 4space>ใช้วัตถุดิบลดลงครึ่งหนึ่ง"""
ManagementMaterial_02#0,"""ลดจำนวนวัตถุดิบที่ใช้ -$(0)%"""
ManagementMaterial_02_Series#0,"""<pict sd_icon><pict 4space><yellow>เฉพาะซีรีส์<c>:<pict 4space>ลดจำนวนวัตถุดิบที่ใช้ -$(0)%"""
ManagementMeseta#0,"""ต้องการ<pict 4space><pict reb_meseta><pict 4space>Meseta ลดลงครึ่งหนึ่ง"""
ManagementMeseta_Series#0,"""<pict sd_icon><pict 4space><yellow>เฉพาะซีรีส์<c>:<pict 4space>ต้องการ<pict 4space><pict reb_meseta><pict 4space>Meseta ลดลงครึ่งหนึ่ง"""
ManagementMeseta_02#0,"""ต้องการ<pict 4space><pict reb_meseta><pict 4space>Meseta -$(0)%"""
ManagementMeseta_02_Series#0,"""<pict sd_icon><pict 4space><yellow>เฉพาะซีรีส์<c>:<pict 4space>ต้องการ<pict 4space><pict reb_meseta><pict 4space>Meseta -$(0)%"""
ManagementPresetUpgrade#0,"""อัตราสำเร็จ +$(0)%"""
ManagementPresetUpgrade_Level#0,"""อัตราสำเร็จในการอัปเกรด Preset Ability +$(1)% สำหรับ Lv.$(0) หรือต่ำกว่า"""
ManagementPresetUpgrade_Series#0,"""<pict sd_icon><pict 4space><yellow>เฉพาะซีรีส์:<c><pict 4space>อัตราสำเร็จ +$(0)%"""
ManagementPresetUpgrade_Level_Series#0,"""<pict sd_icon><pict 4space><yellow>เฉพาะซีรีส์:<c>อัตราสำเร็จในการอัปเกรด Preset Ability +$(1)% สำหรับ Lv.$(0) หรือต่ำกว่า"""
ManagementPresetUpgrade_Level_None#0,"""อัตราสำเร็จเมื่อไม่มี Preset Ability +$(0)%"""
ManagementPresetUpgrade_Level_Series_None#0,"""<pict sd_icon><pict 4space><yellow>เฉพาะซีรีส์:<c>อัตราสำเร็จเมื่อไม่มี Preset Ability +$(0)%"""
ManagementBreak#0,"""$(0)<br>$(1)"""
ManagementBreak_02#0,"""$(0)<br>$(1)<br>$(2)"""
LaboSeries_Balloontext#0,"""แสดงไอเทมเป้าหมายของบูสต์เฉพาะซีรีส์"""
LaboSeries_List#0,"""ไอเทมเป้าหมายของบูสต์เฉพาะซีรีส์ """
MaterialListTitle#1,"""ข้อมูลไอเทม"""
MaterialListNum1#0,"""ชื่อไอเทม"""
MaterialListNum2#0,"""ที่ต้องการ"""
MaterialListNum3#0,"""ที่มีอยู่"""
ErrorMessage#1,"""เกิดข้อผิดพลาดในการสื่อสาร กำลังกลับสู่เมนู Lab"""
ErrorMessage2#0,"""Item Lab ไม่สามารถใช้ไอเทมจาก Storage นี้ได้"""
ErrorMessage3#0,"""คุณไม่สามารถโหลด Extra Storage อื่นในขณะที่กำลังเลือกไอเทมใน Extra Storage ได้"""
Explanation1#3,"""ที่นี่คุณสามารถ Grind อาวุธและชุดเกราะ, ปลดล็อก Potentials, เพิ่ม Special Abilities และอื่นๆ ได้"""
Explanation2#3,"""<c f0df60>การ Grind อาวุธและชุดเกราะจะเพิ่มระดับการตีบวก (+value) โดยต้องใช้ไอเทมวัตถุดิบบางส่วน<c>"""
Explanation3#3,"""<c f0df60>หากคุณมี Support Item ที่สามารถใช้ได้ คุณสามารถเลือกได้ที่นี่ สามารถหา Support Item ได้จาก Scratch และ AC Shop<c>"""
Explanation3_v#2,"""<c f0df60>หากคุณมี Support Item ที่สามารถใช้ได้ คุณสามารถเลือกได้ที่นี่<c>"""
Explanation4#3,"""<c f0df60>ในการเพิ่ม Special Ability คุณสามารถเลือกเพิ่ม Special Ability จากอาวุธหรือ Unit หลายชิ้นได้ กรุณาเลือกไอเทมที่เป็น \""เป้าหมาย\"" ในการเพิ่ม<c>"""
Explanation4_v#2,"""<c f0df60>คุณสามารถเพิ่ม Special Ability จากอาวุธหรือ Unit ได้ กรุณาเลือกไอเทมที่เป็น \""เป้าหมาย\"" ในการเพิ่ม<c>"""
Explanation5#2,"""<c f0df60>กรุณาเลือก \""วัตถุดิบ\"" โดย \""วัตถุดิบ\"" จะต้องเป็นอาวุธที่มีจำนวน Special Ability เท่ากับหรือมากกว่าเป้าหมาย \""วัตถุดิบ\"" ที่เลือกจะ<c ff4f3f>หายไปหลังดำเนินการ<c f0df60><c>"""
Explanation5_v#1,"""<c f0df60>กรุณาเลือกวัตถุดิบที่มีจำนวน Special Ability เท่ากับหรือมากกว่าเป้าหมาย \""วัตถุดิบ\"" จะ<c ff4f3f>หายไปหลังดำเนินการ<c f0df60><c>"""
Explanation6#2,"""<c f0df60>กรุณาเลือก \""วัตถุดิบ\"" โดย \""วัตถุดิบ\"" จะต้องเป็น Unit ที่มีจำนวน Special Ability เท่ากับหรือมากกว่าเป้าหมาย \""วัตถุดิบ\"" ที่เลือกจะ<c ff4f3f>หายไปหลังดำเนินการ<c f0df60><c>"""
Explanation6_v#1,"""<c f0df60>กรุณาเลือกวัตถุดิบที่มีจำนวน Special Ability เท่ากับหรือมากกว่าเป้าหมาย \""วัตถุดิบ\"" จะ<c ff4f3f>หายไปหลังดำเนินการ<c f0df60><c>"""
Explanation7#1,"""<c f0df60>เลือก Special Ability ที่ต้องการเพิ่ม และเติมรายการการเพิ่ม Special Ability ให้ครบเพื่อเริ่มดำเนินการ (การใช้งาน Extra Slot สามารถเลือกได้ตามความสมัครใจ)<c>"""
Explanation7_v#1,"""<c f0df60>เลือก Special Ability และเติมรายการให้ครบเพื่อเริ่มดำเนินการ (การใช้งาน Extra Slot สามารถเลือกได้ตามความสมัครใจ)<c>"""
Explanation8#1,"""<c f0df60>นี่คือหน้าจอยืนยันขั้นสุดท้ายสำหรับการเพิ่ม Special Ability หากคุณมี Support Item อยู่ สามารถเลือกใช้ได้<c>"""
Explanation9#0,"""<c f0df60>ในการเพิ่มค่าธาตุ คุณสามารถใช้ไอเทม \""Synthesizer\"" และ \""อาวุธวัตถุดิบ\"" เพื่อเพิ่มค่าธาตุของอาวุธได้ กรุณาเลือกอาวุธ \""เป้าหมาย\""<c>"""
Explanation9_v#0,"""<c f0df60>คุณสามารถเพิ่มค่าธาตุของอาวุธได้โดยใช้ \""Synthesizer\"" และ \""อาวุธวัตถุดิบ\"" กรุณาเลือกอาวุธ<c>"""
Explanation10#0,"""<c f0df60>จำเป็นต้องใช้อาวุธในหมวดหมู่เดียวกันและระดับความหายาก (Rarity) เดียวกันกับเป้าหมาย \""วัตถุดิบ\"" ที่เลือกจะ<c ff4f3f>หายไปหลังดำเนินการ<c f0df60><c>"""
Explanation10_v#0,"""<c f0df60>จำเป็นต้องใช้อาวุธในหมวดหมู่เดียวกันและระดับความหายาก (Rarity) เดียวกันกับเป้าหมาย \""วัตถุดิบ\"" ที่เลือกจะ<c ff4f3f>หายไปหลังดำเนินการ<c f0df60><c>"""
Explanation11#0,"""<c f0df60>นี่คือหน้าจอยืนยันขั้นสุดท้ายสำหรับการเพิ่มค่าธาตุ หากคุณมี Support Item อยู่ สามารถเลือกใช้ได้<c>"""
Explanation12#0,"""<c f0df60>ในการปลดล็อก Potential Ability คุณสามารถใช้ไอเทม \""Photon Sphere\"" เพื่อปลดล็อก Potential Ability ได้ กรุณาเลือกอาวุธ \""เป้าหมาย\""<c>"""
Explanation12_v#0,"""<c f0df60>สามารถใช้ไอเทม \""Photon Sphere\"" เพื่อปลดล็อก Potential Ability ได้ กรุณาเลือกอาวุธ<c>"""
Explanation13#0,"""<c f0df60>กรุณาเลือก Potential Ability ที่ต้องการปลดล็อก<c>"""
Explanation13_v#0,"""<c f0df60>กรุณาเลือก Potential Ability ที่ต้องการปลดล็อก<c>"""
Explanation14#0,"""<c f0df60>นี่คือหน้าจอยืนยันขั้นสุดท้ายสำหรับการปลดล็อก Potential Ability<c>"""
SelectItemTitle#0,"""เลือกไอเทม"""
Unregister#0,"""ยกเลิกการลงทะเบียนเจ้าของ"""
ChangeColor#0,"""เปลี่ยน Photon Color"""
GammaHelp#0,"""วิธีใช้อาวุธ New-Type"""
UnitHelp#0,"""ฟังคำอธิบายเกี่ยวกับชุดเกราะ"""
ChangePotential#0,"""เปลี่ยน Potential"""
Synthesis#0,"""เพิ่ม Unit Skill"""
Awakening#0,"""ย้าย S-Class Special Ability"""
Inherit#0,"""ย้าย Special Ability"""
Trace#0,"""เปลี่ยนรูปแบบอาวุธ (Weapon Form)"""
TraceAdd#0,"""เปลี่ยนรูปแบบอาวุธ (Weapon Form)"""
TraceRemove#0,"""ย้อนกลับรูปแบบอาวุธ"""
Explanation_GrindGamma_Mate#0,"""<c f0df60>กรุณาเลือก \""วัตถุดิบ\"" ปริมาณ Grind EXP ที่ได้รับจะเปลี่ยนไปตาม \""วัตถุดิบ\"" ที่เลือก อนึ่ง \""วัตถุดิบ\"" ที่เลือกจะ<c ff4f3f>หายไปหลังทำการ Grind<c f0df60><c>"""
Explanation_GrindGamma_Mate_v#0,"""<c f0df60>ปริมาณ Grind EXP ที่ได้รับจะเปลี่ยนไปตามวัตถุดิบที่เลือก อนึ่ง วัตถุดิบที่เลือกจะ<c ff4f3f>หายไปหลังทำการ Grind<c f0df60><c>"""
Explanation_GrindGamma_Support#0,"""<c f0df60>เมื่อคุณมี \""Support Item\"" สามารถเลือกใช้ได้ โดยสามารถหา Support Item ได้จาก AC Shop หรือ Scratch<c>"""
Explanation_GrindGamma_Support_v#0,"""<c f0df60>เมื่อคุณมี \""Support Item\"" สามารถเลือกใช้ได้<c>"""
Explanation_GrindGamma_Potential_Release#0,"""<c f0df60>จำเป็นต้องปลดล็อก Potential Ability เพื่อทำการ Grind ต่อ กรุณาเลือก Potential Ability ที่ต้องการปลดล็อก<c>"""
Explanation_GrindGamma_Potential_Release_v#0,"""<c f0df60>จำเป็นต้องปลดล็อก Potential Ability เพื่อทำการ Grind ต่อ กรุณาเลือก Potential Ability ที่ต้องการปลดล็อก<c>"""
Explanation_GrindGamma_Potential_Exchange#0,"""<c f0df60>กรุณาเลือก Potential Ability ที่ต้องการปลดล็อก<c>"""
Explanation_GrindGamma_Potential_Exchange_v#0,"""<c f0df60>กรุณาเลือก Potential Ability ที่ต้องการปลดล็อก<c>"""
Explanation_GrindGamma_Potential_Confirm_v#0,"""<c f0df60>นี่คือหน้าจอยืนยันขั้นสุดท้าย<c>"""
Explanation15#0,"""<c f0df61>คุณสามารถเปลี่ยน Photon Color ของไอเทมบางชิ้นได้ กรุณาเลือกไอเทม<c>"""
Explanation16#0,"""<c f0df62>กรุณาตั้งค่า Photon Color เลือก [ยืนยัน (Decide)] เพื่อบันทึกการเปลี่ยนสี<c>"""
Explanation17#0,"""<c f0df62>คุณสามารถยกเลิกการลงทะเบียนเจ้าของไอเทม (ยกเว้นไอเทมที่กำลังสวมใส่อยู่) ได้โดยใช้ Owner Cancel Pass<c>"""
Explanation18#0,"""<c f0df62>นี่คือหน้าจอยืนยันขั้นสุดท้ายสำหรับการยกเลิกการลงทะเบียนเจ้าของ<c>"""
Explanation19#0,"""<c f0df60>คุณสามารถสลับ Potential ของอาวุธได้โดยใช้ไอเทมเฉพาะ กรุณาเลือกอาวุธเป้าหมาย<c>"""
Explanation20#0,"""<c f0df60>กรุณาเลือก Potential Ability ที่ต้องการสลับ<c>"""
Explanation21#0,"""<c f0df60>นี่คือหน้าจอยืนยันขั้นสุดท้ายสำหรับการสลับ Potential Ability กรุณาตรวจสอบ Meseta และไอเทมที่ต้องใช้ในการสลับ<c>"""
RegisterOwnerShipConfirmMessage#0,"""※ไอเทมระดับความหายาก (Rarity) $(0) ขึ้นไปจะถูก<yellow>ลงทะเบียนเจ้าของ<c><br>และไม่สามารถแลกเปลี่ยนกับผู้เล่นอื่นได้"""
RegisterOwnerShipResultMessage#0,"""<yellow>ลงทะเบียนเจ้าของเสร็จสมบูรณ์<c>แล้ว"""
CategoryNewWeapon#0,"""ตีบวกอาวุธและชุดเกราะ"""
CategoryOldWeapon#0,"""เฉพาะแบบเก่า (Old-Type)"""
CategoryOther#0,"""อื่นๆ"""
Explanation22#0,"""<c f0df60>กรุณาเลือกอาวุธที่ต้องการเปลี่ยนรูปลักษณ์ เฉพาะอาวุธที่ถูก Grind จนถึงระดับสูงสุดแล้วเท่านั้น<c>"""
Explanation23#0,"""<c f0df60>กรุณาเลือกไอเทมที่จะใช้เป็นรูปลักษณ์ภายนอก เฉพาะอาวุธที่ถูก Grind จนถึงระดับสูงสุดแล้วหรือ Weapon Camo เท่านั้น<c>"""
Explanation24#0,"""<c f0df60>นี่คือหน้าจอยืนยันขั้นสุดท้ายสำหรับการเปลี่ยนรูปลักษณ์อาวุธ<c>"""
Explanation25#0,"""<c f0df60>กรุณาเลือกไอเทมที่ต้องการย้อนกลับรูปลักษณ์อาวุธ<c>"""
Explanation26#0,"""<c f0df60>นี่คือหน้าจอยืนยันขั้นสุดท้ายสำหรับการยกเลิกการเปลี่ยนรูปลักษณ์<c>"""
SupportItem_TotalText#0,"""ที่มีอยู่: $(0)"""
RingGrind#0,"""ตีบวก Skill Ring"""
Heading_Grind#0,"""ปรับแต่งไอเทม"""
Heading_MaterialTrade#0,"""แลกเปลี่ยนวัตถุดิบตีบวก"""
Grind_Weapon_Title#0,"""ปรับแต่งอาวุธ"""
Grind_Armor_Title#0,"""ปรับแต่งชุดเกราะ"""
DetailsTab_Base#0,"""ข้อมูลพื้นฐาน"""
DetailsTab_Element#0,"""Special Ability"""
DetailsTab_Element2#0,"""ตรวจสอบความสามารถ 2"""
DetailsTab_Etc#0,"""ข้อมูลอื่นๆ"""
ItemCustum_Title#0,"""ปรับแต่งไอเทม"""
ItemCustum_DetailsTitle#0,"""ข้อมูลรายละเอียด"""
ItemCustum_SuperElementText#0,"""Special Ability"""
ItemCustum_PotentialText#0,"""Potential Ability"""
ItemCustum_AllAddChange_ButtonText#0,"""เพิ่ม/เปลี่ยน Special Ability"""
ItemCustum_EX_ButtonText#0,"""ย้าย EX Special Ability"""
ItemCustum_AllSuperElement_ButtonText#0,"""ย้าย Special Ability ทั้งหมด"""
ItemCustum_Potential_ButtonText#0,"""ปลดล็อก Potential Ability"""
ItemCustum_AddChange_ButtonText#0,"""เพิ่ม/เปลี่ยน Preset Ability"""
ItemCustum_Enhance_ButtonText#0,"""เสริมระดับ Preset Ability"""
ItemCustum_ElementPorting_ButtonText#0,"""ย้าย Preset Ability"""
ItemCustum_MultiWeapon_ButtonText#0,"""เปลี่ยน Multi-weapon"""
ItemCustum_CombatPower#0,"""Battle Power"""
Explanation_RebootBaseSelect#0,"""กรุณาเลือกไอเทมที่จะปรับแต่ง"""
Explanation_RebootItemCustom#0,"""กรุณาเลือกหัวข้อที่จะปรับแต่ง"""
Details_Element_NoElement#0,"""ไม่มี Special Ability"""
Details_Etc_NoPotentialPreset#0,"""ไม่มี Potential Ability / Preset Ability"""
Explanation1#4,"""เลือกอาวุธหรือชุดเกราะที่คุณต้องการ Grind <c f0df60>คุณไม่สามารถเลือกไอเทมที่ถึงระดับ Grind สูงสุดแล้วได้<c>"""
Explanation2#4,"""เลือกอาวุธหรือชุดเกราะเพื่อใช้เป็นวัตถุดิบ <scarlet>ไอเทมที่เลือกจะหายไปหลังจากการ Grind เสร็จสิ้น<c>"""
Explanation3#4,"""นี่คือหน้าจอยืนยันขั้นสุดท้ายสำหรับการ Grind ตรวจสอบรายละเอียดให้ถี่ถ้วน และเลือก \""ยืนยัน\"" หากไม่มีปัญหา"""
Explanation1_GridSkip#0,"""คุณสามารถข้ามการ Grind (Grind Skip) ได้โดยใช้ Support Item ที่กำหนด <yellow>คุณไม่สามารถเลือกไอเทมที่ถึงระดับ Grind สูงสุดแล้วได้<c>"""
Explanation2_GridSkip#0,"""นี่คือหน้าจอยืนยันขั้นสุดท้ายสำหรับการ Grind เลือก Support Item แล้วตรวจสอบการเลือกของคุณ เลือก \""ยืนยัน\"" หากไม่มีปัญหา"""
ConfirmationElementTitle#0,"""รายละเอียดการตีบวก"""
ConfirmationTitle#1,"""เพิ่ม Unit Skill"""
Title#8,"""เลือกไอเทมที่จะ Grind"""
MenuAppendItem#0,"""ตั้งค่า"""
MenuRemoveItem#0,"""ถอดออก"""
GrindStart#0,"""เริ่ม Grind"""
Back#5,"""กลับ"""
NoItemMessage#3,"""คุณยังไม่ได้ตั้งค่าไอเทมที่จะ Grind"""
DropItem#0,"""ตั้งค่าไอเทมที่จะ Grind"""
GrindTitle#1,"""ตีบวกไอเทม"""
GrindMessage#0,"""จะเริ่มทำการ Grind<br>ดำเนินการต่อหรือไม่?<br><br>※การใช้ Support Item จะช่วย<br>\u3000ลดความเสี่ยงหรือ<br>\u3000เพิ่มระดับการ Grind ได้"""
GrindMessage_v#0,"""จะเริ่มทำการ Grind ดำเนินการต่อหรือไม่?<br>※การใช้ Support Item จะช่วยลดความเสี่ยงหรือ<br>\u3000เพิ่มระดับการ Grind ได้"""
GrindSupport1#0,"""Support Item 1"""
GrindNoSupport1Item#0,"""ไม่ได้เลือก"""
GrindSupport1Item#0,"""$(0) x$(1)"""
GrindSupport2#0,"""Support Item 2"""
GrindNoSupport2Item#0,"""ไม่ได้เลือก"""
GrindSupport2Item#0,"""$(0) x$(1)"""
CompareTitle#0,"""รายละเอียดการ Grind ไอเทม"""
SkipConfirmationTitle#0,"""ยืนยันการข้ามการ Grind (Grind Skip)"""
SkipConfirmationTitle2#0,"""รายละเอียดการตีบวก"""
CompareNum1#0,"""อัตรา Great Success"""
CompareNum2#0,"""ระดับการตีบวก"""
CompareNum3#0,"""ขีดจำกัด Grind"""
CompareNum4#0,"""พลังโจมตี"""
CompareNum5#0,"""พลังป้องกัน"""
CompareNum6#0,"""ช่อง Ability"""
BaseTitle#0,"""เลือกไอเทมหลัก"""
BaseTitle_GridSkip#0,"""เลือกไอเทมหลัก"""
MaterialTitle#0,"""เลือกไอเทมวัตถุดิบ"""
ResultMessage1#0,"""การอัปเกรดไอเทม $(2) <green>สำเร็จ<c><br>ระดับการตีบวกเพิ่มขึ้นจาก +$(1) เป็น +$(0)"""
ResultMessage2#0,"""การอัปเกรดไอเทม $(2) <c ff007f>สำเร็จอย่างยอดเยี่ยม<c><br>ระดับการตีบวกเพิ่มขึ้นจาก +$(1) เป็น +$(0)"""
ResultMessage3#0,"""การอัปเกรดไอเทม $(3) <green>สำเร็จ<c><br>ระดับการตีบวกเพิ่มขึ้นจาก +$(2) เป็น +$(1)<br><br>เนื่องจากระดับการตีบวกถึง $(0)<br>ช่อง Special Ability จึงเพิ่มขึ้นจาก $(5) เป็น $(4)"""
ResultMessage4#0,"""การอัปเกรดไอเทม $(3) <c ff007f>สำเร็จอย่างยอดเยี่ยม<c><br>ระดับการตีบวกเพิ่มขึ้นจาก +$(2) เป็น +$(1)<br><br>เนื่องจากระดับการตีบวกถึง $(0)<br>ช่อง Special Ability จึงเพิ่มขึ้นจาก $(5) เป็น $(4)"""
ConfirmationAttentionMessage#1,"""คุณได้เลือกไอเทมวัตถุดิบที่ตรงกับเงื่อนไขด้านล่างข้อใดข้อหนึ่ง แน่ใจหรือไม่ว่าต้องการดำเนินการต่อ?<br><br>・ไอเทมระดับความหายาก (Rarity) ★4 ขึ้นไป<br>・ไอเทมที่ถึงขีดจำกัด Grind แล้ว"""
ConfirmationMessage#0,"""จะทำการเพิ่ม Special Ability ดำเนินการต่อหรือไม่?<br><br>※Special Ability ที่ไม่ได้ถูกเลือก<br><scarlet>จะหายไป<c><br><br>※คุณสามารถเพิ่มอัตราสำเร็จได้โดยการใช้<br>Support Item"""
SkipConfirmationMessage#0,"""กรุณาเลือก Support Item<br>ไอเทมที่เลือก<scarlet>จะถูกใช้งาน<c>เมื่อเริ่มทำการ Grind<br><br><yellow>※สามารถเลือกได้เฉพาะ Support Item บางชนิดเท่านั้น<c><br><br>ดำเนินการต่อหรือไม่?"""
SkipConfirmationMessage2#0,"""Support Item นี้จะข้ามระดับการตีบวกไปสูงกว่า<br>ระดับที่ไอเทมหลักสามารถทำได้ในปัจจุบัน<br>ระดับการตีบวกส่วนเกินจะสูญเปล่า<br><br>แน่ใจหรือไม่ว่าต้องการดำเนินการต่อ?<br><br><yellow>※คุณสามารถเพิ่มขีดจำกัดระดับการตีบวกได้ด้วยฟังก์ชัน Limit Break ที่ Item Lab<c>"""
CompareMessage#0,"""<yellow>ต้องการ $(1): $(2) (ปัจจุบัน: $(0))<br>Meseta ที่ต้องการ: $(4) (มีอยู่: $(3))<c>"""
GrindSuccessRate#0,"""อัตราสำเร็จ"""
GrindSuccessRateMessage1#0,"""<green>แน่นอน<c>"""
GrindSuccessRateMessage2#0,"""<c 00ffff>ปลอดภัย<c>"""
GrindSuccessRateMessage3#0,"""<yellow>คำเตือน<c>"""
GrindSuccessRateMessage4#0,"""<red>อันตราย<c>"""
GrindSuccessRateMessage5#0,"""<red>อันตราย<c>"""
GrindRisk#0,"""ความเสี่ยง"""
GrindRiskMessage1#0,"""ไม่มี"""
GrindRiskMessage2#0,"""<c f2f2b0>Grind -1<c>"""
GrindRiskMessage3#0,"""<yellow>Grind -2<c>"""
GrindRiskMessage4#0,"""<c e7609e>Grind -3<c>"""
GrindRiskMessage5#0,"""<red>Grind -4<c>"""
GrindErrorTitle#0,"""Item Lab"""
GrindErrorMessage1#0,"""Meseta ไม่เพียงพอ"""
GrindErrorMessage2#0,"""$(0) ไม่เพียงพอ"""
GrindErrorMessage3#0,"""เกิดข้อผิดพลาดในการเชื่อมต่อ<br>ไม่สามารถทำการ Grind ได้<br><br>[No.2104]"""
GrindResultTitle#0,"""Item Lab"""
GrindResultMessage1#0,"""การ Grind <green>สำเร็จ<c>"""
GrindResultMessage2#0,"""การ Grind <red>ล้มเหลว<c>"""
GrindResultMessage3#0,"""การ Grind <red>ล้มเหลว<c><br>ระดับการ Grind ของไอเทมลดลง $(0)"""
GrindResultMessage4#0,"""การ Grind ล้มเหลว"""
SetErrorTitle#0,"""Item Lab"""
SetErrorMessage1#0,"""คุณไม่สามารถ Grind ไอเทมที่ถูกล็อกอยู่ได้"""
GrinderNumTitle#0,"""Grinder ที่มีอยู่"""
GrindHead#0,"""ตัวคูณสถานะ"""
Grind#3,"""$(0)%"""
Title_Target#0,"""ไอเทมเป้าหมาย"""
Title_Material#0,"""ไอเทมวัตถุดิบ"""
NoMatchItemErrorTitle#0,"""Item Lab"""
NoMatchItemErrorMessage1#0,"""คุณไม่มีไอเทมที่สามารถ Grind ได้"""
ConfirmLockMessage#0,"""คุณได้เลือกไอเทมที่ถูกล็อกไว้<br>แน่ใจหรือไม่ว่าต้องการดำเนินการต่อ?"""
CheckLockMessage#0,"""ซ่อนไอเทมที่ล็อก"""
CheckLockMessage_VITA#0,"""<pict Sign_SQUARE>ซ่อนไอเทมที่ล็อก"""
SrcSelect#0,"""ยืนยัน"""
SelectRiseParam#0,"""เลือกสถานะ Ring ที่ต้องการเพิ่ม"""
DefRiseParam#0,"""เลือกสถานะที่ต้องการเพิ่ม"""
NoMatchRiseParam#0,"""ไม่สามารถเลือกได้"""
GrindMessage_Gadget#0,"""จะเริ่มทำการ Grind<br>ดำเนินการต่อหรือไม่?<br><br>※เฉพาะเมื่อทำการ Grind L-Ring<br>\u3000จึงจะสามารถเลือกพารามิเตอร์ที่ต้องการเพิ่มได้"""
GrindMessage_Gadget_v#0,"""จะเริ่มทำการ Grind ดำเนินการต่อหรือไม่?<br>※เฉพาะเมื่อทำการ Grind L-Ring<br>\u3000จึงจะสามารถเลือกพารามิเตอร์ที่ต้องการเพิ่มได้"""
GrindMessage_Gamma#0,"""จะเริ่มทำการ Grind ดำเนินการต่อหรือไม่?<br><br>※คุณสามารถใช้ Support Item เพื่อเพิ่มโอกาส<br><c ff007f>สำเร็จอย่างยอดเยี่ยม (Great Success)<c> ได้<br>※หาก Grind EXP ที่ได้รับเกินขีดจำกัดสูงสุดของไอเทม<br>\u3000ส่วนที่เกินมาจะสูญเปล่า<br>※ไอเทมระดับความหายาก (Rarity) ★13 ขึ้นไปจะถูก<yellow>ลงทะเบียนเจ้าของ<c><br>\u3000และไม่สามารถแลกเปลี่ยนกับผู้เล่นอื่นได้"""
GrindMessage_Gamma_v#0,"""จะเริ่มทำการ Grind ดำเนินการต่อหรือไม่?<br><br>※คุณสามารถใช้ Support Item เพื่อเพิ่มโอกาส<br><c ff007f>สำเร็จอย่างยอดเยี่ยม (Great Success)<c> ได้<br>※หาก Grind EXP ที่ได้รับเกินขีดจำกัดสูงสุดของไอเทม<br>\u3000ส่วนที่เกินมาจะสูญเปล่า<br>※ไอเทมระดับความหายาก (Rarity) ★13 ขึ้นไปจะถูก<yellow>ลงทะเบียนเจ้าของ<c><br>\u3000และไม่สามารถแลกเปลี่ยนกับผู้เล่นอื่นได้"""
GrindMessage_Gamma_owner#0,"""จะเริ่มทำการ Grind ดำเนินการต่อหรือไม่?<br><br>※คุณสามารถใช้ Support Item เพื่อเพิ่มโอกาส<br><c ff007f>สำเร็จอย่างยอดเยี่ยม (Great Success)<c> ได้<br>※หาก Grind EXP ที่ได้รับเกินขีดจำกัดสูงสุดของไอเทม<br>\u3000ส่วนที่เกินมาจะสูญเปล่า"""
GrindMessage_Gamma_v_owner#0,"""จะเริ่มทำการ Grind ดำเนินการต่อหรือไม่?<br><br>※คุณสามารถใช้ Support Item เพื่อเพิ่มโอกาส<br><c ff007f>สำเร็จอย่างยอดเยี่ยม (Great Success)<c> ได้<br>※หาก Grind EXP ที่ได้รับเกินขีดจำกัดสูงสุดของไอเทม<br>\u3000ส่วนที่เกินมาจะสูญเปล่า"""
GammaGrindSupport1#0,"""Grind Support"""
GammaGrindSupport2#0,"""เปลี่ยนธาตุ"""
CompareItemMessage#0,"""<yellow>ไอเทมที่ต้องการ:<br>$(0)<br>Meseta ที่ต้องการ: $(2) (มีอยู่: $(1))<c>"""
GrindItemText#0,"""\u3000$(0) x$(2) (มีอยู่: $(1))"""
GrindGreatSuccessRate#0,"""อัตรา Great Success"""
GrindParamName#0,"""ระดับ Grind $(0)"""
GrindErrorMessage_SelectParam#0,"""กรุณาเลือกสถานะที่ต้องการเพิ่ม"""
GrindErrorMessage_ShortageItem#0,"""คุณไม่มีไอเทมวัตถุดิบที่จำเป็น"""
GrindErrorMessage_FailedParam#0,"""ไม่สามารถรับสถานะได้"""
GrindResultMessage_Gamma1#0,"""การ Grind <green>สำเร็จ<c><br>ระดับการ Grind ของไอเทมเพิ่มขึ้นจาก $(0) → $(1)"""
GrindResultMessage_Gamma2#0,"""การ Grind <c ff007f>สำเร็จอย่างยอดเยี่ยม<c><br>ระดับการ Grind ของไอเทมเพิ่มขึ้นจาก $(0) → $(1)"""
GrindResultMessage_Gamma3#0,"""การ Grind <c ff007f>สำเร็จอย่างยอดเยี่ยม<c>"""
GrindResultMessage_Gamma_BonusElement#0,"""ปลดล็อก Special Ability Factor แล้ว<br><br>หากคุณเลือกเพิ่ม Special Ability ให้กับอาวุธชิ้นนี้<br>คุณจะสามารถเลือก <pict bonus_elem_icon>$(0) ได้"""
GrindResultMessage_Waker_BonusElement#0,"""ปลดล็อก Special Ability Factor แล้ว<br><br>หากคุณเลือกเพิ่ม Special Ability ให้กับอาวุธชิ้นนี้<br>คุณจะสามารถเลือก <pict awake_sp_icon>$(0) ได้"""
GrindResultMessage_Unit_BonusElement#0,"""ปลดล็อก Special Ability Factor แล้ว<br><br>หากคุณเลือกเพิ่ม Special Ability ให้กับ Unit ชิ้นนี้<br>คุณจะสามารถเลือก <pict bonus_elem_icon>$(0) ได้"""
GrindResultMessage_GammaUnit_BonusElement#0,"""ปลดล็อก Special Ability Factor แล้ว<br><br>หากคุณเลือกเพิ่ม Special Ability ให้กับ Unit ชิ้นนี้<br>คุณจะสามารถเลือก <pict awake_sp_icon>$(0) ได้"""
BonusElementReleaseTitle#0,"""ปลดล็อก Special Ability Factor"""
BonusWakerElementReleaseTitle#0,"""ปลดล็อก Special Ability Factor"""
SetErrorMessage_Limit#0,"""ไอเทมนี้ถูก Grind จนถึงขีดจำกัดแล้ว<br>และไม่สามารถเสริมความแข็งแกร่งได้อีก"""
SetErrorMessage_Exp#0,"""ถึงขีดจำกัดการ Grind ในปัจจุบันแล้ว<br>รับ EXP เพิ่มเติมเพื่อ Grind Ring ที่เลือก"""
SetErrorMessage_Gamma1#0,"""ไอเทมต่อไปนี้ไม่สามารถทำการ Grind ได้<br>ระดับการ Grind และค่าธาตุถึงขีดจำกัดแล้ว<br>※สามารถเปลี่ยนธาตุได้"""
SetErrorMessage_Gamma2#0,"""ไอเทมต่อไปนี้ไม่สามารถทำการ Grind ได้<br>ระดับการ Grind ถึงขีดจำกัดแล้ว<br>※สามารถ Grind เพื่อเพิ่มค่าธาตุหรือเปลี่ยนธาตุได้"""
SetErrorMessage_Gamma3#0,"""ค่าธาตุต่อไปนี้ไม่สามารถเพิ่มได้อีก<br>ค่าธาตุถึงขีดจำกัดแล้ว<br>※สามารถทำการ Grind ไอเทมและเปลี่ยนธาตุได้"""
SetErrorMessage_Gamma4#0,"""คุณไม่สามารถใช้ไอเทมที่ล็อกอยู่ได้"""
MaterialSelectListTitle#0,"""เลือกไอเทมวัตถุดิบ"""
GrindBonusTitle#0,"""โบนัสเสริมความแข็งแกร่ง"""
GrindBonusValue#0,"""มูลค่าโบนัส"""
GrindSupport3#0,"""เพิ่มธาตุ (Element Up)"""
GrindNoSupport3Item#0,"""ไม่ได้เลือก"""
GrindSupport3Item#0,"""$(0) x$(1)"""
CaptionDst_Vita#0,"""ไอเทมที่จะ Grind"""
PotentialTitle#0,"""ไอเทมที่จะ Grind"""
GammaGrindBonusName_Exp#0,"""Grind EXP พื้นฐาน"""
GammaGrindBonusName_Material#0,"""โบนัสวัตถุดิบ"""
GammaGrindBonusName_Grinded#0,"""โบนัสเสริมความแข็งแกร่ง"""
GammaGrindBonusNone#0,"""ไม่มีโบนัส"""
GammaGrindBonusVal#0,"""+$(0)"""
GammaCompareListNone#0,"""-"""
GammaCompareListAttrNone#0,"""ไม่มีธาตุ"""
GammaCompareListPotentialNone#0,"""ยังไม่ได้ปลดล็อก"""
ConfirmMessage_Gamma1#0,"""คุณได้เลือกไอเทมที่ตรงกับเงื่อนไขด้านล่างข้อใดข้อหนึ่ง<br>แน่ใจหรือไม่ว่าต้องการดำเนินการต่อ?<br><br>・ระดับความหายาก (Rarity) ★7 ขึ้นไป<br>・ระดับการ Grind +1 ขึ้นไป<br>・ขีดจำกัดระดับการ Grind +31 ขึ้นไป"""
ConfirmMessage_Gamma2#0,"""คุณได้เลือกไอเทมที่ตรงกับเงื่อนไขด้านล่างข้อใดข้อหนึ่ง<br>แน่ใจหรือไม่ว่าต้องการดำเนินการต่อ?<br><br>・ระดับความหายาก (Rarity) ★7 ขึ้นไป<br>・ระดับการ Grind +1 ขึ้นไป<br>・ขีดจำกัดระดับการ Grind +31 ขึ้นไป"""
ConfirmMessage_Gamma3#0,"""คุณได้เลือกไอเทมที่ตรงกับเงื่อนไขด้านล่างข้อใดข้อหนึ่ง<br>แน่ใจหรือไม่ว่าต้องการดำเนินการต่อ?<br><br>・ระดับความหายาก (Rarity) ★7 ขึ้นไป<br>・ระดับการ Grind +1 ขึ้นไป<br>・ขีดจำกัดระดับการ Grind +31 ขึ้นไป"""
Gamma_Potential_SequenceMessage#0,"""การ<yellow>ปลดล็อก Potential Ability<c><br>จะช่วยให้สามารถเสริมความแข็งแกร่งอาวุธ New-Type นี้ได้อีก<br><br>กรุณาเลือก Potential Ability ที่ต้องการปลดล็อก"""
GammaGrindResultMessage_Potential#0,"""จากการ Grind ไอเทม<br>ระดับการ Grind ได้ถึงขีดจำกัดที่ +10, +20 หรือ +30 แล้ว<br><br>เพื่อการเสริมความแข็งแกร่งต่อไป ในการ Grind ไอเทมครั้งหน้า<br><yellow>จะเข้าสู่ขั้นตอน \""ปลดล็อก Potential Ability\"" โดยอัตโนมัติ<c><br><br>※การปลดล็อก Potential Ability จำเป็นต้องใช้ไอเทม<br>\u3000เช่น Photon Drop หรือ Photon Sphere"""
GammaGrindResultMessage_GrindNumLimitUp#0,"""การผสมอาวุธแบบเดียวกันหรือผลจาก Support Item<br>ทำให้สามารถ Grind ได้สูงสุดถึง <yellow>$(0)<c> แล้ว"""
GammaGrindResultMessage_GrindNumLimitUp_v#0,"""การผสมอาวุธแบบเดียวกันหรือผลจาก Support Item<br>ทำให้สามารถ Grind ได้สูงสุดถึง <yellow>$(0)<c> แล้ว"""
GammaGrindResultMessage1#0,"""$(0)"""
GammaGrindResultMessage2#0,"""$(0)<br><br>$(1)"""
GammaGrindTotal#0,"""Grind EXP รวม"""
GrindNum#0,"""ระดับ Grind"""
GammaMaterialBonusTitle#0,"""วัตถุดิบและ Grind EXP"""
GammaGrindNoChangeParamMessage#0,"""ไม่สามารถ Grind ไอเทมได้<br><br>ไอเทมนี้ถึงขีดจำกัดการ Grind แล้ว<br>และไม่สามารถเพิ่มระดับได้อีก"""
GammaMaterialNoneItemMessage#0,"""ไม่มีอาวุธที่ตรงตามเงื่อนไข"""
ConfirmationRingTitle#0,"""ตีบวก Skill Ring"""
ConfirmationRingInfoTitle#0,"""รายละเอียดการตีบวก Skill Ring"""
GrindToastMessage_MaterialItemExpExceed#0,"""ได้รับ EXP ถึงขีดจำกัดสูงสุดแล้ว"""
GrindToastMessage_MaterialItemOver#0,"""คุณไม่สามารถเลือกได้อีกเนื่องจากถึงขีดจำกัด EXP หรือขีดจำกัดการเลือกแล้ว"""
GrindToastMessage_MaterialItemAmountExceed#0,"""เลือกไอเทมวัตถุดิบถึงจำนวนสูงสุดแล้ว"""
GammaGrindBonusValWithLimit#0,"""$(0)／$(1)"""
GammaGrindBonusValWithLimit_Exceed#0,"""<pure_orange>$(0)／$(1)<c>"""
Title#9,"""เลือกไอเทมที่จะเพิ่ม Ability"""
ElementEnableListTitle#0,"""รายการ Ability ที่สามารถเพิ่มได้"""
MenuAppendDst#0,"""ตั้งค่าไอเทมเป้าหมาย"""
MenuAppendSrc#0,"""ตั้งค่าไอเทมวัตถุดิบ"""
MenuRemoveItem#1,"""ถอดออก"""
SrcSelect#1,"""ยืนยัน"""
SelectStart#1,"""ยืนยัน"""
ComposeStart#0,"""เริ่มเพิ่ม Special Abilities"""
Back#6,"""กลับ"""
NoDstMessage#0,"""ยังไม่ได้ตั้งค่าไอเทมเป้าหมาย"""
NoSrcMessage#0,"""ยังไม่ได้ตั้งค่าไอเทมวัตถุดิบ"""
DropDst#0,"""ตั้งค่าไอเทมเป้าหมาย"""
DropSrc#0,"""ตั้งค่าไอเทมวัตถุดิบ"""
CaptionDst_Vita#1,"""ไอเทมที่จะ Grind"""
ElementName_Vita#0,"""ชื่อ Ability"""
ElementExplanation_Vita#0,"""คำอธิบาย"""
ElementSuccessRate_Vita#0,"""อัตราสำเร็จ"""
ElementSelectListTitle#0,"""เลือก Special Ability"""
ElementComposeListTitle#0,"""รายการ Special Abilities ที่มีอยู่"""
MenuAppendElement#0,"""ตั้งค่า"""
MenuRemoveElement#0,"""ถอดออก"""
NoElementMessage#0,"""ไม่สามารถเพิ่ม Special Abilities ได้"""
NoElementComposeMessage#0,"""คุณยังไม่ได้ตั้งค่า Ability ที่จะเพิ่ม"""
AddElementTitle#0,"""เลือกไอเทมที่จะเพิ่ม Ability"""
AddElementMessage1#0,"""คุณมี Support Item ที่<br>สามารถเพิ่ม Special Abilities ได้<br>กรุณาเลือกชิ้นที่ต้องการใช้งาน"""
AddElementItemNone#0,"""ไม่ได้เลือก"""
AddElementItem#0,"""$(0) x$(1)"""
AddElementItemCancel#0,"""ยกเลิก"""
ComposeTitle#0,"""เพิ่ม Special Ability ไอเทม"""
ComposeMessage1#0,"""จะเริ่มทำการเพิ่ม Special Ability ดำเนินการต่อหรือไม่?<br><br>※การใช้ Support Item จะช่วยเพิ่มอัตราสำเร็จ<br>\u3000หรือช่วยปกป้องไอเทมเป้าหมายและวัตถุดิบหากล้มเหลว<br>\u3000(Support Item <yellow>จะถูกใช้ไปแม้การผสมจะสำเร็จก็ตาม<c>)"""
ComposeMessage2#0,"""จะเริ่มทำการเพิ่ม Special Ability ดำเนินการต่อหรือไม่?<br><yellow>※อัตราสำเร็จจะลดลงเนื่องจากการใช้งาน Extra Slot<c><br><br>※การใช้ Support Item จะช่วยเพิ่มอัตราสำเร็จ<br>\u3000หรือช่วยปกป้องไอเทมเป้าหมายและวัตถุดิบหากล้มเหลว<br>\u3000(Support Item <yellow>จะถูกใช้ไปแม้การผสมจะสำเร็จก็ตาม<c>)"""
ComposeSupport1#0,"""เพิ่มอัตราสำเร็จ"""
ComposeNoSupport1Item#0,"""ไม่ได้เลือก"""
ComposeSupport1Item#0,"""$(0) x$(1)"""
CompareTitle#1,"""รายละเอียด Potential Ability"""
CompareMessage1#0,"""<yellow>Meseta ที่ต้องการ: $(1) (มีอยู่: $(0))<c>"""
ComposeErrorTitle#0,"""Item Lab"""
ComposeErrorMessage1#0,"""เงินไม่เพียงพอ"""
ComposeResultTitle#0,"""Item Lab"""
ComposeErrorMessage#0,"""เกิดข้อผิดพลาดในการสื่อสาร<br>ไม่สามารถเพิ่ม Special Abilities ได้<br><br>[No.2110]"""
ComposeResultMessage1#0,"""เพิ่ม Special Ability เสร็จสมบูรณ์"""
ComposeResultSucceeded#0,"""<green>สำเร็จ<c>"""
ComposeResultSucceededNone#0,"""ไม่มี"""
ComposeResultFailed#0,"""<scarlet>ล้มเหลว<c>"""
ComposeResultFailedNone#0,"""ไม่มี"""
SetErrorTitle#1,"""Item Lab"""
SetErrorMessage1#1,"""คุณไม่สามารถเพิ่ม Ability<br>ให้กับไอเทมที่ล็อกอยู่ได้"""
SetErrorMessage2#0,"""คุณไม่สามารถใช้ไอเทมที่ล็อกอยู่เป็นวัตถุดิบได้"""
SetErrorMessage3#0,"""คุณไม่สามารถใช้ไอเทมที่<br>สวมใส่อยู่เป็นวัตถุดิบได้"""
SetErrorMessage4#0,"""ไม่สามารถใช้เป็นวัตถุดิบได้เนื่องจากมี<br>Special Abilities น้อยกว่าไอเทมเป้าหมาย"""
SetErrorMessage5#0,"""ไอเทมวัตถุดิบต้องเป็นประเภทเดียวกับ<br>ไอเทมเป้าหมาย"""
FusionCodeNum#0,"""จำนวน Synthesizer"""
Percent#0,"""$(0)%"""
Slot1#0,"""Slot 1"""
Slot2#0,"""Slot 2"""
Slot3#0,"""Slot 3"""
Slot4#0,"""Slot 4"""
Slot5#0,"""Slot 5"""
Slot6#0,"""Slot 6"""
Slot7#0,"""Slot 7"""
Slot8#0,"""Slot 8"""
SlotExtra#0,"""Extra Slot"""
EnableSlotNum#0,"""ช่องที่ใช้/ที่มีอยู่"""
NoMatchItemErrorTitle#1,"""Item Lab"""
NoMatchItemErrorMessage1#1,"""คุณไม่มีไอเทมที่สามารถเพิ่ม Ability ได้"""
NoMatchItemErrorMessage2#0,"""ไม่มีไอเทมที่ตรงตามเงื่อนไข<br>อาจเป็นเพราะไม่ได้แสดงไอเทมที่ล็อกไว้<br>หรือคุณไม่มีไอเทมที่มี Special Ability<br><yellow>มากกว่า<c> ไอเทมเป้าหมาย"""
ExclusiveMessage#0,"""Ability ประเภทเดียวกันถูกตั้งค่าไว้แล้ว ดังนั้นมันจึงถูกแทนที่"""
OverSlotMessage#0,"""คุณเลือกเพิ่มถึงจำนวนสูงสุดแล้ว ดังนั้นพวกมันจึงถูกแทนที่"""
ExtraSlotMessage#0,"""อัตราสำเร็จทั้งหมดจะลดลงเมื่อคุณใช้งาน Extra Slot"""
ElementGrindSupport#0,"""Ability Support Item"""
ConfirmMessage#0,"""ไอเทมนี้มีระดับการ Grind มากกว่า 1 หรือมีความหายากมากกว่า 7 ดาว<br>แน่ใจหรือไม่ว่าต้องการใช้งาน?"""
SupportConfirmMessage#0,"""Special Ability ที่เพิ่มด้วย Support Item<br>ยังไม่ได้ถูกเลือก<br><br><light_red>※ถึงแม้จะไม่ได้เลือก ไอเทมก็จะถูกใช้ไป<c><br><br>แน่ใจหรือไม่ว่าต้องการดำเนินการต่อ?"""
CheckLockMessage#1,"""ซ่อนไอเทมที่ล็อก"""
CheckLockMessage_VITA#1,"""ซ่อนไอเทมที่ล็อก: <pict Sign_SQUARE>"""
ComposeMessage3#0,"""จะเริ่มทำการเพิ่ม Special Ability ดำเนินการต่อหรือไม่?<br><yellow>※อัตราสำเร็จจะลดลงเนื่องจากการใช้ Extra Slot<c><br><br>※การใช้ Support Item จะช่วยเพิ่มอัตราสำเร็จ<br>\u3000หรือช่วยปกป้องไอเทมของคุณหากล้มเหลว<br>(Support Item จะถูกใช้ไป<yellow>แม้การผสมจะสำเร็จก็ตาม<c>)"""
ComposeSupport2#0,"""ไอเทมปกป้อง"""
ExtraSlotMixMessage#0,"""คุณได้ใช้ Extra Slot ทำให้อัตราสำเร็จลดลง"""
Switch_Vita#1,"""<pict Sign_SQUARE> สลับ"""
ComposeResultObject#0,"""ไอเทมที่จะถูกเพิ่ม Special Abilities"""
ComposeResultMaterial#0,"""ไอเทมวัตถุดิบ"""
ComposeResultMessage2#0,"""ผลจาก Support Item ทำให้<br>ไอเทมกลับสู่สภาพเดิม<br><yellow>※Meseta และ Support Item ถูกใช้ไปแล้ว<c>"""
ProtectedMessage#0,"""มี Special Ability อย่างน้อยหนึ่งอย่าง<scarlet>เพิ่มไม่สำเร็จ<c><br><yellow>การเพิ่ม Special Ability ทั้งหมด<c> ได้ถูกย้อนกลับ<br>ด้วยผลจาก Support Item ของคุณ<br><yellow>※Support Item และ <pict reb_meseta>Meseta ของคุณถูกใช้ไปแล้ว<c>"""
ProtectedAndRegisteredOwnerMessage#0,"""มี Abilities บางอย่างที่<red>ล้มเหลว<c><br><yellow>การเพิ่ม Abilities ถูกระงับ<c><br>กรุณาตรวจสอบไอเทมที่ได้รับการปกป้อง<br><yellow>ลงทะเบียนเจ้าของ<c>ไอเทมเสร็จสมบูรณ์"""
CheckProtectedItem#0,"""ไอเทมที่ถูกปกป้อง (Protected Item)"""
ExElementLimitMessage#0,"""ไม่สามารถเลือก EX Special Abilities เพิ่มได้มากกว่านี้"""
ExElementLvelLimitMessage#0,"""ไม่สามารถเลือก EX Special Abilities ระดับ ★7 หรือสูงกว่าเพิ่มได้มากกว่านี้"""
Title#10,"""เลือกไอเทมเพื่อเพิ่มค่าธาตุ (Attribute Grind)"""
MenuAppendDst#1,"""ตั้งค่าไอเทมเป้าหมาย"""
MenuAppendSrc#1,"""ตั้งค่าไอเทมวัตถุดิบ"""
MenuRemoveItem#2,"""ถอดออก"""
SrcSelect#2,"""ยืนยัน"""
GrindStart#1,"""การเพิ่มค่าธาตุ (Attribute Enhancement)"""
Back#7,"""กลับ"""
NoDstMessage#1,"""ยังไม่ได้ตั้งค่าไอเทมที่จะเพิ่มค่าธาตุ"""
NoSrcMessage#1,"""ยังไม่ได้ตั้งค่าไอเทมที่จะใช้เป็นวัตถุดิบ"""
DropDst#1,"""ตั้งค่าไอเทมที่จะเพิ่มค่าธาตุ"""
DropSrc#1,"""ตั้งค่าไอเทมที่จะใช้เป็นวัตถุดิบ"""
GrindTitle#2,"""เพิ่มค่าธาตุไอเทม"""
GrindMessage#1,"""จะเริ่มทำการเพิ่มค่าธาตุ ดำเนินการต่อหรือไม่?<br><br>※คุณสามารถใช้ Support Item เพื่อ<br>\u3000เปลี่ยนธาตุ หรือ<br>\u3000เพิ่มค่าธาตุได้"""
GrindMessage_v#1,"""จะเริ่มทำการเพิ่มค่าธาตุ ดำเนินการต่อหรือไม่?<br>※คุณสามารถใช้ Support Item เพื่อเปลี่ยนธาตุหรือ<br>\u3000เพิ่มค่าธาตุได้"""
AttributeMessage#0,"""ค่าธาตุถึงขีดจำกัดแล้ว<br>ไม่สามารถเสริมความแข็งแกร่งได้อีก<br><br>※สามารถเปลี่ยนธาตุได้โดยการเลือก<br>\u3000ไอเทมเปลี่ยนธาตุ"""
AttributeMessage_v#0,"""ไม่สามารถเพิ่มค่าธาตุได้อีก<br>※สามารถเปลี่ยนธาตุได้โดยการเลือก<br>\u3000ไอเทมเปลี่ยนธาตุ"""
GrindSupport1#1,"""Support Item 1"""
GrindNoSupport1Item#1,"""ไม่ได้เลือก"""
GrindSupport1Item#1,"""$(0) x$(1)"""
GrindSupport2#1,"""Support Item 2"""
GrindNoSupport2Item#1,"""ไม่ได้เลือก"""
GrindSupport2Item#1,"""$(0) x$(1)"""
CompareTitle#2,"""การเพิ่มค่าธาตุของไอเทม"""
CompareMessage#1,"""<yellow>จำนวน Synthesizer ที่ต้องการ: $(1) (มีอยู่: $(0))<br>Meseta ที่ต้องการ: $(3) (มีอยู่: $(2))<c>"""
Attribute#0,"""ธาตุ (Attribute)"""
AttributeRate#0,"""ค่าธาตุ (Attribute Value)"""
GrindNoticeMessage1#0,"""นำ Support Item ที่ไม่มีผลออกแล้ว"""
GrindErrorTitle#1,"""Item Lab"""
GrindErrorMessage1#1,"""Meseta ไม่เพียงพอ"""
GrindErrorMessage2#1,"""Synthesizer ไม่เพียงพอ"""
GrindErrorMessage3#1,"""เกิดข้อผิดพลาดในการสื่อสาร<br>ไม่สามารถเพิ่มค่าธาตุได้<br><br>[No.2111]"""
GrindResultTitle#1,"""Item Lab"""
GrindResultMessage1#1,"""เพิ่มค่าธาตุสำเร็จแล้ว"""
GrindResultMessage2#1,"""เพิ่มค่าธาตุล้มเหลว"""
SetErrorTitle#2,"""Item Lab"""
SetErrorMessage1#2,"""ไอเทมที่ไม่มีธาตุติดอยู่<br>ไม่สามารถเพิ่มค่าธาตุได้"""
SetErrorMessage2#1,"""ไอเทมที่ถูกล็อกอยู่<br>ไม่สามารถเพิ่มค่าธาตุได้"""
SetErrorMessage3#1,"""ไอเทมที่ถูกล็อกอยู่<br>ไม่สามารถใช้เป็นวัตถุดิบได้"""
SetErrorMessage4#1,"""ไอเทมที่สวมใส่อยู่<br>ไม่สามารถใช้เป็นวัตถุดิบได้"""
SetErrorMessage5#1,"""ไอเทมคนละประเภทกับเป้าหมายการตีบวก<br>ไม่สามารถใช้เป็นวัตถุดิบได้"""
SetErrorMessage6#0,"""ไอเทมนี้ถึงขีดจำกัด Grind แล้ว และไม่สามารถ Grind ได้อีก"""
FusionCodeNumTitle#0,"""Synthesizer ที่มีอยู่"""
NoMatchItemErrorTitle#2,"""Item Lab"""
NoMatchItemErrorMessage1#2,"""ไม่มีไอเทมที่สามารถเพิ่มค่าธาตุได้"""
NoMatchItemErrorMessage2#1,"""ไม่มีอาวุธที่ตรงตามเงื่อนไข<br>อาจเป็นเพราะเปิดการตั้งค่าซ่อนไอเทมที่ล็อกไว้ หรือไม่มีอาวุธที่มี<yellow>ระดับความหายาก (Rarity) เดียวกัน<c>และ<br><yellow>หมวดหมู่เดียวกัน<c>กับอาวุธที่เป็น \""เป้าหมาย\"""
MaxAttributeMessage1#0,"""เนื่องจากอาวุธมีค่าธาตุสูงสุดแล้ว<br>จึงไม่สามารถเพิ่มค่าธาตุได้อีก<br>※ยังสามารถเปลี่ยนธาตุได้<br><br>และคุณยังไม่มีอาวุธที่ตรงตามเงื่อนไข<br>จำเป็นต้องใช้อาวุธที่มี<yellow>ระดับความหายาก (Rarity) เดียวกัน<c>และ<br><yellow>หมวดหมู่เดียวกัน<c>กับอาวุธที่เป็น \""เป้าหมาย\"""
MaxAttributeMessage2#0,"""เนื่องจากอาวุธมีค่าธาตุสูงสุดแล้ว<br>จึงไม่สามารถเพิ่มค่าธาตุได้อีก<br>※ยังสามารถเปลี่ยนธาตุได้"""
DifferentKindTitle#0,"""Item Lab"""
ConfirmMessage#1,"""ไอเทมนี้มีระดับการ Grind +1 ขึ้นไป<br>แน่ใจหรือไม่ว่าต้องการดำเนินการต่อ?"""
CheckLockMessage#2,"""ซ่อนไอเทมที่ล็อก"""
CheckLockMessage_VITA#2,"""<pict Sign_SQUARE>ซ่อนไอเทมที่ล็อก"""
SelectItemTitle#1,"""เลือกไอเทมที่จะเปลี่ยน Potential"""
SelectPotentialTitle#0,"""เลือก Potential"""
SelectPotentialCurrentAbilityTitle#0,"""Potential ปัจจุบัน"""
SelectPotentialChangeAbilityTitle#0,"""Potential ที่เลือกได้"""
ConfirmTitle#0,"""สลับ Potential ของไอเทม"""
CompareTitle#3,"""รายละเอียดการสลับ Potential ของไอเทม"""
CompareNeedItemTitle#0,"""ไอเทมที่ต้องการ"""
CompareChangePotentialTitle#0,"""Potential หลังการเปลี่ยน"""
ConfirmMessage#2,"""จะเริ่มทำการเปลี่ยน Potential ดำเนินการต่อหรือไม่?<br><br>※การสลับ Potential ของอาวุธ<br><c ff4f3f>จะไม่รีเซ็ตระดับการ Grind<br>หรือระดับ Potential ของมัน<c><br>※อาวุธระดับความหายาก (Rarity) ★13 ขึ้นไปจะถูก<br><yellow>ลงทะเบียนเจ้าของ<c> ซึ่งหมายความว่า<br>คุณจะไม่สามารถแลกเปลี่ยนกับ<br>ผู้เล่นอื่นได้"""
CompareNeedItem_OK#0,"""$(0) x$(2) (ปัจจุบัน: $(1))"""
CompareNeedItem_NG#0,"""<red>$(0) x$(2) (ปัจจุบัน: $(1))<c>"""
CompareNeedItem_Unnecessary#0,"""ไม่ต้องการไอเทม"""
ChangeResultMessage#0,"""การสลับ Potential <green>สำเร็จ<c>"""
ChangeResultOwnerMessage#0,"""การสลับ Potential <green>สำเร็จ<c><br><yellow>ลงทะเบียนเจ้าของ<c>เสร็จสมบูรณ์"""
ErrorMessage_NoMeseta#0,"""เงินที่มีอยู่ไม่เพียงพอ"""
ErrorMesasage_NoItem#0,"""ไอเทมที่ต้องการไม่เพียงพอ"""
ErrorMesasage_NoMesetaAndItem#0,"""เงินที่มีอยู่และไอเทมที่ต้องการไม่เพียงพอ"""
ErrorMessageNoMatchItem#0,"""ไม่มีไอเทมที่สามารถสลับ Potential ได้"""
ErrorChangePotentialMessage#0,"""เกิดข้อผิดพลาดในการสื่อสาร<br>ไม่สามารถสลับ Potential ได้<br><br>[No.2109]"""
Title#11,"""เลือกไอเทมที่จะปลดล็อก Potential"""
Explanation1#5,"""เลือกไอเทมที่คุณต้องการปลดล็อกหรือสลับ Potential ไอเทมแต่ละชนิดจะมี Potential ที่แตกต่างกัน"""
Explanation2#5,"""นี่คือหน้าจอยืนยันขั้นสุดท้ายสำหรับการปลดล็อก/สลับ Potential ตรวจสอบรายละเอียดให้ถี่ถ้วน และเลือก \""ยืนยัน\"" หากไม่มีปัญหา"""
MaterialTitle#1,"""ข้อมูลไอเทม"""
PotentialTitle#1,"""Potentials ที่เลือกได้"""
PotentialSet#0,"""Potential ปัจจุบัน"""
PotentialSelect#0,"""Potentials ที่สามารถเลือกได้"""
PotentialNone#0,"""ไม่มี Potentials อื่นให้เลือก"""
PotentialSetNone#0,"""ไอเทมนี้ยังไม่มีการตั้งค่า Potential ในปัจจุบัน"""
PotentialConfirmation#0,"""ยืนยัน Potential"""
PotentialSupport#0,"""Potential Support Items"""
Back#8,"""กลับ"""
NoItemMessage#4,"""ยังไม่ได้ตั้งค่าไอเทมที่จะปลดล็อก"""
ReleaseStart#0,"""เริ่มการปลดล็อก Potential"""
PotentialSelectListTitle#0,"""เลือก Potential"""
PotentialSelectNameHead_Vita#0,"""Potential"""
PotentialSelectExplanationHead_Vita#0,"""รายละเอียด"""
ReleasePotentialTitle#0,"""ปลดล็อก Potential ไอเทม"""
ReleasePotentialMessage#0,"""จะเริ่มทำการปลดล็อก Potential<br>ดำเนินการต่อหรือไม่?<br><br>※โปรดทราบว่าอาวุธที่ได้รับการปลดล็อก Potential<br>\u3000<c ff4f3f>ระดับการ Grind จะกลับไปเป็น 0<c>"""
CompareTitle#4,"""รายละเอียดการดำเนินการ Potential"""
PotentialResult#0,"""Potential ของ $(0)<br>ตอนนี้คือ \""$(1)\"""
CompareNum1#1,"""ชื่อ Potential"""
CompareNum2#1,"""รายละเอียด Potential"""
CompareNum3#1,"""Lv.$(0)"""
ConfirmationMessage#1,"""ดำเนินการปลดล็อก Potential หรือไม่?<br><br>※คุณสามารถใช้ Support Item เพื่อดำเนินการ<br>\u3000<yellow>โดยไม่ต้องใช้วัตถุดิบใดๆ<c><br>\u3000อย่างไรก็ตาม คุณยังคงต้องจ่ายค่า <pict reb_meseta>Meseta"""
ConfirmationMessage_Select#0,"""ดำเนินการปลดล็อก/สลับ Potential หรือไม่?<br><br>※คุณสามารถใช้ Support Item เพื่อดำเนินการ <yellow>โดยไม่ต้องใช้วัตถุดิบใดๆ<c><br>\u3000อย่างไรก็ตาม คุณยังคงต้องจ่ายค่า <pict reb_meseta>Meseta"""
CompareMessage#2,"""<yellow>Meseta ที่ต้องการ: $(1) (มีอยู่: $(0))<c>"""
CompareNeedItemHead#0,"""ไอเทมที่ต้องการ"""
CompareNeedItemOK#0,"""$(0)x$(2) (มีอยู่: $(1))"""
CompareNeedItemNG#0,"""<red>$(0)x$(2) (มีอยู่: $(1))<c>"""
ComparePotentialHead#0,"""Potential ที่จะปลดล็อก"""
ReleasePotentialErrorTitle#0,"""Item Lab"""
ReleasePotentialErrorMessage1#0,"""Meseta ไม่เพียงพอ"""
ReleasePotentialErrorMessage2#0,"""ไอเทมที่ต้องการไม่เพียงพอ"""
ReleasePotentialErrorMessage3#0,"""เกิดข้อผิดพลาดในการสื่อสาร<br>ไม่สามารถปลดล็อก Potential ได้<br><br>[No.2109]"""
ReleasePotentialResultTitle#0,"""Item Lab"""
ReleasePotentialResultMessage1#0,"""ปลดล็อก Potential <green>สำเร็จ<c>"""
ReleasePotentialResultMessage2#0,"""ปลดล็อก Potential <red>ล้มเหลว<c>"""
SetErrorTitle#3,"""Item Lab"""
SetErrorMessage1#3,"""ไม่สามารถปลดล็อก Potential ของไอเทมที่ล็อกอยู่ได้"""
SetErrorMessage2#2,"""ไม่สามารถปลดล็อก Potential ของไอเทมนี้ได้"""
Title_Target#1,"""ไอเทมเป้าหมาย"""
NoMatchItemErrorTitle#3,"""Item Lab"""
NoMatchItemErrorMessage1#3,"""ไม่มีไอเทมที่สามารถปลดล็อก Potential ได้"""
CheckLockMessage#3,"""ซ่อนไอเทมที่ล็อก"""
CheckLockMessage_VITA#3,"""ซ่อนไอเทมที่ล็อก: <pict Sign_SQUARE>"""
ReleasePotentialMessage_Gamma_Add#0,"""จะทำการปลดล็อก Potential<br>ตกลงหรือไม่?"""
ReleasePotentialMessage_Gamma_Exchange#0,"""จะทำการปลดล็อก Potential<br>ตกลงหรือไม่?"""
ReleasePotentialResultMessageOK_Gamma#0,"""ปลดล็อก Potential <green>สำเร็จ<c><br><br>※หากมี Potential Ability มากกว่าหนึ่งอย่าง<br>สามารถสลับ Potential ได้"""
ReleasePotentialResultMessageNG_Gamma#0,"""ปลดล็อก Potential <red>ล้มเหลว<c>"""
ReleasePotentialMessage2#0,"""หากทำการเปลี่ยน Potential ของอาวุธ<br>ระดับของ Potential จะถูกรีเซ็ต<br><br>ดำเนินการต่อหรือไม่?"""
ReleasePotentialErrorMessage_Limit#0,"""ไม่สามารถเลือกได้เนื่องจากเลเวลของ Potential ถึงขีดจำกัดแล้ว"""
UnregisterTitle1#0,"""ตัวเลือกการยกเลิกการลงทะเบียนเจ้าของ"""
CheckLockMessage#4,"""ซ่อนไอเทมที่ล็อก"""
CheckLockMessage_VITA#4,"""ซ่อนไอเทมที่ล็อก: <pict Sign_SQUARE>"""
Back#9,"""กลับ"""
UnregisterErrorMessage1#0,"""ไม่มีไอเทมที่ถูกลงทะเบียนเจ้าของไว้"""
UnregisterTitle2#0,"""ยกเลิกการลงทะเบียนเจ้าของ"""
UnregisterMessage1#0,"""คุณได้เลือกไอเทมที่ถูกล็อกไว้<br>แน่ใจหรือไม่ว่าต้องการดำเนินการต่อ?"""
UnregisterMessage2#0,"""การยกเลิกการลงทะเบียนเจ้าของ จะทำให้ผลของการ Craft<br>เช่น Extend Level และ Timed Abilities<br>ถูกรีเซ็ต<br><red>※เงื่อนไขการสวมใส่จะถูกรีเซ็ตค่าเริ่มต้น ซึ่งอาจทำให้<br>คุณไม่สามารถสวมใส่ไอเทมนั้นได้อีกต่อไป<c><br>ดำเนินการต่อหรือไม่?"""
UnregisterMessage3#0,"""จะเริ่มทำการยกเลิกการลงทะเบียนเจ้าของ<br>ดำเนินการต่อหรือไม่?<br><br>※เมื่อทำการยกเลิกการลงทะเบียนเจ้าของ<br>เอฟเฟกต์ดังต่อไปนี้จะถูกรีเซ็ต<br><yellow><br>ผลการ Craft: Extend Level<br>ผลการ Craft: ข้อจำกัดการสวมใส่และการขยายคลาส<br>ผลการ Craft: การติดตั้ง Timed Ability<c>"""
UnregisterTitle3#0,"""ไอเทมที่ต้องการ"""
UnregisterTitle4#0,"""ผลการยกเลิกการลงทะเบียนเจ้าของ"""
UnregisterSuccessMessage#0,"""ยกเลิกการลงทะเบียนเจ้าของแล้ว"""
UnregisterErrorMessage2#0,"""Meseta ไม่เพียงพอ"""
UnregisterErrorMessage3#0,"""$(0) ไม่เพียงพอ"""
UnregisterErrorMessage4#0,"""เกิดข้อผิดพลาดในการสื่อสาร<br>ไม่สามารถยกเลิกการลงทะเบียนได้<br><br>[No.2113]"""
NoMatchItemErrorTitle#4,"""Item Lab"""
NoMatchItemErrorMessage1#4,"""ไม่มีไอเทมที่สามารถยกเลิกการลงทะเบียนเจ้าของได้"""
NeedItem#1,"""<yellow>จำนวน $(0) ที่ต้องการ: $(1) (ปัจจุบัน: $(2))<c>"""
NeedMeseta#1,"""<yellow>Meseta ที่ต้องการ: $(0) (ปัจจุบัน: $(1))<c>"""
Title#12,"""เลือกไอเทมเปลี่ยน Photon Color"""
ColorPickerTitle#0,"""เปลี่ยน Photon Color"""
Back#10,"""กลับ"""
ChangeColorErrorTitle#0,"""Item Lab"""
ChangeColorErrorMessage3#0,"""เกิดข้อผิดพลาดในการสื่อสาร<br>ไม่สามารถเปลี่ยน Photon Color ได้<br><br>[No.2112]"""
ChangeColorResultTitle#0,"""Item Lab"""
Explanation1#6,"""นี่คือการเปลี่ยน Photon Color ของไอเทมบางชิ้น กรุณาเลือกไอเทมเพื่อเริ่มต้น"""
Explanation2#6,"""กรุณาเลือก Photon Color เลือก \""ยืนยัน\"" เพื่อยืนยันสีที่คุณเลือก"""
ChangeColorResultMessage1#0,"""เปลี่ยน Photon Color <green>สำเร็จแล้ว<c>"""
ChangeColorResultMessage2#0,"""เปลี่ยน Photon Color <red>ล้มเหลว<c>"""
NoMatchItemErrorTitle#5,"""Item Lab"""
NoMatchItemErrorMessage1#5,"""ไม่พบไอเทมที่สามารถเปลี่ยน Photon Color ได้"""
CheckLockMessage#5,"""ซ่อนไอเทมที่ล็อก"""
CheckLockMessage_VITA#5,"""ซ่อนไอเทมที่ล็อก: <pict Sign_SQUARE>"""
Explanation1#7,"""<c f0df60>คุณสามารถเพิ่ม Ring Skill ของ [L Ring] หนึ่งอย่างให้กับ Unit ★12 ขึ้นไปได้ กรุณาเลือก Unit เป้าหมาย<c>"""
SynthesisItemSelectTitle#0,"""เพิ่ม Unit Skill"""
NoDstMessage#2,"""คุณยังไม่ได้ตั้งค่าไอเทมเป้าหมาย"""
SynthesisErrorTitile#0,"""Item Lab"""
SynthesisErrorMes1#0,"""ไม่มี Unit ★12 ขึ้นไปที่สามารถเลือกได้"""
SynthesisErrorMes2#0,"""ไม่สามารถใช้<br>ไอเทมที่ล็อกอยู่ได้"""
SynthesisErrorMes3#0,"""การกระทำนี้จะเขียนทับด้วย Unit Skill ใหม่<br>ดำเนินการต่อหรือไม่?<br><br>※Unit Skill ปัจจุบันจะ <c ff4f3f>หายไป<c>"""
SynthesisErrorMes4#0,"""ไม่มี Skill Ring (L Ring)<br>หรือ Unit ที่เพิ่ม Skill ไว้ให้เลือกได้"""
SynthesisErrorMes5#0,"""คุณได้เลือกไอเทมที่ถูกล็อกไว้<br>แน่ใจหรือไม่ว่าต้องการดำเนินการต่อ?"""
Explanation2#7,"""<c f0df60>กรุณาเลือกไอเทมที่จะใช้สำหรับการเพิ่ม Unit Skill<c>"""
SkillRingSelectTitle#0,"""เลือกไอเทม"""
RingSkillDes#0,"""คำอธิบาย Ring Skill"""
RingSkilleffect#0,"""คำอธิบาย Ring Skill"""
SkillRingErrorTitle#0,"""Item Lab"""
SkillRingErrorMes1#0,"""ไอเทมนี้ถูกตีบวกถึงระดับ +11 หรือสูงกว่าแล้ว<br>แน่ใจหรือไม่ว่าต้องการดำเนินการต่อ?"""
SkillRingErrorMes2#0,"""ไม่สามารถเลือกได้เนื่องจากเลเวลของ Ring Skill<br>เท่ากับหรือต่ำกว่าเลเวลปัจจุบัน"""
Explanation3#5,"""<c f0df60>การยืนยันขั้นสุดท้ายสำหรับการเพิ่ม Unit Skill<c>"""
ConfirmationTitle#2,"""เพิ่ม Special Abilities"""
ConfirmationMes#0,"""จะเริ่มทำการเพิ่ม Unit Skill<br>ดำเนินการต่อหรือไม่?<br><br>※ไอเทมที่เลือกจะกลายเป็นไอเทม <c ff4f3f>ที่ไม่สามารถแลกเปลี่ยนได้ และไม่สามารถลงขายใน My Shop ได้<c> และ Skill ของมันจะถูกเพิ่มให้กับ Unit<br>※โบนัสสถานะของ Ring จะไม่ถูกเพิ่มเข้าไป"""
ContentTitle1#0,"""เพิ่ม Unit Skill"""
ContentTitle2#0,"""ไอเทมที่ต้องการ"""
ContentTitle3#0,"""เพิ่ม Ring Skill"""
ContentTitle5#0,"""Ring Skill ที่ถูกดัดแปลง"""
CommonTitle#0,"""Item Lab"""
ComposeErrorMes1#0,"""ไอเทมที่ต้องการไม่เพียงพอ"""
ComposeErrorMes2#0,"""Meseta ไม่เพียงพอ"""
CompSynthesisMes#0,"""เพิ่ม Unit Skill เสร็จสมบูรณ์"""
ContentTitle4#0,"""ไอเทมที่เลือก"""
NeedItemName_OK#0,"""$(0)x$(2) (ปัจจุบัน: $(1))"""
NeedItemName_NG#0,"""<red>$(0)x$(2) (ปัจจุบัน: $(1))<c>"""
ErrorSynthesisMes#0,"""เกิดข้อผิดพลาดในการสื่อสาร<br><br>[No.2109]"""
RingSkillName#0,"""<pict ringskill_icon>$(0)"""
RingSkillDesMsg#0,"""$(0)<br>$(1)"""
RingSkillDesMsgNone#0,"""ไม่มี Ring Skills"""
RingSkillDesMsg_vita#0,"""$(0)<br>[เอฟเฟกต์]<br>$(1)<br><br>$(2)"""
RingSkillNoneEffect#0,"""ไม่มีเอฟเฟกต์ Ring Skill"""
NoneRingSkillMsg#0,"""ไม่มี Ring Skills"""
Title#13,"""ย้าย S-Class Special Ability"""
TitleText1#0,"""Special Abilities หลังจากการย้าย"""
TitleText2#0,"""เลือกไอเทมชิ้นแรก"""
TitleText3#0,"""เลือกไอเทมชิ้นที่ 2"""
TitleText4#0,"""รายการ Ability ของอาวุธที่เลือก"""
TitleText5#0,"""รายการ Special Ability"""
TitleText6#0,"""การเลือก Special Ability"""
TitleText7#0,"""Special Abilities ที่ถูกเลือก"""
TitleText8#0,"""ยืนยันการย้าย"""
Grant1#0,"""ไอเทมชิ้นแรก"""
Grant2#0,"""ไอเทมชิ้นที่ 2"""
Choice_Item#0,"""ไอเทมที่เลือก"""
NeedMeseta#2,"""<yellow>Meseta ที่ต้องการ: $(3) (มีอยู่: $(2))<c><br><br>ชิ้นแรก: $(0)<br>ชิ้นที่ 2: $(1)"""
TitleError#0,"""Item Lab"""
ItemError_NoAwakening#0,"""ไม่มีไอเทมที่สามารถย้าย S-Class Special Ability ได้"""
ItemError_Locked#0,"""ไม่สามารถเลือกไอเทมที่ล็อกอยู่ได้"""
ItemError_UnmatchElement#0,"""ไม่สามารถเลือกได้เนื่องจากประเภทของ Special Ability<br>ที่ติดอยู่ไม่รองรับกับไอเทมชิ้นแรก"""
ButtonText_1st#0,"""ไอเทมถัดไป"""
ButtonText_2nd#0,"""ยืนยัน"""
Message_Confirm#0,"""จะเริ่มทำการย้าย S-Class Special Ability<br>ดำเนินการต่อหรือไม่?<br><br>※Special Ability ที่ไม่ได้ถูกเลือกจะ<c ff4f3f>หายไป<c>"""
Message_ConfirmOwner#0,"""※เมื่อทำการเปลี่ยนจะถูก<yellow>ลงทะเบียนเจ้าของ<c><br>\u3000และไม่สามารถแลกเปลี่ยนกับผู้เล่นอื่นได้"""
ResultMessage1#1,"""ย้าย Special Ability <green>สำเร็จ<c>"""
ResultMessage2#1,"""<yellow>ลงทะเบียนเจ้าของ<c>เสร็จสมบูรณ์"""
NoElementComposeMessage#1,"""ไม่มี Special Ability ที่จะย้าย"""
ServerErrorMsg1#0,"""เกิดข้อผิดพลาดในการสื่อสาร<br><br>[No.2109]"""
ServerErrorMsg2#0,"""ไม่มีอาวุธอยู่ใน Inventory หรือกำลังสวมใส่อยู่"""
ServerErrorMsg3#0,"""ไอเทมที่ถูกล็อกอยู่<br>ไม่สามารถย้ายได้"""
ServerErrorMsg4#0,"""ไม่สามารถย้ายได้<br>เนื่องจากไม่ใช่อาวุธ S-Class"""
ServerErrorMsg5#0,"""ไม่สามารถย้ายได้<br>เนื่องจาก S-Class Special Ability ไม่รองรับ"""
ServerErrorMsg6#0,"""ไม่สามารถย้ายได้<br>เนื่องจากจำนวน Special Ability ไม่ตรงกัน"""
ServerErrorMsg7#0,"""เงินที่มีอยู่ไม่เพียงพอ"""
ServerErrorMsg8#0,"""ไม่สามารถย้ายได้<br>เนื่องจากวัตถุดิบไม่เพียงพอ"""
Guide_1#0,"""<c f0df60>กรุณาเลือกไอเทมชิ้นแรกที่จะใช้ย้าย Special Ability<c>"""
Guide_2#0,"""<c f0df60>กรุณาเลือกไอเทมชิ้นที่ 2 ที่จะใช้ย้าย Special Ability<c>"""
Guide_3#0,"""<c f0df60>กรุณาเลือก Special Ability ที่จะย้ายไปยังไอเทมชิ้นแรก<c>"""
Guide_4#0,"""<c f0df60>กรุณาเลือก Special Ability ที่จะย้ายไปยังไอเทมชิ้นที่ 2<c>"""
Guide_5#0,"""<c f0df60>นี่คือหน้าจอยืนยันขั้นสุดท้ายสำหรับการย้าย S-Class Special Ability กรุณาตรวจสอบ Meseta ที่ต้องใช้ในการย้าย<c>"""
Decrease_Title#0,"""ยืนยัน Special Ability"""
Decrease_Msg#0,"""Special Ability ด้านล่างที่ไม่ได้ติดกับไอเทม<br>จะ<c ff4f3f>หายไป<c><br>ดำเนินการต่อหรือไม่?"""
SlotDecrease_Title#0,"""ยืนยันการลดลงของ Slot"""
SlotDecrease_Msg#0,"""Slot ของ $(0)<br>จะ<c ff4f3f>ลดลง<c><br>ดำเนินการต่อหรือไม่?"""
CapsuleTitle#0,"""ชื่อ Special Ability"""
CategoryTitle#1,"""หมวดหมู่"""
Title#14,"""เลือกไอเทมหลัก"""
TitleReset#0,"""เลือกไอเทมที่จะยกเลิกการเปลี่ยน"""
TitleMigration#0,"""เลือกไอเทมเป้าหมาย"""
MigrationButtonTraceStart#0,"""ยืนยัน"""
MigrationButtonBack#0,"""กลับ"""
NoItemMessage#5,"""ตั้งค่าอาวุธที่ต้องการเปลี่ยนรูปลักษณ์ภายนอก"""
NoItemMessageReset#0,"""ตั้งค่าอาวุธที่ต้องการย้อนกลับรูปลักษณ์ภายนอก"""
TraceCheckTitle#0,"""รายละเอียดการเปลี่ยน Weapon Form"""
TraceMessage#0,"""<yellow>Weapon Form Pass ที่ต้องการ: $(0) (มีอยู่: $(1))<br>Meseta ที่ต้องการ: $(2) (มีอยู่: $(3))<c>"""
TraceCheckSubTitle1#0,"""Weapon Form"""
TraceCheckSubTitle2#0,"""ไอเทมที่ต้องการ"""
TraceCheckSubTitle3#0,"""ไอเทมเปลี่ยน Weapon Form"""
ItemTraceCheckTitle#0,"""ยืนยันการใช้ Weapon Form"""
ItemTraceMessage#0,"""การกระทำนี้จะเปลี่ยนรูปลักษณ์ของอาวุธ<br>ดำเนินการต่อหรือไม่?<br><br>※สถานะของไอเทมจะไม่เปลี่ยนแปลง<br>※ข้อมูล Photon Color<br>\u3000Photon Color จะถูกเปลี่ยนกลับเป็น<br>\u3000ค่าเริ่มต้นแม้ว่าจะเคยถูกเปลี่ยนมาแล้วก็ตาม<br>※เมื่อทำการเปลี่ยนรูปลักษณ์แล้ว <br>\u3000ไอเทมทั้งสองชิ้นจะไม่สามารถแลกเปลี่ยนได้อีก"""
ResetTraceCheckTitle#0,"""รีเซ็ต Weapon Form"""
ResetTraceCheckSubTitle#0,"""Weapon Form"""
ResetItemTraceCheckTitle#0,"""ยืนยันการรีเซ็ต Weapon Form"""
ResetItemTraceMessage#0,"""ต้องการคืนค่ารูปลักษณ์เดิมของอาวุธที่เลือกหรือไม่?<br><br>※ประสิทธิภาพของอาวุธจะไม่เปลี่ยนแปลง<br>※Photon Color จะถูกรีเซ็ตกลับเป็นค่าเริ่มต้น<br>※แม้ว่าคุณจะย้อนกลับอาวุธเป็นค่าเริ่มต้นแล้ว คุณก็ยังไม่สามารถลงขายหรือแลกเปลี่ยนอาวุธหลักหรือไอเทมวัตถุดิบได้อยู่ดี"""
TraceSuccessCheckTitle#0,"""เปลี่ยนเสร็จสมบูรณ์"""
TraceSuccessMessage#0,"""Weapon Form ถูกเปลี่ยนแล้ว"""
TraceErrorMessage#0,"""เปลี่ยนรูปลักษณ์ล้มเหลว"""
ResetTraceSuccessCheckTitle#0,"""รีเซ็ตรูปลักษณ์เสร็จสมบูรณ์"""
ResetTraceSuccessMessage#0,"""Weapon Form ถูกรีเซ็ตแล้ว"""
ResetTraceErrorMessage#0,"""ไม่สามารถรีเซ็ต Weapon Form ได้"""
NoMatchItemErrorTitle#6,"""Item Lab"""
NoMatchItemErrorMessage1#6,"""ไม่มีไอเทมเป้าหมาย<br><br>ไอเทมหลักต้องเป็นอาวุธที่ถูก Grind ถึงระดับสูงสุดเท่านั้น<br>ส่วนไอเทมที่จะนำมาใช้เป็นรูปลักษณ์ภายนอก<br>ต้องเป็นอาวุธที่ถูก Grind ถึงระดับสูงสุด<br>หรือ Weapon Camo เท่านั้น"""
NoMatchItemErrorMessage2#2,"""ไม่มีไอเทมที่ถูกเปลี่ยนรูปลักษณ์ของอาวุธ"""
NoMatchItemErrorMessage3#0,"""เงินที่มีอยู่ไม่เพียงพอ"""
NoMatchItemErrorMessage4#0,"""Weapon Form Pass ไม่เพียงพอ"""
NoMatchItemErrorMessage5#0,"""เงินที่มีอยู่และ Weapon Form Pass<br>ไม่เพียงพอ"""
ItemTrace_Source#0,"""Weapon Form ดั้งเดิม"""
LockErrorMessage#1,"""ไม่สามารถเลือกไอเทมที่ล็อกอยู่ได้"""
UserShopTitle#0,"""Player Shop"""
UserShopShelfTitle#0,"""ร้านค้าของ $(0)"""
UserShopShelfTitle_v#0,"""ร้านค้าของ $(0)"""
ShopListTitle#1,"""เมนูร้านค้า"""
SearchItem#0,"""ค้นหาไอเทม"""
SearchShop#0,"""ค้นหาร้านค้า"""
SearchFriendShop#0,"""ค้นหาร้านค้าของเพื่อน"""
SearchGuildMemberShop#0,"""ค้นหาร้านค้าของสมาชิกทีม"""
Manage#0,"""จัดการร้านค้า"""
Exit#3,"""ออกจากเมนูร้านค้า"""
ManageListTitle#0,"""จัดการร้านค้า"""
ManageExhibitItem#0,"""ลงขายไอเทมจาก Inventory <pict 4space><pict Arcscash>"""
ManageExhibitItemWarehouse#0,"""ลงขายไอเทมจาก Storage <pict Arcscash>"""
ManageWithdrawItem#0,"""ถอนไอเทมไปยัง Inventory"""
ShopListTitle_Blockade_message#0,"""จะปลดล็อกหลังจากได้รับฉายา \""My Shop Buyer\"" (マイショップバイヤー)"""
ShopListTitle_Blockade_message_2#0,"""คุณไม่สามารถใช้ฟีเจอร์นี้ได้จนกว่าจะได้รับฉายา \""My Shop Master\"" (マイショップマスター)"""
ManageWithdrawItemWarehouse#0,"""ถอนไอเทมไปยัง Storage"""
ManageEditCm#0,"""แก้ไขข้อความโฆษณา"""
ManageConfirmRecord#0,"""ตรวจสอบรายได้จากร้านค้า"""
ManageWithRightsBuy#0,"""ตรวจสอบวันหมดอายุของร้านค้า"""
ManageBack#0,"""กลับ"""
Explanation1#8,"""นำไอเทมที่คุณไม่ต้องการมาลงขาย หรือซื้อไอเทมที่ผู้เล่นอื่นนำมาลงขาย <c f0df60>※คุณสามารถแลกเปลี่ยนได้เฉพาะไอเทมที่ได้รับใน [PSO2: NGS] ที่นี่เท่านั้น<c>"""
Explanation1_v#0,"""<c f0df61>คุณสามารถเปิดร้านค้าเพื่อขายไอเทมของคุณเอง หรือซื้อไอเทมจาก Player Shop ของผู้เล่นอื่นได้<c>"""
Explanation2#8,"""ค้นหาไอเทมที่ผู้เล่นอื่นกำลังลงขาย เลือกเงื่อนไขการค้นหาแล้วกดปุ่ม \""ค้นหา\"" ระบบจะแสดงผลลัพธ์ที่ตรงกันสูงสุด 50 รายการ"""
Explanation2_v#2,"""<c f0df60>ค้นหาไอเทมที่ผู้เล่นอื่นกำลังลงขายอยู่<c>"""
Explanation3#6,"""เมื่อคุณเลือกไอเทม ระบบจะพาไปยังร้านค้าที่ลงขายไอเทมนั้น ไอเทมของคุณเองจะไม่แสดงที่นี่"""
Explanation3_v#3,"""<c f0df60>เมื่อเลือกสินค้า ระบบจะพาไปยังร้านค้าที่ลงขายไอเทมนั้น<c>"""
Explanation4#4,"""ใช้ปุ่มขึ้นและลงเพื่อเลื่อนดูไอเทม และเปลี่ยนจำนวนที่ต้องการซื้อด้วยปุ่มซ้ายและขวา เมื่อเลือกทุกอย่างที่ต้องการครบแล้ว คุณสามารถกดซื้อพร้อมกันได้"""
Explanation4_v#3,"""<c f0df60>เลือกไอเทมที่ต้องการซื้อด้วย <%Decide><c f0df60> จากนั้นกดปุ่ม \""ซื้อ\"" เพื่อชำระเงิน<c>"""
Explanation5#3,"""คุณสามารถค้นหาด้วยคีย์เวิร์ดจาก Player ID name, ชื่อตัวละคร และข้อความโฆษณา โดยเลือกประเภทที่จะค้นหาก่อน แล้วจึงใส่คีย์เวิร์ดของคุณ"""
Label_Item_Num#0,"""ที่มีอยู่ในปัจจุบัน"""
Label_Item_Capacity#0,"""ความจุ Inventory หลังจากซื้อ"""
Label_Item_Warehouse_Capacity#0,"""ความจุ $(0) หลังจากนี้"""
Explanation5_v#2,"""<c f0df61>คุณสามารถค้นหาด้วยคีย์เวิร์ดจาก Player ID name, ชื่อตัวละคร และข้อความโฆษณาได้<c>"""
Explanation6#3,"""กรุณาเลือกร้านค้า หากคุณเลื่อนเมาส์ไปที่ร้านค้า Player ID name และข้อความโฆษณาจะแสดงอยู่ใต้ \""รายละเอียด My Shop\"""
Explanation6_v#2,"""<c f0df60>กรุณาเลือกร้านค้า เมื่อเลื่อนเคอร์เซอร์ไปวาง ระบบจะแสดง \""รายละเอียด My Shop\""<c>"""
Explanation7#2,"""ที่นี่คุณสามารถตรวจสอบสินค้าในร้านค้าของคุณ หรือแก้ไขโฆษณาร้านค้าได้"""
Explanation8#2,"""เลือก Slot ที่คุณต้องการวางไอเทม จากนั้นเลือกไอเทมที่จะขายและตั้งราคา"""
Explanation8_v#0,"""<c f0df60>เลือก Slot กำหนดจำนวนไอเทมที่จะขาย ตั้งราคา แล้วลงทะเบียนในรายการที่จะลงขาย<c>"""
Explanation9#1,"""<c f0df60>เลือกไอเทมที่จะนำมาลงขาย<c>"""
Explanation10#1,"""<c f0df60>กรุณาเลือกไอเทมจาก Storage ที่จะนำมาลงขาย<c>"""
Explanation11#1,"""<c f0df60>กรุณาเลือกไอเทมทั้งหมดที่คุณต้องการถอนโดยใช้ <%Decide><c f0df60> จากนั้นกดปุ่มถอน<c>"""
Explanation12#1,"""<c f0df60>กรุณาเลือกไอเทมทั้งหมดที่คุณต้องการถอนจากการขายไปยัง Storage โดยใช้ <%Decide><c f0df60> จากนั้นกดปุ่มถอน<c>"""
Explanation13#1,"""<c f0df60>กรุณาใส่ข้อความโฆษณาร้านค้า ข้อความนี้จะถูกใช้เพื่อโปรโมทร้านค้าของคุณในรายการค้นหา<c>"""
Explanation14#1,"""<c f0df60>ที่นี่คุณสามารถตรวจสอบและรับรายได้ของคุณได้<c>"""
Explanation15#1,"""ที่นี่คุณสามารถดูวันหมดอายุของสิทธิ์การขายใน My Shop ของคุณ และซื้อไอเทมเพื่อขยายเวลาวันหมดอายุได้"""
ManageWithRightsBuy_Supplemental#0,"""คุณสามารถ<yellow>ลงขายไอเทมได้<c> หากคุณมีสิทธิ์ในการใช้งาน<br>อย่างใดอย่างหนึ่งด้านล่างนี้ เลือกรายการเพื่อซื้อสิทธิ์"""
Title#15,"""ค้นหาไอเทม"""
ResultTitle#1,"""ผลการค้นหาไอเทม"""
NoItemMessage#6,"""ไม่มีไอเทมที่ตรงกับเงื่อนไขการค้นหาของคุณ"""
SearchingMessage#0,"""กำลังค้นหา..."""
ItemName#0,"""กำหนดชื่อ (ตรงกันทั้งหมด)"""
ItemNameHead#0,"""ชื่อไอเทม"""
ExplanationHead#0,"""-"""
ElementNameHead#0,"""ชื่อ Ability"""
Category#0,"""กำหนดหมวดหมู่"""
Category_Vita#0,"""หมวดหมู่"""
CategoryNone#0,"""ไม่ได้เลือก"""
CategoryWeapon#0,"""Old-Type Weapons"""
CategoryAddon#0,"""Units"""
CategoryConsumeSpecialabilitycapsule#0,"""Special Ability Capsules"""
CategoryCostumeParts#0,"""Costumes and Parts"""
CategoryConsume#0,"""Consumable Items"""
CategoryDisk#0,"""Disks"""
CategoryRoomGoods#0,"""Room Goods"""
CategoryQuestItem#0,"""Order Items/Crafting Materials"""
CategoryOther#1,"""อื่นๆ"""
CategoryAcGacha#0,"""AC Scratch Item"""
CategoryWeaponAvatar#0,"""Weapon Camo"""
CategoryWeaponRare10#0,"""อาวุธ Rarity 10"""
CategoryWeaponRare11#0,"""อาวุธ Rarity 11"""
CategoryWeaponRare12#0,"""อาวุธ Rarity 12"""
CategoryAddonRare10#0,"""Unit Rarity 10"""
CategoryAddonRare11#0,"""Unit Rarity 11"""
CategoryAddonRare12#0,"""Unit Rarity 12"""
CategoryRappySuits#0,"""Rappy Suit"""
CategoryGemStone#0,"""Pyroxene"""
SubCategory#0,"""หมวดหมู่ย่อย"""
SubCategoryWeaponNone#0,"""ไม่ได้เลือก"""
SubCategoryWeaponSword#0,"""Swords"""
SubCategoryWeaponDoublesaber#0,"""Double Sabers"""
SubCategoryWeaponKnuckle#0,"""Knuckles"""
SubCategoryWeaponSaber#0,"""Gunslashes"""
SubCategoryWeaponTwindagger#0,"""Twin Daggers"""
SubCategoryWeaponPartisan#0,"""Partizans"""
SubCategoryWeaponWiredlance#0,"""Wired Lances"""
SubCategoryWeaponAssaultrifle#0,"""Assault Rifles"""
SubCategoryWeaponLauncher#0,"""Launchers"""
SubCategoryWeaponTwinmachinegun#0,"""Twin Machineguns"""
SubCategoryWeaponRod#0,"""Rods"""
SubCategoryWeaponTalis#0,"""Talises"""
SubCategoryWeaponWand#0,"""Wands"""
SubCategoryWeaponKatana#0,"""Katanas"""
SubCategoryWeaponCompoundBow#0,"""Bullet Bows"""
SubCategoryWeaponMulti#0,"""หลายหมวดหมู่"""
SubCategoryAddonNone#0,"""ไม่ได้เลือก"""
SubCategoryAddonBack#0,"""Rear Units"""
SubCategoryAddonArm#0,"""Arm Units"""
SubCategoryAddonLeg#0,"""Leg Units"""
SubCategoryAddonGeneral#0,"""Sub Units"""
SubCategoryCostumePartsNone#0,"""ไม่ได้เลือก"""
SubCategoryCostumePartsCostume#0,"""Costumes"""
SubCategoryCostumePartsBody#0,"""Body Parts"""
SubCategoryCostumePartsArm#0,"""Arm Parts"""
SubCategoryCostumePartsLeg#0,"""Leg Parts"""
SubCategoryConsumeNone#0,"""ไม่ได้เลือก"""
SubCategoryConsumeHeal#0,"""Recovery Items"""
SubCategoryConsumeBoost#0,"""Boost Items"""
SubCategoryConsumeTicket#0,"""Tickets"""
SubCategoryDiskNone#0,"""ไม่ได้เลือก"""
SubCategoryDiskPhotonartsSword#0,"""Sword PAs"""
SubCategoryDiskPhotonartsDoublesaber#0,"""Double Saber PAs"""
SubCategoryDiskPhotonartsKnuckle#0,"""Knuckle PAs"""
SubCategoryDiskPhotonartsSaber#0,"""Gunslash PAs"""
SubCategoryDiskPhotonartsTwindagger#0,"""Twin Dagger PAs"""
SubCategoryDiskPhotonartsPartisan#0,"""Partizan PAs"""
SubCategoryDiskPhotonartsWiredlance#0,"""Wired Lance PAs"""
SubCategoryDiskPhotonartsAssaultrifle#0,"""Assault Rifle PAs"""
SubCategoryDiskPhotonartsLauncher#0,"""Launcher PAs"""
SubCategoryDiskPhotonartsTwinmachinegun#0,"""Twin Machinegun PAs"""
SubCategoryDiskPhotonartsKatana#0,"""Katana PAs"""
SubCategoryDiskPhotonartsCompoundBow#0,"""Bullet Bow PAs"""
SubCategoryDiskTechniqueAttributeFire#0,"""Fire Techniques"""
SubCategoryDiskTechniqueAttributeIce#0,"""Ice Techniques"""
SubCategoryDiskTechniqueAttributeThunder#0,"""Lightning Techniques"""
SubCategoryDiskTechniqueAttributeWind#0,"""Wind Techniques"""
SubCategoryDiskTechniqueAttributeLight#0,"""Light Techniques"""
SubCategoryDiskTechniqueAttributeDark#0,"""Dark Techniques"""
SubCategoryOtherNone#0,"""ไม่ได้เลือก"""
SubCategoryOtherPass#0,"""Item Lab/Craft/Support/Trigger"""
SubCategoryOtherDevice#0,"""Mag Devices"""
SubCategoryOtherReform#0,"""Remodeling Tickets"""
SubCategoryOtherMusicDisk#0,"""Music Discs"""
SubCategoryOtherTool#0,"""Tools"""
Attribute#1,"""ธาตุ (Attribute)"""
AttributeNone#0,"""ไม่ได้เลือก"""
AttributeFire#0,"""ไฟ"""
AttributeIce#0,"""น้ำแข็ง"""
AttributeThunder#0,"""สายฟ้า"""
AttributeWind#0,"""ลม"""
AttributeLight#0,"""แสง"""
AttributeDark#0,"""ความมืด"""
AttributeRatio#1,"""ค่าธาตุ (Attribute Rate)"""
AttributeRatioOver#0,"""ขั้นต่ำ"""
GrindNum#1,"""ระดับ Grind"""
GrindNumOver#0,"""ขั้นต่ำ"""
ElementNum#1,"""จำนวน Abilities"""
Potential#1,"""เลเวล Potential"""
MultiWeapon#0,"""Multi-weapon"""
DropSkill#0,"""Preset Ability"""
DropSkillLevelOver#0,"""หรือสูงกว่า"""
DropSkillLevelOnly#0,"""เท่านั้น"""
DifferentColorsWeapons#0,"""Color Variant"""
SubCategoryMagForm#0,"""Mag Form"""
SubCategoryItemRab#0,"""เกี่ยวกับ Item Lab"""
SubCategoryBattleTrigger#0,"""Battle Trigger/Tools"""
Exist#0,"""ใช่"""
PotentialExist#0,"""<pict Sign_SQUARE>Potential"""
Rarity#1,"""ตั้งค่า Rarity"""
Rarity_Vita#0,"""ระดับความหายาก (Rarity)"""
RarityOver#0,"""ขั้นต่ำ"""
ValueRange#0,"""ตั้งค่าช่วงราคา"""
ValueMin#0,"""ราคาขั้นต่ำ"""
ValueMax#0,"""ราคาสูงสุด"""
SetValueMin#0,"""เปลี่ยน"""
SetValueMax#0,"""เปลี่ยน"""
SetValueMinInputNumberTitle#0,"""ตั้งค่าราคาขั้นต่ำ"""
SetValueMinInputNumberMessage#0,"""กรุณาป้อนราคาขั้นต่ำ"""
SetValueMaxInputNumberTitle#0,"""ตั้งค่าราคาสูงสุด"""
SetValueMaxInputNumberMessage#0,"""กรุณาป้อนราคาสูงสุด"""
SearchNew#0,"""ค้นหาตามเวลาที่แสดง"""
SearchCheap#0,"""ค้นหาตามราคา"""
Reload#0,"""รีเฟรช"""
Reset#0,"""รีเซ็ต"""
Candidate#0,"""P. Search"""
CandidateTitle#0,"""ค้นหาคีย์เวิร์ด Prospect"""
CandidateListTitle#0,"""สรุปผล Prospect (แสดง 100 อันดับแรก)"""
SearchTooMany#0,"""พบผลลัพธ์มากเกินไป<br>กรุณาจำกัดการค้นหาโดย<br>เพิ่มคำค้นหาให้เจาะจงขึ้น"""
SearchItemNothing#0,"""ไม่พบไอเทม<br>ที่ตรงกัน"""
SearchElementNothing#0,"""ไม่พบชื่อ Ability<br>ที่ตรงกัน"""
SearchCancel#0,"""ยกเลิก"""
AcGachaNormal_Check#0,"""สินค้า Normal AC Scratch"""
AcGachaRecommend_Check#0,"""สินค้า Featured AC Scratch"""
EquipCheck#0,"""<pict Sign_SQUARE>เฉพาะที่สวมใส่ได้"""
RegisteredTicket_Check#0,"""ตั๋วที่ยังไม่ได้ใช้งาน"""
CategoryGammaWeapon#0,"""Weapons"""
CategoryAllWeapon#0,"""Weapons"""
CategoryGammaAddon#0,"""Gamma Unit"""
CategoryCustomizeDisk#0,"""Crafted Disks"""
CategorySkillRing#0,"""Skill Rings"""
CategoryWeaponRare13#0,"""อาวุธ Rarity 13"""
CategoryWeaponRare14#0,"""อาวุธ Rarity 14"""
CategoryWeaponRare15#0,"""อาวุธ Rarity 15"""
CategoryLayeringCostume#0,"""Layered Wear"""
CategoryPetEgg#0,"""Egg"""
CategoryPetCandy#0,"""Candy"""
CategoryGat#0,"""Gathering Materials"""
CategoryGatCooking#0,"""Gathering Cuisine"""
CategorySgGacha#0,"""ไอเทม SG Scratch"""
CategoryPetCandyRare10#0,"""Candy Rarity 10"""
CategoryPetCandyRare11#0,"""Candy Rarity 11"""
CategoryPetCandyRare12#0,"""Candy Rarity 12"""
CategoryPetCandyRare13#0,"""Candy Rarity 13"""
CategoryPetCandyRare14#0,"""Candy Rarity 14"""
CategoryPetCandyRare15#0,"""Candy Rarity 15"""
CategoryPetEggRare10#0,"""Egg Rarity 10"""
CategoryPetEggRare11#0,"""Egg Rarity 11"""
CategoryPetEggRare12#0,"""Egg Rarity 12"""
CategoryPetEggRare13#0,"""Egg Rarity 13"""
CategoryPetEggRare14#0,"""Egg Rarity 14"""
CategoryPetEggRare15#0,"""Egg Rarity 15"""
CategoryGatAll#0,"""Gathering"""
CategoryGatRare7Over#0,"""Gathering Rarity 7+"""
CategoryWeaponRare10_11#0,"""อาวุธ Rarity 10-11"""
CategoryAddonRare10_11#0,"""Unit Rarity 10-11"""
CategoryExcube#0,"""Excube"""
CategoryClassExcube#0,"""Class Excube"""
CategoryPetEggRare10_11#0,"""Egg Rarity 10-11"""
CategoryPetEggRare10_12#0,"""Egg Rarity 10-12"""
CategoryPetCandyRare10_12#0,"""Candy Rarity 10-12"""
CategoryGachaTradePass#0,"""ตั๋วแลกเปลี่ยน AC/SG Scratch"""
CategoryBusterMedal#0,"""Buster Medals"""
CategoryVarenWeapon#0,"""อาวุธ Fahren"""
CategorySephirotUnit#0,"""Unit Zeinesis/Qliphad"""
CategoryQliphothUnit#0,"""อาวุธ Ares-NT"""
CategoryRecycleItem#0,"""ไอเทม Recycle"""
CategoryAwakeningWeapon#0,"""อาวุธ Atlas"""
CategoryNemesisWeaponNT#0,"""อาวุธ Nemesis-NT"""
CategorySlaveWeaponNT#0,"""อาวุธ Slave-NT"""
CategorySgGachaTradePass#0,"""ตั๋วแลกเปลี่ยน SG Scratch"""
CategoryInvadeWeaponNT#0,"""แลกเปลี่ยน Invade-NT"""
CategoryDetonationWeapon#0,"""อาวุธ Detonation+35"""
CategoryKlademWeapon#0,"""อาวุธ Clawdem+35"""
CategoryAllureWeapon#0,"""อาวุธ Allure+35"""
CategorySharairaWeapon#0,"""อาวุธ Chalyra+35"""
CategoryLighttraceWeapon#0,"""อาวุธ Lightstream"""
CategoryLighttraceWTWeapon#0,"""อาวุธ Lightstream"""
CategoryAtlasEXWeapon#0,"""อาวุธ Atlas Ex"""
CategoryWeaponRare14a#0,"""อาวุธ Rarity 14"""
CategoryNgsRing#0,"""Skill Rings"""
SubCategoryWeaponJboots#0,"""Jet Boots"""
SubCategoryWeaponDblade#0,"""Dual Blades"""
SubCategoryWeaponTakt#0,"""Takts"""
SubCategoryLayeringCostumeNone#0,"""ไม่มี (สวมใส่ได้ทั้งหมด)"""
SubCategoryLayeringCostumeOuterWear#0,"""Outerwear"""
SubCategoryLayeringCostumeBaseWear#0,"""Basewear & Setwear"""
SubCategoryConsumeMouthTeeth#0,"""Mouth/Teeth"""
SubCategoryConsumeEar#0,"""Ears"""
SubCategoryConsumeHorn#0,"""Horns"""
SubCategoryConsumeStamp#0,"""Stamps"""
SubCategoryConsumeSpecialabilitycapsule#0,"""Ability Capsules"""
SubCategoryConsumeLineDuelCard#0,"""Cards"""
SubCategoryConsumeLineDuelCardSleeve#0,"""Card Sleeves"""
SubCategoryConsumeLineDuelPlaymat#0,"""Playmats"""
SubCategoryLayeringCostumeInnerWear#0,"""Innerwear"""
SubCategoryConsumeFaceVariations#0,"""Face Variations"""
SubCategoryConsumeHairStyle#0,"""Hairstyles"""
SubCategoryConsumeHeadParts#0,"""Head Parts"""
SubCategoryConsumeAccessory#0,"""Accessories"""
SubCategoryConsumeEye#0,"""Eyes"""
SubCategoryConsumeEyebrow#0,"""Eyebrows"""
SubCategoryConsumeEyelashes#0,"""Eyelashes"""
SubCategoryConsumeFacePaint#0,"""Face Paint"""
SubCategoryConsumeBodyPaint#0,"""Body Paint"""
SubCategoryConsumeSticker#0,"""Stickers"""
SubCategoryConsumeVoice#0,"""Voice"""
SubCategoryConsumeMotionChange#0,"""Motion Modification"""
SubCategoryConsumeLobbyAction#0,"""Lobby Actions"""
SubCategoryDiskPhotonartsJboots#0,"""Jet Boots PAs"""
SubCategoryDiskPhotonartsDblade#0,"""Dual Blades PAs"""
SubCategoryCustomizeDiskNone#0,"""ไม่ได้เลือก"""
SubCategoryCustomizeDiskPhotonartsSword#0,"""Custom Sword PAs"""
SubCategoryCustomizeDiskPhotonartsDoublesaber#0,"""Custom Double Saber PAs"""
SubCategoryCustomizeDiskPhotonartsKnuckle#0,"""Custom Knuckles PAs"""
SubCategoryCustomizeDiskPhotonartsSaber#0,"""Custom Gunslash PAs"""
SubCategoryCustomizeDiskPhotonartsTwindagger#0,"""Custom Twin Daggers PAs"""
SubCategoryCustomizeDiskPhotonartsPartisan#0,"""Custom Partizan PAs"""
SubCategoryCustomizeDiskPhotonartsWiredlance#0,"""Custom Wired Lance PAs"""
SubCategoryCustomizeDiskPhotonartsAssaultrifle#0,"""Custom Assault Rifle PAs"""
SubCategoryCustomizeDiskPhotonartsLauncher#0,"""Custom Launcher PAs"""
SubCategoryCustomizeDiskPhotonartsTwinmachinegun#0,"""Custom Twin Machineguns PAs"""
SubCategoryCustomizeDiskPhotonartsKatana#0,"""Custom Katana PAs"""
SubCategoryCustomizeDiskPhotonartsCompoundBow#0,"""Custom Bullet Bow PAs"""
SubCategoryCustomizeDiskPhotonartsJboots#0,"""Custom Jet Boots PAs"""
SubCategoryCustomizeDiskPhotonartsDblade#0,"""Custom Dual Blades PAs"""
SubCategoryCustomizeDiskTechniqueAttributeFire#0,"""Custom Fire Techs"""
SubCategoryCustomizeDiskTechniqueAttributeIce#0,"""Custom Ice Techs"""
SubCategoryCustomizeDiskTechniqueAttributeThunder#0,"""Custom Lightning Techs"""
SubCategoryCustomizeDiskTechniqueAttributeWind#0,"""Custom Wind Techs"""
SubCategoryCustomizeDiskTechniqueAttributeLight#0,"""Custom Light Techs"""
SubCategoryCustomizeDiskTechniqueAttributeDark#0,"""Custom Dark Techs"""
SubCategoryPetCandyNone#0,"""ไม่ได้เลือก"""
SubCategoryPetCandyParfait#0,"""Parfait"""
SubCategoryPetCandyRoll#0,"""Roll"""
SubCategoryPetCandyCookie#0,"""Cookie"""
SubCategoryPetCandyPancake#0,"""Pancake"""
SubCategoryPetCandyRamune#0,"""Ramune"""
SubCategoryPetCandyCrepe#0,"""Crepe"""
SubCategoryPetCandyStick#0,"""Stick Candy"""
SubCategoryPetCandySandwich#0,"""Sandwich"""
SubCategoryPetCandyGumi#0,"""Gummi"""
SubCategoryGatNone#0,"""ไม่ได้เลือก"""
SubCategoryGatC#0,"""Harvesting Materials"""
SubCategoryGatF#0,"""Fishing Materials"""
SubCategoryGatM#0,"""วัตถุดิบอื่นๆ"""
SubCategorySkillRingNone#0,"""ไม่ได้เลือก"""
SubCategorySkillRingLeft#0,"""L Ring"""
SubCategorySkillRingRight#0,"""R Ring"""
SubCategoryNgsRingType01#0,"""Type 1"""
SubCategoryNgsRingType02#0,"""Type 2"""
SubCategoryNgsRingType03#0,"""Type 3"""
AttributeNoneSex#0,"""ไม่ระบุประเภท"""
AttributeMensCostume#0,"""Fashion Suits Type 1"""
AttributeWomensCostume#0,"""Fashion Suits Type 2"""
AttributeMensCostumeParts#0,"""Cast Parts Type 1"""
AttributeWomensCostumeParts#0,"""Cast Parts Type 2"""
AttributeOuterWearNoneSex#0,"""ไม่ระบุประเภท"""
AttributeOuterWearMens#0,"""Outerwear Type 1"""
AttributeOuterWearWomens#0,"""Outerwear Type 2"""
AttributeBaseWearNoneSex#0,"""ไม่ระบุประเภท"""
AttributeBaseWearMens#0,"""Basewear Type 1"""
AttributeBaseWearWomens#0,"""Basewear Type 2"""
AttributeInnerWearNoneSex#0,"""ไม่ระบุประเภท"""
AttributeInnerWearMens#0,"""Innerwear Type 1"""
AttributeInnerWearWomens#0,"""Innerwear Type 2"""
RarityOnly#0,"""เท่านั้น"""
Condition#0,"""<pict Sign_SQUARE>เปลี่ยนเงื่อนไข"""
ElementTitle#0,"""ตั้งค่าการค้นหา Preset Ability"""
ElementHead1#0,"""ค้นหา 1"""
ElementHead2#0,"""ค้นหา 2"""
ElementHead3#0,"""ค้นหา 3"""
ElementHead4#0,"""ค้นหา 4"""
ElementHead5#0,"""ค้นหา 5"""
ElementHead6#0,"""ค้นหา 6"""
PluralReference#0,"""ค้นหาหลายรายการ"""
PluralReferenceNone#0,"""ยังไม่ได้ตั้งค่า Preset Abilities"""
Back#11,"""กลับ"""
CategoryStone1#0,"""Pyroxene/Large Pyroxene/Spellstone/Catalyst"""
CategoryStone2#0,"""Ore"""
CategoryPiece1#0,"""Fragment"""
CategoryTimeLimit#0,"""Bonus Key"""
CategoryHuHrExcube#0,"""Hu/Hr Excube"""
CategoryFiEtExcube#0,"""Fi/Et Excube"""
CategoryRaGuPhExcube#0,"""Ra/Gu/Ph Excube"""
CategoryGuHrExcube#0,"""Gu/Hr Excube"""
CategoryFoPhExcube#0,"""Fo/Ph Excube"""
"CategoryFoTe,HrExcube#0","""Fo/Te/Hr Excube"""
CategoryTeEtExcube#0,"""Te/Et Excube"""
CategoryBrPhExcube#0,"""Br/Ph Excube"""
CategoryBoEtExcube#0,"""Bo/Et Excube"""
CategoryQuestLimitedBoostItem#0,"""Quest Limited Boost Items"""
CategoryliberateWeapon#0,"""อาวุธ Liberate"""
CategoryliberateWTWeapon#0,"""อาวุธ Liberate"""
CategoryAllExcube#0,"""Class Excube"""
CategoryEveryMp#0,"""ไอเทม Mission Pass"""
CategoryHuRaFoExcube#0,"""Hu/Ra/Fo Excube"""
CategoryFiGuTeExcube#0,"""Fi/Gu/Te Excube"""
CategoryBrBoSuExcube#0,"""Br/Bo/Su Excube"""
CategoryHrPhEtExcube#0,"""Hr/Ph/Et Excube"""
CategoryStone3#0,"""Pyroxene"""
CategoryHrPhEtLuExcube#0,"""Hr/Ph/Et/Lu Excube"""
CategoryAddonRare13#0,"""Unit Rarity 13"""
CategoryClaesWeapon#0,"""อาวุธ Cras"""
CategoryClaesWTWeapon#0,"""อาวุธ Cras"""
CategoryWeaponRare10_12#0,"""อาวุธ Rarity 10-12"""
CategoryFluxioWeapon#0,"""อาวุธ Fluxio"""
CategoryFluxioWTWeapon#0,"""อาวุธ Fluxio"""
CategorySpGacha#0,"""ไอเทม Special Scratch"""
CategoryMissionPass#0,"""ไอเทม Mission Pass"""
Any of the Strugment1#0,"""เป้าหมาย Stragment"""
Any of the Strugment2#0,"""เป้าหมาย Stragment"""
Any of the Strugment3#0,"""เป้าหมาย Stragment"""
Target Special Scratch Ticket#0,"""เป้าหมาย Special Scratch Ticket"""
Target Special Select Ticket#0,"""เป้าหมาย Special Select Ticket"""
Target Count Bonus Item#0,"""เป้าหมาย Special Bonus Items"""
Evoleclipse Series#0,"""ซีรีส์ Evoleclis"""
Target Gathering Materials (Kvaris)#0,"""เป้าหมาย Gathering Materials (Kvaris)"""
Target Gathering Materials (food)#0,"""เป้าหมาย Gathering Materials (Food)"""
Basic capsule 1#0,"""เป้าหมาย Capsule Tier I"""
Basic capsule 2#0,"""เป้าหมาย Capsule Tier II"""
Trigger/Yellow#0,"""เป้าหมาย B. Trigger/Yellow"""
Trigger/Purple#0,"""เป้าหมาย B. Trigger/Purple"""
Target Quartz#0,"""เป้าหมาย Ore \""cite\"""
Target Crystal#0,"""เป้าหมาย Autumn Crystal"""
Kouklophis Series#0,"""ซีรีส์ Kouklophis"""
Primlibra Series#0,"""ซีรีส์ Prim Libra"""
Neos Astraean Series#0,"""ซีรีส์ Neos Astreon"""
CategoryObject#0,"""Build Parts"""
SubCategoryMaterials#0,"""Materials"""
SubCategoryTerrain#0,"""Building/Tools/Fixtures"""
SubCategoryNature#0,"""Nature"""
SubCategoryShap#0,"""Solid Objects"""
SubCategoryPlay#0,"""Gimmicks"""
SubCategoryFurniture#0,"""Furniture"""
SubCategoryCSCollaboration#0,"""Collab"""
CategoryPlaceObject#0,"""Portable Hologram"""
SubCategoryObject#0,"""Object"""
SubCategoryStickers#0,"""Paint"""
SubCategoryEffect#0,"""Effects"""
SubCategoryOther#0,"""Miscellaneous"""
SubCategoryConsumeArksCardBackground#0,"""ARKS Card Background"""
SubCategoryVitalgauge#0,"""Vital Gauge Design"""
Verschmelz Series#0,"""ซีรีส์ Verschmel"""
ItemNameDeleteButtonGuide#0,"""ยืนยัน: <%Decide>\u3000\u3000ยกเลิก: <%Cancel>\u3000\u3000สลับช่อง: <%NextWidget>\u3000\u3000สลับหน้าต่าง: <%ChangeCtrlWindowForward>\u3000\u3000ลบชื่อไอเทมที่ค้นหา: <%NextTabDetails>"""
Target Gathering Materials (Quartz)#0,"""เป้าหมาย Gathering Materials (Ore)"""
Basic capsule 3#0,"""เป้าหมาย Capsule Tier III"""
Recycle Reward Box#0,"""ไอเทม Reward Box ที่มีสิทธิ์"""
Recycle Reward Box Medal#0,"""เป้าหมาย Reward Box Medals"""
Target N-Class EX-Cubes#0,"""เป้าหมาย N-Class Excubes"""
Recycle Card#0,"""Cards ที่มีสิทธิ์"""
Xover Series#0,"""ซีรีส์ Carbo"""
Basic capsule Triyal#0,"""เป้าหมาย Capsules \""Dryl\"""
Recycle Kira Card#0,"""เป้าหมาย Foil Card"""
Recycle Normal Card#0,"""เป้าหมาย Normal Card"""
Basic capsule Dualble V#0,"""เป้าหมาย Capsules \""Diable V\"""
Search_EXElement_HintText#0,"""เมื่อทำการค้นหา EX Special Abilities<br>คุณสามารถค้นหาทุกสายย่อยพร้อมกันได้โดย<br><yellow>เปลี่ยนตัวอักษรตัวสุดท้ายเป็น \""?\""<c><br><yellow>※ตัวอย่าง: EX Risky Stance ?<c>"""
Target Capsule Domina LC#0,"""เป้าหมาย Capsules \""Domina LC\"""
Target DP Capsules#0,"""เป้าหมาย Capsules \""DP\"""
Target Dualble DP Capsules#0,"""เป้าหมาย Capsules \""Diable DP\"""
Target N-Weapons Badge#0,"""เป้าหมาย N-Weapons Badge"""
Search_Series_HintText#0,"""สำหรับ \""Weapons\"" และ \""Armor\"" คุณสามารถค้นหาไอเทมทั้งหมดใน<br>ซีรีส์ที่ตรงกันได้พร้อมกันโดยใช้ <yellow>เครื่องหมายคำถาม \""？\"" ในการค้นหา<c><br><yellow>※ตัวอย่าง: プリムソード？ (Prim Sword?)<c><br>※ไม่สามารถใช้ได้กับบางซีรีส์"""
Title#16,"""ค้นหาร้านค้า"""
ResultTitle#2,"""ผลการค้นหาร้านค้า"""
NoShopMessage#0,"""ไม่มีร้านค้าที่ตรงกับเงื่อนไขการค้นหาของคุณ"""
SearchingMessage#1,"""กำลังค้นหา..."""
Keyword#0,"""ค้นหาด้วยคีย์เวิร์ด"""
KindUserName#0,"""Player ID Name"""
KindCharacterName#0,"""ชื่อตัวละคร"""
KindCmText#0,"""โฆษณาร้านค้า"""
Search#0,"""ค้นหา"""
Reload#1,"""รีเฟรช"""
ExhibitNumber#0,"""จำนวนไอเทม"""
NextSearch#0,"""ค้นหาถัดไป"""
PrevSearch#0,"""ค้นหาก่อนหน้า"""
Blockade_message#0,"""ปลดล็อกโดยการได้รับฉายา \""$(0)\"""
Title#17,"""รายละเอียดร้านค้า"""
Owner#0,"""ชื่อเจ้าของ"""
Comment#0,"""โฆษณา"""
Recent_transaction_status#0,"""รายการซื้อขายล่าสุด"""
Closed_owner_info_1#0,"""จะแสดงให้เห็นเมื่อเจ้าของได้รับฉายาที่กำหนด"""
Closed_owner_info_2#0,"""จะแสดงให้เห็นเมื่อคุณได้รับฉายา \""My Shop Buyer\""<br>เงื่อนไข:<br>- เวลาเล่นรวม 300 ชั่วโมงขึ้นไป<br>- ซื้อของจาก My Shop 500 ครั้งขึ้นไป<br>- ใช้จ่าย 10,000,000 N-Meseta ขึ้นไปที่ My Shop"""
Closed_symbolart_option_Info#0,"""Symbol Arts ถูกซ่อนอยู่<br><br><yellow>※หากต้องการเปลี่ยนการตั้งค่านี้ ให้เปิด Options เลือก \""Sound/Chat\"" จากนั้นเปลี่ยนการตั้งค่า \""View Symbol Arts in My Shop\""<c>"""
AddBlockList_SymbolArt#0,"""บล็อก Symbol Art นี้"""
AddBlockList_Player#0,"""บล็อกเจ้าของ"""
Alert_Player#0,"""รายงานเจ้าของร้าน"""
Alert_Continue#0,"""เจ้าของ Symbol Art นี้ถูกบล็อกแล้ว<br>คุณต้องการรายงานพวกเขาด้วยหรือไม่?"""
Mes_Blocked#0,"""Symbol Art นี้ถูกบล็อกแล้ว<br>คุณสามารถยกเลิกการบล็อกได้ที่แท็บ History ในรายการ Symbol Art ของคุณ"""
Mes_NotSubject#0,"""ไม่มี Symbol Arts"""
Mes_HiddenSetting#0,"""ฟังก์ชันนี้ไม่สามารถใช้งานได้เนื่องจาก Symbol Arts ถูกตั้งค่าเป็นซ่อนอยู่"""
Title#18,"""รายการสินค้า"""
NoSlotMessage#0,"""ไม่มีช่องสำหรับลงขายเหลืออยู่แล้ว"""
NewSlot#0,"""ช่องใหม่"""
MenuSetValue#0,"""ตั้งราคา"""
MenuRemoveItem#3,"""นำไอเทมออก"""
Reflect#0,"""เพิ่มไอเทม"""
Back#12,"""กลับ"""
ExhibitNum#0,"""รายการสินค้าที่ขาย"""
ExhibitErrorTitle#0,"""ร้านค้าของคุณ"""
ExhibitErrorMessage#0,"""ยังมีไอเทมที่ไม่ได้ตั้งราคา<br>กรุณาตั้งราคาให้ครบทุกไอเทม"""
ExhibitTitle#0,"""เพิ่มไอเทม"""
ExhibitMessage#0,"""กำลังนำไอเทมเหล่านี้ลงขาย<br>ดำเนินการต่อหรือไม่?"""
ExhibitMessage_v#0,"""กำลังนำไอเทมลงขาย<br>ดำเนินการต่อหรือไม่?"""
StackExhibitInputNumberTitle#0,"""นำไอเทมลงขาย"""
StackExhibitInputNumberMessage#0,"""กรุณาเลือกจำนวนที่ต้องการลงขาย"""
SetValueInputNumberTitle#0,"""ตั้งราคา"""
SetValueInputNumberMessage#0,"""กรุณาตั้งราคาสำหรับไอเทมนี้<br>※ไม่สามารถตั้งราคาต่ำกว่าราคาขั้นต่ำได้<br>※ค่าธรรมเนียมการลงขายจะถูกหักออกจากราคาขายสุทธิของคุณ"""
SetValueInputNumberMessage_2#0,"""(กำไรหลังหักค่าธรรมเนียม: """
SetValueInputNumberMessage_3#0,"""$(1)<pict 4space>$(0))"""
SetValueInputNumberMessage_4#0,"""(ราคารวมภาษี: """
SetValueInputNumberMessage_5#0,"""กรุณาใส่ราคาที่คุณต้องการตั้ง<br>※ไอเทมประเภท \""Endorsed!\"" ต้องมีราคาไม่ต่ำกว่าราคาขั้นต่ำ"""
SetValueInputNumberMessage_6#0,"""(ราคาขั้นต่ำ: """
SetValueInputNumberMessage_7#0,"""※ค่าธรรมเนียมการลงขายจะถูกหักออกจากราคาขายสุทธิของคุณ"""
CancelTitle#9,"""ยกเลิกการนำไอเทมลงขาย"""
CancelMessage#9,"""คุณกำลังยกเลิกการนำไอเทมเหล่านี้ลงขาย<br>ดำเนินการต่อหรือไม่?"""
ExhibitResultTitle#0,"""ร้านค้าของคุณ"""
ExhibitResultMessage1#0,"""นำไอเทมลงขายเรียบร้อยแล้ว"""
ExhibitResultMessage2#0,"""ไม่สามารถนำไอเทมลงขายได้<br><br>[No.2105]"""
WatchMarket#0,"""เช็กราคาตลาด"""
WatchMarketTitle#0,"""ราคาสถานะตลาดล่าสุด"""
ExhibitMessage_total#0,"""ไอเทมต่อไปนี้จะถูกลงขายและตั้งราคาที่<br><yellow>ยอดรวมทั้งสิ้น: $(0) <pict reb_meseta> Meseta<c><br>ดำเนินการลงขายต่อหรือไม่?"""
ErrorTitle_ReadExtendedWarehouse#0,"""ร้านค้าของคุณ"""
ErrorMessage_ReadExtendedWarehouse#0,"""ในขณะที่มีไอเทมจาก Expansion Storage อยู่ในรายการเตรียมลงขาย<br>จะไม่สามารถโหลด Expansion Storage อื่นได้"""
WatchMarket_Item#0,"""ดูราคาไอเทม"""
WatchMarket_Element#0,"""ดูราคา Special/Preset Ability"""
WatchMarket_MyShop#0,"""ดูราคา My Shop"""
WatchMarketElement_SelectTitle#0,"""เลือก Special/Preset Abilities"""
WatchMarketElement_Info#0,"""คุณสามารถค้นหา Special & Preset Abilities ได้"""
WatchMarketElement_SearchAll#0,"""ค้นหา Weapons ทั้งหมด"""
WatchMarketElement_SearchSame#0,"""ค้นหา Weapons ชื่อเดียวกัน"""
WatchMarketElement_SearchAllUnit#0,"""ค้นหา Armor Units ทั้งหมด"""
WatchMarketElement_SearchSameUnit#0,"""ค้นหา Armor Units ชื่อเดียวกัน"""
WatchMarketElement_TitleSlot#0,"""การตั้งค่าช่อง Preset Ability"""
WatchMarketAugment_TitleSlot#0,"""จำนวน Special Abilities"""
WatchMarketElement_TitleElement#0,"""Preset Abilities ที่ต้องการค้นหา"""
WatchMarketAugment_TitleElement#0,"""Special Abilities ที่ต้องการค้นหา (สูงสุด 5 อย่าง)"""
WatchMarketElement_SubTitleSlot#0,"""ระดับ Preset"""
WatchMarketAugment_SubTitleSlot#0,"""จำนวน Special Abilities"""
Title#19,"""รายการสินค้า"""
NoItemMessage#7,"""ไม่มีไอเทม"""
Reflect#1,"""ถอนการขาย"""
Back#13,"""กลับ"""
WithdrawErrorTitle#0,"""ร้านค้าของคุณ"""
WithdrawErrorMessage1#0,"""คุณมีพื้นที่ใน Inventory ไม่เพียงพอ<br>หรือคุณมีไอเทมที่คุณกำลังถอนการขายมากเกินไป<br>ไม่สามารถถอนไอเทมได้"""
WithdrawErrorMessage2#0,"""ไม่สามารถถอนการขายได้<br>พื้นที่ Storage ไม่เพียงพอ หรือเกินขีดจำกัดการซ้อนทับไอเทม (Stack Limit)"""
WithdrawTitle#0,"""ถอนการขาย"""
WithdrawMessage#0,"""กำลังถอนไอเทมต่อไปนี้จากการขาย<br>ดำเนินการต่อหรือไม่?"""
WithdrawMessage_v#0,"""กำลังถอนไอเทมจากการขาย<br>ดำเนินการต่อหรือไม่?"""
WithdrawSelect_Title#0,"""เลือกปลายทางที่รับ"""
WithdrawSelect_Message#0,"""กรุณาเลือกปลายทางที่จะรับไอเทมจำนวน $(0) ชิ้น"""
ValueTitle#0,"""ราคาของคุณ"""
CancelTitle#10,"""ยืนยันการยกเลิกการถอน"""
CancelMessage#10,"""กำลังยกเลิกการถอนการขาย<br>ดำเนินการต่อหรือไม่?"""
WithdrawResultTitle#0,"""ร้านค้าของคุณ"""
WithdrawResultMessage1#0,"""ถอนไอเทมจากการขายเรียบร้อยแล้ว"""
WithdrawResultMessage2#0,"""ไม่สามารถถอนไอเทมจากการขายได้<br><br>[No.2106]"""
WithdrawErrorMessage_Limit#0,"""เมื่อมีการชำระเงินครั้งแรกในแต่ละแพลตฟอร์ม<br>หรือหลังจากสร้างบัญชีใหม่<br>คุณจะไม่สามารถใช้ฟังก์ชันนี้ได้จนกว่าจะครบเวลาที่กำหนด<br><br>วันเวลาที่ยกเลิกการจำกัด: <yellow>$(0)<c><br><br><yellow><br>※หากเกิดการจำกัดการใช้งานในระหว่างที่สิทธิ์การขายใน My Shop ยังมีผลอยู่<br>\u3000ระยะเวลาที่ถูกจำกัดจะถูกนำไปขยาย<br>\u3000เวลาใช้งาน My Shop ให้โดยอัตโนมัติ<c>"""
Title#20,"""แก้ไขโฆษณา"""
EditCmText#0,"""เขียนข้อความโฆษณาของคุณ"""
Decide#0,"""ยืนยัน"""
CancelText#0,"""ยกเลิก"""
EditCmSymbol#0,"""ตั้งค่าโฆษณา Symbol Art/Stamp"""
EditCmSymbolEmpty#0,"""ตั้งค่าโฆษณา Symbol Art/Stamp"""
CancelTitle#11,"""ยืนยันการยกเลิกโฆษณา"""
CancelMessage#11,"""การกระทำนี้จะยกเลิกการแก้ไขโฆษณา ดำเนินการต่อหรือไม่?"""
EditVectorSet#0,"""ลงทะเบียน Symbol Art"""
EditVectorClear#0,"""ล้างการลงทะเบียน"""
Stamp_set#0,"""ลงทะเบียน Stamp"""
Title#21,"""ตรวจสอบรายได้จากร้านค้า"""
NoRecordMessage#0,"""คุณยังไม่ได้ขายอะไรเลย"""
SynchronizingMessage#1,"""กำลังร้องขอข้อมูล..."""
Collect#0,"""รับรายได้"""
ItemName#1,"""ชื่อไอเทม"""
Number#0,"""จำนวน"""
Cash#2,"""ราคา"""
UserName#0,"""Player ID Name"""
Recovery#0,"""รับแล้ว"""
CollectHead#0,"""รายได้"""
CollectErrorTitle#0,"""ร้านค้าของคุณ"""
CollectErrorMessage1#0,"""ไม่สามารถรับรายได้ได้<br>เนื่องจากคุณพกพา Meseta มากเกินไป"""
CollectTitle#0,"""รับรายได้"""
CollectMessage#0,"""รับ <pict reb_meseta>$(1) $(0)<br>ที่คุณได้รับจากร้านค้าหรือไม่?"""
ProceedsTitle#0,"""รายได้รวม"""
Blockade_name#0,"""-"""
Closed_owner_info_2#1,"""ไม่สามารถแสดงได้เนื่องจากผู้ขายไม่มีฉายา \""My Shop Master\"" หรือ \""My Shop Buyer\"""
Cash#3,"""Meseta"""
Cost#1,"""ราคา"""
Title#22,"""Item Tekker"""
IdentifyListTitle#0,"""เมนู Tekker"""
IdentifyItem#0,"""ประเมินไอเทม (Identify)"""
Exit#4,"""ออกจาก Tekker"""
Explanation1#9,"""<c f0df60>คุณสามารถประเมินไอเทมที่ยังไม่ได้ประเมิน (<c 00ffff>? Special Weapon<c f0df60>, <c 00ffff>? Special Egg<c f0df60>) ได้<c>"""
Explanation2#9,"""<c f0df60>กรุณาเลือกอาวุธ (<c 00ffff>? Special Weapon<c f0df60>) ที่ต้องการประเมิน สามารถใช้ <c><%MultiSelect><c f0df60> เพื่อเลือกหลายชิ้นได้<c>"""
Explanation3#7,"""<c f0df60>นี่คือหน้าจอยืนยันขั้นสุดท้ายสำหรับการประเมิน คุณสามารถเพิ่มธาตุและ Special Ability ที่ต้องการให้กับไอเทมหลังการประเมินได้<c>"""
IdentifyItem_special#0,"""ประเมินขั้นสูง (Advanced Identification)"""
IdentifyEgg#0,"""ประเมิน Egg"""
Explanation4#5,"""<c f0df60>กรุณาเลือก Egg (<c 00ffff>? Special Egg<c f0df60>) ที่ต้องการประเมิน สามารถใช้ <c><%MultiSelect><c f0df60> เพื่อเลือกหลายชิ้นได้<c>"""
Explanation5#4,"""<c f0df60>นี่คือหน้าจอยืนยันขั้นสุดท้ายสำหรับการประเมิน Egg หลังจากการประเมิน คุณสามารถเพิ่มธาตุที่ต้องการให้กับสัตว์เลี้ยงได้<c>"""
Explanation2_special#0,"""<c f0df60>กรุณาเลือกอาวุธ (<c 00ffff>? Special Weapon<c f0df60>) ที่ต้องการทำการประเมินขั้นสูง<c>"""
Explanation3_special#0,"""<c f0df60>นี่คือหน้าจอยืนยันขั้นสุดท้ายสำหรับการประเมินขั้นสูง หลังจากการประเมิน คุณสามารถเพิ่มธาตุหรือ Special Abilities ที่ทรงพลังยิ่งขึ้นได้<c>"""
Title#23,"""เลือกไอเทมที่จะประเมิน"""
ConfirmTitle#1,"""ยืนยันไอเทมที่จะประเมิน"""
ConfirmMessage#3,"""เมื่อใช้บริการนี้ คุณสามารถเพิ่มธาตุและ Ability ที่ต้องการได้หลังจากการประเมินไอเทม<br><br>กรุณาเลือกอย่างละหนึ่งอย่าง<br>จากนั้นกดปุ่ม \""เริ่มประเมิน\"""
SelectItem#0,"""ไอเทมที่จะประเมิน"""
SelectAttribute#0,"""ธาตุที่ต้องการ"""
SelectElement#0,"""Ability ที่ต้องการ"""
IdentifyStart#0,"""เริ่มประเมิน"""
Back#14,"""ยกเลิก"""
IdentifyTitle#0,"""Item Tekker"""
identifyGuide01#0,"""คุณสามารถประเมินไอเทมที่ยังไม่ได้ประเมินได้"""
identifyGuide02#0,"""กรุณาเลือกอาวุธที่ต้องการประเมิน สามารถกดปุ่ม [Shift] เพื่อเลือกหลายชิ้นได้"""
identifyGuide03#0,"""นี่คือหน้าจอยืนยันขั้นสุดท้ายสำหรับการประเมิน คุณสามารถเพิ่มธาตุที่ต้องการให้กับไอเทมหลังการประเมินได้"""
IdentifySelectMenuTitle#0,"""เมนูประเมินไอเทม"""
IdentifySelectMenu01#0,"""ประเมินไอเทม"""
IdentifySelectMenu02#0,"""ประเมินไอเทมขั้นสูง"""
IdentifySelectMenu03#0,"""ออกจากร้านค้า"""
IdentifySelectItemTitle#0,"""เลือกไอเทมที่ยังไม่ได้ประเมิน"""
identifyConfrimMessage#0,"""จากบริการนี้ คุณสามารถเพิ่มธาตุที่ต้องการให้กับ<br>ไอเทมที่เลือก 1 ชิ้นได้<br>หลังจากเลือกธาตุ 1 อย่างแล้ว<br>กรุณากดปุ่ม \""ประเมิน\""<br>※โปรดทราบว่าธาตุที่เลือกจะถูกเพิ่มให้กับ<br>ไอเทมเป้าหมายทั้งหมด<br>※ไอเทมเป้าหมายจะถูกประเมินทีละ 10 ชิ้น"""
identifyConfrimSelectAttribute#0,"""ธาตุที่ต้องการเพิ่ม"""
identifyConfrimSelectResultTtile#0,"""ผลการประเมิน"""
identifyConfrimSelectResultMessage#0,"""การประเมินไอเทมจำนวน $(1) ชิ้นต่อไปนี้เสร็จสิ้นแล้ว<br>($(1) ชิ้น/$(0) ชิ้น)<br>กรุณากดปุ่ม \""สิ้นสุดการประเมิน\"""
identifyConfrimSelectResultContinue#0,"""ประเมินต่อ"""
identifyConfrimSelectResultEnd#0,"""สิ้นสุดการประเมิน"""
IdentifyMessage#0,"""<yellow>Meseta ที่ต้องการ: $(1) (ปัจจุบันมี: $(0))<c><br>กำลังประเมินไอเทมนี้<br>ดำเนินการต่อหรือไม่?"""
IdentifyErrorTitle#0,"""Item Tekker"""
IdentifyErrorMessage1#0,"""Meseta ไม่เพียงพอ"""
IdentifyResultTitle#0,"""Item Tekker"""
IdentifyResultMessage1#0,"""การประเมินเสร็จสมบูรณ์"""
IdentifyResultMessage2#0,"""ประเมินไอเทมล้มเหลว<br><br>[No.2107]"""
IdentifyResultDetailsTitle#0,"""รายละเอียดการประเมินไอเทม"""
IdentifyResultDetailsBack#0,"""กลับไปเลือกไอเทม"""
NoMatchItemErrorTitle#7,"""Item Tekker"""
NoMatchItemErrorMessage1#7,"""คุณไม่มีไอเทมที่ยังไม่ได้ประเมิน"""
SetErrorTitle#4,"""Item Tekker"""
SetErrorMessage1#4,"""ไม่สามารถประเมินไอเทมนี้ได้<br><br>[No.2108]"""
ConfirmMessage2#0,"""จากบริการนี้ คุณสามารถเพิ่มธาตุที่ต้องการ<br>ให้กับไอเทมหลังการประเมินได้<br><br>หลังจากเลือกธาตุ 1 อย่างแล้ว<br>กรุณากดปุ่ม \""เริ่มประเมิน\"""
PackReturn#0,"""หยุดการประเมินชั่วคราว"""
PackNext10#0,"""ประเมินต่อ"""
PackEnd#0,"""สิ้นสุดการประเมิน"""
PackDecide#0,"""เลือกไอเทม"""
PackResultTitle#0,"""ผลการประเมิน"""
PackIdentifyMessage#0,"""<yellow>Meseta ที่ต้องการ: $(0) (ปัจจุบัน: $(1))<c><br>ไอเทมที่เลือกจำนวน <yellow>$(2)<c> ชิ้นจะถูกประเมิน<br>ดำเนินการต่อหรือไม่?"""
PackExplanation#0,"""<c f0df60>นี่คือหน้าจอผลการประเมิน<c>"""
PackElementNum#0,"""x$(0)"""
PackConfirm_Title#0,"""ยืนยัน"""
PackConfirm_Msg#0,"""การประเมินจะถูกหยุดชั่วคราว<br>ตกลงหรือไม่?"""
ConfirmMessage3#0,"""จากบริการนี้ คุณสามารถกำหนด<br>ธาตุและ Special Ability ที่ต้องการ<br>ให้กับไอเทมที่เลือกจำนวน <yellow>$(0)<c> ชิ้นได้<br><br>หลังจากเลือกธาตุและ Ability แล้ว<br>กดปุ่ม [เริ่มประเมิน] เพื่อเริ่มต้น<br><br><yellow>※โปรดทราบว่าธาตุและ Ability<br>ที่เลือกจะถูกนำไปใช้กับไอเทมทั้งหมด<br>※สามารถประเมินได้ครั้งละ 10 ชิ้น<c>"""
ConfirmMessage4#0,"""จากบริการนี้ คุณสามารถกำหนด<br>ธาตุที่ต้องการให้กับไอเทมที่เลือก<br>จำนวน <yellow>$(0)<c> ชิ้นได้<br><br>หลังจากเลือกธาตุหนึ่งอย่างแล้ว กรุณา<br>กดปุ่ม [เริ่มประเมิน]<br><br><yellow>※โปรดทราบว่าธาตุ<br>ที่เลือกจะถูกนำไปใช้กับไอเทมทั้งหมด<br>※สามารถประเมินได้ครั้งละ 10 ชิ้น<c>"""
IdentifyResultMessage3#0,"""ไอเทมต่อไปนี้ได้รับการประเมินแล้ว"""
PackErrorTitle#0,"""ข้อผิดพลาดในการประเมิน"""
PackErrorMessage#0,"""การประเมินล้มเหลว"""
PackResultMesage#0,"""การประเมินไอเทม <yellow>$(0)<c> ชิ้นต่อไปนี้เสร็จสมบูรณ์แล้ว<br><yellow>($(1)/$(2))<c><br><br>กรุณากดปุ่ม [ประเมินต่อ]"""
PackResultMesage2#0,"""การประเมินไอเทม <yellow>$(0)<c> ชิ้นต่อไปนี้เสร็จสมบูรณ์แล้ว<br><yellow>($(1)/$(2))<c><br><br>กรุณากดปุ่ม [สิ้นสุดการประเมิน]"""
Title#24,"""ยืนยันการสวมใส่ (ผูกมัดกับเจ้าของ)"""
Message#0,"""เมื่อสวมใส่\u3000'$(0)'<br>คุณจะถูก<yellow>ลงทะเบียนเจ้าของ<c>โดยอัตโนมัติ<br><br>ไอเทมที่มีการลงทะเบียนเจ้าของแล้ว<br>จะไม่สามารถโอนไปยังผู้เล่นอื่นได้<br>(หมายถึงทั้งการแลกเปลี่ยนและการลงขาย)<br><br>※ยังสามารถขายไอเทมนี้ให้กับร้านค้า NPC ในเมืองได้<br><br>คุณต้องการสวมใส่และลงทะเบียนเป็นเจ้าของหรือไม่?"""
Message2#0,"""คุณได้ลงทะเบียนเป็นเจ้าของ '$(0)' แล้ว"""
MainTitle#1,"""Team Storage"""
Title#25,"""Team Storage"""
Inventory#1,"""Inventory"""
Warehouse#3,"""Team Storage"""
Explanation1#10,"""<c f0df60>คุณสามารถฝากหรือถอนไอเทมได้ หากใช้เมาส์ คุณสามารถลากและวางไอเทมในช่องด้านซ้ายได้<c>"""
Explanation1_v#1,"""<c f0df60>คุณสามารถฝากหรือถอนไอเทมได้<c>"""
DropWarehouse#1,"""ไปยัง Team Storage"""
NoItemMessage#8,"""ไม่พบไอเทม"""
SynchronizingMessage#2,"""กำลังร้องขอข้อมูล..."""
WeaponAvatar00#0,"""ไม่ได้ตั้งค่า"""
WeaponAvatar01#0,"""Swords"""
WeaponAvatar02#0,"""Wired Lances"""
WeaponAvatar03#0,"""Partizans"""
WeaponAvatar04#0,"""Twin Daggers"""
WeaponAvatar05#0,"""Double Sabers"""
WeaponAvatar06#0,"""Knuckles"""
WeaponAvatar07#0,"""Gunslashes"""
WeaponAvatar08#0,"""Assault Rifles"""
WeaponAvatar09#0,"""Launchers"""
WeaponAvatar10#0,"""Twin Machineguns"""
WeaponAvatar11#0,"""Rods"""
WeaponAvatar12#0,"""Talises"""
WeaponAvatar13#0,"""Wands"""
WeaponAvatar14#0,"""Katanas"""
WeaponAvatar15#0,"""Bullet Bows"""
WeaponAvatarAll#0,"""All Weapons"""
WeaponAvatar16#0,"""Jet Boots"""
WeaponAvatar17#0,"""Dual Blades"""
WeaponAvatar18#0,"""Takts"""
item_RebootAttackUp_1#0,"""Offensive Prototype I Lv.1"""
item_RebootAttackUp_2#0,"""Offensive Prototype I Lv.2"""
item_RebootAttackUp_3#0,"""Offensive Prototype I Lv.3"""
item_RebootAttackUp_4#0,"""Offensive Prototype I Lv.4"""
item_RebootAttackUp_5#0,"""Offensive Prototype I Lv.5"""
item_RebootDamageReduction_4#0,"""Alpha Damage Taken Lv.4"""
item_AtpDam_1#0,"""Offensive Prototype II Lv.1"""
item_AtpDam_2#0,"""Offensive Prototype II Lv.2"""
item_AtpDam_3#0,"""Offensive Prototype II Lv.3"""
item_AtpDam_4#0,"""Offensive Prototype II Lv.4"""
item_AtpDam_5#0,"""Offensive Prototype II Lv.5"""
item_AtpPpRed_1#0,"""Offensive Prototype III Lv.1"""
item_AtpPpRed_2#0,"""Offensive Prototype III Lv.2"""
item_AtpPpRed_3#0,"""Offensive Prototype III Lv.3"""
item_AtpPpRed_4#0,"""Offensive Prototype III Lv.4"""
item_AtpPpRed_5#0,"""Offensive Prototype III Lv.5"""
item_SuperArmor_1#0,"""Sturdy Form Lv.1"""
item_SuperArmor_2#0,"""Sturdy Form Lv.2"""
item_SuperArmor_3#0,"""Sturdy Form Lv.3"""
item_SuperArmor_4#0,"""Sturdy Form Lv.4"""
item_SuperArmor_5#0,"""Sturdy Form Lv.5"""
item_CountPower_1#0,"""Blitzed Form Lv.1"""
item_CountPower_2#0,"""Blitzed Form Lv.2"""
item_CountPower_3#0,"""Blitzed Form Lv.3"""
item_CountPower_4#0,"""Blitzed Form Lv.4"""
item_CountPower_5#0,"""Blitzed Form Lv.5"""
item_PpBoost_1#0,"""Spirit Mould Lv.1"""
item_PpBoost_2#0,"""Spirit Mould Lv.2"""
item_PpBoost_3#0,"""Spirit Mould Lv.3"""
item_PpBoost_4#0,"""Spirit Mould Lv.4"""
item_PpBoost_5#0,"""Spirit Mould Lv.5"""
item_PpEfficiency_1#0,"""Spirited Form Lv.1"""
item_PpEfficiency_2#0,"""Spirited Form Lv.2"""
item_PpEfficiency_3#0,"""Spirited Form Lv.3"""
item_PpEfficiency_4#0,"""Spirited Form Lv.4"""
item_PpEfficiency_5#0,"""Spirited Form Lv.5"""
item_PpEfficiency_6#0,"""Spirited Form Lv.6"""
item_DamageBarrier_1#0,"""Fortified Form Lv.1"""
item_DamageBarrier_2#0,"""Fortified Form Lv.2"""
item_DamageBarrier_3#0,"""Fortified Form Lv.3"""
item_DamageBarrier_4#0,"""Fortified Form Lv.4"""
item_DamageBarrier_5#0,"""Fortified Form Lv.5"""
item_DamageBarrier_6#0,"""Fortified Form Lv.6"""
item_EscapeCritical_1#0,"""Flickered Form Lv.1"""
item_EscapeCritical_2#0,"""Flickered Form Lv.2"""
item_EscapeCritical_3#0,"""Flickered Form Lv.3"""
item_EscapeCritical_4#0,"""Flickered Form Lv.4"""
item_EscapeCritical_5#0,"""Flickered Form Lv.5"""
item_EscapeCritical_6#0,"""Flickered Form Lv.6"""
item_PbGaugeUp_1#0,"""Energized Form Lv.1"""
item_PbGaugeUp_2#0,"""Energized Form Lv.2"""
item_PbGaugeUp_3#0,"""Energized Form Lv.3"""
item_PbGaugeUp_4#0,"""Energized Form Lv.4"""
item_PbGaugeUp_5#0,"""Energized Form Lv.5"""
item_DefCritical_1#0,"""Defensive Formation Lv.1"""
item_DefCritical_2#0,"""Defensive Formation Lv.2"""
item_DefCritical_3#0,"""Defensive Formation Lv.3"""
item_DefCritical_4#0,"""Defensive Formation Lv.4"""
item_DefCritical_5#0,"""Defensive Formation Lv.5"""
item_DefCritical_6#0,"""Defensive Formation Lv.6"""
item_AtkCritical_1#0,"""Offensive Formation Lv.1"""
item_AtkCritical_2#0,"""Offensive Formation Lv.2"""
item_AtkCritical_3#0,"""Offensive Formation Lv.3"""
item_AtkCritical_4#0,"""Offensive Formation Lv.4"""
item_AtkCritical_5#0,"""Offensive Formation Lv.5"""
item_AtkCritical_6#0,"""Offensive Formation Lv.6"""
item_WholeBody_1#0,"""Full-Power Form Lv.1"""
item_WholeBody_2#0,"""Full-Power Form Lv.2"""
item_WholeBody_3#0,"""Full-Power Form Lv.3"""
item_WholeBody_4#0,"""Full-Power Form Lv.4"""
item_WholeBody_5#0,"""Full-Power Form Lv.5"""
item_WholeBody_6#0,"""Full-Power Form Lv.6"""
item_StackHeal_1#0,"""Fortunate Form Lv.1"""
item_StackHeal_2#0,"""Fortunate Form Lv.2"""
item_StackHeal_3#0,"""Fortunate Form Lv.3"""
item_StackHeal_4#0,"""Fortunate Form Lv.4"""
item_StackHeal_5#0,"""Fortunate Form Lv.5"""
item_LifeGuts_1#0,"""Tenacious Form Lv.1"""
item_LifeGuts_2#0,"""Tenacious Form Lv.2"""
item_LifeGuts_3#0,"""Tenacious Form Lv.3"""
item_LifeGuts_4#0,"""Tenacious Form Lv.4"""
item_LifeGuts_5#0,"""Tenacious Form Lv.5"""
item_ReactionBonus_1#0,"""Toppling Form Lv.1"""
item_ReactionBonus_2#0,"""Toppling Form Lv.2"""
item_ReactionBonus_3#0,"""Toppling Form Lv.3"""
item_ReactionBonus_4#0,"""Toppling Form Lv.4"""
item_ReactionBonus_5#0,"""Toppling Form Lv.5"""
item_ReactionDown_1#0,"""Unshakeable Form Lv.1"""
item_ReactionDown_2#0,"""Unshakeable Form Lv.2"""
item_ReactionDown_3#0,"""Unshakeable Form Lv.3"""
item_ReactionDown_4#0,"""Unshakeable Form Lv.4"""
item_ReactionDown_5#0,"""Unshakeable Form Lv.5"""
item_ItemReturn_1#0,"""Frugal Form Lv.1"""
item_ItemReturn_2#0,"""Frugal Form Lv.2"""
item_ItemReturn_3#0,"""Frugal Form Lv.3"""
item_ItemReturn_4#0,"""Frugal Form Lv.4"""
item_ItemReturn_5#0,"""Frugal Form Lv.5"""
item_ItemReturn_6#0,"""Frugal Form Lv.6"""
item_ReactionDown2_1#0,"""Immovable Form Lv.1"""
item_ReactionDown2_2#0,"""Immovable Form Lv.2"""
item_ReactionDown2_3#0,"""Immovable Form Lv.3"""
item_ReactionDown2_4#0,"""Immovable Form Lv.4"""
item_ReactionDown2_5#0,"""Immovable Form Lv.5"""
item_ReactionDown2_6#0,"""Immovable Form Lv.6"""
item_PbGaugeUp2_1#0,"""Empowered Form Lv.1"""
item_PbGaugeUp2_2#0,"""Empowered Form Lv.2"""
item_PbGaugeUp2_3#0,"""Empowered Form Lv.3"""
item_PbGaugeUp2_4#0,"""Empowered Form Lv.4"""
item_PbGaugeUp2_5#0,"""Empowered Form Lv.5"""
item_PbGaugeUp2_6#0,"""Empowered Form Lv.6"""
item_ElementPpBonus_1#0,"""Valiant Form Lv.1"""
item_ElementPpBonus_2#0,"""Valiant Form Lv.2"""
item_ElementPpBonus_3#0,"""Valiant Form Lv.3"""
item_ElementPpBonus_4#0,"""Valiant Form Lv.4"""
item_ElementPpBonus_5#0,"""Valiant Form Lv.5"""
item_ElementPpBonus_6#0,"""Valiant Form Lv.6"""
item_AllBonus_1#0,"""Ferocious Form Lv.1"""
item_AllBonus_2#0,"""Ferocious Form Lv.2"""
item_AllBonus_3#0,"""Ferocious Form Lv.3"""
item_AllBonus_4#0,"""Ferocious Form Lv.4"""
item_AllBonus_5#0,"""Ferocious Form Lv.5"""
item_AllBonus_6#0,"""Ferocious Form Lv.6"""
item_AllBonus2_1#0,"""Cultivation Style Lv.1"""
item_AllBonus2_2#0,"""Cultivation Style Lv.2"""
item_AllBonus2_3#0,"""Cultivation Style Lv.3"""
item_AllBonus2_4#0,"""Cultivation Style Lv.4"""
item_AllBonus2_5#0,"""Cultivation Style Lv.5"""
item_AllBonus2_6#0,"""Cultivation Style Lv.6"""
item_AllBonus3_1#0,"""Seasonal Form Lv.1"""
item_AllBonus3_2#0,"""Seasonal Form Lv.2"""
item_AllBonus3_3#0,"""Seasonal Form Lv.3"""
item_AllBonus3_4#0,"""Seasonal Form Lv.4"""
item_AllBonus3_5#0,"""Seasonal Form Lv.5"""
item_AllBonus3_6#0,"""Seasonal Form Lv.6"""
item_AllBonus4_1#0,"""Sure-Strike Form Lv.1"""
item_AllBonus4_2#0,"""Sure-Strike Form Lv.2"""
item_AllBonus4_3#0,"""Sure-Strike Form Lv.3"""
item_AllBonus4_4#0,"""Sure-Strike Form Lv.4"""
item_AllBonus4_5#0,"""Sure-Strike Form Lv.5"""
item_AllBonus4_6#0,"""Sure-Strike Form Lv.6"""
item_AllBonus5_1#0,"""Passing Form Lv.1"""
item_AllBonus5_2#0,"""Passing Form Lv.2"""
item_AllBonus5_3#0,"""Passing Form Lv.3"""
item_AllBonus5_4#0,"""Passing Form Lv.4"""
item_AllBonus5_5#0,"""Passing Form Lv.5"""
item_AllBonus5_6#0,"""Passing Form Lv.6"""
item_Proximity_1#0,"""Healthy Form Lv.1"""
item_Proximity_2#0,"""Healthy Form Lv.2"""
item_Proximity_3#0,"""Healthy Form Lv.3"""
item_Proximity_4#0,"""Healthy Form Lv.4"""
item_Proximity_5#0,"""Healthy Form Lv.5"""
item_Proximity_6#0,"""Healthy Form Lv.6"""
item_DoubleCritical_1#0,"""Dire Form Lv.1"""
item_DoubleCritical_2#0,"""Dire Form Lv.2"""
item_DoubleCritical_3#0,"""Dire Form Lv.3"""
item_DoubleCritical_4#0,"""Dire Form Lv.4"""
item_DoubleCritical_5#0,"""Dire Form Lv.5"""
item_DoubleCritical_6#0,"""Dire Form Lv.6"""
item_PpComfortable_1#0,"""Sampling Form Lv.1"""
item_PpComfortable_2#0,"""Sampling Form Lv.2"""
item_PpComfortable_3#0,"""Sampling Form Lv.3"""
item_PpComfortable_4#0,"""Sampling Form Lv.4"""
item_PpComfortable_5#0,"""Sampling Form Lv.5"""
item_PpComfortable_6#0,"""Sampling Form Lv.6"""
item_BombField_1#0,"""Impact Form Lv.1"""
item_BombField_2#0,"""Impact Form Lv.2"""
item_BombField_3#0,"""Impact Form Lv.3"""
item_BombField_4#0,"""Impact Form Lv.4"""
item_BombField_5#0,"""Impact Form Lv.5"""
item_BombField_6#0,"""Impact Form Lv.6"""
item_BossWeak_1#0,"""Combative Form Lv.1"""
item_BossWeak_2#0,"""Combative Form Lv.2"""
item_BossWeak_3#0,"""Combative Form Lv.3"""
item_BossWeak_4#0,"""Combative Form Lv.4"""
item_BossWeak_5#0,"""Combative Form Lv.5"""
item_BossWeak_6#0,"""Combative Form Lv.6"""
item_ReturnBarrier_1#0,"""Impenetrable Form Lv.1"""
item_ReturnBarrier_2#0,"""Impenetrable Form Lv.2"""
item_ReturnBarrier_3#0,"""Impenetrable Form Lv.3"""
item_ReturnBarrier_4#0,"""Impenetrable Form Lv.4"""
item_ReturnBarrier_5#0,"""Impenetrable Form Lv.5"""
item_ReturnBarrier_6#0,"""Impenetrable Form Lv.6"""
item_PpReturn_1#0,"""Rousing Form Lv.1"""
item_PpReturn_2#0,"""Rousing Form Lv.2"""
item_PpReturn_3#0,"""Rousing Form Lv.3"""
item_PpReturn_4#0,"""Rousing Form Lv.4"""
item_PpReturn_5#0,"""Rousing Form Lv.5"""
item_PpReturn_6#0,"""Rousing Form Lv.6"""
item_ChanceUp_1#0,"""Attrition Form Lv.1"""
item_ChanceUp_2#0,"""Attrition Form Lv.2"""
item_ChanceUp_3#0,"""Attrition Form Lv.3"""
item_ChanceUp_4#0,"""Attrition Form Lv.4"""
item_ChanceUp_5#0,"""Attrition Form Lv.5"""
item_ChanceUp_6#0,"""Attrition Form Lv.6"""
item_ElementPpBonus2_1#0,"""Penultimate Form Lv.1"""
item_ElementPpBonus2_2#0,"""Penultimate Form Lv.2"""
item_ElementPpBonus2_3#0,"""Penultimate Form Lv.3"""
item_ElementPpBonus2_4#0,"""Penultimate Form Lv.4"""
item_ElementPpBonus2_5#0,"""Penultimate Form Lv.5"""
item_Highlander_1#0,"""Expert Form Lv.1"""
item_Highlander_2#0,"""Expert Form Lv.2"""
item_Highlander_3#0,"""Expert Form Lv.3"""
item_Highlander_4#0,"""Expert Form Lv.4"""
item_Highlander_5#0,"""Expert Form Lv.5"""
item_Highlander_6#0,"""Expert Form Lv.6"""
item_QuestBuster_1#0,"""Irregular Form Lv.1"""
item_QuestBuster_2#0,"""Irregular Form Lv.2"""
item_QuestBuster_3#0,"""Irregular Form Lv.3"""
item_QuestBuster_4#0,"""Irregular Form Lv.4"""
item_QuestBuster_5#0,"""Irregular Form Lv.5"""
item_QuestBuster_6#0,"""Irregular Form Lv.6"""
item_EnemyBuster_1#0,"""Eradication Form Lv.1"""
item_EnemyBuster_2#0,"""Eradication Form Lv.2"""
item_EnemyBuster_3#0,"""Eradication Form Lv.3"""
item_EnemyBuster_4#0,"""Eradication Form Lv.4"""
item_EnemyBuster_5#0,"""Eradication Form Lv.5"""
item_EnemyBuster_6#0,"""Eradication Form Lv.6"""
item_EscapePpConvert_1#0,"""Shifty Form Lv.1"""
item_EscapePpConvert_2#0,"""Shifty Form Lv.2"""
item_EscapePpConvert_3#0,"""Shifty Form Lv.3"""
item_EscapePpConvert_4#0,"""Shifty Form Lv.4"""
item_EscapePpConvert_5#0,"""Shifty Form Lv.5"""
item_EscapePpConvert_6#0,"""Shifty Form Lv.6"""
item_EscapePpConvert2_1#0,"""Deceptive Form Lv.1"""
item_EscapePpConvert2_2#0,"""Deceptive Form Lv.2"""
item_EscapePpConvert2_3#0,"""Deceptive Form Lv.3"""
item_EscapePpConvert2_4#0,"""Deceptive Form Lv.4"""
item_EscapePpConvert2_5#0,"""Deceptive Form Lv.5"""
item_EscapePpConvert2_6#0,"""Deceptive Form Lv.6"""
item_AttackKeep_1#0,"""Relentless Form Lv.1"""
item_AttackKeep_2#0,"""Relentless Form Lv.2"""
item_AttackKeep_3#0,"""Relentless Form Lv.3"""
item_AttackKeep_4#0,"""Relentless Form Lv.4"""
item_AttackKeep_5#0,"""Relentless Form Lv.5"""
item_AttackKeep_6#0,"""Relentless Form Lv.6"""
item_PpSlayer_1#0,"""Appetency Form Lv.1"""
item_PpSlayer_2#0,"""Appetency Form Lv.2"""
item_PpSlayer_3#0,"""Appetency Form Lv.3"""
item_PpSlayer_4#0,"""Appetency Form Lv.4"""
item_PpSlayer_5#0,"""Appetency Form Lv.5"""
item_PpSlayer_6#0,"""Appetency Form Lv.6"""
item_DamagePpConvert_1#0,"""Inverted Form Lv.1"""
item_DamagePpConvert_2#0,"""Inverted Form Lv.2"""
item_DamagePpConvert_3#0,"""Inverted Form Lv.3"""
item_DamagePpConvert_4#0,"""Inverted Form Lv.4"""
item_DamagePpConvert_5#0,"""Inverted Form Lv.5"""
item_DamagePpConvert_6#0,"""Inverted Form Lv.6"""
item_OverWhelm_1#0,"""Treading Form Lv.1"""
item_OverWhelm_2#0,"""Treading Form Lv.2"""
item_OverWhelm_3#0,"""Treading Form Lv.3"""
item_OverWhelm_4#0,"""Treading Form Lv.4"""
item_OverWhelm_5#0,"""Treading Form Lv.5"""
item_OverWhelm_6#0,"""Treading Form Lv.6"""
item_ChaseAttack_1#0,"""Chasable Form Lv.1"""
item_ChaseAttack_2#0,"""Chasable Form Lv.2"""
item_ChaseAttack_3#0,"""Chasable Form Lv.3"""
item_ChaseAttack_4#0,"""Chasable Form Lv.4"""
item_ChaseAttack_5#0,"""Chasable Form Lv.5"""
item_ChaseAttack_6#0,"""Chasable Form Lv.6"""
item_KillingBarrier_1#0,"""Bastioned Form Lv.1"""
item_KillingBarrier_2#0,"""Bastioned Form Lv.2"""
item_KillingBarrier_3#0,"""Bastioned Form Lv.3"""
item_KillingBarrier_4#0,"""Bastioned Form Lv.4"""
item_KillingBarrier_5#0,"""Bastioned Form Lv.5"""
item_KillingBarrier_6#0,"""Bastioned Form Lv.6"""
item_OverTime_1#0,"""Cycloidal Form Lv.1"""
item_OverTime_2#0,"""Cycloidal Form Lv.2"""
item_OverTime_3#0,"""Cycloidal Form Lv.3"""
item_OverTime_4#0,"""Cycloidal Form Lv.4"""
item_OverTime_5#0,"""Cycloidal Form Lv.5"""
item_OverTime_6#0,"""Cycloidal Form Lv.6"""
item_EscapeCritical2_1#0,"""Sprighted Form Lv.1"""
item_EscapeCritical2_2#0,"""Sprighted Form Lv.2"""
item_EscapeCritical2_3#0,"""Sprighted Form Lv.3"""
item_EscapeCritical2_4#0,"""Sprighted Form Lv.4"""
item_EscapeCritical2_5#0,"""Sprighted Form Lv.5"""
item_EscapeCritical2_6#0,"""Sprighted Form Lv.6"""
item_BarrierSa_1#0,"""Robust Form Lv.1"""
item_BarrierSa_2#0,"""Robust Form Lv.2"""
item_BarrierSa_3#0,"""Robust Form Lv.3"""
item_BarrierSa_4#0,"""Robust Form Lv.4"""
item_BarrierSa_5#0,"""Robust Form Lv.5"""
item_BarrierSa_6#0,"""Robust Form Lv.6"""
item_KillingPpGain_1#0,"""Harvest Form Lv.1"""
item_KillingPpGain_2#0,"""Harvest Form Lv.2"""
item_KillingPpGain_3#0,"""Harvest Form Lv.3"""
item_KillingPpGain_4#0,"""Harvest Form Lv.4"""
item_KillingPpGain_5#0,"""Harvest Form Lv.5"""
item_KillingPpGain_6#0,"""Harvest Form Lv.6"""
item_CriticalBuff_1#0,"""Flash Form Lv.1"""
item_CriticalBuff_2#0,"""Flash Form Lv.2"""
item_CriticalBuff_3#0,"""Flash Form Lv.3"""
item_CriticalBuff_4#0,"""Flash Form Lv.4"""
item_CriticalBuff_5#0,"""Flash Form Lv.5"""
item_CriticalBuff_6#0,"""Flash Form Lv.6"""
item_CoChallenge_1#0,"""Deft Form Lv.1"""
item_CoChallenge_2#0,"""Deft Form Lv.2"""
item_CoChallenge_3#0,"""Deft Form Lv.3"""
item_CoChallenge_4#0,"""Deft Form Lv.4"""
item_CoChallenge_5#0,"""Deft Form Lv.5"""
item_CoChallenge_6#0,"""Deft Form Lv.6"""
item_NoDamageBuff_1#0,"""Elusive Form Lv.1"""
item_NoDamageBuff_2#0,"""Elusive Form Lv.2"""
item_NoDamageBuff_3#0,"""Elusive Form Lv.3"""
item_NoDamageBuff_4#0,"""Elusive Form Lv.4"""
item_NoDamageBuff_5#0,"""Elusive Form Lv.5"""
item_NoDamageBuff_6#0,"""Elusive Form Lv.6"""
item_Regenerate_1#0,"""Regenerative Form Lv.1"""
item_Regenerate_2#0,"""Regenerative Form Lv.2"""
item_Regenerate_3#0,"""Regenerative Form Lv.3"""
item_Regenerate_4#0,"""Regenerative Form Lv.4"""
item_Regenerate_5#0,"""Regenerative Form Lv.5"""
item_Regenerate_6#0,"""Regenerative Form Lv.6"""
item_PbBonus_1#0,"""Musing Form Lv.1"""
item_PbBonus_2#0,"""Musing Form Lv.2"""
item_PbBonus_3#0,"""Musing Form Lv.3"""
item_PbBonus_4#0,"""Musing Form Lv.4"""
item_PbBonus_5#0,"""Musing Form Lv.5"""
item_PbBonus_6#0,"""Musing Form Lv.6"""
item_PbBonus2_1#0,"""Pensive Form Lv.1"""
item_PbBonus2_2#0,"""Pensive Form Lv.2"""
item_PbBonus2_3#0,"""Pensive Form Lv.3"""
item_PbBonus2_4#0,"""Pensive Form Lv.4"""
item_PbBonus2_5#0,"""Pensive Form Lv.5"""
item_PbBonus2_6#0,"""Pensive Form Lv.6"""
item_CountUp_1#0,"""Hardening Form Lv.1"""
item_CountUp_2#0,"""Hardening Form Lv.2"""
item_CountUp_3#0,"""Hardening Form Lv.3"""
item_CountUp_4#0,"""Hardening Form Lv.4"""
item_CountUp_5#0,"""Hardening Form Lv.5"""
item_CountUp_6#0,"""Hardening Form Lv.6"""
item_CriticalPpGain_1#0,"""Inspirational Form Lv.1"""
item_CriticalPpGain_2#0,"""Inspirational Form Lv.2"""
item_CriticalPpGain_3#0,"""Inspirational Form Lv.3"""
item_CriticalPpGain_4#0,"""Inspirational Form Lv.4"""
item_CriticalPpGain_5#0,"""Inspirational Form Lv.5"""
item_CriticalPpGain_6#0,"""Inspirational Form Lv.6"""
item_StepUpBonus_1#0,"""Eccentric Form Lv.1"""
item_StepUpBonus_2#0,"""Eccentric Form Lv.2"""
item_StepUpBonus_3#0,"""Eccentric Form Lv.3"""
item_StepUpBonus_4#0,"""Eccentric Form Lv.4"""
item_StepUpBonus_5#0,"""Eccentric Form Lv.5"""
item_StepUpBonus_6#0,"""Eccentric Form Lv.6"""
item_DamageTakeOver_1#0,"""Bearer Form Lv.1"""
item_DamageTakeOver_2#0,"""Bearer Form Lv.2"""
item_DamageTakeOver_3#0,"""Bearer Form Lv.3"""
item_DamageTakeOver_4#0,"""Bearer Form Lv.4"""
item_DamageTakeOver_5#0,"""Bearer Form Lv.5"""
item_DamageTakeOver_6#0,"""Bearer Form Lv.6"""
item_FieldBuff_1#0,"""Allied Form Lv.1"""
item_FieldBuff_2#0,"""Allied Form Lv.2"""
item_FieldBuff_3#0,"""Allied Form Lv.3"""
item_FieldBuff_4#0,"""Allied Form Lv.4"""
item_FieldBuff_5#0,"""Allied Form Lv.5"""
item_FieldBuff_6#0,"""Allied Form Lv.6"""
item_Proximity2_1#0,"""Healthy Form II Lv.1"""
item_Proximity2_2#0,"""Healthy Form II Lv.2"""
item_Proximity2_3#0,"""Healthy Form II Lv.3"""
item_Proximity2_4#0,"""Healthy Form II Lv.4"""
item_Proximity2_5#0,"""Healthy Form II Lv.5"""
item_Proximity2_6#0,"""Healthy Form II Lv.6"""
item_DoubleCritical2_1#0,"""Dire Form II Lv.1"""
item_DoubleCritical2_2#0,"""Dire Form II Lv.2"""
item_DoubleCritical2_3#0,"""Dire Form II Lv.3"""
item_DoubleCritical2_4#0,"""Dire Form II Lv.4"""
item_DoubleCritical2_5#0,"""Dire Form II Lv.5"""
item_DoubleCritical2_6#0,"""Dire Form II Lv.6"""
item_PpComfortable2_1#0,"""Sampling Form II Lv.1"""
item_PpComfortable2_2#0,"""Sampling Form II Lv.2"""
item_PpComfortable2_3#0,"""Sampling Form II Lv.3"""
item_PpComfortable2_4#0,"""Sampling Form II Lv.4"""
item_PpComfortable2_5#0,"""Sampling Form II Lv.5"""
item_PpComfortable2_6#0,"""Sampling Form II Lv.6"""
item_BombField2_1#0,"""Impact Form II Lv.1"""
item_BombField2_2#0,"""Impact Form II Lv.2"""
item_BombField2_3#0,"""Impact Form II Lv.3"""
item_BombField2_4#0,"""Impact Form II Lv.4"""
item_BombField2_5#0,"""Impact Form II Lv.5"""
item_BombField2_6#0,"""Impact Form II Lv.6"""
item_MultiBonus_1#0,"""Liminal Style Lv.1"""
item_MultiBonus_2#0,"""Liminal Style Lv.2"""
item_MultiBonus_3#0,"""Liminal Style Lv.3"""
item_MultiBonus_4#0,"""Liminal Style Lv.4"""
item_MultiBonus_5#0,"""Liminal Style Lv.5"""
item_MultiBonus_6#0,"""Liminal Style Lv.6"""
item_PbHealDr_1#0,"""Integral Form Lv.1"""
item_PbHealDr_2#0,"""Integral Form Lv.2"""
item_PbHealDr_3#0,"""Integral Form Lv.3"""
item_PbHealDr_4#0,"""Integral Form Lv.4"""
item_PbHealDr_5#0,"""Integral Form Lv.5"""
item_PbHealDr_6#0,"""Integral Form Lv.6"""
item_PbHealPr_1#0,"""Fundamental Form Lv.1"""
item_PbHealPr_2#0,"""Fundamental Form Lv.2"""
item_PbHealPr_3#0,"""Fundamental Form Lv.3"""
item_PbHealPr_4#0,"""Fundamental Form Lv.4"""
item_PbHealPr_5#0,"""Fundamental Form Lv.5"""
item_PbHealPr_6#0,"""Fundamental Form Lv.6"""
item_PbHealNp_1#0,"""Generation Form Lv.1"""
item_PbHealNp_2#0,"""Generation Form Lv.2"""
item_PbHealNp_3#0,"""Generation Form Lv.3"""
item_PbHealNp_4#0,"""Generation Form Lv.4"""
item_PbHealNp_5#0,"""Generation Form Lv.5"""
item_PbHealNp_6#0,"""Generation Form Lv.6"""
item_WeakAttack_1#0,"""Flurried Form Lv.1"""
item_WeakAttack_2#0,"""Flurried Form Lv.2"""
item_WeakAttack_3#0,"""Flurried Form Lv.3"""
item_WeakAttack_4#0,"""Flurried Form Lv.4"""
item_WeakAttack_5#0,"""Flurried Form Lv.5"""
item_WeakAttack_6#0,"""Flurried Form Lv.6"""
item_MultiBonus2_1#0,"""Battle Flag Form Lv.1"""
item_MultiBonus2_2#0,"""Battle Flag Form Lv.2"""
item_MultiBonus2_3#0,"""Battle Flag Form Lv.3"""
item_MultiBonus2_4#0,"""Battle Flag Form Lv.4"""
item_MultiBonus2_5#0,"""Battle Flag Form Lv.5"""
item_MultiBonus2_6#0,"""Battle Flag Form Lv.6"""
item_AllBonus6_1#0,"""Perennial Form Lv.1"""
item_AllBonus6_2#0,"""Perennial Form Lv.2"""
item_AllBonus6_3#0,"""Perennial Form Lv.3"""
item_AllBonus6_4#0,"""Perennial Form Lv.4"""
item_AllBonus6_5#0,"""Perennial Form Lv.5"""
item_AllBonus6_6#0,"""Perennial Form Lv.6"""
item_MultiBonus3_1#0,"""Wellspring Style Lv.1"""
item_MultiBonus3_2#0,"""Wellspring Style Lv.2"""
item_MultiBonus3_3#0,"""Wellspring Style Lv.3"""
item_MultiBonus3_4#0,"""Wellspring Style Lv.4"""
item_MultiBonus3_5#0,"""Wellspring Style Lv.5"""
item_MultiBonus3_6#0,"""Wellspring Style Lv.6"""
item_ChargePbAttack_1#0,"""Wellspring Style II Lv.1"""
item_ChargePbAttack_2#0,"""Wellspring Style II Lv.2"""
item_ChargePbAttack_3#0,"""Wellspring Style II Lv.3"""
item_ChargePbAttack_4#0,"""Wellspring Style II Lv.4"""
item_ChargePbAttack_5#0,"""Wellspring Style II Lv.5"""
item_ChargePbAttack_6#0,"""Wellspring Style II Lv.6"""
item_ChargePbAttack2_1#0,"""Wellspring Style III Lv.1"""
item_ChargePbAttack2_2#0,"""Wellspring Style III Lv.2"""
item_ChargePbAttack2_3#0,"""Wellspring Style III Lv.3"""
item_ChargePbAttack2_4#0,"""Wellspring Style III Lv.4"""
item_ChargePbAttack2_5#0,"""Wellspring Style III Lv.5"""
item_ChargePbAttack2_6#0,"""Wellspring Style III Lv.6"""
item_DefeatReinforce_1#0,"""Militaristic Form Lv.1"""
item_DefeatReinforce_2#0,"""Militaristic Form Lv.2"""
item_DefeatReinforce_3#0,"""Militaristic Form Lv.3"""
item_DefeatReinforce_4#0,"""Militaristic Form Lv.4"""
item_DefeatReinforce_5#0,"""Militaristic Form Lv.5"""
item_DefeatReinforce_6#0,"""Militaristic Form Lv.6"""
item_MultiBonus4_1#0,"""Respectable Form Lv.1"""
item_MultiBonus4_2#0,"""Respectable Form Lv.2"""
item_MultiBonus4_3#0,"""Respectable Form Lv.3"""
item_MultiBonus4_4#0,"""Respectable Form Lv.4"""
item_MultiBonus4_5#0,"""Respectable Form Lv.5"""
item_MultiBonus4_6#0,"""Respectable Form Lv.6"""
item_ChargePbAttack3_1#0,"""Wellspring Style X Lv.1"""
item_ChargePbAttack3_2#0,"""Wellspring Style X Lv.2"""
item_ChargePbAttack3_3#0,"""Wellspring Style X Lv.3"""
item_ChargePbAttack3_4#0,"""Wellspring Style X Lv.4"""
item_ChargePbAttack3_5#0,"""Wellspring Style X Lv.5"""
item_ChargePbAttack3_6#0,"""Wellspring Style X Lv.6"""
item_DrawAreaBuff_1#0,"""Sanctified Form Lv.1"""
item_DrawAreaBuff_2#0,"""Sanctified Form Lv.2"""
item_DrawAreaBuff_3#0,"""Sanctified Form Lv.3"""
item_DrawAreaBuff_4#0,"""Sanctified Form Lv.4"""
item_DrawAreaBuff_5#0,"""Sanctified Form Lv.5"""
item_DrawAreaBuff_6#0,"""Sanctified Form Lv.6"""
item_AllBonus7_1#0,"""Decisive Form Lv.1"""
item_AllBonus7_2#0,"""Decisive Form Lv.2"""
item_AllBonus7_3#0,"""Decisive Form Lv.3"""
item_AllBonus7_4#0,"""Decisive Form Lv.4"""
item_AllBonus7_5#0,"""Decisive Form Lv.5"""
item_AllBonus7_6#0,"""Decisive Form Lv.6"""
item_HrBoostRe_1#0,"""Valor Form Lv.1"""
item_HrBoostRe_2#0,"""Valor Form Lv.2"""
item_HrBoostRe_3#0,"""Valor Form Lv.3"""
item_HrBoostRe_4#0,"""Valor Form Lv.4"""
item_HrBoostRe_5#0,"""Valor Form Lv.5"""
item_HrBoostRe_6#0,"""Valor Form Lv.6"""
item_HighMultiBuff_1#0,"""Brilliance Form Lv.1"""
item_HighMultiBuff_2#0,"""Brilliance Form Lv.2"""
item_HighMultiBuff_3#0,"""Brilliance Form Lv.3"""
item_HighMultiBuff_4#0,"""Brilliance Form Lv.4"""
item_HighMultiBuff_5#0,"""Brilliance Form Lv.5"""
item_HighMultiBuff_6#0,"""Brilliance Form Lv.6"""
item_MultiBonus5_1#0,"""Respectable Form II Lv.1"""
item_MultiBonus5_2#0,"""Respectable Form II Lv.2"""
item_MultiBonus5_3#0,"""Respectable Form II Lv.3"""
item_MultiBonus5_4#0,"""Respectable Form II Lv.4"""
item_MultiBonus5_5#0,"""Respectable Form II Lv.5"""
item_MultiBonus5_6#0,"""Respectable Form II Lv.6"""
item_AttackWeak_1#0,"""Whittling Form Lv.1"""
item_AttackWeak_2#0,"""Whittling Form Lv.2"""
item_AttackWeak_3#0,"""Whittling Form Lv.3"""
item_AttackWeak_4#0,"""Whittling Form Lv.4"""
item_AttackWeak_5#0,"""Whittling Form Lv.5"""
item_AttackWeak_6#0,"""Whittling Form Lv.6"""
item_HrBoostRe2_1#0,"""Valor Form X Lv.1"""
item_HrBoostRe2_2#0,"""Valor Form X Lv.2"""
item_HrBoostRe2_3#0,"""Valor Form X Lv.3"""
item_HrBoostRe2_4#0,"""Valor Form X Lv.4"""
item_HrBoostRe2_5#0,"""Valor Form X Lv.5"""
item_HrBoostRe2_6#0,"""Valor Form X Lv.6"""
item_HighMultiBuff2_1#0,"""Brilliance Form II Lv.1"""
item_HighMultiBuff2_2#0,"""Brilliance Form II Lv.2"""
item_HighMultiBuff2_3#0,"""Brilliance Form II Lv.3"""
item_HighMultiBuff2_4#0,"""Brilliance Form II Lv.4"""
item_HighMultiBuff2_5#0,"""Brilliance Form II Lv.5"""
item_HighMultiBuff2_6#0,"""Brilliance Form II Lv.6"""
item_HighMultiBuff3_1#0,"""Brilliance Form X Lv.1"""
item_HighMultiBuff3_2#0,"""Brilliance Form X Lv.2"""
item_HighMultiBuff3_3#0,"""Brilliance Form X Lv.3"""
item_HighMultiBuff3_4#0,"""Brilliance Form X Lv.4"""
item_HighMultiBuff3_5#0,"""Brilliance Form X Lv.5"""
item_HighMultiBuff3_6#0,"""Brilliance Form X Lv.6"""
item_PpGainBuff_1#0,"""Soulful Form Lv.1"""
item_PpGainBuff_2#0,"""Soulful Form Lv.2"""
item_PpGainBuff_3#0,"""Soulful Form Lv.3"""
item_PpGainBuff_4#0,"""Soulful Form Lv.4"""
item_PpGainBuff_5#0,"""Soulful Form Lv.5"""
item_PpGainBuff_6#0,"""Soulful Form Lv.6"""
item_DefeatReinforce2_1#0,"""Militaristic Form X Lv.1"""
item_DefeatReinforce2_2#0,"""Militaristic Form X Lv.2"""
item_DefeatReinforce2_3#0,"""Militaristic Form X Lv.3"""
item_DefeatReinforce2_4#0,"""Militaristic Form X Lv.4"""
item_DefeatReinforce2_5#0,"""Militaristic Form X Lv.5"""
item_DefeatReinforce2_6#0,"""Militaristic Form X Lv.6"""
item_DrawAreaBuff2_1#0,"""Sanctified Form X Lv.1"""
item_DrawAreaBuff2_2#0,"""Sanctified Form X Lv.2"""
item_DrawAreaBuff2_3#0,"""Sanctified Form X Lv.3"""
item_DrawAreaBuff2_4#0,"""Sanctified Form X Lv.4"""
item_DrawAreaBuff2_5#0,"""Sanctified Form X Lv.5"""
item_DrawAreaBuff2_6#0,"""Sanctified Form X Lv.6"""
item_AttackWeak2_1#0,"""Whittling Form X Lv.1"""
item_AttackWeak2_2#0,"""Whittling Form X Lv.2"""
item_AttackWeak2_3#0,"""Whittling Form X Lv.3"""
item_AttackWeak2_4#0,"""Whittling Form X Lv.4"""
item_AttackWeak2_5#0,"""Whittling Form X Lv.5"""
item_AttackWeak2_6#0,"""Whittling Form X Lv.6"""
item_AllBonus8_1#0,"""Respectable Form III Lv.1"""
item_AllBonus8_2#0,"""Respectable Form III Lv.2"""
item_AllBonus8_3#0,"""Respectable Form III Lv.3"""
item_AllBonus8_4#0,"""Respectable Form III Lv.4"""
item_AllBonus8_5#0,"""Respectable Form III Lv.5"""
item_AllBonus8_6#0,"""Respectable Form III Lv.6"""
item_GenericBuff_1#0,"""Mystical Form Lv.1"""
item_GenericBuff_2#0,"""Mystical Form Lv.2"""
item_GenericBuff_3#0,"""Mystical Form Lv.3"""
item_GenericBuff_4#0,"""Mystical Form Lv.4"""
item_GenericBuff_5#0,"""Mystical Form Lv.5"""
item_GenericBuff_6#0,"""Mystical Form Lv.6"""
item_GenericBuff2_1#0,"""Mystical Form II Lv.1"""
item_GenericBuff2_2#0,"""Mystical Form II Lv.2"""
item_GenericBuff2_3#0,"""Mystical Form II Lv.3"""
item_GenericBuff2_4#0,"""Mystical Form II Lv.4"""
item_GenericBuff2_5#0,"""Mystical Form II Lv.5"""
item_GenericBuff2_6#0,"""Mystical Form II Lv.6"""
item_GenericBuff3_1#0,"""Mystical Form Ex Lv.1"""
item_GenericBuff3_2#0,"""Mystical Form Ex Lv.2"""
item_GenericBuff3_3#0,"""Mystical Form Ex Lv.3"""
item_GenericBuff3_4#0,"""Mystical Form Ex Lv.4"""
item_GenericBuff3_5#0,"""Mystical Form Ex Lv.5"""
item_GenericBuff3_6#0,"""Mystical Form Ex Lv.6"""
item_PursuitBuff_1#0,"""Radiant Pursuit Form Lv.1"""
item_PursuitBuff_2#0,"""Radiant Pursuit Form Lv.2"""
item_PursuitBuff_3#0,"""Radiant Pursuit Form Lv.3"""
item_PursuitBuff_4#0,"""Radiant Pursuit Form Lv.4"""
item_PursuitBuff_5#0,"""Radiant Pursuit Form Lv.5"""
item_PursuitBuff_6#0,"""Radiant Pursuit Form Lv.6"""
item_GuardStanceUp_1#0,"""Defensive Stance Lv.1"""
item_GuardStanceUp_2#0,"""Defensive Stance Lv.2"""
item_GuardStanceUp_3#0,"""Defensive Stance Lv.3"""
item_GuardStanceUp_4#0,"""Defensive Stance Lv.4"""
item_GuardStanceUp_5#0,"""Defensive Stance Lv.5"""
item_AutoMateHalfline_1#0,"""Automate Halfline Lv.1"""
item_AutoMateHalfline_2#0,"""Automate Halfline Lv.2"""
item_AutoMateHalfline_3#0,"""Automate Halfline Lv.3"""
item_AutoMateHalfline_4#0,"""Automate Halfline Lv.4"""
item_AutoMateHalfline_5#0,"""Automate Halfline Lv.5"""
item_MaterialDefence_1#0,"""Phys. Def. Stance Lv.1"""
item_MaterialDefence_2#0,"""Phys. Def. Stance Lv.2"""
item_MaterialDefence_3#0,"""Phys. Def. Stance Lv.3"""
item_MaterialDefence_4#0,"""Phys. Def. Stance Lv.4"""
item_MaterialDefence_5#0,"""Phys. Def. Stance Lv.5"""
item_TechDefence_1#0,"""Tech. Def. Stance Lv.1"""
item_TechDefence_2#0,"""Tech. Def. Stance Lv.2"""
item_TechDefence_3#0,"""Tech. Def. Stance Lv.3"""
item_TechDefence_4#0,"""Tech. Def. Stance Lv.4"""
item_TechDefence_5#0,"""Tech. Def. Stance Lv.5"""
item_IronWill_1#0,"""Obstinate Spirit Lv.1"""
item_IronWill_2#0,"""Obstinate Spirit Lv.2"""
item_IronWill_3#0,"""Obstinate Spirit Lv.3"""
item_IronWill_4#0,"""Obstinate Spirit Lv.4"""
item_IronWill_5#0,"""Obstinate Spirit Lv.5"""
item_FuryStanceUp_1#0,"""Enraged Stance Lv.1"""
item_FuryStanceUp_2#0,"""Enraged Stance Lv.2"""
item_FuryStanceUp_3#0,"""Enraged Stance Lv.3"""
item_FuryStanceUp_4#0,"""Enraged Stance Lv.4"""
item_FuryStanceUp_5#0,"""Enraged Stance Lv.5"""
item_FuryStanceCritical_1#0,"""Mortality's Ante Lv.1"""
item_FuryStanceCritical_2#0,"""Mortality's Ante Lv.2"""
item_FuryStanceCritical_3#0,"""Mortality's Ante Lv.3"""
item_FuryStanceCritical_4#0,"""Mortality's Ante Lv.4"""
item_FuryStanceCritical_5#0,"""Mortality's Ante Lv.5"""
item_JustAttackBonus_1#0,"""Immediate Strike Lv.1"""
item_JustAttackBonus_2#0,"""Immediate Strike Lv.2"""
item_JustAttackBonus_3#0,"""Immediate Strike Lv.3"""
item_JustAttackBonus_4#0,"""Immediate Strike Lv.4"""
item_JustAttackBonus_5#0,"""Immediate Strike Lv.5"""
item_BraveStanceUp_1#0,"""Raging Inferno Lv.1"""
item_BraveStanceUp_2#0,"""Raging Inferno Lv.2"""
item_BraveStanceUp_3#0,"""Raging Inferno Lv.3"""
item_BraveStanceUp_4#0,"""Raging Inferno Lv.4"""
item_BraveStanceUp_5#0,"""Raging Inferno Lv.5"""
item_BraveStanceUp2_1#0,"""Direct Stance Lv.1"""
item_BraveStanceUp2_2#0,"""Direct Stance Lv.2"""
item_BraveStanceUp2_3#0,"""Direct Stance Lv.3"""
item_BraveStanceUp2_4#0,"""Direct Stance Lv.4"""
item_BraveStanceUp2_5#0,"""Direct Stance Lv.5"""
item_BraveCritical1_1#0,"""Flash Cutter Lv.1"""
item_BraveCritical1_2#0,"""Flash Cutter Lv.2"""
item_BraveCritical1_3#0,"""Flash Cutter Lv.3"""
item_BraveCritical1_4#0,"""Flash Cutter Lv.4"""
item_BraveCritical1_5#0,"""Flash Cutter Lv.5"""
item_BraveCritical2_1#0,"""Direct Strike Lv.1"""
item_BraveCritical2_2#0,"""Direct Strike Lv.2"""
item_BraveCritical2_3#0,"""Direct Strike Lv.3"""
item_BraveCritical2_4#0,"""Direct Strike Lv.4"""
item_BraveCritical2_5#0,"""Direct Strike Lv.5"""
item_AbnormalAdvance_1#0,"""Pursuing Strike Lv.1"""
item_AbnormalAdvance_2#0,"""Pursuing Strike Lv.2"""
item_AbnormalAdvance_3#0,"""Pursuing Strike Lv.3"""
item_AbnormalAdvance_4#0,"""Pursuing Strike Lv.4"""
item_AbnormalAdvance_5#0,"""Pursuing Strike Lv.5"""
item_AbnormalBind_1#0,"""Pursuing Bonds Lv.1"""
item_AbnormalBind_2#0,"""Pursuing Bonds Lv.2"""
item_AbnormalBind_3#0,"""Pursuing Bonds Lv.3"""
item_AbnormalBind_4#0,"""Pursuing Bonds Lv.4"""
item_AbnormalBind_5#0,"""Pursuing Bonds Lv.5"""
item_WiseStanceUp_1#0,"""Betraying Emblem Lv.1"""
item_WiseStanceUp_2#0,"""Betraying Emblem Lv.2"""
item_WiseStanceUp_3#0,"""Betraying Emblem Lv.3"""
item_WiseStanceUp_4#0,"""Betraying Emblem Lv.4"""
item_WiseStanceUp_5#0,"""Betraying Emblem Lv.5"""
item_PPSlayer2_1#0,"""Black Heart Lv.1"""
item_PPSlayer2_2#0,"""Black Heart Lv.2"""
item_PPSlayer2_3#0,"""Black Heart Lv.3"""
item_PPSlayer2_4#0,"""Black Heart Lv.4"""
item_PPSlayer2_5#0,"""Black Heart Lv.5"""
item_HalflineSlayer_1#0,"""Crest of Carnage Lv.1"""
item_HalflineSlayer_2#0,"""Crest of Carnage Lv.2"""
item_HalflineSlayer_3#0,"""Crest of Carnage Lv.3"""
item_HalflineSlayer_4#0,"""Crest of Carnage Lv.4"""
item_HalflineSlayer_5#0,"""Crest of Carnage Lv.5"""
item_DeadlineSlayer_1#0,"""Last Stand Lv.1"""
item_DeadlineSlayer_2#0,"""Last Stand Lv.2"""
item_DeadlineSlayer_3#0,"""Last Stand Lv.3"""
item_DeadlineSlayer_4#0,"""Last Stand Lv.4"""
item_DeadlineSlayer_5#0,"""Last Stand Lv.5"""
item_WeakSnipeBonus_1#0,"""Crushing Blow Lv.1"""
item_WeakSnipeBonus_2#0,"""Crushing Blow Lv.2"""
item_WeakSnipeBonus_3#0,"""Crushing Blow Lv.3"""
item_WeakSnipeBonus_4#0,"""Crushing Blow Lv.4"""
item_WeakSnipeBonus_5#0,"""Crushing Blow Lv.5"""
item_StandUpSnipe_1#0,"""Steadfast Reaper Lv.1"""
item_StandUpSnipe_2#0,"""Steadfast Reaper Lv.2"""
item_StandUpSnipe_3#0,"""Steadfast Reaper Lv.3"""
item_StandUpSnipe_4#0,"""Steadfast Reaper Lv.4"""
item_StandUpSnipe_5#0,"""Steadfast Reaper Lv.5"""
item_ToolMastery_1#0,"""Eternal Trap Lv.1"""
item_ToolMastery_2#0,"""Eternal Trap Lv.2"""
item_ToolMastery_3#0,"""Eternal Trap Lv.3"""
item_ToolMastery_4#0,"""Eternal Trap Lv.4"""
item_ToolMastery_5#0,"""Eternal Trap Lv.5"""
item_TrapPoizonCustom_1#0,"""Toxic Ambush Lv.1"""
item_TrapPoizonCustom_2#0,"""Toxic Ambush Lv.2"""
item_TrapPoizonCustom_3#0,"""Toxic Ambush Lv.3"""
item_TrapPoizonCustom_4#0,"""Toxic Ambush Lv.4"""
item_TrapPoizonCustom_5#0,"""Toxic Ambush Lv.5"""
item_TrapUpperCustom_1#0,"""Trap Initiate Lv.1"""
item_TrapUpperCustom_2#0,"""Trap Initiate Lv.2"""
item_TrapUpperCustom_3#0,"""Trap Initiate Lv.3"""
item_TrapUpperCustom_4#0,"""Trap Initiate Lv.4"""
item_TrapUpperCustom_5#0,"""Trap Initiate Lv.5"""
item_GunnerZeroRangeBonus1_1#0,"""Zero Effort Lv.1"""
item_GunnerZeroRangeBonus1_2#0,"""Zero Effort Lv.2"""
item_GunnerZeroRangeBonus1_3#0,"""Zero Effort Lv.3"""
item_GunnerZeroRangeBonus1_4#0,"""Zero Effort Lv.4"""
item_GunnerZeroRangeBonus1_5#0,"""Zero Effort Lv.5"""
item_GunnerAttackPPRestraint_1#0,"""Spirit Collector Lv.1"""
item_GunnerAttackPPRestraint_2#0,"""Spirit Collector Lv.2"""
item_GunnerAttackPPRestraint_3#0,"""Spirit Collector Lv.3"""
item_GunnerAttackPPRestraint_4#0,"""Spirit Collector Lv.4"""
item_GunnerAttackPPRestraint_5#0,"""Spirit Collector Lv.5"""
item_ChainFinish_1#0,"""Chain Finale Lv.1"""
item_ChainFinish_2#0,"""Chain Finale Lv.2"""
item_ChainFinish_3#0,"""Chain Finale Lv.3"""
item_ChainFinish_4#0,"""Chain Finale Lv.4"""
item_ChainFinish_5#0,"""Chain Finale Lv.5"""
item_AerialAdvance1_1#0,"""Absolute Blade Lv.1"""
item_AerialAdvance1_2#0,"""Absolute Blade Lv.2"""
item_AerialAdvance1_3#0,"""Absolute Blade Lv.3"""
item_AerialAdvance1_4#0,"""Absolute Blade Lv.4"""
item_AerialAdvance1_5#0,"""Absolute Blade Lv.5"""
item_AerialAdvance2_1#0,"""Flying Strike Lv.1"""
item_AerialAdvance2_2#0,"""Flying Strike Lv.2"""
item_AerialAdvance2_3#0,"""Flying Strike Lv.3"""
item_AerialAdvance2_4#0,"""Flying Strike Lv.4"""
item_AerialAdvance2_5#0,"""Flying Strike Lv.5"""
item_AutoMateDeadline_1#0,"""Intelligent Use Lv.1"""
item_AutoMateDeadline_2#0,"""Intelligent Use Lv.2"""
item_AutoMateDeadline_3#0,"""Intelligent Use Lv.3"""
item_AutoMateDeadline_4#0,"""Intelligent Use Lv.4"""
item_AutoMateDeadline_5#0,"""Intelligent Use Lv.5"""
item_TechChargeBonus_1#0,"""Prayer's Form Lv.1"""
item_TechChargeBonus_2#0,"""Prayer's Form Lv.2"""
item_TechChargeBonus_3#0,"""Prayer's Form Lv.3"""
item_TechChargeBonus_4#0,"""Prayer's Form Lv.4"""
item_TechChargeBonus_5#0,"""Prayer's Form Lv.5"""
item_PhotonFlareBoost1_1#0,"""Prophecy of Power Lv.1"""
item_PhotonFlareBoost1_2#0,"""Prophecy of Power Lv.2"""
item_PhotonFlareBoost1_3#0,"""Prophecy of Power Lv.3"""
item_PhotonFlareBoost1_4#0,"""Prophecy of Power Lv.4"""
item_PhotonFlareBoost1_5#0,"""Prophecy of Power Lv.5"""
item_PhotonFlareBoost2_1#0,"""Circuit Release Lv.1"""
item_PhotonFlareBoost2_2#0,"""Circuit Release Lv.2"""
item_PhotonFlareBoost2_3#0,"""Circuit Release Lv.3"""
item_PhotonFlareBoost2_4#0,"""Circuit Release Lv.4"""
item_PhotonFlareBoost2_5#0,"""Circuit Release Lv.5"""
item_TechNonChargeBonus_1#0,"""Innocent Form Lv.1"""
item_TechNonChargeBonus_2#0,"""Innocent Form Lv.2"""
item_TechNonChargeBonus_3#0,"""Innocent Form Lv.3"""
item_TechNonChargeBonus_4#0,"""Innocent Form Lv.4"""
item_TechNonChargeBonus_5#0,"""Innocent Form Lv.5"""
item_TechJustAttackBonus_1#0,"""Immediate Justice Lv.1"""
item_TechJustAttackBonus_2#0,"""Immediate Justice Lv.2"""
item_TechJustAttackBonus_3#0,"""Immediate Justice Lv.3"""
item_TechJustAttackBonus_4#0,"""Immediate Justice Lv.4"""
item_TechJustAttackBonus_5#0,"""Immediate Justice Lv.5"""
item_MasteryFire1_1#0,"""Crimson Crystal Lv.1"""
item_MasteryFire1_2#0,"""Crimson Crystal Lv.2"""
item_MasteryFire1_3#0,"""Crimson Crystal Lv.3"""
item_MasteryFire1_4#0,"""Crimson Crystal Lv.4"""
item_MasteryFire1_5#0,"""Crimson Crystal Lv.5"""
item_BurnBoost_1#0,"""Burn Boost Lv.1"""
item_BurnBoost_2#0,"""Burn Boost Lv.2"""
item_BurnBoost_3#0,"""Burn Boost Lv.3"""
item_BurnBoost_4#0,"""Burn Boost Lv.4"""
item_BurnBoost_5#0,"""Burn Boost Lv.5"""
item_FireTechnicShortCharge_1#0,"""Fiery Seal Lv.1"""
item_FireTechnicShortCharge_2#0,"""Fiery Seal Lv.2"""
item_FireTechnicShortCharge_3#0,"""Fiery Seal Lv.3"""
item_FireTechnicShortCharge_4#0,"""Fiery Seal Lv.4"""
item_FireTechnicShortCharge_5#0,"""Fiery Seal Lv.5"""
item_MasteryIce1_1#0,"""Frozen Crystal Lv.1"""
item_MasteryIce1_2#0,"""Frozen Crystal Lv.2"""
item_MasteryIce1_3#0,"""Frozen Crystal Lv.3"""
item_MasteryIce1_4#0,"""Frozen Crystal Lv.4"""
item_MasteryIce1_5#0,"""Frozen Crystal Lv.5"""
item_FreezeBoost_1#0,"""Freezing Strike Lv.1"""
item_FreezeBoost_2#0,"""Freezing Strike Lv.2"""
item_FreezeBoost_3#0,"""Freezing Strike Lv.3"""
item_FreezeBoost_4#0,"""Freezing Strike Lv.4"""
item_FreezeBoost_5#0,"""Freezing Strike Lv.5"""
item_MasteryLightning1_1#0,"""Thunder Crystal Lv.1"""
item_MasteryLightning1_2#0,"""Thunder Crystal Lv.2"""
item_MasteryLightning1_3#0,"""Thunder Crystal Lv.3"""
item_MasteryLightning1_4#0,"""Thunder Crystal Lv.4"""
item_MasteryLightning1_5#0,"""Thunder Crystal Lv.5"""
item_ShockBoost_1#0,"""Paralyzing Strike Lv.1"""
item_ShockBoost_2#0,"""Paralyzing Strike Lv.2"""
item_ShockBoost_3#0,"""Paralyzing Strike Lv.3"""
item_ShockBoost_4#0,"""Paralyzing Strike Lv.4"""
item_ShockBoost_5#0,"""Paralyzing Strike Lv.5"""
item_ElementalWeakPoint_1#0,"""Ancient Oath Lv.1"""
item_ElementalWeakPoint_2#0,"""Ancient Oath Lv.2"""
item_ElementalWeakPoint_3#0,"""Ancient Oath Lv.3"""
item_ElementalWeakPoint_4#0,"""Ancient Oath Lv.4"""
item_ElementalWeakPoint_5#0,"""Ancient Oath Lv.5"""
item_ElementalWeakPoint2_1#0,"""Discerning Eye Lv.1"""
item_ElementalWeakPoint2_2#0,"""Discerning Eye Lv.2"""
item_ElementalWeakPoint2_3#0,"""Discerning Eye Lv.3"""
item_ElementalWeakPoint2_4#0,"""Discerning Eye Lv.4"""
item_ElementalWeakPoint2_5#0,"""Discerning Eye Lv.5"""
item_PPRestraint_1#0,"""Splendid Recovery Lv.1"""
item_PPRestraint_2#0,"""Splendid Recovery Lv.2"""
item_PPRestraint_3#0,"""Splendid Recovery Lv.3"""
item_PPRestraint_4#0,"""Splendid Recovery Lv.4"""
item_PPRestraint_5#0,"""Splendid Recovery Lv.5"""
item_MasteryLight1_1#0,"""Moonlit Nobility Lv.1"""
item_MasteryLight1_2#0,"""Moonlit Nobility Lv.2"""
item_MasteryLight1_3#0,"""Moonlit Nobility Lv.3"""
item_MasteryLight1_4#0,"""Moonlit Nobility Lv.4"""
item_MasteryLight1_5#0,"""Moonlit Nobility Lv.5"""
item_PanicBoost_1#0,"""Panic Boost Lv.1"""
item_PanicBoost_2#0,"""Panic Boost Lv.2"""
item_PanicBoost_3#0,"""Panic Boost Lv.3"""
item_PanicBoost_4#0,"""Panic Boost Lv.4"""
item_PanicBoost_5#0,"""Panic Boost Lv.5"""
item_RestaAdvance_1#0,"""Healing Wind Lv.1"""
item_RestaAdvance_2#0,"""Healing Wind Lv.2"""
item_RestaAdvance_3#0,"""Healing Wind Lv.3"""
item_RestaAdvance_4#0,"""Healing Wind Lv.4"""
item_RestaAdvance_5#0,"""Healing Wind Lv.5"""
item_MasteryDark1_1#0,"""Diabolic Smile Lv.1"""
item_MasteryDark1_2#0,"""Diabolic Smile Lv.2"""
item_MasteryDark1_3#0,"""Diabolic Smile Lv.3"""
item_MasteryDark1_4#0,"""Diabolic Smile Lv.4"""
item_MasteryDark1_5#0,"""Diabolic Smile Lv.5"""
item_PoisonBoost_1#0,"""Poison Boost Lv.1"""
item_PoisonBoost_2#0,"""Poison Boost Lv.2"""
item_PoisonBoost_3#0,"""Poison Boost Lv.3"""
item_PoisonBoost_4#0,"""Poison Boost Lv.4"""
item_PoisonBoost_5#0,"""Poison Boost Lv.5"""
item_MasteryWind1_1#0,"""Zephyr's Blessing Lv.1"""
item_MasteryWind1_2#0,"""Zephyr's Blessing Lv.2"""
item_MasteryWind1_3#0,"""Zephyr's Blessing Lv.3"""
item_MasteryWind1_4#0,"""Zephyr's Blessing Lv.4"""
item_MasteryWind1_5#0,"""Zephyr's Blessing Lv.5"""
item_MirageBoost_1#0,"""Mirage Boost Lv.1"""
item_MirageBoost_2#0,"""Mirage Boost Lv.2"""
item_MirageBoost_3#0,"""Mirage Boost Lv.3"""
item_MirageBoost_4#0,"""Mirage Boost Lv.4"""
item_MirageBoost_5#0,"""Mirage Boost Lv.5"""
item_PADamageUp1_1#0,"""Path of Radiance Lv.1"""
item_PADamageUp1_2#0,"""Path of Radiance Lv.2"""
item_PADamageUp1_3#0,"""Path of Radiance Lv.3"""
item_PADamageUp1_4#0,"""Path of Radiance Lv.4"""
item_PADamageUp1_5#0,"""Path of Radiance Lv.5"""
item_ReducingDamageToHp1_1#0,"""Celestial Bullet Lv.1"""
item_ReducingDamageToHp1_2#0,"""Celestial Bullet Lv.2"""
item_ReducingDamageToHp1_3#0,"""Celestial Bullet Lv.3"""
item_ReducingDamageToHp1_4#0,"""Celestial Bullet Lv.4"""
item_ReducingDamageToHp1_5#0,"""Celestial Bullet Lv.5"""
item_ReducingDamageToHp2_1#0,"""Vampiric Blade Lv.1"""
item_ReducingDamageToHp2_2#0,"""Vampiric Blade Lv.2"""
item_ReducingDamageToHp2_3#0,"""Vampiric Blade Lv.3"""
item_ReducingDamageToHp2_4#0,"""Vampiric Blade Lv.4"""
item_ReducingDamageToHp2_5#0,"""Vampiric Blade Lv.5"""
item_PPUsageDown_1#0,"""Supreme Blessing Lv.1"""
item_PPUsageDown_2#0,"""Supreme Blessing Lv.2"""
item_PPUsageDown_3#0,"""Supreme Blessing Lv.3"""
item_PPUsageDown_4#0,"""Supreme Blessing Lv.4"""
item_PPUsageDown_5#0,"""Supreme Blessing Lv.5"""
item_PPUsageDown2_1#0,"""Visage of Light Lv.1"""
item_PPUsageDown2_2#0,"""Visage of Light Lv.2"""
item_PPUsageDown2_3#0,"""Visage of Light Lv.3"""
item_PPUsageDown2_4#0,"""Visage of Light Lv.4"""
item_PPUsageDown2_5#0,"""Visage of Light Lv.5"""
item_PBGageRizeUp1_1#0,"""Mind Tuning Lv.1"""
item_PBGageRizeUp1_2#0,"""Mind Tuning Lv.2"""
item_PBGageRizeUp1_3#0,"""Mind Tuning Lv.3"""
item_PBGageRizeUp1_4#0,"""Mind Tuning Lv.4"""
item_PBGageRizeUp1_5#0,"""Mind Tuning Lv.5"""
item_DropEnchantUp1_1#0,"""Skilled Trainer Lv.1"""
item_DropEnchantUp1_2#0,"""Skilled Trainer Lv.2"""
item_DropEnchantUp1_3#0,"""Skilled Trainer Lv.3"""
item_DropEnchantUp1_4#0,"""Skilled Trainer Lv.4"""
item_DropEnchantUp1_5#0,"""Skilled Trainer Lv.5"""
item_DropUnidentifiedUp_1#0,"""Fortunate Omen Lv.1"""
item_DropUnidentifiedUp_2#0,"""Fortunate Omen Lv.2"""
item_DropUnidentifiedUp_3#0,"""Fortunate Omen Lv.3"""
item_DropUnidentifiedUp_4#0,"""Fortunate Omen Lv.4"""
item_DropUnidentifiedUp_5#0,"""Fortunate Omen Lv.5"""
item_ReduceKnockBackUp_1#0,"""Determination Lv.1"""
item_ReduceKnockBackUp_2#0,"""Determination Lv.2"""
item_ReduceKnockBackUp_3#0,"""Determination Lv.3"""
item_ReduceKnockBackUp_4#0,"""Determination Lv.4"""
item_ReduceKnockBackUp_5#0,"""Determination Lv.5"""
item_DamageZeroUp_1#0,"""Wings of Fortune Lv.1"""
item_DamageZeroUp_2#0,"""Wings of Fortune Lv.2"""
item_DamageZeroUp_3#0,"""Wings of Fortune Lv.3"""
item_DamageZeroUp_4#0,"""Wings of Fortune Lv.4"""
item_DamageZeroUp_5#0,"""Wings of Fortune Lv.5"""
item_ItemHealUp1_1#0,"""Medical Knowledge Lv.1"""
item_ItemHealUp1_2#0,"""Medical Knowledge Lv.2"""
item_ItemHealUp1_3#0,"""Medical Knowledge Lv.3"""
item_ItemHealUp1_4#0,"""Medical Knowledge Lv.4"""
item_ItemHealUp1_5#0,"""Medical Knowledge Lv.5"""
item_AttackHateUp1_1#0,"""Living Conduit Lv.1"""
item_AttackHateUp1_2#0,"""Living Conduit Lv.2"""
item_AttackHateUp1_3#0,"""Living Conduit Lv.3"""
item_AttackHateUp1_4#0,"""Living Conduit Lv.4"""
item_AttackHateUp1_5#0,"""Living Conduit Lv.5"""
item_AttackHateDown1_1#0,"""Isolated Presence Lv.1"""
item_AttackHateDown1_2#0,"""Isolated Presence Lv.2"""
item_AttackHateDown1_3#0,"""Isolated Presence Lv.3"""
item_AttackHateDown1_4#0,"""Isolated Presence Lv.4"""
item_AttackHateDown1_5#0,"""Isolated Presence Lv.5"""
item_DamageBonusDarker_1#0,"""Darker Devourer Lv.1"""
item_DamageBonusDarker_2#0,"""Darker Devourer Lv.2"""
item_DamageBonusDarker_3#0,"""Darker Devourer Lv.3"""
item_DamageBonusDarker_4#0,"""Darker Devourer Lv.4"""
item_DamageBonusDarker_5#0,"""Darker Devourer Lv.5"""
item_DamageBonusNative_1#0,"""Native Devourer Lv.1"""
item_DamageBonusNative_2#0,"""Native Devourer Lv.2"""
item_DamageBonusNative_3#0,"""Native Devourer Lv.3"""
item_DamageBonusNative_4#0,"""Native Devourer Lv.4"""
item_DamageBonusNative_5#0,"""Native Devourer Lv.5"""
item_DamageBonusMachine_1#0,"""Mech Devourer Lv.1"""
item_DamageBonusMachine_2#0,"""Mech Devourer Lv.2"""
item_DamageBonusMachine_3#0,"""Mech Devourer Lv.3"""
item_DamageBonusMachine_4#0,"""Mech Devourer Lv.4"""
item_DamageBonusMachine_5#0,"""Mech Devourer Lv.5"""
item_DamageBonusDragon_1#0,"""Draco Devourer Lv.1"""
item_DamageBonusDragon_2#0,"""Draco Devourer Lv.2"""
item_DamageBonusDragon_3#0,"""Draco Devourer Lv.3"""
item_DamageBonusDragon_4#0,"""Draco Devourer Lv.4"""
item_DamageBonusDragon_5#0,"""Draco Devourer Lv.5"""
item_DamageBonusChimera_1#0,"""Oceanid Devourer Lv.1"""
item_DamageBonusChimera_2#0,"""Oceanid Devourer Lv.2"""
item_DamageBonusChimera_3#0,"""Oceanid Devourer Lv.3"""
item_DamageBonusChimera_4#0,"""Oceanid Devourer Lv.4"""
item_DamageBonusChimera_5#0,"""Oceanid Devourer Lv.5"""
item_DamageCutDarker_1#0,"""Darker Seal Lv.1"""
item_DamageCutDarker_2#0,"""Darker Seal Lv.2"""
item_DamageCutDarker_3#0,"""Darker Seal Lv.3"""
item_DamageCutDarker_4#0,"""Darker Seal Lv.4"""
item_DamageCutDarker_5#0,"""Darker Seal Lv.5"""
item_DamageCutNative_1#0,"""Unset Potential_26"""
item_DamageCutNative_2#0,"""Unset Potential_27"""
item_DamageCutNative_3#0,"""Unset Potential_28"""
item_DamageCutNative_4#0,"""Unset Potential_29"""
item_DamageCutNative_5#0,"""Unset Potential_30"""
item_DamageCutMachine_1#0,"""Unset Potential_31"""
item_DamageCutMachine_2#0,"""Unset Potential_32"""
item_DamageCutMachine_3#0,"""Unset Potential_33"""
item_DamageCutMachine_4#0,"""Unset Potential_34"""
item_DamageCutMachine_5#0,"""Unset Potential_35"""
item_DamageCutDragon_1#0,"""Draco Seal Lv.1"""
item_DamageCutDragon_2#0,"""Draco Seal Lv.2"""
item_DamageCutDragon_3#0,"""Draco Seal Lv.3"""
item_DamageCutDragon_4#0,"""Draco Seal Lv.4"""
item_DamageCutDragon_5#0,"""Draco Seal Lv.5"""
item_PADamageUpSwordPA1_1#0,"""Soaring Blade Lv.1"""
item_PADamageUpSwordPA1_2#0,"""Soaring Blade Lv.2"""
item_PADamageUpSwordPA1_3#0,"""Soaring Blade Lv.3"""
item_PADamageUpSwordPA1_4#0,"""Soaring Blade Lv.4"""
item_PADamageUpSwordPA1_5#0,"""Soaring Blade Lv.5"""
item_PPCutSwordPA1_1#0,"""Rising Edge Reduction_1"""
item_PPCutSwordPA1_2#0,"""Rising Edge Reduction_2"""
item_PPCutSwordPA1_3#0,"""Rising Edge Reduction_3"""
item_PPCutSwordPA1_4#0,"""Rising Edge Reduction_4"""
item_PPCutSwordPA1_5#0,"""Rising Edge Reduction_5"""
item_PADamageUpSwordPA2_1#0,"""Spiral Blade Lv.1"""
item_PADamageUpSwordPA2_2#0,"""Spiral Blade Lv.2"""
item_PADamageUpSwordPA2_3#0,"""Spiral Blade Lv.3"""
item_PADamageUpSwordPA2_4#0,"""Spiral Blade Lv.4"""
item_PADamageUpSwordPA2_5#0,"""Spiral Blade Lv.5"""
item_PPCutSwordPA2_1#0,"""Twister Fall Reduction_1"""
item_PPCutSwordPA2_2#0,"""Twister Fall Reduction_2"""
item_PPCutSwordPA2_3#0,"""Twister Fall Reduction_3"""
item_PPCutSwordPA2_4#0,"""Twister Fall Reduction_4"""
item_PPCutSwordPA2_5#0,"""Twister Fall Reduction_5"""
item_PADamageUpSwordPA3_1#0,"""Starsmash Blade Lv.1"""
item_PADamageUpSwordPA3_2#0,"""Starsmash Blade Lv.2"""
item_PADamageUpSwordPA3_3#0,"""Starsmash Blade Lv.3"""
item_PADamageUpSwordPA3_4#0,"""Starsmash Blade Lv.4"""
item_PADamageUpSwordPA3_5#0,"""Starsmash Blade Lv.5"""
item_PPCutSwordPA3_1#0,"""Nova Strike Reduction_6"""
item_PPCutSwordPA3_2#0,"""Nova Strike Reduction_7"""
item_PPCutSwordPA3_3#0,"""Nova Strike Reduction_8"""
item_PPCutSwordPA3_4#0,"""Nova Strike Reduction_9"""
item_PPCutSwordPA3_5#0,"""Nova Strike Reduction_10"""
item_PADamageUpSwordPA4_1#0,"""Riding Blade Lv.1"""
item_PADamageUpSwordPA4_2#0,"""Riding Blade Lv.2"""
item_PADamageUpSwordPA4_3#0,"""Riding Blade Lv.3"""
item_PADamageUpSwordPA4_4#0,"""Riding Blade Lv.4"""
item_PADamageUpSwordPA4_5#0,"""Riding Blade Lv.5"""
item_PPCutSwordPA4_1#0,"""Ride Slasher Reduction_6"""
item_PPCutSwordPA4_2#0,"""Ride Slasher Reduction_7"""
item_PPCutSwordPA4_3#0,"""Ride Slasher Reduction_8"""
item_PPCutSwordPA4_4#0,"""Ride Slasher Reduction_9"""
item_PPCutSwordPA4_5#0,"""Ride Slasher Reduction_10"""
item_PADamageUpSwordPA5_1#0,"""Starsplitter Blade Lv.1"""
item_PADamageUpSwordPA5_2#0,"""Starsplitter Blade Lv.2"""
item_PADamageUpSwordPA5_3#0,"""Starsplitter Blade Lv.3"""
item_PADamageUpSwordPA5_4#0,"""Starsplitter Blade Lv.4"""
item_PADamageUpSwordPA5_5#0,"""Starsplitter Blade Lv.5"""
item_PPCutSwordPA5_1#0,"""Over End Reduction_6"""
item_PPCutSwordPA5_2#0,"""Over End Reduction_7"""
item_PPCutSwordPA5_3#0,"""Over End Reduction_8"""
item_PPCutSwordPA5_4#0,"""Over End Reduction_9"""
item_PPCutSwordPA5_5#0,"""Over End Reduction_10"""
item_PADamageUpSwordPA6_1#0,"""Stunning Blade Lv.1"""
item_PADamageUpSwordPA6_2#0,"""Stunning Blade Lv.2"""
item_PADamageUpSwordPA6_3#0,"""Stunning Blade Lv.3"""
item_PADamageUpSwordPA6_4#0,"""Stunning Blade Lv.4"""
item_PADamageUpSwordPA6_5#0,"""Stunning Blade Lv.5"""
item_PPCutSwordPA6_1#0,"""Stun Coincide Reduction_1"""
item_PPCutSwordPA6_2#0,"""Stun Coincide Reduction_2"""
item_PPCutSwordPA6_3#0,"""Stun Coincide Reduction_3"""
item_PPCutSwordPA6_4#0,"""Stun Coincide Reduction_4"""
item_PPCutSwordPA6_5#0,"""Stun Coincide Reduction_5"""
item_PADamageUpSwordPA7_1#0,"""Arcing Blade Lv.1"""
item_PADamageUpSwordPA7_2#0,"""Arcing Blade Lv.2"""
item_PADamageUpSwordPA7_3#0,"""Arcing Blade Lv.3"""
item_PADamageUpSwordPA7_4#0,"""Arcing Blade Lv.4"""
item_PADamageUpSwordPA7_5#0,"""Arcing Blade Lv.5"""
item_PPCutSwordPA7_1#0,"""Sonic Arrow Reduction_6"""
item_PPCutSwordPA7_2#0,"""Sonic Arrow Reduction_7"""
item_PPCutSwordPA7_3#0,"""Sonic Arrow Reduction_8"""
item_PPCutSwordPA7_4#0,"""Sonic Arrow Reduction_9"""
item_PPCutSwordPA7_5#0,"""Sonic Arrow Reduction_10"""
item_PADamageUpSwordPA8_1#0,"""Cruel Throw Boost_1"""
item_PADamageUpSwordPA8_2#0,"""Cruel Throw Boost_2"""
item_PADamageUpSwordPA8_3#0,"""Cruel Throw Boost_3"""
item_PADamageUpSwordPA8_4#0,"""Cruel Throw Boost_4"""
item_PADamageUpSwordPA8_5#0,"""Cruel Throw Boost_5"""
item_PPCutSwordPA8_1#0,"""Cruel Throw Reduction_6"""
item_PPCutSwordPA8_2#0,"""Cruel Throw Reduction_7"""
item_PPCutSwordPA8_3#0,"""Cruel Throw Reduction_8"""
item_PPCutSwordPA8_4#0,"""Cruel Throw Reduction_9"""
item_PPCutSwordPA8_5#0,"""Cruel Throw Reduction_10"""
item_PADamageUpWlancePA1_1#0,"""Bind Through"""
item_PADamageUpWlancePA2_1#0,"""Grapple Charge"""
item_PADamageUpWlancePA3_1#0,"""Lashing Descent Lv.1"""
item_PADamageUpWlancePA3_2#0,"""Lashing Descent Lv.2"""
item_PADamageUpWlancePA3_3#0,"""Lashing Descent Lv.3"""
item_PADamageUpWlancePA3_4#0,"""Lashing Descent Lv.4"""
item_PADamageUpWlancePA3_5#0,"""Lashing Descent Lv.5"""
item_PADamageUpWlancePA4_1#0,"""Intertwining Grip Lv.1"""
item_PADamageUpWlancePA4_2#0,"""Intertwining Grip Lv.2"""
item_PADamageUpWlancePA4_3#0,"""Intertwining Grip Lv.3"""
item_PADamageUpWlancePA4_4#0,"""Intertwining Grip Lv.4"""
item_PADamageUpWlancePA4_5#0,"""Intertwining Grip Lv.5"""
item_PADamageUpWlancePA5_1#0,"""Spinning Bind Lv.1"""
item_PADamageUpWlancePA5_2#0,"""Spinning Bind Lv.2"""
item_PADamageUpWlancePA5_3#0,"""Spinning Bind Lv.3"""
item_PADamageUpWlancePA5_4#0,"""Spinning Bind Lv.4"""
item_PADamageUpWlancePA5_5#0,"""Spinning Bind Lv.5"""
item_PADamageUpWlancePA6_1#0,"""Shocking Grasp Lv.1"""
item_PADamageUpWlancePA6_2#0,"""Shocking Grasp Lv.2"""
item_PADamageUpWlancePA6_3#0,"""Shocking Grasp Lv.3"""
item_PADamageUpWlancePA6_4#0,"""Shocking Grasp Lv.4"""
item_PADamageUpWlancePA6_5#0,"""Shocking Grasp Lv.5"""
item_PADamageUpWlancePA7_1#0,"""Air Pocket Swing"""
item_PADamageUpWlancePA8_1#0,"""Dervish Grasp Lv.1"""
item_PADamageUpWlancePA8_2#0,"""Dervish Grasp Lv.2"""
item_PADamageUpWlancePA8_3#0,"""Dervish Grasp Lv.3"""
item_PADamageUpWlancePA8_4#0,"""Dervish Grasp Lv.4"""
item_PADamageUpWlancePA8_5#0,"""Dervish Grasp Lv.5"""
item_PADamageUpPartisanPA1_1#0,"""Piercing Spear Lv.1"""
item_PADamageUpPartisanPA1_2#0,"""Piercing Spear Lv.2"""
item_PADamageUpPartisanPA1_3#0,"""Piercing Spear Lv.3"""
item_PADamageUpPartisanPA1_4#0,"""Piercing Spear Lv.4"""
item_PADamageUpPartisanPA1_5#0,"""Piercing Spear Lv.5"""
item_PADamageUpPartisanPA2_1#0,"""Twinkling Spear Lv.1"""
item_PADamageUpPartisanPA2_2#0,"""Twinkling Spear Lv.2"""
item_PADamageUpPartisanPA2_3#0,"""Twinkling Spear Lv.3"""
item_PADamageUpPartisanPA2_4#0,"""Twinkling Spear Lv.4"""
item_PADamageUpPartisanPA2_5#0,"""Twinkling Spear Lv.5"""
item_PADamageUpPartisanPA3_1#0,"""Flagbearer's Spear Lv.1"""
item_PADamageUpPartisanPA3_2#0,"""Flagbearer's Spear Lv.2"""
item_PADamageUpPartisanPA3_3#0,"""Flagbearer's Spear Lv.3"""
item_PADamageUpPartisanPA3_4#0,"""Flagbearer's Spear Lv.4"""
item_PADamageUpPartisanPA3_5#0,"""Flagbearer's Spear Lv.5"""
item_PADamageUpPartisanPA4_1#0,"""Thrusting Spear Lv.1"""
item_PADamageUpPartisanPA4_2#0,"""Thrusting Spear Lv.2"""
item_PADamageUpPartisanPA4_3#0,"""Thrusting Spear Lv.3"""
item_PADamageUpPartisanPA4_4#0,"""Thrusting Spear Lv.4"""
item_PADamageUpPartisanPA4_5#0,"""Thrusting Spear Lv.5"""
item_PADamageUpPartisanPA5_1#0,"""Unset Potential"""
item_PADamageUpPartisanPA5_2#0,"""Unset Potential"""
item_PADamageUpPartisanPA5_3#0,"""Unset Potential"""
item_PADamageUpPartisanPA5_4#0,"""Unset Potential"""
item_PADamageUpPartisanPA5_5#0,"""Unset Potential"""
item_PADamageUpPartisanPA6_1#0,"""Discoidal Spear Lv.1"""
item_PADamageUpPartisanPA6_2#0,"""Discoidal Spear Lv.2"""
item_PADamageUpPartisanPA6_3#0,"""Discoidal Spear Lv.3"""
item_PADamageUpPartisanPA6_4#0,"""Discoidal Spear Lv.4"""
item_PADamageUpPartisanPA6_5#0,"""Discoidal Spear Lv.5"""
item_PADamageUpPartisanPA7_1#0,"""Battle Cry Spear Lv.1"""
item_PADamageUpPartisanPA7_2#0,"""Battle Cry Spear Lv.2"""
item_PADamageUpPartisanPA7_3#0,"""Battle Cry Spear Lv.3"""
item_PADamageUpPartisanPA7_4#0,"""Battle Cry Spear Lv.4"""
item_PADamageUpPartisanPA7_5#0,"""Battle Cry Spear Lv.5"""
item_PPCutPartisanPA7_1#0,"""Spinning Spear Lv.1"""
item_PPCutPartisanPA7_2#0,"""Spinning Spear Lv.2"""
item_PPCutPartisanPA7_3#0,"""Spinning Spear Lv.3"""
item_PPCutPartisanPA7_4#0,"""Spinning Spear Lv.4"""
item_PPCutPartisanPA7_5#0,"""Spinning Spear Lv.5"""
item_PADamageUpPartisanPA8_1#0,"""Life Snag Spear Lv.1"""
item_PADamageUpPartisanPA8_2#0,"""Life Snag Spear Lv.2"""
item_PADamageUpPartisanPA8_3#0,"""Life Snag Spear Lv.3"""
item_PADamageUpPartisanPA8_4#0,"""Life Snag Spear Lv.4"""
item_PADamageUpPartisanPA8_5#0,"""Life Snag Spear Lv.5"""
item_PADamageUpTdaggerPA1_1#0,"""Aerial Gamboling Lv.1"""
item_PADamageUpTdaggerPA1_2#0,"""Aerial Gamboling Lv.2"""
item_PADamageUpTdaggerPA1_3#0,"""Aerial Gamboling Lv.3"""
item_PADamageUpTdaggerPA1_4#0,"""Aerial Gamboling Lv.4"""
item_PADamageUpTdaggerPA1_5#0,"""Aerial Gamboling Lv.5"""
item_PPCutTdaggerPA1_1#0,"""Heavenly Dance Lv.1"""
item_PPCutTdaggerPA1_2#0,"""Heavenly Dance Lv.2"""
item_PPCutTdaggerPA1_3#0,"""Heavenly Dance Lv.3"""
item_PPCutTdaggerPA1_4#0,"""Heavenly Dance Lv.4"""
item_PPCutTdaggerPA1_5#0,"""Heavenly Dance Lv.5"""
item_PADamageUpTdaggerPA2_1#0,"""Kick Polka Lv.1"""
item_PADamageUpTdaggerPA2_2#0,"""Kick Polka Lv.2"""
item_PADamageUpTdaggerPA2_3#0,"""Kick Polka Lv.3"""
item_PADamageUpTdaggerPA2_4#0,"""Kick Polka Lv.4"""
item_PADamageUpTdaggerPA2_5#0,"""Kick Polka Lv.5"""
item_PADamageUpTdaggerPA3_1#0,"""Robust Collision Lv.1"""
item_PADamageUpTdaggerPA3_2#0,"""Robust Collision Lv.2"""
item_PADamageUpTdaggerPA3_3#0,"""Robust Collision Lv.3"""
item_PADamageUpTdaggerPA3_4#0,"""Robust Collision Lv.4"""
item_PADamageUpTdaggerPA3_5#0,"""Robust Collision Lv.5"""
item_PADamageUpTdaggerPA4_1#0,"""Guillotine Rhapsody Lv.1"""
item_PADamageUpTdaggerPA4_2#0,"""Guillotine Rhapsody Lv.2"""
item_PADamageUpTdaggerPA4_3#0,"""Guillotine Rhapsody Lv.3"""
item_PADamageUpTdaggerPA4_4#0,"""Guillotine Rhapsody Lv.4"""
item_PADamageUpTdaggerPA4_5#0,"""Guillotine Rhapsody Lv.5"""
item_PADamageUpTdaggerPA5_1#0,"""Gliding Blades Lv.1"""
item_PADamageUpTdaggerPA5_2#0,"""Gliding Blades Lv.2"""
item_PADamageUpTdaggerPA5_3#0,"""Gliding Blades Lv.3"""
item_PADamageUpTdaggerPA5_4#0,"""Gliding Blades Lv.4"""
item_PADamageUpTdaggerPA5_5#0,"""Gliding Blades Lv.5"""
item_PADamageUpTdaggerPA6_1#0,"""Quick March"""
item_PADamageUpTdaggerPA7_1#0,"""Jumping Waltz Lv.1"""
item_PADamageUpTdaggerPA7_2#0,"""Jumping Waltz Lv.2"""
item_PADamageUpTdaggerPA7_3#0,"""Jumping Waltz Lv.3"""
item_PADamageUpTdaggerPA7_4#0,"""Jumping Waltz Lv.4"""
item_PADamageUpTdaggerPA7_5#0,"""Jumping Waltz Lv.5"""
item_PADamageUpTdaggerPA8_1#0,"""Gyrating Edges Lv.1"""
item_PADamageUpTdaggerPA8_2#0,"""Gyrating Edges Lv.2"""
item_PADamageUpTdaggerPA8_3#0,"""Gyrating Edges Lv.3"""
item_PADamageUpTdaggerPA8_4#0,"""Gyrating Edges Lv.4"""
item_PADamageUpTdaggerPA8_5#0,"""Gyrating Edges Lv.5"""
item_PADamageUpDsaberPA1_1#0,"""Sudden Whirlwind Lv.1"""
item_PADamageUpDsaberPA1_2#0,"""Sudden Whirlwind Lv.2"""
item_PADamageUpDsaberPA1_3#0,"""Sudden Whirlwind Lv.3"""
item_PADamageUpDsaberPA1_4#0,"""Sudden Whirlwind Lv.4"""
item_PADamageUpDsaberPA1_5#0,"""Sudden Whirlwind Lv.5"""
item_PADamageUpDsaberPA2_1#0,"""Rising Claw Lv.1"""
item_PADamageUpDsaberPA2_2#0,"""Rising Claw Lv.2"""
item_PADamageUpDsaberPA2_3#0,"""Rising Claw Lv.3"""
item_PADamageUpDsaberPA2_4#0,"""Rising Claw Lv.4"""
item_PADamageUpDsaberPA2_5#0,"""Rising Claw Lv.5"""
item_PADamageUpDsaberPA3_1#0,"""Whirling Ring Lv.1"""
item_PADamageUpDsaberPA3_2#0,"""Whirling Ring Lv.2"""
item_PADamageUpDsaberPA3_3#0,"""Whirling Ring Lv.3"""
item_PADamageUpDsaberPA3_4#0,"""Whirling Ring Lv.4"""
item_PADamageUpDsaberPA3_5#0,"""Whirling Ring Lv.5"""
item_PADamageUpDsaberPA4_1#0,"""Dancing Phantom Lv.1"""
item_PADamageUpDsaberPA4_2#0,"""Dancing Phantom Lv.2"""
item_PADamageUpDsaberPA4_3#0,"""Dancing Phantom Lv.3"""
item_PADamageUpDsaberPA4_4#0,"""Dancing Phantom Lv.4"""
item_PADamageUpDsaberPA4_5#0,"""Dancing Phantom Lv.5"""
item_PADamageUpDsaberPA5_1#0,"""Mythical Flicker Lv.1"""
item_PADamageUpDsaberPA5_2#0,"""Mythical Flicker Lv.2"""
item_PADamageUpDsaberPA5_3#0,"""Mythical Flicker Lv.3"""
item_PADamageUpDsaberPA5_4#0,"""Mythical Flicker Lv.4"""
item_PADamageUpDsaberPA5_5#0,"""Mythical Flicker Lv.5"""
item_PADamageUpDsaberPA6_1#0,"""Slamming Blast Lv.1"""
item_PADamageUpDsaberPA6_2#0,"""Slamming Blast Lv.2"""
item_PADamageUpDsaberPA6_3#0,"""Slamming Blast Lv.3"""
item_PADamageUpDsaberPA6_4#0,"""Slamming Blast Lv.4"""
item_PADamageUpDsaberPA6_5#0,"""Slamming Blast Lv.5"""
item_PADamageUpDsaberPA7_1#0,"""Detaining Toss Lv.1"""
item_PADamageUpDsaberPA7_2#0,"""Detaining Toss Lv.2"""
item_PADamageUpDsaberPA7_3#0,"""Detaining Toss Lv.3"""
item_PADamageUpDsaberPA7_4#0,"""Detaining Toss Lv.4"""
item_PADamageUpDsaberPA7_5#0,"""Detaining Toss Lv.5"""
item_PADamageUpDsaberPA8_1#0,"""Dancing Killer Lv.1"""
item_PADamageUpDsaberPA8_2#0,"""Dancing Killer Lv.2"""
item_PADamageUpDsaberPA8_3#0,"""Dancing Killer Lv.3"""
item_PADamageUpDsaberPA8_4#0,"""Dancing Killer Lv.4"""
item_PADamageUpDsaberPA8_5#0,"""Dancing Killer Lv.5"""
item_PADamageUpKnucklePA1_1#0,"""Ducking Blow"""
item_PADamageUpKnucklePA2_1#0,"""Flicker Jab"""
item_PADamageUpKnucklePA3_1#0,"""Countless Slugging Lv.1"""
item_PADamageUpKnucklePA3_2#0,"""Countless Slugging Lv.2"""
item_PADamageUpKnucklePA3_3#0,"""Countless Slugging Lv.3"""
item_PADamageUpKnucklePA3_4#0,"""Countless Slugging Lv.4"""
item_PADamageUpKnucklePA3_5#0,"""Countless Slugging Lv.5"""
item_PADamageUpKnucklePA4_1#0,"""Heavenly Impact Lv.1"""
item_PADamageUpKnucklePA4_2#0,"""Heavenly Impact Lv.2"""
item_PADamageUpKnucklePA4_3#0,"""Heavenly Impact Lv.3"""
item_PADamageUpKnucklePA4_4#0,"""Heavenly Impact Lv.4"""
item_PADamageUpKnucklePA4_5#0,"""Heavenly Impact Lv.5"""
item_PADamageUpKnucklePA5_1#0,"""Leading Punch Lv.1"""
item_PADamageUpKnucklePA5_2#0,"""Leading Punch Lv.2"""
item_PADamageUpKnucklePA5_3#0,"""Leading Punch Lv.3"""
item_PADamageUpKnucklePA5_4#0,"""Leading Punch Lv.4"""
item_PADamageUpKnucklePA5_5#0,"""Leading Punch Lv.5"""
item_PADamageUpKnucklePA6_1#0,"""Quake Howling"""
item_PADamageUpKnucklePA7_1#0,"""Altering Jab Lv.1"""
item_PADamageUpKnucklePA7_2#0,"""Altering Jab Lv.2"""
item_PADamageUpKnucklePA7_3#0,"""Altering Jab Lv.3"""
item_PADamageUpKnucklePA7_4#0,"""Altering Jab Lv.4"""
item_PADamageUpKnucklePA7_5#0,"""Altering Jab Lv.5"""
item_PADamageUpKnucklePA8_1#0,"""Endless Pounding Lv.1"""
item_PADamageUpKnucklePA8_2#0,"""Endless Pounding Lv.2"""
item_PADamageUpKnucklePA8_3#0,"""Endless Pounding Lv.3"""
item_PADamageUpKnucklePA8_4#0,"""Endless Pounding Lv.4"""
item_PADamageUpKnucklePA8_5#0,"""Endless Pounding Lv.5"""
item_PADamageUpGunslashPA1_1#0,"""Tri-Impact"""
item_PADamageUpGunslashPA2_1#0,"""Dancing Ensemble Lv.1"""
item_PADamageUpGunslashPA2_2#0,"""Dancing Ensemble Lv.2"""
item_PADamageUpGunslashPA2_3#0,"""Dancing Ensemble Lv.3"""
item_PADamageUpGunslashPA2_4#0,"""Dancing Ensemble Lv.4"""
item_PADamageUpGunslashPA2_5#0,"""Dancing Ensemble Lv.5"""
item_PADamageUpGunslashPA3_1#0,"""Ein Raketen"""
item_PADamageUpGunslashPA4_1#0,"""Serpent Air"""
item_PADamageUpGunslashPA5_1#0,"""Aiming Shot"""
item_PADamageUpGunslashPA6_1#0,"""Explosive Ensemble Lv.1"""
item_PADamageUpGunslashPA6_2#0,"""Explosive Ensemble Lv.2"""
item_PADamageUpGunslashPA6_3#0,"""Explosive Ensemble Lv.3"""
item_PADamageUpGunslashPA6_4#0,"""Explosive Ensemble Lv.4"""
item_PADamageUpGunslashPA6_5#0,"""Explosive Ensemble Lv.5"""
item_PADamageUpGunslashPA7_1#0,"""Guillotine Ensemble Lv.1"""
item_PADamageUpGunslashPA7_2#0,"""Guillotine Ensemble Lv.2"""
item_PADamageUpGunslashPA7_3#0,"""Guillotine Ensemble Lv.3"""
item_PADamageUpGunslashPA7_4#0,"""Guillotine Ensemble Lv.4"""
item_PADamageUpGunslashPA7_5#0,"""Guillotine Ensemble Lv.5"""
item_PADamageUpGunslashPA8_1#0,"""Kicking Ensemble Lv.1"""
item_PADamageUpGunslashPA8_2#0,"""Kicking Ensemble Lv.2"""
item_PADamageUpGunslashPA8_3#0,"""Kicking Ensemble Lv.3"""
item_PADamageUpGunslashPA8_4#0,"""Kicking Ensemble Lv.4"""
item_PADamageUpGunslashPA8_5#0,"""Kicking Ensemble Lv.5"""
item_PADamageUpRiflePA1_1#0,"""Piercing Shell"""
item_PADamageUpRiflePA2_1#0,"""Grenade Shot Lv.1"""
item_PADamageUpRiflePA2_2#0,"""Grenade Shot Lv.2"""
item_PADamageUpRiflePA2_3#0,"""Grenade Shot Lv.3"""
item_PADamageUpRiflePA2_4#0,"""Grenade Shot Lv.4"""
item_PADamageUpRiflePA2_5#0,"""Grenade Shot Lv.5"""
item_PADamageUpRiflePA3_1#0,"""Precise Discharge Lv.1"""
item_PADamageUpRiflePA3_2#0,"""Precise Discharge Lv.2"""
item_PADamageUpRiflePA3_3#0,"""Precise Discharge Lv.3"""
item_PADamageUpRiflePA3_4#0,"""Precise Discharge Lv.4"""
item_PADamageUpRiflePA3_5#0,"""Precise Discharge Lv.5"""
item_PADamageUpRiflePA4_1#0,"""Traditional Spark Lv.1"""
item_PADamageUpRiflePA4_2#0,"""Traditional Spark Lv.2"""
item_PADamageUpRiflePA4_3#0,"""Traditional Spark Lv.3"""
item_PADamageUpRiflePA4_4#0,"""Traditional Spark Lv.4"""
item_PADamageUpRiflePA4_5#0,"""Traditional Spark Lv.5"""
item_PADamageUpRiflePA5_1#0,"""Homing Shot Lv.1"""
item_PADamageUpRiflePA5_2#0,"""Homing Shot Lv.2"""
item_PADamageUpRiflePA5_3#0,"""Homing Shot Lv.3"""
item_PADamageUpRiflePA5_4#0,"""Homing Shot Lv.4"""
item_PADamageUpRiflePA5_5#0,"""Homing Shot Lv.5"""
item_PADamageUpRiflePA6_1#0,"""Sliding Shot Lv.1"""
item_PADamageUpRiflePA6_2#0,"""Sliding Shot Lv.2"""
item_PADamageUpRiflePA6_3#0,"""Sliding Shot Lv.3"""
item_PADamageUpRiflePA6_4#0,"""Sliding Shot Lv.4"""
item_PADamageUpRiflePA6_5#0,"""Sliding Shot Lv.5"""
item_PADamageUpRiflePA7_1#0,"""Concealed Shooting Lv.1"""
item_PADamageUpRiflePA7_2#0,"""Concealed Shooting Lv.2"""
item_PADamageUpRiflePA7_3#0,"""Concealed Shooting Lv.3"""
item_PADamageUpRiflePA7_4#0,"""Concealed Shooting Lv.4"""
item_PADamageUpRiflePA7_5#0,"""Concealed Shooting Lv.5"""
item_PADamageUpRiflePA8_1#0,"""Lightray Shower Lv.1"""
item_PADamageUpRiflePA8_2#0,"""Lightray Shower Lv.2"""
item_PADamageUpRiflePA8_3#0,"""Lightray Shower Lv.3"""
item_PADamageUpRiflePA8_4#0,"""Lightray Shower Lv.4"""
item_PADamageUpRiflePA8_5#0,"""Lightray Shower Lv.5"""
item_PADamageUpLauncherPA1_1#0,"""Holy Cannon Lv.1"""
item_PADamageUpLauncherPA1_2#0,"""Holy Cannon Lv.2"""
item_PADamageUpLauncherPA1_3#0,"""Holy Cannon Lv.3"""
item_PADamageUpLauncherPA1_4#0,"""Holy Cannon Lv.4"""
item_PADamageUpLauncherPA1_5#0,"""Holy Cannon Lv.5"""
item_PADamageUpLauncherPA2_1#0,"""Barrage Cannon Lv.1"""
item_PADamageUpLauncherPA2_2#0,"""Barrage Cannon Lv.2"""
item_PADamageUpLauncherPA2_3#0,"""Barrage Cannon Lv.3"""
item_PADamageUpLauncherPA2_4#0,"""Barrage Cannon Lv.4"""
item_PADamageUpLauncherPA2_5#0,"""Barrage Cannon Lv.5"""
item_PADamageUpLauncherPA3_1#0,"""Cluster Cannon Lv.1"""
item_PADamageUpLauncherPA3_2#0,"""Cluster Cannon Lv.2"""
item_PADamageUpLauncherPA3_3#0,"""Cluster Cannon Lv.3"""
item_PADamageUpLauncherPA3_4#0,"""Cluster Cannon Lv.4"""
item_PADamageUpLauncherPA3_5#0,"""Cluster Cannon Lv.5"""
item_PADamageUpLauncherPA4_1#0,"""Cracker Bullet"""
item_PADamageUpLauncherPA5_1#0,"""Direct Cannon Lv.1"""
item_PADamageUpLauncherPA5_2#0,"""Direct Cannon Lv.2"""
item_PADamageUpLauncherPA5_3#0,"""Direct Cannon Lv.3"""
item_PADamageUpLauncherPA5_4#0,"""Direct Cannon Lv.4"""
item_PADamageUpLauncherPA5_5#0,"""Direct Cannon Lv.5"""
item_PADamageUpLauncherPA6_1#0,"""Steed Cannon Lv.1"""
item_PADamageUpLauncherPA6_2#0,"""Steed Cannon Lv.2"""
item_PADamageUpLauncherPA6_3#0,"""Steed Cannon Lv.3"""
item_PADamageUpLauncherPA6_4#0,"""Steed Cannon Lv.4"""
item_PADamageUpLauncherPA6_5#0,"""Steed Cannon Lv.5"""
item_PADamageUpLauncherPA7_1#0,"""Altering Cannon Lv.1"""
item_PADamageUpLauncherPA7_2#0,"""Altering Cannon Lv.2"""
item_PADamageUpLauncherPA7_3#0,"""Altering Cannon Lv.3"""
item_PADamageUpLauncherPA7_4#0,"""Altering Cannon Lv.4"""
item_PADamageUpLauncherPA7_5#0,"""Altering Cannon Lv.5"""
item_PADamageUpLauncherPA8_1#0,"""Fake Silhouette"""
item_PADamageUpMachinegunPA1_1#0,"""Aerial Shooting"""
item_PADamageUpMachinegunPA2_1#0,"""Rushing Bullet Lv.1"""
item_PADamageUpMachinegunPA2_2#0,"""Rushing Bullet Lv.2"""
item_PADamageUpMachinegunPA2_3#0,"""Rushing Bullet Lv.3"""
item_PADamageUpMachinegunPA2_4#0,"""Rushing Bullet Lv.4"""
item_PADamageUpMachinegunPA2_5#0,"""Rushing Bullet Lv.5"""
item_PADamageUpMachinegunPA3_1#0,"""Insentient Innocence Lv.1"""
item_PADamageUpMachinegunPA3_2#0,"""Insentient Innocence Lv.2"""
item_PADamageUpMachinegunPA3_3#0,"""Insentient Innocence Lv.3"""
item_PADamageUpMachinegunPA3_4#0,"""Insentient Innocence Lv.4"""
item_PADamageUpMachinegunPA3_5#0,"""Insentient Innocence Lv.5"""
item_PADamageUpMachinegunPA4_1#0,"""Heroic Dance Lv.1"""
item_PADamageUpMachinegunPA4_2#0,"""Heroic Dance Lv.2"""
item_PADamageUpMachinegunPA4_3#0,"""Heroic Dance Lv.3"""
item_PADamageUpMachinegunPA4_4#0,"""Heroic Dance Lv.4"""
item_PADamageUpMachinegunPA4_5#0,"""Heroic Dance Lv.5"""
item_PADamageUpMachinegunPA5_1#0,"""Eternal Bullet Lv.1"""
item_PADamageUpMachinegunPA5_2#0,"""Eternal Bullet Lv.2"""
item_PADamageUpMachinegunPA5_3#0,"""Eternal Bullet Lv.3"""
item_PADamageUpMachinegunPA5_4#0,"""Eternal Bullet Lv.4"""
item_PADamageUpMachinegunPA5_5#0,"""Eternal Bullet Lv.5"""
item_PADamageUpMachinegunPA6_1#0,"""Celestial Aim Lv.1"""
item_PADamageUpMachinegunPA6_2#0,"""Celestial Aim Lv.2"""
item_PADamageUpMachinegunPA6_3#0,"""Celestial Aim Lv.3"""
item_PADamageUpMachinegunPA6_4#0,"""Celestial Aim Lv.4"""
item_PADamageUpMachinegunPA6_5#0,"""Celestial Aim Lv.5"""
item_PADamageUpMachinegunPA7_1#0,"""Inversive Polarity Lv.1"""
item_PADamageUpMachinegunPA7_2#0,"""Inversive Polarity Lv.2"""
item_PADamageUpMachinegunPA7_3#0,"""Inversive Polarity Lv.3"""
item_PADamageUpMachinegunPA7_4#0,"""Inversive Polarity Lv.4"""
item_PADamageUpMachinegunPA7_5#0,"""Inversive Polarity Lv.5"""
item_PADamageUpMachinegunPA8_1#0,"""Reverse Tap"""
item_DamageUpProbability_1#0,"""Unset Potential_51"""
item_DamageUpProbability_2#0,"""Unset Potential_52"""
item_DamageUpProbability_3#0,"""Unset Potential_53"""
item_DamageUpProbability_4#0,"""Unset Potential_54"""
item_DamageUpProbability_5#0,"""Unset Potential_55"""
item_DamageDrain_1#0,"""Crescent Eclipse Lv.1"""
item_DamageDrain_2#0,"""Crescent Eclipse Lv.2"""
item_DamageDrain_3#0,"""Crescent Eclipse Lv.3"""
item_DamageDrain_4#0,"""Crescent Eclipse Lv.4"""
item_DamageDrain_5#0,"""Crescent Eclipse Lv.5"""
item_DamageInvalidStrike_1#0,"""Unset Potential_61"""
item_DamageInvalidStrike_2#0,"""Unset Potential_62"""
item_DamageInvalidStrike_3#0,"""Unset Potential_63"""
item_DamageInvalidStrike_4#0,"""Unset Potential_64"""
item_DamageInvalidStrike_5#0,"""Unset Potential_65"""
item_DamageInvalidFirearm_1#0,"""Unset Potential_66"""
item_DamageInvalidFirearm_2#0,"""Unset Potential_67"""
item_DamageInvalidFirearm_3#0,"""Unset Potential_68"""
item_DamageInvalidFirearm_4#0,"""Unset Potential_69"""
item_DamageInvalidFirearm_5#0,"""Unset Potential_70"""
item_DamageInvalidTechnic_1#0,"""Unset Potential_71"""
item_DamageInvalidTechnic_2#0,"""Unset Potential_72"""
item_DamageInvalidTechnic_3#0,"""Unset Potential_73"""
item_DamageInvalidTechnic_4#0,"""Unset Potential_74"""
item_DamageInvalidTechnic_5#0,"""Unset Potential_75"""
item_DamageInvalidAll_1#0,"""Unset Potential_76"""
item_DamageInvalidAll_2#0,"""Unset Potential_77"""
item_DamageInvalidAll_3#0,"""Unset Potential_78"""
item_DamageInvalidAll_4#0,"""Unset Potential_79"""
item_DamageInvalidAll_5#0,"""Unset Potential_80"""
item_SaveUpperTrap_1#0,"""Trap Expert Lv.1"""
item_SaveUpperTrap_2#0,"""Trap Expert Lv.2"""
item_SaveUpperTrap_3#0,"""Trap Expert Lv.3"""
item_SaveUpperTrap_4#0,"""Trap Expert Lv.4"""
item_SaveUpperTrap_5#0,"""Trap Expert Lv.5"""
item_SavePoisonTrap_1#0,"""Unset Potential_86"""
item_SavePoisonTrap_2#0,"""Unset Potential_87"""
item_SavePoisonTrap_3#0,"""Unset Potential_88"""
item_SavePoisonTrap_4#0,"""Unset Potential_89"""
item_SavePoisonTrap_5#0,"""Unset Potential_90"""
item_SaveStanGrenade_1#0,"""Unset Potential_91"""
item_SaveStanGrenade_2#0,"""Unset Potential_92"""
item_SaveStanGrenade_3#0,"""Unset Potential_93"""
item_SaveStanGrenade_4#0,"""Unset Potential_94"""
item_SaveStanGrenade_5#0,"""Unset Potential_95"""
item_JustGuardStan_1#0,"""Unset Potential_96"""
item_JustGuardStan_2#0,"""Unset Potential_97"""
item_JustGuardStan_3#0,"""Unset Potential_98"""
item_JustGuardStan_4#0,"""Unset Potential_99"""
item_JustGuardStan_5#0,"""Unset Potential_100"""
item_JustAttackStan_1#0,"""Zenith of Timing Lv.1"""
item_JustAttackStan_2#0,"""Zenith of Timing Lv.2"""
item_JustAttackStan_3#0,"""Zenith of Timing Lv.3"""
item_JustAttackStan_4#0,"""Zenith of Timing Lv.4"""
item_JustAttackStan_5#0,"""Zenith of Timing Lv.5"""
item_MagTAProb_1#0,"""Unset Potential_106"""
item_MagTAProb_2#0,"""Unset Potential_107"""
item_MagTAProb_3#0,"""Unset Potential_108"""
item_MagTAProb_4#0,"""Unset Potential_109"""
item_MagTAProb_5#0,"""Unset Potential_110"""
item_MagAAShort_1#0,"""Automated Machinery Lv.1"""
item_MagAAShort_2#0,"""Automated Machinery Lv.2"""
item_MagAAShort_3#0,"""Automated Machinery Lv.3"""
item_MagAAShort_4#0,"""Automated Machinery Lv.4"""
item_MagAAShort_5#0,"""Automated Machinery Lv.5"""
item_MagAAUp_1#0,"""Unset Potential_116"""
item_MagAAUp_2#0,"""Unset Potential_117"""
item_MagAAUp_3#0,"""Unset Potential_118"""
item_MagAAUp_4#0,"""Unset Potential_119"""
item_MagAAUp_5#0,"""Unset Potential_120"""
item_PPSlayer1_1#0,"""Exhausted Ambition Lv.1"""
item_PPSlayer1_2#0,"""Exhausted Ambition Lv.2"""
item_PPSlayer1_3#0,"""Exhausted Ambition Lv.3"""
item_PPSlayer1_4#0,"""Exhausted Ambition Lv.4"""
item_PPSlayer1_5#0,"""Exhausted Ambition Lv.5"""
item_CriticalAbnormalUp_1#0,"""Unset Potential_126"""
item_CriticalAbnormalUp_2#0,"""Unset Potential_127"""
item_CriticalAbnormalUp_3#0,"""Unset Potential_128"""
item_CriticalAbnormalUp_4#0,"""Unset Potential_129"""
item_CriticalAbnormalUp_5#0,"""Unset Potential_130"""
item_JustAttackAbnormalUp_1#0,"""Unset Potential_131"""
item_JustAttackAbnormalUp_2#0,"""Unset Potential_132"""
item_JustAttackAbnormalUp_3#0,"""Unset Potential_133"""
item_JustAttackAbnormalUp_4#0,"""Unset Potential_134"""
item_JustAttackAbnormalUp_5#0,"""Unset Potential_135"""
item_JustGuardDamageUp_1#0,"""Dynamic Reflection Lv.1"""
item_JustGuardDamageUp_2#0,"""Dynamic Reflection Lv.2"""
item_JustGuardDamageUp_3#0,"""Dynamic Reflection Lv.3"""
item_JustGuardDamageUp_4#0,"""Dynamic Reflection Lv.4"""
item_JustGuardDamageUp_5#0,"""Dynamic Reflection Lv.5"""
item_GearPointAmplifier_1#0,"""Battle Awakening Lv.1"""
item_GearPointAmplifier_2#0,"""Battle Awakening Lv.2"""
item_GearPointAmplifier_3#0,"""Battle Awakening Lv.3"""
item_GearPointAmplifier_4#0,"""Battle Awakening Lv.4"""
item_GearPointAmplifier_5#0,"""Battle Awakening Lv.5"""
item_WeatherDamageUpFine_1#0,"""Great Sun Deity Lv.1"""
item_WeatherDamageUpFine_2#0,"""Great Sun Deity Lv.2"""
item_WeatherDamageUpFine_3#0,"""Great Sun Deity Lv.3"""
item_WeatherDamageUpFine_4#0,"""Great Sun Deity Lv.4"""
item_WeatherDamageUpFine_5#0,"""Great Sun Deity Lv.5"""
item_WeatherDamageUpAurora_1#0,"""Aurora Blessing Lv.1"""
item_WeatherDamageUpAurora_2#0,"""Aurora Blessing Lv.2"""
item_WeatherDamageUpAurora_3#0,"""Aurora Blessing Lv.3"""
item_WeatherDamageUpAurora_4#0,"""Aurora Blessing Lv.4"""
item_WeatherDamageUpAurora_5#0,"""Aurora Blessing Lv.5"""
item_WeatherDamageUpMeteor_1#0,"""Meteor Blessing Lv.1"""
item_WeatherDamageUpMeteor_2#0,"""Meteor Blessing Lv.2"""
item_WeatherDamageUpMeteor_3#0,"""Meteor Blessing Lv.3"""
item_WeatherDamageUpMeteor_4#0,"""Meteor Blessing Lv.4"""
item_WeatherDamageUpMeteor_5#0,"""Meteor Blessing Lv.5"""
item_BurningHearts_1#0,"""Burning Hearts Lv.1"""
item_BurningHearts_2#0,"""Burning Hearts Lv.2"""
item_BurningHearts_3#0,"""Burning Hearts Lv.3"""
item_BurningHearts_4#0,"""Burning Hearts Lv.4"""
item_BurningHearts_5#0,"""Burning Hearts Lv.5"""
item_SacrificeUP_1#0,"""Sacrificial Inspiration Lv.1"""
item_SacrificeUP_2#0,"""Sacrificial Inspiration Lv.2"""
item_SacrificeUP_3#0,"""Sacrificial Inspiration Lv.3"""
item_SacrificeUP_4#0,"""Sacrificial Inspiration Lv.4"""
item_SacrificeUP_5#0,"""Sacrificial Inspiration Lv.5"""
item_CrazyHeartBonus_1#0,"""Adverse Vanity Lv.1"""
item_CrazyHeartBonus_2#0,"""Adverse Vanity Lv.2"""
item_CrazyHeartBonus_3#0,"""Adverse Vanity Lv.3"""
item_CrazyHeartBonus_4#0,"""Adverse Vanity Lv.4"""
item_CrazyHeartBonus_5#0,"""Adverse Vanity Lv.5"""
item_CrazyBeatBonus_1#0,"""Adverse Field Lv.1"""
item_CrazyBeatBonus_2#0,"""Adverse Field Lv.2"""
item_CrazyBeatBonus_3#0,"""Adverse Field Lv.3"""
item_CrazyBeatBonus_4#0,"""Adverse Field Lv.4"""
item_CrazyBeatBonus_5#0,"""Adverse Field Lv.5"""
item_TacticsTrapBonus_1#0,"""Tactics Trap Bonus Lv.1"""
item_TacticsTrapBonus_2#0,"""Tactics Trap Bonus Lv.2"""
item_TacticsTrapBonus_3#0,"""Tactics Trap Bonus Lv.3"""
item_TacticsTrapBonus_4#0,"""Tactics Trap Bonus Lv.4"""
item_TacticsTrapBonus_5#0,"""Tactics Trap Bonus Lv.5"""
item_PerfectKeeperUP_1#0,"""Perfect Calamity Lv.1"""
item_PerfectKeeperUP_2#0,"""Perfect Calamity Lv.2"""
item_PerfectKeeperUP_3#0,"""Perfect Calamity Lv.3"""
item_PerfectKeeperUP_4#0,"""Perfect Calamity Lv.4"""
item_PerfectKeeperUP_5#0,"""Perfect Calamity Lv.5"""
item_SRollJustAttackBonus_1#0,"""Instant Dismissal Lv.1"""
item_SRollJustAttackBonus_2#0,"""Instant Dismissal Lv.2"""
item_SRollJustAttackBonus_3#0,"""Instant Dismissal Lv.3"""
item_SRollJustAttackBonus_4#0,"""Instant Dismissal Lv.4"""
item_SRollJustAttackBonus_5#0,"""Instant Dismissal Lv.5"""
item_FreezeIgnitionUP_1#0,"""Freeze Ignition Up Lv.1"""
item_FreezeIgnitionUP_2#0,"""Freeze Ignition Up Lv.2"""
item_FreezeIgnitionUP_3#0,"""Freeze Ignition Up Lv.3"""
item_FreezeIgnitionUP_4#0,"""Freeze Ignition Up Lv.4"""
item_FreezeIgnitionUP_5#0,"""Freeze Ignition Up Lv.5"""
item_PhotonFlareBoostUP_1#0,"""Extended Circuit Lv.1"""
item_PhotonFlareBoostUP_2#0,"""Extended Circuit Lv.2"""
item_PhotonFlareBoostUP_3#0,"""Extended Circuit Lv.3"""
item_PhotonFlareBoostUP_4#0,"""Extended Circuit Lv.4"""
item_PhotonFlareBoostUP_5#0,"""Extended Circuit Lv.5"""
item_PowerWandUP_1#0,"""Solidified Intellect Lv.1"""
item_PowerWandUP_2#0,"""Solidified Intellect Lv.2"""
item_PowerWandUP_3#0,"""Solidified Intellect Lv.3"""
item_PowerWandUP_4#0,"""Solidified Intellect Lv.4"""
item_PowerWandUP_5#0,"""Solidified Intellect Lv.5"""
item_PoisonIgnitionUP_1#0,"""Poison Ignition Up Lv.1"""
item_PoisonIgnitionUP_2#0,"""Poison Ignition Up Lv.2"""
item_PoisonIgnitionUP_3#0,"""Poison Ignition Up Lv.3"""
item_PoisonIgnitionUP_4#0,"""Poison Ignition Up Lv.4"""
item_PoisonIgnitionUP_5#0,"""Poison Ignition Up Lv.5"""
item_AverageStanceUP_1#0,"""Judgment Time Lv.1"""
item_AverageStanceUP_2#0,"""Judgment Time Lv.2"""
item_AverageStanceUP_3#0,"""Judgment Time Lv.3"""
item_AverageStanceUP_4#0,"""Judgment Time Lv.4"""
item_AverageStanceUP_5#0,"""Judgment Time Lv.5"""
item_WeakStanceUP_1#0,"""Precision Stance Lv.1"""
item_WeakStanceUP_2#0,"""Precision Stance Lv.2"""
item_WeakStanceUP_3#0,"""Precision Stance Lv.3"""
item_WeakStanceUP_4#0,"""Precision Stance Lv.4"""
item_WeakStanceUP_5#0,"""Precision Stance Lv.5"""
item_CombatJABonusUP_1#0,"""Judgment Lv.1"""
item_CombatJABonusUP_2#0,"""Judgment Lv.2"""
item_CombatJABonusUP_3#0,"""Judgment Lv.3"""
item_CombatJABonusUP_4#0,"""Judgment Lv.4"""
item_CombatJABonusUP_5#0,"""Judgment Lv.5"""
item_ShortTimeBonusUP_1#0,"""Deadly Breeze Lv.1"""
item_ShortTimeBonusUP_2#0,"""Deadly Breeze Lv.2"""
item_ShortTimeBonusUP_3#0,"""Deadly Breeze Lv.3"""
item_ShortTimeBonusUP_4#0,"""Deadly Breeze Lv.4"""
item_ShortTimeBonusUP_5#0,"""Deadly Breeze Lv.5"""
item_FrozenShooter_1#0,"""Frozen Shooter Lv.1"""
item_FrozenShooter_2#0,"""Frozen Shooter Lv.2"""
item_FrozenShooter_3#0,"""Frozen Shooter Lv.3"""
item_FrozenShooter_4#0,"""Frozen Shooter Lv.4"""
item_FrozenShooter_5#0,"""Frozen Shooter Lv.5"""
item_ConditionBurn_1#0,"""Pursuit of Flame Lv.1"""
item_ConditionBurn_2#0,"""Pursuit of Flame Lv.2"""
item_ConditionBurn_3#0,"""Pursuit of Flame Lv.3"""
item_ConditionBurn_4#0,"""Pursuit of Flame Lv.4"""
item_ConditionBurn_5#0,"""Pursuit of Flame Lv.5"""
item_ConditionFreeze_1#0,"""Shackles of Ice Lv.1"""
item_ConditionFreeze_2#0,"""Shackles of Ice Lv.2"""
item_ConditionFreeze_3#0,"""Shackles of Ice Lv.3"""
item_ConditionFreeze_4#0,"""Shackles of Ice Lv.4"""
item_ConditionFreeze_5#0,"""Shackles of Ice Lv.5"""
item_ConditionShock_1#0,"""Chains of Lightning Lv.1"""
item_ConditionShock_2#0,"""Chains of Lightning Lv.2"""
item_ConditionShock_3#0,"""Chains of Lightning Lv.3"""
item_ConditionShock_4#0,"""Chains of Lightning Lv.4"""
item_ConditionShock_5#0,"""Chains of Lightning Lv.5"""
item_ConditionPoison_1#0,"""Festering Poison Lv.1"""
item_ConditionPoison_2#0,"""Festering Poison Lv.2"""
item_ConditionPoison_3#0,"""Festering Poison Lv.3"""
item_ConditionPoison_4#0,"""Festering Poison Lv.4"""
item_ConditionPoison_5#0,"""Festering Poison Lv.5"""
item_GuardStanceUpNew_1#0,"""Defensive Stance Lv.1"""
item_GuardStanceUpNew_2#0,"""Defensive Stance Lv.2"""
item_GuardStanceUpNew_3#0,"""Defensive Stance Lv.3"""
item_GuardStanceUpNew_4#0,"""Defensive Stance Lv.4"""
item_GuardStanceUpNew_5#0,"""Defensive Stance Lv.5"""
item_AutoRegenerate_1#0,"""Breath of Life Lv.1"""
item_AutoRegenerate_2#0,"""Breath of Life Lv.2"""
item_AutoRegenerate_3#0,"""Breath of Life Lv.3"""
item_AutoRegenerate_4#0,"""Breath of Life Lv.4"""
item_AutoRegenerate_5#0,"""Breath of Life Lv.5"""
item_GunnerAttackPPRestraint2_1#0,"""Spirit Radiance Lv.1"""
item_GunnerAttackPPRestraint2_2#0,"""Spirit Radiance Lv.2"""
item_GunnerAttackPPRestraint2_3#0,"""Spirit Radiance Lv.3"""
item_GunnerAttackPPRestraint2_4#0,"""Spirit Radiance Lv.4"""
item_GunnerAttackPPRestraint2_5#0,"""Spirit Radiance Lv.5"""
item_JustAttackBonus2_1#0,"""Immediate Ruin Lv.1"""
item_JustAttackBonus2_2#0,"""Immediate Ruin Lv.2"""
item_JustAttackBonus2_3#0,"""Immediate Ruin Lv.3"""
item_JustAttackBonus2_4#0,"""Immediate Ruin Lv.4"""
item_JustAttackBonus2_5#0,"""Immediate Ruin Lv.5"""
item_TechJustAttackBonus2_1#0,"""Immediate Decree Lv.1"""
item_TechJustAttackBonus2_2#0,"""Immediate Decree Lv.2"""
item_TechJustAttackBonus2_3#0,"""Immediate Decree Lv.3"""
item_TechJustAttackBonus2_4#0,"""Immediate Decree Lv.4"""
item_TechJustAttackBonus2_5#0,"""Immediate Decree Lv.5"""
item_TechTranslation_Power_1#0,"""Tuning Conversion Lv.1"""
item_TechTranslation_Power_2#0,"""Tuning Conversion Lv.2"""
item_TechTranslation_Power_3#0,"""Tuning Conversion Lv.3"""
item_TechTranslation_Power_4#0,"""Tuning Conversion Lv.4"""
item_TechTranslation_Power_5#0,"""Tuning Conversion Lv.5"""
item_TechTranslation_Shoot_1#0,"""Harmonic Conversion Lv.1"""
item_TechTranslation_Shoot_2#0,"""Harmonic Conversion Lv.2"""
item_TechTranslation_Shoot_3#0,"""Harmonic Conversion Lv.3"""
item_TechTranslation_Shoot_4#0,"""Harmonic Conversion Lv.4"""
item_TechTranslation_Shoot_5#0,"""Harmonic Conversion Lv.5"""
item_JustReversalBonus_1#0,"""Revival Reversal Lv.1"""
item_JustReversalBonus_2#0,"""Revival Reversal Lv.2"""
item_JustReversalBonus_3#0,"""Revival Reversal Lv.3"""
item_JustReversalBonus_4#0,"""Revival Reversal Lv.4"""
item_JustReversalBonus_5#0,"""Revival Reversal Lv.5"""
item_DamagePPRecover_1#0,"""Spirit Reversal Lv.1"""
item_DamagePPRecover_2#0,"""Spirit Reversal Lv.2"""
item_DamagePPRecover_3#0,"""Spirit Reversal Lv.3"""
item_DamagePPRecover_4#0,"""Spirit Reversal Lv.4"""
item_DamagePPRecover_5#0,"""Spirit Reversal Lv.5"""
item_KlothoMesetaUp_1#0,"""Golden Rule Lv.1"""
item_KlothoMesetaUp_2#0,"""Golden Rule Lv.2"""
item_KlothoMesetaUp_3#0,"""Golden Rule Lv.3"""
item_KlothoMesetaUp_4#0,"""Golden Rule Lv.4"""
item_KlothoMesetaUp_5#0,"""Golden Rule Lv.5"""
item_IoExperienceUp_1#0,"""Pure Hard Work Lv.1"""
item_IoExperienceUp_2#0,"""Pure Hard Work Lv.2"""
item_IoExperienceUp_3#0,"""Pure Hard Work Lv.3"""
item_IoExperienceUp_4#0,"""Pure Hard Work Lv.4"""
item_IoExperienceUp_5#0,"""Pure Hard Work Lv.5"""
item_NoAssign#0,"""Unset Potential"""
item_FuryStanceUpHuey_1#0,"""Zealous Heart Lv.1"""
item_FuryStanceUpHuey_2#0,"""Zealous Heart Lv.2"""
item_FuryStanceUpHuey_3#0,"""Zealous Heart Lv.3"""
item_FuryStanceUpHuey_4#0,"""Zealous Heart Lv.4"""
item_FuryStanceUpHuey_5#0,"""Zealous Heart Lv.5"""
item_BraveStanceUp3_1#0,"""Valorous Stance Lv.1"""
item_BraveStanceUp3_2#0,"""Valorous Stance Lv.2"""
item_BraveStanceUp3_3#0,"""Valorous Stance Lv.3"""
item_BraveStanceUp3_4#0,"""Valorous Stance Lv.4"""
item_BraveStanceUp3_5#0,"""Valorous Stance Lv.5"""
item_DeadlineSlayer2_1#0,"""Demonic Flash Lv.1"""
item_DeadlineSlayer2_2#0,"""Demonic Flash Lv.2"""
item_DeadlineSlayer2_3#0,"""Demonic Flash Lv.3"""
item_DeadlineSlayer2_4#0,"""Demonic Flash Lv.4"""
item_DeadlineSlayer2_5#0,"""Demonic Flash Lv.5"""
item_WeakSnipeBonus2_1#0,"""Piercing Eye Lv.1"""
item_WeakSnipeBonus2_2#0,"""Piercing Eye Lv.2"""
item_WeakSnipeBonus2_3#0,"""Piercing Eye Lv.3"""
item_WeakSnipeBonus2_4#0,"""Piercing Eye Lv.4"""
item_WeakSnipeBonus2_5#0,"""Piercing Eye Lv.5"""
item_WeakSnipeBonus3_1#0,"""Exact Median Lv.1"""
item_WeakSnipeBonus3_2#0,"""Exact Median Lv.2"""
item_WeakSnipeBonus3_3#0,"""Exact Median Lv.3"""
item_WeakSnipeBonus3_4#0,"""Exact Median Lv.4"""
item_WeakSnipeBonus3_5#0,"""Exact Median Lv.5"""
item_TechChargeBonus2_1#0,"""Form's Pledge Lv.1"""
item_TechChargeBonus2_2#0,"""Form's Pledge Lv.2"""
item_TechChargeBonus2_3#0,"""Form's Pledge Lv.3"""
item_TechChargeBonus2_4#0,"""Form's Pledge Lv.4"""
item_TechChargeBonus2_5#0,"""Form's Pledge Lv.5"""
item_MasteryFire2_1#0,"""Flame Crystal Lv.1"""
item_MasteryFire2_2#0,"""Flame Crystal Lv.2"""
item_MasteryFire2_3#0,"""Flame Crystal Lv.3"""
item_MasteryFire2_4#0,"""Flame Crystal Lv.4"""
item_MasteryFire2_5#0,"""Flame Crystal Lv.5"""
item_IceTechnicShortCharge_1#0,"""Frozen Seal Lv.1"""
item_IceTechnicShortCharge_2#0,"""Frozen Seal Lv.2"""
item_IceTechnicShortCharge_3#0,"""Frozen Seal Lv.3"""
item_IceTechnicShortCharge_4#0,"""Frozen Seal Lv.4"""
item_IceTechnicShortCharge_5#0,"""Frozen Seal Lv.5"""
item_ThunderTechnicShortCharge_1#0,"""Thunder Seal Lv.1"""
item_ThunderTechnicShortCharge_2#0,"""Thunder Seal Lv.2"""
item_ThunderTechnicShortCharge_3#0,"""Thunder Seal Lv.3"""
item_ThunderTechnicShortCharge_4#0,"""Thunder Seal Lv.4"""
item_ThunderTechnicShortCharge_5#0,"""Thunder Seal Lv.5"""
item_WindTechnicShortCharge_1#0,"""Wind's Whisper Lv.1"""
item_WindTechnicShortCharge_2#0,"""Wind's Whisper Lv.2"""
item_WindTechnicShortCharge_3#0,"""Wind's Whisper Lv.3"""
item_WindTechnicShortCharge_4#0,"""Wind's Whisper Lv.4"""
item_WindTechnicShortCharge_5#0,"""Wind's Whisper Lv.5"""
item_LightTechnicShortCharge_1#0,"""Moonlit Prayer Lv.1"""
item_LightTechnicShortCharge_2#0,"""Moonlit Prayer Lv.2"""
item_LightTechnicShortCharge_3#0,"""Moonlit Prayer Lv.3"""
item_LightTechnicShortCharge_4#0,"""Moonlit Prayer Lv.4"""
item_LightTechnicShortCharge_5#0,"""Moonlit Prayer Lv.5"""
item_DarkTechnicShortCharge_1#0,"""Diabolic Game Lv.1"""
item_DarkTechnicShortCharge_2#0,"""Diabolic Game Lv.2"""
item_DarkTechnicShortCharge_3#0,"""Diabolic Game Lv.3"""
item_DarkTechnicShortCharge_4#0,"""Diabolic Game Lv.4"""
item_DarkTechnicShortCharge_5#0,"""Diabolic Game Lv.5"""
item_MasteryIce2_1#0,"""Arctic Crystal Lv.1"""
item_MasteryIce2_2#0,"""Arctic Crystal Lv.2"""
item_MasteryIce2_3#0,"""Arctic Crystal Lv.3"""
item_MasteryIce2_4#0,"""Arctic Crystal Lv.4"""
item_MasteryIce2_5#0,"""Arctic Crystal Lv.5"""
item_MasteryIce3_1#0,"""Glacial Crystal Lv.1"""
item_MasteryIce3_2#0,"""Glacial Crystal Lv.2"""
item_MasteryIce3_3#0,"""Glacial Crystal Lv.3"""
item_MasteryIce3_4#0,"""Glacial Crystal Lv.4"""
item_MasteryIce3_5#0,"""Glacial Crystal Lv.5"""
item_MasteryLightning2_1#0,"""Lightning Crystal Lv.1"""
item_MasteryLightning2_2#0,"""Lightning Crystal Lv.2"""
item_MasteryLightning2_3#0,"""Lightning Crystal Lv.3"""
item_MasteryLightning2_4#0,"""Lightning Crystal Lv.4"""
item_MasteryLightning2_5#0,"""Lightning Crystal Lv.5"""
item_ElementalWeakPoint3_1#0,"""New-Type's Oath Lv.1"""
item_ElementalWeakPoint3_2#0,"""New-Type's Oath Lv.2"""
item_ElementalWeakPoint3_3#0,"""New-Type's Oath Lv.3"""
item_ElementalWeakPoint3_4#0,"""New-Type's Oath Lv.4"""
item_ElementalWeakPoint3_5#0,"""New-Type's Oath Lv.5"""
item_MasteryLight2_1#0,"""Moonlit Emperor Lv.1"""
item_MasteryLight2_2#0,"""Moonlit Emperor Lv.2"""
item_MasteryLight2_3#0,"""Moonlit Emperor Lv.3"""
item_MasteryLight2_4#0,"""Moonlit Emperor Lv.4"""
item_MasteryLight2_5#0,"""Moonlit Emperor Lv.5"""
item_MasteryDark2_1#0,"""Diabolic Laughter Lv.1"""
item_MasteryDark2_2#0,"""Diabolic Laughter Lv.2"""
item_MasteryDark2_3#0,"""Diabolic Laughter Lv.3"""
item_MasteryDark2_4#0,"""Diabolic Laughter Lv.4"""
item_MasteryDark2_5#0,"""Diabolic Laughter Lv.5"""
item_MasteryWind2_1#0,"""Boreas' Tyranny Lv.1"""
item_MasteryWind2_2#0,"""Boreas' Tyranny Lv.2"""
item_MasteryWind2_3#0,"""Boreas' Tyranny Lv.3"""
item_MasteryWind2_4#0,"""Boreas' Tyranny Lv.4"""
item_MasteryWind2_5#0,"""Boreas' Tyranny Lv.5"""
item_MasteryWind3_1#0,"""Hurricane Crystal Lv.1"""
item_MasteryWind3_2#0,"""Hurricane Crystal Lv.2"""
item_MasteryWind3_3#0,"""Hurricane Crystal Lv.3"""
item_MasteryWind3_4#0,"""Hurricane Crystal Lv.4"""
item_MasteryWind3_5#0,"""Hurricane Crystal Lv.5"""
item_BreakStanceUp_1#0,"""Rending Stance Lv.1"""
item_BreakStanceUp_2#0,"""Rending Stance Lv.2"""
item_BreakStanceUp_3#0,"""Rending Stance Lv.3"""
item_BreakStanceUp_4#0,"""Rending Stance Lv.4"""
item_BreakStanceUp_5#0,"""Rending Stance Lv.5"""
item_BreakStanceUp2_1#0,"""Warbreaker Stance Lv.1"""
item_BreakStanceUp2_2#0,"""Warbreaker Stance Lv.2"""
item_BreakStanceUp2_3#0,"""Warbreaker Stance Lv.3"""
item_BreakStanceUp2_4#0,"""Warbreaker Stance Lv.4"""
item_BreakStanceUp2_5#0,"""Warbreaker Stance Lv.5"""
item_ElementalStanceUp_1#0,"""Warsage Stance Lv.1"""
item_ElementalStanceUp_2#0,"""Warsage Stance Lv.2"""
item_ElementalStanceUp_3#0,"""Warsage Stance Lv.3"""
item_ElementalStanceUp_4#0,"""Warsage Stance Lv.4"""
item_ElementalStanceUp_5#0,"""Warsage Stance Lv.5"""
item_ElementalStanceUp2_1#0,"""Brave Sage Stance Lv.1"""
item_ElementalStanceUp2_2#0,"""Brave Sage Stance Lv.2"""
item_ElementalStanceUp2_3#0,"""Brave Sage Stance Lv.3"""
item_ElementalStanceUp2_4#0,"""Brave Sage Stance Lv.4"""
item_ElementalStanceUp2_5#0,"""Brave Sage Stance Lv.5"""
item_ElementalStanceUp3_1#0,""" Lv.1"""
item_ElementalStanceUp3_2#0,""" Lv.2"""
item_ElementalStanceUp3_3#0,""" Lv.3"""
item_ElementalStanceUp3_4#0,""" Lv.4"""
item_ElementalStanceUp3_5#0,""" Lv.5"""
item_PhotonblastEnhancement_1#0,"""Phantasmal Resonance Lv.1"""
item_PhotonblastEnhancement_2#0,"""Phantasmal Resonance Lv.2"""
item_PhotonblastEnhancement_3#0,"""Phantasmal Resonance Lv.3"""
item_PhotonblastEnhancement_4#0,"""Phantasmal Resonance Lv.4"""
item_PhotonblastEnhancement_5#0,"""Phantasmal Resonance Lv.5"""
item_ReducingDamageToHp3_1#0,"""Fatal Slash Lv.1"""
item_ReducingDamageToHp3_2#0,"""Fatal Slash Lv.2"""
item_ReducingDamageToHp3_3#0,"""Fatal Slash Lv.3"""
item_ReducingDamageToHp3_4#0,"""Fatal Slash Lv.4"""
item_ReducingDamageToHp3_5#0,"""Fatal Slash Lv.5"""
item_DamageBonusTitanBlack_1#0,"""Kuronite Devourer Lv.1"""
item_DamageBonusTitanBlack_2#0,"""Kuronite Devourer Lv.2"""
item_DamageBonusTitanBlack_3#0,"""Kuronite Devourer Lv.3"""
item_DamageBonusTitanBlack_4#0,"""Kuronite Devourer Lv.4"""
item_DamageBonusTitanBlack_5#0,"""Kuronite Devourer Lv.5"""
item_DamageCutTitanBlack_1#0,"""Kuronite Seal Lv.1"""
item_DamageCutTitanBlack_2#0,"""Kuronite Seal Lv.2"""
item_DamageCutTitanBlack_3#0,"""Kuronite Seal Lv.3"""
item_DamageCutTitanBlack_4#0,"""Kuronite Seal Lv.4"""
item_DamageCutTitanBlack_5#0,"""Kuronite Seal Lv.5"""
item_PADamageUpSwordPA9_1#0,"""Sinbreak Blade Lv.1"""
item_PADamageUpSwordPA9_2#0,"""Sinbreak Blade Lv.2"""
item_PADamageUpSwordPA9_3#0,"""Sinbreak Blade Lv.3"""
item_PADamageUpSwordPA9_4#0,"""Sinbreak Blade Lv.4"""
item_PADamageUpSwordPA9_5#0,"""Sinbreak Blade Lv.5"""
item_PADamageUpSwordPA11_1#0,"""Blazing Blade Lv.1"""
item_PADamageUpSwordPA11_2#0,"""Blazing Blade Lv.2"""
item_PADamageUpSwordPA11_3#0,"""Blazing Blade Lv.3"""
item_PADamageUpSwordPA11_4#0,"""Blazing Blade Lv.4"""
item_PADamageUpSwordPA11_5#0,"""Blazing Blade Lv.5"""
item_PADamageUpWlancePA9_1#0,"""Furious Grasp Lv.1"""
item_PADamageUpWlancePA9_2#0,"""Furious Grasp Lv.2"""
item_PADamageUpWlancePA9_3#0,"""Furious Grasp Lv.3"""
item_PADamageUpWlancePA9_4#0,"""Furious Grasp Lv.4"""
item_PADamageUpWlancePA9_5#0,"""Furious Grasp Lv.5"""
item_PADamageUpWlancePA10_1#0,"""Imperial Grasp Lv.1"""
item_PADamageUpWlancePA10_2#0,"""Imperial Grasp Lv.2"""
item_PADamageUpWlancePA10_3#0,"""Imperial Grasp Lv.3"""
item_PADamageUpWlancePA10_4#0,"""Imperial Grasp Lv.4"""
item_PADamageUpWlancePA10_5#0,"""Imperial Grasp Lv.5"""
item_PADamageUpPartisanPA9_1#0,"""Sacred Spear Lv.1"""
item_PADamageUpPartisanPA9_2#0,"""Sacred Spear Lv.2"""
item_PADamageUpPartisanPA9_3#0,"""Sacred Spear Lv.3"""
item_PADamageUpPartisanPA9_4#0,"""Sacred Spear Lv.4"""
item_PADamageUpPartisanPA9_5#0,"""Sacred Spear Lv.5"""
item_PADamageUpTdaggerPA9_1#0,"""Bloody Flash Lv.1"""
item_PADamageUpTdaggerPA9_2#0,"""Bloody Flash Lv.2"""
item_PADamageUpTdaggerPA9_3#0,"""Bloody Flash Lv.3"""
item_PADamageUpTdaggerPA9_4#0,"""Bloody Flash Lv.4"""
item_PADamageUpTdaggerPA9_5#0,"""Bloody Flash Lv.5"""
item_PADamageUpTdaggerPA10_1#0,"""Lunatic Slasher Lv.1"""
item_PADamageUpTdaggerPA10_2#0,"""Lunatic Slasher Lv.2"""
item_PADamageUpTdaggerPA10_3#0,"""Lunatic Slasher Lv.3"""
item_PADamageUpTdaggerPA10_4#0,"""Lunatic Slasher Lv.4"""
item_PADamageUpTdaggerPA10_5#0,"""Lunatic Slasher Lv.5"""
item_PADamageUpKnucklePA9_1#0,"""Reverse Strike Lv.1"""
item_PADamageUpKnucklePA9_2#0,"""Reverse Strike Lv.2"""
item_PADamageUpKnucklePA9_3#0,"""Reverse Strike Lv.3"""
item_PADamageUpKnucklePA9_4#0,"""Reverse Strike Lv.4"""
item_PADamageUpKnucklePA9_5#0,"""Reverse Strike Lv.5"""
item_PADamageUpRiflePA9_1#0,"""Evasive Shot Lv.1"""
item_PADamageUpRiflePA9_2#0,"""Evasive Shot Lv.2"""
item_PADamageUpRiflePA9_3#0,"""Evasive Shot Lv.3"""
item_PADamageUpRiflePA9_4#0,"""Evasive Shot Lv.4"""
item_PADamageUpRiflePA9_5#0,"""Evasive Shot Lv.5"""
item_PADamageUpRiflePA10_1#0,"""Divine Wrath Lv.1"""
item_PADamageUpRiflePA10_2#0,"""Divine Wrath Lv.2"""
item_PADamageUpRiflePA10_3#0,"""Divine Wrath Lv.3"""
item_PADamageUpRiflePA10_4#0,"""Divine Wrath Lv.4"""
item_PADamageUpRiflePA10_5#0,"""Divine Wrath Lv.5"""
item_PADamageUpLauncherPA9_1#0,"""Hellfire Cannon Lv.1"""
item_PADamageUpLauncherPA9_2#0,"""Hellfire Cannon Lv.2"""
item_PADamageUpLauncherPA9_3#0,"""Hellfire Cannon Lv.3"""
item_PADamageUpLauncherPA9_4#0,"""Hellfire Cannon Lv.4"""
item_PADamageUpLauncherPA9_5#0,"""Hellfire Cannon Lv.5"""
item_PADamageUpLauncherPA10_1#0,"""Regularity Breaker Lv.1"""
item_PADamageUpLauncherPA10_2#0,"""Regularity Breaker Lv.2"""
item_PADamageUpLauncherPA10_3#0,"""Regularity Breaker Lv.3"""
item_PADamageUpLauncherPA10_4#0,"""Regularity Breaker Lv.4"""
item_PADamageUpLauncherPA10_5#0,"""Regularity Breaker Lv.5"""
item_PADamageUpLauncherPA11_1#0,"""Divine Eraser Lv.1"""
item_PADamageUpLauncherPA11_2#0,"""Divine Eraser Lv.2"""
item_PADamageUpLauncherPA11_3#0,"""Divine Eraser Lv.3"""
item_PADamageUpLauncherPA11_4#0,"""Divine Eraser Lv.4"""
item_PADamageUpLauncherPA11_5#0,"""Divine Eraser Lv.5"""
item_PPCutLauncherPA11_1#0,"""Heavenly Eraser Lv.1"""
item_PPCutLauncherPA11_2#0,"""Heavenly Eraser Lv.2"""
item_PPCutLauncherPA11_3#0,"""Heavenly Eraser Lv.3"""
item_PPCutLauncherPA11_4#0,"""Heavenly Eraser Lv.4"""
item_PPCutLauncherPA11_5#0,"""Heavenly Eraser Lv.5"""
item_PADamageUpMachinegunPA9_1#0,"""Fallen Earth Lv.1"""
item_PADamageUpMachinegunPA9_2#0,"""Fallen Earth Lv.2"""
item_PADamageUpMachinegunPA9_3#0,"""Fallen Earth Lv.3"""
item_PADamageUpMachinegunPA9_4#0,"""Fallen Earth Lv.4"""
item_PADamageUpMachinegunPA9_5#0,"""Fallen Earth Lv.5"""
item_PPCutMachinegunPA11_1#0,"""Revolving Step Lv.1"""
item_PPCutMachinegunPA11_2#0,"""Revolving Step Lv.2"""
item_PPCutMachinegunPA11_3#0,"""Revolving Step Lv.3"""
item_PPCutMachinegunPA11_4#0,"""Revolving Step Lv.4"""
item_PPCutMachinegunPA11_5#0,"""Revolving Step Lv.5"""
item_PADamageUpKatanaPA2_1#0,"""Unset Potential"""
item_PADamageUpKatanaPA2_2#0,"""Unset Potential"""
item_PADamageUpKatanaPA2_3#0,"""Unset Potential"""
item_PADamageUpKatanaPA2_4#0,"""Unset Potential"""
item_PADamageUpKatanaPA2_5#0,"""Unset Potential"""
item_PADamageUpKatanaPA3_1#0,"""Blossoming End Lv.1"""
item_PADamageUpKatanaPA3_2#0,"""Blossoming End Lv.2"""
item_PADamageUpKatanaPA3_3#0,"""Blossoming End Lv.3"""
item_PADamageUpKatanaPA3_4#0,"""Blossoming End Lv.4"""
item_PADamageUpKatanaPA3_5#0,"""Blossoming End Lv.5"""
item_PADamageUpKatanaPA4_1#0,"""Brandish Splendor Lv.1"""
item_PADamageUpKatanaPA4_2#0,"""Brandish Splendor Lv.2"""
item_PADamageUpKatanaPA4_3#0,"""Brandish Splendor Lv.3"""
item_PADamageUpKatanaPA4_4#0,"""Brandish Splendor Lv.4"""
item_PADamageUpKatanaPA4_5#0,"""Brandish Splendor Lv.5"""
item_PADamageUpKatanaPA7_1#0,"""Dragon Wave Lv.1"""
item_PADamageUpKatanaPA7_2#0,"""Dragon Wave Lv.2"""
item_PADamageUpKatanaPA7_3#0,"""Dragon Wave Lv.3"""
item_PADamageUpKatanaPA7_4#0,"""Dragon Wave Lv.4"""
item_PADamageUpKatanaPA7_5#0,"""Dragon Wave Lv.5"""
item_PADamageUpKatanaPA9_1#0,"""Blossoming Moon Lv.1"""
item_PADamageUpKatanaPA9_2#0,"""Blossoming Moon Lv.2"""
item_PADamageUpKatanaPA9_3#0,"""Blossoming Moon Lv.3"""
item_PADamageUpKatanaPA9_4#0,"""Blossoming Moon Lv.4"""
item_PADamageUpKatanaPA9_5#0,"""Blossoming Moon Lv.5"""
item_PADamageUpCompoundbowPA1_1#0,"""Clever Arrow Lv.1"""
item_PADamageUpCompoundbowPA1_2#0,"""Clever Arrow Lv.2"""
item_PADamageUpCompoundbowPA1_3#0,"""Clever Arrow Lv.3"""
item_PADamageUpCompoundbowPA1_4#0,"""Clever Arrow Lv.4"""
item_PADamageUpCompoundbowPA1_5#0,"""Clever Arrow Lv.5"""
item_PADamageUpCompoundbowPA2_1#0,"""Raging Arrow Lv.1"""
item_PADamageUpCompoundbowPA2_2#0,"""Raging Arrow Lv.2"""
item_PADamageUpCompoundbowPA2_3#0,"""Raging Arrow Lv.3"""
item_PADamageUpCompoundbowPA2_4#0,"""Raging Arrow Lv.4"""
item_PADamageUpCompoundbowPA2_5#0,"""Raging Arrow Lv.5"""
item_PADamageUpCompoundbowPA5_1#0,"""Divining Arrow Lv.1"""
item_PADamageUpCompoundbowPA5_2#0,"""Divining Arrow Lv.2"""
item_PADamageUpCompoundbowPA5_3#0,"""Divining Arrow Lv.3"""
item_PADamageUpCompoundbowPA5_4#0,"""Divining Arrow Lv.4"""
item_PADamageUpCompoundbowPA5_5#0,"""Divining Arrow Lv.5"""
item_PADamageUpCompoundbowPA7_1#0,"""Final Arrow Lv.1"""
item_PADamageUpCompoundbowPA7_2#0,"""Final Arrow Lv.2"""
item_PADamageUpCompoundbowPA7_3#0,"""Final Arrow Lv.3"""
item_PADamageUpCompoundbowPA7_4#0,"""Final Arrow Lv.4"""
item_PADamageUpCompoundbowPA7_5#0,"""Final Arrow Lv.5"""
item_PADamageUpCompoundbowPA8_1#0,"""Kickdance Arrow Lv.1"""
item_PADamageUpCompoundbowPA8_2#0,"""Kickdance Arrow Lv.2"""
item_PADamageUpCompoundbowPA8_3#0,"""Kickdance Arrow Lv.3"""
item_PADamageUpCompoundbowPA8_4#0,"""Kickdance Arrow Lv.4"""
item_PADamageUpCompoundbowPA8_5#0,"""Kickdance Arrow Lv.5"""
item_PPCutCompoundbowPA11_1#0,"""Stalking Arrow Lv.1"""
item_PPCutCompoundbowPA11_2#0,"""Stalking Arrow Lv.2"""
item_PPCutCompoundbowPA11_3#0,"""Stalking Arrow Lv.3"""
item_PPCutCompoundbowPA11_4#0,"""Stalking Arrow Lv.4"""
item_PPCutCompoundbowPA11_5#0,"""Stalking Arrow Lv.5"""
item_PADamageUpJetbootsPA1_1#0,"""Whirling Collision Lv.1"""
item_PADamageUpJetbootsPA1_2#0,"""Whirling Collision Lv.2"""
item_PADamageUpJetbootsPA1_3#0,"""Whirling Collision Lv.3"""
item_PADamageUpJetbootsPA1_4#0,"""Whirling Collision Lv.4"""
item_PADamageUpJetbootsPA1_5#0,"""Whirling Collision Lv.5"""
item_PADamageUpJetbootsPA2_1#0,"""Instant Revolution Lv.1"""
item_PADamageUpJetbootsPA2_2#0,"""Instant Revolution Lv.2"""
item_PADamageUpJetbootsPA2_3#0,"""Instant Revolution Lv.3"""
item_PADamageUpJetbootsPA2_4#0,"""Instant Revolution Lv.4"""
item_PADamageUpJetbootsPA2_5#0,"""Instant Revolution Lv.5"""
item_PADamageUpJetbootsPA3_1#0,"""Thunderous Outburst Lv.1"""
item_PADamageUpJetbootsPA3_2#0,"""Thunderous Outburst Lv.2"""
item_PADamageUpJetbootsPA3_3#0,"""Thunderous Outburst Lv.3"""
item_PADamageUpJetbootsPA3_4#0,"""Thunderous Outburst Lv.4"""
item_PADamageUpJetbootsPA3_5#0,"""Thunderous Outburst Lv.5"""
item_PADamageUpDbladePA1_1#0,"""Destruction Rook Lv.1"""
item_PADamageUpDbladePA1_2#0,"""Destruction Rook Lv.2"""
item_PADamageUpDbladePA1_3#0,"""Destruction Rook Lv.3"""
item_PADamageUpDbladePA1_4#0,"""Destruction Rook Lv.4"""
item_PADamageUpDbladePA1_5#0,"""Destruction Rook Lv.5"""
item_PADamageUpDbladePA2_1#0,"""Ray Dispersion Lv.1"""
item_PADamageUpDbladePA2_2#0,"""Ray Dispersion Lv.2"""
item_PADamageUpDbladePA2_3#0,"""Ray Dispersion Lv.3"""
item_PADamageUpDbladePA2_4#0,"""Ray Dispersion Lv.4"""
item_PADamageUpDbladePA2_5#0,"""Ray Dispersion Lv.5"""
item_PADamageUpDbladePA3_1#0,"""Rising Phoenix Lv.1"""
item_PADamageUpDbladePA3_2#0,"""Rising Phoenix Lv.2"""
item_PADamageUpDbladePA3_3#0,"""Rising Phoenix Lv.3"""
item_PADamageUpDbladePA3_4#0,"""Rising Phoenix Lv.4"""
item_PADamageUpDbladePA3_5#0,"""Rising Phoenix Lv.5"""
item_PADamageUpDbladePA4_1#0,"""Divine Justice Lv.1"""
item_PADamageUpDbladePA4_2#0,"""Divine Justice Lv.2"""
item_PADamageUpDbladePA4_3#0,"""Divine Justice Lv.3"""
item_PADamageUpDbladePA4_4#0,"""Divine Justice Lv.4"""
item_PADamageUpDbladePA4_5#0,"""Divine Justice Lv.5"""
item_PADamageUpDbladePA5_1#0,"""Startime Wing Lv.1"""
item_PADamageUpDbladePA5_2#0,"""Startime Wing Lv.2"""
item_PADamageUpDbladePA5_3#0,"""Startime Wing Lv.3"""
item_PADamageUpDbladePA5_4#0,"""Startime Wing Lv.4"""
item_PADamageUpDbladePA5_5#0,"""Startime Wing Lv.5"""
item_PADamageUpDbladePA6_1#0,"""Rampaging Falcon Lv.1"""
item_PADamageUpDbladePA6_2#0,"""Rampaging Falcon Lv.2"""
item_PADamageUpDbladePA6_3#0,"""Rampaging Falcon Lv.3"""
item_PADamageUpDbladePA6_4#0,"""Rampaging Falcon Lv.4"""
item_PADamageUpDbladePA6_5#0,"""Rampaging Falcon Lv.5"""
item_WeatherDamageUpIdeograph_1#0,"""Paradise Blessing Lv.1"""
item_WeatherDamageUpIdeograph_2#0,"""Paradise Blessing Lv.2"""
item_WeatherDamageUpIdeograph_3#0,"""Paradise Blessing Lv.3"""
item_WeatherDamageUpIdeograph_4#0,"""Paradise Blessing Lv.4"""
item_WeatherDamageUpIdeograph_5#0,"""Paradise Blessing Lv.5"""
item_CombatJABonusUP2_1#0,"""Judgment Blade Lv.1"""
item_CombatJABonusUP2_2#0,"""Judgment Blade Lv.2"""
item_CombatJABonusUP2_3#0,"""Judgment Blade Lv.3"""
item_CombatJABonusUP2_4#0,"""Judgment Blade Lv.4"""
item_CombatJABonusUP2_5#0,"""Judgment Blade Lv.5"""
item_ShortTimeBonusUP2_1#0,"""Deathstorm Shots Lv.1"""
item_ShortTimeBonusUP2_2#0,"""Deathstorm Shots Lv.2"""
item_ShortTimeBonusUP2_3#0,"""Deathstorm Shots Lv.3"""
item_ShortTimeBonusUP2_4#0,"""Deathstorm Shots Lv.4"""
item_ShortTimeBonusUP2_5#0,"""Deathstorm Shots Lv.5"""
item_BulletPPSave_1#0,"""Magical Assault Lv.1"""
item_BulletPPSave_2#0,"""Magical Assault Lv.2"""
item_BulletPPSave_3#0,"""Magical Assault Lv.3"""
item_BulletPPSave_4#0,"""Magical Assault Lv.4"""
item_BulletPPSave_5#0,"""Magical Assault Lv.5"""
item_SniperPride_1#0,"""Precision Sniping Lv.1"""
item_SniperPride_2#0,"""Precision Sniping Lv.2"""
item_SniperPride_3#0,"""Precision Sniping Lv.3"""
item_SniperPride_4#0,"""Precision Sniping Lv.4"""
item_SniperPride_5#0,"""Precision Sniping Lv.5"""
item_CriticalStrike_1#0,"""Inevitable Strike Lv.1"""
item_CriticalStrike_2#0,"""Inevitable Strike Lv.2"""
item_CriticalStrike_3#0,"""Inevitable Strike Lv.3"""
item_CriticalStrike_4#0,"""Inevitable Strike Lv.4"""
item_CriticalStrike_5#0,"""Inevitable Strike Lv.5"""
item_CriticalStrike2_1#0,"""Unset Potential"""
item_CriticalStrike2_2#0,"""Unset Potential"""
item_CriticalStrike2_3#0,"""Unset Potential"""
item_CriticalStrike2_4#0,"""Unset Potential"""
item_CriticalStrike2_5#0,"""Unset Potential"""
item_HealShare_1#0,"""Benevolent Wind Lv.1"""
item_HealShare_2#0,"""Benevolent Wind Lv.2"""
item_HealShare_3#0,"""Benevolent Wind Lv.3"""
item_HealShare_4#0,"""Benevolent Wind Lv.4"""
item_HealShare_5#0,"""Benevolent Wind Lv.5"""
item_GuardStanceUpNew2_1#0,"""Armor Mastery Lv.1"""
item_GuardStanceUpNew2_2#0,"""Armor Mastery Lv.2"""
item_GuardStanceUpNew2_3#0,"""Armor Mastery Lv.3"""
item_GuardStanceUpNew2_4#0,"""Armor Mastery Lv.4"""
item_GuardStanceUpNew2_5#0,"""Armor Mastery Lv.5"""
item_GuardStanceUpNew3_1#0,"""Full Armor Mastery Lv.1"""
item_GuardStanceUpNew3_2#0,"""Full Armor Mastery Lv.2"""
item_GuardStanceUpNew3_3#0,"""Full Armor Mastery Lv.3"""
item_GuardStanceUpNew3_4#0,"""Full Armor Mastery Lv.4"""
item_GuardStanceUpNew3_5#0,"""Full Armor Mastery Lv.5"""
item_AutoRegenerateKatori_1#0,"""Spring Breeze Lv.1"""
item_AutoRegenerateKatori_2#0,"""Spring Breeze Lv.2"""
item_AutoRegenerateKatori_3#0,"""Spring Breeze Lv.3"""
item_AutoRegenerateKatori_4#0,"""Spring Breeze Lv.4"""
item_AutoRegenerateKatori_5#0,"""Spring Breeze Lv.5"""
item_AutoRegenerateMoa_1#0,"""Swordsman's Spirit Lv.1"""
item_AutoRegenerateMoa_2#0,"""Swordsman's Spirit Lv.2"""
item_AutoRegenerateMoa_3#0,"""Swordsman's Spirit Lv.3"""
item_AutoRegenerateMoa_4#0,"""Swordsman's Spirit Lv.4"""
item_AutoRegenerateMoa_5#0,"""Swordsman's Spirit Lv.5"""
item_JustAttackBonus3_1#0,"""Immediate Attack Lv.1"""
item_JustAttackBonus3_2#0,"""Immediate Attack Lv.2"""
item_JustAttackBonus3_3#0,"""Immediate Attack Lv.3"""
item_JustAttackBonus3_4#0,"""Immediate Attack Lv.4"""
item_JustAttackBonus3_5#0,"""Immediate Attack Lv.5"""
item_JustReversalPPBonus_1#0,"""Mind Reversal Lv.1"""
item_JustReversalPPBonus_2#0,"""Mind Reversal Lv.2"""
item_JustReversalPPBonus_3#0,"""Mind Reversal Lv.3"""
item_JustReversalPPBonus_4#0,"""Mind Reversal Lv.4"""
item_JustReversalPPBonus_5#0,"""Mind Reversal Lv.5"""
item_BrastGaugeDamageUp_1#0,"""Phantasmal Blessing Lv.1"""
item_BrastGaugeDamageUp_2#0,"""Phantasmal Blessing Lv.2"""
item_BrastGaugeDamageUp_3#0,"""Phantasmal Blessing Lv.3"""
item_BrastGaugeDamageUp_4#0,"""Phantasmal Blessing Lv.4"""
item_BrastGaugeDamageUp_5#0,"""Phantasmal Blessing Lv.5"""
item_BrastGaugeDamageUp2_1#0,"""Phantasmal Source Lv.1"""
item_BrastGaugeDamageUp2_2#0,"""Phantasmal Source Lv.2"""
item_BrastGaugeDamageUp2_3#0,"""Phantasmal Source Lv.3"""
item_BrastGaugeDamageUp2_4#0,"""Phantasmal Source Lv.4"""
item_BrastGaugeDamageUp2_5#0,"""Phantasmal Source Lv.5"""
item_AirAttackBurst_1#0,"""Aerial Burst Lv.1"""
item_AirAttackBurst_2#0,"""Aerial Burst Lv.2"""
item_AirAttackBurst_3#0,"""Aerial Burst Lv.3"""
item_AirAttackBurst_4#0,"""Aerial Burst Lv.4"""
item_AirAttackBurst_5#0,"""Aerial Burst Lv.5"""
item_AirAttackBurst3_1#0,"""Soaring Burst Lv.1"""
item_AirAttackBurst3_2#0,"""Soaring Burst Lv.2"""
item_AirAttackBurst3_3#0,"""Soaring Burst Lv.3"""
item_AirAttackBurst3_4#0,"""Soaring Burst Lv.4"""
item_AirAttackBurst3_5#0,"""Soaring Burst Lv.5"""
item_CraftWeaponDamageUp_1#0,"""Craft Mastery Lv.1"""
item_CraftWeaponDamageUp_2#0,"""Craft Mastery Lv.2"""
item_CraftWeaponDamageUp_3#0,"""Craft Mastery Lv.3"""
item_CraftWeaponDamageUp_4#0,"""Craft Mastery Lv.4"""
item_CraftWeaponDamageUp_5#0,"""Craft Mastery Lv.5"""
item_CraftWeaponDamageUp2_1#0,"""Red Recalescence Lv.1"""
item_CraftWeaponDamageUp2_2#0,"""Red Recalescence Lv.2"""
item_CraftWeaponDamageUp2_3#0,"""Red Recalescence Lv.3"""
item_CraftWeaponDamageUp2_4#0,"""Red Recalescence Lv.4"""
item_CraftWeaponDamageUp2_5#0,"""Red Recalescence Lv.5"""
item_CraftWeaponDamageUp3_1#0,"""Craftsman's Soul Lv.1"""
item_CraftWeaponDamageUp3_2#0,"""Craftsman's Soul Lv.2"""
item_CraftWeaponDamageUp3_3#0,"""Craftsman's Soul Lv.3"""
item_CraftWeaponDamageUp3_4#0,"""Craftsman's Soul Lv.4"""
item_CraftWeaponDamageUp3_5#0,"""Craftsman's Soul Lv.5"""
item_PowerTranslation_Tech_1#0,"""Mind Into Matter Lv.1"""
item_PowerTranslation_Tech_2#0,"""Mind Into Matter Lv.2"""
item_PowerTranslation_Tech_3#0,"""Mind Into Matter Lv.3"""
item_PowerTranslation_Tech_4#0,"""Mind Into Matter Lv.4"""
item_PowerTranslation_Tech_5#0,"""Mind Into Matter Lv.5"""
item_PowerTranslation_Shoot_1#0,"""Precision Strike Lv.1"""
item_PowerTranslation_Shoot_2#0,"""Precision Strike Lv.2"""
item_PowerTranslation_Shoot_3#0,"""Precision Strike Lv.3"""
item_PowerTranslation_Shoot_4#0,"""Precision Strike Lv.4"""
item_PowerTranslation_Shoot_5#0,"""Precision Strike Lv.5"""
item_ComboUp_1#0,"""Visage of Shadow Lv.1"""
item_ComboUp_2#0,"""Visage of Shadow Lv.2"""
item_ComboUp_3#0,"""Visage of Shadow Lv.3"""
item_ComboUp_4#0,"""Visage of Shadow Lv.4"""
item_ComboUp_5#0,"""Visage of Shadow Lv.5"""
item_ComboUp2_1#0,"""Twinkling Chain Lv.1"""
item_ComboUp2_2#0,"""Twinkling Chain Lv.2"""
item_ComboUp2_3#0,"""Twinkling Chain Lv.3"""
item_ComboUp2_4#0,"""Twinkling Chain Lv.4"""
item_ComboUp2_5#0,"""Twinkling Chain Lv.5"""
item_ComboUp3_1#0,"""Serpent's Bite Lv.1"""
item_ComboUp3_2#0,"""Serpent's Bite Lv.2"""
item_ComboUp3_3#0,"""Serpent's Bite Lv.3"""
item_ComboUp3_4#0,"""Serpent's Bite Lv.4"""
item_ComboUp3_5#0,"""Serpent's Bite Lv.5"""
item_ComboUp4_1#0,"""Meteor Dance Lv.1"""
item_ComboUp4_2#0,"""Meteor Dance Lv.2"""
item_ComboUp4_3#0,"""Meteor Dance Lv.3"""
item_ComboUp4_4#0,"""Meteor Dance Lv.4"""
item_ComboUp4_5#0,"""Meteor Dance Lv.5"""
item_ChainFinishBonus_1#0,"""Chaining Melody Lv.1"""
item_ChainFinishBonus_2#0,"""Chaining Melody Lv.2"""
item_ChainFinishBonus_3#0,"""Chaining Melody Lv.3"""
item_ChainFinishBonus_4#0,"""Chaining Melody Lv.4"""
item_ChainFinishBonus_5#0,"""Chaining Melody Lv.5"""
item_AttackAdvance_1#0,"""Standard Meditation Lv.1"""
item_AttackAdvance_2#0,"""Standard Meditation Lv.2"""
item_AttackAdvance_3#0,"""Standard Meditation Lv.3"""
item_AttackAdvance_4#0,"""Standard Meditation Lv.4"""
item_AttackAdvance_5#0,"""Standard Meditation Lv.5"""
item_AttackAdvance2_1#0,"""Sealed Dragon Roar Lv.1"""
item_AttackAdvance2_2#0,"""Sealed Dragon Roar Lv.2"""
item_AttackAdvance2_3#0,"""Sealed Dragon Roar Lv.3"""
item_AttackAdvance2_4#0,"""Sealed Dragon Roar Lv.4"""
item_AttackAdvance2_5#0,"""Sealed Dragon Roar Lv.5"""
item_ShortTimeAdvance_1#0,"""Four-armed Gale Lv.1"""
item_ShortTimeAdvance_2#0,"""Four-armed Gale Lv.2"""
item_ShortTimeAdvance_3#0,"""Four-armed Gale Lv.3"""
item_ShortTimeAdvance_4#0,"""Four-armed Gale Lv.4"""
item_ShortTimeAdvance_5#0,"""Four-armed Gale Lv.5"""
item_TecArtsJABonus_1#0,"""Wings of Darkness Lv.1"""
item_TecArtsJABonus_2#0,"""Wings of Darkness Lv.2"""
item_TecArtsJABonus_3#0,"""Wings of Darkness Lv.3"""
item_TecArtsJABonus_4#0,"""Wings of Darkness Lv.4"""
item_TecArtsJABonus_5#0,"""Wings of Darkness Lv.5"""
item_TecArtsJABonus2_1#0,"""Glittering Blade Lv.1"""
item_TecArtsJABonus2_2#0,"""Glittering Blade Lv.2"""
item_TecArtsJABonus2_3#0,"""Glittering Blade Lv.3"""
item_TecArtsJABonus2_4#0,"""Glittering Blade Lv.4"""
item_TecArtsJABonus2_5#0,"""Glittering Blade Lv.5"""
item_TecArtsJABonus3_1#0,"""Consecutive Flash Lv.1"""
item_TecArtsJABonus3_2#0,"""Consecutive Flash Lv.2"""
item_TecArtsJABonus3_3#0,"""Consecutive Flash Lv.3"""
item_TecArtsJABonus3_4#0,"""Consecutive Flash Lv.4"""
item_TecArtsJABonus3_5#0,"""Consecutive Flash Lv.5"""
item_AverageStanceCritical_1#0,"""Inevitable Judgment Lv.1"""
item_AverageStanceCritical_2#0,"""Inevitable Judgment Lv.2"""
item_AverageStanceCritical_3#0,"""Inevitable Judgment Lv.3"""
item_AverageStanceCritical_4#0,"""Inevitable Judgment Lv.4"""
item_AverageStanceCritical_5#0,"""Inevitable Judgment Lv.5"""
item_WeakStanceCritical_1#0,"""Sniper's Sign Lv.1"""
item_WeakStanceCritical_2#0,"""Sniper's Sign Lv.2"""
item_WeakStanceCritical_3#0,"""Sniper's Sign Lv.3"""
item_WeakStanceCritical_4#0,"""Sniper's Sign Lv.4"""
item_WeakStanceCritical_5#0,"""Sniper's Sign Lv.5"""
item_ElementalStanceCritical_1#0,"""Wisdom's Certainty Lv.1"""
item_ElementalStanceCritical_2#0,"""Wisdom's Certainty Lv.2"""
item_ElementalStanceCritical_3#0,"""Wisdom's Certainty Lv.3"""
item_ElementalStanceCritical_4#0,"""Wisdom's Certainty Lv.4"""
item_ElementalStanceCritical_5#0,"""Wisdom's Certainty Lv.5"""
item_BreakStanceCritical_1#0,"""Sundering Certainty Lv.1"""
item_BreakStanceCritical_2#0,"""Sundering Certainty Lv.2"""
item_BreakStanceCritical_3#0,"""Sundering Certainty Lv.3"""
item_BreakStanceCritical_4#0,"""Sundering Certainty Lv.4"""
item_BreakStanceCritical_5#0,"""Sundering Certainty Lv.5"""
item_RapidBurstJABonus_1#0,"""Rapid Readiness Lv.1"""
item_RapidBurstJABonus_2#0,"""Rapid Readiness Lv.2"""
item_RapidBurstJABonus_3#0,"""Rapid Readiness Lv.3"""
item_RapidBurstJABonus_4#0,"""Rapid Readiness Lv.4"""
item_RapidBurstJABonus_5#0,"""Rapid Readiness Lv.5"""
item_PhotonBladeFeverUp_1#0,"""Stimulating Radiance Lv.1"""
item_PhotonBladeFeverUp_2#0,"""Stimulating Radiance Lv.2"""
item_PhotonBladeFeverUp_3#0,"""Stimulating Radiance Lv.3"""
item_PhotonBladeFeverUp_4#0,"""Stimulating Radiance Lv.4"""
item_PhotonBladeFeverUp_5#0,"""Stimulating Radiance Lv.5"""
item_Berserk_1#0,"""Fatal Activity Lv.1"""
item_Berserk_2#0,"""Fatal Activity Lv.2"""
item_Berserk_3#0,"""Fatal Activity Lv.3"""
item_Berserk_4#0,"""Fatal Activity Lv.4"""
item_Berserk_5#0,"""Fatal Activity Lv.5"""
item_OverPPSlayer_1#0,"""Magic Pledge Lv.1"""
item_OverPPSlayer_2#0,"""Magic Pledge Lv.2"""
item_OverPPSlayer_3#0,"""Magic Pledge Lv.3"""
item_OverPPSlayer_4#0,"""Magic Pledge Lv.4"""
item_OverPPSlayer_5#0,"""Magic Pledge Lv.5"""
item_OverPPSlayer2_1#0,"""Primordial Flame Lv.1"""
item_OverPPSlayer2_2#0,"""Primordial Flame Lv.2"""
item_OverPPSlayer2_3#0,"""Primordial Flame Lv.3"""
item_OverPPSlayer2_4#0,"""Primordial Flame Lv.4"""
item_OverPPSlayer2_5#0,"""Primordial Flame Lv.5"""
item_EnchantInjury1_1#0,"""Binding Thorns Lv.1"""
item_EnchantInjury1_2#0,"""Binding Thorns Lv.2"""
item_EnchantInjury1_3#0,"""Binding Thorns Lv.3"""
item_EnchantInjury1_4#0,"""Binding Thorns Lv.4"""
item_EnchantInjury1_5#0,"""Binding Thorns Lv.5"""
item_JustAttackInjury_1#0,"""Immediate Wounding Lv.1"""
item_JustAttackInjury_2#0,"""Immediate Wounding Lv.2"""
item_JustAttackInjury_3#0,"""Immediate Wounding Lv.3"""
item_JustAttackInjury_4#0,"""Immediate Wounding Lv.4"""
item_JustAttackInjury_5#0,"""Immediate Wounding Lv.5"""
item_JustAttackJellen_1#0,"""Immediate Blight Lv.1"""
item_JustAttackJellen_2#0,"""Immediate Blight Lv.2"""
item_JustAttackJellen_3#0,"""Immediate Blight Lv.3"""
item_JustAttackJellen_4#0,"""Immediate Blight Lv.4"""
item_JustAttackJellen_5#0,"""Immediate Blight Lv.5"""
item_SwordPA10TechnicUp_1#0,"""Devouring Edge Lv.1"""
item_SwordPA10TechnicUp_2#0,"""Devouring Edge Lv.2"""
item_SwordPA10TechnicUp_3#0,"""Devouring Edge Lv.3"""
item_SwordPA10TechnicUp_4#0,"""Devouring Edge Lv.4"""
item_SwordPA10TechnicUp_5#0,"""Devouring Edge Lv.5"""
item_KnucklePA10ProbabilityUp_1#0,"""Venus Maximum Lv.1"""
item_KnucklePA10ProbabilityUp_2#0,"""Venus Maximum Lv.2"""
item_KnucklePA10ProbabilityUp_3#0,"""Venus Maximum Lv.3"""
item_KnucklePA10ProbabilityUp_4#0,"""Venus Maximum Lv.4"""
item_KnucklePA10ProbabilityUp_5#0,"""Venus Maximum Lv.5"""
item_GiantKilling_1#0,"""Colossal Spirit Lv.1"""
item_GiantKilling_2#0,"""Colossal Spirit Lv.2"""
item_GiantKilling_3#0,"""Colossal Spirit Lv.3"""
item_GiantKilling_4#0,"""Colossal Spirit Lv.4"""
item_GiantKilling_5#0,"""Colossal Spirit Lv.5"""
item_GiantKillingPlus_1#0,"""Ebony's Providence Lv.1"""
item_GiantKillingPlus_2#0,"""Ebony's Providence Lv.2"""
item_GiantKillingPlus_3#0,"""Ebony's Providence Lv.3"""
item_GiantKillingPlus_4#0,"""Ebony's Providence Lv.4"""
item_GiantKillingPlus_5#0,"""Ebony's Providence Lv.5"""
item_MovingSnipe_1#0,"""Swift Hunter Lv.1"""
item_MovingSnipe_2#0,"""Swift Hunter Lv.2"""
item_MovingSnipe_3#0,"""Swift Hunter Lv.3"""
item_MovingSnipe_4#0,"""Swift Hunter Lv.4"""
item_MovingSnipe_5#0,"""Swift Hunter Lv.5"""
item_MovingSnipe2_1#0,"""Hurricane Shooter Lv.1"""
item_MovingSnipe2_2#0,"""Hurricane Shooter Lv.2"""
item_MovingSnipe2_3#0,"""Hurricane Shooter Lv.3"""
item_MovingSnipe2_4#0,"""Hurricane Shooter Lv.4"""
item_MovingSnipe2_5#0,"""Hurricane Shooter Lv.5"""
item_SRollJustAttackKeep_1#0,"""Combo Carryover Lv.1"""
item_SRollJustAttackKeep_2#0,"""Combo Carryover Lv.2"""
item_SRollJustAttackKeep_3#0,"""Combo Carryover Lv.3"""
item_SRollJustAttackKeep_4#0,"""Combo Carryover Lv.4"""
item_SRollJustAttackKeep_5#0,"""Combo Carryover Lv.5"""
item_FreezeKeep_1#0,"""Frozen Prison Lv.1"""
item_FreezeKeep_2#0,"""Frozen Prison Lv.2"""
item_FreezeKeep_3#0,"""Frozen Prison Lv.3"""
item_FreezeKeep_4#0,"""Frozen Prison Lv.4"""
item_FreezeKeep_5#0,"""Frozen Prison Lv.5"""
item_PPOverDrive1_1#0,"""Dancing Night Blossom Lv.1"""
item_PPOverDrive1_2#0,"""Dancing Night Blossom Lv.2"""
item_PPOverDrive1_3#0,"""Dancing Night Blossom Lv.3"""
item_PPOverDrive1_4#0,"""Dancing Night Blossom Lv.4"""
item_PPOverDrive1_5#0,"""Dancing Night Blossom Lv.5"""
item_PPOverDrive3_1#0,"""Limit Drive Lv.1"""
item_PPOverDrive3_2#0,"""Limit Drive Lv.2"""
item_PPOverDrive3_3#0,"""Limit Drive Lv.3"""
item_PPOverDrive3_4#0,"""Limit Drive Lv.4"""
item_PPOverDrive3_5#0,"""Limit Drive Lv.5"""
item_PPOverDrive4_1#0,"""Glimmering Fluorescence Lv.1"""
item_PPOverDrive4_2#0,"""Glimmering Fluorescence Lv.2"""
item_PPOverDrive4_3#0,"""Glimmering Fluorescence Lv.3"""
item_PPOverDrive4_4#0,"""Glimmering Fluorescence Lv.4"""
item_PPOverDrive4_5#0,"""Glimmering Fluorescence Lv.5"""
item_PPOverDrive2_1#0,"""Pale Night Blossom Lv.1"""
item_PPOverDrive2_2#0,"""Pale Night Blossom Lv.2"""
item_PPOverDrive2_3#0,"""Pale Night Blossom Lv.3"""
item_PPOverDrive2_4#0,"""Pale Night Blossom Lv.4"""
item_PPOverDrive2_5#0,"""Pale Night Blossom Lv.5"""
item_PPOverDrive5_1#0,"""Eternal Blessings Lv.1"""
item_PPOverDrive5_2#0,"""Eternal Blessings Lv.2"""
item_PPOverDrive5_3#0,"""Eternal Blessings Lv.3"""
item_PPOverDrive5_4#0,"""Eternal Blessings Lv.4"""
item_PPOverDrive5_5#0,"""Eternal Blessings Lv.5"""
item_PPOverDrive6_1#0,"""Converging Light Lv.1"""
item_PPOverDrive6_2#0,"""Converging Light Lv.2"""
item_PPOverDrive6_3#0,"""Converging Light Lv.3"""
item_PPOverDrive6_4#0,"""Converging Light Lv.4"""
item_PPOverDrive6_5#0,"""Converging Light Lv.5"""
item_PPOverDrive7_1#0,"""Blessed Season Lv.1"""
item_PPOverDrive7_2#0,"""Blessed Season Lv.2"""
item_PPOverDrive7_3#0,"""Blessed Season Lv.3"""
item_PPOverDrive7_4#0,"""Blessed Season Lv.4"""
item_PPOverDrive7_5#0,"""Blessed Season Lv.5"""
item_BestRangeBonus1_1#0,"""Apt Grafter Lv.1"""
item_BestRangeBonus1_2#0,"""Apt Grafter Lv.2"""
item_BestRangeBonus1_3#0,"""Apt Grafter Lv.3"""
item_BestRangeBonus1_4#0,"""Apt Grafter Lv.4"""
item_BestRangeBonus1_5#0,"""Apt Grafter Lv.5"""
item_BestRangeBonus2_1#0,"""Apt Hammer Lv.1"""
item_BestRangeBonus2_2#0,"""Apt Hammer Lv.2"""
item_BestRangeBonus2_3#0,"""Apt Hammer Lv.3"""
item_BestRangeBonus2_4#0,"""Apt Hammer Lv.4"""
item_BestRangeBonus2_5#0,"""Apt Hammer Lv.5"""
item_BestRangeBonus3_1#0,"""Apt Striker Lv.1"""
item_BestRangeBonus3_2#0,"""Apt Striker Lv.2"""
item_BestRangeBonus3_3#0,"""Apt Striker Lv.3"""
item_BestRangeBonus3_4#0,"""Apt Striker Lv.4"""
item_BestRangeBonus3_5#0,"""Apt Striker Lv.5"""
item_MixedTechnicCharge_1#0,"""Harmonized Heart Lv.1"""
item_MixedTechnicCharge_2#0,"""Harmonized Heart Lv.2"""
item_MixedTechnicCharge_3#0,"""Harmonized Heart Lv.3"""
item_MixedTechnicCharge_4#0,"""Harmonized Heart Lv.4"""
item_MixedTechnicCharge_5#0,"""Harmonized Heart Lv.5"""
item_SnatchStepBonus_1#0,"""Sudden Strike Lv.1"""
item_SnatchStepBonus_2#0,"""Sudden Strike Lv.2"""
item_SnatchStepBonus_3#0,"""Sudden Strike Lv.3"""
item_SnatchStepBonus_4#0,"""Sudden Strike Lv.4"""
item_SnatchStepBonus_5#0,"""Sudden Strike Lv.5"""
item_BeginnerTechnicUp_1#0,"""Songstress's Dance Lv.1"""
item_BeginnerTechnicUp_2#0,"""Songstress's Dance Lv.2"""
item_BeginnerTechnicUp_3#0,"""Songstress's Dance Lv.3"""
item_BeginnerTechnicUp_4#0,"""Songstress's Dance Lv.4"""
item_BeginnerTechnicUp_5#0,"""Songstress's Dance Lv.5"""
item_MediumTechnicUp_1#0,"""Elementary Alchemy Lv.1"""
item_MediumTechnicUp_2#0,"""Elementary Alchemy Lv.2"""
item_MediumTechnicUp_3#0,"""Elementary Alchemy Lv.3"""
item_MediumTechnicUp_4#0,"""Elementary Alchemy Lv.4"""
item_MediumTechnicUp_5#0,"""Elementary Alchemy Lv.5"""
item_AdvancedTechnicUp_1#0,"""Unset Potential"""
item_AdvancedTechnicUp_2#0,"""Unset Potential"""
item_AdvancedTechnicUp_3#0,"""Unset Potential"""
item_AdvancedTechnicUp_4#0,"""Unset Potential"""
item_AdvancedTechnicUp_5#0,"""Unset Potential"""
item_ConditionMirage_1#0,"""Guiding Mirage Lv.1"""
item_ConditionMirage_2#0,"""Guiding Mirage Lv.2"""
item_ConditionMirage_3#0,"""Guiding Mirage Lv.3"""
item_ConditionMirage_4#0,"""Guiding Mirage Lv.4"""
item_ConditionMirage_5#0,"""Guiding Mirage Lv.5"""
item_ConditionPanic_1#0,"""Inciting Panic Lv.1"""
item_ConditionPanic_2#0,"""Inciting Panic Lv.2"""
item_ConditionPanic_3#0,"""Inciting Panic Lv.3"""
item_ConditionPanic_4#0,"""Inciting Panic Lv.4"""
item_ConditionPanic_5#0,"""Inciting Panic Lv.5"""
item_TdaggerParingBonus_1#0,"""Unset Potential"""
item_TdaggerParingBonus_2#0,"""Unset Potential"""
item_TdaggerParingBonus_3#0,"""Unset Potential"""
item_TdaggerParingBonus_4#0,"""Unset Potential"""
item_TdaggerParingBonus_5#0,"""Unset Potential"""
item_JustCounterJABonus_1#0,"""Immediate Counter Lv.1"""
item_JustCounterJABonus_2#0,"""Immediate Counter Lv.2"""
item_JustCounterJABonus_3#0,"""Immediate Counter Lv.3"""
item_JustCounterJABonus_4#0,"""Immediate Counter Lv.4"""
item_JustCounterJABonus_5#0,"""Immediate Counter Lv.5"""
item_OneMoreTimeAdvance_1#0,"""Unset Potential"""
item_OneMoreTimeAdvance_2#0,"""Unset Potential"""
item_OneMoreTimeAdvance_3#0,"""Unset Potential"""
item_OneMoreTimeAdvance_4#0,"""Unset Potential"""
item_OneMoreTimeAdvance_5#0,"""Unset Potential"""
item_ZeroRangeBoost1_1#0,"""Zero Strike Lv.1"""
item_ZeroRangeBoost1_2#0,"""Zero Strike Lv.2"""
item_ZeroRangeBoost1_3#0,"""Zero Strike Lv.3"""
item_ZeroRangeBoost1_4#0,"""Zero Strike Lv.4"""
item_ZeroRangeBoost1_5#0,"""Zero Strike Lv.5"""
item_ZeroRangeBoost2_1#0,"""Zero Logic Lv.1"""
item_ZeroRangeBoost2_2#0,"""Zero Logic Lv.2"""
item_ZeroRangeBoost2_3#0,"""Zero Logic Lv.3"""
item_ZeroRangeBoost2_4#0,"""Zero Logic Lv.4"""
item_ZeroRangeBoost2_5#0,"""Zero Logic Lv.5"""
item_BackAttackBonus_1#0,"""Rear Assault Lv.1"""
item_BackAttackBonus_2#0,"""Rear Assault Lv.2"""
item_BackAttackBonus_3#0,"""Rear Assault Lv.3"""
item_BackAttackBonus_4#0,"""Rear Assault Lv.4"""
item_BackAttackBonus_5#0,"""Rear Assault Lv.5"""
item_BreakAttackBonus_1#0,"""Roar's Smasher Lv.1"""
item_BreakAttackBonus_2#0,"""Roar's Smasher Lv.2"""
item_BreakAttackBonus_3#0,"""Roar's Smasher Lv.3"""
item_BreakAttackBonus_4#0,"""Roar's Smasher Lv.4"""
item_BreakAttackBonus_5#0,"""Roar's Smasher Lv.5"""
item_BestRangeBonus1b_1#0,"""Apt Sniper Lv.1"""
item_BestRangeBonus1b_2#0,"""Apt Sniper Lv.2"""
item_BestRangeBonus1b_3#0,"""Apt Sniper Lv.3"""
item_BestRangeBonus1b_4#0,"""Apt Sniper Lv.4"""
item_BestRangeBonus1b_5#0,"""Apt Sniper Lv.5"""
item_BestRangeBonus2b_1#0,"""Absolute Range Lv.1"""
item_BestRangeBonus2b_2#0,"""Absolute Range Lv.2"""
item_BestRangeBonus2b_3#0,"""Absolute Range Lv.3"""
item_BestRangeBonus2b_4#0,"""Absolute Range Lv.4"""
item_BestRangeBonus2b_5#0,"""Absolute Range Lv.5"""
item_BestRangeBonus3b_1#0,"""Zero Onslaught Lv.1"""
item_BestRangeBonus3b_2#0,"""Zero Onslaught Lv.2"""
item_BestRangeBonus3b_3#0,"""Zero Onslaught Lv.3"""
item_BestRangeBonus3b_4#0,"""Zero Onslaught Lv.4"""
item_BestRangeBonus3b_5#0,"""Zero Onslaught Lv.5"""
item_AirAttackBurst2_1#0,"""Aerial Break Lv.1"""
item_AirAttackBurst2_2#0,"""Aerial Break Lv.2"""
item_AirAttackBurst2_3#0,"""Aerial Break Lv.3"""
item_AirAttackBurst2_4#0,"""Aerial Break Lv.4"""
item_AirAttackBurst2_5#0,"""Aerial Break Lv.5"""
item_WeatherDamageUpWithoutFine_1#0,"""Unset Potential"""
item_WeatherDamageUpWithoutFine_2#0,"""Unset Potential"""
item_WeatherDamageUpWithoutFine_3#0,"""Unset Potential"""
item_WeatherDamageUpWithoutFine_4#0,"""Unset Potential"""
item_WeatherDamageUpWithoutFine_5#0,"""Unset Potential"""
item_DamageBonusRaceUlt1_1#0,"""Negative Destroyer Lv.1"""
item_DamageBonusRaceUlt1_2#0,"""Negative Destroyer Lv.2"""
item_DamageBonusRaceUlt1_3#0,"""Negative Destroyer Lv.3"""
item_DamageBonusRaceUlt1_4#0,"""Negative Destroyer Lv.4"""
item_DamageBonusRaceUlt1_5#0,"""Negative Destroyer Lv.5"""
item_DamageBonusRaceUlt5_1#0,"""Shining Destruction Lv.1"""
item_DamageBonusRaceUlt5_2#0,"""Shining Destruction Lv.2"""
item_DamageBonusRaceUlt5_3#0,"""Shining Destruction Lv.3"""
item_DamageBonusRaceUlt5_4#0,"""Shining Destruction Lv.4"""
item_DamageBonusRaceUlt5_5#0,"""Shining Destruction Lv.5"""
item_DamageBonusRaceUlt2_1#0,"""Unset Potential"""
item_DamageBonusRaceUlt2_2#0,"""Unset Potential"""
item_DamageBonusRaceUlt2_3#0,"""Unset Potential"""
item_DamageBonusRaceUlt2_4#0,"""Unset Potential"""
item_DamageBonusRaceUlt2_5#0,"""Unset Potential"""
item_DamageBonusRaceUlt3_1#0,"""Unset Potential"""
item_DamageBonusRaceUlt3_2#0,"""Unset Potential"""
item_DamageBonusRaceUlt3_3#0,"""Unset Potential"""
item_DamageBonusRaceUlt3_4#0,"""Unset Potential"""
item_DamageBonusRaceUlt3_5#0,"""Unset Potential"""
item_DamageBonusRaceUlt4_1#0,"""Dragon's Authority Lv.1"""
item_DamageBonusRaceUlt4_2#0,"""Dragon's Authority Lv.2"""
item_DamageBonusRaceUlt4_3#0,"""Dragon's Authority Lv.3"""
item_DamageBonusRaceUlt4_4#0,"""Dragon's Authority Lv.4"""
item_DamageBonusRaceUlt4_5#0,"""Dragon's Authority Lv.5"""
item_DoublePotential_1#0,"""Absolute Strike Lv.1"""
item_DoublePotential_2#0,"""Absolute Strike Lv.2"""
item_DoublePotential_3#0,"""Absolute Strike Lv.3"""
item_DoublePotential_4#0,"""Absolute Strike Lv.4"""
item_DoublePotential_5#0,"""Absolute Strike Lv.5"""
item_DoublePotential2_1#0,"""Sure-Strike Stance Lv.1"""
item_DoublePotential2_2#0,"""Sure-Strike Stance Lv.2"""
item_DoublePotential2_3#0,"""Sure-Strike Stance Lv.3"""
item_DoublePotential2_4#0,"""Sure-Strike Stance Lv.4"""
item_DoublePotential2_5#0,"""Sure-Strike Stance Lv.5"""
item_DoublePotential3_1#0,"""Sure-Strike Flash Lv.1"""
item_DoublePotential3_2#0,"""Sure-Strike Flash Lv.2"""
item_DoublePotential3_3#0,"""Sure-Strike Flash Lv.3"""
item_DoublePotential3_4#0,"""Sure-Strike Flash Lv.4"""
item_DoublePotential3_5#0,"""Sure-Strike Flash Lv.5"""
item_DoublePotential4_1#0,"""Dragon's Infuriation Lv.1"""
item_DoublePotential4_2#0,"""Dragon's Infuriation Lv.2"""
item_DoublePotential4_3#0,"""Dragon's Infuriation Lv.3"""
item_DoublePotential4_4#0,"""Dragon's Infuriation Lv.4"""
item_DoublePotential4_5#0,"""Dragon's Infuriation Lv.5"""
item_DoublePotential5_1#0,"""Sure-Strike Assault Lv.1"""
item_DoublePotential5_2#0,"""Sure-Strike Assault Lv.2"""
item_DoublePotential5_3#0,"""Sure-Strike Assault Lv.3"""
item_DoublePotential5_4#0,"""Sure-Strike Assault Lv.4"""
item_DoublePotential5_5#0,"""Sure-Strike Assault Lv.5"""
item_FullHealBonus_1#0,"""Myriad Blessings Lv.1"""
item_FullHealBonus_2#0,"""Myriad Blessings Lv.2"""
item_FullHealBonus_3#0,"""Myriad Blessings Lv.3"""
item_FullHealBonus_4#0,"""Myriad Blessings Lv.4"""
item_FullHealBonus_5#0,"""Myriad Blessings Lv.5"""
item_FullHealBonus2_1#0,"""Flash of Unity Lv.1"""
item_FullHealBonus2_2#0,"""Flash of Unity Lv.2"""
item_FullHealBonus2_3#0,"""Flash of Unity Lv.3"""
item_FullHealBonus2_4#0,"""Flash of Unity Lv.4"""
item_FullHealBonus2_5#0,"""Flash of Unity Lv.5"""
item_FullHealBonus3_1#0,"""Divine Purity Lv.1"""
item_FullHealBonus3_2#0,"""Divine Purity Lv.2"""
item_FullHealBonus3_3#0,"""Divine Purity Lv.3"""
item_FullHealBonus3_4#0,"""Divine Purity Lv.4"""
item_FullHealBonus3_5#0,"""Divine Purity Lv.5"""
item_MultiPADamegeUp1_1#0,"""Full-Body Strike Lv.1"""
item_MultiPADamegeUp1_2#0,"""Full-Body Strike Lv.2"""
item_MultiPADamegeUp1_3#0,"""Full-Body Strike Lv.3"""
item_MultiPADamegeUp1_4#0,"""Full-Body Strike Lv.4"""
item_MultiPADamegeUp1_5#0,"""Full-Body Strike Lv.5"""
item_MultiPADamegeUp2_1#0,"""Blossom Flare Lv.1"""
item_MultiPADamegeUp2_2#0,"""Blossom Flare Lv.2"""
item_MultiPADamegeUp2_3#0,"""Blossom Flare Lv.3"""
item_MultiPADamegeUp2_4#0,"""Blossom Flare Lv.4"""
item_MultiPADamegeUp2_5#0,"""Blossom Flare Lv.5"""
item_MultiPADamegeUp3_1#0,"""Beheading Lance Lv.1"""
item_MultiPADamegeUp3_2#0,"""Beheading Lance Lv.2"""
item_MultiPADamegeUp3_3#0,"""Beheading Lance Lv.3"""
item_MultiPADamegeUp3_4#0,"""Beheading Lance Lv.4"""
item_MultiPADamegeUp3_5#0,"""Beheading Lance Lv.5"""
item_PerfectKeeperSkillFree_1#0,"""Heroic Strength Lv.1"""
item_PerfectKeeperSkillFree_2#0,"""Heroic Strength Lv.2"""
item_PerfectKeeperSkillFree_3#0,"""Heroic Strength Lv.3"""
item_PerfectKeeperSkillFree_4#0,"""Heroic Strength Lv.4"""
item_PerfectKeeperSkillFree_5#0,"""Heroic Strength Lv.5"""
item_PerfectKeeperSkillFree2_1#0,"""Courageous Charge Lv.1"""
item_PerfectKeeperSkillFree2_2#0,"""Courageous Charge Lv.2"""
item_PerfectKeeperSkillFree2_3#0,"""Courageous Charge Lv.3"""
item_PerfectKeeperSkillFree2_4#0,"""Courageous Charge Lv.4"""
item_PerfectKeeperSkillFree2_5#0,"""Courageous Charge Lv.5"""
item_WeaponManeuver_1#0,"""Urgent Maneuver 1 Lv.1"""
item_WeaponManeuver_2#0,"""Urgent Maneuver 1 Lv.2"""
item_WeaponManeuver_3#0,"""Urgent Maneuver 1 Lv.3"""
item_WeaponManeuver_4#0,"""Urgent Maneuver 1 Lv.4"""
item_WeaponManeuver_5#0,"""Urgent Maneuver 1 Lv.5"""
item_WeaponManeuver2_1#0,"""Urgent Maneuver 2 Lv.1"""
item_WeaponManeuver2_2#0,"""Urgent Maneuver 2 Lv.2"""
item_WeaponManeuver2_3#0,"""Urgent Maneuver 2 Lv.3"""
item_WeaponManeuver2_4#0,"""Urgent Maneuver 2 Lv.4"""
item_WeaponManeuver2_5#0,"""Urgent Maneuver 2 Lv.5"""
item_WeaponManeuver3_1#0,"""Machine's Mark Lv.1"""
item_WeaponManeuver3_2#0,"""Machine's Mark Lv.2"""
item_WeaponManeuver3_3#0,"""Machine's Mark Lv.3"""
item_WeaponManeuver3_4#0,"""Machine's Mark Lv.4"""
item_WeaponManeuver3_5#0,"""Machine's Mark Lv.5"""
item_KillCountBonus_1#0,"""Veteran's Merit Lv.1"""
item_KillCountBonus_2#0,"""Veteran's Merit Lv.2"""
item_KillCountBonus_3#0,"""Veteran's Merit Lv.3"""
item_KillCountBonus_4#0,"""Veteran's Merit Lv.4"""
item_KillCountBonus_5#0,"""Veteran's Merit Lv.5"""
item_GroundAttackBoost_1#0,"""Land's Wrath Lv.1"""
item_GroundAttackBoost_2#0,"""Land's Wrath Lv.2"""
item_GroundAttackBoost_3#0,"""Land's Wrath Lv.3"""
item_GroundAttackBoost_4#0,"""Land's Wrath Lv.4"""
item_GroundAttackBoost_5#0,"""Land's Wrath Lv.5"""
item_DamageBonusPhantom_1#0,"""Phantom Devourer Lv.1"""
item_DamageBonusPhantom_2#0,"""Phantom Devourer Lv.2"""
item_DamageBonusPhantom_3#0,"""Phantom Devourer Lv.3"""
item_DamageBonusPhantom_4#0,"""Phantom Devourer Lv.4"""
item_DamageBonusPhantom_5#0,"""Phantom Devourer Lv.5"""
item_WeakHitAdvance_1#0,"""Murderous Assault Lv.1"""
item_WeakHitAdvance_2#0,"""Murderous Assault Lv.2"""
item_WeakHitAdvance_3#0,"""Murderous Assault Lv.3"""
item_WeakHitAdvance_4#0,"""Murderous Assault Lv.4"""
item_WeakHitAdvance_5#0,"""Murderous Assault Lv.5"""
item_WeakHitAdvance2_1#0,"""Blood-Shrouded Devil Blades Lv.1"""
item_WeakHitAdvance2_2#0,"""Blood-Shrouded Devil Blades Lv.2"""
item_WeakHitAdvance2_3#0,"""Blood-Shrouded Devil Blades Lv.3"""
item_WeakHitAdvance2_4#0,"""Blood-Shrouded Devil Blades Lv.4"""
item_WeakHitAdvance2_5#0,"""Blood-Shrouded Devil Blades Lv.5"""
item_AboutAttackDamageUp_1#0,"""New-Type's Law Lv.1"""
item_AboutAttackDamageUp_2#0,"""New-Type's Law Lv.2"""
item_AboutAttackDamageUp_3#0,"""New-Type's Law Lv.3"""
item_AboutAttackDamageUp_4#0,"""New-Type's Law Lv.4"""
item_AboutAttackDamageUp_5#0,"""New-Type's Law Lv.5"""
item_AboutAttackDamageUp2_1#0,"""Glimmering Rhythm Lv.1"""
item_AboutAttackDamageUp2_2#0,"""Glimmering Rhythm Lv.2"""
item_AboutAttackDamageUp2_3#0,"""Glimmering Rhythm Lv.3"""
item_AboutAttackDamageUp2_4#0,"""Glimmering Rhythm Lv.4"""
item_AboutAttackDamageUp2_5#0,"""Glimmering Rhythm Lv.5"""
item_AboutAttackDamageUp3_1#0,"""Immediate Extstrike Lv.1"""
item_AboutAttackDamageUp3_2#0,"""Immediate Extstrike Lv.2"""
item_AboutAttackDamageUp3_3#0,"""Immediate Extstrike Lv.3"""
item_AboutAttackDamageUp3_4#0,"""Immediate Extstrike Lv.4"""
item_AboutAttackDamageUp3_5#0,"""Immediate Extstrike Lv.5"""
item_GearAdvanceBonus_1#0,"""Type of Thunder Lv.1"""
item_GearAdvanceBonus_2#0,"""Type of Thunder Lv.2"""
item_GearAdvanceBonus_3#0,"""Type of Thunder Lv.3"""
item_GearAdvanceBonus_4#0,"""Type of Thunder Lv.4"""
item_GearAdvanceBonus_5#0,"""Type of Thunder Lv.5"""
item_TimeZoneBonus_1#0,"""Limited Spirit Lv.1"""
item_TimeZoneBonus_2#0,"""Limited Spirit Lv.2"""
item_TimeZoneBonus_3#0,"""Limited Spirit Lv.3"""
item_TimeZoneBonus_4#0,"""Limited Spirit Lv.4"""
item_TimeZoneBonus_5#0,"""Limited Spirit Lv.5"""
item_TimeZoneBonus2_1#0,"""Limited Toughness Lv.1"""
item_TimeZoneBonus2_2#0,"""Limited Toughness Lv.2"""
item_TimeZoneBonus2_3#0,"""Limited Toughness Lv.3"""
item_TimeZoneBonus2_4#0,"""Limited Toughness Lv.4"""
item_TimeZoneBonus2_5#0,"""Limited Toughness Lv.5"""
item_RevengeBonus_1#0,"""Unset Potential"""
item_RevengeBonus_2#0,"""Unset Potential"""
item_RevengeBonus_3#0,"""Unset Potential"""
item_RevengeBonus_4#0,"""Unset Potential"""
item_RevengeBonus_5#0,"""Unset Potential"""
item_BoostEnemyBonus_1#0,"""Unset Potential"""
item_BoostEnemyBonus_2#0,"""Unset Potential"""
item_BoostEnemyBonus_3#0,"""Unset Potential"""
item_BoostEnemyBonus_4#0,"""Unset Potential"""
item_BoostEnemyBonus_5#0,"""Unset Potential"""
item_RegenerationExtend_1#0,"""Warrior's Song Lv.1"""
item_RegenerationExtend_2#0,"""Warrior's Song Lv.2"""
item_RegenerationExtend_3#0,"""Warrior's Song Lv.3"""
item_RegenerationExtend_4#0,"""Warrior's Song Lv.4"""
item_RegenerationExtend_5#0,"""Warrior's Song Lv.5"""
item_RegenerationExtend2_1#0,"""Testament of Courage Lv.1"""
item_RegenerationExtend2_2#0,"""Testament of Courage Lv.2"""
item_RegenerationExtend2_3#0,"""Testament of Courage Lv.3"""
item_RegenerationExtend2_4#0,"""Testament of Courage Lv.4"""
item_RegenerationExtend2_5#0,"""Testament of Courage Lv.5"""
item_GearPlusBonus_1#0,"""Unset Potential"""
item_GearPlusBonus_2#0,"""Unset Potential"""
item_GearPlusBonus_3#0,"""Unset Potential"""
item_GearPlusBonus_4#0,"""Unset Potential"""
item_GearPlusBonus_5#0,"""Unset Potential"""
item_AbnomalBonus1_1#0,"""Purifying Flame Lv.1"""
item_AbnomalBonus1_2#0,"""Purifying Flame Lv.2"""
item_AbnomalBonus1_3#0,"""Purifying Flame Lv.3"""
item_AbnomalBonus1_4#0,"""Purifying Flame Lv.4"""
item_AbnomalBonus1_5#0,"""Purifying Flame Lv.5"""
item_AbnomalBonus2_1#0,"""Unset Potential"""
item_AbnomalBonus2_2#0,"""Unset Potential"""
item_AbnomalBonus2_3#0,"""Unset Potential"""
item_AbnomalBonus2_4#0,"""Unset Potential"""
item_AbnomalBonus2_5#0,"""Unset Potential"""
item_AbnomalBonus3_1#0,"""Binding Current Lv.1"""
item_AbnomalBonus3_2#0,"""Binding Current Lv.2"""
item_AbnomalBonus3_3#0,"""Binding Current Lv.3"""
item_AbnomalBonus3_4#0,"""Binding Current Lv.4"""
item_AbnomalBonus3_5#0,"""Binding Current Lv.5"""
item_AbnomalBonus4_1#0,"""Unset Potential"""
item_AbnomalBonus4_2#0,"""Unset Potential"""
item_AbnomalBonus4_3#0,"""Unset Potential"""
item_AbnomalBonus4_4#0,"""Unset Potential"""
item_AbnomalBonus4_5#0,"""Unset Potential"""
item_AbnomalBonus5_1#0,"""Unset Potential"""
item_AbnomalBonus5_2#0,"""Unset Potential"""
item_AbnomalBonus5_3#0,"""Unset Potential"""
item_AbnomalBonus5_4#0,"""Unset Potential"""
item_AbnomalBonus5_5#0,"""Unset Potential"""
item_AbnomalBonus6_1#0,"""Violet Turmoil Lv.1"""
item_AbnomalBonus6_2#0,"""Violet Turmoil Lv.2"""
item_AbnomalBonus6_3#0,"""Violet Turmoil Lv.3"""
item_AbnomalBonus6_4#0,"""Violet Turmoil Lv.4"""
item_AbnomalBonus6_5#0,"""Violet Turmoil Lv.5"""
item_AbnomalBonus7_1#0,"""Ultimate Calamity Lv.1"""
item_AbnomalBonus7_2#0,"""Ultimate Calamity Lv.2"""
item_AbnomalBonus7_3#0,"""Ultimate Calamity Lv.3"""
item_AbnomalBonus7_4#0,"""Ultimate Calamity Lv.4"""
item_AbnomalBonus7_5#0,"""Ultimate Calamity Lv.5"""
item_StandingAttackBonus_1#0,"""Spirited Anchored Barrel Lv.1"""
item_StandingAttackBonus_2#0,"""Spirited Anchored Barrel Lv.2"""
item_StandingAttackBonus_3#0,"""Spirited Anchored Barrel Lv.3"""
item_StandingAttackBonus_4#0,"""Spirited Anchored Barrel Lv.4"""
item_StandingAttackBonus_5#0,"""Spirited Anchored Barrel Lv.5"""
item_PABonusPetPA1_1#0,"""Unset Potential"""
item_PABonusPetPA1_2#0,"""Unset Potential"""
item_PABonusPetPA1_3#0,"""Unset Potential"""
item_PABonusPetPA1_4#0,"""Unset Potential"""
item_PABonusPetPA1_5#0,"""Unset Potential"""
item_PetPhotonBarrierAdvance_1#0,"""Unset Potential"""
item_PetPhotonBarrierAdvance_2#0,"""Unset Potential"""
item_PetPhotonBarrierAdvance_3#0,"""Unset Potential"""
item_PetPhotonBarrierAdvance_4#0,"""Unset Potential"""
item_PetPhotonBarrierAdvance_5#0,"""Unset Potential"""
item_PetAttackRink_1#0,"""Unset Potential"""
item_PetAttackRink_2#0,"""Unset Potential"""
item_PetAttackRink_3#0,"""Unset Potential"""
item_PetAttackRink_4#0,"""Unset Potential"""
item_PetAttackRink_5#0,"""Unset Potential"""
item_NearyBonus_1#0,"""Unset Potential"""
item_NearyBonus_2#0,"""Unset Potential"""
item_NearyBonus_3#0,"""Unset Potential"""
item_NearyBonus_4#0,"""Unset Potential"""
item_NearyBonus_5#0,"""Unset Potential"""
item_DistanceBonus_1#0,"""Unset Potential"""
item_DistanceBonus_2#0,"""Unset Potential"""
item_DistanceBonus_3#0,"""Unset Potential"""
item_DistanceBonus_4#0,"""Unset Potential"""
item_DistanceBonus_5#0,"""Unset Potential"""
item_RunnersHighBonus_1#0,"""Unset Potential"""
item_RunnersHighBonus_2#0,"""Unset Potential"""
item_RunnersHighBonus_3#0,"""Unset Potential"""
item_RunnersHighBonus_4#0,"""Unset Potential"""
item_RunnersHighBonus_5#0,"""Unset Potential"""
item_GrowUpPotential_1#0,"""Heavenly Blessing Lv.1"""
item_GrowUpPotential_2#0,"""Heavenly Blessing Lv.2"""
item_GrowUpPotential_3#0,"""Heavenly Blessing Lv.3"""
item_GrowUpPotential_4#0,"""Heavenly Blessing Lv.4"""
item_GrowUpPotential_5#0,"""Heavenly Blessing Lv.5"""
item_GrowUpPotential4_1#0,"""Heavenly Blessing: Light Wings Lv.1"""
item_GrowUpPotential4_2#0,"""Heavenly Blessing: Light Wings Lv.2"""
item_GrowUpPotential4_3#0,"""Heavenly Blessing: Light Wings Lv.3"""
item_GrowUpPotential4_4#0,"""Heavenly Blessing: Light Wings Lv.4"""
item_GrowUpPotential4_5#0,"""Heavenly Blessing: Light Wings Lv.5"""
item_GrowUpPotential5_1#0,"""Millennium Blaze Lv.1"""
item_GrowUpPotential5_2#0,"""Millennium Blaze Lv.2"""
item_GrowUpPotential5_3#0,"""Millennium Blaze Lv.3"""
item_GrowUpPotential5_4#0,"""Millennium Blaze Lv.4"""
item_GrowUpPotential5_5#0,"""Millennium Blaze Lv.5"""
item_FullHealBonus4_1#0,"""Darkness Release Lv.1"""
item_FullHealBonus4_2#0,"""Darkness Release Lv.2"""
item_FullHealBonus4_3#0,"""Darkness Release Lv.3"""
item_FullHealBonus4_4#0,"""Darkness Release Lv.4"""
item_FullHealBonus4_5#0,"""Darkness Release Lv.5"""
item_FullHealBonus5_1#0,"""Heavenly Radiance Lv.1"""
item_FullHealBonus5_2#0,"""Heavenly Radiance Lv.2"""
item_FullHealBonus5_3#0,"""Heavenly Radiance Lv.3"""
item_FullHealBonus5_4#0,"""Heavenly Radiance Lv.4"""
item_FullHealBonus5_5#0,"""Heavenly Radiance Lv.5"""
item_FullHealBonus6_1#0,"""Astral Blessing Lv.1"""
item_FullHealBonus6_2#0,"""Astral Blessing Lv.2"""
item_FullHealBonus6_3#0,"""Astral Blessing Lv.3"""
item_FullHealBonus6_4#0,"""Astral Blessing Lv.4"""
item_FullHealBonus6_5#0,"""Astral Blessing Lv.5"""
item_FlameJustAttack_1#0,"""Unset Potential"""
item_FlameJustAttack_2#0,"""Unset Potential"""
item_FlameJustAttack_3#0,"""Unset Potential"""
item_FlameJustAttack_4#0,"""Unset Potential"""
item_FlameJustAttack_5#0,"""Unset Potential"""
item_WeaponManeuverRefine_1#0,"""Readying Balance Lv.1"""
item_WeaponManeuverRefine_2#0,"""Readying Balance Lv.2"""
item_WeaponManeuverRefine_3#0,"""Readying Balance Lv.3"""
item_WeaponManeuverRefine_4#0,"""Readying Balance Lv.4"""
item_WeaponManeuverRefine_5#0,"""Readying Balance Lv.5"""
item_FavoriteClassBoost_1#0,"""Fighter's Tactics Lv.1"""
item_FavoriteClassBoost_2#0,"""Fighter's Tactics Lv.2"""
item_FavoriteClassBoost_3#0,"""Fighter's Tactics Lv.3"""
item_FavoriteClassBoost_4#0,"""Fighter's Tactics Lv.4"""
item_FavoriteClassBoost_5#0,"""Fighter's Tactics Lv.5"""
item_FavoriteClassBoost2_1#0,"""Braver's Tactics Lv.1"""
item_FavoriteClassBoost2_2#0,"""Braver's Tactics Lv.2"""
item_FavoriteClassBoost2_3#0,"""Braver's Tactics Lv.3"""
item_FavoriteClassBoost2_4#0,"""Braver's Tactics Lv.4"""
item_FavoriteClassBoost2_5#0,"""Braver's Tactics Lv.5"""
item_SlashChute_1#0,"""Dissipating Wave Lv.1"""
item_SlashChute_2#0,"""Dissipating Wave Lv.2"""
item_SlashChute_3#0,"""Dissipating Wave Lv.3"""
item_SlashChute_4#0,"""Dissipating Wave Lv.4"""
item_SlashChute_5#0,"""Dissipating Wave Lv.5"""
item_GrowUpPotential2_1#0,"""Photon Vessel Lv.1"""
item_GrowUpPotential2_2#0,"""Photon Vessel Lv.2"""
item_GrowUpPotential2_3#0,"""Photon Vessel Lv.3"""
item_GrowUpPotential2_4#0,"""Photon Vessel Lv.4"""
item_GrowUpPotential2_5#0,"""Photon Vessel Lv.5"""
item_GrowUpPotential6_1#0,"""Unbending Spirit Lv.1"""
item_GrowUpPotential6_2#0,"""Unbending Spirit Lv.2"""
item_GrowUpPotential6_3#0,"""Unbending Spirit Lv.3"""
item_GrowUpPotential6_4#0,"""Unbending Spirit Lv.4"""
item_GrowUpPotential6_5#0,"""Unbending Spirit Lv.5"""
item_GrowUpPotential7_1#0,"""Battle Meditation Lv.1"""
item_GrowUpPotential7_2#0,"""Battle Meditation Lv.2"""
item_GrowUpPotential7_3#0,"""Battle Meditation Lv.3"""
item_GrowUpPotential7_4#0,"""Battle Meditation Lv.4"""
item_GrowUpPotential7_5#0,"""Battle Meditation Lv.5"""
item_GrowUpPotential8_1#0,"""Soul Formation Lv.1"""
item_GrowUpPotential8_2#0,"""Soul Formation Lv.2"""
item_GrowUpPotential8_3#0,"""Soul Formation Lv.3"""
item_GrowUpPotential8_4#0,"""Soul Formation Lv.4"""
item_GrowUpPotential8_5#0,"""Soul Formation Lv.5"""
item_GrowUpPotential3_1#0,"""Emancipating Wind Lv.1"""
item_GrowUpPotential3_2#0,"""Emancipating Wind Lv.2"""
item_GrowUpPotential3_3#0,"""Emancipating Wind Lv.3"""
item_GrowUpPotential3_4#0,"""Emancipating Wind Lv.4"""
item_GrowUpPotential3_5#0,"""Emancipating Wind Lv.5"""
item_BestRangeBonusCritical_1#0,"""Stormy Grafter Lv.1"""
item_BestRangeBonusCritical_2#0,"""Stormy Grafter Lv.2"""
item_BestRangeBonusCritical_3#0,"""Stormy Grafter Lv.3"""
item_BestRangeBonusCritical_4#0,"""Stormy Grafter Lv.4"""
item_BestRangeBonusCritical_5#0,"""Stormy Grafter Lv.5"""
item_BestRangeBonusCritical2_1#0,"""Stormy Striker Lv.1"""
item_BestRangeBonusCritical2_2#0,"""Stormy Striker Lv.2"""
item_BestRangeBonusCritical2_3#0,"""Stormy Striker Lv.3"""
item_BestRangeBonusCritical2_4#0,"""Stormy Striker Lv.4"""
item_BestRangeBonusCritical2_5#0,"""Stormy Striker Lv.5"""
item_BestRangeBonusCritical3_1#0,"""Stormy Sniper Lv.1"""
item_BestRangeBonusCritical3_2#0,"""Stormy Sniper Lv.2"""
item_BestRangeBonusCritical3_3#0,"""Stormy Sniper Lv.3"""
item_BestRangeBonusCritical3_4#0,"""Stormy Sniper Lv.4"""
item_BestRangeBonusCritical3_5#0,"""Stormy Sniper Lv.5"""
item_AvoidStanceAttack_1#0,"""Offensive Inspiration Lv.1"""
item_AvoidStanceAttack_2#0,"""Offensive Inspiration Lv.2"""
item_AvoidStanceAttack_3#0,"""Offensive Inspiration Lv.3"""
item_AvoidStanceAttack_4#0,"""Offensive Inspiration Lv.4"""
item_AvoidStanceAttack_5#0,"""Offensive Inspiration Lv.5"""
item_AvoidStanceShoot_1#0,"""Offensive Reverence Lv.1"""
item_AvoidStanceShoot_2#0,"""Offensive Reverence Lv.2"""
item_AvoidStanceShoot_3#0,"""Offensive Reverence Lv.3"""
item_AvoidStanceShoot_4#0,"""Offensive Reverence Lv.4"""
item_AvoidStanceShoot_5#0,"""Offensive Reverence Lv.5"""
item_AvoidStanceTec_1#0,"""Offensive Approach Lv.1"""
item_AvoidStanceTec_2#0,"""Offensive Approach Lv.2"""
item_AvoidStanceTec_3#0,"""Offensive Approach Lv.3"""
item_AvoidStanceTec_4#0,"""Offensive Approach Lv.4"""
item_AvoidStanceTec_5#0,"""Offensive Approach Lv.5"""
item_PpOverDriveMother_1#0,"""Limit Release Lv.1"""
item_PpOverDriveMother_2#0,"""Limit Release Lv.2"""
item_PpOverDriveMother_3#0,"""Limit Release Lv.3"""
item_PpOverDriveMother_4#0,"""Limit Release Lv.4"""
item_PpOverDriveMother_5#0,"""Limit Release Lv.5"""
item_PpOverDriveMother2_1#0,"""Inspiring Light Lv.1"""
item_PpOverDriveMother2_2#0,"""Inspiring Light Lv.2"""
item_PpOverDriveMother2_3#0,"""Inspiring Light Lv.3"""
item_PpOverDriveMother2_4#0,"""Inspiring Light Lv.4"""
item_PpOverDriveMother2_5#0,"""Inspiring Light Lv.5"""
item_PpOverDriveMother3_1#0,"""Advancing Strike Lv.1"""
item_PpOverDriveMother3_2#0,"""Advancing Strike Lv.2"""
item_PpOverDriveMother3_3#0,"""Advancing Strike Lv.3"""
item_PpOverDriveMother3_4#0,"""Advancing Strike Lv.4"""
item_PpOverDriveMother3_5#0,"""Advancing Strike Lv.5"""
item_PhotonFlareBoostRefine_1#0,"""Guidance to Wisdom Lv.1"""
item_PhotonFlareBoostRefine_2#0,"""Guidance to Wisdom Lv.2"""
item_PhotonFlareBoostRefine_3#0,"""Guidance to Wisdom Lv.3"""
item_PhotonFlareBoostRefine_4#0,"""Guidance to Wisdom Lv.4"""
item_PhotonFlareBoostRefine_5#0,"""Guidance to Wisdom Lv.5"""
item_GroundAirBoost1_1#0,"""Earthly Treasure Lv.1"""
item_GroundAirBoost1_2#0,"""Earthly Treasure Lv.2"""
item_GroundAirBoost1_3#0,"""Earthly Treasure Lv.3"""
item_GroundAirBoost1_4#0,"""Earthly Treasure Lv.4"""
item_GroundAirBoost1_5#0,"""Earthly Treasure Lv.5"""
item_GroundAirBoost2_1#0,"""Shadowclad Wings Lv.1"""
item_GroundAirBoost2_2#0,"""Shadowclad Wings Lv.2"""
item_GroundAirBoost2_3#0,"""Shadowclad Wings Lv.3"""
item_GroundAirBoost2_4#0,"""Shadowclad Wings Lv.4"""
item_GroundAirBoost2_5#0,"""Shadowclad Wings Lv.5"""
item_GroundAirBoost3_1#0,"""Divine Radiance Lv.1"""
item_GroundAirBoost3_2#0,"""Divine Radiance Lv.2"""
item_GroundAirBoost3_3#0,"""Divine Radiance Lv.3"""
item_GroundAirBoost3_4#0,"""Divine Radiance Lv.4"""
item_GroundAirBoost3_5#0,"""Divine Radiance Lv.5"""
item_GroundAirBoost4_1#0,"""Kicking Dimensional Dragon Lv.1"""
item_GroundAirBoost4_2#0,"""Kicking Dimensional Dragon Lv.2"""
item_GroundAirBoost4_3#0,"""Kicking Dimensional Dragon Lv.3"""
item_GroundAirBoost4_4#0,"""Kicking Dimensional Dragon Lv.4"""
item_GroundAirBoost4_5#0,"""Kicking Dimensional Dragon Lv.5"""
item_GroundAirBoost5_1#0,"""Night Wind Spellblades Lv.1"""
item_GroundAirBoost5_2#0,"""Night Wind Spellblades Lv.2"""
item_GroundAirBoost5_3#0,"""Night Wind Spellblades Lv.3"""
item_GroundAirBoost5_4#0,"""Night Wind Spellblades Lv.4"""
item_GroundAirBoost5_5#0,"""Night Wind Spellblades Lv.5"""
item_FullHealBonus7_1#0,"""Shredding Shields Lv.1"""
item_FullHealBonus7_2#0,"""Shredding Shields Lv.2"""
item_FullHealBonus7_3#0,"""Shredding Shields Lv.3"""
item_FullHealBonus7_4#0,"""Shredding Shields Lv.4"""
item_FullHealBonus7_5#0,"""Shredding Shields Lv.5"""
item_FullHealBonus8_1#0,"""Meteoric Blast Lv.1"""
item_FullHealBonus8_2#0,"""Meteoric Blast Lv.2"""
item_FullHealBonus8_3#0,"""Meteoric Blast Lv.3"""
item_FullHealBonus8_4#0,"""Meteoric Blast Lv.4"""
item_FullHealBonus8_5#0,"""Meteoric Blast Lv.5"""
item_FullHealBonus9_1#0,"""Heavenly Dawnlight Lv.1"""
item_FullHealBonus9_2#0,"""Heavenly Dawnlight Lv.2"""
item_FullHealBonus9_3#0,"""Heavenly Dawnlight Lv.3"""
item_FullHealBonus9_4#0,"""Heavenly Dawnlight Lv.4"""
item_FullHealBonus9_5#0,"""Heavenly Dawnlight Lv.5"""
item_FullHealBonus10_1#0,"""Unset Potential Lv.1"""
item_FullHealBonus10_2#0,"""Unset Potential Lv.2"""
item_FullHealBonus10_3#0,"""Unset Potential Lv.3"""
item_FullHealBonus10_4#0,"""Unset Potential Lv.4"""
item_FullHealBonus10_5#0,"""Unset Potential Lv.5"""
item_FullHealBonus11_1#0,"""Unset Potential Lv.1"""
item_FullHealBonus11_2#0,"""Unset Potential Lv.2"""
item_FullHealBonus11_3#0,"""Unset Potential Lv.3"""
item_FullHealBonus11_4#0,"""Unset Potential Lv.4"""
item_FullHealBonus11_5#0,"""Unset Potential Lv.5"""
item_FullHealBonus12_1#0,"""Unset Potential Lv.1"""
item_FullHealBonus12_2#0,"""Unset Potential Lv.2"""
item_FullHealBonus12_3#0,"""Unset Potential Lv.3"""
item_FullHealBonus12_4#0,"""Unset Potential Lv.4"""
item_FullHealBonus12_5#0,"""Unset Potential Lv.5"""
item_HalfLineBerserk_1#0,"""Indomitable Soul Lv.1"""
item_HalfLineBerserk_2#0,"""Indomitable Soul Lv.2"""
item_HalfLineBerserk_3#0,"""Indomitable Soul Lv.3"""
item_HalfLineBerserk_4#0,"""Indomitable Soul Lv.4"""
item_HalfLineBerserk_5#0,"""Indomitable Soul Lv.5"""
item_ElementWeapon1_1#0,"""Elem. Tracker - Ltn Light Lv.1"""
item_ElementWeapon1_2#0,"""Elem. Tracker - Ltn Light Lv.2"""
item_ElementWeapon1_3#0,"""Elem. Tracker - Ltn Light Lv.3"""
item_ElementWeapon1_4#0,"""Elem. Tracker - Ltn Light Lv.4"""
item_ElementWeapon1_5#0,"""Elem. Tracker - Ltn Light Lv.5"""
item_ElementWeapon2_1#0,"""Elem. Tracker - Ice Light Lv.1"""
item_ElementWeapon2_2#0,"""Elem. Tracker - Ice Light Lv.2"""
item_ElementWeapon2_3#0,"""Elem. Tracker - Ice Light Lv.3"""
item_ElementWeapon2_4#0,"""Elem. Tracker - Ice Light Lv.4"""
item_ElementWeapon2_5#0,"""Elem. Tracker - Ice Light Lv.5"""
item_ElementWeapon3_1#0,"""Elem. Tracker - Dark Light Lv.1"""
item_ElementWeapon3_2#0,"""Elem. Tracker - Dark Light Lv.2"""
item_ElementWeapon3_3#0,"""Elem. Tracker - Dark Light Lv.3"""
item_ElementWeapon3_4#0,"""Elem. Tracker - Dark Light Lv.4"""
item_ElementWeapon3_5#0,"""Elem. Tracker - Dark Light Lv.5"""
item_ElementWeapon4_1#0,"""Elem. Tracker - Fire Light Lv.1"""
item_ElementWeapon4_2#0,"""Elem. Tracker - Fire Light Lv.2"""
item_ElementWeapon4_3#0,"""Elem. Tracker - Fire Light Lv.3"""
item_ElementWeapon4_4#0,"""Elem. Tracker - Fire Light Lv.4"""
item_ElementWeapon4_5#0,"""Elem. Tracker - Fire Light Lv.5"""
item_ElementWeapon5_1#0,"""Elem. Tracker - Fire Wind Lv.1"""
item_ElementWeapon5_2#0,"""Elem. Tracker - Fire Wind Lv.2"""
item_ElementWeapon5_3#0,"""Elem. Tracker - Fire Wind Lv.3"""
item_ElementWeapon5_4#0,"""Elem. Tracker - Fire Wind Lv.4"""
item_ElementWeapon5_5#0,"""Elem. Tracker - Fire Wind Lv.5"""
item_ElementWeapon6_1#0,"""Elem. Tracker - Dark Wind Lv.1"""
item_ElementWeapon6_2#0,"""Elem. Tracker - Dark Wind Lv.2"""
item_ElementWeapon6_3#0,"""Elem. Tracker - Dark Wind Lv.3"""
item_ElementWeapon6_4#0,"""Elem. Tracker - Dark Wind Lv.4"""
item_ElementWeapon6_5#0,"""Elem. Tracker - Dark Wind Lv.5"""
item_ElementWeapon7_1#0,"""Elem. Tracker - Fire Ltn Lv.1"""
item_ElementWeapon7_2#0,"""Elem. Tracker - Fire Ltn Lv.2"""
item_ElementWeapon7_3#0,"""Elem. Tracker - Fire Ltn Lv.3"""
item_ElementWeapon7_4#0,"""Elem. Tracker - Fire Ltn Lv.4"""
item_ElementWeapon7_5#0,"""Elem. Tracker - Fire Ltn Lv.5"""
item_ElementWeapon8_1#0,"""Elem. Tracker - Ice Ltn Lv.1"""
item_ElementWeapon8_2#0,"""Elem. Tracker - Ice Ltn Lv.2"""
item_ElementWeapon8_3#0,"""Elem. Tracker - Ice Ltn Lv.3"""
item_ElementWeapon8_4#0,"""Elem. Tracker - Ice Ltn Lv.4"""
item_ElementWeapon8_5#0,"""Elem. Tracker - Ice Ltn Lv.5"""
item_ElementWeapon9_1#0,"""Elem. Tracker - Wind Light Lv.1"""
item_ElementWeapon9_2#0,"""Elem. Tracker - Wind Light Lv.2"""
item_ElementWeapon9_3#0,"""Elem. Tracker - Wind Light Lv.3"""
item_ElementWeapon9_4#0,"""Elem. Tracker - Wind Light Lv.4"""
item_ElementWeapon9_5#0,"""Elem. Tracker - Wind Light Lv.5"""
item_ElementWeapon10_1#0,"""Elem. Tracker - Ice Wind Lv.1"""
item_ElementWeapon10_2#0,"""Elem. Tracker - Ice Wind Lv.2"""
item_ElementWeapon10_3#0,"""Elem. Tracker - Ice Wind Lv.3"""
item_ElementWeapon10_4#0,"""Elem. Tracker - Ice Wind Lv.4"""
item_ElementWeapon10_5#0,"""Elem. Tracker - Ice Wind Lv.5"""
item_ElementWeapon11_1#0,"""Elem. Tracker - Ltn Dark Lv.1"""
item_ElementWeapon11_2#0,"""Elem. Tracker - Ltn Dark Lv.2"""
item_ElementWeapon11_3#0,"""Elem. Tracker - Ltn Dark Lv.3"""
item_ElementWeapon11_4#0,"""Elem. Tracker - Ltn Dark Lv.4"""
item_ElementWeapon11_5#0,"""Elem. Tracker - Ltn Dark Lv.5"""
item_ElementWeapon12_1#0,"""Elem. Tracker - Fire Dark Lv.1"""
item_ElementWeapon12_2#0,"""Elem. Tracker - Fire Dark Lv.2"""
item_ElementWeapon12_3#0,"""Elem. Tracker - Fire Dark Lv.3"""
item_ElementWeapon12_4#0,"""Elem. Tracker - Fire Dark Lv.4"""
item_ElementWeapon12_5#0,"""Elem. Tracker - Fire Dark Lv.5"""
item_ElementWeapon13_1#0,"""Elem. Tracker - Fire Ice Lv.1"""
item_ElementWeapon13_2#0,"""Elem. Tracker - Fire Ice Lv.2"""
item_ElementWeapon13_3#0,"""Elem. Tracker - Fire Ice Lv.3"""
item_ElementWeapon13_4#0,"""Elem. Tracker - Fire Ice Lv.4"""
item_ElementWeapon13_5#0,"""Elem. Tracker - Fire Ice Lv.5"""
item_ElementWeapon14_1#0,"""Sparking Offensive Lv.1"""
item_ElementWeapon14_2#0,"""Sparking Offensive Lv.2"""
item_ElementWeapon14_3#0,"""Sparking Offensive Lv.3"""
item_ElementWeapon14_4#0,"""Sparking Offensive Lv.4"""
item_ElementWeapon14_5#0,"""Sparking Offensive Lv.5"""
item_ElementWeapon15_1#0,"""Innocent Wings Lv.1"""
item_ElementWeapon15_2#0,"""Innocent Wings Lv.2"""
item_ElementWeapon15_3#0,"""Innocent Wings Lv.3"""
item_ElementWeapon15_4#0,"""Innocent Wings Lv.4"""
item_ElementWeapon15_5#0,"""Innocent Wings Lv.5"""
item_ElementWeapon16_1#0,"""Thunderblade Knight Lv.1"""
item_ElementWeapon16_2#0,"""Thunderblade Knight Lv.2"""
item_ElementWeapon16_3#0,"""Thunderblade Knight Lv.3"""
item_ElementWeapon16_4#0,"""Thunderblade Knight Lv.4"""
item_ElementWeapon16_5#0,"""Thunderblade Knight Lv.5"""
item_PpOverDriveMotherRefine_1#0,"""Starlight Remnants Lv.1"""
item_PpOverDriveMotherRefine_2#0,"""Starlight Remnants Lv.2"""
item_PpOverDriveMotherRefine_3#0,"""Starlight Remnants Lv.3"""
item_PpOverDriveMotherRefine_4#0,"""Starlight Remnants Lv.4"""
item_PpOverDriveMotherRefine_5#0,"""Starlight Remnants Lv.5"""
item_TactPotential_1#0,"""Snowfall Splendor Lv.1"""
item_TactPotential_2#0,"""Snowfall Splendor Lv.2"""
item_TactPotential_3#0,"""Snowfall Splendor Lv.3"""
item_TactPotential_4#0,"""Snowfall Splendor Lv.4"""
item_TactPotential_5#0,"""Snowfall Splendor Lv.5"""
item_AbnormalAttack4_1#0,"""Jester's Mischief Lv.1"""
item_AbnormalAttack4_2#0,"""Jester's Mischief Lv.2"""
item_AbnormalAttack4_3#0,"""Jester's Mischief Lv.3"""
item_AbnormalAttack4_4#0,"""Jester's Mischief Lv.4"""
item_AbnormalAttack4_5#0,"""Jester's Mischief Lv.5"""
item_AbnormalAttack7_1#0,"""Snow-White Sacrifice Lv.1"""
item_AbnormalAttack7_2#0,"""Snow-White Sacrifice Lv.2"""
item_AbnormalAttack7_3#0,"""Snow-White Sacrifice Lv.3"""
item_AbnormalAttack7_4#0,"""Snow-White Sacrifice Lv.4"""
item_AbnormalAttack7_5#0,"""Snow-White Sacrifice Lv.5"""
item_AbnormalAttack8_1#0,"""Snowlight Blossom Lv.1"""
item_AbnormalAttack8_2#0,"""Snowlight Blossom Lv.2"""
item_AbnormalAttack8_3#0,"""Snowlight Blossom Lv.3"""
item_AbnormalAttack8_4#0,"""Snowlight Blossom Lv.4"""
item_AbnormalAttack8_5#0,"""Snowlight Blossom Lv.5"""
item_KatanaGearUp_1#0,"""Zephyr's Edge Lv.1"""
item_KatanaGearUp_2#0,"""Zephyr's Edge Lv.2"""
item_KatanaGearUp_3#0,"""Zephyr's Edge Lv.3"""
item_KatanaGearUp_4#0,"""Zephyr's Edge Lv.4"""
item_KatanaGearUp_5#0,"""Zephyr's Edge Lv.5"""
item_KatanaGearUp2_1#0,"""Zephyr's Edge Plus Lv.1"""
item_KatanaGearUp2_2#0,"""Zephyr's Edge Plus Lv.2"""
item_KatanaGearUp2_3#0,"""Zephyr's Edge Plus Lv.3"""
item_KatanaGearUp2_4#0,"""Zephyr's Edge Plus Lv.4"""
item_KatanaGearUp2_5#0,"""Zephyr's Edge Plus Lv.5"""
item_ElementConversionPlus_1#0,"""Eternal Operation Device Lv.1"""
item_ElementConversionPlus_2#0,"""Eternal Operation Device Lv.2"""
item_ElementConversionPlus_3#0,"""Eternal Operation Device Lv.3"""
item_ElementConversionPlus_4#0,"""Eternal Operation Device Lv.4"""
item_ElementConversionPlus_5#0,"""Eternal Operation Device Lv.5"""
item_ElementConversionPlus2_1#0,"""Eternal Operation Device Plus Lv.1"""
item_ElementConversionPlus2_2#0,"""Eternal Operation Device Plus Lv.2"""
item_ElementConversionPlus2_3#0,"""Eternal Operation Device Plus Lv.3"""
item_ElementConversionPlus2_4#0,"""Eternal Operation Device Plus Lv.4"""
item_ElementConversionPlus2_5#0,"""Eternal Operation Device Plus Lv.5"""
item_WideShot_1#0,"""Antique Shot Lv.1"""
item_WideShot_2#0,"""Antique Shot Lv.2"""
item_WideShot_3#0,"""Antique Shot Lv.3"""
item_WideShot_4#0,"""Antique Shot Lv.4"""
item_WideShot_5#0,"""Antique Shot Lv.5"""
item_WideShot2_1#0,"""Antique Shot Plus Lv.1"""
item_WideShot2_2#0,"""Antique Shot Plus Lv.2"""
item_WideShot2_3#0,"""Antique Shot Plus Lv.3"""
item_WideShot2_4#0,"""Antique Shot Plus Lv.4"""
item_WideShot2_5#0,"""Antique Shot Plus Lv.5"""
item_QuestSpecial_1#0,"""Perennial Conqueror Lv.1"""
item_QuestSpecial_2#0,"""Perennial Conqueror Lv.2"""
item_QuestSpecial_3#0,"""Perennial Conqueror Lv.3"""
item_QuestSpecial_4#0,"""Perennial Conqueror Lv.4"""
item_QuestSpecial_5#0,"""Perennial Conqueror Lv.5"""
item_AbilityCount_1#0,"""Evolution Trainer Lv.1"""
item_AbilityCount_2#0,"""Evolution Trainer Lv.2"""
item_AbilityCount_3#0,"""Evolution Trainer Lv.3"""
item_AbilityCount_4#0,"""Evolution Trainer Lv.4"""
item_AbilityCount_5#0,"""Evolution Trainer Lv.5"""
item_BattleAccumulation_1#0,"""Refining Operation Lv.1"""
item_BattleAccumulation_2#0,"""Refining Operation Lv.2"""
item_BattleAccumulation_3#0,"""Refining Operation Lv.3"""
item_BattleAccumulation_4#0,"""Refining Operation Lv.4"""
item_BattleAccumulation_5#0,"""Refining Operation Lv.5"""
item_InheritanceUp_1#0,"""Guidance of Life Lv.1"""
item_InheritanceUp_2#0,"""Guidance of Life Lv.2"""
item_InheritanceUp_3#0,"""Guidance of Life Lv.3"""
item_InheritanceUp_4#0,"""Guidance of Life Lv.4"""
item_InheritanceUp_5#0,"""Guidance of Life Lv.5"""
item_SpecialExtend1_1#0,"""Anthesis Trainer Lv.1"""
item_SpecialExtend1_2#0,"""Anthesis Trainer Lv.2"""
item_SpecialExtend1_3#0,"""Anthesis Trainer Lv.3"""
item_SpecialExtend1_4#0,"""Anthesis Trainer Lv.4"""
item_SpecialExtend1_5#0,"""Anthesis Trainer Lv.5"""
item_SpecialExtend2_1#0,"""Anthesis Trainer Lv.1"""
item_SpecialExtend2_2#0,"""Anthesis Trainer Lv.2"""
item_SpecialExtend2_3#0,"""Anthesis Trainer Lv.3"""
item_SpecialExtend2_4#0,"""Anthesis Trainer Lv.4"""
item_SpecialExtend2_5#0,"""Anthesis Trainer Lv.5"""
item_StUpShare1_1#0,"""Blessing of Life Lv.1"""
item_StUpShare1_2#0,"""Blessing of Life Lv.2"""
item_StUpShare1_3#0,"""Blessing of Life Lv.3"""
item_StUpShare1_4#0,"""Blessing of Life Lv.4"""
item_StUpShare1_5#0,"""Blessing of Life Lv.5"""
item_StUpShare2_1#0,"""Melody of Life Lv.1"""
item_StUpShare2_2#0,"""Melody of Life Lv.2"""
item_StUpShare2_3#0,"""Melody of Life Lv.3"""
item_StUpShare2_4#0,"""Melody of Life Lv.4"""
item_StUpShare2_5#0,"""Melody of Life Lv.5"""
item_TactStatusUp1_1#0,"""Melody of Evil Lv.1"""
item_TactStatusUp1_2#0,"""Melody of Evil Lv.2"""
item_TactStatusUp1_3#0,"""Melody of Evil Lv.3"""
item_TactStatusUp1_4#0,"""Melody of Evil Lv.4"""
item_TactStatusUp1_5#0,"""Melody of Evil Lv.5"""
item_TactStatusUp2_1#0,"""Melody of Evil Lv.1"""
item_TactStatusUp2_2#0,"""Melody of Evil Lv.2"""
item_TactStatusUp2_3#0,"""Melody of Evil Lv.3"""
item_TactStatusUp2_4#0,"""Melody of Evil Lv.4"""
item_TactStatusUp2_5#0,"""Melody of Evil Lv.5"""
item_KamaitachiBoost_1#0,"""Double Scarlet Blade Lv.1"""
item_KamaitachiBoost_2#0,"""Double Scarlet Blade Lv.2"""
item_KamaitachiBoost_3#0,"""Double Scarlet Blade Lv.3"""
item_KamaitachiBoost_4#0,"""Double Scarlet Blade Lv.4"""
item_KamaitachiBoost_5#0,"""Double Scarlet Blade Lv.5"""
item_KamaitachiBoost2_1#0,"""Double Scarlet Blade Plus Lv.1"""
item_KamaitachiBoost2_2#0,"""Double Scarlet Blade Plus Lv.2"""
item_KamaitachiBoost2_3#0,"""Double Scarlet Blade Plus Lv.3"""
item_KamaitachiBoost2_4#0,"""Double Scarlet Blade Plus Lv.4"""
item_KamaitachiBoost2_5#0,"""Double Scarlet Blade Plus Lv.5"""
item_SaberStyle_1#0,"""Mysterious Conjurer Lv.1"""
item_SaberStyle_2#0,"""Mysterious Conjurer Lv.2"""
item_SaberStyle_3#0,"""Mysterious Conjurer Lv.3"""
item_SaberStyle_4#0,"""Mysterious Conjurer Lv.4"""
item_SaberStyle_5#0,"""Mysterious Conjurer Lv.5"""
item_SaberStyle2_1#0,"""Mysterious Conjurer Plus Lv.1"""
item_SaberStyle2_2#0,"""Mysterious Conjurer Plus Lv.2"""
item_SaberStyle2_3#0,"""Mysterious Conjurer Plus Lv.3"""
item_SaberStyle2_4#0,"""Mysterious Conjurer Plus Lv.4"""
item_SaberStyle2_5#0,"""Mysterious Conjurer Plus Lv.5"""
item_AutoTecSupport_1#0,"""Glance of Darkness Lv.1"""
item_AutoTecSupport_2#0,"""Glance of Darkness Lv.2"""
item_AutoTecSupport_3#0,"""Glance of Darkness Lv.3"""
item_AutoTecSupport_4#0,"""Glance of Darkness Lv.4"""
item_AutoTecSupport_5#0,"""Glance of Darkness Lv.5"""
item_AutoTecSupport2_1#0,"""Glance of Darkness Plus Lv.1"""
item_AutoTecSupport2_2#0,"""Glance of Darkness Plus Lv.2"""
item_AutoTecSupport2_3#0,"""Glance of Darkness Plus Lv.3"""
item_AutoTecSupport2_4#0,"""Glance of Darkness Plus Lv.4"""
item_AutoTecSupport2_5#0,"""Glance of Darkness Plus Lv.5"""
item_ChainTriggerAdvance_1#0,"""Monsoon Machinegun Lv.1"""
item_ChainTriggerAdvance_2#0,"""Monsoon Machinegun Lv.2"""
item_ChainTriggerAdvance_3#0,"""Monsoon Machinegun Lv.3"""
item_ChainTriggerAdvance_4#0,"""Monsoon Machinegun Lv.4"""
item_ChainTriggerAdvance_5#0,"""Monsoon Machinegun Lv.5"""
item_ChainTriggerAdvance2_1#0,"""Monsoon Machinegun Plus Lv.1"""
item_ChainTriggerAdvance2_2#0,"""Monsoon Machinegun Plus Lv.2"""
item_ChainTriggerAdvance2_3#0,"""Monsoon Machinegun Plus Lv.3"""
item_ChainTriggerAdvance2_4#0,"""Monsoon Machinegun Plus Lv.4"""
item_ChainTriggerAdvance2_5#0,"""Monsoon Machinegun Plus Lv.5"""
item_GearGuardChange_1#0,"""Natural Release Lv.1"""
item_GearGuardChange_2#0,"""Natural Release Lv.2"""
item_GearGuardChange_3#0,"""Natural Release Lv.3"""
item_GearGuardChange_4#0,"""Natural Release Lv.4"""
item_GearGuardChange_5#0,"""Natural Release Lv.5"""
item_GearGuardChange2_1#0,"""Natural Release Plus Lv.1"""
item_GearGuardChange2_2#0,"""Natural Release Plus Lv.2"""
item_GearGuardChange2_3#0,"""Natural Release Plus Lv.3"""
item_GearGuardChange2_4#0,"""Natural Release Plus Lv.4"""
item_GearGuardChange2_5#0,"""Natural Release Plus Lv.5"""
item_AutoPhotonShot_1#0,"""Thundering Blades Lv.1"""
item_AutoPhotonShot_2#0,"""Thundering Blades Lv.2"""
item_AutoPhotonShot_3#0,"""Thundering Blades Lv.3"""
item_AutoPhotonShot_4#0,"""Thundering Blades Lv.4"""
item_AutoPhotonShot_5#0,"""Thundering Blades Lv.5"""
item_AutoPhotonShot2_1#0,"""Thundering Blades Plus Lv.1"""
item_AutoPhotonShot2_2#0,"""Thundering Blades Plus Lv.2"""
item_AutoPhotonShot2_3#0,"""Thundering Blades Plus Lv.3"""
item_AutoPhotonShot2_4#0,"""Thundering Blades Plus Lv.4"""
item_AutoPhotonShot2_5#0,"""Thundering Blades Plus Lv.5"""
item_CountDamageUp_1#0,"""Advancing Merit Lv.1"""
item_CountDamageUp_2#0,"""Advancing Merit Lv.2"""
item_CountDamageUp_3#0,"""Advancing Merit Lv.3"""
item_CountDamageUp_4#0,"""Advancing Merit Lv.4"""
item_CountDamageUp_5#0,"""Advancing Merit Lv.5"""
item_WeakHitAdvanceRefine_1#0,"""Murderous Raid Lv.1"""
item_WeakHitAdvanceRefine_2#0,"""Murderous Raid Lv.2"""
item_WeakHitAdvanceRefine_3#0,"""Murderous Raid Lv.3"""
item_WeakHitAdvanceRefine_4#0,"""Murderous Raid Lv.4"""
item_WeakHitAdvanceRefine_5#0,"""Murderous Raid Lv.5"""
item_RegenerationExtend3_1#0,"""Hope Symbol Lv.1"""
item_RegenerationExtend3_2#0,"""Hope Symbol Lv.2"""
item_RegenerationExtend3_3#0,"""Hope Symbol Lv.3"""
item_RegenerationExtend3_4#0,"""Hope Symbol Lv.4"""
item_RegenerationExtend3_5#0,"""Hope Symbol Lv.5"""
item_AbilityCount2_1#0,"""Tempering Trainer Lv.1"""
item_AbilityCount2_2#0,"""Tempering Trainer Lv.2"""
item_AbilityCount2_3#0,"""Tempering Trainer Lv.3"""
item_AbilityCount2_4#0,"""Tempering Trainer Lv.4"""
item_AbilityCount2_5#0,"""Tempering Trainer Lv.5"""
item_KillingPPRecovery1_1#0,"""Deathblow Fury Lv.1"""
item_KillingPPRecovery1_2#0,"""Deathblow Fury Lv.2"""
item_KillingPPRecovery1_3#0,"""Deathblow Fury Lv.3"""
item_KillingPPRecovery1_4#0,"""Deathblow Fury Lv.4"""
item_KillingPPRecovery1_5#0,"""Deathblow Fury Lv.5"""
item_KillingPPRecovery2_1#0,"""Deathblow Fury - Defense Lv.1"""
item_KillingPPRecovery2_2#0,"""Deathblow Fury - Defense Lv.2"""
item_KillingPPRecovery2_3#0,"""Deathblow Fury - Defense Lv.3"""
item_KillingPPRecovery2_4#0,"""Deathblow Fury - Defense Lv.4"""
item_KillingPPRecovery2_5#0,"""Deathblow Fury - Defense Lv.5"""
item_KillingPPRecovery3_1#0,"""Deathblow Fury - Adv. Attack Lv.1"""
item_KillingPPRecovery3_2#0,"""Deathblow Fury - Adv. Attack Lv.2"""
item_KillingPPRecovery3_3#0,"""Deathblow Fury - Adv. Attack Lv.3"""
item_KillingPPRecovery3_4#0,"""Deathblow Fury - Adv. Attack Lv.4"""
item_KillingPPRecovery3_5#0,"""Deathblow Fury - Adv. Attack Lv.5"""
item_KillingPPRecoveryTakt1_1#0,"""Deathblow Honor Lv.1"""
item_KillingPPRecoveryTakt1_2#0,"""Deathblow Honor Lv.2"""
item_KillingPPRecoveryTakt1_3#0,"""Deathblow Honor Lv.3"""
item_KillingPPRecoveryTakt1_4#0,"""Deathblow Honor Lv.4"""
item_KillingPPRecoveryTakt1_5#0,"""Deathblow Honor Lv.5"""
item_KillingPPRecoveryTakt2_1#0,"""Deathblow Honor - Defense Lv.1"""
item_KillingPPRecoveryTakt2_2#0,"""Deathblow Honor - Defense Lv.2"""
item_KillingPPRecoveryTakt2_3#0,"""Deathblow Honor - Defense Lv.3"""
item_KillingPPRecoveryTakt2_4#0,"""Deathblow Honor - Defense Lv.4"""
item_KillingPPRecoveryTakt2_5#0,"""Deathblow Honor - Defense Lv.5"""
item_KillingPPRecoveryTakt3_1#0,"""Deathblow Honor - Adv. Attack Lv.1"""
item_KillingPPRecoveryTakt3_2#0,"""Deathblow Honor - Adv. Attack Lv.2"""
item_KillingPPRecoveryTakt3_3#0,"""Deathblow Honor - Adv. Attack Lv.3"""
item_KillingPPRecoveryTakt3_4#0,"""Deathblow Honor - Adv. Attack Lv.4"""
item_KillingPPRecoveryTakt3_5#0,"""Deathblow Honor - Adv. Attack Lv.5"""
item_IntensiveAdvance_1#0,"""Heroic Victory Lv.1"""
item_IntensiveAdvance_2#0,"""Heroic Victory Lv.2"""
item_IntensiveAdvance_3#0,"""Heroic Victory Lv.3"""
item_IntensiveAdvance_4#0,"""Heroic Victory Lv.4"""
item_IntensiveAdvance_5#0,"""Heroic Victory Lv.5"""
item_WeaponChangeBoost_1#0,"""Unset Potential Lv.1"""
item_WeaponChangeBoost_2#0,"""Unset Potential Lv.2"""
item_WeaponChangeBoost_3#0,"""Unset Potential Lv.3"""
item_WeaponChangeBoost_4#0,"""Unset Potential Lv.4"""
item_WeaponChangeBoost_5#0,"""Unset Potential Lv.5"""
item_CounterAdvance_1#0,"""Elusive Offensive Lv.1"""
item_CounterAdvance_2#0,"""Elusive Offensive Lv.2"""
item_CounterAdvance_3#0,"""Elusive Offensive Lv.3"""
item_CounterAdvance_4#0,"""Elusive Offensive Lv.4"""
item_CounterAdvance_5#0,"""Elusive Offensive Lv.5"""
item_DamageBonusBeast_1#0,"""Daemon Destroyer Lv.1"""
item_DamageBonusBeast_2#0,"""Daemon Destroyer Lv.2"""
item_DamageBonusBeast_3#0,"""Daemon Destroyer Lv.3"""
item_DamageBonusBeast_4#0,"""Daemon Destroyer Lv.4"""
item_DamageBonusBeast_5#0,"""Daemon Destroyer Lv.5"""
item_DamageBonusBeastPet_1#0,"""Demonic Ward Lv.1"""
item_DamageBonusBeastPet_2#0,"""Demonic Ward Lv.2"""
item_DamageBonusBeastPet_3#0,"""Demonic Ward Lv.3"""
item_DamageBonusBeastPet_4#0,"""Demonic Ward Lv.4"""
item_DamageBonusBeastPet_5#0,"""Demonic Ward Lv.5"""
item_DamageEscape_1#0,"""Elusive Blades Lv.1"""
item_DamageEscape_2#0,"""Elusive Blades Lv.2"""
item_DamageEscape_3#0,"""Elusive Blades Lv.3"""
item_DamageEscape_4#0,"""Elusive Blades Lv.4"""
item_DamageEscape_5#0,"""Elusive Blades Lv.5"""
item_JustGuardCountUp_1#0,"""Prestigious Protection Lv.1"""
item_JustGuardCountUp_2#0,"""Prestigious Protection Lv.2"""
item_JustGuardCountUp_3#0,"""Prestigious Protection Lv.3"""
item_JustGuardCountUp_4#0,"""Prestigious Protection Lv.4"""
item_JustGuardCountUp_5#0,"""Prestigious Protection Lv.5"""
item_BrastGaugeDamageUp3_1#0,"""Phantasmal Burgeoning Lv.1"""
item_BrastGaugeDamageUp3_2#0,"""Phantasmal Burgeoning Lv.2"""
item_BrastGaugeDamageUp3_3#0,"""Phantasmal Burgeoning Lv.3"""
item_BrastGaugeDamageUp3_4#0,"""Phantasmal Burgeoning Lv.4"""
item_BrastGaugeDamageUp3_5#0,"""Phantasmal Burgeoning Lv.5"""
item_LongCharge_1#0,"""Restrained Dark Art Lv.1"""
item_LongCharge_2#0,"""Restrained Dark Art Lv.2"""
item_LongCharge_3#0,"""Restrained Dark Art Lv.3"""
item_LongCharge_4#0,"""Restrained Dark Art Lv.4"""
item_LongCharge_5#0,"""Restrained Dark Art Lv.5"""
item_PolluteGaugeUp_1#0,"""Darkness Roar Lv.1"""
item_PolluteGaugeUp_2#0,"""Darkness Roar Lv.2"""
item_PolluteGaugeUp_3#0,"""Darkness Roar Lv.3"""
item_PolluteGaugeUp_4#0,"""Darkness Roar Lv.4"""
item_PolluteGaugeUp_5#0,"""Darkness Roar Lv.5"""
item_NonWeakHitAdvance_1#0,"""Counter Bullet Lv.1"""
item_NonWeakHitAdvance_2#0,"""Counter Bullet Lv.2"""
item_NonWeakHitAdvance_3#0,"""Counter Bullet Lv.3"""
item_NonWeakHitAdvance_4#0,"""Counter Bullet Lv.4"""
item_NonWeakHitAdvance_5#0,"""Counter Bullet Lv.5"""
item_GiantKillingRefine_1#0,"""Extravagant Fighter Lv.1"""
item_GiantKillingRefine_2#0,"""Extravagant Fighter Lv.2"""
item_GiantKillingRefine_3#0,"""Extravagant Fighter Lv.3"""
item_GiantKillingRefine_4#0,"""Extravagant Fighter Lv.4"""
item_GiantKillingRefine_5#0,"""Extravagant Fighter Lv.5"""
item_SpecialBulletBonus_1#0,"""Lucky Shot Lv.1"""
item_SpecialBulletBonus_2#0,"""Lucky Shot Lv.2"""
item_SpecialBulletBonus_3#0,"""Lucky Shot Lv.3"""
item_SpecialBulletBonus_4#0,"""Lucky Shot Lv.4"""
item_SpecialBulletBonus_5#0,"""Lucky Shot Lv.5"""
item_AttackJellen_1#0,"""Flashing Blades Lv.1"""
item_AttackJellen_2#0,"""Flashing Blades Lv.2"""
item_AttackJellen_3#0,"""Flashing Blades Lv.3"""
item_AttackJellen_4#0,"""Flashing Blades Lv.4"""
item_AttackJellen_5#0,"""Flashing Blades Lv.5"""
item_ActionBarrier_1#0,"""Sacred Shield Lv.1"""
item_ActionBarrier_2#0,"""Sacred Shield Lv.2"""
item_ActionBarrier_3#0,"""Sacred Shield Lv.3"""
item_ActionBarrier_4#0,"""Sacred Shield Lv.4"""
item_ActionBarrier_5#0,"""Sacred Shield Lv.5"""
item_ActionBarrier2_1#0,"""Sacred Melody Lv.1"""
item_ActionBarrier2_2#0,"""Sacred Melody Lv.2"""
item_ActionBarrier2_3#0,"""Sacred Melody Lv.3"""
item_ActionBarrier2_4#0,"""Sacred Melody Lv.4"""
item_ActionBarrier2_5#0,"""Sacred Melody Lv.5"""
item_AvoidStanceDefence_1#0,"""Offensive Defensive Lv.1"""
item_AvoidStanceDefence_2#0,"""Offensive Defensive Lv.2"""
item_AvoidStanceDefence_3#0,"""Offensive Defensive Lv.3"""
item_AvoidStanceDefence_4#0,"""Offensive Defensive Lv.4"""
item_AvoidStanceDefence_5#0,"""Offensive Defensive Lv.5"""
item_JAReducingDamageToHp_1#0,"""Momentous Cluster Lv.1"""
item_JAReducingDamageToHp_2#0,"""Momentous Cluster Lv.2"""
item_JAReducingDamageToHp_3#0,"""Momentous Cluster Lv.3"""
item_JAReducingDamageToHp_4#0,"""Momentous Cluster Lv.4"""
item_JAReducingDamageToHp_5#0,"""Momentous Cluster Lv.5"""
item_PartisanPPreload_1#0,"""Angelic Blessing Lv.1"""
item_PartisanPPreload_2#0,"""Angelic Blessing Lv.2"""
item_PartisanPPreload_3#0,"""Angelic Blessing Lv.3"""
item_PartisanPPreload_4#0,"""Angelic Blessing Lv.4"""
item_PartisanPPreload_5#0,"""Angelic Blessing Lv.5"""
item_AutoElementalBurst_1#0,"""Pursuing Rhythm Lv.1"""
item_AutoElementalBurst_2#0,"""Pursuing Rhythm Lv.2"""
item_AutoElementalBurst_3#0,"""Pursuing Rhythm Lv.3"""
item_AutoElementalBurst_4#0,"""Pursuing Rhythm Lv.4"""
item_AutoElementalBurst_5#0,"""Pursuing Rhythm Lv.5"""
item_PpOverDriveMotherRefine2_1#0,"""Black Tactics Lv.1"""
item_PpOverDriveMotherRefine2_2#0,"""Black Tactics Lv.2"""
item_PpOverDriveMotherRefine2_3#0,"""Black Tactics Lv.3"""
item_PpOverDriveMotherRefine2_4#0,"""Black Tactics Lv.4"""
item_PpOverDriveMotherRefine2_5#0,"""Black Tactics Lv.5"""
item_MeteorCounter_1#0,"""Retaliating Fist Lv.1"""
item_MeteorCounter_2#0,"""Retaliating Fist Lv.2"""
item_MeteorCounter_3#0,"""Retaliating Fist Lv.3"""
item_MeteorCounter_4#0,"""Retaliating Fist Lv.4"""
item_MeteorCounter_5#0,"""Retaliating Fist Lv.5"""
item_ActionBarrierRefine_1#0,"""Enticing Ward Lv.1"""
item_ActionBarrierRefine_2#0,"""Enticing Ward Lv.2"""
item_ActionBarrierRefine_3#0,"""Enticing Ward Lv.3"""
item_ActionBarrierRefine_4#0,"""Enticing Ward Lv.4"""
item_ActionBarrierRefine_5#0,"""Enticing Ward Lv.5"""
item_ActionBarrierRefine2_1#0,"""Enticing Melody Lv.1"""
item_ActionBarrierRefine2_2#0,"""Enticing Melody Lv.2"""
item_ActionBarrierRefine2_3#0,"""Enticing Melody Lv.3"""
item_ActionBarrierRefine2_4#0,"""Enticing Melody Lv.4"""
item_ActionBarrierRefine2_5#0,"""Enticing Melody Lv.5"""
item_EscapePpInfinity_1#0,"""Soaring Brilliance Lv.1"""
item_EscapePpInfinity_2#0,"""Soaring Brilliance Lv.2"""
item_EscapePpInfinity_3#0,"""Soaring Brilliance Lv.3"""
item_EscapePpInfinity_4#0,"""Soaring Brilliance Lv.4"""
item_EscapePpInfinity_5#0,"""Soaring Brilliance Lv.5"""
item_CriticalBonus_1#0,"""White Tactics Lv.1"""
item_CriticalBonus_2#0,"""White Tactics Lv.2"""
item_CriticalBonus_3#0,"""White Tactics Lv.3"""
item_CriticalBonus_4#0,"""White Tactics Lv.4"""
item_CriticalBonus_5#0,"""White Tactics Lv.5"""
item_WeatherFineRefine_1#0,"""Divine Great Sun Deity Lv.1"""
item_WeatherFineRefine_2#0,"""Divine Great Sun Deity Lv.2"""
item_WeatherFineRefine_3#0,"""Divine Great Sun Deity Lv.3"""
item_WeatherFineRefine_4#0,"""Divine Great Sun Deity Lv.4"""
item_WeatherFineRefine_5#0,"""Divine Great Sun Deity Lv.5"""
item_PpOverDriveMother4_1#0,"""Water Bullet Lv.1"""
item_PpOverDriveMother4_2#0,"""Water Bullet Lv.2"""
item_PpOverDriveMother4_3#0,"""Water Bullet Lv.3"""
item_PpOverDriveMother4_4#0,"""Water Bullet Lv.4"""
item_PpOverDriveMother4_5#0,"""Water Bullet Lv.5"""
item_SupportPPSlayer_1#0,"""Cyclic Cyclone Lv.1"""
item_SupportPPSlayer_2#0,"""Cyclic Cyclone Lv.2"""
item_SupportPPSlayer_3#0,"""Cyclic Cyclone Lv.3"""
item_SupportPPSlayer_4#0,"""Cyclic Cyclone Lv.4"""
item_SupportPPSlayer_5#0,"""Cyclic Cyclone Lv.5"""
item_TerritoryMaster_1#0,"""Illusion Technique Lv.1"""
item_TerritoryMaster_2#0,"""Illusion Technique Lv.2"""
item_TerritoryMaster_3#0,"""Illusion Technique Lv.3"""
item_TerritoryMaster_4#0,"""Illusion Technique Lv.4"""
item_TerritoryMaster_5#0,"""Illusion Technique Lv.5"""
item_HomingLauncher_1#0,"""Quadruple Grenade Lv.1"""
item_HomingLauncher_2#0,"""Quadruple Grenade Lv.2"""
item_HomingLauncher_3#0,"""Quadruple Grenade Lv.3"""
item_HomingLauncher_4#0,"""Quadruple Grenade Lv.4"""
item_HomingLauncher_5#0,"""Quadruple Grenade Lv.5"""
item_AirPhotonBladeFever_1#0,"""Angelic Guidance Lv.1"""
item_AirPhotonBladeFever_2#0,"""Angelic Guidance Lv.2"""
item_AirPhotonBladeFever_3#0,"""Angelic Guidance Lv.3"""
item_AirPhotonBladeFever_4#0,"""Angelic Guidance Lv.4"""
item_AirPhotonBladeFever_5#0,"""Angelic Guidance Lv.5"""
item_PolluteGaugeUp2_1#0,"""Darkness Brilliance Lv.1"""
item_PolluteGaugeUp2_2#0,"""Darkness Brilliance Lv.2"""
item_PolluteGaugeUp2_3#0,"""Darkness Brilliance Lv.3"""
item_PolluteGaugeUp2_4#0,"""Darkness Brilliance Lv.4"""
item_PolluteGaugeUp2_5#0,"""Darkness Brilliance Lv.5"""
item_SkillCustomize_1#0,"""Sure-Strike Field Lv.1"""
item_SkillCustomize_2#0,"""Sure-Strike Field Lv.2"""
item_SkillCustomize_3#0,"""Sure-Strike Field Lv.3"""
item_SkillCustomize_4#0,"""Sure-Strike Field Lv.4"""
item_SkillCustomize_5#0,"""Sure-Strike Field Lv.5"""
item_WLanceHighPowerGear_1#0,"""Gleaming Lance Lv.1"""
item_WLanceHighPowerGear_2#0,"""Gleaming Lance Lv.2"""
item_WLanceHighPowerGear_3#0,"""Gleaming Lance Lv.3"""
item_WLanceHighPowerGear_4#0,"""Gleaming Lance Lv.4"""
item_WLanceHighPowerGear_5#0,"""Gleaming Lance Lv.5"""
item_QuestSpecial2_1#0,"""Demolisher Conqueror Lv.1"""
item_QuestSpecial2_2#0,"""Demolisher Conqueror Lv.2"""
item_QuestSpecial2_3#0,"""Demolisher Conqueror Lv.3"""
item_QuestSpecial2_4#0,"""Demolisher Conqueror Lv.4"""
item_QuestSpecial2_5#0,"""Demolisher Conqueror Lv.5"""
item_QuestSpecial3_1#0,"""Demolisher Tactician Lv.1"""
item_QuestSpecial3_2#0,"""Demolisher Tactician Lv.2"""
item_QuestSpecial3_3#0,"""Demolisher Tactician Lv.3"""
item_QuestSpecial3_4#0,"""Demolisher Tactician Lv.4"""
item_QuestSpecial3_5#0,"""Demolisher Tactician Lv.5"""
item_HeroWillHeal_1#0,"""Dauntless Templar Lv.1"""
item_HeroWillHeal_2#0,"""Dauntless Templar Lv.2"""
item_HeroWillHeal_3#0,"""Dauntless Templar Lv.3"""
item_HeroWillHeal_4#0,"""Dauntless Templar Lv.4"""
item_HeroWillHeal_5#0,"""Dauntless Templar Lv.5"""
item_HeroWillHealPlus_1#0,"""Dauntless Knight Lv.1"""
item_HeroWillHealPlus_2#0,"""Dauntless Knight Lv.2"""
item_HeroWillHealPlus_3#0,"""Dauntless Knight Lv.3"""
item_HeroWillHealPlus_4#0,"""Dauntless Knight Lv.4"""
item_HeroWillHealPlus_5#0,"""Dauntless Knight Lv.5"""
item_HeroWillHeal2_1#0,"""Templar's Melody Lv.1"""
item_HeroWillHeal2_2#0,"""Templar's Melody Lv.2"""
item_HeroWillHeal2_3#0,"""Templar's Melody Lv.3"""
item_HeroWillHeal2_4#0,"""Templar's Melody Lv.4"""
item_HeroWillHeal2_5#0,"""Templar's Melody Lv.5"""
item_HeroWillHeal2Plus_1#0,"""Knight's Melody Lv.1"""
item_HeroWillHeal2Plus_2#0,"""Knight's Melody Lv.2"""
item_HeroWillHeal2Plus_3#0,"""Knight's Melody Lv.3"""
item_HeroWillHeal2Plus_4#0,"""Knight's Melody Lv.4"""
item_HeroWillHeal2Plus_5#0,"""Knight's Melody Lv.5"""
item_BreakAttack_1#0,"""Unset Potential"""
item_BreakAttack_2#0,"""Unset Potential"""
item_BreakAttack_3#0,"""Unset Potential"""
item_BreakAttack_4#0,"""Unset Potential"""
item_BreakAttack_5#0,"""Unset Potential"""
item_GiantKillingPlus2_1#0,"""Tragic Providence Lv.1"""
item_GiantKillingPlus2_2#0,"""Tragic Providence Lv.2"""
item_GiantKillingPlus2_3#0,"""Tragic Providence Lv.3"""
item_GiantKillingPlus2_4#0,"""Tragic Providence Lv.4"""
item_GiantKillingPlus2_5#0,"""Tragic Providence Lv.5"""
item_ShootingStar_1#0,"""Auxiliary Dart Lv.1"""
item_ShootingStar_2#0,"""Auxiliary Dart Lv.2"""
item_ShootingStar_3#0,"""Auxiliary Dart Lv.3"""
item_ShootingStar_4#0,"""Auxiliary Dart Lv.4"""
item_ShootingStar_5#0,"""Auxiliary Dart Lv.5"""
item_ElegantBonus_1#0,"""Furious Inspiration Lv.1"""
item_ElegantBonus_2#0,"""Furious Inspiration Lv.2"""
item_ElegantBonus_3#0,"""Furious Inspiration Lv.3"""
item_ElegantBonus_4#0,"""Furious Inspiration Lv.4"""
item_ElegantBonus_5#0,"""Furious Inspiration Lv.5"""
item_PolluteGaugeUp3_1#0,"""Darkness Allure Lv.1"""
item_PolluteGaugeUp3_2#0,"""Darkness Allure Lv.2"""
item_PolluteGaugeUp3_3#0,"""Darkness Allure Lv.3"""
item_PolluteGaugeUp3_4#0,"""Darkness Allure Lv.4"""
item_PolluteGaugeUp3_5#0,"""Darkness Allure Lv.5"""
item_PolluteGaugeUp4_1#0,"""Bewitching Performance Lv.1"""
item_PolluteGaugeUp4_2#0,"""Bewitching Performance Lv.2"""
item_PolluteGaugeUp4_3#0,"""Bewitching Performance Lv.3"""
item_PolluteGaugeUp4_4#0,"""Bewitching Performance Lv.4"""
item_PolluteGaugeUp4_5#0,"""Bewitching Performance Lv.5"""
item_ChargeAdvance_1#0,"""Mobility Anomaly Lv.1"""
item_ChargeAdvance_2#0,"""Mobility Anomaly Lv.2"""
item_ChargeAdvance_3#0,"""Mobility Anomaly Lv.3"""
item_ChargeAdvance_4#0,"""Mobility Anomaly Lv.4"""
item_ChargeAdvance_5#0,"""Mobility Anomaly Lv.5"""
item_Cursefire_1#0,"""Hexing Spirit Lv.1"""
item_Cursefire_2#0,"""Hexing Spirit Lv.2"""
item_Cursefire_3#0,"""Hexing Spirit Lv.3"""
item_Cursefire_4#0,"""Hexing Spirit Lv.4"""
item_Cursefire_5#0,"""Hexing Spirit Lv.5"""
item_BulletShot_1#0,"""Chaotic Arm Lv.1"""
item_BulletShot_2#0,"""Chaotic Arm Lv.2"""
item_BulletShot_3#0,"""Chaotic Arm Lv.3"""
item_BulletShot_4#0,"""Chaotic Arm Lv.4"""
item_BulletShot_5#0,"""Chaotic Arm Lv.5"""
item_ConvergentPoint_1#0,"""Hexing Destruction Lv.1"""
item_ConvergentPoint_2#0,"""Hexing Destruction Lv.2"""
item_ConvergentPoint_3#0,"""Hexing Destruction Lv.3"""
item_ConvergentPoint_4#0,"""Hexing Destruction Lv.4"""
item_ConvergentPoint_5#0,"""Hexing Destruction Lv.5"""
item_RodCombat_1#0,"""Subzero Scepter Lv.1"""
item_RodCombat_2#0,"""Subzero Scepter Lv.2"""
item_RodCombat_3#0,"""Subzero Scepter Lv.3"""
item_RodCombat_4#0,"""Subzero Scepter Lv.4"""
item_RodCombat_5#0,"""Subzero Scepter Lv.5"""
item_ScissorCounter_1#0,"""Angelic Adept Lv.1"""
item_ScissorCounter_2#0,"""Angelic Adept Lv.2"""
item_ScissorCounter_3#0,"""Angelic Adept Lv.3"""
item_ScissorCounter_4#0,"""Angelic Adept Lv.4"""
item_ScissorCounter_5#0,"""Angelic Adept Lv.5"""
item_CountDamageUp2_1#0,"""Glooming Bride Lv.1"""
item_CountDamageUp2_2#0,"""Glooming Bride Lv.2"""
item_CountDamageUp2_3#0,"""Glooming Bride Lv.3"""
item_CountDamageUp2_4#0,"""Glooming Bride Lv.4"""
item_CountDamageUp2_5#0,"""Glooming Bride Lv.5"""
item_BeginnerTechnicUp2_1#0,"""Destruction Queen Lv.1"""
item_BeginnerTechnicUp2_2#0,"""Destruction Queen Lv.2"""
item_BeginnerTechnicUp2_3#0,"""Destruction Queen Lv.3"""
item_BeginnerTechnicUp2_4#0,"""Destruction Queen Lv.4"""
item_BeginnerTechnicUp2_5#0,"""Destruction Queen Lv.5"""
item_ElementWeakUpPlus_1#0,"""Flame Oath Lv.1"""
item_ElementWeakUpPlus_2#0,"""Flame Oath Lv.2"""
item_ElementWeakUpPlus_3#0,"""Flame Oath Lv.3"""
item_ElementWeakUpPlus_4#0,"""Flame Oath Lv.4"""
item_ElementWeakUpPlus_5#0,"""Flame Oath Lv.5"""
item_ElementWeakUpPlus2_1#0,"""Crimson Flame Oath Lv.1"""
item_ElementWeakUpPlus2_2#0,"""Crimson Flame Oath Lv.2"""
item_ElementWeakUpPlus2_3#0,"""Crimson Flame Oath Lv.3"""
item_ElementWeakUpPlus2_4#0,"""Crimson Flame Oath Lv.4"""
item_ElementWeakUpPlus2_5#0,"""Crimson Flame Oath Lv.5"""
item_ElementWeakUpPlus3_1#0,"""Violet Flame Oath Lv.1"""
item_ElementWeakUpPlus3_2#0,"""Violet Flame Oath Lv.2"""
item_ElementWeakUpPlus3_3#0,"""Violet Flame Oath Lv.3"""
item_ElementWeakUpPlus3_4#0,"""Violet Flame Oath Lv.4"""
item_ElementWeakUpPlus3_5#0,"""Violet Flame Oath Lv.5"""
item_ElementWeakUpPlus4_1#0,"""Flame Melody Lv.1"""
item_ElementWeakUpPlus4_2#0,"""Flame Melody Lv.2"""
item_ElementWeakUpPlus4_3#0,"""Flame Melody Lv.3"""
item_ElementWeakUpPlus4_4#0,"""Flame Melody Lv.4"""
item_ElementWeakUpPlus4_5#0,"""Flame Melody Lv.5"""
item_ElementWeakUpPlus5_1#0,"""Crimson Flame Melody Lv.1"""
item_ElementWeakUpPlus5_2#0,"""Crimson Flame Melody Lv.2"""
item_ElementWeakUpPlus5_3#0,"""Crimson Flame Melody Lv.3"""
item_ElementWeakUpPlus5_4#0,"""Crimson Flame Melody Lv.4"""
item_ElementWeakUpPlus5_5#0,"""Crimson Flame Melody Lv.5"""
item_PolluteGaugeUp5_1#0,"""Darkness Game Lv.1"""
item_PolluteGaugeUp5_2#0,"""Darkness Game Lv.2"""
item_PolluteGaugeUp5_3#0,"""Darkness Game Lv.3"""
item_PolluteGaugeUp5_4#0,"""Darkness Game Lv.4"""
item_PolluteGaugeUp5_5#0,"""Darkness Game Lv.5"""
item_WeaponManeuverSway_1#0,"""Swift Courage Lv.1"""
item_WeaponManeuverSway_2#0,"""Swift Courage Lv.2"""
item_WeaponManeuverSway_3#0,"""Swift Courage Lv.3"""
item_WeaponManeuverSway_4#0,"""Swift Courage Lv.4"""
item_WeaponManeuverSway_5#0,"""Swift Courage Lv.5"""
item_PursuitDamageArea_1#0,"""Divine Protection Lv.1"""
item_PursuitDamageArea_2#0,"""Divine Protection Lv.2"""
item_PursuitDamageArea_3#0,"""Divine Protection Lv.3"""
item_PursuitDamageArea_4#0,"""Divine Protection Lv.4"""
item_PursuitDamageArea_5#0,"""Divine Protection Lv.5"""
item_HeroGearUp_1#0,"""Crimson Waltz Lv.1"""
item_HeroGearUp_2#0,"""Crimson Waltz Lv.2"""
item_HeroGearUp_3#0,"""Crimson Waltz Lv.3"""
item_HeroGearUp_4#0,"""Crimson Waltz Lv.4"""
item_HeroGearUp_5#0,"""Crimson Waltz Lv.5"""
item_PBGaugeDamageUpRefine_1#0,"""Phantasmal Gift Lv.1"""
item_PBGaugeDamageUpRefine_2#0,"""Phantasmal Gift Lv.2"""
item_PBGaugeDamageUpRefine_3#0,"""Phantasmal Gift Lv.3"""
item_PBGaugeDamageUpRefine_4#0,"""Phantasmal Gift Lv.4"""
item_PBGaugeDamageUpRefine_5#0,"""Phantasmal Gift Lv.5"""
item_PBGaugeDamageUpRefine2_1#0,"""Phantasmal Song Lv.1"""
item_PBGaugeDamageUpRefine2_2#0,"""Phantasmal Song Lv.2"""
item_PBGaugeDamageUpRefine2_3#0,"""Phantasmal Song Lv.3"""
item_PBGaugeDamageUpRefine2_4#0,"""Phantasmal Song Lv.4"""
item_PBGaugeDamageUpRefine2_5#0,"""Phantasmal Song Lv.5"""
item_WeakHitAdvance3_1#0,"""Hawkeyed Phoenix Lv.1"""
item_WeakHitAdvance3_2#0,"""Hawkeyed Phoenix Lv.2"""
item_WeakHitAdvance3_3#0,"""Hawkeyed Phoenix Lv.3"""
item_WeakHitAdvance3_4#0,"""Hawkeyed Phoenix Lv.4"""
item_WeakHitAdvance3_5#0,"""Hawkeyed Phoenix Lv.5"""
item_HalfLineBerserk2_1#0,"""Unset Potential Lv.1"""
item_HalfLineBerserk2_2#0,"""Unset Potential Lv.2"""
item_HalfLineBerserk2_3#0,"""Unset Potential Lv.3"""
item_HalfLineBerserk2_4#0,"""Unset Potential Lv.4"""
item_HalfLineBerserk2_5#0,"""Unset Potential Lv.5"""
item_PpOverDriveMotherRefine3_1#0,"""Lustrous Protection Lv.1"""
item_PpOverDriveMotherRefine3_2#0,"""Lustrous Protection Lv.2"""
item_PpOverDriveMotherRefine3_3#0,"""Lustrous Protection Lv.3"""
item_PpOverDriveMotherRefine3_4#0,"""Lustrous Protection Lv.4"""
item_PpOverDriveMotherRefine3_5#0,"""Lustrous Protection Lv.5"""
item_ComboDBonus_1#0,"""Eternal History Lv.1"""
item_ComboDBonus_2#0,"""Eternal History Lv.2"""
item_ComboDBonus_3#0,"""Eternal History Lv.3"""
item_ComboDBonus_4#0,"""Eternal History Lv.4"""
item_ComboDBonus_5#0,"""Eternal History Lv.5"""
item_ComboDBonus2_1#0,"""Unset Potential Lv.1"""
item_ComboDBonus2_2#0,"""Unset Potential Lv.2"""
item_ComboDBonus2_3#0,"""Unset Potential Lv.3"""
item_ComboDBonus2_4#0,"""Unset Potential Lv.4"""
item_ComboDBonus2_5#0,"""Unset Potential Lv.5"""
item_ComboDBonus_High_1#0,"""Immortal Breath Lv.1"""
item_ComboDBonus_High_2#0,"""Immortal Breath Lv.2"""
item_ComboDBonus_High_3#0,"""Immortal Breath Lv.3"""
item_ComboDBonus_High_4#0,"""Immortal Breath Lv.4"""
item_ComboDBonus_High_5#0,"""Immortal Breath Lv.5"""
item_ComboDBonus2_High_1#0,"""Unset Potential Lv.1"""
item_ComboDBonus2_High_2#0,"""Unset Potential Lv.2"""
item_ComboDBonus2_High_3#0,"""Unset Potential Lv.3"""
item_ComboDBonus2_High_4#0,"""Unset Potential Lv.4"""
item_ComboDBonus2_High_5#0,"""Unset Potential Lv.5"""
item_ComboDBonus_Low_1#0,"""Immortal Beat Lv.1"""
item_ComboDBonus_Low_2#0,"""Immortal Beat Lv.2"""
item_ComboDBonus_Low_3#0,"""Immortal Beat Lv.3"""
item_ComboDBonus_Low_4#0,"""Immortal Beat Lv.4"""
item_ComboDBonus_Low_5#0,"""Immortal Beat Lv.5"""
item_ComboDBonus2_Low_1#0,"""Unset Potential Lv.1"""
item_ComboDBonus2_Low_2#0,"""Unset Potential Lv.2"""
item_ComboDBonus2_Low_3#0,"""Unset Potential Lv.3"""
item_ComboDBonus2_Low_4#0,"""Unset Potential Lv.4"""
item_ComboDBonus2_Low_5#0,"""Unset Potential Lv.5"""
item_ComboDBonus_Su_1#0,"""Immortal Retainer Lv.1"""
item_ComboDBonus_Su_2#0,"""Immortal Retainer Lv.2"""
item_ComboDBonus_Su_3#0,"""Immortal Retainer Lv.3"""
item_ComboDBonus_Su_4#0,"""Immortal Retainer Lv.4"""
item_ComboDBonus_Su_5#0,"""Immortal Retainer Lv.5"""
item_ComboDBonus2_Su_1#0,"""Immortal Moment Lv.1"""
item_ComboDBonus2_Su_2#0,"""Immortal Moment Lv.2"""
item_ComboDBonus2_Su_3#0,"""Immortal Moment Lv.3"""
item_ComboDBonus2_Su_4#0,"""Immortal Moment Lv.4"""
item_ComboDBonus2_Su_5#0,"""Immortal Moment Lv.5"""
item_GearAATecBurst_1#0,"""Circular Release Lv.1"""
item_GearAATecBurst_2#0,"""Circular Release Lv.2"""
item_GearAATecBurst_3#0,"""Circular Release Lv.3"""
item_GearAATecBurst_4#0,"""Circular Release Lv.4"""
item_GearAATecBurst_5#0,"""Circular Release Lv.5"""
item_ZDStrong_1#0,"""Zero-Distance Launcher Lv.1"""
item_ZDStrong_2#0,"""Zero-Distance Launcher Lv.2"""
item_ZDStrong_3#0,"""Zero-Distance Launcher Lv.3"""
item_ZDStrong_4#0,"""Zero-Distance Launcher Lv.4"""
item_ZDStrong_5#0,"""Zero-Distance Launcher Lv.5"""
item_PpOverClock1_1#0,"""Malicious Return Lv.1"""
item_PpOverClock1_2#0,"""Malicious Return Lv.2"""
item_PpOverClock1_3#0,"""Malicious Return Lv.3"""
item_PpOverClock1_4#0,"""Malicious Return Lv.4"""
item_PpOverClock1_5#0,"""Malicious Return Lv.5"""
item_PpOverClock2_1#0,"""Star-bound Recollection Lv.1"""
item_PpOverClock2_2#0,"""Star-bound Recollection Lv.2"""
item_PpOverClock2_3#0,"""Star-bound Recollection Lv.3"""
item_PpOverClock2_4#0,"""Star-bound Recollection Lv.4"""
item_PpOverClock2_5#0,"""Star-bound Recollection Lv.5"""
item_PpOverClock3_1#0,"""Lightstream Resurrection Lv.1"""
item_PpOverClock3_2#0,"""Lightstream Resurrection Lv.2"""
item_PpOverClock3_3#0,"""Lightstream Resurrection Lv.3"""
item_PpOverClock3_4#0,"""Lightstream Resurrection Lv.4"""
item_PpOverClock3_5#0,"""Lightstream Resurrection Lv.5"""
item_PpOverClock1_Su_1#0,"""Malicious Melody Lv.1"""
item_PpOverClock1_Su_2#0,"""Malicious Melody Lv.2"""
item_PpOverClock1_Su_3#0,"""Malicious Melody Lv.3"""
item_PpOverClock1_Su_4#0,"""Malicious Melody Lv.4"""
item_PpOverClock1_Su_5#0,"""Malicious Melody Lv.5"""
item_PpOverClock2_Su_1#0,"""Star-bound Melody Lv.1"""
item_PpOverClock2_Su_2#0,"""Star-bound Melody Lv.2"""
item_PpOverClock2_Su_3#0,"""Star-bound Melody Lv.3"""
item_PpOverClock2_Su_4#0,"""Star-bound Melody Lv.4"""
item_PpOverClock2_Su_5#0,"""Star-bound Melody Lv.5"""
item_PpOverClock3_Su_1#0,"""Lightstream Melody Lv.1"""
item_PpOverClock3_Su_2#0,"""Lightstream Melody Lv.2"""
item_PpOverClock3_Su_3#0,"""Lightstream Melody Lv.3"""
item_PpOverClock3_Su_4#0,"""Lightstream Melody Lv.4"""
item_PpOverClock3_Su_5#0,"""Lightstream Melody Lv.5"""
item_SMaterialBonus_1#0,"""Unset Potential Lv.1"""
item_SMaterialBonus_2#0,"""Unset Potential Lv.2"""
item_SMaterialBonus_3#0,"""Unset Potential Lv.3"""
item_SMaterialBonus_4#0,"""Unset Potential Lv.4"""
item_SMaterialBonus_5#0,"""Unset Potential Lv.5"""
item_HeroWillHeal3_1#0,"""Immortal Soul Lv.1"""
item_HeroWillHeal3_2#0,"""Immortal Soul Lv.2"""
item_HeroWillHeal3_3#0,"""Immortal Soul Lv.3"""
item_HeroWillHeal3_4#0,"""Immortal Soul Lv.4"""
item_HeroWillHeal3_5#0,"""Immortal Soul Lv.5"""
item_MassivePpRecover_1#0,"""Battle Hardened Lv.1"""
item_MassivePpRecover_2#0,"""Battle Hardened Lv.2"""
item_MassivePpRecover_3#0,"""Battle Hardened Lv.3"""
item_MassivePpRecover_4#0,"""Battle Hardened Lv.4"""
item_MassivePpRecover_5#0,"""Battle Hardened Lv.5"""
item_FieldBonus_1#0,"""Diligent Domain Lv.1"""
item_FieldBonus_2#0,"""Diligent Domain Lv.2"""
item_FieldBonus_3#0,"""Diligent Domain Lv.3"""
item_FieldBonus_4#0,"""Diligent Domain Lv.4"""
item_FieldBonus_5#0,"""Diligent Domain Lv.5"""
item_AbyssBonus1_1#0,"""Darkness Shield Lv.1"""
item_AbyssBonus1_2#0,"""Darkness Shield Lv.2"""
item_AbyssBonus1_3#0,"""Darkness Shield Lv.3"""
item_AbyssBonus1_4#0,"""Darkness Shield Lv.4"""
item_AbyssBonus1_5#0,"""Darkness Shield Lv.5"""
item_AbyssBonus2_1#0,"""Darkness Ward Lv.1"""
item_AbyssBonus2_2#0,"""Darkness Ward Lv.2"""
item_AbyssBonus2_3#0,"""Darkness Ward Lv.3"""
item_AbyssBonus2_4#0,"""Darkness Ward Lv.4"""
item_AbyssBonus2_5#0,"""Darkness Ward Lv.5"""
item_AbyssBonus3_1#0,"""Phantasmal Darkness Lv.1"""
item_AbyssBonus3_2#0,"""Phantasmal Darkness Lv.2"""
item_AbyssBonus3_3#0,"""Phantasmal Darkness Lv.3"""
item_AbyssBonus3_4#0,"""Phantasmal Darkness Lv.4"""
item_AbyssBonus3_5#0,"""Phantasmal Darkness Lv.5"""
item_StUpShare3_1#0,"""Golden Knight's Blessing Lv.1"""
item_StUpShare3_2#0,"""Golden Knight's Blessing Lv.2"""
item_StUpShare3_3#0,"""Golden Knight's Blessing Lv.3"""
item_StUpShare3_4#0,"""Golden Knight's Blessing Lv.4"""
item_StUpShare3_5#0,"""Golden Knight's Blessing Lv.5"""
item_StUpShare4_1#0,"""Unset Potential Lv.1"""
item_StUpShare4_2#0,"""Unset Potential Lv.2"""
item_StUpShare4_3#0,"""Unset Potential Lv.3"""
item_StUpShare4_4#0,"""Unset Potential Lv.4"""
item_StUpShare4_5#0,"""Unset Potential Lv.5"""
item_LastBulletBonus_1#0,"""Bright Silver Flame Lv.1"""
item_LastBulletBonus_2#0,"""Bright Silver Flame Lv.2"""
item_LastBulletBonus_3#0,"""Bright Silver Flame Lv.3"""
item_LastBulletBonus_4#0,"""Bright Silver Flame Lv.4"""
item_LastBulletBonus_5#0,"""Bright Silver Flame Lv.5"""
item_AllPowerUp_1#0,"""Darkened Blessing Lv.1"""
item_AllPowerUp_2#0,"""Darkened Blessing Lv.2"""
item_AllPowerUp_3#0,"""Darkened Blessing Lv.3"""
item_AllPowerUp_4#0,"""Darkened Blessing Lv.4"""
item_AllPowerUp_5#0,"""Darkened Blessing Lv.5"""
item_AllPowerUp_Su_1#0,"""Darkened Performance Lv.1"""
item_AllPowerUp_Su_2#0,"""Darkened Performance Lv.2"""
item_AllPowerUp_Su_3#0,"""Darkened Performance Lv.3"""
item_AllPowerUp_Su_4#0,"""Darkened Performance Lv.4"""
item_AllPowerUp_Su_5#0,"""Darkened Performance Lv.5"""
item_SkyBeam_1#0,"""Luminecho Hammer Lv.1"""
item_SkyBeam_2#0,"""Luminecho Hammer Lv.2"""
item_SkyBeam_3#0,"""Luminecho Hammer Lv.3"""
item_SkyBeam_4#0,"""Luminecho Hammer Lv.4"""
item_SkyBeam_5#0,"""Luminecho Hammer Lv.5"""
item_PpPowerConversion_1#0,"""Collective Insight Lv.1"""
item_PpPowerConversion_2#0,"""Collective Insight Lv.2"""
item_PpPowerConversion_3#0,"""Collective Insight Lv.3"""
item_PpPowerConversion_4#0,"""Collective Insight Lv.4"""
item_PpPowerConversion_5#0,"""Collective Insight Lv.5"""
item_ManetRideroid_1#0,"""Torrential Dash Lv.1"""
item_ManetRideroid_2#0,"""Torrential Dash Lv.2"""
item_ManetRideroid_3#0,"""Torrential Dash Lv.3"""
item_ManetRideroid_4#0,"""Torrential Dash Lv.4"""
item_ManetRideroid_5#0,"""Torrential Dash Lv.5"""
item_BloodBerserk_1#0,"""Wounded Defensive Lv.1"""
item_BloodBerserk_2#0,"""Wounded Defensive Lv.2"""
item_BloodBerserk_3#0,"""Wounded Defensive Lv.3"""
item_BloodBerserk_4#0,"""Wounded Defensive Lv.4"""
item_BloodBerserk_5#0,"""Wounded Defensive Lv.5"""
item_AwakeKilling_1#0,"""Colossal Soul Lv.1"""
item_AwakeKilling_2#0,"""Colossal Soul Lv.2"""
item_AwakeKilling_3#0,"""Colossal Soul Lv.3"""
item_AwakeKilling_4#0,"""Colossal Soul Lv.4"""
item_AwakeKilling_5#0,"""Colossal Soul Lv.5"""
item_OnsetMark_1#0,"""Revenant Marker Lv.1"""
item_OnsetMark_2#0,"""Revenant Marker Lv.2"""
item_OnsetMark_3#0,"""Revenant Marker Lv.3"""
item_OnsetMark_4#0,"""Revenant Marker Lv.4"""
item_OnsetMark_5#0,"""Revenant Marker Lv.5"""
item_MirageManeuver_1#0,"""Urgent Maneuver 3 Lv.1"""
item_MirageManeuver_2#0,"""Urgent Maneuver 3 Lv.2"""
item_MirageManeuver_3#0,"""Urgent Maneuver 3 Lv.3"""
item_MirageManeuver_4#0,"""Urgent Maneuver 3 Lv.4"""
item_MirageManeuver_5#0,"""Urgent Maneuver 3 Lv.5"""
item_WeakHitStorage_1#0,"""Deadeye's Reward Lv.1"""
item_WeakHitStorage_2#0,"""Deadeye's Reward Lv.2"""
item_WeakHitStorage_3#0,"""Deadeye's Reward Lv.3"""
item_WeakHitStorage_4#0,"""Deadeye's Reward Lv.4"""
item_WeakHitStorage_5#0,"""Deadeye's Reward Lv.5"""
item_NonPbBonus_1#0,"""Scorching Blade Lv.1"""
item_NonPbBonus_2#0,"""Scorching Blade Lv.2"""
item_NonPbBonus_3#0,"""Scorching Blade Lv.3"""
item_NonPbBonus_4#0,"""Scorching Blade Lv.4"""
item_NonPbBonus_5#0,"""Scorching Blade Lv.5"""
item_FusionBody_1#0,"""Variating Redress Lv.1"""
item_FusionBody_2#0,"""Variating Redress Lv.2"""
item_FusionBody_3#0,"""Variating Redress Lv.3"""
item_FusionBody_4#0,"""Variating Redress Lv.4"""
item_FusionBody_5#0,"""Variating Redress Lv.5"""
item_AceSlash_1#0,"""Luminecho Guillotine Lv.1"""
item_AceSlash_2#0,"""Luminecho Guillotine Lv.2"""
item_AceSlash_3#0,"""Luminecho Guillotine Lv.3"""
item_AceSlash_4#0,"""Luminecho Guillotine Lv.4"""
item_AceSlash_5#0,"""Luminecho Guillotine Lv.5"""
item_JumpingBonus_1#0,"""Twilight Demon Leg Lv.1"""
item_JumpingBonus_2#0,"""Twilight Demon Leg Lv.2"""
item_JumpingBonus_3#0,"""Twilight Demon Leg Lv.3"""
item_JumpingBonus_4#0,"""Twilight Demon Leg Lv.4"""
item_JumpingBonus_5#0,"""Twilight Demon Leg Lv.5"""
item_BlueDragon_1#0,"""Seiryu Vow Lv.1"""
item_BlueDragon_2#0,"""Seiryu Vow Lv.2"""
item_BlueDragon_3#0,"""Seiryu Vow Lv.3"""
item_BlueDragon_4#0,"""Seiryu Vow Lv.4"""
item_BlueDragon_5#0,"""Seiryu Vow Lv.5"""
item_JBParryBonus_1#0,"""Mysterious Skill Lv.1"""
item_JBParryBonus_2#0,"""Mysterious Skill Lv.2"""
item_JBParryBonus_3#0,"""Mysterious Skill Lv.3"""
item_JBParryBonus_4#0,"""Mysterious Skill Lv.4"""
item_JBParryBonus_5#0,"""Mysterious Skill Lv.5"""
item_ComboUpPlus_1#0,"""Circular Progression Lv.1"""
item_ComboUpPlus_2#0,"""Circular Progression Lv.2"""
item_ComboUpPlus_3#0,"""Circular Progression Lv.3"""
item_ComboUpPlus_4#0,"""Circular Progression Lv.4"""
item_ComboUpPlus_5#0,"""Circular Progression Lv.5"""
item_PeriodGearBonus_1#0,"""Luminecho Slug Lv.1"""
item_PeriodGearBonus_2#0,"""Luminecho Slug Lv.2"""
item_PeriodGearBonus_3#0,"""Luminecho Slug Lv.3"""
item_PeriodGearBonus_4#0,"""Luminecho Slug Lv.4"""
item_PeriodGearBonus_5#0,"""Luminecho Slug Lv.5"""
item_CounterEdgeBonus_1#0,"""Agonizing Blaze Lv.1"""
item_CounterEdgeBonus_2#0,"""Agonizing Blaze Lv.2"""
item_CounterEdgeBonus_3#0,"""Agonizing Blaze Lv.3"""
item_CounterEdgeBonus_4#0,"""Agonizing Blaze Lv.4"""
item_CounterEdgeBonus_5#0,"""Agonizing Blaze Lv.5"""
item_AllPowerUp2_1#0,"""Sealed Fang Lv.1"""
item_AllPowerUp2_2#0,"""Sealed Fang Lv.2"""
item_AllPowerUp2_3#0,"""Sealed Fang Lv.3"""
item_AllPowerUp2_4#0,"""Sealed Fang Lv.4"""
item_AllPowerUp2_5#0,"""Sealed Fang Lv.5"""
item_AllPowerUp2_Su_1#0,"""Sealed Duet Lv.1"""
item_AllPowerUp2_Su_2#0,"""Sealed Duet Lv.2"""
item_AllPowerUp2_Su_3#0,"""Sealed Duet Lv.3"""
item_AllPowerUp2_Su_4#0,"""Sealed Duet Lv.4"""
item_AllPowerUp2_Su_5#0,"""Sealed Duet Lv.5"""
item_EraserSpeedUp_1#0,"""Soulbound Warfare Lv.1"""
item_EraserSpeedUp_2#0,"""Soulbound Warfare Lv.2"""
item_EraserSpeedUp_3#0,"""Soulbound Warfare Lv.3"""
item_EraserSpeedUp_4#0,"""Soulbound Warfare Lv.4"""
item_EraserSpeedUp_5#0,"""Soulbound Warfare Lv.5"""
item_TimeChangeMode_1#0,"""Seasonal Change Lv.1"""
item_TimeChangeMode_2#0,"""Seasonal Change Lv.2"""
item_TimeChangeMode_3#0,"""Seasonal Change Lv.3"""
item_TimeChangeMode_4#0,"""Seasonal Change Lv.4"""
item_TimeChangeMode_5#0,"""Seasonal Change Lv.5"""
item_PpPurgeBurst_1#0,"""Resenting Prayer Lv.1"""
item_PpPurgeBurst_2#0,"""Resenting Prayer Lv.2"""
item_PpPurgeBurst_3#0,"""Resenting Prayer Lv.3"""
item_PpPurgeBurst_4#0,"""Resenting Prayer Lv.4"""
item_PpPurgeBurst_5#0,"""Resenting Prayer Lv.5"""
item_DamageStorage_1#0,"""Fatal Exhilaration Lv.1"""
item_DamageStorage_2#0,"""Fatal Exhilaration Lv.2"""
item_DamageStorage_3#0,"""Fatal Exhilaration Lv.3"""
item_DamageStorage_4#0,"""Fatal Exhilaration Lv.4"""
item_DamageStorage_5#0,"""Fatal Exhilaration Lv.5"""
item_MasterPartisan_1#0,"""Soulbound Guillotine Lv.1"""
item_MasterPartisan_2#0,"""Soulbound Guillotine Lv.2"""
item_MasterPartisan_3#0,"""Soulbound Guillotine Lv.3"""
item_MasterPartisan_4#0,"""Soulbound Guillotine Lv.4"""
item_MasterPartisan_5#0,"""Soulbound Guillotine Lv.5"""
item_BuffDouble_1#0,"""Brilliant Front Lv.1"""
item_BuffDouble_2#0,"""Brilliant Front Lv.2"""
item_BuffDouble_3#0,"""Brilliant Front Lv.3"""
item_BuffDouble_4#0,"""Brilliant Front Lv.4"""
item_BuffDouble_5#0,"""Brilliant Front Lv.5"""
item_AttackChargeBonus_1#0,"""Azure Current Lv.1"""
item_AttackChargeBonus_2#0,"""Azure Current Lv.2"""
item_AttackChargeBonus_3#0,"""Azure Current Lv.3"""
item_AttackChargeBonus_4#0,"""Azure Current Lv.4"""
item_AttackChargeBonus_5#0,"""Azure Current Lv.5"""
item_DefensiveTortoise_1#0,"""Genbu Oath Lv.1"""
item_DefensiveTortoise_2#0,"""Genbu Oath Lv.2"""
item_DefensiveTortoise_3#0,"""Genbu Oath Lv.3"""
item_DefensiveTortoise_4#0,"""Genbu Oath Lv.4"""
item_DefensiveTortoise_5#0,"""Genbu Oath Lv.5"""
item_SpinFeather_1#0,"""Feathered Flight Lv.1"""
item_SpinFeather_2#0,"""Feathered Flight Lv.2"""
item_SpinFeather_3#0,"""Feathered Flight Lv.3"""
item_SpinFeather_4#0,"""Feathered Flight Lv.4"""
item_SpinFeather_5#0,"""Feathered Flight Lv.5"""
item_WindRangeWide_1#0,"""Miracle Confluence Lv.1"""
item_WindRangeWide_2#0,"""Miracle Confluence Lv.2"""
item_WindRangeWide_3#0,"""Miracle Confluence Lv.3"""
item_WindRangeWide_4#0,"""Miracle Confluence Lv.4"""
item_WindRangeWide_5#0,"""Miracle Confluence Lv.5"""
item_IntensiveAdvance2_1#0,"""Heroic Victory Plus Lv.1"""
item_IntensiveAdvance2_2#0,"""Heroic Victory Plus Lv.2"""
item_IntensiveAdvance2_3#0,"""Heroic Victory Plus Lv.3"""
item_IntensiveAdvance2_4#0,"""Heroic Victory Plus Lv.4"""
item_IntensiveAdvance2_5#0,"""Heroic Victory Plus Lv.5"""
item_PartisanPPreload2_1#0,"""Angelic Blessing Plus Lv.1"""
item_PartisanPPreload2_2#0,"""Angelic Blessing Plus Lv.2"""
item_PartisanPPreload2_3#0,"""Angelic Blessing Plus Lv.3"""
item_PartisanPPreload2_4#0,"""Angelic Blessing Plus Lv.4"""
item_PartisanPPreload2_5#0,"""Angelic Blessing Plus Lv.5"""
item_MeteorCounter2_1#0,"""Retaliating Fist Plus Lv.1"""
item_MeteorCounter2_2#0,"""Retaliating Fist Plus Lv.2"""
item_MeteorCounter2_3#0,"""Retaliating Fist Plus Lv.3"""
item_MeteorCounter2_4#0,"""Retaliating Fist Plus Lv.4"""
item_MeteorCounter2_5#0,"""Retaliating Fist Plus Lv.5"""
item_EscapePpInfinity2_1#0,"""Soaring Brilliance Plus Lv.1"""
item_EscapePpInfinity2_2#0,"""Soaring Brilliance Plus Lv.2"""
item_EscapePpInfinity2_3#0,"""Soaring Brilliance Plus Lv.3"""
item_EscapePpInfinity2_4#0,"""Soaring Brilliance Plus Lv.4"""
item_EscapePpInfinity2_5#0,"""Soaring Brilliance Plus Lv.5"""
item_AutoElementalBurst2_1#0,"""Pursuing Rhythm Plus Lv.1"""
item_AutoElementalBurst2_2#0,"""Pursuing Rhythm Plus Lv.2"""
item_AutoElementalBurst2_3#0,"""Pursuing Rhythm Plus Lv.3"""
item_AutoElementalBurst2_4#0,"""Pursuing Rhythm Plus Lv.4"""
item_AutoElementalBurst2_5#0,"""Pursuing Rhythm Plus Lv.5"""
item_ChargeSkip_1#0,"""Secret Blink Lv.1"""
item_ChargeSkip_2#0,"""Secret Blink Lv.2"""
item_ChargeSkip_3#0,"""Secret Blink Lv.3"""
item_ChargeSkip_4#0,"""Secret Blink Lv.4"""
item_ChargeSkip_5#0,"""Secret Blink Lv.5"""
item_DoubleTecCharge_1#0,"""Luscious Dance Lv.1"""
item_DoubleTecCharge_2#0,"""Luscious Dance Lv.2"""
item_DoubleTecCharge_3#0,"""Luscious Dance Lv.3"""
item_DoubleTecCharge_4#0,"""Luscious Dance Lv.4"""
item_DoubleTecCharge_5#0,"""Luscious Dance Lv.5"""
item_ExplosionWeapon_1#0,"""Golden Dragon's Eruption Lv.1"""
item_ExplosionWeapon_2#0,"""Golden Dragon's Eruption Lv.2"""
item_ExplosionWeapon_3#0,"""Golden Dragon's Eruption Lv.3"""
item_ExplosionWeapon_4#0,"""Golden Dragon's Eruption Lv.4"""
item_ExplosionWeapon_5#0,"""Golden Dragon's Eruption Lv.5"""
item_AtpRateOnlySu_1#0,"""Millennium Timber Lv.1"""
item_AtpRateOnlySu_2#0,"""Millennium Timber Lv.2"""
item_AtpRateOnlySu_3#0,"""Millennium Timber Lv.3"""
item_AtpRateOnlySu_4#0,"""Millennium Timber Lv.4"""
item_AtpRateOnlySu_5#0,"""Millennium Timber Lv.5"""
item_PetWillHeal_1#0,"""Eternal War Scherzo Lv.1"""
item_PetWillHeal_2#0,"""Eternal War Scherzo Lv.2"""
item_PetWillHeal_3#0,"""Eternal War Scherzo Lv.3"""
item_PetWillHeal_4#0,"""Eternal War Scherzo Lv.4"""
item_PetWillHeal_5#0,"""Eternal War Scherzo Lv.5"""
item_Jiryunokei_1#0,"""Midnight Dawn Lv.1"""
item_Jiryunokei_2#0,"""Midnight Dawn Lv.2"""
item_Jiryunokei_3#0,"""Midnight Dawn Lv.3"""
item_Jiryunokei_4#0,"""Midnight Dawn Lv.4"""
item_Jiryunokei_5#0,"""Midnight Dawn Lv.5"""
item_Jiryunokei2_1#0,"""未設定潜在能力 Lv.1"""
item_Jiryunokei2_2#0,"""未設定潜在能力 Lv.2"""
item_Jiryunokei2_3#0,"""未設定潜在能力 Lv.3"""
item_Jiryunokei2_4#0,"""未設定潜在能力 Lv.4"""
item_Jiryunokei2_5#0,"""未設定潜在能力 Lv.5"""
item_Jiryunokei_Su_1#0,"""Crimson Evening Lv.1"""
item_Jiryunokei_Su_2#0,"""Crimson Evening Lv.2"""
item_Jiryunokei_Su_3#0,"""Crimson Evening Lv.3"""
item_Jiryunokei_Su_4#0,"""Crimson Evening Lv.4"""
item_Jiryunokei_Su_5#0,"""Crimson Evening Lv.5"""
item_Jiryunokei_Su2_1#0,"""Unset Potential Lv.1"""
item_Jiryunokei_Su2_2#0,"""Unset Potential Lv.2"""
item_Jiryunokei_Su2_3#0,"""Unset Potential Lv.3"""
item_Jiryunokei_Su2_4#0,"""Unset Potential Lv.4"""
item_Jiryunokei_Su2_5#0,"""Unset Potential Lv.5"""
item_ConfidenceRisk_1#0,"""Impulsive Assault Lv.1"""
item_ConfidenceRisk_2#0,"""Impulsive Assault Lv.2"""
item_ConfidenceRisk_3#0,"""Impulsive Assault Lv.3"""
item_ConfidenceRisk_4#0,"""Impulsive Assault Lv.4"""
item_ConfidenceRisk_5#0,"""Impulsive Assault Lv.5"""
item_RedBird_1#0,"""Suzaku Alliance Lv.1"""
item_RedBird_2#0,"""Suzaku Alliance Lv.2"""
item_RedBird_3#0,"""Suzaku Alliance Lv.3"""
item_RedBird_4#0,"""Suzaku Alliance Lv.4"""
item_RedBird_5#0,"""Suzaku Alliance Lv.5"""
item_ReBirthGift_1#0,"""Christmas Miracle Lv.1"""
item_ReBirthGift_2#0,"""Christmas Miracle Lv.2"""
item_ReBirthGift_3#0,"""Christmas Miracle Lv.3"""
item_ReBirthGift_4#0,"""Christmas Miracle Lv.4"""
item_ReBirthGift_5#0,"""Christmas Miracle Lv.5"""
item_WhiteTiger_1#0,"""Byakko Accordant Lv.1"""
item_WhiteTiger_2#0,"""Byakko Accordant Lv.2"""
item_WhiteTiger_3#0,"""Byakko Accordant Lv.3"""
item_WhiteTiger_4#0,"""Byakko Accordant Lv.4"""
item_WhiteTiger_5#0,"""Byakko Accordant Lv.5"""
item_AllPowerUp3_1#0,"""Liberated Fang Lv.1"""
item_AllPowerUp3_2#0,"""Liberated Fang Lv.2"""
item_AllPowerUp3_3#0,"""Liberated Fang Lv.3"""
item_AllPowerUp3_4#0,"""Liberated Fang Lv.4"""
item_AllPowerUp3_5#0,"""Liberated Fang Lv.5"""
item_AllPowerUp3_Su_1#0,"""Liberated Ensemble Lv.1"""
item_AllPowerUp3_Su_2#0,"""Liberated Ensemble Lv.2"""
item_AllPowerUp3_Su_3#0,"""Liberated Ensemble Lv.3"""
item_AllPowerUp3_Su_4#0,"""Liberated Ensemble Lv.4"""
item_AllPowerUp3_Su_5#0,"""Liberated Ensemble Lv.5"""
item_EtCoherencePU_1#0,"""Venusian Beam Lv.1"""
item_EtCoherencePU_2#0,"""Venusian Beam Lv.2"""
item_EtCoherencePU_3#0,"""Venusian Beam Lv.3"""
item_EtCoherencePU_4#0,"""Venusian Beam Lv.4"""
item_EtCoherencePU_5#0,"""Venusian Beam Lv.5"""
item_SupportPPSlayer2_1#0,"""Cyclic Cyclone Plus Lv.1"""
item_SupportPPSlayer2_2#0,"""Cyclic Cyclone Plus Lv.2"""
item_SupportPPSlayer2_3#0,"""Cyclic Cyclone Plus Lv.3"""
item_SupportPPSlayer2_4#0,"""Cyclic Cyclone Plus Lv.4"""
item_SupportPPSlayer2_5#0,"""Cyclic Cyclone Plus Lv.5"""
item_ScissorCounter2_1#0,"""Angelic Adept Plus Lv.1"""
item_ScissorCounter2_2#0,"""Angelic Adept Plus Lv.2"""
item_ScissorCounter2_3#0,"""Angelic Adept Plus Lv.3"""
item_ScissorCounter2_4#0,"""Angelic Adept Plus Lv.4"""
item_ScissorCounter2_5#0,"""Angelic Adept Plus Lv.5"""
item_BulletShot2_1#0,"""Chaotic Arm Plus Lv.1"""
item_BulletShot2_2#0,"""Chaotic Arm Plus Lv.2"""
item_BulletShot2_3#0,"""Chaotic Arm Plus Lv.3"""
item_BulletShot2_4#0,"""Chaotic Arm Plus Lv.4"""
item_BulletShot2_5#0,"""Chaotic Arm Plus Lv.5"""
item_Cursefire2_1#0,"""Hexing Spirit Plus Lv.1"""
item_Cursefire2_2#0,"""Hexing Spirit Plus Lv.2"""
item_Cursefire2_3#0,"""Hexing Spirit Plus Lv.3"""
item_Cursefire2_4#0,"""Hexing Spirit Plus Lv.4"""
item_Cursefire2_5#0,"""Hexing Spirit Plus Lv.5"""
item_AirPhotonBladeFever2_1#0,"""Angelic Guidance Plus Lv.1"""
item_AirPhotonBladeFever2_2#0,"""Angelic Guidance Plus Lv.2"""
item_AirPhotonBladeFever2_3#0,"""Angelic Guidance Plus Lv.3"""
item_AirPhotonBladeFever2_4#0,"""Angelic Guidance Plus Lv.4"""
item_AirPhotonBladeFever2_5#0,"""Angelic Guidance Plus Lv.5"""
item_ConvergentPoint2_1#0,"""Hexing Destruction Plus Lv.1"""
item_ConvergentPoint2_2#0,"""Hexing Destruction Plus Lv.2"""
item_ConvergentPoint2_3#0,"""Hexing Destruction Plus Lv.3"""
item_ConvergentPoint2_4#0,"""Hexing Destruction Plus Lv.4"""
item_ConvergentPoint2_5#0,"""Hexing Destruction Plus Lv.5"""
item_HomingLauncher2_1#0,"""Quadruple Grenade Plus Lv.1"""
item_HomingLauncher2_2#0,"""Quadruple Grenade Plus Lv.2"""
item_HomingLauncher2_3#0,"""Quadruple Grenade Plus Lv.3"""
item_HomingLauncher2_4#0,"""Quadruple Grenade Plus Lv.4"""
item_HomingLauncher2_5#0,"""Quadruple Grenade Plus Lv.5"""
item_TerritoryMaster2_1#0,"""Illusion Technique Plus Lv.1"""
item_TerritoryMaster2_2#0,"""Illusion Technique Plus Lv.2"""
item_TerritoryMaster2_3#0,"""Illusion Technique Plus Lv.3"""
item_TerritoryMaster2_4#0,"""Illusion Technique Plus Lv.4"""
item_TerritoryMaster2_5#0,"""Illusion Technique Plus Lv.5"""
item_ThunderMaster_1#0,"""Golden Crest Lv.1"""
item_ThunderMaster_2#0,"""Golden Crest Lv.2"""
item_ThunderMaster_3#0,"""Golden Crest Lv.3"""
item_ThunderMaster_4#0,"""Golden Crest Lv.4"""
item_ThunderMaster_5#0,"""Golden Crest Lv.5"""
item_PetElementChange_1#0,"""Southern Seas Lv.1"""
item_PetElementChange_2#0,"""Southern Seas Lv.2"""
item_PetElementChange_3#0,"""Southern Seas Lv.3"""
item_PetElementChange_4#0,"""Southern Seas Lv.4"""
item_PetElementChange_5#0,"""Southern Seas Lv.5"""
item_MateNoTime_1#0,"""Rose Dew Lv.1"""
item_MateNoTime_2#0,"""Rose Dew Lv.2"""
item_MateNoTime_3#0,"""Rose Dew Lv.3"""
item_MateNoTime_4#0,"""Rose Dew Lv.4"""
item_MateNoTime_5#0,"""Rose Dew Lv.5"""
item_InvincibleStep_1#0,"""Ionizing Barrier Lv.1"""
item_InvincibleStep_2#0,"""Ionizing Barrier Lv.2"""
item_InvincibleStep_3#0,"""Ionizing Barrier Lv.3"""
item_InvincibleStep_4#0,"""Ionizing Barrier Lv.4"""
item_InvincibleStep_5#0,"""Ionizing Barrier Lv.5"""
item_DestroyMode_1#0,"""Despot Awakening Lv.1"""
item_DestroyMode_2#0,"""Despot Awakening Lv.2"""
item_DestroyMode_3#0,"""Despot Awakening Lv.3"""
item_DestroyMode_4#0,"""Despot Awakening Lv.4"""
item_DestroyMode_5#0,"""Despot Awakening Lv.5"""
item_ShiftaPowerPlus_1#0,"""Battle Stimulation Lv.1"""
item_ShiftaPowerPlus_2#0,"""Battle Stimulation Lv.2"""
item_ShiftaPowerPlus_3#0,"""Battle Stimulation Lv.3"""
item_ShiftaPowerPlus_4#0,"""Battle Stimulation Lv.4"""
item_ShiftaPowerPlus_5#0,"""Battle Stimulation Lv.5"""
item_AutoShoot1_1#0,"""Carbine Vortex Lv.1"""
item_AutoShoot1_2#0,"""Carbine Vortex Lv.2"""
item_AutoShoot1_3#0,"""Carbine Vortex Lv.3"""
item_AutoShoot1_4#0,"""Carbine Vortex Lv.4"""
item_AutoShoot1_5#0,"""Carbine Vortex Lv.5"""
item_AutoShoot2_1#0,"""Machinegun Vortex Lv.1"""
item_AutoShoot2_2#0,"""Machinegun Vortex Lv.2"""
item_AutoShoot2_3#0,"""Machinegun Vortex Lv.3"""
item_AutoShoot2_4#0,"""Machinegun Vortex Lv.4"""
item_AutoShoot2_5#0,"""Machinegun Vortex Lv.5"""
item_AutoShoot3_1#0,"""Katana Vortex Lv.1"""
item_AutoShoot3_2#0,"""Katana Vortex Lv.2"""
item_AutoShoot3_3#0,"""Katana Vortex Lv.3"""
item_AutoShoot3_4#0,"""Katana Vortex Lv.4"""
item_AutoShoot3_5#0,"""Katana Vortex Lv.5"""
item_HeavyDamage_1#0,"""Priority Shot Lv.1"""
item_HeavyDamage_2#0,"""Priority Shot Lv.2"""
item_HeavyDamage_3#0,"""Priority Shot Lv.3"""
item_HeavyDamage_4#0,"""Priority Shot Lv.4"""
item_HeavyDamage_5#0,"""Priority Shot Lv.5"""
item_NonDamageBonus1_1#0,"""Effortless Mettle Lv.1"""
item_NonDamageBonus1_2#0,"""Effortless Mettle Lv.2"""
item_NonDamageBonus1_3#0,"""Effortless Mettle Lv.3"""
item_NonDamageBonus1_4#0,"""Effortless Mettle Lv.4"""
item_NonDamageBonus1_5#0,"""Effortless Mettle Lv.5"""
item_NonDamageBonus2_1#0,"""Effortless Charity Lv.1"""
item_NonDamageBonus2_2#0,"""Effortless Charity Lv.2"""
item_NonDamageBonus2_3#0,"""Effortless Charity Lv.3"""
item_NonDamageBonus2_4#0,"""Effortless Charity Lv.4"""
item_NonDamageBonus2_5#0,"""Effortless Charity Lv.5"""
item_NonDamageBonus3_1#0,"""Effortless Wisdom Lv.1"""
item_NonDamageBonus3_2#0,"""Effortless Wisdom Lv.2"""
item_NonDamageBonus3_3#0,"""Effortless Wisdom Lv.3"""
item_NonDamageBonus3_4#0,"""Effortless Wisdom Lv.4"""
item_NonDamageBonus3_5#0,"""Effortless Wisdom Lv.5"""
item_NonDamageBonus4_1#0,"""Steadfast Might Lv.1"""
item_NonDamageBonus4_2#0,"""Steadfast Might Lv.2"""
item_NonDamageBonus4_3#0,"""Steadfast Might Lv.3"""
item_NonDamageBonus4_4#0,"""Steadfast Might Lv.4"""
item_NonDamageBonus4_5#0,"""Steadfast Might Lv.5"""
item_NonDamageBonusSu1_1#0,"""Effortless Solo Lv.1"""
item_NonDamageBonusSu1_2#0,"""Effortless Solo Lv.2"""
item_NonDamageBonusSu1_3#0,"""Effortless Solo Lv.3"""
item_NonDamageBonusSu1_4#0,"""Effortless Solo Lv.4"""
item_NonDamageBonusSu1_5#0,"""Effortless Solo Lv.5"""
item_NonDamageBonusSu2_1#0,"""Steadfast Solo Lv.1"""
item_NonDamageBonusSu2_2#0,"""Steadfast Solo Lv.2"""
item_NonDamageBonusSu2_3#0,"""Steadfast Solo Lv.3"""
item_NonDamageBonusSu2_4#0,"""Steadfast Solo Lv.4"""
item_NonDamageBonusSu2_5#0,"""Steadfast Solo Lv.5"""
item_AbyssBonus4_1#0,"""Phantasmal Darkness Plus Lv.1"""
item_AbyssBonus4_2#0,"""Phantasmal Darkness Plus Lv.2"""
item_AbyssBonus4_3#0,"""Phantasmal Darkness Plus Lv.3"""
item_AbyssBonus4_4#0,"""Phantasmal Darkness Plus Lv.4"""
item_AbyssBonus4_5#0,"""Phantasmal Darkness Plus Lv.5"""
item_VanishPpHeal_1#0,"""Midnight Wielder Lv.1"""
item_VanishPpHeal_2#0,"""Midnight Wielder Lv.2"""
item_VanishPpHeal_3#0,"""Midnight Wielder Lv.3"""
item_VanishPpHeal_4#0,"""Midnight Wielder Lv.4"""
item_VanishPpHeal_5#0,"""Midnight Wielder Lv.5"""
item_PerfectLuck_1#0,"""Dazzling Splendor Lv.1"""
item_PerfectLuck_2#0,"""Dazzling Splendor Lv.2"""
item_PerfectLuck_3#0,"""Dazzling Splendor Lv.3"""
item_PerfectLuck_4#0,"""Dazzling Splendor Lv.4"""
item_PerfectLuck_5#0,"""Dazzling Splendor Lv.5"""
item_HeroWillHeal4_1#0,"""Immortal Soul Plus Lv.1"""
item_HeroWillHeal4_2#0,"""Immortal Soul Plus Lv.2"""
item_HeroWillHeal4_3#0,"""Immortal Soul Plus Lv.3"""
item_HeroWillHeal4_4#0,"""Immortal Soul Plus Lv.4"""
item_HeroWillHeal4_5#0,"""Immortal Soul Plus Lv.5"""
item_PetWillHeal2_1#0,"""Eternal War Scherzo+ Lv.1"""
item_PetWillHeal2_2#0,"""Eternal War Scherzo+ Lv.2"""
item_PetWillHeal2_3#0,"""Eternal War Scherzo+ Lv.3"""
item_PetWillHeal2_4#0,"""Eternal War Scherzo+ Lv.4"""
item_PetWillHeal2_5#0,"""Eternal War Scherzo+ Lv.5"""
item_PpOverClock4_1#0,"""Lightstream Resurrection+ Lv.1"""
item_PpOverClock4_2#0,"""Lightstream Resurrection+ Lv.2"""
item_PpOverClock4_3#0,"""Lightstream Resurrection+ Lv.3"""
item_PpOverClock4_4#0,"""Lightstream Resurrection+ Lv.4"""
item_PpOverClock4_5#0,"""Lightstream Resurrection+ Lv.5"""
item_PpOverClock4_Su_1#0,"""Lightstream Melody+ Lv.1"""
item_PpOverClock4_Su_2#0,"""Lightstream Melody+ Lv.2"""
item_PpOverClock4_Su_3#0,"""Lightstream Melody+ Lv.3"""
item_PpOverClock4_Su_4#0,"""Lightstream Melody+ Lv.4"""
item_PpOverClock4_Su_5#0,"""Lightstream Melody+ Lv.5"""
item_UnionChange1_1#0,"""Reincarnation of Fate Lv.1"""
item_UnionChange1_2#0,"""Reincarnation of Fate Lv.2"""
item_UnionChange1_3#0,"""Reincarnation of Fate Lv.3"""
item_UnionChange1_4#0,"""Reincarnation of Fate Lv.4"""
item_UnionChange1_5#0,"""Reincarnation of Fate Lv.5"""
item_UnionChange1_Su_1#0,"""Cycle of Fate Lv.1"""
item_UnionChange1_Su_2#0,"""Cycle of Fate Lv.2"""
item_UnionChange1_Su_3#0,"""Cycle of Fate Lv.3"""
item_UnionChange1_Su_4#0,"""Cycle of Fate Lv.4"""
item_UnionChange1_Su_5#0,"""Cycle of Fate Lv.5"""
item_UnionChange2_1#0,"""Lightweaving Guardian Lv.1"""
item_UnionChange2_2#0,"""Lightweaving Guardian Lv.2"""
item_UnionChange2_3#0,"""Lightweaving Guardian Lv.3"""
item_UnionChange2_4#0,"""Lightweaving Guardian Lv.4"""
item_UnionChange2_5#0,"""Lightweaving Guardian Lv.5"""
item_UnionChange2_Su_1#0,"""Lightsong Guardian Lv.1"""
item_UnionChange2_Su_2#0,"""Lightsong Guardian Lv.2"""
item_UnionChange2_Su_3#0,"""Lightsong Guardian Lv.3"""
item_UnionChange2_Su_4#0,"""Lightsong Guardian Lv.4"""
item_UnionChange2_Su_5#0,"""Lightsong Guardian Lv.5"""
item_AddAbnormal_1#0,"""Sixfold Miasmata Lv.1"""
item_AddAbnormal_2#0,"""Sixfold Miasmata Lv.2"""
item_AddAbnormal_3#0,"""Sixfold Miasmata Lv.3"""
item_AddAbnormal_4#0,"""Sixfold Miasmata Lv.4"""
item_AddAbnormal_5#0,"""Sixfold Miasmata Lv.5"""
item_PpPurgeBurstRe_1#0,"""Resenting Prayer+ Lv.1"""
item_PpPurgeBurstRe_2#0,"""Resenting Prayer+ Lv.2"""
item_PpPurgeBurstRe_3#0,"""Resenting Prayer+ Lv.3"""
item_PpPurgeBurstRe_4#0,"""Resenting Prayer+ Lv.4"""
item_PpPurgeBurstRe_5#0,"""Resenting Prayer+ Lv.5"""
item_VoltagePpUp_1#0,"""Electrifying Terrain Lv.1"""
item_VoltagePpUp_2#0,"""Electrifying Terrain Lv.2"""
item_VoltagePpUp_3#0,"""Electrifying Terrain Lv.3"""
item_VoltagePpUp_4#0,"""Electrifying Terrain Lv.4"""
item_VoltagePpUp_5#0,"""Electrifying Terrain Lv.5"""
item_AutoShoot4_1#0,"""Bayonet Vortex Lv.1"""
item_AutoShoot4_2#0,"""Bayonet Vortex Lv.2"""
item_AutoShoot4_3#0,"""Bayonet Vortex Lv.3"""
item_AutoShoot4_4#0,"""Bayonet Vortex Lv.4"""
item_AutoShoot4_5#0,"""Bayonet Vortex Lv.5"""
item_MarkOverDrain_1#0,"""Dark Requiem Lv.1"""
item_MarkOverDrain_2#0,"""Dark Requiem Lv.2"""
item_MarkOverDrain_3#0,"""Dark Requiem Lv.3"""
item_MarkOverDrain_4#0,"""Dark Requiem Lv.4"""
item_MarkOverDrain_5#0,"""Dark Requiem Lv.5"""
item_StepDbCounter_1#0,"""Irregular Offensive Lv.1"""
item_StepDbCounter_2#0,"""Irregular Offensive Lv.2"""
item_StepDbCounter_3#0,"""Irregular Offensive Lv.3"""
item_StepDbCounter_4#0,"""Irregular Offensive Lv.4"""
item_StepDbCounter_5#0,"""Irregular Offensive Lv.5"""
item_ArtsMaster_1#0,"""Silvered Sonata Lv.1"""
item_ArtsMaster_2#0,"""Silvered Sonata Lv.2"""
item_ArtsMaster_3#0,"""Silvered Sonata Lv.3"""
item_ArtsMaster_4#0,"""Silvered Sonata Lv.4"""
item_ArtsMaster_5#0,"""Silvered Sonata Lv.5"""
item_NonCSatellite_1#0,"""Divine Judgment Lv.1"""
item_NonCSatellite_2#0,"""Divine Judgment Lv.2"""
item_NonCSatellite_3#0,"""Divine Judgment Lv.3"""
item_NonCSatellite_4#0,"""Divine Judgment Lv.4"""
item_NonCSatellite_5#0,"""Divine Judgment Lv.5"""
item_TalisExplosion_1#0,"""Supernova Lv.1"""
item_TalisExplosion_2#0,"""Supernova Lv.2"""
item_TalisExplosion_3#0,"""Supernova Lv.3"""
item_TalisExplosion_4#0,"""Supernova Lv.4"""
item_TalisExplosion_5#0,"""Supernova Lv.5"""
item_SpeedBoost1_1#0,"""Unset Potential Lv.1"""
item_SpeedBoost1_2#0,"""Unset Potential Lv.2"""
item_SpeedBoost1_3#0,"""Unset Potential Lv.3"""
item_SpeedBoost1_4#0,"""Unset Potential Lv.4"""
item_SpeedBoost1_5#0,"""Unset Potential Lv.5"""
item_SpeedBoost2_1#0,"""Extreme Speed Lv.1"""
item_SpeedBoost2_2#0,"""Extreme Speed Lv.2"""
item_SpeedBoost2_3#0,"""Extreme Speed Lv.3"""
item_SpeedBoost2_4#0,"""Extreme Speed Lv.4"""
item_SpeedBoost2_5#0,"""Extreme Speed Lv.5"""
item_SpeedBoost3_1#0,"""Unset Potential Lv.1"""
item_SpeedBoost3_2#0,"""Unset Potential Lv.2"""
item_SpeedBoost3_3#0,"""Unset Potential Lv.3"""
item_SpeedBoost3_4#0,"""Unset Potential Lv.4"""
item_SpeedBoost3_5#0,"""Unset Potential Lv.5"""
item_DpsAchieve_1#0,"""Glittering Fang Lv.1"""
item_DpsAchieve_2#0,"""Glittering Fang Lv.2"""
item_DpsAchieve_3#0,"""Glittering Fang Lv.3"""
item_DpsAchieve_4#0,"""Glittering Fang Lv.4"""
item_DpsAchieve_5#0,"""Glittering Fang Lv.5"""
item_DpsAchieve_Su_1#0,"""Glittering Circle Lv.1"""
item_DpsAchieve_Su_2#0,"""Glittering Circle Lv.2"""
item_DpsAchieve_Su_3#0,"""Glittering Circle Lv.3"""
item_DpsAchieve_Su_4#0,"""Glittering Circle Lv.4"""
item_DpsAchieve_Su_5#0,"""Glittering Circle Lv.5"""
item_AllPowerUp4_1#0,"""Liberated Fang Plus Lv.1"""
item_AllPowerUp4_2#0,"""Liberated Fang Plus Lv.2"""
item_AllPowerUp4_3#0,"""Liberated Fang Plus Lv.3"""
item_AllPowerUp4_4#0,"""Liberated Fang Plus Lv.4"""
item_AllPowerUp4_5#0,"""Liberated Fang Plus Lv.5"""
item_AllPowerUp4_Su_1#0,"""Liberated Ensemble Plus Lv.1"""
item_AllPowerUp4_Su_2#0,"""Liberated Ensemble Plus Lv.2"""
item_AllPowerUp4_Su_3#0,"""Liberated Ensemble Plus Lv.3"""
item_AllPowerUp4_Su_4#0,"""Liberated Ensemble Plus Lv.4"""
item_AllPowerUp4_Su_5#0,"""Liberated Ensemble Plus Lv.5"""
pet_WeatherDamageUpFine#0,"""Enjoys Sun """
pet_WeatherDamageUpFinePlus#0,"""Super Enjoys Sun """
pet_PPOverDrive3#0,"""Diligent """
pet_PPOverDrive3Plus#0,"""Super Diligent """
pet_AbnormalAdvance#0,"""Docile """
pet_AbnormalAdvancePlus#0,"""Super Docile """
pet_AttackPPRestraint#0,"""Adept """
pet_AttackPPRestraintPlus#0,"""Super Adept """
pet_SuperIronWill#0,"""Fervent """
pet_SuperIronWillPlus#0,"""Super Fervent """
pet_PetChangeHealBonus#0,"""Serene """
pet_PetChangeHealBonusPlus#0,"""Super Serene """
pet_ReactiveHealing#0,"""Fierce """
pet_ReactiveHealingPlus#0,"""Super Fierce """
pet_DeadlineSlayer#0,"""Adverse """
pet_DeadlineSlayerPlus#0,"""Super Adverse """
pet_AttackHateUp#0,"""Poser """
pet_AttackHateUpPlus#0,"""Super Poser """
pet_SubPetRecoverUp#0,"""Soothing """
pet_SubPetRecoverUpPlus#0,"""Super Soothing """
pet_EarlyBird#0,"""Super Early Bird """
pet_PiyoriChangeDamageUp#0,"""Devoted """
pet_PiyoriChangeDamageUpPlus#0,"""Super Devoted """
pet_PiyoriChangePPSave#0,"""Cunning """
pet_PiyoriChangePPSavePlus#0,"""Super Cunning """
pet_KillCountBonus#0,"""Rowdy """
pet_KillCountBonusPlus#0,"""Super Rowdy """
pet_AroundEnemyBonus#0,"""Hawkish """
pet_AroundEnemyBonusPlus#0,"""Super Hawkish """
pet_MultiPersonality1#0,"""Powerful """
pet_MultiPersonality2#0,"""Elite """
pet_MultiPersonality3#0,"""Pop """
pet_MultiPersonality4#0,"""Cute """
pet_MultiPersonality5#0,"""Elegant """
pet_MultiPersonality6#0,"""Gentle """
pet_MultiPersonality7#0,"""Rock """
pet_MultiPersonality8#0,"""Genius """
pet_MultiPersonality9#0,"""Aggressive """
item_RebootAttackUp_1#1,"""Damage +18%"""
item_RebootAttackUp_2#1,"""Damage +20%"""
item_RebootAttackUp_3#1,"""Damage +23%"""
item_RebootAttackUp_4#1,"""Damage +26%"""
item_RebootAttackUp_5#1,"""Damage +29%"""
item_RebootDamageReduction_4#1,"""Damage +26%<br>Damage Resistance +10%"""
item_AtpDam_1#1,"""Damage +18%<br>Damage Resistance +10%"""
item_AtpDam_2#1,"""Damage +20%<br>Damage Resistance +10%"""
item_AtpDam_3#1,"""Damage +23%<br>Damage Resistance +10%"""
item_AtpDam_4#1,"""Damage +26%<br>Damage Resistance +10%"""
item_AtpDam_5#1,"""Damage +29%<br>Damage Resistance +10%"""
item_AtpPpRed_1#1,"""Damage +18%<br>PP Cost Reduction +10%"""
item_AtpPpRed_2#1,"""Damage +20%<br>PP Cost Reduction +10%"""
item_AtpPpRed_3#1,"""Damage +23%<br>PP Cost Reduction +10%"""
item_AtpPpRed_4#1,"""Damage +26%<br>PP Cost Reduction +10%"""
item_AtpPpRed_5#1,"""Damage +29%<br>PP Cost Reduction +10%"""
item_SuperArmor_1#1,"""Damage +19%<br>ป้องกัน Knockback เมื่อ<br>HP เต็ม"""
item_SuperArmor_2#1,"""Damage +21%<br>ป้องกัน Knockback เมื่อ<br>HP เต็ม"""
item_SuperArmor_3#1,"""Damage +24%<br>ป้องกัน Knockback เมื่อ<br>HP เต็ม"""
item_SuperArmor_4#1,"""Damage +27%<br>ป้องกัน Knockback เมื่อ<br>HP เต็ม"""
item_SuperArmor_5#1,"""Damage +30%<br>ป้องกัน Knockback เมื่อ<br>HP เต็ม"""
item_CountPower_1#1,"""Damage +15%<br>Damage +3% & Critical Hit<br>Rate +15% เป็นเวลา 60 วินาที<br>หลังจากโจมตี Normal Attack<br>3 ครั้ง (คูลดาวน์ 30 วินาที)"""
item_CountPower_2#1,"""Damage +17%<br>Damage +3% & Critical Hit<br>Rate +15% เป็นเวลา 60 วินาที<br>หลังจากโจมตี Normal Attack<br>3 ครั้ง (คูลดาวน์ 30 วินาที)"""
item_CountPower_3#1,"""Damage +20%<br>Damage +3% & Critical Hit<br>Rate +15% เป็นเวลา 60 วินาที<br>หลังจากโจมตี Normal Attack<br>3 ครั้ง (คูลดาวน์ 30 วินาที)"""
item_CountPower_4#1,"""Damage +23%<br>Damage +3% & Critical Hit<br>Rate +15% เป็นเวลา 60 วินาที<br>หลังจากโจมตี Normal Attack<br>3 ครั้ง (คูลดาวน์ 30 วินาที)"""
item_CountPower_5#1,"""Damage +26%<br>Damage +3% & Critical Hit<br>Rate +15% เป็นเวลา 60 วินาที<br>หลังจากโจมตี Normal Attack<br>3 ครั้ง (คูลดาวน์ 30 วินาที)"""
item_PpBoost_1#1,"""Damage +17%<br>PP Regeneration +30%<br>เป็นเวลา 60 วินาทีเมื่อ<br>PP ของคุณลดลงต่ำกว่า 30%<br>(คูลดาวน์ 30 วินาที)"""
item_PpBoost_2#1,"""Damage +19%<br>PP Regeneration +30%<br>เป็นเวลา 60 วินาทีเมื่อ<br>PP ของคุณลดลงต่ำกว่า 30%<br>(คูลดาวน์ 30 วินาที)"""
item_PpBoost_3#1,"""Damage +22%<br>PP Regeneration +30%<br>เป็นเวลา 60 วินาทีเมื่อ<br>PP ของคุณลดลงต่ำกว่า 30%<br>(คูลดาวน์ 30 วินาที)"""
item_PpBoost_4#1,"""Damage +25%<br>PP Regeneration +30%<br>เป็นเวลา 60 วินาทีเมื่อ<br>PP ของคุณลดลงต่ำกว่า 30%<br>(คูลดาวน์ 30 วินาที)"""
item_PpBoost_5#1,"""Damage +28%<br>PP Regeneration +30%<br>เป็นเวลา 60 วินาทีเมื่อ<br>PP ของคุณลดลงต่ำกว่า 30%<br>(คูลดาวน์ 30 วินาที)"""
item_PpEfficiency_1#1,"""Damage +18%<br>Attack PP Recovery +10%<br>PP Regeneration +10%"""
item_PpEfficiency_2#1,"""Damage +20%<br>Attack PP Recovery +10%<br>PP Regeneration +10%"""
item_PpEfficiency_3#1,"""Damage +23%<br>Attack PP Recovery +10%<br>PP Regeneration +10%"""
item_PpEfficiency_4#1,"""Damage +24%<br>Attack PP Recovery +15%<br>PP Regeneration +15%"""
item_PpEfficiency_5#1,"""Damage +25%<br>Attack PP Recovery +20%<br>PP Regeneration +15%"""
item_PpEfficiency_6#1,"""Damage +45%<br>Attack PP Recovery +20%<br>PP Regeneration +20%"""
item_DamageBarrier_1#1,"""Damage +18%<br>มอบบาเรียที่ให้<br>Damage Resistance +40%<br>เมื่อ HP เต็ม"""
item_DamageBarrier_2#1,"""Damage +20%<br>มอบบาเรียที่ให้<br>Damage Resistance +40%<br>เมื่อ HP เต็ม"""
item_DamageBarrier_3#1,"""Damage +23%<br>มอบบาเรียที่ให้<br>Damage Resistance +40%<br>เมื่อ HP เต็ม"""
item_DamageBarrier_4#1,"""Damage +24%<br>มอบบาเรียที่ให้<br>Damage Resistance +50%<br>เมื่อ HP เต็ม"""
item_DamageBarrier_5#1,"""Damage +25%<br>มอบบาเรียที่ให้<br>Damage Resistance +50%<br>เมื่อมี HP 80% ขึ้นไป"""
item_DamageBarrier_6#1,"""Damage +45%<br>มอบบาเรียที่ให้<br>Damage Resistance +50%<br>เมื่อมี HP 80% ขึ้นไป"""
item_EscapeCritical_1#1,"""Damage +16%<br>เมื่อหลบหลีกด้วย Step สำเร็จ:<br>Critical Hit Rate +15% เป็นเวลา<br>30 วินาที"""
item_EscapeCritical_2#1,"""Damage +18%<br>เมื่อหลบหลีกด้วย Step สำเร็จ:<br>Critical Hit Rate +15% เป็นเวลา<br>30 วินาที"""
item_EscapeCritical_3#1,"""Damage +21%<br>เมื่อหลบหลีกด้วย Step สำเร็จ:<br>Critical Hit Rate +15% เป็นเวลา<br>30 วินาที"""
item_EscapeCritical_4#1,"""Damage +21%<br>เมื่อหลบหลีกด้วย Step สำเร็จ:<br>Critical Hit Rate +18% เป็นเวลา<br>30 วินาที"""
item_EscapeCritical_5#1,"""Damage +22%<br>เมื่อหลบหลีกด้วย Step สำเร็จ:<br>Critical Hit Rate +25% เป็นเวลา<br>60 วินาที"""
item_EscapeCritical_6#1,"""Damage +30%<br>เมื่อหลบหลีกด้วย Step สำเร็จ:<br>Critical Hit Rate +25% เป็นเวลา<br>60 วินาที"""
item_PbGaugeUp_1#1,"""Damage +18%<br>เพิ่มการชาร์จ Photon Blast<br>ที่ได้รับจากการโจมตี<br>ศัตรู 15%"""
item_PbGaugeUp_2#1,"""Damage +20%<br>เพิ่มการชาร์จ Photon Blast<br>ที่ได้รับจากการโจมตี<br>ศัตรู 15%"""
item_PbGaugeUp_3#1,"""Damage +23%<br>เพิ่มการชาร์จ Photon Blast<br>ที่ได้รับจากการโจมตี<br>ศัตรู 15%"""
item_PbGaugeUp_4#1,"""Damage +26%<br>เพิ่มการชาร์จ Photon Blast<br>ที่ได้รับจากการโจมตี<br>ศัตรู 15%"""
item_PbGaugeUp_5#1,"""Damage +29%<br>เพิ่มการชาร์จ Photon Blast<br>ที่ได้รับจากการโจมตี<br>ศัตรู 15%"""
item_DefCritical_1#1,"""Damage +17%<br>เพิ่ม Critical Hit Rate<br>ตาม Defense Power<br>สูงสุด +15%<br>ที่ 1000 Defense Power"""
item_DefCritical_2#1,"""Damage +19%<br>เพิ่ม Critical Hit Rate<br>ตาม Defense Power<br>สูงสุด +15%<br>ที่ 1000 Defense Power"""
item_DefCritical_3#1,"""Damage +22%<br>เพิ่ม Critical Hit Rate<br>ตาม Defense Power<br>สูงสุด +15%<br>ที่ 1000 Defense Power"""
item_DefCritical_4#1,"""Damage +22%<br>เพิ่ม Critical Hit Rate<br>ตาม Defense Power<br>สูงสุด +18%<br>ที่ 1000 Defense Power"""
item_DefCritical_5#1,"""Damage +23%<br>เพิ่ม Critical Hit Rate<br>ตาม Defense Power<br>สูงสุด +27%<br>ที่ 1200 Defense Power"""
item_DefCritical_6#1,"""Damage +25%<br>เพิ่ม Critical Hit Rate<br>ตาม Defense Power<br>สูงสุด +27%<br>ที่ 1200 Defense Power"""
item_AtkCritical_1#1,"""Damage +17%<br>เพิ่ม Critical Hit Rate<br>ตาม Attack Power<br>สูงสุด +15%<br>ที่ 2000 Attack Power"""
item_AtkCritical_2#1,"""Damage +19%<br>เพิ่ม Critical Hit Rate<br>ตาม Attack Power<br>สูงสุด +15%<br>ที่ 2000 Attack Power"""
item_AtkCritical_3#1,"""Damage +22%<br>เพิ่ม Critical Hit Rate<br>ตาม Attack Power<br>สูงสุด +15%<br>ที่ 2000 Attack Power"""
item_AtkCritical_4#1,"""Damage +22%<br>เพิ่ม Critical Hit Rate<br>ตาม Attack Power<br>สูงสุด +18%<br>ที่ 2000 Attack Power"""
item_AtkCritical_5#1,"""Damage +23%<br>เพิ่ม Critical Hit Rate<br>ตาม Attack Power<br>สูงสุด +27%<br>ที่ 2400 Attack Power"""
item_AtkCritical_6#1,"""Damage +27%<br>เพิ่ม Critical Hit Rate<br>ตาม Attack Power<br>สูงสุด +27%<br>ที่ 2400 Attack Power"""
item_WholeBody_1#1,"""Damage +15%<br>เพิ่ม Damage เมื่อ HP สูง<br>สูงสุด +5%"""
item_WholeBody_2#1,"""Damage +17%<br>เพิ่ม Damage เมื่อ HP สูง<br>สูงสุด +5%"""
item_WholeBody_3#1,"""Damage +20%<br>เพิ่ม Damage เมื่อ HP สูง<br>สูงสุด +5%"""
item_WholeBody_4#1,"""Damage +21%<br>เพิ่ม Damage เมื่อ HP สูง<br>สูงสุด +5%"""
item_WholeBody_5#1,"""Damage +22%<br>เพิ่ม Damage เมื่อ HP สูง<br>สูงสุด +8%"""
item_WholeBody_6#1,"""Damage +35%<br>เพิ่ม Damage เมื่อ HP สูง<br>สูงสุด +8%"""
item_StackHeal_1#1,"""Damage +17%<br>สะสมชาร์จสูงสุด 3 ขั้น<br>จากการหลบหลีกด้วย Step เมื่อได้รับ<br>ความเสียหาย จะใช้ 1 ชาร์จ<br>และฟื้นฟู 300 HP"""
item_StackHeal_2#1,"""Damage +19%<br>สะสมชาร์จสูงสุด 3 ขั้น<br>จากการหลบหลีกด้วย Step เมื่อได้รับ<br>ความเสียหาย จะใช้ 1 ชาร์จ<br>และฟื้นฟู 300 HP"""
item_StackHeal_3#1,"""Damage +22%<br>สะสมชาร์จสูงสุด 3 ขั้น<br>จากการหลบหลีกด้วย Step เมื่อได้รับ<br>ความเสียหาย จะใช้ 1 ชาร์จ<br>และฟื้นฟู 300 HP"""
item_StackHeal_4#1,"""Damage +25%<br>สะสมชาร์จสูงสุด 3 ขั้น<br>จากการหลบหลีกด้วย Step เมื่อได้รับ<br>ความเสียหาย จะใช้ 1 ชาร์จ<br>และฟื้นฟู 300 HP"""
item_StackHeal_5#1,"""Damage +28%<br>สะสมชาร์จสูงสุด 3 ขั้น<br>จากการหลบหลีกด้วย Step เมื่อได้รับ<br>ความเสียหาย จะใช้ 1 ชาร์จ<br>และฟื้นฟู 300 HP"""
item_LifeGuts_1#1,"""Damage +18%<br>หลังจาก 10 วินาที คุณสามารถ<br>รอดตายโดยเหลือ 1 HP และ<br>เป็นอมตะชั่วขณะ<br>(คูลดาวน์ 600 วินาที)"""
item_LifeGuts_2#1,"""Damage +20%<br>หลังจาก 10 วินาที คุณสามารถ<br>รอดตายโดยเหลือ 1 HP และ<br>เป็นอมตะชั่วขณะ<br>(คูลดาวน์ 600 วินาที)"""
item_LifeGuts_3#1,"""Damage +23%<br>หลังจาก 10 วินาที คุณสามารถ<br>รอดตายโดยเหลือ 1 HP และ<br>เป็นอมตะชั่วขณะ<br>(คูลดาวน์ 600 วินาที)"""
item_LifeGuts_4#1,"""Damage +26%<br>หลังจาก 10 วินาที คุณสามารถ<br>รอดตายโดยเหลือ 1 HP และ<br>เป็นอมตะชั่วขณะ<br>(คูลดาวน์ 600 วินาที)"""
item_LifeGuts_5#1,"""Damage +29%<br>หลังจาก 10 วินาที คุณสามารถ<br>รอดตายโดยเหลือ 1 HP และ<br>เป็นอมตะชั่วขณะ<br>(คูลดาวน์ 600 วินาที)"""
item_ReactionBonus_1#1,"""Damage +18%<br>Down Build-up Rate +20%"""
item_ReactionBonus_2#1,"""Damage +20%<br>Down Build-up Rate +20%"""
item_ReactionBonus_3#1,"""Damage +23%<br>Down Build-up Rate +20%"""
item_ReactionBonus_4#1,"""Damage +26%<br>Down Build-up Rate +20%"""
item_ReactionBonus_5#1,"""Damage +29%<br>Down Build-up Rate +20%"""
item_ReactionDown_1#1,"""Damage +18%<br>Down Resist +20%"""
item_ReactionDown_2#1,"""Damage +20%<br>Down Resist +20%"""
item_ReactionDown_3#1,"""Damage +23%<br>Down Resist +20%"""
item_ReactionDown_4#1,"""Damage +26%<br>Down Resist +20%"""
item_ReactionDown_5#1,"""Damage +29%<br>Down Resist +20%"""
item_ItemReturn_1#1,"""Damage +18%<br>มีโอกาส 20% ที่ Resta Signs<br>จะไม่ถูกใช้เมื่อกดใช้งาน<br>เริ่มแสดงผลหลังจากสวมใส่แล้ว<br>10 วินาที"""
item_ItemReturn_2#1,"""Damage +20%<br>มีโอกาส 20% ที่ Resta Signs<br>จะไม่ถูกใช้เมื่อกดใช้งาน<br>เริ่มแสดงผลหลังจากสวมใส่แล้ว<br>10 วินาที"""
item_ItemReturn_3#1,"""Damage +23%<br>มีโอกาส 20% ที่ Resta Signs<br>จะไม่ถูกใช้เมื่อกดใช้งาน<br>เริ่มแสดงผลหลังจากสวมใส่แล้ว<br>10 วินาที"""
item_ItemReturn_4#1,"""Damage +24%<br>มีโอกาส 20% ที่ Resta Signs<br>จะไม่ถูกใช้เมื่อกดใช้งาน<br>เริ่มแสดงผลหลังจากสวมใส่แล้ว<br>10 วินาที"""
item_ItemReturn_5#1,"""Damage +25%<br>มีโอกาส 30% ที่ Resta Signs<br>จะไม่ถูกใช้เมื่อกดใช้งาน<br>เริ่มแสดงผลหลังจากสวมใส่แล้ว<br>10 วินาที"""
item_ItemReturn_6#1,"""Damage +42%<br>มีโอกาส 30% ที่ Resta Signs<br>จะไม่ถูกใช้เมื่อกดใช้งาน<br>เริ่มแสดงผลหลังจากสวมใส่แล้ว<br>10 วินาที"""
item_ReactionDown2_1#1,"""Damage +18%<br>Down Resist +10%"""
item_ReactionDown2_2#1,"""Damage +20%<br>Down Resist +10%"""
item_ReactionDown2_3#1,"""Damage +23%<br>Down Resist +10%"""
item_ReactionDown2_4#1,"""Damage +24%<br>Down Resist +20%"""
item_ReactionDown2_5#1,"""Damage +25%<br>Down Resist +40%"""
item_ReactionDown2_6#1,"""Damage +42%<br>Down Resist +40%"""
item_PbGaugeUp2_1#1,"""Damage +20%<br>เพิ่มการชาร์จ Photon Blast<br>ที่ได้รับจากการโจมตี<br>ศัตรู 20%"""
item_PbGaugeUp2_2#1,"""Damage +22%<br>เพิ่มการชาร์จ Photon Blast<br>ที่ได้รับจากการโจมตี<br>ศัตรู 20%"""
item_PbGaugeUp2_3#1,"""Damage +25%<br>เพิ่มการชาร์จ Photon Blast<br>ที่ได้รับจากการโจมตี<br>ศัตรู 20%"""
item_PbGaugeUp2_4#1,"""Damage +26%<br>เพิ่มการชาร์จ Photon Blast<br>ที่ได้รับจากการโจมตี<br>ศัตรู 20%"""
item_PbGaugeUp2_5#1,"""Damage +27%<br>เพิ่มการชาร์จ Photon Blast<br>ที่ได้รับจากการโจมตี<br>ศัตรู 40%"""
item_PbGaugeUp2_6#1,"""Damage +45%<br>เพิ่มการชาร์จ Photon Blast<br>ที่ได้รับจากการโจมตี<br>ศัตรู 40%"""
item_ElementPpBonus_1#1,"""Damage +8%<br>การโจมตีศัตรู 2 ครั้งใน 10 วินาที<br>จะสร้างการโจมตีพิเศษ<br>ที่ทำให้ศัตรูติดสถานะ Attribute Down ของไอเทมนี้<br>(คูลดาวน์ 20 วินาที)"""
item_ElementPpBonus_2#1,"""Damage +10%<br>การโจมตีศัตรู 2 ครั้งใน 10 วินาที<br>จะสร้างการโจมตีพิเศษ<br>ที่ทำให้ศัตรูติดสถานะ Attribute Down ของไอเทมนี้<br>(คูลดาวน์ 20 วินาที)"""
item_ElementPpBonus_3#1,"""Damage +13%<br>การโจมตีศัตรู 2 ครั้งใน 10 วินาที<br>จะสร้างการโจมตีพิเศษ<br>ที่ทำให้ศัตรูติดสถานะ Attribute Down ของไอเทมนี้<br>(คูลดาวน์ 20 วินาที)"""
item_ElementPpBonus_4#1,"""Damage +14%<br>การโจมตีศัตรู 2 ครั้งใน 10 วินาที<br>จะสร้างการโจมตีพิเศษ<br>ที่ทำให้ศัตรูติดสถานะ Attribute Down ของไอเทมนี้<br>(คูลดาวน์ 20 วินาที)"""
item_ElementPpBonus_5#1,"""Damage +15%<br>การโจมตีศัตรู 2 ครั้งใน 10 วินาที<br>จะสร้างการโจมตีพิเศษ<br>ที่ทำให้ศัตรูติดสถานะ Attribute Down ของไอเทมนี้<br>(คูลดาวน์ 15 วินาที)"""
item_ElementPpBonus_6#1,"""Damage +20%<br>การโจมตีศัตรู 2 ครั้งใน 10 วินาที<br>จะสร้างการโจมตีพิเศษ<br>ที่ทำให้ศัตรูติดสถานะ Attribute Down ของไอเทมนี้<br>(คูลดาวน์ 15 วินาที)"""
item_AllBonus_1#1,"""Damage +21%<br>Damage Resistance -10%"""
item_AllBonus_2#1,"""Damage +23%<br>Damage Resistance -10%"""
item_AllBonus_3#1,"""Damage +26%<br>Damage Resistance -10%"""
item_AllBonus_4#1,"""Damage +27%<br>Damage Resistance -8%"""
item_AllBonus_5#1,"""Damage +31%<br>Damage Resistance -5%"""
item_AllBonus_6#1,"""Damage +46%<br>Damage Resistance -5%"""
item_AllBonus2_1#1,"""Damage +12%<br>Critical Hit Rate +10%<br>PP Consumption -10%<br>ในขณะที่โจมตี<br>PB Gauge จะเพิ่มขึ้น +20%"""
item_AllBonus2_2#1,"""Damage +14%<br>Critical Hit Rate +10%<br>PP Consumption -10%<br>ในขณะที่โจมตี<br>PB Gauge จะเพิ่มขึ้น +20%"""
item_AllBonus2_3#1,"""Damage +16%<br>Critical Hit Rate +10%<br>PP Consumption -10%<br>ในขณะที่โจมตี<br>PB Gauge จะเพิ่มขึ้น +20%"""
item_AllBonus2_4#1,"""Damage +17%<br>Critical Hit Rate +10%<br>PP Consumption -10%<br>ในขณะที่โจมตี<br>PB Gauge จะเพิ่มขึ้น +20%"""
item_AllBonus2_5#1,"""Damage +19%<br>Critical Hit Rate +10%<br>PP Consumption -10%<br>ในขณะที่โจมตี<br>PB Gauge จะเพิ่มขึ้น +20%"""
item_AllBonus2_6#1,"""Damage +32%<br>Critical Hit Rate +10%<br>PP Consumption -10%<br>ในขณะที่โจมตี<br>PB Gauge จะเพิ่มขึ้น +20%"""
item_AllBonus3_1#1,"""Damage +9%<br>Critical Hit Rate +10%<br>Damage Resistance +10%"""
item_AllBonus3_2#1,"""Damage +11%<br>Critical Hit Rate +10%<br>Damage Resistance +10%"""
item_AllBonus3_3#1,"""Damage +14%<br>Critical Hit Rate +10%<br>Damage Resistance +10%"""
item_AllBonus3_4#1,"""Damage +16%<br>Critical Hit Rate +10%<br>Damage Resistance +10%"""
item_AllBonus3_5#1,"""Damage +18%<br>Critical Hit Rate +10%<br>Damage Resistance +10%"""
item_AllBonus3_6#1,"""Damage +26%<br>Critical Hit Rate +10%<br>Damage Resistance +10%"""
item_AllBonus4_1#1,"""Damage -28%<br>Critical Hit Rate +100%"""
item_AllBonus4_2#1,"""Damage -25%<br>Critical Hit Rate +100%"""
item_AllBonus4_3#1,"""Damage -23%<br>Critical Hit Rate +100%"""
item_AllBonus4_4#1,"""Damage -22%<br>Critical Hit Rate +100%"""
item_AllBonus4_5#1,"""Damage -21%<br>Critical Hit Rate +100%"""
item_AllBonus4_6#1,"""Damage -17%<br>Critical Hit Rate +100%"""
item_AllBonus5_1#1,"""Damage +17%<br>Damage Resistance +10%<br>PP Consumption -10%<br>ในขณะที่โจมตี<br>PB Gauge จะเพิ่มขึ้น +10%"""
item_AllBonus5_2#1,"""Damage +19%<br>Damage Resistance +10%<br>PP Consumption -10%<br>ในขณะที่โจมตี<br>PB Gauge จะเพิ่มขึ้น +10%"""
item_AllBonus5_3#1,"""Damage +21%<br>Damage Resistance +10%<br>PP Consumption -10%<br>ในขณะที่โจมตี<br>PB Gauge จะเพิ่มขึ้น +10%"""
item_AllBonus5_4#1,"""Damage +23%<br>Damage Resistance +10%<br>PP Consumption -10%<br>ในขณะที่โจมตี<br>PB Gauge จะเพิ่มขึ้น +10%"""
item_AllBonus5_5#1,"""Damage +24%<br>Damage Resistance +10%<br>PP Consumption -10%<br>ในขณะที่โจมตี<br>PB Gauge จะเพิ่มขึ้น +10%"""
item_AllBonus5_6#1,"""Damage +29%<br>Damage Resistance +10%<br>PP Consumption -10%<br>ในขณะที่โจมตี<br>PB Gauge จะเพิ่มขึ้น +10%"""
item_Proximity_1#1,"""Damage +21%<br>Damage Resistance +10%<br>Resta Sign healing +20%<br>เริ่มแสดงผลหลังจากสวมใส่แล้ว<br>10 วินาที"""
item_Proximity_2#1,"""Damage +23%<br>Damage Resistance +10%<br>Resta Sign healing +20%<br>เริ่มแสดงผลหลังจากสวมใส่แล้ว<br>10 วินาที"""
item_Proximity_3#1,"""Damage +26%<br>Damage Resistance +10%<br>Resta Sign healing +20%<br>เริ่มแสดงผลหลังจากสวมใส่แล้ว<br>10 วินาที"""
item_Proximity_4#1,"""Damage +27%<br>Damage Resistance +10%<br>Resta Sign healing +20%<br>เริ่มแสดงผลหลังจากสวมใส่แล้ว<br>10 วินาที"""
item_Proximity_5#1,"""Damage +28%<br>Damage Resistance +20%<br>Resta Sign healing +25%<br>เริ่มแสดงผลหลังจากสวมใส่แล้ว<br>10 วินาที"""
item_Proximity_6#1,"""Damage +46%<br>Damage Resistance +20%<br>Resta Sign healing +25%<br>เริ่มแสดงผลหลังจากสวมใส่แล้ว<br>10 วินาที"""
item_DoubleCritical_1#1,"""Damage +12%<br>Critical Hit Rate +15%<br>ขณะที่ HP อยู่ที่ 80% ขึ้นไป<br>Critical Hit Rate +10%"""
item_DoubleCritical_2#1,"""Damage +14%<br>Critical Hit Rate +15%<br>ขณะที่ HP อยู่ที่ 80% ขึ้นไป<br>Critical Hit Rate +10%"""
item_DoubleCritical_3#1,"""Damage +17%<br>Critical Hit Rate +15%<br>ขณะที่ HP อยู่ที่ 80% ขึ้นไป<br>Critical Hit Rate +10%"""
item_DoubleCritical_4#1,"""Damage +18%<br>Critical Hit Rate +15%<br>ขณะที่ HP อยู่ที่ 80% ขึ้นไป<br>Critical Hit Rate +10%"""
item_DoubleCritical_5#1,"""Damage +19%<br>Critical Hit Rate +15%<br>ขณะที่ HP อยู่ที่ 50% ขึ้นไป<br>Critical Hit Rate +15%"""
item_DoubleCritical_6#1,"""Damage +26%<br>Critical Hit Rate +15%<br>ขณะที่ HP อยู่ที่ 50% ขึ้นไป<br>Critical Hit Rate +15%"""
item_PpComfortable_1#1,"""Damage +21%<br>PP Cost Reduction +10%<br>Attack PP Recovery +20%"""
item_PpComfortable_2#1,"""Damage +23%<br>PP Cost Reduction +10%<br>Attack PP Recovery +20%"""
item_PpComfortable_3#1,"""Damage +26%<br>PP Cost Reduction +10%<br>Attack PP Recovery +20%"""
item_PpComfortable_4#1,"""Damage +27%<br>PP Cost Reduction +10%<br>Attack PP Recovery +20%"""
item_PpComfortable_5#1,"""Damage +28%<br>PP Cost Reduction +15%<br>Attack PP Recovery +30%"""
item_PpComfortable_6#1,"""Damage +45%<br>PP Cost Reduction +15%<br>Attack PP Recovery +30%"""
item_BombField_1#1,"""Damage +15%<br>สร้างการโจมตีแบบพื้นที่กว้าง<br>(Area of Effect) เมื่อโจมตีศัตรู<br>(คูลดาวน์ 10 วินาที)"""
item_BombField_2#1,"""Damage +17%<br>สร้างการโจมตีแบบพื้นที่กว้าง<br>(Area of Effect) เมื่อโจมตีศัตรู<br>(คูลดาวน์ 10 วินาที)"""
item_BombField_3#1,"""Damage +20%<br>สร้างการโจมตีแบบพื้นที่กว้าง<br>(Area of Effect) เมื่อโจมตีศัตรู<br>(คูลดาวน์ 10 วินาที)"""
item_BombField_4#1,"""Damage +21%<br>สร้างการโจมตีแบบพื้นที่กว้าง<br>(Area of Effect) เมื่อโจมตีศัตรู<br>(คูลดาวน์ 10 วินาที)"""
item_BombField_5#1,"""Damage +22%<br>สร้างการโจมตีแบบพื้นที่กว้าง<br>(Area of Effect) เมื่อโจมตีศัตรู<br>(คูลดาวน์ 10 วินาที)"""
item_BombField_6#1,"""Damage +35%<br>สร้างการโจมตีแบบพื้นที่กว้าง<br>(Area of Effect) เมื่อโจมตีศัตรู<br>(คูลดาวน์ 10 วินาที)"""
item_BossWeak_1#1,"""Damage +14%<br>Damage ที่ทำกับ Bosses +4%"""
item_BossWeak_2#1,"""Damage +16%<br>Damage ที่ทำกับ Bosses +4%"""
item_BossWeak_3#1,"""Damage +19%<br>Damage ที่ทำกับ Bosses +4%"""
item_BossWeak_4#1,"""Damage +20%<br>Damage ที่ทำกับ Bosses +4%"""
item_BossWeak_5#1,"""Damage +21%<br>Damage ที่ทำกับ Bosses +10%"""
item_BossWeak_6#1,"""Damage +38%<br>Damage ที่ทำกับ Bosses +10%"""
item_ReturnBarrier_1#1,"""Damage +17%<br>มอบบาเรียที่ให้<br>Damage Resistance +50%<br>บาเรียจะหายไปเมื่อถูกโจมตี<br>ฟื้นฟูหลังจาก 30 วินาที"""
item_ReturnBarrier_2#1,"""Damage +19%<br>มอบบาเรียที่ให้<br>Damage Resistance +50%<br>บาเรียจะหายไปเมื่อถูกโจมตี<br>ฟื้นฟูหลังจาก 30 วินาที"""
item_ReturnBarrier_3#1,"""Damage +22%<br>มอบบาเรียที่ให้<br>Damage Resistance +50%<br>บาเรียจะหายไปเมื่อถูกโจมตี<br>ฟื้นฟูหลังจาก 30 วินาที"""
item_ReturnBarrier_4#1,"""Damage +23%<br>มอบบาเรียที่ให้<br>Damage Resistance +50%<br>บาเรียจะหายไปเมื่อถูกโจมตี<br>ฟื้นฟูหลังจาก 30 วินาที"""
item_ReturnBarrier_5#1,"""Damage +24%<br>มอบบาเรียที่ให้<br>Damage Resistance +50%<br>บาเรียจะหายไปเมื่อถูกโจมตี<br>ฟื้นฟูหลังจาก 15 วินาที"""
item_ReturnBarrier_6#1,"""Damage +47%<br>มอบบาเรียที่ให้<br>Damage Resistance +50%<br>บาเรียจะหายไปเมื่อถูกโจมตี<br>ฟื้นฟูหลังจาก 15 วินาที"""
item_PpReturn_1#1,"""Damage +17%<br>ฟื้นฟู 10 PP เมื่อคุณ<br>โจมตีศัตรูขณะที่มี PP<br>ต่ำกว่า 50% (คูลดาวน์ 15 วินาที)"""
item_PpReturn_2#1,"""Damage +19%<br>ฟื้นฟู 10 PP เมื่อคุณ<br>โจมตีศัตรูขณะที่มี PP<br>ต่ำกว่า 50% (คูลดาวน์ 15 วินาที)"""
item_PpReturn_3#1,Damage +22%<br>ฟื้นฟู 10 PP เมื่อคุณ<br>โจมตีศัตรูขณะที่มี PP<br>ต่ำกว่า 50% (คูลดาวน์ 15 วินาที)
item_PpReturn_4#1,Damage +23%<br>ฟื้นฟู 10 PP เมื่อคุณ<br>โจมตีศัตรูขณะที่มี PP<br>ต่ำกว่า 50% (คูลดาวน์ 15 วินาที)
item_PpReturn_5#1,Damage +24%<br>ฟื้นฟู 15 PP เมื่อคุณ<br>โจมตีศัตรูขณะที่มี PP<br>ต่ำกว่า 50% (คูลดาวน์ 10 วินาที)
item_PpReturn_6#1,Damage +47%<br>ฟื้นฟู 50 PP เมื่อคุณ<br>โจมตีศัตรูขณะที่มี PP<br>ต่ำกว่า 50% (คูลดาวน์ 10 วินาที)
item_ChanceUp_1#1,Damage +15%<br>เพิ่ม Critical Hit Rate<br>สำหรับการโจมตีที่ไม่ติดคริติคอลแต่ละครั้ง<br>สูงสุด +22% รีเซ็ตเมื่อ<br>โจมตีติดคริติคอลสำเร็จ
item_ChanceUp_2#1,Damage +17%<br>เพิ่ม Critical Hit Rate<br>สำหรับการโจมตีที่ไม่ติดคริติคอลแต่ละครั้ง<br>สูงสุด +22% รีเซ็ตเมื่อ<br>โจมตีติดคริติคอลสำเร็จ
item_ChanceUp_3#1,Damage +20%<br>เพิ่ม Critical Hit Rate<br>สำหรับการโจมตีที่ไม่ติดคริติคอลแต่ละครั้ง<br>สูงสุด +22% รีเซ็ตเมื่อ<br>โจมตีติดคริติคอลสำเร็จ
item_ChanceUp_4#1,Damage +21%<br>เพิ่ม Critical Hit Rate<br>สำหรับการโจมตีที่ไม่ติดคริติคอลแต่ละครั้ง<br>สูงสุด +22% รีเซ็ตเมื่อ<br>โจมตีติดคริติคอลสำเร็จ
item_ChanceUp_5#1,Damage +22%<br>เพิ่ม Critical Hit Rate<br>สำหรับการโจมตีที่ไม่ติดคริติคอลแต่ละครั้ง<br>สูงสุด +30% รีเซ็ตเมื่อ<br>โจมตีติดคริติคอลสำเร็จ
item_ChanceUp_6#1,Damage +37%<br>เพิ่ม Critical Hit Rate<br>สำหรับการโจมตีที่ไม่ติดคริติคอลแต่ละครั้ง<br>สูงสุด +30% รีเซ็ตเมื่อ<br>โจมตีติดคริติคอลสำเร็จ
item_ElementPpBonus2_1#1,Damage +8%<br>การโจมตีศัตรู 2 ครั้งใน 10 วินาที<br>จะสร้างการโจมตีพิเศษ<br>ที่ทำให้ศัตรูติดสถานะ Attribute Down ของไอเทมนี้<br>(คูลดาวน์ 20 วินาที)
item_ElementPpBonus2_2#1,Damage +10%<br>การโจมตีศัตรู 2 ครั้งใน 10 วินาที<br>จะสร้างการโจมตีพิเศษ<br>ที่ทำให้ศัตรูติดสถานะ Attribute Down ของไอเทมนี้<br>(คูลดาวน์ 20 วินาที)
item_ElementPpBonus2_3#1,Damage +13%<br>การโจมตีศัตรู 2 ครั้งใน 10 วินาที<br>จะสร้างการโจมตีพิเศษ<br>ที่ทำให้ศัตรูติดสถานะ Attribute Down ของไอเทมนี้<br>(คูลดาวน์ 20 วินาที)
item_ElementPpBonus2_4#1,Damage +14%<br>การโจมตีศัตรู 2 ครั้งใน 10 วินาที<br>จะสร้างการโจมตีพิเศษ<br>ที่ทำให้ศัตรูติดสถานะ Attribute Down ของไอเทมนี้<br>(คูลดาวน์ 20 วินาที)
item_ElementPpBonus2_5#1,Damage +15%<br>การโจมตีศัตรู 2 ครั้งใน 10 วินาที<br>จะสร้างการโจมตีพิเศษ<br>ที่ทำให้ศัตรูติดสถานะ Attribute Down ของไอเทมนี้<br>(คูลดาวน์ 20 วินาที)
item_Highlander_1#1,Damage +18%<br>เพิ่มการฟื้นฟู HP ของ Resta Sign<br>& ลด PP Consumption ลง 1% ต่อ<br>ความแตกต่างของ Weapon & Unit Special Abilities<br>สูงสุดไม่เกิน 15%
item_Highlander_2#1,Damage +20%<br>เพิ่มการฟื้นฟู HP ของ Resta Sign<br>& ลด PP Consumption ลง 1% ต่อ<br>ความแตกต่างของ Weapon & Unit Special Abilities<br>สูงสุดไม่เกิน 15%
item_Highlander_3#1,Damage +22%<br>เพิ่มการฟื้นฟู HP ของ Resta Sign<br>& ลด PP Consumption ลง 1% ต่อ<br>ความแตกต่างของ Weapon & Unit Special Abilities<br>สูงสุดไม่เกิน 15%
item_Highlander_4#1,Damage +26%<br>เพิ่มการฟื้นฟู HP ของ Resta Sign<br>& ลด PP Consumption ลง 1% ต่อ<br>ความแตกต่างของ Weapon & Unit Special Abilities<br>สูงสุดไม่เกิน 20%
item_Highlander_5#1,Damage +27%<br>เพิ่มการฟื้นฟู HP ของ Resta Sign<br>& ลด PP Consumption ลง 2% ต่อ<br>ความแตกต่างของ Weapon & Unit Special Abilities<br>สูงสุดไม่เกิน 20%
item_Highlander_6#1,Damage +44%<br>เพิ่มการฟื้นฟู HP ของ Resta Sign<br>& ลด PP Consumption ลง 2% ต่อ<br>ความแตกต่างของ Weapon & Unit Special Abilities<br>สูงสุดไม่เกิน 20%
item_QuestBuster_1#1,Damage +15%<br>Damage Resistance +5%<br>ใน Geometric Labyrinth:<br>Add. Damage +5% &<br>Damage Resistance +50%
item_QuestBuster_2#1,Damage +18%<br>Damage Resistance +5%<br>ใน Geometric Labyrinth:<br>Add. Damage +5% &<br>Damage Resistance +50%
item_QuestBuster_3#1,Damage +21%<br>Damage Resistance +5%<br>ใน Geometric Labyrinth:<br>Add. Damage +5% &<br>Damage Resistance +50%
item_QuestBuster_4#1,Damage +22%<br>Damage Resistance +5%<br>ใน Geometric Labyrinth:<br>Add. Damage +5% &<br>Damage Resistance +50%
item_QuestBuster_5#1,Damage +23%<br>Damage Resistance +10%<br>ใน Geometric Labyrinth:<br>Add. Damage +10% &<br>Damage Resistance +50%
item_QuestBuster_6#1,Damage +40%<br>Damage Resistance +10%<br>ใน Geometric Labyrinth:<br>Add. Damage +10% &<br>Damage Resistance +50%
item_EnemyBuster_1#1,Damage +13%<br>Damage Resistance +5%<br>เมื่อต่อสู้กับ DOLLS จะได้รับ<br>Damage +6% และ<br>Damage Resistance +5% เพิ่มเติม
item_EnemyBuster_2#1,Damage +15%<br>Damage Resistance +5%<br>เมื่อต่อสู้กับ DOLLS จะได้รับ<br>Damage +6% และ<br>Damage Resistance +5% เพิ่มเติม
item_EnemyBuster_3#1,Damage +18%<br>Damage Resistance +5%<br>เมื่อต่อสู้กับ DOLLS จะได้รับ<br>Damage +6% และ<br>Damage Resistance +5% เพิ่มเติม
item_EnemyBuster_4#1,Damage +19%<br>Damage Resistance +5%<br>เมื่อต่อสู้กับ DOLLS จะได้รับ<br>Damage +6% และ<br>Damage Resistance +5% เพิ่มเติม
item_EnemyBuster_5#1,Damage +21%<br>Damage Resistance +5%<br>เมื่อต่อสู้กับ DOLLS จะได้รับ<br>Damage +6% และ<br>Damage Resistance +5% เพิ่มเติม
item_EnemyBuster_6#1,Damage +31%<br>Damage Resistance +5%<br>เมื่อต่อสู้กับ DOLLS จะได้รับ<br>Damage +6% และ<br>Damage Resistance +5% เพิ่มเติม
item_EscapePpConvert_1#1,Damage +16%<br>เมื่อหลบหลีกด้วย Step สำเร็จ:<br>เป็นเวลา 20 วินาที<br>Natural PP<br>Recovery +100%<br>(คูลดาวน์ 10 วินาที)
item_EscapePpConvert_2#1,Damage +18%<br>เมื่อหลบหลีกด้วย Step สำเร็จ:<br>เป็นเวลา 20 วินาที<br>Natural PP<br>Recovery +100%<br>(คูลดาวน์ 10 วินาที)
item_EscapePpConvert_3#1,Damage +21%<br>เมื่อหลบหลีกด้วย Step สำเร็จ:<br>เป็นเวลา 20 วินาที<br>Natural PP<br>Recovery +100%<br>(คูลดาวน์ 10 วินาที)
item_EscapePpConvert_4#1,Damage +22%<br>เมื่อหลบหลีกด้วย Step สำเร็จ:<br>เป็นเวลา 20 วินาที<br>Natural PP<br>Recovery +100%<br>(คูลดาวน์ 10 วินาที)
item_EscapePpConvert_5#1,Damage +23%<br>เมื่อหลบหลีกด้วย Step สำเร็จ:<br>เป็นเวลา 40 วินาที<br>Natural PP<br>Recovery +150%<br>(คูลดาวน์ 10 วินาที)
item_EscapePpConvert_6#1,Damage +48%<br>เมื่อหลบหลีกด้วย Step สำเร็จ:<br>เป็นเวลา 40 วินาที<br>Natural PP<br>Recovery +150%<br>(คูลดาวน์ 10 วินาที)
item_EscapePpConvert2_1#1,Damage +18%<br>เมื่อหลบหลีกด้วย Step สำเร็จ:<br>เป็นเวลา 20 วินาที<br>Natural PP<br>Recovery +100%<br>(คูลดาวน์ 10 วินาที)
item_EscapePpConvert2_2#1,Damage +20%<br>เมื่อหลบหลีกด้วย Step สำเร็จ:<br>เป็นเวลา 20 วินาที<br>Natural PP<br>Recovery +100%<br>(คูลดาวน์ 10 วินาที)
item_EscapePpConvert2_3#1,Damage +23%<br>เมื่อหลบหลีกด้วย Step สำเร็จ:<br>เป็นเวลา 20 วินาที<br>Natural PP<br>Recovery +100%<br>(คูลดาวน์ 10 วินาที)
item_EscapePpConvert2_4#1,Damage +24%<br>เมื่อหลบหลีกด้วย Step สำเร็จ:<br>เป็นเวลา 20 วินาที<br>Natural PP<br>Recovery +100%<br>(คูลดาวน์ 10 วินาที)
item_EscapePpConvert2_5#1,Damage +25%<br>เมื่อหลบหลีกด้วย Step สำเร็จ:<br>เป็นเวลา 40 วินาที<br>Natural PP<br>Recovery +150%<br>(คูลดาวน์ 10 วินาที)
item_EscapePpConvert2_6#1,Damage +48%<br>เมื่อหลบหลีกด้วย Step สำเร็จ:<br>เป็นเวลา 40 วินาที<br>Natural PP<br>Recovery +150%<br>(คูลดาวน์ 10 วินาที)
item_AttackKeep_1#1,Damage +18%<br>เมื่อโจมตีโดนเป้าหมาย:<br>เป็นเวลา 5 วินาที<br>Attack PP Recovery +20%<br>การโจมตีโดนอีกครั้ง<br>จะขยายระยะเวลา<br>แสดงผลออกไป (คูลดาวน์ 10 วินาที)
item_AttackKeep_2#1,Damage +20%<br>เมื่อโจมตีโดนเป้าหมาย:<br>เป็นเวลา 5 วินาที<br>Attack PP Recovery +20%<br>การโจมตีโดนอีกครั้ง<br>จะขยายระยะเวลา<br>แสดงผลออกไป (คูลดาวน์ 10 วินาที)
item_AttackKeep_3#1,Damage +22%<br>เมื่อโจมตีโดนเป้าหมาย:<br>เป็นเวลา 5 วินาที<br>Attack PP Recovery +20%<br>การโจมตีโดนอีกครั้ง<br>จะขยายระยะเวลา<br>แสดงผลออกไป (คูลดาวน์ 10 วินาที)
item_AttackKeep_4#1,Damage +23%<br>เมื่อโจมตีโดนเป้าหมาย:<br>เป็นเวลา 5 วินาที<br>Attack PP Recovery +20%<br>การโจมตีโดนอีกครั้ง<br>จะขยายระยะเวลา<br>แสดงผลออกไป (คูลดาวน์ 10 วินาที)
item_AttackKeep_5#1,Damage +24%<br>เมื่อโจมตีโดนเป้าหมาย:<br>เป็นเวลา 10 วินาที<br>Attack PP Recovery +30%<br>การโจมตีโดนอีกครั้ง<br>จะขยายระยะเวลา<br>แสดงผลออกไป (คูลดาวน์ 10 วินาที)
item_AttackKeep_6#1,Damage +48%<br>เมื่อโจมตีโดนเป้าหมาย:<br>เป็นเวลา 10 วินาที<br>Attack PP Recovery +30%<br>การโจมตีโดนอีกครั้ง<br>จะขยายระยะเวลา<br>แสดงผลออกไป (คูลดาวน์ 10 วินาที)
item_PpSlayer_1#1,Damage +12%<br>เพิ่ม Critical Hit Rate<br>30% เมื่อ PP<br>ต่ำกว่า 50%
item_PpSlayer_2#1,Damage +14%<br>เพิ่ม Critical Hit Rate<br>30% เมื่อ PP<br>ต่ำกว่า 50%
item_PpSlayer_3#1,Damage +17%<br>เพิ่ม Critical Hit Rate<br>30% เมื่อ PP<br>ต่ำกว่า 50%
item_PpSlayer_4#1,Damage +18%<br>เพิ่ม Critical Hit Rate<br>30% เมื่อ PP<br>ต่ำกว่า 50%
item_PpSlayer_5#1,Damage +19%<br>เพิ่ม Critical Hit Rate<br>30% เมื่อ PP<br>ต่ำกว่า 70%
item_PpSlayer_6#1,Damage +29%<br>เพิ่ม Critical Hit Rate<br>30% เมื่อ PP<br>ต่ำกว่า 70%
item_DamagePpConvert_1#1,Damage +18%<br>เมื่อได้รับความเสียหาย:<br>PP Recovery +20%<br>(คูลดาวน์ 10 วินาที)
item_DamagePpConvert_2#1,Damage +20%<br>เมื่อได้รับความเสียหาย:<br>PP Recovery +20%<br>(คูลดาวน์ 10 วินาที)
item_DamagePpConvert_3#1,Damage +23%<br>เมื่อได้รับความเสียหาย:<br>PP Recovery +20%<br>(คูลดาวน์ 10 วินาที)
item_DamagePpConvert_4#1,Damage +24%<br>เมื่อได้รับความเสียหาย:<br>PP Recovery +20%<br>(คูลดาวน์ 10 วินาที)
item_DamagePpConvert_5#1,Damage +25%<br>เมื่อได้รับความเสียหาย:<br>PP Recovery +30%<br>(คูลดาวน์ 10 วินาที)
item_DamagePpConvert_6#1,Damage +48%<br>เมื่อได้รับความเสียหาย:<br>PP Recovery +30%<br>(คูลดาวน์ 10 วินาที)
item_OverWhelm_1#1,Damage +15%<br>Damage เพิ่มเติม +6%<br>เมื่อโจมตีศัตรูที่<br>ไม่ใช่บอส (Non-boss)
item_OverWhelm_2#1,Damage +17%<br>Damage เพิ่มเติม +6%<br>เมื่อโจมตีศัตรูที่<br>ไม่ใช่บอส (Non-boss)
item_OverWhelm_3#1,Damage +20%<br>Damage เพิ่มเติม +6%<br>เมื่อโจมตีศัตรูที่<br>ไม่ใช่บอส (Non-boss)
item_OverWhelm_4#1,Damage +22%<br>Damage เพิ่มเติม +6%<br>เมื่อโจมตีศัตรูที่<br>ไม่ใช่บอส (Non-boss)
item_OverWhelm_5#1,Damage +23%<br>Damage เพิ่มเติม +8%<br>เมื่อโจมตีศัตรูที่<br>ไม่ใช่บอส (Non-boss)
item_OverWhelm_6#1,Damage +42%<br>Damage เพิ่มเติม +8%<br>เมื่อโจมตีศัตรูที่<br>ไม่ใช่บอส (Non-boss)
item_ChaseAttack_1#1,Damage +12%<br>เมื่อโจมตีสำเร็จ:<br>ยิงการโจมตีเพิ่มเติม<br>1～3 ครั้ง<br>(คูลดาวน์ 5 วินาที)
item_ChaseAttack_2#1,Damage +14%<br>เมื่อโจมตีสำเร็จ:<br>ยิงการโจมตีเพิ่มเติม<br>1～3 ครั้ง<br>(คูลดาวน์ 5 วินาที)
item_ChaseAttack_3#1,Damage +17%<br>เมื่อโจมตีสำเร็จ:<br>ยิงการโจมตีเพิ่มเติม<br>1～3 ครั้ง<br>(คูลดาวน์ 5 วินาที)
item_ChaseAttack_4#1,Damage +19%<br>เมื่อโจมตีสำเร็จ:<br>ยิงการโจมตีเพิ่มเติม<br>1～3 ครั้ง<br>(คูลดาวน์ 5 วินาที)
item_ChaseAttack_5#1,Damage +20%<br>เมื่อโจมตีสำเร็จ:<br>ยิงการโจมตีเพิ่มเติม<br>1～3 ครั้ง<br>(คูลดาวน์ 5 วินาที)
item_ChaseAttack_6#1,Damage +27%<br>เมื่อโจมตีสำเร็จ:<br>ยิงการโจมตีเพิ่มเติม<br>1～3 ครั้ง<br>(คูลดาวน์ 5 วินาที)
item_KillingBarrier_1#1,Damage +18%<br>สร้างบาเรีย Damage Resistance +40%<br>ได้สูงสุด 3 อัน (คูลดาวน์ 30 วินาที)<br>แต่สามารถลดคูลดาวน์ลงได้<br>ตามจำนวนศัตรูที่สังหาร
item_KillingBarrier_2#1,Damage +20%<br>สร้างบาเรีย Damage Resistance +40%<br>ได้สูงสุด 3 อัน (คูลดาวน์ 30 วินาที)<br>แต่สามารถลดคูลดาวน์ลงได้<br>ตามจำนวนศัตรูที่สังหาร
item_KillingBarrier_3#1,Damage +23%<br>สร้างบาเรีย Damage Resistance +40%<br>ได้สูงสุด 3 อัน (คูลดาวน์ 30 วินาที)<br>แต่สามารถลดคูลดาวน์ลงได้<br>ตามจำนวนศัตรูที่สังหาร
item_KillingBarrier_4#1,Damage +25%<br>สร้างบาเรีย Damage Resistance +40%<br>ได้สูงสุด 3 อัน (คูลดาวน์ 30 วินาที)<br>แต่สามารถลดคูลดาวน์ลงได้<br>ตามจำนวนศัตรูที่สังหาร
item_KillingBarrier_5#1,Damage +27%<br>สร้างบาเรีย Damage Resistance +40%<br>ได้สูงสุด 3 อัน (คูลดาวน์ 30 วินาที)<br>แต่สามารถลดคูลดาวน์ลงได้<br>ตามจำนวนศัตรูที่สังหาร
item_KillingBarrier_6#1,Damage +39%<br>สร้างบาเรีย Damage Resistance +40%<br>ได้สูงสุด 3 อัน (คูลดาวน์ 30 วินาที)<br>แต่สามารถลดคูลดาวน์ลงได้<br>ตามจำนวนศัตรูที่สังหาร
item_OverTime_1#1,Damage +18%<br>เมื่อใช้ PP ครบ 300:<br>ลด PP Consumption ลง 30%<br>(คูลดาวน์ 10 วินาที)
item_OverTime_2#1,Damage +20%<br>เมื่อใช้ PP ครบ 300:<br>ลด PP Consumption ลง 30%<br>(คูลดาวน์ 10 วินาที)
item_OverTime_3#1,Damage +23%<br>เมื่อใช้ PP ครบ 300:<br>ลด PP Consumption ลง 30%<br>(คูลดาวน์ 10 วินาที)
item_OverTime_4#1,Damage +25%<br>เมื่อใช้ PP ครบ 300:<br>ลด PP Consumption ลง 30%<br>(คูลดาวน์ 10 วินาที)
item_OverTime_5#1,Damage +27%<br>เมื่อใช้ PP ครบ 300:<br>ลด PP Consumption ลง 30%<br>(คูลดาวน์ 10 วินาที)
item_OverTime_6#1,Damage +39%<br>เมื่อใช้ PP ครบ 300:<br>ลด PP Consumption ลง 30%<br>(คูลดาวน์ 10 วินาที)
item_EscapeCritical2_1#1,Damage +16%<br>เมื่อหลบหลีกด้วย Step สำเร็จ:<br>Critical Hit Rate +15% เป็นเวลา<br>30 วินาที
item_EscapeCritical2_2#1,Damage +18%<br>เมื่อหลบหลีกด้วย Step สำเร็จ:<br>Critical Hit Rate +15% เป็นเวลา<br>30 วินาที
item_EscapeCritical2_3#1,Damage +21%<br>เมื่อหลบหลีกด้วย Step สำเร็จ:<br>Critical Hit Rate +15% เป็นเวลา<br>30 วินาที
item_EscapeCritical2_4#1,Damage +21%<br>เมื่อหลบหลีกด้วย Step สำเร็จ:<br>Critical Hit Rate +18% เป็นเวลา<br>30 วินาที
item_EscapeCritical2_5#1,Damage +22%<br>เมื่อหลบหลีกด้วย Step สำเร็จ:<br>Critical Hit Rate +25% เป็นเวลา<br>60 วินาที
item_EscapeCritical2_6#1,Damage +26%<br>เมื่อหลบหลีกด้วย Step สำเร็จ:<br>Critical Hit Rate +25% เป็นเวลา<br>60 วินาที
item_BarrierSa_1#1,Damage +19%<br>เมื่อ HP เต็ม:<br>สร้างบาเรียที่ช่วยป้องกัน<br>การลอยตัว/กระเด็น (Knockback)<br>จากการโจมตีของศัตรู และ<br>ลดความเสียหายที่ได้รับลง 60%
item_BarrierSa_2#1,Damage +21%<br>เมื่อ HP เต็ม:<br>สร้างบาเรียที่ช่วยป้องกัน<br>การลอยตัว/กระเด็น (Knockback)<br>จากการโจมตีของศัตรู และ<br>ลดความเสียหายที่ได้รับลง 60%
item_BarrierSa_3#1,Damage +24%<br>เมื่อ HP เต็ม:<br>สร้างบาเรียที่ช่วยป้องกัน<br>การลอยตัว/กระเด็น (Knockback)<br>จากการโจมตีของศัตรู และ<br>ลดความเสียหายที่ได้รับลง 60%
item_BarrierSa_4#1,Damage +25%<br>เมื่อ HP เต็ม:<br>สร้างบาเรียที่ช่วยป้องกัน<br>การลอยตัว/กระเด็น (Knockback)<br>จากการโจมตีของศัตรู และ<br>ลดความเสียหายที่ได้รับลง 60%
item_BarrierSa_5#1,Damage +26%<br>เมื่อมี HP 90% ขึ้นไป:<br>สร้างบาเรียที่ช่วยป้องกัน<br>การลอยตัว/กระเด็น (Knockback)<br>จากการโจมตีของศัตรู และ<br>ลดความเสียหายที่ได้รับลง 60%
item_BarrierSa_6#1,Damage +48%<br>เมื่อมี HP 90% ขึ้นไป:<br>สร้างบาเรียที่ช่วยป้องกัน<br>การลอยตัว/กระเด็น (Knockback)<br>จากการโจมตีของศัตรู และ<br>ลดความเสียหายที่ได้รับลง 60%
item_KillingPpGain_1#1,Damage +19%<br>ฟื้นฟู 6 PP เมื่อ<br>กำจัดศัตรูที่อยู่ใกล้เคียงได้
item_KillingPpGain_2#1,"""Damage +21%<br>ฟื้นฟู 6 PP เมื่อ<br>กำจัดศัตรูที่อยู่ใกล้เคียงได้"""
item_KillingPpGain_3#1,"""Damage +24%<br>ฟื้นฟู 6 PP เมื่อ<br>กำจัดศัตรูที่อยู่ใกล้เคียงได้"""
item_KillingPpGain_4#1,"""Damage +25%<br>ฟื้นฟู 6 PP เมื่อ<br>กำจัดศัตรูที่อยู่ใกล้เคียงได้"""
item_KillingPpGain_5#1,"""Damage +27%<br>ฟื้นฟู 6 PP เมื่อ<br>กำจัดศัตรูที่อยู่ใกล้เคียงได้"""
item_KillingPpGain_6#1,"""Damage +42%<br>ฟื้นฟู 6 PP เมื่อ<br>กำจัดศัตรูที่อยู่ใกล้เคียงได้"""
item_CriticalBuff_1#1,"""Damage +12%<br>Critical Hit Rate +10%<br>เมื่อโจมตีติดคริติคอล:<br>Damage Resistance +20%<br>PP Regeneration +30%<br>เป็นเวลา 20 วินาที<br>(คูลดาวน์ 10 วินาที)"""
item_CriticalBuff_2#1,"""Damage +14%<br>Critical Hit Rate +10%<br>เมื่อโจมตีติดคริติคอล:<br>Damage Resistance +20%<br>PP Regeneration +30%<br>เป็นเวลา 20 วินาที<br>(คูลดาวน์ 10 วินาที)"""
item_CriticalBuff_3#1,"""Damage +17%<br>Critical Hit Rate +10%<br>เมื่อโจมตีติดคริติคอล:<br>Damage Resistance +20%<br>PP Regeneration +30%<br>เป็นเวลา 20 วินาที<br>(คูลดาวน์ 10 วินาที)"""
item_CriticalBuff_4#1,"""Damage +18%<br>Critical Hit Rate +10%<br>เมื่อโจมตีติดคริติคอล:<br>Damage Resistance +20%<br>PP Regeneration +30%<br>เป็นเวลา 20 วินาที<br>(คูลดาวน์ 10 วินาที)"""
item_CriticalBuff_5#1,"""Damage +20%<br>Critical Hit Rate +10%<br>เมื่อโจมตีติดคริติคอล:<br>Damage Resistance +20%<br>PP Regeneration +30%<br>เป็นเวลา 20 วินาที<br>(คูลดาวน์ 10 วินาที)"""
item_CriticalBuff_6#1,"""Damage +32%<br>Critical Hit Rate +10%<br>เมื่อโจมตีติดคริติคอล:<br>Damage Resistance +20%<br>PP Regeneration +30%<br>เป็นเวลา 20 วินาที<br>(คูลดาวน์ 10 วินาที)"""
item_CoChallenge_1#1,"""Damage +10%<br>เมื่อใช้ Step หรือ Weapon Action<br>หลบหลีกหรือบล็อกการโจมตีสำเร็จ:<br>Critical Hit Rate +15% เป็นเวลา<br>30 วินาที"""
item_CoChallenge_2#1,"""Damage +12%<br>เมื่อใช้ Step หรือ Weapon Action<br>หลบหลีกหรือบล็อกการโจมตีสำเร็จ:<br>Critical Hit Rate +15% เป็นเวลา<br>30 วินาที"""
item_CoChallenge_3#1,"""Damage +14%<br>เมื่อใช้ Step หรือ Weapon Action<br>หลบหลีกหรือบล็อกการโจมตีสำเร็จ:<br>Critical Hit Rate +15% เป็นเวลา<br>30 วินาที"""
item_CoChallenge_4#1,"""Damage +15%<br>เมื่อใช้ Step หรือ Weapon Action<br>หลบหลีกหรือบล็อกการโจมตีสำเร็จ:<br>Critical Hit Rate +15% เป็นเวลา<br>30 วินาที"""
item_CoChallenge_5#1,"""Damage +16%<br>เมื่อใช้ Step หรือ Weapon Action<br>หลบหลีกหรือบล็อกการโจมตีสำเร็จ:<br>Critical Hit Rate +15% เป็นเวลา<br>30 วินาที"""
item_CoChallenge_6#1,"""Damage +20%<br>เมื่อใช้ Step หรือ Weapon Action<br>หลบหลีกหรือบล็อกการโจมตีสำเร็จ:<br>Critical Hit Rate +15% เป็นเวลา<br>30 วินาที"""
item_NoDamageBuff_1#1,"""Damage +18%<br>หลังจากสวมใส่ครบ 15 วินาที:<br>Critical Hit Rate +10% และ<br>ลด PP Consumption ลง 20%<br>หากได้รับความเสียหาย ผลนี้จะถูก<br>ยกเลิกเป็นเวลา 15 วินาที"""
item_NoDamageBuff_2#1,"""Damage +20%<br>หลังจากสวมใส่ครบ 15 วินาที:<br>Critical Hit Rate +10% และ<br>ลด PP Consumption ลง 20%<br>หากได้รับความเสียหาย ผลนี้จะถูก<br>ยกเลิกเป็นเวลา 15 วินาที"""
item_NoDamageBuff_3#1,"""Damage +22%<br>หลังจากสวมใส่ครบ 15 วินาที:<br>Critical Hit Rate +10% และ<br>ลด PP Consumption ลง 20%<br>หากได้รับความเสียหาย ผลนี้จะถูก<br>ยกเลิกเป็นเวลา 15 วินาที"""
item_NoDamageBuff_4#1,"""Damage +23%<br>หลังจากสวมใส่ครบ 15 วินาที:<br>Critical Hit Rate +10% และ<br>ลด PP Consumption ลง 20%<br>หากได้รับความเสียหาย ผลนี้จะถูก<br>ยกเลิกเป็นเวลา 15 วินาที"""
item_NoDamageBuff_5#1,"""Damage +24%<br>หลังจากสวมใส่ครบ 15 วินาที:<br>Critical Hit Rate +10% และ<br>ลด PP Consumption ลง 20%<br>หากได้รับความเสียหาย ผลนี้จะถูก<br>ยกเลิกเป็นเวลา 15 วินาที"""
item_NoDamageBuff_6#1,"""Damage +31%<br>หลังจากสวมใส่ครบ 10 วินาที:<br>Critical Hit Rate +10% และ<br>ลด PP Consumption ลง 20%<br>หากได้รับความเสียหาย ผลนี้จะถูก<br>ยกเลิกเป็นเวลา 10 วินาที"""
item_Regenerate_1#1,"""Damage +18%<br>หลังจากสวมใส่ครบ 10 วินาที:<br>ฟื้นฟู 4% ของ Max HP<br>ทุกๆ 10 วินาที"""
item_Regenerate_2#1,"""Damage +20%<br>หลังจากสวมใส่ครบ 10 วินาที:<br>ฟื้นฟู 4% ของ Max HP<br>ทุกๆ 10 วินาที"""
item_Regenerate_3#1,"""Damage +23%<br>หลังจากสวมใส่ครบ 10 วินาที:<br>ฟื้นฟู 4% ของ Max HP<br>ทุกๆ 10 วินาที"""
item_Regenerate_4#1,"""Damage +24%<br>หลังจากสวมใส่ครบ 10 วินาที:<br>ฟื้นฟู 4% ของ Max HP<br>ทุกๆ 10 วินาที"""
item_Regenerate_5#1,"""Damage +25%<br>หลังจากสวมใส่ครบ 10 วินาที:<br>ฟื้นฟู 4% ของ Max HP<br>ทุกๆ 10 วินาที"""
item_Regenerate_6#1,"""Damage +30%<br>หลังจากสวมใส่ครบ 10 วินาที:<br>ฟื้นฟู 4% ของ Max HP<br>ทุกๆ 10 วินาที"""
item_PbBonus_1#1,"""Damage +26%<br>เกจ Photon Blast เติม<br>เร็วขึ้น 25% จากการโจมตี<br>หลังจากใช้ Photon Blast:<br>ลด PP Consumption ลง<br>15% เป็นเวลา 90 วินาที"""
item_PbBonus_2#1,"""Damage +28%<br>เกจ Photon Blast เติม<br>เร็วขึ้น 25% จากการโจมตี<br>หลังจากใช้ Photon Blast:<br>ลด PP Consumption ลง<br>15% เป็นเวลา 90 วินาที"""
item_PbBonus_3#1,"""Damage +31%<br>เกจ Photon Blast เติม<br>เร็วขึ้น 25% จากการโจมตี<br>หลังจากใช้ Photon Blast:<br>ลด PP Consumption ลง<br>15% เป็นเวลา 90 วินาที"""
item_PbBonus_4#1,"""Damage +32%<br>เกจ Photon Blast เติม<br>เร็วขึ้น 25% จากการโจมตี<br>หลังจากใช้ Photon Blast:<br>ลด PP Consumption ลง<br>15% เป็นเวลา 90 วินาที"""
item_PbBonus_5#1,"""Damage +34%<br>เกจ Photon Blast เติม<br>เร็วขึ้น 25% จากการโจมตี<br>หลังจากใช้ Photon Blast:<br>ลด PP Consumption ลง<br>15% เป็นเวลา 90 วินาที"""
item_PbBonus_6#1,"""Damage +38%<br>เกจ Photon Blast เติม<br>เร็วขึ้น 25% จากการโจมตี<br>หลังจากใช้ Photon Blast:<br>ลด PP Consumption ลง<br>15% เป็นเวลา 90 วินาที"""
item_PbBonus2_1#1,"""Damage +26%<br>เกจ Photon Blast เติม<br>เร็วขึ้น 25% จากการโจมตี<br>หลังจากใช้ Photon Blast:<br>ลด PP Consumption ลง<br>15% เป็นเวลา 90 วินาที"""
item_PbBonus2_2#1,"""Damage +28%<br>เกจ Photon Blast เติม<br>เร็วขึ้น 25% จากการโจมตี<br>หลังจากใช้ Photon Blast:<br>ลด PP Consumption ลง<br>15% เป็นเวลา 90 วินาที"""
item_PbBonus2_3#1,"""Damage +31%<br>เกจ Photon Blast เติม<br>เร็วขึ้น 25% จากการโจมตี<br>หลังจากใช้ Photon Blast:<br>ลด PP Consumption ลง<br>15% เป็นเวลา 90 วินาที"""
item_PbBonus2_4#1,"""Damage +32%<br>เกจ Photon Blast เติม<br>เร็วขึ้น 25% จากการโจมตี<br>หลังจากใช้ Photon Blast:<br>ลด PP Consumption ลง<br>15% เป็นเวลา 90 วินาที"""
item_PbBonus2_5#1,"""Damage +33%<br>เกจ Photon Blast เติม<br>เร็วขึ้น 25% จากการโจมตี<br>หลังจากใช้ Photon Blast:<br>ลด PP Consumption ลง<br>15% เป็นเวลา 90 วินาที"""
item_PbBonus2_6#1,"""Damage +35%<br>เกจ Photon Blast เติม<br>เร็วขึ้น 25% จากการโจมตี<br>หลังจากใช้ Photon Blast:<br>ลด PP Consumption ลง<br>15% เป็นเวลา 90 วินาที"""
item_CountUp_1#1,"""Damage +23%<br>เมื่อโจมตีติดคริติคอล:<br>Damage Resistance +0.5%<br>ซ้อนทับได้สูงสุด +25%"""
item_CountUp_2#1,"""Damage +25%<br>เมื่อโจมตีติดคริติคอล:<br>Damage Resistance +0.5%<br>ซ้อนทับได้สูงสุด +25%"""
item_CountUp_3#1,"""Damage +28%<br>เมื่อโจมตีติดคริติคอล:<br>Damage Resistance +0.5%<br>ซ้อนทับได้สูงสุด +25%"""
item_CountUp_4#1,"""Damage +29%<br>เมื่อโจมตีติดคริติคอล:<br>Damage Resistance +0.5%<br>ซ้อนทับได้สูงสุด +25%"""
item_CountUp_5#1,"""Damage +31%<br>เมื่อโจมตีติดคริติคอล:<br>Damage Resistance +0.5%<br>ซ้อนทับได้สูงสุด +25%"""
item_CountUp_6#1,"""Damage +37%<br>เมื่อโจมตีติดคริติคอล:<br>Damage Resistance +0.5%<br>ซ้อนทับได้สูงสุด +25%"""
item_CriticalPpGain_1#1,"""Damage +21%<br>หลังจากสวมใส่อุปกรณ์ชิ้นนี้<br>ครบ 10 วินาที เมื่อ<br>โจมตีติดคริติคอล:<br>PP +15 (คูลดาวน์ 10 วินาที)"""
item_CriticalPpGain_2#1,"""Damage +23%<br>หลังจากสวมใส่อุปกรณ์ชิ้นนี้<br>ครบ 10 วินาที เมื่อ<br>โจมตีติดคริติคอล:<br>PP +15 (คูลดาวน์ 10 วินาที)"""
item_CriticalPpGain_3#1,"""Damage +26%<br>หลังจากสวมใส่อุปกรณ์ชิ้นนี้<br>ครบ 10 วินาที เมื่อ<br>โจมตีติดคริติคอล:<br>PP +15 (คูลดาวน์ 10 วินาที)"""
item_CriticalPpGain_4#1,"""Damage +28%<br>หลังจากสวมใส่อุปกรณ์ชิ้นนี้<br>ครบ 10 วินาที เมื่อ<br>โจมตีติดคริติคอล:<br>PP +15 (คูลดาวน์ 10 วินาที)"""
item_CriticalPpGain_5#1,"""Damage +29%<br>หลังจากสวมใส่อุปกรณ์ชิ้นนี้<br>ครบ 10 วินาที เมื่อ<br>โจมตีติดคริติคอล:<br>PP +15 (คูลดาวน์ 10 วินาที)"""
item_CriticalPpGain_6#1,"""Damage +36%<br>หลังจากสวมใส่อุปกรณ์ชิ้นนี้<br>ครบ 10 วินาที เมื่อ<br>โจมตีติดคริติคอล:<br>PP +15 (คูลดาวน์ 10 วินาที)"""
item_StepUpBonus_1#1,"""Damage +16%<br>รับโบนัส Damage +1%<br>ทุกๆ 5 วินาที<br>สูงสุดไม่เกิน +5%<br>โบนัส Damage จะถูก<br>ลดลงทีละ 1% เมื่อ<br>ได้รับความเสียหาย"""
item_StepUpBonus_2#1,"""Damage +18%<br>รับโบนัส Damage +1%<br>ทุกๆ 5 วินาที<br>สูงสุดไม่เกิน +5%<br>โบนัส Damage จะถูก<br>ลดลงทีละ 1% เมื่อ<br>ได้รับความเสียหาย"""
item_StepUpBonus_3#1,"""Damage +21%<br>รับโบนัส Damage +1%<br>ทุกๆ 5 วินาที<br>สูงสุดไม่เกิน +5%<br>โบนัส Damage จะถูก<br>ลดลงทีละ 1% เมื่อ<br>ได้รับความเสียหาย"""
item_StepUpBonus_4#1,"""Damage +23%<br>รับโบนัส Damage +1%<br>ทุกๆ 5 วินาที<br>สูงสุดไม่เกิน +5%<br>โบนัส Damage จะถูก<br>ลดลงทีละ 1% เมื่อ<br>ได้รับความเสียหาย"""
item_StepUpBonus_5#1,"""Damage +24%<br>รับโบนัส Damage +1%<br>ทุกๆ 5 วินาที<br>สูงสุดไม่เกิน +5%<br>โบนัส Damage จะถูก<br>ลดลงทีละ 1% เมื่อ<br>ได้รับความเสียหาย"""
item_StepUpBonus_6#1,"""Damage +32%<br>รับโบนัส Damage +1%<br>ทุกๆ 5 วินาที<br>สูงสุดไม่เกิน +5%<br>โบนัส Damage จะถูก<br>ลดลงทีละ 1% เมื่อ<br>ได้รับความเสียหาย"""
item_DamageTakeOver_1#1,"""Damage +21%<br>Attack PP Recovery +15%<br>Natural PP Recovery +20%<br>Damage Resistance +30%<br>สูญเสีย 30 PP เมื่อได้รับความเสียหาย<br>เริ่มแสดงผลหลังจากสวมใส่แล้ว 10 วินาที"""
item_DamageTakeOver_2#1,"""Damage +23%<br>Attack PP Recovery +15%<br>Natural PP Recovery +20%<br>Damage Resistance +30%<br>สูญเสีย 30 PP เมื่อได้รับความเสียหาย<br>เริ่มแสดงผลหลังจากสวมใส่แล้ว 10 วินาที"""
item_DamageTakeOver_3#1,"""Damage +26%<br>Attack PP Recovery +15%<br>Natural PP Recovery +20%<br>Damage Resistance +30%<br>สูญเสีย 30 PP เมื่อได้รับความเสียหาย<br>เริ่มแสดงผลหลังจากสวมใส่แล้ว 10 วินาที"""
item_DamageTakeOver_4#1,"""Damage +28%<br>Attack PP Recovery +15%<br>Natural PP Recovery +20%<br>Damage Resistance +30%<br>สูญเสีย 30 PP เมื่อได้รับความเสียหาย<br>เริ่มแสดงผลหลังจากสวมใส่แล้ว 10 วินาที"""
item_DamageTakeOver_5#1,"""Damage +29%<br>Attack PP Recovery +15%<br>Natural PP Recovery +20%<br>Damage Resistance +30%<br>สูญเสีย 30 PP เมื่อได้รับความเสียหาย<br>เริ่มแสดงผลหลังจากสวมใส่แล้ว 10 วินาที"""
item_DamageTakeOver_6#1,"""Damage +36%<br>Attack PP Recovery +15%<br>Natural PP Recovery +20%<br>Damage Resistance +30%<br>สูญเสีย 30 PP เมื่อได้รับความเสียหาย<br>เริ่มแสดงผลหลังจากสวมใส่แล้ว 10 วินาที"""
item_FieldBuff_1#1,"""Damage +23%<br>หลังจากใช้ Photon Blast:<br>มอบบัฟสนับสนุนให้กับ<br>เพื่อนร่วมทีมทั้งหมดเป็นเวลา 120 วินาที<br>สามารถซ้อนทับได้หากมีบัฟทำงานหลายอัน"""
item_FieldBuff_2#1,"""Damage +25%<br>หลังจากใช้ Photon Blast:<br>มอบบัฟสนับสนุนให้กับ<br>เพื่อนร่วมทีมทั้งหมดเป็นเวลา 120 วินาที<br>สามารถซ้อนทับได้หากมีบัฟทำงานหลายอัน"""
item_FieldBuff_3#1,"""Damage +28%<br>หลังจากใช้ Photon Blast:<br>มอบบัฟสนับสนุนให้กับ<br>เพื่อนร่วมทีมทั้งหมดเป็นเวลา 120 วินาที<br>สามารถซ้อนทับได้หากมีบัฟทำงานหลายอัน"""
item_FieldBuff_4#1,"""Damage +30%<br>หลังจากใช้ Photon Blast:<br>มอบบัฟสนับสนุนให้กับ<br>เพื่อนร่วมทีมทั้งหมดเป็นเวลา 120 วินาที<br>สามารถซ้อนทับได้หากมีบัฟทำงานหลายอัน"""
item_FieldBuff_5#1,"""Damage +31%<br>หลังจากใช้ Photon Blast:<br>มอบบัฟสนับสนุนให้กับ<br>เพื่อนร่วมทีมทั้งหมดเป็นเวลา 120 วินาที<br>สามารถซ้อนทับได้หากมีบัฟทำงานหลายอัน"""
item_FieldBuff_6#1,"""Damage +37%<br>หลังจากใช้ Photon Blast:<br>มอบบัฟสนับสนุนให้กับ<br>เพื่อนร่วมทีมทั้งหมดเป็นเวลา 120 วินาที<br>สามารถซ้อนทับได้หากมีบัฟทำงานหลายอัน"""
item_Proximity2_1#1,"""Damage +22%<br>Damage Resistance +20%<br>Resta Sign healing +25%<br>เริ่มแสดงผลหลังจากสวมใส่แล้ว<br>10 วินาที"""
item_Proximity2_2#1,"""Damage +24%<br>Damage Resistance +20%<br>Resta Sign healing +25%<br>เริ่มแสดงผลหลังจากสวมใส่แล้ว<br>10 วินาที"""
item_Proximity2_3#1,"""Damage +26%<br>Damage Resistance +20%<br>Resta Sign healing +25%<br>เริ่มแสดงผลหลังจากสวมใส่แล้ว<br>10 วินาที"""
item_Proximity2_4#1,"""Damage +28%<br>Damage Resistance +20%<br>Resta Sign healing +25%<br>เริ่มแสดงผลหลังจากสวมใส่แล้ว<br>10 วินาที"""
item_Proximity2_5#1,"""Damage +29%<br>Damage Resistance +20%<br>Resta Sign healing +25%<br>เริ่มแสดงผลหลังจากสวมใส่แล้ว<br>10 วินาที"""
item_Proximity2_6#1,"""Damage +34%<br>Damage Resistance +20%<br>Resta Sign healing +25%<br>เริ่มแสดงผลหลังจากสวมใส่แล้ว<br>10 วินาที"""
item_DoubleCritical2_1#1,"""Damage +6%<br>Critical Hit Rate +15%<br>ขณะที่ HP อยู่ที่ 50% ขึ้นไป<br>Critical Hit Rate +15%"""
item_DoubleCritical2_2#1,"""Damage +8%<br>Critical Hit Rate +15%<br>ขณะที่ HP อยู่ที่ 50% ขึ้นไป<br>Critical Hit Rate +15%"""
item_DoubleCritical2_3#1,"""Damage +10%<br>Critical Hit Rate +15%<br>ขณะที่ HP อยู่ที่ 50% ขึ้นไป<br>Critical Hit Rate +15%"""
item_DoubleCritical2_4#1,"""Damage +12%<br>Critical Hit Rate +15%<br>ขณะที่ HP อยู่ที่ 50% ขึ้นไป<br>Critical Hit Rate +15%"""
item_DoubleCritical2_5#1,"""Damage +13%<br>Critical Hit Rate +15%<br>ขณะที่ HP อยู่ที่ 50% ขึ้นไป<br>Critical Hit Rate +15%"""
item_DoubleCritical2_6#1,"""Damage +16%<br>Critical Hit Rate +15%<br>ขณะที่ HP อยู่ที่ 50% ขึ้นไป<br>Critical Hit Rate +15%"""
item_PpComfortable2_1#1,"""Damage +22%<br>PP Cost Reduction +15%<br>Attack PP Recovery +30%"""
item_PpComfortable2_2#1,"""Damage +24%<br>PP Cost Reduction +15%<br>Attack PP Recovery +30%"""
item_PpComfortable2_3#1,"""Damage +26%<br>PP Cost Reduction +15%<br>Attack PP Recovery +30%"""
item_PpComfortable2_4#1,"""Damage +28%<br>PP Cost Reduction +15%<br>Attack PP Recovery +30%"""
item_PpComfortable2_5#1,"""Damage +29%<br>PP Cost Reduction +15%<br>Attack PP Recovery +30%"""
item_PpComfortable2_6#1,"""Damage +34%<br>PP Cost Reduction +15%<br>Attack PP Recovery +30%"""
item_BombField2_1#1,"""Damage +15%<br>สร้างความเสียหายแบบ Ranged (ระยะไกล) เมื่อ<br>โจมตีโดนศัตรู<br>(คูลดาวน์ 10 วินาที)"""
item_BombField2_2#1,"""Damage +17%<br>สร้างความเสียหายแบบ Ranged (ระยะไกล) เมื่อ<br>โจมตีโดนศัตรู<br>(คูลดาวน์ 10 วินาที)"""
item_BombField2_3#1,"""Damage +19%<br>สร้างความเสียหายแบบ Ranged (ระยะไกล) เมื่อ<br>โจมตีโดนศัตรู<br>(คูลดาวน์ 10 วินาที)"""
item_BombField2_4#1,"""Damage +21%<br>สร้างความเสียหายแบบ Ranged (ระยะไกล) เมื่อ<br>โจมตีโดนศัตรู<br>(คูลดาวน์ 10 วินาที)"""
item_BombField2_5#1,"""Damage +22%<br>สร้างความเสียหายแบบ Ranged (ระยะไกล) เมื่อ<br>โจมตีโดนศัตรู<br>(คูลดาวน์ 10 วินาที)"""
item_BombField2_6#1,"""Damage +27%<br>สร้างความเสียหายแบบ Ranged (ระยะไกล) เมื่อ<br>โจมตีโดนศัตรู<br>(คูลดาวน์ 10 วินาที)"""
item_MultiBonus_1#1,"""Damage +21%<br>PA & Tech Damage +5%<br>PP Consumption +10%"""
item_MultiBonus_2#1,"""Damage +24%<br>PA & Tech Damage +5%<br>PP Consumption +10%"""
item_MultiBonus_3#1,"""Damage +27%<br>PA & Tech Damage +5%<br>PP Consumption +10%"""
item_MultiBonus_4#1,"""Damage +30%<br>PA & Tech Damage +5%<br>PP Consumption +10%"""
item_MultiBonus_5#1,"""Damage +31%<br>PA & Tech Damage +5%<br>PP Consumption +10%"""
item_MultiBonus_6#1,"""Damage +36%<br>PA & Tech Damage +5%<br>PP Consumption +10%"""
item_PbHealDr_1#1,"""Damage +25%<br>ขณะที่ HP อยู่ที่ 95% ขึ้นไป:<br>Damage Resistance +25%<br>หลังจากใช้ Photon Blast:<br>ฟื้นฟู 50% ของ Max HP<br>เริ่มแสดงผลหลังจากสวมใส่แล้ว<br>10 วินาที"""
item_PbHealDr_2#1,"""Damage +28%<br>ขณะที่ HP อยู่ที่ 95% ขึ้นไป:<br>Damage Resistance +25%<br>หลังจากใช้ Photon Blast:<br>ฟื้นฟู 50% ของ Max HP<br>เริ่มแสดงผลหลังจากสวมใส่แล้ว<br>10 วินาที"""
item_PbHealDr_3#1,"""Damage +31%<br>ขณะที่ HP อยู่ที่ 95% ขึ้นไป:<br>Damage Resistance +25%<br>หลังจากใช้ Photon Blast:<br>ฟื้นฟู 50% ของ Max HP<br>เริ่มแสดงผลหลังจากสวมใส่แล้ว<br>10 วินาที"""
item_PbHealDr_4#1,"""Damage +34%<br>ขณะที่ HP อยู่ที่ 95% ขึ้นไป:<br>Damage Resistance +25%<br>หลังจากใช้ Photon Blast:<br>ฟื้นฟู 50% ของ Max HP<br>เริ่มแสดงผลหลังจากสวมใส่แล้ว<br>10 วินาที"""
item_PbHealDr_5#1,"""Damage +35%<br>ขณะที่ HP อยู่ที่ 95% ขึ้นไป:<br>Damage Resistance +25%<br>หลังจากใช้ Photon Blast:<br>ฟื้นฟู 50% ของ Max HP<br>เริ่มแสดงผลหลังจากสวมใส่แล้ว<br>10 วินาที"""
item_PbHealDr_6#1,"""Damage +41%<br>ขณะที่ HP อยู่ที่ 95% ขึ้นไป:<br>Damage Resistance +25%<br>หลังจากใช้ Photon Blast:<br>ฟื้นฟู 50% ของ Max HP<br>เริ่มแสดงผลหลังจากสวมใส่แล้ว<br>10 วินาที"""
item_PbHealPr_1#1,"""Damage +25%<br>ขณะที่ HP อยู่ที่ 95% ขึ้นไป:<br>PP Consumption -10%<br>หลังจากใช้ Photon Blast:<br>ฟื้นฟู 50% ของ Max HP<br>เริ่มแสดงผลหลังจากสวมใส่แล้ว<br>10 วินาที"""
item_PbHealPr_2#1,"""Damage +28%<br>ขณะที่ HP อยู่ที่ 95% ขึ้นไป:<br>PP Consumption -10%<br>หลังจากใช้ Photon Blast:<br>ฟื้นฟู 50% ของ Max HP<br>เริ่มแสดงผลหลังจากสวมใส่แล้ว<br>10 วินาที"""
item_PbHealPr_3#1,"""Damage +31%<br>ขณะที่ HP อยู่ที่ 95% ขึ้นไป:<br>PP Consumption -10%<br>หลังจากใช้ Photon Blast:<br>ฟื้นฟู 50% ของ Max HP<br>เริ่มแสดงผลหลังจากสวมใส่แล้ว<br>10 วินาที"""
item_PbHealPr_4#1,"""Damage +34%<br>ขณะที่ HP อยู่ที่ 95% ขึ้นไป:<br>PP Consumption -10%<br>หลังจากใช้ Photon Blast:<br>ฟื้นฟู 50% ของ Max HP<br>เริ่มแสดงผลหลังจากสวมใส่แล้ว<br>10 วินาที"""
item_PbHealPr_5#1,"""Damage +35%<br>ขณะที่ HP อยู่ที่ 95% ขึ้นไป:<br>PP Consumption -10%<br>หลังจากใช้ Photon Blast:<br>ฟื้นฟู 50% ของ Max HP<br>เริ่มแสดงผลหลังจากสวมใส่แล้ว<br>10 วินาที"""
item_PbHealPr_6#1,"""Damage +41%<br>ขณะที่ HP อยู่ที่ 95% ขึ้นไป:<br>PP Consumption -10%<br>หลังจากใช้ Photon Blast:<br>ฟื้นฟู 50% ของ Max HP<br>เริ่มแสดงผลหลังจากสวมใส่แล้ว<br>10 วินาที"""
item_PbHealNp_1#1,"""Damage +25%<br>ขณะที่ HP อยู่ที่ 95% ขึ้นไป:<br>PP Regeneration +15%<br>หลังจากใช้ Photon Blast:<br>ฟื้นฟู 50% ของ Max HP<br>เริ่มแสดงผลหลังจากสวมใส่แล้ว<br>10 วินาที"""
item_PbHealNp_2#1,"""Damage +28%<br>ขณะที่ HP อยู่ที่ 95% ขึ้นไป:<br>PP Regeneration +15%<br>หลังจากใช้ Photon Blast:<br>ฟื้นฟู 50% ของ Max HP<br>เริ่มแสดงผลหลังจากสวมใส่แล้ว<br>10 วินาที"""
item_PbHealNp_3#1,"""Damage +31%<br>ขณะที่ HP อยู่ที่ 95% ขึ้นไป:<br>PP Regeneration +15%<br>หลังจากใช้ Photon Blast:<br>ฟื้นฟู 50% ของ Max HP<br>เริ่มแสดงผลหลังจากสวมใส่แล้ว<br>10 วินาที"""
item_PbHealNp_4#1,"""Damage +34%<br>ขณะที่ HP อยู่ที่ 95% ขึ้นไป:<br>PP Regeneration +15%<br>หลังจากใช้ Photon Blast:<br>ฟื้นฟู 50% ของ Max HP<br>เริ่มแสดงผลหลังจากสวมใส่แล้ว<br>10 วินาที"""
item_PbHealNp_5#1,"""Damage +35%<br>ขณะที่ HP อยู่ที่ 95% ขึ้นไป:<br>PP Regeneration +15%<br>หลังจากใช้ Photon Blast:<br>ฟื้นฟู 50% ของ Max HP<br>เริ่มแสดงผลหลังจากสวมใส่แล้ว<br>10 วินาที"""
item_PbHealNp_6#1,"""Damage +41%<br>ขณะที่ HP อยู่ที่ 95% ขึ้นไป:<br>PP Regeneration +15%<br>หลังจากใช้ Photon Blast:<br>ฟื้นฟู 50% ของ Max HP<br>เริ่มแสดงผลหลังจากสวมใส่แล้ว<br>10 วินาที"""
item_WeakAttack_1#1,"""Damage +27%<br>เมื่อโจมตีโดนด้วย Photon Blast:<br>ศัตรูที่โดนจะได้รับความเสียหาย<br>เพิ่มขึ้น 1% เป็นเวลา 90 วินาที<br>ผลนี้สามารถซ้อนทับกันได้<br>สูงสุดรวม 3%"""
item_WeakAttack_2#1,"""Damage +30%<br>เมื่อโจมตีโดนด้วย Photon Blast:<br>ศัตรูที่โดนจะได้รับความเสียหาย<br>เพิ่มขึ้น 1% เป็นเวลา 90 วินาที<br>ผลนี้สามารถซ้อนทับกันได้<br>สูงสุดรวม 3%"""
item_WeakAttack_3#1,"""Damage +33%<br>เมื่อโจมตีโดนด้วย Photon Blast:<br>ศัตรูที่โดนจะได้รับความเสียหาย<br>เพิ่มขึ้น 1% เป็นเวลา 90 วินาที<br>ผลนี้สามารถซ้อนทับกันได้<br>สูงสุดรวม 3%"""
item_WeakAttack_4#1,"""Damage +36%<br>เมื่อโจมตีโดนด้วย Photon Blast:<br>ศัตรูที่โดนจะได้รับความเสียหาย<br>เพิ่มขึ้น 1% เป็นเวลา 90 วินาที<br>ผลนี้สามารถซ้อนทับกันได้<br>สูงสุดรวม 3%"""
item_WeakAttack_5#1,"""Damage +37%<br>เมื่อโจมตีโดนด้วย Photon Blast:<br>ศัตรูที่โดนจะได้รับความเสียหาย<br>เพิ่มขึ้น 1% เป็นเวลา 90 วินาที<br>ผลนี้สามารถซ้อนทับกันได้<br>สูงสุดรวม 3%"""
item_WeakAttack_6#1,"""Damage +43%<br>เมื่อโจมตีโดนด้วย Photon Blast:<br>ศัตรูที่โดนจะได้รับความเสียหาย<br>เพิ่มขึ้น 1% เป็นเวลา 90 วินาที<br>ผลนี้สามารถซ้อนทับกันได้<br>สูงสุดรวม 3%"""
item_MultiBonus2_1#1,"""Damage +23%<br>Critical Hit Rate +5%<br>Attack PP Recovery +10%<br>เกจ PB เพิ่มขึ้นจากการ<br>โจมตี +5%"""
item_MultiBonus2_2#1,"""Damage +26%<br>Critical Hit Rate +5%<br>Attack PP Recovery +10%<br>เกจ PB เพิ่มขึ้นจากการ<br>โจมตี +5%"""
item_MultiBonus2_3#1,"""Damage +29%<br>Critical Hit Rate +5%<br>Attack PP Recovery +10%<br>เกจ PB เพิ่มขึ้นจากการ<br>โจมตี +5%"""
item_MultiBonus2_4#1,"""Damage +32%<br>Critical Hit Rate +5%<br>Attack PP Recovery +10%<br>เกจ PB เพิ่มขึ้นจากการ<br>โจมตี +5%"""
item_MultiBonus2_5#1,"""Damage +33%<br>Critical Hit Rate +5%<br>Attack PP Recovery +10%<br>เกจ PB เพิ่มขึ้นจากการ<br>โจมตี +5%"""
item_MultiBonus2_6#1,"""Damage +38%<br>Critical Hit Rate +5%<br>Attack PP Recovery +10%<br>เกจ PB เพิ่มขึ้นจากการ<br>โจมตี +5%"""
item_AllBonus6_1#1,"""Damage +26%<br>Damage Resistance +10%<br>PP Consumption -10%<br>เกจ PB เพิ่มขึ้นจากการ<br>โจมตี +10%"""
item_AllBonus6_2#1,"""Damage +28%<br>Damage Resistance +10%<br>PP Consumption -10%<br>เกจ PB เพิ่มขึ้นจากการ<br>โจมตี +10%"""
item_AllBonus6_3#1,"""Damage +30%<br>Damage Resistance +10%<br>PP Consumption -10%<br>เกจ PB เพิ่มขึ้นจากการ<br>โจมตี +10%"""
item_AllBonus6_4#1,"""Damage +32%<br>Damage Resistance +10%<br>PP Consumption -10%<br>เกจ PB เพิ่มขึ้นจากการ<br>โจมตี +10%"""
item_AllBonus6_5#1,"""Damage +33%<br>Damage Resistance +10%<br>PP Consumption -10%<br>เกจ PB เพิ่มขึ้นจากการ<br>โจมตี +10%"""
item_AllBonus6_6#1,"""Damage +38%<br>Damage Resistance +10%<br>PP Consumption -10%<br>เกจ PB เพิ่มขึ้นจากการ<br>โจมตี +10%"""
item_MultiBonus3_1#1,"""Damage +25%<br>เกจ PB เพิ่มขึ้นจากการ<br>โจมตี +10%"""
item_MultiBonus3_2#1,"""Damage +28%<br>เกจ PB เพิ่มขึ้นจากการ<br>โจมตี +10%"""
item_MultiBonus3_3#1,"""Damage +31%<br>เกจ PB เพิ่มขึ้นจากการ<br>โจมตี +10%"""
item_MultiBonus3_4#1,"""Damage +34%<br>เกจ PB เพิ่มขึ้นจากการ<br>โจมตี +10%"""
item_MultiBonus3_5#1,"""Damage +35%<br>เกจ PB เพิ่มขึ้นจากการ<br>โจมตี +10%"""
item_MultiBonus3_6#1,"""Damage +41%<br>เกจ PB เพิ่มขึ้นจากการ<br>โจมตี +10%"""
item_ChargePbAttack_1#1,"""Damage +27%<br>เกจ PB เพิ่มขึ้นจากการ<br>โจมตี +10%<br>การหลบหลีกการโจมตีด้วย Step/<br>Weapon Action จะสะสมได้สูงสุด<br>3 สต็อก การใช้ PB จะใช้<br>สต็อกทั้งหมดเพื่อมอบบัฟลด<br>PP Consumption<br>เป็นเวลา 90 วินาที สต็อกยิ่ง<br>มาก = ผลลัพธ์ยิ่งแข็งแกร่ง"""
item_ChargePbAttack_2#1,"""Damage +30%<br>เกจ PB เพิ่มขึ้นจากการ<br>โจมตี +10%<br>การหลบหลีกการโจมตีด้วย Step/<br>Weapon Action จะสะสมได้สูงสุด<br>3 สต็อก การใช้ PB จะใช้<br>สต็อกทั้งหมดเพื่อมอบบัฟลด<br>PP Consumption<br>เป็นเวลา 90 วินาที สต็อกยิ่ง<br>มาก = ผลลัพธ์ยิ่งแข็งแกร่ง"""
item_ChargePbAttack_3#1,"""Damage +33%<br>เกจ PB เพิ่มขึ้นจากการ<br>โจมตี +10%<br>การหลบหลีกการโจมตีด้วย Step/<br>Weapon Action จะสะสมได้สูงสุด<br>3 สต็อก การใช้ PB จะใช้<br>สต็อกทั้งหมดเพื่อมอบบัฟลด<br>PP Consumption<br>เป็นเวลา 90 วินาที สต็อกยิ่ง<br>มาก = ผลลัพธ์ยิ่งแข็งแกร่ง"""
item_ChargePbAttack_4#1,"""Damage +36%<br>เกจ PB เพิ่มขึ้นจากการ<br>โจมตี +10%<br>การหลบหลีกการโจมตีด้วย Step/<br>Weapon Action จะสะสมได้สูงสุด<br>3 สต็อก การใช้ PB จะใช้<br>สต็อกทั้งหมดเพื่อมอบบัฟลด<br>PP Consumption<br>เป็นเวลา 90 วินาที สต็อกยิ่ง<br>มาก = ผลลัพธ์ยิ่งแข็งแกร่ง"""
item_ChargePbAttack_5#1,"""Damage +37%<br>เกจ PB เพิ่มขึ้นจากการ<br>โจมตี +10%<br>การหลบหลีกการโจมตีด้วย Step/<br>Weapon Action จะสะสมได้สูงสุด<br>3 สต็อก การใช้ PB จะใช้<br>สต็อกทั้งหมดเพื่อมอบบัฟลด<br>PP Consumption<br>เป็นเวลา 90 วินาที สต็อกยิ่ง<br>มาก = ผลลัพธ์ยิ่งแข็งแกร่ง"""
item_ChargePbAttack_6#1,"""Damage +43%<br>เกจ PB เพิ่มขึ้นจากการ<br>โจมตี +10%<br>การหลบหลีกการโจมตีด้วย Step/<br>Weapon Action จะสะสมได้สูงสุด<br>3 สต็อก การใช้ PB จะใช้<br>สต็อกทั้งหมดเพื่อมอบบัฟลด<br>PP Consumption<br>เป็นเวลา 90 วินาที สต็อกยิ่ง<br>มาก = ผลลัพธ์ยิ่งแข็งแกร่ง"""
item_ChargePbAttack2_1#1,"""Damage +29%<br>เกจ PB เพิ่มขึ้นจากการ<br>โจมตี +15%<br>การหลบหลีกการโจมตีด้วย Step/<br>Weapon Action จะสะสมได้สูงสุด<br>3 สต็อก การใช้ PB จะใช้<br>สต็อกทั้งหมดเพื่อมอบบัฟลด<br>PP Consumption<br>เป็นเวลา 90 วินาที และ<br>ฟื้นฟู HP สต็อกยิ่ง<br>มาก = ผลลัพธ์ยิ่งแข็งแกร่ง"""
item_ChargePbAttack2_2#1,"""Damage +32%<br>เกจ PB เพิ่มขึ้นจากการ<br>โจมตี +15%<br>การหลบหลีกการโจมตีด้วย Step/<br>Weapon Action จะสะสมได้สูงสุด<br>3 สต็อก การใช้ PB จะใช้<br>สต็อกทั้งหมดเพื่อมอบบัฟลด<br>PP Consumption<br>เป็นเวลา 90 วินาที และ<br>ฟื้นฟู HP สต็อกยิ่ง<br>มาก = ผลลัพธ์ยิ่งแข็งแกร่ง"""
item_ChargePbAttack2_3#1,"""Damage +35%<br>เกจ PB เพิ่มขึ้นจากการ<br>โจมตี +15%<br>การหลบหลีกการโจมตีด้วย Step/<br>Weapon Action จะสะสมได้สูงสุด<br>3 สต็อก การใช้ PB จะใช้<br>สต็อกทั้งหมดเพื่อมอบบัฟลด<br>PP Consumption<br>เป็นเวลา 90 วินาที และ<br>ฟื้นฟู HP สต็อกยิ่ง<br>มาก = ผลลัพธ์ยิ่งแข็งแกร่ง"""
item_ChargePbAttack2_4#1,"""Damage +38%<br>เกจ PB เพิ่มขึ้นจากการ<br>โจมตี +15%<br>การหลบหลีกการโจมตีด้วย Step/<br>Weapon Action จะสะสมได้สูงสุด<br>3 สต็อก การใช้ PB จะใช้<br>สต็อกทั้งหมดเพื่อมอบบัฟลด<br>PP Consumption<br>เป็นเวลา 90 วินาที และ<br>ฟื้นฟู HP สต็อกยิ่ง<br>มาก = ผลลัพธ์ยิ่งแข็งแกร่ง"""
item_ChargePbAttack2_5#1,"""Damage +39%<br>เกจ PB เพิ่มขึ้นจากการ<br>โจมตี +15%<br>การหลบหลีกการโจมตีด้วย Step/<br>Weapon Action จะสะสมได้สูงสุด<br>3 สต็อก การใช้ PB จะใช้<br>สต็อกทั้งหมดเพื่อมอบบัฟลด<br>PP Consumption<br>เป็นเวลา 90 วินาที และ<br>ฟื้นฟู HP สต็อกยิ่ง<br>มาก = ผลลัพธ์ยิ่งแข็งแกร่ง"""
item_ChargePbAttack2_6#1,"""Damage +45%<br>เกจ PB เพิ่มขึ้นจากการ<br>โจมตี +15%<br>การหลบหลีกการโจมตีด้วย Step/<br>Weapon Action จะสะสมได้สูงสุด<br>3 สต็อก การใช้ PB จะใช้<br>สต็อกทั้งหมดเพื่อมอบบัฟลด<br>PP Consumption<br>เป็นเวลา 90 วินาที และ<br>ฟื้นฟู HP สต็อกยิ่ง<br>มาก = ผลลัพธ์ยิ่งแข็งแกร่ง"""
item_DefeatReinforce_1#1,"""Damage +28%<br>เมื่อทำให้ศัตรูที่อยู่ใกล้เคียง<br>ติดสถานะ Down: เป็นเวลา 20 วินาที<br>รับโบนัส Damage 2% &<br>โบนัส Critical Rate 5%<br>เริ่มแสดงผลหลังจากสวมใส่แล้ว<br>10 วินาที"""
item_DefeatReinforce_2#1,"""Damage +31%<br>เมื่อทำให้ศัตรูที่อยู่ใกล้เคียง<br>ติดสถานะ Down: เป็นเวลา 20 วินาที<br>รับโบนัส Damage 2% &<br>โบนัส Critical Rate 5%<br>เริ่มแสดงผลหลังจากสวมใส่แล้ว<br>10 วินาที"""
item_DefeatReinforce_3#1,"""Damage +34%<br>เมื่อทำให้ศัตรูที่อยู่ใกล้เคียง<br>ติดสถานะ Down: เป็นเวลา 20 วินาที<br>รับโบนัส Damage 2% &<br>โบนัส Critical Rate 5%<br>เริ่มแสดงผลหลังจากสวมใส่แล้ว<br>10 วินาที"""
item_DefeatReinforce_4#1,"""Damage +37%<br>เมื่อทำให้ศัตรูที่อยู่ใกล้เคียง<br>ติดสถานะ Down: เป็นเวลา 20 วินาที<br>รับโบนัส Damage 2% &<br>โบนัส Critical Rate 5%<br>เริ่มแสดงผลหลังจากสวมใส่แล้ว<br>10 วินาที"""
item_DefeatReinforce_5#1,"""Damage +38%<br>เมื่อทำให้ศัตรูที่อยู่ใกล้เคียง<br>ติดสถานะ Down: เป็นเวลา 20 วินาที<br>รับโบนัส Damage 2% &<br>โบนัส Critical Rate 5%<br>เริ่มแสดงผลหลังจากสวมใส่แล้ว<br>10 วินาที"""
item_DefeatReinforce_6#1,"""Damage +44%<br>เมื่อทำให้ศัตรูที่อยู่ใกล้เคียง<br>ติดสถานะ Down: เป็นเวลา 20 วินาที<br>รับโบนัส Damage 2% &<br>โบนัส Critical Rate 5%<br>เริ่มแสดงผลหลังจากสวมใส่แล้ว<br>10 วินาที"""
item_MultiBonus4_1#1,"""Damage +23%<br>Attack PP Recovery +15%<br>Natural PP Regen +15%<br>Damage Resistance +10%"""
item_MultiBonus4_2#1,"""Damage +26%<br>Attack PP Recovery +15%<br>Natural PP Regen +15%<br>Damage Resistance +10%"""
item_MultiBonus4_3#1,"""Damage +29%<br>Attack PP Recovery +15%<br>Natural PP Regen +15%<br>Damage Resistance +10%"""
item_MultiBonus4_4#1,"""Damage +32%<br>Attack PP Recovery +15%<br>Natural PP Regen +15%<br>Damage Resistance +10%"""
item_MultiBonus4_5#1,"""Damage +33%<br>Attack PP Recovery +15%<br>Natural PP Regen +15%<br>Damage Resistance +10%"""
item_MultiBonus4_6#1,"""Damage +39%<br>Attack PP Recovery +15%<br>Natural PP Regen +15%<br>Damage Resistance +10%"""
item_ChargePbAttack3_1#1,"""Damage +30%<br>เกจ PB เพิ่มขึ้นจากการ<br>โจมตี +20%<br>การหลบหลีกการโจมตีด้วย Step/<br>Weapon Action จะสะสมได้สูงสุด<br>3 สต็อก การใช้ PB จะใช้<br>สต็อกทั้งหมดเพื่อมอบบัฟลด<br>PP Consumption<br>เป็นเวลา 90 วินาที, <br>ฟื้นฟู HP, ลดคูลดาวน์<br>PB และเพิ่มการโจมตี<br>เพิ่มเติม สต็อกยิ่ง<br>มาก = ผลลัพธ์ยิ่งแข็งแกร่ง"""
item_ChargePbAttack3_2#1,"""Damage +33%<br>เกจ PB เพิ่มขึ้นจากการ<br>โจมตี +20%<br>การหลบหลีกการโจมตีด้วย Step/<br>Weapon Action จะสะสมได้สูงสุด<br>3 สต็อก การใช้ PB จะใช้<br>สต็อกทั้งหมดเพื่อมอบบัฟลด<br>PP Consumption<br>เป็นเวลา 90 วินาที, <br>ฟื้นฟู HP, ลดคูลดาวน์<br>PB และเพิ่มการโจมตี<br>เพิ่มเติม สต็อกยิ่ง<br>มาก = ผลลัพธ์ยิ่งแข็งแกร่ง"""
item_ChargePbAttack3_3#1,"""Damage +36%<br>เกจ PB เพิ่มขึ้นจากการ<br>โจมตี +20%<br>การหลบหลีกการโจมตีด้วย Step/<br>Weapon Action จะสะสมได้สูงสุด<br>3 สต็อก การใช้ PB จะใช้<br>สต็อกทั้งหมดเพื่อมอบบัฟลด<br>PP Consumption<br>เป็นเวลา 90 วินาที, <br>ฟื้นฟู HP, ลดคูลดาวน์<br>PB และเพิ่มการโจมตี<br>เพิ่มเติม สต็อกยิ่ง<br>มาก = ผลลัพธ์ยิ่งแข็งแกร่ง"""
item_ChargePbAttack3_4#1,"""Damage +39%<br>เกจ PB เพิ่มขึ้นจากการ<br>โจมตี +20%<br>การหลบหลีกการโจมตีด้วย Step/<br>Weapon Action จะสะสมได้สูงสุด<br>3 สต็อก การใช้ PB จะใช้<br>สต็อกทั้งหมดเพื่อมอบบัฟลด<br>PP Consumption<br>เป็นเวลา 90 วินาที, <br>ฟื้นฟู HP, ลดคูลดาวน์<br>PB และเพิ่มการโจมตี<br>เพิ่มเติม สต็อกยิ่ง<br>มาก = ผลลัพธ์ยิ่งแข็งแกร่ง"""
item_ChargePbAttack3_5#1,"""Damage +40%<br>เกจ PB เพิ่มขึ้นจากการ<br>โจมตี +20%<br>การหลบหลีกการโจมตีด้วย Step/<br>Weapon Action จะสะสมได้สูงสุด<br>3 สต็อก การใช้ PB จะใช้<br>สต็อกทั้งหมดเพื่อมอบบัฟลด<br>PP Consumption<br>เป็นเวลา 90 วินาที, <br>ฟื้นฟู HP, ลดคูลดาวน์<br>PB และเพิ่มการโจมตี<br>เพิ่มเติม สต็อกยิ่ง<br>มาก = ผลลัพธ์ยิ่งแข็งแกร่ง"""
item_ChargePbAttack3_6#1,"""Damage +46%<br>เกจ PB เพิ่มขึ้นจากการ<br>โจมตี +20%<br>การหลบหลีกการโจมตีด้วย Step/<br>Weapon Action จะสะสมได้สูงสุด<br>3 สต็อก การใช้ PB จะใช้<br>สต็อกทั้งหมดเพื่อมอบบัฟลด<br>PP Consumption<br>เป็นเวลา 90 วินาที, <br>ฟื้นฟู HP, ลดคูลดาวน์<br>PB และเพิ่มการโจมตี<br>เพิ่มเติม สต็อกยิ่ง<br>มาก = ผลลัพธ์ยิ่งแข็งแกร่ง"""
item_DrawAreaBuff_1#1,"""Damage +31%<br>เมื่อเก็บอาวุธ จะสะสมได้สูงสุด<br>2 สต็อก เมื่อทำการโจมตี<br>จะใช้สต็อกทั้งหมดเพื่อปล่อย<br>การโจมตีเพิ่มเติม & สร้าง<br>ฟิลด์สนับสนุนเป็นเวลา 30 วินาที<br>ความเสียหายจากการโจมตีเพิ่มเติม & ขนาดฟิลด์<br>สนับสนุนจะเปลี่ยนไปตาม<br>จำนวนสต็อก<br>ที่ถูกใช้ ฟิลด์สนับสนุน:<br>Damage Resistance +20%<br>ให้คุณ & ปาร์ตี้ของคุณเป็นเวลา<br>30 วินาที,<br>Attack PB Gauge Gain +20%,<br>Natural PB Gain +50%<br>เริ่มแสดงผลหลังจากสวมใส่แล้ว<br>10 วินาที"""
item_DrawAreaBuff_2#1,"""Damage +34%<br>เมื่อเก็บอาวุธ จะสะสมได้สูงสุด<br>2 สต็อก เมื่อทำการโจมตี<br>จะใช้สต็อกทั้งหมดเพื่อปล่อย<br>การโจมตีเพิ่มเติม & สร้าง<br>ฟิลด์สนับสนุนเป็นเวลา 30 วินาที<br>ความเสียหายจากการโจมตีเพิ่มเติม & ขนาดฟิลด์<br>สนับสนุนจะเปลี่ยนไปตาม<br>จำนวนสต็อก<br>ที่ถูกใช้ ฟิลด์สนับสนุน:<br>Damage Resistance +20%<br>ให้คุณ & ปาร์ตี้ของคุณเป็นเวลา<br>30 วินาที,<br>Attack PB Gauge Gain +20%,<br>Natural PB Gain +50%<br>เริ่มแสดงผลหลังจากสวมใส่แล้ว<br>10 วินาที"""
item_DrawAreaBuff_3#1,"""Damage +37%<br>เมื่อเก็บอาวุธ จะสะสมได้สูงสุด<br>2 สต็อก เมื่อทำการโจมตี<br>จะใช้สต็อกทั้งหมดเพื่อปล่อย<br>การโจมตีเพิ่มเติม & สร้าง<br>ฟิลด์สนับสนุนเป็นเวลา 30 วินาที<br>ความเสียหายจากการโจมตีเพิ่มเติม & ขนาดฟิลด์<br>สนับสนุนจะเปลี่ยนไปตาม<br>จำนวนสต็อก<br>ที่ถูกใช้ ฟิลด์สนับสนุน:<br>Damage Resistance +20%<br>ให้คุณ & ปาร์ตี้ของคุณเป็นเวลา<br>30 วินาที,<br>Attack PB Gauge Gain +20%,<br>Natural PB Gain +50%<br>เริ่มแสดงผลหลังจากสวมใส่แล้ว<br>10 วินาที"""
item_DrawAreaBuff_4#1,"""Damage +40%<br>เมื่อเก็บอาวุธ จะสะสมได้สูงสุด<br>2 สต็อก เมื่อทำการโจมตี<br>จะใช้สต็อกทั้งหมดเพื่อปล่อย<br>การโจมตีเพิ่มเติม & สร้าง<br>ฟิลด์สนับสนุนเป็นเวลา 30 วินาที<br>ความเสียหายจากการโจมตีเพิ่มเติม & ขนาดฟิลด์<br>สนับสนุนจะเปลี่ยนไปตาม<br>จำนวนสต็อก<br>ที่ถูกใช้ ฟิลด์สนับสนุน:<br>Damage Resistance +20%<br>ให้คุณ & ปาร์ตี้ของคุณเป็นเวลา<br>30 วินาที,<br>Attack PB Gauge Gain +20%,<br>Natural PB Gain +50%<br>เริ่มแสดงผลหลังจากสวมใส่แล้ว<br>10 วินาที"""
item_DrawAreaBuff_5#1,"""Damage +41%<br>เมื่อเก็บอาวุธ จะสะสมได้สูงสุด<br>2 สต็อก เมื่อทำการโจมตี<br>จะใช้สต็อกทั้งหมดเพื่อปล่อย<br>การโจมตีเพิ่มเติม & สร้าง<br>ฟิลด์สนับสนุนเป็นเวลา 30 วินาที<br>ความเสียหายจากการโจมตีเพิ่มเติม & ขนาดฟิลด์<br>สนับสนุนจะเปลี่ยนไปตาม<br>จำนวนสต็อก<br>ที่ถูกใช้ ฟิลด์สนับสนุน:<br>Damage Resistance +20%<br>ให้คุณ & ปาร์ตี้ของคุณเป็นเวลา<br>30 วินาที,<br>Attack PB Gauge Gain +20%,<br>Natural PB Gain +50%<br>เริ่มแสดงผลหลังจากสวมใส่แล้ว<br>10 วินาที"""
item_DrawAreaBuff_6#1,"""Damage +47%<br>เมื่อเก็บอาวุธ จะสะสมได้สูงสุด<br>2 สต็อก เมื่อทำการโจมตี<br>จะใช้สต็อกทั้งหมดเพื่อปล่อย<br>การโจมตีเพิ่มเติม & สร้าง<br>ฟิลด์สนับสนุนเป็นเวลา 30 วินาที<br>ความเสียหายจากการโจมตีเพิ่มเติม & ขนาดฟิลด์<br>สนับสนุนจะเปลี่ยนไปตาม<br>จำนวนสต็อก<br>ที่ถูกใช้ ฟิลด์สนับสนุน:<br>Damage Resistance +20%<br>ให้คุณ & ปาร์ตี้ของคุณเป็นเวลา<br>30 วินาที,<br>Attack PB Gauge Gain +20%,<br>Natural PB Gain +50%<br>เริ่มแสดงผลหลังจากสวมใส่แล้ว<br>10 วินาที"""
item_AllBonus7_1#1,"""Damage +25%<br>Critical Rate +5%<br>Damage Resistance +10%<br>PP Consumption -10%<br>Enemy Down +10%"""
item_AllBonus7_2#1,"""Damage +28%<br>Critical Rate +5%<br>Damage Resistance +10%<br>PP Consumption -10%<br>Enemy Down +10%"""
item_AllBonus7_3#1,"""Damage +31%<br>Critical Rate +5%<br>Damage Resistance +10%<br>PP Consumption -10%<br>Enemy Down +10%"""
item_AllBonus7_4#1,"""Damage +34%<br>Critical Rate +5%<br>Damage Resistance +10%<br>PP Consumption -10%<br>Enemy Down +10%"""
item_AllBonus7_5#1,"""Damage +35%<br>Critical Rate +5%<br>Damage Resistance +10%<br>PP Consumption -10%<br>Enemy Down +10%"""
item_AllBonus7_6#1,"""Damage +41%<br>Critical Rate +5%<br>Damage Resistance +10%<br>PP Consumption -10%<br>Enemy Down +10%"""
item_HrBoostRe_1#1,"""Damage +35%<br>เมื่อทำความเสียหาย:<br>Damage +3%<br>PP Cost Reduction +15%<br>ผลลัพธ์จะรีเซ็ตเมื่อได้รับความเสียหาย<br>20% ของ Max HP<br>โดยมีคูลดาวน์ 60 วินาที<br>การทำความเสียหายครบ 500,000<br>จะรีเซ็ตคูลดาวน์นี้"""
item_HrBoostRe_2#1,"""Damage +38%<br>เมื่อทำความเสียหาย:<br>Damage +3%<br>PP Cost Reduction +15%<br>ผลลัพธ์จะรีเซ็ตเมื่อได้รับความเสียหาย<br>20% ของ Max HP<br>โดยมีคูลดาวน์ 60 วินาที<br>การทำความเสียหายครบ 500,000<br>จะรีเซ็ตคูลดาวน์นี้"""
item_HrBoostRe_3#1,"""Damage +41%<br>เมื่อทำความเสียหาย:<br>Damage +3%<br>PP Cost Reduction +15%<br>ผลลัพธ์จะรีเซ็ตเมื่อได้รับความเสียหาย<br>20% ของ Max HP<br>โดยมีคูลดาวน์ 60 วินาที<br>การทำความเสียหายครบ 500,000<br>จะรีเซ็ตคูลดาวน์นี้"""
item_HrBoostRe_4#1,"""Damage +44%<br>เมื่อทำความเสียหาย:<br>Damage +3%<br>PP Cost Reduction +15%<br>ผลลัพธ์จะรีเซ็ตเมื่อได้รับความเสียหาย<br>20% ของ Max HP<br>โดยมีคูลดาวน์ 60 วินาที<br>การทำความเสียหายครบ 500,000<br>จะรีเซ็ตคูลดาวน์นี้"""
item_HrBoostRe_5#1,"""Damage +45%<br>เมื่อทำความเสียหาย:<br>Damage +3%<br>PP Cost Reduction +15%<br>ผลลัพธ์จะรีเซ็ตเมื่อได้รับความเสียหาย<br>20% ของ Max HP<br>โดยมีคูลดาวน์ 60 วินาที<br>การทำความเสียหายครบ 500,000<br>จะรีเซ็ตคูลดาวน์นี้"""
item_HrBoostRe_6#1,"""Damage +52%<br>เมื่อทำความเสียหาย:<br>Damage +3%<br>PP Cost Reduction +15%<br>ผลลัพธ์จะรีเซ็ตเมื่อได้รับความเสียหาย<br>20% ของ Max HP<br>โดยมีคูลดาวน์ 60 วินาที<br>การทำความเสียหายครบ 500,000<br>จะรีเซ็ตคูลดาวน์นี้"""
item_HighMultiBuff_1#1,"""Damage +30%<br>Critical Hit Rate +5%<br>PP Cost Reduction +10%<br>Damage Resistance +10%<br>เกจ PB เพิ่มขึ้นจากการ<br>โจมตี +10%"""
item_HighMultiBuff_2#1,"""Damage +33%<br>Critical Hit Rate +5%<br>PP Cost Reduction +10%<br>Damage Resistance +10%<br>เกจ PB เพิ่มขึ้นจากการ<br>โจมตี +10%"""
item_HighMultiBuff_3#1,"""Damage +36%<br>Critical Hit Rate +5%<br>PP Cost Reduction +10%<br>Damage Resistance +10%<br>เกจ PB เพิ่มขึ้นจากการ<br>โจมตี +10%"""
item_HighMultiBuff_4#1,"""Damage +39%<br>Critical Hit Rate +5%<br>PP Cost Reduction +10%<br>Damage Resistance +10%<br>เกจ PB เพิ่มขึ้นจากการ<br>โจมตี +10%"""
item_HighMultiBuff_5#1,"""Damage +40%<br>Critical Hit Rate +5%<br>PP Cost Reduction +10%<br>Damage Resistance +10%<br>เกจ PB เพิ่มขึ้นจากการ<br>โจมตี +10%"""
item_HighMultiBuff_6#1,"""Damage +45%<br>Critical Hit Rate +5%<br>PP Cost Reduction +10%<br>Damage Resistance +10%<br>เกจ PB เพิ่มขึ้นจากการ<br>โจมตี +10%"""
item_MultiBonus5_1#1,"""Damage +27%<br>Attack PP Recovery +15%<br>Natural PP Regen +15%<br>Damage Resistance +10%<br>เกจ PB เพิ่มขึ้นจากการ<br>โจมตี +10%"""
item_MultiBonus5_2#1,"""Damage +30%<br>Attack PP Recovery +15%<br>Natural PP Regen +15%<br>Damage Resistance +10%<br>เกจ PB เพิ่มขึ้นจากการ<br>โจมตี +10%"""
item_MultiBonus5_3#1,"""Damage +33%<br>Attack PP Recovery +15%<br>Natural PP Regen +15%<br>Damage Resistance +10%<br>เกจ PB เพิ่มขึ้นจากการ<br>โจมตี +10%"""
item_MultiBonus5_4#1,"""Damage +36%<br>Attack PP Recovery +15%<br>Natural PP Regen +15%<br>Damage Resistance +10%<br>เกจ PB เพิ่มขึ้นจากการ<br>โจมตี +10%"""
item_MultiBonus5_5#1,"""Damage +37%<br>Attack PP Recovery +15%<br>Natural PP Regen +15%<br>Damage Resistance +10%<br>เกจ PB เพิ่มขึ้นจากการ<br>โจมตี +10%"""
item_MultiBonus5_6#1,"""Damage +43%<br>Attack PP Recovery +15%<br>Natural PP Regen +15%<br>Damage Resistance +10%<br>เกจ PB เพิ่มขึ้นจากการ<br>โจมตี +10%"""
item_AttackWeak_1#1,"""Damage +38%<br>เมื่อทำความเสียหาย:<br><br>ทำให้ศัตรูติดสถานะอ่อนแอ<br>(Debuff) เป็นเวลา 20 วินาที<br><br>ผลของ Debuff:<br>Enemy Damage -10%<br>เมื่อต่อสู้กับศัตรูที่ติดสถานะอ่อนแอ:<br>Damage +3%<br>Damage Resist +10%<br>เริ่มแสดงผลหลังจากสวมใส่แล้ว<br>10 วินาที"""
item_AttackWeak_2#1,"""Damage +41%<br>เมื่อทำความเสียหาย:<br><br>ทำให้ศัตรูติดสถานะอ่อนแอ<br>(Debuff) เป็นเวลา 20 วินาที<br><br>ผลของ Debuff:<br>Enemy Damage -10%<br>เมื่อต่อสู้กับศัตรูที่ติดสถานะอ่อนแอ:<br>Damage +3%<br>Damage Resist +10%<br>เริ่มแสดงผลหลังจากสวมใส่แล้ว<br>10 วินาที"""
item_AttackWeak_3#1,"""Damage +44%<br>เมื่อทำความเสียหาย:<br><br>ทำให้ศัตรูติดสถานะอ่อนแอ<br>(Debuff) เป็นเวลา 20 วินาที<br><br>ผลของ Debuff:<br>Enemy Damage -10%<br>เมื่อต่อสู้กับศัตรูที่ติดสถานะอ่อนแอ:<br>Damage +3%<br>Damage Resist +10%<br>เริ่มแสดงผลหลังจากสวมใส่แล้ว<br>10 วินาที"""
item_AttackWeak_4#1,"""Damage +47%<br>เมื่อทำความเสียหาย:<br><br>ทำให้ศัตรูติดสถานะอ่อนแอ<br>(Debuff) เป็นเวลา 20 วินาที<br><br>ผลของ Debuff:<br>Enemy Damage -10%<br>เมื่อต่อสู้กับศัตรูที่ติดสถานะอ่อนแอ:<br>Damage +3%<br>Damage Resist +10%<br>เริ่มแสดงผลหลังจากสวมใส่แล้ว<br>10 วินาที"""
item_AttackWeak_5#1,"""Damage +48%<br>เมื่อทำความเสียหาย:<br><br>ทำให้ศัตรูติดสถานะอ่อนแอ<br>(Debuff) เป็นเวลา 20 วินาที<br><br>ผลของ Debuff:<br>Enemy Damage -10%<br>เมื่อต่อสู้กับศัตรูที่ติดสถานะอ่อนแอ:<br>Damage +3%<br>Damage Resist +10%<br>เริ่มแสดงผลหลังจากสวมใส่แล้ว<br>10 วินาที"""
item_AttackWeak_6#1,"""Damage +54%<br>เมื่อทำความเสียหาย:<br><br>ทำให้ศัตรูติดสถานะอ่อนแอ<br>(Debuff) เป็นเวลา 20 วินาที<br><br>ผลของ Debuff:<br>Enemy Damage -10%<br>เมื่อต่อสู้กับศัตรูที่ติดสถานะอ่อนแอ:<br>Damage +3%<br>Damage Resist +10%<br>เริ่มแสดงผลหลังจากสวมใส่แล้ว<br>10 วินาที"""
item_HrBoostRe2_1#1,"""Damage +41%<br>เมื่อทำความเสียหาย:<br>Damage +3%<br>PP Cost Reduction +15%<br>Photon Blast Damage +5%<br>ผลลัพธ์จะรีเซ็ตเมื่อได้รับความเสียหาย<br>20% ของ Max HP<br>โดยมีคูลดาวน์ 60 วินาที<br>การทำความเสียหายครบ 500,000<br>จะรีเซ็ตคูลดาวน์นี้"""
item_HrBoostRe2_2#1,"""Damage +44%<br>เมื่อทำความเสียหาย:<br>Damage +3%<br>PP Cost Reduction +15%<br>Photon Blast Damage +5%<br>ผลลัพธ์จะรีเซ็ตเมื่อได้รับความเสียหาย<br>20% ของ Max HP<br>โดยมีคูลดาวน์ 60 วินาที<br>การทำความเสียหายครบ 500,000<br>จะรีเซ็ตคูลดาวน์นี้"""
item_HrBoostRe2_3#1,"""Damage +47%<br>เมื่อทำความเสียหาย:<br>Damage +3%<br>PP Cost Reduction +15%<br>Photon Blast Damage +5%<br>ผลลัพธ์จะรีเซ็ตเมื่อได้รับความเสียหาย<br>20% ของ Max HP<br>โดยมีคูลดาวน์ 60 วินาที<br>การทำความเสียหายครบ 500,000<br>จะรีเซ็ตคูลดาวน์นี้"""
item_HrBoostRe2_4#1,"""Damage +50%<br>เมื่อทำความเสียหาย:<br>Damage +3%<br>PP Cost Reduction +15%<br>Photon Blast Damage +5%<br>ผลลัพธ์จะรีเซ็ตเมื่อได้รับความเสียหาย<br>20% ของ Max HP<br>โดยมีคูลดาวน์ 60 วินาที<br>การทำความเสียหายครบ 500,000<br>จะรีเซ็ตคูลดาวน์นี้"""
item_HrBoostRe2_5#1,"""Damage +51%<br>เมื่อทำความเสียหาย:<br>Damage +3%<br>PP Cost Reduction +15%<br>Photon Blast Damage +5%<br>ผลลัพธ์จะรีเซ็ตเมื่อได้รับความเสียหาย<br>20% ของ Max HP<br>โดยมีคูลดาวน์ 60 วินาที<br>การทำความเสียหายครบ 500,000<br>จะรีเซ็ตคูลดาวน์นี้"""
item_HrBoostRe2_6#1,"""Damage +57%<br>เมื่อทำความเสียหาย:<br>Damage +3%<br>PP Cost Reduction +15%<br>Photon Blast Damage +5%<br>ผลลัพธ์จะรีเซ็ตเมื่อได้รับความเสียหาย<br>20% ของ Max HP<br>โดยมีคูลดาวน์ 60 วินาที<br>การทำความเสียหายครบ 500,000<br>จะรีเซ็ตคูลดาวน์นี้"""
item_HighMultiBuff2_1#1,"""Damage +35%<br>Critical Hit Rate +5%<br>PP Cost Reduction +10%<br>Damage Resistance +10%<br>เกจ PB เพิ่มขึ้นจากการ<br>โจมตี +10%"""
item_HighMultiBuff2_2#1,"""Damage +38%<br>Critical Hit Rate +5%<br>PP Cost Reduction +10%<br>Damage Resistance +10%<br>เกจ PB เพิ่มขึ้นจากการ<br>โจมตี +10%"""
item_HighMultiBuff2_3#1,"""Damage +41%<br>Critical Hit Rate +5%<br>PP Cost Reduction +10%<br>Damage Resistance +10%<br>เกจ PB เพิ่มขึ้นจากการ<br>โจมตี +10%"""
item_HighMultiBuff2_4#1,"""Damage +44%<br>Critical Hit Rate +5%<br>PP Cost Reduction +10%<br>Damage Resistance +10%<br>เกจ PB เพิ่มขึ้นจากการ<br>โจมตี +10%"""
item_HighMultiBuff2_5#1,"""Damage +45%<br>Critical Hit Rate +5%<br>PP Cost Reduction +10%<br>Damage Resistance +10%<br>เกจ PB เพิ่มขึ้นจากการ<br>โจมตี +10%"""
item_HighMultiBuff2_6#1,"""Damage +51%<br>Critical Hit Rate +5%<br>PP Cost Reduction +10%<br>Damage Resistance +10%<br>เกจ PB เพิ่มขึ้นจากการ<br>โจมตี +10%"""
item_HighMultiBuff3_1#1,"""Damage +39%<br>Critical Hit Rate +5%<br>PP Cost Reduction +10%<br>Damage Resistance +10%<br>เกจ PB เพิ่มขึ้นจากการ<br>โจมตี +10%<br>ฟื้นฟู 4% HP ทุกๆ<br>10 วินาที<br>เริ่มแสดงผลหลังจากสวมใส่แล้ว<br>10 วินาที"""
item_HighMultiBuff3_2#1,"""Damage +42%<br>Critical Hit Rate +5%<br>PP Cost Reduction +10%<br>Damage Resistance +10%<br>เกจ PB เพิ่มขึ้นจากการ<br>โจมตี +10%<br>ฟื้นฟู 4% HP ทุกๆ<br>10 วินาที<br>เริ่มแสดงผลหลังจากสวมใส่แล้ว<br>10 วินาที"""
item_HighMultiBuff3_3#1,"""Damage +45%<br>Critical Hit Rate +5%<br>PP Cost Reduction +10%<br>Damage Resistance +10%<br>เกจ PB เพิ่มขึ้นจากการ<br>โจมตี +10%<br>ฟื้นฟู 4% HP ทุกๆ<br>10 วินาที<br>เริ่มแสดงผลหลังจากสวมใส่แล้ว<br>10 วินาที"""
item_HighMultiBuff3_4#1,"""Damage +48%<br>Critical Hit Rate +5%<br>PP Cost Reduction +10%<br>Damage Resistance +10%<br>เกจ PB เพิ่มขึ้นจากการ<br>โจมตี +10%<br>ฟื้นฟู 4% HP ทุกๆ<br>10 วินาที<br>เริ่มแสดงผลหลังจากสวมใส่แล้ว<br>10 วินาที"""
item_HighMultiBuff3_5#1,"""Damage +49%<br>Critical Hit Rate +5%<br>PP Cost Reduction +10%<br>Damage Resistance +10%<br>เกจ PB เพิ่มขึ้นจากการ<br>โจมตี +10%<br>ฟื้นฟู 4% HP ทุกๆ<br>10 วินาที<br>เริ่มแสดงผลหลังจากสวมใส่แล้ว<br>10 วินาที"""
item_HighMultiBuff3_6#1,"""Damage +55%<br>Critical Hit Rate +5%<br>PP Cost Reduction +10%<br>Damage Resistance +10%<br>เกจ PB เพิ่มขึ้นจากการ<br>โจมตี +10%<br>ฟื้นฟู 4% HP ทุกๆ<br>10 วินาที<br>เริ่มแสดงผลหลังจากสวมใส่แล้ว<br>10 วินาที"""
item_PpGainBuff_1#1,"""Damage +47%<br>PP Consumption +50%<br>ทุกๆ การใช้ 250 PP<br>Max PP +50<br>Max PP สามารถเพิ่มได้สูงสุดถึง 500<br>จะได้รับผลลัพธ์ต่อไปนี้<br>ตาม Max PP ที่มี<br>300 PP ขึ้นไป:<br>เกจ PB เพิ่มขึ้นจากการโจมตี +20%<br>400 PP ขึ้นไป:<br>ฟื้นฟู HP เมื่อใช้ PB +50%<br>500 PP ขึ้นไป:<br>ลดคูลดาวน์ PB ลง 10%"""
item_PpGainBuff_2#1,"""Damage +50%<br>PP Consumption +50%<br>ทุกๆ การใช้ 250 PP<br>Max PP +50<br>Max PP สามารถเพิ่มได้สูงสุดถึง 500<br>จะได้รับผลลัพธ์ต่อไปนี้<br>ตาม Max PP ที่มี<br>300 PP ขึ้นไป:<br>เกจ PB เพิ่มขึ้นจากการโจมตี +20%<br>400 PP ขึ้นไป:<br>ฟื้นฟู HP เมื่อใช้ PB +50%<br>500 PP ขึ้นไป:<br>ลดคูลดาวน์ PB ลง 10%"""
item_PpGainBuff_3#1,"""Damage +53%<br>PP Consumption +50%<br>ทุกๆ การใช้ 250 PP<br>Max PP +50<br>Max PP สามารถเพิ่มได้สูงสุดถึง 500<br>จะได้รับผลลัพธ์ต่อไปนี้<br>ตาม Max PP ที่มี<br>300 PP ขึ้นไป:<br>เกจ PB เพิ่มขึ้นจากการโจมตี +20%<br>400 PP ขึ้นไป:<br>ฟื้นฟู HP เมื่อใช้ PB +50%<br>500 PP ขึ้นไป:<br>ลดคูลดาวน์ PB ลง 10%"""
item_PpGainBuff_4#1,"""Damage +56%<br>PP Consumption +50%<br>ทุกๆ การใช้ 250 PP<br>Max PP +50<br>Max PP สามารถเพิ่มได้สูงสุดถึง 500<br>จะได้รับผลลัพธ์ต่อไปนี้<br>ตาม Max PP ที่มี<br>300 PP ขึ้นไป:<br>เกจ PB เพิ่มขึ้นจากการโจมตี +20%<br>400 PP ขึ้นไป:<br>ฟื้นฟู HP เมื่อใช้ PB +50%<br>500 PP ขึ้นไป:<br>ลดคูลดาวน์ PB ลง 10%"""
item_PpGainBuff_5#1,"""Damage +57%<br>PP Consumption +50%<br>ทุกๆ การใช้ 250 PP<br>Max PP +50<br>Max PP สามารถเพิ่มได้สูงสุดถึง 500<br>จะได้รับผลลัพธ์ต่อไปนี้<br>ตาม Max PP ที่มี<br>300 PP ขึ้นไป:<br>เกจ PB เพิ่มขึ้นจากการโจมตี +20%<br>400 PP ขึ้นไป:<br>ฟื้นฟู HP เมื่อใช้ PB +50%<br>500 PP ขึ้นไป:<br>ลดคูลดาวน์ PB ลง 10%"""
item_PpGainBuff_6#1,"""Damage +63%<br>PP Consumption +50%<br>ทุกๆ การใช้ 250 PP<br>Max PP +50<br>Max PP สามารถเพิ่มได้สูงสุดถึง 500<br>จะได้รับผลลัพธ์ต่อไปนี้<br>ตาม Max PP ที่มี<br>300 PP ขึ้นไป:<br>เกจ PB เพิ่มขึ้นจากการโจมตี +20%<br>400 PP ขึ้นไป:<br>ฟื้นฟู HP เมื่อใช้ PB +50%<br>500 PP ขึ้นไป:<br>ลดคูลดาวน์ PB ลง 10%"""
item_DefeatReinforce2_1#1,"""Damage +45%<br>เมื่อทำให้ศัตรูที่อยู่ใกล้เคียง<br>ติดสถานะ Down: เป็นเวลา 20 วินาที<br>รับโบนัส Damage 2% &<br>โบนัส Critical Rate 5%<br>เริ่มแสดงผลหลังจากสวมใส่แล้ว<br>10 วินาที"""
item_DefeatReinforce2_2#1,"""Damage +48%<br>เมื่อทำให้ศัตรูที่อยู่ใกล้เคียง<br>ติดสถานะ Down: เป็นเวลา 20 วินาที<br>รับโบนัส Damage 2% &<br>โบนัส Critical Rate 5%<br>เริ่มแสดงผลหลังจากสวมใส่แล้ว<br>10 วินาที"""
item_DefeatReinforce2_3#1,"""Damage +51%<br>เมื่อทำให้ศัตรูที่อยู่ใกล้เคียง<br>ติดสถานะ Down: เป็นเวลา 20 วินาที<br>รับโบนัส Damage 2% &<br>โบนัส Critical Rate 5%<br>เริ่มแสดงผลหลังจากสวมใส่แล้ว<br>10 วินาที"""
item_DefeatReinforce2_4#1,"""Damage +54%<br>เมื่อทำให้ศัตรูที่อยู่ใกล้เคียง<br>ติดสถานะ Down: เป็นเวลา 20 วินาที<br>รับโบนัส Damage 2% &<br>โบนัส Critical Rate 5%<br>เริ่มแสดงผลหลังจากสวมใส่แล้ว<br>10 วินาที"""
item_DefeatReinforce2_5#1,"""Damage +55%<br>เมื่อทำให้ศัตรูที่อยู่ใกล้เคียง<br>ติดสถานะ Down: เป็นเวลา 20 วินาที<br>รับโบนัส Damage 2% &<br>โบนัส Critical Rate 5%<br>เริ่มแสดงผลหลังจากสวมใส่แล้ว<br>10 วินาที"""
item_DefeatReinforce2_6#1,"""Damage +61%<br>เมื่อทำให้ศัตรูที่อยู่ใกล้เคียง<br>ติดสถานะ Down: เป็นเวลา 20 วินาที<br>รับโบนัส Damage 2% &<br>โบนัส Critical Rate 5%<br>เริ่มแสดงผลหลังจากสวมใส่แล้ว<br>10 วินาที"""
item_DrawAreaBuff2_1#1,"""Damage +45%<br>เมื่อเก็บอาวุธ จะสะสมได้สูงสุด<br>2 สต็อก เมื่อทำการโจมตี<br>จะใช้สต็อกทั้งหมดเพื่อปล่อย<br>การโจมตีเพิ่มเติม & สร้าง<br>ฟิลด์สนับสนุนเป็นเวลา 30 วินาที<br>ความเสียหายจากการโจมตีเพิ่มเติม & ขนาดฟิลด์<br>สนับสนุนจะเปลี่ยนไปตาม<br>จำนวนสต็อก<br>ที่ถูกใช้ ฟิลด์สนับสนุน:<br>Damage Resistance +20%<br>ให้คุณ & ปาร์ตี้ของคุณเป็นเวลา<br>30 วินาที,<br>Attack PB Gauge Gain +20%,<br>Natural PB Gain +50%<br>เริ่มแสดงผลหลังจากสวมใส่แล้ว<br>10 วินาที"""
item_DrawAreaBuff2_2#1,"""Damage +48%<br>เมื่อเก็บอาวุธ จะสะสมได้สูงสุด<br>2 สต็อก เมื่อทำการโจมตี<br>จะใช้สต็อกทั้งหมดเพื่อปล่อย<br>การโจมตีเพิ่มเติม & สร้าง<br>ฟิลด์สนับสนุนเป็นเวลา 30 วินาที<br>ความเสียหายจากการโจมตีเพิ่มเติม & ขนาดฟิลด์<br>สนับสนุนจะเปลี่ยนไปตาม<br>จำนวนสต็อก<br>ที่ถูกใช้ ฟิลด์สนับสนุน:<br>Damage Resistance +20%<br>ให้คุณ & ปาร์ตี้ของคุณเป็นเวลา<br>30 วินาที,<br>Attack PB Gauge Gain +20%,<br>Natural PB Gain +50%<br>เริ่มแสดงผลหลังจากสวมใส่แล้ว<br>10 วินาที"""
item_DrawAreaBuff2_3#1,"""Damage +51%<br>เมื่อเก็บอาวุธ จะสะสมได้สูงสุด<br>2 สต็อก เมื่อทำการโจมตี<br>จะใช้สต็อกทั้งหมดเพื่อปล่อย<br>การโจมตีเพิ่มเติม & สร้าง<br>ฟิลด์สนับสนุนเป็นเวลา 30 วินาที<br>ความเสียหายจากการโจมตีเพิ่มเติม & ขนาดฟิลด์<br>สนับสนุนจะเปลี่ยนไปตาม<br>จำนวนสต็อก<br>ที่ถูกใช้ ฟิลด์สนับสนุน:<br>Damage Resistance +20%<br>ให้คุณ & ปาร์ตี้ของคุณเป็นเวลา<br>30 วินาที,<br>Attack PB Gauge Gain +20%,<br>Natural PB Gain +50%<br>เริ่มแสดงผลหลังจากสวมใส่แล้ว<br>10 วินาที"""
item_DrawAreaBuff2_4#1,"""Damage +54%<br>เมื่อเก็บอาวุธ จะสะสมได้สูงสุด<br>2 สต็อก เมื่อทำการโจมตี<br>จะใช้สต็อกทั้งหมดเพื่อปล่อย<br>การโจมตีเพิ่มเติม & สร้าง<br>ฟิลด์สนับสนุนเป็นเวลา 30 วินาที<br>ความเสียหายจากการโจมตีเพิ่มเติม & ขนาดฟิลด์<br>สนับสนุนจะเปลี่ยนไปตาม<br>จำนวนสต็อก<br>ที่ถูกใช้ ฟิลด์สนับสนุน:<br>Damage Resistance +20%<br>ให้คุณ & ปาร์ตี้ของคุณเป็นเวลา<br>30 วินาที,<br>Attack PB Gauge Gain +20%,<br>Natural PB Gain +50%<br>เริ่มแสดงผลหลังจากสวมใส่แล้ว<br>10 วินาที"""
item_DrawAreaBuff2_5#1,"""Damage +55%<br>เมื่อเก็บอาวุธ จะสะสมได้สูงสุด<br>2 สต็อก เมื่อทำการโจมตี<br>จะใช้สต็อกทั้งหมดเพื่อปล่อย<br>การโจมตีเพิ่มเติม & สร้าง<br>ฟิลด์สนับสนุนเป็นเวลา 30 วินาที<br>ความเสียหายจากการโจมตีเพิ่มเติม & ขนาดฟิลด์<br>สนับสนุนจะเปลี่ยนไปตาม<br>จำนวนสต็อก<br>ที่ถูกใช้ ฟิลด์สนับสนุน:<br>Damage Resistance +20%<br>ให้คุณ & ปาร์ตี้ของคุณเป็นเวลา<br>30 วินาที,<br>Attack PB Gauge Gain +20%,<br>Natural PB Gain +50%<br>เริ่มแสดงผลหลังจากสวมใส่แล้ว<br>10 วินาที"""
item_DrawAreaBuff2_6#1,"""Damage +61%<br>เมื่อเก็บอาวุธ จะสะสมได้สูงสุด<br>2 สต็อก เมื่อทำการโจมตี<br>จะใช้สต็อกทั้งหมดเพื่อปล่อย<br>การโจมตีเพิ่มเติม & สร้าง<br>ฟิลด์สนับสนุนเป็นเวลา 30 วินาที<br>ความเสียหายจากการโจมตีเพิ่มเติม & ขนาดฟิลด์<br>สนับสนุนจะเปลี่ยนไปตาม<br>จำนวนสต็อก<br>ที่ถูกใช้ ฟิลด์สนับสนุน:<br>Damage Resistance +20%<br>ให้คุณ & ปาร์ตี้ของคุณเป็นเวลา<br>30 วินาที,<br>Attack PB Gauge Gain +20%,<br>Natural PB Gain +50%<br>เริ่มแสดงผลหลังจากสวมใส่แล้ว<br>10 วินาที"""
item_AttackWeak2_1#1,"""Damage +41%<br>เมื่อทำความเสียหาย:<br><br>ทำให้ศัตรูติดสถานะอ่อนแอ<br>(Debuff) เป็นเวลา 20 วินาที<br><br>ผลของ Debuff:<br>Enemy Damage -10%<br>เมื่อต่อสู้กับศัตรูที่ติดสถานะอ่อนแอ:<br>Damage +3%<br>Damage Resist +10%<br>เริ่มแสดงผลหลังจากสวมใส่แล้ว<br>10 วินาที"""
item_AttackWeak2_2#1,"""Damage +44%<br>เมื่อทำความเสียหาย:<br><br>ทำให้ศัตรูติดสถานะอ่อนแอ<br>(Debuff) เป็นเวลา 20 วินาที<br><br>ผลของ Debuff:<br>Enemy Damage -10%<br>เมื่อต่อสู้กับศัตรูที่ติดสถานะอ่อนแอ:<br>Damage +3%<br>Damage Resist +10%<br>เริ่มแสดงผลหลังจากสวมใส่แล้ว<br>10 วินาที"""
item_AttackWeak2_3#1,"""Damage +47%<br>เมื่อทำความเสียหาย:<br><br>ทำให้ศัตรูติดสถานะอ่อนแอ<br>(Debuff) เป็นเวลา 20 วินาที<br><br>ผลของ Debuff:<br>Enemy Damage -10%<br>เมื่อต่อสู้กับศัตรูที่ติดสถานะอ่อนแอ:<br>Damage +3%<br>Damage Resist +10%<br>เริ่มแสดงผลหลังจากสวมใส่แล้ว<br>10 วินาที"""
item_AttackWeak2_4#1,"""Damage +50%<br>เมื่อทำความเสียหาย:<br><br>ทำให้ศัตรูติดสถานะอ่อนแอ<br>(Debuff) เป็นเวลา 20 วินาที<br><br>ผลของ Debuff:<br>Enemy Damage -10%<br>เมื่อต่อสู้กับศัตรูที่ติดสถานะอ่อนแอ:<br>Damage +3%<br>Damage Resist +10%<br>เริ่มแสดงผลหลังจากสวมใส่แล้ว<br>10 วินาที"""
item_AttackWeak2_5#1,"""Damage +51%<br>เมื่อทำความเสียหาย:<br><br>ทำให้ศัตรูติดสถานะอ่อนแอ<br>(Debuff) เป็นเวลา 20 วินาที<br><br>ผลของ Debuff:<br>Enemy Damage -10%<br>เมื่อต่อสู้กับศัตรูที่ติดสถานะอ่อนแอ:<br>Damage +3%<br>Damage Resist +10%<br>เริ่มแสดงผลหลังจากสวมใส่แล้ว<br>10 วินาที"""
item_AttackWeak2_6#1,"""Damage +57%<br>เมื่อทำความเสียหาย:<br><br>ทำให้ศัตรูติดสถานะอ่อนแอ<br>(Debuff) เป็นเวลา 20 วินาที<br><br>ผลของ Debuff:<br>Enemy Damage -10%<br>เมื่อต่อสู้กับศัตรูที่ติดสถานะอ่อนแอ:<br>Damage +3%<br>Damage Resist +10%<br>เริ่มแสดงผลหลังจากสวมใส่แล้ว<br>10 วินาที"""
item_AllBonus8_1#1,"""Damage +37%<br>Attack PP Recovery +15%<br>Natural PP Regen +15%<br>Damage Resistance +10%<br>เกจ PB เพิ่มขึ้นจากการ<br>โจมตี +10%"""
item_AllBonus8_2#1,"""Damage +40%<br>Attack PP Recovery +15%<br>Natural PP Regen +15%<br>Damage Resistance +10%<br>เกจ PB เพิ่มขึ้นจากการ<br>โจมตี +10%"""
item_AllBonus8_3#1,"""Damage +43%<br>Attack PP Recovery +15%<br>Natural PP Regen +15%<br>Damage Resistance +10%<br>เกจ PB เพิ่มขึ้นจากการ<br>โจมตี +10%"""
item_AllBonus8_4#1,"""Damage +46%<br>Attack PP Recovery +15%<br>Natural PP Regen +15%<br>Damage Resistance +10%<br>เกจ PB เพิ่มขึ้นจากการ<br>โจมตี +10%"""
item_AllBonus8_5#1,"""Damage +47%<br>Attack PP Recovery +15%<br>Natural PP Regen +15%<br>Damage Resistance +10%<br>เกจ PB เพิ่มขึ้นจากการ<br>โจมตี +10%"""
item_AllBonus8_6#1,"""Damage +53%<br>Attack PP Recovery +15%<br>Natural PP Regen +15%<br>Damage Resistance +10%<br>เกจ PB เพิ่มขึ้นจากการ<br>โจมตี +10%"""
item_GenericBuff_1#1,"""Damage +38%<br>Critical Hit Rate +5%<br>PP Consumption -10%<br>Damage Resistance +10%"""
item_GenericBuff_2#1,"""Damage +41%<br>Critical Hit Rate +5%<br>PP Consumption -10%<br>Damage Resistance +10%"""
item_GenericBuff_3#1,"""Damage +44%<br>Critical Hit Rate +5%<br>PP Consumption -10%<br>Damage Resistance +10%"""
item_GenericBuff_4#1,"""Damage +47%<br>Critical Hit Rate +5%<br>PP Consumption -10%<br>Damage Resistance +10%"""
item_GenericBuff_5#1,"""Damage +48%<br>Critical Hit Rate +5%<br>PP Consumption -10%<br>Damage Resistance +10%"""
item_GenericBuff_6#1,"""Damage +54%<br>Critical Hit Rate +5%<br>PP Consumption -10%<br>Damage Resistance +10%"""
item_GenericBuff2_1#1,"""Damage +41%<br>Critical Hit Rate +5%<br>PP Consumption -10%<br>Damage Resistance +10%"""
item_GenericBuff2_2#1,"""Damage +44%<br>Critical Hit Rate +5%<br>PP Consumption -10%<br>Damage Resistance +10%"""
item_GenericBuff2_3#1,"""Damage +47%<br>Critical Hit Rate +5%<br>PP Consumption -10%<br>Damage Resistance +10%"""
item_GenericBuff2_4#1,"""Damage +50%<br>Critical Hit Rate +5%<br>PP Consumption -10%<br>Damage Resistance +10%"""
item_GenericBuff2_5#1,"""Damage +51%<br>Critical Hit Rate +5%<br>PP Consumption -10%<br>Damage Resistance +10%"""
item_GenericBuff2_6#1,"""Damage +57%<br>Critical Hit Rate +5%<br>PP Consumption -10%<br>Damage Resistance +10%"""
item_GenericBuff3_1#1,"""Damage +44%／<br>Critical Hit Rate +5%／<br>PP Cost Reduction +10%／<br>Damage Resistance +10%／<br>ฟื้นฟู 4% HP ทุกๆ 10 วินาที<br>เริ่มแสดงผลหลังจากสวมใส่แล้ว 10 วินาที"""
item_GenericBuff3_2#1,"""Damage +47%／<br>Critical Hit Rate +5%／<br>PP Cost Reduction +10%／<br>Damage Resistance +10%／<br>ฟื้นฟู 4% HP ทุกๆ 10 วินาที<br>เริ่มแสดงผลหลังจากสวมใส่แล้ว 10 วินาที"""
item_GenericBuff3_3#1,"""Damage +50%／<br>Critical Hit Rate +5%／<br>PP Cost Reduction +10%／<br>Damage Resistance +10%／<br>ฟื้นฟู 4% HP ทุกๆ 10 วินาที<br>เริ่มแสดงผลหลังจากสวมใส่แล้ว 10 วินาที"""
item_GenericBuff3_4#1,"""Damage +53%／<br>Critical Hit Rate +5%／<br>PP Cost Reduction +10%／<br>Damage Resistance +10%／<br>ฟื้นฟู 4% HP ทุกๆ 10 วินาที<br>เริ่มแสดงผลหลังจากสวมใส่แล้ว 10 วินาที"""
item_GenericBuff3_5#1,"""Damage +54%／<br>Critical Hit Rate +5%／<br>PP Cost Reduction +10%／<br>Damage Resistance +10%／<br>ฟื้นฟู 4% HP ทุกๆ 10 วินาที<br>เริ่มแสดงผลหลังจากสวมใส่แล้ว 10 วินาที"""
item_GenericBuff3_6#1,"""Damage +60%／<br>Critical Hit Rate +5%／<br>PP Cost Reduction +10%／<br>Damage Resistance +10%／<br>ฟื้นฟู 4% HP ทุกๆ 10 วินาที<br>เริ่มแสดงผลหลังจากสวมใส่แล้ว 10 วินาที"""
item_PursuitBuff_1#1,"""Damage +46%／<br>เมื่อทำ Damage<br>ครบ 250,000 แก่ศัตรู<br>จะเพิ่มสต็อก<br>การโจมตีเพิ่มเติม 1 สต็อกให้ตนเองและปาร์ตี้<br>สะสมสต็อกได้สูงสุด 4 สต็อก<br>(คูลดาวน์ 5 วินาที)／<br>เมื่อโจมตีโดนศัตรู<br>จะใช้ 1 สต็อก<br>เพื่อทำการโจมตีเพิ่มเติม<br>และฟื้นฟู 2% HP<br>เมื่อการโจมตีเพิ่มเติมเกิดขึ้นครบ 4 ครั้ง<br>เป็นเวลา 15 วินาที<br>Critical Damage +5%"""
item_PursuitBuff_2#1,"""Damage +49%／<br>เมื่อทำ Damage<br>ครบ 250,000 แก่ศัตรู<br>จะเพิ่มสต็อก<br>การโจมตีเพิ่มเติม 1 สต็อกให้ตนเองและปาร์ตี้<br>สะสมสต็อกได้สูงสุด 4 สต็อก<br>(คูลดาวน์ 5 วินาที)／<br>เมื่อโจมตีโดนศัตรู<br>จะใช้ 1 สต็อก<br>เพื่อทำการโจมตีเพิ่มเติม<br>และฟื้นฟู 2% HP<br>เมื่อการโจมตีเพิ่มเติมเกิดขึ้นครบ 4 ครั้ง<br>เป็นเวลา 15 วินาที<br>Critical Damage +5%"""
item_PursuitBuff_3#1,"""Damage +52%／<br>เมื่อทำ Damage<br>ครบ 250,000 แก่ศัตรู<br>จะเพิ่มสต็อก<br>การโจมตีเพิ่มเติม 1 สต็อกให้ตนเองและปาร์ตี้<br>สะสมสต็อกได้สูงสุด 4 สต็อก<br>(คูลดาวน์ 5 วินาที)／<br>เมื่อโจมตีโดนศัตรู<br>จะใช้ 1 สต็อก<br>เพื่อทำการโจมตีเพิ่มเติม<br>และฟื้นฟู 2% HP<br>เมื่อการโจมตีเพิ่มเติมเกิดขึ้นครบ 4 ครั้ง<br>เป็นเวลา 15 วินาที<br>Critical Damage +5%"""
item_PursuitBuff_4#1,"""Damage +55%／<br>เมื่อทำ Damage<br>ครบ 250,000 แก่ศัตรู<br>จะเพิ่มสต็อก<br>การโจมตีเพิ่มเติม 1 สต็อกให้ตนเองและปาร์ตี้<br>สะสมสต็อกได้สูงสุด 4 สต็อก<br>(คูลดาวน์ 5 วินาที)／<br>เมื่อโจมตีโดนศัตรู<br>จะใช้ 1 สต็อก<br>เพื่อทำการโจมตีเพิ่มเติม<br>และฟื้นฟู 2% HP<br>เมื่อการโจมตีเพิ่มเติมเกิดขึ้นครบ 4 ครั้ง<br>เป็นเวลา 15 วินาที<br>Critical Damage +5%"""
item_PursuitBuff_5#1,"""Damage +56%／<br>เมื่อทำ Damage<br>ครบ 250,000 แก่ศัตรู<br>จะเพิ่มสต็อก<br>การโจมตีเพิ่มเติม 1 สต็อกให้ตนเองและปาร์ตี้<br>สะสมสต็อกได้สูงสุด 4 สต็อก<br>(คูลดาวน์ 5 วินาที)／<br>เมื่อโจมตีโดนศัตรู<br>จะใช้ 1 สต็อก<br>เพื่อทำการโจมตีเพิ่มเติม<br>และฟื้นฟู 2% HP<br>เมื่อการโจมตีเพิ่มเติมเกิดขึ้นครบ 4 ครั้ง<br>เป็นเวลา 15 วินาที<br>Critical Damage +5%"""
item_PursuitBuff_6#1,"""Damage +62%／<br>เมื่อทำ Damage<br>ครบ 250,000 แก่ศัตรู<br>จะเพิ่มสต็อก<br>การโจมตีเพิ่มเติม 1 สต็อกให้ตนเองและปาร์ตี้<br>สะสมสต็อกได้สูงสุด 4 สต็อก<br>(คูลดาวน์ 5 วินาที)／<br>เมื่อโจมตีโดนศัตรู<br>จะใช้ 1 สต็อก<br>เพื่อทำการโจมตีเพิ่มเติม<br>และฟื้นฟู 2% HP<br>เมื่อการโจมตีเพิ่มเติมเกิดขึ้นครบ 4 ครั้ง<br>เป็นเวลา 15 วินาที<br>Critical Damage +5%"""
item_GuardStanceUp_1#1,"""เพิ่มประสิทธิภาพของ<br>Guard Stance ขึ้น 1%"""
item_GuardStanceUp_2#1,"""เพิ่มประสิทธิภาพของ<br>Guard Stance ขึ้น 2%"""
item_GuardStanceUp_3#1,"""เพิ่มประสิทธิภาพของ<br>Guard Stance ขึ้น 3%"""
item_GuardStanceUp_4#1,"""เพิ่มประสิทธิภาพของ<br>Guard Stance ขึ้น 4%"""
item_GuardStanceUp_5#1,"""เพิ่มประสิทธิภาพของ<br>Guard Stance ขึ้น 5%"""
item_MaterialDefence_1#1,"""ลดความเสียหายจากการโจมตี<br>แบบ Striking และ Ranged ลง 10%"""
item_MaterialDefence_2#1,"""ลดความเสียหายจากการโจมตี<br>แบบ Striking และ Ranged ลง 14%"""
item_MaterialDefence_3#1,"""ลดความเสียหายจากการโจมตี<br>แบบ Striking และ Ranged ลง 20%"""
item_MaterialDefence_4#1,"""ลดความเสียหายจากการโจมตี<br>แบบ Striking และ Ranged ลง 20%"""
item_MaterialDefence_5#1,"""ลดความเสียหายจากการโจมตี<br>แบบ Striking และ Ranged ลง 20%"""
item_TechDefence_1#1,"""ลดความเสียหายจาก<br>Technique ลง 15%"""
item_TechDefence_2#1,"""ลดความเสียหายจาก<br>Technique ลง 21%"""
item_TechDefence_3#1,"""ลดความเสียหายจาก<br>Technique ลง 30%"""
item_TechDefence_4#1,"""ลดความเสียหายจาก<br>Technique ลง 30%"""
item_TechDefence_5#1,"""ลดความเสียหายจาก<br>Technique ลง 30%"""
item_IronWill_1#1,"""มีโอกาสรอดชีวิตจาก<br>การโจมตีถึงตาย<br>โดยเหลือ 1 HP"""
item_IronWill_2#1,"""มีโอกาสรอดชีวิตจาก<br>การโจมตีถึงตาย<br>โดยเหลือ 1 HP"""
item_IronWill_3#1,"""มีโอกาสรอดชีวิตจาก<br>การโจมตีถึงตาย<br>โดยเหลือ 1 HP"""
item_IronWill_4#1,"""มีโอกาสรอดชีวิตจาก<br>การโจมตีถึงตาย<br>โดยเหลือ 1 HP"""
item_IronWill_5#1,"""มีโอกาสรอดชีวิตจาก<br>การโจมตีถึงตาย<br>โดยเหลือ 1 HP"""
item_FuryStanceUp_1#1,"""เพิ่มประสิทธิภาพของ<br>Fury Stance ขึ้น 4%"""
item_FuryStanceUp_2#1,"""เพิ่มประสิทธิภาพของ<br>Fury Stance ขึ้น 5%"""
item_FuryStanceUp_3#1,"""เพิ่มประสิทธิภาพของ<br>Fury Stance ขึ้น 6%"""
item_FuryStanceUp_4#1,"""เพิ่มประสิทธิภาพของ<br>Fury Stance ขึ้น 7%"""
item_FuryStanceUp_5#1,"""เพิ่มประสิทธิภาพของ<br>Fury Stance ขึ้น 8%"""
item_FuryStanceUpHuey_1#1,"""เพิ่มประสิทธิภาพของ<br>Fury Stance ขึ้น 5%"""
item_FuryStanceUpHuey_2#1,"""เพิ่มประสิทธิภาพของ<br>Fury Stance ขึ้น 6%"""
item_FuryStanceUpHuey_3#1,"""เพิ่มประสิทธิภาพของ<br>Fury Stance ขึ้น 7%"""
item_FuryStanceUpHuey_4#1,"""เพิ่มประสิทธิภาพของ<br>Fury Stance ขึ้น 8%"""
item_FuryStanceUpHuey_5#1,"""เพิ่มประสิทธิภาพของ<br>Fury Stance ขึ้น 9%"""
item_FuryStanceCritical_1#1,"""เพิ่ม Critical Hit Rate<br>18% ในระหว่างที่ใช้<br>Fury Stance"""
item_FuryStanceCritical_2#1,"""เพิ่ม Critical Hit Rate<br>19% ในระหว่างที่ใช้<br>Fury Stance"""
item_FuryStanceCritical_3#1,"""เพิ่ม Critical Hit Rate<br>20% ในระหว่างที่ใช้<br>Fury Stance"""
item_FuryStanceCritical_4#1,"""เพิ่ม Critical Hit Rate<br>21% ในระหว่างที่ใช้<br>Fury Stance"""
item_FuryStanceCritical_5#1,"""เพิ่ม Critical Hit Rate<br>22% ในระหว่างที่ใช้<br>Fury Stance"""
item_JustAttackBonus_1#1,"""เพิ่มประสิทธิภาพของ<br>Just Attack ขึ้น 3%"""
item_JustAttackBonus_2#1,"""เพิ่มประสิทธิภาพของ<br>Just Attack ขึ้น 4%"""
item_JustAttackBonus_3#1,"""เพิ่มประสิทธิภาพของ<br>Just Attack ขึ้น 5%"""
item_JustAttackBonus_4#1,"""เพิ่มประสิทธิภาพของ<br>Just Attack ขึ้น 7%"""
item_JustAttackBonus_5#1,"""เพิ่มประสิทธิภาพของ<br>Just Attack ขึ้น 10%"""
item_BraveStanceUp_1#1,"""เพิ่ม Damage จาก<br>ด้านหน้า 10%<br>ในระหว่างที่ใช้ Brave Stance"""
item_BraveStanceUp_2#1,"""เพิ่ม Damage จาก<br>ด้านหน้า 12%<br>ในระหว่างที่ใช้ Brave Stance"""
item_BraveStanceUp_3#1,"""เพิ่ม Damage จาก<br>ด้านหน้า 14%<br>ในระหว่างที่ใช้ Brave Stance"""
item_BraveStanceUp_4#1,"""เพิ่ม Damage จาก<br>ด้านหน้า 16%<br>ในระหว่างที่ใช้ Brave Stance"""
item_BraveStanceUp_5#1,"""เพิ่ม Damage จาก<br>ด้านหน้า 18%<br>ในระหว่างที่ใช้ Brave Stance"""
item_BraveStanceUp2_1#1,"""เพิ่ม Damage จาก<br>ด้านหน้า 4%<br>ในระหว่างที่ใช้ Brave Stance"""
item_BraveStanceUp2_2#1,"""เพิ่ม Damage จาก<br>ด้านหน้า 5%<br>ในระหว่างที่ใช้ Brave Stance"""
item_BraveStanceUp2_3#1,"""เพิ่ม Damage จาก<br>ด้านหน้า 6%<br>ในระหว่างที่ใช้ Brave Stance"""
item_BraveStanceUp2_4#1,"""เพิ่ม Damage จาก<br>ด้านหน้า 7%<br>ในระหว่างที่ใช้ Brave Stance"""
item_BraveStanceUp2_5#1,"""เพิ่ม Damage จาก<br>ด้านหน้า 8%<br>ในระหว่างที่ใช้ Brave Stance"""
item_BraveStanceUp3_1#1,"""เพิ่ม Damage จาก<br>ด้านหน้า 18%<br>ในระหว่างที่ใช้ Brave Stance"""
item_BraveStanceUp3_2#1,"""เพิ่ม Damage จาก<br>ด้านหน้า 20%<br>ในระหว่างที่ใช้ Brave Stance"""
item_BraveStanceUp3_3#1,"""เพิ่ม Damage จาก<br>ด้านหน้า 23%<br>ในระหว่างที่ใช้ Brave Stance"""
item_BraveStanceUp3_4#1,"""เพิ่ม Damage จาก<br>ด้านหน้า 25%<br>ในระหว่างที่ใช้ Brave Stance"""
item_BraveStanceUp3_5#1,"""เพิ่ม Damage จาก<br>ด้านหน้า 28%<br>ในระหว่างที่ใช้ Brave Stance"""
item_BraveCritical1_1#1,"""เพิ่ม Critical Hit Rate<br>จากด้านหน้า 10%<br>ในระหว่างที่ใช้ Brave Stance"""
item_BraveCritical1_2#1,"""เพิ่ม Critical Hit Rate<br>จากด้านหน้า 12%<br>ในระหว่างที่ใช้ Brave Stance.."""
item_BraveCritical1_3#1,"""เพิ่ม Critical Hit Rate<br>จากด้านหน้า 14%<br>ในระหว่างที่ใช้ Brave Stance.."""
item_BraveCritical1_4#1,"""เพิ่ม Critical Hit Rate<br>จากด้านหน้า 16%<br>ในระหว่างที่ใช้ Brave Stance.."""
item_BraveCritical1_5#1,"""เพิ่ม Critical Hit Rate<br>จากด้านหน้า 20%<br>ในระหว่างที่ใช้ Brave Stance.."""
item_BraveCritical2_1#1,"""เพิ่ม Critical Hit Rate<br>จากด้านหน้า 18%<br>ในระหว่างที่ใช้ Brave Stance.."""
item_BraveCritical2_2#1,"""เพิ่ม Critical Hit Rate<br>จากด้านหน้า 19%<br>ในระหว่างที่ใช้ Brave Stance.."""
item_BraveCritical2_3#1,"""เพิ่ม Critical Hit Rate<br>จากด้านหน้า 20%<br>ในระหว่างที่ใช้ Brave Stance.."""
item_BraveCritical2_4#1,"""เพิ่ม Critical Hit Rate<br>จากด้านหน้า 21%<br>ในระหว่างที่ใช้ Brave Stance.."""
item_BraveCritical2_5#1,"""เพิ่ม Critical Hit Rate<br>จากด้านหน้า 22%<br>ในระหว่างที่ใช้ Brave Stance.."""
item_AbnormalAdvance_1#1,"""เพิ่ม Damage ที่ทำกับ<br>ศัตรูที่ติด Status Effect<br>ขึ้น 17%"""
item_AbnormalAdvance_2#1,"""เพิ่ม Damage ที่ทำกับ<br>ศัตรูที่ติด Status Effect<br>ขึ้น 19%"""
item_AbnormalAdvance_3#1,"""เพิ่ม Damage ที่ทำกับ<br>ศัตรูที่ติด Status Effect<br>ขึ้น 21%"""
item_AbnormalAdvance_4#1,"""เพิ่ม Damage ที่ทำกับ<br>ศัตรูที่ติด Status Effect<br>ขึ้น 23%"""
item_AbnormalAdvance_5#1,"""เพิ่ม Damage ที่ทำกับ<br>ศัตรูที่ติด Status Effect<br>ขึ้น 25%"""
item_AbnormalBind_1#1,"""มีโอกาส 22% ที่จะทำให้ศัตรู<br>ที่ติด Status Effect ติดสถานะ Bind<br>เมื่อโจมตีโดน"""
item_AbnormalBind_2#1,"""มีโอกาส 24% ที่จะทำให้ศัตรู<br>ที่ติด Status Effect ติดสถานะ Bind<br>เมื่อโจมตีโดน"""
item_AbnormalBind_3#1,"""มีโอกาส 26% ที่จะทำให้ศัตรู<br>ที่ติด Status Effect ติดสถานะ Bind<br>เมื่อโจมตีโดน"""
item_AbnormalBind_4#1,"""มีโอกาส 28% ที่จะทำให้ศัตรู<br>ที่ติด Status Effect ติดสถานะ Bind<br>เมื่อโจมตีโดน"""
item_AbnormalBind_5#1,"""มีโอกาส 30% ที่จะทำให้ศัตรู<br>ที่ติด Status Effect ติดสถานะ Bind<br>เมื่อโจมตีโดน"""
item_WiseStanceUp_1#1,"""พลังโจมตีจากด้านหลัง<br>ในระหว่างที่ใช้ Wise Stance<br>เพิ่มขึ้น 8%"""
item_WiseStanceUp_2#1,"""พลังโจมตีจากด้านหลัง<br>ในระหว่างที่ใช้ Wise Stance<br>เพิ่มขึ้น 10%"""
item_WiseStanceUp_3#1,"""พลังโจมตีจากด้านหลัง<br>ในระหว่างที่ใช้ Wise Stance<br>เพิ่มขึ้น 12%"""
item_WiseStanceUp_4#1,"""พลังโจมตีจากด้านหลัง<br>ในระหว่างที่ใช้ Wise Stance<br>เพิ่มขึ้น 14%"""
item_WiseStanceUp_5#1,"""พลังโจมตีจากด้านหลัง<br>ในระหว่างที่ใช้ Wise Stance<br>เพิ่มขึ้น 18%"""
item_WiseCritical_1#0,"""Critical Hit Rate จากด้านหลัง<br>ในระหว่างที่ใช้ Wise Stance<br>เพิ่มขึ้น 14%"""
item_WiseCritical_2#0,"""Critical Hit Rate จากด้านหลัง<br>ในระหว่างที่ใช้ Wise Stance<br>เพิ่มขึ้น 16%"""
item_WiseCritical_3#0,"""Critical Hit Rate จากด้านหลัง<br>ในระหว่างที่ใช้ Wise Stance<br>เพิ่มขึ้น 18%"""
item_WiseCritical_4#0,"""Critical Hit Rate จากด้านหลัง<br>ในระหว่างที่ใช้ Wise Stance<br>เพิ่มขึ้น 20%"""
item_WiseCritical_5#0,"""Critical Hit Rate จากด้านหลัง<br>ในระหว่างที่ใช้ Wise Stance<br>เพิ่มขึ้น 24%"""
item_HalflineSlayer_1#1,"""เพิ่ม Damage<br>เมื่อ HP ต่ำกว่าครึ่ง"""
item_HalflineSlayer_2#1,"""เพิ่ม Damage<br>เมื่อ HP ต่ำกว่าครึ่ง"""
item_HalflineSlayer_3#1,"""เพิ่ม Damage<br>เมื่อ HP ต่ำกว่าครึ่ง"""
item_HalflineSlayer_4#1,"""เพิ่ม Damage<br>เมื่อ HP ต่ำกว่าครึ่ง"""
item_HalflineSlayer_5#1,"""เพิ่ม Damage<br>เมื่อ HP ต่ำกว่าครึ่ง"""
item_DeadlineSlayer_1#1,"""เพิ่ม Damage<br>เมื่อ HP ต่ำกว่า 1/4"""
item_DeadlineSlayer_2#1,"""เพิ่ม Damage<br>เมื่อ HP ต่ำกว่า 1/4"""
item_DeadlineSlayer_3#1,"""เพิ่ม Damage<br>เมื่อ HP ต่ำกว่า 1/4"""
item_DeadlineSlayer_4#1,"""เพิ่ม Damage<br>เมื่อ HP ต่ำกว่า 1/4"""
item_DeadlineSlayer_5#1,"""เพิ่ม Damage<br>เมื่อ HP ต่ำกว่า 1/4"""
item_DeadlineSlayer2_1#1,"""เพิ่ม Damage<br>14% เมื่อ HP ต่ำกว่า<br>1/4"""
item_DeadlineSlayer2_2#1,"""เพิ่ม Damage<br>15% เมื่อ HP ต่ำกว่า<br>1/4"""
item_DeadlineSlayer2_3#1,"""เพิ่ม Damage<br>17% เมื่อ HP ต่ำกว่า<br>1/4"""
item_DeadlineSlayer2_4#1,"""เพิ่ม Damage<br>20% เมื่อ HP ต่ำกว่า<br>1/4"""
item_DeadlineSlayer2_5#1,"""เพิ่ม Damage<br>30% เมื่อ HP ต่ำกว่า<br>1/4"""
item_WeakSnipeBonus_1#1,"""เพิ่ม Damage เมื่อโจมตีจุดอ่อน<br>ด้วยการโจมตีแบบ Ranged<br>ขึ้น 6%"""
item_WeakSnipeBonus_2#1,"""เพิ่ม Damage เมื่อโจมตีจุดอ่อน<br>ด้วยการโจมตีแบบ Ranged<br>ขึ้น 7%"""
item_WeakSnipeBonus_3#1,"""เพิ่ม Damage เมื่อโจมตีจุดอ่อน<br>ด้วยการโจมตีแบบ Ranged<br>ขึ้น 9%"""
item_WeakSnipeBonus_4#1,"""เพิ่ม Damage เมื่อโจมตีจุดอ่อน<br>ด้วยการโจมตีแบบ Ranged<br>ขึ้น 11%"""
item_WeakSnipeBonus_5#1,"""เพิ่ม Damage เมื่อโจมตีจุดอ่อน<br>ด้วยการโจมตีแบบ Ranged<br>ขึ้น 13%"""
item_WeakSnipeBonus2_1#1,"""เพิ่ม Damage เมื่อโจมตีจุดอ่อน<br>ด้วยการโจมตีแบบ Ranged<br>ขึ้น 7%"""
item_WeakSnipeBonus2_2#1,"""เพิ่ม Damage เมื่อโจมตีจุดอ่อน<br>ด้วยการโจมตีแบบ Ranged<br>ขึ้น 9%"""
item_WeakSnipeBonus2_3#1,"""เพิ่ม Damage เมื่อโจมตีจุดอ่อน<br>ด้วยการโจมตีแบบ Ranged<br>ขึ้น 11%"""
item_WeakSnipeBonus2_4#1,"""เพิ่ม Damage เมื่อโจมตีจุดอ่อน<br>ด้วยการโจมตีแบบ Ranged<br>ขึ้น 13%"""
item_WeakSnipeBonus2_5#1,"""เพิ่ม Damage เมื่อโจมตีจุดอ่อน<br>ด้วยการโจมตีแบบ Ranged<br>ขึ้น 15%"""
item_WeakSnipeBonus3_1#1,"""เพิ่ม Damage เมื่อโจมตีจุดอ่อน<br>ด้วยการโจมตีแบบ Ranged<br>ขึ้น 6%"""
item_WeakSnipeBonus3_2#1,"""เพิ่ม Damage เมื่อโจมตีจุดอ่อน<br>ด้วยการโจมตีแบบ Ranged<br>ขึ้น 7%"""
item_WeakSnipeBonus3_3#1,"""เพิ่ม Damage เมื่อโจมตีจุดอ่อน<br>ด้วยการโจมตีแบบ Ranged<br>ขึ้น 9%"""
item_WeakSnipeBonus3_4#1,"""เพิ่ม Damage เมื่อโจมตีจุดอ่อน<br>ด้วยการโจมตีแบบ Ranged<br>ขึ้น 11%"""
item_WeakSnipeBonus3_5#1,"""เพิ่ม Damage เมื่อโจมตีจุดอ่อน<br>ด้วยการโจมตีแบบ Ranged<br>ขึ้น 13%"""
item_StandUpSnipe_1#1,"""เพิ่ม Damage 7%<br>เมื่อยิงในขณะที่<br>ยืนอยู่นิ่งๆ"""
item_StandUpSnipe_2#1,"""เพิ่ม Damage 9%<br>เมื่อยิงในขณะที่<br>ยืนอยู่นิ่งๆ"""
item_StandUpSnipe_3#1,"""เพิ่ม Damage 11%<br>เมื่อยิงในขณะที่<br>ยืนอยู่นิ่งๆ"""
item_StandUpSnipe_4#1,"""เพิ่ม Damage 13%<br>เมื่อยิงในขณะที่<br>ยืนอยู่นิ่งๆ"""
item_StandUpSnipe_5#1,"""เพิ่ม Damage 15%<br>เมื่อยิงในขณะที่<br>ยืนอยู่นิ่งๆ"""
item_ToolMastery_1#1,"""เพิ่มประสิทธิภาพของ<br>Tools ขึ้น 20%"""
item_ToolMastery_2#1,"""เพิ่มประสิทธิภาพของ<br>Tools ขึ้น 23%"""
item_ToolMastery_3#1,"""เพิ่มประสิทธิภาพของ<br>Tools ขึ้น 26%"""
item_ToolMastery_4#1,"""เพิ่มประสิทธิภาพของ<br>Tools ขึ้น 29%"""
item_ToolMastery_5#1,"""เพิ่มประสิทธิภาพของ<br>Tools ขึ้น 32%"""
item_TrapPoizonCustom_1#1,"""เพิ่มประสิทธิภาพของ<br>Poison Trap ขึ้น 20%"""
item_TrapPoizonCustom_2#1,"""เพิ่มประสิทธิภาพของ<br>Poison Trap ขึ้น 23%"""
item_TrapPoizonCustom_3#1,"""เพิ่มประสิทธิภาพของ<br>Poison Trap ขึ้น 26%"""
item_TrapPoizonCustom_4#1,"""เพิ่มประสิทธิภาพของ<br>Poison Trap ขึ้น 30%"""
item_TrapPoizonCustom_5#1,"""เพิ่มประสิทธิภาพของ<br>Poison Trap ขึ้น 35%"""
item_TrapUpperCustom_1#1,"""เพิ่มประสิทธิภาพของ<br>Upper Trap ขึ้น 20%"""
item_TrapUpperCustom_2#1,"""เพิ่มประสิทธิภาพของ<br>Upper Trap ขึ้น 23%"""
item_TrapUpperCustom_3#1,"""เพิ่มประสิทธิภาพของ<br>Upper Trap ขึ้น 26%"""
item_TrapUpperCustom_4#1,"""เพิ่มประสิทธิภาพของ<br>Upper Trap ขึ้น 30%"""
item_TrapUpperCustom_5#1,"""เพิ่มประสิทธิภาพของ<br>Upper Trap ขึ้น 35%"""
item_GunnerZeroRangeBonus1_1#1,"""เพิ่ม Damage จากการโจมตี<br>แบบ Ranged ระยะประชิด<br>ขึ้น 12%"""
item_GunnerZeroRangeBonus1_2#1,"""เพิ่ม Damage จากการโจมตี<br>แบบ Ranged ระยะประชิด<br>ขึ้น 14%"""
item_GunnerZeroRangeBonus1_3#1,"""เพิ่ม Damage จากการโจมตี<br>แบบ Ranged ระยะประชิด<br>ขึ้น 16%"""
item_GunnerZeroRangeBonus1_4#1,"""เพิ่ม Damage จากการโจมตี<br>แบบ Ranged ระยะประชิด<br>ขึ้น 18%"""
item_GunnerZeroRangeBonus1_5#1,"""เพิ่ม Damage จากการโจมตี<br>แบบ Ranged ระยะประชิด<br>ขึ้น 20%"""
item_GunnerAttackPPRestraint_1#1,"""เพิ่ม PP Recovery Rate<br>ขึ้น 10%<br>ในขณะที่โจมตี"""
item_GunnerAttackPPRestraint_2#1,"""เพิ่ม PP Recovery Rate<br>ขึ้น 20%<br>ในขณะที่โจมตี"""
item_GunnerAttackPPRestraint_3#1,"""เพิ่ม PP Recovery Rate<br>ขึ้น 30%<br>ในขณะที่โจมตี"""
item_GunnerAttackPPRestraint_4#1,"""เพิ่ม PP Recovery Rate<br>ขึ้น 40%<br>ในขณะที่โจมตี"""
item_GunnerAttackPPRestraint_5#1,"""เพิ่ม PP Recovery Rate<br>ขึ้น 50%<br>ในขณะที่โจมตี"""
item_ChainFinish_1#1,"""เพิ่มประสิทธิภาพของ<br>Chain Finish ขึ้น 12%"""
item_ChainFinish_2#1,"""เพิ่มประสิทธิภาพของ<br>Chain Finish ขึ้น 15%"""
item_ChainFinish_3#1,"""เพิ่มประสิทธิภาพของ<br>Chain Finish ขึ้น 20%"""
item_ChainFinish_4#1,"""เพิ่มประสิทธิภาพของ<br>Chain Finish ขึ้น 23%"""
item_ChainFinish_5#1,"""เพิ่มประสิทธิภาพของ<br>Chain Finish ขึ้น 30%"""
item_AerialAdvance1_1#1,"""เพิ่ม Damage ที่ทำกับ<br>ศัตรูที่ลอยอยู่กลางอากาศขึ้น 16%"""
item_AerialAdvance1_2#1,"""เพิ่ม Damage ที่ทำกับ<br>ศัตรูที่ลอยอยู่กลางอากาศขึ้น 18%"""
item_AerialAdvance1_3#1,"""เพิ่ม Damage ที่ทำกับ<br>ศัตรูที่ลอยอยู่กลางอากาศขึ้น 20%"""
item_AerialAdvance1_4#1,"""เพิ่ม Damage ที่ทำกับ<br>ศัตรูที่ลอยอยู่กลางอากาศขึ้น 22%"""
item_AerialAdvance1_5#1,"""เพิ่ม Damage ที่ทำกับ<br>ศัตรูที่ลอยอยู่กลางอากาศขึ้น 26%"""
item_AerialAdvance2_1#1,"""เพิ่ม Damage ที่ทำกับ<br>ศัตรูที่ลอยอยู่กลางอากาศขึ้น 6%"""
item_AerialAdvance2_2#1,"""เพิ่ม Damage ที่ทำกับ<br>ศัตรูที่ลอยอยู่กลางอากาศขึ้น 8%"""
item_AerialAdvance2_3#1,"""เพิ่ม Damage ที่ทำกับ<br>ศัตรูที่ลอยอยู่กลางอากาศขึ้น 10%"""
item_AerialAdvance2_4#1,"""เพิ่ม Damage ที่ทำกับ<br>ศัตรูที่ลอยอยู่กลางอากาศขึ้น 12%"""
item_AerialAdvance2_5#1,"""เพิ่ม Damage ที่ทำกับ<br>ศัตรูที่ลอยอยู่กลางอากาศขึ้น 14%"""
item_AutoMateDeadline_1#1,"""มีโอกาสที่จะ<br>ใช้งานไอเทมประเภท -mate อัตโนมัติ<br>เมื่อ HP<br>ลดลงต่ำกว่า 25%"""
item_AutoMateDeadline_2#1,"""มีโอกาสที่จะ<br>ใช้งานไอเทมประเภท -mate อัตโนมัติ<br>เมื่อ HP<br>ลดลงต่ำกว่า 25%"""
item_AutoMateDeadline_3#1,"""มีโอกาสที่จะ<br>ใช้งานไอเทมประเภท -mate อัตโนมัติ<br>เมื่อ HP<br>ลดลงต่ำกว่า 25%"""
item_AutoMateDeadline_4#1,"""มีโอกาสที่จะ<br>ใช้งานไอเทมประเภท -mate อัตโนมัติ<br>เมื่อ HP<br>ลดลงต่ำกว่า 25%"""
item_AutoMateDeadline_5#1,"""มีโอกาสที่จะ<br>ใช้งานไอเทมประเภท -mate อัตโนมัติ<br>เมื่อ HP<br>ลดลงต่ำกว่า 25%"""
item_TechChargeBonus_1#1,"""เพิ่ม Damage ของ<br>Techniques แบบชาร์จ<br>ขึ้น 5%"""
item_TechChargeBonus_2#1,"""เพิ่ม Damage ของ<br>Techniques แบบชาร์จ<br>ขึ้น 7%"""
item_TechChargeBonus_3#1,"""เพิ่ม Damage ของ<br>Techniques แบบชาร์จ<br>ขึ้น 10%"""
item_TechChargeBonus_4#1,"""เพิ่ม Damage ของ<br>Techniques แบบชาร์จ<br>ขึ้น 10%"""
item_TechChargeBonus_5#1,"""เพิ่ม Damage ของ<br>Techniques แบบชาร์จ<br>ขึ้น 10%"""
item_TechChargeBonus2_1#1,"""เพิ่ม Damage ของ<br>Techniques แบบชาร์จ<br>ขึ้น 6%"""
item_TechChargeBonus2_2#1,"""เพิ่ม Damage ของ<br>Techniques แบบชาร์จ<br>ขึ้น 7%"""
item_TechChargeBonus2_3#1,"""เพิ่ม Damage ของ<br>Techniques แบบชาร์จ<br>ขึ้น 8%"""
item_TechChargeBonus2_4#1,"""เพิ่ม Damage ของ<br>Techniques แบบชาร์จ<br>ขึ้น 9%"""
item_TechChargeBonus2_5#1,"""เพิ่ม Damage ของ<br>Techniques แบบชาร์จ<br>ขึ้น 10%"""
item_PhotonFlareBoost1_1#1,"""เพิ่มประสิทธิภาพของ<br>Photon Flare"""
item_PhotonFlareBoost1_2#1,"""เพิ่มประสิทธิภาพของ<br>Photon Flare"""
item_PhotonFlareBoost1_3#1,"""เพิ่มประสิทธิภาพของ<br>Photon Flare"""
item_PhotonFlareBoost1_4#1,"""เพิ่มประสิทธิภาพของ<br>Photon Flare"""
item_PhotonFlareBoost1_5#1,"""เพิ่มประสิทธิภาพของ<br>Photon Flare"""
item_PhotonFlareBoost2_1#1,"""เพิ่มประสิทธิภาพของ<br>Photon Flare ขึ้น 200"""
item_PhotonFlareBoost2_2#1,"""เพิ่มประสิทธิภาพของ<br>Photon Flare ขึ้น 220"""
item_PhotonFlareBoost2_3#1,"""เพิ่มประสิทธิภาพของ<br>Photon Flare ขึ้น 250"""
item_PhotonFlareBoost2_4#1,"""เพิ่มประสิทธิภาพของ<br>Photon Flare ขึ้น 270"""
item_PhotonFlareBoost2_5#1,"""เพิ่มประสิทธิภาพของ<br>Photon Flare ขึ้น 300"""
item_TechNonChargeBonus_1#1,"""เพิ่ม Damage ของ Techniques<br>แบบไม่ได้ชาร์จขึ้น 50%"""
item_TechNonChargeBonus_2#1,"""เพิ่ม Damage ของ Techniques<br>แบบไม่ได้ชาร์จขึ้น 60%"""
item_TechNonChargeBonus_3#1,"""เพิ่ม Damage ของ Techniques<br>แบบไม่ได้ชาร์จขึ้น 70%"""
item_TechNonChargeBonus_4#1,"""เพิ่ม Damage ของ Techniques<br>แบบไม่ได้ชาร์จขึ้น 80%"""
item_TechNonChargeBonus_5#1,"""เพิ่ม Damage ของ Techniques<br>แบบไม่ได้ชาร์จขึ้น 90%"""
item_TechJustAttackBonus_1#1,"""เพิ่มประสิทธิภาพของ<br>Just Attack ของ Technique<br>ขึ้น 3%"""
item_TechJustAttackBonus_2#1,"""เพิ่มประสิทธิภาพของ<br>Just Attack ของ Technique<br>ขึ้น 4%"""
item_TechJustAttackBonus_3#1,"""เพิ่มประสิทธิภาพของ<br>Just Attack ของ Technique<br>ขึ้น 5%"""
item_TechJustAttackBonus_4#1,"""เพิ่มประสิทธิภาพของ<br>Just Attack ของ Technique<br>ขึ้น 7%"""
item_TechJustAttackBonus_5#1,"""เพิ่มประสิทธิภาพของ<br>Just Attack ของ Technique<br>ขึ้น 10%"""
item_MasteryFire1_1#1,"""เพิ่ม Damage ของ Fire<br>Techniques ขึ้น 12%"""
item_MasteryFire1_2#1,"""เพิ่ม Damage ของ Fire<br>Techniques ขึ้น 14%"""
item_MasteryFire1_3#1,"""เพิ่ม Damage ของ Fire<br>Techniques ขึ้น 16%"""
item_MasteryFire1_4#1,"""เพิ่ม Damage ของ Fire<br>Techniques ขึ้น 18%"""
item_MasteryFire1_5#1,"""เพิ่ม Damage ของ Fire<br>Techniques ขึ้น 20%"""
item_MasteryFire2_1#1,"""เพิ่ม Damage ของ Fire<br>Techniques ขึ้น 12%"""
item_MasteryFire2_2#1,"""เพิ่ม Damage ของ Fire<br>Techniques ขึ้น 16%"""
item_MasteryFire2_3#1,"""เพิ่ม Damage ของ Fire<br>Techniques ขึ้น 20%"""
item_MasteryFire2_4#1,"""เพิ่ม Damage ของ Fire<br>Techniques ขึ้น 24%"""
item_MasteryFire2_5#1,"""เพิ่ม Damage ของ Fire<br>Techniques ขึ้น 28%"""
item_FireTechnicShortCharge_1#1,"""ลดระยะเวลาในการชาร์จ<br>ของ Fire Techniques"""
item_FireTechnicShortCharge_2#1,"""ลดระยะเวลาในการชาร์จ<br>ของ Fire Techniques"""
item_FireTechnicShortCharge_3#1,"""ลดระยะเวลาในการชาร์จ<br>ของ Fire Techniques"""
item_FireTechnicShortCharge_4#1,"""ลดระยะเวลาในการชาร์จ<br>ของ Fire Techniques"""
item_FireTechnicShortCharge_5#1,"""ลดระยะเวลาในการชาร์จ<br>ของ Fire Techniques"""
item_IceTechnicShortCharge_1#1,"""ลดระยะเวลาในการชาร์จ<br>ของ Ice Techniques"""
item_IceTechnicShortCharge_2#1,"""ลดระยะเวลาในการชาร์จ<br>ของ Ice Techniques"""
item_IceTechnicShortCharge_3#1,"""ลดระยะเวลาในการชาร์จ<br>ของ Ice Techniques"""
item_IceTechnicShortCharge_4#1,"""ลดระยะเวลาในการชาร์จ<br>ของ Ice Techniques"""
item_IceTechnicShortCharge_5#1,"""ลดระยะเวลาในการชาร์จ<br>ของ Ice Techniques"""
item_ThunderTechnicShortCharge_1#1,"""ลดระยะเวลาในการชาร์จ<br>ของ Lightning<br>Techniques"""
item_ThunderTechnicShortCharge_2#1,"""ลดระยะเวลาในการชาร์จ<br>ของ Lightning<br>Techniques"""
item_ThunderTechnicShortCharge_3#1,"""ลดระยะเวลาในการชาร์จ<br>ของ Lightning<br>Techniques"""
item_ThunderTechnicShortCharge_4#1,"""ลดระยะเวลาในการชาร์จ<br>ของ Lightning<br>Techniques"""
item_ThunderTechnicShortCharge_5#1,"""ลดระยะเวลาในการชาร์จ<br>ของ Lightning<br>Techniques"""
item_WindTechnicShortCharge_1#1,"""ลดระยะเวลาในการชาร์จ<br>ของ Wind<br>Techniques"""
item_WindTechnicShortCharge_2#1,"""ลดระยะเวลาในการชาร์จ<br>ของ Wind<br>Techniques"""
item_WindTechnicShortCharge_3#1,"""ลดระยะเวลาในการชาร์จ<br>ของ Wind<br>Techniques"""
item_WindTechnicShortCharge_4#1,"""ลดระยะเวลาในการชาร์จ<br>ของ Wind<br>Techniques"""
item_WindTechnicShortCharge_5#1,"""ลดระยะเวลาในการชาร์จ<br>ของ Wind<br>Techniques"""
item_LightTechnicShortCharge_1#1,"""ลดระยะเวลาในการชาร์จ<br>ของ Light<br>Techniques"""
item_LightTechnicShortCharge_2#1,"""ลดระยะเวลาในการชาร์จ<br>ของ Light<br>Techniques"""
item_LightTechnicShortCharge_3#1,"""ลดระยะเวลาในการชาร์จ<br>ของ Light<br>Techniques"""
item_LightTechnicShortCharge_4#1,"""ลดระยะเวลาในการชาร์จ<br>ของ Light<br>Techniques"""
item_LightTechnicShortCharge_5#1,"""ลดระยะเวลาในการชาร์จ<br>ของ Light<br>Techniques"""
item_DarkTechnicShortCharge_1#1,"""ลดระยะเวลาในการชาร์จ<br>ของ Dark<br>Techniques ยกเว้น<br>Namegid"""
item_DarkTechnicShortCharge_2#1,"""ลดระยะเวลาในการชาร์จ<br>ของ Dark<br>Techniques ยกเว้น<br>Namegid"""
item_DarkTechnicShortCharge_3#1,"""ลดระยะเวลาในการชาร์จ<br>ของ Dark<br>Techniques ยกเว้น<br>Namegid"""
item_DarkTechnicShortCharge_4#1,"""ลดระยะเวลาในการชาร์จ<br>ของ Dark<br>Techniques ยกเว้น<br>Namegid"""
item_DarkTechnicShortCharge_5#1,"""ลดระยะเวลาในการชาร์จ<br>ของ Dark<br>Techniques ยกเว้น<br>Namegid"""
item_MasteryIce1_1#1,"""เพิ่ม Damage ของ<br>Ice Techniques ขึ้น 12%"""
item_MasteryIce1_2#1,"""เพิ่ม Damage ของ<br>Ice Techniques ขึ้น 14%"""
item_MasteryIce1_3#1,"""เพิ่ม Damage ของ<br>Ice Techniques ขึ้น 16%"""
item_MasteryIce1_4#1,"""เพิ่ม Damage ของ<br>Ice Techniques ขึ้น 18%"""
item_MasteryIce1_5#1,"""เพิ่ม Damage ของ<br>Ice Techniques ขึ้น 20%"""
item_MasteryIce2_1#1,"""เพิ่ม Damage ของ<br>Ice Techniques ขึ้น 12%"""
item_MasteryIce2_2#1,"""เพิ่ม Damage ของ<br>Ice Techniques ขึ้น 16%"""
item_MasteryIce2_3#1,"""เพิ่ม Damage ของ<br>Ice Techniques ขึ้น 20%"""
item_MasteryIce2_4#1,"""เพิ่ม Damage ของ<br>Ice Techniques ขึ้น 24%"""
item_MasteryIce2_5#1,"""เพิ่ม Damage ของ<br>Ice Techniques ขึ้น 28%"""
item_MasteryIce3_1#1,"""เพิ่ม Damage ของ<br>Ice Techniques ขึ้น 12%"""
item_MasteryIce3_2#1,"""เพิ่ม Damage ของ<br>Ice Techniques ขึ้น 16%"""
item_MasteryIce3_3#1,"""เพิ่ม Damage ของ<br>Ice Techniques ขึ้น 20%"""
item_MasteryIce3_4#1,"""เพิ่ม Damage ของ<br>Ice Techniques ขึ้น 24%"""
item_MasteryIce3_5#1,"""เพิ่ม Damage ของ<br>Ice Techniques ขึ้น 28%"""
item_FreezeBoost_1#1,"""เพิ่ม Freeze Rate<br>ของ Techniques ขึ้น 6%"""
item_FreezeBoost_2#1,"""เพิ่ม Freeze Rate<br>ของ Techniques ขึ้น 7%"""
item_FreezeBoost_3#1,"""เพิ่ม Freeze Rate<br>ของ Techniques ขึ้น 8%"""
item_FreezeBoost_4#1,"""เพิ่ม Freeze Rate<br>ของ Techniques ขึ้น 9%"""
item_FreezeBoost_5#1,"""เพิ่ม Freeze Rate<br>ของ Techniques ขึ้น 10%"""
item_MasteryLightning1_1#1,"""เพิ่ม Damage ของ<br>Lightning Techniques<br>ขึ้น 12%"""
item_MasteryLightning1_2#1,"""เพิ่ม Damage ของ<br>Lightning Techniques<br>ขึ้น 14%"""
item_MasteryLightning1_3#1,"""เพิ่ม Damage ของ<br>Lightning Techniques<br>ขึ้น 16%"""
item_MasteryLightning1_4#1,"""เพิ่ม Damage ของ<br>Lightning Techniques<br>ขึ้น 18%"""
item_MasteryLightning1_5#1,"""เพิ่ม Damage ของ<br>Lightning Techniques<br>ขึ้น 20%"""
item_MasteryLightning2_1#1,"""เพิ่ม Damage ของ<br>Lightning Techniques<br>ขึ้น 12%"""
item_MasteryLightning2_2#1,"""เพิ่ม Damage ของ<br>Lightning Techniques<br>ขึ้น 16%"""
item_MasteryLightning2_3#1,"""เพิ่ม Damage ของ<br>Lightning Techniques<br>ขึ้น 20%"""
item_MasteryLightning2_4#1,"""เพิ่ม Damage ของ<br>Lightning Techniques<br>ขึ้น 24%"""
item_MasteryLightning2_5#1,"""เพิ่ม Damage ของ<br>Lightning Techniques<br>ขึ้น 28%"""
item_ShockBoost_1#1,"""เพิ่ม Shock Rate<br>ของ Techniques ขึ้น 6%"""
item_ShockBoost_2#1,"""เพิ่ม Shock Rate<br>ของ Techniques ขึ้น 7%"""
item_ShockBoost_3#1,"""เพิ่ม Shock Rate<br>ของ Techniques ขึ้น 8%"""
item_ShockBoost_4#1,"""เพิ่ม Shock Rate<br>ของ Techniques ขึ้น 9%"""
item_ShockBoost_5#1,"""เพิ่ม Shock Rate<br>ของ Techniques ขึ้น 10%"""
item_ElementalWeakPoint_1#1,"""เพิ่ม Damage 10%<br>เมื่อโจมตีเข้า<br>Elemental Weak Point"""
item_ElementalWeakPoint_2#1,"""เพิ่ม Damage 12%<br>เมื่อโจมตีเข้า<br>Elemental Weak Point"""
item_ElementalWeakPoint_3#1,"""เพิ่ม Damage 14%<br>เมื่อโจมตีเข้า<br>Elemental Weak Point"""
item_ElementalWeakPoint_4#1,"""เพิ่ม Damage 16%<br>เมื่อโจมตีเข้า<br>Elemental Weak Point"""
item_ElementalWeakPoint_5#1,"""เพิ่ม Damage 20%<br>เมื่อโจมตีเข้า<br>Elemental Weak Point"""
item_ElementalWeakPoint2_1#1,"""เพิ่ม Damage 6%<br>เมื่อโจมตีเข้า<br>Elemental Weak Point"""
item_ElementalWeakPoint2_2#1,"""เพิ่ม Damage 7%<br>เมื่อโจมตีเข้า<br>Elemental Weak Point"""
item_ElementalWeakPoint2_3#1,"""เพิ่ม Damage 8%<br>เมื่อโจมตีเข้า<br>Elemental Weak Point"""
item_ElementalWeakPoint2_4#1,"""เพิ่ม Damage 9%<br>เมื่อโจมตีเข้า<br>Elemental Weak Point"""
item_ElementalWeakPoint2_5#1,"""เพิ่ม Damage 10%<br>เมื่อโจมตีเข้า<br>Elemental Weak Point"""
item_ElementalWeakPoint3_1#1,"""เพิ่ม Damage 5%<br>เมื่อโจมตีเข้า<br>Elemental Weak Point"""
item_ElementalWeakPoint3_2#1,"""เพิ่ม Damage 7%<br>เมื่อโจมตีเข้า<br>Elemental Weak Point"""
item_ElementalWeakPoint3_3#1,"""เพิ่ม Damage 10%<br>เมื่อโจมตีเข้า<br>Elemental Weak Point"""
item_ElementalWeakPoint3_4#1,"""เพิ่ม Damage 14%<br>เมื่อโจมตีเข้า<br>Elemental Weak Point"""
item_ElementalWeakPoint3_5#1,"""เพิ่ม Damage 19%<br>เมื่อโจมตีเข้า<br>Elemental Weak Point"""
item_PPRestraint_1#1,"""เพิ่ม PP Recovery<br>Speed ขึ้น 10%"""
item_PPRestraint_2#1,"""เพิ่ม PP Recovery<br>Speed ขึ้น 13%"""
item_PPRestraint_3#1,"""เพิ่ม PP Recovery<br>Speed ขึ้น 16%"""
item_PPRestraint_4#1,"""เพิ่ม PP Recovery<br>Speed ขึ้น 19%"""
item_PPRestraint_5#1,"""เพิ่ม PP Recovery<br>Speed ขึ้น 21%"""
item_MasteryLight1_1#1,"""เพิ่ม Damage ของ Light<br>Techniques ขึ้น 12%"""
item_MasteryLight1_2#1,"""เพิ่ม Damage ของ Light<br>Techniques ขึ้น 14%"""
item_MasteryLight1_3#1,"""เพิ่ม Damage ของ Light<br>Techniques ขึ้น 16%"""
item_MasteryLight1_4#1,"""เพิ่ม Damage ของ Light<br>Techniques ขึ้น 18%"""
item_MasteryLight1_5#1,"""เพิ่ม Damage ของ Light<br>Techniques ขึ้น 20%"""
item_MasteryLight2_1#1,"""เพิ่ม Damage ของ Light<br>Techniques ขึ้น 12%"""
item_MasteryLight2_2#1,"""เพิ่ม Damage ของ Light<br>Techniques ขึ้น 16%"""
item_MasteryLight2_3#1,"""เพิ่ม Damage ของ Light<br>Techniques ขึ้น 20%"""
item_MasteryLight2_4#1,"""เพิ่ม Damage ของ Light<br>Techniques ขึ้น 24%"""
item_MasteryLight2_5#1,"""เพิ่ม Damage ของ Light<br>Techniques ขึ้น 28%"""
item_RestaAdvance_1#1,"""เพิ่มประสิทธิภาพ<br>ของ Resta"""
item_RestaAdvance_2#1,"""เพิ่มประสิทธิภาพ<br>ของ Resta"""
item_RestaAdvance_3#1,"""เพิ่มประสิทธิภาพ<br>ของ Resta"""
item_RestaAdvance_4#1,"""เพิ่มประสิทธิภาพ<br>ของ Resta"""
item_RestaAdvance_5#1,"""เพิ่มประสิทธิภาพ<br>ของ Resta"""
item_MasteryDark1_1#1,"""เพิ่ม Damage ของ Dark<br>Techniques ขึ้น 12%"""
item_MasteryDark1_2#1,"""เพิ่ม Damage ของ Dark<br>Techniques ขึ้น 14%"""
item_MasteryDark1_3#1,"""เพิ่ม Damage ของ Dark<br>Techniques ขึ้น 16%"""
item_MasteryDark1_4#1,"""เพิ่ม Damage ของ Dark<br>Techniques ขึ้น 18%"""
item_MasteryDark1_5#1,"""เพิ่ม Damage ของ Dark<br>Techniques ขึ้น 20%"""
item_MasteryDark2_1#1,"""เพิ่ม Damage ของ Dark<br>Techniques ขึ้น 12%"""
item_MasteryDark2_2#1,"""เพิ่ม Damage ของ Dark<br>Techniques ขึ้น 16%"""
item_MasteryDark2_3#1,"""เพิ่ม Damage ของ Dark<br>Techniques ขึ้น 20%"""
item_MasteryDark2_4#1,"""เพิ่ม Damage ของ Dark<br>Techniques ขึ้น 20%"""
item_MasteryDark2_5#1,"""เพิ่ม Damage ของ Dark<br>Techniques ขึ้น 20%"""
item_MasteryWind1_1#1,"""เพิ่ม Damage ของ Wind<br>Techniques ขึ้น 12%"""
item_MasteryWind1_2#1,"""เพิ่ม Damage ของ Wind<br>Techniques ขึ้น 14%"""
item_MasteryWind1_3#1,"""เพิ่ม Damage ของ Wind<br>Techniques ขึ้น 16%"""
item_MasteryWind1_4#1,"""เพิ่ม Damage ของ Wind<br>Techniques ขึ้น 18%"""
item_MasteryWind1_5#1,"""เพิ่ม Damage ของ Wind<br>Techniques ขึ้น 20%"""
item_MasteryWind2_1#1,"""เพิ่ม Damage ของ Wind<br>Techniques ขึ้น 12%"""
item_MasteryWind2_2#1,"""เพิ่ม Damage ของ Wind<br>Techniques ขึ้น 16%"""
item_MasteryWind2_3#1,"""เพิ่ม Damage ของ Wind<br>Techniques ขึ้น 20%"""
item_MasteryWind2_4#1,"""เพิ่ม Damage ของ Wind<br>Techniques ขึ้น 24%"""
item_MasteryWind2_5#1,"""เพิ่ม Damage ของ Wind<br>Techniques ขึ้น 28%"""
item_MasteryWind3_1#1,"""เพิ่ม Damage ของ Wind<br>Techniques ขึ้น 12%"""
item_MasteryWind3_2#1,"""เพิ่ม Damage ของ Wind<br>Techniques ขึ้น 16%"""
item_MasteryWind3_3#1,"""เพิ่ม Damage ของ Wind<br>Techniques ขึ้น 20%"""
item_MasteryWind3_4#1,"""เพิ่ม Damage ของ Wind<br>Techniques ขึ้น 24%"""
item_MasteryWind3_5#1,"""เพิ่ม Damage ของ Wind<br>Techniques ขึ้น 28%"""
item_BreakStanceUp_1#1,"""เพิ่มประสิทธิภาพของ<br>Break Stance"""
item_BreakStanceUp_2#1,"""เพิ่มประสิทธิภาพของ<br>Break Stance"""
item_BreakStanceUp_3#1,"""เพิ่มประสิทธิภาพของ<br>Break Stance"""
item_BreakStanceUp_4#1,"""เพิ่มประสิทธิภาพของ<br>Break Stance"""
item_BreakStanceUp_5#1,"""เพิ่มประสิทธิภาพของ<br>Break Stance"""
item_BreakStanceUp2_1#1,"""เพิ่มประสิทธิภาพของ<br>Break Stance อย่างมาก"""
item_BreakStanceUp2_2#1,"""เพิ่มประสิทธิภาพของ<br>Break Stance อย่างมาก"""
item_BreakStanceUp2_3#1,"""เพิ่มประสิทธิภาพของ<br>Break Stance อย่างมาก"""
item_BreakStanceUp2_4#1,"""เพิ่มประสิทธิภาพของ<br>Break Stance อย่างมาก"""
item_BreakStanceUp2_5#1,"""เพิ่มประสิทธิภาพของ<br>Break Stance อย่างมาก"""
item_ElementalStanceUp_1#1,"""เพิ่มประสิทธิภาพของ<br>Element Stance"""
item_ElementalStanceUp_2#1,"""เพิ่มประสิทธิภาพของ<br>Element Stance"""
item_ElementalStanceUp_3#1,"""เพิ่มประสิทธิภาพของ<br>Element Stance"""
item_ElementalStanceUp_4#1,"""เพิ่มประสิทธิภาพของ<br>Element Stance"""
item_ElementalStanceUp_5#1,"""เพิ่มประสิทธิภาพของ<br>Element Stance"""
item_ElementalStanceUp2_1#1,"""เพิ่มประสิทธิภาพของ<br>Element Stance อย่างมาก"""
item_ElementalStanceUp2_2#1,"""เพิ่มประสิทธิภาพของ<br>Element Stance อย่างมาก"""
item_ElementalStanceUp2_3#1,"""เพิ่มประสิทธิภาพของ<br>Element Stance อย่างมาก"""
item_ElementalStanceUp2_4#1,"""เพิ่มประสิทธิภาพของ<br>Element Stance อย่างมาก"""
item_ElementalStanceUp2_5#1,"""เพิ่มประสิทธิภาพของ<br>Element Stance อย่างมาก"""
item_ElementalStanceUp3_1#1,"""เพิ่มประสิทธิภาพของ<br>Element Stance อย่างมาก"""
item_ElementalStanceUp3_2#1,"""เพิ่มประสิทธิภาพของ<br>Element Stance อย่างมาก"""
item_ElementalStanceUp3_3#1,"""เพิ่มประสิทธิภาพของ<br>Element Stance อย่างมาก"""
item_ElementalStanceUp3_4#1,"""เพิ่มประสิทธิภาพของ<br>Element Stance อย่างมาก"""
item_ElementalStanceUp3_5#1,"""เพิ่มประสิทธิภาพของ<br>Element Stance อย่างมาก"""
item_PhotonblastEnhancement_1#1,"""เพิ่ม Damage ของ<br>Photon Blasts"""
item_PhotonblastEnhancement_2#1,"""เพิ่ม Damage ของ<br>Photon Blasts"""
item_PhotonblastEnhancement_3#1,"""เพิ่ม Damage ของ<br>Photon Blasts"""
item_PhotonblastEnhancement_4#1,"""เพิ่ม Damage ของ<br>Photon Blasts"""
item_PhotonblastEnhancement_5#1,"""เพิ่ม Damage ของ<br>Photon Blasts"""
item_CriticalUp_1#0,"""เพิ่ม Critical Hit<br>Rate ขึ้น 6%"""
item_CriticalUp_2#0,"""เพิ่ม Critical Hit<br>Rate ขึ้น 7%"""
item_CriticalUp_3#0,"""เพิ่ม Critical Hit<br>Rate ขึ้น 8%"""
item_CriticalUp_4#0,"""เพิ่ม Critical Hit<br>Rate ขึ้น 9%"""
item_CriticalUp_5#0,"""เพิ่ม Critical Hit<br>Rate ขึ้น 10%"""
item_PADamageUp1_1#1,"""เพิ่ม PA Damage<br>ขึ้น 2%"""
item_PADamageUp1_2#1,"""เพิ่ม PA Damage<br>ขึ้น 3%"""
item_PADamageUp1_3#1,"""เพิ่ม PA Damage<br>ขึ้น 4%"""
item_PADamageUp1_4#1,"""เพิ่ม PA Damage<br>ขึ้น 5%"""
item_PADamageUp1_5#1,"""เพิ่ม PA Damage<br>ขึ้น 6%"""
item_ReducingDamageToHp1_1#1,"""ฟื้นฟู HP เท่ากับ 0.3% ของ<br>Damage ที่ทำได้<br>(สูงสุด: 50)"""
item_ReducingDamageToHp1_2#1,"""ฟื้นฟู HP เท่ากับ 0.4% ของ<br>Damage ที่ทำได้<br>สูงสุด: 50"""
item_ReducingDamageToHp1_3#1,"""ฟื้นฟู HP เท่ากับ 0.5% ของ<br>Damage ที่ทำได้<br>สูงสุด: 50"""
item_ReducingDamageToHp1_4#1,"""ฟื้นฟู HP เท่ากับ 6% ของ<br>Damage ที่ทำได้"""
item_ReducingDamageToHp1_5#1,"""ฟื้นฟู HP เท่ากับ 7% ของ<br>Damage ที่ทำได้"""
item_ReducingDamageToHp2_1#1,"""ฟื้นฟู HP เท่ากับ 4% ของ<br>Damage ที่ทำได้"""
item_ReducingDamageToHp2_2#1,"""ฟื้นฟู HP เท่ากับ 5% ของ<br>Damage ที่ทำได้"""
item_ReducingDamageToHp2_3#1,"""ฟื้นฟู HP เท่ากับ 6% ของ<br>Damage ที่ทำได้"""
item_ReducingDamageToHp2_4#1,"""ฟื้นฟู HP เท่ากับ 7% ของ<br>Damage ที่ทำได้"""
item_ReducingDamageToHp2_5#1,"""ฟื้นฟู HP เท่ากับ 8% ของ<br>Damage ที่ทำได้"""
item_ReducingDamageToHp3_1#1,"""ฟื้นฟู HP เท่ากับ 0.4% ของ<br>Damage ที่ทำได้<br>สูงสุด: 30"""
item_ReducingDamageToHp3_2#1,"""ฟื้นฟู HP เท่ากับ 0.6% ของ<br>Damage ที่ทำได้<br>สูงสุด: 30"""
item_ReducingDamageToHp3_3#1,"""ฟื้นฟู HP เท่ากับ 1% ของ<br>Damage ที่ทำได้<br>สูงสุด: 30"""
item_ReducingDamageToHp3_4#1,"""ฟื้นฟู HP เท่ากับ 1.2% ของ<br>Damage ที่ทำได้<br>สูงสุด: 30"""
item_ReducingDamageToHp3_5#1,"""ฟื้นฟู HP เท่ากับ 1.6% ของ<br>Damage ที่ทำได้<br>สูงสุด: 30"""
item_PPUsageDown_1#1,"""ลดการใช้ PP<br>ลง 17%"""
item_PPUsageDown_2#1,"""ลดการใช้ PP<br>ลง 19%"""
item_PPUsageDown_3#1,"""ลดการใช้ PP<br>ลง 21%"""
item_PPUsageDown_4#1,"""ลดการใช้ PP<br>ลง 23%"""
item_PPUsageDown_5#1,"""ลดการใช้ PP<br>ลง 25%"""
item_PPUsageDown2_1#1,"""ลดการใช้ PP<br>ลง 8%"""
item_PPUsageDown2_2#1,"""ลดการใช้ PP<br>ลง 11%"""
item_PPUsageDown2_3#1,"""ลดการใช้ PP<br>ลง 14%"""
item_PPUsageDown2_4#1,"""ลดการใช้ PP<br>ลง 17%"""
item_PPUsageDown2_5#1,"""ลดการใช้ PP<br>ลง 20%"""
item_PBGageRizeUp1_1#1,"""เพิ่มอัตราการเติม<br>PB Gauge ขึ้น 20%"""
item_PBGageRizeUp1_2#1,"""เพิ่มอัตราการเติม<br>PB Gauge ขึ้น 30%"""
item_PBGageRizeUp1_3#1,"""เพิ่มอัตราการเติม<br>PB Gauge ขึ้น 50%"""
item_PBGageRizeUp1_4#1,"""เพิ่มอัตราการเติม<br>PB Gauge ขึ้น 60%"""
item_PBGageRizeUp1_5#1,"""เพิ่มอัตราการเติม<br>PB Gauge ขึ้น 70%"""
item_DropEnchantUp1_1#1,"""เพิ่มโอกาสที่ไอเทม<br>จะดรอปพร้อมกับ<br>Special Abilities"""
item_DropEnchantUp1_2#1,"""เพิ่มโอกาสที่ไอเทม<br>จะดรอปพร้อมกับ<br>Special Abilities"""
item_DropEnchantUp1_3#1,"""เพิ่มโอกาสที่ไอเทม<br>จะดรอปพร้อมกับ<br>Special Abilities"""
item_DropEnchantUp1_4#1,"""เพิ่มโอกาสที่ไอเทม<br>จะดรอปพร้อมกับ<br>Special Abilities"""
item_DropEnchantUp1_5#1,"""เพิ่มโอกาสที่ไอเทม<br>จะดรอปพร้อมกับ<br>Special Abilities"""
item_DropUnidentifiedUp_1#1,"""เพิ่มโอกาสที่<br>Rare Weapons จะดรอป<br>แบบยังไม่ได้ประเมิน"""
item_DropUnidentifiedUp_2#1,"""เพิ่มโอกาสที่<br>Rare Weapons จะดรอป<br>แบบยังไม่ได้ประเมิน"""
item_DropUnidentifiedUp_3#1,"""เพิ่มโอกาสที่<br>Rare Weapons จะดรอป<br>แบบยังไม่ได้ประเมิน"""
item_DropUnidentifiedUp_4#1,"""เพิ่มโอกาสที่<br>Rare Weapons จะดรอป<br>แบบยังไม่ได้ประเมิน"""
item_DropUnidentifiedUp_5#1,"""เพิ่มโอกาสที่<br>Rare Weapons จะดรอป<br>แบบยังไม่ได้ประเมิน"""
item_ReduceKnockBackUp_1#1,"""มีโอกาส 40% ที่จะป้องกัน<br>Knockback และฟื้นฟู<br>HP"""
item_ReduceKnockBackUp_2#1,"""มีโอกาส 45% ที่จะป้องกัน<br>Knockback และฟื้นฟู<br>HP"""
item_ReduceKnockBackUp_3#1,"""มีโอกาส 50% ที่จะป้องกัน<br>Knockback และฟื้นฟู<br>HP"""
item_ReduceKnockBackUp_4#1,"""มีโอกาส 55% ที่จะป้องกัน<br>Knockback และฟื้นฟู<br>HP"""
item_ReduceKnockBackUp_5#1,"""มีโอกาส 60% ที่จะป้องกัน<br>Knockback และฟื้นฟู<br>HP"""
item_DamageZeroUp_1#1,"""มีโอกาสคงที่ที่จะ<br>ลบล้าง Damage"""
item_DamageZeroUp_2#1,"""มีโอกาสคงที่ที่จะ<br>ลบล้าง Damage"""
item_DamageZeroUp_3#1,"""มีโอกาสคงที่ที่จะ<br>ลบล้าง Damage"""
item_DamageZeroUp_4#1,"""มีโอกาสคงที่ที่จะ<br>ลบล้าง Damage"""
item_DamageZeroUp_5#1,"""มีโอกาสคงที่ที่จะ<br>ลบล้าง Damage"""
item_ItemHealUp1_1#1,"""เพิ่มประสิทธิภาพของ<br>Recovery Items ขึ้น 12%"""
item_ItemHealUp1_2#1,"""เพิ่มประสิทธิภาพของ<br>Recovery Items ขึ้น 16%"""
item_ItemHealUp1_3#1,"""เพิ่มประสิทธิภาพของ<br>Recovery Items ขึ้น 20%"""
item_ItemHealUp1_4#1,"""เพิ่มประสิทธิภาพของ<br>Recovery Items ขึ้น 25%"""
item_ItemHealUp1_5#1,"""เพิ่มประสิทธิภาพของ<br>Recovery Items ขึ้น 30%"""
item_AttackHateUp1_1#1,"""เพิ่มอัตราการสะสม<br>Hate จากศัตรู"""
item_AttackHateUp1_2#1,"""เพิ่มอัตราการสะสม<br>Hate จากศัตรู"""
item_AttackHateUp1_3#1,"""เพิ่มอัตราการสะสม<br>Hate จากศัตรู"""
item_AttackHateUp1_4#1,"""เพิ่มอัตราการสะสม<br>Hate จากศัตรู"""
item_AttackHateUp1_5#1,"""เพิ่มอัตราการสะสม<br>Hate จากศัตรู"""
item_AttackHateDown1_1#1,"""ลดอัตราการสะสม<br>Hate จากศัตรู"""
item_AttackHateDown1_2#1,"""ลดอัตราการสะสม<br>Hate จากศัตรู"""
item_AttackHateDown1_3#1,"""ลดอัตราการสะสม<br>Hate จากศัตรู"""
item_AttackHateDown1_4#1,"""ลดอัตราการสะสม<br>Hate จากศัตรู"""
item_AttackHateDown1_5#1,"""ลดอัตราการสะสม<br>Hate จากศัตรู"""
item_DamageBonusDarker_1#1,"""เพิ่ม Damage ที่ทำกับ<br>Darkers ขึ้น 7%"""
item_DamageBonusDarker_2#1,"""เพิ่ม Damage ที่ทำกับ<br>Darkers ขึ้น 10%"""
item_DamageBonusDarker_3#1,"""เพิ่ม Damage ที่ทำกับ<br>Darkers ขึ้น 13%"""
item_DamageBonusDarker_4#1,"""เพิ่ม Damage ที่ทำกับ<br>Darkers ขึ้น 16%"""
item_DamageBonusDarker_5#1,"""เพิ่ม Damage ที่ทำกับ<br>Darkers ขึ้น 19%"""
item_DamageBonusNative_1#1,"""เพิ่ม Damage ที่ทำกับ<br>Natives ขึ้น 10%"""
item_DamageBonusNative_2#1,"""เพิ่ม Damage ที่ทำกับ<br>Natives ขึ้น 15%"""
item_DamageBonusNative_3#1,"""เพิ่ม Damage ที่ทำกับ<br>Natives ขึ้น 20%"""
item_DamageBonusNative_4#1,"""เพิ่ม Damage ที่ทำกับ<br>Natives ขึ้น 25%"""
item_DamageBonusNative_5#1,"""เพิ่ม Damage ที่ทำกับ<br>Natives ขึ้น 30%"""
item_DamageBonusMachine_1#1,"""เพิ่ม Damage ที่ทำกับ<br>Mechs ขึ้น 10%"""
item_DamageBonusMachine_2#1,"""เพิ่ม Damage ที่ทำกับ<br>Mechs ขึ้น 15%"""
item_DamageBonusMachine_3#1,"""เพิ่ม Damage ที่ทำกับ<br>Mechs ขึ้น 20%"""
item_DamageBonusMachine_4#1,"""เพิ่ม Damage ที่ทำกับ<br>Mechs ขึ้น 25%"""
item_DamageBonusMachine_5#1,"""เพิ่ม Damage ที่ทำกับ<br>Mechs ขึ้น 30%"""
item_DamageBonusDragon_1#1,"""เพิ่ม Damage ที่ทำกับ<br>Dragonkin ขึ้น 10%"""
item_DamageBonusDragon_2#1,"""เพิ่ม Damage ที่ทำกับ<br>Dragonkin ขึ้น 15%"""
item_DamageBonusDragon_3#1,"""เพิ่ม Damage ที่ทำกับ<br>Dragonkin ขึ้น 20%"""
item_DamageBonusDragon_4#1,"""เพิ่ม Damage ที่ทำกับ<br>Dragonkin ขึ้น 25%"""
item_DamageBonusDragon_5#1,"""เพิ่ม Damage ที่ทำกับ<br>Dragonkin ขึ้น 30%"""
item_DamageBonusChimera_1#1,"""เพิ่ม Damage ที่ทำกับ<br>Oceanids ขึ้น 10%"""
item_DamageBonusChimera_2#1,"""เพิ่ม Damage ที่ทำกับ<br>Oceanids ขึ้น 15%"""
item_DamageBonusChimera_3#1,"""เพิ่ม Damage ที่ทำกับ<br>Oceanids ขึ้น 20%"""
item_DamageBonusChimera_4#1,"""เพิ่ม Damage ที่ทำกับ<br>Oceanids ขึ้น 25%"""
item_DamageBonusChimera_5#1,"""เพิ่ม Damage ที่ทำกับ<br>Oceanids ขึ้น 30%"""
item_DamageBonusTitanBlack_1#1,"""เพิ่ม Damage ที่ทำกับ<br>Kuronites ขึ้น 10%"""
item_DamageBonusTitanBlack_2#1,"""เพิ่ม Damage ที่ทำกับ<br>Kuronites ขึ้น 15%"""
item_DamageBonusTitanBlack_3#1,"""เพิ่ม Damage ที่ทำกับ<br>Kuronites ขึ้น 20%"""
item_DamageBonusTitanBlack_4#1,"""เพิ่ม Damage ที่ทำกับ<br>Kuronites ขึ้น 25%"""
item_DamageBonusTitanBlack_5#1,"""เพิ่ม Damage ที่ทำกับ<br>Kuronites ขึ้น 30%"""
item_DamageCutDarker_1#1,"""ลดความเสียหายที่ได้รับ<br>จาก Darkers ลง 30%"""
item_DamageCutDarker_2#1,"""ลดความเสียหายที่ได้รับ<br>จาก Darkers ลง 35%"""
item_DamageCutDarker_3#1,"""ลดความเสียหายที่ได้รับ<br>จาก Darkers ลง 40%"""
item_DamageCutDarker_4#1,"""ลดความเสียหายที่ได้รับ<br>จาก Darkers ลง 45%"""
item_DamageCutDarker_5#1,"""ลดความเสียหายที่ได้รับ<br>จาก Darkers ลง 50%"""
item_DamageCutNative_1#1,"""คำอธิบาย Unset Potential_21"""
item_DamageCutNative_2#1,"""คำอธิบาย Unset Potential_22"""
item_DamageCutNative_3#1,"""คำอธิบาย Unset Potential_23"""
item_DamageCutNative_4#1,"""คำอธิบาย Unset Potential_24"""
item_DamageCutNative_5#1,"""คำอธิบาย Unset Potential_25"""
item_DamageCutMachine_1#1,"""คำอธิบาย Unset Potential_26"""
item_DamageCutMachine_2#1,"""คำอธิบาย Unset Potential_27"""
item_DamageCutMachine_3#1,"""คำอธิบาย Unset Potential_28"""
item_DamageCutMachine_4#1,"""คำอธิบาย Unset Potential_29"""
item_DamageCutMachine_5#1,"""คำอธิบาย Unset Potential_30"""
item_DamageCutDragon_1#1,"""ลดความเสียหายที่ได้รับ<br>จาก Dragonkin ลง 30%"""
item_DamageCutDragon_2#1,"""ลดความเสียหายที่ได้รับ<br>จาก Dragonkin ลง 35%"""
item_DamageCutDragon_3#1,"""ลดความเสียหายที่ได้รับ<br>จาก Dragonkin ลง 40%"""
item_DamageCutDragon_4#1,"""ลดความเสียหายที่ได้รับ<br>จาก Dragonkin ลง 45%"""
item_DamageCutDragon_5#1,"""ลดความเสียหายที่ได้รับ<br>จาก Dragonkin ลง 50%"""
item_DamageCutTitanBlack_1#1,"""ลดความเสียหายที่ได้รับ<br>จาก Kuronites ลง 30%"""
item_DamageCutTitanBlack_2#1,"""ลดความเสียหายที่ได้รับ<br>จาก Kuronites ลง 35%"""
item_DamageCutTitanBlack_3#1,"""ลดความเสียหายที่ได้รับ<br>จาก Kuronites ลง 40%"""
item_DamageCutTitanBlack_4#1,"""ลดความเสียหายที่ได้รับ<br>จาก Kuronites ลง 45%"""
item_DamageCutTitanBlack_5#1,"""ลดความเสียหายที่ได้รับ<br>จาก Kuronites ลง 50%"""
item_PADamageUpSwordPA1_1#1,"""เพิ่ม Damage ของ<br>Rising Edge"""
item_PADamageUpSwordPA1_2#1,"""เพิ่ม Damage ของ<br>Rising Edge"""
item_PADamageUpSwordPA1_3#1,"""เพิ่ม Damage ของ<br>Rising Edge"""
item_PADamageUpSwordPA1_4#1,"""เพิ่ม Damage ของ<br>Rising Edge"""
item_PADamageUpSwordPA1_5#1,"""เพิ่ม Damage ของ<br>Rising Edge"""
item_PPCutSwordPA1_1#1,"""คำอธิบาย Unset Potential_41"""
item_PPCutSwordPA1_2#1,"""คำอธิบาย Unset Potential_42"""
item_PPCutSwordPA1_3#1,"""คำอธิบาย Unset Potential_43"""
item_PPCutSwordPA1_4#1,"""คำอธิบาย Unset Potential_44"""
item_PPCutSwordPA1_5#1,"""คำอธิบาย Unset Potential_45"""
item_PADamageUpSwordPA2_1#1,"""เพิ่ม Damage ของ<br>Twister Fall"""
item_PADamageUpSwordPA2_2#1,"""เพิ่ม Damage ของ<br>Twister Fall"""
item_PADamageUpSwordPA2_3#1,"""เพิ่ม Damage ของ<br>Twister Fall"""
item_PADamageUpSwordPA2_4#1,"""เพิ่ม Damage ของ<br>Twister Fall"""
item_PADamageUpSwordPA2_5#1,"""เพิ่ม Damage ของ<br>Twister Fall"""
item_PPCutSwordPA2_1#1,"""คำอธิบาย Unset Potential_51"""
item_PPCutSwordPA2_2#1,"""คำอธิบาย Unset Potential_52"""
item_PPCutSwordPA2_3#1,"""คำอธิบาย Unset Potential_53"""
item_PPCutSwordPA2_4#1,"""คำอธิบาย Unset Potential_54"""
item_PPCutSwordPA2_5#1,"""คำอธิบาย Unset Potential_55"""
item_PADamageUpSwordPA3_1#1,"""เพิ่ม Damage ของ<br>Nova Strike"""
item_PADamageUpSwordPA3_2#1,"""เพิ่ม Damage ของ<br>Nova Strike"""
item_PADamageUpSwordPA3_3#1,"""เพิ่ม Damage ของ<br>Nova Strike"""
item_PADamageUpSwordPA3_4#1,"""เพิ่ม Damage ของ<br>Nova Strike"""
item_PADamageUpSwordPA3_5#1,"""เพิ่ม Damage ของ<br>Nova Strike"""
item_PPCutSwordPA3_1#1,"""คำอธิบาย Unset Potential_61"""
item_PPCutSwordPA3_2#1,"""คำอธิบาย Unset Potential_62"""
item_PPCutSwordPA3_3#1,"""คำอธิบาย Unset Potential_63"""
item_PPCutSwordPA3_4#1,"""คำอธิบาย Unset Potential_64"""
item_PPCutSwordPA3_5#1,"""คำอธิบาย Unset Potential_65"""
item_PADamageUpSwordPA4_1#1,"""เพิ่ม Damage ของ<br>Ride Slasher"""
item_PADamageUpSwordPA4_2#1,"""เพิ่ม Damage ของ<br>Ride Slasher"""
item_PADamageUpSwordPA4_3#1,"""เพิ่ม Damage ของ<br>Ride Slasher"""
item_PADamageUpSwordPA4_4#1,"""เพิ่ม Damage ของ<br>Ride Slasher"""
item_PADamageUpSwordPA4_5#1,"""เพิ่ม Damage ของ<br>Ride Slasher"""
item_PPCutSwordPA4_1#1,"""คำอธิบาย Unset Potential_71"""
item_PPCutSwordPA4_2#1,"""คำอธิบาย Unset Potential_72"""
item_PPCutSwordPA4_3#1,"""คำอธิบาย Unset Potential_73"""
item_PPCutSwordPA4_4#1,"""คำอธิบาย Unset Potential_74"""
item_PPCutSwordPA4_5#1,"""คำอธิบาย Unset Potential_75"""
item_PADamageUpSwordPA5_1#1,"""เพิ่ม Damage ของ<br>Over End"""
item_PADamageUpSwordPA5_2#1,"""เพิ่ม Damage ของ<br>Over End"""
item_PADamageUpSwordPA5_3#1,"""เพิ่ม Damage ของ<br>Over End"""
item_PADamageUpSwordPA5_4#1,"""เพิ่ม Damage ของ<br>Over End"""
item_PADamageUpSwordPA5_5#1,"""เพิ่ม Damage ของ<br>Over End"""
item_PPCutSwordPA5_1#1,"""คำอธิบาย Unset Potential_81"""
item_PPCutSwordPA5_2#1,"""คำอธิบาย Unset Potential_82"""
item_PPCutSwordPA5_3#1,"""คำอธิบาย Unset Potential_83"""
item_PPCutSwordPA5_4#1,"""คำอธิบาย Unset Potential_84"""
item_PPCutSwordPA5_5#1,"""คำอธิบาย Unset Potential_85"""
item_PADamageUpSwordPA6_1#1,"""เพิ่ม Damage ของ<br>Stun Concido"""
item_PADamageUpSwordPA6_2#1,"""เพิ่ม Damage ของ<br>Stun Concido"""
item_PADamageUpSwordPA6_3#1,"""เพิ่ม Damage ของ<br>Stun Concido"""
item_PADamageUpSwordPA6_4#1,"""เพิ่ม Damage ของ<br>Stun Concido"""
item_PADamageUpSwordPA6_5#1,"""เพิ่ม Damage ของ<br>Stun Concido"""
item_PPCutSwordPA6_1#1,"""คำอธิบาย Unset Potential_91"""
item_PPCutSwordPA6_2#1,"""คำอธิบาย Unset Potential_92"""
item_PPCutSwordPA6_3#1,"""คำอธิบาย Unset Potential_93"""
item_PPCutSwordPA6_4#1,"""คำอธิบาย Unset Potential_94"""
item_PPCutSwordPA6_5#1,"""คำอธิบาย Unset Potential_95"""
item_PADamageUpSwordPA7_1#1,"""เพิ่ม Damage ของ<br>Sonic Arrow"""
item_PADamageUpSwordPA7_2#1,"""เพิ่ม Damage ของ<br>Sonic Arrow"""
item_PADamageUpSwordPA7_3#1,"""เพิ่ม Damage ของ<br>Sonic Arrow"""
item_PADamageUpSwordPA7_4#1,"""เพิ่ม Damage ของ<br>Sonic Arrow"""
item_PADamageUpSwordPA7_5#1,"""เพิ่ม Damage ของ<br>Sonic Arrow"""
item_PPCutSwordPA7_1#1,"""เพิ่ม Damage ของ<br>Cruel Throw"""
item_PPCutSwordPA7_2#1,"""เพิ่ม Damage ของ<br>Cruel Throw"""
item_PPCutSwordPA7_3#1,"""เพิ่ม Damage ของ<br>Cruel Throw"""
item_PPCutSwordPA7_4#1,"""เพิ่ม Damage ของ<br>Cruel Throw"""
item_PPCutSwordPA7_5#1,"""เพิ่ม Damage ของ<br>Cruel Throw"""
item_PADamageUpSwordPA8_1#1,"""คำอธิบาย Unset Potential_106"""
item_PADamageUpSwordPA8_2#1,"""คำอธิบาย Unset Potential_107"""
item_PADamageUpSwordPA8_3#1,"""คำอธิบาย Unset Potential_108"""
item_PADamageUpSwordPA8_4#1,"""คำอธิบาย Unset Potential_109"""
item_PADamageUpSwordPA8_5#1,"""คำอธิบาย Unset Potential_110"""
item_PPCutSwordPA8_1#1,"""คำอธิบาย Unset Potential_111"""
item_PPCutSwordPA8_2#1,"""คำอธิบาย Unset Potential_112"""
item_PPCutSwordPA8_3#1,"""คำอธิบาย Unset Potential_113"""
item_PPCutSwordPA8_4#1,"""คำอธิบาย Unset Potential_114"""
item_PPCutSwordPA8_5#1,"""คำอธิบาย Unset Potential_115"""
item_PADamageUpSwordPA9_1#1,"""เพิ่ม Damage ของ<br>Guilty Break"""
item_PADamageUpSwordPA9_2#1,"""เพิ่ม Damage ของ<br>Guilty Break"""
item_PADamageUpSwordPA9_3#1,"""เพิ่ม Damage ของ<br>Guilty Break"""
item_PADamageUpSwordPA9_4#1,"""เพิ่ม Damage ของ<br>Guilty Break"""
item_PADamageUpSwordPA9_5#1,"""เพิ่ม Damage ของ<br>Guilty Break"""
item_PADamageUpSwordPA11_1#1,"""เพิ่ม Damage ของ<br>Ignition Parry"""
item_PADamageUpSwordPA11_2#1,"""เพิ่ม Damage ของ<br>Ignition Parry"""
item_PADamageUpSwordPA11_3#1,"""เพิ่ม Damage ของ<br>Ignition Parry"""
item_PADamageUpSwordPA11_4#1,"""เพิ่ม Damage ของ<br>Ignition Parry"""
item_PADamageUpSwordPA11_5#1,"""เพิ่ม Damage ของ<br>Ignition Parry"""
item_PADamageUpWlancePA3_1#1,"""เพิ่ม Damage ของ<br>Heavenly Fall"""
item_PADamageUpWlancePA3_2#1,"""เพิ่ม Damage ของ<br>Heavenly Fall"""
item_PADamageUpWlancePA3_3#1,"""เพิ่ม Damage ของ<br>Heavenly Fall"""
item_PADamageUpWlancePA3_4#1,"""เพิ่ม Damage ของ<br>Heavenly Fall"""
item_PADamageUpWlancePA3_5#1,"""เพิ่ม Damage ของ<br>Heavenly Fall"""
item_PADamageUpWlancePA4_1#1,"""เพิ่ม Damage ของ<br>Other Cyclone"""
item_PADamageUpWlancePA4_2#1,"""เพิ่ม Damage ของ<br>Other Cyclone"""
item_PADamageUpWlancePA4_3#1,"""เพิ่ม Damage ของ<br>Other Cyclone"""
item_PADamageUpWlancePA4_4#1,"""เพิ่ม Damage ของ<br>Other Cyclone"""
item_PADamageUpWlancePA4_5#1,"""เพิ่ม Damage ของ<br>Other Cyclone"""
item_PADamageUpWlancePA5_1#1,"""เพิ่ม Damage ของ<br>Other Spin"""
item_PADamageUpWlancePA5_2#1,"""เพิ่ม Damage ของ<br>Other Spin"""
item_PADamageUpWlancePA5_3#1,"""เพิ่ม Damage ของ<br>Other Spin"""
item_PADamageUpWlancePA5_4#1,"""เพิ่ม Damage ของ<br>Other Spin"""
item_PADamageUpWlancePA5_5#1,"""เพิ่ม Damage ของ<br>Other Spin"""
item_PADamageUpWlancePA6_1#1,"""เพิ่ม Damage ของ<br>Holding Current"""
item_PADamageUpWlancePA6_2#1,"""เพิ่ม Damage ของ<br>Holding Current"""
item_PADamageUpWlancePA6_3#1,"""เพิ่ม Damage ของ<br>Holding Current"""
item_PADamageUpWlancePA6_4#1,"""เพิ่ม Damage ของ<br>Holding Current"""
item_PADamageUpWlancePA6_5#1,"""เพิ่ม Damage ของ<br>Holding Current"""
item_PADamageUpWlancePA8_1#1,"""เพิ่ม Damage ของ<br>Cerberus Dance"""
item_PADamageUpWlancePA8_2#1,"""เพิ่ม Damage ของ<br>Cerberus Dance"""
item_PADamageUpWlancePA8_3#1,"""เพิ่ม Damage ของ<br>Cerberus Dance"""
item_PADamageUpWlancePA8_4#1,"""เพิ่ม Damage ของ<br>Cerberus Dance"""
item_PADamageUpWlancePA8_5#1,"""เพิ่ม Damage ของ<br>Cerberus Dance"""
item_PADamageUpWlancePA9_1#1,"""เพิ่ม Damage ของ<br>Wild Round"""
item_PADamageUpWlancePA9_2#1,"""เพิ่ม Damage ของ<br>Wild Round"""
item_PADamageUpWlancePA9_3#1,"""เพิ่ม Damage ของ<br>Wild Round"""
item_PADamageUpWlancePA9_4#1,"""เพิ่ม Damage ของ<br>Wild Round"""
item_PADamageUpWlancePA9_5#1,"""เพิ่ม Damage ของ<br>Wild Round"""
item_PADamageUpWlancePA10_1#1,"""เพิ่ม Damage ของ<br>Kaiser Rise"""
item_PADamageUpWlancePA10_2#1,"""เพิ่ม Damage ของ<br>Kaiser Rise"""
item_PADamageUpWlancePA10_3#1,"""เพิ่ม Damage ของ<br>Kaiser Rise"""
item_PADamageUpWlancePA10_4#1,"""เพิ่ม Damage ของ<br>Kaiser Rise"""
item_PADamageUpWlancePA10_5#1,"""เพิ่ม Damage ของ<br>Kaiser Rise"""
item_PADamageUpPartisanPA1_1#1,"""เพิ่ม Damage ของ<br>Slide Shaker"""
item_PADamageUpPartisanPA1_2#1,"""เพิ่ม Damage ของ<br>Slide Shaker"""
item_PADamageUpPartisanPA1_3#1,"""เพิ่ม Damage ของ<br>Slide Shaker"""
item_PADamageUpPartisanPA1_4#1,"""เพิ่ม Damage ของ<br>Slide Shaker"""
item_PADamageUpPartisanPA1_5#1,"""เพิ่ม Damage ของ<br>Slide Shaker"""
item_PADamageUpPartisanPA2_1#1,"""เพิ่ม Damage ของ<br>Speed Rain"""
item_PADamageUpPartisanPA2_2#1,"""เพิ่ม Damage ของ<br>Speed Rain"""
item_PADamageUpPartisanPA2_3#1,"""เพิ่ม Damage ของ<br>Speed Rain"""
item_PADamageUpPartisanPA2_4#1,"""เพิ่ม Damage ของ<br>Speed Rain"""
item_PADamageUpPartisanPA2_5#1,"""เพิ่ม Damage ของ<br>Speed Rain"""
item_PADamageUpPartisanPA3_1#1,"""เพิ่ม Damage ของ<br>Rising Flag"""
item_PADamageUpPartisanPA3_2#1,"""เพิ่ม Damage ของ<br>Rising Flag"""
item_PADamageUpPartisanPA3_3#1,"""เพิ่ม Damage ของ<br>Rising Flag"""
item_PADamageUpPartisanPA3_4#1,"""เพิ่ม Damage ของ<br>Rising Flag"""
item_PADamageUpPartisanPA3_5#1,"""เพิ่ม Damage ของ<br>Rising Flag"""
item_PADamageUpPartisanPA4_1#1,"""เพิ่ม Damage ของ<br>Zenith Throw"""
item_PADamageUpPartisanPA4_2#1,"""เพิ่ม Damage ของ<br>Zenith Throw"""
item_PADamageUpPartisanPA4_3#1,"""เพิ่ม Damage ของ<br>Zenith Throw"""
item_PADamageUpPartisanPA4_4#1,"""เพิ่ม Damage ของ<br>Zenith Throw"""
item_PADamageUpPartisanPA4_5#1,"""เพิ่ม Damage ของ<br>Zenith Throw"""
item_PADamageUpPartisanPA5_1#1,"""Unset Potential"""
item_PADamageUpPartisanPA5_2#1,"""Unset Potential"""
item_PADamageUpPartisanPA5_3#1,"""Unset Potential"""
item_PADamageUpPartisanPA5_4#1,"""Unset Potential"""
item_PADamageUpPartisanPA5_5#1,"""Unset Potential"""
item_PADamageUpPartisanPA6_1#1,"""เพิ่ม Damage ของ<br>Slide End"""
item_PADamageUpPartisanPA6_2#1,"""เพิ่ม Damage ของ<br>Slide End"""
item_PADamageUpPartisanPA6_3#1,"""เพิ่ม Damage ของ<br>Slide End"""
item_PADamageUpPartisanPA6_4#1,"""เพิ่ม Damage ของ<br>Slide End"""
item_PADamageUpPartisanPA6_5#1,"""เพิ่ม Damage ของ<br>Slide End"""
item_PADamageUpPartisanPA7_1#1,"""เพิ่ม Damage ของ<br>Assault Buster"""
item_PADamageUpPartisanPA7_2#1,"""เพิ่ม Damage ของ<br>Assault Buster"""
item_PADamageUpPartisanPA7_3#1,"""เพิ่ม Damage ของ<br>Assault Buster"""
item_PADamageUpPartisanPA7_4#1,"""เพิ่ม Damage ของ<br>Assault Buster"""
item_PADamageUpPartisanPA7_5#1,"""เพิ่ม Damage ของ<br>Assault Buster"""
item_PPCutPartisanPA7_1#1,"""ลดการใช้ PP ของ<br>Assault Buster"""
item_PPCutPartisanPA7_2#1,"""ลดการใช้ PP ของ<br>Assault Buster"""
item_PPCutPartisanPA7_3#1,"""ลดการใช้ PP ของ<br>Assault Buster"""
item_PPCutPartisanPA7_4#1,"""ลดการใช้ PP ของ<br>Assault Buster"""
item_PPCutPartisanPA7_5#1,"""ลดการใช้ PP ของ<br>Assault Buster"""
item_PADamageUpPartisanPA8_1#1,"""เพิ่ม Damage ของ<br>Bandersnatch"""
item_PADamageUpPartisanPA8_2#1,"""เพิ่ม Damage ของ<br>Bandersnatch"""
item_PADamageUpPartisanPA8_3#1,"""เพิ่ม Damage ของ<br>Bandersnatch"""
item_PADamageUpPartisanPA8_4#1,"""เพิ่ม Damage ของ<br>Bandersnatch"""
item_PADamageUpPartisanPA8_5#1,"""เพิ่ม Damage ของ<br>Bandersnatch"""
item_PADamageUpPartisanPA9_1#1,"""เพิ่ม Damage ของ<br>Sacred Skewer"""
item_PADamageUpPartisanPA9_2#1,"""เพิ่ม Damage ของ<br>Sacred Skewer"""
item_PADamageUpPartisanPA9_3#1,"""เพิ่ม Damage ของ<br>Sacred Skewer"""
item_PADamageUpPartisanPA9_4#1,"""เพิ่ม Damage ของ<br>Sacred Skewer"""
item_PADamageUpPartisanPA9_5#1,"""เพิ่ม Damage ของ<br>Sacred Skewer"""
item_PADamageUpTdaggerPA1_1#1,"""เพิ่ม Damage ของ<br>Raging Waltz"""
item_PADamageUpTdaggerPA1_2#1,"""เพิ่ม Damage ของ<br>Raging Waltz"""
item_PADamageUpTdaggerPA1_3#1,"""เพิ่ม Damage ของ<br>Raging Waltz"""
item_PADamageUpTdaggerPA1_4#1,"""เพิ่ม Damage ของ<br>Raging Waltz"""
item_PADamageUpTdaggerPA1_5#1,"""เพิ่ม Damage ของ<br>Raging Waltz"""
item_PPCutTdaggerPA1_1#1,"""ลดการใช้ PP ของ<br>Raging Waltz"""
item_PPCutTdaggerPA1_2#1,"""ลดการใช้ PP ของ<br>Raging Waltz"""
item_PPCutTdaggerPA1_3#1,"""ลดการใช้ PP ของ<br>Raging Waltz"""
item_PPCutTdaggerPA1_4#1,"""ลดการใช้ PP ของ<br>Raging Waltz"""
item_PPCutTdaggerPA1_5#1,"""ลดการใช้ PP ของ<br>Raging Waltz"""
item_PADamageUpTdaggerPA2_1#1,"""เพิ่ม Damage ของ<br>Shoot Polka"""
item_PADamageUpTdaggerPA2_2#1,"""เพิ่ม Damage ของ<br>Shoot Polka"""
item_PADamageUpTdaggerPA2_3#1,"""เพิ่ม Damage ของ<br>Shoot Polka"""
item_PADamageUpTdaggerPA2_4#1,"""เพิ่ม Damage ของ<br>Shoot Polka"""
item_PADamageUpTdaggerPA2_5#1,"""เพิ่ม Damage ของ<br>Shoot Polka"""
item_PADamageUpTdaggerPA3_1#1,"""เพิ่ม Damage ของ<br>Scar Fugue"""
item_PADamageUpTdaggerPA3_2#1,"""เพิ่ม Damage ของ<br>Scar Fugue"""
item_PADamageUpTdaggerPA3_3#1,"""เพิ่ม Damage ของ<br>Scar Fugue"""
item_PADamageUpTdaggerPA3_4#1,"""เพิ่ม Damage ของ<br>Scar Fugue"""
item_PADamageUpTdaggerPA3_5#1,"""เพิ่ม Damage ของ<br>Scar Fugue"""
item_PADamageUpTdaggerPA4_1#1,"""เพิ่ม Damage ของ<br>Wild Rhapsody"""
item_PADamageUpTdaggerPA4_2#1,"""เพิ่ม Damage ของ<br>Wild Rhapsody"""
item_PADamageUpTdaggerPA4_3#1,"""เพิ่ม Damage ของ<br>Wild Rhapsody"""
item_PADamageUpTdaggerPA4_4#1,"""เพิ่ม Damage ของ<br>Wild Rhapsody"""
item_PADamageUpTdaggerPA4_5#1,"""เพิ่ม Damage ของ<br>Wild Rhapsody"""
item_PADamageUpTdaggerPA5_1#1,"""เพิ่ม Damage ของ<br>Dark Scherzo"""
item_PADamageUpTdaggerPA5_2#1,"""เพิ่ม Damage ของ<br>Dark Scherzo"""
item_PADamageUpTdaggerPA5_3#1,"""เพิ่ม Damage ของ<br>Dark Scherzo"""
item_PADamageUpTdaggerPA5_4#1,"""เพิ่ม Damage ของ<br>Dark Scherzo"""
item_PADamageUpTdaggerPA5_5#1,"""เพิ่ม Damage ของ<br>Dark Scherzo"""
item_PADamageUpTdaggerPA7_1#1,"""เพิ่ม Damage ของ<br>Symphonic Drive"""
item_PADamageUpTdaggerPA7_2#1,"""เพิ่ม Damage ของ<br>Symphonic Drive"""
item_PADamageUpTdaggerPA7_3#1,"""เพิ่ม Damage ของ<br>Symphonic Drive"""
item_PADamageUpTdaggerPA7_4#1,"""เพิ่ม Damage ของ<br>Symphonic Drive"""
item_PADamageUpTdaggerPA7_5#1,"""เพิ่ม Damage ของ<br>Symphonic Drive"""
item_PADamageUpTdaggerPA8_1#1,"""เพิ่ม Damage ของ<br>Ooorchestraaa"""
item_PADamageUpTdaggerPA8_2#1,"""เพิ่ม Damage ของ<br>Ooorchestraaa"""
item_PADamageUpTdaggerPA8_3#1,"""เพิ่ม Damage ของ<br>Ooorchestraaa"""
item_PADamageUpTdaggerPA8_4#1,"""เพิ่ม Damage ของ<br>Ooorchestraaa"""
item_PADamageUpTdaggerPA8_5#1,"""เพิ่ม Damage ของ<br>Ooorchestraaa"""
item_PADamageUpTdaggerPA9_1#1,"""เพิ่ม Damage ของ<br>Bloody Sarabande"""
item_PADamageUpTdaggerPA9_2#1,"""เพิ่ม Damage ของ<br>Bloody Sarabande"""
item_PADamageUpTdaggerPA9_3#1,"""เพิ่ม Damage ของ<br>Bloody Sarabande"""
item_PADamageUpTdaggerPA9_4#1,"""เพิ่ม Damage ของ<br>Bloody Sarabande"""
item_PADamageUpTdaggerPA9_5#1,"""เพิ่ม Damage ของ<br>Bloody Sarabande"""
item_PADamageUpTdaggerPA10_1#1,"""เพิ่ม Damage ของ<br>Facet Folia"""
item_PADamageUpTdaggerPA10_2#1,"""เพิ่ม Damage ของ<br>Facet Folia"""
item_PADamageUpTdaggerPA10_3#1,"""เพิ่ม Damage ของ<br>Facet Folia"""
item_PADamageUpTdaggerPA10_4#1,"""เพิ่ม Damage ของ<br>Facet Folia"""
item_PADamageUpTdaggerPA10_5#1,"""เพิ่ม Damage ของ<br>Facet Folia"""
item_PADamageUpDsaberPA1_1#1,"""เพิ่ม Damage ของ<br>Tornado Dance"""
item_PADamageUpDsaberPA1_2#1,"""เพิ่ม Damage ของ<br>Tornado Dance"""
item_PADamageUpDsaberPA1_3#1,"""เพิ่ม Damage ของ<br>Tornado Dance"""
item_PADamageUpDsaberPA1_4#1,"""เพิ่ม Damage ของ<br>Tornado Dance"""
item_PADamageUpDsaberPA1_5#1,"""เพิ่ม Damage ของ<br>Tornado Dance"""
item_PADamageUpDsaberPA2_1#1,"""เพิ่ม Damage ของ<br>Scissor Edge"""
item_PADamageUpDsaberPA2_2#1,"""เพิ่ม Damage ของ<br>Scissor Edge"""
item_PADamageUpDsaberPA2_3#1,"""เพิ่ม Damage ของ<br>Scissor Edge"""
item_PADamageUpDsaberPA2_4#1,"""เพิ่ม Damage ของ<br>Scissor Edge"""
item_PADamageUpDsaberPA2_5#1,"""เพิ่ม Damage ของ<br>Scissor Edge"""
item_PADamageUpDsaberPA3_1#1,"""เพิ่ม Damage ของ<br>Rambling Moon"""
item_PADamageUpDsaberPA3_2#1,"""เพิ่ม Damage ของ<br>Rambling Moon"""
item_PADamageUpDsaberPA3_3#1,"""เพิ่ม Damage ของ<br>Rambling Moon"""
item_PADamageUpDsaberPA3_4#1,"""เพิ่ม Damage ของ<br>Rambling Moon"""
item_PADamageUpDsaberPA3_5#1,"""เพิ่ม Damage ของ<br>Rambling Moon"""
item_PADamageUpDsaberPA4_1#1,"""เพิ่ม Damage ของ<br>Illusion Rave"""
item_PADamageUpDsaberPA4_2#1,"""เพิ่ม Damage ของ<br>Illusion Rave"""
item_PADamageUpDsaberPA4_3#1,"""เพิ่ม Damage ของ<br>Illusion Rave"""
item_PADamageUpDsaberPA4_4#1,"""เพิ่ม Damage ของ<br>Illusion Rave"""
item_PADamageUpDsaberPA4_5#1,"""เพิ่ม Damage ของ<br>Illusion Rave"""
item_PADamageUpDsaberPA5_1#1,"""เพิ่ม Damage ของ<br>Fake Capture"""
item_PADamageUpDsaberPA5_2#1,"""เพิ่ม Damage ของ<br>Fake Capture"""
item_PADamageUpDsaberPA5_3#1,"""เพิ่ม Damage ของ<br>Fake Capture"""
item_PADamageUpDsaberPA5_4#1,"""เพิ่ม Damage ของ<br>Fake Capture"""
item_PADamageUpDsaberPA5_5#1,"""เพิ่ม Damage ของ<br>Fake Capture"""
item_PADamageUpDsaberPA6_1#1,"""เพิ่ม Damage ของ<br>Surprise Dunk"""
item_PADamageUpDsaberPA6_2#1,"""เพิ่ม Damage ของ<br>Surprise Dunk"""
item_PADamageUpDsaberPA6_3#1,"""เพิ่ม Damage ของ<br>Surprise Dunk"""
item_PADamageUpDsaberPA6_4#1,"""เพิ่ม Damage ของ<br>Surprise Dunk"""
item_PADamageUpDsaberPA6_5#1,"""เพิ่ม Damage ของ<br>Surprise Dunk"""
item_PADamageUpDsaberPA7_1#1,"""เพิ่ม Damage ของ<br>Deadly Archer"""
item_PADamageUpDsaberPA7_2#1,"""เพิ่ม Damage ของ<br>Deadly Archer"""
item_PADamageUpDsaberPA7_3#1,"""เพิ่ม Damage ของ<br>Deadly Archer"""
item_PADamageUpDsaberPA7_4#1,"""เพิ่ม Damage ของ<br>Deadly Archer"""
item_PADamageUpDsaberPA7_5#1,"""เพิ่ม Damage ของ<br>Deadly Archer"""
item_PADamageUpDsaberPA8_1#1,"""เพิ่ม Damage ของ<br>Acro Effect"""
item_PADamageUpDsaberPA8_2#1,"""เพิ่ม Damage ของ<br>Acro Effect"""
item_PADamageUpDsaberPA8_3#1,"""เพิ่ม Damage ของ<br>Acro Effect"""
item_PADamageUpDsaberPA8_4#1,"""เพิ่ม Damage ของ<br>Acro Effect"""
item_PADamageUpDsaberPA8_5#1,"""เพิ่ม Damage ของ<br>Acro Effect"""
item_PADamageUpKnucklePA3_1#1,"""เพิ่ม Damage ของ<br>Pendulum Roll"""
item_PADamageUpKnucklePA3_2#1,"""เพิ่ม Damage ของ<br>Pendulum Roll"""
item_PADamageUpKnucklePA3_3#1,"""เพิ่ม Damage ของ<br>Pendulum Roll"""
item_PADamageUpKnucklePA3_4#1,"""เพิ่ม Damage ของ<br>Pendulum Roll"""
item_PADamageUpKnucklePA3_5#1,"""เพิ่ม Damage ของ<br>Pendulum Roll"""
item_PADamageUpKnucklePA4_1#1,"""เพิ่ม Damage ของ<br>Slide Upper"""
item_PADamageUpKnucklePA4_2#1,"""เพิ่ม Damage ของ<br>Slide Upper"""
item_PADamageUpKnucklePA4_3#1,"""เพิ่ม Damage ของ<br>Slide Upper"""
item_PADamageUpKnucklePA4_4#1,"""เพิ่ม Damage ของ<br>Slide Upper"""
item_PADamageUpKnucklePA4_5#1,"""เพิ่ม Damage ของ<br>Slide Upper"""
item_PADamageUpKnucklePA5_1#1,"""เพิ่ม Damage ของ<br>Straight Charge"""
item_PADamageUpKnucklePA5_2#1,"""เพิ่ม Damage ของ<br>Straight Charge"""
item_PADamageUpKnucklePA5_3#1,"""เพิ่ม Damage ของ<br>Straight Charge"""
item_PADamageUpKnucklePA5_4#1,"""เพิ่ม Damage ของ<br>Straight Charge"""
item_PADamageUpKnucklePA5_5#1,"""เพิ่ม Damage ของ<br>Straight Charge"""
item_PADamageUpKnucklePA7_1#1,"""เพิ่ม Damage ของ<br>Surprise Knuckle"""
item_PADamageUpKnucklePA7_2#1,"""เพิ่ม Damage ของ<br>Surprise Knuckle"""
item_PADamageUpKnucklePA7_3#1,"""เพิ่ม Damage ของ<br>Surprise Knuckle"""
item_PADamageUpKnucklePA7_4#1,"""เพิ่ม Damage ของ<br>Surprise Knuckle"""
item_PADamageUpKnucklePA7_5#1,"""เพิ่ม Damage ของ<br>Surprise Knuckle"""
item_PADamageUpKnucklePA8_1#1,"""เพิ่ม Damage ของ<br>Flash Thousand"""
item_PADamageUpKnucklePA8_2#1,"""เพิ่ม Damage ของ<br>Flash Thousand"""
item_PADamageUpKnucklePA8_3#1,"""เพิ่ม Damage ของ<br>Flash Thousand"""
item_PADamageUpKnucklePA8_4#1,"""เพิ่ม Damage ของ<br>Flash Thousand"""
item_PADamageUpKnucklePA8_5#1,"""เพิ่ม Damage ของ<br>Flash Thousand"""
item_PADamageUpKnucklePA9_1#1,"""เพิ่ม Damage ของ<br>Backhand Smash"""
item_PADamageUpKnucklePA9_2#1,"""เพิ่ม Damage ของ<br>Backhand Smash"""
item_PADamageUpKnucklePA9_3#1,"""เพิ่ม Damage ของ<br>Backhand Smash"""
item_PADamageUpKnucklePA9_4#1,"""เพิ่ม Damage ของ<br>Backhand Smash"""
item_PADamageUpKnucklePA9_5#1,"""เพิ่ม Damage ของ<br>Backhand Smash"""
item_PADamageUpGunslashPA2_1#1,"""เพิ่ม Damage ของ<br>Rage Dance"""
item_PADamageUpGunslashPA2_2#1,"""เพิ่ม Damage ของ<br>Rage Dance"""
item_PADamageUpGunslashPA2_3#1,"""เพิ่ม Damage ของ<br>Rage Dance"""
item_PADamageUpGunslashPA2_4#1,"""เพิ่ม Damage ของ<br>Rage Dance"""
item_PADamageUpGunslashPA2_5#1,"""เพิ่ม Damage ของ<br>Rage Dance"""
item_PADamageUpGunslashPA6_1#1,"""เพิ่ม Damage ของ<br>Thrillsplosion"""
item_PADamageUpGunslashPA6_2#1,"""เพิ่ม Damage ของ<br>Thrillsplosion"""
item_PADamageUpGunslashPA6_3#1,"""เพิ่ม Damage ของ<br>Thrillsplosion"""
item_PADamageUpGunslashPA6_4#1,"""เพิ่ม Damage ของ<br>Thrillsplosion"""
item_PADamageUpGunslashPA6_5#1,"""เพิ่ม Damage ของ<br>Thrillsplosion"""
item_PADamageUpGunslashPA7_1#1,"""เพิ่ม Damage ของ<br>Slash Rave"""
item_PADamageUpGunslashPA7_2#1,"""เพิ่ม Damage ของ<br>Slash Rave"""
item_PADamageUpGunslashPA7_3#1,"""เพิ่ม Damage ของ<br>Slash Rave"""
item_PADamageUpGunslashPA7_4#1,"""เพิ่ม Damage ของ<br>Slash Rave"""
item_PADamageUpGunslashPA7_5#1,"""เพิ่ม Damage ของ<br>Slash Rave"""
item_PADamageUpGunslashPA8_1#1,"""เพิ่ม Damage ของ<br>Additional Bullet"""
item_PADamageUpGunslashPA8_2#1,"""เพิ่ม Damage ของ<br>Additional Bullet"""
item_PADamageUpGunslashPA8_3#1,"""เพิ่ม Damage ของ<br>Additional Bullet"""
item_PADamageUpGunslashPA8_4#1,"""เพิ่ม Damage ของ<br>Additional Bullet"""
item_PADamageUpGunslashPA8_5#1,"""เพิ่ม Damage ของ<br>Additional Bullet"""
item_PADamageUpRiflePA2_1#1,"""เพิ่ม Damage ของ<br>Grenade Shell"""
item_PADamageUpRiflePA2_2#1,"""เพิ่ม Damage ของ<br>Grenade Shell"""
item_PADamageUpRiflePA2_3#1,"""เพิ่ม Damage ของ<br>Grenade Shell"""
item_PADamageUpRiflePA2_4#1,"""เพิ่ม Damage ของ<br>Grenade Shell"""
item_PADamageUpRiflePA2_5#1,"""เพิ่ม Damage ของ<br>Grenade Shell"""
item_PADamageUpRiflePA3_1#1,"""เพิ่ม Damage ของ<br>One Point"""
item_PADamageUpRiflePA3_2#1,"""เพิ่ม Damage ของ<br>One Point"""
item_PADamageUpRiflePA3_3#1,"""เพิ่ม Damage ของ<br>One Point"""
item_PADamageUpRiflePA3_4#1,"""เพิ่ม Damage ของ<br>One Point"""
item_PADamageUpRiflePA3_5#1,"""เพิ่ม Damage ของ<br>One Point"""
item_PADamageUpRiflePA4_1#1,"""เพิ่ม Damage ของ<br>Diffuse Shell"""
item_PADamageUpRiflePA4_2#1,"""เพิ่ม Damage ของ<br>Diffuse Shell"""
item_PADamageUpRiflePA4_3#1,"""เพิ่ม Damage ของ<br>Diffuse Shell"""
item_PADamageUpRiflePA4_4#1,"""เพิ่ม Damage ของ<br>Diffuse Shell"""
item_PADamageUpRiflePA4_5#1,"""เพิ่ม Damage ของ<br>Diffuse Shell"""
item_PADamageUpRiflePA5_1#1,"""เพิ่ม Damage ของ<br>Homing Emission"""
item_PADamageUpRiflePA5_2#1,"""เพิ่ม Damage ของ<br>Homing Emission"""
item_PADamageUpRiflePA5_3#1,"""เพิ่ม Damage ของ<br>Homing Emission"""
item_PADamageUpRiflePA5_4#1,"""เพิ่ม Damage ของ<br>Homing Emission"""
item_PADamageUpRiflePA5_5#1,"""เพิ่ม Damage ของ<br>Homing Emission"""
item_PADamageUpRiflePA6_1#1,"""เพิ่ม Damage ของ<br>Impact Slider"""
item_PADamageUpRiflePA6_2#1,"""เพิ่ม Damage ของ<br>Impact Slider"""
item_PADamageUpRiflePA6_3#1,"""เพิ่ม Damage ของ<br>Impact Slider"""
item_PADamageUpRiflePA6_4#1,"""เพิ่ม Damage ของ<br>Impact Slider"""
item_PADamageUpRiflePA6_5#1,"""เพิ่ม Damage ของ<br>Impact Slider"""
item_PADamageUpRiflePA7_1#1,"""เพิ่ม Damage ของ<br>Sneak Shooter"""
item_PADamageUpRiflePA7_2#1,"""เพิ่ม Damage ของ<br>Sneak Shooter"""
item_PADamageUpRiflePA7_3#1,"""เพิ่ม Damage ของ<br>Sneak Shooter"""
item_PADamageUpRiflePA7_4#1,"""เพิ่ม Damage ของ<br>Sneak Shooter"""
item_PADamageUpRiflePA7_5#1,"""เพิ่ม Damage ของ<br>Sneak Shooter"""
item_PADamageUpRiflePA8_1#1,"""เพิ่ม Damage ของ<br>Glory Rain"""
item_PADamageUpRiflePA8_2#1,"""เพิ่ม Damage ของ<br>Glory Rain"""
item_PADamageUpRiflePA8_3#1,"""เพิ่ม Damage ของ<br>Glory Rain"""
item_PADamageUpRiflePA8_4#1,"""เพิ่ม Damage ของ<br>Glory Rain"""
item_PADamageUpRiflePA8_5#1,"""เพิ่ม Damage ของ<br>Glory Rain"""
item_PADamageUpRiflePA9_1#1,"""เพิ่ม Damage ของ<br>Parallel Slider"""
item_PADamageUpRiflePA9_2#1,"""เพิ่ม Damage ของ<br>Parallel Slider"""
item_PADamageUpRiflePA9_3#1,"""เพิ่ม Damage ของ<br>Parallel Slider"""
item_PADamageUpRiflePA9_4#1,"""เพิ่ม Damage ของ<br>Parallel Slider"""
item_PADamageUpRiflePA9_5#1,"""เพิ่ม Damage ของ<br>Parallel Slider"""
item_PADamageUpRiflePA10_1#1,"""เพิ่ม Damage ของ<br>Satellite Cannon"""
item_PADamageUpRiflePA10_2#1,"""เพิ่ม Damage ของ<br>Satellite Cannon"""
item_PADamageUpRiflePA10_3#1,"""เพิ่ม Damage ของ<br>Satellite Cannon"""
item_PADamageUpRiflePA10_4#1,"""เพิ่ม Damage ของ<br>Satellite Cannon"""
item_PADamageUpRiflePA10_5#1,"""เพิ่ม Damage ของ<br>Satellite Cannon"""
item_PADamageUpLauncherPA1_1#1,"""เพิ่ม Damage ของ<br>Divine Launcher"""
item_PADamageUpLauncherPA1_2#1,"""เพิ่ม Damage ของ<br>Divine Launcher"""
item_PADamageUpLauncherPA1_3#1,"""เพิ่ม Damage ของ<br>Divine Launcher"""
item_PADamageUpLauncherPA1_4#1,"""เพิ่ม Damage ของ<br>Divine Launcher"""
item_PADamageUpLauncherPA1_5#1,"""เพิ่ม Damage ของ<br>Divine Launcher"""
item_PADamageUpLauncherPA2_1#1,"""เพิ่ม Damage ของ<br>Concentrate One"""
item_PADamageUpLauncherPA2_2#1,"""เพิ่ม Damage ของ<br>Concentrate One"""
item_PADamageUpLauncherPA2_3#1,"""เพิ่ม Damage ของ<br>Concentrate One"""
item_PADamageUpLauncherPA2_4#1,"""เพิ่ม Damage ของ<br>Concentrate One"""
item_PADamageUpLauncherPA2_5#1,"""เพิ่ม Damage ของ<br>Concentrate One"""
item_PADamageUpLauncherPA3_1#1,"""เพิ่ม Damage ของ<br>Cluster Bullet"""
item_PADamageUpLauncherPA3_2#1,"""เพิ่ม Damage ของ<br>Cluster Bullet"""
item_PADamageUpLauncherPA3_3#1,"""เพิ่ม Damage ของ<br>Cluster Bullet"""
item_PADamageUpLauncherPA3_4#1,"""เพิ่ม Damage ของ<br>Cluster Bullet"""
item_PADamageUpLauncherPA3_5#1,"""เพิ่ม Damage ของ<br>Cluster Bullet"""
item_PADamageUpLauncherPA5_1#1,"""เพิ่ม Damage ของ<br>Zero Distance"""
item_PADamageUpLauncherPA5_2#1,"""เพิ่ม Damage ของ<br>Zero Distance"""
item_PADamageUpLauncherPA5_3#1,"""เพิ่ม Damage ของ<br>Zero Distance"""
item_PADamageUpLauncherPA5_4#1,"""เพิ่ม Damage ของ<br>Zero Distance"""
item_PADamageUpLauncherPA5_5#1,"""เพิ่ม Damage ของ<br>Zero Distance"""
item_PADamageUpLauncherPA6_1#1,"""เพิ่ม Damage ของ<br>Rodeo Drive"""
item_PADamageUpLauncherPA6_2#1,"""เพิ่ม Damage ของ<br>Rodeo Drive"""
item_PADamageUpLauncherPA6_3#1,"""เพิ่ม Damage ของ<br>Rodeo Drive"""
item_PADamageUpLauncherPA6_4#1,"""เพิ่ม Damage ของ<br>Rodeo Drive"""
item_PADamageUpLauncherPA6_5#1,"""เพิ่ม Damage ของ<br>Rodeo Drive"""
item_PADamageUpLauncherPA7_1#1,"""เพิ่ม Damage ของ<br>Crazy Smash"""
item_PADamageUpLauncherPA7_2#1,"""เพิ่ม Damage ของ<br>Crazy Smash"""
item_PADamageUpLauncherPA7_3#1,"""เพิ่ม Damage ของ<br>Crazy Smash"""
item_PADamageUpLauncherPA7_4#1,"""เพิ่ม Damage ของ<br>Crazy Smash"""
item_PADamageUpLauncherPA7_5#1,"""เพิ่ม Damage ของ<br>Crazy Smash"""
item_PADamageUpLauncherPA9_1#1,"""เพิ่ม Damage ของ<br>Flame Bullet"""
item_PADamageUpLauncherPA9_2#1,"""เพิ่ม Damage ของ<br>Flame Bullet"""
item_PADamageUpLauncherPA9_3#1,"""เพิ่ม Damage ของ<br>Flame Bullet"""
item_PADamageUpLauncherPA9_4#1,"""เพิ่ม Damage ของ<br>Flame Bullet"""
item_PADamageUpLauncherPA9_5#1,"""เพิ่ม Damage ของ<br>Flame Bullet"""
item_PADamageUpLauncherPA10_1#1,"""เพิ่ม Damage ของ<br>Cosmos Breaker"""
item_PADamageUpLauncherPA10_2#1,"""เพิ่ม Damage ของ<br>Cosmos Breaker"""
item_PADamageUpLauncherPA10_3#1,"""เพิ่ม Damage ของ<br>Cosmos Breaker"""
item_PADamageUpLauncherPA10_4#1,"""เพิ่ม Damage ของ<br>Cosmos Breaker"""
item_PADamageUpLauncherPA10_5#1,"""เพิ่ม Damage ของ<br>Cosmos Breaker"""
item_PADamageUpLauncherPA11_1#1,"""เพิ่ม Damage ของ<br>Sphere Eraser"""
item_PADamageUpLauncherPA11_2#1,"""เพิ่ม Damage ของ<br>Sphere Eraser"""
item_PADamageUpLauncherPA11_3#1,"""เพิ่ม Damage ของ<br>Sphere Eraser"""
item_PADamageUpLauncherPA11_4#1,"""เพิ่ม Damage ของ<br>Sphere Eraser"""
item_PADamageUpLauncherPA11_5#1,"""เพิ่ม Damage ของ<br>Sphere Eraser"""
item_PPCutLauncherPA11_1#1,"""ลดการใช้ PP ของ<br>Sphere Eraser"""
item_PPCutLauncherPA11_2#1,"""ลดการใช้ PP ของ<br>Sphere Eraser"""
item_PPCutLauncherPA11_3#1,"""ลดการใช้ PP ของ<br>Sphere Eraser"""
item_PPCutLauncherPA11_4#1,"""ลดการใช้ PP ของ<br>Sphere Eraser"""
item_PPCutLauncherPA11_5#1,"""ลดการใช้ PP ของ<br>Sphere Eraser"""
item_PADamageUpMachinegunPA2_1#1,"""เพิ่ม Damage ของ<br>Bullet Squall"""
item_PADamageUpMachinegunPA2_2#1,"""เพิ่ม Damage ของ<br>Bullet Squall"""
item_PADamageUpMachinegunPA2_3#1,"""เพิ่ม Damage ของ<br>Bullet Squall"""
item_PADamageUpMachinegunPA2_4#1,"""เพิ่ม Damage ของ<br>Bullet Squall"""
item_PADamageUpMachinegunPA2_5#1,"""เพิ่ม Damage ของ<br>Bullet Squall"""
item_PADamageUpMachinegunPA3_1#1,"""เพิ่ม Damage ของ<br>Dead Approach"""
item_PADamageUpMachinegunPA3_2#1,"""เพิ่ม Damage ของ<br>Dead Approach"""
item_PADamageUpMachinegunPA3_3#1,"""เพิ่ม Damage ของ<br>Dead Approach"""
item_PADamageUpMachinegunPA3_4#1,"""เพิ่ม Damage ของ<br>Dead Approach"""
item_PADamageUpMachinegunPA3_5#1,"""เพิ่ม Damage ของ<br>Dead Approach"""
item_PADamageUpMachinegunPA4_1#1,"""เพิ่ม Damage ของ<br>Messiah Time"""
item_PADamageUpMachinegunPA4_2#1,"""เพิ่ม Damage ของ<br>Messiah Time"""
item_PADamageUpMachinegunPA4_3#1,"""เพิ่ม Damage ของ<br>Messiah Time"""
item_PADamageUpMachinegunPA4_4#1,"""เพิ่ม Damage ของ<br>Messiah Time"""
item_PADamageUpMachinegunPA4_5#1,"""เพิ่ม Damage ของ<br>Messiah Time"""
item_PADamageUpMachinegunPA5_1#1,"""เพิ่ม Damage ของ<br>Infinite Fire"""
item_PADamageUpMachinegunPA5_2#1,"""เพิ่ม Damage ของ<br>Infinite Fire"""
item_PADamageUpMachinegunPA5_3#1,"""เพิ่ม Damage ของ<br>Infinite Fire"""
item_PADamageUpMachinegunPA5_4#1,"""เพิ่ม Damage ของ<br>Infinite Fire"""
item_PADamageUpMachinegunPA5_5#1,"""เพิ่ม Damage ของ<br>Infinite Fire"""
item_PADamageUpMachinegunPA6_1#1,"""เพิ่ม Damage ของ<br>Satellite Aim"""
item_PADamageUpMachinegunPA6_2#1,"""เพิ่ม Damage ของ<br>Satellite Aim"""
item_PADamageUpMachinegunPA6_3#1,"""เพิ่ม Damage ของ<br>Satellite Aim"""
item_PADamageUpMachinegunPA6_4#1,"""เพิ่ม Damage ของ<br>Satellite Aim"""
item_PADamageUpMachinegunPA6_5#1,"""เพิ่ม Damage ของ<br>Satellite Aim"""
item_PADamageUpMachinegunPA7_1#1,"""เพิ่ม Damage ของ<br>Elder Rebellion"""
item_PADamageUpMachinegunPA7_2#1,"""เพิ่ม Damage ของ<br>Elder Rebellion"""
item_PADamageUpMachinegunPA7_3#1,"""เพิ่ม Damage ของ<br>Elder Rebellion"""
item_PADamageUpMachinegunPA7_4#1,"""เพิ่ม Damage ของ<br>Elder Rebellion"""
item_PADamageUpMachinegunPA7_5#1,"""เพิ่ม Damage ของ<br>Elder Rebellion"""
item_PADamageUpMachinegunPA9_1#1,"""เพิ่ม Damage ของ<br>Heel Stab"""
item_PADamageUpMachinegunPA9_2#1,"""เพิ่ม Damage ของ<br>Heel Stab"""
item_PADamageUpMachinegunPA9_3#1,"""เพิ่ม Damage ของ<br>Heel Stab"""
item_PADamageUpMachinegunPA9_4#1,"""เพิ่ม Damage ของ<br>Heel Stab"""
item_PADamageUpMachinegunPA9_5#1,"""เพิ่ม Damage ของ<br>Heel Stab"""
item_PPCutMachinegunPA11_1#1,"""ลดการใช้ PP ของ<br>Grim Barrage"""
item_PPCutMachinegunPA11_2#1,"""ลดการใช้ PP ของ<br>Grim Barrage"""
item_PPCutMachinegunPA11_3#1,"""ลดการใช้ PP ของ<br>Grim Barrage"""
item_PPCutMachinegunPA11_4#1,"""ลดการใช้ PP ของ<br>Grim Barrage"""
item_PPCutMachinegunPA11_5#1,"""ลดการใช้ PP ของ<br>Grim Barrage"""
item_PADamageUpKatanaPA2_1#1,"""Unset Potential"""
item_PADamageUpKatanaPA2_2#1,"""Unset Potential"""
item_PADamageUpKatanaPA2_3#1,"""Unset Potential"""
item_PADamageUpKatanaPA2_4#1,"""Unset Potential"""
item_PADamageUpKatanaPA2_5#1,"""Unset Potential"""
item_PADamageUpKatanaPA3_1#1,"""เพิ่ม Damage ของ<br>Kanran-kikyou"""
item_PADamageUpKatanaPA3_2#1,"""เพิ่ม Damage ของ<br>Kanran-kikyou"""
item_PADamageUpKatanaPA3_3#1,"""เพิ่ม Damage ของ<br>Kanran-kikyou"""
item_PADamageUpKatanaPA3_4#1,"""เพิ่ม Damage ของ<br>Kanran-kikyou"""
item_PADamageUpKatanaPA3_5#1,"""เพิ่ม Damage ของ<br>Kanran-kikyou"""
item_PADamageUpKatanaPA4_1#1,"""เพิ่ม Damage ของ<br>Sakura-endo"""
item_PADamageUpKatanaPA4_2#1,"""เพิ่ม Damage ของ<br>Sakura-endo"""
item_PADamageUpKatanaPA4_3#1,"""เพิ่ม Damage ของ<br>Sakura-endo"""
item_PADamageUpKatanaPA4_4#1,"""เพิ่ม Damage ของ<br>Sakura-endo"""
item_PADamageUpKatanaPA4_5#1,"""เพิ่ม Damage ของ<br>Sakura-endo"""
item_PADamageUpKatanaPA7_1#1,"""เพิ่ม Damage ของ<br>Hatou-rindou"""
item_PADamageUpKatanaPA7_2#1,"""เพิ่ม Damage ของ<br>Hatou-rindou"""
item_PADamageUpKatanaPA7_3#1,"""เพิ่ม Damage ของ<br>Hatou-rindou"""
item_PADamageUpKatanaPA7_4#1,"""เพิ่ม Damage ของ<br>Hatou-rindou"""
item_PADamageUpKatanaPA7_5#1,"""เพิ่ม Damage ของ<br>Hatou-rindou"""
item_PADamageUpKatanaPA9_1#1,"""เพิ่ม Damage ของ<br>Kazan-nadeshiko"""
item_PADamageUpKatanaPA9_2#1,"""เพิ่ม Damage ของ<br>Kazan-nadeshiko"""
item_PADamageUpKatanaPA9_3#1,"""เพิ่ม Damage ของ<br>Kazan-nadeshiko"""
item_PADamageUpKatanaPA9_4#1,"""เพิ่ม Damage ของ<br>Kazan-nadeshiko"""
item_PADamageUpKatanaPA9_5#1,"""เพิ่ม Damage ของ<br>Kazan-nadeshiko"""
item_PADamageUpCompoundbowPA1_1#1,"""เพิ่ม Damage ของ<br>Master Shot"""
item_PADamageUpCompoundbowPA1_2#1,"""เพิ่ม Damage ของ<br>Master Shot"""
item_PADamageUpCompoundbowPA1_3#1,"""เพิ่ม Damage ของ<br>Master Shot"""
item_PADamageUpCompoundbowPA1_4#1,"""เพิ่ม Damage ของ<br>Master Shot"""
item_PADamageUpCompoundbowPA1_5#1,"""เพิ่ม Damage ของ<br>Master Shot"""
item_PADamageUpCompoundbowPA2_1#1,"""เพิ่ม Damage ของ<br>Penetrate Arrow"""
item_PADamageUpCompoundbowPA2_2#1,"""เพิ่ม Damage ของ<br>Penetrate Arrow"""
item_PADamageUpCompoundbowPA2_3#1,"""เพิ่ม Damage ของ<br>Penetrate Arrow"""
item_PADamageUpCompoundbowPA2_4#1,"""เพิ่ม Damage ของ<br>Penetrate Arrow"""
item_PADamageUpCompoundbowPA2_5#1,"""เพิ่ม Damage ของ<br>Penetrate Arrow"""
item_PADamageUpCompoundbowPA5_1#1,"""เพิ่ม Damage ของ<br>Kamikaze Arrow"""
item_PADamageUpCompoundbowPA5_2#1,"""เพิ่ม Damage ของ<br>Kamikaze Arrow"""
item_PADamageUpCompoundbowPA5_3#1,"""เพิ่ม Damage ของ<br>Kamikaze Arrow"""
item_PADamageUpCompoundbowPA5_4#1,"""เพิ่ม Damage ของ<br>Kamikaze Arrow"""
item_PADamageUpCompoundbowPA5_5#1,"""เพิ่ม Damage ของ<br>Kamikaze Arrow"""
item_PADamageUpCompoundbowPA7_1#1,"""เพิ่ม Damage ของ<br>Last Nemesis"""
item_PADamageUpCompoundbowPA7_2#1,"""เพิ่ม Damage ของ<br>Last Nemesis"""
item_PADamageUpCompoundbowPA7_3#1,"""เพิ่ม Damage ของ<br>Last Nemesis"""
item_PADamageUpCompoundbowPA7_4#1,"""เพิ่ม Damage ของ<br>Last Nemesis"""
item_PADamageUpCompoundbowPA7_5#1,"""เพิ่ม Damage ของ<br>Last Nemesis"""
item_PADamageUpCompoundbowPA8_1#1,"""เพิ่ม Damage ของ<br>Tritt Shooter"""
item_PADamageUpCompoundbowPA8_2#1,"""เพิ่ม Damage ของ<br>Tritt Shooter"""
item_PADamageUpCompoundbowPA8_3#1,"""เพิ่ม Damage ของ<br>Tritt Shooter"""
item_PADamageUpCompoundbowPA8_4#1,"""เพิ่ม Damage ของ<br>Tritt Shooter"""
item_PADamageUpCompoundbowPA8_5#1,"""เพิ่ม Damage ของ<br>Tritt Shooter"""
item_PPCutCompoundbowPA11_1#1,"""ลดการใช้ PP ของ<br>Chase Arrow"""
item_PPCutCompoundbowPA11_2#1,"""ลดการใช้ PP ของ<br>Chase Arrow"""
item_PPCutCompoundbowPA11_3#1,"""ลดการใช้ PP ของ<br>Chase Arrow"""
item_PPCutCompoundbowPA11_4#1,"""ลดการใช้ PP ของ<br>Chase Arrow"""
item_PPCutCompoundbowPA11_5#1,"""ลดการใช้ PP ของ<br>Chase Arrow"""
item_PADamageUpJetbootsPA1_1#1,"""เพิ่ม Damage ของ<br>Strike Gust"""
item_PADamageUpJetbootsPA1_2#1,"""เพิ่ม Damage ของ<br>Strike Gust"""
item_PADamageUpJetbootsPA1_3#1,"""เพิ่ม Damage ของ<br>Strike Gust"""
item_PADamageUpJetbootsPA1_4#1,"""เพิ่ม Damage ของ<br>Strike Gust"""
item_PADamageUpJetbootsPA1_5#1,"""เพิ่ม Damage ของ<br>Strike Gust"""
item_PADamageUpJetbootsPA2_1#1,"""เพิ่ม Damage ของ<br>Gran Wave"""
item_PADamageUpJetbootsPA2_2#1,"""เพิ่ม Damage ของ<br>Gran Wave"""
item_PADamageUpJetbootsPA2_3#1,"""เพิ่ม Damage ของ<br>Gran Wave"""
item_PADamageUpJetbootsPA2_4#1,"""เพิ่ม Damage ของ<br>Gran Wave"""
item_PADamageUpJetbootsPA2_5#1,"""เพิ่ม Damage ของ<br>Gran Wave"""
item_PADamageUpJetbootsPA3_1#1,"""เพิ่ม Damage ของ<br>Moment Gale"""
item_PADamageUpJetbootsPA3_2#1,"""เพิ่ม Damage ของ<br>Moment Gale"""
item_PADamageUpJetbootsPA3_3#1,"""เพิ่ม Damage ของ<br>Moment Gale"""
item_PADamageUpJetbootsPA3_4#1,"""เพิ่ม Damage ของ<br>Moment Gale"""
item_PADamageUpJetbootsPA3_5#1,"""เพิ่ม Damage ของ<br>Moment Gale"""
item_PADamageUpDbladePA1_1#1,"""เพิ่ม Damage ของ<br>Destruction Wing"""
item_PADamageUpDbladePA1_2#1,"""เพิ่ม Damage ของ<br>Destruction Wing"""
item_PADamageUpDbladePA1_3#1,"""เพิ่ม Damage ของ<br>Destruction Wing"""
item_PADamageUpDbladePA1_4#1,"""เพิ่ม Damage ของ<br>Destruction Wing"""
item_PADamageUpDbladePA1_5#1,"""เพิ่ม Damage ของ<br>Destruction Wing"""
item_PADamageUpDbladePA2_1#1,"""เพิ่ม Damage ของ<br>Dispersion Shrike"""
item_PADamageUpDbladePA2_2#1,"""เพิ่ม Damage ของ<br>Dispersion Shrike"""
item_PADamageUpDbladePA2_3#1,"""เพิ่ม Damage ของ<br>Dispersion Shrike"""
item_PADamageUpDbladePA2_4#1,"""เพิ่ม Damage ของ<br>Dispersion Shrike"""
item_PADamageUpDbladePA2_5#1,"""เพิ่ม Damage ของ<br>Dispersion Shrike"""
item_PADamageUpDbladePA3_1#1,"""เพิ่ม Damage ของ<br>Heavenly Kite"""
item_PADamageUpDbladePA3_2#1,"""เพิ่ม Damage ของ<br>Heavenly Kite"""
item_PADamageUpDbladePA3_3#1,"""เพิ่ม Damage ของ<br>Heavenly Kite"""
item_PADamageUpDbladePA3_4#1,"""เพิ่ม Damage ของ<br>Heavenly Kite"""
item_PADamageUpDbladePA3_5#1,"""เพิ่ม Damage ของ<br>Heavenly Kite"""
item_PADamageUpDbladePA4_1#1,"""เพิ่ม Damage ของ<br>Justice Crow"""
item_PADamageUpDbladePA4_2#1,"""เพิ่ม Damage ของ<br>Justice Crow"""
item_PADamageUpDbladePA4_3#1,"""เพิ่ม Damage ของ<br>Justice Crow"""
item_PADamageUpDbladePA4_4#1,"""เพิ่ม Damage ของ<br>Justice Crow"""
item_PADamageUpDbladePA4_5#1,"""เพิ่ม Damage ของ<br>Justice Crow"""
item_PADamageUpDbladePA5_1#1,"""เพิ่ม Damage ของ<br>Starling Fall"""
item_PADamageUpDbladePA5_2#1,"""เพิ่ม Damage ของ<br>Starling Fall"""
item_PADamageUpDbladePA5_3#1,"""เพิ่ม Damage ของ<br>Starling Fall"""
item_PADamageUpDbladePA5_4#1,"""เพิ่ม Damage ของ<br>Starling Fall"""
item_PADamageUpDbladePA5_5#1,"""เพิ่ม Damage ของ<br>Starling Fall"""
item_PADamageUpDbladePA6_1#1,"""เพิ่ม Damage ของ<br>Kestrel Rampage"""
item_PADamageUpDbladePA6_2#1,"""เพิ่ม Damage ของ<br>Kestrel Rampage"""
item_PADamageUpDbladePA6_3#1,"""เพิ่ม Damage ของ<br>Kestrel Rampage"""
item_PADamageUpDbladePA6_4#1,"""เพิ่ม Damage ของ<br>Kestrel Rampage"""
item_PADamageUpDbladePA6_5#1,"""เพิ่ม Damage ของ<br>Kestrel Rampage"""
item_DamageUpProbability_1#1,"""คำอธิบาย Unset Potential_116"""
item_DamageUpProbability_2#1,"""คำอธิบาย Unset Potential_117"""
item_DamageUpProbability_3#1,"""คำอธิบาย Unset Potential_118"""
item_DamageUpProbability_4#1,"""คำอธิบาย Unset Potential_119"""
item_DamageUpProbability_5#1,"""คำอธิบาย Unset Potential_120"""
item_DamageDrain_1#1,"""มีโอกาสคงที่ที่จะ<br>ดูดซับ HP เมื่อทำ<br>Damage"""
item_DamageDrain_2#1,"""มีโอกาสคงที่ที่จะ<br>ดูดซับ HP เมื่อทำ<br>Damage"""
item_DamageDrain_3#1,"""มีโอกาสคงที่ที่จะ<br>ดูดซับ HP เมื่อทำ<br>Damage"""
item_DamageDrain_4#1,"""มีโอกาสคงที่ที่จะ<br>ดูดซับ HP เมื่อทำ<br>Damage"""
item_DamageDrain_5#1,"""มีโอกาสคงที่ที่จะ<br>ดูดซับ HP เมื่อทำ<br>Damage"""
item_DamageInvalidStrike_1#1,"""คำอธิบาย Unset Potential_126"""
item_DamageInvalidStrike_2#1,"""คำอธิบาย Unset Potential_127"""
item_DamageInvalidStrike_3#1,"""คำอธิบาย Unset Potential_128"""
item_DamageInvalidStrike_4#1,"""คำอธิบาย Unset Potential_129"""
item_DamageInvalidStrike_5#1,"""คำอธิบาย Unset Potential_130"""
item_DamageInvalidFirearm_1#1,"""คำอธิบาย Unset Potential_131"""
item_DamageInvalidFirearm_2#1,"""คำอธิบาย Unset Potential_132"""
item_DamageInvalidFirearm_3#1,"""คำอธิบาย Unset Potential_133"""
item_DamageInvalidFirearm_4#1,"""คำอธิบาย Unset Potential_134"""
item_DamageInvalidFirearm_5#1,"""คำอธิบาย Unset Potential_135"""
item_DamageInvalidTechnic_1#1,"""คำอธิบาย Unset Potential_136"""
item_DamageInvalidTechnic_2#1,"""คำอธิบาย Unset Potential_137"""
item_DamageInvalidTechnic_3#1,"""คำอธิบาย Unset Potential_138"""
item_DamageInvalidTechnic_4#1,"""คำอธิบาย Unset Potential_139"""
item_DamageInvalidTechnic_5#1,"""คำอธิบาย Unset Potential_140"""
item_DamageInvalidAll_1#1,"""คำอธิบาย Unset Potential_141"""
item_DamageInvalidAll_2#1,"""คำอธิบาย Unset Potential_142"""
item_DamageInvalidAll_3#1,"""คำอธิบาย Unset Potential_143"""
item_DamageInvalidAll_4#1,"""คำอธิบาย Unset Potential_144"""
item_DamageInvalidAll_5#1,"""คำอธิบาย Unset Potential_145"""
item_SaveUpperTrap_1#1,"""ลดคูลดาวน์<br>ของสกิลประเภท Trap"""
item_SaveUpperTrap_2#1,"""ลดคูลดาวน์<br>ของสกิลประเภท Trap"""
item_SaveUpperTrap_3#1,"""ลดคูลดาวน์<br>ของสกิลประเภท Trap"""
item_SaveUpperTrap_4#1,"""ลดคูลดาวน์<br>ของสกิลประเภท Trap"""
item_SaveUpperTrap_5#1,"""ลดคูลดาวน์<br>ของสกิลประเภท Trap"""
item_SavePoisonTrap_1#1,"""คำอธิบาย Unset Potential_151"""
item_SavePoisonTrap_2#1,"""คำอธิบาย Unset Potential_152"""
item_SavePoisonTrap_3#1,"""คำอธิบาย Unset Potential_153"""
item_SavePoisonTrap_4#1,"""คำอธิบาย Unset Potential_154"""
item_SavePoisonTrap_5#1,"""คำอธิบาย Unset Potential_155"""
item_SaveStanGrenade_1#1,"""คำอธิบาย Unset Potential_156"""
item_SaveStanGrenade_2#1,"""คำอธิบาย Unset Potential_157"""
item_SaveStanGrenade_3#1,"""คำอธิบาย Unset Potential_158"""
item_SaveStanGrenade_4#1,"""คำอธิบาย Unset Potential_159"""
item_SaveStanGrenade_5#1,"""คำอธิบาย Unset Potential_160"""
item_JustGuardStan_1#1,"""คำอธิบาย Unset Potential_161"""
item_JustGuardStan_2#1,"""คำอธิบาย Unset Potential_162"""
item_JustGuardStan_3#1,"""คำอธิบาย Unset Potential_163"""
item_JustGuardStan_4#1,"""คำอธิบาย Unset Potential_164"""
item_JustGuardStan_5#1,"""คำอธิบาย Unset Potential_165"""
item_JustAttackStan_1#1,"""เมื่อทำการ Just Attack<br>มีโอกาสที่จะ<br>ทำให้เกิดสถานะ Stun"""
item_JustAttackStan_2#1,"""เมื่อทำการ Just Attack<br>มีโอกาสที่จะ<br>ทำให้เกิดสถานะ Stun"""
item_JustAttackStan_3#1,"""เมื่อทำการ Just Attack<br>มีโอกาสที่จะ<br>ทำให้เกิดสถานะ Stun"""
item_JustAttackStan_4#1,"""เมื่อทำการ Just Attack<br>มีโอกาสที่จะ<br>ทำให้เกิดสถานะ Stun"""
item_JustAttackStan_5#1,"""เมื่อทำการ Just Attack<br>มีโอกาสที่จะ<br>ทำให้เกิดสถานะ Stun"""
item_MagTAProb_1#1,"""ลดระยะเวลาคูลดาวน์<br>ของ Mag Auto Action ลง"""
item_MagTAProb_2#1,"""ลดระยะเวลาคูลดาวน์<br>ของ Mag Auto Action ลง"""
item_MagTAProb_3#1,"""ลดระยะเวลาคูลดาวน์<br>ของ Mag Auto Action ลง"""
item_MagTAProb_4#1,"""ลดระยะเวลาคูลดาวน์<br>ของ Mag Auto Action ลง"""
item_MagTAProb_5#1,"""ลดระยะเวลาคูลดาวน์<br>ของ Mag Auto Action ลง"""
item_MagAAShort_1#1,"""ลดระยะเวลาคูลดาวน์<br>ของ Mag Auto Action ลง"""
item_MagAAShort_2#1,"""ลดระยะเวลาคูลดาวน์<br>ของ Mag Auto Action ลง"""
item_MagAAShort_3#1,"""ลดระยะเวลาคูลดาวน์<br>ของ Mag Auto Action ลง"""
item_MagAAShort_4#1,"""ลดระยะเวลาคูลดาวน์<br>ของ Mag Auto Action ลง"""
item_MagAAShort_5#1,"""ลดระยะเวลาคูลดาวน์<br>ของ Mag Auto Action ลง"""
item_MagAAUp_1#1,"""คำอธิบาย Unset Potential_181"""
item_MagAAUp_2#1,"""คำอธิบาย Unset Potential_182"""
item_MagAAUp_3#1,"""คำอธิบาย Unset Potential_183"""
item_MagAAUp_4#1,"""คำอธิบาย Unset Potential_184"""
item_MagAAUp_5#1,"""คำอธิบาย Unset Potential_185"""
item_PPSlayer1_1#1,"""เมื่อ PP ต่ำกว่า 50%<br>พลังโจมตีแบบ Striking และ Ranged<br>จะเพิ่มขึ้น"""
item_PPSlayer1_2#1,"""เมื่อ PP ต่ำกว่า 50%<br>พลังโจมตีแบบ Striking และ Ranged<br>จะเพิ่มขึ้น"""
item_PPSlayer1_3#1,"""เมื่อ PP ต่ำกว่า 50%<br>พลังโจมตีแบบ Striking และ Ranged<br>จะเพิ่มขึ้น"""
item_PPSlayer1_4#1,"""เมื่อ PP ต่ำกว่า 50%<br>พลังโจมตีแบบ Striking และ Ranged<br>จะเพิ่มขึ้น"""
item_PPSlayer1_5#1,"""เมื่อ PP ต่ำกว่า 50%<br>พลังโจมตีแบบ Striking และ Ranged<br>จะเพิ่มขึ้น"""
item_PPSlayer2_1#1,"""เมื่อ PP ต่ำกว่า 50%<br>พลังโจมตีแบบ Striking และ Ranged<br>จะเพิ่มขึ้น"""
item_PPSlayer2_2#1,"""เมื่อ PP ต่ำกว่า 50%<br>พลังโจมตีแบบ Striking และ Ranged<br>จะเพิ่มขึ้น"""
item_PPSlayer2_3#1,"""เมื่อ PP ต่ำกว่า 50%<br>พลังโจมตีแบบ Striking และ Ranged<br>จะเพิ่มขึ้น"""
item_PPSlayer2_4#1,"""เมื่อ PP ต่ำกว่า 50%<br>พลังโจมตีแบบ Striking และ Ranged<br>จะเพิ่มขึ้น"""
item_PPSlayer2_5#1,"""เมื่อ PP ต่ำกว่า 50%<br>พลังโจมตีแบบ Striking และ Ranged<br>จะเพิ่มขึ้น"""
item_JustGuardDamageUp_1#1,"""เพิ่ม Damage ของการโจมตี<br>ที่เกิดขึ้นเมื่อทำ<br>Just Guard สำเร็จ"""
item_JustGuardDamageUp_2#1,"""เพิ่ม Damage ของการโจมตี<br>ที่เกิดขึ้นเมื่อทำ<br>Just Guard สำเร็จ"""
item_JustGuardDamageUp_3#1,"""เพิ่ม Damage ของการโจมตี<br>ที่เกิดขึ้นเมื่อทำ<br>Just Guard สำเร็จ"""
item_JustGuardDamageUp_4#1,"""เพิ่ม Damage ของการโจมตี<br>ที่เกิดขึ้นเมื่อทำ<br>Just Guard สำเร็จ"""
item_JustGuardDamageUp_5#1,"""เพิ่ม Damage ของการโจมตี<br>ที่เกิดขึ้นเมื่อทำ<br>Just Guard สำเร็จ"""
item_CriticalAbnormalUp_1#1,"""คำอธิบาย Unset Potential_191"""
item_CriticalAbnormalUp_2#1,"""คำอธิบาย Unset Potential_192"""
item_CriticalAbnormalUp_3#1,"""คำอธิบาย Unset Potential_193"""
item_CriticalAbnormalUp_4#1,"""คำอธิบาย Unset Potential_194"""
item_CriticalAbnormalUp_5#1,"""คำอธิบาย Unset Potential_195"""
item_JustAttackAbnormalUp_1#1,"""คำอธิบาย Unset Potential_196"""
item_JustAttackAbnormalUp_2#1,"""คำอธิบาย Unset Potential_197"""
item_JustAttackAbnormalUp_3#1,"""คำอธิบาย Unset Potential_198"""
item_JustAttackAbnormalUp_4#1,"""คำอธิบาย Unset Potential_199"""
item_JustAttackAbnormalUp_5#1,"""คำอธิบาย Unset Potential_200"""
item_GearPointAmplifier_1#1,"""เพิ่มอัตราการสะสม<br>Gear Gauge"""
item_GearPointAmplifier_2#1,"""เพิ่มอัตราการสะสม<br>Gear Gauge"""
item_GearPointAmplifier_3#1,"""เพิ่มอัตราการสะสม<br>Gear Gauge"""
item_GearPointAmplifier_4#1,"""เพิ่มอัตราการสะสม<br>Gear Gauge"""
item_GearPointAmplifier_5#1,"""เพิ่มอัตราการสะสม<br>Gear Gauge"""
item_WeatherDamageUpFine_1#1,"""เพิ่ม Damage ในช่วงที่<br>สภาพอากาศแจ่มใส (Clear Weather)"""
item_WeatherDamageUpFine_2#1,"""เพิ่ม Damage ในช่วงที่<br>สภาพอากาศแจ่มใส (Clear Weather)"""
item_WeatherDamageUpFine_3#1,"""เพิ่ม Damage ในช่วงที่<br>สภาพอากาศแจ่มใส (Clear Weather)"""
item_WeatherDamageUpFine_4#1,"""เพิ่ม Damage ในช่วงที่<br>สภาพอากาศแจ่มใส (Clear Weather)"""
item_WeatherDamageUpFine_5#1,"""เพิ่ม Damage ในช่วงที่<br>สภาพอากาศแจ่มใส (Clear Weather)"""
item_WeatherDamageUpAurora_1#1,"""เพิ่ม Damage ในพื้นที่<br>Tundra ระหว่างที่เกิด<br>Aurora"""
item_WeatherDamageUpAurora_2#1,"""เพิ่ม Damage ในพื้นที่<br>Tundra ระหว่างที่เกิด<br>Aurora"""
item_WeatherDamageUpAurora_3#1,"""เพิ่ม Damage ในพื้นที่<br>Tundra ระหว่างที่เกิด<br>Aurora"""
item_WeatherDamageUpAurora_4#1,"""เพิ่ม Damage ในพื้นที่<br>Tundra ระหว่างที่เกิด<br>Aurora"""
item_WeatherDamageUpAurora_5#1,"""เพิ่ม Damage ในพื้นที่<br>Tundra ระหว่างที่เกิด<br>Aurora"""
item_WeatherDamageUpMeteor_1#1,"""เพิ่ม Damage ในพื้นที่<br>Desert ระหว่างที่เกิด<br>ฝนดาวตก (Meteor Shower)"""
item_WeatherDamageUpMeteor_2#1,"""เพิ่ม Damage ในพื้นที่<br>Desert ระหว่างที่เกิด<br>ฝนดาวตก (Meteor Shower)"""
item_WeatherDamageUpMeteor_3#1,"""เพิ่ม Damage ในพื้นที่<br>Desert ระหว่างที่เกิด<br>ฝนดาวตก (Meteor Shower)"""
item_WeatherDamageUpMeteor_4#1,"""เพิ่ม Damage ในพื้นที่<br>Desert ระหว่างที่เกิด<br>ฝนดาวตก (Meteor Shower)"""
item_WeatherDamageUpMeteor_5#1,"""เพิ่ม Damage ในพื้นที่<br>Desert ระหว่างที่เกิด<br>ฝนดาวตก (Meteor Shower)"""
item_WeatherDamageUpIdeograph_1#1,"""เพิ่ม Damage ใน<br>Shironia ระหว่างสภาพอากาศพิเศษ<br>รับโบนัสสูงสุดในตอนที่<br>ตัวอักษรขาวดำปรากฏ"""
item_WeatherDamageUpIdeograph_2#1,"""เพิ่ม Damage ใน<br>Shironia ระหว่างสภาพอากาศพิเศษ<br>รับโบนัสสูงสุดในตอนที่<br>ตัวอักษรขาวดำปรากฏ"""
item_WeatherDamageUpIdeograph_3#1,"""เพิ่ม Damage ใน<br>Shironia ระหว่างสภาพอากาศพิเศษ<br>รับโบนัสสูงสุดในตอนที่<br>ตัวอักษรขาวดำปรากฏ"""
item_WeatherDamageUpIdeograph_4#1,"""เพิ่ม Damage ใน<br>Shironia ระหว่างสภาพอากาศพิเศษ<br>รับโบนัสสูงสุดในตอนที่<br>ตัวอักษรขาวดำปรากฏ"""
item_WeatherDamageUpIdeograph_5#1,"""เพิ่ม Damage ใน<br>Shironia ระหว่างสภาพอากาศพิเศษ<br>รับโบนัสสูงสุดในตอนที่<br>ตัวอักษรขาวดำปรากฏ"""
item_BurningHearts_1#1,"""มีประสิทธิภาพในการ<br>โจมตีเปลวไฟใน<br>เควสต์ที่กำหนด"""
item_BurningHearts_2#1,"""มีประสิทธิภาพในการ<br>โจมตีเปลวไฟใน<br>เควสต์ที่กำหนด"""
item_BurningHearts_3#1,"""ปกป้องชีวิตและ<br>ความหวังของทุกคน...<br>...เพื่อปกป้องอนาคตของพวกเขา"""
item_BurningHearts_4#1,"""มีประสิทธิภาพในการ<br>โจมตีเปลวไฟใน<br>เควสต์ที่กำหนด"""
item_BurningHearts_5#1,"""มีประสิทธิภาพในการ<br>โจมตีเปลวไฟใน<br>เควสต์ที่กำหนด"""
item_SacrificeUP_1#1,"""ในระหว่างที่ใช้ Guard Stance<br>จะฟื้นฟู HP เมื่อมีศัตรู<br>ตายในระยะที่กำหนด"""
item_SacrificeUP_2#1,"""ในระหว่างที่ใช้ Guard Stance<br>จะฟื้นฟู HP เมื่อมีศัตรู<br>ตายในระยะที่กำหนด"""
item_SacrificeUP_3#1,"""ในระหว่างที่ใช้ Guard Stance<br>จะฟื้นฟู HP เมื่อมีศัตรู<br>ตายในระยะที่กำหนด"""
item_SacrificeUP_4#1,"""ในระหว่างที่ใช้ Guard Stance<br>จะฟื้นฟู HP เมื่อมีศัตรู<br>ตายในระยะที่กำหนด"""
item_SacrificeUP_5#1,"""ในระหว่างที่ใช้ Guard Stance<br>จะฟื้นฟู HP เมื่อมีศัตรู<br>ตายในระยะที่กำหนด"""
item_CrazyHeartBonus_1#1,"""เพิ่ม PP Regeneration ในขณะที่<br>ติด Abnormal Status"""
item_CrazyHeartBonus_2#1,"""เพิ่ม PP Regeneration ในขณะที่<br>ติด Abnormal Status"""
item_CrazyHeartBonus_3#1,"""เพิ่ม PP Regeneration ในขณะที่<br>ติด Abnormal Status"""
item_CrazyHeartBonus_4#1,"""เพิ่ม PP Regeneration ในขณะที่<br>ติด Abnormal Status"""
item_CrazyHeartBonus_5#1,"""เพิ่ม PP Regeneration ในขณะที่<br>ติด Abnormal Status"""
item_CrazyBeatBonus_1#1,"""เพิ่ม Damage แบบ Striking ในขณะที่<br>ติด Abnormal Status"""
item_CrazyBeatBonus_2#1,"""เพิ่ม Damage แบบ Striking ในขณะที่<br>ติด Abnormal Status"""
item_CrazyBeatBonus_3#1,"""เพิ่ม Damage แบบ Striking ในขณะที่<br>ติด Abnormal Status"""
item_CrazyBeatBonus_4#1,"""เพิ่ม Damage แบบ Striking ในขณะที่<br>ติด Abnormal Status"""
item_CrazyBeatBonus_5#1,"""เพิ่ม Damage แบบ Striking ในขณะที่<br>ติด Abnormal Status"""
item_TacticsTrapBonus_1#1,"""Tactics Trap Bonus Lv.1"""
item_TacticsTrapBonus_2#1,"""Tactics Trap Bonus Lv.2"""
item_TacticsTrapBonus_3#1,"""Tactics Trap Bonus Lv.3"""
item_TacticsTrapBonus_4#1,"""Tactics Trap Bonus Lv.4"""
item_TacticsTrapBonus_5#1,"""Tactics Trap Bonus Lv.5"""
item_PerfectKeeperUP_1#1,"""เพิ่มประสิทธิภาพของ<br>Perfect Keeper"""
item_PerfectKeeperUP_2#1,"""เพิ่มประสิทธิภาพของ<br>Perfect Keeper"""
item_PerfectKeeperUP_3#1,"""เพิ่มประสิทธิภาพของ<br>Perfect Keeper"""
item_PerfectKeeperUP_4#1,"""เพิ่มประสิทธิภาพของ<br>Perfect Keeper"""
item_PerfectKeeperUP_5#1,"""เพิ่มประสิทธิภาพของ<br>Perfect Keeper"""
item_SRollJustAttackBonus_1#1,"""เพิ่มประสิทธิภาพของ<br>Stylish Roll Just Attack"""
item_SRollJustAttackBonus_2#1,"""เพิ่มประสิทธิภาพของ<br>Stylish Roll Just Attack"""
item_SRollJustAttackBonus_3#1,"""เพิ่มประสิทธิภาพของ<br>Stylish Roll Just Attack"""
item_SRollJustAttackBonus_4#1,"""เพิ่มประสิทธิภาพของ<br>Stylish Roll Just Attack"""
item_SRollJustAttackBonus_5#1,"""เพิ่มประสิทธิภาพของ<br>Stylish Roll Just Attack"""
item_FreezeIgnitionUP_1#1,"""Freeze Ignition Up Lv.1"""
item_FreezeIgnitionUP_2#1,"""Freeze Ignition Up Lv.2"""
item_FreezeIgnitionUP_3#1,"""Freeze Ignition Up Lv.3"""
item_FreezeIgnitionUP_4#1,"""Freeze Ignition Up Lv.4"""
item_FreezeIgnitionUP_5#1,"""Freeze Ignition Up Lv.5"""
item_PhotonFlareBoostUP_1#1,"""เพิ่มประสิทธิภาพของ<br>Photon Flare Boost"""
item_PhotonFlareBoostUP_2#1,"""เพิ่มประสิทธิภาพของ<br>Photon Flare Boost"""
item_PhotonFlareBoostUP_3#1,"""เพิ่มประสิทธิภาพของ<br>Photon Flare Boost"""
item_PhotonFlareBoostUP_4#1,"""เพิ่มประสิทธิภาพของ<br>Photon Flare Boost"""
item_PhotonFlareBoostUP_5#1,"""เพิ่มประสิทธิภาพของ<br>Photon Flare Boost"""
item_PowerWandUP_1#1,"""เพิ่มประสิทธิภาพของ<br>Wand Reactor"""
item_PowerWandUP_2#1,"""เพิ่มประสิทธิภาพของ<br>Wand Reactor"""
item_PowerWandUP_3#1,"""เพิ่มประสิทธิภาพของ<br>Wand Reactor"""
item_PowerWandUP_4#1,"""เพิ่มประสิทธิภาพของ<br>Wand Reactor"""
item_PowerWandUP_5#1,"""เพิ่มประสิทธิภาพของ<br>Wand Reactor"""
item_PoisonIgnitionUP_1#1,"""Poison Ignition Up Lv.1"""
item_PoisonIgnitionUP_2#1,"""Poison Ignition Up Lv.2"""
item_PoisonIgnitionUP_3#1,"""Poison Ignition Up Lv.3"""
item_PoisonIgnitionUP_4#1,"""Poison Ignition Up Lv.4"""
item_PoisonIgnitionUP_5#1,"""Poison Ignition Up Lv.5"""
item_AverageStanceUP_1#1,"""เพิ่มประสิทธิภาพของ<br>Average Stance"""
item_AverageStanceUP_2#1,"""เพิ่มประสิทธิภาพของ<br>Average Stance"""
item_AverageStanceUP_3#1,"""เพิ่มประสิทธิภาพของ<br>Average Stance"""
item_AverageStanceUP_4#1,"""เพิ่มประสิทธิภาพของ<br>Average Stance"""
item_AverageStanceUP_5#1,"""เพิ่มประสิทธิภาพของ<br>Average Stance"""
item_WeakStanceUP_1#1,"""เพิ่มประสิทธิภาพของ<br>Weak Stance"""
item_WeakStanceUP_2#1,"""เพิ่มประสิทธิภาพของ<br>Weak Stance"""
item_WeakStanceUP_3#1,"""เพิ่มประสิทธิภาพของ<br>Weak Stance"""
item_WeakStanceUP_4#1,"""เพิ่มประสิทธิภาพของ<br>Weak Stance"""
item_WeakStanceUP_5#1,"""เพิ่มประสิทธิภาพของ<br>Weak Stance"""
item_CombatJABonusUP_1#1,"""เพิ่ม Damage ของ<br>Just Attack ในระหว่างที่ใช้<br>Katana Combat"""
item_CombatJABonusUP_2#1,"""เพิ่ม Damage ของ<br>Just Attack ในระหว่างที่ใช้<br>Katana Combat"""
item_CombatJABonusUP_3#1,"""เพิ่ม Damage ของ<br>Just Attack ในระหว่างที่ใช้<br>Katana Combat"""
item_CombatJABonusUP_4#1,"""เพิ่ม Damage ของ<br>Just Attack ในระหว่างที่ใช้<br>Katana Combat"""
item_CombatJABonusUP_5#1,"""เพิ่ม Damage ของ<br>Just Attack ในระหว่างที่ใช้<br>Katana Combat"""
item_CombatJABonusUP2_1#1,"""เพิ่ม Damage ของ<br>Just Attack ในระหว่างที่ใช้<br>Katana Combat"""
item_CombatJABonusUP2_2#1,"""เพิ่ม Damage ของ<br>Just Attack ในระหว่างที่ใช้<br>Katana Combat"""
item_CombatJABonusUP2_3#1,"""เพิ่ม Damage ของ<br>Just Attack ในระหว่างที่ใช้<br>Katana Combat"""
item_CombatJABonusUP2_4#1,"""เพิ่ม Damage ของ<br>Just Attack ในระหว่างที่ใช้<br>Katana Combat"""
item_CombatJABonusUP2_5#1,"""เพิ่ม Damage ของ<br>Just Attack ในระหว่างที่ใช้<br>Katana Combat"""
item_ShortTimeBonusUP_1#1,"""เพิ่ม Damage ในระหว่างที่ใช้<br>Rapid Shot"""
item_ShortTimeBonusUP_2#1,"""เพิ่ม Damage ในระหว่างที่ใช้<br>Rapid Shot"""
item_ShortTimeBonusUP_3#1,"""เพิ่ม Damage ในระหว่างที่ใช้<br>Rapid Shot"""
item_ShortTimeBonusUP_4#1,"""เพิ่ม Damage ในระหว่างที่ใช้<br>Rapid Shot"""
item_ShortTimeBonusUP_5#1,"""เพิ่ม Damage ในระหว่างที่ใช้<br>Rapid Shot"""
item_ShortTimeBonusUP2_1#1,"""เพิ่ม Damage ในระหว่างที่ใช้<br>Rapid Shot ขึ้น 30%"""
item_ShortTimeBonusUP2_2#1,"""เพิ่ม Damage ในระหว่างที่ใช้<br>Rapid Shot ขึ้น 32%"""
item_ShortTimeBonusUP2_3#1,"""เพิ่ม Damage ในระหว่างที่ใช้<br>Rapid Shot ขึ้น 34%"""
item_ShortTimeBonusUP2_4#1,"""เพิ่ม Damage ในระหว่างที่ใช้<br>Rapid Shot ขึ้น 36%"""
item_ShortTimeBonusUP2_5#1,"""เพิ่ม Damage ในระหว่างที่ใช้<br>Rapid Shot ขึ้น 38%"""
item_BulletPPSave_1#1,"""ลดการใช้ PP<br>เมื่ออาวุธถูกโหลดด้วย<br>กระสุนพิเศษ"""
item_BulletPPSave_2#1,"""ลดการใช้ PP<br>เมื่ออาวุธถูกโหลดด้วย<br>กระสุนพิเศษ"""
item_BulletPPSave_3#1,"""ลดการใช้ PP<br>เมื่ออาวุธถูกโหลดด้วย<br>กระสุนพิเศษ"""
item_BulletPPSave_4#1,"""ลดการใช้ PP<br>เมื่ออาวุธถูกโหลดด้วย<br>กระสุนพิเศษ"""
item_BulletPPSave_5#1,"""ลดการใช้ PP<br>เมื่ออาวุธถูกโหลดด้วย<br>กระสุนพิเศษ"""
item_SniperPride_1#1,"""เพิ่ม Damage เมื่อโจมตี<br>จากระยะไกล"""
item_SniperPride_2#1,"""เพิ่ม Damage เมื่อโจมตี<br>จากระยะไกล"""
item_SniperPride_3#1,"""เพิ่ม Damage เมื่อโจมตี<br>จากระยะไกล"""
item_SniperPride_4#1,"""เพิ่ม Damage เมื่อโจมตี<br>จากระยะไกล"""
item_SniperPride_5#1,"""เพิ่ม Damage เมื่อโจมตี<br>จากระยะไกล"""
item_CriticalStrike_1#1,"""เพิ่ม Critical<br>Hit Damage"""
item_CriticalStrike_2#1,"""เพิ่ม Critical<br>Hit Damage"""
item_CriticalStrike_3#1,"""เพิ่ม Critical<br>Hit Damage"""
item_CriticalStrike_4#1,"""เพิ่ม Critical<br>Hit Damage"""
item_CriticalStrike_5#1,"""เพิ่ม Critical<br>Hit Damage"""
item_CriticalStrike2_1#1,"""Unset Potential"""
item_CriticalStrike2_2#1,"""Unset Potential"""
item_CriticalStrike2_3#1,"""Unset Potential"""
item_CriticalStrike2_4#1,"""Unset Potential"""
item_CriticalStrike2_5#1,"""Unset Potential"""
item_HealShare_1#1,"""เมื่อได้รับการฟื้นฟู HP<br>จะช่วยฟื้นฟู HP ให้ผู้เล่นรอบข้าง<br>เป็นเปอร์เซ็นต์ที่แน่นอน"""
item_HealShare_2#1,"""เมื่อได้รับการฟื้นฟู HP<br>จะช่วยฟื้นฟู HP ให้ผู้เล่นรอบข้าง<br>เป็นเปอร์เซ็นต์ที่แน่นอน"""
item_HealShare_3#1,"""เมื่อได้รับการฟื้นฟู HP<br>จะช่วยฟื้นฟู HP ให้ผู้เล่นรอบข้าง<br>เป็นเปอร์เซ็นต์ที่แน่นอน"""
item_HealShare_4#1,"""เมื่อได้รับการฟื้นฟู HP<br>จะช่วยฟื้นฟู HP ให้ผู้เล่นรอบข้าง<br>เป็นเปอร์เซ็นต์ที่แน่นอน"""
item_HealShare_5#1,"""เมื่อได้รับการฟื้นฟู HP<br>จะช่วยฟื้นฟู HP ให้ผู้เล่นรอบข้าง<br>เป็นเปอร์เซ็นต์ที่แน่นอน"""
item_FrozenShooter_1#1,"""Frozen Shooter Lv1"""
item_FrozenShooter_2#1,"""Frozen Shooter Lv2"""
item_FrozenShooter_3#1,"""Frozen Shooter Lv3"""
item_FrozenShooter_4#1,"""Frozen Shooter Lv4"""
item_FrozenShooter_5#1,"""Frozen Shooter Lv5"""
item_ConditionBurn_1#1,"""เพิ่มโอกาสในการ<br>ทำให้ติดสถานะ Burn ด้วย<br>การโจมตีแบบ Striking และ Ranged"""
item_ConditionBurn_2#1,"""เพิ่มโอกาสในการ<br>ทำให้ติดสถานะ Burn ด้วย<br>การโจมตีแบบ Striking และ Ranged"""
item_ConditionBurn_3#1,"""เพิ่มโอกาสในการ<br>ทำให้ติดสถานะ Burn ด้วย<br>การโจมตีแบบ Striking และ Ranged"""
item_ConditionBurn_4#1,"""เพิ่มโอกาสในการ<br>ทำให้ติดสถานะ Burn ด้วย<br>การโจมตีแบบ Striking และ Ranged"""
item_ConditionBurn_5#1,"""เพิ่มโอกาสในการ<br>ทำให้ติดสถานะ Burn ด้วย<br>การโจมตีแบบ Striking และ Ranged"""
item_ConditionFreeze_1#1,"""เพิ่มโอกาสในการ<br>ทำให้ติดสถานะ Freeze ด้วย<br>การโจมตีแบบ Striking และ Ranged"""
item_ConditionFreeze_2#1,"""เพิ่มโอกาสในการ<br>ทำให้ติดสถานะ Freeze ด้วย<br>การโจมตีแบบ Striking และ Ranged"""
item_ConditionFreeze_3#1,"""เพิ่มโอกาสในการ<br>ทำให้ติดสถานะ Freeze ด้วย<br>การโจมตีแบบ Striking และ Ranged"""
item_ConditionFreeze_4#1,"""เพิ่มโอกาสในการ<br>ทำให้ติดสถานะ Freeze ด้วย<br>การโจมตีแบบ Striking และ Ranged"""
item_ConditionFreeze_5#1,"""เพิ่มโอกาสในการ<br>ทำให้ติดสถานะ Freeze ด้วย<br>การโจมตีแบบ Striking และ Ranged"""
item_ConditionShock_1#1,"""เพิ่มโอกาสในการ<br>ทำให้ติดสถานะ Shock ด้วย<br>การโจมตีแบบ Striking และ Ranged"""
item_ConditionShock_2#1,"""เพิ่มโอกาสในการ<br>ทำให้ติดสถานะ Shock ด้วย<br>การโจมตีแบบ Striking และ Ranged"""
item_ConditionShock_3#1,"""เพิ่มโอกาสในการ<br>ทำให้ติดสถานะ Shock ด้วย<br>การโจมตีแบบ Striking และ Ranged"""
item_ConditionShock_4#1,"""เพิ่มโอกาสในการ<br>ทำให้ติดสถานะ Shock ด้วย<br>การโจมตีแบบ Striking และ Ranged"""
item_ConditionShock_5#1,"""เพิ่มโอกาสในการ<br>ทำให้ติดสถานะ Shock ด้วย<br>การโจมตีแบบ Striking และ Ranged"""
item_ConditionPoison_1#1,"""เพิ่มโอกาสในการ<br>ทำให้ติดสถานะ Poison ด้วย<br>การโจมตีแบบ Striking และ Ranged"""
item_ConditionPoison_2#1,"""เพิ่มโอกาสในการ<br>ทำให้ติดสถานะ Poison ด้วย<br>การโจมตีแบบ Striking และ Ranged"""
item_ConditionPoison_3#1,"""เพิ่มโอกาสในการ<br>ทำให้ติดสถานะ Poison ด้วย<br>การโจมตีแบบ Striking และ Ranged"""
item_ConditionPoison_4#1,"""เพิ่มโอกาสในการ<br>ทำให้ติดสถานะ Poison ด้วย<br>การโจมตีแบบ Striking และ Ranged"""
item_ConditionPoison_5#1,"""เพิ่มโอกาสในการ<br>ทำให้ติดสถานะ Poison ด้วย<br>การโจมตีแบบ Striking และ Ranged"""
item_GuardStanceUpNew_1#1,"""เพิ่ม Damage<br>Reduction, Striking<br>Damage และ Ranged<br>Damage ในระหว่างที่ใช้ Guard<br>Stance"""
item_GuardStanceUpNew_2#1,"""เพิ่ม Damage<br>Reduction, Striking<br>Damage และ Ranged<br>Damage ในระหว่างที่ใช้ Guard<br>Stance"""
item_GuardStanceUpNew_3#1,"""เพิ่ม Damage<br>Reduction, Striking<br>Damage และ Ranged<br>Damage ในระหว่างที่ใช้ Guard<br>Stance"""
item_GuardStanceUpNew_4#1,"""เพิ่ม Damage<br>Reduction, Striking<br>Damage และ Ranged<br>Damage ในระหว่างที่ใช้ Guard<br>Stance"""
item_GuardStanceUpNew_5#1,"""เพิ่ม Damage<br>Reduction, Striking<br>Damage และ Ranged<br>Damage ในระหว่างที่ใช้ Guard<br>Stance"""
item_GuardStanceUpNew2_1#1,"""เพิ่ม Damage<br>Reduction, Striking<br>Damage และ Ranged<br>Damage ในระหว่างที่ใช้ Guard<br>Stance"""
item_GuardStanceUpNew2_2#1,"""เพิ่ม Damage<br>Reduction, Striking<br>Damage และ Ranged<br>Damage ในระหว่างที่ใช้ Guard<br>Stance"""
item_GuardStanceUpNew2_3#1,"""เพิ่ม Damage<br>Reduction, Striking<br>Damage และ Ranged<br>Damage ในระหว่างที่ใช้ Guard<br>Stance"""
item_GuardStanceUpNew2_4#1,"""เพิ่ม Damage<br>Reduction, Striking<br>Damage และ Ranged<br>Damage ในระหว่างที่ใช้ Guard<br>Stance"""
item_GuardStanceUpNew2_5#1,"""เพิ่ม Damage<br>Reduction, Striking<br>Damage และ Ranged<br>Damage ในระหว่างที่ใช้ Guard<br>Stance"""
item_GuardStanceUpNew3_1#1,"""เพิ่ม Damage<br>Reduction, Striking<br>Damage และ Ranged<br>Damage ในระหว่างที่ใช้ Guard<br>Stance"""
item_GuardStanceUpNew3_2#1,"""เพิ่ม Damage<br>Reduction, Striking<br>Damage และ Ranged<br>Damage ในระหว่างที่ใช้ Guard<br>Stance"""
item_GuardStanceUpNew3_3#1,"""เพิ่ม Damage<br>Reduction, Striking<br>Damage และ Ranged<br>Damage ในระหว่างที่ใช้ Guard<br>Stance"""
item_GuardStanceUpNew3_4#1,"""เพิ่ม Damage<br>Reduction, Striking<br>Damage และ Ranged<br>Damage ในระหว่างที่ใช้ Guard<br>Stance"""
item_GuardStanceUpNew3_5#1,"""เพิ่ม Damage<br>Reduction, Striking<br>Damage และ Ranged<br>Damage ในระหว่างที่ใช้ Guard<br>Stance"""
item_AutoRegenerate_1#1,"""ฟื้นฟู HP โดยอัตโนมัติ"""
item_AutoRegenerate_2#1,"""ฟื้นฟู HP โดยอัตโนมัติ"""
item_AutoRegenerate_3#1,"""ฟื้นฟู HP โดยอัตโนมัติ"""
item_AutoRegenerate_4#1,"""ฟื้นฟู HP โดยอัตโนมัติ"""
item_AutoRegenerate_5#1,"""ฟื้นฟู HP โดยอัตโนมัติ"""
item_AutoRegenerateKatori_1#1,"""ฟื้นฟู HP โดยอัตโนมัติ"""
item_AutoRegenerateKatori_2#1,"""ฟื้นฟู HP โดยอัตโนมัติ"""
item_AutoRegenerateKatori_3#1,"""ฟื้นฟู HP โดยอัตโนมัติ"""
item_AutoRegenerateKatori_4#1,"""ฟื้นฟู HP โดยอัตโนมัติ"""
item_AutoRegenerateKatori_5#1,"""ฟื้นฟู HP โดยอัตโนมัติ"""
item_AutoRegenerateMoa_1#1,"""ฟื้นฟู 5%<br>ของ Max HP<br>ทุกๆ 5 วินาที"""
item_AutoRegenerateMoa_2#1,"""ฟื้นฟู 7%<br>ของ Max HP<br>ทุกๆ 5 วินาที"""
item_AutoRegenerateMoa_3#1,"""ฟื้นฟู 10%<br>ของ Max HP<br>ทุกๆ 5 วินาที"""
item_AutoRegenerateMoa_4#1,"""ฟื้นฟู 12%<br>ของ Max HP<br>ทุกๆ 5 วินาที"""
item_AutoRegenerateMoa_5#1,"""ฟื้นฟู 15%<br>ของ Max HP<br>ทุกๆ 5 วินาที"""
item_GunnerAttackPPRestraint2_1#1,"""เพิ่ม PP Restoration<br>จากการโจมตีขึ้น 40%"""
item_GunnerAttackPPRestraint2_2#1,"""เพิ่ม PP Restoration<br>จากการโจมตีขึ้น 60%"""
item_GunnerAttackPPRestraint2_3#1,"""เพิ่ม PP Restoration<br>จากการโจมตีขึ้น 80%"""
item_GunnerAttackPPRestraint2_4#1,"""เพิ่ม PP Restoration<br>จากการโจมตีขึ้น 90%"""
item_GunnerAttackPPRestraint2_5#1,"""เพิ่ม PP Restoration<br>จากการโจมตีขึ้น 100%"""
item_JustAttackBonus2_1#1,"""เพิ่มประสิทธิภาพของ<br>Just Attacks"""
item_JustAttackBonus2_2#1,"""เพิ่มประสิทธิภาพของ<br>Just Attacks"""
item_JustAttackBonus2_3#1,"""เพิ่มประสิทธิภาพของ<br>Just Attacks"""
item_JustAttackBonus2_4#1,"""เพิ่มประสิทธิภาพของ<br>Just Attacks"""
item_JustAttackBonus2_5#1,"""เพิ่มประสิทธิภาพของ<br>Just Attacks"""
item_JustAttackBonus3_1#1,"""เพิ่มประสิทธิภาพของ<br>Just Attack ขึ้น 6%"""
item_JustAttackBonus3_2#1,"""เพิ่มประสิทธิภาพของ<br>Just Attack ขึ้น 7%"""
item_JustAttackBonus3_3#1,"""เพิ่มประสิทธิภาพของ<br>Just Attack ขึ้น 8%"""
item_JustAttackBonus3_4#1,"""เพิ่มประสิทธิภาพของ<br>Just Attack ขึ้น 9%"""
item_JustAttackBonus3_5#1,"""เพิ่มประสิทธิภาพของ<br>Just Attack ขึ้น 10%"""
item_TechJustAttackBonus2_1#1,"""เพิ่มประสิทธิภาพของ<br>Technique Just Attacks"""
item_TechJustAttackBonus2_2#1,"""เพิ่มประสิทธิภาพของ<br>Technique Just Attacks"""
item_TechJustAttackBonus2_3#1,"""เพิ่มประสิทธิภาพของ<br>Technique Just Attacks"""
item_TechJustAttackBonus2_4#1,"""เพิ่มประสิทธิภาพของ<br>Technique Just Attacks"""
item_TechJustAttackBonus2_5#1,"""เพิ่มประสิทธิภาพของ<br>Technique Just Attacks"""
item_TechTranslation_Power_1#1,"""เพิ่ม T-ATK โดยคิดจาก<br>สัดส่วนของ S-ATK<br>ของอาวุธที่สวมใส่"""
item_TechTranslation_Power_2#1,"""เพิ่ม T-ATK โดยคิดจาก<br>สัดส่วนของ S-ATK<br>ของอาวุธที่สวมใส่"""
item_TechTranslation_Power_3#1,"""เพิ่ม T-ATK โดยคิดจาก<br>สัดส่วนของ S-ATK<br>ของอาวุธที่สวมใส่"""
item_TechTranslation_Power_4#1,"""เพิ่ม T-ATK โดยคิดจาก<br>สัดส่วนของ S-ATK<br>ของอาวุธที่สวมใส่"""
item_TechTranslation_Power_5#1,"""เพิ่ม T-ATK โดยคิดจาก<br>สัดส่วนของ S-ATK<br>ของอาวุธที่สวมใส่"""
item_TechTranslation_Shoot_1#1,"""เพิ่ม T-ATK โดยคิดจาก<br>สัดส่วนของ R-ATK<br>ของอาวุธที่สวมใส่"""
item_TechTranslation_Shoot_2#1,"""เพิ่ม T-ATK โดยคิดจาก<br>สัดส่วนของ R-ATK<br>ของอาวุธที่สวมใส่"""
item_TechTranslation_Shoot_3#1,"""เพิ่ม T-ATK โดยคิดจาก<br>สัดส่วนของ R-ATK<br>ของอาวุธที่สวมใส่"""
item_TechTranslation_Shoot_4#1,"""เพิ่ม T-ATK โดยคิดจาก<br>สัดส่วนของ R-ATK<br>ของอาวุธที่สวมใส่"""
item_TechTranslation_Shoot_5#1,"""เพิ่ม T-ATK โดยคิดจาก<br>สัดส่วนของ R-ATK<br>ของอาวุธที่สวมใส่"""
item_JustReversalBonus_1#1,"""ฟื้นฟู HP<br>เป็นเปอร์เซ็นต์ที่แน่นอน<br>เมื่อทำการ<br>Just Reversal"""
item_JustReversalBonus_2#1,"""ฟื้นฟู HP<br>เป็นเปอร์เซ็นต์ที่แน่นอน<br>เมื่อทำการ<br>Just Reversal"""
item_JustReversalBonus_3#1,"""ฟื้นฟู HP<br>เป็นเปอร์เซ็นต์ที่แน่นอน<br>เมื่อทำการ<br>Just Reversal"""
item_JustReversalBonus_4#1,"""ฟื้นฟู HP<br>เป็นเปอร์เซ็นต์ที่แน่นอน<br>เมื่อทำการ<br>Just Reversal"""
item_JustReversalBonus_5#1,"""ฟื้นฟู HP<br>เป็นเปอร์เซ็นต์ที่แน่นอน<br>เมื่อทำการ<br>Just Reversal"""
item_JustReversalPPBonus_1#1,"""ฟื้นฟู PP<br>เป็นเปอร์เซ็นต์ที่แน่นอน<br>เมื่อทำการ<br>Just Reversal"""
item_JustReversalPPBonus_2#1,"""ฟื้นฟู PP<br>เป็นเปอร์เซ็นต์ที่แน่นอน<br>เมื่อทำการ<br>Just Reversal"""
item_JustReversalPPBonus_3#1,"""ฟื้นฟู PP<br>เป็นเปอร์เซ็นต์ที่แน่นอน<br>เมื่อทำการ<br>Just Reversal"""
item_JustReversalPPBonus_4#1,"""ฟื้นฟู PP<br>เป็นเปอร์เซ็นต์ที่แน่นอน<br>เมื่อทำการ<br>Just Reversal"""
item_JustReversalPPBonus_5#1,"""ฟื้นฟู PP<br>เป็นเปอร์เซ็นต์ที่แน่นอน<br>เมื่อทำการ<br>Just Reversal"""
item_DamagePPRecover_1#1,"""ฟื้นฟู PP เมื่อ<br>คุณได้รับความเสียหาย"""
item_DamagePPRecover_2#1,"""ฟื้นฟู PP เมื่อ<br>คุณได้รับความเสียหาย"""
item_DamagePPRecover_3#1,"""ฟื้นฟู PP เมื่อ<br>คุณได้รับความเสียหาย"""
item_DamagePPRecover_4#1,"""ฟื้นฟู PP เมื่อ<br>คุณได้รับความเสียหาย"""
item_DamagePPRecover_5#1,"""ฟื้นฟู PP เมื่อ<br>คุณได้รับความเสียหาย"""
item_KlothoMesetaUp_1#1,"""เพิ่มการดรอป Meseta<br>ขึ้น 5%"""
item_KlothoMesetaUp_2#1,"""เพิ่มการดรอป Meseta<br>ขึ้น 10%"""
item_KlothoMesetaUp_3#1,"""เพิ่มการดรอป Meseta<br>ขึ้น 15%"""
item_KlothoMesetaUp_4#1,"""เพิ่มการดรอป Meseta<br>ขึ้น 20%"""
item_KlothoMesetaUp_5#1,"""เพิ่มการดรอป Meseta<br>ขึ้น 25%"""
item_IoExperienceUp_1#1,"""เพิ่ม Experience<br>ที่ได้รับขึ้น 4%"""
item_IoExperienceUp_2#1,"""เพิ่ม Experience<br>ที่ได้รับขึ้น 7%"""
item_IoExperienceUp_3#1,"""เพิ่ม Experience<br>ที่ได้รับขึ้น 10%"""
item_IoExperienceUp_4#1,"""เพิ่ม Experience<br>ที่ได้รับขึ้น 13%"""
item_IoExperienceUp_5#1,"""เพิ่ม Experience<br>ที่ได้รับขึ้น 16%"""
item_BrastGaugeDamageUp_1#1,"""เพิ่ม Damage ตาม<br>เกจ Photon Blast"""
item_BrastGaugeDamageUp_2#1,"""เพิ่ม Damage ตาม<br>เกจ Photon Blast"""
item_BrastGaugeDamageUp_3#1,"""เพิ่ม Damage ตาม<br>เกจ Photon Blast"""
item_BrastGaugeDamageUp_4#1,"""เพิ่ม Damage ตาม<br>เกจ Photon Blast"""
item_BrastGaugeDamageUp_5#1,"""เพิ่ม Damage ตาม<br>เกจ Photon Blast"""
item_BrastGaugeDamageUp2_1#1,"""พลังโจมตีจะแปรผันตาม<br>เกจ Photon Blast<br>และเพิ่มขึ้นเล็กน้อย"""
item_BrastGaugeDamageUp2_2#1,"""พลังโจมตีจะแปรผันตาม<br>เกจ Photon Blast<br>และเพิ่มขึ้นเล็กน้อย"""
item_BrastGaugeDamageUp2_3#1,"""พลังโจมตีจะแปรผันตาม<br>เกจ Photon Blast<br>และเพิ่มขึ้นเล็กน้อย"""
item_BrastGaugeDamageUp2_4#1,"""พลังโจมตีจะแปรผันตาม<br>เกจ Photon Blast<br>และเพิ่มขึ้นเล็กน้อย"""
item_BrastGaugeDamageUp2_5#1,"""พลังโจมตีจะแปรผันตาม<br>เกจ Photon Blast<br>และเพิ่มขึ้นเล็กน้อย"""
item_AirAttackBurst_1#1,"""เพิ่ม Damage ของ<br>การโจมตีกลางอากาศ"""
item_AirAttackBurst_2#1,"""เพิ่ม Damage ของ<br>การโจมตีกลางอากาศ"""
item_AirAttackBurst_3#1,"""เพิ่ม Damage ของ<br>การโจมตีกลางอากาศ"""
item_AirAttackBurst_4#1,"""เพิ่ม Damage ของ<br>การโจมตีกลางอากาศ"""
item_AirAttackBurst_5#1,"""เพิ่ม Damage ของ<br>การโจมตีกลางอากาศ"""
item_AirAttackBurst3_1#1,"""เพิ่ม Damage ของ<br>การโจมตีกลางอากาศขึ้น 17%"""
item_AirAttackBurst3_2#1,"""เพิ่ม Damage ของ<br>การโจมตีกลางอากาศขึ้น 19%"""
item_AirAttackBurst3_3#1,"""เพิ่ม Damage ของ<br>การโจมตีกลางอากาศขึ้น 21%"""
item_AirAttackBurst3_4#1,"""เพิ่ม Damage ของ<br>การโจมตีกลางอากาศขึ้น 23%"""
item_AirAttackBurst3_5#1,"""เพิ่ม Damage ของ<br>การโจมตีกลางอากาศขึ้น 25%"""
item_CraftWeaponDamageUp_1#1,"""เพิ่ม Damage เมื่อ<br>อาวุธถูก Extend"""
item_CraftWeaponDamageUp_2#1,"""เพิ่ม Damage เมื่อ<br>อาวุธถูก Extend"""
item_CraftWeaponDamageUp_3#1,"""เพิ่ม Damage เมื่อ<br>อาวุธถูก Extend"""
item_CraftWeaponDamageUp_4#1,"""เพิ่ม Damage เมื่อ<br>อาวุธถูก Extend"""
item_CraftWeaponDamageUp_5#1,"""เพิ่ม Damage เมื่อ<br>อาวุธถูก Extend"""
item_CraftWeaponDamageUp2_1#1,"""เพิ่ม Damage เมื่อ<br>อาวุธถูก Extend"""
item_CraftWeaponDamageUp2_2#1,"""เพิ่ม Damage เมื่อ<br>อาวุธถูก Extend"""
item_CraftWeaponDamageUp2_3#1,"""เพิ่ม Damage เมื่อ<br>อาวุธถูก Extend"""
item_CraftWeaponDamageUp2_4#1,"""เพิ่ม Damage เมื่อ<br>อาวุธถูก Extend"""
item_CraftWeaponDamageUp2_5#1,"""เพิ่ม Damage เมื่อ<br>อาวุธถูก Extend"""
item_CraftWeaponDamageUp3_1#1,"""เพิ่ม Damage เมื่อ<br>อาวุธถูก Extend"""
item_CraftWeaponDamageUp3_2#1,"""เพิ่ม Damage เมื่อ<br>อาวุธถูก Extend"""
item_CraftWeaponDamageUp3_3#1,"""เพิ่ม Damage เมื่อ<br>อาวุธถูก Extend"""
item_CraftWeaponDamageUp3_4#1,"""เพิ่ม Damage เมื่อ<br>อาวุธถูก Extend"""
item_CraftWeaponDamageUp3_5#1,"""เพิ่ม Damage เมื่อ<br>อาวุธถูก Extend"""
item_PowerTranslation_Tech_1#1,"""เพิ่ม S-ATK โดยคิดจาก<br>สัดส่วนของ T-ATK<br>ของอาวุธที่สวมใส่"""
item_PowerTranslation_Tech_2#1,"""เพิ่ม S-ATK โดยคิดจาก<br>สัดส่วนของ T-ATK<br>ของอาวุธที่สวมใส่"""
item_PowerTranslation_Tech_3#1,"""เพิ่ม S-ATK โดยคิดจาก<br>สัดส่วนของ T-ATK<br>ของอาวุธที่สวมใส่"""
item_PowerTranslation_Tech_4#1,"""เพิ่ม S-ATK โดยคิดจาก<br>สัดส่วนของ T-ATK<br>ของอาวุธที่สวมใส่"""
item_PowerTranslation_Tech_5#1,"""เพิ่ม S-ATK โดยคิดจาก<br>สัดส่วนของ T-ATK<br>ของอาวุธที่สวมใส่"""
item_PowerTranslation_Shoot_1#1,"""เพิ่ม S-ATK โดยคิดจาก<br>สัดส่วนของ R-ATK<br>ของอาวุธที่สวมใส่"""
item_PowerTranslation_Shoot_2#1,"""เพิ่ม S-ATK โดยคิดจาก<br>สัดส่วนของ R-ATK<br>ของอาวุธที่สวมใส่"""
item_PowerTranslation_Shoot_3#1,"""เพิ่ม S-ATK โดยคิดจาก<br>สัดส่วนของ R-ATK<br>ของอาวุธที่สวมใส่"""
item_PowerTranslation_Shoot_4#1,"""เพิ่ม S-ATK โดยคิดจาก<br>สัดส่วนของ R-ATK<br>ของอาวุธที่สวมใส่"""
item_PowerTranslation_Shoot_5#1,"""เพิ่ม S-ATK โดยคิดจาก<br>สัดส่วนของ R-ATK<br>ของอาวุธที่สวมใส่"""
item_ComboUp_1#1,"""Damage จะเพิ่มขึ้นเมื่อ<br>คุณทำการ<br>Just Attacks อย่างต่อเนื่อง"""
item_ComboUp_2#1,"""Damage จะเพิ่มขึ้นเมื่อ<br>คุณทำการ<br>Just Attacks อย่างต่อเนื่อง"""
item_ComboUp_3#1,"""Damage จะเพิ่มขึ้นเมื่อ<br>คุณทำการ<br>Just Attacks อย่างต่อเนื่อง"""
item_ComboUp_4#1,"""Damage จะเพิ่มขึ้นเมื่อ<br>คุณทำการ<br>Just Attacks อย่างต่อเนื่อง"""
item_ComboUp_5#1,"""Damage จะเพิ่มขึ้นเมื่อ<br>คุณทำการ<br>Just Attacks อย่างต่อเนื่อง"""
item_ComboUp2_1#1,"""Damage จะเพิ่มขึ้นเมื่อ<br>คุณทำการ<br>Just Attacks อย่างต่อเนื่อง"""
item_ComboUp2_2#1,"""Damage จะเพิ่มขึ้นเมื่อ<br>คุณทำการ<br>Just Attacks อย่างต่อเนื่อง"""
item_ComboUp2_3#1,"""Damage จะเพิ่มขึ้นเมื่อ<br>คุณทำการ<br>Just Attacks อย่างต่อเนื่อง"""
item_ComboUp2_4#1,"""Damage จะเพิ่มขึ้นเมื่อ<br>คุณทำการ<br>Just Attacks อย่างต่อเนื่อง"""
item_ComboUp2_5#1,"""Damage จะเพิ่มขึ้นเมื่อ<br>คุณทำการ<br>Just Attacks อย่างต่อเนื่อง"""
item_ComboUp3_1#1,"""Damage จะเพิ่มขึ้นเมื่อ<br>คุณทำการ<br>Just Attacks อย่างต่อเนื่อง"""
item_ComboUp3_2#1,"""Damage จะเพิ่มขึ้นเมื่อ<br>คุณทำการ<br>Just Attacks อย่างต่อเนื่อง"""
item_ComboUp3_3#1,"""Damage จะเพิ่มขึ้นเมื่อ<br>คุณทำการ<br>Just Attacks อย่างต่อเนื่อง"""
item_ComboUp3_4#1,"""Damage จะเพิ่มขึ้นเมื่อ<br>คุณทำการ<br>Just Attacks อย่างต่อเนื่อง"""
item_ComboUp3_5#1,"""Damage จะเพิ่มขึ้นเมื่อ<br>คุณทำการ<br>Just Attacks อย่างต่อเนื่อง"""
item_ComboUp4_1#1,"""Damage จะเพิ่มขึ้นเมื่อ<br>คุณทำการ<br>Just Attacks อย่างต่อเนื่อง"""
item_ComboUp4_2#1,"""Damage จะเพิ่มขึ้นเมื่อ<br>คุณทำการ<br>Just Attacks อย่างต่อเนื่อง"""
item_ComboUp4_3#1,"""Damage จะเพิ่มขึ้นเมื่อ<br>คุณทำการ<br>Just Attacks อย่างต่อเนื่อง"""
item_ComboUp4_4#1,"""Damage จะเพิ่มขึ้นเมื่อ<br>คุณทำการ<br>Just Attacks อย่างต่อเนื่อง"""
item_ComboUp4_5#1,"""Damage จะเพิ่มขึ้นเมื่อ<br>คุณทำการ<br>Just Attacks อย่างต่อเนื่อง"""
item_ChainFinishBonus_1#1,"""ลดระยะเวลา Cooldown<br>ของ Chain Trigger ลง<br>ตาม Chain Count เมื่อ<br>ทำการ Chain Finish"""
item_ChainFinishBonus_2#1,"""ลดระยะเวลา Cooldown<br>ของ Chain Trigger ลง<br>ตาม Chain Count เมื่อ<br>ทำการ Chain Finish"""
item_ChainFinishBonus_3#1,"""ลดระยะเวลา Cooldown<br>ของ Chain Trigger ลง<br>ตาม Chain Count เมื่อ<br>ทำการ Chain Finish"""
item_ChainFinishBonus_4#1,"""ลดระยะเวลา Cooldown<br>ของ Chain Trigger ลง<br>ตาม Chain Count เมื่อ<br>ทำการ Chain Finish"""
item_ChainFinishBonus_5#1,"""ลดระยะเวลา Cooldown<br>ของ Chain Trigger ลง<br>ตาม Chain Count เมื่อ<br>ทำการ Chain Finish"""
item_AttackAdvance_1#1,"""เพิ่ม Damage ของ<br>Normal Attacks"""
item_AttackAdvance_2#1,"""เพิ่ม Damage ของ<br>Normal Attacks"""
item_AttackAdvance_3#1,"""เพิ่ม Damage ของ<br>Normal Attacks"""
item_AttackAdvance_4#1,"""เพิ่ม Damage ของ<br>Normal Attacks"""
item_AttackAdvance_5#1,"""เพิ่ม Damage ของ<br>Normal Attacks"""
item_AttackAdvance2_1#1,"""เพิ่ม Damage ของ<br>Normal Attacks ขึ้น 60%"""
item_AttackAdvance2_2#1,"""เพิ่ม Damage ของ<br>Normal Attacks ขึ้น 70%"""
item_AttackAdvance2_3#1,"""เพิ่ม Damage ของ<br>Normal Attacks ขึ้น 80%"""
item_AttackAdvance2_4#1,"""เพิ่ม Damage ของ<br>Normal Attacks ขึ้น 90%"""
item_AttackAdvance2_5#1,"""เพิ่ม Damage ของ<br>Normal Attacks ขึ้น 100%"""
item_ShortTimeAdvance_1#1,"""เพิ่ม Damage<br>ของ Rapid Shot"""
item_ShortTimeAdvance_2#1,"""เพิ่ม Damage<br>ของ Rapid Shot"""
item_ShortTimeAdvance_3#1,"""เพิ่ม Damage<br>ของ Rapid Shot"""
item_ShortTimeAdvance_4#1,"""เพิ่ม Damage<br>ของ Rapid Shot"""
item_ShortTimeAdvance_5#1,"""เพิ่ม Damage<br>ของ Rapid Shot"""
item_TecArtsJABonus_1#1,"""เพิ่ม JA Damage<br>เมื่อใช้งาน<br>PAs หรือ Techniques ที่ต่างกัน"""
item_TecArtsJABonus_2#1,"""เพิ่ม JA Damage<br>เมื่อใช้งาน<br>PAs หรือ Techniques ที่ต่างกัน"""
item_TecArtsJABonus_3#1,"""เพิ่ม JA Damage<br>เมื่อใช้งาน<br>PAs หรือ Techniques ที่ต่างกัน"""
item_TecArtsJABonus_4#1,"""เพิ่ม JA Damage<br>เมื่อใช้งาน<br>PAs หรือ Techniques ที่ต่างกัน"""
item_TecArtsJABonus_5#1,"""เพิ่ม JA Damage<br>เมื่อใช้งาน<br>PAs หรือ Techniques ที่ต่างกัน"""
item_TecArtsJABonus2_1#1,"""เพิ่ม JA Damage<br>เมื่อใช้งาน<br>PAs หรือ Techniques ที่ต่างกัน"""
item_TecArtsJABonus2_2#1,"""เพิ่ม JA Damage<br>เมื่อใช้งาน<br>PAs หรือ Techniques ที่ต่างกัน"""
item_TecArtsJABonus2_3#1,"""เพิ่ม JA Damage<br>เมื่อใช้งาน<br>PAs หรือ Techniques ที่ต่างกัน"""
item_TecArtsJABonus2_4#1,"""เพิ่ม JA Damage<br>เมื่อใช้งาน<br>PAs หรือ Techniques ที่ต่างกัน"""
item_TecArtsJABonus2_5#1,"""เพิ่ม JA Damage<br>เมื่อใช้งาน<br>PAs หรือ Techniques ที่ต่างกัน"""
item_TecArtsJABonus3_1#1,"""เพิ่ม Damage 13%<br>เมื่อทำการ Just Attacking<br>ด้วย PAs หรือ<br>Techniques ที่ต่างกัน"""
item_TecArtsJABonus3_2#1,"""เพิ่ม Damage 15%<br>เมื่อทำการ Just Attacking<br>ด้วย PAs หรือ<br>Techniques ที่ต่างกัน"""
item_TecArtsJABonus3_3#1,"""เพิ่ม Damage 17%<br>เมื่อทำการ Just Attacking<br>ด้วย PAs หรือ<br>Techniques ที่ต่างกัน"""
item_TecArtsJABonus3_4#1,"""เพิ่ม Damage 30%<br>เมื่อทำการ Just Attacking<br>ด้วย PAs หรือ<br>Techniques ที่ต่างกัน"""
item_TecArtsJABonus3_5#1,"""เพิ่ม Damage 50%<br>เมื่อทำการ Just Attacking<br>ด้วย PAs หรือ<br>Techniques ที่ต่างกัน"""
item_AverageStanceCritical_1#1,"""เพิ่ม Critical Hit Rate<br>ในระหว่างที่ใช้ Average Stance"""
item_AverageStanceCritical_2#1,"""เพิ่ม Critical Hit Rate<br>ในระหว่างที่ใช้ Average Stance"""
item_AverageStanceCritical_3#1,"""เพิ่ม Critical Hit Rate<br>ในระหว่างที่ใช้ Average Stance"""
item_AverageStanceCritical_4#1,"""เพิ่ม Critical Hit Rate<br>ในระหว่างที่ใช้ Average Stance"""
item_AverageStanceCritical_5#1,"""เพิ่ม Critical Hit Rate<br>ในระหว่างที่ใช้ Average Stance"""
item_WeakStanceCritical_1#1,"""เพิ่ม Critical Hit Rate<br>ในระหว่างที่ใช้ Weak Stance"""
item_WeakStanceCritical_2#1,"""เพิ่ม Critical Hit Rate<br>ในระหว่างที่ใช้ Weak Stance"""
item_WeakStanceCritical_3#1,"""เพิ่ม Critical Hit Rate<br>ในระหว่างที่ใช้ Weak Stance"""
item_WeakStanceCritical_4#1,"""เพิ่ม Critical Hit Rate<br>ในระหว่างที่ใช้ Weak Stance"""
item_WeakStanceCritical_5#1,"""เพิ่ม Critical Hit Rate<br>ในระหว่างที่ใช้ Weak Stance"""
item_ElementalStanceCritical_1#1,"""เพิ่ม Critical Hit Rate<br>ในระหว่างที่ใช้ Elemental Stance"""
item_ElementalStanceCritical_2#1,"""เพิ่ม Critical Hit Rate<br>ในระหว่างที่ใช้ Elemental Stance"""
item_ElementalStanceCritical_3#1,"""เพิ่ม Critical Hit Rate<br>ในระหว่างที่ใช้ Elemental Stance"""
item_ElementalStanceCritical_4#1,"""เพิ่ม Critical Hit Rate<br>ในระหว่างที่ใช้ Elemental Stance"""
item_ElementalStanceCritical_5#1,"""เพิ่ม Critical Hit Rate<br>ในระหว่างที่ใช้ Elemental Stance"""
item_BreakStanceCritical_1#1,"""เพิ่ม Critical Hit Rate<br>ในระหว่างที่ใช้ Break Stance"""
item_BreakStanceCritical_2#1,"""เพิ่ม Critical Hit Rate<br>ในระหว่างที่ใช้ Break Stance"""
item_BreakStanceCritical_3#1,"""เพิ่ม Critical Hit Rate<br>ในระหว่างที่ใช้ Break Stance"""
item_BreakStanceCritical_4#1,"""เพิ่ม Critical Hit Rate<br>ในระหว่างที่ใช้ Break Stance"""
item_BreakStanceCritical_5#1,"""เพิ่ม Critical Hit Rate<br>ในระหว่างที่ใช้ Break Stance"""
item_RapidBurstJABonus_1#1,"""เพิ่ม Damage ของ<br>Just Attacks ในระหว่างที่ใช้<br>Rapid Boost"""
item_RapidBurstJABonus_2#1,"""เพิ่ม Damage ของ<br>Just Attacks ในระหว่างที่ใช้<br>Rapid Boost"""
item_RapidBurstJABonus_3#1,"""เพิ่ม Damage ของ<br>Just Attacks ในระหว่างที่ใช้<br>Rapid Boost"""
item_RapidBurstJABonus_4#1,"""เพิ่ม Damage ของ<br>Just Attacks ในระหว่างที่ใช้<br>Rapid Boost"""
item_RapidBurstJABonus_5#1,"""เพิ่ม Damage ของ<br>Just Attacks ในระหว่างที่ใช้<br>Rapid Boost"""
item_PhotonBladeFeverUp_1#1,"""เพิ่ม Damage ของ<br>Photon Blades ในระหว่างที่ใช้<br>Photon Blade Fever"""
item_PhotonBladeFeverUp_2#1,"""เพิ่ม Damage ของ<br>Photon Blades ในระหว่างที่ใช้<br>Photon Blade Fever"""
item_PhotonBladeFeverUp_3#1,"""เพิ่ม Damage ของ<br>Photon Blades ในระหว่างที่ใช้<br>Photon Blade Fever"""
item_PhotonBladeFeverUp_4#1,"""เพิ่ม Damage ของ<br>Photon Blades ในระหว่างที่ใช้<br>Photon Blade Fever"""
item_PhotonBladeFeverUp_5#1,"""เพิ่ม Damage ของ<br>Photon Blades ในระหว่างที่ใช้<br>Photon Blade Fever"""
item_Berserk_1#1,"""เพิ่ม Damage และ PP<br>Recovery แต่คุณจะได้รับ<br>Damage เป็น<br>ระยะๆ"""
item_Berserk_2#1,"""เพิ่ม Damage และ PP<br>Recovery แต่คุณจะได้รับ<br>Damage เป็น<br>ระยะๆ"""
item_Berserk_3#1,"""เพิ่ม Damage และ PP<br>Recovery แต่คุณจะได้รับ<br>Damage เป็น<br>ระยะๆ"""
item_Berserk_4#1,"""เพิ่ม Damage และ PP<br>Recovery แต่คุณจะได้รับ<br>Damage เป็น<br>ระยะๆ"""
item_Berserk_5#1,"""เพิ่ม Damage และ PP<br>Recovery แต่คุณจะได้รับ<br>Damage เป็น<br>ระยะๆ"""
item_OverPPSlayer_1#1,"""เพิ่ม Damage แบบ Striking, Ranged,<br>และ Tech เมื่อ<br>มี PP มากกว่า 50%"""
item_OverPPSlayer_2#1,"""เพิ่ม Damage แบบ Striking, Ranged,<br>และ Tech เมื่อ<br>มี PP มากกว่า 50%"""
item_OverPPSlayer_3#1,"""เพิ่ม Damage แบบ Striking, Ranged,<br>และ Tech เมื่อ<br>มี PP มากกว่า 50%"""
item_OverPPSlayer_4#1,"""เพิ่ม Damage แบบ Striking, Ranged,<br>และ Tech เมื่อ<br>มี PP มากกว่า 50%"""
item_OverPPSlayer_5#1,"""เพิ่ม Damage แบบ Striking, Ranged,<br>และ Tech เมื่อ<br>มี PP มากกว่า 50%"""
item_OverPPSlayer2_1#1,"""เพิ่ม T-ATK ขึ้น<br>600 ในขณะที่<br>มี PP มากกว่า 50%"""
item_OverPPSlayer2_2#1,"""เพิ่ม T-ATK ขึ้น<br>700 ในขณะที่<br>มี PP มากกว่า 50%"""
item_OverPPSlayer2_3#1,"""เพิ่ม T-ATK ขึ้น<br>800 ในขณะที่<br>มี PP มากกว่า 50%"""
item_OverPPSlayer2_4#1,"""เพิ่ม T-ATK ขึ้น<br>900 ในขณะที่<br>มี PP มากกว่า 50%"""
item_OverPPSlayer2_5#1,"""เพิ่ม T-ATK ขึ้น<br>1000 ในขณะที่<br>มี PP มากกว่า 50%"""
item_EnchantInjury1_1#1,"""มีโอกาสคงที่ที่จะ<br>ทำให้ตัวเอง<br>ติดสถานะ Injury"""
item_EnchantInjury1_2#1,"""มีโอกาสคงที่ที่จะ<br>ทำให้ตัวเอง<br>ติดสถานะ Injury"""
item_EnchantInjury1_3#1,"""มีโอกาสคงที่ที่จะ<br>ทำให้ตัวเอง<br>ติดสถานะ Injury"""
item_EnchantInjury1_4#1,"""มีโอกาสคงที่ที่จะ<br>ทำให้ตัวเอง<br>ติดสถานะ Injury"""
item_EnchantInjury1_5#1,"""มีโอกาสคงที่ที่จะ<br>ทำให้ตัวเอง<br>ติดสถานะ Injury"""
item_JustAttackInjury_1#1,"""เมื่อทำการ Just Attack<br>มีโอกาสที่จะ<br>ทำให้ศัตรูติดสถานะ Injury"""
item_JustAttackInjury_2#1,"""เมื่อทำการ Just Attack<br>มีโอกาสที่จะ<br>ทำให้ศัตรูติดสถานะ Injury"""
item_JustAttackInjury_3#1,"""เมื่อทำการ Just Attack<br>มีโอกาสที่จะ<br>ทำให้ศัตรูติดสถานะ Injury"""
item_JustAttackInjury_4#1,"""เมื่อทำการ Just Attack<br>มีโอกาสที่จะ<br>ทำให้ศัตรูติดสถานะ Injury"""
item_JustAttackInjury_5#1,"""เมื่อทำการ Just Attack<br>มีโอกาสที่จะ<br>ทำให้ศัตรูติดสถานะ Injury"""
item_JustAttackJellen_1#1,"""เมื่อทำการ Just Attack<br>มีโอกาสที่จะ<br>ทำให้ศัตรูติดสถานะ Jellen"""
item_JustAttackJellen_2#1,"""เมื่อทำการ Just Attack<br>มีโอกาสที่จะ<br>ทำให้ศัตรูติดสถานะ Jellen"""
item_JustAttackJellen_3#1,"""เมื่อทำการ Just Attack<br>มีโอกาสที่จะ<br>ทำให้ศัตรูติดสถานะ Jellen"""
item_JustAttackJellen_4#1,"""เมื่อทำการ Just Attack<br>มีโอกาสที่จะ<br>ทำให้ศัตรูติดสถานะ Jellen"""
item_JustAttackJellen_5#1,"""เมื่อทำการ Just Attack<br>มีโอกาสที่จะ<br>ทำให้ศัตรูติดสถานะ Jellen"""
item_SwordPA10TechnicUp_1#1,"""ในระหว่างที่ผลของ<br>Sacrifice Bite ทำงาน<br>Tech Damage เพิ่มขึ้น 20%"""
item_SwordPA10TechnicUp_2#1,"""ในระหว่างที่ผลของ<br>Sacrifice Bite ทำงาน<br>Tech Damage เพิ่มขึ้น 22%"""
item_SwordPA10TechnicUp_3#1,"""ในระหว่างที่ผลของ<br>Sacrifice Bite ทำงาน<br>Tech Damage เพิ่มขึ้น 25%"""
item_SwordPA10TechnicUp_4#1,"""ในระหว่างที่ผลของ<br>Sacrifice Bite ทำงาน<br>Tech Damage เพิ่มขึ้น 35%"""
item_SwordPA10TechnicUp_5#1,"""ในระหว่างที่ผลของ<br>Sacrifice Bite ทำงาน<br>Tech Damage เพิ่มขึ้น 40%"""
item_KnucklePA10ProbabilityUp_1#1,"""เมื่อทำการชาร์จ<br>Meteor Fist<br>จะมีโอกาสออกหมัดรุนแรงได้ง่ายขึ้น"""
item_KnucklePA10ProbabilityUp_2#1,"""เมื่อทำการชาร์จ<br>Meteor Fist<br>จะมีโอกาสออกหมัดรุนแรงได้ง่ายขึ้น"""
item_KnucklePA10ProbabilityUp_3#1,"""เมื่อทำการชาร์จ<br>Meteor Fist<br>จะมีโอกาสออกหมัดรุนแรงได้ง่ายขึ้น"""
item_KnucklePA10ProbabilityUp_4#1,"""เมื่อทำการชาร์จ<br>Meteor Fist<br>จะมีโอกาสออกหมัดรุนแรงได้ง่ายขึ้น"""
item_KnucklePA10ProbabilityUp_5#1,"""เมื่อทำการชาร์จ<br>Meteor Fist<br>จะมีโอกาสออกหมัดรุนแรงได้ง่ายขึ้น"""
item_GiantKilling_1#1,"""เพิ่ม Damage 10%<br>เมื่อโจมตีศัตรูที่แข็งแกร่ง"""
item_GiantKilling_2#1,"""เพิ่ม Damage 14%<br>เมื่อโจมตีศัตรูที่แข็งแกร่ง"""
item_GiantKilling_3#1,"""เพิ่ม Damage 18%<br>เมื่อโจมตีศัตรูที่แข็งแกร่ง"""
item_GiantKilling_4#1,"""เพิ่ม Damage 22%<br>เมื่อโจมตีศัตรูที่แข็งแกร่ง"""
item_GiantKilling_5#1,"""เพิ่ม Damage 26%<br>เมื่อโจมตีศัตรูที่แข็งแกร่ง"""
item_GiantKillingPlus_1#1,"""เมื่อต่อสู้กับศัตรูที่แข็งแกร่ง<br>Damage ที่ทำได้เพิ่มขึ้น 10%<br>และ Damage ที่ได้รับลดลง 13%"""
item_GiantKillingPlus_2#1,"""เมื่อต่อสู้กับศัตรูที่แข็งแกร่ง<br>Damage ที่ทำได้เพิ่มขึ้น 11%<br>และ Damage ที่ได้รับลดลง 14%"""
item_GiantKillingPlus_3#1,"""เมื่อต่อสู้กับศัตรูที่แข็งแกร่ง<br>Damage ที่ทำได้เพิ่มขึ้น 12%<br>และ Damage ที่ได้รับลดลง 15%"""
item_GiantKillingPlus_4#1,"""เมื่อต่อสู้กับศัตรูที่แข็งแกร่ง<br>Damage ที่ทำได้เพิ่มขึ้น 13%<br>และ Damage ที่ได้รับลดลง 16%"""
item_GiantKillingPlus_5#1,"""เมื่อต่อสู้กับศัตรูที่แข็งแกร่ง<br>Damage ที่ทำได้เพิ่มขึ้น 14%<br>และ Damage ที่ได้รับลดลง 17%"""
item_MovingSnipe_1#1,"""เพิ่ม Damage ของการโจมตีแบบ Ranged<br>ในขณะเคลื่อนที่<br>ขึ้น 9%"""
item_MovingSnipe_2#1,"""เพิ่ม Damage ของการโจมตีแบบ Ranged<br>ในขณะเคลื่อนที่<br>ขึ้น 12%"""
item_MovingSnipe_3#1,"""เพิ่ม Damage ของการโจมตีแบบ Ranged<br>ในขณะเคลื่อนที่<br>ขึ้น 15%"""
item_MovingSnipe_4#1,"""เพิ่ม Damage ของการโจมตีแบบ Ranged<br>ในขณะเคลื่อนที่<br>ขึ้น 18%"""
item_MovingSnipe_5#1,"""เพิ่ม Damage ของการโจมตีแบบ Ranged<br>ในขณะเคลื่อนที่<br>ขึ้น 21%"""
item_MovingSnipe2_1#1,"""เพิ่ม Damage ของการโจมตีแบบ Ranged<br>ในขณะเคลื่อนที่<br>ขึ้น 25%"""
item_MovingSnipe2_2#1,"""เพิ่ม Damage ของการโจมตีแบบ Ranged<br>ในขณะเคลื่อนที่<br>ขึ้น 27%"""
item_MovingSnipe2_3#1,"""เพิ่ม Damage ของการโจมตีแบบ Ranged<br>ในขณะเคลื่อนที่<br>ขึ้น 30%"""
item_MovingSnipe2_4#1,"""เพิ่ม Damage ของการโจมตีแบบ Ranged<br>ในขณะเคลื่อนที่<br>ขึ้น 32%"""
item_MovingSnipe2_5#1,"""เพิ่ม Damage ของการโจมตีแบบ Ranged<br>ในขณะเคลื่อนที่<br>ขึ้น 35%"""
item_SRollJustAttackKeep_1#1,"""ได้รับโบนัส Damage<br>สำหรับ Just Attack เพิ่มเติม<br>หลังจากใช้สกิล S-Roll JA Bonus"""
item_SRollJustAttackKeep_2#1,"""ได้รับโบนัส Damage<br>สำหรับ Just Attack เพิ่มเติม<br>หลังจากใช้สกิล S-Roll JA Bonus"""
item_SRollJustAttackKeep_3#1,"""ได้รับโบนัส Damage<br>สำหรับ Just Attack เพิ่มเติม<br>หลังจากใช้สกิล S-Roll JA Bonus"""
item_SRollJustAttackKeep_4#1,"""ได้รับโบนัส Damage<br>สำหรับ Just Attack เพิ่มเติม<br>หลังจากใช้สกิล S-Roll JA Bonus"""
item_SRollJustAttackKeep_5#1,"""ได้รับโบนัส Damage<br>สำหรับ Just Attack เพิ่มเติม<br>หลังจากใช้สกิล S-Roll JA Bonus"""
item_FreezeKeep_1#1,"""เพิ่มความต้านทาน<br>ต่อสถานะผิดปกติ Freeze"""
item_FreezeKeep_2#1,"""เพิ่มความต้านทาน<br>ต่อสถานะผิดปกติ Freeze"""
item_FreezeKeep_3#1,"""เพิ่มความต้านทาน<br>ต่อสถานะผิดปกติ Freeze"""
item_FreezeKeep_4#1,"""เพิ่มความต้านทาน<br>ต่อสถานะผิดปกติ Freeze"""
item_FreezeKeep_5#1,"""เพิ่มความต้านทาน<br>ต่อสถานะผิดปกติ Freeze"""
item_PPOverDrive1_1#1,"""เมื่อใช้ PAs หรือ Techniques<br>ลด PP Consumption ลง 6%<br>และเพิ่ม Damage ขึ้น 1%"""
item_PPOverDrive1_2#1,"""เมื่อใช้ PAs หรือ Techniques<br>ลด PP Consumption ลง 8%<br>และเพิ่ม Damage ขึ้น 2%"""
item_PPOverDrive1_3#1,"""เมื่อใช้ PAs หรือ Techniques<br>ลด PP Consumption ลง 10%<br>และเพิ่ม Damage ขึ้น 3%"""
item_PPOverDrive1_4#1,"""เมื่อใช้ PAs หรือ Techniques<br>ลด PP Consumption ลง 12%<br>และเพิ่ม Damage ขึ้น 4%"""
item_PPOverDrive1_5#1,"""เมื่อใช้ PAs หรือ Techniques<br>ลด PP Consumption ลง 14%<br>และเพิ่ม Damage ขึ้น 5%"""
item_PPOverDrive3_1#1,"""เมื่อใช้ PAs หรือ Techniques<br>เพิ่ม PP Consumption ขึ้น 15%<br>และเพิ่ม Damage ขึ้น 10%"""
item_PPOverDrive3_2#1,"""เมื่อใช้ PAs หรือ Techniques<br>เพิ่ม PP Consumption ขึ้น 15%<br>และเพิ่ม Damage ขึ้น 12%"""
item_PPOverDrive3_3#1,"""เมื่อใช้ PAs หรือ Techniques<br>เพิ่ม PP Consumption ขึ้น 15%<br>และเพิ่ม Damage ขึ้น 15%"""
item_PPOverDrive3_4#1,"""เมื่อใช้ PAs หรือ Techniques<br>เพิ่ม PP Consumption ขึ้น 15%<br>และเพิ่ม Damage ขึ้น 15%"""
item_PPOverDrive3_5#1,"""เมื่อใช้ PAs หรือ Techniques<br>เพิ่ม PP Consumption ขึ้น 15%<br>และเพิ่ม Damage ขึ้น 15%"""
item_PPOverDrive4_1#1,"""เมื่อใช้ PAs หรือ Techniques<br>ลด PP Consumption ลง 20%<br>แต่ลด Damage ลง 5%"""
item_PPOverDrive4_2#1,"""เมื่อใช้ PAs หรือ Techniques<br>ลด PP Consumption ลง 25%<br>แต่ลด Damage ลง 5%"""
item_PPOverDrive4_3#1,"""เมื่อใช้ PAs หรือ Techniques<br>ลด PP Consumption ลง 30%<br>แต่ลด Damage ลง 5%"""
item_PPOverDrive4_4#1,"""เมื่อใช้ PAs หรือ Techniques<br>ลด PP Consumption ลง 35%<br>แต่ลด Damage ลง 5%"""
item_PPOverDrive4_5#1,"""เมื่อใช้ PAs หรือ Techniques<br>ลด PP Consumption ลง 40%<br>แต่ลด Damage ลง 5%"""
item_PPOverDrive2_1#1,"""เมื่อใช้ PAs หรือ Techniques<br>ลด PP Consumption ลง 4%<br>และเพิ่ม Damage ขึ้น 4%"""
item_PPOverDrive2_2#1,"""เมื่อใช้ PAs หรือ Techniques<br>ลด PP Consumption ลง 5%<br>และเพิ่ม Damage ขึ้น 5%"""
item_PPOverDrive2_3#1,"""เมื่อใช้ PAs หรือ Techniques<br>ลด PP Consumption ลง 6%<br>และเพิ่ม Damage ขึ้น 6%"""
item_PPOverDrive2_4#1,"""เมื่อใช้ PAs หรือ Techniques<br>ลด PP Consumption ลง 7%<br>และเพิ่ม Damage ขึ้น 7%"""
item_PPOverDrive2_5#1,"""เมื่อใช้ PAs หรือ Techniques<br>ลด PP Consumption ลง 8%<br>และเพิ่ม Damage ขึ้น 8%"""
item_PPOverDrive5_1#1,"""เมื่อใช้ Techniques<br>ลด PP Consumption ลง 10%<br>และเพิ่ม Damage ขึ้น 10%"""
item_PPOverDrive5_2#1,"""เมื่อใช้ Techniques<br>ลด PP Consumption ลง 12%<br>และเพิ่ม Damage ขึ้น 12%"""
item_PPOverDrive5_3#1,"""เมื่อใช้ Techniques<br>ลด PP Consumption ลง 15%<br>และเพิ่ม Damage ขึ้น 15%"""
item_PPOverDrive5_4#1,"""เมื่อใช้ Techniques<br>ลด PP Consumption ลง 17%<br>และเพิ่ม Damage ขึ้น 17%"""
item_PPOverDrive5_5#1,"""เมื่อใช้ Techniques<br>ลด PP Consumption ลง 20%<br>และเพิ่ม Damage ขึ้น 20%"""
item_PPOverDrive6_1#1,"""เมื่อใช้ PAs หรือ Techniques<br>ลด PP Consumption ลง 10%<br>และเพิ่ม Damage ขึ้น 5%"""
item_PPOverDrive6_2#1,"""เมื่อใช้ PAs หรือ Techniques<br>ลด PP Consumption ลง 15%<br>และเพิ่ม Damage ขึ้น 7%"""
item_PPOverDrive6_3#1,"""เมื่อใช้ PAs หรือ Techniques<br>ลด PP Consumption ลง 20%<br>และเพิ่ม Damage ขึ้น 10%"""
item_PPOverDrive6_4#1,"""เมื่อใช้ PAs หรือ Techniques<br>ลด PP Consumption ลง 25%<br>และเพิ่ม Damage ขึ้น 12%"""
item_PPOverDrive6_5#1,"""เมื่อใช้ PAs หรือ Techniques<br>ลด PP Consumption ลง 30%<br>และเพิ่ม Damage ขึ้น 15%"""
item_PPOverDrive7_1#1,"""เมื่อใช้ PAs หรือ Techniques<br>ลด PP Consumption ลง 10%<br>และเพิ่ม Damage ขึ้น 5%"""
item_PPOverDrive7_2#1,"""เมื่อใช้ PAs หรือ Techniques<br>ลด PP Consumption ลง 15%<br>และเพิ่ม Damage ขึ้น 7%"""
item_PPOverDrive7_3#1,"""เมื่อใช้ PAs หรือ Techniques<br>ลด PP Consumption ลง 20%<br>และเพิ่ม Damage ขึ้น 10%"""
item_PPOverDrive7_4#1,"""เมื่อใช้ PAs หรือ Techniques<br>ลด PP Consumption ลง 25%<br>และเพิ่ม Damage ขึ้น 12%"""
item_PPOverDrive7_5#1,"""เมื่อใช้ PAs หรือ Techniques<br>ลด PP Consumption ลง 30%<br>และเพิ่ม Damage ขึ้น 15%"""
item_PPOverDrive8_1#0,"""เมื่อใช้ PAs หรือ Techniques<br>ลด PP Consumption ลง 10%<br>และเพิ่ม Damage ขึ้น 5%"""
item_PPOverDrive8_2#0,"""เมื่อใช้ PAs หรือ Techniques<br>ลด PP Consumption ลง 15%<br>และเพิ่ม Damage ขึ้น 7%"""
item_PPOverDrive8_3#0,"""เมื่อใช้ PAs หรือ Techniques<br>ลด PP Consumption ลง 20%<br>และเพิ่ม Damage ขึ้น 10%"""
item_PPOverDrive8_4#0,"""เมื่อใช้ PAs หรือ Techniques<br>ลด PP Consumption ลง 25%<br>และเพิ่ม Damage ขึ้น 12%"""
item_PPOverDrive8_5#0,"""เมื่อใช้ PAs หรือ Techniques<br>ลด PP Consumption ลง 30%<br>และเพิ่ม Damage ขึ้น 15%"""
item_BestRangeBonus1_1#1,"""เมื่อโจมตีในระยะประชิด<br>เพิ่ม Critical Hit Rate ขึ้น 15%<br>และเพิ่ม Damage ขึ้น 6%"""
item_BestRangeBonus1_2#1,"""เมื่อโจมตีในระยะประชิด<br>เพิ่ม Critical Hit Rate ขึ้น 20%<br>และเพิ่ม Damage ขึ้น 9%"""
item_BestRangeBonus1_3#1,"""เมื่อโจมตีในระยะประชิด<br>เพิ่ม Critical Hit Rate ขึ้น 25%<br>และเพิ่ม Damage ขึ้น 12%"""
item_BestRangeBonus1_4#1,"""เมื่อโจมตีในระยะประชิด<br>เพิ่ม Critical Hit Rate ขึ้น 30%<br>และเพิ่ม Damage ขึ้น 15%"""
item_BestRangeBonus1_5#1,"""เมื่อโจมตีในระยะประชิด<br>เพิ่ม Critical Hit Rate ขึ้น 35%<br>และเพิ่ม Damage ขึ้น 18%"""
item_BestRangeBonus2_1#1,"""เมื่อโจมตีในระยะใกล้<br>เพิ่ม Critical Hit Rate ขึ้น 25%<br>และเพิ่ม Damage ขึ้น 5%"""
item_BestRangeBonus2_2#1,"""เมื่อโจมตีในระยะใกล้<br>เพิ่ม Critical Hit Rate ขึ้น 30%<br>และเพิ่ม Damage ขึ้น 8%"""
item_BestRangeBonus2_3#1,"""เมื่อโจมตีในระยะใกล้<br>เพิ่ม Critical Hit Rate ขึ้น 35%<br>และเพิ่ม Damage ขึ้น 11%"""
item_BestRangeBonus2_4#1,"""เมื่อโจมตีในระยะใกล้<br>เพิ่ม Critical Hit Rate ขึ้น 40%<br>และเพิ่ม Damage ขึ้น 14%"""
item_BestRangeBonus2_5#1,"""เมื่อโจมตีในระยะใกล้<br>เพิ่ม Critical Hit Rate ขึ้น 45%<br>และเพิ่ม Damage ขึ้น 17%"""
item_BestRangeBonus3_1#1,"""เมื่อโจมตีในระยะปานกลาง<br>เพิ่ม Critical Hit Rate ขึ้น 25%<br>และเพิ่ม Damage ขึ้น 5%"""
item_BestRangeBonus3_2#1,"""เมื่อโจมตีในระยะปานกลาง<br>เพิ่ม Critical Hit Rate ขึ้น 30%<br>และเพิ่ม Damage ขึ้น 8%"""
item_BestRangeBonus3_3#1,"""เมื่อโจมตีในระยะปานกลาง<br>เพิ่ม Critical Hit Rate ขึ้น 35%<br>และเพิ่ม Damage ขึ้น 11%"""
item_BestRangeBonus3_4#1,"""เมื่อโจมตีในระยะปานกลาง<br>เพิ่ม Critical Hit Rate ขึ้น 40%<br>และเพิ่ม Damage ขึ้น 14%"""
item_BestRangeBonus3_5#1,"""เมื่อโจมตีในระยะปานกลาง<br>เพิ่ม Critical Hit Rate ขึ้น 45%<br>และเพิ่ม Damage ขึ้น 17%"""
item_MixedTechnicCharge_1#1,"""ได้รับโบนัส 50%<br>สำหรับอัตราการเพิ่มเกจ<br>ของ Compound Techniques"""
item_MixedTechnicCharge_2#1,"""ได้รับโบนัส 60%<br>สำหรับอัตราการเพิ่มเกจ<br>ของ Compound Techniques"""
item_MixedTechnicCharge_3#1,"""ได้รับโบนัส 70%<br>สำหรับอัตราการเพิ่มเกจ<br>ของ Compound Techniques"""
item_MixedTechnicCharge_4#1,"""ได้รับโบนัส 80%<br>สำหรับอัตราการเพิ่มเกจ<br>ของ Compound Techniques"""
item_MixedTechnicCharge_5#1,"""ได้รับโบนัส 90%<br>สำหรับอัตราการเพิ่มเกจ<br>ของ Compound Techniques"""
item_SnatchStepBonus_1#1,"""เพิ่ม Snatch Step ขึ้น 100%<br>และเพิ่ม Damage ของ<br>Step JA Combo ขึ้น 5%"""
item_SnatchStepBonus_2#1,"""เพิ่ม Snatch Step ขึ้น 200%<br>และเพิ่ม Damage ของ<br>Step JA Combo ขึ้น 9%"""
item_SnatchStepBonus_3#1,"""เพิ่ม Snatch Step ขึ้น 300%<br>และเพิ่ม Damage ของ<br>Step JA Combo ขึ้น 14%"""
item_SnatchStepBonus_4#1,"""เพิ่ม Snatch Step ขึ้น 400%<br>และเพิ่ม Damage ของ<br>Step JA Combo ขึ้น 18%"""
item_SnatchStepBonus_5#1,"""เพิ่ม Snatch Step ขึ้น 500%<br>และเพิ่ม Damage ของ<br>Step JA Combo ขึ้น 23%"""
item_BeginnerTechnicUp_1#1,"""เพิ่ม Damage ของ<br>Techniques ตระกูล Il<br>ขึ้น 18%"""
item_BeginnerTechnicUp_2#1,"""เพิ่ม Damage ของ<br>Techniques ตระกูล Il<br>ขึ้น 20%"""
item_BeginnerTechnicUp_3#1,"""เพิ่ม Damage ของ<br>Techniques ตระกูล Il<br>ขึ้น 23%"""
item_BeginnerTechnicUp_4#1,"""เพิ่ม Damage ของ<br>Techniques ตระกูล Il<br>ขึ้น 25%"""
item_BeginnerTechnicUp_5#1,"""เพิ่ม Damage ของ<br>Techniques ตระกูล Il<br>ขึ้น 28%"""
item_MediumTechnicUp_1#1,"""เพิ่ม Damage ของ<br>Basic Techniques แต่ละธาตุ<br>เช่น Foie ขึ้น 18%"""
item_MediumTechnicUp_2#1,"""เพิ่ม Damage ของ<br>Basic Techniques แต่ละธาตุ<br>เช่น Foie ขึ้น 20%"""
item_MediumTechnicUp_3#1,"""เพิ่ม Damage ของ<br>Basic Techniques แต่ละธาตุ<br>เช่น Foie ขึ้น 23%"""
item_MediumTechnicUp_4#1,"""เพิ่ม Damage ของ<br>Basic Techniques แต่ละธาตุ<br>เช่น Foie ขึ้น 25%"""
item_MediumTechnicUp_5#1,"""เพิ่ม Damage ของ<br>Basic Techniques แต่ละธาตุ<br>เช่น Foie ขึ้น 28%"""
item_AdvancedTechnicUp_1#1,"""Unset Potential"""
item_AdvancedTechnicUp_2#1,"""Unset Potential"""
item_AdvancedTechnicUp_3#1,"""Unset Potential"""
item_AdvancedTechnicUp_4#1,"""Unset Potential"""
item_AdvancedTechnicUp_5#1,"""Unset Potential"""
item_ConditionMirage_1#1,"""เพิ่มโอกาสในการ<br>ทำให้เกิดสถานะ Mirage ด้วย<br>การโจมตีแบบ Striking และ Ranged"""
item_ConditionMirage_2#1,"""เพิ่มโอกาสในการ<br>ทำให้เกิดสถานะ Mirage ด้วย<br>การโจมตีแบบ Striking และ Ranged"""
item_ConditionMirage_3#1,"""เพิ่มโอกาสในการ<br>ทำให้เกิดสถานะ Mirage ด้วย<br>การโจมตีแบบ Striking และ Ranged"""
item_ConditionMirage_4#1,"""เพิ่มโอกาสในการ<br>ทำให้เกิดสถานะ Mirage ด้วย<br>การโจมตีแบบ Striking และ Ranged"""
item_ConditionMirage_5#1,"""เพิ่มโอกาสในการ<br>ทำให้เกิดสถานะ Mirage ด้วย<br>การโจมตีแบบ Striking และ Ranged"""
item_ConditionPanic_1#1,"""เพิ่มโอกาสในการ<br>ทำให้เกิดสถานะ Panic ด้วย<br>การโจมตีแบบ Striking และ Ranged"""
item_ConditionPanic_2#1,"""เพิ่มโอกาสในการ<br>ทำให้เกิดสถานะ Panic ด้วย<br>การโจมตีแบบ Striking และ Ranged"""
item_ConditionPanic_3#1,"""เพิ่มโอกาสในการ<br>ทำให้เกิดสถานะ Panic ด้วย<br>การโจมตีแบบ Striking และ Ranged"""
item_ConditionPanic_4#1,"""เพิ่มโอกาสในการ<br>ทำให้เกิดสถานะ Panic ด้วย<br>การโจมตีแบบ Striking และ Ranged"""
item_ConditionPanic_5#1,"""เพิ่มโอกาสในการ<br>ทำให้เกิดสถานะ Panic ด้วย<br>การโจมตีแบบ Striking และ Ranged"""
item_TdaggerParingBonus_1#1,"""Unset Potential"""
item_TdaggerParingBonus_2#1,"""Unset Potential"""
item_TdaggerParingBonus_3#1,"""Unset Potential"""
item_TdaggerParingBonus_4#1,"""Unset Potential"""
item_TdaggerParingBonus_5#1,"""Unset Potential"""
item_JustCounterJABonus_1#1,"""เพิ่ม Damage ของ<br>Just Attack หลังจากการ<br>Just Guard ขึ้น 15%"""
item_JustCounterJABonus_2#1,"""เพิ่ม Damage ของ<br>Just Attack หลังจากการ<br>Just Guard ขึ้น 17%"""
item_JustCounterJABonus_3#1,"""เพิ่ม Damage ของ<br>Just Attack หลังจากการ<br>Just Guard ขึ้น 20%"""
item_JustCounterJABonus_4#1,"""เพิ่ม Damage ของ<br>Just Attack หลังจากการ<br>Just Guard ขึ้น 22%"""
item_JustCounterJABonus_5#1,"""เพิ่ม Damage ของ<br>Just Attack หลังจากการ<br>Just Guard ขึ้น 25%"""
item_OneMoreTimeAdvance_1#1,"""Unset Potential"""
item_OneMoreTimeAdvance_2#1,"""Unset Potential"""
item_OneMoreTimeAdvance_3#1,"""Unset Potential"""
item_OneMoreTimeAdvance_4#1,"""Unset Potential"""
item_OneMoreTimeAdvance_5#1,"""Unset Potential"""
item_ZeroRangeBoost1_1#1,"""เมื่อทำการโจมตีแบบ Striking<br>โดนเป้าหมายในระยะประชิด<br>Damage จะเพิ่มขึ้น"""
item_ZeroRangeBoost1_2#1,"""เมื่อทำการโจมตีแบบ Striking<br>โดนเป้าหมายในระยะประชิด<br>Damage จะเพิ่มขึ้น"""
item_ZeroRangeBoost1_3#1,"""เมื่อทำการโจมตีแบบ Striking<br>โดนเป้าหมายในระยะประชิด<br>Damage จะเพิ่มขึ้น"""
item_ZeroRangeBoost1_4#1,"""เมื่อทำการโจมตีแบบ Striking<br>โดนเป้าหมายในระยะประชิด<br>Damage จะเพิ่มขึ้น"""
item_ZeroRangeBoost1_5#1,"""เมื่อทำการโจมตีแบบ Striking<br>โดนเป้าหมายในระยะประชิด<br>Damage จะเพิ่มขึ้น"""
item_ZeroRangeBoost2_1#1,"""เมื่อทำการโจมตีแบบ Tech<br>โดนเป้าหมายในระยะใกล้<br>Damage จะเพิ่มขึ้น"""
item_ZeroRangeBoost2_2#1,"""เมื่อทำการโจมตีแบบ Tech<br>โดนเป้าหมายในระยะใกล้<br>Damage จะเพิ่มขึ้น"""
item_ZeroRangeBoost2_3#1,"""เมื่อทำการโจมตีแบบ Tech<br>โดนเป้าหมายในระยะใกล้<br>Damage จะเพิ่มขึ้น"""
item_ZeroRangeBoost2_4#1,"""เมื่อทำการโจมตีแบบ Tech<br>โดนเป้าหมายในระยะใกล้<br>Damage จะเพิ่มขึ้น"""
item_ZeroRangeBoost2_5#1,"""เมื่อทำการโจมตีแบบ Tech<br>โดนเป้าหมายในระยะใกล้<br>Damage จะเพิ่มขึ้น"""
item_BackAttackBonus_1#1,"""เมื่อทำการโจมตีศัตรู<br>จากด้านหลัง จะเพิ่ม Damage ที่ทำได้<br>และปริมาณ PP Recovery"""
item_BackAttackBonus_2#1,"""เมื่อทำการโจมตีศัตรู<br>จากด้านหลัง จะเพิ่ม Damage ที่ทำได้<br>และปริมาณ PP Recovery"""
item_BackAttackBonus_3#1,"""เมื่อทำการโจมตีศัตรู<br>จากด้านหลัง จะเพิ่ม Damage ที่ทำได้<br>และปริมาณ PP Recovery"""
item_BackAttackBonus_4#1,"""เมื่อทำการโจมตีศัตรู<br>จากด้านหลัง จะเพิ่ม Damage ที่ทำได้<br>และปริมาณ PP Recovery"""
item_BackAttackBonus_5#1,"""เมื่อทำการโจมตีศัตรู<br>จากด้านหลัง จะเพิ่ม Damage ที่ทำได้<br>และปริมาณ PP Recovery"""
item_BreakAttackBonus_1#1,"""เมื่อทำการโจมตีชิ้นส่วน<br>ที่สามารถทำลายได้ จะเพิ่ม Damage ที่ทำได้<br>และปริมาณ PP Recovery"""
item_BreakAttackBonus_2#1,"""เมื่อทำการโจมตีชิ้นส่วน<br>ที่สามารถทำลายได้ จะเพิ่ม Damage ที่ทำได้<br>และปริมาณ PP Recovery"""
item_BreakAttackBonus_3#1,"""เมื่อทำการโจมตีชิ้นส่วน<br>ที่สามารถทำลายได้ จะเพิ่ม Damage ที่ทำได้<br>และปริมาณ PP Recovery"""
item_BreakAttackBonus_4#1,"""เมื่อทำการโจมตีชิ้นส่วน<br>ที่สามารถทำลายได้ จะเพิ่ม Damage ที่ทำได้<br>และปริมาณ PP Recovery"""
item_BreakAttackBonus_5#1,"""เมื่อทำการโจมตีชิ้นส่วน<br>ที่สามารถทำลายได้ จะเพิ่ม Damage ที่ทำได้<br>และปริมาณ PP Recovery"""
item_BestRangeBonus1b_1#1,"""เมื่อโจมตีในระยะไกล<br>เพิ่ม Critical Hit Rate ขึ้น 35%<br>และเพิ่ม Damage ขึ้น 4%"""
item_BestRangeBonus1b_2#1,"""เมื่อโจมตีในระยะไกล<br>เพิ่ม Critical Hit Rate ขึ้น 40%<br>และเพิ่ม Damage ขึ้น 7%"""
item_BestRangeBonus1b_3#1,"""เมื่อโจมตีในระยะไกล<br>เพิ่ม Critical Hit Rate ขึ้น 45%<br>และเพิ่ม Damage ขึ้น 10%"""
item_BestRangeBonus1b_4#1,"""เมื่อโจมตีในระยะไกล<br>เพิ่ม Critical Hit Rate ขึ้น 50%<br>และเพิ่ม Damage ขึ้น 13%"""
item_BestRangeBonus1b_5#1,"""เมื่อโจมตีในระยะไกล<br>เพิ่ม Critical Hit Rate ขึ้น 55%<br>และเพิ่ม Damage ขึ้น 16%"""
item_BestRangeBonus2b_1#1,"""เมื่อโจมตีในระยะใกล้<br>เพิ่ม Damage ขึ้น 25%"""
item_BestRangeBonus2b_2#1,"""เมื่อโจมตีในระยะใกล้<br>เพิ่ม Damage ขึ้น 27%"""
item_BestRangeBonus2b_3#1,"""เมื่อโจมตีในระยะใกล้<br>เพิ่ม Damage ขึ้น 30%"""
item_BestRangeBonus2b_4#1,"""เมื่อโจมตีในระยะใกล้<br>เพิ่ม Damage ขึ้น 32%"""
item_BestRangeBonus2b_5#1,"""เมื่อโจมตีในระยะใกล้<br>เพิ่ม Damage ขึ้น 35%"""
item_BestRangeBonus3b_1#1,"""เมื่ออยู่ในระยะใกล้<br>เพิ่ม Damage ที่ทำได้ขึ้น<br>8%"""
item_BestRangeBonus3b_2#1,"""เมื่ออยู่ในระยะใกล้<br>เพิ่ม Damage ที่ทำได้ขึ้น<br>10%"""
item_BestRangeBonus3b_3#1,"""เมื่ออยู่ในระยะใกล้<br>เพิ่ม Damage ที่ทำได้ขึ้น<br>12%"""
item_BestRangeBonus3b_4#1,"""เมื่ออยู่ในระยะใกล้<br>เพิ่ม Damage ที่ทำได้ขึ้น<br>14%"""
item_BestRangeBonus3b_5#1,"""เพิ่ม Damage ขึ้น 16%<br>เมื่อโจมตีในระยะใกล้"""
item_AirAttackBurst2_1#1,"""เมื่อโจมตีกลางอากาศ<br>เพิ่ม Damage ที่ทำได้ขึ้น 20%"""
item_AirAttackBurst2_2#1,"""เมื่อโจมตีกลางอากาศ<br>เพิ่ม Damage ที่ทำได้ขึ้น 22%"""
item_AirAttackBurst2_3#1,"""เมื่อโจมตีกลางอากาศ<br>เพิ่ม Damage ที่ทำได้ขึ้น 25%"""
item_AirAttackBurst2_4#1,"""เมื่อโจมตีกลางอากาศ<br>เพิ่ม Damage ที่ทำได้ขึ้น 27%"""
item_AirAttackBurst2_5#1,"""เมื่อโจมตีกลางอากาศ<br>เพิ่ม Damage ที่ทำได้ขึ้น 30%"""
item_WeatherDamageUpWithoutFine_1#1,"""Unset Potential"""
item_WeatherDamageUpWithoutFine_2#1,"""Unset Potential"""
item_WeatherDamageUpWithoutFine_3#1,"""Unset Potential"""
item_WeatherDamageUpWithoutFine_4#1,"""Unset Potential"""
item_WeatherDamageUpWithoutFine_5#1,"""Unset Potential"""
item_DamageBonusRaceUlt1_1#1,"""เพิ่ม Damage ที่ทำกับ<br>Darkers และ<br>DA-Aberrations"""
item_DamageBonusRaceUlt1_2#1,"""เพิ่ม Damage ที่ทำกับ<br>Darkers และ<br>DA-Aberrations"""
item_DamageBonusRaceUlt1_3#1,"""เพิ่ม Damage ที่ทำกับ<br>Darkers และ<br>DA-Aberrations"""
item_DamageBonusRaceUlt1_4#1,"""เพิ่ม Damage ที่ทำกับ<br>Darkers และ<br>DA-Aberrations"""
item_DamageBonusRaceUlt1_5#1,"""เพิ่ม Damage ที่ทำกับ<br>Darkers และ<br>DA-Aberrations"""
item_DamageBonusRaceUlt5_1#1,"""เพิ่ม Damage ที่ทำกับ<br>DA-Aberrations<br>ขึ้น 21%"""
item_DamageBonusRaceUlt5_2#1,"""เพิ่ม Damage ที่ทำกับ<br>DA-Aberrations<br>ขึ้น 23%"""
item_DamageBonusRaceUlt5_3#1,"""เพิ่ม Damage ที่ทำกับ<br>DA-Aberrations<br>ขึ้น 25%"""
item_DamageBonusRaceUlt5_4#1,"""เพิ่ม Damage ที่ทำกับ<br>DA-Aberrations<br>ขึ้น 27%"""
item_DamageBonusRaceUlt5_5#1,"""เพิ่ม Damage ที่ทำกับ<br>DA-Aberrations<br>ขึ้น 29%"""
item_DamageBonusRaceUlt2_1#1,"""Unset Potential"""
item_DamageBonusRaceUlt2_2#1,"""Unset Potential"""
item_DamageBonusRaceUlt2_3#1,"""Unset Potential"""
item_DamageBonusRaceUlt2_4#1,"""Unset Potential"""
item_DamageBonusRaceUlt2_5#1,"""Unset Potential"""
item_DamageBonusRaceUlt3_1#1,"""Unset Potential"""
item_DamageBonusRaceUlt3_2#1,"""Unset Potential"""
item_DamageBonusRaceUlt3_3#1,"""Unset Potential"""
item_DamageBonusRaceUlt3_4#1,"""Unset Potential"""
item_DamageBonusRaceUlt3_5#1,"""Unset Potential"""
item_DamageBonusRaceUlt4_1#1,"""เพิ่ม Damage ที่ทำกับศัตรู<br>ยกเว้นเผ่า Dragonkin<br>และ DA-Aberrations (AM)"""
item_DamageBonusRaceUlt4_2#1,"""เพิ่ม Damage ที่ทำกับศัตรู<br>ยกเว้นเผ่า Dragonkin<br>และ DA-Aberrations (AM)"""
item_DamageBonusRaceUlt4_3#1,"""เพิ่ม Damage ที่ทำกับศัตรู<br>ยกเว้นเผ่า Dragonkin<br>และ DA-Aberrations (AM)"""
item_DamageBonusRaceUlt4_4#1,"""เพิ่ม Damage ที่ทำกับศัตรู<br>ยกเว้นเผ่า Dragonkin<br>และ DA-Aberrations (AM)"""
item_DamageBonusRaceUlt4_5#1,"""เพิ่ม Damage ที่ทำกับศัตรู<br>ยกเว้นเผ่า Dragonkin<br>และ DA-Aberrations (AM)"""
item_DoublePotential_1#1,"""เพิ่ม Critical Hit Rate และ<br>Damage ในขณะที่เกิด<br>Critical Hit"""
item_DoublePotential_2#1,"""เพิ่ม Critical Hit Rate และ<br>Damage ในขณะที่เกิด<br>Critical Hit"""
item_DoublePotential_3#1,"""เพิ่ม Critical Hit Rate และ<br>Damage ในขณะที่เกิด<br>Critical Hit"""
item_DoublePotential_4#1,"""เพิ่ม Critical Hit Rate และ<br>Damage ในขณะที่เกิด<br>Critical Hit"""
item_DoublePotential_5#1,"""เพิ่ม Critical Hit Rate และ<br>Damage ในขณะที่เกิด<br>Critical Hit"""
item_DoublePotential2_1#1,"""เพิ่ม Critical Hit Rate<br>ขึ้น 15%"""
item_DoublePotential2_2#1,"""เพิ่ม Critical Hit Rate<br>ขึ้น 20%"""
item_DoublePotential2_3#1,"""เพิ่ม Critical Hit Rate<br>ขึ้น 25%"""
item_DoublePotential2_4#1,"""เพิ่ม Critical Hit Rate<br>ขึ้น 30%"""
item_DoublePotential2_5#1,"""เพิ่ม Critical Hit Rate<br>ขึ้น 35%"""
item_DoublePotential3_1#1,"""เพิ่ม Critical Hit Rate<br>ขึ้น 20%"""
item_DoublePotential3_2#1,"""เพิ่ม Critical Hit Rate<br>ขึ้น 30%"""
item_DoublePotential3_3#1,"""เพิ่ม Critical Hit Rate<br>ขึ้น 40%"""
item_DoublePotential3_4#1,"""เพิ่ม Critical Hit Rate<br>ขึ้น 50%"""
item_DoublePotential3_5#1,"""เพิ่ม Critical Hit Rate<br>ขึ้น 60%"""
item_DoublePotential4_1#1,"""Critical Damage 12%<br>เมื่อมี HP มากกว่า 50%<br>เพิ่ม Critical Hit Rate 15%"""
item_DoublePotential4_2#1,"""Critical Damage 14%<br>เมื่อมี HP มากกว่า 50%<br>เพิ่ม Critical Hit Rate 20%"""
item_DoublePotential4_3#1,"""Critical Damage 16%<br>เมื่อมี HP มากกว่า 50%<br>เพิ่ม Critical Hit Rate 25%"""
item_DoublePotential4_4#1,"""Critical Damage 18%<br>เมื่อมี HP มากกว่า 50%<br>เพิ่ม Critical Hit Rate 30%"""
item_DoublePotential4_5#1,"""Critical Damage 20%<br>เมื่อมี HP มากกว่า 50%<br>เพิ่ม Critical Hit Rate 35%"""
item_DoublePotential5_1#1,"""Critical Damage 13%<br>และเพิ่ม Critical Hit Rate<br>ขึ้น 50%"""
item_DoublePotential5_2#1,"""Critical Damage 15%<br>และเพิ่ม Critical Hit Rate<br>ขึ้น 60%"""
item_DoublePotential5_3#1,"""Critical Damage 18%<br>และเพิ่ม Critical Hit Rate<br>ขึ้น 70%"""
item_DoublePotential5_4#1,"""Critical Damage 20%<br>และเพิ่ม Critical Hit Rate<br>ขึ้น 80%"""
item_DoublePotential5_5#1,"""Critical Damage 23%<br>และเพิ่ม Critical Hit Rate<br>ขึ้น 90%"""
item_FullHealBonus_1#1,"""เพิ่มปริมาณ HP Recovery 20%<br>เพิ่มปริมาณ PP Recovery ขณะโจมตี 30%<br>และเพิ่ม Damage 10%"""
item_FullHealBonus_2#1,"""เพิ่มปริมาณ HP Recovery 25%<br>เพิ่มปริมาณ PP Recovery ขณะโจมตี 45%<br>และเพิ่ม Damage 12%"""
item_FullHealBonus_3#1,"""เพิ่มปริมาณ HP Recovery 30%<br>เพิ่มปริมาณ PP Recovery ขณะโจมตี 60%<br>และเพิ่ม Damage 15%"""
item_FullHealBonus_4#1,"""เพิ่มปริมาณ HP Recovery 35%<br>เพิ่มปริมาณ PP Recovery ขณะโจมตี 75%<br>และเพิ่ม Damage 17%"""
item_FullHealBonus_5#1,"""เพิ่มปริมาณ HP Recovery 40%<br>เพิ่มปริมาณ PP Recovery ขณะโจมตี 90%<br>และเพิ่ม Damage 20%"""
item_FullHealBonus2_1#1,"""เมื่อมี HP มากกว่า 70% และ<br>มี PP มากกว่า 40%<br>เพิ่ม Damage ขึ้น 14%"""
item_FullHealBonus2_2#1,"""เมื่อมี HP มากกว่า 70% และ<br>มี PP มากกว่า 40%<br>เพิ่ม Damage ขึ้น 16%"""
item_FullHealBonus2_3#1,"""เมื่อมี HP มากกว่า 70% และ<br>มี PP มากกว่า 40%<br>เพิ่ม Damage ขึ้น 18%"""
item_FullHealBonus2_4#1,"""เมื่อมี HP มากกว่า 70% และ<br>มี PP มากกว่า 40%<br>เพิ่ม Damage ขึ้น 20%"""
item_FullHealBonus2_5#1,"""เมื่อมี HP มากกว่า 70% และ<br>มี PP มากกว่า 40%<br>เพิ่ม Damage ขึ้น 22%"""
item_FullHealBonus3_1#1,"""เพิ่มปริมาณ PP Recovery ขณะโจมตี 30%<br>เพิ่มปริมาณ PP Automatic Recovery 15%<br>และเพิ่ม Damage 10%"""
item_FullHealBonus3_2#1,"""เพิ่มปริมาณ PP Recovery ขณะโจมตี 35%<br>เพิ่มปริมาณ PP Automatic Recovery 17%<br>และเพิ่ม Damage 12%"""
item_FullHealBonus3_3#1,"""เพิ่มปริมาณ PP Recovery ขณะโจมตี 40%<br>เพิ่มปริมาณ PP Automatic Recovery 20%<br>และเพิ่ม Damage 15%"""
item_FullHealBonus3_4#1,"""เพิ่มปริมาณ PP Recovery ขณะโจมตี 45%<br>เพิ่มปริมาณ PP Automatic Recovery 22%<br>และเพิ่ม Damage 17%"""
item_FullHealBonus3_5#1,"""เพิ่มปริมาณ PP Recovery ขณะโจมตี 50%<br>เพิ่มปริมาณ PP Automatic Recovery 25%<br>และเพิ่ม Damage 20%"""
item_MultiPADamegeUp1_1#1,"""เพิ่ม Damage ของ<br>Ducking Blow และ<br>Heartless Impact"""
item_MultiPADamegeUp1_2#1,"""เพิ่ม Damage ของ<br>Ducking Blow และ<br>Heartless Impact"""
item_MultiPADamegeUp1_3#1,"""เพิ่ม Damage ของ<br>Ducking Blow และ<br>Heartless Impact"""
item_MultiPADamegeUp1_4#1,"""เพิ่ม Damage ของ<br>Ducking Blow และ<br>Heartless Impact"""
item_MultiPADamegeUp1_5#1,"""เพิ่ม Damage ของ<br>Ducking Blow และ<br>Heartless Impact"""
item_MultiPADamegeUp2_1#1,"""เพิ่ม Damage ของ<br>Sakura-endo และ<br>Guren-tessen ขึ้น 20%"""
item_MultiPADamegeUp2_2#1,"""เพิ่ม Damage ของ<br>Sakura-endo และ<br>Guren-tessen ขึ้น 23%"""
item_MultiPADamegeUp2_3#1,"""เพิ่ม Damage ของ<br>Sakura-endo และ<br>Guren-tessen ขึ้น 26%"""
item_MultiPADamegeUp2_4#1,"""เพิ่ม Damage ของ<br>Sakura-endo และ<br>Guren-tessen ขึ้น 29%"""
item_MultiPADamegeUp2_5#1,"""เพิ่ม Damage ของ<br>Sakura-endo และ<br>Guren-tessen ขึ้น 32%"""
item_MultiPADamegeUp3_1#1,"""เพิ่ม Damage ของ<br>Slide Shaker และ<br>Rising Flag ขึ้น 10%"""
item_MultiPADamegeUp3_2#1,"""เพิ่ม Damage ของ<br>Slide Shaker และ<br>Rising Flag ขึ้น 13%"""
item_MultiPADamegeUp3_3#1,"""เพิ่ม Damage ของ<br>Slide Shaker และ<br>Rising Flag ขึ้น 17%"""
item_MultiPADamegeUp3_4#1,"""เพิ่ม Damage ของ<br>Slide Shaker และ<br>Rising Flag ขึ้น 20%"""
item_MultiPADamegeUp3_5#1,"""เพิ่ม Damage ของ<br>Slide Shaker และ<br>Rising Flag ขึ้น 24%"""
item_PerfectKeeperSkillFree_1#1,"""เมื่อมี HP มากกว่า 60%<br>Damage ที่ทำกับ<br>ศัตรูจะเพิ่มขึ้น"""
item_PerfectKeeperSkillFree_2#1,"""เมื่อมี HP มากกว่า 60%<br>Damage ที่ทำกับ<br>ศัตรูจะเพิ่มขึ้น"""
item_PerfectKeeperSkillFree_3#1,"""เมื่อมี HP มากกว่า 60%<br>Damage ที่ทำกับ<br>ศัตรูจะเพิ่มขึ้น"""
item_PerfectKeeperSkillFree_4#1,"""เมื่อมี HP มากกว่า 60%<br>Damage ที่ทำกับ<br>ศัตรูจะเพิ่มขึ้น"""
item_PerfectKeeperSkillFree_5#1,"""เมื่อมี HP มากกว่า 60%<br>Damage ที่ทำกับ<br>ศัตรูจะเพิ่มขึ้น"""
item_PerfectKeeperSkillFree2_1#1,"""เมื่อมี HP มากกว่า 30%<br>Damage ที่ทำกับ<br>ศัตรูจะเพิ่มขึ้น"""
item_PerfectKeeperSkillFree2_2#1,"""เมื่อมี HP มากกว่า 30%<br>Damage ที่ทำกับ<br>ศัตรูจะเพิ่มขึ้น"""
item_PerfectKeeperSkillFree2_3#1,"""เมื่อมี HP มากกว่า 30%<br>Damage ที่ทำกับ<br>ศัตรูจะเพิ่มขึ้น"""
item_PerfectKeeperSkillFree2_4#1,"""เมื่อมี HP มากกว่า 30%<br>Damage ที่ทำกับ<br>ศัตรูจะเพิ่มขึ้น"""
item_PerfectKeeperSkillFree2_5#1,"""เพิ่ม Damage ขึ้น 16%<br>เมื่อโจมตีในระยะใกล้"""
item_WeaponManeuver_1#1,"""ความเร็วในการ PP Recovery<br>จะเปลี่ยนไปตามการเก็บ/ชักอาวุธ<br>และเพิ่มปริมาณ PP Recovery กับ Damage เมื่อโจมตี"""
item_WeaponManeuver_2#1,"""ความเร็วในการ PP Recovery<br>จะเปลี่ยนไปตามการเก็บ/ชักอาวุธ<br>และเพิ่มปริมาณ PP Recovery กับ Damage เมื่อโจมตี"""
item_WeaponManeuver_3#1,"""ความเร็วในการ PP Recovery<br>จะเปลี่ยนไปตามการเก็บ/ชักอาวุธ<br>และเพิ่มปริมาณ PP Recovery กับ Damage เมื่อโจมตี"""
item_WeaponManeuver_4#1,"""ความเร็วในการ PP Recovery<br>จะเปลี่ยนไปตามการเก็บ/ชักอาวุธ<br>และเพิ่มปริมาณ PP Recovery กับ Damage เมื่อโจมตี"""
item_WeaponManeuver_5#1,"""ความเร็วในการ PP Recovery<br>จะเปลี่ยนไปตามการเก็บ/ชักอาวุธ<br>และเพิ่มปริมาณ PP Recovery กับ Damage เมื่อโจมตี"""
item_WeaponManeuver2_1#1,"""ลดความเร็วในการ PP Recovery<br>ขณะเก็บอาวุธ และเพิ่ม Damage<br>กับปริมาณ PP Recovery ขณะชักอาวุธ"""
item_WeaponManeuver2_2#1,"""ลดความเร็วในการ PP Recovery<br>ขณะเก็บอาวุธ และเพิ่ม Damage<br>กับปริมาณ PP Recovery ขณะชักอาวุธ"""
item_WeaponManeuver2_3#1,"""ลดความเร็วในการ PP Recovery<br>ขณะเก็บอาวุธ และเพิ่ม Damage<br>กับปริมาณ PP Recovery ขณะชักอาวุธ"""
item_WeaponManeuver2_4#1,"""ลดความเร็วในการ PP Recovery<br>ขณะเก็บอาวุธ และเพิ่ม Damage<br>กับปริมาณ PP Recovery ขณะชักอาวุธ"""
item_WeaponManeuver2_5#1,"""ลดความเร็วในการ PP Recovery<br>ขณะเก็บอาวุธ และเพิ่ม Damage<br>กับปริมาณ PP Recovery ขณะชักอาวุธ"""
item_WeaponManeuver3_1#1,"""ลดผลของการ PP Recovery ลง<br>แต่เพิ่มประสิทธิภาพของ<br>Critical และ Damage ขึ้น 5%"""
item_WeaponManeuver3_2#1,"""ลดผลของการ PP Recovery ลง<br>แต่เพิ่มประสิทธิภาพของ<br>Critical และ Damage ขึ้น 7%"""
item_WeaponManeuver3_3#1,"""ลดผลของการ PP Recovery ลง<br>แต่เพิ่มประสิทธิภาพของ<br>Critical และ Damage ขึ้น 10%"""
item_WeaponManeuver3_4#1,"""ลดผลของการ PP Recovery ลง<br>แต่เพิ่มประสิทธิภาพของ<br>Critical และ Damage ขึ้น 12%"""
item_WeaponManeuver3_5#1,"""ลดผลของการ PP Recovery ลง<br>แต่เพิ่มประสิทธิภาพของ<br>Critical และ Damage ขึ้น 15%"""
item_KillCountBonus_1#1,"""ทุกๆ การกำจัดศัตรู 1 ตัว<br>จะเพิ่ม Damage ขึ้น 0.2%<br>สูงสุดที่ 15%"""
item_KillCountBonus_2#1,"""ทุกๆ การกำจัดศัตรู 1 ตัว<br>จะเพิ่ม Damage ขึ้น 0.25%<br>สูงสุดที่ 15%"""
item_KillCountBonus_3#1,"""ทุกๆ การกำจัดศัตรู 1 ตัว<br>จะเพิ่ม Damage ขึ้น 1%<br>สูงสุดที่ 15%"""
item_KillCountBonus_4#1,"""ทุกๆ การกำจัดศัตรู 1 ตัว<br>จะเพิ่ม Damage ขึ้น 1.2%<br>สูงสุดที่ 15%"""
item_KillCountBonus_5#1,"""ทุกๆ การกำจัดศัตรู 1 ตัว<br>จะเพิ่ม Damage ขึ้น 1.25%<br>สูงสุดที่ 15%"""
item_GroundAttackBoost_1#1,"""เพิ่ม Damage ที่ทำได้ 19%<br>เมื่อทำการโจมตีบนพื้นดิน"""
item_GroundAttackBoost_2#1,"""เพิ่ม Damage ที่ทำได้ 21%<br>เมื่อทำการโจมตีบนพื้นดิน"""
item_GroundAttackBoost_3#1,"""เพิ่ม Damage ที่ทำได้ 23%<br>เมื่อทำการโจมตีบนพื้นดิน"""
item_GroundAttackBoost_4#1,"""เพิ่ม Damage ที่ทำได้ 25%<br>เมื่อทำการโจมตีบนพื้นดิน"""
item_GroundAttackBoost_5#1,"""เพิ่ม Damage ที่ทำได้ 27%<br>เมื่อทำการโจมตีบนพื้นดิน"""
item_DamageBonusPhantom_1#1,"""เพิ่ม Damage ที่ทำกับ<br>Phantoms ขึ้น 7% และลด Damage<br>ที่ได้รับลง 10%"""
item_DamageBonusPhantom_2#1,"""เพิ่ม Damage ที่ทำกับ<br>Phantoms ขึ้น 10% และลด Damage<br>ที่ได้รับลง 15%"""
item_DamageBonusPhantom_3#1,"""เพิ่ม Damage ที่ทำกับ<br>Phantoms ขึ้น 13% และลด Damage<br>ที่ได้รับลง 20%"""
item_DamageBonusPhantom_4#1,"""เพิ่ม Damage ที่ทำกับ<br>Phantoms ขึ้น 16% และลด Damage<br>ที่ได้รับลง 25%"""
item_DamageBonusPhantom_5#1,"""เพิ่ม Damage ที่ทำกับ<br>Phantoms ขึ้น 19% และลด Damage<br>ที่ได้รับลง 30%"""
item_WeakHitAdvance_1#1,"""เพิ่ม Damage เมื่อโจมตีจุดอ่อน 6%<br>และเมื่อเกิด Critical จะเพิ่ม<br>ขึ้นอีก 5%"""
item_WeakHitAdvance_2#1,"""เพิ่ม Damage เมื่อโจมตีจุดอ่อน 6%<br>และเมื่อเกิด Critical จะเพิ่ม<br>ขึ้นอีก 7%"""
item_WeakHitAdvance_3#1,"""เพิ่ม Damage เมื่อโจมตีจุดอ่อน 6%<br>และเมื่อเกิด Critical จะเพิ่ม<br>ขึ้นอีก 10%"""
item_WeakHitAdvance_4#1,"""เพิ่ม Damage เมื่อโจมตีจุดอ่อน 6%<br>และเมื่อเกิด Critical จะเพิ่ม<br>ขึ้นอีก 12%"""
item_WeakHitAdvance_5#1,"""เพิ่ม Damage เมื่อโจมตีจุดอ่อน 6%<br>และเมื่อเกิด Critical จะเพิ่ม<br>ขึ้นอีก 15%"""
item_WeakHitAdvance2_1#1,"""เพิ่ม Damage เมื่อโจมตีจุดอ่อน 10%<br>และเพิ่ม Critical Hit Rate<br>ขึ้น 50%"""
item_WeakHitAdvance2_2#1,"""เพิ่ม Damage เมื่อโจมตีจุดอ่อน 13%<br>และเพิ่ม Critical Hit Rate<br>ขึ้น 60%"""
item_WeakHitAdvance2_3#1,"""เพิ่ม Damage เมื่อโจมตีจุดอ่อน 16%<br>และเพิ่ม Critical Hit Rate<br>ขึ้น 70%"""
item_WeakHitAdvance2_4#1,"""เพิ่ม Damage เมื่อโจมตีจุดอ่อน 19%<br>และเพิ่ม Critical Hit Rate<br>ขึ้น 80%"""
item_WeakHitAdvance2_5#1,"""เพิ่ม Damage เมื่อโจมตีจุดอ่อน 22%<br>และเพิ่ม Critical Hit Rate<br>ขึ้น 90%"""
item_AboutAttackDamageUp_1#1,"""เพิ่มประสิทธิภาพของ<br>Just Attack รวมถึง<br>Techniques ขึ้น 2%"""
item_AboutAttackDamageUp_2#1,"""เพิ่มประสิทธิภาพของ<br>Just Attack รวมถึง<br>Techniques ขึ้น 3%"""
item_AboutAttackDamageUp_3#1,"""เพิ่มประสิทธิภาพของ<br>Just Attack รวมถึง<br>Techniques ขึ้น 4%"""
item_AboutAttackDamageUp_4#1,"""เพิ่มประสิทธิภาพของ<br>Just Attack รวมถึง<br>Techniques ขึ้น 5%"""
item_AboutAttackDamageUp_5#1,"""เพิ่มประสิทธิภาพของ<br>Just Attack รวมถึง<br>Techniques ขึ้น 6%"""
item_AboutAttackDamageUp2_1#1,"""เพิ่ม Damage เมื่อทำ JA 18%<br>เพิ่มปริมาณ PP Recovery 30%<br>เมื่อโจมตีปกติแบบไม่ JA"""
item_AboutAttackDamageUp2_2#1,"""เพิ่ม Damage เมื่อทำ JA 20%<br>เพิ่มปริมาณ PP Recovery 35%<br>เมื่อโจมตีปกติแบบไม่ JA"""
item_AboutAttackDamageUp2_3#1,"""เพิ่ม Damage เมื่อทำ JA 22%<br>เพิ่มปริมาณ PP Recovery 40%<br>เมื่อโจมตีปกติแบบไม่ JA"""
item_AboutAttackDamageUp2_4#1,"""เพิ่ม Damage เมื่อทำ JA 24%<br>เพิ่มปริมาณ PP Recovery 45%<br>เมื่อโจมตีปกติแบบไม่ JA"""
item_AboutAttackDamageUp2_5#1,"""เพิ่ม Damage เมื่อทำ JA 26%<br>เพิ่มปริมาณ PP Recovery 50%<br>เมื่อโจมตีปกติแบบไม่ JA"""
item_AboutAttackDamageUp3_1#1,"""เมื่อทำ Just Attack<br>เพิ่ม Damage 7% และเพิ่มปริมาณ<br>PP Recovery 7%"""
item_AboutAttackDamageUp3_2#1,"""เมื่อทำ Just Attack<br>เพิ่ม Damage 10% และเพิ่มปริมาณ<br>PP Recovery 11%"""
item_AboutAttackDamageUp3_3#1,"""เมื่อทำ Just Attack<br>เพิ่ม Damage 13% และเพิ่มปริมาณ<br>PP Recovery 15%"""
item_AboutAttackDamageUp3_4#1,"""เมื่อทำ Just Attack<br>เพิ่ม Damage 16% และเพิ่มปริมาณ<br>PP Recovery 19%"""
item_AboutAttackDamageUp3_5#1,"""เมื่อทำ Just Attack<br>เพิ่ม Damage 19% และเพิ่มปริมาณ<br>PP Recovery 23%"""
item_GearAdvanceBonus_1#1,"""เมื่อ Gear Gauge อยู่ในระดับที่กำหนด<br>เพิ่ม Damage 6% และ<br>เพิ่มปริมาณ PP Recovery เมื่อโจมตี"""
item_GearAdvanceBonus_2#1,"""เมื่อ Gear Gauge อยู่ในระดับที่กำหนด<br>เพิ่ม Damage 8% และ<br>เพิ่มปริมาณ PP Recovery เมื่อโจมตี"""
item_GearAdvanceBonus_3#1,"""เมื่อ Gear Gauge อยู่ในระดับที่กำหนด<br>เพิ่ม Damage 10% และ<br>เพิ่มปริมาณ PP Recovery เมื่อโจมตี"""
item_GearAdvanceBonus_4#1,"""เมื่อ Gear Gauge อยู่ในระดับที่กำหนด<br>เพิ่ม Damage 12% และ<br>เพิ่มปริมาณ PP Recovery เมื่อโจมตี"""
item_GearAdvanceBonus_5#1,"""เมื่อ Gear Gauge อยู่ในระดับที่กำหนด<br>เพิ่ม Damage 14% และ<br>เพิ่มปริมาณ PP Recovery เมื่อโจมตี"""
item_TimeZoneBonus_1#1,"""ระหว่างช่วง 09:00 ถึง 15:00<br>และ 21:00 ถึง 03:00 น.<br>เพิ่ม Damage ขึ้น 22%"""
item_TimeZoneBonus_2#1,"""ระหว่างช่วง 09:00 ถึง 15:00<br>และ 21:00 ถึง 03:00 น.<br>เพิ่ม Damage ขึ้น 24%"""
item_TimeZoneBonus_3#1,"""ระหว่างช่วง 09:00 ถึง 15:00<br>และ 21:00 ถึง 03:00 น.<br>เพิ่ม Damage ขึ้น 27%"""
item_TimeZoneBonus_4#1,"""ระหว่างช่วง 09:00 ถึง 15:00<br>และ 21:00 ถึง 03:00 น.<br>เพิ่ม Damage ขึ้น 30%"""
item_TimeZoneBonus_5#1,"""ระหว่างช่วง 09:00 ถึง 15:00<br>และ 21:00 ถึง 03:00 น.<br>เพิ่ม Damage ขึ้น 32%"""
item_TimeZoneBonus2_1#1,"""ระหว่างช่วง 09:00 ถึง 15:00 และ 21:00 ถึง 03:00 น.<br>เพิ่ม Damage ขึ้น 20% และ<br>ลด Damage ที่ได้รับลง 10%"""
item_TimeZoneBonus2_2#1,"""ระหว่างช่วง 09:00 ถึง 15:00 และ 21:00 ถึง 03:00 น.<br>เพิ่ม Damage ขึ้น 22% และ<br>ลด Damage ที่ได้รับลง 12%"""
item_TimeZoneBonus2_3#1,"""ระหว่างช่วง 09:00 ถึง 15:00 และ 21:00 ถึง 03:00 น.<br>เพิ่ม Damage ขึ้น 25% และ<br>ลด Damage ที่ได้รับลง 15%"""
item_TimeZoneBonus2_4#1,"""ระหว่างช่วง 09:00 ถึง 15:00 และ 21:00 ถึง 03:00 น.<br>เพิ่ม Damage ขึ้น 25% และ<br>ลด Damage ที่ได้รับลง 15%"""
item_TimeZoneBonus2_5#1,"""ระหว่างช่วง 09:00 ถึง 15:00 และ 21:00 ถึง 03:00 น.<br>เพิ่ม Damage ขึ้น 25% และ<br>ลด Damage ที่ได้รับลง 15%"""
item_RevengeBonus_1#1,"""คำอธิบาย Unset Potential"""
item_RevengeBonus_2#1,"""คำอธิบาย Unset Potential"""
item_RevengeBonus_3#1,"""คำอธิบาย Unset Potential"""
item_RevengeBonus_4#1,"""คำอธิบาย Unset Potential"""
item_RevengeBonus_5#1,"""คำอธิบาย Unset Potential"""
item_BoostEnemyBonus_1#1,"""คำอธิบาย Unset Potential"""
item_BoostEnemyBonus_2#1,"""คำอธิบาย Unset Potential"""
item_BoostEnemyBonus_3#1,"""คำอธิบาย Unset Potential"""
item_BoostEnemyBonus_4#1,"""คำอธิบาย Unset Potential"""
item_BoostEnemyBonus_5#1,"""คำอธิบาย Unset Potential"""
item_RegenerationExtend_1#1,"""เพิ่ม Damage 11%<br>และลด Damage ที่ได้รับ<br>ลง 10%"""
item_RegenerationExtend_2#1,"""เพิ่ม Damage 11%<br>และลด Damage ที่ได้รับ<br>ลง 12%"""
item_RegenerationExtend_3#1,"""เพิ่ม Damage 11%<br>และลด Damage ที่ได้รับ<br>ลง 15%"""
item_RegenerationExtend_4#1,"""เพิ่ม Damage 11%<br>และลด Damage ที่ได้รับ<br>ลง 17%"""
item_RegenerationExtend_5#1,"""เพิ่ม Damage 11%<br>และลด Damage ที่ได้รับ<br>ลง 20%"""
item_RegenerationExtend2_1#1,"""ฟื้นฟู HP เป็น<br>ระยะๆ และเพิ่ม<br>Damage ขึ้น 7%"""
item_RegenerationExtend2_2#1,"""ฟื้นฟู HP เป็น<br>ระยะๆ และเพิ่ม<br>Damage ขึ้น 9%"""
item_RegenerationExtend2_3#1,"""ฟื้นฟู HP เป็น<br>ระยะๆ และเพิ่ม<br>Damage ขึ้น 11%"""
item_RegenerationExtend2_4#1,"""ฟื้นฟู HP เป็น<br>ระยะๆ และเพิ่ม<br>Damage ขึ้น 14%"""
item_RegenerationExtend2_5#1,"""ฟื้นฟู HP เป็น<br>ระยะๆ และเพิ่ม<br>Damage ขึ้น 17%"""
item_GearPlusBonus_1#1,"""คำอธิบาย Unset Potential"""
item_GearPlusBonus_2#1,"""คำอธิบาย Unset Potential"""
item_GearPlusBonus_3#1,"""คำอธิบาย Unset Potential"""
item_GearPlusBonus_4#1,"""คำอธิบาย Unset Potential"""
item_GearPlusBonus_5#1,"""คำอธิบาย Unset Potential"""
item_AbnomalBonus1_1#1,"""เพิ่ม Burn Rate<br>เพิ่ม Damage ที่ทำกับ<br>ศัตรูที่ติดสถานะ Burn ขึ้น<br>20%"""
item_AbnomalBonus1_2#1,"""เพิ่ม Burn Rate<br>เพิ่ม Damage ที่ทำกับ<br>ศัตรูที่ติดสถานะ Burn ขึ้น<br>23%"""
item_AbnomalBonus1_3#1,"""เพิ่ม Burn Rate<br>เพิ่ม Damage ที่ทำกับ<br>ศัตรูที่ติดสถานะ Burn ขึ้น<br>27%"""
item_AbnomalBonus1_4#1,"""เพิ่ม Burn Rate<br>เพิ่ม Damage ที่ทำกับ<br>ศัตรูที่ติดสถานะ Burn ขึ้น<br>30%"""
item_AbnomalBonus1_5#1,"""เพิ่ม Burn Rate<br>เพิ่ม Damage ที่ทำกับ<br>ศัตรูที่ติดสถานะ Burn ขึ้น<br>33%"""
item_AbnomalBonus2_1#1,"""คำอธิบาย Unset Potential"""
item_AbnomalBonus2_2#1,"""คำอธิบาย Unset Potential"""
item_AbnomalBonus2_3#1,"""คำอธิบาย Unset Potential"""
item_AbnomalBonus2_4#1,"""คำอธิบาย Unset Potential"""
item_AbnomalBonus2_5#1,"""คำอธิบาย Unset Potential"""
item_AbnomalBonus3_1#1,"""เพิ่ม Shock Rate<br>เพิ่ม Damage ที่ทำกับ<br>ศัตรูที่ติดสถานะ Shock ขึ้น 20%"""
item_AbnomalBonus3_2#1,"""เพิ่ม Shock Rate<br>เพิ่ม Damage ที่ทำกับ<br>ศัตรูที่ติดสถานะ Shock ขึ้น 23%"""
item_AbnomalBonus3_3#1,"""เพิ่ม Shock Rate<br>เพิ่ม Damage ที่ทำกับ<br>ศัตรูที่ติดสถานะ Shock ขึ้น 27%"""
item_AbnomalBonus3_4#1,"""เพิ่ม Shock Rate<br>เพิ่ม Damage ที่ทำกับ<br>ศัตรูที่ติดสถานะ Shock ขึ้น 27%"""
item_AbnomalBonus3_5#1,"""เพิ่ม Shock Rate<br>เพิ่ม Damage ที่ทำกับ<br>ศัตรูที่ติดสถานะ Shock ขึ้น 27%"""
item_AbnomalBonus4_1#1,"""คำอธิบาย Unset Potential"""
item_AbnomalBonus4_2#1,"""คำอธิบาย Unset Potential"""
item_AbnomalBonus4_3#1,"""คำอธิบาย Unset Potential"""
item_AbnomalBonus4_4#1,"""คำอธิบาย Unset Potential"""
item_AbnomalBonus4_5#1,"""คำอธิบาย Unset Potential"""
item_AbnomalBonus5_1#1,"""คำอธิบาย Unset Potential"""
item_AbnomalBonus5_2#1,"""คำอธิบาย Unset Potential"""
item_AbnomalBonus5_3#1,"""คำอธิบาย Unset Potential"""
item_AbnomalBonus5_4#1,"""คำอธิบาย Unset Potential"""
item_AbnomalBonus5_5#1,"""คำอธิบาย Unset Potential"""
item_AbnomalBonus6_1#1,"""เพิ่ม Panic Rate<br>เพิ่ม Damage ที่ทำกับ<br>ศัตรูที่ติดสถานะ Panic ขึ้น 20%"""
item_AbnomalBonus6_2#1,"""เพิ่ม Panic Rate<br>เพิ่ม Damage ที่ทำกับ<br>ศัตรูที่ติดสถานะ Panic ขึ้น 23%"""
item_AbnomalBonus6_3#1,"""เพิ่ม Panic Rate<br>เพิ่ม Damage ที่ทำกับ<br>ศัตรูที่ติดสถานะ Panic ขึ้น 27%"""
item_AbnomalBonus6_4#1,"""เพิ่ม Panic Rate<br>เพิ่ม Damage ที่ทำกับ<br>ศัตรูที่ติดสถานะ Panic ขึ้น 27%"""
item_AbnomalBonus6_5#1,"""เพิ่ม Panic Rate<br>เพิ่ม Damage ที่ทำกับ<br>ศัตรูที่ติดสถานะ Panic ขึ้น 27%"""
item_AbnomalBonus7_1#1,"""เพิ่ม Abnormal Status Rate<br>เพิ่ม Damage ที่ทำกับ<br>ศัตรูที่ติด Abnormal Status ขึ้น 18%"""
item_AbnomalBonus7_2#1,"""เพิ่ม Abnormal Status Rate<br>เพิ่ม Damage ที่ทำกับ<br>ศัตรูที่ติด Abnormal Status ขึ้น 20%"""
item_AbnomalBonus7_3#1,"""เพิ่ม Abnormal Status Rate<br>เพิ่ม Damage ที่ทำกับ<br>ศัตรูที่ติด Abnormal Status ขึ้น 24%"""
item_AbnomalBonus7_4#1,"""เพิ่ม Abnormal Status Rate<br>เพิ่ม Damage ที่ทำกับ<br>ศัตรูที่ติด Abnormal Status ขึ้น 28%"""
item_AbnomalBonus7_5#1,"""เพิ่ม Abnormal Status Rate<br>เพิ่ม Damage ที่ทำกับ<br>ศัตรูที่ติด Abnormal Status ขึ้น 32%"""
item_StandingAttackBonus_1#1,"""เมื่อโจมตีในขณะที่ยืนอยู่นิ่งๆ<br>เพิ่ม Damage ที่ทำได้ขึ้น 18%"""
item_StandingAttackBonus_2#1,"""เมื่อโจมตีในขณะที่ยืนอยู่นิ่งๆ<br>เพิ่ม Damage ที่ทำได้ขึ้น 20%"""
item_StandingAttackBonus_3#1,"""เมื่อโจมตีในขณะที่ยืนอยู่นิ่งๆ<br>เพิ่ม Damage ที่ทำได้ขึ้น 22%"""
item_StandingAttackBonus_4#1,"""เมื่อโจมตีในขณะที่ยืนอยู่นิ่งๆ<br>เพิ่ม Damage ที่ทำได้ขึ้น 24%"""
item_StandingAttackBonus_5#1,"""เมื่อโจมตีในขณะที่ยืนอยู่นิ่งๆ<br>เพิ่ม Damage ที่ทำได้ขึ้น 26%"""
item_PABonusPetPA1_1#1,"""คำอธิบาย Unset Potential"""
item_PABonusPetPA1_2#1,"""คำอธิบาย Unset Potential"""
item_PABonusPetPA1_3#1,"""คำอธิบาย Unset Potential"""
item_PABonusPetPA1_4#1,"""คำอธิบาย Unset Potential"""
item_PABonusPetPA1_5#1,"""คำอธิบาย Unset Potential"""
item_PetPhotonBarrierAdvance_1#1,"""คำอธิบาย Unset Potential"""
item_PetPhotonBarrierAdvance_2#1,"""คำอธิบาย Unset Potential"""
item_PetPhotonBarrierAdvance_3#1,"""คำอธิบาย Unset Potential"""
item_PetPhotonBarrierAdvance_4#1,"""คำอธิบาย Unset Potential"""
item_PetPhotonBarrierAdvance_5#1,"""คำอธิบาย Unset Potential"""
item_PetAttackRink_1#1,"""คำอธิบาย Unset Potential"""
item_PetAttackRink_2#1,"""คำอธิบาย Unset Potential"""
item_PetAttackRink_3#1,"""คำอธิบาย Unset Potential"""
item_PetAttackRink_4#1,"""คำอธิบาย Unset Potential"""
item_PetAttackRink_5#1,"""คำอธิบาย Unset Potential"""
item_NearyBonus_1#1,"""คำอธิบาย Unset Potential"""
item_NearyBonus_2#1,"""คำอธิบาย Unset Potential"""
item_NearyBonus_3#1,"""คำอธิบาย Unset Potential"""
item_NearyBonus_4#1,"""คำอธิบาย Unset Potential"""
item_NearyBonus_5#1,"""คำอธิบาย Unset Potential"""
item_DistanceBonus_1#1,"""คำอธิบาย Unset Potential"""
item_DistanceBonus_2#1,"""คำอธิบาย Unset Potential"""
item_DistanceBonus_3#1,"""คำอธิบาย Unset Potential"""
item_DistanceBonus_4#1,"""คำอธิบาย Unset Potential"""
item_DistanceBonus_5#1,"""คำอธิบาย Unset Potential"""
item_RunnersHighBonus_1#1,"""คำอธิบาย Unset Potential"""
item_RunnersHighBonus_2#1,"""คำอธิบาย Unset Potential"""
item_RunnersHighBonus_3#1,"""คำอธิบาย Unset Potential"""
item_RunnersHighBonus_4#1,"""คำอธิบาย Unset Potential"""
item_RunnersHighBonus_5#1,"""คำอธิบาย Unset Potential"""
item_GrowUpPotential_1#1,"""เพิ่ม Damage ที่ทำได้ 10%"""
item_GrowUpPotential_2#1,"""เพิ่ม Damage ที่ทำได้ 10%<br>และลด Damage ที่ได้รับลง 5%"""
item_GrowUpPotential_3#1,"""เพิ่ม Damage ที่ทำได้ 10%<br>ลด Damage ที่ได้รับลง 5%<br>และลด PP Consumption ลง 10%"""
item_GrowUpPotential_4#1,"""เพิ่ม Damage ที่ทำได้ 10%<br>ลด Damage ที่ได้รับลง 5%<br>และลด PP Consumption ลง 10%"""
item_GrowUpPotential_5#1,"""เพิ่ม Damage ที่ทำได้ 10%<br>ลด Damage ที่ได้รับลง 5%<br>และลด PP Consumption ลง 10%"""
item_GrowUpPotential4_1#1,"""เพิ่ม Damage ขึ้น 10%<br>ลด Damage ที่ได้รับลง 5%<br>และลด PP Consumption ลง 10%"""
item_GrowUpPotential4_2#1,"""เพิ่ม Damage และ PP Automatic Recovery<br>ขึ้น 10% ลด Damage ที่ได้รับลง 5%<br>และลด PP Consumption ลง 10%"""
item_GrowUpPotential4_3#1,"""เพิ่ม Damage และ PP Recovery Effect<br>ขึ้น 10% ลด Damage ที่ได้รับลง 5%<br>และลด PP Consumption ลง 10%"""
item_GrowUpPotential4_4#1,"""เพิ่ม Damage และ PP Recovery Effect<br>ขึ้น 10% ลด Damage ที่ได้รับลง 5%<br>และลด PP Consumption ลง 10%"""
item_GrowUpPotential4_5#1,"""เพิ่ม Damage และ PP Recovery Effect<br>ขึ้น 10% ลด Damage ที่ได้รับลง 5%<br>และลด PP Consumption ลง 10%"""
item_GrowUpPotential5_1#1,"""เพิ่ม Damage ขึ้น 5%"""
item_GrowUpPotential5_2#1,"""เพิ่ม Damage ขึ้น 7%"""
item_GrowUpPotential5_3#1,"""เพิ่ม Damage ขึ้น 10%"""
item_GrowUpPotential5_4#1,"""เพิ่ม Damage ขึ้น 6%"""
item_GrowUpPotential5_5#1,"""เพิ่ม Damage ขึ้น 7%"""
item_FullHealBonus4_1#1,"""เพิ่ม Damage ที่ทำได้ 6%<br>และเพิ่ม PP Automatic Recovery Speed<br>ขึ้น 10%"""
item_FullHealBonus4_2#1,"""เพิ่ม Damage ที่ทำได้ 9%<br>และเพิ่ม PP Automatic Recovery Speed<br>ขึ้น 10%"""
item_FullHealBonus4_3#1,"""เพิ่ม Damage ที่ทำได้ 12%<br>และเพิ่ม PP Automatic Recovery Speed<br>ขึ้น 10%"""
item_FullHealBonus4_4#1,"""เพิ่ม Damage ที่ทำได้ 15%<br>และเพิ่ม PP Automatic Recovery Speed<br>ขึ้น 10%"""
item_FullHealBonus4_5#1,"""เพิ่ม Damage ที่ทำได้ 18%<br>และเพิ่ม PP Automatic Recovery Speed<br>ขึ้น 10%"""
item_FullHealBonus5_1#1,"""เพิ่มปริมาณ PP Recovery ขณะโจมตี<br>ขึ้น 25% และเมื่อมี PP มากกว่า 30%<br>เพิ่ม Damage ที่ทำได้ขึ้น 5%"""
item_FullHealBonus5_2#1,"""เพิ่มปริมาณ PP Recovery ขณะโจมตี<br>ขึ้น 27% และเมื่อมี PP มากกว่า 30%<br>เพิ่ม Damage ที่ทำได้ขึ้น 7%"""
item_FullHealBonus5_3#1,"""เพิ่มปริมาณ PP Recovery ขณะโจมตี<br>ขึ้น 30% และเมื่อมี PP มากกว่า 30%<br>เพิ่ม Damage ที่ทำได้ขึ้น 10%"""
item_FullHealBonus5_4#1,"""เพิ่มปริมาณ PP Recovery ขณะโจมตี<br>ขึ้น 32% และเมื่อมี PP มากกว่า 30%<br>เพิ่ม Damage ที่ทำได้ขึ้น 12%"""
item_FullHealBonus5_5#1,"""เพิ่มปริมาณ PP Recovery ขณะโจมตี<br>ขึ้น 35% และเมื่อมี PP มากกว่า 30%<br>เพิ่ม Damage ที่ทำได้ขึ้น 15%"""
item_FullHealBonus6_1#1,"""เพิ่มปริมาณ HP Recovery 10%<br>และเพิ่ม Damage ขึ้น 7%"""
item_FullHealBonus6_2#1,"""เพิ่มปริมาณ HP Recovery 20%<br>และเพิ่ม Damage ขึ้น 9%"""
item_FullHealBonus6_3#1,"""เพิ่มปริมาณ HP Recovery 30%<br>และเพิ่ม Damage ขึ้น 12%"""
item_FullHealBonus6_4#1,"""เพิ่มปริมาณ HP Recovery 40%<br>และเพิ่ม Damage ขึ้น 14%"""
item_FullHealBonus6_5#1,"""เพิ่มปริมาณ HP Recovery 50%<br>และเพิ่ม Damage ขึ้น 17%"""
item_FlameJustAttack_1#1,"""Unset Potential"""
item_FlameJustAttack_2#1,"""Unset Potential"""
item_FlameJustAttack_3#1,"""Unset Potential"""
item_FlameJustAttack_4#1,"""Unset Potential"""
item_FlameJustAttack_5#1,"""Unset Potential"""
item_WeaponManeuverRefine_1#1,"""เพิ่ม Damage ที่ได้รับในขณะชักอาวุธ<br>ขึ้น 15% แลกกับการเพิ่ม<br>Damage ที่ทำได้ขึ้น 10%"""
item_WeaponManeuverRefine_2#1,"""เพิ่ม Damage ที่ได้รับในขณะชักอาวุธ<br>ขึ้น 15% แลกกับการเพิ่ม<br>Damage ที่ทำได้ขึ้น 12%"""
item_WeaponManeuverRefine_3#1,"""เพิ่ม Damage ที่ได้รับในขณะชักอาวุธ<br>ขึ้น 15% แลกกับการเพิ่ม<br>Damage ที่ทำได้ขึ้น 15%"""
item_WeaponManeuverRefine_4#1,"""เพิ่ม Damage ที่ได้รับในขณะชักอาวุธ<br>ขึ้น 15% แลกกับการเพิ่ม<br>Damage ที่ทำได้ขึ้น 15%"""
item_WeaponManeuverRefine_5#1,"""เพิ่ม Damage ที่ได้รับในขณะชักอาวุธ<br>ขึ้น 15% แลกกับการเพิ่ม<br>Damage ที่ทำได้ขึ้น 15%"""
item_FavoriteClassBoost_1#1,"""เมื่อ Subclass เป็น Fighter<br>เพิ่ม Critical Hit Rate 10%<br>และเพิ่ม Critical Damage 10%"""
item_FavoriteClassBoost_2#1,"""เมื่อ Subclass เป็น Fighter<br>เพิ่ม Critical Hit Rate 20%<br>และเพิ่ม Critical Damage 12%"""
item_FavoriteClassBoost_3#1,"""เมื่อ Subclass เป็น Fighter<br>เพิ่ม Critical Hit Rate 30%<br>และเพิ่ม Critical Damage 14%"""
item_FavoriteClassBoost_4#1,"""เมื่อ Subclass เป็น Fighter<br>เพิ่ม Critical Hit Rate 40%<br>และเพิ่ม Critical Damage 16%"""
item_FavoriteClassBoost_5#1,"""เมื่อ Subclass เป็น Fighter<br>เพิ่ม Critical Hit Rate 50%<br>และเพิ่ม Critical Damage 18%"""
item_FavoriteClassBoost2_1#1,"""เมื่อ Subclass เป็น Braver<br>เพิ่ม Damage ขึ้น 8%<br>และลด PP Consumption ลง 10%"""
item_FavoriteClassBoost2_2#1,"""เมื่อ Subclass เป็น Braver<br>เพิ่ม Damage ขึ้น 10%<br>และลด PP Consumption ลง 20%"""
item_FavoriteClassBoost2_3#1,"""เมื่อ Subclass เป็น Braver<br>เพิ่ม Damage ขึ้น 12%<br>และลด PP Consumption ลง 30%"""
item_FavoriteClassBoost2_4#1,"""เมื่อ Subclass เป็น Braver<br>เพิ่ม Damage ขึ้น 14%<br>และลด PP Consumption ลง 40%"""
item_FavoriteClassBoost2_5#1,"""เมื่อ Subclass เป็น Braver<br>เพิ่ม Damage ขึ้น 16%<br>และลด PP Consumption ลง 50%"""
item_SlashChute_1#1,"""เพิ่มคลื่นพลังงาน<br>เข้ากับการโจมตีปกติ"""
item_SlashChute_2#1,"""เพิ่มคลื่นพลังงาน<br>เข้ากับการโจมตีปกติ"""
item_SlashChute_3#1,"""เพิ่มคลื่นพลังงาน<br>เข้ากับการโจมตีปกติ"""
item_SlashChute_4#1,"""เพิ่มคลื่นพลังงาน<br>เข้ากับการโจมตีปกติ"""
item_SlashChute_5#1,"""เพิ่มคลื่นพลังงาน<br>เข้ากับการโจมตีปกติ"""
item_GrowUpPotential2_1#1,"""เพิ่ม PP Recovery<br>ขึ้น 10% และลดการใช้<br>PP ลง 10%"""
item_GrowUpPotential2_2#1,"""เพิ่ม PP Recovery<br>ขึ้น 15% และลดการใช้<br>PP ลง 15%"""
item_GrowUpPotential2_3#1,"""เพิ่ม PP Recovery<br>ขึ้น 20% และลดการใช้<br>PP ลง 20%"""
item_GrowUpPotential2_4#1,"""เพิ่ม PP Recovery<br>ขึ้น 20% และลดการใช้<br>PP ลง 20%"""
item_GrowUpPotential2_5#1,"""เพิ่ม PP Recovery<br>ขึ้น 20% และลดการใช้<br>PP ลง 20%"""
item_GrowUpPotential6_1#1,"""เพิ่มพลังของ JA 20%<br>ลด Damage ที่ได้รับลง 10%"""
item_GrowUpPotential6_2#1,"""เพิ่มพลังของ JA 22%<br>ลด Damage ที่ได้รับลง 12%"""
item_GrowUpPotential6_3#1,"""เพิ่มพลังของ JA 25%<br>ลด Damage ที่ได้รับลง 15%"""
item_GrowUpPotential6_4#1,"""เพิ่มพลังของ JA 27%<br>ลด Damage ที่ได้รับลง 17%"""
item_GrowUpPotential6_5#1,"""เพิ่มพลังของ JA 30%<br>ลด Damage ที่ได้รับลง 20%"""
item_GrowUpPotential7_1#1,"""เพิ่ม Attack PP<br>Recovery 10%, เพิ่ม PP<br>Regeneration 20%<br>และเพิ่ม Power 8%"""
item_GrowUpPotential7_2#1,"""เพิ่ม Attack PP<br>Recovery 15%, เพิ่ม PP<br>Regeneration 30%<br>และเพิ่ม Power 9%"""
item_GrowUpPotential7_3#1,"""เพิ่ม Attack PP<br>Recovery 20%, เพิ่ม PP<br>Regeneration 40%<br>และเพิ่ม Power 10%"""
item_GrowUpPotential7_4#1,"""เพิ่ม Attack PP<br>Recovery 25%, เพิ่ม PP<br>Regeneration 50%<br>และเพิ่ม Power 11%"""
item_GrowUpPotential7_5#1,"""เพิ่ม Attack PP<br>Recovery 12%, เพิ่ม PP<br>Regeneration 60%<br>และเพิ่ม Power 12%"""
item_GrowUpPotential8_1#1,"""เพิ่ม Damage ที่ทำได้<br>ขึ้น 10% และลด<br>Damage ที่ได้รับลง 5%"""
item_GrowUpPotential8_2#1,"""เพิ่ม Damage ที่ทำได้<br>ขึ้น 12% และลด<br>Damage ที่ได้รับลง 10%"""
item_GrowUpPotential8_3#1,"""เพิ่ม Damage ที่ทำได้<br>ขึ้น 15% และลด<br>Damage ที่ได้รับลง 15%"""
item_GrowUpPotential8_4#1,"""เพิ่ม Damage ที่ทำได้<br>ขึ้น 20% และลด<br>Damage ที่ได้รับลง 25%"""
item_GrowUpPotential8_5#1,"""เพิ่ม Damage ที่ทำได้<br>ขึ้น 30% และลด<br>Damage ที่ได้รับลง 30%"""
item_GrowUpPotential3_1#1,"""เพิ่ม Damage ที่ทำได้<br>ขึ้น 10% และลด<br>Damage ที่ได้รับลง 15%"""
item_GrowUpPotential3_2#1,"""เพิ่ม Damage ที่ทำได้<br>ขึ้น 12% และลด<br>Damage ที่ได้รับลง 17%"""
item_GrowUpPotential3_3#1,"""เพิ่ม Damage ที่ทำได้<br>ขึ้น 15% และลด<br>Damage ที่ได้รับลง 20%"""
item_GrowUpPotential3_4#1,"""เพิ่ม Damage ที่ทำได้<br>ขึ้น 15% และลด<br>Damage ที่ได้รับลง 20%"""
item_GrowUpPotential3_5#1,"""เพิ่ม Damage ที่ทำได้<br>ขึ้น 15% และลด<br>Damage ที่ได้รับลง 20%"""
item_BestRangeBonusCritical_1#1,"""ฟื้นฟู HP ด้วยการโจมตีแบบ Point-Blank<br>เพิ่ม Critical Rate ขึ้น 15%<br>และเพิ่ม Power ขึ้น 9%"""
item_BestRangeBonusCritical_2#1,"""ฟื้นฟู HP ด้วยการโจมตีแบบ Point-Blank<br>เพิ่ม Critical Rate ขึ้น 20%<br>และเพิ่ม Power ขึ้น 11%"""
item_BestRangeBonusCritical_3#1,"""ฟื้นฟู HP ด้วยการโจมตีแบบ Point-Blank<br>เพิ่ม Critical Rate ขึ้น 25%<br>และเพิ่ม Power ขึ้น 13%"""
item_BestRangeBonusCritical_4#1,"""ฟื้นฟู HP ด้วยการโจมตีแบบ Point-Blank<br>เพิ่ม Critical Rate ขึ้น 25%<br>และเพิ่ม Power ขึ้น 13%"""
item_BestRangeBonusCritical_5#1,"""ฟื้นฟู HP ด้วยการโจมตีแบบ Point-Blank<br>เพิ่ม Critical Rate ขึ้น 25%<br>และเพิ่ม Power ขึ้น 13%"""
item_BestRangeBonusCritical2_1#1,"""ฟื้นฟู HP ด้วยการโจมตีระยะกลาง<br>เพิ่ม Critical Rate ขึ้น 25%<br>และเพิ่ม Power ขึ้น 8%"""
item_BestRangeBonusCritical2_2#1,"""ฟื้นฟู HP ด้วยการโจมตีระยะกลาง<br>เพิ่ม Critical Rate ขึ้น 30%<br>และเพิ่ม Power ขึ้น 10%"""
item_BestRangeBonusCritical2_3#1,"""ฟื้นฟู HP ด้วยการโจมตีระยะกลาง<br>เพิ่ม Critical Rate ขึ้น 35%<br>และเพิ่ม Power ขึ้น 12%"""
item_BestRangeBonusCritical2_4#1,"""ฟื้นฟู HP ด้วยการโจมตีระยะกลาง<br>เพิ่ม Critical Rate ขึ้น 35%<br>และเพิ่ม Power ขึ้น 12%"""
item_BestRangeBonusCritical2_5#1,"""ฟื้นฟู HP ด้วยการโจมตีระยะกลาง<br>เพิ่ม Critical Rate ขึ้น 35%<br>และเพิ่ม Power ขึ้น 12%"""
item_BestRangeBonusCritical3_1#1,"""ฟื้นฟู HP ด้วยการโจมตีระยะไกล<br>เพิ่ม Critical Rate ขึ้น 35%<br>และเพิ่ม Power ขึ้น 7%"""
item_BestRangeBonusCritical3_2#1,"""ฟื้นฟู HP ด้วยการโจมตีระยะไกล<br>เพิ่ม Critical Rate ขึ้น 40%<br>และเพิ่ม Power ขึ้น 9%"""
item_BestRangeBonusCritical3_3#1,"""ฟื้นฟู HP ด้วยการโจมตีระยะไกล<br>เพิ่ม Critical Rate ขึ้น 45%<br>และเพิ่ม Power ขึ้น 11%"""
item_BestRangeBonusCritical3_4#1,"""ฟื้นฟู HP ด้วยการโจมตีระยะไกล<br>เพิ่ม Critical Rate ขึ้น 45%<br>และเพิ่ม Power ขึ้น 11%"""
item_BestRangeBonusCritical3_5#1,"""ฟื้นฟู HP ด้วยการโจมตีระยะไกล<br>เพิ่ม Critical Rate ขึ้น 45%<br>และเพิ่ม Power ขึ้น 11%"""
item_AvoidStanceAttack_1#1,"""ค่อยๆ เพิ่ม Damage ขึ้นสูงสุดที่<br>12% เมื่อเวลาผ่านไป ผลนี้จะหายไป<br>เมื่อใช้งานไอเทมประเภท -mate"""
item_AvoidStanceAttack_2#1,"""ค่อยๆ เพิ่ม Damage ขึ้นสูงสุดที่<br>16% เมื่อเวลาผ่านไป ผลนี้จะหายไป<br>เมื่อใช้งานไอเทมประเภท -mate"""
item_AvoidStanceAttack_3#1,"""ค่อยๆ เพิ่ม Damage ขึ้นสูงสุดที่<br>20% เมื่อเวลาผ่านไป ผลนี้จะหายไป<br>เมื่อใช้งานไอเทมประเภท -mate"""
item_AvoidStanceAttack_4#1,"""ค่อยๆ เพิ่ม Damage ขึ้นสูงสุดที่<br>20% เมื่อเวลาผ่านไป ผลนี้จะหายไป<br>เมื่อใช้งานไอเทมประเภท -mate"""
item_AvoidStanceAttack_5#1,"""ค่อยๆ เพิ่ม Damage ขึ้นสูงสุดที่<br>20% เมื่อเวลาผ่านไป ผลนี้จะหายไป<br>เมื่อใช้งานไอเทมประเภท -mate"""
item_AvoidStanceShoot_1#1,"""ค่อยๆ เพิ่ม Damage ขึ้นสูงสุดที่<br>12% เมื่อเวลาผ่านไป ผลนี้จะหายไป<br>เมื่อได้รับความเสียหาย"""
item_AvoidStanceShoot_2#1,"""ค่อยๆ เพิ่ม Damage ขึ้นสูงสุดที่<br>16% เมื่อเวลาผ่านไป ผลนี้จะหายไป<br>เมื่อได้รับความเสียหาย"""
item_AvoidStanceShoot_3#1,"""ค่อยๆ เพิ่ม Damage ขึ้นสูงสุดที่<br>20% เมื่อเวลาผ่านไป ผลนี้จะหายไป<br>เมื่อได้รับความเสียหาย"""
item_AvoidStanceShoot_4#1,"""ค่อยๆ เพิ่ม Damage ขึ้นสูงสุดที่<br>20% เมื่อเวลาผ่านไป ผลนี้จะหายไป<br>เมื่อได้รับความเสียหาย"""
item_AvoidStanceShoot_5#1,"""ค่อยๆ เพิ่ม Damage ขึ้นสูงสุดที่<br>20% เมื่อเวลาผ่านไป ผลนี้จะหายไป<br>เมื่อได้รับความเสียหาย"""
item_AvoidStanceTec_1#1,"""ค่อยๆ เพิ่ม Damage ขึ้นสูงสุดที่<br>12% เมื่อเวลาผ่านไป ผลนี้จะหายไป<br>เมื่อใช้แอ็กชันการหลบหลีก"""
item_AvoidStanceTec_2#1,"""ค่อยๆ เพิ่ม Damage ขึ้นสูงสุดที่<br>16% เมื่อเวลาผ่านไป ผลนี้จะหายไป<br>เมื่อใช้แอ็กชันการหลบหลีก"""
item_AvoidStanceTec_3#1,"""ค่อยๆ เพิ่ม Damage ขึ้นสูงสุดที่<br>20% เมื่อเวลาผ่านไป ผลนี้จะหายไป<br>เมื่อใช้แอ็กชันการหลบหลีก"""
item_AvoidStanceTec_4#1,"""ค่อยๆ เพิ่ม Damage ขึ้นสูงสุดที่<br>20% เมื่อเวลาผ่านไป ผลนี้จะหายไป<br>เมื่อใช้แอ็กชันการหลบหลีก"""
item_AvoidStanceTec_5#1,"""ค่อยๆ เพิ่ม Damage ขึ้นสูงสุดที่<br>20% เมื่อเวลาผ่านไป ผลนี้จะหายไป<br>เมื่อใช้แอ็กชันการหลบหลีก"""
item_PpOverDriveMother_1#1,"""เพิ่มการใช้ PP ขึ้น<br>10% แต่เพิ่ม Damage ของ<br>Normal Attack ขึ้น 70%"""
item_PpOverDriveMother_2#1,"""เพิ่มการใช้ PP ขึ้น<br>10% แต่เพิ่ม Damage ของ<br>Normal Attack ขึ้น 76%"""
item_PpOverDriveMother_3#1,"""เพิ่มการใช้ PP ขึ้น<br>10% แต่เพิ่ม Damage ของ<br>Normal Attack ขึ้น 82%"""
item_PpOverDriveMother_4#1,"""เพิ่มการใช้ PP ขึ้น<br>10% แต่เพิ่ม Damage ของ<br>Normal Attack ขึ้น 200%"""
item_PpOverDriveMother_5#1,"""เพิ่มการใช้ PP ขึ้น<br>10% แต่เพิ่ม Damage ของ<br>Normal Attack ขึ้น 200%"""
item_PpOverDriveMother2_1#1,"""ลด Damage ของ<br>Normal Attacks ลง แต่<br>เพิ่ม PP Recovery<br>และเพิ่ม Damage ของ<br>การโจมตีที่ไม่ใช่ Normal Attacks ขึ้น 5%"""
item_PpOverDriveMother2_2#1,"""ลด Damage ของ<br>Normal Attacks ลง แต่<br>เพิ่ม PP Recovery<br>และเพิ่ม Damage ของ<br>การโจมตีที่ไม่ใช่ Normal Attacks ขึ้น 7%"""
item_PpOverDriveMother2_3#1,"""ลด Damage ของ<br>Normal Attacks ลง แต่<br>เพิ่ม PP Recovery<br>และเพิ่ม Damage ของ<br>การโจมตีที่ไม่ใช่ Normal Attacks ขึ้น 10%"""
item_PpOverDriveMother2_4#1,"""ลด Damage ของ<br>Normal Attacks ลง แต่<br>เพิ่ม PP Recovery<br>และเพิ่ม Damage ของ<br>การโจมตีที่ไม่ใช่ Normal Attacks ขึ้น 12%"""
item_PpOverDriveMother2_5#1,"""ลด Damage ของ<br>Normal Attacks ลง แต่<br>เพิ่ม PP Recovery<br>และเพิ่ม Damage ของ<br>การโจมตีที่ไม่ใช่ Normal Attacks ขึ้น 15%"""
item_PpOverDriveMother3_1#1,"""เพิ่ม Damage ของ<br>Normal Attacks ขึ้น 30%<br>และการโจมตีอื่นๆ ทั้งหมด<br>ขึ้น 6%"""
item_PpOverDriveMother3_2#1,"""เพิ่ม Damage ของ<br>Normal Attacks ขึ้น 40%<br>และการโจมตีอื่นๆ ทั้งหมด<br>ขึ้น 6%"""
item_PpOverDriveMother3_3#1,"""เพิ่ม Damage ของ<br>Normal Attacks ขึ้น 50%<br>และการโจมตีอื่นๆ ทั้งหมด<br>ขึ้น 6%"""
item_PpOverDriveMother3_4#1,"""เพิ่ม Damage ของ<br>Normal Attacks ขึ้น 300%<br>และการโจมตีอื่นๆ ทั้งหมด<br>ขึ้น 10%"""
item_PpOverDriveMother3_5#1,"""เพิ่ม Damage ของ<br>Normal Attacks ขึ้น 300%<br>และการโจมตีอื่นๆ ทั้งหมด<br>ขึ้น 10%"""
item_PhotonFlareBoostRefine_1#1,"""เพิ่ม Technique<br>Damage ขึ้น 10% และ<br>ผลของ Photon<br>Flare ขึ้น 220"""
item_PhotonFlareBoostRefine_2#1,"""เพิ่ม Technique<br>Damage ขึ้น 12% และ<br>ผลของ Photon<br>Flare ขึ้น 250"""
item_PhotonFlareBoostRefine_3#1,"""เพิ่ม Technique<br>Damage ขึ้น 14% และ<br>ผลของ Photon<br>Flare ขึ้น 280"""
item_PhotonFlareBoostRefine_4#1,"""เพิ่ม Technique<br>Damage ขึ้น 14% และ<br>ผลของ Photon<br>Flare ขึ้น 280"""
item_PhotonFlareBoostRefine_5#1,"""เพิ่ม Technique<br>Damage ขึ้น 14% และ<br>ผลของ Photon<br>Flare ขึ้น 280"""
item_GroundAirBoost1_1#1,"""เพิ่ม Attack Damage<br>เมื่อโจมตีจากพื้นดินขึ้น 8%<br>และเพิ่ม PP Recovery ขึ้น 10%"""
item_GroundAirBoost1_2#1,"""เพิ่ม Attack Damage<br>เมื่อโจมตีจากพื้นดินขึ้น 10%<br>และเพิ่ม PP Recovery ขึ้น 20%"""
item_GroundAirBoost1_3#1,"""เพิ่ม Attack Damage<br>เมื่อโจมตีจากพื้นดินขึ้น 12%<br>และเพิ่ม PP Recovery ขึ้น 30%"""
item_GroundAirBoost1_4#1,"""เพิ่ม Attack Damage<br>เมื่อโจมตีจากพื้นดินขึ้น 12%<br>และเพิ่ม PP Recovery ขึ้น 30%"""
item_GroundAirBoost1_5#1,"""เพิ่ม Attack Damage<br>เมื่อโจมตีจากพื้นดินขึ้น 12%<br>และเพิ่ม PP Recovery ขึ้น 30%"""
item_GroundAirBoost2_1#1,"""เพิ่ม Damage ที่ทำได้ 8%<br>และเพิ่ม PP Recovery 10%<br>เมื่อโจมตีกลางอากาศ"""
item_GroundAirBoost2_2#1,"""เพิ่ม Damage ที่ทำได้ 10%<br>และเพิ่ม PP Recovery 20%<br>เมื่อโจมตีกลางอากาศ"""
item_GroundAirBoost2_3#1,"""เพิ่ม Damage ที่ทำได้ 12%<br>และเพิ่ม PP Recovery 30%<br>เมื่อโจมตีกลางอากาศ"""
item_GroundAirBoost2_4#1,"""เพิ่ม Damage ที่ทำได้ 14%<br>และเพิ่ม PP Recovery 40%<br>เมื่อโจมตีกลางอากาศ"""
item_GroundAirBoost2_5#1,"""เพิ่ม Damage ที่ทำได้ 16%<br>และเพิ่ม PP Recovery 50%<br>เมื่อโจมตีกลางอากาศ"""
item_GroundAirBoost3_1#1,"""เพิ่ม Power และ<br>Normal PP Recovery<br>เมื่ออยู่กลางอากาศ<br>เพิ่ม Attack PP Recovery<br>เมื่ออยู่บนพื้นดิน"""
item_GroundAirBoost3_2#1,"""เพิ่ม Power และ<br>Normal PP Recovery<br>เมื่ออยู่กลางอากาศ<br>เพิ่ม Attack PP Recovery<br>เมื่ออยู่บนพื้นดิน"""
item_GroundAirBoost3_3#1,"""เพิ่ม Power และ<br>Normal PP Recovery<br>เมื่ออยู่กลางอากาศ<br>เพิ่ม Attack PP Recovery<br>เมื่ออยู่บนพื้นดิน"""
item_GroundAirBoost3_4#1,"""เพิ่ม Power และ<br>Normal PP Recovery<br>เมื่ออยู่กลางอากาศ<br>เพิ่ม Attack PP Recovery<br>เมื่ออยู่บนพื้นดิน"""
item_GroundAirBoost3_5#1,"""เพิ่ม Power และ<br>Normal PP Recovery<br>เมื่ออยู่กลางอากาศ<br>เพิ่ม Attack PP Recovery<br>เมื่ออยู่บนพื้นดิน"""
item_GroundAirBoost4_1#1,"""เพิ่ม Damage และ<br>PP Recovery เมื่อ<br>โจมตีกลางอากาศ"""
item_GroundAirBoost4_2#1,"""เพิ่ม Damage และ<br>PP Recovery เมื่อ<br>โจมตีกลางอากาศ"""
item_GroundAirBoost4_3#1,"""เพิ่ม Damage และ<br>PP Recovery เมื่อ<br>โจมตีกลางอากาศ"""
item_GroundAirBoost4_4#1,"""เพิ่ม Damage และ<br>PP Recovery เมื่อ<br>โจมตีกลางอากาศ"""
item_GroundAirBoost4_5#1,"""เพิ่ม Damage และ<br>PP Recovery เมื่อ<br>โจมตีกลางอากาศ"""
item_GroundAirBoost5_1#1,"""เพิ่ม Damage และ<br>PP Recovery เมื่อ<br>โจมตีจากพื้นดิน"""
item_GroundAirBoost5_2#1,"""เพิ่ม Damage และ<br>PP Recovery เมื่อ<br>โจมตีจากพื้นดิน"""
item_GroundAirBoost5_3#1,"""เพิ่ม Damage และ<br>PP Recovery เมื่อ<br>โจมตีจากพื้นดิน"""
item_GroundAirBoost5_4#1,"""เพิ่ม Damage และ<br>PP Recovery เมื่อ<br>โจมตีจากพื้นดิน"""
item_GroundAirBoost5_5#1,"""เพิ่ม Damage และ<br>PP Recovery เมื่อ<br>โจมตีจากพื้นดิน"""
item_FullHealBonus7_1#1,"""เพิ่ม Damage ที่ทำได้<br>ขึ้น 18% เมื่อมี PP<br>25% ขึ้นไป"""
item_FullHealBonus7_2#1,"""เพิ่ม Damage ที่ทำได้<br>ขึ้น 20% เมื่อมี PP<br>25% ขึ้นไป"""
item_FullHealBonus7_3#1,"""เพิ่ม Damage ที่ทำได้<br>ขึ้น 22% เมื่อมี PP<br>25% ขึ้นไป"""
item_FullHealBonus7_4#1,"""เพิ่ม Damage ที่ทำได้<br>ขึ้น 24% เมื่อมี PP<br>25% ขึ้นไป"""
item_FullHealBonus7_5#1,"""เพิ่ม Damage ที่ทำได้<br>ขึ้น 26% เมื่อมี PP<br>25% ขึ้นไป"""
item_FullHealBonus8_1#1,"""เพิ่ม Damage ขึ้น 20%<br>เมื่อมี HP 75%<br>ขึ้นไป"""
item_FullHealBonus8_2#1,"""เพิ่ม Damage ขึ้น 21%<br>เมื่อมี HP 75%<br>ขึ้นไป"""
item_FullHealBonus8_3#1,"""เพิ่ม Damage ขึ้น 23%<br>เมื่อมี HP 75%<br>ขึ้นไป"""
item_FullHealBonus8_4#1,"""เพิ่ม Damage ขึ้น 25%<br>เมื่อมี HP 75%<br>ขึ้นไป"""
item_FullHealBonus8_5#1,"""เพิ่ม Damage ขึ้น 27%<br>เมื่อมี HP 75%<br>ขึ้นไป"""
item_FullHealBonus9_1#1,"""เพิ่ม PP Recovery<br>เมื่อมี PP มากกว่า 30%<br>เพิ่ม Damage ขึ้น 5%"""
item_FullHealBonus9_2#1,"""เพิ่ม PP Recovery<br>เมื่อมี PP มากกว่า 30%<br>เพิ่ม Damage ขึ้น 7%"""
item_FullHealBonus9_3#1,"""เพิ่ม PP Recovery<br>เมื่อมี PP มากกว่า 30%<br>เพิ่ม Damage ขึ้น 10%"""
item_FullHealBonus9_4#1,"""เพิ่ม PP Recovery<br>เมื่อมี PP มากกว่า 30%<br>เพิ่ม Damage ขึ้น 10%"""
item_FullHealBonus9_5#1,"""เพิ่ม PP Recovery<br>เมื่อมี PP มากกว่า 30%<br>เพิ่ม Damage ขึ้น 10%"""
item_FullHealBonus10_1#1,"""คำอธิบาย Unset Potential"""
item_FullHealBonus10_2#1,"""คำอธิบาย Unset Potential"""
item_FullHealBonus10_3#1,"""คำอธิบาย Unset Potential"""
item_FullHealBonus10_4#1,"""คำอธิบาย Unset Potential"""
item_FullHealBonus10_5#1,"""คำอธิบาย Unset Potential"""
item_FullHealBonus11_1#1,"""คำอธิบาย Unset Potential"""
item_FullHealBonus11_2#1,"""คำอธิบาย Unset Potential"""
item_FullHealBonus11_3#1,"""คำอธิบาย Unset Potential"""
item_FullHealBonus11_4#1,"""คำอธิบาย Unset Potential"""
item_FullHealBonus11_5#1,"""คำอธิบาย Unset Potential"""
item_FullHealBonus12_1#1,"""คำอธิบาย Unset Potential"""
item_FullHealBonus12_2#1,"""คำอธิบาย Unset Potential"""
item_FullHealBonus12_3#1,"""คำอธิบาย Unset Potential"""
item_FullHealBonus12_4#1,"""คำอธิบาย Unset Potential"""
item_FullHealBonus12_5#1,"""คำอธิบาย Unset Potential"""
item_HalfLineBerserk_1#1,"""เพิ่ม Damage ที่ทำได้ 6%<br>ลด Damage ที่ได้รับลง 15%<br>และป้องกันสถานะ Knockback"""
item_HalfLineBerserk_2#1,"""เพิ่ม Damage ที่ทำได้ 6%<br>ลด Damage ที่ได้รับลง 17%<br>และป้องกันสถานะ Knockback"""
item_HalfLineBerserk_3#1,"""เพิ่ม Damage ที่ทำได้ 6%<br>ลด Damage ที่ได้รับลง 20%<br>และป้องกันสถานะ Knockback"""
item_HalfLineBerserk_4#1,"""เพิ่ม Damage ที่ทำได้ 6%<br>ลด Damage ที่ได้รับลง 20%<br>และป้องกันสถานะ Knockback"""
item_HalfLineBerserk_5#1,"""เพิ่ม Damage ที่ทำได้ 6%<br>ลด Damage ที่ได้รับลง 20%<br>และป้องกันสถานะ Knockback"""
item_ElementWeapon1_1#1,"""เมื่อโจมตีศัตรูที่แพ้ธาตุสายฟ้า, แสง, หรือธาตุ<br>ตรงกับอาวุธที่สวมใส่<br>เพิ่ม Damage ที่ทำได้ และฟื้นฟู HP"""
item_ElementWeapon1_2#1,"""เมื่อโจมตีศัตรูที่แพ้ธาตุสายฟ้า, แสง, หรือธาตุ<br>ตรงกับอาวุธที่สวมใส่<br>เพิ่ม Damage ที่ทำได้ และฟื้นฟู HP"""
item_ElementWeapon1_3#1,"""เมื่อโจมตีศัตรูที่แพ้ธาตุสายฟ้า, แสง, หรือธาตุ<br>ตรงกับอาวุธที่สวมใส่<br>เพิ่ม Damage ที่ทำได้ และฟื้นฟู HP"""
item_ElementWeapon1_4#1,"""เมื่อโจมตีศัตรูที่แพ้ธาตุสายฟ้า, แสง, หรือธาตุ<br>ตรงกับอาวุธที่สวมใส่<br>เพิ่ม Damage ที่ทำได้ และฟื้นฟู HP"""
item_ElementWeapon1_5#1,"""เมื่อโจมตีศัตรูที่แพ้ธาตุสายฟ้า, แสง, หรือธาตุ<br>ตรงกับอาวุธที่สวมใส่<br>เพิ่ม Damage ที่ทำได้ และฟื้นฟู HP"""
item_ElementWeapon2_1#1,"""เมื่อโจมตีศัตรูที่แพ้ธาตุน้ำแข็ง, แสง, หรือธาตุ<br>ตรงกับอาวุธที่สวมใส่<br>เพิ่ม Damage ที่ทำได้ และฟื้นฟู HP"""
item_ElementWeapon2_2#1,"""เมื่อโจมตีศัตรูที่แพ้ธาตุน้ำแข็ง, แสง, หรือธาตุ<br>ตรงกับอาวุธที่สวมใส่<br>เพิ่ม Damage ที่ทำได้ และฟื้นฟู HP"""
item_ElementWeapon2_3#1,"""เมื่อโจมตีศัตรูที่แพ้ธาตุน้ำแข็ง, แสง, หรือธาตุ<br>ตรงกับอาวุธที่สวมใส่<br>เพิ่ม Damage ที่ทำได้ และฟื้นฟู HP"""
item_ElementWeapon2_4#1,"""เมื่อโจมตีศัตรูที่แพ้ธาตุน้ำแข็ง, แสง, หรือธาตุ<br>ตรงกับอาวุธที่สวมใส่<br>เพิ่ม Damage ที่ทำได้ และฟื้นฟู HP"""
item_ElementWeapon2_5#1,"""เมื่อโจมตีศัตรูที่แพ้ธาตุน้ำแข็ง, แสง, หรือธาตุ<br>ตรงกับอาวุธที่สวมใส่<br>เพิ่ม Damage ที่ทำได้ และฟื้นฟู HP"""
item_ElementWeapon3_1#1,"""เมื่อโจมตีศัตรูที่แพ้ธาตุแสง, ความมืด, หรือธาตุ<br>ตรงกับอาวุธที่สวมใส่<br>เพิ่ม Damage ที่ทำได้ และฟื้นฟู HP"""
item_ElementWeapon3_2#1,"""เมื่อโจมตีศัตรูที่แพ้ธาตุแสง, ความมืด, หรือธาตุ<br>ตรงกับอาวุธที่สวมใส่<br>เพิ่ม Damage ที่ทำได้ และฟื้นฟู HP"""
item_ElementWeapon3_3#1,"""เมื่อโจมตีศัตรูที่แพ้ธาตุแสง, ความมืด, หรือธาตุ<br>ตรงกับอาวุธที่สวมใส่<br>เพิ่ม Damage ที่ทำได้ และฟื้นฟู HP"""
item_ElementWeapon3_4#1,"""เมื่อโจมตีศัตรูที่แพ้ธาตุแสง, ความมืด, หรือธาตุ<br>ตรงกับอาวุธที่สวมใส่<br>เพิ่ม Damage ที่ทำได้ และฟื้นฟู HP"""
item_ElementWeapon3_5#1,"""เมื่อโจมตีศัตรูที่แพ้ธาตุแสง, ความมืด, หรือธาตุ<br>ตรงกับอาวุธที่สวมใส่<br>เพิ่ม Damage ที่ทำได้ และฟื้นฟู HP"""
item_ElementWeapon4_1#1,"""เมื่อโจมตีศัตรูที่แพ้ธาตุไฟ, แสง, หรือธาตุ<br>ตรงกับอาวุธที่สวมใส่<br>เพิ่ม Damage ที่ทำได้ และฟื้นฟู HP"""
item_ElementWeapon4_2#1,"""เมื่อโจมตีศัตรูที่แพ้ธาตุไฟ, แสง, หรือธาตุ<br>ตรงกับอาวุธที่สวมใส่<br>เพิ่ม Damage ที่ทำได้ และฟื้นฟู HP"""
item_ElementWeapon4_3#1,"""เมื่อโจมตีศัตรูที่แพ้ธาตุไฟ, แสง, หรือธาตุ<br>ตรงกับอาวุธที่สวมใส่<br>เพิ่ม Damage ที่ทำได้ และฟื้นฟู HP"""
item_ElementWeapon4_4#1,"""เมื่อโจมตีศัตรูที่แพ้ธาตุไฟ, แสง, หรือธาตุ<br>ตรงกับอาวุธที่สวมใส่<br>เพิ่ม Damage ที่ทำได้ และฟื้นฟู HP"""
item_ElementWeapon4_5#1,"""เมื่อโจมตีศัตรูที่แพ้ธาตุไฟ, แสง, หรือธาตุ<br>ตรงกับอาวุธที่สวมใส่<br>เพิ่ม Damage ที่ทำได้ และฟื้นฟู HP"""
item_ElementWeapon5_1#1,"""เมื่อโจมตีศัตรูที่แพ้ธาตุไฟ, ลม, หรือธาตุ<br>ตรงกับอาวุธที่สวมใส่<br>เพิ่ม Damage ที่ทำได้ และฟื้นฟู HP"""
item_ElementWeapon5_2#1,"""เมื่อโจมตีศัตรูที่แพ้ธาตุไฟ, ลม, หรือธาตุ<br>ตรงกับอาวุธที่สวมใส่<br>เพิ่ม Damage ที่ทำได้ และฟื้นฟู HP"""
item_ElementWeapon5_3#1,"""เมื่อโจมตีศัตรูที่แพ้ธาตุไฟ, ลม, หรือธาตุ<br>ตรงกับอาวุธที่สวมใส่<br>เพิ่ม Damage ที่ทำได้ และฟื้นฟู HP"""
item_ElementWeapon5_4#1,"""เมื่อโจมตีศัตรูที่แพ้ธาตุไฟ, ลม, หรือธาตุ<br>ตรงกับอาวุธที่สวมใส่<br>เพิ่ม Damage ที่ทำได้ และฟื้นฟู HP"""
item_ElementWeapon5_5#1,"""เมื่อโจมตีศัตรูที่แพ้ธาตุไฟ, ลม, หรือธาตุ<br>ตรงกับอาวุธที่สวมใส่<br>เพิ่ม Damage ที่ทำได้ และฟื้นฟู HP"""
item_ElementWeapon6_1#1,"""เมื่อโจมตีศัตรูที่แพ้ธาตุลม, ความมืด, หรือธาตุ<br>ตรงกับอาวุธที่สวมใส่<br>เพิ่ม Damage ที่ทำได้ และฟื้นฟู HP"""
item_ElementWeapon6_2#1,"""เมื่อโจมตีศัตรูที่แพ้ธาตุลม, ความมืด, หรือธาตุ<br>ตรงกับอาวุธที่สวมใส่<br>เพิ่ม Damage ที่ทำได้ และฟื้นฟู HP"""
item_ElementWeapon6_3#1,"""เมื่อโจมตีศัตรูที่แพ้ธาตุลม, ความมืด, หรือธาตุ<br>ตรงกับอาวุธที่สวมใส่<br>เพิ่ม Damage ที่ทำได้ และฟื้นฟู HP"""
item_ElementWeapon6_4#1,"""เมื่อโจมตีศัตรูที่แพ้ธาตุลม, ความมืด, หรือธาตุ<br>ตรงกับอาวุธที่สวมใส่<br>เพิ่ม Damage ที่ทำได้ และฟื้นฟู HP"""
item_ElementWeapon6_5#1,"""เมื่อโจมตีศัตรูที่แพ้ธาตุลม, ความมืด, หรือธาตุ<br>ตรงกับอาวุธที่สวมใส่<br>เพิ่ม Damage ที่ทำได้ และฟื้นฟู HP"""
item_ElementWeapon7_1#1,"""เมื่อโจมตีศัตรูที่แพ้ธาตุไฟ, สายฟ้า, หรือธาตุ<br>ตรงกับอาวุธที่สวมใส่<br>เพิ่ม Damage ที่ทำได้ และฟื้นฟู HP"""
item_ElementWeapon7_2#1,"""เมื่อโจมตีศัตรูที่แพ้ธาตุไฟ, สายฟ้า, หรือธาตุ<br>ตรงกับอาวุธที่สวมใส่<br>เพิ่ม Damage ที่ทำได้ และฟื้นฟู HP"""
item_ElementWeapon7_3#1,"""เมื่อโจมตีศัตรูที่แพ้ธาตุไฟ, สายฟ้า, หรือธาตุ<br>ตรงกับอาวุธที่สวมใส่<br>เพิ่ม Damage ที่ทำได้ และฟื้นฟู HP"""
item_ElementWeapon7_4#1,"""เมื่อโจมตีศัตรูที่แพ้ธาตุไฟ, สายฟ้า, หรือธาตุ<br>ตรงกับอาวุธที่สวมใส่<br>เพิ่ม Damage ที่ทำได้ และฟื้นฟู HP"""
item_ElementWeapon7_5#1,"""เมื่อโจมตีศัตรูที่แพ้ธาตุไฟ, สายฟ้า, หรือธาตุ<br>ตรงกับอาวุธที่สวมใส่<br>เพิ่ม Damage ที่ทำได้ และฟื้นฟู HP"""
item_ElementWeapon8_1#1,"""เมื่อโจมตีศัตรูที่แพ้ธาตุน้ำแข็ง, สายฟ้า, หรือธาตุ<br>ตรงกับอาวุธที่สวมใส่<br>เพิ่ม Damage ที่ทำได้ และฟื้นฟู HP"""
item_ElementWeapon8_2#1,"""เมื่อโจมตีศัตรูที่แพ้ธาตุน้ำแข็ง, สายฟ้า, หรือธาตุ<br>ตรงกับอาวุธที่สวมใส่<br>เพิ่ม Damage ที่ทำได้ และฟื้นฟู HP"""
item_ElementWeapon8_3#1,"""เมื่อโจมตีศัตรูที่แพ้ธาตุน้ำแข็ง, สายฟ้า, หรือธาตุ<br>ตรงกับอาวุธที่สวมใส่<br>เพิ่ม Damage ที่ทำได้ และฟื้นฟู HP"""
item_ElementWeapon8_4#1,"""เมื่อโจมตีศัตรูที่แพ้ธาตุน้ำแข็ง, สายฟ้า, หรือธาตุ<br>ตรงกับอาวุธที่สวมใส่<br>เพิ่ม Damage ที่ทำได้ และฟื้นฟู HP"""
item_ElementWeapon8_5#1,"""เมื่อโจมตีศัตรูที่แพ้ธาตุน้ำแข็ง, สายฟ้า, หรือธาตุ<br>ตรงกับอาวุธที่สวมใส่<br>เพิ่ม Damage ที่ทำได้ และฟื้นฟู HP"""
item_ElementWeapon9_1#1,"""เมื่อโจมตีศัตรูที่แพ้ธาตุลม, แสง, หรือธาตุ<br>ตรงกับอาวุธที่สวมใส่<br>เพิ่ม Damage ที่ทำได้ และฟื้นฟู HP"""
item_ElementWeapon9_2#1,"""เมื่อโจมตีศัตรูที่แพ้ธาตุลม, แสง, หรือธาตุ<br>ตรงกับอาวุธที่สวมใส่<br>เพิ่ม Damage ที่ทำได้ และฟื้นฟู HP"""
item_ElementWeapon9_3#1,"""เมื่อโจมตีศัตรูที่แพ้ธาตุลม, แสง, หรือธาตุ<br>ตรงกับอาวุธที่สวมใส่<br>เพิ่ม Damage ที่ทำได้ และฟื้นฟู HP"""
item_ElementWeapon9_4#1,"""เมื่อโจมตีศัตรูที่แพ้ธาตุลม, แสง, หรือธาตุ<br>ตรงกับอาวุธที่สวมใส่<br>เพิ่ม Damage ที่ทำได้ และฟื้นฟู HP"""
item_ElementWeapon9_5#1,"""เมื่อโจมตีศัตรูที่แพ้ธาตุลม, แสง, หรือธาตุ<br>ตรงกับอาวุธที่สวมใส่<br>เพิ่ม Damage ที่ทำได้ และฟื้นฟู HP"""
item_ElementWeapon10_1#1,"""เมื่อโจมตีศัตรูที่แพ้ธาตุน้ำแข็ง, ลม, หรือธาตุ<br>ตรงกับอาวุธที่สวมใส่<br>เพิ่ม Damage ที่ทำได้ และฟื้นฟู HP"""
item_ElementWeapon10_2#1,"""เมื่อโจมตีศัตรูที่แพ้ธาตุน้ำแข็ง, ลม, หรือธาตุ<br>ตรงกับอาวุธที่สวมใส่<br>เพิ่ม Damage ที่ทำได้ และฟื้นฟู HP"""
item_ElementWeapon10_3#1,"""เมื่อโจมตีศัตรูที่แพ้ธาตุน้ำแข็ง, ลม, หรือธาตุ<br>ตรงกับอาวุธที่สวมใส่<br>เพิ่ม Damage ที่ทำได้ และฟื้นฟู HP"""
item_ElementWeapon10_4#1,"""เมื่อโจมตีศัตรูที่แพ้ธาตุน้ำแข็ง, ลม, หรือธาตุ<br>ตรงกับอาวุธที่สวมใส่<br>เพิ่ม Damage ที่ทำได้ และฟื้นฟู HP"""
item_ElementWeapon10_5#1,"""เมื่อโจมตีศัตรูที่แพ้ธาตุน้ำแข็ง, ลม, หรือธาตุ<br>ตรงกับอาวุธที่สวมใส่<br>เพิ่ม Damage ที่ทำได้ และฟื้นฟู HP"""
item_ElementWeapon11_1#1,"""เมื่อโจมตีศัตรูที่แพ้ธาตุสายฟ้า, ความมืด, หรือธาตุ<br>ตรงกับอาวุธที่สวมใส่<br>เพิ่ม Damage ที่ทำได้ และฟื้นฟู HP"""
item_ElementWeapon11_2#1,"""เมื่อโจมตีศัตรูที่แพ้ธาตุสายฟ้า, ความมืด, หรือธาตุ<br>ตรงกับอาวุธที่สวมใส่<br>เพิ่ม Damage ที่ทำได้ และฟื้นฟู HP"""
item_ElementWeapon11_3#1,"""เมื่อโจมตีศัตรูที่แพ้ธาตุสายฟ้า, ความมืด, หรือธาตุ<br>ตรงกับอาวุธที่สวมใส่<br>เพิ่ม Damage ที่ทำได้ และฟื้นฟู HP"""
item_ElementWeapon11_4#1,"""เมื่อโจมตีศัตรูที่แพ้ธาตุสายฟ้า, ความมืด, หรือธาตุ<br>ตรงกับอาวุธที่สวมใส่<br>เพิ่ม Damage ที่ทำได้ และฟื้นฟู HP"""
item_ElementWeapon11_5#1,"""เมื่อโจมตีศัตรูที่แพ้ธาตุสายฟ้า, ความมืด, หรือธาตุ<br>ตรงกับอาวุธที่สวมใส่<br>เพิ่ม Damage ที่ทำได้ และฟื้นฟู HP"""
item_ElementWeapon12_1#1,"""เมื่อโจมตีศัตรูที่แพ้ธาตุไฟ, ความมืด, หรือธาตุ<br>ตรงกับอาวุธที่สวมใส่<br>เพิ่ม Damage ที่ทำได้ และฟื้นฟู HP"""
item_ElementWeapon12_2#1,"""เมื่อโจมตีศัตรูที่แพ้ธาตุไฟ, ความมืด, หรือธาตุ<br>ตรงกับอาวุธที่สวมใส่<br>เพิ่ม Damage ที่ทำได้ และฟื้นฟู HP"""
item_ElementWeapon12_3#1,"""เมื่อโจมตีศัตรูที่แพ้ธาตุไฟ, ความมืด, หรือธาตุ<br>ตรงกับอาวุธที่สวมใส่<br>เพิ่ม Damage ที่ทำได้ และฟื้นฟู HP"""
item_ElementWeapon12_4#1,"""เมื่อโจมตีศัตรูที่แพ้ธาตุไฟ, ความมืด, หรือธาตุ<br>ตรงกับอาวุธที่สวมใส่<br>เพิ่ม Damage ที่ทำได้ และฟื้นฟู HP"""
item_ElementWeapon12_5#1,"""เมื่อโจมตีศัตรูที่แพ้ธาตุไฟ, ความมืด, หรือธาตุ<br>ตรงกับอาวุธที่สวมใส่<br>เพิ่ม Damage ที่ทำได้ และฟื้นฟู HP"""
item_ElementWeapon13_1#1,"""เมื่อโจมตีศัตรูที่แพ้ธาตุไฟ, น้ำแข็ง, หรือธาตุ<br>ตรงกับอาวุธที่สวมใส่<br>เพิ่ม Damage ที่ทำได้ และฟื้นฟู HP"""
item_ElementWeapon13_2#1,"""เมื่อโจมตีศัตรูที่แพ้ธาตุไฟ, น้ำแข็ง, หรือธาตุ<br>ตรงกับอาวุธที่สวมใส่<br>เพิ่ม Damage ที่ทำได้ และฟื้นฟู HP"""
item_ElementWeapon13_3#1,"""เมื่อโจมตีศัตรูที่แพ้ธาตุไฟ, น้ำแข็ง, หรือธาตุ<br>ตรงกับอาวุธที่สวมใส่<br>เพิ่ม Damage ที่ทำได้ และฟื้นฟู HP"""
item_ElementWeapon13_4#1,"""เมื่อโจมตีศัตรูที่แพ้ธาตุไฟ, น้ำแข็ง, หรือธาตุ<br>ตรงกับอาวุธที่สวมใส่<br>เพิ่ม Damage ที่ทำได้ และฟื้นฟู HP"""
item_ElementWeapon13_5#1,"""เมื่อโจมตีศัตรูที่แพ้ธาตุไฟ, น้ำแข็ง, หรือธาตุ<br>ตรงกับอาวุธที่สวมใส่<br>เพิ่ม Damage ที่ทำได้ และฟื้นฟู HP"""
item_ElementWeapon14_1#1,"""เมื่อศัตรูแพ้ธาตุไฟ<br>และตรงกับธาตุของอาวุธ<br>เพิ่ม Damage ที่ทำได้ และฟื้นฟู HP"""
item_ElementWeapon14_2#1,"""เมื่อศัตรูแพ้ธาตุไฟ<br>และตรงกับธาตุของอาวุธ<br>เพิ่ม Damage ที่ทำได้ และฟื้นฟู HP"""
item_ElementWeapon14_3#1,"""เมื่อศัตรูแพ้ธาตุไฟ<br>และตรงกับธาตุของอาวุธ<br>เพิ่ม Damage ที่ทำได้ และฟื้นฟู HP"""
item_ElementWeapon14_4#1,"""เมื่อศัตรูแพ้ธาตุไฟ<br>และตรงกับธาตุของอาวุธ<br>เพิ่ม Damage ที่ทำได้ และฟื้นฟู HP"""
item_ElementWeapon14_5#1,"""เมื่อศัตรูแพ้ธาตุไฟ<br>และตรงกับธาตุของอาวุธ<br>เพิ่ม Damage ที่ทำได้ และฟื้นฟู HP"""
item_ElementWeapon15_1#1,"""เมื่อศัตรูแพ้ธาตุลม<br>และตรงกับธาตุของอาวุธ<br>เพิ่ม Damage ที่ทำได้ และฟื้นฟู HP"""
item_ElementWeapon15_2#1,"""เมื่อศัตรูแพ้ธาตุลม<br>และตรงกับธาตุของอาวุธ<br>เพิ่ม Damage ที่ทำได้ และฟื้นฟู HP"""
item_ElementWeapon15_3#1,"""เมื่อศัตรูแพ้ธาตุลม<br>และตรงกับธาตุของอาวุธ<br>เพิ่ม Damage ที่ทำได้ และฟื้นฟู HP"""
item_ElementWeapon15_4#1,"""เมื่อศัตรูแพ้ธาตุลม<br>และตรงกับธาตุของอาวุธ<br>เพิ่ม Damage ที่ทำได้ และฟื้นฟู HP"""
item_ElementWeapon15_5#1,"""เมื่อศัตรูแพ้ธาตุลม<br>และตรงกับธาตุของอาวุธ<br>เพิ่ม Damage ที่ทำได้ และฟื้นฟู HP"""
item_ElementWeapon16_1#1,"""เมื่อศัตรูแพ้ธาตุสายฟ้า<br>และตรงกับธาตุของอาวุธ<br>เพิ่ม Damage ที่ทำได้ และฟื้นฟู HP"""
item_ElementWeapon16_2#1,"""เมื่อศัตรูแพ้ธาตุสายฟ้า<br>และตรงกับธาตุของอาวุธ<br>เพิ่ม Damage ที่ทำได้ และฟื้นฟู HP"""
item_ElementWeapon16_3#1,"""เมื่อศัตรูแพ้ธาตุสายฟ้า<br>และตรงกับธาตุของอาวุธ<br>เพิ่ม Damage ที่ทำได้ และฟื้นฟู HP"""
item_ElementWeapon16_4#1,"""เมื่อศัตรูแพ้ธาตุสายฟ้า<br>และตรงกับธาตุของอาวุธ<br>เพิ่ม Damage ที่ทำได้ และฟื้นฟู HP"""
item_ElementWeapon16_5#1,"""เมื่อศัตรูแพ้ธาตุสายฟ้า<br>และตรงกับธาตุของอาวุธ<br>เพิ่ม Damage ที่ทำได้ และฟื้นฟู HP"""
item_PpOverDriveMotherRefine_1#1,"""เพิ่ม Damage ที่ทำได้ 6%<br>และเพิ่มปริมาณ PP Recovery<br>เมื่อโจมตีขึ้น 20%"""
item_PpOverDriveMotherRefine_2#1,"""เพิ่ม Damage ที่ทำได้ 9%<br>และเพิ่มปริมาณ PP Recovery<br>เมื่อโจมตีขึ้น 30%"""
item_PpOverDriveMotherRefine_3#1,"""เพิ่ม Damage ที่ทำได้ 12%<br>และเพิ่มปริมาณ PP Recovery<br>เมื่อโจมตีขึ้น 40%"""
item_PpOverDriveMotherRefine_4#1,"""เพิ่ม Damage ที่ทำได้ 15%<br>และเพิ่มปริมาณ PP Recovery<br>เมื่อโจมตีขึ้น 50%"""
item_PpOverDriveMotherRefine_5#1,"""เพิ่ม Damage ที่ทำได้ 18%<br>และเพิ่มปริมาณ PP Recovery<br>เมื่อโจมตีขึ้น 60%"""
item_TactPotential_1#1,"""ลด Damage ที่ได้รับของ Pet<br>ลง 3% และฟื้นฟู HP<br>5% ทุกๆ 10 วินาที"""
item_TactPotential_2#1,"""ลด Damage ที่ได้รับของ Pet<br>ลง 4% และฟื้นฟู HP<br>7% ทุกๆ 10 วินาที"""
item_TactPotential_3#1,"""ลด Damage ที่ได้รับของ Pet<br>ลง 5% และฟื้นฟู HP<br>10% ทุกๆ 10 วินาที"""
item_TactPotential_4#1,"""ลด Damage ที่ได้รับของ Pet<br>ลง 6% และฟื้นฟู HP<br>12% ทุกๆ 10 วินาที"""
item_TactPotential_5#1,"""ลด Damage ที่ได้รับของ Pet<br>ลง 7% และฟื้นฟู HP<br>15% ทุกๆ 10 วินาที"""
item_AbnormalAttack4_1#1,"""เพิ่ม Damage และโอกาสติด Poison<br>เพิ่ม Damage ที่ทำกับ<br>ศัตรูที่ติดสถานะ Poison"""
item_AbnormalAttack4_2#1,"""เพิ่ม Damage และโอกาสติด Poison<br>เพิ่ม Damage ที่ทำกับ<br>ศัตรูที่ติดสถานะ Poison"""
item_AbnormalAttack4_3#1,"""เพิ่ม Damage และโอกาสติด Poison<br>เพิ่ม Damage ที่ทำกับ<br>ศัตรูที่ติดสถานะ Poison"""
item_AbnormalAttack4_4#1,"""เพิ่ม Damage และโอกาสติด Poison<br>เพิ่ม Damage ที่ทำกับ<br>ศัตรูที่ติดสถานะ Poison"""
item_AbnormalAttack4_5#1,"""เพิ่ม Damage และโอกาสติด Poison<br>เพิ่ม Damage ที่ทำกับ<br>ศัตรูที่ติดสถานะ Poison"""
item_AbnormalAttack7_1#1,"""เพิ่ม Damage และโอกาสติดสถานะผิดปกติ<br>เพิ่ม Damage ที่ทำกับ<br>ศัตรูที่ติดสถานะผิดปกติ"""
item_AbnormalAttack7_2#1,"""เพิ่ม Damage และโอกาสติดสถานะผิดปกติ<br>เพิ่ม Damage ที่ทำกับ<br>ศัตรูที่ติดสถานะผิดปกติ"""
item_AbnormalAttack7_3#1,"""เพิ่ม Damage และโอกาสติดสถานะผิดปกติ<br>เพิ่ม Damage ที่ทำกับ<br>ศัตรูที่ติดสถานะผิดปกติ"""
item_AbnormalAttack7_4#1,"""เพิ่ม Damage และโอกาสติดสถานะผิดปกติ<br>เพิ่ม Damage ที่ทำกับ<br>ศัตรูที่ติดสถานะผิดปกติ"""
item_AbnormalAttack7_5#1,"""เพิ่ม Damage และโอกาสติดสถานะผิดปกติ<br>เพิ่ม Damage ที่ทำกับ<br>ศัตรูที่ติดสถานะผิดปกติ"""
item_AbnormalAttack8_1#1,"""เพิ่ม Damage และโอกาสติดสถานะผิดปกติ<br>เพิ่ม Damage ที่ทำกับ<br>ศัตรูที่ติดสถานะผิดปกติ"""
item_AbnormalAttack8_2#1,"""เพิ่ม Damage และโอกาสติดสถานะผิดปกติ<br>เพิ่ม Damage ที่ทำกับ<br>ศัตรูที่ติดสถานะผิดปกติ"""
item_AbnormalAttack8_3#1,"""เพิ่ม Damage และโอกาสติดสถานะผิดปกติ<br>เพิ่ม Damage ที่ทำกับ<br>ศัตรูที่ติดสถานะผิดปกติ"""
item_AbnormalAttack8_4#1,"""เพิ่ม Damage และโอกาสติดสถานะผิดปกติ<br>เพิ่ม Damage ที่ทำกับ<br>ศัตรูที่ติดสถานะผิดปกติ"""
item_AbnormalAttack8_5#1,"""เพิ่ม Damage และโอกาสติดสถานะผิดปกติ<br>เพิ่ม Damage ที่ทำกับ<br>ศัตรูที่ติดสถานะผิดปกติ"""
item_KatanaGearUp_1#1,"""เสริมพลัง Katana Gear<br>เมื่อชักอาวุธ เกจจะเพิ่มขึ้นอัตโนมัติ<br>และเพิ่ม Damage ในขณะที่ปลดปล่อยเกจ"""
item_KatanaGearUp_2#1,"""เสริมพลัง Katana Gear<br>เมื่อชักอาวุธ เกจจะเพิ่มขึ้นอัตโนมัติ<br>และเพิ่ม Damage ในขณะที่ปลดปล่อยเกจ"""
item_KatanaGearUp_3#1,"""เสริมพลัง Katana Gear<br>เมื่อชักอาวุธ เกจจะเพิ่มขึ้นอัตโนมัติ<br>และเพิ่ม Damage ในขณะที่ปลดปล่อยเกจ"""
item_KatanaGearUp_4#1,"""เสริมพลัง Katana Gear<br>เมื่อชักอาวุธ เกจจะเพิ่มขึ้นอัตโนมัติ<br>และเพิ่ม Damage ในขณะที่ปลดปล่อยเกจ"""
item_KatanaGearUp_5#1,"""เสริมพลัง Katana Gear<br>เมื่อชักอาวุธ เกจจะเพิ่มขึ้นอัตโนมัติ<br>และเพิ่ม Damage ในขณะที่ปลดปล่อยเกจ"""
item_KatanaGearUp2_1#1,"""เสริมพลัง Katana Gear<br>เมื่อชักอาวุธ เกจจะเพิ่มขึ้นอัตโนมัติ<br>และเพิ่ม Damage ในขณะที่ปลดปล่อยเกจ"""
item_KatanaGearUp2_2#1,"""เสริมพลัง Katana Gear<br>เมื่อชักอาวุธ เกจจะเพิ่มขึ้นอัตโนมัติ<br>และเพิ่ม Damage ในขณะที่ปลดปล่อยเกจ"""
item_KatanaGearUp2_3#1,"""เสริมพลัง Katana Gear<br>เมื่อชักอาวุธ เกจจะเพิ่มขึ้นอัตโนมัติ<br>และเพิ่ม Damage ในขณะที่ปลดปล่อยเกจ"""
item_KatanaGearUp2_4#1,"""เสริมพลัง Katana Gear<br>เมื่อชักอาวุธ เกจจะเพิ่มขึ้นอัตโนมัติ<br>และเพิ่ม Damage ในขณะที่ปลดปล่อยเกจ"""
item_KatanaGearUp2_5#1,"""เสริมพลัง Katana Gear<br>เมื่อชักอาวุธ เกจจะเพิ่มขึ้นอัตโนมัติ<br>และเพิ่ม Damage ในขณะที่ปลดปล่อยเกจ"""
item_ElementConversionPlus_1#1,"""เสริมพลัง<br>Element Conversion<br>และลดการใช้ PP ของ Techniques ลง"""
item_ElementConversionPlus_2#1,"""เสริมพลัง<br>Element Conversion<br>และลดการใช้ PP ของ Techniques ลง"""
item_ElementConversionPlus_3#1,"""เสริมพลัง<br>Element Conversion<br>และลดการใช้ PP ของ Techniques ลง"""
item_ElementConversionPlus_4#1,"""เสริมพลัง<br>Element Conversion<br>และลดการใช้ PP ของ Techniques ลง"""
item_ElementConversionPlus_5#1,"""เสริมพลัง<br>Element Conversion<br>และลดการใช้ PP ของ Techniques ลง"""
item_ElementConversionPlus2_1#1,"""เสริมพลัง<br>Element Conversion<br>และลดการใช้ PP ของ Techniques ลง"""
item_ElementConversionPlus2_2#1,"""เสริมพลัง<br>Element Conversion<br>และลดการใช้ PP ของ Techniques ลง"""
item_ElementConversionPlus2_3#1,"""เสริมพลัง<br>Element Conversion<br>และลดการใช้ PP ของ Techniques ลง"""
item_ElementConversionPlus2_4#1,"""เสริมพลัง<br>Element Conversion<br>และลดการใช้ PP ของ Techniques ลง"""
item_ElementConversionPlus2_5#1,"""เสริมพลัง<br>Element Conversion<br>และลดการใช้ PP ของ Techniques ลง"""
item_WideShot_1#1,"""เพิ่มการโจมตีหมู่, มีโอกาส<br>ทำให้เกิดสถานะ Stun และเพิ่ม Damage<br>แก่ศัตรูในระยะที่กำหนด"""
item_WideShot_2#1,"""เพิ่มการโจมตีหมู่, มีโอกาส<br>ทำให้เกิดสถานะ Stun และเพิ่ม Damage<br>แก่ศัตรูในระยะที่กำหนด"""
item_WideShot_3#1,"""เพิ่มการโจมตีหมู่, มีโอกาส<br>ทำให้เกิดสถานะ Stun และเพิ่ม Damage<br>แก่ศัตรูในระยะที่กำหนด"""
item_WideShot_4#1,"""เพิ่มการโจมตีหมู่, มีโอกาส<br>ทำให้เกิดสถานะ Stun และเพิ่ม Damage<br>แก่ศัตรูในระยะที่กำหนด"""
item_WideShot_5#1,"""เพิ่มการโจมตีหมู่, มีโอกาส<br>ทำให้เกิดสถานะ Stun และเพิ่ม Damage<br>แก่ศัตรูในระยะที่กำหนด"""
item_WideShot2_1#1,"""เพิ่มการโจมตีหมู่, มีโอกาส<br>ทำให้เกิดสถานะ Stun และเพิ่ม Damage<br>แก่ศัตรูในระยะที่กำหนด"""
item_WideShot2_2#1,"""เพิ่มการโจมตีหมู่, มีโอกาส<br>ทำให้เกิดสถานะ Stun และเพิ่ม Damage<br>แก่ศัตรูในระยะที่กำหนด"""
item_WideShot2_3#1,"""เพิ่มการโจมตีหมู่, มีโอกาส<br>ทำให้เกิดสถานะ Stun และเพิ่ม Damage<br>แก่ศัตรูในระยะที่กำหนด"""
item_WideShot2_4#1,"""เพิ่มการโจมตีหมู่, มีโอกาส<br>ทำให้เกิดสถานะ Stun และเพิ่ม Damage<br>แก่ศัตรูในระยะที่กำหนด"""
item_WideShot2_5#1,"""เพิ่มการโจมตีหมู่, มีโอกาส<br>ทำให้เกิดสถานะ Stun และเพิ่ม Damage<br>แก่ศัตรูในระยะที่กำหนด"""
item_QuestSpecial_1#1,"""เมื่ออยู่ใน<br>“The Profound Darkness”<br>Damage ที่ทำได้จะเพิ่มขึ้น และ Damage ที่ได้รับจะลดลง"""
item_QuestSpecial_2#1,"""เมื่ออยู่ใน<br>“The Profound Darkness”<br>Damage ที่ทำได้จะเพิ่มขึ้น และ Damage ที่ได้รับจะลดลง"""
item_QuestSpecial_3#1,"""เมื่ออยู่ใน<br>“The Profound Darkness”<br>Damage ที่ทำได้จะเพิ่มขึ้น และ Damage ที่ได้รับจะลดลง"""
item_QuestSpecial_4#1,"""เมื่ออยู่ใน<br>“The Profound Darkness”<br>Damage ที่ทำได้จะเพิ่มขึ้น และ Damage ที่ได้รับจะลดลง"""
item_QuestSpecial_5#1,"""เมื่ออยู่ใน<br>“The Profound Darkness”<br>Damage ที่ทำได้จะเพิ่มขึ้น และ Damage ที่ได้รับจะลดลง"""
item_AbilityCount_1#1,"""เพิ่ม Damage และปริมาณ PP Recovery<br>ตามจำนวนของ<br>Special Abilities ที่มี"""
item_AbilityCount_2#1,"""เพิ่ม Damage และปริมาณ PP Recovery<br>ตามจำนวนของ<br>Special Abilities ที่มี"""
item_AbilityCount_3#1,"""เพิ่ม Damage และปริมาณ PP Recovery<br>ตามจำนวนของ<br>Special Abilities ที่มี"""
item_AbilityCount_4#1,"""เพิ่ม Damage และปริมาณ PP Recovery<br>ตามจำนวนของ<br>Special Abilities ที่มี"""
item_AbilityCount_5#1,"""เพิ่ม Damage และปริมาณ PP Recovery<br>ตามจำนวนของ<br>Special Abilities ที่มี"""
item_BattleAccumulation_1#1,"""ความสามารถจะแข็งแกร่งขึ้น<br>ตามปริมาณ Damage ที่ทำได้, Damage ที่ได้รับ<br>และจำนวน PP ที่ใช้ตอนเปิดใช้งาน"""
item_BattleAccumulation_2#1,"""ความสามารถจะแข็งแกร่งขึ้น<br>ตามปริมาณ Damage ที่ทำได้, Damage ที่ได้รับ<br>และจำนวน PP ที่ใช้ตอนเปิดใช้งาน"""
item_BattleAccumulation_3#1,"""ความสามารถจะแข็งแกร่งขึ้น<br>ตามปริมาณ Damage ที่ทำได้, Damage ที่ได้รับ<br>และจำนวน PP ที่ใช้ตอนเปิดใช้งาน"""
item_BattleAccumulation_4#1,"""ความสามารถจะแข็งแกร่งขึ้น<br>ตามปริมาณ Damage ที่ทำได้, Damage ที่ได้รับ<br>และจำนวน PP ที่ใช้ตอนเปิดใช้งาน"""
item_BattleAccumulation_5#1,"""ความสามารถจะแข็งแกร่งขึ้น<br>ตามปริมาณ Damage ที่ทำได้, Damage ที่ได้รับ<br>และจำนวน PP ที่ใช้ตอนเปิดใช้งาน"""
item_InheritanceUp_1#1,"""เพิ่มโอกาสสำเร็จ<br>ในการเพิ่ม Special Abilities<br>ให้อาวุธนี้ขึ้น 2%"""
item_InheritanceUp_2#1,"""เพิ่มโอกาสสำเร็จ<br>ในการเพิ่ม Special Abilities<br>ให้อาวุธนี้ขึ้น 5%"""
item_InheritanceUp_3#1,"""เพิ่มโอกาสสำเร็จ<br>ในการเพิ่ม Special Abilities<br>ให้อาวุธนี้ขึ้น 10%"""
item_InheritanceUp_4#1,"""เพิ่มโอกาสสำเร็จ<br>ในการเพิ่ม Special Abilities<br>ให้อาวุธนี้ขึ้น 10%"""
item_InheritanceUp_5#1,"""เพิ่มโอกาสสำเร็จ<br>ในการเพิ่ม Special Abilities<br>ให้อาวุธนี้ขึ้น 10%"""
item_SpecialExtend1_1#1,"""เพิ่ม Damage 10%<br>และเพิ่มโบนัสสเตตัส<br>ของ Special Abilities เป็น 2 เท่า"""
item_SpecialExtend1_2#1,"""เพิ่ม Damage 12%<br>และเพิ่มโบนัสสเตตัส<br>ของ Special Abilities เป็น 2 เท่า"""
item_SpecialExtend1_3#1,"""เพิ่ม Damage 14%<br>และเพิ่มโบนัสสเตตัส<br>ของ Special Abilities เป็น 2 เท่า"""
item_SpecialExtend1_4#1,"""เพิ่ม Damage 16%<br>และเพิ่มโบนัสสเตตัส<br>ของ Special Abilities เป็น 2 เท่า"""
item_SpecialExtend1_5#1,"""เพิ่ม Damage 18%<br>และเพิ่มโบนัสสเตตัส<br>ของ Special Abilities เป็น 2 เท่า"""
item_SpecialExtend2_1#1,"""เพิ่ม Damage 10%<br>และเพิ่มโบนัสสเตตัส<br>ของ Special Abilities เป็น 2 เท่า"""
item_SpecialExtend2_2#1,"""เพิ่ม Damage 12%<br>และเพิ่มโบนัสสเตตัส<br>ของ Special Abilities เป็น 2 เท่า"""
item_SpecialExtend2_3#1,"""เพิ่ม Damage 14%<br>และเพิ่มโบนัสสเตตัส<br>ของ Special Abilities เป็น 2 เท่า"""
item_SpecialExtend2_4#1,"""เพิ่ม Damage 16%<br>และเพิ่มโบนัสสเตตัส<br>ของ Special Abilities เป็น 2 เท่า"""
item_SpecialExtend2_5#1,"""เพิ่ม Damage 18%<br>และเพิ่มโบนัสสเตตัส<br>ของ Special Abilities เป็น 2 เท่า"""
item_StUpShare1_1#1,"""เพิ่ม Damage 8%<br>ฟื้นฟู HP ให้ปาร์ตี้เป็นระยะๆ<br>และเพิ่มพลังโจมตี"""
item_StUpShare1_2#1,"""เพิ่ม Damage 10%<br>ฟื้นฟู HP ให้ปาร์ตี้เป็นระยะๆ<br>และเพิ่มพลังโจมตี"""
item_StUpShare1_3#1,"""เพิ่ม Damage 12%<br>ฟื้นฟู HP ให้ปาร์ตี้เป็นระยะๆ<br>และเพิ่มพลังโจมตี"""
item_StUpShare1_4#1,"""เพิ่ม Damage 14%<br>ฟื้นฟู HP ให้ปาร์ตี้เป็นระยะๆ<br>และเพิ่มพลังโจมตี"""
item_StUpShare1_5#1,"""เพิ่ม Damage 16%<br>ฟื้นฟู HP ให้ปาร์ตี้เป็นระยะๆ<br>และเพิ่มพลังโจมตี"""
item_StUpShare2_1#1,"""ฟื้นฟู HP ให้สมาชิกปาร์ตี้<br>เป็นระยะๆ<br>และเพิ่มพลังโจมตี"""
item_StUpShare2_2#1,"""ฟื้นฟู HP ให้สมาชิกปาร์ตี้<br>เป็นระยะๆ<br>และเพิ่มพลังโจมตี"""
item_StUpShare2_3#1,"""ฟื้นฟู HP ให้สมาชิกปาร์ตี้<br>เป็นระยะๆ<br>และเพิ่มพลังโจมตี"""
item_StUpShare2_4#1,"""ฟื้นฟู HP ให้สมาชิกปาร์ตี้<br>เป็นระยะๆ<br>และเพิ่มพลังโจมตี"""
item_StUpShare2_5#1,"""ฟื้นฟู HP ให้สมาชิกปาร์ตี้<br>เป็นระยะๆ<br>และเพิ่มพลังโจมตี"""
item_TactStatusUp1_1#1,"""เพิ่มปริมาณ PP Automatic Recovery<br>และเพิ่มปริมาณ PP Recovery<br>เมื่อ Pet โจมตี"""
item_TactStatusUp1_2#1,"""เพิ่มปริมาณ PP Automatic Recovery<br>และเพิ่มปริมาณ PP Recovery<br>เมื่อ Pet โจมตี"""
item_TactStatusUp1_3#1,"""เพิ่มปริมาณ PP Automatic Recovery<br>และเพิ่มปริมาณ PP Recovery<br>เมื่อ Pet โจมตี"""
item_TactStatusUp1_4#1,"""เพิ่มปริมาณ PP Automatic Recovery<br>และเพิ่มปริมาณ PP Recovery<br>เมื่อ Pet โจมตี"""
item_TactStatusUp1_5#1,"""เพิ่มปริมาณ PP Automatic Recovery<br>และเพิ่มปริมาณ PP Recovery<br>เมื่อ Pet โจมตี"""
item_TactStatusUp2_1#1,"""เพิ่มปริมาณ PP Automatic Recovery<br>และเพิ่มปริมาณ PP Recovery<br>เมื่อ Pet โจมตี"""
item_TactStatusUp2_2#1,"""เพิ่มปริมาณ PP Automatic Recovery<br>และเพิ่มปริมาณ PP Recovery<br>เมื่อ Pet โจมตี"""
item_TactStatusUp2_3#1,"""เพิ่มปริมาณ PP Automatic Recovery<br>และเพิ่มปริมาณ PP Recovery<br>เมื่อ Pet โจมตี"""
item_TactStatusUp2_4#1,"""เพิ่มปริมาณ PP Automatic Recovery<br>และเพิ่มปริมาณ PP Recovery<br>เมื่อ Pet โจมตี"""
item_TactStatusUp2_5#1,"""เพิ่มปริมาณ PP Automatic Recovery<br>และเพิ่มปริมาณ PP Recovery<br>เมื่อ Pet โจมตี"""
item_KamaitachiBoost_1#1,"""เสริมพลัง Kamaitachi<br>ขยายระยะเวลาใช้งาน<br>และเพิ่ม Damage ขึ้น 8%"""
item_KamaitachiBoost_2#1,"""เสริมพลัง Kamaitachi<br>ขยายระยะเวลาใช้งาน<br>และเพิ่ม Damage ขึ้น 9%"""
item_KamaitachiBoost_3#1,"""เสริมพลัง Kamaitachi<br>ขยายระยะเวลาใช้งาน<br>และเพิ่ม Damage ขึ้น 10%"""
item_KamaitachiBoost_4#1,"""เสริมพลัง Kamaitachi<br>ขยายระยะเวลาใช้งาน<br>และเพิ่ม Damage ขึ้น 10%"""
item_KamaitachiBoost_5#1,"""เสริมพลัง Kamaitachi<br>ขยายระยะเวลาใช้งาน<br>และเพิ่ม Damage ขึ้น 10%"""
item_KamaitachiBoost2_1#1,"""เสริมพลัง Kamaitachi<br>ขยายระยะเวลาใช้งาน<br>และเพิ่ม Damage ขึ้น 16%"""
item_KamaitachiBoost2_2#1,"""เสริมพลัง Kamaitachi<br>ขยายระยะเวลาใช้งาน<br>และเพิ่ม Damage ขึ้น 20%"""
item_KamaitachiBoost2_3#1,"""เสริมพลัง Kamaitachi<br>ขยายระยะเวลาใช้งาน<br>และเพิ่ม Damage ขึ้น 24%"""
item_KamaitachiBoost2_4#1,"""เสริมพลัง Kamaitachi<br>ขยายระยะเวลาใช้งาน<br>และเพิ่ม Damage ขึ้น 28%"""
item_KamaitachiBoost2_5#1,"""เสริมพลัง Kamaitachi<br>ขยายระยะเวลาใช้งาน<br>และเพิ่ม Damage ขึ้น 32%"""
item_SaberStyle_1#1,"""เสริมพลังการโจมตีปกติ<br>โดยจะสร้างคลื่นกระแทก<br>ในการโจมตีครั้งที่ 3"""
item_SaberStyle_2#1,"""เสริมพลังการโจมตีปกติ<br>โดยจะสร้างคลื่นกระแทก<br>ในการโจมตีครั้งที่ 3"""
item_SaberStyle_3#1,"""เสริมพลังการโจมตีปกติ<br>โดยจะสร้างคลื่นกระแทก<br>ในการโจมตีครั้งที่ 3"""
item_SaberStyle_4#1,"""เสริมพลังการโจมตีปกติ<br>โดยจะสร้างคลื่นกระแทก<br>ในการโจมตีครั้งที่ 3"""
item_SaberStyle_5#1,"""เสริมพลังการโจมตีปกติ<br>โดยจะสร้างคลื่นกระแทก<br>ในการโจมตีครั้งที่ 3"""
item_SaberStyle2_1#1,"""เพิ่ม Damage 3%<br>เสริมพลังการโจมตีปกติ<br>โดยจะสร้างคลื่นกระแทกในการโจมตีครั้งที่ 3"""
item_SaberStyle2_2#1,"""เพิ่ม Damage 4%<br>เสริมพลังการโจมตีปกติ<br>โดยจะสร้างคลื่นกระแทกในการโจมตีครั้งที่ 3"""
item_SaberStyle2_3#1,"""เพิ่ม Damage 5%<br>เสริมพลังการโจมตีปกติ<br>โดยจะสร้างคลื่นกระแทกในการโจมตีครั้งที่ 3"""
item_SaberStyle2_4#1,"""เพิ่ม Damage 6%<br>เสริมพลังการโจมตีปกติ<br>โดยจะสร้างคลื่นกระแทกในการโจมตีครั้งที่ 3"""
item_SaberStyle2_5#1,"""เพิ่ม Damage 7%<br>เสริมพลังการโจมตีปกติ<br>โดยจะสร้างคลื่นกระแทกในการโจมตีครั้งที่ 3"""
item_AutoTecSupport_1#1,"""ในระหว่างที่ใช้ Alter Ego<br>จะทำการสนับสนุนอัตโนมัติ<br>ตามสถานการณ์"""
item_AutoTecSupport_2#1,"""ในระหว่างที่ใช้ Alter Ego<br>จะทำการสนับสนุนอัตโนมัติ<br>ตามสถานการณ์"""
item_AutoTecSupport_3#1,"""ในระหว่างที่ใช้ Alter Ego<br>จะทำการสนับสนุนอัตโนมัติ<br>ตามสถานการณ์"""
item_AutoTecSupport_4#1,"""ในระหว่างที่ใช้ Alter Ego<br>จะทำการสนับสนุนอัตโนมัติ<br>ตามสถานการณ์"""
item_AutoTecSupport_5#1,"""ในระหว่างที่ใช้ Alter Ego<br>จะทำการสนับสนุนอัตโนมัติ<br>ตามสถานการณ์"""
item_AutoTecSupport2_1#1,"""ในระหว่างที่ใช้ Alter Ego<br>จะทำการสนับสนุนอัตโนมัติ<br>ตามสถานการณ์"""
item_AutoTecSupport2_2#1,"""ในระหว่างที่ใช้ Alter Ego<br>จะทำการสนับสนุนอัตโนมัติ<br>ตามสถานการณ์"""
item_AutoTecSupport2_3#1,"""ในระหว่างที่ใช้ Alter Ego<br>จะทำการสนับสนุนอัตโนมัติ<br>ตามสถานการณ์"""
item_AutoTecSupport2_4#1,"""ในระหว่างที่ใช้ Alter Ego<br>จะทำการสนับสนุนอัตโนมัติ<br>ตามสถานการณ์"""
item_AutoTecSupport2_5#1,"""ในระหว่างที่ใช้ Alter Ego<br>จะทำการสนับสนุนอัตโนมัติ<br>ตามสถานการณ์"""
item_ChainTriggerAdvance_1#1,"""เมื่อเปิดใช้งาน Chain Trigger<br>จะฟื้นฟู PP, เป็นอมตะชั่วขณะ<br>และเพิ่ม Damage"""
item_ChainTriggerAdvance_2#1,"""เมื่อเปิดใช้งาน Chain Trigger<br>จะฟื้นฟู PP, เป็นอมตะชั่วขณะ<br>และเพิ่ม Damage"""
item_ChainTriggerAdvance_3#1,"""เมื่อเปิดใช้งาน Chain Trigger<br>จะฟื้นฟู PP, เป็นอมตะชั่วขณะ<br>และเพิ่ม Damage"""
item_ChainTriggerAdvance_4#1,"""เมื่อเปิดใช้งาน Chain Trigger<br>จะฟื้นฟู PP, เป็นอมตะชั่วขณะ<br>และเพิ่ม Damage"""
item_ChainTriggerAdvance_5#1,"""เมื่อเปิดใช้งาน Chain Trigger<br>จะฟื้นฟู PP, เป็นอมตะชั่วขณะ<br>และเพิ่ม Damage"""
item_ChainTriggerAdvance2_1#1,"""เมื่อเปิดใช้งาน Chain Trigger<br>จะฟื้นฟู PP, เป็นอมตะชั่วขณะ<br>และเพิ่ม Damage"""
item_ChainTriggerAdvance2_2#1,"""เมื่อเปิดใช้งาน Chain Trigger<br>จะฟื้นฟู PP, เป็นอมตะชั่วขณะ<br>และเพิ่ม Damage"""
item_ChainTriggerAdvance2_3#1,"""เมื่อเปิดใช้งาน Chain Trigger<br>จะฟื้นฟู PP, เป็นอมตะชั่วขณะ<br>และเพิ่ม Damage"""
item_ChainTriggerAdvance2_4#1,"""เมื่อเปิดใช้งาน Chain Trigger<br>จะฟื้นฟู PP, เป็นอมตะชั่วขณะ<br>และเพิ่ม Damage"""
item_ChainTriggerAdvance2_5#1,"""เมื่อเปิดใช้งาน Chain Trigger<br>จะฟื้นฟู PP, เป็นอมตะชั่วขณะ<br>และเพิ่ม Damage"""
item_GearGuardChange_1#1,"""ปลดผนึกเมื่อทำการ JG<br>ด้วย Weapon Action<br>และเปลี่ยนคุณสมบัติ"""
item_GearGuardChange_2#1,"""ปลดผนึกเมื่อทำการ JG<br>ด้วย Weapon Action<br>และเปลี่ยนคุณสมบัติ"""
item_GearGuardChange_3#1,"""ปลดผนึกเมื่อทำการ JG<br>ด้วย Weapon Action<br>และเปลี่ยนคุณสมบัติ"""
item_GearGuardChange_4#1,"""ปลดผนึกเมื่อทำการ JG<br>ด้วย Weapon Action<br>และเปลี่ยนคุณสมบัติ"""
item_GearGuardChange_5#1,"""ปลดผนึกเมื่อทำการ JG<br>ด้วย Weapon Action<br>และเปลี่ยนคุณสมบัติ"""
item_GearGuardChange2_1#1,"""ปลดผนึกเมื่อทำการ JG<br>ด้วย Weapon Action<br>และเปลี่ยนคุณสมบัติ"""
item_GearGuardChange2_2#1,"""ปลดผนึกเมื่อทำการ JG<br>ด้วย Weapon Action<br>และเปลี่ยนคุณสมบัติ"""
item_GearGuardChange2_3#1,"""ปลดผนึกเมื่อทำการ JG<br>ด้วย Weapon Action<br>และเปลี่ยนคุณสมบัติ"""
item_GearGuardChange2_4#1,"""ปลดผนึกเมื่อทำการ JG<br>ด้วย Weapon Action<br>และเปลี่ยนคุณสมบัติ"""
item_GearGuardChange2_5#1,"""ปลดผนึกเมื่อทำการ JG<br>ด้วย Weapon Action<br>และเปลี่ยนคุณสมบัติ"""
item_AutoPhotonShot_1#1,"""เพิ่ม Damage 6%<br>เมื่อใช้งาน PA จะเกิด<br>Photon สายฟ้าขึ้น"""
item_AutoPhotonShot_2#1,"""เพิ่ม Damage 7%<br>เมื่อใช้งาน PA จะเกิด<br>Photon สายฟ้าขึ้น"""
item_AutoPhotonShot_3#1,"""เพิ่ม Damage 8%<br>เมื่อใช้งาน PA จะเกิด<br>Photon สายฟ้าขึ้น"""
item_AutoPhotonShot_4#1,"""เพิ่ม Damage 6%<br>เมื่อใช้งาน PA จะเกิด<br>Photon สายฟ้าขึ้น"""
item_AutoPhotonShot_5#1,"""เพิ่ม Damage 6%<br>เมื่อใช้งาน PA จะเกิด<br>Photon สายฟ้าขึ้น"""
item_AutoPhotonShot2_1#1,"""เพิ่ม Damage 16%<br>เมื่อใช้งาน PA จะเกิด<br>Photon สายฟ้าขึ้น"""
item_AutoPhotonShot2_2#1,"""เพิ่ม Damage 18%<br>เมื่อใช้งาน PA จะเกิด<br>Photon สายฟ้าขึ้น"""
item_AutoPhotonShot2_3#1,"""เพิ่ม Damage 20%<br>เมื่อใช้งาน PA จะเกิด<br>Photon สายฟ้าขึ้น"""
item_AutoPhotonShot2_4#1,"""เพิ่ม Damage 22%<br>เมื่อใช้งาน PA จะเกิด<br>Photon สายฟ้าขึ้น"""
item_AutoPhotonShot2_5#1,"""เพิ่ม Damage 24%<br>เมื่อใช้งาน PA จะเกิด<br>Photon สายฟ้าขึ้น"""
item_CountDamageUp_1#1,"""ค่อยๆ เพิ่ม Damage ขึ้น<br>ตามระยะเวลา สูงสุดที่ 14%"""
item_CountDamageUp_2#1,"""ค่อยๆ เพิ่ม Damage ขึ้น<br>ตามระยะเวลา สูงสุดที่ 15%"""
item_CountDamageUp_3#1,"""ค่อยๆ เพิ่ม Damage ขึ้น<br>ตามระยะเวลา สูงสุดที่ 16%"""
item_CountDamageUp_4#1,"""ค่อยๆ เพิ่ม Damage ขึ้น<br>ตามระยะเวลา สูงสุดที่ 17%"""
item_CountDamageUp_5#1,"""ค่อยๆ เพิ่ม Damage ขึ้น<br>ตามระยะเวลา สูงสุดที่ 17%"""
item_WeakHitAdvanceRefine_1#1,"""เพิ่ม Critical Hit Rate 1%<br>เพิ่ม Critical Damage 5%<br>และเพิ่ม Damage เมื่อโจมตีจุดอ่อน 6%"""
item_WeakHitAdvanceRefine_2#1,"""เพิ่ม Critical Hit Rate 3%<br>เพิ่ม Critical Damage 7%<br>และเพิ่ม Damage เมื่อโจมตีจุดอ่อน 6%"""
item_WeakHitAdvanceRefine_3#1,"""เพิ่ม Critical Hit Rate 5%<br>เพิ่ม Critical Damage 10%<br>และเพิ่ม Damage เมื่อโจมตีจุดอ่อน 6%"""
item_WeakHitAdvanceRefine_4#1,"""เพิ่ม Critical Hit Rate 5%<br>เพิ่ม Critical Damage 10%<br>และเพิ่ม Damage เมื่อโจมตีจุดอ่อน 6%"""
item_WeakHitAdvanceRefine_5#1,"""เพิ่ม Critical Hit Rate 5%<br>เพิ่ม Critical Damage 10%<br>และเพิ่ม Damage เมื่อโจมตีจุดอ่อน 6%"""
item_RegenerationExtend3_1#1,"""ฟื้นฟู HP เป็นระยะๆ<br>เพิ่ม Damage ที่ทำได้ขึ้น 7%<br>และลด Damage ที่ได้รับลง 1%"""
item_RegenerationExtend3_2#1,"""ฟื้นฟู HP เป็นระยะๆ<br>เพิ่ม Damage ที่ทำได้ขึ้น 9%<br>และลด Damage ที่ได้รับลง 3%"""
item_RegenerationExtend3_3#1,"""ฟื้นฟู HP เป็นระยะๆ<br>เพิ่ม Damage ที่ทำได้ขึ้น 11%<br>และลด Damage ที่ได้รับลง 5%"""
item_RegenerationExtend3_4#1,"""ฟื้นฟู HP เป็นระยะๆ<br>เพิ่ม Damage ที่ทำได้ขึ้น 13%<br>และลด Damage ที่ได้รับลง 10%"""
item_RegenerationExtend3_5#1,"""ฟื้นฟู HP เป็นระยะๆ<br>เพิ่ม Damage ที่ทำได้ขึ้น 15%<br>และลด Damage ที่ได้รับลง 12%"""
item_AbilityCount2_1#1,"""เพิ่ม Damage และ<br>ลด PP Consumption ลง<br>ตามจำนวนของ Special Abilities"""
item_AbilityCount2_2#1,"""เพิ่ม Damage และ<br>ลด PP Consumption ลง<br>ตามจำนวนของ Special Abilities"""
item_AbilityCount2_3#1,"""เพิ่ม Damage และ<br>ลด PP Consumption ลง<br>ตามจำนวนของ Special Abilities"""
item_AbilityCount2_4#1,"""เพิ่ม Damage และ<br>ลด PP Consumption ลง<br>ตามจำนวนของ Special Abilities"""
item_AbilityCount2_5#1,"""เพิ่ม Damage และ<br>ลด PP Consumption ลง<br>ตามจำนวนของ Special Abilities"""
item_KillingPPRecovery1_1#1,"""เพิ่ม Damage 6%<br>เมื่อศัตรูรอบข้างตาย<br>จะฟื้นฟู PP"""
item_KillingPPRecovery1_2#1,"""เพิ่ม Damage 7%<br>เมื่อศัตรูรอบข้างตาย<br>จะฟื้นฟู PP"""
item_KillingPPRecovery1_3#1,"""เพิ่ม Damage 8%<br>เมื่อศัตรูรอบข้างตาย<br>จะฟื้นฟู PP"""
item_KillingPPRecovery1_4#1,"""เพิ่ม Damage 14%<br>เมื่อศัตรูรอบข้างตาย<br>จะฟื้นฟู PP"""
item_KillingPPRecovery1_5#1,"""เพิ่ม Damage 16%<br>เมื่อศัตรูรอบข้างตาย<br>จะฟื้นฟู PP"""
item_KillingPPRecovery2_1#1,"""นอกจากผลของ Dead or Alive แล้ว<br>จะได้รับผลบัฟเพิ่ม Damage<br>ในระหว่าง Defense Phase ด้วย"""
item_KillingPPRecovery2_2#1,"""นอกจากผลของ Dead or Alive แล้ว<br>จะได้รับผลบัฟเพิ่ม Damage<br>ในระหว่าง Defense Phase ด้วย"""
item_KillingPPRecovery2_3#1,"""นอกจากผลของ Dead or Alive แล้ว<br>จะได้รับผลบัฟเพิ่ม Damage<br>ในระหว่าง Defense Phase ด้วย"""
item_KillingPPRecovery2_4#1,"""นอกจากผลของ Dead or Alive แล้ว<br>จะได้รับผลบัฟเพิ่ม Damage<br>ในระหว่าง Defense Phase ด้วย"""
item_KillingPPRecovery2_5#1,"""นอกจากผลของ Dead or Alive แล้ว<br>จะได้รับผลบัฟเพิ่ม Damage<br>ในระหว่าง Defense Phase ด้วย"""
item_KillingPPRecovery3_1#1,"""นอกจากผลของ Dead or Alive แล้ว<br>จะได้รับผลบัฟเพิ่ม Damage<br>ในระหว่าง Attack และ Buster Phase ด้วย"""
item_KillingPPRecovery3_2#1,"""นอกจากผลของ Dead or Alive แล้ว<br>จะได้รับผลบัฟเพิ่ม Damage<br>ในระหว่าง Attack และ Buster Phase ด้วย"""
item_KillingPPRecovery3_3#1,"""นอกจากผลของ Dead or Alive แล้ว<br>จะได้รับผลบัฟเพิ่ม Damage<br>ในระหว่าง Attack และ Buster Phase ด้วย"""
item_KillingPPRecovery3_4#1,"""นอกจากผลของ Dead or Alive แล้ว<br>จะได้รับผลบัฟเพิ่ม Damage<br>ในระหว่าง Attack และ Buster Phase ด้วย"""
item_KillingPPRecovery3_5#1,"""นอกจากผลของ Dead or Alive แล้ว<br>จะได้รับผลบัฟเพิ่ม Damage<br>ในระหว่าง Attack และ Buster Phase ด้วย"""
item_KillingPPRecoveryTakt1_1#1,"""เมื่อศัตรูรอบข้างตาย<br>จะฟื้นฟู PP"""
item_KillingPPRecoveryTakt1_2#1,"""เมื่อศัตรูรอบข้างตาย<br>จะฟื้นฟู PP"""
item_KillingPPRecoveryTakt1_3#1,"""เมื่อศัตรูรอบข้างตาย<br>จะฟื้นฟู PP"""
item_KillingPPRecoveryTakt1_4#1,"""เมื่อศัตรูรอบข้างตาย<br>จะฟื้นฟู PP"""
item_KillingPPRecoveryTakt1_5#1,"""เมื่อศัตรูรอบข้างตาย<br>จะฟื้นฟู PP"""
item_KillingPPRecoveryTakt2_1#1,"""นอกจากผลของ Death Struggle แล้ว<br>จะได้รับผลบัฟเพิ่ม Damage<br>ในระหว่าง Defense Phase ด้วย"""
item_KillingPPRecoveryTakt2_2#1,"""นอกจากผลของ Death Struggle แล้ว<br>จะได้รับผลบัฟเพิ่ม Damage<br>ในระหว่าง Defense Phase ด้วย"""
item_KillingPPRecoveryTakt2_3#1,"""นอกจากผลของ Death Struggle แล้ว<br>จะได้รับผลบัฟเพิ่ม Damage<br>ในระหว่าง Defense Phase ด้วย"""
item_KillingPPRecoveryTakt2_4#1,"""นอกจากผลของ Death Struggle แล้ว<br>จะได้รับผลบัฟเพิ่ม Damage<br>ในระหว่าง Defense Phase ด้วย"""
item_KillingPPRecoveryTakt2_5#1,"""นอกจากผลของ Death Struggle แล้ว<br>จะได้รับผลบัฟเพิ่ม Damage<br>ในระหว่าง Defense Phase ด้วย"""
item_KillingPPRecoveryTakt3_1#1,"""นอกจากผลของ Death Struggle แล้ว<br>จะได้รับผลบัฟเพิ่ม Damage<br>ในระหว่าง Attack และ Buster Phase ด้วย"""
item_KillingPPRecoveryTakt3_2#1,"""นอกจากผลของ Death Struggle แล้ว<br>จะได้รับผลบัฟเพิ่ม Damage<br>ในระหว่าง Attack และ Buster Phase ด้วย"""
item_KillingPPRecoveryTakt3_3#1,"""นอกจากผลของ Death Struggle แล้ว<br>จะได้รับผลบัฟเพิ่ม Damage<br>ในระหว่าง Attack และ Buster Phase ด้วย"""
item_KillingPPRecoveryTakt3_4#1,"""นอกจากผลของ Death Struggle แล้ว<br>จะได้รับผลบัฟเพิ่ม Damage<br>ในระหว่าง Attack และ Buster Phase ด้วย"""
item_KillingPPRecoveryTakt3_5#1,"""นอกจากผลของ Death Struggle แล้ว<br>จะได้รับผลบัฟเพิ่ม Damage<br>ในระหว่าง Attack และ Buster Phase ด้วย"""
item_IntensiveAdvance_1#1,"""เพิ่ม Damage ขึ้น 8%<br>เสริมพลังให้ Hero Boost<br>และเพิ่มความเร็วในการชาร์จ"""
item_IntensiveAdvance_2#1,"""เพิ่ม Damage ขึ้น 10%<br>เสริมพลังให้ Hero Boost<br>และเพิ่มความเร็วในการชาร์จ"""
item_IntensiveAdvance_3#1,"""เพิ่ม Damage ขึ้น 12%<br>เสริมพลังให้ Hero Boost<br>และเพิ่มความเร็วในการชาร์จ"""
item_IntensiveAdvance_4#1,"""เพิ่ม Damage ขึ้น 14%<br>เสริมพลังให้ Hero Boost<br>และเพิ่มความเร็วในการชาร์จ"""
item_IntensiveAdvance_5#1,"""เพิ่ม Damage ขึ้น 16%<br>เสริมพลังให้ Hero Boost<br>และเพิ่มความเร็วในการชาร์จ"""
item_WeaponChangeBoost_1#1,"""คำอธิบาย Unset Potential"""
item_WeaponChangeBoost_2#1,"""คำอธิบาย Unset Potential"""
item_WeaponChangeBoost_3#1,"""คำอธิบาย Unset Potential"""
item_WeaponChangeBoost_4#1,"""คำอธิบาย Unset Potential"""
item_WeaponChangeBoost_5#1,"""คำอธิบาย Unset Potential"""
item_CounterAdvance_1#1,"""เพิ่ม Damage ขึ้น 5%<br>เมื่อเล่นคลาส Hero และหลบการโจมตีสำเร็จ<br>เพิ่ม Damage เป็นเวลา 10 วินาที"""
item_CounterAdvance_2#1,"""เพิ่ม Damage ขึ้น 7%<br>เมื่อเล่นคลาส Hero และหลบการโจมตีสำเร็จ<br>เพิ่ม Damage เป็นเวลา 10 วินาที"""
item_CounterAdvance_3#1,"""เพิ่ม Damage ขึ้น 10%<br>เมื่อเล่นคลาส Hero และหลบการโจมตีสำเร็จ<br>เพิ่ม Damage เป็นเวลา 10 วินาที"""
item_CounterAdvance_4#1,"""เพิ่ม Damage ขึ้น 10%<br>เมื่อเล่นคลาส Hero และหลบการโจมตีสำเร็จ<br>เพิ่ม Damage เป็นเวลา 10 วินาที"""
item_CounterAdvance_5#1,"""เพิ่ม Damage ขึ้น 12%<br>เมื่อเล่นคลาส Hero และหลบการโจมตีสำเร็จ<br>เพิ่ม Damage เป็นเวลา 10 วินาที"""
item_DamageBonusBeast_1#1,"""เพิ่ม Damage ที่ทำกับ<br>ศัตรูประเภท Demon (Demon-type) ขึ้น 9%<br>และลด Damage ที่ได้รับลง 10%"""
item_DamageBonusBeast_2#1,"""เพิ่ม Damage ที่ทำกับ<br>ศัตรูประเภท Demon (Demon-type) ขึ้น 12%<br>และลด Damage ที่ได้รับลง 15%"""
item_DamageBonusBeast_3#1,"""เพิ่ม Damage ที่ทำกับ<br>ศัตรูประเภท Demon (Demon-type) ขึ้น 15%<br>และลด Damage ที่ได้รับลง 20%"""
item_DamageBonusBeast_4#1,"""เพิ่ม Damage ที่ทำกับ<br>ศัตรูประเภท Demon (Demon-type) ขึ้น 19%<br>และลด Damage ที่ได้รับลง 25%"""
item_DamageBonusBeast_5#1,"""เพิ่ม Damage ที่ทำกับ<br>ศัตรูประเภท Demon (Demon-type) ขึ้น 24%<br>และลด Damage ที่ได้รับลง 30%"""
item_DamageBonusBeastPet_1#1,"""ลด Damage ที่ได้รับจาก<br>ศัตรูประเภท Demon (Demon-type)<br>ทั้งผู้เล่นและ Pet ลง 15%"""
item_DamageBonusBeastPet_2#1,"""ลด Damage ที่ได้รับจาก<br>ศัตรูประเภท Demon (Demon-type)<br>ทั้งผู้เล่นและ Pet ลง 17%"""
item_DamageBonusBeastPet_3#1,"""ลด Damage ที่ได้รับจาก<br>ศัตรูประเภท Demon (Demon-type)<br>ทั้งผู้เล่นและ Pet ลง 20%"""
item_DamageBonusBeastPet_4#1,"""ลด Damage ที่ได้รับจาก<br>ศัตรูประเภท Demon (Demon-type)<br>ทั้งผู้เล่นและ Pet ลง 14%"""
item_DamageBonusBeastPet_5#1,"""ลด Damage ที่ได้รับจาก<br>ศัตรูประเภท Demon (Demon-type)<br>ทั้งผู้เล่นและ Pet ลง 19%"""
item_DamageEscape_1#1,"""เพิ่ม Damage ขึ้น 10%<br>เมื่อเล่นคลาส Hero และหลบการโจมตีสำเร็จ<br>จะปล่อยใบมีดโจมตีรอบตัว"""
item_DamageEscape_2#1,"""เพิ่ม Damage ขึ้น 12%<br>เมื่อเล่นคลาส Hero และหลบการโจมตีสำเร็จ<br>จะปล่อยใบมีดโจมตีรอบตัว"""
item_DamageEscape_3#1,"""เพิ่ม Damage ขึ้น 14%<br>เมื่อเล่นคลาส Hero และหลบการโจมตีสำเร็จ<br>จะปล่อยใบมีดโจมตีรอบตัว"""
item_DamageEscape_4#1,"""เพิ่ม Damage ขึ้น 16%<br>เมื่อเล่นคลาส Hero และหลบการโจมตีสำเร็จ<br>จะปล่อยใบมีดโจมตีรอบตัว"""
item_DamageEscape_5#1,"""เพิ่ม Damage ขึ้น 18%<br>เมื่อเล่นคลาส Hero และหลบการโจมตีสำเร็จ<br>จะปล่อยใบมีดโจมตีรอบตัว"""
item_JustGuardCountUp_1#1,"""ทุกครั้งที่ทำ Just Guard สำเร็จ<br>จะเพิ่ม Damage และ PP Recovery<br>ผลบัฟจะหายไปเมื่อได้รับความเสียหาย"""
item_JustGuardCountUp_2#1,"""ทุกครั้งที่ทำ Just Guard สำเร็จ<br>จะเพิ่ม Damage และ PP Recovery<br>ผลบัฟจะหายไปเมื่อได้รับความเสียหาย"""
item_JustGuardCountUp_3#1,"""ทุกครั้งที่ทำ Just Guard สำเร็จ<br>จะเพิ่ม Damage และ PP Recovery<br>ผลบัฟจะหายไปเมื่อได้รับความเสียหาย"""
item_JustGuardCountUp_4#1,"""ทุกครั้งที่ทำ Just Guard สำเร็จ<br>จะเพิ่ม Damage และ PP Recovery<br>ผลบัฟจะหายไปเมื่อได้รับความเสียหาย"""
item_JustGuardCountUp_5#1,"""ทุกครั้งที่ทำ Just Guard สำเร็จ<br>จะเพิ่ม Damage และ PP Recovery<br>ผลบัฟจะหายไปเมื่อได้รับความเสียหาย"""
item_BrastGaugeDamageUp3_1#1,"""Damage จะแปรผันตาม<br>เกจ Photon Blast<br>ยิ่งเกจน้อย Damage ยิ่งเพิ่มขึ้น"""
item_BrastGaugeDamageUp3_2#1,"""Damage จะแปรผันตาม<br>เกจ Photon Blast<br>ยิ่งเกจน้อย Damage ยิ่งเพิ่มขึ้น"""
item_BrastGaugeDamageUp3_3#1,"""Damage จะแปรผันตาม<br>เกจ Photon Blast<br>ยิ่งเกจน้อย Damage ยิ่งเพิ่มขึ้น"""
item_BrastGaugeDamageUp3_4#1,"""Damage จะแปรผันตาม<br>เกจ Photon Blast<br>ยิ่งเกจน้อย Damage ยิ่งเพิ่มขึ้น"""
item_BrastGaugeDamageUp3_5#1,"""Damage จะแปรผันตาม<br>เกจ Photon Blast<br>ยิ่งเกจน้อย Damage ยิ่งเพิ่มขึ้น"""
item_LongCharge_1#1,"""เพิ่มระยะเวลาชาร์จ<br>ของ Techniques ธาตุมืด (ยกเว้น Namegid)<br>และเพิ่ม Damage"""
item_LongCharge_2#1,"""เพิ่มระยะเวลาชาร์จ<br>ของ Techniques ธาตุมืด (ยกเว้น Namegid)<br>และเพิ่ม Damage"""
item_LongCharge_3#1,"""เพิ่มระยะเวลาชาร์จ<br>ของ Techniques ธาตุมืด (ยกเว้น Namegid)<br>และเพิ่ม Damage"""
item_LongCharge_4#1,"""เพิ่มระยะเวลาชาร์จ<br>ของ Techniques ธาตุมืด (ยกเว้น Namegid)<br>และเพิ่ม Damage"""
item_LongCharge_5#1,"""เพิ่มระยะเวลาชาร์จ<br>ของ Techniques ธาตุมืด (ยกเว้น Namegid)<br>และเพิ่ม Damage"""
item_PolluteGaugeUp_1#1,"""เพิ่มอัตราการชาร์จเกจ<br>Dark Blast, เพิ่ม Damage ตามปริมาณเกจ<br>และขยายเวลาแปลงร่างร่าง [Elder]"""
item_PolluteGaugeUp_2#1,"""เพิ่มอัตราการชาร์จเกจ<br>Dark Blast, เพิ่ม Damage ตามปริมาณเกจ<br>และขยายเวลาแปลงร่างร่าง [Elder]"""
item_PolluteGaugeUp_3#1,"""เพิ่มอัตราการชาร์จเกจ<br>Dark Blast, เพิ่ม Damage ตามปริมาณเกจ<br>และขยายเวลาแปลงร่างร่าง [Elder]"""
item_PolluteGaugeUp_4#1,"""เพิ่มอัตราการชาร์จเกจ<br>Dark Blast, เพิ่ม Damage ตามปริมาณเกจ<br>และขยายเวลาแปลงร่างร่าง [Elder]"""
item_PolluteGaugeUp_5#1,"""เพิ่มอัตราการชาร์จเกจ<br>Dark Blast, เพิ่ม Damage ตามปริมาณเกจ<br>และขยายเวลาแปลงร่างร่าง [Elder]"""
item_NonWeakHitAdvance_1#1,"""เพิ่ม Damage ที่ทำได้ 22%<br>จากการโจมตีแบบ Non-weakness"""
item_NonWeakHitAdvance_2#1,"""เพิ่ม Damage ที่ทำได้ 24%<br>จากการโจมตีแบบ Non-weakness"""
item_NonWeakHitAdvance_3#1,"""เพิ่ม Damage ที่ทำได้ 27%<br>จากการโจมตีแบบ Non-weakness"""
item_NonWeakHitAdvance_4#1,"""เพิ่ม Damage ที่ทำได้ 60%<br>จากการโจมตีแบบ Non-weakness"""
item_NonWeakHitAdvance_5#1,"""เพิ่ม Damage ที่ทำได้ 70%<br>จากการโจมตีแบบ Non-weakness"""
item_GiantKillingRefine_1#1,"""เพิ่ม Damage ที่ทำกับศัตรูที่แข็งแกร่ง<br>ขึ้น 18% และเพิ่มปริมาณ PP Recovery<br>เมื่อโจมตีด้วย Normal Attack"""
item_GiantKillingRefine_2#1,"""เพิ่ม Damage ที่ทำกับศัตรูที่แข็งแกร่ง<br>ขึ้น 19% และเพิ่มปริมาณ PP Recovery<br>เมื่อโจมตีด้วย Normal Attack"""
item_GiantKillingRefine_3#1,"""เพิ่ม Damage ที่ทำกับศัตรูที่แข็งแกร่ง<br>ขึ้น 21% และเพิ่มปริมาณ PP Recovery<br>เมื่อโจมตีด้วย Normal Attack"""
item_GiantKillingRefine_4#1,"""เพิ่ม Damage ที่ทำกับศัตรูที่แข็งแกร่ง<br>ขึ้น 24% และเพิ่มปริมาณ PP Recovery<br>เมื่อโจมตีด้วย Normal Attack"""
item_GiantKillingRefine_5#1,"""เพิ่ม Damage ที่ทำกับศัตรูที่แข็งแกร่ง<br>ขึ้น 28% และเพิ่มปริมาณ PP Recovery<br>เมื่อโจมตีด้วย Normal Attack"""
item_SpecialBulletBonus_1#1,"""เพิ่ม Damage ที่ทำได้ 10%<br>และลด PP Consumption ลง<br>ในระหว่างที่โหลดกระสุนพิเศษ"""
item_SpecialBulletBonus_2#1,"""เพิ่ม Damage ที่ทำได้ 11%<br>และลด PP Consumption ลง<br>ในระหว่างที่โหลดกระสุนพิเศษ"""
item_SpecialBulletBonus_3#1,"""เพิ่ม Damage ที่ทำได้ 13%<br>และลด PP Consumption ลง<br>ในระหว่างที่โหลดกระสุนพิเศษ"""
item_SpecialBulletBonus_4#1,"""เพิ่ม Damage ที่ทำได้ 16%<br>และลด PP Consumption ลง<br>ในระหว่างที่โหลดกระสุนพิเศษ"""
item_SpecialBulletBonus_5#1,"""เพิ่ม Damage ที่ทำได้ 20%<br>และลด PP Consumption ลง<br>ในระหว่างที่โหลดกระสุนพิเศษ"""
item_AttackJellen_1#1,"""เพิ่ม Damage ที่ทำได้ 10%<br>และทำให้ศัตรูติดสถานะ Jellen เมื่อโจมตี"""
item_AttackJellen_2#1,"""เพิ่ม Damage ที่ทำได้ 11%<br>และทำให้ศัตรูติดสถานะ Jellen เมื่อโจมตี"""
item_AttackJellen_3#1,"""เพิ่ม Damage ที่ทำได้ 13%<br>และทำให้ศัตรูติดสถานะ Jellen เมื่อโจมตี"""
item_AttackJellen_4#1,"""เพิ่ม Damage ที่ทำได้ 16%<br>และทำให้ศัตรูติดสถานะ Jellen เมื่อโจมตี"""
item_AttackJellen_5#1,"""เพิ่ม Damage ที่ทำได้ 20%<br>และทำให้ศัตรูติดสถานะ Jellen เมื่อโจมตี"""
item_ActionBarrier_1#1,"""เพิ่ม Damage ที่ทำได้ 12%<br>และกางบาเรียลด Damage<br>ที่ได้รับเป็นระยะๆ"""
item_ActionBarrier_2#1,"""เพิ่ม Damage ที่ทำได้ 15%<br>และกางบาเรียลด Damage<br>ที่ได้รับเป็นระยะๆ"""
item_ActionBarrier_3#1,"""เพิ่ม Damage ที่ทำได้ 17%<br>และกางบาเรียลด Damage<br>ที่ได้รับเป็นระยะๆ"""
item_ActionBarrier_4#1,"""เพิ่ม Damage ที่ทำได้ 20%<br>และกางบาเรียลด Damage<br>ที่ได้รับเป็นระยะๆ"""
item_ActionBarrier_5#1,"""เพิ่ม Damage ที่ทำได้ 22%<br>และกางบาเรียลด Damage<br>ที่ได้รับเป็นระยะๆ"""
item_ActionBarrier2_1#1,"""กางบาเรียลด Damage<br>ที่ได้รับเป็นระยะๆ"""
item_ActionBarrier2_2#1,"""กางบาเรียลด Damage<br>ที่ได้รับเป็นระยะๆ"""
item_ActionBarrier2_3#1,"""กางบาเรียลด Damage<br>ที่ได้รับเป็นระยะๆ"""
item_ActionBarrier2_4#1,"""กางบาเรียลด Damage<br>ที่ได้รับเป็นระยะๆ"""
item_ActionBarrier2_5#1,"""กางบาเรียลด Damage<br>ที่ได้รับเป็นระยะๆ"""
item_AvoidStanceDefence_1#1,"""ค่อยๆ เพิ่ม Damage และลด Damage<br>ที่ได้รับลงตามระยะเวลา<br>ผลบัฟจะหายไปเมื่อได้รับความเสียหาย"""
item_AvoidStanceDefence_2#1,"""ค่อยๆ เพิ่ม Damage และลด Damage<br>ที่ได้รับลงตามระยะเวลา<br>ผลบัฟจะหายไปเมื่อได้รับความเสียหาย"""
item_AvoidStanceDefence_3#1,"""ค่อยๆ เพิ่ม Damage และลด Damage<br>ที่ได้รับลงตามระยะเวลา<br>ผลบัฟจะหายไปเมื่อได้รับความเสียหาย"""
item_AvoidStanceDefence_4#1,"""ค่อยๆ เพิ่ม Damage และลด Damage<br>ที่ได้รับลงตามระยะเวลา<br>ผลบัฟจะหายไปเมื่อได้รับความเสียหาย"""
item_AvoidStanceDefence_5#1,"""ค่อยๆ เพิ่ม Damage และลด Damage<br>ที่ได้รับลงตามระยะเวลา<br>ผลบัฟจะหายไปเมื่อได้รับความเสียหาย"""
item_JAReducingDamageToHp_1#1,"""ฟื้นฟู HP เมื่อทำ Damage<br>และเพิ่ม Damage ขึ้น 15%<br>เมื่อทำ Just Attack"""
item_JAReducingDamageToHp_2#1,"""ฟื้นฟู HP เมื่อทำ Damage<br>และเพิ่ม Damage ขึ้น 17%<br>เมื่อทำ Just Attack"""
item_JAReducingDamageToHp_3#1,"""ฟื้นฟู HP เมื่อทำ Damage<br>และเพิ่ม Damage ขึ้น 20%<br>เมื่อทำ Just Attack"""
item_JAReducingDamageToHp_4#1,"""ฟื้นฟู HP เมื่อทำ Damage<br>และเพิ่ม Damage ขึ้น 12%<br>เมื่อทำ Just Attack"""
item_JAReducingDamageToHp_5#1,"""ฟื้นฟู HP เมื่อทำ Damage<br>และเพิ่ม Damage ขึ้น 15%<br>เมื่อทำ Just Attack"""
item_PartisanPPreload_1#1,"""เพิ่ม Damage 6%<br>เพิ่มปริมาณ PP Recovery ขณะ Guard<br>เมื่อ Gear เต็ม จะไม่ใช้ Gear ขณะอยู่กลางอากาศ"""
item_PartisanPPreload_2#1,"""เพิ่ม Damage 7%<br>เพิ่มปริมาณ PP Recovery ขณะ Guard<br>เมื่อ Gear เต็ม จะไม่ใช้ Gear ขณะอยู่กลางอากาศ"""
item_PartisanPPreload_3#1,"""เพิ่ม Damage 9%<br>เพิ่มปริมาณ PP Recovery ขณะ Guard<br>เมื่อ Gear เต็ม จะไม่ใช้ Gear ขณะอยู่กลางอากาศ"""
item_PartisanPPreload_4#1,"""เพิ่ม Damage 12%<br>เพิ่มปริมาณ PP Recovery ขณะ Guard<br>เมื่อ Gear เต็ม จะไม่ใช้ Gear ขณะอยู่กลางอากาศ"""
item_PartisanPPreload_5#1,"""เพิ่ม Damage 15%<br>เพิ่มปริมาณ PP Recovery ขณะ Guard<br>เมื่อ Gear เต็ม จะไม่ใช้ Gear ขณะอยู่กลางอากาศ"""
item_AutoElementalBurst_1#1,"""เพิ่ม Damage 6%<br>เสริมพลัง Elemental Burst<br>และจะทำงานอัตโนมัติเมื่อใช้ Derived PA"""
item_AutoElementalBurst_2#1,"""เพิ่ม Damage 7%<br>เสริมพลัง Elemental Burst<br>และจะทำงานอัตโนมัติเมื่อใช้ Derived PA"""
item_AutoElementalBurst_3#1,"""เพิ่ม Damage 8%<br>เสริมพลัง Elemental Burst<br>และจะทำงานอัตโนมัติเมื่อใช้ Derived PA"""
item_AutoElementalBurst_4#1,"""เพิ่ม Damage 12%<br>เสริมพลัง Elemental Burst<br>และจะทำงานอัตโนมัติเมื่อใช้ Derived PA"""
item_AutoElementalBurst_5#1,"""เพิ่ม Damage 15%<br>เสริมพลัง Elemental Burst<br>และจะทำงานอัตโนมัติเมื่อใช้ Derived PA"""
item_PpOverDriveMotherRefine2_1#1,"""เมื่อใช้ PAs หรือ Techniques<br>ลด PP Consumption ลง 5%<br>และเพิ่ม Damage ขึ้น 3%"""
item_PpOverDriveMotherRefine2_2#1,"""เมื่อใช้ PAs หรือ Techniques<br>ลด PP Consumption ลง 10%<br>และเพิ่ม Damage ขึ้น 4%"""
item_PpOverDriveMotherRefine2_3#1,"""เมื่อใช้ PAs หรือ Techniques<br>ลด PP Consumption ลง 20%<br>และเพิ่ม Damage ขึ้น 5%"""
item_PpOverDriveMotherRefine2_4#1,"""เมื่อใช้ PAs หรือ Techniques<br>ลด PP Consumption ลง 20%<br>และเพิ่ม Damage ขึ้น 5%"""
item_PpOverDriveMotherRefine2_5#1,"""เมื่อใช้ PAs หรือ Techniques<br>ลด PP Consumption ลง 20%<br>และเพิ่ม Damage ขึ้น 5%"""
item_MeteorCounter_1#1,"""เพิ่ม Damage 7%<br>เมื่อหลบหลีกด้วย Sway สำเร็จ<br>จะทิ้งหมัดยักษ์ลงมาโจมตี"""
item_MeteorCounter_2#1,"""เพิ่ม Damage 8%<br>เมื่อหลบหลีกด้วย Sway สำเร็จ<br>จะทิ้งหมัดยักษ์ลงมาโจมตี"""
item_MeteorCounter_3#1,"""เพิ่ม Damage 10%<br>เมื่อหลบหลีกด้วย Sway สำเร็จ<br>จะทิ้งหมัดยักษ์ลงมาโจมตี"""
item_MeteorCounter_4#1,"""เพิ่ม Damage 12%<br>เมื่อหลบหลีกด้วย Sway สำเร็จ<br>จะทิ้งหมัดยักษ์ลงมาโจมตี"""
item_MeteorCounter_5#1,"""เพิ่ม Damage 15%<br>เมื่อหลบหลีกด้วย Sway สำเร็จ<br>จะทิ้งหมัดยักษ์ลงมาโจมตี"""
item_ActionBarrierRefine_1#1,"""เพิ่ม Damage ที่ทำได้ 12%<br>และกางบาเรียป้องกัน Knockback<br>เป็นระยะๆ"""
item_ActionBarrierRefine_2#1,"""เพิ่ม Damage ที่ทำได้ 15%<br>และกางบาเรียป้องกัน Knockback<br>เป็นระยะๆ"""
item_ActionBarrierRefine_3#1,"""เพิ่ม Damage ที่ทำได้ 17%<br>และกางบาเรียป้องกัน Knockback<br>เป็นระยะๆ"""
item_ActionBarrierRefine_4#1,"""เพิ่ม Damage ที่ทำได้ 20%<br>และกางบาเรียป้องกัน Knockback<br>เป็นระยะๆ"""
item_ActionBarrierRefine_5#1,"""เพิ่ม Damage ที่ทำได้ 22%<br>และกางบาเรียป้องกัน Knockback<br>เป็นระยะๆ"""
item_ActionBarrierRefine2_1#1,"""กางบาเรียป้องกัน Knockback<br>เป็นระยะๆ"""
item_ActionBarrierRefine2_2#1,"""กางบาเรียป้องกัน Knockback<br>เป็นระยะๆ"""
item_ActionBarrierRefine2_3#1,"""กางบาเรียป้องกัน Knockback<br>เป็นระยะๆ"""
item_ActionBarrierRefine2_4#1,"""กางบาเรียป้องกัน Knockback<br>เป็นระยะๆ"""
item_ActionBarrierRefine2_5#1,"""กางบาเรียป้องกัน Knockback<br>เป็นระยะๆ"""
item_EscapePpInfinity_1#1,"""เพิ่ม Damage 5%<br>เมื่อหลบด้วย S-Roll หรือ Step สำเร็จ<br>จะได้รับบัฟ PP Recovery (หายเมื่อโดน Damage)"""
item_EscapePpInfinity_2#1,"""เพิ่ม Damage 7%<br>เมื่อหลบด้วย S-Roll หรือ Step สำเร็จ<br>จะได้รับบัฟ PP Recovery (หายเมื่อโดน Damage)"""
item_EscapePpInfinity_3#1,"""เพิ่ม Damage 9%<br>เมื่อหลบด้วย S-Roll หรือ Step สำเร็จ<br>จะได้รับบัฟ PP Recovery (หายเมื่อโดน Damage)"""
item_EscapePpInfinity_4#1,"""เพิ่ม Damage 20%<br>เมื่อหลบด้วย S-Roll หรือ Step สำเร็จ<br>จะได้รับบัฟ PP Recovery (หายเมื่อโดน Damage)"""
item_EscapePpInfinity_5#1,"""เพิ่ม Damage 22%<br>เมื่อหลบด้วย S-Roll หรือ Step สำเร็จ<br>จะได้รับบัฟ PP Recovery (หายเมื่อโดน Damage)"""
item_CriticalBonus_1#1,"""เพิ่ม Critical Damage 7%<br>และเพิ่ม Critical Hit Rate 10%"""
item_CriticalBonus_2#1,"""เพิ่ม Critical Damage 9%<br>และเพิ่ม Critical Hit Rate 25%"""
item_CriticalBonus_3#1,"""เพิ่ม Critical Damage 12%<br>และเพิ่ม Critical Hit Rate 100%"""
item_CriticalBonus_4#1,"""เพิ่ม Critical Damage 10%<br>และเพิ่ม Critical Hit Rate 7%"""
item_CriticalBonus_5#1,"""เพิ่ม Critical Damage 10%<br>และเพิ่ม Critical Hit Rate 7%"""
item_WeatherFineRefine_1#1,"""เพิ่ม Damage 6%<br>หากสภาพอากาศแจ่มใส (Clear Weather)<br>จะเพิ่ม Damage ขึ้นอีก 1%"""
item_WeatherFineRefine_2#1,"""เพิ่ม Damage 7%<br>หากสภาพอากาศแจ่มใส (Clear Weather)<br>จะเพิ่ม Damage ขึ้นอีก 2%"""
item_WeatherFineRefine_3#1,"""เพิ่ม Damage 10%<br>หากสภาพอากาศแจ่มใส (Clear Weather)<br>จะเพิ่ม Damage ขึ้นอีก 3%"""
item_WeatherFineRefine_4#1,"""เพิ่ม Damage 12%<br>หากสภาพอากาศแจ่มใส (Clear Weather)<br>จะเพิ่ม Damage ขึ้นอีก 4%"""
item_WeatherFineRefine_5#1,"""เพิ่ม Damage 15%<br>หากสภาพอากาศแจ่มใส (Clear Weather)<br>จะเพิ่ม Damage ขึ้นอีก 5%"""
item_PpOverDriveMother4_1#1,"""เพิ่ม Damage ขึ้น 10%<br>และเพิ่มปริมาณ PP Recovery<br>เมื่อใช้ Normal Attack"""
item_PpOverDriveMother4_2#1,"""เพิ่ม Damage ขึ้น 12%<br>และเพิ่มปริมาณ PP Recovery<br>เมื่อใช้ Normal Attack"""
item_PpOverDriveMother4_3#1,"""เพิ่ม Damage ขึ้น 14%<br>และเพิ่มปริมาณ PP Recovery<br>เมื่อใช้ Normal Attack"""
item_PpOverDriveMother4_4#1,"""เพิ่ม Damage ขึ้น 16%<br>และเพิ่มปริมาณ PP Recovery<br>เมื่อใช้ Normal Attack"""
item_PpOverDriveMother4_5#1,"""เพิ่ม Damage ขึ้น 17%<br>และเพิ่มปริมาณ PP Recovery<br>เมื่อใช้ Normal Attack"""
item_SupportPPSlayer_1#1,"""เพิ่ม Damage 7%<br>ปริมาณ PP Consumption และ Recovery Speed<br>จะเปลี่ยนไปตามเกณฑ์ PP 50%"""
item_SupportPPSlayer_2#1,"""เพิ่ม Damage 8%<br>ปริมาณ PP Consumption และ Recovery Speed<br>จะเปลี่ยนไปตามเกณฑ์ PP 50%"""
item_SupportPPSlayer_3#1,"""เพิ่ม Damage 9%<br>ปริมาณ PP Consumption และ Recovery Speed<br>จะเปลี่ยนไปตามเกณฑ์ PP 50%"""
item_SupportPPSlayer_4#1,"""เพิ่ม Damage 11%<br>ปริมาณ PP Consumption และ Recovery Speed<br>จะเปลี่ยนไปตามเกณฑ์ PP 50%"""
item_SupportPPSlayer_5#1,"""เพิ่ม Damage 13%<br>ปริมาณ PP Consumption และ Recovery Speed<br>จะเปลี่ยนไปตามเกณฑ์ PP 50%"""
item_TerritoryMaster_1#1,"""เพิ่ม Damage 10%<br>และลดระยะเวลาชาร์จของ<br>Support Techniques (ลด Damage ของ Zondeel)"""
item_TerritoryMaster_2#1,"""เพิ่ม Damage 11%<br>และลดระยะเวลาชาร์จของ<br>Support Techniques (ลด Damage ของ Zondeel)"""
item_TerritoryMaster_3#1,"""เพิ่ม Damage 13%<br>และลดระยะเวลาชาร์จของ<br>Support Techniques (ลด Damage ของ Zondeel)"""
item_TerritoryMaster_4#1,"""เพิ่ม Damage 15%<br>และลดระยะเวลาชาร์จของ<br>Support Techniques"""
item_TerritoryMaster_5#1,"""เพิ่ม Damage 16%<br>และลดระยะเวลาชาร์จของ<br>Support Techniques"""
item_HomingLauncher_1#1,"""เพิ่ม Damage 5%<br>และเปลี่ยน Normal Attack<br>เป็นการโจมตี 4 ครั้ง"""
item_HomingLauncher_2#1,"""เพิ่ม Damage 6%<br>และเปลี่ยน Normal Attack<br>เป็นการโจมตี 4 ครั้ง"""
item_HomingLauncher_3#1,"""เพิ่ม Damage 7%<br>และเปลี่ยน Normal Attack<br>เป็นการโจมตี 4 ครั้ง"""
item_HomingLauncher_4#1,"""เพิ่ม Damage 11%<br>และเปลี่ยน Normal Attack<br>เป็นการโจมตี 4 ครั้ง"""
item_HomingLauncher_5#1,"""เพิ่ม Damage 13%<br>และเปลี่ยน Normal Attack<br>เป็นการโจมตี 4 ครั้ง"""
item_AirPhotonBladeFever_1#1,"""เพิ่ม Damage 6%<br>ในขณะอยู่กลางอากาศ<br>Dual Blade Gear<br>จะเพิ่มขึ้นโดยอัตโนมัติ"""
item_AirPhotonBladeFever_2#1,"""เพิ่ม Damage 7%<br>ในขณะอยู่กลางอากาศ<br>Dual Blade Gear<br>จะเพิ่มขึ้นโดยอัตโนมัติ"""
item_AirPhotonBladeFever_3#1,"""เพิ่ม Damage 8%<br>ในขณะอยู่กลางอากาศ<br>Dual Blade Gear<br>จะเพิ่มขึ้นโดยอัตโนมัติ"""
item_AirPhotonBladeFever_4#1,"""เพิ่ม Damage 11%<br>ในขณะอยู่กลางอากาศ<br>Dual Blade Gear<br>จะเพิ่มขึ้นโดยอัตโนมัติ"""
item_AirPhotonBladeFever_5#1,"""เพิ่ม Damage 13%<br>ในขณะอยู่กลางอากาศ<br>Dual Blade Gear<br>จะเพิ่มขึ้นโดยอัตโนมัติ"""
item_PolluteGaugeUp2_1#1,"""เพิ่มอัตราการชาร์จเกจ<br>Dark Blast, เพิ่ม Damage ตามปริมาณเกจ<br>และขยายเวลาแปลงร่างร่าง [Loser]"""
item_PolluteGaugeUp2_2#1,"""เพิ่มอัตราการชาร์จเกจ<br>Dark Blast, เพิ่ม Damage ตามปริมาณเกจ<br>และขยายเวลาแปลงร่างร่าง [Loser]"""
item_PolluteGaugeUp2_3#1,"""เพิ่มอัตราการชาร์จเกจ<br>Dark Blast, เพิ่ม Damage ตามปริมาณเกจ<br>และขยายเวลาแปลงร่างร่าง [Loser]"""
item_PolluteGaugeUp2_4#1,"""เพิ่มอัตราการชาร์จเกจ<br>Dark Blast, เพิ่ม Damage ตามปริมาณเกจ<br>และขยายเวลาแปลงร่างร่าง [Loser]"""
item_PolluteGaugeUp2_5#1,"""เพิ่มอัตราการชาร์จเกจ<br>Dark Blast, เพิ่ม Damage ตามปริมาณเกจ<br>และขยายเวลาแปลงร่างร่าง [Loser]"""
item_SkillCustomize_1#1,"""เพิ่ม Damage 9%<br>และเพิ่ม Critical Hit Rate<br>ขึ้น 7%"""
item_SkillCustomize_2#1,"""เพิ่ม Damage 10%<br>และเพิ่ม Critical Hit Rate<br>ขึ้น 8%"""
item_SkillCustomize_3#1,"""เพิ่ม Damage 12%<br>และเพิ่ม Critical Hit Rate<br>ขึ้น 10%"""
item_SkillCustomize_4#1,"""เพิ่ม Damage 13%<br>และเพิ่ม Critical Hit Rate<br>ขึ้น 21%"""
item_SkillCustomize_5#1,"""เพิ่ม Damage 14%<br>และเพิ่ม Critical Hit Rate<br>ขึ้น 22%"""
item_WLanceHighPowerGear_1#1,"""เพิ่ม Damage 4%<br>เมื่อทำ Just Guard สำเร็จ<br>จะไม่ใช้ Gear เป็นระยะเวลาหนึ่ง"""
item_WLanceHighPowerGear_2#1,"""เพิ่ม Damage 4%<br>เมื่อทำ Just Guard สำเร็จ<br>จะไม่ใช้ Gear เป็นระยะเวลาหนึ่ง"""
item_WLanceHighPowerGear_3#1,"""เพิ่ม Damage 4%<br>เมื่อทำ Just Guard สำเร็จ<br>จะไม่ใช้ Gear เป็นระยะเวลาหนึ่ง"""
item_WLanceHighPowerGear_4#1,"""เพิ่ม Damage 4%<br>เมื่อทำ Just Guard สำเร็จ<br>จะไม่ใช้ Gear เป็นระยะเวลาหนึ่ง"""
item_WLanceHighPowerGear_5#1,"""เพิ่ม Damage 4%<br>เมื่อทำ Just Guard สำเร็จ<br>จะไม่ใช้ Gear เป็นระยะเวลาหนึ่ง"""
item_QuestSpecial2_1#1,"""เมื่ออยู่ใน<br>“The Black Fellwyrm Ruining the Castle”<br>เพิ่ม Damage 15%<br>และลด Damage ที่ได้รับลงครึ่งหนึ่ง"""
item_QuestSpecial2_2#1,"""เมื่ออยู่ใน<br>“The Black Fellwyrm Ruining the Castle”<br>เพิ่ม Damage 17%<br>และลด Damage ที่ได้รับลงครึ่งหนึ่ง"""
item_QuestSpecial2_3#1,"""เมื่ออยู่ใน<br>“The Black Fellwyrm Ruining the Castle”<br>เพิ่ม Damage 20%<br>และลด Damage ที่ได้รับลงครึ่งหนึ่ง"""
item_QuestSpecial2_4#1,"""เมื่ออยู่ใน<br>“The Black Fellwyrm Ruining the Castle”<br>เพิ่ม Damage 22%<br>และลด Damage ที่ได้รับลงครึ่งหนึ่ง"""
item_QuestSpecial2_5#1,"""เมื่ออยู่ใน<br>“The Black Fellwyrm Ruining the Castle”<br>เพิ่ม Damage 25%<br>และลด Damage ที่ได้รับลงครึ่งหนึ่ง"""
item_QuestSpecial3_1#1,"""เมื่ออยู่ใน<br>“The Black Fellwyrm Ruining the Castle”<br>เพิ่ม Damage 3%<br>และลด Damage ที่ได้รับลงครึ่งหนึ่ง"""
item_QuestSpecial3_2#1,"""เมื่ออยู่ใน<br>“The Black Fellwyrm Ruining the Castle”<br>เพิ่ม Damage 4%<br>และลด Damage ที่ได้รับลงครึ่งหนึ่ง"""
item_QuestSpecial3_3#1,"""เมื่ออยู่ใน<br>“The Black Fellwyrm Ruining the Castle”<br>เพิ่ม Damage 5%<br>และลด Damage ที่ได้รับลงครึ่งหนึ่ง"""
item_QuestSpecial3_4#1,"""เมื่ออยู่ใน<br>“The Black Fellwyrm Ruining the Castle”<br>เพิ่ม Damage 6%<br>และลด Damage ที่ได้รับลงครึ่งหนึ่ง"""
item_QuestSpecial3_5#1,"""เมื่ออยู่ใน<br>“The Black Fellwyrm Ruining the Castle”<br>เพิ่ม Damage 7%<br>และลด Damage ที่ได้รับลงครึ่งหนึ่ง"""
item_HeroWillHeal_1#1,"""เพิ่ม Damage 10% รอดพ้นจาก<br>ความเสียหายถึงตายได้ 1 ครั้ง<br>และค่อยๆ ฟื้นฟู HP หลังจากที่ผลทำงาน"""
item_HeroWillHeal_2#1,"""เพิ่ม Damage 11% รอดพ้นจาก<br>ความเสียหายถึงตายได้ 1 ครั้ง<br>และค่อยๆ ฟื้นฟู HP หลังจากที่ผลทำงาน"""
item_HeroWillHeal_3#1,"""เพิ่ม Damage 12% รอดพ้นจาก<br>ความเสียหายถึงตายได้ 1 ครั้ง<br>และค่อยๆ ฟื้นฟู HP หลังจากที่ผลทำงาน"""
item_HeroWillHeal_4#1,"""เพิ่ม Damage 12% รอดพ้นจาก<br>ความเสียหายถึงตายได้ 1 ครั้ง<br>และค่อยๆ ฟื้นฟู HP หลังจากที่ผลทำงาน"""
item_HeroWillHeal_5#1,"""เพิ่ม Damage 12% รอดพ้นจาก<br>ความเสียหายถึงตายได้ 1 ครั้ง<br>และค่อยๆ ฟื้นฟู HP หลังจากที่ผลทำงาน"""
item_HeroWillHealPlus_1#1,"""เพิ่ม Damage 8% รอดพ้นจาก<br>ความเสียหายถึงตายได้ 1 ครั้ง<br>และค่อยๆ ฟื้นฟู HP หลังจากที่ผลทำงาน"""
item_HeroWillHealPlus_2#1,"""เพิ่ม Damage 9% รอดพ้นจาก<br>ความเสียหายถึงตายได้ 1 ครั้ง<br>และค่อยๆ ฟื้นฟู HP หลังจากที่ผลทำงาน"""
item_HeroWillHealPlus_3#1,"""เพิ่ม Damage 10% รอดพ้นจาก<br>ความเสียหายถึงตายได้ 1 ครั้ง<br>และค่อยๆ ฟื้นฟู HP หลังจากที่ผลทำงาน"""
item_HeroWillHealPlus_4#1,"""เพิ่ม Damage 10% รอดพ้นจาก<br>ความเสียหายถึงตายได้ 1 ครั้ง<br>และค่อยๆ ฟื้นฟู HP หลังจากที่ผลทำงาน"""
item_HeroWillHealPlus_5#1,"""เพิ่ม Damage 10% รอดพ้นจาก<br>ความเสียหายถึงตายได้ 1 ครั้ง<br>และค่อยๆ ฟื้นฟู HP หลังจากที่ผลทำงาน"""
item_HeroWillHeal2_1#1,"""เพิ่ม Damage 1% รอดพ้นจาก<br>ความเสียหายถึงตายได้ 1 ครั้ง<br>และค่อยๆ ฟื้นฟู HP หลังจากที่ผลทำงาน"""
item_HeroWillHeal2_2#1,"""เพิ่ม Damage 1% รอดพ้นจาก<br>ความเสียหายถึงตายได้ 1 ครั้ง<br>และค่อยๆ ฟื้นฟู HP หลังจากที่ผลทำงาน"""
item_HeroWillHeal2_3#1,"""เพิ่ม Damage 2% รอดพ้นจาก<br>ความเสียหายถึงตายได้ 1 ครั้ง<br>และค่อยๆ ฟื้นฟู HP หลังจากที่ผลทำงาน"""
item_HeroWillHeal2_4#1,"""เพิ่ม Damage 2% รอดพ้นจาก<br>ความเสียหายถึงตายได้ 1 ครั้ง<br>และค่อยๆ ฟื้นฟู HP หลังจากที่ผลทำงาน"""
item_HeroWillHeal2_5#1,"""เพิ่ม Damage 2% รอดพ้นจาก<br>ความเสียหายถึงตายได้ 1 ครั้ง<br>และค่อยๆ ฟื้นฟู HP หลังจากที่ผลทำงาน"""
item_HeroWillHeal2Plus_1#1,"""รอดพ้นจากความเสียหายถึงตาย<br>ได้ 1 ครั้ง<br>และค่อยๆ ฟื้นฟู HP หลังจากที่ผลทำงาน"""
item_HeroWillHeal2Plus_2#1,"""รอดพ้นจากความเสียหายถึงตาย<br>ได้ 1 ครั้ง<br>และค่อยๆ ฟื้นฟู HP หลังจากที่ผลทำงาน"""
item_HeroWillHeal2Plus_3#1,"""รอดพ้นจากความเสียหายถึงตาย<br>ได้ 1 ครั้ง<br>และค่อยๆ ฟื้นฟู HP หลังจากที่ผลทำงาน"""
item_HeroWillHeal2Plus_4#1,"""รอดพ้นจากความเสียหายถึงตาย<br>ได้ 1 ครั้ง<br>และค่อยๆ ฟื้นฟู HP หลังจากที่ผลทำงาน"""
item_HeroWillHeal2Plus_5#1,"""รอดพ้นจากความเสียหายถึงตาย<br>ได้ 1 ครั้ง<br>และค่อยๆ ฟื้นฟู HP หลังจากที่ผลทำงาน"""
item_BreakAttack_1#1,"""Dummy Text"""
item_BreakAttack_2#1,"""Dummy Text"""
item_BreakAttack_3#1,"""Dummy Text"""
item_BreakAttack_4#1,"""Dummy Text"""
item_BreakAttack_5#1,"""Dummy Text"""
item_GiantKillingPlus2_1#1,"""เพิ่ม Damage 8%<br>เมื่อสู้กับศัตรูที่แข็งแกร่ง จะเพิ่ม Damage<br>และปริมาณ PP Recovery ขึ้นอีก"""
item_GiantKillingPlus2_2#1,"""เพิ่ม Damage 10%<br>เมื่อสู้กับศัตรูที่แข็งแกร่ง จะเพิ่ม Damage<br>และปริมาณ PP Recovery ขึ้นอีก"""
item_GiantKillingPlus2_3#1,"""เพิ่ม Damage 12%<br>เมื่อสู้กับศัตรูที่แข็งแกร่ง จะเพิ่ม Damage<br>และปริมาณ PP Recovery ขึ้นอีก"""
item_GiantKillingPlus2_4#1,"""เพิ่ม Damage 14%<br>เมื่อสู้กับศัตรูที่แข็งแกร่ง จะเพิ่ม Damage<br>และปริมาณ PP Recovery ขึ้นอีก"""
item_GiantKillingPlus2_5#1,"""เพิ่ม Damage 16%<br>เมื่อสู้กับศัตรูที่แข็งแกร่ง จะเพิ่ม Damage<br>และปริมาณ PP Recovery ขึ้นอีก"""
item_ShootingStar_1#1,"""เพิ่ม Damage 4%<br>เมื่อ PAs ที่กำหนดโจมตีโดน<br>จะเกิดการโจมตีเสริม<br>เมื่อหลบหลีกด้วย Step สำเร็จ<br>จะเพิ่มพลังการโจมตีเสริมเป็นระยะเวลาหนึ่ง"""
item_ShootingStar_2#1,"""เพิ่ม Damage 6%<br>เมื่อ PAs ที่กำหนดโจมตีโดน<br>จะเกิดการโจมตีเสริม<br>เมื่อหลบหลีกด้วย Step สำเร็จ<br>จะเพิ่มพลังการโจมตีเสริมเป็นระยะเวลาหนึ่ง"""
item_ShootingStar_3#1,"""เพิ่ม Damage 8%<br>เมื่อ PAs ที่กำหนดโจมตีโดน<br>จะเกิดการโจมตีเสริม<br>เมื่อหลบหลีกด้วย Step สำเร็จ<br>จะเพิ่มพลังการโจมตีเสริมเป็นระยะเวลาหนึ่ง"""
item_ShootingStar_4#1,"""เพิ่ม Damage 10%<br>เมื่อ PAs ที่กำหนดโจมตีโดน<br>จะเกิดการโจมตีเสริม<br>เมื่อหลบหลีกด้วย Step สำเร็จ<br>จะเพิ่มพลังการโจมตีเสริมเป็นระยะเวลาหนึ่ง"""
item_ShootingStar_5#1,"""เพิ่ม Damage 12%<br>เมื่อ PAs ที่กำหนดโจมตีโดน<br>จะเกิดการโจมตีเสริม<br>เมื่อหลบหลีกด้วย Step สำเร็จ<br>จะเพิ่มพลังการโจมตีเสริมเป็นระยะเวลาหนึ่ง"""
item_ElegantBonus_1#1,"""เพิ่ม Damage และ Critical Hit Rate<br>เพิ่มประสิทธิภาพการใช้ PP<br>ผลบัฟจะหายไปเมื่อได้รับ Damage<br>และจะกลับมาเมื่อเวลาผ่านไประยะหนึ่ง"""
item_ElegantBonus_2#1,"""เพิ่ม Damage และ Critical Hit Rate<br>เพิ่มประสิทธิภาพการใช้ PP<br>ผลบัฟจะหายไปเมื่อได้รับ Damage<br>และจะกลับมาเมื่อเวลาผ่านไประยะหนึ่ง"""
item_ElegantBonus_3#1,"""เพิ่ม Damage และ Critical Hit Rate<br>เพิ่มประสิทธิภาพการใช้ PP<br>ผลบัฟจะหายไปเมื่อได้รับ Damage<br>และจะกลับมาเมื่อเวลาผ่านไประยะหนึ่ง"""
item_ElegantBonus_4#1,"""เพิ่ม Damage และ Critical Hit Rate<br>เพิ่มประสิทธิภาพการใช้ PP<br>ผลบัฟจะหายไปเมื่อได้รับ Damage<br>และจะกลับมาเมื่อเวลาผ่านไประยะหนึ่ง"""
item_ElegantBonus_5#1,"""เพิ่ม Damage และ Critical Hit Rate<br>เพิ่มประสิทธิภาพการใช้ PP<br>ผลบัฟจะหายไปเมื่อได้รับ Damage<br>และจะกลับมาเมื่อเวลาผ่านไประยะหนึ่ง"""
item_PolluteGaugeUp3_1#1,"""เพิ่มอัตราการชาร์จเกจ<br>Dark Blast, เพิ่ม Damage ตามปริมาณเกจ<br>และขยายเวลาแปลงร่างร่าง [Apprentice]"""
item_PolluteGaugeUp3_2#1,"""เพิ่มอัตราการชาร์จเกจ<br>Dark Blast, เพิ่ม Damage ตามปริมาณเกจ<br>และขยายเวลาแปลงร่างร่าง [Apprentice]"""
item_PolluteGaugeUp3_3#1,"""เพิ่มอัตราการชาร์จเกจ<br>Dark Blast, เพิ่ม Damage ตามปริมาณเกจ<br>และขยายเวลาแปลงร่างร่าง [Apprentice]"""
item_PolluteGaugeUp3_4#1,"""เพิ่มอัตราการชาร์จเกจ<br>Dark Blast, เพิ่ม Damage ตามปริมาณเกจ<br>และขยายเวลาแปลงร่างร่าง [Apprentice]"""
item_PolluteGaugeUp3_5#1,"""เพิ่มอัตราการชาร์จเกจ<br>Dark Blast, เพิ่ม Damage ตามปริมาณเกจ<br>และขยายเวลาแปลงร่างร่าง [Apprentice]"""
item_PolluteGaugeUp4_1#1,"""เพิ่มอัตราการชาร์จเกจ<br>Dark Blast, และขยายเวลา<br>แปลงร่างร่าง [Apprentice]"""
item_PolluteGaugeUp4_2#1,"""เพิ่มอัตราการชาร์จเกจ<br>Dark Blast, และขยายเวลา<br>แปลงร่างร่าง [Apprentice]"""
item_PolluteGaugeUp4_3#1,"""เพิ่มอัตราการชาร์จเกจ<br>Dark Blast, และขยายเวลา<br>แปลงร่างร่าง [Apprentice]"""
item_PolluteGaugeUp4_4#1,"""เพิ่มอัตราการชาร์จเกจ<br>Dark Blast, และขยายเวลา<br>แปลงร่างร่าง [Apprentice]"""
item_PolluteGaugeUp4_5#1,"""เพิ่มอัตราการชาร์จเกจ<br>Dark Blast, และขยายเวลา<br>แปลงร่างร่าง [Apprentice]"""
item_ChargeAdvance_1#1,"""เพิ่ม Damage 6%<br>ค่อยๆ เพิ่ม Damage ตามเวลา<br>ในขณะที่เก็บอาวุธ เมื่อโจมตี<br>ผลบัฟจะค่อยๆ หายไปตามเวลา"""
item_ChargeAdvance_2#1,"""เพิ่ม Damage 6%<br>ค่อยๆ เพิ่ม Damage ตามเวลา<br>ในขณะที่เก็บอาวุธ เมื่อโจมตี<br>ผลบัฟจะค่อยๆ หายไปตามเวลา"""
item_ChargeAdvance_3#1,"""เพิ่ม Damage 6%<br>ค่อยๆ เพิ่ม Damage ตามเวลา<br>ในขณะที่เก็บอาวุธ เมื่อโจมตี<br>ผลบัฟจะค่อยๆ หายไปตามเวลา"""
item_ChargeAdvance_4#1,"""เพิ่ม Damage 6%<br>ค่อยๆ เพิ่ม Damage ตามเวลา<br>ในขณะที่เก็บอาวุธ เมื่อโจมตี<br>ผลบัฟจะค่อยๆ หายไปตามเวลา"""
item_ChargeAdvance_5#1,"""เพิ่ม Damage 6%<br>ค่อยๆ เพิ่ม Damage ตามเวลา<br>ในขณะที่เก็บอาวุธ เมื่อโจมตี<br>ผลบัฟจะค่อยๆ หายไปตามเวลา"""
item_Cursefire_1#1,"""เพิ่ม Damage 6%<br>เสริมพลัง Combat Finish และ<br>Normal Attack ตาม<br>จำนวน Hit ของ Normal Attack"""
item_Cursefire_2#1,"""เพิ่ม Damage 7%<br>เสริมพลัง Combat Finish และ<br>Normal Attack ตาม<br>จำนวน Hit ของ Normal Attack"""
item_Cursefire_3#1,"""เพิ่ม Damage 8%<br>เสริมพลัง Combat Finish และ<br>Normal Attack ตาม<br>จำนวน Hit ของ Normal Attack"""
item_Cursefire_4#1,"""เพิ่ม Damage 9%<br>เสริมพลัง Combat Finish และ<br>Normal Attack ตาม<br>จำนวน Hit ของ Normal Attack"""
item_Cursefire_5#1,"""เพิ่ม Damage 10%<br>เสริมพลัง Combat Finish และ<br>Normal Attack ตาม<br>จำนวน Hit ของ Normal Attack"""
item_BulletShot_1#1,"""เพิ่ม Damage 6%<br>คุณสมบัติการโจมตีจะเปลี่ยนไป<br>เมื่อใช้ Weapon Action<br>ไม่แสดงผลกับคลาส Luster"""
item_BulletShot_2#1,"""เพิ่ม Damage 6%<br>คุณสมบัติการโจมตีจะเปลี่ยนไป<br>เมื่อใช้ Weapon Action<br>ไม่แสดงผลกับคลาส Luster"""
item_BulletShot_3#1,"""เพิ่ม Damage 6%<br>คุณสมบัติการโจมตีจะเปลี่ยนไป<br>เมื่อใช้ Weapon Action<br>ไม่แสดงผลกับคลาส Luster"""
item_BulletShot_4#1,"""เพิ่ม Damage 6%<br>คุณสมบัติการโจมตีจะเปลี่ยนไป<br>เมื่อใช้ Weapon Action<br>ไม่แสดงผลกับคลาส Luster"""
item_BulletShot_5#1,"""เพิ่ม Damage 6%<br>คุณสมบัติการโจมตีจะเปลี่ยนไป<br>เมื่อใช้ Weapon Action<br>ไม่แสดงผลกับคลาส Luster"""
item_ConvergentPoint_1#1,"""เพิ่ม Damage 6%<br>เมื่อใช้ Weak Bullet<br>จะเพิ่มประสิทธิภาพของ<br>End Attract"""
item_ConvergentPoint_2#1,"""เพิ่ม Damage 6%<br>เมื่อใช้ Weak Bullet<br>จะเพิ่มประสิทธิภาพของ<br>End Attract"""
item_ConvergentPoint_3#1,"""เพิ่ม Damage 6%<br>เมื่อใช้ Weak Bullet<br>จะเพิ่มประสิทธิภาพของ<br>End Attract"""
item_ConvergentPoint_4#1,"""เพิ่ม Damage 6%<br>เมื่อใช้ Weak Bullet<br>จะเพิ่มประสิทธิภาพของ<br>End Attract"""
item_ConvergentPoint_5#1,"""เพิ่ม Damage 6%<br>เมื่อใช้ Weak Bullet<br>จะเพิ่มประสิทธิภาพของ<br>End Attract"""
item_RodCombat_1#1,"""เพิ่ม Damage 7%<br>เสริมพลัง Normal Attack<br>และเพิ่ม Damage ของ<br>Rod Shoot"""
item_RodCombat_2#1,"""เพิ่ม Damage 8%<br>เสริมพลัง Normal Attack<br>และเพิ่ม Damage ของ<br>Rod Shoot"""
item_RodCombat_3#1,"""เพิ่ม Damage 10%<br>เสริมพลัง Normal Attack<br>และเพิ่ม Damage ของ<br>Rod Shoot"""
item_RodCombat_4#1,"""เพิ่ม Damage 11%<br>เสริมพลัง Normal Attack<br>และเพิ่ม Damage ของ<br>Rod Shoot"""
item_RodCombat_5#1,"""เพิ่ม Damage 12%<br>เสริมพลัง Normal Attack<br>และเพิ่ม Damage ของ<br>Rod Shoot"""
item_ScissorCounter_1#1,"""เพิ่ม Damage 7%<br>เมื่อทำ DS Wind Parrying สำเร็จ<br>จะเพิ่ม Gear และ<br>โจมตีต่อเนื่องอย่างรุนแรง"""
item_ScissorCounter_2#1,"""เพิ่ม Damage 8%<br>เมื่อทำ DS Wind Parrying สำเร็จ<br>จะเพิ่ม Gear และ<br>โจมตีต่อเนื่องอย่างรุนแรง"""
item_ScissorCounter_3#1,"""เพิ่ม Damage 10%<br>เมื่อทำ DS Wind Parrying สำเร็จ<br>จะเพิ่ม Gear และ<br>โจมตีต่อเนื่องอย่างรุนแรง"""
item_ScissorCounter_4#1,"""เพิ่ม Damage 11%<br>เมื่อทำ DS Wind Parrying สำเร็จ<br>จะเพิ่ม Gear และ<br>โจมตีต่อเนื่องอย่างรุนแรง"""
item_ScissorCounter_5#1,"""เพิ่ม Damage 12%<br>เมื่อทำ DS Wind Parrying สำเร็จ<br>จะเพิ่ม Gear และ<br>โจมตีต่อเนื่องอย่างรุนแรง"""
item_CountDamageUp2_1#1,"""ค่อยๆ เพิ่ม Damage ขึ้น<br>ตามระยะเวลา สูงสุดที่ 25%"""
item_CountDamageUp2_2#1,"""ค่อยๆ เพิ่ม Damage ขึ้น<br>ตามระยะเวลา สูงสุดที่ 25%"""
item_CountDamageUp2_3#1,"""ค่อยๆ เพิ่ม Damage ขึ้น<br>ตามระยะเวลา สูงสุดที่ 25%"""
item_CountDamageUp2_4#1,"""ค่อยๆ เพิ่ม Damage ขึ้น<br>ตามระยะเวลา สูงสุดที่ 25%"""
item_CountDamageUp2_5#1,"""ค่อยๆ เพิ่ม Damage ขึ้น<br>ตามระยะเวลา สูงสุดที่ 25%"""
item_BeginnerTechnicUp2_1#1,"""เพิ่ม Damage ของ<br>Techniques ตระกูล Il<br>ขึ้น 20%"""
item_BeginnerTechnicUp2_2#1,"""เพิ่ม Damage ของ<br>Techniques ตระกูล Il<br>ขึ้น 25%"""
item_BeginnerTechnicUp2_3#1,"""เพิ่ม Damage ของ<br>Techniques ตระกูล Il<br>ขึ้น 30%"""
item_BeginnerTechnicUp2_4#1,"""เพิ่ม Damage ของ<br>Techniques ตระกูล Il<br>ขึ้น 35%"""
item_BeginnerTechnicUp2_5#1,"""เพิ่ม Damage ของ<br>Techniques ตระกูล Il<br>ขึ้น 40%"""
item_ElementWeakUpPlus_1#1,"""เพิ่ม Damage 5%<br>เมื่อโจมตีศัตรูที่แพ้ธาตุ<br>จะเพิ่มขึ้นอีก 5%"""
item_ElementWeakUpPlus_2#1,"""เพิ่ม Damage 6%<br>เมื่อโจมตีศัตรูที่แพ้ธาตุ<br>จะเพิ่มขึ้นอีก 6%"""
item_ElementWeakUpPlus_3#1,"""เพิ่ม Damage 7%<br>เมื่อโจมตีศัตรูที่แพ้ธาตุ<br>จะเพิ่มขึ้นอีก 7%"""
item_ElementWeakUpPlus_4#1,"""เพิ่ม Damage 7%<br>เมื่อโจมตีศัตรูที่แพ้ธาตุ<br>จะเพิ่มขึ้นอีก 7%"""
item_ElementWeakUpPlus_5#1,"""เพิ่ม Damage 8%<br>เมื่อโจมตีศัตรูที่แพ้ธาตุ<br>จะเพิ่มขึ้นอีก 8%"""
item_ElementWeakUpPlus2_1#1,"""เพิ่ม Damage 11%<br>เมื่อโจมตีศัตรูที่แพ้ธาตุ<br>จะเพิ่มขึ้นอีก 3%<br>และใช้งาน Shifta เป็นระยะๆ"""
item_ElementWeakUpPlus2_2#1,"""เพิ่ม Damage 12%<br>เมื่อโจมตีศัตรูที่แพ้ธาตุ<br>จะเพิ่มขึ้นอีก 4%<br>และใช้งาน Shifta เป็นระยะๆ"""
item_ElementWeakUpPlus2_3#1,"""เพิ่ม Damage 13%<br>เมื่อโจมตีศัตรูที่แพ้ธาตุ<br>จะเพิ่มขึ้นอีก 5%<br>และใช้งาน Shifta เป็นระยะๆ"""
item_ElementWeakUpPlus2_4#1,"""เพิ่ม Damage 14%<br>เมื่อโจมตีศัตรูที่แพ้ธาตุ<br>จะเพิ่มขึ้นอีก 6%<br>และใช้งาน Shifta เป็นระยะๆ"""
item_ElementWeakUpPlus2_5#1,"""เพิ่ม Damage 15%<br>เมื่อโจมตีศัตรูที่แพ้ธาตุ<br>จะเพิ่มขึ้นอีก 7%<br>และใช้งาน Shifta เป็นระยะๆ"""
item_ElementWeakUpPlus3_1#1,"""เพิ่ม Damage 3%<br>เมื่อโจมตีศัตรูที่แพ้ธาตุ<br>จะเพิ่มขึ้นอีก 11%<br>และใช้งาน Deband เป็นระยะๆ"""
item_ElementWeakUpPlus3_2#1,"""เพิ่ม Damage 4%<br>เมื่อโจมตีศัตรูที่แพ้ธาตุ<br>จะเพิ่มขึ้นอีก 12%<br>และใช้งาน Deband เป็นระยะๆ"""
item_ElementWeakUpPlus3_3#1,"""เพิ่ม Damage 5%<br>เมื่อโจมตีศัตรูที่แพ้ธาตุ<br>จะเพิ่มขึ้นอีก 13%<br>และใช้งาน Deband เป็นระยะๆ"""
item_ElementWeakUpPlus3_4#1,"""เพิ่ม Damage 6%<br>เมื่อโจมตีศัตรูที่แพ้ธาตุ<br>จะเพิ่มขึ้นอีก 14%<br>และใช้งาน Deband เป็นระยะๆ"""
item_ElementWeakUpPlus3_5#1,"""เพิ่ม Damage 7%<br>เมื่อโจมตีศัตรูที่แพ้ธาตุ<br>จะเพิ่มขึ้นอีก 15%<br>และใช้งาน Deband เป็นระยะๆ"""
item_ElementWeakUpPlus4_1#1,"""เพิ่ม Damage 1%<br>เมื่อโจมตีศัตรูที่แพ้ธาตุ<br>จะเพิ่มขึ้นอีก 1%"""
item_ElementWeakUpPlus4_2#1,"""เพิ่ม Damage 1%<br>เมื่อโจมตีศัตรูที่แพ้ธาตุ<br>จะเพิ่มขึ้นอีก 2%"""
item_ElementWeakUpPlus4_3#1,"""เพิ่ม Damage 1%<br>เมื่อโจมตีศัตรูที่แพ้ธาตุ<br>จะเพิ่มขึ้นอีก 3%"""
item_ElementWeakUpPlus4_4#1,"""เพิ่ม Damage 1%<br>เมื่อโจมตีศัตรูที่แพ้ธาตุ<br>จะเพิ่มขึ้นอีก 4%"""
item_ElementWeakUpPlus4_5#1,"""เพิ่ม Damage 1%<br>เมื่อโจมตีศัตรูที่แพ้ธาตุ<br>จะเพิ่มขึ้นอีก 5%"""
item_ElementWeakUpPlus5_1#1,"""เพิ่ม Damage 1%<br>เมื่อโจมตีศัตรูที่แพ้ธาตุ<br>จะเพิ่มขึ้นอีก 1%<br>และใช้งาน Shifta เป็นระยะๆ"""
item_ElementWeakUpPlus5_2#1,"""เพิ่ม Damage 1%<br>เมื่อโจมตีศัตรูที่แพ้ธาตุ<br>จะเพิ่มขึ้นอีก 2%<br>และใช้งาน Shifta เป็นระยะๆ"""
item_ElementWeakUpPlus5_3#1,"""เพิ่ม Damage 2%<br>เมื่อโจมตีศัตรูที่แพ้ธาตุ<br>จะเพิ่มขึ้นอีก 3%<br>และใช้งาน Shifta เป็นระยะๆ"""
item_ElementWeakUpPlus5_4#1,"""เพิ่ม Damage 2%<br>เมื่อโจมตีศัตรูที่แพ้ธาตุ<br>จะเพิ่มขึ้นอีก 4%<br>และใช้งาน Shifta เป็นระยะๆ"""
item_ElementWeakUpPlus5_5#1,"""เพิ่ม Damage 3%<br>เมื่อโจมตีศัตรูที่แพ้ธาตุ<br>จะเพิ่มขึ้นอีก 5%<br>และใช้งาน Shifta เป็นระยะๆ"""
item_PolluteGaugeUp5_1#1,"""เพิ่มอัตราการชาร์จเกจ<br>Dark Blast, เพิ่ม Damage ตามปริมาณเกจ<br>และขยายเวลาแปลงร่างร่าง [Double]"""
item_PolluteGaugeUp5_2#1,"""เพิ่มอัตราการชาร์จเกจ<br>Dark Blast, เพิ่ม Damage ตามปริมาณเกจ<br>และขยายเวลาแปลงร่างร่าง [Double]"""
item_PolluteGaugeUp5_3#1,"""เพิ่มอัตราการชาร์จเกจ<br>Dark Blast, เพิ่ม Damage ตามปริมาณเกจ<br>และขยายเวลาแปลงร่างร่าง [Double]"""
item_PolluteGaugeUp5_4#1,"""เพิ่มอัตราการชาร์จเกจ<br>Dark Blast, เพิ่ม Damage ตามปริมาณเกจ<br>และขยายเวลาแปลงร่างร่าง [Double]"""
item_PolluteGaugeUp5_5#1,"""เพิ่มอัตราการชาร์จเกจ<br>Dark Blast, เพิ่ม Damage ตามปริมาณเกจ<br>และขยายเวลาแปลงร่างร่าง [Double]"""
item_WeaponManeuverSway_1#1,"""เพิ่ม Damage 4%<br>หยุดการทำงานของ PP Automatic Recovery<br>แต่เมื่อหลบหลีกด้วย Sway หรือ Step สำเร็จ<br>จะฟื้นฟู PP"""
item_WeaponManeuverSway_2#1,"""เพิ่ม Damage 6%<br>หยุดการทำงานของ PP Automatic Recovery<br>แต่เมื่อหลบหลีกด้วย Sway หรือ Step สำเร็จ<br>จะฟื้นฟู PP"""
item_WeaponManeuverSway_3#1,"""เพิ่ม Damage 8%<br>หยุดการทำงานของ PP Automatic Recovery<br>แต่เมื่อหลบหลีกด้วย Sway หรือ Step สำเร็จ<br>จะฟื้นฟู PP"""
item_WeaponManeuverSway_4#1,"""เพิ่ม Damage 10%<br>หยุดการทำงานของ PP Automatic Recovery<br>แต่เมื่อหลบหลีกด้วย Sway หรือ Step สำเร็จ<br>จะฟื้นฟู PP"""
item_WeaponManeuverSway_5#1,"""เพิ่ม Damage 12%<br>หยุดการทำงานของ PP Automatic Recovery<br>แต่เมื่อหลบหลีกด้วย Sway หรือ Step สำเร็จ<br>จะฟื้นฟู PP"""
item_PursuitDamageArea_1#1,"""เพิ่ม Damage 5%<br>หลังจากโจมตี เมื่อเวลาผ่านไประยะหนึ่ง<br>จะสร้าง Damage ให้กับศัตรูรอบข้าง"""
item_PursuitDamageArea_2#1,"""เพิ่ม Damage 6%<br>หลังจากโจมตี เมื่อเวลาผ่านไประยะหนึ่ง<br>จะสร้าง Damage ให้กับศัตรูรอบข้าง"""
item_PursuitDamageArea_3#1,"""เพิ่ม Damage 7%<br>หลังจากโจมตี เมื่อเวลาผ่านไประยะหนึ่ง<br>จะสร้าง Damage ให้กับศัตรูรอบข้าง"""
item_PursuitDamageArea_4#1,"""เพิ่ม Damage 8%<br>หลังจากโจมตี เมื่อเวลาผ่านไประยะหนึ่ง<br>จะสร้าง Damage ให้กับศัตรูรอบข้าง"""
item_PursuitDamageArea_5#1,"""เพิ่ม Damage 9%<br>หลังจากโจมตี เมื่อเวลาผ่านไประยะหนึ่ง<br>จะสร้าง Damage ให้กับศัตรูรอบข้าง"""
item_HeroGearUp_1#1,"""เพิ่ม Damage 10%<br>เมื่อใช้ Hero Time จะลดการใช้ Gear ลง<br>และเพิ่มขีดจำกัดของ HT Counter Bonus<br>เป็น 16 ครั้ง"""
item_HeroGearUp_2#1,"""เพิ่ม Damage 12%<br>เมื่อใช้ Hero Time จะลดการใช้ Gear ลง<br>และเพิ่มขีดจำกัดของ HT Counter Bonus<br>เป็น 16 ครั้ง"""
item_HeroGearUp_3#1,"""เพิ่ม Damage 14%<br>เมื่อใช้ Hero Time จะลดการใช้ Gear ลง<br>และเพิ่มขีดจำกัดของ HT Counter Bonus<br>เป็น 16 ครั้ง"""
item_HeroGearUp_4#1,"""เพิ่ม Damage 16%<br>เมื่อใช้ Hero Time จะลดการใช้ Gear ลง<br>และเพิ่มขีดจำกัดของ HT Counter Bonus<br>เป็น 16 ครั้ง"""
item_HeroGearUp_5#1,"""เพิ่ม Damage 18%<br>เมื่อใช้ Hero Time จะลดการใช้ Gear ลง<br>และเพิ่มขีดจำกัดของ HT Counter Bonus<br>เป็น 16 ครั้ง"""
item_PBGaugeDamageUpRefine_1#1,"""Damage จะเพิ่มขึ้นตามปริมาณเกจ<br>Photon Blast<br>เมื่อใช้งาน Photon Blast<br>จะเกิดเอฟเฟกต์ต่างกันตาม Phantom Beast"""
item_PBGaugeDamageUpRefine_2#1,"""Damage จะเพิ่มขึ้นตามปริมาณเกจ<br>Photon Blast<br>เมื่อใช้งาน Photon Blast<br>จะเกิดเอฟเฟกต์ต่างกันตาม Phantom Beast"""
item_PBGaugeDamageUpRefine_3#1,"""Damage จะเพิ่มขึ้นตามปริมาณเกจ<br>Photon Blast<br>เมื่อใช้งาน Photon Blast<br>จะเกิดเอฟเฟกต์ต่างกันตาม Phantom Beast"""
item_PBGaugeDamageUpRefine_4#1,"""Damage จะเพิ่มขึ้นตามปริมาณเกจ<br>Photon Blast<br>เมื่อใช้งาน Photon Blast<br>จะเกิดเอฟเฟกต์ต่างกันตาม Phantom Beast"""
item_PBGaugeDamageUpRefine_5#1,"""Damage จะเพิ่มขึ้นตามปริมาณเกจ<br>Photon Blast<br>เมื่อใช้งาน Photon Blast<br>จะเกิดเอฟเฟกต์ต่างกันตาม Phantom Beast"""
item_PBGaugeDamageUpRefine2_1#1,"""Damage จะเพิ่มขึ้นตามปริมาณเกจ<br>Photon Blast<br>เมื่อใช้งาน Photon Blast<br>จะเกิดเอฟเฟกต์ต่างกันตาม Phantom Beast"""
item_PBGaugeDamageUpRefine2_2#1,"""Damage จะเพิ่มขึ้นตามปริมาณเกจ<br>Photon Blast<br>เมื่อใช้งาน Photon Blast<br>จะเกิดเอฟเฟกต์ต่างกันตาม Phantom Beast"""
item_PBGaugeDamageUpRefine2_3#1,"""Damage จะเพิ่มขึ้นตามปริมาณเกจ<br>Photon Blast<br>เมื่อใช้งาน Photon Blast<br>จะเกิดเอฟเฟกต์ต่างกันตาม Phantom Beast"""
item_PBGaugeDamageUpRefine2_4#1,"""Damage จะเพิ่มขึ้นตามปริมาณเกจ<br>Photon Blast<br>เมื่อใช้งาน Photon Blast<br>จะเกิดเอฟเฟกต์ต่างกันตาม Phantom Beast"""
item_PBGaugeDamageUpRefine2_5#1,"""Damage จะเพิ่มขึ้นตามปริมาณเกจ<br>Photon Blast<br>เมื่อใช้งาน Photon Blast<br>จะเกิดเอฟเฟกต์ต่างกันตาม Phantom Beast"""
item_WeakHitAdvance3_1#1,"""เพิ่ม Damage ขึ้น 12%<br>เมื่อโจมตีจุดอ่อน (Weakness)<br>หรือโจมตีด้วยเวท (Tech) ใส่ศัตรูที่แพ้ธาตุ"""
item_WeakHitAdvance3_2#1,"""เพิ่ม Damage ขึ้น 14%<br>เมื่อโจมตีจุดอ่อน (Weakness)<br>หรือโจมตีด้วยเวท (Tech) ใส่ศัตรูที่แพ้ธาตุ"""
item_WeakHitAdvance3_3#1,"""เพิ่ม Damage ขึ้น 16%<br>เมื่อโจมตีจุดอ่อน (Weakness)<br>หรือโจมตีด้วยเวท (Tech) ใส่ศัตรูที่แพ้ธาตุ"""
item_WeakHitAdvance3_4#1,"""เพิ่ม Damage ขึ้น 18%<br>เมื่อโจมตีจุดอ่อน (Weakness)<br>หรือโจมตีด้วยเวท (Tech) ใส่ศัตรูที่แพ้ธาตุ"""
item_WeakHitAdvance3_5#1,"""เพิ่ม Damage ขึ้น 20%<br>เมื่อโจมตีจุดอ่อน (Weakness)<br>หรือโจมตีด้วยเวท (Tech) ใส่ศัตรูที่แพ้ธาตุ"""
item_HalfLineBerserk2_1#1,"""คำอธิบาย Unset Potential"""
item_HalfLineBerserk2_2#1,"""คำอธิบาย Unset Potential"""
item_HalfLineBerserk2_3#1,"""คำอธิบาย Unset Potential"""
item_HalfLineBerserk2_4#1,"""คำอธิบาย Unset Potential"""
item_HalfLineBerserk2_5#1,"""คำอธิบาย Unset Potential"""
item_PpOverDriveMotherRefine3_1#1,"""เพิ่ม Damage 6%<br>เมื่อโจมตี จะเพิ่ม PP Recovery 5%<br>และลด PP Consumption 5%"""
item_PpOverDriveMotherRefine3_2#1,"""เพิ่ม Damage 8%<br>เมื่อโจมตี จะเพิ่ม PP Recovery 10%<br>และลด PP Consumption 10%"""
item_PpOverDriveMotherRefine3_3#1,"""เพิ่ม Damage 10%<br>เมื่อโจมตี จะเพิ่ม PP Recovery 15%<br>และลด PP Consumption 15%"""
item_PpOverDriveMotherRefine3_4#1,"""เพิ่ม Damage 12%<br>เมื่อโจมตี จะเพิ่ม PP Recovery 20%<br>และลด PP Consumption 20%"""
item_PpOverDriveMotherRefine3_5#1,"""เพิ่ม Damage 14%<br>เมื่อโจมตี จะเพิ่ม PP Recovery 25%<br>และลด PP Consumption 25%"""
item_ComboDBonus_1#1,"""เพิ่ม Damage ตาม Hit Count<br>เมื่อถึงขีดสุด จะกางบาเรียป้องกัน Knockback<br>ผลบัฟจะหายไป หากไม่ได้โจมตีเป็นระยะเวลาหนึ่ง"""
item_ComboDBonus_2#1,"""เพิ่ม Damage ตาม Hit Count<br>เมื่อถึงขีดสุด จะกางบาเรียป้องกัน Knockback<br>ผลบัฟจะหายไป หากไม่ได้โจมตีเป็นระยะเวลาหนึ่ง"""
item_ComboDBonus_3#1,"""เพิ่ม Damage ตาม Hit Count<br>เมื่อถึงขีดสุด จะกางบาเรียป้องกัน Knockback<br>ผลบัฟจะหายไป หากไม่ได้โจมตีเป็นระยะเวลาหนึ่ง"""
item_ComboDBonus_4#1,"""เพิ่ม Damage ตาม Hit Count<br>เมื่อถึงขีดสุด จะกางบาเรียป้องกัน Knockback<br>ผลบัฟจะหายไป หากไม่ได้โจมตีเป็นระยะเวลาหนึ่ง"""
item_ComboDBonus_5#1,"""เพิ่ม Damage ตาม Hit Count<br>เมื่อถึงขีดสุด จะกางบาเรียป้องกัน Knockback<br>ผลบัฟจะหายไป หากไม่ได้โจมตีเป็นระยะเวลาหนึ่ง"""
item_ComboDBonus2_1#1,"""คำอธิบาย Unset Potential"""
item_ComboDBonus2_2#1,"""คำอธิบาย Unset Potential"""
item_ComboDBonus2_3#1,"""คำอธิบาย Unset Potential"""
item_ComboDBonus2_4#1,"""คำอธิบาย Unset Potential"""
item_ComboDBonus2_5#1,"""คำอธิบาย Unset Potential"""
item_ComboDBonus_High_1#1,"""นอกจากผลของ History of Antiquity<br>จะเพิ่มอัตราการลด Damage ที่ได้รับ<br>ตาม Hit Count<br>ต้องการ Hit Count น้อยลง<br>และระยะเวลาแสดงผลของบาเรียจะสั้นลง"""
item_ComboDBonus_High_2#1,"""นอกจากผลของ History of Antiquity<br>จะเพิ่มอัตราการลด Damage ที่ได้รับ<br>ตาม Hit Count<br>ต้องการ Hit Count น้อยลง<br>และระยะเวลาแสดงผลของบาเรียจะสั้นลง"""
item_ComboDBonus_High_3#1,"""นอกจากผลของ History of Antiquity<br>จะเพิ่มอัตราการลด Damage ที่ได้รับ<br>ตาม Hit Count<br>ต้องการ Hit Count น้อยลง<br>และระยะเวลาแสดงผลของบาเรียจะสั้นลง"""
item_ComboDBonus_High_4#1,"""นอกจากผลของ History of Antiquity<br>จะเพิ่มอัตราการลด Damage ที่ได้รับ<br>ตาม Hit Count<br>ต้องการ Hit Count น้อยลง<br>และระยะเวลาแสดงผลของบาเรียจะสั้นลง"""
item_ComboDBonus_High_5#1,"""นอกจากผลของ History of Antiquity<br>จะเพิ่มอัตราการลด Damage ที่ได้รับ<br>ตาม Hit Count<br>ต้องการ Hit Count น้อยลง<br>และระยะเวลาแสดงผลของบาเรียจะสั้นลง"""
item_ComboDBonus2_High_1#1,"""คำอธิบาย Unset Potential"""
item_ComboDBonus2_High_2#1,"""คำอธิบาย Unset Potential"""
item_ComboDBonus2_High_3#1,"""คำอธิบาย Unset Potential"""
item_ComboDBonus2_High_4#1,"""คำอธิบาย Unset Potential"""
item_ComboDBonus2_High_5#1,"""คำอธิบาย Unset Potential"""
item_ComboDBonus_Low_1#1,"""นอกจากผลของ History of Antiquity<br>จะเพิ่มอัตราการลด Damage ที่ได้รับ<br>ตาม Hit Count<br>ต้องการ Hit Count มากขึ้น<br>และระยะเวลาแสดงผลของบาเรียจะยาวขึ้น"""
item_ComboDBonus_Low_2#1,"""นอกจากผลของ History of Antiquity<br>จะเพิ่มอัตราการลด Damage ที่ได้รับ<br>ตาม Hit Count<br>ต้องการ Hit Count มากขึ้น<br>และระยะเวลาแสดงผลของบาเรียจะยาวขึ้น"""
item_ComboDBonus_Low_3#1,"""นอกจากผลของ History of Antiquity<br>จะเพิ่มอัตราการลด Damage ที่ได้รับ<br>ตาม Hit Count<br>ต้องการ Hit Count มากขึ้น<br>และระยะเวลาแสดงผลของบาเรียจะยาวขึ้น"""
item_ComboDBonus_Low_4#1,"""นอกจากผลของ History of Antiquity<br>จะเพิ่มอัตราการลด Damage ที่ได้รับ<br>ตาม Hit Count<br>ต้องการ Hit Count มากขึ้น<br>และระยะเวลาแสดงผลของบาเรียจะยาวขึ้น"""
item_ComboDBonus_Low_5#1,"""นอกจากผลของ History of Antiquity<br>จะเพิ่มอัตราการลด Damage ที่ได้รับ<br>ตาม Hit Count<br>ต้องการ Hit Count มากขึ้น<br>และระยะเวลาแสดงผลของบาเรียจะยาวขึ้น"""
item_ComboDBonus2_Low_1#1,"""คำอธิบาย Unset Potential"""
item_ComboDBonus2_Low_2#1,"""คำอธิบาย Unset Potential"""
item_ComboDBonus2_Low_3#1,"""คำอธิบาย Unset Potential"""
item_ComboDBonus2_Low_4#1,"""คำอธิบาย Unset Potential"""
item_ComboDBonus2_Low_5#1,"""คำอธิบาย Unset Potential"""
item_ComboDBonus_Su_1#1,"""เพิ่ม Damage ตาม Hit Count<br>เมื่อถึงขีดสุด จะกางบาเรียป้องกัน Knockback<br>ผลบัฟจะหายไป หากไม่ได้โจมตีเป็นระยะเวลาหนึ่ง"""
item_ComboDBonus_Su_2#1,"""เพิ่ม Damage ตาม Hit Count<br>เมื่อถึงขีดสุด จะกางบาเรียป้องกัน Knockback<br>ผลบัฟจะหายไป หากไม่ได้โจมตีเป็นระยะเวลาหนึ่ง"""
item_ComboDBonus_Su_3#1,"""เพิ่ม Damage ตาม Hit Count<br>เมื่อถึงขีดสุด จะกางบาเรียป้องกัน Knockback<br>ผลบัฟจะหายไป หากไม่ได้โจมตีเป็นระยะเวลาหนึ่ง"""
item_ComboDBonus_Su_4#1,"""เพิ่ม Damage ตาม Hit Count<br>เมื่อถึงขีดสุด จะกางบาเรียป้องกัน Knockback<br>ผลบัฟจะหายไป หากไม่ได้โจมตีเป็นระยะเวลาหนึ่ง"""
item_ComboDBonus_Su_5#1,"""เพิ่ม Damage ตาม Hit Count<br>เมื่อถึงขีดสุด จะกางบาเรียป้องกัน Knockback<br>ผลบัฟจะหายไป หากไม่ได้โจมตีเป็นระยะเวลาหนึ่ง"""
item_ComboDBonus2_Su_1#1,"""นอกจากผลของ Rhythm of Antiquity<br>จะเพิ่มอัตราการลด Damage ที่ได้รับ<br>ตาม Hit Count"""
item_ComboDBonus2_Su_2#1,"""นอกจากผลของ Rhythm of Antiquity<br>จะเพิ่มอัตราการลด Damage ที่ได้รับ<br>ตาม Hit Count"""
item_ComboDBonus2_Su_3#1,"""นอกจากผลของ Rhythm of Antiquity<br>จะเพิ่มอัตราการลด Damage ที่ได้รับ<br>ตาม Hit Count"""
item_ComboDBonus2_Su_4#1,"""นอกจากผลของ Rhythm of Antiquity<br>จะเพิ่มอัตราการลด Damage ที่ได้รับ<br>ตาม Hit Count"""
item_ComboDBonus2_Su_5#1,"""นอกจากผลของ Rhythm of Antiquity<br>จะเพิ่มอัตราการลด Damage ที่ได้รับ<br>ตาม Hit Count"""
item_GearAATecBurst_1#1,"""เพิ่ม Damage ของ Photonic Fury<br>ตามจำนวน Hit ที่ทำได้<br>เมื่อโจมตีด้วย Techniques โดนเป้าหมาย<br>ผลบัฟจะหายไป แต่จะช่วยเพิ่ม Damage ของ Techniques<br>เป็นระยะเวลาหนึ่ง"""
item_GearAATecBurst_2#1,"""เพิ่ม Damage ของ Photonic Fury<br>ตามจำนวน Hit ที่ทำได้<br>เมื่อโจมตีด้วย Techniques โดนเป้าหมาย<br>ผลบัฟจะหายไป แต่จะช่วยเพิ่ม Damage ของ Techniques<br>เป็นระยะเวลาหนึ่ง"""
item_GearAATecBurst_3#1,"""เพิ่ม Damage ของ Photonic Fury<br>ตามจำนวน Hit ที่ทำได้<br>เมื่อโจมตีด้วย Techniques โดนเป้าหมาย<br>ผลบัฟจะหายไป แต่จะช่วยเพิ่ม Damage ของ Techniques<br>เป็นระยะเวลาหนึ่ง"""
item_GearAATecBurst_4#1,"""เพิ่ม Damage ของ Photonic Fury<br>ตามจำนวน Hit ที่ทำได้<br>เมื่อโจมตีด้วย Techniques โดนเป้าหมาย<br>ผลบัฟจะหายไป แต่จะช่วยเพิ่ม Damage ของ Techniques<br>เป็นระยะเวลาหนึ่ง"""
item_GearAATecBurst_5#1,"""เพิ่ม Damage ของ Photonic Fury<br>ตามจำนวน Hit ที่ทำได้<br>เมื่อโจมตีด้วย Techniques โดนเป้าหมาย<br>ผลบัฟจะหายไป แต่จะช่วยเพิ่ม Damage ของ Techniques<br>เป็นระยะเวลาหนึ่ง"""
item_ZDStrong_1#1,"""เพิ่ม Damage ขึ้น 6%<br>เมื่อใช้งาน Enhanced Zero Distance<br>จะทำให้เกิดช่วง Recast<br>เมื่อหลบหลีกด้วย Dive Roll สำเร็จ<br>จะช่วยลดระยะเวลา Recast"""
item_ZDStrong_2#1,"""เพิ่ม Damage ขึ้น 8%<br>เมื่อใช้งาน Enhanced Zero Distance<br>จะทำให้เกิดช่วง Recast<br>เมื่อหลบหลีกด้วย Dive Roll สำเร็จ<br>จะช่วยลดระยะเวลา Recast"""
item_ZDStrong_3#1,"""เพิ่ม Damage ขึ้น 10%<br>เมื่อใช้งาน Enhanced Zero Distance<br>จะทำให้เกิดช่วง Recast<br>เมื่อหลบหลีกด้วย Dive Roll สำเร็จ<br>จะช่วยลดระยะเวลา Recast"""
item_ZDStrong_4#1,"""เพิ่ม Damage ขึ้น 12%<br>เมื่อใช้งาน Enhanced Zero Distance<br>จะทำให้เกิดช่วง Recast<br>เมื่อหลบหลีกด้วย Dive Roll สำเร็จ<br>จะช่วยลดระยะเวลา Recast"""
item_ZDStrong_5#1,"""เพิ่ม Damage ขึ้น 14%<br>เมื่อใช้งาน Enhanced Zero Distance<br>จะทำให้เกิดช่วง Recast<br>เมื่อหลบหลีกด้วย Dive Roll สำเร็จ<br>จะช่วยลดระยะเวลา Recast"""
item_PpOverClock1_1#1,"""เพิ่ม Damage ขึ้น 8%"""
item_PpOverClock1_2#1,"""เพิ่ม Damage ขึ้น 9%"""
item_PpOverClock1_3#1,"""เพิ่ม Damage ขึ้น 10%"""
item_PpOverClock1_4#1,"""เพิ่ม Damage ขึ้น 11%"""
item_PpOverClock1_5#1,"""เพิ่ม Damage ขึ้น 12%"""
item_PpOverClock2_1#1,"""เพิ่ม Damage ขึ้น 8%<br>เมื่อ PP ลดต่ำกว่าเกณฑ์ที่กำหนด<br>จะฟื้นฟู PP ขึ้น 30%"""
item_PpOverClock2_2#1,"""เพิ่ม Damage ขึ้น 9%<br>เมื่อ PP ลดต่ำกว่าเกณฑ์ที่กำหนด<br>จะฟื้นฟู PP ขึ้น 30%"""
item_PpOverClock2_3#1,"""เพิ่ม Damage ขึ้น 10%<br>เมื่อ PP ลดต่ำกว่าเกณฑ์ที่กำหนด<br>จะฟื้นฟู PP ขึ้น 30%"""
item_PpOverClock2_4#1,"""เพิ่ม Damage ขึ้น 11%<br>เมื่อ PP ลดต่ำกว่าเกณฑ์ที่กำหนด<br>จะฟื้นฟู PP ขึ้น 30%"""
item_PpOverClock2_5#1,"""เพิ่ม Damage ขึ้น 12%<br>เมื่อ PP ลดต่ำกว่าเกณฑ์ที่กำหนด<br>จะฟื้นฟู PP ขึ้น 30%"""
item_PpOverClock3_1#1,"""เพิ่ม Damage ขึ้น 8%<br>เมื่อ PP ลดต่ำกว่าเกณฑ์ที่กำหนด<br>PP จะฟื้นฟูจนเต็ม และเพิ่ม Damage ขึ้นอีก 3%<br>เป็นระยะเวลาหนึ่ง"""
item_PpOverClock3_2#1,"""เพิ่ม Damage ขึ้น 9%<br>เมื่อ PP ลดต่ำกว่าเกณฑ์ที่กำหนด<br>PP จะฟื้นฟูจนเต็ม และเพิ่ม Damage ขึ้นอีก 3%<br>เป็นระยะเวลาหนึ่ง"""
item_PpOverClock3_3#1,"""เพิ่ม Damage ขึ้น 10%<br>เมื่อ PP ลดต่ำกว่าเกณฑ์ที่กำหนด<br>PP จะฟื้นฟูจนเต็ม และเพิ่ม Damage ขึ้นอีก 3%<br>เป็นระยะเวลาหนึ่ง"""
item_PpOverClock3_4#1,"""เพิ่ม Damage ขึ้น 11%<br>เมื่อ PP ลดต่ำกว่าเกณฑ์ที่กำหนด<br>PP จะฟื้นฟูจนเต็ม และเพิ่ม Damage ขึ้นอีก 3%<br>เป็นระยะเวลาหนึ่ง"""
item_PpOverClock3_5#1,"""เพิ่ม Damage ขึ้น 12%<br>เมื่อ PP ลดต่ำกว่าเกณฑ์ที่กำหนด<br>PP จะฟื้นฟูจนเต็ม และเพิ่ม Damage ขึ้นอีก 3%<br>เป็นระยะเวลาหนึ่ง"""
item_PpOverClock1_Su_1#1,"""เพิ่ม Damage ขึ้น 3%"""
item_PpOverClock1_Su_2#1,"""เพิ่ม Damage ขึ้น 4%"""
item_PpOverClock1_Su_3#1,"""เพิ่ม Damage ขึ้น 5%"""
item_PpOverClock1_Su_4#1,"""เพิ่ม Damage ขึ้น 6%"""
item_PpOverClock1_Su_5#1,"""เพิ่ม Damage ขึ้น 7%"""
item_PpOverClock2_Su_1#1,"""เพิ่ม Damage ขึ้น 3%<br>เมื่อ PP ลดต่ำกว่าเกณฑ์ที่กำหนด<br>จะฟื้นฟู PP ขึ้น 30%"""
item_PpOverClock2_Su_2#1,"""เพิ่ม Damage ขึ้น 4%<br>เมื่อ PP ลดต่ำกว่าเกณฑ์ที่กำหนด<br>จะฟื้นฟู PP ขึ้น 30%"""
item_PpOverClock2_Su_3#1,"""เพิ่ม Damage ขึ้น 5%<br>เมื่อ PP ลดต่ำกว่าเกณฑ์ที่กำหนด<br>จะฟื้นฟู PP ขึ้น 30%"""
item_PpOverClock2_Su_4#1,"""เพิ่ม Damage ขึ้น 6%<br>เมื่อ PP ลดต่ำกว่าเกณฑ์ที่กำหนด<br>จะฟื้นฟู PP ขึ้น 30%"""
item_PpOverClock2_Su_5#1,"""เพิ่ม Damage ขึ้น 7%<br>เมื่อ PP ลดต่ำกว่าเกณฑ์ที่กำหนด<br>จะฟื้นฟู PP ขึ้น 30%"""
item_PpOverClock3_Su_1#1,"""เพิ่ม Damage ขึ้น 3%<br>เมื่อ PP ลดต่ำกว่าเกณฑ์ที่กำหนด<br>PP จะฟื้นฟูจนเต็ม และเพิ่ม Damage ขึ้นอีก 3%<br>เป็นระยะเวลาหนึ่ง"""
item_PpOverClock3_Su_2#1,"""เพิ่ม Damage ขึ้น 4%<br>เมื่อ PP ลดต่ำกว่าเกณฑ์ที่กำหนด<br>PP จะฟื้นฟูจนเต็ม และเพิ่ม Damage ขึ้นอีก 3%<br>เป็นระยะเวลาหนึ่ง"""
item_PpOverClock3_Su_3#1,"""เพิ่ม Damage ขึ้น 5%<br>เมื่อ PP ลดต่ำกว่าเกณฑ์ที่กำหนด<br>PP จะฟื้นฟูจนเต็ม และเพิ่ม Damage ขึ้นอีก 3%<br>เป็นระยะเวลาหนึ่ง"""
item_PpOverClock3_Su_4#1,"""เพิ่ม Damage ขึ้น 6%<br>เมื่อ PP ลดต่ำกว่าเกณฑ์ที่กำหนด<br>PP จะฟื้นฟูจนเต็ม และเพิ่ม Damage ขึ้นอีก 3%<br>เป็นระยะเวลาหนึ่ง"""
item_PpOverClock3_Su_5#1,"""เพิ่ม Damage ขึ้น 7%<br>เมื่อ PP ลดต่ำกว่าเกณฑ์ที่กำหนด<br>PP จะฟื้นฟูจนเต็ม และเพิ่ม Damage ขึ้นอีก 3%<br>เป็นระยะเวลาหนึ่ง"""
item_SMaterialBonus_1#1,"""คำอธิบาย Unset Potential"""
item_SMaterialBonus_2#1,"""คำอธิบาย Unset Potential"""
item_SMaterialBonus_3#1,"""คำอธิบาย Unset Potential"""
item_SMaterialBonus_4#1,"""คำอธิบาย Unset Potential"""
item_SMaterialBonus_5#1,"""คำอธิบาย Unset Potential"""
item_HeroWillHeal3_1#1,"""เพิ่ม Damage 8% รอดพ้นจาก<br>ความเสียหายถึงตายได้ 1 ครั้ง<br>และค่อยๆ ฟื้นฟู HP หลังจากที่ผลทำงาน"""
item_HeroWillHeal3_2#1,"""เพิ่ม Damage 9% รอดพ้นจาก<br>ความเสียหายถึงตายได้ 1 ครั้ง<br>และค่อยๆ ฟื้นฟู HP หลังจากที่ผลทำงาน"""
item_HeroWillHeal3_3#1,"""เพิ่ม Damage 10% รอดพ้นจาก<br>ความเสียหายถึงตายได้ 1 ครั้ง<br>และค่อยๆ ฟื้นฟู HP หลังจากที่ผลทำงาน"""
item_HeroWillHeal3_4#1,"""เพิ่ม Damage 11% รอดพ้นจาก<br>ความเสียหายถึงตายได้ 1 ครั้ง<br>และค่อยๆ ฟื้นฟู HP หลังจากที่ผลทำงาน"""
item_HeroWillHeal3_5#1,"""เพิ่ม Damage 12% รอดพ้นจาก<br>ความเสียหายถึงตายได้ 1 ครั้ง<br>และค่อยๆ ฟื้นฟู HP หลังจากที่ผลทำงาน"""
item_MassivePpRecover_1#1,"""เพิ่ม Damage ขึ้น 7%<br>เพิ่มระดับความทนทาน (Super Armor) และลด Damage ที่ได้รับ<br>แต่เมื่อได้รับความเสียหาย PP จะลดลง"""
item_MassivePpRecover_2#1,"""เพิ่ม Damage ขึ้น 9%<br>เพิ่มระดับความทนทาน (Super Armor) และลด Damage ที่ได้รับ<br>แต่เมื่อได้รับความเสียหาย PP จะลดลง"""
item_MassivePpRecover_3#1,"""เพิ่ม Damage ขึ้น 11%<br>เพิ่มระดับความทนทาน (Super Armor) และลด Damage ที่ได้รับ<br>แต่เมื่อได้รับความเสียหาย PP จะลดลง"""
item_MassivePpRecover_4#1,"""เพิ่ม Damage ขึ้น 13%<br>เพิ่มระดับความทนทาน (Super Armor) และลด Damage ที่ได้รับ<br>แต่เมื่อได้รับความเสียหาย PP จะลดลง"""
item_MassivePpRecover_5#1,"""เพิ่ม Damage ขึ้น 15%<br>เพิ่มระดับความทนทาน (Super Armor) และลด Damage ที่ได้รับ<br>แต่เมื่อได้รับความเสียหาย PP จะลดลง"""
item_FieldBonus_1#1,"""เพิ่ม Damage ขึ้น 10%<br>เมื่อสกิล Critical Field และ<br>Elemental PP Restorate Field มีผล<br>จะเกิดเอฟเฟกต์เพิ่มเติมในแต่ละ Field"""
item_FieldBonus_2#1,"""เพิ่ม Damage ขึ้น 11%<br>เมื่อสกิล Critical Field และ<br>Elemental PP Restorate Field มีผล<br>จะเกิดเอฟเฟกต์เพิ่มเติมในแต่ละ Field"""
item_FieldBonus_3#1,"""เพิ่ม Damage ขึ้น 12%<br>เมื่อสกิล Critical Field และ<br>Elemental PP Restorate Field มีผล<br>จะเกิดเอฟเฟกต์เพิ่มเติมในแต่ละ Field"""
item_FieldBonus_4#1,"""เพิ่ม Damage ขึ้น 13%<br>เมื่อสกิล Critical Field และ<br>Elemental PP Restorate Field มีผล<br>จะเกิดเอฟเฟกต์เพิ่มเติมในแต่ละ Field"""
item_FieldBonus_5#1,"""เพิ่ม Damage ขึ้น 14%<br>เมื่อสกิล Critical Field และ<br>Elemental PP Restorate Field มีผล<br>จะเกิดเอฟเฟกต์เพิ่มเติมในแต่ละ Field"""
item_AbyssBonus1_1#1,"""เพิ่ม Damage 7%<br>และกางบาเรียลด Damage<br>ที่ได้รับเป็นระยะๆ"""
item_AbyssBonus1_2#1,"""เพิ่ม Damage 8%<br>และกางบาเรียลด Damage<br>ที่ได้รับเป็นระยะๆ"""
item_AbyssBonus1_3#1,"""เพิ่ม Damage 9%<br>และกางบาเรียลด Damage<br>ที่ได้รับเป็นระยะๆ"""
item_AbyssBonus1_4#1,"""เพิ่ม Damage 10%<br>และกางบาเรียลด Damage<br>ที่ได้รับเป็นระยะๆ"""
item_AbyssBonus1_5#1,"""เพิ่ม Damage 11%<br>และกางบาเรียลด Damage<br>ที่ได้รับเป็นระยะๆ"""
item_AbyssBonus2_1#1,"""เพิ่ม Damage 7%<br>และกางบาเรียป้องกัน Knockback<br>เป็นระยะๆ"""
item_AbyssBonus2_2#1,"""เพิ่ม Damage 8%<br>และกางบาเรียป้องกัน Knockback<br>เป็นระยะๆ"""
item_AbyssBonus2_3#1,"""เพิ่ม Damage 9%<br>และกางบาเรียป้องกัน Knockback<br>เป็นระยะๆ"""
item_AbyssBonus2_4#1,"""เพิ่ม Damage 10%<br>และกางบาเรียป้องกัน Knockback<br>เป็นระยะๆ"""
item_AbyssBonus2_5#1,"""เพิ่ม Damage 11%<br>และกางบาเรียป้องกัน Knockback<br>เป็นระยะๆ"""
item_AbyssBonus3_1#1,"""Damage จะเพิ่มขึ้นตามปริมาณเกจ<br>Photon Blast<br>เมื่อใช้งาน Photon Blast<br>จะเกิดเอฟเฟกต์ต่างกันตาม Phantom Beast"""
item_AbyssBonus3_2#1,"""Damage จะเพิ่มขึ้นตามปริมาณเกจ<br>Photon Blast<br>เมื่อใช้งาน Photon Blast<br>จะเกิดเอฟเฟกต์ต่างกันตาม Phantom Beast"""
item_AbyssBonus3_3#1,"""Damage จะเพิ่มขึ้นตามปริมาณเกจ<br>Photon Blast<br>เมื่อใช้งาน Photon Blast<br>จะเกิดเอฟเฟกต์ต่างกันตาม Phantom Beast"""
item_AbyssBonus3_4#1,"""Damage จะเพิ่มขึ้นตามปริมาณเกจ<br>Photon Blast<br>เมื่อใช้งาน Photon Blast<br>จะเกิดเอฟเฟกต์ต่างกันตาม Phantom Beast"""
item_AbyssBonus3_5#1,"""Damage จะเพิ่มขึ้นตามปริมาณเกจ<br>Photon Blast<br>เมื่อใช้งาน Photon Blast<br>จะเกิดเอฟเฟกต์ต่างกันตาม Phantom Beast"""
item_StUpShare3_1#1,"""เพิ่ม Damage 13%<br>ฟื้นฟู HP ให้ปาร์ตี้เป็นระยะๆ<br>และเพิ่มพลังโจมตี"""
item_StUpShare3_2#1,"""เพิ่ม Damage 15%<br>ฟื้นฟู HP ให้ปาร์ตี้เป็นระยะๆ<br>และเพิ่มพลังโจมตี"""
item_StUpShare3_3#1,"""เพิ่ม Damage 17%<br>ฟื้นฟู HP ให้ปาร์ตี้เป็นระยะๆ<br>และเพิ่มพลังโจมตี"""
item_StUpShare3_4#1,"""เพิ่ม Damage 19%<br>ฟื้นฟู HP ให้ปาร์ตี้เป็นระยะๆ<br>และเพิ่มพลังโจมตี"""
item_StUpShare3_5#1,"""เพิ่ม Damage 21%<br>ฟื้นฟู HP ให้ปาร์ตี้เป็นระยะๆ<br>และเพิ่มพลังโจมตี"""
item_StUpShare4_1#1,"""คำอธิบาย Unset Potential"""
item_StUpShare4_2#1,"""คำอธิบาย Unset Potential"""
item_StUpShare4_3#1,"""คำอธิบาย Unset Potential"""
item_StUpShare4_4#1,"""คำอธิบาย Unset Potential"""
item_StUpShare4_5#1,"""คำอธิบาย Unset Potential"""
item_LastBulletBonus_1#1,"""เพิ่ม Damage 6%<br>และเปลี่ยนการโจมตี Normal Attack<br>ครั้งที่ 3 ให้เป็นกระสุนระเบิด"""
item_LastBulletBonus_2#1,"""เพิ่ม Damage 8%<br>และเปลี่ยนการโจมตี Normal Attack<br>ครั้งที่ 3 ให้เป็นกระสุนระเบิด"""
item_LastBulletBonus_3#1,"""เพิ่ม Damage 10%<br>และเปลี่ยนการโจมตี Normal Attack<br>ครั้งที่ 3 ให้เป็นกระสุนระเบิด"""
item_LastBulletBonus_4#1,"""เพิ่ม Damage 12%<br>และเปลี่ยนการโจมตี Normal Attack<br>ครั้งที่ 3 ให้เป็นกระสุนระเบิด"""
item_LastBulletBonus_5#1,"""เพิ่ม Damage 14%<br>และเปลี่ยนการโจมตี Normal Attack<br>ครั้งที่ 3 ให้เป็นกระสุนระเบิด"""
item_AllPowerUp_1#1,"""เพิ่ม Damage 8%<br>และลด Damage ที่ได้รับลง 10%"""
item_AllPowerUp_2#1,"""เพิ่ม Damage 10%<br>และลด Damage ที่ได้รับลง 10%"""
item_AllPowerUp_3#1,"""เพิ่ม Damage 12%<br>และลด Damage ที่ได้รับลง 10%"""
item_AllPowerUp_4#1,"""เพิ่ม Damage 14%<br>และลด Damage ที่ได้รับลง 10%"""
item_AllPowerUp_5#1,"""เพิ่ม Damage 16%<br>และลด Damage ที่ได้รับลง 10%"""
item_AllPowerUp_Su_1#1,"""เพิ่ม Damage 1%<br>และลด Damage ที่ได้รับลง 10%"""
item_AllPowerUp_Su_2#1,"""เพิ่ม Damage 2%<br>และลด Damage ที่ได้รับลง 10%"""
item_AllPowerUp_Su_3#1,"""เพิ่ม Damage 3%<br>และลด Damage ที่ได้รับลง 10%"""
item_AllPowerUp_Su_4#1,"""เพิ่ม Damage 4%<br>และลด Damage ที่ได้รับลง 10%"""
item_AllPowerUp_Su_5#1,"""เพิ่ม Damage 5%<br>และลด Damage ที่ได้รับลง 10%"""
item_SkyBeam_1#1,"""เพิ่ม Damage 6% เมื่อ Gear เต็ม<br>แล้วใช้ Heavenly Fall โจมตีโดนเป้าหมาย<br>จะใช้ Gear ทั้งหมดเพื่อสร้างการโจมตีเสริม<br>ใส่ศัตรูรอบข้าง"""
item_SkyBeam_2#1,"""เพิ่ม Damage 8% เมื่อ Gear เต็ม<br>แล้วใช้ Heavenly Fall โจมตีโดนเป้าหมาย<br>จะใช้ Gear ทั้งหมดเพื่อสร้างการโจมตีเสริม<br>ใส่ศัตรูรอบข้าง"""
item_SkyBeam_3#1,"""เพิ่ม Damage 10% เมื่อ Gear เต็ม<br>แล้วใช้ Heavenly Fall โจมตีโดนเป้าหมาย<br>จะใช้ Gear ทั้งหมดเพื่อสร้างการโจมตีเสริม<br>ใส่ศัตรูรอบข้าง"""
item_SkyBeam_4#1,"""เพิ่ม Damage 12% เมื่อ Gear เต็ม<br>แล้วใช้ Heavenly Fall โจมตีโดนเป้าหมาย<br>จะใช้ Gear ทั้งหมดเพื่อสร้างการโจมตีเสริม<br>ใส่ศัตรูรอบข้าง"""
item_SkyBeam_5#1,"""เพิ่ม Damage 14% เมื่อ Gear เต็ม<br>แล้วใช้ Heavenly Fall โจมตีโดนเป้าหมาย<br>จะใช้ Gear ทั้งหมดเพื่อสร้างการโจมตีเสริม<br>ใส่ศัตรูรอบข้าง"""
item_PpPowerConversion_1#1,"""เพิ่ม Damage 4%<br>เมื่อ Max PP เพิ่มขึ้นทุกๆ 50<br>จะเกิดเอฟเฟกต์เพิ่มเติม<br>(เอฟเฟกต์สูงสุดที่ Max PP 300)"""
item_PpPowerConversion_2#1,"""เพิ่ม Damage 5%<br>เมื่อ Max PP เพิ่มขึ้นทุกๆ 50<br>จะเกิดเอฟเฟกต์เพิ่มเติม<br>(เอฟเฟกต์สูงสุดที่ Max PP 300)"""
item_PpPowerConversion_3#1,"""เพิ่ม Damage 6%<br>เมื่อ Max PP เพิ่มขึ้นทุกๆ 50<br>จะเกิดเอฟเฟกต์เพิ่มเติม<br>(เอฟเฟกต์สูงสุดที่ Max PP 300)"""
item_PpPowerConversion_4#1,"""เพิ่ม Damage 7%<br>เมื่อ Max PP เพิ่มขึ้นทุกๆ 50<br>จะเกิดเอฟเฟกต์เพิ่มเติม<br>(เอฟเฟกต์สูงสุดที่ Max PP 300)"""
item_PpPowerConversion_5#1,"""เพิ่ม Damage 8%<br>เมื่อ Max PP เพิ่มขึ้นทุกๆ 50<br>จะเกิดเอฟเฟกต์เพิ่มเติม<br>(เอฟเฟกต์สูงสุดที่ Max PP 300)"""
item_ManetRideroid_1#1,"""เพิ่ม Damage 5%<br>ในขณะที่ Dash จะสร้าง Damage ให้กับศัตรูที่สัมผัส<br>และเมื่อหยุด Dash จะสร้างคลื่นกระแทก"""
item_ManetRideroid_2#1,"""เพิ่ม Damage 8%<br>ในขณะที่ Dash จะสร้าง Damage ให้กับศัตรูที่สัมผัส<br>และเมื่อหยุด Dash จะสร้างคลื่นกระแทก"""
item_ManetRideroid_3#1,"""เพิ่ม Damage 11%<br>ในขณะที่ Dash จะสร้าง Damage ให้กับศัตรูที่สัมผัส<br>และเมื่อหยุด Dash จะสร้างคลื่นกระแทก"""
item_ManetRideroid_4#1,"""เพิ่ม Damage 14%<br>ในขณะที่ Dash จะสร้าง Damage ให้กับศัตรูที่สัมผัส<br>และเมื่อหยุด Dash จะสร้างคลื่นกระแทก"""
item_ManetRideroid_5#1,"""เพิ่ม Damage 17%<br>ในขณะที่ Dash จะสร้าง Damage ให้กับศัตรูที่สัมผัส<br>และเมื่อหยุด Dash จะสร้างคลื่นกระแทก"""
item_BloodBerserk_1#1,"""เพิ่ม Damage 11%<br>เมื่อ HP ลดลงอย่างต่อเนื่อง จะฟื้นฟู HP ขึ้น<br>และจะเพิ่ม Damage พร้อมลด Damage ที่ได้รับ<br>เป็นระยะเวลาหนึ่ง"""
item_BloodBerserk_2#1,"""เพิ่ม Damage 12%<br>เมื่อ HP ลดลงอย่างต่อเนื่อง จะฟื้นฟู HP ขึ้น<br>และจะเพิ่ม Damage พร้อมลด Damage ที่ได้รับ<br>เป็นระยะเวลาหนึ่ง"""
item_BloodBerserk_3#1,"""เพิ่ม Damage 13%<br>เมื่อ HP ลดลงอย่างต่อเนื่อง จะฟื้นฟู HP ขึ้น<br>และจะเพิ่ม Damage พร้อมลด Damage ที่ได้รับ<br>เป็นระยะเวลาหนึ่ง"""
item_BloodBerserk_4#1,"""เพิ่ม Damage 14%<br>เมื่อ HP ลดลงอย่างต่อเนื่อง จะฟื้นฟู HP ขึ้น<br>และจะเพิ่ม Damage พร้อมลด Damage ที่ได้รับ<br>เป็นระยะเวลาหนึ่ง"""
item_BloodBerserk_5#1,"""เพิ่ม Damage 15%<br>เมื่อ HP ลดลงอย่างต่อเนื่อง จะฟื้นฟู HP ขึ้น<br>และจะเพิ่ม Damage พร้อมลด Damage ที่ได้รับ<br>เป็นระยะเวลาหนึ่ง"""
item_AwakeKilling_1#1,"""เพิ่ม Damage เมื่อสู้กับศัตรูที่แข็งแกร่ง<br>และเมื่อมีศัตรูที่แข็งแกร่งอยู่ใกล้ๆ<br>จะฟื้นฟู PP เป็นระยะๆ"""
item_AwakeKilling_2#1,"""เพิ่ม Damage เมื่อสู้กับศัตรูที่แข็งแกร่ง<br>และเมื่อมีศัตรูที่แข็งแกร่งอยู่ใกล้ๆ<br>จะฟื้นฟู PP เป็นระยะๆ"""
item_AwakeKilling_3#1,"""เพิ่ม Damage เมื่อสู้กับศัตรูที่แข็งแกร่ง<br>และเมื่อมีศัตรูที่แข็งแกร่งอยู่ใกล้ๆ<br>จะฟื้นฟู PP เป็นระยะๆ"""
item_AwakeKilling_4#1,"""เพิ่ม Damage เมื่อสู้กับศัตรูที่แข็งแกร่ง<br>และเมื่อมีศัตรูที่แข็งแกร่งอยู่ใกล้ๆ<br>จะฟื้นฟู PP เป็นระยะๆ"""
item_AwakeKilling_5#1,"""เพิ่ม Damage เมื่อสู้กับศัตรูที่แข็งแกร่ง<br>และเมื่อมีศัตรูที่แข็งแกร่งอยู่ใกล้ๆ<br>จะฟื้นฟู PP เป็นระยะๆ"""
item_OnsetMark_1#1,"""เพิ่ม Damage 9%<br>เมื่อจุดระเบิด Phantom Marker<br>จะเพิ่มค่าสะสม Marker ให้สูงขึ้นในระดับหนึ่ง"""
item_OnsetMark_2#1,"""เพิ่ม Damage 11%<br>เมื่อจุดระเบิด Phantom Marker<br>จะเพิ่มค่าสะสม Marker ให้สูงขึ้นในระดับหนึ่ง"""
item_OnsetMark_3#1,"""เพิ่ม Damage 13%<br>เมื่อจุดระเบิด Phantom Marker<br>จะเพิ่มค่าสะสม Marker ให้สูงขึ้นในระดับหนึ่ง"""
item_OnsetMark_4#1,"""เพิ่ม Damage 15%<br>เมื่อจุดระเบิด Phantom Marker<br>จะเพิ่มค่าสะสม Marker ให้สูงขึ้นในระดับหนึ่ง"""
item_OnsetMark_5#1,"""เพิ่ม Damage 17%<br>เมื่อจุดระเบิด Phantom Marker<br>จะเพิ่มค่าสะสม Marker ให้สูงขึ้นในระดับหนึ่ง"""
item_MirageManeuver_1#1,"""ความเร็วในการ PP Recovery จะเปลี่ยนไป<br>ตามการเก็บ/ชักอาวุธ และเพิ่มปริมาณ PP Recovery<br>กับ Damage เมื่อโจมตี เมื่อชักอาวุธในขณะที่ PP เต็ม<br>จะเพิ่ม Damage ของ PAs เป็นระยะเวลาหนึ่ง"""
item_MirageManeuver_2#1,"""ความเร็วในการ PP Recovery จะเปลี่ยนไป<br>ตามการเก็บ/ชักอาวุธ และเพิ่มปริมาณ PP Recovery<br>กับ Damage เมื่อโจมตี เมื่อชักอาวุธในขณะที่ PP เต็ม<br>จะเพิ่ม Damage ของ PAs เป็นระยะเวลาหนึ่ง"""
item_MirageManeuver_3#1,"""ความเร็วในการ PP Recovery จะเปลี่ยนไป<br>ตามการเก็บ/ชักอาวุธ และเพิ่มปริมาณ PP Recovery<br>กับ Damage เมื่อโจมตี เมื่อชักอาวุธในขณะที่ PP เต็ม<br>จะเพิ่ม Damage ของ PAs เป็นระยะเวลาหนึ่ง"""
item_MirageManeuver_4#1,"""ความเร็วในการ PP Recovery จะเปลี่ยนไป<br>ตามการเก็บ/ชักอาวุธ และเพิ่มปริมาณ PP Recovery<br>กับ Damage เมื่อโจมตี เมื่อชักอาวุธในขณะที่ PP เต็ม<br>จะเพิ่ม Damage ของ PAs เป็นระยะเวลาหนึ่ง"""
item_MirageManeuver_5#1,"""ความเร็วในการ PP Recovery จะเปลี่ยนไป<br>ตามการเก็บ/ชักอาวุธ และเพิ่มปริมาณ PP Recovery<br>กับ Damage เมื่อโจมตี เมื่อชักอาวุธในขณะที่ PP เต็ม<br>จะเพิ่ม Damage ของ PAs เป็นระยะเวลาหนึ่ง"""
item_WeakHitStorage_1#1,"""เพิ่ม Damage 7%<br>เมื่อการโจมตีระยะไกลแบบ Weakness<br>โดนเป้าหมายครบ 60 ครั้ง<br>Critical Hit Rate จะเพิ่มเป็น 100%<br>และ Max PP จะเพิ่มขึ้น 60"""
item_WeakHitStorage_2#1,"""เพิ่ม Damage 8%<br>เมื่อการโจมตีระยะไกลแบบ Weakness<br>โดนเป้าหมายครบ 60 ครั้ง<br>Critical Hit Rate จะเพิ่มเป็น 100%<br>และ Max PP จะเพิ่มขึ้น 60"""
item_WeakHitStorage_3#1,"""เพิ่ม Damage 9%<br>เมื่อการโจมตีระยะไกลแบบ Weakness<br>โดนเป้าหมายครบ 60 ครั้ง<br>Critical Hit Rate จะเพิ่มเป็น 100%<br>และ Max PP จะเพิ่มขึ้น 60"""
item_WeakHitStorage_4#1,"""เพิ่ม Damage 10%<br>เมื่อการโจมตีระยะไกลแบบ Weakness<br>โดนเป้าหมายครบ 60 ครั้ง<br>Critical Hit Rate จะเพิ่มเป็น 100%<br>และ Max PP จะเพิ่มขึ้น 60"""
item_WeakHitStorage_5#1,"""เพิ่ม Damage 11%<br>เมื่อการโจมตีระยะไกลแบบ Weakness<br>โดนเป้าหมายครบ 60 ครั้ง<br>Critical Hit Rate จะเพิ่มเป็น 100%<br>และ Max PP จะเพิ่มขึ้น 60"""
item_NonPbBonus_1#1,"""เพิ่ม Damage 7%<br>และเปลี่ยนคุณสมบัติของการโจมตี<br>Normal Attack"""
item_NonPbBonus_2#1,"""เพิ่ม Damage 9%<br>และเปลี่ยนคุณสมบัติของการโจมตี<br>Normal Attack"""
item_NonPbBonus_3#1,"""เพิ่ม Damage 11%<br>และเปลี่ยนคุณสมบัติของการโจมตี<br>Normal Attack"""
item_NonPbBonus_4#1,"""เพิ่ม Damage 13%<br>และเปลี่ยนคุณสมบัติของการโจมตี<br>Normal Attack"""
item_NonPbBonus_5#1,"""เพิ่ม Damage 15%<br>และเปลี่ยนคุณสมบัติของการโจมตี<br>Normal Attack"""
item_FusionBody_1#1,"""เพิ่ม Damage 6%<br>เมื่อใช้ PAs หรือ Techniques ตัวเองจะได้รับ Damage<br>แต่จะช่วยลด PP Consumption ลง 10%"""
item_FusionBody_2#1,"""เพิ่ม Damage 7%<br>เมื่อใช้ PAs หรือ Techniques ตัวเองจะได้รับ Damage<br>แต่จะช่วยลด PP Consumption ลง 25%"""
item_FusionBody_3#1,"""เพิ่ม Damage 8%<br>เมื่อใช้ PAs หรือ Techniques ตัวเองจะได้รับ Damage<br>แต่จะช่วยลด PP Consumption ลง 45%"""
item_FusionBody_4#1,"""เพิ่ม Damage 9%<br>เมื่อใช้ PAs หรือ Techniques ตัวเองจะได้รับ Damage<br>แต่จะช่วยลด PP Consumption ลง 70%"""
item_FusionBody_5#1,"""เพิ่ม Damage 10%<br>เมื่อใช้ PAs หรือ Techniques ตัวเองจะได้รับ Damage<br>แต่จะช่วยลด PP Consumption ลง 100%"""
item_AceSlash_1#1,"""เพิ่ม Damage 10%<br>เมื่อ Gear เต็ม แล้วใช้ Distract Wing<br>จะใช้ Gear เพิ่มเติมเพื่อปล่อยคลื่นดาบโจมตี"""
item_AceSlash_2#1,"""เพิ่ม Damage 12%<br>เมื่อ Gear เต็ม แล้วใช้ Distract Wing<br>จะใช้ Gear เพิ่มเติมเพื่อปล่อยคลื่นดาบโจมตี"""
item_AceSlash_3#1,"""เพิ่ม Damage 15%<br>เมื่อ Gear เต็ม แล้วใช้ Distract Wing<br>จะใช้ Gear เพิ่มเติมเพื่อปล่อยคลื่นดาบโจมตี"""
item_AceSlash_4#1,"""เพิ่ม Damage 18%<br>เมื่อ Gear เต็ม แล้วใช้ Distract Wing<br>จะใช้ Gear เพิ่มเติมเพื่อปล่อยคลื่นดาบโจมตี"""
item_AceSlash_5#1,"""เพิ่ม Damage 21%<br>เมื่อ Gear เต็ม แล้วใช้ Distract Wing<br>จะใช้ Gear เพิ่มเติมเพื่อปล่อยคลื่นดาบโจมตี"""
item_JumpingBonus_1#1,"""เพิ่ม Damage 6%<br>เมื่อใช้งาน One More Jump<br>จะลด PP Consumption ลง 15%<br>ผลบัฟจะหายไปเมื่อลงสู่พื้น"""
item_JumpingBonus_2#1,"""เพิ่ม Damage 8%<br>เมื่อใช้งาน One More Jump<br>จะลด PP Consumption ลง 20%<br>ผลบัฟจะหายไปเมื่อลงสู่พื้น"""
item_JumpingBonus_3#1,"""เพิ่ม Damage 10%<br>เมื่อใช้งาน One More Jump<br>จะลด PP Consumption ลง 25%<br>ผลบัฟจะหายไปเมื่อลงสู่พื้น"""
item_JumpingBonus_4#1,"""เพิ่ม Damage 12%<br>เมื่อใช้งาน One More Jump<br>จะลด PP Consumption ลง 30%<br>ผลบัฟจะหายไปเมื่อลงสู่พื้น"""
item_JumpingBonus_5#1,"""เพิ่ม Damage 14%<br>เมื่อใช้งาน One More Jump<br>จะลด PP Consumption ลง 35%<br>ผลบัฟจะหายไปเมื่อลงสู่พื้น"""
item_BlueDragon_1#1,"""เพิ่ม Damage 4%<br>เมื่อใช้ PA ที่ใช้เกจโจมตีโดนเป้าหมาย<br>จะเพิ่ม Damage ขึ้นอีก และเมื่อใช้โดนเป็นครั้งที่ 3<br>จะได้รับการเสริมพลังอย่างมหาศาล"""
item_BlueDragon_2#1,"""เพิ่ม Damage 6%<br>เมื่อใช้ PA ที่ใช้เกจโจมตีโดนเป้าหมาย<br>จะเพิ่ม Damage ขึ้นอีก และเมื่อใช้โดนเป็นครั้งที่ 3<br>จะได้รับการเสริมพลังอย่างมหาศาล"""
item_BlueDragon_3#1,"""เพิ่ม Damage 8%<br>เมื่อใช้ PA ที่ใช้เกจโจมตีโดนเป้าหมาย<br>จะเพิ่ม Damage ขึ้นอีก และเมื่อใช้โดนเป็นครั้งที่ 3<br>จะได้รับการเสริมพลังอย่างมหาศาล"""
item_BlueDragon_4#1,"""เพิ่ม Damage 10%<br>เมื่อใช้ PA ที่ใช้เกจโจมตีโดนเป้าหมาย<br>จะเพิ่ม Damage ขึ้นอีก และเมื่อใช้โดนเป็นครั้งที่ 3<br>จะได้รับการเสริมพลังอย่างมหาศาล"""
item_BlueDragon_5#1,"""เพิ่ม Damage 12%<br>เมื่อใช้ PA ที่ใช้เกจโจมตีโดนเป้าหมาย<br>จะเพิ่ม Damage ขึ้นอีก และเมื่อใช้โดนเป็นครั้งที่ 3<br>จะได้รับการเสริมพลังอย่างมหาศาล"""
item_JBParryBonus_1#1,"""เพิ่ม Damage 5%<br>ทำให้สามารถทำ Just Guard ได้<br>ในตอนเริ่มต้นใช้งาน PA"""
item_JBParryBonus_2#1,"""เพิ่ม Damage 7%<br>ทำให้สามารถทำ Just Guard ได้<br>ในตอนเริ่มต้นใช้งาน PA"""
item_JBParryBonus_3#1,"""เพิ่ม Damage 9%<br>ทำให้สามารถทำ Just Guard ได้<br>ในตอนเริ่มต้นใช้งาน PA"""
item_JBParryBonus_4#1,"""เพิ่ม Damage 11%<br>ทำให้สามารถทำ Just Guard ได้<br>ในตอนเริ่มต้นใช้งาน PA"""
item_JBParryBonus_5#1,"""เพิ่ม Damage 13%<br>ทำให้สามารถทำ Just Guard ได้<br>ในตอนเริ่มต้นใช้งาน PA"""
item_ComboUpPlus_1#1,"""เมื่อทำ Just Attack สำเร็จอย่างต่อเนื่อง<br>เพิ่ม Damage ที่ทำได้<br>และป้องกันสถานะ Knockback"""
item_ComboUpPlus_2#1,"""เมื่อทำ Just Attack สำเร็จอย่างต่อเนื่อง<br>เพิ่ม Damage ที่ทำได้<br>และป้องกันสถานะ Knockback"""
item_ComboUpPlus_3#1,"""เมื่อทำ Just Attack สำเร็จอย่างต่อเนื่อง<br>เพิ่ม Damage ที่ทำได้<br>และป้องกันสถานะ Knockback"""
item_ComboUpPlus_4#1,"""เมื่อทำ Just Attack สำเร็จอย่างต่อเนื่อง<br>เพิ่ม Damage ที่ทำได้<br>และป้องกันสถานะ Knockback"""
item_ComboUpPlus_5#1,"""เมื่อทำ Just Attack สำเร็จอย่างต่อเนื่อง<br>เพิ่ม Damage ที่ทำได้<br>และป้องกันสถานะ Knockback"""
item_PeriodGearBonus_1#1,"""เพิ่ม Damage 6%<br>เมื่อ Gear อยู่ในระดับที่กำหนด<br>จะเสริมประสิทธิภาพของ Shift Period"""
item_PeriodGearBonus_2#1,"""เพิ่ม Damage 8%<br>เมื่อ Gear อยู่ในระดับที่กำหนด<br>จะเสริมประสิทธิภาพของ Shift Period"""
item_PeriodGearBonus_3#1,"""เพิ่ม Damage 10%<br>เมื่อ Gear อยู่ในระดับที่กำหนด<br>จะเสริมประสิทธิภาพของ Shift Period"""
item_PeriodGearBonus_4#1,"""เพิ่ม Damage 12%<br>เมื่อ Gear อยู่ในระดับที่กำหนด<br>จะเสริมประสิทธิภาพของ Shift Period"""
item_PeriodGearBonus_5#1,"""เพิ่ม Damage 14%<br>เมื่อ Gear อยู่ในระดับที่กำหนด<br>จะเสริมประสิทธิภาพของ Shift Period"""
item_CounterEdgeBonus_1#1,"""เพิ่ม Damage 6%<br>เพิ่ม Damage ของ Counter Edge 15%<br>เมื่อทำ Counter สำเร็จจะเพิ่ม Gear"""
item_CounterEdgeBonus_2#1,"""เพิ่ม Damage 8%<br>เพิ่ม Damage ของ Counter Edge 15%<br>เมื่อทำ Counter สำเร็จจะเพิ่ม Gear"""
item_CounterEdgeBonus_3#1,"""เพิ่ม Damage 10%<br>เพิ่ม Damage ของ Counter Edge 15%<br>เมื่อทำ Counter สำเร็จจะเพิ่ม Gear"""
item_CounterEdgeBonus_4#1,"""เพิ่ม Damage 12%<br>เพิ่ม Damage ของ Counter Edge 15%<br>เมื่อทำ Counter สำเร็จจะเพิ่ม Gear"""
item_CounterEdgeBonus_5#1,"""เพิ่ม Damage 14%<br>เพิ่ม Damage ของ Counter Edge 15%<br>เมื่อทำ Counter สำเร็จจะเพิ่ม Gear"""
item_AllPowerUp2_1#1,"""เพิ่ม Damage 8%<br>และเพิ่ม Critical Hit Rate 10%"""
item_AllPowerUp2_2#1,"""เพิ่ม Damage 11%<br>และเพิ่ม Critical Hit Rate 15%"""
item_AllPowerUp2_3#1,"""เพิ่ม Damage 14%<br>และเพิ่ม Critical Hit Rate 20%"""
item_AllPowerUp2_4#1,"""เพิ่ม Damage 17%<br>และเพิ่ม Critical Hit Rate 25%"""
item_AllPowerUp2_5#1,"""เพิ่ม Damage 20%<br>และเพิ่ม Critical Hit Rate 30%"""
item_AllPowerUp2_Su_1#1,"""เพิ่ม Damage 1%<br>และเพิ่ม Critical Hit Rate 10%"""
item_AllPowerUp2_Su_2#1,"""เพิ่ม Damage 2%<br>และเพิ่ม Critical Hit Rate 15%"""
item_AllPowerUp2_Su_3#1,"""เพิ่ม Damage 3%<br>และเพิ่ม Critical Hit Rate 20%"""
item_AllPowerUp2_Su_4#1,"""เพิ่ม Damage 4%<br>และเพิ่ม Critical Hit Rate 25%"""
item_AllPowerUp2_Su_5#1,"""เพิ่ม Damage 5%<br>และเพิ่ม Critical Hit Rate 30%"""
item_EraserSpeedUp_1#1,"""เพิ่ม Damage 6%<br>เพิ่มความเร็วในการโจมตีปกติ<br>และความเร็วในการใช้งาน Sphere Eraser"""
item_EraserSpeedUp_2#1,"""เพิ่ม Damage 8%<br>เพิ่มความเร็วในการโจมตีปกติ<br>และความเร็วในการใช้งาน Sphere Eraser"""
item_EraserSpeedUp_3#1,"""เพิ่ม Damage 10%<br>เพิ่มความเร็วในการโจมตีปกติ<br>และความเร็วในการใช้งาน Sphere Eraser"""
item_EraserSpeedUp_4#1,"""เพิ่ม Damage 12%<br>เพิ่มความเร็วในการโจมตีปกติ<br>และความเร็วในการใช้งาน Sphere Eraser"""
item_EraserSpeedUp_5#1,"""เพิ่ม Damage 14%<br>เพิ่มความเร็วในการโจมตีปกติ<br>และความเร็วในการใช้งาน Sphere Eraser"""
item_TimeChangeMode_1#1,"""เพิ่ม Damage 8%<br>ได้รับผลบัฟเสริมพลัง<br>ที่จะเปลี่ยนไปตามระยะเวลา"""
item_TimeChangeMode_2#1,"""เพิ่ม Damage 9%<br>ได้รับผลบัฟเสริมพลัง<br>ที่จะเปลี่ยนไปตามระยะเวลา"""
item_TimeChangeMode_3#1,"""เพิ่ม Damage 10%<br>ได้รับผลบัฟเสริมพลัง<br>ที่จะเปลี่ยนไปตามระยะเวลา"""
item_TimeChangeMode_4#1,"""เพิ่ม Damage 11%<br>ได้รับผลบัฟเสริมพลัง<br>ที่จะเปลี่ยนไปตามระยะเวลา"""
item_TimeChangeMode_5#1,"""เพิ่ม Damage 12%<br>ได้รับผลบัฟเสริมพลัง<br>ที่จะเปลี่ยนไปตามระยะเวลา"""
item_PpPurgeBurst_1#1,"""หากใช้ PAs หรือ Techniques ในขณะที่ PP เต็ม<br>PP จะกลายเป็น 0 แต่จะลด PP Consumption<br>และได้รับ PP Super Recovery จนกว่า PP จะกลับมาเต็ม"""
item_PpPurgeBurst_2#1,"""หากใช้ PAs หรือ Techniques ในขณะที่ PP เต็ม<br>PP จะกลายเป็น 0 แต่จะลด PP Consumption<br>และได้รับ PP Super Recovery จนกว่า PP จะกลับมาเต็ม"""
item_PpPurgeBurst_3#1,"""หากใช้ PAs หรือ Techniques ในขณะที่ PP เต็ม<br>PP จะกลายเป็น 0 แต่จะลด PP Consumption<br>และได้รับ PP Super Recovery จนกว่า PP จะกลับมาเต็ม"""
item_PpPurgeBurst_4#1,"""หากใช้ PAs หรือ Techniques ในขณะที่ PP เต็ม<br>PP จะกลายเป็น 0 แต่จะลด PP Consumption<br>และได้รับ PP Super Recovery จนกว่า PP จะกลับมาเต็ม"""
item_PpPurgeBurst_5#1,"""หากใช้ PAs หรือ Techniques ในขณะที่ PP เต็ม<br>PP จะกลายเป็น 0 แต่จะลด PP Consumption<br>และได้รับ PP Super Recovery จนกว่า PP จะกลับมาเต็ม"""
item_DamageStorage_1#1,"""เพิ่ม Damage 9% และเพิ่ม PP Automatic Recovery<br>ตัวจะได้รับ Damage เป็นระยะๆ<br>และเมื่อได้รับ Damage ถึงจุดหนึ่ง จะเพิ่ม PP Automatic Recovery ขึ้นอีก"""
item_DamageStorage_2#1,"""เพิ่ม Damage 12% และเพิ่ม PP Automatic Recovery<br>ตัวจะได้รับ Damage เป็นระยะๆ<br>และเมื่อได้รับ Damage ถึงจุดหนึ่ง จะเพิ่ม PP Automatic Recovery ขึ้นอีก"""
item_DamageStorage_3#1,"""เพิ่ม Damage 15% และเพิ่ม PP Automatic Recovery<br>ตัวจะได้รับ Damage เป็นระยะๆ<br>และเมื่อได้รับ Damage ถึงจุดหนึ่ง จะเพิ่ม PP Automatic Recovery ขึ้นอีก"""
item_DamageStorage_4#1,"""เพิ่ม Damage 18% และเพิ่ม PP Automatic Recovery<br>ตัวจะได้รับ Damage เป็นระยะๆ<br>และเมื่อได้รับ Damage ถึงจุดหนึ่ง จะเพิ่ม PP Automatic Recovery ขึ้นอีก"""
item_DamageStorage_5#1,"""เพิ่ม Damage 21% และเพิ่ม PP Automatic Recovery<br>ตัวจะได้รับ Damage เป็นระยะๆ<br>และเมื่อได้รับ Damage ถึงจุดหนึ่ง จะเพิ่ม PP Automatic Recovery ขึ้นอีก"""
item_MasterPartisan_1#1,"""เพิ่ม Damage 8% และเพิ่มคลื่นดาบในการโจมตีปกติ<br>คลื่นดาบจะมีเอฟเฟกต์ต่างกัน<br>ระหว่างตอนที่ HP เต็ม และตอนที่ HP ลดลง"""
item_MasterPartisan_2#1,"""เพิ่ม Damage 10% และเพิ่มคลื่นดาบในการโจมตีปกติ<br>คลื่นดาบจะมีเอฟเฟกต์ต่างกัน<br>ระหว่างตอนที่ HP เต็ม และตอนที่ HP ลดลง"""
item_MasterPartisan_3#1,"""เพิ่ม Damage 12% และเพิ่มคลื่นดาบในการโจมตีปกติ<br>คลื่นดาบจะมีเอฟเฟกต์ต่างกัน<br>ระหว่างตอนที่ HP เต็ม และตอนที่ HP ลดลง"""
item_MasterPartisan_4#1,"""เพิ่ม Damage 14% และเพิ่มคลื่นดาบในการโจมตีปกติ<br>คลื่นดาบจะมีเอฟเฟกต์ต่างกัน<br>ระหว่างตอนที่ HP เต็ม และตอนที่ HP ลดลง"""
item_MasterPartisan_5#1,"""เพิ่ม Damage 16% และเพิ่มคลื่นดาบในการโจมตีปกติ<br>คลื่นดาบจะมีเอฟเฟกต์ต่างกัน<br>ระหว่างตอนที่ HP เต็ม และตอนที่ HP ลดลง"""
item_BuffDouble_1#1,"""เมื่อใช้งาน Shifta จะได้รับผลของ Deband ด้วย<br>และจะช่วยลด PP Consumption ของ Shifta ลง"""
item_BuffDouble_2#1,"""เมื่อใช้งาน Shifta จะได้รับผลของ Deband ด้วย<br>และจะช่วยลด PP Consumption ของ Shifta ลง"""
item_BuffDouble_3#1,"""เมื่อใช้งาน Shifta จะได้รับผลของ Deband ด้วย<br>และจะช่วยลด PP Consumption ของ Shifta ลง"""
item_BuffDouble_4#1,"""เมื่อใช้งาน Shifta จะได้รับผลของ Deband ด้วย<br>และจะช่วยลด PP Consumption ของ Shifta ลง"""
item_BuffDouble_5#1,"""เมื่อใช้งาน Shifta จะได้รับผลของ Deband ด้วย<br>และจะช่วยลด PP Consumption ของ Shifta ลง"""
item_AttackChargeBonus_1#1,"""เพิ่ม Damage 6%<br>ฟื้นฟู HP และ PP เมื่อเก็บอาวุธ<br>โดยคำนวณจากปริมาณ Damage ที่ทำได้ในขณะชักอาวุธ"""
item_AttackChargeBonus_2#1,"""เพิ่ม Damage 8%<br>ฟื้นฟู HP และ PP เมื่อเก็บอาวุธ<br>โดยคำวณจากปริมาณ Damage ที่ทำได้ในขณะชักอาวุธ"""
item_AttackChargeBonus_3#1,"""เพิ่ม Damage 10%<br>ฟื้นฟู HP และ PP เมื่อเก็บอาวุธ<br>โดยคำนวณจากปริมาณ Damage ที่ทำได้ในขณะชักอาวุธ"""
item_AttackChargeBonus_4#1,"""เพิ่ม Damage 12%<br>ฟื้นฟู HP และ PP เมื่อเก็บอาวุธ<br>โดยคำนวณจากปริมาณ Damage ที่ทำได้ในขณะชักอาวุธ"""
item_AttackChargeBonus_5#1,"""เพิ่ม Damage 14%<br>ฟื้นฟู HP และ PP เมื่อเก็บอาวุธ<br>โดยคำนวณจากปริมาณ Damage ที่ทำได้ในขณะชักอาวุธ"""
item_DefensiveTortoise_1#1,"""เพิ่ม Damage 6%<br>ลด Damage ที่ได้รับลง 10%<br>และเพิ่มระดับความทนทาน (Super Armor)"""
item_DefensiveTortoise_2#1,"""เพิ่ม Damage 7%<br>ลด Damage ที่ได้รับลง 15%<br>และเพิ่มระดับความทนทาน (Super Armor)"""
item_DefensiveTortoise_3#1,"""เพิ่ม Damage 8%<br>ลด Damage ที่ได้รับลง 20%<br>และเพิ่มระดับความทนทาน (Super Armor)"""
item_DefensiveTortoise_4#1,"""เพิ่ม Damage 9%<br>ลด Damage ที่ได้รับลง 25%<br>และเพิ่มระดับความทนทาน (Super Armor)"""
item_DefensiveTortoise_5#1,"""เพิ่ม Damage 10%<br>ลด Damage ที่ได้รับลง 30%<br>และเพิ่มระดับความทนทาน (Super Armor)"""
item_SpinFeather_1#1,"""เพิ่ม Damage 6%<br>หลังจากทำ Guard ด้วย Spin สำเร็จ<br>จะเพิ่มการโจมตีระยะไกลให้กับการโจมตีปกติหลายครั้ง"""
item_SpinFeather_2#1,"""เพิ่ม Damage 8%<br>หลังจากทำ Guard ด้วย Spin สำเร็จ<br>จะเพิ่มการโจมตีระยะไกลให้กับการโจมตีปกติหลายครั้ง"""
item_SpinFeather_3#1,"""เพิ่ม Damage 10%<br>หลังจากทำ Guard ด้วย Spin สำเร็จ<br>จะเพิ่มการโจมตีระยะไกลให้กับการโจมตีปกติหลายครั้ง"""
item_SpinFeather_4#1,"""เพิ่ม Damage 12%<br>หลังจากทำ Guard ด้วย Spin สำเร็จ<br>จะเพิ่มการโจมตีระยะไกลให้กับการโจมตีปกติหลายครั้ง"""
item_SpinFeather_5#1,"""เพิ่ม Damage 14%<br>หลังจากทำ Guard ด้วย Spin สำเร็จ<br>จะเพิ่มการโจมตีระยะไกลให้กับการโจมตีปกติหลายครั้ง"""
item_WindRangeWide_1#1,"""เพิ่ม Damage 6%<br>เมื่อใช้ Vinto Gigue ความเร็วในการเข้าสู่ช่วง派生 (Derived) จะเพิ่มขึ้น<br>และขยายระยะเอฟเฟกต์เมื่อใช้งาน Vinto Gigue แบบ Derived"""
item_WindRangeWide_2#1,"""เพิ่ม Damage 7%<br>เมื่อใช้ Vinto Gigue ความเร็วในการเข้าสู่ช่วง派生 (Derived) จะเพิ่มขึ้น<br>และขยายระยะเอฟเฟกต์เมื่อใช้งาน Vinto Gigue แบบ Derived"""
item_WindRangeWide_3#1,"""เพิ่ม Damage 8%<br>เมื่อใช้ Vinto Gigue ความเร็วในการเข้าสู่ช่วง派生 (Derived) จะเพิ่มขึ้น<br>และขยายระยะเอฟเฟกต์เมื่อใช้งาน Vinto Gigue แบบ Derived"""
item_WindRangeWide_4#1,"""เพิ่ม Damage 9%<br>เมื่อใช้ Vinto Gigue ความเร็วในการเข้าสู่ช่วง派生 (Derived) จะเพิ่มขึ้น<br>และขยายระยะเอฟเฟกต์เมื่อใช้งาน Vinto Gigue แบบ Derived"""
item_WindRangeWide_5#1,"""เพิ่ม Damage 10%<br>เมื่อใช้ Vinto Gigue ความเร็วในการเข้าสู่ช่วง派生 (Derived) จะเพิ่มขึ้น<br>และขยายระยะเอฟเฟกต์เมื่อใช้งาน Vinto Gigue แบบ Derived"""
item_IntensiveAdvance2_1#1,"""เพิ่ม Damage 18%<br>เสริมพลัง Hero Boost<br>และเพิ่มความเร็วในการเพิ่มขึ้นของ Damage"""
item_IntensiveAdvance2_2#1,"""เพิ่ม Damage 20%<br>เสริมพลัง Hero Boost<br>และเพิ่มความเร็วในการเพิ่มขึ้นของ Damage"""
item_IntensiveAdvance2_3#1,"""เพิ่ม Damage 22%<br>เสริมพลัง Hero Boost<br>และเพิ่มความเร็วในการเพิ่มขึ้นของ Damage"""
item_IntensiveAdvance2_4#1,"""เพิ่ม Damage 24%<br>เสริมพลัง Hero Boost<br>และเพิ่มความเร็วในการเพิ่มขึ้นของ Damage"""
item_IntensiveAdvance2_5#1,"""เพิ่ม Damage 26%<br>เสริมพลัง Hero Boost<br>และเพิ่มความเร็วในการเพิ่มขึ้นของ Damage"""
item_PartisanPPreload2_1#1,"""เพิ่ม Damage 16%<br>เพิ่มปริมาณ PP Recovery ขณะ Guard<br>เมื่อ Gear เต็ม จะไม่ใช้ Gear ขณะอยู่กลางอากาศ"""
item_PartisanPPreload2_2#1,"""เพิ่ม Damage 18%<br>เพิ่มปริมาณ PP Recovery ขณะ Guard<br>เมื่อ Gear เต็ม จะไม่ใช้ Gear ขณะอยู่กลางอากาศ"""
item_PartisanPPreload2_3#1,"""เพิ่ม Damage 20%<br>เพิ่มปริมาณ PP Recovery ขณะ Guard<br>เมื่อ Gear เต็ม จะไม่ใช้ Gear ขณะอยู่กลางอากาศ"""
item_PartisanPPreload2_4#1,"""เพิ่ม Damage 22%<br>เพิ่มปริมาณ PP Recovery ขณะ Guard<br>เมื่อ Gear เต็ม จะไม่ใช้ Gear ขณะอยู่กลางอากาศ"""
item_PartisanPPreload2_5#1,"""เพิ่ม Damage 24%<br>เพิ่มปริมาณ PP Recovery ขณะ Guard<br>เมื่อ Gear เต็ม จะไม่ใช้ Gear ขณะอยู่กลางอากาศ"""
item_MeteorCounter2_1#1,"""เพิ่ม Damage 16%<br>เมื่อหลบหลีกด้วย Sway สำเร็จ<br>จะทิ้งหมัดยักษ์ลงมาโจมตี"""
item_MeteorCounter2_2#1,"""เพิ่ม Damage 18%<br>เมื่อหลบหลีกด้วย Sway สำเร็จ<br>จะทิ้งหมัดยักษ์ลงมาโจมตี"""
item_MeteorCounter2_3#1,"""เพิ่ม Damage 20%<br>เมื่อหลบหลีกด้วย Sway สำเร็จ<br>จะทิ้งหมัดยักษ์ลงมาโจมตี"""
item_MeteorCounter2_4#1,"""เพิ่ม Damage 22%<br>เมื่อหลบหลีกด้วย Sway สำเร็จ<br>จะทิ้งหมัดยักษ์ลงมาโจมตี"""
item_MeteorCounter2_5#1,"""เพิ่ม Damage 24%<br>เมื่อหลบหลีกด้วย Sway สำเร็จ<br>จะทิ้งหมัดยักษ์ลงมาโจมตี"""
item_EscapePpInfinity2_1#1,"""เพิ่ม Damage 16%<br>เมื่อหลบด้วย S-Roll หรือ Step สำเร็จ<br>จะได้รับบัฟ PP Recovery (หายเมื่อโดน Damage)"""
item_EscapePpInfinity2_2#1,"""เพิ่ม Damage 18%<br>เมื่อหลบด้วย S-Roll หรือ Step สำเร็จ<br>จะได้รับบัฟ PP Recovery (หายเมื่อโดน Damage)"""
item_EscapePpInfinity2_3#1,"""เพิ่ม Damage 20%<br>เมื่อหลบด้วย S-Roll หรือ Step สำเร็จ<br>จะได้รับบัฟ PP Recovery (หายเมื่อโดน Damage)"""
item_EscapePpInfinity2_4#1,"""เพิ่ม Damage 22%<br>เมื่อหลบด้วย S-Roll หรือ Step สำเร็จ<br>จะได้รับบัฟ PP Recovery (หายเมื่อโดน Damage)"""
item_EscapePpInfinity2_5#1,"""เพิ่ม Damage 24%<br>เมื่อหลบด้วย S-Roll หรือ Step สำเร็จ<br>จะได้รับบัฟ PP Recovery (หายเมื่อโดน Damage)"""
item_AutoElementalBurst2_1#1,"""เพิ่ม Damage 18%<br>เสริมพลัง Elemental Burst<br>และจะทำงานอัตโนมัติเมื่อใช้ Derived PA"""
item_AutoElementalBurst2_2#1,"""เพิ่ม Damage 19%<br>เสริมพลัง Elemental Burst<br>และจะทำงานอัตโนมัติเมื่อใช้ Derived PA"""
item_AutoElementalBurst2_3#1,"""เพิ่ม Damage 20%<br>เสริมพลัง Elemental Burst<br>และจะทำงานอัตโนมัติเมื่อใช้ Derived PA"""
item_AutoElementalBurst2_4#1,"""เพิ่ม Damage 21%<br>เสริมพลัง Elemental Burst<br>และจะทำงานอัตโนมัติเมื่อใช้ Derived PA"""
item_AutoElementalBurst2_5#1,"""เพิ่ม Damage 22%<br>เสริมพลัง Elemental Burst<br>และจะทำงานอัตโนมัติเมื่อใช้ Derived PA"""
item_ChargeSkip_1#1,"""เพิ่ม Damage 6%<br>เมื่อเก็บอาวุธตามระยะเวลาที่กำหนด<br>Normal Attack และ PA จะไม่ต้องใช้เวลาชาร์จ<br>จำกัดเพียง 3 ครั้ง"""
item_ChargeSkip_2#1,"""เพิ่ม Damage 8%<br>เมื่อเก็บอาวุธตามระยะเวลาที่กำหนด<br>Normal Attack และ PA จะไม่ต้องใช้เวลาชาร์จ<br>จำกัดเพียง 3 ครั้ง"""
item_ChargeSkip_3#1,"""เพิ่ม Damage 10%<br>เมื่อเก็บอาวุธตามระยะเวลาที่กำหนด<br>Normal Attack และ PA จะไม่ต้องใช้เวลาชาร์จ<br>จำกัดเพียง 3 ครั้ง"""
item_ChargeSkip_4#1,"""เพิ่ม Damage 12%<br>เมื่อเก็บอาวุธตามระยะเวลาที่กำหนด<br>Normal Attack และ PA จะไม่ต้องใช้เวลาชาร์จ<br>จำกัดเพียง 3 ครั้ง"""
item_ChargeSkip_5#1,"""เพิ่ม Damage 14%<br>เมื่อเก็บอาวุธตามระยะเวลาที่กำหนด<br>Normal Attack และ PA จะไม่ต้องใช้เวลาชาร์จ<br>จำกัดเพียง 3 ครั้ง"""
item_DoubleTecCharge_1#1,"""เพิ่ม Damage 1%<br>เมื่อใช้ Techniques แล้วทำ JA<br>ด้วย Techniques ธาตุเดียวกัน<br>ระยะเวลาชาร์จจะลดลงอย่างมาก 1 ครั้ง"""
item_DoubleTecCharge_2#1,"""เพิ่ม Damage 2%<br>เมื่อใช้ Techniques แล้วทำ JA<br>ด้วย Techniques ธาตุเดียวกัน<br>ระยะเวลาชาร์จจะลดลงอย่างมาก 1 ครั้ง"""
item_DoubleTecCharge_3#1,"""เพิ่ม Damage 3%<br>เมื่อใช้ Techniques แล้วทำ JA<br>ด้วย Techniques ธาตุเดียวกัน<br>ระยะเวลาชาร์จจะลดลงอย่างมาก 1 ครั้ง"""
item_DoubleTecCharge_4#1,"""เพิ่ม Damage 4%<br>เมื่อใช้ Techniques แล้วทำ JA<br>ด้วย Techniques ธาตุเดียวกัน<br>ระยะเวลาชาร์จจะลดลงอย่างมาก 1 ครั้ง"""
item_DoubleTecCharge_5#1,"""เพิ่ม Damage 5%<br>เมื่อใช้ Techniques แล้วทำ JA<br>ด้วย Techniques ธาตุเดียวกัน<br>ระยะเวลาชาร์จจะลดลงอย่างมาก 1 ครั้ง"""
item_ExplosionWeapon_1#1,"""เพิ่ม Damage 6%<br>หลังจากเริ่มเควสต์ 30 วินาที<br>Normal Attack ครั้งแรกจะสร้างระเบิดขนาดใหญ่<br>ทำ Damage มหาศาลใส่ศัตรูรอบข้าง<br>หลังจากระเบิดจะทำ Damage ได้แค่ 1!"""
item_ExplosionWeapon_2#1,"""เพิ่ม Damage 7%<br>หลังจากเริ่มเควสต์ 30 วินาที<br>Normal Attack ครั้งแรกจะสร้างระเบิดขนาดใหญ่<br>ทำ Damage มหาศาลใส่ศัตรูรอบข้าง<br>หลังจากระเบิดจะทำ Damage ได้แค่ 1!"""
item_ExplosionWeapon_3#1,"""เพิ่ม Damage 8%<br>หลังจากเริ่มเควสต์ 30 วินาที<br>Normal Attack ครั้งแรกจะสร้างระเบิดขนาดใหญ่<br>ทำ Damage มหาศาลใส่ศัตรูรอบข้าง<br>หลังจากระเบิดจะทำ Damage ได้แค่ 1!"""
item_ExplosionWeapon_4#1,"""เพิ่ม Damage 9%<br>หลังจากเริ่มเควสต์ 30 วินาที<br>Normal Attack ครั้งแรกจะสร้างระเบิดขนาดใหญ่<br>ทำ Damage มหาศาลใส่ศัตรูรอบข้าง<br>หลังจากระเบิดจะทำ Damage ได้แค่ 1!"""
item_ExplosionWeapon_5#1,"""เพิ่ม Damage 10%<br>หลังจากเริ่มเควสต์ 30 วินาที<br>Normal Attack ครั้งแรกจะสร้างระเบิดขนาดใหญ่<br>ทำ Damage มหาศาลใส่ศัตรูรอบข้าง<br>หลังจากระเบิดจะทำ Damage ได้แค่ 1!"""
item_AtpRateOnlySu_1#1,"""เพิ่ม Damage ขึ้น 1%"""
item_AtpRateOnlySu_2#1,"""เพิ่ม Damage ขึ้น 2%"""
item_AtpRateOnlySu_3#1,"""เพิ่ม Damage ขึ้น 3%"""
item_AtpRateOnlySu_4#1,"""เพิ่ม Damage ขึ้น 4%"""
item_AtpRateOnlySu_5#1,"""เพิ่ม Damage ขึ้น 5%"""
item_PetWillHeal_1#1,"""เพิ่ม Damage 4%<br>Pet รอดพ้นจาก<br>ความเสียหายถึงตายได้ 1 ครั้ง<br>และค่อยๆ ฟื้นฟู HP หลังจากที่ผลทำงาน"""
item_PetWillHeal_2#1,"""เพิ่ม Damage 5%<br>Pet รอดพ้นจาก<br>ความเสียหายถึงตายได้ 1 ครั้ง<br>และค่อยๆ ฟื้นฟู HP หลังจากที่ผลทำงาน"""
item_PetWillHeal_3#1,"""เพิ่ม Damage 6%<br>Pet รอดพ้นจาก<br>ความเสียหายถึงตายได้ 1 ครั้ง<br>และค่อยๆ ฟื้นฟู HP หลังจากที่ผลทำงาน"""
item_PetWillHeal_4#1,"""เพิ่ม Damage 7%<br>Pet รอดพ้นจาก<br>ความเสียหายถึงตายได้ 1 ครั้ง<br>และค่อยๆ ฟื้นฟู HP หลังจากที่ผลทำงาน"""
item_PetWillHeal_5#1,"""เพิ่ม Damage 8%<br>Pet รอดพ้นจาก<br>ความเสียหายถึงตายได้ 1 ครั้ง<br>และค่อยๆ ฟื้นฟู HP หลังจากที่ผลทำงาน"""
item_Jiryunokei_1#1,"""เพิ่ม Damage 9%<br>หยุดการทำงานของ PP Automatic Recovery<br>แต่จะฟื้นฟู PP<br>5 หน่วยทุกๆ 1 วินาทีแทน"""
item_Jiryunokei_2#1,"""เพิ่ม Damage 11%<br>หยุดการทำงานของ PP Automatic Recovery<br>แต่จะฟื้นฟู PP<br>5 หน่วยทุกๆ 1 วินาทีแทน"""
item_Jiryunokei_3#1,"""เพิ่ม Damage 13%<br>หยุดการทำงานของ PP Automatic Recovery<br>แต่จะฟื้นฟู PP<br>5 หน่วยทุกๆ 1 วินาทีแทน"""
item_Jiryunokei_4#1,"""เพิ่ม Damage 15%<br>หยุดการทำงานของ PP Automatic Recovery<br>แต่จะฟื้นฟู PP<br>5 หน่วยทุกๆ 1 วินาทีแทน"""
item_Jiryunokei_5#1,"""เพิ่ม Damage 17%<br>หยุดการทำงานของ PP Automatic Recovery<br>แต่จะฟื้นฟู PP<br>5 หน่วยทุกๆ 1 วินาทีแทน"""
item_Jiryunokei2_1#1,"""คำอธิบาย Unset Potential"""
item_Jiryunokei2_2#1,"""คำอธิบาย Unset Potential"""
item_Jiryunokei2_3#1,"""คำอธิบาย Unset Potential"""
item_Jiryunokei2_4#1,"""คำอธิบาย Unset Potential"""
item_Jiryunokei2_5#1,"""คำอธิบาย Unset Potential"""
item_Jiryunokei_Su_1#1,"""เพิ่ม Damage 4%<br>ฟื้นฟู PP 2 หน่วย<br>ทุกๆ 1 วินาที"""
item_Jiryunokei_Su_2#1,"""เพิ่ม Damage 5%<br>ฟื้นฟู PP 2 หน่วย<br>ทุกๆ 1 วินาที"""
item_Jiryunokei_Su_3#1,"""เพิ่ม Damage 6%<br>ฟื้นฟู PP 2 หน่วย<br>ทุกๆ 1 วินาที"""
item_Jiryunokei_Su_4#1,"""เพิ่ม Damage 7%<br>ฟื้นฟู PP 2 หน่วย<br>ทุกๆ 1 วินาที"""
item_Jiryunokei_Su_5#1,"""เพิ่ม Damage 8%<br>ฟื้นฟู PP 2 หน่วย<br>ทุกๆ 1 วินาที"""
item_Jiryunokei_Su2_1#1,"""คำอธิบาย Unset Potential"""
item_Jiryunokei_Su2_2#1,"""คำอธิบาย Unset Potential"""
item_Jiryunokei_Su2_3#1,"""คำอธิบาย Unset Potential"""
item_Jiryunokei_Su2_4#1,"""คำอธิบาย Unset Potential"""
item_Jiryunokei_Su2_5#1,"""คำอธิบาย Unset Potential"""
item_ConfidenceRisk_1#1,"""เพิ่ม Damage 6%<br>และเพิ่ม Damage ที่ได้รับขึ้น 70%<br>หากตัวละครตาย (Incapacitated)<br>จนกว่าจะจบเควสต์<br>ผลบัฟข้างต้นจะหายไป"""
item_ConfidenceRisk_2#1,"""เพิ่ม Damage 8%<br>และเพิ่ม Damage ที่ได้รับขึ้น 60%<br>หากตัวละครตาย (Incapacitated)<br>จนกว่าจะจบเควสต์<br>ผลบัฟข้างต้นจะหายไป"""
item_ConfidenceRisk_3#1,"""เพิ่ม Damage 10%<br>และเพิ่ม Damage ที่ได้รับขึ้น 50%<br>หากตัวละครตาย (Incapacitated)<br>จนกว่าจะจบเควสต์<br>ผลบัฟข้างต้นจะหายไป"""
item_ConfidenceRisk_4#1,"""เพิ่ม Damage 12%<br>และเพิ่ม Damage ที่ได้รับขึ้น 40%<br>หากตัวละครตาย (Incapacitated)<br>จนกว่าจะจบเควสต์<br>ผลบัฟข้างต้นจะหายไป"""
item_ConfidenceRisk_5#1,"""เพิ่ม Damage 14%<br>และเพิ่ม Damage ที่ได้รับขึ้น 30%<br>หากตัวละครตาย (Incapacitated)<br>จนกว่าจะจบเควสต์<br>ผลบัฟข้างต้นจะหายไป"""
item_RedBird_1#1,"""ความเร็วในการโจมตีจะค่อยๆ<br>เพิ่มขึ้นตามระยะเวลา<br>หากได้รับ Damage เกิน 10%<br>ของ Max HP<br>ความเร็วในการโจมตีจะถูกรีเซ็ต"""
item_RedBird_2#1,"""ความเร็วในการโจมตีจะค่อยๆ<br>เพิ่มขึ้นตามระยะเวลา<br>หากได้รับ Damage เกิน 10%<br>ของ Max HP<br>ความเร็วในการโจมตีจะถูกรีเซ็ต"""
item_RedBird_3#1,"""ความเร็วในการโจมตีจะค่อยๆ<br>เพิ่มขึ้นตามระยะเวลา<br>หากได้รับ Damage เกิน 10%<br>ของ Max HP<br>ความเร็วในการโจมตีจะถูกรีเซ็ต"""
item_RedBird_4#1,"""ความเร็วในการโจมตีจะค่อยๆ<br>เพิ่มขึ้นตามระยะเวลา<br>หากได้รับ Damage เกิน 10%<br>ของ Max HP<br>ความเร็วในการโจมตีจะถูกรีเซ็ต"""
item_RedBird_5#1,"""ความเร็วในการโจมตีจะค่อยๆ<br>เพิ่มขึ้นตามระยะเวลา<br>หากได้รับ Damage เกิน 10%<br>ของ Max HP<br>ความเร็วในการโจมตีจะถูกรีเซ็ต"""
item_ReBirthGift_1#1,"""เพิ่ม Damage 6%<br>หากสมาชิกปาร์ตี้ตาย<br>เมื่อผ่านไป 3 วินาที จะใช้ HP ตนเอง<br>50% เพื่อชุบชีวิตทุกคน<br>มีระยะเวลา Recast 300 วินาที"""
item_ReBirthGift_2#1,"""เพิ่ม Damage 8%<br>หากสมาชิกปาร์ตี้ตาย<br>เมื่อผ่านไป 3 วินาที จะใช้ HP ตนเอง<br>50% เพื่อชุบชีวิตทุกคน<br>มีระยะเวลา Recast 300 วินาที"""
item_ReBirthGift_3#1,"""เพิ่ม Damage 10%<br>หากสมาชิกปาร์ตี้ตาย<br>เมื่อผ่านไป 3 วินาที จะใช้ HP ตนเอง<br>50% เพื่อชุบชีวิตทุกคน<br>มีระยะเวลา Recast 300 วินาที"""
item_ReBirthGift_4#1,"""เพิ่ม Damage 12%<br>หากสมาชิกปาร์ตี้ตาย<br>เมื่อผ่านไป 3 วินาที จะใช้ HP ตนเอง<br>50% เพื่อชุบชีวิตทุกคน<br>มีระยะเวลา Recast 300 วินาที"""
item_ReBirthGift_5#1,"""เพิ่ม Damage 14%<br>หากสมาชิกปาร์ตี้ตาย<br>เมื่อผ่านไป 3 วินาที จะใช้ HP ตนเอง<br>50% เพื่อชุบชีวิตทุกคน<br>มีระยะเวลา Recast 300 วินาที"""
item_WhiteTiger_1#1,"""ลด Damage ของ Normal Attack ลง<br>แต่จะเกิดการโจมตีเสริมใส่เป้าหมาย<br>เมื่อใช้ Normal Attack แทน<br>เมื่อ PP ลดลง Damage ของการโจมตีเสริม<br>และ Normal Attack จะเพิ่มขึ้น"""
item_WhiteTiger_2#1,"""ลด Damage ของ Normal Attack ลง<br>แต่จะเกิดการโจมตีเสริมใส่เป้าหมาย<br>เมื่อใช้ Normal Attack แทน<br>เมื่อ PP ลดลง Damage ของการโจมตีเสริม<br>และ Normal Attack จะเพิ่มขึ้น"""
item_WhiteTiger_3#1,"""ลด Damage ของ Normal Attack ลง<br>แต่จะเกิดการโจมตีเสริมใส่เป้าหมาย<br>เมื่อใช้ Normal Attack แทน<br>เมื่อ PP ลดลง Damage ของการโจมตีเสริม<br>และ Normal Attack จะเพิ่มขึ้น"""
item_WhiteTiger_4#1,"""ลด Damage ของ Normal Attack ลง<br>แต่จะเกิดการโจมตีเสริมใส่เป้าหมาย<br>เมื่อใช้ Normal Attack แทน<br>เมื่อ PP ลดลง Damage ของการโจมตีเสริม<br>และ Normal Attack จะเพิ่มขึ้น"""
item_WhiteTiger_5#1,"""ลด Damage ของ Normal Attack ลง<br>แต่จะเกิดการโจมตีเสริมใส่เป้าหมาย<br>เมื่อใช้ Normal Attack แทน<br>เมื่อ PP ลดลง Damage ของการโจมตีเสริม<br>และ Normal Attack จะเพิ่มขึ้น"""
item_AllPowerUp3_1#1,"""เพิ่ม Critical Hit Rate 10%<br>และเพิ่ม Damage 10%<br>ลด PP Consumption ลง 10%"""
item_AllPowerUp3_2#1,"""เพิ่ม Critical Hit Rate 15%<br>และเพิ่ม Damage 13%<br>ลด PP Consumption ลง 12%"""
item_AllPowerUp3_3#1,"""เพิ่ม Critical Hit Rate 20%<br>และเพิ่ม Damage 16%<br>ลด PP Consumption ลง 15%"""
item_AllPowerUp3_4#1,"""เพิ่ม Critical Hit Rate 25%<br>และเพิ่ม Damage 19%<br>ลด PP Consumption ลง 19%"""
item_AllPowerUp3_5#1,"""เพิ่ม Critical Hit Rate 30%<br>และเพิ่ม Damage 22%<br>ลด PP Consumption ลง 24%"""
item_AllPowerUp3_Su_1#1,"""เพิ่ม Critical Hit Rate 10%<br>และเพิ่ม Damage 4%<br>ลด PP Consumption ลง 15%"""
item_AllPowerUp3_Su_2#1,"""เพิ่ม Critical Hit Rate 15%<br>และเพิ่ม Damage 6%<br>ลด PP Consumption ลง 17%"""
item_AllPowerUp3_Su_3#1,"""เพิ่ม Critical Hit Rate 20%<br>และเพิ่ม Damage 8%<br>ลด PP Consumption ลง 20%"""
item_AllPowerUp3_Su_4#1,"""เพิ่ม Critical Hit Rate 25%<br>และเพิ่ม Damage 10%<br>ลด PP Consumption ลง 24%"""
item_AllPowerUp3_Su_5#1,"""เพิ่ม Critical Hit Rate 30%<br>และเพิ่ม Damage 12%<br>ลด PP Consumption ลง 29%"""
item_EtCoherencePU_1#1,"""เพิ่ม Damage 8%<br>เพิ่มปริมาณการฟื้นฟู<br>เมื่อสกิล Just Guard PP Yell ทำงาน<br>ขึ้นอีก 5"""
item_EtCoherencePU_2#1,"""เพิ่ม Damage 10%<br>เพิ่มปริมาณการฟื้นฟู<br>เมื่อสกิล Just Guard PP Yell ทำงาน<br>ขึ้นอีก 5"""
item_EtCoherencePU_3#1,"""เพิ่ม Damage 12%<br>เพิ่มปริมาณการฟื้นฟู<br>เมื่อสกิล Just Guard PP Yell ทำงาน<br>ขึ้นอีก 5"""
item_EtCoherencePU_4#1,"""เพิ่ม Damage 14%<br>เพิ่มปริมาณการฟื้นฟู<br>เมื่อสกิล Just Guard PP Yell ทำงาน<br>ขึ้นอีก 5"""
item_EtCoherencePU_5#1,"""เพิ่ม Damage 16%<br>เพิ่มปริมาณการฟื้นฟู<br>เมื่อสกิล Just Guard PP Yell ทำงาน<br>ขึ้นอีก 5"""
item_SupportPPSlayer2_1#1,"""เพิ่ม Damage 16%<br>ปริมาณ PP Consumption และ Recovery Speed<br>จะเปลี่ยนไปตามเกณฑ์ PP 50%"""
item_SupportPPSlayer2_2#1,"""เพิ่ม Damage 18%<br>ปริมาณ PP Consumption และ Recovery Speed<br>จะเปลี่ยนไปตามเกณฑ์ PP 50%"""
item_SupportPPSlayer2_3#1,"""เพิ่ม Damage 20%<br>ปริมาณ PP Consumption และ Recovery Speed<br>จะเปลี่ยนไปตามเกณฑ์ PP 50%"""
item_SupportPPSlayer2_4#1,"""เพิ่ม Damage 22%<br>ปริมาณ PP Consumption และ Recovery Speed<br>จะเปลี่ยนไปตามเกณฑ์ PP 50%"""
item_SupportPPSlayer2_5#1,"""เพิ่ม Damage 24%<br>ปริมาณ PP Consumption และ Recovery Speed<br>จะเปลี่ยนไปตามเกณฑ์ PP 50%"""
item_ScissorCounter2_1#1,"""เพิ่ม Damage 18%<br>เมื่อทำ DS Wind Parrying สำเร็จ<br>จะเพิ่ม Gear และ<br>โจมตีต่อเนื่องอย่างรุนแรง"""
item_ScissorCounter2_2#1,"""เพิ่ม Damage 20%<br>เมื่อทำ DS Wind Parrying สำเร็จ<br>จะเพิ่ม Gear และ<br>โจมตีต่อเนื่องอย่างรุนแรง"""
item_ScissorCounter2_3#1,"""เพิ่ม Damage 22%<br>เมื่อทำ DS Wind Parrying สำเร็จ<br>จะเพิ่ม Gear และ<br>โจมตีต่อเนื่องอย่างรุนแรง"""
item_ScissorCounter2_4#1,"""เพิ่ม Damage 24%<br>เมื่อทำ DS Wind Parrying สำเร็จ<br>จะเพิ่ม Gear และ<br>โจมตีต่อเนื่องอย่างรุนแรง"""
item_ScissorCounter2_5#1,"""เพิ่ม Damage 26%<br>เมื่อทำ DS Wind Parrying สำเร็จ<br>จะเพิ่ม Gear และ<br>โจมตีต่อเนื่องอย่างรุนแรง"""
item_BulletShot2_1#1,"""เพิ่ม Damage 14%<br>คุณสมบัติการโจมตีจะเปลี่ยนไป<br>เมื่อใช้ Weapon Action<br>ไม่แสดงผลกับคลาส Luster"""
item_BulletShot2_2#1,"""เพิ่ม Damage 16%<br>คุณสมบัติการโจมตีจะเปลี่ยนไป<br>เมื่อใช้ Weapon Action<br>ไม่แสดงผลกับคลาส Luster"""
item_BulletShot2_3#1,"""เพิ่ม Damage 18%<br>คุณสมบัติการโจมตีจะเปลี่ยนไป<br>เมื่อใช้ Weapon Action<br>ไม่แสดงผลกับคลาส Luster"""
item_BulletShot2_4#1,"""เพิ่ม Damage 20%<br>คุณสมบัติการโจมตีจะเปลี่ยนไป<br>เมื่อใช้ Weapon Action<br>ไม่แสดงผลกับคลาส Luster"""
item_BulletShot2_5#1,"""เพิ่ม Damage 18%<br>เสริมพลัง Elemental Burst<br>และจะทำงานอัตโนมัติเมื่อใช้ Derived PA"""
item_Cursefire2_1#1,"""เพิ่ม Damage 19%<br>เสริมพลัง Elemental Burst<br>และจะทำงานอัตโนมัติเมื่อใช้ Derived PA"""
item_Cursefire2_2#1,"""เพิ่ม Damage 20%<br>เสริมพลัง Elemental Burst<br>และจะทำงานอัตโนมัติเมื่อใช้ Derived PA"""
item_Cursefire2_3#1,"""เพิ่ม Damage 21%<br>เสริมพลัง Elemental Burst<br>และจะทำงานอัตโนมัติเมื่อใช้ Derived PA"""
item_Cursefire2_4#1,"""เพิ่ม Damage 22%<br>เสริมพลัง Elemental Burst<br>และจะทำงานอัตโนมัติเมื่อใช้ Derived PA"""
item_Cursefire2_5#1,"""เพิ่ม Damage 6%<br>เมื่อเก็บอาวุธตามระยะเวลาที่กำหนด<br>Normal Attack และ PA จะไม่ต้องใช้เวลาชาร์จ<br>จำกัดเพียง 3 ครั้ง"""
item_AirPhotonBladeFever2_1#1,"""เพิ่ม Damage 8%<br>เมื่อเก็บอาวุธตามระยะเวลาที่กำหนด<br>Normal Attack และ PA จะไม่ต้องใช้เวลาชาร์จ<br>จำกัดเพียง 3 ครั้ง"""
item_AirPhotonBladeFever2_2#1,"""เพิ่ม Damage 10%<br>เมื่อเก็บอาวุธตามระยะเวลาที่กำหนด<br>Normal Attack และ PA จะไม่ต้องใช้เวลาชาร์จ<br>จำกัดเพียง 3 ครั้ง"""
item_AirPhotonBladeFever2_3#1,"""เพิ่ม Damage 12%<br>เมื่อเก็บอาวุธตามระยะเวลาที่กำหนด<br>Normal Attack และ PA จะไม่ต้องใช้เวลาชาร์จ<br>จำกัดเพียง 3 ครั้ง"""
item_AirPhotonBladeFever2_4#1,"""เพิ่ม Damage 14%<br>เมื่อเก็บอาวุธตามระยะเวลาที่กำหนด<br>Normal Attack และ PA จะไม่ต้องใช้เวลาชาร์จ<br>จำกัดเพียง 3 ครั้ง"""
item_AirPhotonBladeFever2_5#1,"""เพิ่ม Damage 1%<br>เมื่อใช้ Techniques แล้วทำ JA<br>ด้วย Techniques ธาตุเดียวกัน<br>ระยะเวลาชาร์จจะลดลงอย่างมาก 1 ครั้ง"""
item_ConvergentPoint2_1#1,"""เพิ่ม Damage 2%<br>เมื่อใช้ Techniques แล้วทำ JA<br>ด้วย Techniques ธาตุเดียวกัน<br>ระยะเวลาชาร์จจะลดลงอย่างมาก 1 ครั้ง"""
item_ConvergentPoint2_2#1,"""เพิ่ม Damage 3%<br>เมื่อใช้ Techniques แล้วทำ JA<br>ด้วย Techniques ธาตุเดียวกัน<br>ระยะเวลาชาร์จจะลดลงอย่างมาก 1 ครั้ง"""
item_ConvergentPoint2_3#1,"""เพิ่ม Damage 4%<br>เมื่อใช้ Techniques แล้วทำ JA<br>ด้วย Techniques ธาตุเดียวกัน<br>ระยะเวลาชาร์จจะลดลงอย่างมาก 1 ครั้ง"""
item_ConvergentPoint2_4#1,"""เพิ่ม Damage 5%<br>เมื่อใช้ Techniques แล้วทำ JA<br>ด้วย Techniques ธาตุเดียวกัน<br>ระยะเวลาชาร์จจะลดลงอย่างมาก 1 ครั้ง"""
item_ConvergentPoint2_5#1,"""เพิ่ม Damage 6%<br>หลังจากเริ่มเควสต์ 30 วินาที<br>Normal Attack ครั้งแรกจะสร้างระเบิดขนาดใหญ่<br>ทำ Damage มหาศาลใส่ศัตรูรอบข้าง<br>หลังจากระเบิดจะทำ Damage ได้แค่ 1!"""
item_HomingLauncher2_1#1,"""เพิ่ม Damage 7%<br>หลังจากเริ่มเควสต์ 30 วินาที<br>Normal Attack ครั้งแรกจะสร้างระเบิดขนาดใหญ่<br>ทำ Damage มหาศาลใส่ศัตรูรอบข้าง<br>หลังจากระเบิดจะทำ Damage ได้แค่ 1!"""
item_HomingLauncher2_2#1,"""เพิ่ม Damage 8%<br>หลังจากเริ่มเควสต์ 30 วินาที<br>Normal Attack ครั้งแรกจะสร้างระเบิดขนาดใหญ่<br>ทำ Damage มหาศาลใส่ศัตรูรอบข้าง<br>หลังจากระเบิดจะทำ Damage ได้แค่ 1!"""
item_HomingLauncher2_3#1,"""เพิ่ม Damage 9%<br>หลังจากเริ่มเควสต์ 30 วินาที<br>Normal Attack ครั้งแรกจะสร้างระเบิดขนาดใหญ่<br>ทำ Damage มหาศาลใส่ศัตรูรอบข้าง<br>หลังจากระเบิดจะทำ Damage ได้แค่ 1!"""
item_HomingLauncher2_4#1,"""เพิ่ม Damage 10%<br>หลังจากเริ่มเควสต์ 30 วินาที<br>Normal Attack ครั้งแรกจะสร้างระเบิดขนาดใหญ่<br>ทำ Damage มหาศาลใส่ศัตรูรอบข้าง<br>หลังจากระเบิดจะทำ Damage ได้แค่ 1!"""
item_HomingLauncher2_5#1,"""เพิ่ม Damage ขึ้น 1%"""
item_TerritoryMaster2_1#1,"""เพิ่ม Damage ขึ้น 2%"""
item_TerritoryMaster2_2#1,"""เพิ่ม Damage ขึ้น 3%"""
item_TerritoryMaster2_3#1,"""เพิ่ม Damage ขึ้น 4%"""
item_TerritoryMaster2_4#1,"""เพิ่ม Damage ขึ้น 5%"""
item_TerritoryMaster2_5#1,"""เพิ่ม Damage 4%<br>Pet รอดพ้นจาก<br>ความเสียหายถึงตายได้ 1 ครั้ง<br>และค่อยๆ ฟื้นฟู HP หลังจากที่ผลทำงาน"""
item_ThunderMaster_1#1,"""เพิ่ม Damage 5%<br>Pet รอดพ้นจาก<br>ความเสียหายถึงตายได้ 1 ครั้ง<br>และค่อยๆ ฟื้นฟู HP หลังจากที่ผลทำงาน"""
item_ThunderMaster_2#1,"""เพิ่ม Damage 6%<br>Pet รอดพ้นจาก<br>ความเสียหายถึงตายได้ 1 ครั้ง<br>และค่อยๆ ฟื้นฟู HP หลังจากที่ผลทำงาน"""
item_ThunderMaster_3#1,"""เพิ่ม Damage 7%<br>Pet รอดพ้นจาก<br>ความเสียหายถึงตายได้ 1 ครั้ง<br>และค่อยๆ ฟื้นฟู HP หลังจากที่ผลทำงาน"""
item_ThunderMaster_4#1,"""เพิ่ม Damage 8%<br>Pet รอดพ้นจาก<br>ความเสียหายถึงตายได้ 1 ครั้ง<br>และค่อยๆ ฟื้นฟู HP หลังจากที่ผลทำงาน"""
item_ThunderMaster_5#1,"""เพิ่ม Damage 9%<br>หยุดการทำงานของ PP Automatic Recovery<br>แต่จะฟื้นฟู PP<br>5 หน่วยทุกๆ 1 วินาทีแทน"""
item_PetElementChange_1#1,"""เพิ่ม Damage 11%<br>หยุดการทำงานของ PP Automatic Recovery<br>แต่จะฟื้นฟู PP<br>5 หน่วยทุกๆ 1 วินาทีแทน"""
item_PetElementChange_2#1,"""เพิ่ม Damage 13%<br>หยุดการทำงานของ PP Automatic Recovery<br>แต่จะฟื้นฟู PP<br>5 หน่วยทุกๆ 1 วินาทีแทน"""
item_PetElementChange_3#1,"""เพิ่ม Damage 15%<br>หยุดการทำงานของ PP Automatic Recovery<br>แต่จะฟื้นฟู PP<br>5 หน่วยทุกๆ 1 วินาทีแทน"""
item_PetElementChange_4#1,"""เพิ่ม Damage 17%<br>หยุดการทำงานของ PP Automatic Recovery<br>แต่จะฟื้นฟู PP<br>5 หน่วยทุกๆ 1 วินาทีแทน"""
item_PetElementChange_5#1,"""คำอธิบาย Unset Potential"""
item_MateNoTime_1#1,"""คำอธิบาย Unset Potential"""
item_MateNoTime_2#1,"""คำอธิบาย Unset Potential"""
item_MateNoTime_3#1,"""คำอธิบาย Unset Potential"""
item_MateNoTime_4#1,"""คำอธิบาย Unset Potential"""
item_MateNoTime_5#1,"""เพิ่ม Damage 4%<br>ฟื้นฟู PP 2 หน่วย<br>ทุกๆ 1 วินาที"""
item_InvincibleStep_1#1,"""เพิ่ม Damage 5%<br>ฟื้นฟู PP 2 หน่วย<br>ทุกๆ 1 วินาที"""
item_InvincibleStep_2#1,"""เพิ่ม Damage 6%<br>ฟื้นฟู PP 2 หน่วย<br>ทุกๆ 1 วินาที"""
item_InvincibleStep_3#1,"""เพิ่ม Damage 7%<br>ฟื้นฟู PP 2 หน่วย<br>ทุกๆ 1 วินาที"""
item_InvincibleStep_4#1,"""เพิ่ม Damage 8%<br>ฟื้นฟู PP 2 หน่วย<br>ทุกๆ 1 วินาที"""
item_InvincibleStep_5#1,"""คำอธิบาย Unset Potential"""
item_DestroyMode_1#1,"""คำอธิบาย Unset Potential"""
item_DestroyMode_2#1,"""คำอธิบาย Unset Potential"""
item_DestroyMode_3#1,"""คำอธิบาย Unset Potential"""
item_DestroyMode_4#1,"""คำอธิบาย Unset Potential"""
item_DestroyMode_5#1,"""เพิ่ม Damage 6%<br>และเพิ่ม Damage ที่ได้รับขึ้น 70%<br>หากตัวละครตาย (Incapacitated)<br>จนกว่าจะจบเควสต์<br>ผลบัฟข้างต้นจะหายไป"""
item_ShiftaPowerPlus_1#1,"""เพิ่ม Damage 8%<br>และเพิ่ม Damage ที่ได้รับขึ้น 60%<br>หากตัวละครตาย (Incapacitated)<br>จนกว่าจะจบเควสต์<br>ผลบัฟข้างต้นจะหายไป"""
item_ShiftaPowerPlus_2#1,"""เพิ่ม Damage 10%<br>และเพิ่ม Damage ที่ได้รับขึ้น 50%<br>หากตัวละครตาย (Incapacitated)<br>จนกว่าจะจบเควสต์<br>ผลบัฟข้างต้นจะหายไป"""
item_ShiftaPowerPlus_3#1,"""เพิ่ม Damage 12%<br>และเพิ่ม Damage ที่ได้รับขึ้น 40%<br>หากตัวละครตาย (Incapacitated)<br>จนกว่าจะจบเควสต์<br>ผลบัฟข้างต้นจะหายไป"""
item_ShiftaPowerPlus_4#1,"""เพิ่ม Damage 14%<br>และเพิ่ม Damage ที่ได้รับขึ้น 30%<br>หากตัวละครตาย (Incapacitated)<br>จนกว่าจะจบเควสต์<br>ผลบัฟข้างต้นจะหายไป"""
item_ShiftaPowerPlus_5#1,"""ความเร็วในการโจมตีจะค่อยๆ<br>เพิ่มขึ้นตามระยะเวลา<br>หากได้รับ Damage เกิน 10%<br>ของ Max HP<br>ความเร็วในการโจมตีจะถูกรีเซ็ต"""
item_AutoShoot1_1#1,"""ความเร็วในการโจมตีจะค่อยๆ<br>เพิ่มขึ้นตามระยะเวลา<br>หากได้รับ Damage เกิน 10%<br>ของ Max HP<br>ความเร็วในการโจมตีจะถูกรีเซ็ต"""
item_AutoShoot1_2#1,"""ความเร็วในการโจมตีจะค่อยๆ<br>เพิ่มขึ้นตามระยะเวลา<br>หากได้รับ Damage เกิน 10%<br>ของ Max HP<br>ความเร็วในการโจมตีจะถูกรีเซ็ต"""
item_AutoShoot1_3#1,"""ความเร็วในการโจมตีจะค่อยๆ<br>เพิ่มขึ้นตามระยะเวลา<br>หากได้รับ Damage เกิน 10%<br>ของ Max HP<br>ความเร็วในการโจมตีจะถูกรีเซ็ต"""
item_AutoShoot1_4#1,"""ความเร็วในการโจมตีจะค่อยๆ<br>เพิ่มขึ้นตามระยะเวลา<br>หากได้รับ Damage เกิน 10%<br>ของ Max HP<br>ความเร็วในการโจมตีจะถูกรีเซ็ต"""
item_AutoShoot1_5#1,"""เพิ่ม Damage 6%<br>หากสมาชิกปาร์ตี้ตาย<br>เมื่อผ่านไป 3 วินาที จะใช้ HP ตนเอง<br>50% เพื่อชุบชีวิตทุกคน<br>มีระยะเวลา Recast 300 วินาที"""
item_AutoShoot2_1#1,"""เพิ่ม Damage 8%<br>หากสมาชิกปาร์ตี้ตาย<br>เมื่อผ่านไป 3 วินาที จะใช้ HP ตนเอง<br>50% เพื่อชุบชีวิตทุกคน<br>มีระยะเวลา Recast 300 วินาที"""
item_AutoShoot2_2#1,"""เพิ่ม Damage 10%<br>หากสมาชิกปาร์ตี้ตาย<br>เมื่อผ่านไป 3 วินาที จะใช้ HP ตนเอง<br>50% เพื่อชุบชีวิตทุกคน<br>มีระยะเวลา Recast 300 วินาที"""
item_AutoShoot2_3#1,"""เพิ่ม Damage 12%<br>หากสมาชิกปาร์ตี้ตาย<br>เมื่อผ่านไป 3 วินาที จะใช้ HP ตนเอง<br>50% เพื่อชุบชีวิตทุกคน<br>มีระยะเวลา Recast 300 วินาที"""
item_AutoShoot2_4#1,"""เพิ่ม Damage 14%<br>หากสมาชิกปาร์ตี้ตาย<br>เมื่อผ่านไป 3 วินาที จะใช้ HP ตนเอง<br>50% เพื่อชุบชีวิตทุกคน<br>มีระยะเวลา Recast 300 วินาที"""
item_AutoShoot2_5#1,"""ลด Damage ของ Normal Attack ลง<br>แต่จะเกิดการโจมตีเสริมใส่เป้าหมาย<br>เมื่อใช้ Normal Attack แทน<br>เมื่อ PP ลดลง Damage ของการโจมตีเสริม<br>และ Normal Attack จะเพิ่มขึ้น"""
item_AutoShoot3_1#1,"""ลด Damage ของ Normal Attack ลง<br>แต่จะเกิดการโจมตีเสริมใส่เป้าหมาย<br>เมื่อใช้ Normal Attack แทน<br>เมื่อ PP ลดลง Damage ของการโจมตีเสริม<br>และ Normal Attack จะเพิ่มขึ้น"""
item_AutoShoot3_2#1,"""ลด Damage ของ Normal Attack ลง<br>แต่จะเกิดการโจมตีเสริมใส่เป้าหมาย<br>เมื่อใช้ Normal Attack แทน<br>เมื่อ PP ลดลง Damage ของการโจมตีเสริม<br>และ Normal Attack จะเพิ่มขึ้น"""
item_AutoShoot3_3#1,"""ลด Damage ของ Normal Attack ลง<br>แต่จะเกิดการโจมตีเสริมใส่เป้าหมาย<br>เมื่อใช้ Normal Attack แทน<br>เมื่อ PP ลดลง Damage ของการโจมตีเสริม<br>และ Normal Attack จะเพิ่มขึ้น"""
item_AutoShoot3_4#1,"""ลด Damage ของ Normal Attack ลง<br>แต่จะเกิดการโจมตีเสริมใส่เป้าหมาย<br>เมื่อใช้ Normal Attack แทน<br>เมื่อ PP ลดลง Damage ของการโจมตีเสริม<br>และ Normal Attack จะเพิ่มขึ้น"""
item_AutoShoot3_5#1,"""เพิ่ม Critical Hit Rate 10%<br>และเพิ่ม Damage 10%<br>ลด PP Consumption ลง 10%"""
item_HeavyDamage_1#1,"""เพิ่ม Critical Hit Rate 15%<br>และเพิ่ม Damage 13%<br>ลด PP Consumption ลง 12%"""
item_HeavyDamage_2#1,"""เพิ่ม Critical Hit Rate 20%<br>และเพิ่ม Damage 16%<br>ลด PP Consumption ลง 15%"""
item_HeavyDamage_3#1,"""เพิ่ม Critical Hit Rate 25%<br>และเพิ่ม Damage 19%<br>ลด PP Consumption ลง 19%"""
item_HeavyDamage_4#1,"""เพิ่ม Critical Hit Rate 30%<br>และเพิ่ม Damage 22%<br>ลด PP Consumption ลง 24%"""
item_HeavyDamage_5#1,"""เพิ่ม Critical Hit Rate 10%<br>และเพิ่ม Damage 4%<br>ลด PP Consumption ลง 15%"""
item_NonDamageBonus1_1#1,"""เพิ่ม Critical Hit Rate 15%<br>และเพิ่ม Damage 6%<br>ลด PP Consumption ลง 17%"""
item_NonDamageBonus1_2#1,"""เพิ่ม Critical Hit Rate 20%<br>และเพิ่ม Damage 8%<br>ลด PP Consumption ลง 20%"""
item_NonDamageBonus1_3#1,"""เพิ่ม Critical Hit Rate 25%<br>และเพิ่ม Damage 10%<br>ลด PP Consumption ลง 24%"""
item_NonDamageBonus1_4#1,"""เพิ่ม Critical Hit Rate 30%<br>และเพิ่ม Damage 12%<br>ลด PP Consumption ลง 29%"""
item_NonDamageBonus1_5#1,"""เพิ่ม Damage 8%<br>เพิ่มปริมาณการฟื้นฟู<br>เมื่อสกิล Just Guard PP Yell ทำงาน<br>ขึ้นอีก 5"""
item_NonDamageBonus2_1#1,"""เพิ่ม Damage 10%<br>เพิ่มปริมาณการฟื้นฟู<br>เมื่อสกิล Just Guard PP Yell ทำงาน<br>ขึ้นอีก 5"""
item_NonDamageBonus2_2#1,"""เพิ่ม Damage 12%<br>เพิ่มปริมาณการฟื้นฟู<br>เมื่อสกิล Just Guard PP Yell ทำงาน<br>ขึ้นอีก 5"""
item_NonDamageBonus2_3#1,"""เพิ่ม Damage 14%<br>เพิ่มปริมาณการฟื้นฟู<br>เมื่อสกิล Just Guard PP Yell ทำงาน<br>ขึ้นอีก 5"""
item_NonDamageBonus2_4#1,"""เพิ่ม Damage 16%<br>เพิ่มปริมาณการฟื้นฟู<br>เมื่อสกิล Just Guard PP Yell ทำงาน<br>ขึ้นอีก 5"""
item_NonDamageBonus2_5#1,"""เพิ่ม Damage 16%<br>ปริมาณ PP Consumption และ Recovery Speed<br>จะเปลี่ยนไปตามเกณฑ์ PP 50%"""
item_NonDamageBonus3_1#1,"""เพิ่ม Damage 18%<br>ปริมาณ PP Consumption และ Recovery Speed<br>จะเปลี่ยนไปตามเกณฑ์ PP 50%"""
item_NonDamageBonus3_2#1,"""เพิ่ม Damage 20%<br>ปริมาณ PP Consumption และ Recovery Speed<br>จะเปลี่ยนไปตามเกณฑ์ PP 50%"""
item_NonDamageBonus3_3#1,"""เพิ่ม Damage 22%<br>ปริมาณ PP Consumption และ Recovery Speed<br>จะเปลี่ยนไปตามเกณฑ์ PP 50%"""
item_NonDamageBonus3_4#1,"""เพิ่ม Damage 24%<br>ปริมาณ PP Consumption และ Recovery Speed<br>จะเปลี่ยนไปตามเกณฑ์ PP 50%"""
item_NonDamageBonus3_5#1,"""เพิ่ม Damage 18%<br>เมื่อทำ DS Wind Parrying สำเร็จ<br>จะเพิ่ม Gear และ<br>โจมตีต่อเนื่องอย่างรุนแรง"""
item_NonDamageBonus4_1#1,"""เพิ่ม Damage 20%<br>เมื่อทำ DS Wind Parrying สำเร็จ<br>จะเพิ่ม Gear และ<br>โจมตีต่อเนื่องอย่างรุนแรง"""
item_NonDamageBonus4_2#1,"""เพิ่ม Damage 22%<br>เมื่อทำ DS Wind Parrying สำเร็จ<br>จะเพิ่ม Gear และ<br>โจมตีต่อเนื่องอย่างรุนแรง"""
item_NonDamageBonus4_3#1,"""เพิ่ม Damage 24%<br>เมื่อทำ DS Wind Parrying สำเร็จ<br>จะเพิ่ม Gear และ<br>โจมตีต่อเนื่องอย่างรุนแรง"""
item_NonDamageBonus4_4#1,"""เพิ่ม Damage 26%<br>เมื่อทำ DS Wind Parrying สำเร็จ<br>จะเพิ่ม Gear และ<br>โจมตีต่อเนื่องอย่างรุนแรง"""
item_NonDamageBonus4_5#1,"""เพิ่ม Damage 14%<br>คุณสมบัติการโจมตีจะเปลี่ยนไป<br>เมื่อใช้ Weapon Action<br>ไม่แสดงผลกับคลาส Luster"""
item_NonDamageBonusSu1_1#1,"""เพิ่ม Damage 16%<br>คุณสมบัติการโจมตีจะเปลี่ยนไป<br>เมื่อใช้ Weapon Action<br>ไม่แสดงผลกับคลาส Luster"""
item_NonDamageBonusSu1_2#1,"""เพิ่ม Damage 18%<br>คุณสมบัติการโจมตีจะเปลี่ยนไป<br>เมื่อใช้ Weapon Action<br>ไม่แสดงผลกับคลาส Luster"""
item_NonDamageBonusSu1_3#1,"""เพิ่ม Damage 20%<br>คุณสมบัติการโจมตีจะเปลี่ยนไป<br>เมื่อใช้ Weapon Action<br>ไม่แสดงผลกับคลาส Luster"""
item_NonDamageBonusSu1_4#1,"""เพิ่ม Damage 11%<br>Damage ที่ทำได้จะลดลงตามที่ถูกโจมตี<br>แต่จะฟื้นฟูกลับมาเมื่อเวลาผ่านไป"""
item_NonDamageBonusSu1_5#1,"""เพิ่ม Damage 12%<br>Damage ที่ทำได้จะลดลงตามที่ถูกโจมตี<br>แต่จะฟื้นฟูกลับมาเมื่อเวลาผ่านไป"""
item_NonDamageBonusSu2_1#1,"""เพิ่ม Damage 8%<br>Damage ที่ทำได้จะลดลงตามที่ถูกโจมตี แต่จะฟื้นฟูกลับมาเมื่อเวลาผ่านไป<br>เมื่อ Damage อยู่ที่ 8% จะฟื้นฟู HP ให้ Pet 10% ทุกๆ 10 วินาที"""
item_NonDamageBonusSu2_2#1,"""เพิ่ม Damage 9%<br>Damage ที่ทำได้จะลดลงตามที่ถูกโจมตี แต่จะฟื้นฟูกลับมาเมื่อเวลาผ่านไป<br>เมื่อ Damage อยู่ที่ 9% จะฟื้นฟู HP ให้ Pet 10% ทุกๆ 10 วินาที"""
item_NonDamageBonusSu2_3#1,"""เพิ่ม Damage 10%<br>Damage ที่ทำได้จะลดลงตามที่ถูกโจมตี แต่จะฟื้นฟูกลับมาเมื่อเวลาผ่านไป<br>เมื่อ Damage อยู่ที่ 10% จะฟื้นฟู HP ให้ Pet 10% ทุกๆ 10 วินาที"""
item_NonDamageBonusSu2_4#1,"""เพิ่ม Damage 11%<br>Damage ที่ทำได้จะลดลงตามที่ถูกโจมตี แต่จะฟื้นฟูกลับมาเมื่อเวลาผ่านไป<br>เมื่อ Damage อยู่ที่ 11% จะฟื้นฟู HP ให้ Pet 10% ทุกๆ 10 วินาที"""
item_NonDamageBonusSu2_5#1,"""เพิ่ม Damage 12%<br>Damage ที่ทำได้จะลดลงตามที่ถูกโจมตี แต่จะฟื้นฟูกลับมาเมื่อเวลาผ่านไป<br>เมื่อ Damage อยู่ที่ 12% จะฟื้นฟู HP ให้ Pet 10% ทุกๆ 10 วินาที"""
item_AbyssBonus4_1#1,"""Damage จะเพิ่มขึ้นตามปริมาณเกจ<br>Photon Blast<br>เมื่อใช้งาน Photon Blast<br>จะเกิดเอฟเฟกต์ต่างกันตาม Phantom Beast"""
item_AbyssBonus4_2#1,"""Damage จะเพิ่มขึ้นตามปริมาณเกจ<br>Photon Blast<br>เมื่อใช้งาน Photon Blast<br>จะเกิดเอฟเฟกต์ต่างกันตาม Phantom Beast"""
item_AbyssBonus4_3#1,"""Damage จะเพิ่มขึ้นตามปริมาณเกจ<br>Photon Blast<br>เมื่อใช้งาน Photon Blast<br>จะเกิดเอฟเฟกต์ต่างกันตาม Phantom Beast"""
item_AbyssBonus4_4#1,"""Damage จะเพิ่มขึ้นตามปริมาณเกจ<br>Photon Blast<br>เมื่อใช้งาน Photon Blast<br>จะเกิดเอฟเฟกต์ต่างกันตาม Phantom Beast"""
item_AbyssBonus4_5#1,"""Damage จะเพิ่มขึ้นตามปริมาณเกจ<br>Photon Blast<br>เมื่อใช้งาน Photon Blast<br>จะเกิดเอฟเฟกต์ต่างกันตาม Phantom Beast"""
item_VanishPpHeal_1#1,"""เพิ่ม Damage 12%<br>Damage ของ Banish Arrow จะลดลง<br>แต่จะฟื้นฟู PP 75 เมื่อระเบิดทำงาน"""
item_VanishPpHeal_2#1,"""เพิ่ม Damage 14%<br>Damage ของ Banish Arrow จะลดลง<br>แต่จะฟื้นฟู PP 75 เมื่อระเบิดทำงาน"""
item_VanishPpHeal_3#1,"""เพิ่ม Damage 16%<br>Damage ของ Banish Arrow จะลดลง<br>แต่จะฟื้นฟู PP 75 เมื่อระเบิดทำงาน"""
item_VanishPpHeal_4#1,"""เพิ่ม Damage 18%<br>Damage ของ Banish Arrow จะลดลง<br>แต่จะฟื้นฟู PP 75 เมื่อระเบิดทำงาน"""
item_VanishPpHeal_5#1,"""เพิ่ม Damage 20%<br>Damage ของ Banish Arrow จะลดลง<br>แต่จะฟื้นฟู PP 75 เมื่อระเบิดทำงาน"""
item_PerfectLuck_1#1,"""มีโอกาสเล็กน้อยที่จะได้รับผลต่อไปนี้:<br>ลด Damage เมื่อได้รับความเสียหาย<br>ลด PP Consumption เมื่อใช้ PAs<br>เพิ่มปริมาณ PP Recovery เมื่อโจมตีปกติ<br>ฟื้นฟู HP เมื่อโจมตีโดน"""
item_PerfectLuck_2#1,"""มีโอกาสเล็กน้อยที่จะได้รับผลต่อไปนี้:<br>ลด Damage เมื่อได้รับความเสียหาย<br>ลด PP Consumption เมื่อใช้ PAs<br>เพิ่มปริมาณ PP Recovery เมื่อโจมตีปกติ<br>ฟื้นฟู HP เมื่อโจมตีโดน"""
item_PerfectLuck_3#1,"""มีโอกาสเล็กน้อยที่จะได้รับผลต่อไปนี้:<br>ลด Damage เมื่อได้รับความเสียหาย<br>ลด PP Consumption เมื่อใช้ PAs<br>เพิ่มปริมาณ PP Recovery เมื่อโจมตีปกติ<br>ฟื้นฟู HP เมื่อโจมตีโดน"""
item_PerfectLuck_4#1,"""มีโอกาสเล็กน้อยที่จะได้รับผลต่อไปนี้:<br>ลด Damage เมื่อได้รับความเสียหาย<br>ลด PP Consumption เมื่อใช้ PAs<br>เพิ่มปริมาณ PP Recovery เมื่อโจมตีปกติ<br>ฟื้นฟู HP เมื่อโจมตีโดน"""
item_PerfectLuck_5#1,"""มีโอกาสเล็กน้อยที่จะได้รับผลต่อไปนี้:<br>ลด Damage เมื่อได้รับความเสียหาย<br>ลด PP Consumption เมื่อใช้ PAs<br>เพิ่มปริมาณ PP Recovery เมื่อโจมตีปกติ<br>ฟื้นฟู HP เมื่อโจมตีโดน"""
item_HeroWillHeal4_1#1,"""เพิ่ม Damage 16% รอดพ้นจาก<br>ความเสียหายถึงตายได้ 1 ครั้ง<br>และค่อยๆ ฟื้นฟู HP หลังจากที่ผลทำงาน"""
item_HeroWillHeal4_2#1,"""เพิ่ม Damage 17% รอดพ้นจาก<br>ความเสียหายถึงตายได้ 1 ครั้ง<br>และค่อยๆ ฟื้นฟู HP หลังจากที่ผลทำงาน"""
item_HeroWillHeal4_3#1,"""เพิ่ม Damage 18% รอดพ้นจาก<br>ความเสียหายถึงตายได้ 1 ครั้ง<br>และค่อยๆ ฟื้นฟู HP หลังจากที่ผลทำงาน"""
item_HeroWillHeal4_4#1,"""เพิ่ม Damage 19% รอดพ้นจาก<br>ความเสียหายถึงตายได้ 1 ครั้ง<br>และค่อยๆ ฟื้นฟู HP หลังจากที่ผลทำงาน"""
item_HeroWillHeal4_5#1,"""เพิ่ม Damage 20% รอดพ้นจาก<br>ความเสียหายถึงตายได้ 1 ครั้ง<br>และค่อยๆ ฟื้นฟู HP หลังจากที่ผลทำงาน"""
item_PetWillHeal2_1#1,"""เพิ่ม Damage 6%<br>Pet รอดพ้นจาก<br>ความเสียหายถึงตายได้ 1 ครั้ง<br>และค่อยๆ ฟื้นฟู HP หลังจากที่ผลทำงาน"""
item_PetWillHeal2_2#1,"""เพิ่ม Damage 7%<br>Pet รอดพ้นจาก<br>ความเสียหายถึงตายได้ 1 ครั้ง<br>และค่อยๆ ฟื้นฟู HP หลังจากที่ผลทำงาน"""
item_PetWillHeal2_3#1,"""เพิ่ม Damage 8%<br>Pet รอดพ้นจาก<br>ความเสียหายถึงตายได้ 1 ครั้ง<br>และค่อยๆ ฟื้นฟู HP หลังจากที่ผลทำงาน"""
item_PetWillHeal2_4#1,"""เพิ่ม Damage 9%<br>Pet รอดพ้นจาก<br>ความเสียหายถึงตายได้ 1 ครั้ง<br>และค่อยๆ ฟื้นฟู HP หลังจากที่ผลทำงาน"""
item_PetWillHeal2_5#1,"""เพิ่ม Damage 10%<br>Pet รอดพ้นจาก<br>ความเสียหายถึงตายได้ 1 ครั้ง<br>และค่อยๆ ฟื้นฟู HP หลังจากที่ผลทำงาน"""
item_PpOverClock4_1#1,"""เพิ่ม Damage 15%<br>เมื่อ PP ลดต่ำกว่าเกณฑ์ที่กำหนด<br>PP จะฟื้นฟูจนเต็ม และเพิ่ม Damage ขึ้นอีก 3%<br>เป็นระยะเวลาหนึ่ง"""
item_PpOverClock4_2#1,"""เพิ่ม Damage 16%<br>เมื่อ PP ลดต่ำกว่าเกณฑ์ที่กำหนด<br>PP จะฟื้นฟูจนเต็ม และเพิ่ม Damage ขึ้นอีก 3%<br>เป็นระยะเวลาหนึ่ง"""
item_PpOverClock4_3#1,"""เพิ่ม Damage 17%<br>เมื่อ PP ลดต่ำกว่าเกณฑ์ที่กำหนด<br>PP จะฟื้นฟูจนเต็ม และเพิ่ม Damage ขึ้นอีก 3%<br>เป็นระยะเวลาหนึ่ง"""
item_PpOverClock4_4#1,"""เพิ่ม Damage 18%<br>เมื่อ PP ลดต่ำกว่าเกณฑ์ที่กำหนด<br>PP จะฟื้นฟูจนเต็ม และเพิ่ม Damage ขึ้นอีก 3%<br>เป็นระยะเวลาหนึ่ง"""
item_PpOverClock4_5#1,"""เพิ่ม Damage 19%<br>เมื่อ PP ลดต่ำกว่าเกณฑ์ที่กำหนด<br>PP จะฟื้นฟูจนเต็ม และเพิ่ม Damage ขึ้นอีก 3%<br>เป็นระยะเวลาหนึ่ง"""
item_PpOverClock4_Su_1#1,"""เพิ่ม Damage 6%<br>เมื่อ PP ลดต่ำกว่าเกณฑ์ที่กำหนด<br>PP จะฟื้นฟูจนเต็ม และเพิ่ม Damage ขึ้นอีก 3%<br>เป็นระยะเวลาหนึ่ง"""
item_PpOverClock4_Su_2#1,"""เพิ่ม Damage 7%<br>เมื่อ PP ลดต่ำกว่าเกณฑ์ที่กำหนด<br>PP จะฟื้นฟูจนเต็ม และเพิ่ม Damage ขึ้นอีก 3%<br>เป็นระยะเวลาหนึ่ง"""
item_PpOverClock4_Su_3#1,"""เพิ่ม Damage 8%<br>เมื่อ PP ลดต่ำกว่าเกณฑ์ที่กำหนด<br>PP จะฟื้นฟูจนเต็ม และเพิ่ม Damage ขึ้นอีก 3%<br>เป็นระยะเวลาหนึ่ง"""
item_PpOverClock4_Su_4#1,"""เพิ่ม Damage 9%<br>เมื่อ PP ลดต่ำกว่าเกณฑ์ที่กำหนด<br>PP จะฟื้นฟูจนเต็ม และเพิ่ม Damage ขึ้นอีก 3%<br>เป็นระยะเวลาหนึ่ง"""
item_PpOverClock4_Su_5#1,"""เพิ่ม Damage 10%<br>เมื่อ PP ลดต่ำกว่าเกณฑ์ที่กำหนด<br>PP จะฟื้นฟูจนเต็ม และเพิ่ม Damage ขึ้นอีก 3%<br>เป็นระยะเวลาหนึ่ง"""
item_UnionChange1_1#1,"""เพิ่ม Damage 10%<br>ลด PP Consumption ลง<br>และฟื้นฟู PP 20 หน่วยทุกๆ 10 วินาที"""
item_UnionChange1_2#1,"""เพิ่ม Damage 11%<br>ลด PP Consumption ลง<br>และฟื้นฟู PP 20 หน่วยทุกๆ 10 วินาที"""
item_UnionChange1_3#1,"""เพิ่ม Damage 12%<br>ลด PP Consumption ลง<br>และฟื้นฟู PP 20 หน่วยทุกๆ 10 วินาที"""
item_UnionChange1_4#1,"""เพิ่ม Damage 13%<br>ลด PP Consumption ลง<br>และฟื้นฟู PP 20 หน่วยทุกๆ 10 วินาที"""
item_UnionChange1_5#1,"""เพิ่ม Damage 14%<br>ลด PP Consumption ลง<br>และฟื้นฟู PP 20 หน่วยทุกๆ 10 วินาที"""
item_UnionChange1_Su_1#1,"""เพิ่ม Damage 9%<br>ลด PP Consumption ลง<br>และฟื้นฟู PP 20 หน่วยทุกๆ 10 วินาที"""
item_UnionChange1_Su_2#1,"""เพิ่ม Damage 10%<br>ลด PP Consumption ลง<br>และฟื้นฟู PP 20 หน่วยทุกๆ 10 วินาที"""
item_UnionChange1_Su_3#1,"""เพิ่ม Damage 11%<br>ลด PP Consumption ลง<br>และฟื้นฟู PP 20 หน่วยทุกๆ 10 วินาที"""
item_UnionChange1_Su_4#1,"""เพิ่ม Damage 12%<br>ลด PP Consumption ลง<br>และฟื้นฟู PP 20 หน่วยทุกๆ 10 วินาที"""
item_UnionChange1_Su_5#1,"""เพิ่ม Damage 13%<br>ลด PP Consumption ลง<br>และฟื้นฟู PP 20 หน่วยทุกๆ 10 วินาที"""
item_UnionChange2_1#1,"""เมื่อใช้ Normal Attack ครบ 3 ครั้ง<br>สถานะจะเปลี่ยนไปเป็นเวลา 30 วินาทีตามผลของ ""Wheel of Fate""<br>เพิ่ม Damage 16%<br>เพิ่มสถานะทนทาน (Super Armor) และลด Damage ที่ได้รับลง 30%"""
item_UnionChange2_2#1,"""เมื่อใช้ Normal Attack ครบ 3 ครั้ง<br>สถานะจะเปลี่ยนไปเป็นเวลา 30 วินาทีตามผลของ ""Wheel of Fate""<br>เพิ่ม Damage 17%<br>เพิ่มสถานะทนทาน (Super Armor) และลด Damage ที่ได้รับลง 30%"""
item_UnionChange2_3#1,"""เมื่อใช้ Normal Attack ครบ 3 ครั้ง<br>สถานะจะเปลี่ยนไปเป็นเวลา 30 วินาทีตามผลของ ""Wheel of Fate""<br>เพิ่ม Damage 18%<br>เพิ่มสถานะทนทาน (Super Armor) และลด Damage ที่ได้รับลง 30%"""
item_UnionChange2_4#1,"""เมื่อใช้ Normal Attack ครบ 3 ครั้ง<br>สถานะจะเปลี่ยนไปเป็นเวลา 30 วินาทีตามผลของ ""Wheel of Fate""<br>เพิ่ม Damage 19%<br>เพิ่มสถานะทนทาน (Super Armor) และลด Damage ที่ได้รับลง 30%"""
item_UnionChange2_5#1,"""เมื่อใช้ Normal Attack ครบ 3 ครั้ง<br>สถานะจะเปลี่ยนไปเป็นเวลา 30 วินาทีตามผลของ ""Wheel of Fate""<br>เพิ่ม Damage 20%<br>เพิ่มสถานะทนทาน (Super Armor) และลด Damage ที่ได้รับลง 30%"""
item_UnionChange2_Su_1#1,"""เมื่อใช้ Normal Attack ครบ 3 ครั้ง<br>สถานะจะเปลี่ยนไปเป็นเวลา 30 วินาทีตามผลของ ""Wheel of Destiny""<br>เพิ่ม Damage 13%<br>เพิ่มสถานะทนทาน (Super Armor) และลด Damage ที่ได้รับลง 30%"""
item_UnionChange2_Su_2#1,"""เมื่อใช้ Normal Attack ครบ 3 ครั้ง<br>สถานะจะเปลี่ยนไปเป็นเวลา 30 วินาทีตามผลของ ""Wheel of Destiny""<br>เพิ่ม Damage 14%<br>เพิ่มสถานะทนทาน (Super Armor) และลด Damage ที่ได้รับลง 30%"""
item_UnionChange2_Su_3#1,"""เมื่อใช้ Normal Attack ครบ 3 ครั้ง<br>สถานะจะเปลี่ยนไปเป็นเวลา 30 วินาทีตามผลของ ""Wheel of Destiny""<br>เพิ่ม Damage 15%<br>เพิ่มสถานะทนทาน (Super Armor) และลด Damage ที่ได้รับลง 30%"""
item_UnionChange2_Su_4#1,"""เมื่อใช้ Normal Attack ครบ 3 ครั้ง<br>สถานะจะเปลี่ยนไปเป็นเวลา 30 วินาทีตามผลของ ""Wheel of Destiny""<br>เพิ่ม Damage 16%<br>เพิ่มสถานะทนทาน (Super Armor) และลด Damage ที่ได้รับลง 30%"""
item_UnionChange2_Su_5#1,"""เมื่อใช้ Normal Attack ครบ 3 ครั้ง<br>สถานะจะเปลี่ยนไปเป็นเวลา 30 วินาทีตามผลของ ""Wheel of Destiny""<br>เพิ่ม Damage 17%<br>เพิ่มสถานะทนทาน (Super Armor) และลด Damage ที่ได้รับลง 30%"""
item_AddAbnormal_1#1,"""เพิ่ม Damage 8%<br>เพิ่มโอกาสติดสถานะผิดปกติขึ้น 100%<br>และจะทำให้เป้าหมายติดสถานะ<br>ตามธาตุของอาวุธ"""
item_AddAbnormal_2#1,"""เพิ่ม Damage 9%<br>เพิ่มโอกาสติดสถานะผิดปกติขึ้น 100%<br>และจะทำให้เป้าหมายติดสถานะ<br>ตามธาตุของอาวุธ"""
item_AddAbnormal_3#1,"""เพิ่ม Damage 10%<br>เพิ่มโอกาสติดสถานะผิดปกติขึ้น 100%<br>และจะทำให้เป้าหมายติดสถานะ<br>ตามธาตุของอาวุธ"""
item_AddAbnormal_4#1,"""เพิ่ม Damage 11%<br>เพิ่มโอกาสติดสถานะผิดปกติขึ้น 100%<br>และจะทำให้เป้าหมายติดสถานะ<br>ตามธาตุของอาวุธ"""
item_AddAbnormal_5#1,"""เพิ่ม Damage 12%<br>เพิ่มโอกาสติดสถานะผิดปกติขึ้น 100%<br>และจะทำให้เป้าหมายติดสถานะ<br>ตามธาตุของอาวุธ"""
item_PpPurgeBurstRe_1#1,"""หากใช้ PAs หรือ Techniques ในขณะที่ PP เต็ม<br>PP จะกลายเป็น 0 แต่จะลด PP Consumption<br>และได้รับ PP Super Recovery จนกว่า PP จะกลับมาเต็ม"""
item_PpPurgeBurstRe_2#1,"""หากใช้ PAs หรือ Techniques ในขณะที่ PP เต็ม<br>PP จะกลายเป็น 0 แต่จะลด PP Consumption<br>และได้รับ PP Super Recovery จนกว่า PP จะกลับมาเต็ม"""
item_PpPurgeBurstRe_3#1,"""หากใช้ PAs หรือ Techniques ในขณะที่ PP เต็ม<br>PP จะกลายเป็น 0 แต่จะลด PP Consumption<br>และได้รับ PP Super Recovery จนกว่า PP จะกลับมาเต็ม"""
item_PpPurgeBurstRe_4#1,"""หากใช้ PAs หรือ Techniques ในขณะที่ PP เต็ม<br>PP จะกลายเป็น 0 แต่จะลด PP Consumption<br>และได้รับ PP Super Recovery จนกว่า PP จะกลับมาเต็ม"""
item_PpPurgeBurstRe_5#1,"""หากใช้ PAs หรือ Techniques ในขณะที่ PP เต็ม<br>PP จะกลายเป็น 0 แต่จะลด PP Consumption<br>และได้รับ PP Super Recovery จนกว่า PP จะกลับมาเต็ม"""
item_VoltagePpUp_1#1,"""เพิ่ม Damage 10%<br>ทุกๆ 100 Voltage จะเพิ่ม PP ปัจจุบันและ Max PP ขึ้น 20<br>จำกัด Max PP สูงสุดที่ 100"""
item_VoltagePpUp_2#1,"""เพิ่ม Damage 12%<br>ทุกๆ 100 Voltage จะเพิ่ม PP ปัจจุบันและ Max PP ขึ้น 20<br>จำกัด Max PP สูงสุดที่ 100"""
item_VoltagePpUp_3#1,"""เพิ่ม Damage 14%<br>ทุกๆ 100 Voltage จะเพิ่ม PP ปัจจุบันและ Max PP ขึ้น 20<br>จำกัด Max PP สูงสุดที่ 100"""
item_VoltagePpUp_4#1,"""เพิ่ม Damage 16%<br>ทุกๆ 100 Voltage จะเพิ่ม PP ปัจจุบันและ Max PP ขึ้น 20<br>จำกัด Max PP สูงสุดที่ 100"""
item_VoltagePpUp_5#1,"""เพิ่ม Damage 18%<br>ทุกๆ 100 Voltage จะเพิ่ม PP ปัจจุบันและ Max PP ขึ้น 20<br>จำกัด Max PP สูงสุดที่ 100"""
item_AutoShoot4_1#1,"""เมื่อชักอาวุธ จะยิงเป้าหมายอัตโนมัติ<br>ทุกๆ 7 วินาที ทุกครั้งที่ทำ<br>Damage ได้ 10 ล้าน<br>การยิงอัตโนมัติจะยิงเป็น 2 นัด"""
item_AutoShoot4_2#1,"""เมื่อชักอาวุธ จะยิงเป้าหมายอัตโนมัติ<br>ทุกๆ 7 วินาที ทุกครั้งที่ทำ<br>Damage ได้ 10 ล้าน<br>การยิงอัตโนมัติจะยิงเป็น 2 นัด"""
item_AutoShoot4_3#1,"""เมื่อชักอาวุธ จะยิงเป้าหมายอัตโนมัติ<br>ทุกๆ 7 วินาที ทุกครั้งที่ทำ<br>Damage ได้ 10 ล้าน<br>การยิงอัตโนมัติจะยิงเป็น 2 นัด"""
item_AutoShoot4_4#1,"""เมื่อชักอาวุธ จะยิงเป้าหมายอัตโนมัติ<br>ทุกๆ 7 วินาที ทุกครั้งที่ทำ<br>Damage ได้ 10 ล้าน<br>การยิงอัตโนมัติจะยิงเป็น 2 นัด"""
item_AutoShoot4_5#1,"""เมื่อชักอาวุธ จะยิงเป้าหมายอัตโนมัติ<br>ทุกๆ 7 วินาที ทุกครั้งที่ทำ<br>Damage ได้ 10 ล้าน<br>การยิงอัตโนมัติจะยิงเป็น 2 นัด"""
item_MarkOverDrain_1#1,"""เพิ่ม Damage 10%<br>เพิ่มผลของ Mark PP Drain<br>และ Mark Heal ขึ้น 200%"""
item_MarkOverDrain_2#1,"""เพิ่ม Damage 12%<br>เพิ่มผลของ Mark PP Drain<br>และ Mark Heal ขึ้น 200%"""
item_MarkOverDrain_3#1,"""เพิ่ม Damage 14%<br>เพิ่มผลของ Mark PP Drain<br>และ Mark Heal ขึ้น 200%"""
item_MarkOverDrain_4#1,"""เพิ่ม Damage 16%<br>เพิ่มผลของ Mark PP Drain<br>และ Mark Heal ขึ้น 200%"""
item_MarkOverDrain_5#1,"""เพิ่ม Damage 18%<br>เพิ่มผลของ Mark PP Drain<br>และ Mark Heal ขึ้น 200%"""
item_StepDbCounter_1#1,"""เพิ่ม Damage 11%<br>การใช้ Step Attacks จะยิงกระสุนติดตาม<br>เมื่อหลบหลีกด้วย Step สำเร็จ"""
item_StepDbCounter_2#1,"""เพิ่ม Damage 13%<br>การใช้ Step Attacks จะยิงกระสุนติดตาม<br>เมื่อหลบหลีกด้วย Step สำเร็จ"""
item_StepDbCounter_3#1,"""เพิ่ม Damage 15%<br>การใช้ Step Attacks จะยิงกระสุนติดตาม<br>เมื่อหลบหลีกด้วย Step สำเร็จ"""
item_StepDbCounter_4#1,"""เพิ่ม Damage 17%<br>การใช้ Step Attacks จะยิงกระสุนติดตาม<br>เมื่อหลบหลีกด้วย Step สำเร็จ"""
item_StepDbCounter_5#1,"""เพิ่ม Damage 19%<br>การใช้ Step Attacks จะยิงกระสุนติดตาม<br>เมื่อหลบหลีกด้วย Step สำเร็จ"""
item_ArtsMaster_1#1,"""เพิ่ม Damage 10%<br>เพิ่มอัตราลดการใช้ PP ของ Same Arts PP Save ขึ้น 5%<br>และขยายระยะเวลาของ Tech Arts Count Bonus ขึ้นอีก 2"""
item_ArtsMaster_2#1,"""เพิ่ม Damage 12%<br>เพิ่มอัตราลดการใช้ PP ของ Same Arts PP Save ขึ้น 5%<br>และขยายระยะเวลาของ Tech Arts Count Bonus ขึ้นอีก 2"""
item_ArtsMaster_3#1,"""เพิ่ม Damage 14%<br>เพิ่มอัตราลดการใช้ PP ของ Same Arts PP Save ขึ้น 5%<br>และขยายระยะเวลาของ Tech Arts Count Bonus ขึ้นอีก 2"""
item_ArtsMaster_4#1,"""เพิ่ม Damage 16%<br>เพิ่มอัตราลดการใช้ PP ของ Same Arts PP Save ขึ้น 5%<br>และขยายระยะเวลาของ Tech Arts Count Bonus ขึ้นอีก 2"""
item_ArtsMaster_5#1,"""เพิ่ม Damage 18%<br>เพิ่มอัตราลดการใช้ PP ของ Same Arts PP Save ขึ้น 5%<br>และขยายระยะเวลาของ Tech Arts Count Bonus ขึ้นอีก 2"""
item_NonCSatellite_1#1,"""เพิ่ม Damage 11%<br>เพิ่ม Damage ของ Satellite Cannon<br>แบบไม่ชาร์จขึ้น 300%"""
item_NonCSatellite_2#1,"""เพิ่ม Damage 13%<br>เพิ่ม Damage ของ Satellite Cannon<br>แบบไม่ชาร์จขึ้น 300%"""
item_NonCSatellite_3#1,"""เพิ่ม Damage 15%<br>เพิ่ม Damage ของ Satellite Cannon<br>แบบไม่ชาร์จขึ้น 300%"""
item_NonCSatellite_4#1,"""เพิ่ม Damage 17%<br>เพิ่ม Damage ของ Satellite Cannon<br>แบบไม่ชาร์จขึ้น 300%"""
item_NonCSatellite_5#1,"""เพิ่ม Damage 19%<br>เพิ่ม Damage ของ Satellite Cannon<br>แบบไม่ชาร์จขึ้น 300%"""
item_TalisExplosion_1#1,"""เพิ่ม Damage 6%<br>จะเกิดการโจมตีเสริมเมื่อ<br>ใช้งาน Techniques แบบชาร์จ<br>จาก Talis card"""
item_TalisExplosion_2#1,"""เพิ่ม Damage 8%<br>จะเกิดการโจมตีเสริมเมื่อ<br>ใช้งาน Techniques แบบชาร์จ<br>จาก Talis card"""
item_TalisExplosion_3#1,"""เพิ่ม Damage 10%<br>จะเกิดการโจมตีเสริมเมื่อ<br>ใช้งาน Techniques แบบชาร์จ<br>จาก Talis card"""
item_TalisExplosion_4#1,"""เพิ่ม Damage 12%<br>จะเกิดการโจมตีเสริมเมื่อ<br>ใช้งาน Techniques แบบชาร์จ<br>จาก Talis card"""
item_TalisExplosion_5#1,"""เพิ่ม Damage 14%<br>จะเกิดการโจมตีเสริมเมื่อ<br>ใช้งาน Techniques แบบชาร์จ<br>จาก Talis card"""
item_SpeedBoost1_1#1,"""คำอธิบาย Unset Potential"""
item_SpeedBoost1_2#1,"""คำอธิบาย Unset Potential"""
item_SpeedBoost1_3#1,"""คำอธิบาย Unset Potential"""
item_SpeedBoost1_4#1,"""คำอธิบาย Unset Potential"""
item_SpeedBoost1_5#1,"""คำอธิบาย Unset Potential"""
item_SpeedBoost2_1#1,"""เพิ่ม Damage 6%<br>เพิ่มความเร็ว Normal Attack 15%<br>ผลการฟื้นฟูจากไอเทมประเภท Mate<br>จะแสดงผลทันที"""
item_SpeedBoost2_2#1,"""เพิ่ม Damage 8%<br>เพิ่มความเร็ว Normal Attack 15%<br>ผลการฟื้นฟูจากไอเทมประเภท Mate<br>จะแสดงผลทันที"""
item_SpeedBoost2_3#1,"""เพิ่ม Damage 10%<br>เพิ่มความเร็ว Normal Attack 15%<br>ผลการฟื้นฟูจากไอเทมประเภท Mate<br>จะแสดงผลทันที"""
item_SpeedBoost2_4#1,"""เพิ่ม Damage 12%<br>เพิ่มความเร็ว Normal Attack 15%<br>ผลการฟื้นฟูจากไอเทมประเภท Mate<br>จะแสดงผลทันที"""
item_SpeedBoost2_5#1,"""เพิ่ม Damage 14%<br>เพิ่มความเร็ว Normal Attack 15%<br>ผลการฟื้นฟูจากไอเทมประเภท Mate<br>จะแสดงผลทันที"""
item_SpeedBoost3_1#1,"""คำอธิบาย Unset Potential"""
item_SpeedBoost3_2#1,"""คำอธิบาย Unset Potential"""
item_SpeedBoost3_3#1,"""คำอธิบาย Unset Potential"""
item_SpeedBoost3_4#1,"""คำอธิบาย Unset Potential"""
item_SpeedBoost3_5#1,"""คำอธิบาย Unset Potential"""
item_DpsAchieve_1#1,"""เพิ่ม Damage +6%<br>เมื่อโจมตีโดนเป้าหมาย จะได้รับบัฟ 20 วินาที:<br>เพิ่ม Damage +8%, ลด Damage ที่ได้รับ -20%<br>และเพิ่ม Max PP +50<br>ระยะเวลาบัฟจะรีเฟรชเมื่อทำ Damage ได้ 1.5 ล้าน"""
item_DpsAchieve_2#1,"""เพิ่ม Damage +8%<br>เมื่อโจมตีโดนเป้าหมาย จะได้รับบัฟ 20 วินาที:<br>เพิ่ม Damage +8%, ลด Damage ที่ได้รับ -20%<br>และเพิ่ม Max PP +50<br>ระยะเวลาบัฟจะรีเฟรชเมื่อทำ Damage ได้ 1.5 ล้าน"""
item_DpsAchieve_3#1,"""เพิ่ม Damage +10%<br>เมื่อโจมตีโดนเป้าหมาย จะได้รับบัฟ 20 วินาที:<br>เพิ่ม Damage +8%, ลด Damage ที่ได้รับ -20%<br>และเพิ่ม Max PP +50<br>ระยะเวลาบัฟจะรีเฟรชเมื่อทำ Damage ได้ 1.5 ล้าน"""
item_DpsAchieve_4#1,"""เพิ่ม Damage +12%<br>เมื่อโจมตีโดนเป้าหมาย จะได้รับบัฟ 20 วินาที:<br>เพิ่ม Damage +8%, ลด Damage ที่ได้รับ -20%<br>และเพิ่ม Max PP +50<br>ระยะเวลาบัฟจะรีเฟรชเมื่อทำ Damage ได้ 1.5 ล้าน"""
item_DpsAchieve_5#1,"""เพิ่ม Damage +14%<br>เมื่อโจมตีโดนเป้าหมาย จะได้รับบัฟ 20 วินาที:<br>เพิ่ม Damage +8%, ลด Damage ที่ได้รับ -20%<br>และเพิ่ม Max PP +50<br>ระยะเวลาบัฟจะรีเฟรชเมื่อทำ Damage ได้ 1.5 ล้าน"""
item_DpsAchieve_Su_1#1,"""เพิ่ม Damage +4%<br>เมื่อโจมตีโดนเป้าหมาย จะได้รับบัฟ 20 วินาที:<br>เพิ่ม Damage +5%, ลด Damage ที่ได้รับ -20%<br>และเพิ่ม Max PP +50<br>ระยะเวลาบัฟจะรีเฟรชเมื่อทำ Damage ได้ 1.5 ล้าน"""
item_DpsAchieve_Su_2#1,"""เพิ่ม Damage +6%<br>เมื่อโจมตีโดนเป้าหมาย จะได้รับบัฟ 20 วินาที:<br>เพิ่ม Damage +5%, ลด Damage ที่ได้รับ -20%<br>และเพิ่ม Max PP +50<br>ระยะเวลาบัฟจะรีเฟรชเมื่อทำ Damage ได้ 1.5 ล้าน"""
item_DpsAchieve_Su_3#1,"""เพิ่ม Damage +8%<br>เมื่อโจมตีโดนเป้าหมาย จะได้รับบัฟ 20 วินาที:<br>เพิ่ม Damage +5%, ลด Damage ที่ได้รับ -20%<br>และเพิ่ม Max PP +50<br>ระยะเวลาบัฟจะรีเฟรชเมื่อทำ Damage ได้ 1.5 ล้าน"""
item_DpsAchieve_Su_4#1,"""เพิ่ม Damage +10%<br>เมื่อโจมตีโดนเป้าหมาย จะได้รับบัฟ 20 วินาที:<br>เพิ่ม Damage +5%, ลด Damage ที่ได้รับ -20%<br>และเพิ่ม Max PP +50<br>ระยะเวลาบัฟจะรีเฟรชเมื่อทำ Damage ได้ 1.5 ล้าน"""
item_DpsAchieve_Su_5#1,"""เพิ่ม Damage +12%<br>เมื่อโจมตีโดนเป้าหมาย จะได้รับบัฟ 20 วินาที:<br>เพิ่ม Damage +5%, ลด Damage ที่ได้รับ -20%<br>และเพิ่ม Max PP +50<br>ระยะเวลาบัฟจะรีเฟรชเมื่อทำ Damage ได้ 1.5 ล้าน"""
item_AllPowerUp4_1#1,"""เพิ่ม Critical Rate 10%<br>และเพิ่ม Damage 19%<br>ลด PP Consumption ลง 10%"""
item_AllPowerUp4_2#1,"""เพิ่ม Critical Rate 15%<br>และเพิ่ม Damage 21%<br>ลด PP Consumption ลง 12%"""
item_AllPowerUp4_3#1,"""เพิ่ม Critical Rate 20%<br>และเพิ่ม Damage 23%<br>ลด PP Consumption ลง 15%"""
item_AllPowerUp4_4#1,"""เพิ่ม Critical Rate 25%<br>และเพิ่ม Damage 25%<br>ลด PP Consumption ลง 19%"""
item_AllPowerUp4_5#1,"""เพิ่ม Critical Rate 30%<br>และเพิ่ม Damage 27%<br>ลด PP Consumption ลง 24%"""
item_AllPowerUp4_Su_1#1,"""เพิ่ม Critical Rate 10%<br>และเพิ่ม Damage 9%<br>ลด PP Consumption ลง 15%"""
item_AllPowerUp4_Su_2#1,"""เพิ่ม Critical Rate 15%<br>และเพิ่ม Damage 10%<br>ลด PP Consumption ลง 17%"""
item_AllPowerUp4_Su_3#1,"""เพิ่ม Critical Rate 20%<br>และเพิ่ม Damage 11%<br>ลด PP Consumption ลง 20%"""
item_AllPowerUp4_Su_4#1,"""เพิ่ม Critical Rate 25%<br>และเพิ่ม Damage 12%<br>ลด PP Consumption ลง 24%"""
item_AllPowerUp4_Su_5#1,"""เพิ่ม Critical Rate 30%<br>และเพิ่ม Damage 13%<br>ลด PP Consumption ลง 29%"""
pet_WeatherDamageUpFine#1,"""เมื่อสภาพอากาศแจ่มใส (Clear Weather)<br>Damage จะเพิ่มขึ้น"""
pet_WeatherDamageUpFinePlus#1,"""เพิ่ม Rare Drop Rate และ<br>เมื่อสภาพอากาศแจ่มใส (Clear Weather)<br>Damage จะเพิ่มขึ้น"""
pet_PPOverDrive3#1,"""เพิ่ม Damage ที่ทำได้<br>และการใช้ PP"""
pet_PPOverDrive3Plus#1,"""เพิ่ม Rare Drop Rate, Damage ที่ทำได้<br>และการใช้ PP"""
pet_AbnormalAdvance#1,"""เพิ่ม Damage เมื่อโจมตีศัตรู<br>ที่ติดสถานะผิดปกติ"""
pet_AbnormalAdvancePlus#1,"""เพิ่ม Rare Drop Rate และเพิ่ม Damage<br>เมื่อโจมตีศัตรูที่ติดสถานะผิดปกติ"""
pet_AttackPPRestraint#1,"""เพิ่ม PP Recovery<br>จากการโจมตี"""
pet_AttackPPRestraintPlus#1,"""เพิ่ม Rare Drop Rate และ<br>เพิ่ม PP Recovery จากการโจมตี"""
pet_SuperIronWill#1,"""มีโอกาสรอดชีวิตจากการโจมตีถึงตาย<br>และได้รับสถานะอมตะชั่วคราว"""
pet_SuperIronWillPlus#1,"""เพิ่ม Rare Drop Rate, มีโอกาสรอดชีวิต<br>จากการโจมตีถึงตาย และได้รับสถานะอมตะชั่วคราว"""
pet_PetChangeHealBonus#1,"""เมื่อเปลี่ยน Pet จะฟื้นฟู HP<br>ให้ Pet ตัวก่อนหน้า<br>หลังจากผ่านไประยะเวลาหนึ่ง"""
pet_PetChangeHealBonusPlus#1,"""เพิ่ม Rare Drop Rate และ<br>เมื่อเปลี่ยน Pet จะฟื้นฟู HP ให้ Pet ตัวก่อนหน้า<br>หลังจากผ่านไประยะเวลาหนึ่ง"""
pet_ReactiveHealing#1,"""มีโอกาสฟื้นฟู HP<br>เมื่อได้รับความเสียหาย"""
pet_ReactiveHealingPlus#1,"""เพิ่ม Rare Drop Rate และ<br>มีโอกาสฟื้นฟู HP เมื่อได้รับความเสียหาย"""
pet_DeadlineSlayer#1,"""เพิ่ม Damage เมื่อ HP ของ Pet<br>ต่ำกว่าระดับที่กำหนด"""
pet_DeadlineSlayerPlus#1,"""เพิ่ม Rare Drop Rate และ<br>เพิ่ม Damage เมื่อ HP ของ Pet<br>ต่ำกว่าระดับที่กำหนด"""
pet_AttackHateUp#1,"""เพิ่ม Hate Accumulation<br>และลด Damage ที่ได้รับ"""
pet_AttackHateUpPlus#1,"""เพิ่ม Rare Drop Rate,<br>เพิ่ม Hate Accumulation<br>และลด Damage ที่ได้รับ"""
pet_SubPetRecoverUp#1,"""เพิ่มความเร็วในการฟื้นฟู HP<br>สำหรับ Pet สำรอง"""
pet_SubPetRecoverUpPlus#1,"""เพิ่ม Rare Drop Rate และ<br>ความเร็วในการฟื้นฟู HP สำหรับ Pet สำรอง"""
pet_EarlyBird#1,"""เพิ่ม Rare Drop Rate และ<br>ลดระยะเวลาที่ใช้ในการชุบชีวิต Pet ที่หมดสติ"""
pet_PiyoriChangeDamageUp#1,"""เพิ่ม Damage หากส่งออกมา<br>หลังจาก Pet ตัวอื่นหมดสติ"""
pet_PiyoriChangeDamageUpPlus#1,"""เพิ่ม Rare Drop Rate และเพิ่ม Damage<br>หากส่งออกมาหลังจาก Pet ตัวอื่นหมดสติ"""
pet_PiyoriChangePPSave#1,"""ลดการใช้ PP<br>ในการใช้งาน Pet ที่หมดสติครั้งถัดไป"""
pet_PiyoriChangePPSavePlus#1,"""เพิ่ม Rare Drop Rate และลดการใช้ PP<br>ในการใช้งาน Pet ที่หมดสติครั้งถัดไป"""
pet_KillCountBonus#1,"""เพิ่ม Damage ทุกครั้ง<br>ที่คุณกำจัดศัตรูได้"""
pet_KillCountBonusPlus#1,"""เพิ่ม Rare Drop Rate และเพิ่ม Damage<br>ทุกครั้งที่คุณกำจัดศัตรูได้"""
pet_AroundEnemyBonus#1,"""เพิ่ม Damage ขึ้นอยู่กับ<br>จำนวนศัตรูที่อยู่ในระยะที่กำหนด"""
pet_AroundEnemyBonusPlus#1,"""เพิ่ม Rare Drop Rate และเพิ่ม Damage<br>ขึ้นอยู่กับจำนวนศัตรูที่อยู่ในระยะที่กำหนด"""
pet_MultiPersonality1#1,"""เพิ่ม Rare Drop Rate และมอบผลของ<br>""Fervent"" กับ ""Enjoys Sun"""
pet_MultiPersonality2#1,"""เพิ่ม Rare Drop Rate และมอบผลของ<br>""Docile"" กับ ""Diligent"""
pet_MultiPersonality3#1,"""เพิ่ม Rare Drop Rate และมอบผลของ<br>""Adept"" กับ ""Serene"""
pet_MultiPersonality4#1,"""เพิ่ม Rare Drop Rate และมอบผลของ<br>""Adverse"" กับ ""Fierce"""
pet_MultiPersonality5#1,"""เพิ่ม Rare Drop Rate และมอบผลของ<br>""Poser"" กับ ""Soothing"""
pet_MultiPersonality6#1,"""เพิ่ม Rare Drop Rate และมอบผลของ<br>""Devoted"" กับ ""Cunning"""
pet_MultiPersonality7#1,"""เพิ่ม Rare Drop Rate และมอบผลของ<br>""Rowdy"" กับ ""Hawkish"""
pet_MultiPersonality8#1,"""เพิ่ม Rare Drop Rate, Damage ที่ทำกับบอส,<br>และ PP Recovery ที่ได้จาก Normal Attack"""
pet_MultiPersonality9#1,"""เพิ่ม Rare Drop Rate และ<br>ลด Damage ที่ Pet ได้รับ<br>เพิ่ม Critical Damage แต่ลด Critical Rate"""
item_NoAssign#1,"""คำอธิบาย Unset Potential"""
ShopTitle#6,"""FUN Shop"""
MenuGuide#9,"""<c f0df60>สามารถใช้ FUN เพื่อแลกซื้อไอเทมต่างๆ ได้ กรุณาเลือกไอเทมที่ต้องการ<c>"""
FunDenomination#0,""" FUN"""
CashTitle#3,"""FUN ปัจจุบัน"""
TotalCashTitle#2,"""FUN ทั้งหมด"""
PaperDoll#3,"""ดูตัวอย่าง"""
BuyTitle#5,"""ยืนยันการซื้อ"""
BuyCheck#5,"""ไอเทมเหล่านี้มีราคา $(1) $(0)<br>ต้องการดำเนินการซื้อต่อหรือไม่?"""
CancelTitle#12,"""ยืนยันการยกเลิก"""
CancelMessage#12,"""การดำเนินการนี้จะยกเลิกการซื้อ ต้องการทำต่อหรือไม่?"""
FunInsufficient#0,"""FUN ไม่พอ :c"""
PluralityMenuGuide#4,"""<c f0df60>กรุณาเลือกร้านค้า<c>"""
StarShopTitle#0,"""Prize Shop"""
StarMenuTitle#0,"""รายการรางวัล"""
StarMenuGuide#0,"""<c f0df60>คุณสามารถใช้ดาวเพื่อแลกซื้อไอเทมได้ กรุณาเลือกไอเทมที่ต้องการ<c>"""
StarDenomination#0,"""ดาว"""
StarCashTitle#0,"""ดาวปัจจุบัน"""
StarTotalCashTitle#0,"""ดาวทั้งหมด"""
StarInsufficient#0,"""ดาวไม่พอ"""
NoChangeItemMsg#0,"""ไม่มีไอเทมให้ซื้อ"""
NoEventMsg#0,"""ไม่สามารถดำเนินการซื้อต่อได้ สิ้นสุดระยะเวลา Prize Shop แล้ว"""
EtcErrorMsg#0,"""เกิดข้อผิดพลาด กรุณาลองซื้อใหม่อีกครั้ง"""
CPCashTitle#0,"""CM ปัจจุบัน"""
CPTotalCashTitle#0,"""CM ทั้งหมด"""
Npc_ShopReform2_a#0,"""FUN Shop (Consumable Items)"""
Npc_ShopReform2_b#0,"""FUN Shop (Lobby Actions)"""
Npc_ShopReform2_c#0,"""FUN Shop (Room Goods)"""
BCCashTitle#0,"""BC ปัจจุบัน"""
BCTotalCashTitle#0,"""BC ทั้งหมด"""
ShopTitle#7,"""ARKS Unity Festival 2015 FUN Shop (~25 กุมภาพันธ์ 2015, 11:00 JST)"""
MedalShopTitle#0,"""แลกของรางวัล"""
MedalMenuTitle#0,"""รายการรางวัล"""
MedalMenuGuide#0,"""<c f0df60>คุณสามารถใช้เหรียญเพื่อแลกซื้อไอเทมได้ กรุณาเลือกไอเทมที่ต้องการ<c>"""
MedalDenomination#0,"""เหรียญ"""
MedalCashTitle#0,"""เหรียญปัจจุบัน"""
MedalTotalCashTitle#0,"""เหรียญทั้งหมด"""
MedalInsufficient#0,"""เหรียญไม่พอ"""
MenuEvent#0,"""อีเวนต์"""
MenuBingo#0,"""ARKS Bingo Card """
MenuChallenge#0,"""การแข่งขัน"""
MenuChallengeInfo#0,"""ข้อมูลทัวร์นาเมนต์"""
Name_00#0,"""ไม่มี"""
Name_01#0,"""Power"""
Name_02#0,"""การใช้ PP"""
Name_03#0,"""Status Effect Rate"""
Name_04#0,"""Status Effect Lv."""
Name_05#0,"""ระยะเวลา Charge"""
Name_06#0,"""Hit Interval"""
Name_07#0,"""Hit Interval"""
Name_08#0,"""Initiation Time"""
Name_09#0,"""Initiation Angle"""
Name_10#0,"""Gravity"""
Name_11#0,"""ระยะ (Range)"""
Name_12#0,"""ระยะเวลาแสดงผล"""
Name_13#0,"""ระยะทาง (Distance)"""
Name_14#0,"""ความเร็ว"""
Name_15#0,"""ความเร็ว"""
Name_16#0,"""ระยะ (Range)"""
Name_17#0,"""ระยะ (Range)"""
Name_18#0,"""ระยะ (Range)"""
Name_19#0,"""ระยะ (Range)"""
Name_20#0,"""Reaction"""
Name_21#0,"""Hitstop"""
Name_22#0,"""Guard"""
Name_23#0,"""Second Charge"""
Name_24#0,"""ระยะเวลาแสดงผล Extend"""
Name_25#0,"""Special Charge Effect"""
PercentPlus#0,"""+$(0)%"""
PercentMinus#0,"""-$(0)%"""
ParamPlus#0,"""+$(0)"""
ParamMinus#0,"""-$(0)"""
LevelPlus#1,"""Lv.+$(0)"""
LevelMinus#0,"""Lv.-$(0)"""
SecondPlus#0,"""+$(0) วินาที"""
SecondMinus#0,"""-$(0) วินาที"""
AnglePlus#0,"""+$(0)°"""
AngleMinus#0,"""-$(0)°"""
MeterPlus#0,"""+$(0)m"""
MeterMinus#0,"""-$(0)m"""
AddPlus#0,"""Add $(0)"""
AddMinus#0,"""Minus $(0)"""
NonePlus#0,"""$(0)"""
NoneMinus#0,"""$(0)"""
Reaction_0#0,"""ไม่มี"""
Reaction_1#0,"""Reaction 1"""
Reaction_2#0,"""Reaction 2"""
Guard_0#0,"""ไม่มี"""
Guard_1#0,"""Anti-Guard Ability"""
Charge_0#0,"""ไม่มี"""
Charge_1#0,"""สามารถทำ Second Charge ได้"""
Effect_0#0,"""ไม่มี"""
Effect_1#0,"""Change Charge Effect"""
Fire01_01#0,"""สำหรับการทดสอบปรับแต่ง Technique:<br>คำอธิบาย Technique ธาตุไฟ 1 - ปรับแต่ง 1<br>บรรทัดที่ 3"""
Fire02_01#0,"""สำหรับการทดสอบปรับแต่ง Technique:<br>คำอธิบาย Technique ธาตุไฟ 2 - ปรับแต่ง 1<br>บรรทัดที่ 3"""
Fire03_01#0,"""สำหรับการทดสอบปรับแต่ง Technique:<br>คำอธิบาย Technique ธาตุไฟ 3 - ปรับแต่ง 1<br>บรรทัดที่ 3"""
Fire04_01#0,"""ห่อหุ้มร่างกายด้วยเปลวเพลิงที่ลุกโชนแล้วพุ่งเข้าชนเป้าหมาย<br>จากนั้นกวาดล้างศัตรูด้านหน้าด้วยเปลวเพลิงสีแดงฉาน"""
Fire05_01#0,"""สำหรับการทดสอบปรับแต่ง Technique:<br>คำอธิบาย Technique ธาตุไฟ 5 - ปรับแต่ง 1<br>บรรทัดที่ 3"""
Fire06_01#0,"""สำหรับการทดสอบปรับแต่ง Technique:<br>คำอธิบาย Technique ธาตุไฟ 6 - ปรับแต่ง 1<br>บรรทัดที่ 3"""
Fire07_01#0,"""สำหรับการทดสอบปรับแต่ง Technique:<br>คำอธิบาย Technique ธาตุไฟ 7 - ปรับแต่ง 1<br>บรรทัดที่ 3"""
Ice01_01#0,"""สำหรับการทดสอบปรับแต่ง Technique:<br>คำอธิบาย Technique ธาตุน้ำแข็ง 1 - ปรับแต่ง 1<br>บรรทัดที่ 3"""
Ice02_01#0,"""สำหรับการทดสอบปรับแต่ง Technique:<br>คำอธิบาย Technique ธาตุน้ำแข็ง 2 - ปรับแต่ง 1<br>บรรทัดที่ 3"""
Ice03_01#0,"""สำหรับการทดสอบปรับแต่ง Technique:<br>คำอธิบาย Technique ธาตุน้ำแข็ง 3 - ปรับแต่ง 1<br>บรรทัดที่ 3"""
Ice04_01#0,"""สำหรับการทดสอบปรับแต่ง Technique:<br>คำอธิบาย Technique ธาตุน้ำแข็ง 4 - ปรับแต่ง 1<br>บรรทัดที่ 3"""
Ice05_01#0,"""สำหรับการทดสอบปรับแต่ง Technique:<br>คำอธิบาย Technique ธาตุน้ำแข็ง 5 - ปรับแต่ง 1<br>บรรทัดที่ 3"""
Ice06_01#0,"""กางโล่น้ำแข็งที่จะตอบโต้เมื่อถูกโจมตี<br>หลังจากตอบโต้จะได้รับสถานะอมตะชั่วขณะ<br>กดปุ่มค้างไว้เพื่อกางโล่ต่อเนื่อง"""
Ice07_01#0,"""สำหรับการทดสอบปรับแต่ง Technique:<br>คำอธิบาย Technique ธาตุน้ำแข็ง 7 - ปรับแต่ง 1<br>บรรทัดที่ 3"""
Thunder01_01#0,"""กระตุ้น Photon ถึงขีดสุด<br>เพื่อสร้างพายุสายฟ้าในพื้นที่เป้าหมาย<br>ไม่สามารถเคลื่อนที่ได้ขณะชาร์จ"""
Thunder02_01#0,"""สำหรับการทดสอบปรับแต่ง Technique:<br>คำอธิบาย Technique ธาตุสายฟ้า 2 - ปรับแต่ง 1<br>บรรทัดที่ 3"""
Thunder03_01#0,"""สำหรับการทดสอบปรับแต่ง Technique:<br>คำอธิบาย Technique ธาตุสายฟ้า 3 - ปรับแต่ง 1<br>บรรทัดที่ 3"""
Thunder04_01#0,"""สำหรับการทดสอบปรับแต่ง Technique:<br>คำอธิบาย Technique ธาตุสายฟ้า 4 - ปรับแต่ง 1<br>บรรทัดที่ 3"""
Thunder05_01#0,"""สำหรับการทดสอบปรับแต่ง Technique:<br>คำอธิบาย Technique ธาตุสายฟ้า 5 - ปรับแต่ง 1<br>บรรทัดที่ 3"""
Thunder06_01#0,"""สำหรับการทดสอบปรับแต่ง Technique:<br>คำอธิบาย Technique ธาตุสายฟ้า 6 - ปรับแต่ง 1<br>บรรทัดที่ 3"""
Thunder07_01#0,"""สำหรับการทดสอบปรับแต่ง Technique:<br>คำอธิบาย Technique ธาตุสายฟ้า 7 - ปรับแต่ง 1<br>บรรทัดที่ 3"""
Wind01_01#0,"""สำหรับการทดสอบปรับแต่ง Technique:<br>คำอธิบาย Technique ธาตุลม 1 - ปรับแต่ง 1<br>บรรทัดที่ 3"""
Wind02_01#0,"""สำหรับการทดสอบปรับแต่ง Technique:<br>คำอธิบาย Technique ธาตุลม 2 - ปรับแต่ง 1<br>บรรทัดที่ 3"""
Wind03_01#0,"""สำหรับการทดสอบปรับแต่ง Technique:<br>คำอธิบาย Technique ธาตุลม 3 - ปรับแต่ง 1<br>บรรทัดที่ 3"""
Wind04_01#0,"""สำหรับการทดสอบปรับแต่ง Technique:<br>คำอธิบาย Technique ธาตุลม 4 - ปรับแต่ง 1<br>บรรทัดที่ 3"""
Wind05_01#0,"""ยิงเกลียวพายุลมที่อัดแน่นไปด้านหน้า<br>หลังจากเคลื่อนที่ไปถึงระยะหนึ่ง มันจะหยุดอยู่กับที่<br>และฉีกกระชากทุกสิ่งอย่างไร้ความปรานี"""
Wind06_01#0,"""สำหรับการทดสอบปรับแต่ง Technique:<br>คำอธิบาย Technique ธาตุลม 6 - ปรับแต่ง 1<br>บรรทัดที่ 3"""
Wind07_01#0,"""สำหรับการทดสอบปรับแต่ง Technique:<br>คำอธิบาย Technique ธาตุลม 7 - ปรับแต่ง 1<br>บรรทัดที่ 3"""
Light01_01#0,"""สำหรับการทดสอบปรับแต่ง Technique:<br>คำอธิบาย Technique ธาตุแสง 1 - ปรับแต่ง 1<br>บรรทัดที่ 3"""
Light02_01#0,"""ทำให้สามารถเคลื่อนที่ได้ขณะกางดาบแสง<br>เมื่อกดปุ่มค้างไว้ระยะหนึ่งแล้วปล่อย<br>จะฟันกวาดด้วยดาบแสงขนาดยักษ์"""
Light03_01#0,"""สำหรับการทดสอบปรับแต่ง Technique:<br>คำอธิบาย Technique ธาตุแสง 3 - ปรับแต่ง 1<br>บรรทัดที่ 3"""
Light04_01#0,"""สำหรับการทดสอบปรับแต่ง Technique:<br>คำอธิบาย Technique ธาตุแสง 4 - ปรับแต่ง 1<br>บรรทัดที่ 3"""
Light05_01#0,"""สำหรับการทดสอบปรับแต่ง Technique:<br>คำอธิบาย Technique ธาตุแสง 5 - ปรับแต่ง 1<br>บรรทัดที่ 3"""
Light06_01#0,"""สำหรับการทดสอบปรับแต่ง Technique:<br>คำอธิบาย Technique ธาตุแสง 6 - ปรับแต่ง 1<br>บรรทัดที่ 3"""
Light07_01#0,"""สำหรับการทดสอบปรับแต่ง Technique:<br>คำอธิบาย Technique ธาตุแสง 7 - ปรับแต่ง 1<br>บรรทัดที่ 3"""
Dark01_01#0,"""สำหรับการทดสอบปรับแต่ง Technique:<br>คำอธิบาย Technique ธาตุมืด 1 - ปรับแต่ง 1<br>บรรทัดที่ 3"""
Dark02_01#0,"""สำหรับการทดสอบปรับแต่ง Technique:<br>คำอธิบาย Technique ธาตุมืด 2 - ปรับแต่ง 1<br>บรรทัดที่ 3"""
Dark03_01#0,"""Photon ที่ควบแน่นจะโคจรรอบ<br>ตัวคุณเป็นระยะเวลาสั้นๆ"""
Dark04_01#0,"""สำหรับการทดสอบปรับแต่ง Technique:<br>คำอธิบาย Technique ธาตุมืด 4 - ปรับแต่ง 1<br>บรรทัดที่ 3"""
Dark05_01#0,"""สำหรับการทดสอบปรับแต่ง Technique:<br>คำอธิบาย Technique ธาตุมืด 5 - ปรับแต่ง 1<br>บรรทัดที่ 3"""
Dark06_01#0,"""สำหรับการทดสอบปรับแต่ง Technique:<br>คำอธิบาย Technique ธาตุมืด 6 - ปรับแต่ง 1<br>บรรทัดที่ 3"""
Dark07_01#0,"""สำหรับการทดสอบปรับแต่ง Technique:<br>คำอธิบาย Technique ธาตุมืด 7 - ปรับแต่ง 1<br>บรรทัดที่ 3"""
Name_000#0,"""โบนัส Rare Drop """
Name_001#0,"""โบนัส Experience Gain """
Name_002#0,"""โบนัส Unidentified Item Rate """
Name_003#0,"""HP Auto Restore """
Name_004#0,"""โบนัส Healing Item Effect """
Name_005#0,"""สุ่มป้องกัน Physical Dmg. """
Name_006#0,"""สุ่มป้องกัน Tech Dmg. """
Name_007#0,"""ป้องกัน Burn """
Name_008#0,"""ป้องกัน Freeze """
Name_009#0,"""ป้องกัน Shock """
Name_010#0,"""ป้องกัน Mirage """
Name_011#0,"""ป้องกัน Panic """
Name_012#0,"""ป้องกัน Poison """
Name_013#0,"""Buff Partner """
Name_014#0,"""เพิ่ม Weakness Dmg. """
Name_015#0,"""Main Effect 015"""
Name_016#0,"""Trial Stat Boost """
Name_017#0,"""Trial HP Recovery """
Name_018#0,"""Trial PP Recovery """
Name_019#0,"""Status Effect Kamikaze """
Name_020#0,"""Normal Attack Boost """
Name_021#0,"""Critical Rate Boost """
Name_022#0,"""Rare Enemy Kamikaze """
Name_023#0,"""Titled Enemy Kamikaze """
Name_024#0,"""Boosted Enemy Kamikaze """
Name_025#0,"""Rare Enemy Resistance """
Name_026#0,"""Titled Enemy Resistance """
Name_027#0,"""Boosted Enemy Resistance """
Name_028#0,"""Main Effect 028"""
Name_029#0,"""Main Effect 029"""
Name_030#0,"""Main Effect 030"""
Name_031#0,"""Main Effect 031"""
Name_032#0,"""Main Effect 032"""
Name_033#0,"""Main Effect 033"""
Name_034#0,"""Main Effect 034"""
Name_035#0,"""Main Effect 035"""
Name_036#0,"""Main Effect 036"""
Name_037#0,"""Main Effect 037"""
Name_038#0,"""Main Effect 038"""
Name_039#0,"""Main Effect 039"""
Name_040#0,"""Main Effect 040"""
Name_041#0,"""Main Effect 041"""
Name_042#0,"""Main Effect 042"""
Name_043#0,"""Main Effect 043"""
Name_044#0,"""Main Effect 044"""
Name_045#0,"""Main Effect 045"""
Name_046#0,"""Main Effect 046"""
Name_047#0,"""Main Effect 047"""
Name_048#0,"""Main Effect 048"""
Name_049#0,"""Main Effect 049"""
Name_050#0,"""Main Effect 050"""
Name_051#0,"""Main Effect 051"""
Name_052#0,"""Main Effect 052"""
Name_053#0,"""Main Effect 053"""
Name_054#0,"""Main Effect 054"""
Name_055#0,"""Main Effect 055"""
Name_056#0,"""Main Effect 056"""
Name_057#0,"""Main Effect 057"""
Name_058#0,"""Main Effect 058"""
Name_059#0,"""Main Effect 059"""
Name_060#0,"""Main Effect 060"""
Name_061#0,"""Main Effect 061"""
Name_062#0,"""Main Effect 062"""
Name_063#0,"""Main Effect 063"""
Name_064#0,"""Main Effect 064"""
Name_065#0,"""Main Effect 065"""
Name_066#0,"""Main Effect 066"""
Name_067#0,"""Main Effect 067"""
Name_068#0,"""Main Effect 068"""
Name_069#0,"""Main Effect 069"""
Name_070#0,"""Main Effect 070"""
Name_071#0,"""Main Effect 071"""
Name_072#0,"""Main Effect 072"""
Name_073#0,"""Main Effect 073"""
Name_074#0,"""Main Effect 074"""
Name_075#0,"""Main Effect 075"""
Name_076#0,"""Main Effect 076"""
Name_077#0,"""Main Effect 077"""
Name_078#0,"""Main Effect 078"""
Name_079#0,"""Main Effect 079"""
Name_080#0,"""Main Effect 080"""
Name_081#0,"""Main Effect 081"""
Name_082#0,"""Main Effect 082"""
Name_083#0,"""Main Effect 083"""
Name_084#0,"""Main Effect 084"""
Name_085#0,"""Main Effect 085"""
Name_086#0,"""Main Effect 086"""
Name_087#0,"""Main Effect 087"""
Name_088#0,"""Main Effect 088"""
Name_089#0,"""Main Effect 089"""
Name_090#0,"""Main Effect 090"""
Name_091#0,"""Main Effect 091"""
Name_092#0,"""Main Effect 092"""
Name_093#0,"""Main Effect 093"""
Name_094#0,"""Main Effect 094"""
Name_095#0,"""Main Effect 095"""
Name_096#0,"""Main Effect 096"""
Name_097#0,"""Main Effect 097"""
Name_098#0,"""Main Effect 098"""
Name_099#0,"""Main Effect 099"""
Name_100#0,"""Main Effect 100"""
Name_101#0,"""Main Effect 101"""
Name_102#0,"""Main Effect 102"""
Name_103#0,"""Main Effect 103"""
Name_104#0,"""Main Effect 104"""
Name_105#0,"""Main Effect 105"""
Name_106#0,"""Main Effect 106"""
Name_107#0,"""Main Effect 107"""
Name_108#0,"""Main Effect 108"""
Name_109#0,"""Main Effect 109"""
Name_110#0,"""Main Effect 110"""
Name_111#0,"""Main Effect 111"""
Name_112#0,"""Main Effect 112"""
Name_113#0,"""Main Effect 113"""
Name_114#0,"""Main Effect 114"""
Name_115#0,"""Main Effect 115"""
Name_116#0,"""Main Effect 116"""
Name_117#0,"""Main Effect 117"""
Name_118#0,"""Main Effect 118"""
Name_119#0,"""Main Effect 119"""
Name_120#0,"""Main Effect 120"""
Name_121#0,"""Main Effect 121"""
Name_122#0,"""Main Effect 122"""
Name_123#0,"""Main Effect 123"""
Name_124#0,"""Main Effect 124"""
Name_125#0,"""Main Effect 125"""
Name_126#0,"""Main Effect 126"""
Name_127#0,"""Main Effect 127"""
RangeArea_000#0,"""พื้นที่ใดก็ได้ """
RangeArea_001#0,"""Forest """
RangeArea_002#0,"""Tundra """
RangeArea_003#0,"""Ruins """
RangeArea_004#0,"""ดาว Naberius """
RangeArea_005#0,"""Volcanic Caverns """
RangeArea_006#0,"""Skyscape """
RangeArea_007#0,"""Sanctum """
RangeArea_008#0,"""ดาว Amduscia """
RangeArea_009#0,"""Desert """
RangeArea_010#0,"""Tunnels """
RangeArea_011#0,"""Quarry """
RangeArea_012#0,"""Mining Base """
RangeArea_013#0,"""ดาว Lillipa """
RangeArea_014#0,"""Coast """
RangeArea_015#0,"""Seabed """
RangeArea_016#0,"""ดาว Wopal """
RangeArea_017#0,"""Urban Sector """
RangeArea_018#0,"""ยาน ARKS """
RangeArea_019#0,"""Darker Den """
RangeArea_020#0,"""????"""
RangeArea_021#0,"""Mothership Interior """
RangeArea_022#0,"""Mothership"""
RangeArea_023#0,"""(Corrupted) Mothership Core """
RangeArea_024#0,"""(Corrupted) Mothership """
RangeArea_025#0,"""Mothership (Any) """
RangeArea_026#0,"""Wreckage: Deck """
RangeArea_027#0,"""ARKS Ship Wreckage """
RangeQuest_000#0,"""เควสต์ใดก็ได้ """
RangeQuest_001#0,"""Story Quest [EP1] """
RangeQuest_002#0,"""Story Quest [EP2] """
RangeQuest_003#0,"""Free Field """
RangeQuest_004#0,"""ARKS Quest """
RangeQuest_005#0,"""Time Attack Quest """
RangeQuest_006#0,"""Advance Quest """
RangeQuest_007#0,"""Emergency Quest """
RangeQuest_008#0,"""Emergency (Dark Falz) """
RangeQuest_009#0,"""Extreme Quest """
RangeQuest_010#0,"""Limited Quest """
RangeQuest_013#0,"""Divide Quest """
RangeQuestS_000#0,"""AL"""
RangeQuestS_001#0,"""ST"""
RangeQuestS_002#0,"""ST"""
RangeQuestS_003#0,"""FR"""
RangeQuestS_004#0,"""AR"""
RangeQuestS_005#0,"""TA"""
RangeQuestS_006#0,"""AD"""
RangeQuestS_007#0,"""EQ"""
RangeQuestS_008#0,"""EQ"""
RangeQuestS_009#0,"""EX"""
RangeQuestS_010#0,"""LM"""
RangeTerm_000#0,"""เวลาใดก็ได้"""
RangeTerm_001#0,"""ช่วงปีใหม่"""
RangeTerm_002#0,"""มกราคม"""
RangeTerm_003#0,"""วันวาเลนไทน์"""
RangeTerm_004#0,"""ช่วงเปิดให้บริการ \""PS Vita\"""
RangeTerm_005#0,"""วันเกิด Hiroshi Suganuma"""
RangeTerm_006#0,"""White Day"""
RangeTerm_007#0,"""ฤดูซากุระ"""
RangeTerm_008#0,"""ฤดูใบไม้ผลิ"""
RangeTerm_009#0,"""April Fool's"""
RangeTerm_010#0,"""ช่วงเปิดให้บริการ es"""
RangeTerm_011#0,"""อีสเตอร์"""
RangeTerm_012#0,"""Golden Week"""
RangeTerm_013#0,"""วันเกิด Sega"""
RangeTerm_014#0,"""ฤดูฝน"""
RangeTerm_015#0,"""วันเกิด Tomomasa Chen"""
RangeTerm_016#0,"""ช่วงเปิดให้บริการ \""PC\"""
RangeTerm_017#0,"""วันเกิด Yuya Kimura"""
RangeTerm_018#0,"""ทานาบาตะ"""
RangeTerm_019#0,"""ฤดูร้อน"""
RangeTerm_020#0,"""เทศกาลชมจันทร์"""
RangeTerm_021#0,"""วันเกิด Sakai"""
RangeTerm_022#0,"""ฮาโลวีน"""
RangeTerm_023#0,"""ฤดูใบไม้เปลี่ยนสี"""
RangeTerm_024#0,"""ฤดูใบไม้ร่วง"""
RangeTerm_025#0,"""คริสต์มาส"""
RangeTerm_026#0,"""หิมะตก"""
RangeTerm_027#0,"""ฤดูหนาว"""
RangeAll#0,"""ทั้งหมด"""
Percent#1,"""$(0)%"""
Level#0,"""$(0)$(1)"""
RangeArea_028#0,"""Shironia """
RangeArea_029#0,"""ดาว Harkotan """
RangeArea_030#0,"""Floating Facility """
RangeArea_031#0,"""Sylvan Wyverns """
RangeArea_032#0,"""Glacial Machinery """
RangeArea_033#0,"""Forsaken Aquatics & Extreme """
RangeArea_034#0,"""ARKS Fleet Fringes """
RangeArea_035#0,"""Shironia Fortress """
RangeArea_036#0,"""Shironia: Sealed Grounds Interior """
RangeArea_037#0,"""Kuron """
RangeArea_038#0,"""Shuttle"""
RangeArea_039#0,"""The End of the World """
RangeArea_040#0,"""Earth & Moon """
RangeArea_041#0,"""Tokyo """
RangeArea_042#0,"""Phantom """
RangeArea_043#0,"""Las Vegas """
RangeArea_044#0,"""Satellite - Moon"""
RangeArea_045#0,"""ARKS Ship: Shop Area"""
RangeArea_046#0,"""ดาว Earth"""
RangeArea_047#0,"""Lunar Center"""
RangeArea_048#0,"""Yggdrasil"""
RangeArea_049#0,"""London"""
RangeArea_050#0,"""Another World Omega"""
RangeArea_051#0,"""Prairie"""
RangeQuest_011#0,"""Omnibus [EP3] """
RangeQuest_012#0,"""Ultimate Quest """
RangeQuestS_011#0,"""ST"""
RangeQuestS_012#0,"""UL"""
RangeArea_052#0,"""Wastelands"""
RangeArea_053#0,"""Verun Castle: Throne Room"""
RangeArea_054#0,"""Cuent Castle"""
RangeArea_055#0,"""Enchanted Forest"""
RangeArea_056#0,"""Luther"""
RangeArea_057#0,"""Canyon Area"""
RangeArea_058#0,"""Apprentice: First Phase"""
RangeArea_059#0,"""Apprentice: Second Phase"""
RangeArea_060#0,"""Gorge Area: Dourumble Battle"""
RangeArea_061#0,"""Persona Hunar"""
RangeArea_062#0,"""Final Boss"""
RangeArea_063#0,"""ยาน ARKS - Xiao"""
RangeArea_064#0,"""Armada Battlesphere"""
Name_00#1,"""ไม่มี"""
Name_01#1,"""Power"""
Name_02#1,"""PP Cost"""
Name_03#1,"""DEX Modifier"""
Name_04#1,"""Range"""
Name_05#1,"""Move Dist."""
Name_06#1,"""Move Spd."""
Name_07#1,"""Bullet Speed"""
Name_08#1,"""Charge Time"""
Name_09#1,"""Status Effect Rate"""
Name_10#1,"""-----"""
Name_11#1,"""-----"""
Name_12#1,"""-----"""
Name_13#1,"""-----"""
Name_14#1,"""-----"""
Name_15#1,"""-----"""
Name_16#1,"""-----"""
SwordPA01_01#0,"""คำอธิบาย Sword PA1 - Custom 1"""
SwordPA02_01#0,"""สามารถเคลื่อนที่ได้ด้วยการป้อนทิศทางในขณะที่โจมตีแบบหมุน<br>กดปุ่มค้างไว้ในขณะที่โจมตีแบบหมุน<br>ระยะเวลาการโจมตีจะขยายออกไประยะหนึ่ง"""
SwordPA03_01#0,"""คำอธิบาย Sword PA3 - Custom 1"""
SwordPA04_01#0,"""คำอธิบาย Sword PA4 - Custom 1"""
SwordPA05_01#0,"""คำอธิบาย Sword PA5 - Custom 1"""
SwordPA06_01#0,"""คำอธิบาย Sword PA6 - Custom 1"""
SwordPA07_01#0,"""คำอธิบาย Sword PA7 - Custom 1"""
SwordPA08_01#0,"""คำอธิบาย Sword PA8 - Custom 1"""
SwordPA09_01#0,"""คำอธิบาย Sword PA9 - Custom 1"""
SwordPA10_01#0,"""พุ่งเข้าไปอย่างรวดเร็วเพื่อแย่งชิง Photon ของเป้าหมาย<br>และฟื้นฟู PP อีกทั้งยังเพิ่มปริมาณ PP Automatic Recovery<br>และขยายระยะของ Normal Attack"""
SwordPA11_01#0,"""คำอธิบาย Sword PA11 - Custom 1"""
WlancePA01_01#0,"""คำอธิบาย Wired Lance PA1 - Custom 1"""
WlancePA02_01#0,"""คำอธิบาย Wired Lance PA2 - Custom 1"""
WlancePA03_01#0,"""คำอธิบาย Wired Lance PA3 - Custom 1"""
WlancePA04_01#0,"""จับเป้าหมายแล้วเหวี่ยงไปรอบๆ<br>กดปุ่มค้างไว้เพื่อขยายระยะเวลาการโจมตี<br>และเพิ่มความเร็วในการหมุน"""
WlancePA05_01#0,"""คำอธิบาย Wired Lance PA4 - Custom 1"""
WlancePA06_01#0,"""คำอธิบาย Wired Lance PA6 - Custom 1"""
WlancePA07_01#0,"""คำอธิบาย Wired Lance PA7 - Custom 1"""
WlancePA08_01#0,"""โจมตีต่อเนื่องโดยจงใจไม่ใช้สายสลิงของ<br>Wired Lance การร่ายรำที่ว่องไวและ<br>ไร้ความปรานีจะฉีกกระชากเป้าหมายในพริบตา"""
WlancePA09_01#0,"""คำอธิบาย Wired Lance PA9 - Custom 1"""
WlancePA10_01#0,"""คำอธิบาย Wired Lance PA10 - Custom 1"""
WlancePA11_01#0,"""คำอธิบาย Wired Lance PA11 - Custom 1"""
PartisanPA01_01#0,"""คำอธิบาย Partizan PA1 - Custom 1"""
PartisanPA02_01#0,"""คำอธิบาย Partizan PA2 - Custom 1"""
PartisanPA03_01#0,"""พุ่งเข้าประชิดอย่างรวดเร็วและใช้ด้ามหอกกระแทกเป้าหมาย<br>อาศัยจังหวะที่เป้าหมายชะงัก ฟันเสยขึ้น<br>และงัดศัตรูขึ้นสู่ท้องฟ้า"""
PartisanPA04_01#0,"""คำอธิบาย Partizan PA4 - Custom 1"""
PartisanPA05_01#0,"""คำอธิบาย Partizan PA5 - Custom 1"""
PartisanPA06_01#0,"""คำอธิบาย Partizan PA6 - Custom 1"""
PartisanPA07_01#0,"""คำอธิบาย Partizan PA7 - Custom 1"""
PartisanPA08_01#0,"""คำอธิบาย Partizan PA8 - Custom 1"""
PartisanPA09_01#0,"""ปาหอกออกไปในแนวนอน<br>และแทงเป้าหมายด้วยหอก Photon<br>เมื่อทำการ Charge จะเพิ่ม Damage และระยะโจมตี"""
PartisanPA10_01#0,"""คำอธิบาย Partizan PA10 - Custom 1"""
PartisanPA11_01#0,"""คำอธิบาย Partizan PA11 - Custom 1"""
TdaggerPA01_01#0,"""กระโดดไล่ตามเป้าหมาย<br>และฟันกวาดแนวนอนอย่างรุนแรง<br>เมื่อประชิดศัตรูแล้ว สามารถเคลื่อนที่ได้ด้วยการป้อนทิศทาง"""
TdaggerPA02_01#0,"""คำอธิบาย Twin Daggers PA2 - Custom 1"""
TdaggerPA03_01#0,"""คำอธิบาย Twin Daggers PA3 - Custom 1"""
TdaggerPA04_01#0,"""การโจมตีแบบหมุนตัวที่งดงาม<br>ซึ่งเพิ่มความเร็วและระยะโจมตี<br>เตะและฟันศัตรูรอบข้างให้กระเด็น"""
TdaggerPA05_01#0,"""คำอธิบาย Twin Daggers PA5 - Custom 1"""
TdaggerPA06_01#0,"""คำอธิบาย Twin Daggers PA6 - Custom 1"""
TdaggerPA07_01#0,"""คำอธิบาย Twin Daggers PA7 - Custom 1"""
TdaggerPA08_01#0,"""คำอธิบาย Twin Daggers PA8 - Custom 1"""
TdaggerPA09_01#0,"""คำอธิบาย Twin Daggers PA9 - Custom 1"""
TdaggerPA10_01#0,"""คำอธิบาย Twin Daggers PA10 - Custom 1"""
TdaggerPA11_01#0,"""คำอธิบาย Twin Daggers PA11 - Custom 1"""
DsaberPA01_01#0,"""หมุนตัวราวกับพายุหมุน<br>และพุ่งทะลวงเข้าหาเป้าหมาย<br>เมื่อทำการ Charge จะเพิ่มความเร็วและระยะทางในการพุ่ง"""
DsaberPA02_01#0,"""คำอธิบาย Double Saber PA2 - Custom 1"""
DsaberPA03_01#0,"""คำอธิบาย Double Saber PA3 - Custom 1"""
DsaberPA04_01#0,"""คำอธิบาย Double Saber PA4 - Custom 1"""
DsaberPA05_01#0,"""คำอธิบาย Double Saber PA5 - Custom 1"""
DsaberPA06_01#0,"""คำอธิบาย Double Saber PA6 - Custom 1"""
DsaberPA07_01#0,"""คำอธิบาย Double Saber PA7 - Custom 1"""
DsaberPA08_01#0,"""คำอธิบาย Double Saber PA8 - Custom 1"""
DsaberPA09_01#0,"""ขว้างดาบสองปลายออกไปหมุนรอบตัว<br>เพื่อป้องกันการโจมตี เป็นท่าที่ผสานทั้งรุกและรับ<br>เมื่อทำการ Charge จะขยายระยะโจมตี"""
DsaberPA10_01#0,"""คำอธิบาย Double Saber PA10 - Custom 1"""
DsaberPA11_01#0,"""คำอธิบาย Double Saber PA11 - Custom 1"""
KnucklePA01_01#0,"""คำอธิบาย Knuckles PA1 - Custom 1"""
KnucklePA02_01#0,"""คำอธิบาย Knuckles PA2 - Custom 1"""
KnucklePA03_01#0,"""คำอธิบาย Knuckles PA3 - Custom 1"""
KnucklePA04_01#0,"""บิดหมุนร่างกาย<br>และใช้แรงเหวี่ยงนั้นปล่อยหมัดอัปเปอร์คัต<br>เมื่อทำการ Charge จะปล่อยหมัดสุดแรงเกิด"""
KnucklePA05_01#0,"""พุ่งโจมตีด้วยหมัดที่รวบรวมพลังไว้<br>กดปุ่มค้างไว้เพื่อขยายระยะเวลาการโจมตี<br>ยิ่งทะลวงศัตรูอย่างต่อเนื่อง Damage ก็จะยิ่งเพิ่มขึ้น"""
KnucklePA06_01#0,"""คำอธิบาย Knuckles PA6 - Custom 1"""
KnucklePA07_01#0,"""คำอธิบาย Knuckles PA7 - Custom 1"""
KnucklePA08_01#0,"""คำอธิบาย Knuckles PA8 - Custom 1"""
KnucklePA09_01#0,"""คำอธิบาย Knuckles PA9 - Custom 1"""
KnucklePA10_01#0,"""คำอธิบาย Knuckles PA10 - Custom 1"""
KnucklePA11_01#0,"""คำอธิบาย Knuckles PA11 - Custom 1"""
GunslashPA01_01#0,"""ใช้ Gunblade ฟันด้านหน้าอย่างรวดเร็ว<br>และปล่อยคลื่นดาบออกไป เป็นท่าที่ใช้ได้ทั้งระยะใกล้และไกล<br>แม้ระยะเวลาออกท่าจะสั้น แต่มีระยะโจมตีกว้าง"""
GunslashPA02_01#0,"""คำอธิบาย Gunblade PA2 - Custom 1"""
GunslashPA03_01#0,"""ปล่อยคลื่นดาบ Photon ความเร็วต่ำ<br>ออกไปโจมตี เมื่อยิงกระสุนซ้ำเข้าไป<br>คลื่นดาบ Photon จะพุ่งด้วยความเร็วสูงขึ้น"""
GunslashPA04_01#0,"""คำอธิบาย Gunblade PA4 - Custom 1"""
GunslashPA05_01#0,"""คำอธิบาย Gunblade PA5 - Custom 1"""
GunslashPA06_01#0,"""คำอธิบาย Gunblade PA6 - Custom 1"""
GunslashPA07_01#0,"""คำอธิบาย Gunblade PA7 - Custom 1"""
GunslashPA08_01#0,"""คำอธิบาย Gunblade PA8 - Custom 1"""
GunslashPA09_01#0,"""คำอธิบาย Gunblade PA9 - Custom 1"""
GunslashPA10_01#0,"""คำอธิบาย Gunblade PA10 - Custom 1"""
GunslashPA11_01#0,"""คำอธิบาย Gunblade PA11 - Custom 1"""
RiflePA01_01#0,"""คำอธิบาย Assault Rifle PA1 - Custom 1"""
RiflePA02_01#0,"""คำอธิบาย Assault Rifle PA2 - Custom 1"""
RiflePA03_01#0,"""คำอธิบาย Assault Rifle PA3 - Custom 1"""
RiflePA04_01#0,"""คำอธิบาย Assault Rifle PA4 - Custom 1"""
RiflePA05_01#0,"""ยกเลิกระบบล็อกเป้าหมายหลายตัว<br>แล้วยิงกระสุนติดตามทั้งหมดใส่เป้าหมายเดียว<br>เพิ่มประสิทธิภาพในการใช้งานระยะไกล"""
RiflePA06_01#0,"""คำอธิบาย Assault Rifle PA6 - Custom 1"""
RiflePA07_01#0,"""คำอธิบาย Assault Rifle PA7 - Custom 1"""
RiflePA08_01#0,"""คำอธิบาย Assault Rifle PA8 - Custom 1"""
RiflePA09_01#0,"""ยิงปืนพร้อมกับเคลื่อนที่โดยล็อกเป้าหมายไว้<br>กดปุ่มค้างไว้เพื่อให้สามารถเคลื่อนที่<br>ไปยังทิศทางใดก็ได้ในขณะที่ยิง"""
RiflePA10_01#0,"""คำอธิบาย Assault Rifle PA10 - Custom 1"""
RiflePA11_01#0,"""คำอธิบาย Assault Rifle PA11 - Custom 1"""
LauncherPA01_01#0,"""บรรจุและยิงกระสุน Grenade ที่ทรงพลัง<br>อย่างไม่ต้องสงสัย เมื่อทำการ Charge<br>จะสามารถยิงกระสุนที่มีพลังทำลายล้างสูงยิ่งขึ้น"""
LauncherPA02_01#0,"""คำอธิบาย Launcher PA2 - Custom 1"""
LauncherPA03_01#0,"""คำอธิบาย Launcher PA3 - Custom 1"""
LauncherPA04_01#0,"""คำอธิบาย Launcher PA4 - Custom 1"""
LauncherPA05_01#0,"""คำอธิบาย Launcher PA5 - Custom 1"""
LauncherPA06_01#0,"""กดปุ่มค้างไว้เพื่อพุ่งโจมตี<br>พร้อมกับเคลื่อนที่ไปในทิศทางใดก็ได้<br>เมื่อป้อนคำสั่งต่อเนื่องระยะหนึ่ง Damage จะเพิ่มขึ้น"""
LauncherPA07_01#0,"""คำอธิบาย Launcher PA7 - Custom 1"""
LauncherPA08_01#0,"""คำอธิบาย Launcher PA8 - Custom 1"""
LauncherPA09_01#0,"""คำอธิบาย Launcher PA9 - Custom 1"""
LauncherPA10_01#0,"""คำอธิบาย Launcher PA10 - Custom 1"""
LauncherPA11_01#0,"""คำอธิบาย Launcher PA11 - Custom 1"""
MachinegunPA01_01#0,"""คำอธิบาย Twin Machine Guns PA1 - Custom 1"""
MachinegunPA02_01#0,"""กดเป้าหมายลงกับพื้นและสาดห่ากระสุน<br>ใส่ สามารถเคลื่อนที่ได้ด้วยการป้อนทิศทาง<br>กดย้ำรัวๆ เพื่อเพิ่มจำนวนครั้งในการโจมตี"""
MachinegunPA03_01#0,"""คำอธิบาย Twin Machine Guns PA3 - Custom 1"""
MachinegunPA04_01#0,"""คำอธิบาย Twin Machine Guns PA4 - Custom 1"""
MachinegunPA05_01#0,"""กดปุ่มค้างไว้เพื่อสาดกระสุนปืน<br>ในตอนท้ายจะรวบรวม Photon ที่สะสมไว้<br>ระหว่างยิงรัว แล้วปลดปล่อยไปด้านหน้า"""
MachinegunPA06_01#0,"""คำอธิบาย Twin Machine Guns PA6 - Custom 1"""
MachinegunPA07_01#0,"""คำอธิบาย Twin Machine Guns PA7 - Custom 1"""
MachinegunPA08_01#0,"""คำอธิบาย Twin Machine Guns PA8 - Custom 1"""
MachinegunPA09_01#0,"""คำอธิบาย Twin Machine Guns PA9 - Custom 1"""
MachinegunPA10_01#0,"""คำอธิบาย Twin Machine Guns PA10 - Custom 1"""
MachinegunPA11_01#0,"""คำอธิบาย Twin Machine Guns PA11 - Custom 1"""
KatanaPA01_01#0,"""คำอธิบาย Katana PA1 - Custom 1"""
KatanaPA02_01#0,"""คำอธิบาย Katana PA2 - Custom 1"""
KatanaPA03_01#0,"""คำอธิบาย Katana PA3 - Custom 1"""
KatanaPA04_01#0,"""จากท่าตั้งดาบ จะทำการชักดาบฟัน<br>ด้วยความเร็วแสงจนมองไม่เห็น หากกดใช้งาน<br>ให้ตรงจังหวะจะเกิดการโจมตีต่อเนื่อง"""
KatanaPA05_01#0,"""คำอธิบาย Katana PA5 - Custom 1"""
KatanaPA06_01#0,"""คำอธิบาย Katana PA6 - Custom 1"""
KatanaPA07_01#0,"""คำอธิบาย Katana PA7 - Custom 1"""
KatanaPA08_01#0,"""คำอธิบาย Katana PA8 - Custom 1"""
KatanaPA09_01#0,"""หลังจากเกิดแสงสว่างวาบชั่วพริบตา จะปล่อยการโจมตีที่ไร้ความปรานีออกไป<br>เมื่อทำการ Charge จะแสดงพลังที่แท้จริง<br>และสามารถปลดปล่อยพลังออกมาได้ถึงขีดสุด"""
KatanaPA10_01#0,"""คำอธิบาย Katana PA10 - Custom 1"""
KatanaPA11_01#0,"""คำอธิบาย Katana PA11 - Custom 1"""
CompoundBowPA01_01#0,"""คำอธิบาย Bullet Bow PA1 - Custom 1"""
CompoundBowPA02_01#0,"""คำอธิบาย Bullet Bow PA2 - Custom 1"""
CompoundBowPA03_01#0,"""คำอธิบาย Bullet Bow PA3 - Custom 1"""
CompoundBowPA04_01#0,"""คำอธิบาย Bullet Bow PA4 - Custom 1"""
CompoundBowPA05_01#0,"""คำอธิบาย Bullet Bow PA5 - Custom 1"""
CompoundBowPA06_01#0,"""ยิงลูกศรพิเศษจากกลางอากาศแล้วทำให้ระเบิด<br>เมื่อทำการ Charge จะขยายระยะของ Damage<br>หากป้อนทิศทางไปด้านหน้า จะตีลังกาไปข้างหน้าแล้วยิงลูกศร"""
CompoundBowPA07_01#0,"""คำอธิบาย Bullet PA7 - Custom 1"""
CompoundBowPA08_01#0,"""โจมตีต่อเนื่องหลาย Hit ด้วยการเตะอยู่กับที่<br>แล้วยิงลูกศรออกไปหลายดอก เมื่อทำการ Charge<br>จำนวนครั้งในการโจมตีจะเพิ่มขึ้น สามารถเคลื่อนที่ได้ด้วยการป้อนทิศทาง"""
CompoundBowPA09_01#0,"""คำอธิบาย Bullet Bow PA9 - Custom 1"""
CompoundBowPA10_01#0,"""คำอธิบาย Bullet Bow PA10 - Custom 1"""
CompoundBowPA11_01#0,"""คำอธิบาย Bullet Bow PA11 - Custom 1"""
JetBootsPA01_01#0,"""เตะหมุนตัว กดปุ่มค้างไว้เพื่อขยายระยะเวลาการโจมตี<br>และทำให้สามารถใช้งานท่า Derived ที่ทรงพลังได้<br>เมื่อขยายระยะเวลาการโจมตี Damage จะเพิ่มขึ้น"""
JetBootsPA02_01#0,"""คำอธิบาย Jet Boots PA2 - Custom 1"""
JetBootsPA03_01#0,"""คำอธิบาย Jet Boots PA3 - Custom 1"""
JetBootsPA04_01#0,"""คำอธิบาย Jet Boots PA4 - Custom 1"""
DbladePA01_01#0,"""คำอธิบาย Dual Blade PA1 - Custom 1"""
DbladePA02_01#0,"""คำอธิบาย Dual Blade PA2 - Custom 1"""
DbladePA03_01#0,"""คำอธิบาย Dual Blade PA3 - Custom 1"""
DbladePA04_01#0,"""คำอธิบาย Dual Blade PA4 - Custom 1"""
DbladePA05_01#0,"""คำอธิบาย Dual Blade PA5 - Custom 1"""
DbladePA06_01#0,"""ใช้ Gear ทั้งหมดเพื่อสร้างดาบแสง<br>ร่ายรำการโจมตีพร้อมกับคมดาบ Photon<br>และฉีกกระชากเป้าหมายเป็นชิ้นๆ ด้วยคมดาบนับไม่ถ้วน"""
DbladePA07_01#0,"""คำอธิบาย Dual Blade PA7 - Custom 1"""
SwordPA01_02#0,"""คำอธิบาย Sword PA1 - Custom 2"""
SwordPA02_02#0,"""คำอธิบาย Sword PA2 - Custom 2"""
SwordPA03_02#0,"""คำอธิบาย Sword PA3 - Custom 2"""
SwordPA04_02#0,"""คำอธิบาย Sword PA4 - Custom 2"""
SwordPA05_02#0,"""คำอธิบาย Sword PA5 - Custom 2"""
SwordPA06_02#0,"""คำอธิบาย Sword PA6 - Custom 2"""
SwordPA07_02#0,"""คำอธิบาย Sword PA7 - Custom 2"""
SwordPA08_02#0,"""คำอธิบาย Sword PA8 - Custom 2"""
SwordPA09_02#0,"""คำอธิบาย Sword PA9 - Custom 2"""
SwordPA10_02#0,"""คำอธิบาย Sword PA10 - Custom 2"""
SwordPA11_02#0,"""คำอธิบาย Sword PA11 - Custom 2"""
WlancePA01_02#0,"""คำอธิบาย Wired Lance PA1 - Custom 2"""
WlancePA02_02#0,"""คำอธิบาย Wired Lance PA2 - Custom 2"""
WlancePA03_02#0,"""คำอธิบาย Wired Lance PA3 - Custom 2"""
WlancePA04_02#0,"""คำอธิบาย Wired Lance PA4 - Custom 2"""
WlancePA05_02#0,"""คำอธิบาย Wired Lance PA5 - Custom 2"""
WlancePA06_02#0,"""คำอธิบาย Wired Lance PA6 - Custom 2"""
WlancePA07_02#0,"""คำอธิบาย Wired Lance PA7 - Custom 2"""
WlancePA08_02#0,"""คำอธิบาย Wired Lance PA8 - Custom 2"""
WlancePA09_02#0,"""คำอธิบาย Wired Lance PA9 - Custom 2"""
WlancePA10_02#0,"""คำอธิบาย Wired Lance PA10 - Custom 2"""
WlancePA11_02#0,"""คำอธิบาย Wired Lance PA11 - Custom 2"""
PartisanPA01_02#0,"""คำอธิบาย Partizan PA1 - Custom 2"""
PartisanPA02_02#0,"""คำอธิบาย Partizan PA2 - Custom 2"""
PartisanPA03_02#0,"""คำอธิบาย Partizan PA3 - Custom 2"""
PartisanPA04_02#0,"""คำอธิบาย Partizan PA4 - Custom 2"""
PartisanPA05_02#0,"""คำอธิบาย Partizan PA5 - Custom 2"""
PartisanPA06_02#0,"""คำอธิบาย Partizan PA6 - Custom 2"""
PartisanPA07_02#0,"""คำอธิบาย Partizan PA7 - Custom 2"""
PartisanPA08_02#0,"""คำอธิบาย Partizan PA8 - Custom 2"""
PartisanPA09_02#0,"""คำอธิบาย Partizan PA9 - Custom 2"""
PartisanPA10_02#0,"""คำอธิบาย Partizan PA10 - Custom 2"""
PartisanPA11_02#0,"""คำอธิบาย Partizan PA11 - Custom 2"""
TdaggerPA01_02#0,"""คำอธิบาย Twin Daggers PA1 - Custom 2"""
TdaggerPA02_02#0,"""คำอธิบาย Twin Daggers PA2 - Custom 2"""
TdaggerPA03_02#0,"""คำอธิบาย Twin Daggers PA3 - Custom 2"""
TdaggerPA04_02#0,"""คำอธิบาย Twin Daggers PA4 - Custom 2"""
TdaggerPA05_02#0,"""คำอธิบาย Twin Daggers PA5 - Custom 2"""
TdaggerPA06_02#0,"""คำอธิบาย Twin Daggers PA6 - Custom 2"""
TdaggerPA07_02#0,"""คำอธิบาย Twin Daggers PA7 - Custom 2"""
TdaggerPA08_02#0,"""คำอธิบาย Twin Daggers PA8 - Custom 2"""
TdaggerPA09_02#0,"""คำอธิบาย Twin Daggers PA9 - Custom 2"""
TdaggerPA10_02#0,"""คำอธิบาย Twin Daggers PA10 - Custom 2"""
TdaggerPA11_02#0,"""คำอธิบาย Twin Daggers PA11 - Custom 2"""
DsaberPA01_02#0,"""คำอธิบาย Double Saber PA1 - Custom 2"""
DsaberPA02_02#0,"""คำอธิบาย Double Saber PA2 - Custom 2"""
DsaberPA03_02#0,"""คำอธิบาย Double Saber PA3 - Custom 2"""
DsaberPA04_02#0,"""คำอธิบาย Double Saber PA4 - Custom 2"""
DsaberPA05_02#0,"""คำอธิบาย Double Saber PA5 - Custom 2"""
DsaberPA06_02#0,"""คำอธิบาย Double Saber PA6 - Custom 2"""
DsaberPA07_02#0,"""คำอธิบาย Double Saber PA7 - Custom 2"""
DsaberPA08_02#0,"""คำอธิบาย Double Saber PA8 - Custom 2"""
DsaberPA09_02#0,"""คำอธิบาย Double Saber PA9 - Custom 2"""
DsaberPA10_02#0,"""คำอธิบาย Double Saber PA10 - Custom 2"""
DsaberPA11_02#0,"""คำอธิบาย Double Saber PA11 - Custom 2"""
KnucklePA01_02#0,"""คำอธิบาย Knuckles PA1 - Custom 2"""
KnucklePA02_02#0,"""คำอธิบาย Knuckles PA2 - Custom 2"""
KnucklePA03_02#0,"""คำอธิบาย Knuckles PA3 - Custom 2"""
KnucklePA04_02#0,"""คำอธิบาย Knuckles PA4 - Custom 2"""
KnucklePA05_02#0,"""คำอธิบาย Knuckles PA5 - Custom 2"""
KnucklePA06_02#0,"""คำอธิบาย Knuckles PA6 - Custom 2"""
KnucklePA07_02#0,"""คำอธิบาย Knuckles PA7 - Custom 2"""
KnucklePA08_02#0,"""คำอธิบาย Knuckles PA8 - Custom 2"""
KnucklePA09_02#0,"""คำอธิบาย Knuckles PA9 - Custom 2"""
KnucklePA10_02#0,"""คำอธิบาย Knuckles PA10 - Custom 2"""
KnucklePA11_02#0,"""คำอธิบาย Knuckles PA11 - Custom 2"""
GunslashPA01_02#0,"""คำอธิบาย Gunblade PA1 - Custom 2"""
GunslashPA02_02#0,"""คำอธิบาย Gunblade PA2 - Custom 2"""
GunslashPA03_02#0,"""คำอธิบาย Gunblade PA3 - Custom 2"""
GunslashPA04_02#0,"""คำอธิบาย Gunblade PA4 - Custom 2"""
GunslashPA05_02#0,"""คำอธิบาย Gunblade PA5 - Custom 2"""
GunslashPA06_02#0,"""คำอธิบาย Gunblade PA6 - Custom 2"""
GunslashPA07_02#0,"""คำอธิบาย Gunblade PA7 - Custom 2"""
GunslashPA08_02#0,"""คำอธิบาย Gunblade PA8 - Custom 2"""
GunslashPA09_02#0,"""คำอธิบาย Gunblade PA9 - Custom 2"""
GunslashPA10_02#0,"""คำอธิบาย Gunblade PA10 - Custom 2"""
GunslashPA11_02#0,"""คำอธิบาย Gunblade PA11 - Custom 2"""
RiflePA01_02#0,"""คำอธิบาย Assault Rifle PA1 - Custom 2"""
RiflePA02_02#0,"""คำอธิบาย Assault Rifle PA2 - Custom 2"""
RiflePA03_02#0,"""คำอธิบาย Assault Rifle PA3 - Custom 2"""
RiflePA04_02#0,"""คำอธิบาย Assault Rifle PA4 - Custom 2"""
RiflePA05_02#0,"""คำอธิบาย Assault Rifle PA5 - Custom 2"""
RiflePA06_02#0,"""คำอธิบาย Assault Rifle PA6 - Custom 2"""
RiflePA07_02#0,"""คำอธิบาย Assault Rifle PA7 - Custom 2"""
RiflePA08_02#0,"""คำอธิบาย Assault Rifle PA8 - Custom 2"""
RiflePA09_02#0,"""คำอธิบาย Assault Rifle PA9 - Custom 2"""
RiflePA10_02#0,"""คำอธิบาย Assault Rifle PA10 - Custom 2"""
RiflePA11_02#0,"""คำอธิบาย Assault Rifle PA11 - Custom 2"""
LauncherPA01_02#0,"""คำอธิบาย Launcher PA1 - Custom 2"""
LauncherPA02_02#0,"""คำอธิบาย Launcher PA2 - Custom 2"""
LauncherPA03_02#0,"""คำอธิบาย Launcher PA3 - Custom 2"""
LauncherPA04_02#0,"""คำอธิบาย Launcher PA4 - Custom 2"""
LauncherPA05_02#0,"""คำอธิบาย Launcher PA5 - Custom 2"""
LauncherPA06_02#0,"""คำอธิบาย Launcher PA6 - Custom 2"""
LauncherPA07_02#0,"""คำอธิบาย Launcher PA7 - Custom 2"""
LauncherPA08_02#0,"""คำอธิบาย Launcher PA8 - Custom 2"""
LauncherPA09_02#0,"""คำอธิบาย Launcher PA9 - Custom 2"""
LauncherPA10_02#0,"""คำอธิบาย Launcher PA10 - Custom 2"""
LauncherPA11_02#0,"""คำอธิบาย Launcher PA11 - Custom 2"""
MachinegunPA01_02#0,"""คำอธิบาย Twin Machine Guns PA1 - Custom 2"""
MachinegunPA02_02#0,"""คำอธิบาย Twin Machine Guns PA2 - Custom 2"""
MachinegunPA03_02#0,"""คำอธิบาย Twin Machine Guns PA3 - Custom 2"""
MachinegunPA04_02#0,"""คำอธิบาย Twin Machine Guns PA4 - Custom 2"""
MachinegunPA05_02#0,"""คำอธิบาย Twin Machine Guns PA5 - Custom 2"""
MachinegunPA06_02#0,"""คำอธิบาย Twin Machine Guns PA6 - Custom 2"""
MachinegunPA07_02#0,"""คำอธิบาย Twin Machine Guns PA7 - Custom 2"""
MachinegunPA08_02#0,"""คำอธิบาย Twin Machine Guns PA8 - Custom 2"""
MachinegunPA09_02#0,"""คำอธิบาย Twin Machine Guns PA9 - Custom 2"""
MachinegunPA10_02#0,"""คำอธิบาย Twin Machine Guns PA10 - Custom 2"""
MachinegunPA11_02#0,"""คำอธิบาย Twin Machine Guns PA11 - Custom 2"""
KatanaPA01_02#0,"""คำอธิบาย Katana PA1 - Custom 2"""
KatanaPA02_02#0,"""คำอธิบาย Katana PA2 - Custom 2"""
KatanaPA03_02#0,"""คำอธิบาย Katana PA3 - Custom 2"""
KatanaPA04_02#0,"""คำอธิบาย Katana PA4 - Custom 2"""
KatanaPA05_02#0,"""คำอธิบาย Katana PA5 - Custom 2"""
KatanaPA06_02#0,"""คำอธิบาย Katana PA6 - Custom 2"""
KatanaPA07_02#0,"""คำอธิบาย Katana PA7 - Custom 2"""
KatanaPA08_02#0,"""คำอธิบาย Katana PA8 - Custom 2"""
KatanaPA09_02#0,"""คำอธิบาย Katana PA9 - Custom 2"""
KatanaPA10_02#0,"""คำอธิบาย Katana PA10 - Custom 2"""
KatanaPA11_02#0,"""คำอธิบาย Katana PA11 - Custom 2"""
CompoundBowPA01_02#0,"""คำอธิบาย Bullet Bow PA1 - Custom 2"""
CompoundBowPA02_02#0,"""คำอธิบาย Bullet Bow PA2 - Custom 2"""
CompoundBowPA03_02#0,"""คำอธิบาย Bullet Bow PA3 - Custom 2"""
CompoundBowPA04_02#0,"""คำอธิบาย Bullet Bow PA4 - Custom 2"""
CompoundBowPA05_02#0,"""คำอธิบาย Bullet Bow PA5 - Custom 2"""
CompoundBowPA06_02#0,"""คำอธิบาย Bullet Bow PA6 - Custom 2"""
CompoundBowPA07_02#0,"""คำอธิบาย Bullet PA7 - Custom 2"""
CompoundBowPA08_02#0,"""คำอธิบาย Bullet Bow PA8 - Custom 2"""
CompoundBowPA09_02#0,"""คำอธิบาย Bullet Bow PA9 - Custom 2"""
CompoundBowPA10_02#0,"""คำอธิบาย Bullet Bow PA10 - Custom 2"""
CompoundBowPA11_02#0,"""คำอธิบาย Bullet Bow PA11 - Custom 2"""
JetBootsPA01_02#0,"""คำอธิบาย Jet Boots PA1 - Custom 2"""
JetBootsPA02_02#0,"""คำอธิบาย Jet Boots PA2 - Custom 2"""
JetBootsPA03_02#0,"""คำอธิบาย Jet Boots PA3 - Custom 2"""
JetBootsPA04_02#0,"""คำอธิบาย Jet Boots PA4 - Custom 2"""
DbladePA01_02#0,"""คำอธิบาย Dual Blade PA1 - Custom 2"""
DbladePA02_02#0,"""คำอธิบาย Dual Blade PA2 - Custom 2"""
DbladePA03_02#0,"""คำอธิบาย Dual Blade PA3 - Custom 2"""
DbladePA04_02#0,"""คำอธิบาย Dual Blade PA4 - Custom 2"""
DbladePA05_02#0,"""คำอธิบาย Dual Blade PA5 - Custom 2"""
DbladePA06_02#0,"""คำอธิบาย Dual Blade PA6 - Custom 2"""
DbladePA07_02#0,"""คำอธิบาย Dual Blade PA7 - Custom 2"""
SwordPA01_01#1,"""-----"""
SwordPA02_01#1,"""กดค้างเพื่อเคลื่อนที่ในขณะที่ยังหมุนอยู่"""
SwordPA03_01#1,"""-----"""
SwordPA04_01#1,"""-----"""
SwordPA05_01#1,"""-----"""
SwordPA06_01#1,"""-----"""
SwordPA07_01#1,"""-----"""
SwordPA08_01#1,"""-----"""
SwordPA09_01#1,"""-----"""
SwordPA10_01#1,"""พุ่งเข้าประชิดในตอนเริ่ม และเสริมพลัง Normal Attack เมื่อโจมตีโดนเป้าหมาย"""
SwordPA11_01#1,"""-----"""
WlancePA01_01#1,"""-----"""
WlancePA02_01#1,"""-----"""
WlancePA03_01#1,"""-----"""
WlancePA04_01#1,"""กดปุ่มค้างเพื่อขยายระยะเวลาการโจมตี และเพิ่มความเร็วในการหมุน"""
WlancePA05_01#1,"""-----"""
WlancePA06_01#1,"""-----"""
WlancePA07_01#1,"""-----"""
WlancePA08_01#1,"""เพิ่มความเร็วในการโจมตี แต่ลดระยะโจมตี"""
WlancePA09_01#1,"""-----"""
WlancePA10_01#1,"""-----"""
WlancePA11_01#1,"""-----"""
PartisanPA01_01#1,"""-----"""
PartisanPA02_01#1,"""-----"""
PartisanPA03_01#1,"""พุ่งเข้าประชิดในตอนเริ่ม"""
PartisanPA04_01#1,"""-----"""
PartisanPA05_01#1,"""-----"""
PartisanPA06_01#1,"""-----"""
PartisanPA07_01#1,"""-----"""
PartisanPA08_01#1,"""-----"""
PartisanPA09_01#1,"""ปาออกไปเป็นเส้นตรง เสริมพลังเมื่อทำการ Charge"""
PartisanPA10_01#1,"""-----"""
PartisanPA11_01#1,"""-----"""
TdaggerPA01_01#1,"""หลังจากประชิดเป้าหมาย สามารถเคลื่อนที่ได้ด้วยการป้อนคำสั่งเพิ่มเติม"""
TdaggerPA02_01#1,"""-----"""
TdaggerPA03_01#1,"""-----"""
TdaggerPA04_01#1,"""เพิ่มความเร็วในการโจมตี และขยายระยะโจมตี"""
TdaggerPA05_01#1,"""-----"""
TdaggerPA06_01#1,"""-----"""
TdaggerPA07_01#1,"""-----"""
TdaggerPA08_01#1,"""-----"""
TdaggerPA09_01#1,"""-----"""
TdaggerPA10_01#1,"""-----"""
TdaggerPA11_01#1,"""-----"""
DsaberPA01_01#1,"""เมื่อทำการ Charge จะเพิ่มความเร็วและระยะทางในการเคลื่อนที่"""
DsaberPA02_01#1,"""-----"""
DsaberPA03_01#1,"""-----"""
DsaberPA04_01#1,"""-----"""
DsaberPA05_01#1,"""-----"""
DsaberPA06_01#1,"""-----"""
DsaberPA07_01#1,"""-----"""
DsaberPA08_01#1,"""-----"""
DsaberPA09_01#1,"""เพิ่ม Hit Count และเพิ่มสถานะ Guard"""
DsaberPA10_01#1,"""-----"""
DsaberPA11_01#1,"""-----"""
KnucklePA01_01#1,"""-----"""
KnucklePA02_01#1,"""-----"""
KnucklePA03_01#1,"""-----"""
KnucklePA04_01#1,"""เมื่อทำการ Charge จะเพิ่ม Hit Count"""
KnucklePA05_01#1,"""กดปุ่มค้างไว้เพื่อขยายระยะเวลาพุ่งโจมตี"""
KnucklePA06_01#1,"""-----"""
KnucklePA07_01#1,"""-----"""
KnucklePA08_01#1,"""-----"""
KnucklePA09_01#1,"""-----"""
KnucklePA10_01#1,"""-----"""
KnucklePA11_01#1,"""-----"""
GunslashPA01_01#1,"""ปล่อยคลื่นดาบโจมตีเพิ่มเติม"""
GunslashPA02_01#1,"""-----"""
GunslashPA03_01#1,"""วางดาบ Photon และยิงออกไปเมื่อใช้ท่า Derived"""
GunslashPA04_01#1,"""-----"""
GunslashPA05_01#1,"""-----"""
GunslashPA06_01#1,"""-----"""
GunslashPA07_01#1,"""-----"""
GunslashPA08_01#1,"""-----"""
GunslashPA09_01#1,"""-----"""
GunslashPA10_01#1,"""-----"""
GunslashPA11_01#1,"""-----"""
RiflePA01_01#1,"""-----"""
RiflePA02_01#1,"""-----"""
RiflePA03_01#1,"""-----"""
RiflePA04_01#1,"""-----"""
RiflePA05_01#1,"""ยิงกระสุนติดตามทั้งหมดใส่เป้าหมายเดียว"""
RiflePA06_01#1,"""-----"""
RiflePA07_01#1,"""-----"""
RiflePA08_01#1,"""-----"""
RiflePA09_01#1,"""กดปุ่มค้างเพื่อยิงพร้อมกับเคลื่อนที่ไปในทิศทางใดก็ได้"""
RiflePA10_01#1,"""-----"""
RiflePA11_01#1,"""-----"""
LauncherPA01_01#1,"""เมื่อทำการ Charge จะขยายขอบเขตการระเบิด"""
LauncherPA02_01#1,"""-----"""
LauncherPA03_01#1,"""-----"""
LauncherPA04_01#1,"""-----"""
LauncherPA05_01#1,"""-----"""
LauncherPA06_01#1,"""หลังจากแสดงผลระยะหนึ่ง Damage ของการระเบิดจะเพิ่มขึ้น"""
LauncherPA07_01#1,"""-----"""
LauncherPA08_01#1,"""-----"""
LauncherPA09_01#1,"""-----"""
LauncherPA10_01#1,"""-----"""
LauncherPA11_01#1,"""-----"""
MachinegunPA01_01#1,"""-----"""
MachinegunPA02_01#1,"""สามารถเคลื่อนที่ได้ด้วยการป้อนทิศทาง"""
MachinegunPA03_01#1,"""-----"""
MachinegunPA04_01#1,"""-----"""
MachinegunPA05_01#1,"""กดปุ่มค้างเพื่อยิงรัวและปล่อยการโจมตีสุดแรงเกิด ไม่สามารถเคลื่อนที่ได้"""
MachinegunPA06_01#1,"""-----"""
MachinegunPA07_01#1,"""-----"""
MachinegunPA08_01#1,"""-----"""
MachinegunPA09_01#1,"""-----"""
MachinegunPA10_01#1,"""-----"""
MachinegunPA11_01#1,"""-----"""
KatanaPA01_01#1,"""-----"""
KatanaPA02_01#1,"""-----"""
KatanaPA03_01#1,"""-----"""
KatanaPA04_01#1,"""จะเกิดการโจมตีเสริมเมื่อทำ Just Charge สำเร็จ"""
KatanaPA05_01#1,"""-----"""
KatanaPA06_01#1,"""-----"""
KatanaPA07_01#1,"""-----"""
KatanaPA08_01#1,"""-----"""
KatanaPA09_01#1,"""เมื่อทำการ Charge จะเพิ่ม Damage"""
KatanaPA10_01#1,"""-----"""
KatanaPA11_01#1,"""-----"""
CompoundBowPA01_01#1,"""-----"""
CompoundBowPA02_01#1,"""-----"""
CompoundBowPA03_01#1,"""-----"""
CompoundBowPA04_01#1,"""-----"""
CompoundBowPA05_01#1,"""-----"""
CompoundBowPA06_01#1,"""เมื่อป้อนทิศทางไปด้านหน้า รูปแบบการโจมตีจะเปลี่ยนไป และเสริมพลังเมื่อทำ Charge"""
CompoundBowPA07_01#1,"""-----"""
CompoundBowPA08_01#1,"""จะไม่พุ่งไปข้างหน้าอัตโนมัติ และเพิ่ม Hit Count"""
CompoundBowPA09_01#1,"""-----"""
CompoundBowPA10_01#1,"""-----"""
CompoundBowPA11_01#1,"""-----"""
JetBootsPA01_01#1,"""กดปุ่มค้างเพื่อเพิ่ม Damage และสามารถใช้ท่า Derived เฉพาะได้"""
JetBootsPA02_01#1,"""-----"""
JetBootsPA03_01#1,"""-----"""
JetBootsPA04_01#1,"""-----"""
DbladePA01_01#1,"""-----"""
DbladePA02_01#1,"""-----"""
DbladePA03_01#1,"""-----"""
DbladePA04_01#1,"""-----"""
DbladePA05_01#1,"""-----"""
DbladePA06_01#1,"""ใช้ Gear ทั้งหมด เพื่อเพิ่มความเร็วและระยะโจมตี"""
DbladePA07_01#1,"""-----"""
SwordPA01_02#1,"""-----"""
SwordPA02_02#1,"""SWPA2-C2EXSH"""
SwordPA03_02#1,"""-----"""
SwordPA04_02#1,"""-----"""
SwordPA05_02#1,"""-----"""
SwordPA06_02#1,"""-----"""
SwordPA07_02#1,"""-----"""
SwordPA08_02#1,"""-----"""
SwordPA09_02#1,"""-----"""
SwordPA10_02#1,"""-----"""
SwordPA11_02#1,"""-----"""
WlancePA01_02#1,"""-----"""
WlancePA02_02#1,"""-----"""
WlancePA03_02#1,"""-----"""
WlancePA04_02#1,"""-----"""
WlancePA05_02#1,"""-----"""
WlancePA06_02#1,"""-----"""
WlancePA07_02#1,"""-----"""
WlancePA08_02#1,"""WLPA8-C2EXSH"""
WlancePA09_02#1,"""-----"""
WlancePA10_02#1,"""-----"""
WlancePA11_02#1,"""-----"""
PartisanPA01_02#1,"""-----"""
PartisanPA02_02#1,"""-----"""
PartisanPA03_02#1,"""PAPA3-C2EXSH"""
PartisanPA04_02#1,"""-----"""
PartisanPA05_02#1,"""-----"""
PartisanPA06_02#1,"""-----"""
PartisanPA07_02#1,"""-----"""
PartisanPA08_02#1,"""-----"""
PartisanPA09_02#1,"""-----"""
PartisanPA10_02#1,"""-----"""
PartisanPA11_02#1,"""-----"""
TdaggerPA01_02#1,"""-----"""
TdaggerPA02_02#1,"""-----"""
TdaggerPA03_02#1,"""-----"""
TdaggerPA04_02#1,"""TDPA4-C2EXSH"""
TdaggerPA05_02#1,"""-----"""
TdaggerPA06_02#1,"""-----"""
TdaggerPA07_02#1,"""-----"""
TdaggerPA08_02#1,"""-----"""
TdaggerPA09_02#1,"""-----"""
TdaggerPA10_02#1,"""-----"""
TdaggerPA11_02#1,"""-----"""
DsaberPA01_02#1,"""DSPA1-C2EXSH"""
DsaberPA02_02#1,"""-----"""
DsaberPA03_02#1,"""-----"""
DsaberPA04_02#1,"""-----"""
DsaberPA05_02#1,"""-----"""
DsaberPA06_02#1,"""-----"""
DsaberPA07_02#1,"""-----"""
DsaberPA08_02#1,"""-----"""
DsaberPA09_02#1,"""-----"""
DsaberPA10_02#1,"""-----"""
DsaberPA11_02#1,"""-----"""
KnucklePA01_02#1,"""-----"""
KnucklePA02_02#1,"""-----"""
KnucklePA03_02#1,"""-----"""
KnucklePA04_02#1,"""KNPA4-C2EXSH"""
KnucklePA05_02#1,"""-----"""
KnucklePA06_02#1,"""-----"""
KnucklePA07_02#1,"""-----"""
KnucklePA08_02#1,"""-----"""
KnucklePA09_02#1,"""-----"""
KnucklePA10_02#1,"""-----"""
KnucklePA11_02#1,"""-----"""
GunslashPA01_02#1,"""GSPA1-C2EXSH"""
GunslashPA02_02#1,"""-----"""
GunslashPA03_02#1,"""-----"""
GunslashPA04_02#1,"""-----"""
GunslashPA05_02#1,"""-----"""
GunslashPA06_02#1,"""-----"""
GunslashPA07_02#1,"""-----"""
GunslashPA08_02#1,"""-----"""
GunslashPA09_02#1,"""-----"""
GunslashPA10_02#1,"""-----"""
GunslashPA11_02#1,"""-----"""
RiflePA01_02#1,"""-----"""
RiflePA02_02#1,"""-----"""
RiflePA03_02#1,"""-----"""
RiflePA04_02#1,"""-----"""
RiflePA05_02#1,"""ARPA5-C2EXSH"""
RiflePA06_02#1,"""-----"""
RiflePA07_02#1,"""-----"""
RiflePA08_02#1,"""-----"""
RiflePA09_02#1,"""-----"""
RiflePA10_02#1,"""-----"""
RiflePA11_02#1,"""-----"""
LauncherPA01_02#1,"""GLPA1-C2EXSH"""
LauncherPA02_02#1,"""-----"""
LauncherPA03_02#1,"""-----"""
LauncherPA04_02#1,"""-----"""
LauncherPA05_02#1,"""-----"""
LauncherPA06_02#1,"""-----"""
LauncherPA07_02#1,"""-----"""
LauncherPA08_02#1,"""-----"""
LauncherPA09_02#1,"""-----"""
LauncherPA10_02#1,"""-----"""
LauncherPA11_02#1,"""-----"""
MachinegunPA01_02#1,"""-----"""
MachinegunPA02_02#1,"""TMPA2-C2EXSH"""
MachinegunPA03_02#1,"""-----"""
MachinegunPA04_02#1,"""-----"""
MachinegunPA05_02#1,"""-----"""
MachinegunPA06_02#1,"""-----"""
MachinegunPA07_02#1,"""-----"""
MachinegunPA08_02#1,"""-----"""
MachinegunPA09_02#1,"""-----"""
MachinegunPA10_02#1,"""-----"""
MachinegunPA11_02#1,"""-----"""
KatanaPA01_02#1,"""-----"""
KatanaPA02_02#1,"""-----"""
KatanaPA03_02#1,"""-----"""
KatanaPA04_02#1,"""-----"""
KatanaPA05_02#1,"""-----"""
KatanaPA06_02#1,"""-----"""
KatanaPA07_02#1,"""-----"""
KatanaPA08_02#1,"""-----"""
KatanaPA09_02#1,"""KAPA9-C2EXSH"""
KatanaPA10_02#1,"""-----"""
KatanaPA11_02#1,"""-----"""
CompoundBowPA01_02#1,"""-----"""
CompoundBowPA02_02#1,"""-----"""
CompoundBowPA03_02#1,"""-----"""
CompoundBowPA04_02#1,"""-----"""
CompoundBowPA05_02#1,"""-----"""
CompoundBowPA06_02#1,"""-----"""
CompoundBowPA07_02#1,"""-----"""
CompoundBowPA08_02#1,"""BBPA8-C2EXSH"""
CompoundBowPA09_02#1,"""-----"""
CompoundBowPA10_02#1,"""-----"""
CompoundBowPA11_02#1,"""-----"""
JetBootsPA01_02#1,"""-----"""
JetBootsPA02_02#1,"""-----"""
JetBootsPA03_02#1,"""-----"""
JetBootsPA04_02#1,"""-----"""
DbladePA01_02#1,"""-----"""
DbladePA02_02#1,"""-----"""
DbladePA03_02#1,"""-----"""
DbladePA04_02#1,"""-----"""
DbladePA05_02#1,"""-----"""
DbladePA06_02#1,"""-----"""
DbladePA07_02#1,"""-----"""
LaboListTitle#1,"""Pet Lab"""
candy_compression#0,"""บีบอัด Candy"""
charge#0,"""จำนวนครั้ง Synthesis <pict StarGem>"""
giveitem#0,"""สังเคราะห์ Egg"""
pet_plus#0,"""Pet Plus"""
eggchoice#0,"""เลือก Egg"""
pet_inheritance#0,"""วิวัฒนาการ Pet"""
decision#0,"""ยืนยัน"""
pet_evolution_content#0,"""รายละเอียดวิวัฒนาการ Rarity"""
payment#0,"""รายละเอียดการชำระเงิน"""
pet_evolution#0,"""เลือก Personality ของ Pet"""
pet_target#0,"""Pet เป้าหมาย"""
pet_evolution_personality#0,"""Personality ของ Pet หลังวิวัฒนาการ"""
pet_personality#0,"""Personality"""
ring_MassiveHunter#0,"""Massive Hunter"""
ring_CriticalStrikeStrike#0,"""C Strike Striking"""
ring_CriticalStrikeFirearm#0,"""C Strike Ranged"""
ring_CriticalStrikeTechnique#0,"""C Strike Tech"""
ring_CriticalStrikeAll#0,"""C Strike"""
ring_KillingBonus#0,"""Killing Bonus"""
ring_PerfectKeeperStrike#0,"""P Keeper Striking"""
ring_PerfectKeeperFirearm#0,"""P Keeper Ranged"""
ring_PerfectKeeperTechnique#0,"""P Keeper Techs"""
ring_PerfectKeeperAll#0,"""P Keeper"""
ring_PhotonFlare#0,"""Photon Flare"""
ring_PPConvert#0,"""PP Convert"""
ring_AttackAdvance#0,"""Attack Advance"""
ring_ElementalPPRestraintField#0,"""EPPR Field"""
ring_BoostAttack#0,"""Boost Slayer"""
ring_WpnSword01#0,"""JG Sonic Arrow"""
ring_WpnWLance01#0,"""JG Heavenly Fall"""
ring_WpnPartisan01#0,"""JG Rising Flag"""
ring_WpnDSaber01#0,"""DS Kamaitachi"""
ring_WpnTDagger01#0,"""TD Air Chase"""
ring_WpnKnuckle01#0,"""Knuckle Chase"""
ring_WpnTMachineGun01#0,"""Front S-Roll"""
ring_WpnKatana01#0,"""Katana Gear Guard R"""
ring_WpnDBlade01#0,"""DB Snatch"""
ring_TechChargeGuard#0,"""Tech C Parry"""
ring_RecastRateRebirtherField#0,"""RR Field"""
ring_GearBoostPlus#0,"""Hunter Gear Save"""
ring_HighTimePlus#0,"""High Time Keep"""
ring_KatanaCombatMinus#0,"""Short Combat"""
ring_VehicleHeal#0,"""Wide Area Heal"""
ring_VehiclePhotonBlaster#0,"""Quick Blaster"""
ring_VehicleRespawn#0,"""Early Rise"""
ring_VehicleStep#0,"""Light Armor"""
ring_ResistBurn#0,"""Burn Guard"""
ring_ResistFreeze#0,"""Freeze Guard"""
ring_ResistShock#0,"""Shock Guard"""
ring_ResistMirage#0,"""Mirage Guard"""
ring_ResistPoison#0,"""Poison Guard"""
ring_ResistPanic#0,"""Panic Guard"""
ring_BulletBowHoming#0,"""Bullet Bow Homing"""
ring_JBElementalKeep#0,"""JB Elemental Keep"""
ring_StandingSigne#0,"""Standing Sign"""
ring_ClassicLauncherStyle#0,"""A. Launcher Mode"""
ring_ShortMirage#0,"""Short Mirage"""
ring_WandElementChange#0,"""Wand E Change"""
ring_SuperRecover#0,"""Mate Lovers"""
ring_JustReversalCover#0,"""J Reversal Cover"""
ring_HealShare#0,"""Heal Share"""
ring_Adrenalin#0,"""Adrenaline"""
ring_JBTechSCharge#0,"""JB Tech Arts SC"""
ring_SlowDiveRoll#0,"""Slow Dive Roll"""
ring_LauncherNotWeakUp#0,"""L Non-Weak Bonus"""
ring_DushJump#0,"""Step Jump"""
ring_JustReversalJACombo#0,"""J Reversal JA Combo"""
ring_AirReversal#0,"""Air Reversal"""
ring_WideSupport#0,"""Wide Support"""
ring_JustReversalPpGain#0,"""J Reversal PP Gain"""
ring_HealingGuard#0,"""Healing Guard"""
ring_JustAttackBonus#0,"""JA Bonus"""
ring_SpecialEffectHu#0,"""Effort Symbol Hu"""
ring_SpecialEffectRa#0,"""Effort Symbol Ra"""
ring_SpecialEffectFo#0,"""Effort Symbol Fo"""
ring_SpecialEffectFi#0,"""Effort Symbol Fi"""
ring_SpecialEffectGu#0,"""Effort Symbol Gu"""
ring_SpecialEffectTe#0,"""Effort Symbol Te"""
ring_SpecialEffectBr#0,"""Effort Symbol Br"""
ring_SpecialEffectBo#0,"""Effort Symbol Bo"""
ring_SpecialEffectSu#0,"""Effort Symbol Su"""
ring_SpecialEffectHr#0,"""Effort Symbol Hr"""
ring_SpecialEffectPh#0,"""Effort Symbol Ph"""
ring_SpecialEffectEt#0,"""Effort Symbol Et"""
ring_SpecialEffectLu#0,"""Effort Symbol Lu"""
ring_SpecialEffectCo#0,"""Friends Protection"""
ring_TecArtsJAPPSave#0,"""Tech Arts JAPPS"""
ring_HighJump#0,"""Jumping Dodge"""
ring_AnyTimeAutoAttack#0,"""Near Auto-target"""
ring_PhotonBladeHoming#0,"""PB Homing"""
ring_ZondielDisable#0,"""Peace Zondeel"""
ring_SlowShiftActionFi#0,"""Slow Fi Action"""
ring_RodShootChange#0,"""A. Rod Shoot Mode"""
ring_JustReversalBurst#0,"""Just Reversal B"""
ring_MagFight#0,"""Mag Excite"""
ring_StepJACombo#0,"""Step JA Combo"""
ring_QuickMate#0,"""Quick Mate"""
ring_CriticalField#0,"""Critical Field"""
ring_PointWeakBullet#0,"""P. Weak Bullet"""
ring_CombatDoubleCount#0,"""Katana C Count Up"""
ring_AtomizerLovers#0,"""Atomizer Lovers"""
ring_FireTechnicShortCharge#0,"""Flame T.S. Charge"""
ring_HPRestraint#0,"""HP Restorate"""
ring_TMachineGunStanceUp#0,"""T. Machinegun S. Up"""
ring_Sprint#0,"""****"""
ring_PartyToughness#0,"""Party of Toughness"""
ring_WeakPPRestraint#0,"""Weak Hit PP Gain"""
ring_MultiHu#0,"""JG Counter"""
ring_MultiFi#0,"""Chase W Support"""
ring_MultiGu#0,"""Time & Roll"""
ring_MultiTe#0,"""Defense Tech"""
ring_MultiBr#0,"""Brave Power"""
ring_MultiBo#0,"""Kick & Snatch"""
ring_WandElementChangeAnother#0,"""A. Wand E. Change"""
ring_SkillNoHold#0,"""A. Wired Mode"""
ring_PointMarkerIgnition#0,"""Ph Marker Bomb"""
ring_StepTransfer#0,"""Ph Step Shift"""
ring_LongTimeTalis#0,"""Talis Keep Long"""
ring_AttackHateDown#0,"""Stealth Attack"""
ring_LockonMarkerIgnition#0,"""Ph Lock-On Bomb"""
ring_SkipMasterConnect#0,"""Easy Full Connect"""
ring_MassiveHunter#1,"""Massive Hunter / Ring<br>ลด Damage ที่ได้รับ<br>และป้องกันการถูกงัดขึ้นหรือ Knockback"""
ring_KillingBonus#1,"""Killing Bonus / Ring<br>เมื่อศัตรูในระยะที่กำหนดตาย<br>จะฟื้นฟู PP"""
ring_PerfectKeeperStrike#1,"""Perfect Keeper Striking<br>เมื่อ HP อยู่เหนือระดับที่กำหนด<br>เพิ่ม Damage ของการโจมตีแบบ Striking ใส่ศัตรู"""
ring_PerfectKeeperFirearm#1,"""Perfect Keeper Ranged<br>เมื่อ HP อยู่เหนือระดับที่กำหนด<br>เพิ่ม Damage ของการโจมตีแบบ Ranged ใส่ศัตรู"""
ring_PerfectKeeperTechnique#1,"""Perfect Keeper Tech<br>เมื่อ HP อยู่เหนือระดับที่กำหนด<br>เพิ่ม Damage ของการโจมตีแบบ Tech ใส่ศัตรู"""
ring_PerfectKeeperAll#1,"""Perfect Keeper<br>เมื่อ HP อยู่เหนือระดับที่กำหนด<br>เพิ่ม Damage ที่ทำกับศัตรู"""
ring_PhotonFlare#1,"""Photon Flare / Ring<br>เพิ่มพลังโจมตีแบบ Tech ชั่วคราว"""
ring_PPConvert#1,"""PP Convert / Ring<br>เพิ่ม PP Automatic Recovery เป็นระยะเวลาหนึ่ง<br>และลด Max HP ลง"""
ring_AttackAdvance#1,"""Attack Advance / Ring<br>เพิ่ม Damage ของ Normal Attack"""
ring_ElementalPPRestraintField#1,"""Elemental PP Restorate F / Ring<br>สร้างฟิลด์รอบตัวคุณที่ช่วยเพิ่ม PP Recovery<br>เมื่อโจมตีโดนศัตรูด้วยธาตุที่มันแพ้ทาง (Weakness)"""
ring_BoostAttack#1,"""Boost Slayer<br>เพิ่ม Damage ที่ทำกับ Boost Enemy<br>และลด Damage ที่ได้รับลง"""
ring_WpnSword01#1,"""JG Sonic Arrow<br>เมื่อทำ Just Guard ด้วย Sword สำเร็จ<br>จะใช้งาน Sonic Arrow"""
ring_WpnWLance01#1,"""JG Heavenly Fall<br>เมื่อทำ Just Guard ด้วย Wired Lance สำเร็จ<br>จะใช้งาน Heavenly Fall"""
ring_WpnPartisan01#1,"""JG Rising Flag<br>เมื่อทำ Just Guard ด้วย Partizan สำเร็จ<br>จะใช้งาน Rising Flag"""
ring_WpnDSaber01#1,"""Double Saber Kamaitachi<br>เมื่อใช้งาน PAs บางชนิดของ Double Saber<br>มีโอกาสสร้าง Kamaitachi ตามระดับ Gear ปัจจุบัน"""
ring_WpnTDagger01#1,"""Twin Dagger Air Chase<br>เมื่อใช้ Normal Attack กลางอากาศ หรือ PAs บางชนิดของ Twin Daggers<br>จะเพิ่มการพุ่งเข้าหาศัตรูที่ล็อกเป้าไว้"""
ring_WpnKnuckle01#1,"""Knuckle Chase<br>เมื่อใช้ Normal Attack บนพื้น หรือ PAs บางชนิดของ Knuckles<br>จะเพิ่มการพุ่งเข้าหาศัตรูที่ล็อกเป้าไว้"""
ring_WpnTMachineGun01#1,"""Front Stylish Roll<br>ทำให้ S-Roll ของ Twin Machine Guns<br>สามารถพุ่งไปด้านหน้าได้"""
ring_WpnKatana01#1,"""Katana Gear Guard Release<br>หากคงสถานะ Guard ของ Katana ไว้ จะเป็นการปลดปล่อย Gear<br>เมื่อเลเวลเพิ่มขึ้น อัตราการเพิ่มของ Gear ระหว่างการปลดปล่อยจะเพิ่มขึ้น"""
ring_WpnDBlade01#1,"""Dual Blade Snatch<br>เมื่อเคลื่อนที่ด้วย Weapon Action ของ Dual Blade<br>จะเพิ่มการพุ่งชนทำ Damage แบบ Striking ใส่ศัตรู"""
ring_TechChargeGuard#1,"""Tech Charge Parrying<br>ทำให้สามารถทำ Just Guard ได้<br>ในจังหวะเริ่ม Charge Technique ด้วยอาวุธสาย Tech"""
ring_RecastRateRebirtherField#1,"""Recast Reverser Field<br>ลดระยะเวลา Recast ของ Reverser Field"""
ring_GearBoostPlus#1,"""Hunter Gear Save<br>เมื่อ Hunter Gear Boost แสดงผล<br>จะลดปริมาณการใช้และอัตราการลดลงของ Gear สำหรับอาวุธคลาส Hunter"""
ring_HighTimePlus#1,"""High Time Keep<br>เพิ่มขีดจำกัด Damage ที่ทนได้<br>ก่อนที่ High Time จะถูกยกเลิก"""
ring_KatanaCombatMinus#1,"""Short Combat<br>เมื่อใช้งาน Katana Combat<br>การพุ่งเข้าหาศัตรูอัตโนมัติด้วย Normal Attack จะถูกยกเลิก"""
ring_VehicleHeal#1,"""Wide Area Heal<br>ขยายขอบเขตผลลัพธ์ของสกิล Area Heal<br>ของ A.I.S"""
ring_VehiclePhotonBlaster#1,"""Quick Blaster<br>สกิล Photon Blaster ของ A.I.S<br>จะใช้งานได้เร็วขึ้น แต่ความเร็วในการหันเหทิศทางจะลดลง"""
ring_VehicleRespawn#1,"""Early Rise<br>ลดเวลาที่ใช้ในการเกิดใหม่<br>หลังจากที่ A.I.S ตายลง (Incapacitated)"""
ring_VehicleStep#1,"""Light Armor<br>ลด PP Consumption ของสกิล Boost ของ A.I.S<br>แต่จะเพิ่ม Damage ที่ได้รับขึ้น"""
ring_ResistBurn#1,"""Burn Guard<br>ได้รับความต้านทาน<br>ต่อ Status Effect ""Burn"""
ring_ResistFreeze#1,"""Freeze Guard<br>ได้รับความต้านทาน<br>ต่อ Status Effect ""Freeze"""
ring_ResistShock#1,"""Shock Guard<br>ได้รับความต้านทาน<br>ต่อ Status Effect ""Shock"""
ring_ResistMirage#1,"""Mirage Guard<br>ได้รับความต้านทาน<br>ต่อ Status Effect ""Mirage"""
ring_ResistPoison#1,"""Poison Guard<br>ได้รับความต้านทาน<br>ต่อ Status Effect ""Poison"""
ring_ResistPanic#1,"""Panic Guard<br>ได้รับความต้านทาน<br>ต่อ Status Effect ""Panic"""
ring_BulletBowHoming#1,"""Bullet Bow Homing<br>การชาร์จ Normal Attack ของ Bullet Bow<br>จะเพิ่มประสิทธิภาพในการติดตามเป้าหมาย"""
ring_JBElementalKeep#1,"""Jet Boots Elemental Keep<br>แม้จะใช้ Weapon Action ธาตุก็จะไม่ถูกลบล้าง<br>และ Elemental Burst จะไม่ทำงาน"""
ring_StandingSigne#1,"""Standing Sign<br>เมื่ออยู่นิ่งๆ<br>จะมีเอฟเฟกต์แสดงขึ้นที่เท้า"""
ring_ClassicLauncherStyle#1,"""Another Launcher Mode<br>วิถีกระสุน Normal Attack ของ Launcher จะเปลี่ยนไป<br>Damage เพิ่มขึ้น และขยายระยะโจมตีให้กว้างขึ้น"""
ring_ShortMirage#1,"""Short Mirage<br>ลดระยะเวลาของ Mirage Escape ให้สั้นลง"""
ring_WandElementChange#1,"""Wand Element Change<br>เมื่อ Wand Gear สะสมอยู่ ธาตุของ Wand จะเปลี่ยนไป<br>เป็นธาตุเดียวกับ Techniques บางชนิดที่ทำการชาร์จ"""
ring_SuperRecover#1,"""Mate Lovers<br>ทำให้สามารถใช้งานไอเทมประเภท Mate ได้อย่างรวดเร็ว<br>และเพิ่มปริมาณการฟื้นฟูด้วย"""
ring_JustReversalCover#1,"""J Reversal Cover / Ring<br>เมื่อใช้งาน Just Reversal<br>จะฟื้นฟู HP"""
ring_HealShare#1,"""Heal Share / Ring<br>เมื่อฟื้นฟู HP, จะฟื้นฟู HP ให้กับตัวละครรอบข้าง<br>ตามสัดส่วนที่กำหนดจากปริมาณที่ฟื้นฟู"""
ring_Adrenalin#1,"""Adrenaline / Ring<br>เพิ่มระยะเวลาผลลัพธ์ของการได้รับ<br>Shifta และ Deband ในแต่ละครั้ง"""
ring_JBTechSCharge#1,"""JB Tech Arts Short Charge<br>เมื่อใช้ Jet Boots PA แล้วตามด้วย Technique<br>ระยะเวลาชาร์จ Technique จะลดลง"""
ring_SlowDiveRoll#1,"""Slow Dive Roll<br>ลดความเร็วของ Dive Roll ลง<br>เพื่อขยายระยะเวลาต่อเนื่องของ Dive Roll ให้นานขึ้น"""
ring_LauncherNotWeakUp#1,"""Launcher Non-Weak Bonus<br>เมื่อสวมใส่ Launcher ผลลัพธ์ของสกิล Weak Hit Advance<br>จะแสดงผลกับชิ้นส่วนที่ไม่ใช่จุดอ่อนด้วย"""
ring_DushJump#1,"""Step Jump<br>หากทำการกระโดดในขณะที่ใช้แอคชันหลบหลีก<br>จะเปลี่ยนเป็นการพุ่งตัว (Dash) ทันที"""
ring_JustReversalJACombo#1,"""Just Reversal Just Attack Combo<br>หลังจากใช้งาน Just Reversal<br>จะมีจังหวะทำ Just Attack เกิดขึ้น"""
ring_AirReversal#1,"""Air Reversal<br>ทำให้สามารถรับการโจมตี (Recovery) ได้แม้อยู่กลางอากาศ"""
ring_WideSupport#1,"""Wide Support / Ring<br>ขยายขอบเขตผลลัพธ์ของสกิล<br>Resta, Anti, Shifta, และ Deband ให้กว้างขึ้น"""
ring_JustReversalPpGain#1,"""J Reversal PP Gain / Ring<br>เมื่อใช้งาน Just Reversal<br>จะฟื้นฟู PP"""
ring_HealingGuard#1,"""Healing Guard / Ring<br>เมื่อทำ Just Guard สำเร็จ<br>จะฟื้นฟู HP ให้ตนเองและตัวละครรอบข้าง"""
ring_JustAttackBonus#1,"""JA Bonus<br>เมื่อทำ Just Attack สำเร็จ (ยกเว้น Techniques)<br>จะได้รับโบนัส Damage เพิ่มขึ้น"""
ring_SpecialEffectHu#1,"""Effort Symbol Hunter<br>สัญลักษณ์ของนักรบผู้แข็งแกร่ง ที่ได้รับจากความพยายาม"""
ring_SpecialEffectRa#1,"""Effort Symbol Ranger<br>สัญลักษณ์ของนักธนูผู้เจนศึก ที่ได้รับจากความพยายาม"""
ring_SpecialEffectFo#1,"""Effort Symbol Force<br>สัญลักษณ์ของผู้ชี้ทางอันชาญฉลาด ที่ได้รับจากความพยายาม"""
ring_SpecialEffectFi#1,"""Effort Symbol Fighter<br>สัญลักษณ์ของนักสู้ผู้บึกบึน ที่ได้รับจากความพยายาม"""
ring_SpecialEffectGu#1,"""Effort Symbol Gunner<br>สัญลักษณ์ของมือปืนผู้โดดเด่น ที่ได้รับจากความพยายาม"""
ring_SpecialEffectTe#1,"""Effort Symbol Techer<br>สัญลักษณ์ของนักเวทผู้รอบรู้ ที่ได้รับจากความพยายาม"""
ring_SpecialEffectBr#1,"""Effort Symbol Braver<br>สัญลักษณ์ของผู้เชี่ยวชาญอันเฉียบคม ที่ได้รับจากความพยายาม"""
ring_SpecialEffectBo#1,"""Effort Symbol Bouncer<br>สัญลักษณ์ของนักกระโดดผู้รวดเร็ว ที่ได้รับจากความพยายาม"""
ring_SpecialEffectSu#1,"""Effort Symbol Summoner<br>สัญลักษณ์ของผู้นำทางอันงดงาม ที่ได้รับจากความพยายาม"""
ring_SpecialEffectHr#1,"""Effort Symbol Hero<br>สัญลักษณ์ของวีรบุรุษผู้กล้าหาญ ที่ได้รับจากความพยายาม"""
ring_SpecialEffectPh#1,"""Effort Symbol Phantom<br>สัญลักษณ์ของวิญญาณผู้เป็นอมตะ ที่ได้รับจากความพยายาม"""
ring_SpecialEffectEt#1,"""Effort Symbol Etoile<br>สัญลักษณ์ของนักรบแห่งดวงดาว ที่ได้รับจากความพยายาม"""
ring_SpecialEffectLu#1,"""Effort Symbol Luster<br>สัญลักษณ์ของผู้ส่องประกายอันรุ่งโรจน์ ที่ได้รับจากความพยายาม"""
ring_SpecialEffectCo#1,"""Friends Protection<br>แหวนแห่งมิตรภาพของ Itsuki, RINA และผองเพื่อน<br>ช่วยลด Damage ที่ได้รับ"""
ring_TecArtsJAPPSave#1,"""Tech Arts JAPP Save / Ring<br>หากใช้ PA หรือ Techniques ที่แตกต่างกันด้วยอาวุธเดียวกัน<br>แบบ Just Attack อย่างต่อเนื่อง จะช่วยลด PP Consumption"""
ring_HighJump#1,"""Jumping Dodge<br>เมื่อลงทะเบียนใน Sub-Palette แล้วกดใช้งาน<br>จะกระโดดขึ้นอย่างรวดเร็วเพื่อหลบหลีกการโจมตีของศัตรู"""
ring_AnyTimeAutoAttack#1,"""Near Auto-target<br>เมื่อแกว่ง Tact หนึ่งครั้ง Pet จะทำการโจมตี<br>ศัตรูที่ผู้เล่นล็อกเป้าไว้อย่างต่อเนื่องโดยอัตโนมัติ"""
ring_PhotonBladeHoming#1,"""Photon Blade Homing<br>เพิ่มประสิทธิภาพในการติดตามเป้าหมาย<br>ให้กับการโจมตีด้วย Photon Blade ที่มีการเคลื่อนที่"""
ring_ZondielDisable#1,"""Peace Zondeel<br>ป้องกันไม่ให้เกิดการจุดระเบิดของ Zondeel"""
ring_SlowShiftActionFi#1,"""Slow Fighter Action<br>ลดความเร็วของ Weapon Action เมื่อใช้อาวุธคลาส Fighter<br>และขยายระยะเวลาความต่อเนื่องให้นานขึ้น"""
ring_RodShootChange#1,"""Another Rod Shoot Mode<br>เมื่อกระสุนเวทของ Rod Shoot กระทบเป้าหมาย<br>จะเกิดการระเบิดและทำ Damage โดนศัตรูที่อยู่รอบๆ ด้วย"""
ring_JustReversalBurst#1,"""Just Reversal Blast<br>เมื่อลงพื้นด้วย Just Reversal<br>จะสร้าง Damage โดนศัตรูรอบข้าง"""
ring_MagFight#1,"""Mag Excite<br>เพิ่มความถี่และ Damage ให้กับ Auto Action ของ Mag<br>(ยกเว้น SP Auto Action)"""
ring_StepJACombo#1,"""Step Just Attack Combo<br>จะทำให้เกิดจังหวะ Just Attack ทันทีหลังจากการทำ Step"""
ring_QuickMate#1,"""Quick Mate / Ring<br>ทำให้สามารถใช้งานไอเทมประเภท Mate ได้อย่างรวดเร็ว"""
ring_CriticalField#1,"""Critical Field / Ring<br>สร้างฟิลด์รอบตัวคุณ<br>ที่จะช่วยเพิ่ม Critical Rate"""
ring_PointWeakBullet#1,"""Point Weak Bullet<br>แม้จะมีสิ่งกีดขวางบังอยู่ Weak Bullet ก็ยังคง<br>พุ่งไปทำ Damage ส่วนที่ล็อกเป้าไว้ได้"""
ring_CombatDoubleCount#1,"""Katana Combat Count Up<br>เพิ่มจำนวน Hit Count ให้กับการใช้งาน Katana Combat"""
ring_AtomizerLovers#1,"""Atomizer Lovers<br>ทำให้สามารถใช้งานไอเทมประเภท Atomizer ได้อย่างรวดเร็ว<br>และเพิ่มปริมาณการฟื้นฟูด้วย"""
ring_FireTechnicShortCharge#1,"""Flame Tech S Charge / Ring<br>ลดระยะเวลาในการชาร์จ Technique ธาตุไฟ"""
ring_HPRestraint#1,"""HP Restorate / Ring<br>เมื่อ HP ของผู้เล่นลดต่ำกว่าระดับที่กำหนด<br>HP จะค่อยๆ ฟื้นฟูกลับมา"""
ring_TMachineGunStanceUp#1,"""Twin Machineguns Stance Up<br>ในขณะที่สวมใส่ Twin Machineguns<br>จะเพิ่ม Damage แบบ Striking และ Ranged ให้กับผลของ Stance Skills"""
ring_Sprint#1,"""****"""
ring_PartyToughness#1,"""Party of Toughness<br>ลด Damage ที่ได้รับจากศัตรู<br>หากอยู่ในปาร์ตี้ 2 คนขึ้นไป"""
ring_WeakPPRestraint#1,"""Weak Hit PP Gain<br>เพิ่มปริมาณ PP Recovery เมื่อโจมตีโดน<br>จุดอ่อน (Weak Spot) ปกติ"""
ring_MultiHu#1,"""Just Guard Counter<br>รวมผลของสกิลเลเวล 20 ของ ""JG Sonic Arrow"",<br>""JG Heavenly Fall"" และ ""JG Rising Flag"""
ring_MultiFi#1,"""Chase Wind Support<br>รวมผลของสกิลเลเวล 20 ของ ""DS Kamaitachi"",<br>""TD Air Chase"" และ ""Knuckle Chase"""
ring_MultiGu#1,"""Time & Roll<br>รวมผลของสกิลเลเวล 20 ของ<br>""Front S Roll"" และ ""High Time Keep"""
ring_MultiTe#1,"""Defense Tech<br>รวมผลของสกิลเลเวล 20 ของ<br>""Tech C Parry"" และ ""Short Mirage"""
ring_MultiBr#1,"""Brave Power<br>รวมผลของสกิลเลเวล 20 ของ<br>""Katana C Count Up"" และ ""Bullet Bow Homing"""
ring_MultiBo#1,"""Kick & Snatch<br>รวมผลของสกิลเลเวล 20 ของ<br>""DB Snatch"" และ ""JB Tech Arts SC"""
ring_WandElementChangeAnother#1,"""Another Wand Element Change<br>เมื่อใช้ท่า Wand Gear จะเปลี่ยนธาตุของเวท<br>เป็นธาตุของ Technique แบบชาร์จที่ใช้ล่าสุด (ยกเว้นเวทสายซัพพอร์ต)"""
ring_SkillNoHold#1,"""Another Wired Mode<br>การโจมตีแบบจับทุ่ม (Grappling PA) ของ Wired Lance<br>จะโจมตีโดนศัตรูได้โดยไม่ต้องจับศัตรูก่อน"""
ring_CriticalStrikeStrike#1,"""Critical Strike - Striking<br>เพิ่ม Critical Hit Rate และ<br>Critical Damage แบบ Striking"""
ring_CriticalStrikeFirearm#1,"""Critical Strike - Ranged<br>เพิ่ม Critical Hit Rate และ<br>Critical Damage แบบ Ranged"""
ring_CriticalStrikeTechnique#1,"""Critical Strike - Technique<br>เพิ่ม Critical Hit Rate และ<br>Critical Damage แบบ Technique"""
ring_CriticalStrikeAll#1,"""Critical Strike<br>เพิ่ม Critical Hit Rate และ<br>Critical Damage"""
ring_PointMarkerIgnition#1,"""Phantom Marker Bomb<br>การจุดระเบิด Marker จะเกิดขึ้นที่ตำแหน่งที่<br>Phantom Marker ถูกแปะไว้"""
ring_StepTransfer#1,"""Phantom Step Shift<br>หากใช้ Photon Art ในระหว่าง Phantom Step<br>มันจะกลายเป็น Shift PA"""
ring_LongTimeTalis#1,"""Talis Keep Long<br>ขยายระยะเวลาของ Talis ที่ขว้างออกไป<br>ก่อนที่มันจะหายไปให้ยาวนานขึ้น"""
ring_AttackHateDown#1,"""Stealth Attack<br>ลดการสร้างค่า Hate จากศัตรู"""
ring_LockonMarkerIgnition#1,"""Phantom Lock-On Bomb<br>การระเบิด Marker จะเกิดขึ้น<br>บนตำแหน่งที่ล็อกเป้าเอาไว้"""
ring_SkipMasterConnect#1,"""Easy Full Connect<br>หลังจากใช้ Step Edge แล้วกด Weapon Action ค้างไว้<br>จะใช้ Gear ครึ่งหนึ่งและทำงาน Full Connect"""
GatBoostNeed0000#0,"""ไม่มีสูตรอาหารเนื่องจากเป็นไอเทมสำหรับทดสอบ"""
GatBoostNeed0001#0,"""ไม่มีสูตรอาหารเนื่องจากเป็นไอเทมสำหรับทดสอบ"""
GatBoostNeed0002#0,"""ไม่มีสูตรอาหารเนื่องจากเป็นไอเทมสำหรับทดสอบ"""
GatBoostNeed0003#0,"""Forest Tomato x10 (Forest)"""
GatBoostNeed0004#0,"""Ruins Salmon x1 (Ruins)"""
GatBoostNeed0005#0,"""Forest Sweetfish x10 (Forest)"""
GatBoostNeed0006#0,"""Forest Tomato x10 (Forest)<br>Forest Tuna x5 (Forest)"""
GatBoostNeed0007#0,"""Forest Sweetfish x10 (Forest)<br>Forest Tomato x10 (Forest)"""
GatBoostNeed0008#0,"""Ruins Salmon x1 (Ruins)<br>Ruins Grapes x10 (Ruins)"""
GatBoostNeed0009#0,"""Ruins Shrimp x10 (Ruins)<br>Ruins Wheat x5 (Ruins)"""
GatBoostNeed0010#0,"""Coast Filefish x5 (Coast)<br>Coast Salt x5 (Coast)"""
GatBoostNeed0011#0,"""Coast Mussel x1 (Coast)<br>Coast Olives x10 (Coast)"""
GatBoostNeed0012#0,"""Tokyo Seabream x1 (Tokyo)<br>Tokyo Soybeans x10 (Tokyo)"""
GatBoostNeed0013#0,"""Tokyo Tuna x5 (Tokyo)<br>Tokyo Soybeans x10 (Tokyo)"""
GatBoostNeed0014#0,"""Tokyo Shrimp x5 (Tokyo)<br>Coast Clam x10 (Coast)<br>Ruins Alfonsino x5 (Ruins)"""
GatBoostNeed0015#0,"""Forest Yellowtail x1 (Forest)<br>Tokyo Soybeans x10 (Tokyo)<br>Forest Rice x5 (Forest)"""
GatBoostNeed0016#0,"""Red Meat x10 (Free Fields)"""
GatBoostNeed0017#0,"""Red Meat x10 (Free Fields)<br>Coast Olives x10 (Coast)<br>Ruins Grapes x10 (Ruins)"""
GatBoostNeed0018#0,"""Red Meat x10 (Free Fields)<br>Coast Olives x10 (Coast)<br>Forest Rice x5 (Forest)"""
GatBoostNeed0019#0,"""Marbled Meat x5 (Free Fields)<br>Ruins Grapes x10 (Ruins)<br>Forest Tomato x10 (Forest)"""
GatBoostNeed0020#0,"""Marbled Meat x5 (Free Fields)<br>Tokyo Wasabi x5 (Tokyo)<br>Ruins Onion x5 (Ruins)"""
GatBoostNeed0021#0,"""Desert Flounder x5 (Desert)<br>Quarry Pepper x5 (Quarry)<br>Ruins Wheat x5 (Ruins)"""
GatBoostNeed0022#0,"""Quarry Eel x5 (Quarry)<br>Desert Pepper x10 (Desert)<br>Forest Rice x5 (Forest)"""
GatBoostNeed0023#0,"""Desert Crab x5 (Desert)<br>Quarry Potato x10 (Quarry)"""
GatBoostNeed0024#0,"""Quarry Cutlass x10 (Quarry)<br>Desert Mango x5 (Desert)<br>Coast Salt x5 (Coast)"""
GatBoostNeed0025#0,"""Facility Mint x10 (Facility)<br>Vegas Striped Bass x5 (Las Vegas)<br>Ruins Shrimp x10 (Ruins)"""
GatBoostNeed0026#0,"""Facility Squid x10 (Facility)<br>Vegas Corn x5 (Las Vegas)<br>Desert Crab x5 (Desert)"""
GatBoostNeed0027#0,"""Facility Sardine x5 (Facility)<br>Vegas Lettuce x10 (Las Vegas)<br>Tokyo Shrimp x5 (Tokyo)"""
GatBoostNeed0028#0,"""Facility Turnip x5 (Facility)<br>Vegas Lobster x10 (Las Vegas)<br>Coast Clam x10 (Coast)"""
GatBoostNeed0029#0,"""Marbled Meat x10 (Free Fields)<br>Tokyo Soybean x10 (Tokyo)<br>Vegas Lettuce x10 (Las Vegas)"""
GatBoostNeed0030#0,"""ไม่มี"""
GatBoostNeed0031#0,"""Quarry Shark x1 (Quarry)<br>Desert Eagle Ray x1 (Desert)<br>Tokyo Seabream x1 (Tokyo)"""
GatBoostNeed0032#0,"""Facility Mantis Shrimp x1 (Facility)<br>Vegas Bass x1 (Las Vegas)<br>Coast Mussel x1 (Coast)"""
GatBoostNeed0033#0,"""Cave Mussel x10 (Caves)<br>Tundra Green Apple x5 (Tundra)<br>Quarry Cutlass x10 (Quarry)"""
GatBoostNeed0034#0,"""Caves Pumpkin x10 (Caves)<br>Tundra Smelt x5 (Tundra)<br>Facility Sardine x5 (Facility)"""
GatBoostNeed0035#0,"""Tundra Green Onion x10 (Tundra)<br>Caves Shrimp x5 (Caves)<br>Facility Squid x10 (Facility)"""
GatBoostNeed0036#0,"""Tundra Herring x10 (Tundra)<br>Caves Pine x5 (Caves)<br>Forest Sweetfish x10 (Forest)"""
GatBoostNeed0037#0,"""Caves Char x1 (Caves)<br>Tundra Bonito x1 (Tundra)<br>Ruins Salmon x1 (Ruins)"""
GatBoostNeed0038#0,"""Tunnels Mantis Shrimp x10 (Tunnels)<br>Shironian Carp x5 (Shironia)<br>Caves Shrimp x5 (Caves)"""
GatBoostNeed0039#0,"""Tunnels Mushroom x10 (Tunnels)<br>Shironian Spider Crab x5 (Shironia)<br>Desert Crab x5 (Desert)"""
GatBoostNeed0040#0,"""Shironian Sprouts x10 (Shironia)<br>Tunnels Sea Snail x5 (Tunnels)<br>Vegas Lobster x10 (Las Vegas)"""
GatBoostNeed0041#0,"""Shironian Carp x10 (Shironia)<br>Tunnels Ginger x5 (Tunnels)<br>Vegas Striped Bass x5 (Las Vegas)"""
GatBoostNeed0042#0,"""Tunnels Piranha x1 (Tunnels)<br>Shironian Mussel x1 (Shironia)<br>Caves Char x1 (Caves)"""
GatBoostNeed0043#0,"""Skyscape Beans x10 (Skyscape)<br>Seabed Octopus x5 (Seabed)<br>Forest Tuna x5 (Forest)"""
GatBoostNeed0044#0,"""Seabed Oyster x10 (Seabed)<br>Skyscape Chestnut x5 (Skyscape)<br>Facility Mantis Shrimp x1 (Facility)"""
GatBoostNeed0045#0,"""Seabed Shallot x10 (Seabed)<br>Skyscape Tuna x5 (Skyscape)<br>Tundra Herring x10 (Tundra)"""
GatBoostNeed0046#0,"""Skyscape Kelp x10 (Skyscape)<br>Seabed Lemon x5 (Seabed)<br>Desert Flounder x10 (Desert)"""
GatBoostNeed0047#0,"""Seabed Goosefish x1 (Seabed)<br>Skyscape Puffer x1 (Skyscape)<br>Coast Filefish x5 (Coast)"""
GatBoostNeed0048#0,"""Sanctum Radish x10 (Sanctum)<br>Kuron Needlefish x5 (Kuron)<br>Ruins Alfonsino x5 (Ruins)"""
GatBoostNeed0049#0,"""Kuron Firefly Squid x10 (Kuron)<br>Sanctum Spinach x5 (Sanctum)<br>Vegas Bass x1 (Las Vegas)"""
GatBoostNeed0050#0,"""Kuron Lotus x10 (Kuron)<br>Sanctum Snakehead x5 (Sanctum)<br>Tundra Smelt x5 (Tundra)"""
GatBoostNeed0051#0,"""Sanctum Fiddler Crab x10 (Sanctum)<br>Kuron Burdock x5 (Kuron)<br>Quarry Eel x5 (Quarry)"""
GatBoostNeed0052#0,"""Kuron Abalone x1 (Kuron)<br>Sanctum Marlin x1 (Sanctum)<br>Forest Yellowtail x1 (Forest)"""
GatBoostNeed0053#0,"""Tundra Green Apple x5 (Tundra)<br>Caves Pine x5 (Caves)<br>Desert Mango x5 (Desert)"""
GatBoostNeed0054#0,"""Shironian Spider Crab x5 (Shironia)<br>Vegas Corn x5 (Las Vegas)<br>Quarry Pepper x5 (Quarry)"""
GatBoostNeed0055#0,"""ไม่มีสูตรอาหารเนื่องจากเป็นไอเทมสำหรับทดสอบ"""
GatBoostNeed0056#0,"""ไม่มีสูตรอาหารเนื่องจากเป็นไอเทมสำหรับทดสอบ"""
GatBoostNeed0057#0,"""ไม่มีสูตรอาหารเนื่องจากเป็นไอเทมสำหรับทดสอบ"""
GatBoostNeed0058#0,"""ไม่มีสูตรอาหารเนื่องจากเป็นไอเทมสำหรับทดสอบ"""
GatBoostNeed0059#0,"""ไม่มีสูตรอาหารเนื่องจากเป็นไอเทมสำหรับทดสอบ"""
GatBoostNeed0060#0,"""ไม่มีสูตรอาหารเนื่องจากเป็นไอเทมสำหรับทดสอบ"""
GatBoostNeed0061#0,"""ไม่มีสูตรอาหารเนื่องจากเป็นไอเทมสำหรับทดสอบ"""
GatBoostNeed0062#0,"""ไม่มีสูตรอาหารเนื่องจากเป็นไอเทมสำหรับทดสอบ"""
GatBoostNeed0063#0,"""ไม่มีสูตรอาหารเนื่องจากเป็นไอเทมสำหรับทดสอบ"""
GatBoostNeed0064#0,"""ไม่มีสูตรอาหารเนื่องจากเป็นไอเทมสำหรับทดสอบ"""
GatBoostNeed0065#0,"""ไม่มีสูตรอาหารเนื่องจากเป็นไอเทมสำหรับทดสอบ"""
GatBoostNeed0066#0,"""ไม่มีสูตรอาหารเนื่องจากเป็นไอเทมสำหรับทดสอบ"""
GatBoostNeed0067#0,"""ไม่มีสูตรอาหารเนื่องจากเป็นไอเทมสำหรับทดสอบ"""
GatBoostNeed0068#0,"""ไม่มีสูตรอาหารเนื่องจากเป็นไอเทมสำหรับทดสอบ"""
GatBoostNeed0069#0,"""ไม่มีสูตรอาหารเนื่องจากเป็นไอเทมสำหรับทดสอบ"""
GatBoostNeed0070#0,"""ไม่มีสูตรอาหารเนื่องจากเป็นไอเทมสำหรับทดสอบ"""
GatBoostNeed0071#0,"""ไม่มีสูตรอาหารเนื่องจากเป็นไอเทมสำหรับทดสอบ"""
GatBoostNeed0072#0,"""ไม่มีสูตรอาหารเนื่องจากเป็นไอเทมสำหรับทดสอบ"""
GatBoostNeed0073#0,"""ไม่มีสูตรอาหารเนื่องจากเป็นไอเทมสำหรับทดสอบ"""
GatBoostNeed0074#0,"""ไม่มีสูตรอาหารเนื่องจากเป็นไอเทมสำหรับทดสอบ"""
InviteReward_Title01#0,"""แลกของรางวัล Lv.10"""
InviteReward_Title02#0,"""แลกของรางวัล Lv.20"""
InviteReward_Title03#0,"""แลกของรางวัล Lv.30"""
InviteReward_Title04#0,"""แลกของรางวัล Lv.40"""
InviteReward_Title05#0,"""แลกของรางวัล Lv.50"""
InviteReward_Message#0,"""$(0)<br>จะถูกนำไปแลกกับไอเทมด้านล่าง<br>ตกลงหรือไม่?<br><br><yellow>※หลังจากแลกเปลี่ยน ไอเทม<br>จะไม่สามารถนำไป trade ได้อีก<c>"""
InviteReward_Success#0,"""แลกเปลี่ยนสำเร็จ"""
InviteReward_Failure01#0,"""เกิดข้อผิดพลาดที่ไม่คาดคิด"""
InviteReward_Failure02#0,"""ไอเทมสำหรับแลกเปลี่ยนไม่เพียงพอ"""
InviteReward_Failure03#0,"""เลเวลของคุณต่ำเกินไป<br><yellow>※ไม่สามารถแลกเปลี่ยนไอเทมได้หากเลเวลของ Main Class ต่ำเกินไป<c>"""
InviteReward_Failure04#0,"""ไม่สามารถเข้าถึง database ได้"""
InviteReward_Failure05#0,"""รับของรางวัลนี้ไปแล้ว"""
InviteReward_Failure06#0,"""ไม่ได้รับคำเชิญ"""
InviteReward_Failure07#0,"""ไม่สามารถรับของรางวัลได้เนื่องจาก<br>ไอเทมเกินขีดจำกัดการซ้อนทับ (Stack)<br>หรือพื้นที่ใน Inventory ไม่เพียงพอ<br>กรุณาจัดการ Inventory ของคุณ"""
BasterMedalShopTitle#0,"""Medal Exchange Shop"""
BasterMedalShopTitle_Sea01#0,"""ร้านค้ารีเซ็ตทุก 1 ชั่วโมง"""
BasterMedalShopTitle_Sea02#0,"""ร้านค้ารีเซ็ตทุก 24 ชั่วโมง"""
BasterMedalShopTitle_Sea03#0,"""Limited AC Recycle Shop"""
BasterMedalShopTitle_Sea04#0,"""Novel Series Vouchers"""
BasterMedalShopTitle_Sea05#0,"""New Year Festival 2020 Exchange Shop"""
BasterMedalShopTitle_Sea06#0,"""8th Anniversary Exchange Shop"""
BasterMedalShopHelp_Normal#0,"""<c f0df60>สามารถแลกเปลี่ยนของรางวัลได้โดยไม่มีข้อจำกัด<c>"""
BasterMedalShopHelp_Limit#0,"""<c f0df60>สามารถใช้ Buster Medals เพื่อแลกเปลี่ยนของรางวัลจำกัดเวลาได้<c>"""
BasterMedalShopHelp_Limit_Sea#0,"""<c f0df60>สามารถนำไอเทม AC Scratch ที่กำหนด มาแลกเปลี่ยนกับสินค้าที่มีการจำกัดจำนวนครั้งได้<c>"""
BasterMedalShopHelp_Limit_Sea1#0,"""<c f0df60>สามารถนำ 7th Anniversary Badge มาแลกเปลี่ยนกับสินค้าที่มีการจำกัดจำนวนครั้งได้<c>"""
BasterMedalShopHelp_Limit_Sea3#0,"""<c f0df60>สามารถนำ 8th Anniversary Badge มาแลกเปลี่ยนกับสินค้าที่มีการจำกัดจำนวนครั้งได้<c>"""
BasterMedalShopHelp_Limit_Sea2#0,"""<c f0df60>สามารถนำ Weapons Badge 2020 มาแลกเปลี่ยนกับสินค้าที่มีการจำกัดจำนวนครั้งได้<c>"""
BasterMedalShopHelp_Limit_Jig1#0,"""<c f0df60>สามารถนำ Sage's Crest มาแลกเปลี่ยนกับสินค้าที่มีการจำกัดจำนวนครั้งได้<c>"""
BasterMedalShopHelp_Warehouse#0,"""<c f0df60>เข้าถึง Storage<c>"""
BasterMedalShopHelp_Exit#0,"""<c f0df60>ออกจาก Buster Medal Exchange Shop<c>"""
BasterMedalShopMenuTitle#0,"""เมนู Shop"""
BasterMedalShopMenu_Exit#0,"""ออกจาก Shop"""
BasterMedalShopHelp_QuestMedal#0,"""<c f0df60>สามารถนำ Prize Medals ที่ได้จาก Armada Interception มาแลกเปลี่ยนกับของรางวัลที่มีจำนวนจำกัดได้<c>"""
BasterMedalShopTitle01_COBALT#0,"""แลกเปลี่ยน Cobalt Medal กับไอเทมจำกัดเวลา"""
BasterMedalShopHelp01_COBALT#0,"""<c f0df60>สามารถนำ Cobalt Medal มาแลกเปลี่ยนกับของรางวัลที่มีจำนวนจำกัดได้<c>"""
BasterMedalShopHelp01_SV#0,"""<c f0df60>สามารถนำ Divide Medal มาแลกเปลี่ยนกับของรางวัลที่มีจำนวนจำกัดได้<c>"""
ShopTitle_jig#1,"""ร้านแลกเปลี่ยน Certificate"""
BasterMedalShopHelp_Limit_Ce#0,"""<c f0df60>สามารถนำ Class EX-Cube มาแลกเปลี่ยนกับสินค้าที่มีการจำกัดจำนวนครั้งได้<c>"""
BasterMedalShopHelp_Limit_8th#0,"""<c f0df60>สามารถนำ 8th Anniversary Raffle Ticket มาแลกเปลี่ยนกับสินค้าที่มีการจำกัดจำนวนครั้งได้<c>"""
Boost_Title#0,"""ยืนยันการเขียนทับ"""
Boost_Title1#0,"""ยืนยันการขยายระยะเวลาเอฟเฟกต์"""
Boost_Project#0,"""ไอเทม"""
Boost_Before#0,"""ก่อนหน้า"""
Boost_After#0,"""หลังจาก"""
Boost_Yes#0,"""ใช่"""
Boost_No#0,"""ไม่"""
Boost_Message#0,"""กำลังเขียนทับเอฟเฟกต์บูสต์<br>เมื่อเขียนทับ ระยะเวลาเอฟเฟกต์จะถูกรีเฟรช<br>การทำเช่นนี้จะใช้ไอเทม ดำเนินการต่อหรือไม่?<br>"""
Boost_Message1#0,"""ไอเทมบูสต์นี้จะมอบเอฟเฟกต์บูสต์ที่คุณกำลังใช้งานอยู่แล้ว<br>การใช้งานจะเขียนทับชื่อเอฟเฟกต์และขยายระยะเวลา ดำเนินการต่อหรือไม่?<br><yellow>※ไม่สามารถใช้ได้หากระยะเวลาที่ขยายเกินขีดจำกัดสูงสุด<c>"""
Boost_Percent#0,"""เอฟเฟกต์ %"""
Boost_Time#0,"""ระยะเวลาเอฟเฟกต์"""
Boost_Experience#0,"""EXP Boost"""
Boost_MesetaDrop#0,"""Meseta Boost"""
Boost_RareDrop#0,"""Rare Drop Boost"""
KisekiBoost_Message_EffectName#0,"""จำนวนดรอปเพิ่มเติม"""
EventBoost_Title#0,"""ยืนยันการใช้ไอเทม"""
EventBoost_Message_Change#0,"""การทำเช่นนี้จะเขียนทับบูสต์ที่ใช้งานอยู่ เมื่อใช้แล้ว เอฟเฟกต์บูสต์ปัจจุบันจะสิ้นสุดลงและเอฟเฟกต์บูสต์ใหม่จะมีผล ดำเนินการต่อหรือไม่?"""
EventBoost_Message_Plus#0,"""กำลังใช้ไอเทมบูสต์<br>การทำเช่นนี้จะเพิ่มบูสต์ปัจจุบัน ดำเนินการต่อหรือไม่?"""
KisekiBoost_Message_Plus#0,"""กำลังใช้ไอเทมบูสต์<br>ดำเนินการต่อหรือไม่?"""
EventBoost_Message_Alert#0,"""แน่ใจหรือไม่ว่าต้องการเขียนทับบูสต์ที่ใช้งานอยู่?"""
KisekiBoost_Message_Change#0,"""กำลังเขียนทับเอฟเฟกต์บูสต์<br>เมื่อเขียนทับ ระยะเวลาเอฟเฟกต์จะถูกรีเฟรช<br>การทำเช่นนี้จะใช้ไอเทม ดำเนินการต่อหรือไม่?"""
RecommendTitle#0,"""ไอเทมอันดับสูงสุด"""
RecommendRank#0,"""อันดับ"""
RecommendItemState#0,"""ข้อมูล"""
RecommendRate#0,"""ราคาเฉลี่ย"""
RecommendNoItem#0,"""ไม่มีไอเทมติดอันดับ"""
RecommendHelpText#0,"""แสดงไอเทมที่ขายดีที่สุดในช่วง 7 วันที่ผ่านมา การเลือกไอเทมจะนำคุณไปยังผลการค้นหาสำหรับไอเทมนั้น"""
Guide_1#1,"""เลือก Base Item เป้าหมายที่จะรับการโอนย้าย"""
Guide_2#1,"""เลือก Material ไอเทม Special Ability ที่อยู่ใน Material จะ<c><c ff4f3f>หายไป<c><c f0df60>"""
Guide_3#1,"""เลือก Special Ability ที่จะโอนย้ายไปยัง Base Item"""
Guide_4#1,"""นี่คือหน้ายืนยันสุดท้ายสำหรับการโอนย้าย Special Ability ตรวจสอบรายละเอียดให้ดี และหากไม่มีปัญหา ให้เลือก \""ใช่\"""
ItemError#0,"""ไม่มีไอเทมที่มี Special Ability ที่สามารถโอนย้ายได้"""
TitleText1#1,"""เลือก Base Item"""
TitleText2#1,"""เลือก Material Item"""
TitleText3#1,"""ยืนยันการโอนย้าย"""
TitleText4#1,"""ยืนยันการโอนย้าย Ability"""
TitleText5#1,"""รายละเอียดการโอนย้าย Ability"""
TitleText6#1,"""ขั้นสุดท้ายการโอนย้าย Ability"""
TitleText7#1,"""เลือก Special Abilities"""
TitleText8#1,"""รายชื่อ Abilities"""
TitleText9#0,"""Abilities ที่เลือก"""
Choice_Item#1,"""ไอเทมที่เลือก"""
Constitution1#0,"""Base Item ที่เลือก"""
Constitution2#0,"""Material Item ที่เลือก"""
Constitution3#0,"""ขั้นสุดท้ายการโอนย้าย Ability"""
Constitution4#0,"""Ability Capsules ที่ใช้"""
Constitution5#0,"""Ability Passes ที่ใช้"""
Constitution6#0,"""จำนวน"""
Message_Explanation#0,"""กรุณาเลือก Special Ability ที่จะโอนย้าย<br>ให้เท่ากับจำนวน Slot ของ Base Item<br><br>※สามารถเลือก S-Class Special Ability จาก Base ได้"""
Need_Item#0,"""<yellow>$(1)：$(2) (ปัจจุบัน: $(0))<c><br><yellow>Meseta ที่ต้องใช้: $(4) (ปัจจุบัน: $(3))<c>"""
Need_Item2#0,"""Base: $(0)<br>Material: $(1)"""
Message_Confirm#1,"""กำลังเริ่มการโอนย้าย Special Ability<br>ดำเนินการต่อหรือไม่?<br><br>※Special Ability ที่ไม่ได้เพิ่มจะ<c ff4f3f>หายไป<c><br>※Special Ability ที่อยู่ในไอเทม Material<br>\u3000จะ<c ff4f3f>หายไปทั้งหมด<c> ยกเว้น S-Class Special Ability"""
Grant1#1,"""Base Item"""
Grant2#1,"""Material Item"""
ServerErrorMsg1#1,"""$(0) ไม่เพียงพอ"""
ServerErrorMsg2#1,"""Meseta ไม่เพียงพอ"""
ErrorMsg#0,"""การโอนย้าย Special Ability ล้มเหลว กรุณารอสักครู่แล้วลองใหม่อีกครั้ง"""
ButtonText1#0,"""กลับ"""
ButtonText2#0,"""ยืนยัน"""
ButtonText3#0,"""เริ่มการโอนย้าย Special Ability"""
Message_Explanation2#0,"""Special Abilities ทั้งหมดใน Material ไอเทม <c ff4f3f>จะหายไป<c> ดำเนินการต่อหรือไม่?<br>※<yellow>S-Class Special Abilities จะไม่หายไป<c>"""
ResultMessage1#2,"""ขีดจำกัด Grind ของ $(1) เพิ่มขึ้นจาก $(2) เป็น $(0)"""
ResultMessage2#2,"""<yellow>ลงทะเบียนเจ้าของเสร็จสมบูรณ์<c>แล้ว"""
Decrease_Title#1,"""ยืนยัน Special Ability"""
Decrease_Msg#1,"""Special Abilities ที่ไม่ได้เลือกดังต่อไปนี้จะ<c ff4f3f>หายไป<c> ดำเนินการต่อหรือไม่?"""
SlotDecrease_Title#1,"""ยืนยันการลด Slot"""
SlotDecrease_Msg#1,"""การทำเช่นนี้จะ<c ff4f3f>ลด Slot ลง<c> $(0) Slots<br>ดำเนินการต่อหรือไม่?"""
MaxMessage#0,"""เนื่องจากเกินจำนวนเพิ่มสูงสุด จึงถูกแทนที่แล้ว"""
CategoryMessege#0,"""แทนที่ Special Ability ที่เลือกไว้ก่อนหน้าจากหมวดหมู่เดียวกันแล้ว"""
SupportConfirmMessage#1,"""ไม่ได้เลือก Special Ability ที่เพิ่มด้วย<br>Support Item<br><br><light_red>※แม้ไม่ได้เลือก ไอเทมก็จะถูกใช้ไป<c><br><br>แน่ใจหรือไม่ว่าต้องการดำเนินการต่อ?"""
SupportTitle#0,"""เลือกไอเทมเพิ่ม Special Ability"""
AddSupportMessage1#0,"""คุณมี Support Item ที่สามารถเพิ่ม<br>Special Ability เฉพาะได้<br>กรุณาเลือกสิ่งที่จะใช้"""
LockConfirm#0,"""เลือกไอเทมที่ล็อคอยู่ ดำเนินการต่อหรือไม่?"""
ChargeSigneWindow_Title#0,"""ซื้อ Resta Signs/Reverser Signs"""
ChargeSigneWindow_SigneName01#0,"""Resta Sign"""
ChargeSigneWindow_SigneCount01#0,"""ทั้งหมด"""
ChargeSigneWindow_SigneName02#0,"""Reverser Sign"""
ChargeSigneWindow_SigneCount02#0,"""ทั้งหมด"""
ChargeSigneWindow_Payment#0,"""<pict reb_meseta><pict 4space>Meseta ที่ต้องใช้"""
ChargeSigneWindow_Possession#0,"""<pict reb_meseta><pict 4space>Meseta ที่มี"""
ChargeSigneWindow_PurchaseButton#0,"""ซื้อ"""
ChargeSigneWindow_CancelButton#0,"""ยกเลิก"""
ChargeSigneToast_Complete#0,"""เติม Recovery actions แล้ว"""
ChargeSigneWindow_Error01#0,"""ไม่สามารถเติม Recovery actions ได้<br>กรุณาลองใหม่อีกครั้ง"""
Message_NoItem#0,"""ไม่พบไอเทม"""
Message_NoWeapon#0,"""ไม่พบ Weapons"""
Message_NoUnit#0,"""ไม่พบ Units"""
Message_NoUnitRing#0,"""ไม่มี Units/Skill Rings"""
Message_NoCostume#0,"""ไม่มี Costumes/Parts/Weapon Camos"""
Message_NoOuter#0,"""ไม่มี Outerwear"""
Message_NoStack#0,"""ไม่มีไอเทมกดใช้"""
Message_NoDisk#0,"""ไม่มี Discs"""
Message_NoGoods#0,"""ไม่มี Room Goods"""
Message_NoQuestitem#0,"""ไม่พบ Order Items/Material Items"""
Message_NoOther#0,"""ไม่พบไอเทม"""
Message_NoWeaponAvatar#0,"""ไม่มี Weapon Camos"""
Message_NoRing#0,"""ไม่มี Skill Rings"""
Message_NoElement#0,"""ไม่มี Special Abilities"""
Message_NoPotential#0,"""ไม่มี Potentials"""
Message_NoElementAndPotential#0,"""ไม่มี Special Abilities หรือ Potential"""
Operation_ItemPack#0,"""คู่มือเมนู Item Pack เมนูช่วยเหลือสำหรับ Preset: <%Decide> ยืนยัน\u3000<%Cancel> ยกเลิก"""
Explanation1#11,"""เลือก Weapon หรือ Unit ที่ต้องการเพิ่ม Special Ability"""
Explanation2#10,"""เลือก Weapon หรือ Unit เพื่อใช้เป็น Material ไอเทมที่เลือกเป็น Material จะ<red>หายไปหลังการอัปเกรด<c>"""
Explanation3#8,"""เลือก Special Ability ที่ต้องการเพิ่ม"""
Explanation4#6,"""นี่คือหน้ายืนยันสุดท้ายสำหรับการเพิ่ม Special Ability ตรวจสอบรายละเอียดให้ดี และหากไม่มีปัญหา ให้เลือก \""ใช่\"""
ConfirmationElementTitle#1,"""Special Abilities ที่โอนย้ายได้"""
ComposeSupportNone#0,"""ไม่มีไอเทม"""
ComposeSupport#0,"""มีไอเทม"""
MaterialListTitle#2,"""ข้อมูลไอเทม"""
BaseTitle#1,"""เลือก Base Item"""
MaterialTitle#2,"""เลือก Material Item"""
ElementCompose#1,"""เพิ่ม Special Ability"""
ListNone#0,"""ไม่ได้เลือก"""
Name_Element#0,"""Special Ability"""
Name_Probability#0,"""อัตราสำเร็จ"""
Choice_ElementTitle#0,"""Ability ที่เลือก"""
Choice_ElementNone#0,"""-"""
SlotEmpty#0,"""Slot ไม่ว่าง"""
ConfirmationTitle#3,"""การเพิ่ม Special Ability"""
ConfirmationMessage#2,"""กำลังเพิ่ม Special Ability ดำเนินการต่อหรือไม่?<br><br>※Special Ability ที่ไม่ได้เลือก<br><scarlet>จะหายไป<c><br><br>※คุณสามารถเพิ่มอัตราสำเร็จได้โดยใช้<br>Support Items"""
ConfirmationCompareTitle#0,"""รายละเอียด Ability เพิ่มเติม"""
ConfirmationNum1#0,"""Special Ability"""
ConfirmationNum2#0,"""โอกาสสำเร็จ %"""
ConfirmationNum3#0,"""Special Ability Capsules ที่ใช้"""
ConfirmationNum4#0,"""จำนวน"""
ConfirmationNum5#0,"""หมวดหมู่ $(0)"""
AttentionMessage#0,"""เพิ่ม Special Ability ที่มีเอฟเฟกต์เดียวกันไปแล้ว"""
ConfirmationAttentionMessage#2,"""คุณได้เลือก Material ที่ตรงตามเงื่อนไขด้านล่าง แน่ใจหรือไม่ว่าต้องการดำเนินการต่อ?<br><br>・ไอเทมระดับ ★4 ขึ้นไป<br>・ไอเทมที่ถึงขีดจำกัด Grind (Grind Limit) แล้ว"""
ConfirmationAbilityDisappearMessage#0,"""ยังไม่ได้เลือก Special Ability<br>หากดำเนินการต่อโดยไม่เลือก<br>Ability นั้นจะ<scarlet>หายไป<c><br><br>แน่ใจหรือไม่ว่าต้องการดำเนินการต่อ?"""
Explanation1#12,"""เลือก Weapon หรือ Armor ที่ต้องการเพิ่ม Special Ability"""
Explanation2#11,"""เลือก Special Ability Capsules ที่จะใช้ Special Ability Capsules ที่เลือก<scarlet>จะหายไปเมื่อใช้งาน<c>"""
Explanation3#9,"""เลือก Special Ability ที่จะเพิ่ม หากคุณไม่เลือก Special Ability จะไม่ใช้ Capsules นั้น"""
Explanation4#7,"""นี่คือหน้ายืนยันสุดท้ายสำหรับการเพิ่ม Special Ability กรุณาตรวจสอบและเลือก \""ใช่\"" หากไม่มีปัญหา"""
Title#26,"""เลือกไอเทมเพื่อ Limit Break"""
Explanation1#13,"""เลือก Weapon หรือ Armor เพื่อ Limit Break <c fodf60>ไม่สามารถเลือกไอเทมที่ถึงขีดจำกัด Grind สูงสุดแล้วได้<c>"""
Explanation2#12,"""นี่คือหน้ายืนยันสุดท้ายสำหรับ Limit Break กรุณาตรวจสอบรายละเอียดอย่างระมัดระวัง และเลือก \""ใช่\"" หากไม่มีปัญหา"""
LimitMax#0,"""$(0) ถึงขีดจำกัดสูงสุดแล้ว"""
CompareTitle#5,"""รายละเอียด Limit Break"""
SupportTitle#1,"""Support Item สำหรับ Limit Break"""
MaterialTitle#3,"""ข้อมูลไอเทม"""
CompareLimitTilte#0,"""ขีดจำกัดปัจจุบัน (สูงสุด)"""
CompareLimitValue#0,"""$(0) ($(1))"""
CompareBefore#0,"""ก่อนหน้า"""
CompareAfter#0,"""หลังจาก"""
LimitBreakTitle#0,"""Limit Break"""
ConfirmationMessage#3,"""กำลังเริ่มกระบวนการ Limit Break<br>ต้องการดำเนินการต่อหรือไม่?<br><br>※คุณสามารถใช้ Support Items เพื่อดำเนินการนี้<br>\u3000โดยไม่ต้องใช้ Material ได้<br>\u3000แต่ยังคงต้องใช้ <pict reb_meseta> Meseta เสมอ"""
ResultTitle#3,"""Limit Break"""
ResultMessage1#3,"""Limit Break \""$(1)\"" สำเร็จ<br>ขีดจำกัด Grind เพิ่มขึ้นจาก $(2) เป็น $(0)"""
Guide_1#2,"""เลือก Weapon เพื่อทำเป็น Multi-Weapon คุณสามารถยกเลิก Multi-Weapon ได้โดยการเลือกอีกครั้ง"""
Guide_2#2,"""เลือกหมวดหมู่ Weapon ที่ต้องการนำมาผสานกับไอเทมหลัก (Base)"""
Guide_3#2,"""การตรวจสอบ Multi-weapon ขั้นสุดท้าย ตรวจสอบตัวเลือกของคุณอย่างระมัดระวังและกด [ใช่] เมื่อพร้อม"""
ItemError#1,"""ไม่มีไอเทมที่ทำ Multi-weapon ได้"""
TitleText1#2,"""เลือกไอเทมหลัก (Base)"""
TitleText2#2,"""เลือก Material"""
TitleText3#2,"""ยืนยัน Multi-weapon"""
TitleText4#2,"""รายละเอียด Multi-weapon"""
Constitution1#1,"""ไอเทมที่เลือกเป็น Base"""
Constitution2#1,"""ไอเทมที่เลือกเป็น Material"""
Constitution3#1,"""Support Items สำหรับ Multi-weapon"""
Message_Confirm#2,"""กำลังเริ่มกระบวนการ Multi-weapon<br>ดำเนินการต่อหรือไม่?<br><br>ไอเทมที่เปลี่ยนเป็น Multi-weapon แล้ว จะสามารถใช้เป็น Base ได้เฉพาะที่ Item Lab เท่านั้น เฉพาะไอเทมที่เลือกเป็น Base เท่านั้นที่จะได้รับการตีบวก<br><br>※คุณสามารถใช้ Support Items เพื่อดำเนินการนี้<br>\u3000โดยไม่ต้องใช้ Material ได้<br>\u3000แต่ยังคงต้องใช้ <pict reb_meseta> Meseta เสมอ"""
ResultMessage1#4,"""ทำ Multi-Weapon \""$(0)\"" สำเร็จแล้ว<br>ประเภทที่รองรับ: $(1)$(2)$(3)"""
ServerErrorMsg1#2,"""$(0) ไม่เพียงพอ"""
ServerErrorMsg2#2,"""Meseta ไม่เพียงพอ"""
Menu_Lock#0,"""ล็อค"""
Menu_Unlock#0,"""ปลดล็อค"""
Menu_Consume#0,"""ใช้งาน"""
Menu_Put#0,"""ทิ้ง"""
Menu_Dispose#0,"""ทำลาย"""
Menu_Convert#0,"""แปลงเป็น Meseta"""
Menu_SendWarehouse#0,"""ส่งเข้า Storage"""
Menu_SendWarehouseNone#0,"""ไม่มี Storage ที่ใช้งานได้"""
Menu_PetAbility#0,"""ดู Personality"""
Menu_SetEffect#0,"""ดู Set Effect"""
Menu_RingSkill#0,"""ดู Ring Skill"""
Menu_LockMulti#0,"""ล็อคทั้งหมด ($(1)/$(0))"""
Menu_UnlockMulti#0,"""ปลดล็อคทั้งหมด ($(1)/$(0))"""
Menu_PutMulti#0,"""ทิ้งทั้งหมด"""
Menu_BonusElementConfirm#0,"""ดู Ability Factor"""
Menu_SearchMarketPriceItem#0,"""ดูราคาไอเทม"""
Menu_SearchMarketPriceElement#0,"""ดูราคา Ability"""
Menu_TakeWarehouse#0,"""ถอน ($(1)/$(0))"""
Menu_SendWishList#0,"""เพิ่มลง Wish List"""
Menu_SendPresentList#0,"""เพิ่มลง Gift List"""
Menu_Hide#0,"""ซ่อน (Stealth)"""
Menu_Show#0,"""เลิกซ่อน (Unstealth)"""
Menu_Ability#0,"""ดู Abilities"""
SendMenu_WarehouseNone#0,"""ไม่มี Storage ที่ใช้งานได้"""
SendMenu_WarehouseDefault#0,"""<pict wh_icon>ส่งเข้า Basic Storage ($(1)/$(0))"""
SendMenu_WarehousePremiere#0,"""<pict wh_premium_icon>ส่งเข้า Premium Storage <pict Arcscash>($(1)/$(0))"""
SendMenu_WarehouseAddition01#0,"""<pict wh_extend1_icon>ส่งเข้า Expansion Storage 1 <pict StarGem>($(1)/$(0))"""
SendMenu_WarehouseAddition02#0,"""<pict wh_extend2_icon>ส่งเข้า Expansion Storage 2 <pict Arcscash>($(1)/$(0))"""
SendMenu_WarehouseAddition03#0,"""<pict wh_extend3_icon>ส่งเข้า Expansion Storage 3 <pict Arcscash>($(1)/$(0))"""
SendMenu_WarehouseAddition04#0,"""<pict wh_extend4_icon>ส่งเข้า Expansion Storage 4 <pict Arcscash>($(1)/$(0))"""
SendMenu_WarehouseAddition05#0,"""<pict wh_extend5_icon>ส่งเข้า Expansion Storage 5 <pict Arcscash>($(1)/$(0))"""
SendMenu_WarehouseAddition06#0,"""<pict wh_extend6_icon>ส่งเข้า Expansion Storage 6 <pict Arcscash>($(1)/$(0))"""
SendMenu_WarehouseAdditionOTP#0,"""<pict wh_otp_icon>ส่งเข้า OTP Storage ($(1)/$(0))"""
SendMenu_GuildWarehouse#0,"""<pict wh_icon_team>ส่งเข้า Team Storage"""
Title_Convert#0,"""แปลงเป็น Meseta"""
Message_ConvertInputNumber#0,"""จำนวนที่แปลง"""
Message_ConvertReady#0,"""กำลังแปลงไอเทมดังต่อไปนี้<br><yellow>Meseta ทั้งหมด:<c> <pict reb_meseta>$(0)<br>ดำเนินการต่อหรือไม่?"""
Message_ConvertSuccess#0,"""แปลงไอเทมเป็น <pict reb_meseta>$(0) Meseta แล้ว"""
Message_ConvertSuccessZero#0,"""กำจัดไอเทมทิ้ง แลกกับ 0 Meseta แล้ว"""
Message_ConvertPartiallySuccess#0,"""ไอเทมบางชิ้นไม่สามารถแปลงได้"""
Message_ConvertTicket#0,"""ไอเทมที่คุณพยายามจะแปลง<br>คือ Ticket หรือ Pass<br>ดำเนินการแปลงต่อหรือไม่?"""
Message_ConvertRare#0,"""ไอเทมที่คุณพยายามจะแปลง<br>มีความแรร์ระดับ $(0) ขึ้นไป<br>ดำเนินการแปลงต่อหรือไม่?"""
Error_ConvertEquip#0,"""ไม่สามารถแปลงไอเทมที่สวมใส่อยู่ได้"""
Error_ConvertLock#0,"""- ไอเทมถูกล็อค"""
Error_ConvertNon#0,"""ไอเทมชิ้นนี้ไม่สามารถแปลงได้"""
Error_ConvertScratch#0,"""- ไอเทมรางวัลจาก Scratch Ticket"""
Error_NotConvert#0,"""ไม่สามารถแปลงได้"""
PossessedItem#0,"""ไอเทมทั้งหมดที่คุณมี"""
PossessedItem_withPict#0,"""<pict wh_allitem> ไอเทมทั้งหมดที่คุณมี"""
Itempack#0,"""Inventory"""
Itempack_withPict#0,"""<pict wh_item_icon> Inventory"""
WarehouseAll#1,"""All Storage"""
WarehouseAll_withPict#0,"""<pict wh_all_icon> All Storage"""
WarehouseDefault#1,"""Basic Storage"""
WarehouseDefault_withPict#0,"""<pict wh_icon> Basic Storage"""
WarehousePost#1,"""Temporary Storage"""
WarehousePost_withPict#0,"""<pict wh_post_icon> Temporary Storage"""
WarehouseSystemPost#1,"""System Storage"""
WarehouseSystemPost_withPict#0,"""<pict wh_management> System Storage"""
WarehousePremiere#1,"""Premium Storage"""
WarehousePremiere_withPict#0,"""<pict wh_premium_icon> Premium Storage"""
WarehousePremiere_withPict_AC#0,"""<pict Arcscash> Premium Storage <yellow>(ยังไม่ได้ซื้อ)<c>"""
WarehousePremiere_withPict_SG#0,"""<pict StarGem> Premium Storage <yellow>(ยังไม่ได้ซื้อ)<c>"""
WarehousePremiere_withPict_AC_Expired#0,"""<pict Arcscash> Premium Storage <red>(หมดอายุ)<c>"""
WarehousePremiere_withPict_SG_Expired#0,"""<pict StarGem> Premium Storage <red>(หมดอายุ)<c>"""
WarehousePremiere_withPict_week#0,"""<pict wh_premium_icon> Premium Storage <bright_orange>เหลือน้อยกว่าหนึ่งสัปดาห์<c>"""
WarehouseAddition01#1,"""Expansion Storage 1"""
WarehouseAddition01_withPict#0,"""<pict wh_extend1_icon> Expansion Storage 1"""
WarehouseAddition01_withPict_AC#0,"""<pict Arcscash> Expansion Storage 1 <yellow>(ยังไม่ได้ซื้อ)<c>"""
WarehouseAddition01_withPict_SG#0,"""<pict StarGem> Expansion Storage 1 <yellow>(ยังไม่ได้ซื้อ)<c>"""
WarehouseAddition01_withPict_AC_Expired#0,"""<pict Arcscash> Expansion Storage 1<red>(หมดอายุ)<c>"""
WarehouseAddition01_withPict_SG_Expired#0,"""<pict StarGem> Expansion Storage 1 <red>(หมดอายุ)<c>"""
WarehouseAddition01_withPict_week#0,"""<pict wh_extend1_icon> Expansion Storage 1 <bright_orange>เหลือน้อยกว่าหนึ่งสัปดาห์<c>"""
WarehouseAddition02#1,"""Expansion Storage 2"""
WarehouseAddition02_withPict#0,"""<pict wh_extend2_icon> Expansion Storage 2"""
WarehouseAddition02_withPict_AC#0,"""<pict Arcscash> Expansion Storage 2 <yellow>(ยังไม่ได้ซื้อ)<c>"""
WarehouseAddition02_withPict_SG#0,"""<pict StarGem> Expansion Storage 2 <yellow>(ยังไม่ได้ซื้อ)<c>"""
WarehouseAddition02_withPict_AC_Expired#0,"""<pict Arcscash> Expansion Storage 2 <red>(หมดอายุ)<c>"""
WarehouseAddition02_withPict_SG_Expired#0,"""<pict StarGem> Expansion Storage 2 <red>(หมดอายุ)<c>"""
WarehouseAddition02_withPict_week#0,"""<pict wh_extend2_icon> Expansion Storage 2 <bright_orange>เหลือน้อยกว่าหนึ่งสัปดาห์<c>"""
WarehouseAddition03#1,"""Expansion Storage 3"""
WarehouseAddition03_withPict#0,"""<pict wh_extend3_icon> Expansion Storage 3"""
WarehouseAddition03_withPict_AC#0,"""<pict Arcscash> Expansion Storage 3 <yellow>(ยังไม่ได้ซื้อ)<c>"""
WarehouseAddition03_withPict_SG#0,"""<pict StarGem> Expansion Storage 3 <yellow>(ยังไม่ได้ซื้อ)<c>"""
WarehouseAddition03_withPict_AC_Expired#0,"""<pict Arcscash> Expansion Storage 3 <red>(หมดอายุ)<c>"""
WarehouseAddition03_withPict_SG_Expired#0,"""<pict StarGem> Expansion Storage 3 <red>(หมดอายุ)<c>"""
WarehouseAddition03_withPict_week#0,"""<pict wh_extend3_icon> Expansion Storage 3 <bright_orange>เหลือน้อยกว่าหนึ่งสัปดาห์<c>"""
WarehouseAddition04#1,"""Expansion Storage 4"""
WarehouseAddition04_withPict#0,"""<pict wh_extend4_icon> Expansion Storage 4"""
WarehouseAddition04_withPict_AC#0,"""<pict Arcscash> Expansion Storage 4 <yellow>(ยังไม่ได้ซื้อ)<c>"""
WarehouseAddition04_withPict_SG#0,"""<pict StarGem> Expansion Storage 4 <yellow>(ยังไม่ได้ซื้อ)<c>"""
WarehouseAddition04_withPict_AC_Expired#0,"""<pict Arcscash> Expansion Storage 4 <red>(หมดอายุ)<c>"""
WarehouseAddition04_withPict_SG_Expired#0,"""<pict StarGem> Expansion Storage 4 <red>(หมดอายุ)<c>"""
WarehouseAddition04_withPict_week#0,"""<pict wh_extend4_icon> Expansion Storage 4 <bright_orange>เหลือน้อยกว่าหนึ่งสัปดาห์<c>"""
WarehouseAddition05#1,"""Expansion Storage 5"""
WarehouseAddition05_withPict#0,"""<pict wh_extend5_icon> Expansion Storage 5"""
WarehouseAddition05_withPict_AC#0,"""<pict Arcscash> Expansion Storage 5 <yellow>(ยังไม่ได้ซื้อ)<c>"""
WarehouseAddition05_withPict_SG#0,"""<pict StarGem> Expansion Storage 5 <yellow>(ยังไม่ได้ซื้อ)<c>"""
WarehouseAddition05_withPict_AC_Expired#0,"""<pict Arcscash> Expansion Storage 5 <red>(หมดอายุ)<c>"""
WarehouseAddition05_withPict_SG_Expired#0,"""<pict StarGem> Expansion Storage 5 <red>(หมดอายุ)<c>"""
WarehouseAddition05_withPict_week#0,"""<pict wh_extend5_icon> Expansion Storage 5 <bright_orange>เหลือน้อยกว่าหนึ่งสัปดาห์<c>"""
WarehouseAddition06#1,"""Expansion Storage 6"""
WarehouseAddition06_withPict#0,"""<pict wh_extend6_icon> Expansion Storage 6"""
WarehouseAddition06_withPict_AC#0,"""<pict Arcscash> Expansion Storage 6 <yellow>(ยังไม่ได้ซื้อ)<c>"""
WarehouseAddition06_withPict_SG#0,"""<pict StarGem> Expansion Storage 6 <yellow>(ยังไม่ได้ซื้อ)<c>"""
WarehouseAddition06_withPict_AC_Expired#0,"""<pict Arcscash> Expansion Storage 6 <red>(หมดอายุ)<c>"""
WarehouseAddition06_withPict_SG_Expired#0,"""<pict StarGem> Expansion Storage 6 <red>(หมดอายุ)<c>"""
WarehouseAddition06_withPict_week#0,"""<pict wh_extend6_icon> Expansion Storage 6 <bright_orange>เหลือน้อยกว่าหนึ่งสัปดาห์<c>"""
OneTimePassward#1,"""OTP Storage"""
OneTimePassward_withPict#0,"""<pict wh_otp_icon> OTP Storage"""
OneTimePassward_withPict_Not#0,"""<pict Arksroicon> OTP Storage <yellow>(ยังไม่ได้ซื้อ)<c>"""
OneTimePassward_withPict_Expired#0,"""<pict Arksroicon> OTP Storage <red>(หมดอายุ)<c>"""
WarehouseCharacter#1,"""Character Storage"""
WarehouseCharacter_withPict#0,"""<pict wh_chara_icon> Character Storage"""
WarehouseEs#1,"""PSO2es Storage"""
WarehouseEs_withPict#0,"""<pict wh_es_icon> PSO2es Storage"""
WarehouseEs_withPict_Not#0,"""<pict Arksroicon> PSO2es Storage <yellow>(ยังไม่ได้ซื้อ)<c>"""
WarehouseEs_withPict_Expired#0,"""<pict Arksroicon> PSO2es Storage <red>(หมดอายุ)<c>"""
WarehouseDish#1,"""Material Storage"""
WarehouseDish_withPict#0,"""<pict wh_dish_icon> Material Storage"""
WarehouseDish_withPictAC#0,"""<pict Arcscash> Material Storage <yellow>(ยังไม่ได้ซื้อ)<c>"""
WarehouseDish_withPict_SG#0,"""<pict StarGem> Material Storage <yellow>(ยังไม่ได้ซื้อ)<c>"""
WarehouseDish_withPict_AC_Expired#0,"""<pict Arcscash> Material Storage <red>(หมดอายุ)<c>"""
WarehouseDish_withPict_SG_Expired#0,"""<pict StarGem> Material Storage <red>(หมดอายุ)<c>"""
WarehouseDish_withPict_week#0,"""<pict wh_dish_icon> Material Storage <bright_orange>เหลือน้อยกว่าหนึ่งสัปดาห์<c>"""
WarehouseTeam#1,"""Team Storage"""
WarehouseTeam_withPict#0,"""<pict wh_icon_team> Team Storage"""
WarehouseMeseta#1,"""Meseta Storage"""
WarehouseQuest#0,"""Drop Storage"""
WarehouseQuest_withPict#0,"""<pict wh_quest_icon> Drop Storage"""
WarehousePool#0,"""Quest Storage"""
WarehousePool_withPict#0,"""<pict wh_pool_icon> Quest Storage"""
WarehouseCounter#0,"""($(0)/$(1))"""
WarehouseCounterUnlimited#0,"""($(0)/ - )"""
WarehouseLimit#0,"""(หมดอายุ)"""
WarehouseNotPurchased#0,"""(ยังไม่ได้ซื้อ)"""
WarehouseClassicItemPac#0,"""[PSO2] Inventory"""
WarehouseClassicItemPac_withpct#0,"""<pict wh_item_icon> [PSO2] Inventory"""
Inventory_Select#0,"""เลือกจาก $(0)"""
Inventory_Sale#0,"""ขายจาก $(0)"""
WarehouseGlobal#1,"""Mission Pass Storage"""
WarehouseGlobal_withPict#0,"""<pict wh_global_icon>Mission Pass Storage"""
WarehouseGlobal_withPict_Not#0,"""<pict Arksroicon> Mission Pass Storage <yellow>(ยังไม่ได้ซื้อ)<c>"""
WarehouseGlobal_withPict_Expired#0,"""<pict Arksroicon> Mission Pass Storage <red>(หมดอายุ)<c>"""
WarehouseAddition07#1,"""Expansion Storage 7"""
WarehouseAddition07_withPict#0,"""<pict wh_extend7_icon> Expansion Storage 7"""
WarehouseAddition07_withPict_AC#0,"""<pict Arcscash> Expansion Storage 7 <yellow>(ยังไม่ได้ซื้อ)<c>"""
WarehouseAddition07_withPict_SG#0,"""<pict StarGem> Expansion Storage 7 <yellow>(ยังไม่ได้ซื้อ)<c>"""
WarehouseAddition07_withPict_AC_Expired#0,"""<pict Arcscash> Expansion Storage 7 <red>(หมดอายุ)<c>"""
WarehouseAddition07_withPict_SG_Expired#0,"""<pict StarGem> Expansion Storage 7 <red>(หมดอายุ)<c>"""
WarehouseAddition07_withPict_week#0,"""<pict wh_extend6_icon> Expansion Storage 7 <bright_orange>เหลือน้อยกว่าหนึ่งสัปดาห์<c>"""
Title#27,"""รายละเอียดไอเทม"""
SubTitle_Parameter#0,"""รายละเอียดสเตตัส"""
SubTitle_ElementPlus#0,"""ตัวคูณสเตตัส"""
SubTitle_ElementAndPotential#0,"""รายละเอียด Ability"""
Label_DetailTabForward#0,"""<%NextTabDetails><pict 4space>รายละเอียด"""
Title#28,"""ตัวกรอง"""
Label_ShortcutCommand#0,"""<%ChangeCtrlWindowForward> + <pict Number_updown> สลับตัวกรอง"""
Title#29,"""Inventory"""
Title02#0,"""เมนูหลัก"""
Title03#0,"""เมนูไอเทม"""
Label_Back#0,"""กลับ"""
Label_Search#0,"""ค้นหา"""
Label_SearchText#0,"""ป้อนคำค้นหา"""
Label_ControlGuide#0,"""<%Decide>: ตกลง\u3000<%Cancel>: ยกเลิก\u3000<%ChangeCtrlWindowForward>: สลับหน้าต่าง"""
Label_FilterGuide#0,"""<%Function>+<pict Alpha_left><pict Alpha_right>สลับตัวกรอง"""
Title_BuyData#0,"""ข้อมูลการซื้อ"""
Title_SellData#0,"""ข้อมูลการขาย"""
Title_HavingData#0,"""ข้อมูลการครอบครอง"""
Label_Meseta#0,"""ครอบครอง"""
Label_Need#0,"""ต้องการ"""
Label_Sale#0,"""ราคาขาย"""
Label_AfterClosing#0,"""หลังชำระเงิน"""
Label_HavingCountOnCursor#0,"""จำนวนไอเทมที่เลือกอยู่"""
Label_WarehouseCapacity#0,"""ความจุ $(0) ที่เหลืออยู่"""
Title_ItemInfo#0,"""ข้อมูลไอเทม"""
Label_Item_Num#1,"""ครอบครองปัจจุบัน"""
Label_Item_Capacity#1,"""ความจุ Inventory หลังการซื้อ"""
Content_Iteminfo_Capacity#0,"""ความจุ $(0) หลังการซื้อ"""
Drop_DamageUp_1#0,"""Damage +8%"""
Drop_DamageUp_2#0,"""Damage +9%"""
Drop_DamageUp_3#0,"""Damage +9.5%"""
Drop_DamageUp_4#0,"""Damage +9.75%"""
Drop_DamageUp_5#0,"""Damage +10%"""
Drop_DamageReduction_1#0,"""Damage Resistance +5%"""
Drop_DamageReduction_2#0,"""Damage Resistance +5.5%"""
Drop_DamageReduction_3#0,"""Damage Resistance +6%"""
Drop_DamageReduction_4#0,"""Damage Resistance +6.5%"""
Drop_DamageReduction_5#0,"""Damage Resistance +7%"""
Drop_Critical_1#0,"""Critical Hit Rate +20%"""
Drop_Critical_2#0,"""Critical Hit Rate +23%"""
Drop_Critical_3#0,"""Critical Hit Rate +25%"""
Drop_Critical_4#0,"""Critical Hit Rate +27%"""
Drop_Critical_5#0,"""Critical Hit Rate +28%"""
Drop_CriticalDamage_1#0,"""Critical Hit Damage +20%"""
Drop_CriticalDamage_2#0,"""Critical Hit Damage +23%"""
Drop_CriticalDamage_3#0,"""Critical Hit Damage +26%"""
Drop_CriticalDamage_4#0,"""Critical Hit Damage +28%"""
Drop_CriticalDamage_5#0,"""Critical Hit Damage +29%"""
Drop_PpActionRate_1#0,"""PP Cost Reduction +3%"""
Drop_PpActionRate_2#0,"""PP Cost Reduction +3.5%"""
Drop_PpActionRate_3#0,"""PP Cost Reduction +4%"""
Drop_PpActionRate_4#0,"""PP Cost Reduction +4.5%"""
Drop_PpActionRate_5#0,"""PP Cost Reduction +5%"""
Drop_PPRestraint_1#0,"""Natural PP Recovery +5%"""
Drop_PPRestraint_2#0,"""Natural PP Recovery +5.5%"""
Drop_PPRestraint_3#0,"""Natural PP Recovery +6%"""
Drop_PPRestraint_4#0,"""Natural PP Recovery +6.5%"""
Drop_PPRestraint_5#0,"""Natural PP Recovery +7%"""
Drop_AttackPPRestraint_1#0,"""Attack PP Recovery +4%"""
Drop_AttackPPRestraint_2#0,"""Attack PP Recovery +4.5%"""
Drop_AttackPPRestraint_3#0,"""Attack PP Recovery +5%"""
Drop_AttackPPRestraint_4#0,"""Attack PP Recovery +5.5%"""
Drop_AttackPPRestraint_5#0,"""Attack PP Recovery +6%"""
Drop_DamageUp_6#0,"""Damage +5.25%"""
Drop_DamageUp_7#0,"""Damage +5.5%"""
Drop_DamageUp_8#0,"""Damage +5.75%"""
Drop_DamageUp_9#0,"""Damage +6.0%"""
Drop_DamageUp_10#0,"""Damage +6.5%"""
Drop_DamageReduction_6#0,"""Damage Resistance +4.25%"""
Drop_DamageReduction_7#0,"""Damage Resistance +4.5%"""
Drop_DamageReduction_8#0,"""Damage Resistance +4.75%"""
Drop_DamageReduction_9#0,"""Damage Resistance +5.0%"""
Drop_DamageReduction_10#0,"""Damage Resistance +5.5%"""
Drop_Critical_6#0,"""Critical Hit Rate +13.25%"""
Drop_Critical_7#0,"""Critical Hit Rate +13.5%"""
Drop_Critical_8#0,"""Critical Hit Rate +13.75%"""
Drop_Critical_9#0,"""Critical Hit Rate +14%"""
Drop_Critical_10#0,"""Critical Hit Rate +14.5%"""
Drop_CriticalDamage_6#0,"""Critical Hit Damage +16%"""
Drop_CriticalDamage_7#0,"""Critical Hit Damage +17%"""
Drop_CriticalDamage_8#0,"""Critical Hit Damage +18%"""
Drop_CriticalDamage_9#0,"""Critical Hit Damage +19%"""
Drop_CriticalDamage_10#0,"""Critical Hit Damage +20%"""
Drop_PpActionRate_6#0,"""PP Cost Reduction +4.25%"""
Drop_PpActionRate_7#0,"""PP Cost Reduction +4.5%"""
Drop_PpActionRate_8#0,"""PP Cost Reduction +4.75%"""
Drop_PpActionRate_9#0,"""PP Cost Reduction +5.0%"""
Drop_PpActionRate_10#0,"""PP Cost Reduction +5.5%"""
Drop_PPRestraint_6#0,"""PP Regeneration +5.25%"""
Drop_PPRestraint_7#0,"""PP Regeneration +5.5%"""
Drop_PPRestraint_8#0,"""PP Regeneration +5.75%"""
Drop_PPRestraint_9#0,"""PP Regeneration +6.0%"""
Drop_PPRestraint_10#0,"""PP Regeneration +6.5%"""
Drop_AttackPPRestraint_6#0,"""Attack PP Recovery +5.25%"""
Drop_AttackPPRestraint_7#0,"""Attack PP Recovery +5.5%"""
Drop_AttackPPRestraint_8#0,"""Attack PP Recovery +5.75%"""
Drop_AttackPPRestraint_9#0,"""Attack PP Recovery +6.0%"""
Drop_AttackPPRestraint_10#0,"""Attack PP Recovery +6.5%"""
Drop_WeakDamageUp_1#0,"""Damage +2%<br>Weakness Damage +8%"""
Drop_WeakDamageUp_2#0,"""Damage +2%<br>Weakness Damage +9%"""
Drop_WeakDamageUp_3#0,"""Damage +2%<br>Weakness Damage +10%"""
Drop_WeakDamageUp_4#0,"""Damage +2%<br>Weakness Damage +11%"""
Drop_WeakDamageUp_5#0,"""Damage +2%<br>Weakness Damage +12%"""
Drop_NonWeakDamageUp_1#0,"""Damage +2%<br>Non-Weak<br>Point Damage +5%"""
Drop_NonWeakDamageUp_2#0,"""Damage +2%<br>Non-Weak<br>Point Damage +8%"""
Drop_NonWeakDamageUp_3#0,"""Damage +2%<br>Non-Weak<br>Point Damage +11%"""
Drop_NonWeakDamageUp_4#0,"""Damage +2%<br>Non-Weak<br>Point Damage +13%"""
Drop_NonWeakDamageUp_5#0,"""Damage +2%<br>Non-Weak<br>Point Damage +15%"""
Drop_PbDamageUp_1#0,"""Damage +7%<br>PB Damage +3%"""
Drop_PbDamageUp_2#0,"""Damage +8%<br>PB Damage +6%"""
Drop_PbDamageUp_3#0,"""Damage +8.5%<br>PB Damage +9%"""
Drop_PbDamageUp_4#0,"""Damage +8.75%<br>PB Damage +11%"""
Drop_PbDamageUp_5#0,"""Damage +9%<br>PB Damage +12%"""
Drop_ElementCountUp_1#0,"""Damage +2%<br>จำนวน Special Ability × 0.125%<br>Max. Damage Boost +2.5%"""
Drop_ElementCountUp_2#0,"""Damage +2%<br>จำนวน Special Ability × 0.25%<br>Max. Damage Boost +5%"""
Drop_ElementCountUp_3#0,"""Damage +2%<br>จำนวน Special Ability × 0.375%<br>Max. Damage Boost +7.5%"""
Drop_ElementCountUp_4#0,"""Damage +2%<br>จำนวน Special Ability × 0.45%<br>Max. Damage Boost +9%"""
Drop_ElementCountUp_5#0,"""Damage +2%<br>จำนวน Special Ability × 0.5%<br>Max. Damage Boost +10%"""
Drop_AttackPbHeal_1#0,"""Attack PB<br>Gauge Boost +4%"""
Drop_AttackPbHeal_2#0,"""Attack PB<br>Gauge Boost +6%"""
Drop_AttackPbHeal_3#0,"""Attack PB<br>Gauge Boost +8%"""
Drop_AttackPbHeal_4#0,"""Attack PB<br>Gauge Boost +9%"""
Drop_AttackPbHeal_5#0,"""Attack PB<br>Gauge Boost +10%"""
Drop_NaturalPbHeal_1#0,"""Natural PB<br>Gauge Charge +7%"""
Drop_NaturalPbHeal_2#0,"""Natural PB<br>Gauge Charge +8%"""
Drop_NaturalPbHeal_3#0,"""Natural PB<br>Gauge Charge +9%"""
Drop_NaturalPbHeal_4#0,"""Natural PB<br>Gauge Charge +9.5%"""
Drop_NaturalPbHeal_5#0,"""Natural PB<br>Gauge Charge +10%"""
Drop_DamageUp_1#1,"""Fixa Attack Lv.1"""
Drop_DamageUp_2#1,"""Fixa Attack Lv.2"""
Drop_DamageUp_3#1,"""Fixa Attack Lv.3"""
Drop_DamageUp_4#1,"""Fixa Attack Lv.4"""
Drop_DamageUp_5#1,"""Fixa Attack Lv.5"""
Drop_DamageReduction_1#1,"""Fixa Guard Lv.1"""
Drop_DamageReduction_2#1,"""Fixa Guard Lv.2"""
Drop_DamageReduction_3#1,"""Fixa Guard Lv.3"""
Drop_DamageReduction_4#1,"""Fixa Guard Lv.4"""
Drop_DamageReduction_5#1,"""Fixa Guard Lv.5"""
Drop_Critical_1#1,"""Fixa Fatal Lv.1"""
Drop_Critical_2#1,"""Fixa Fatal Lv.2"""
Drop_Critical_3#1,"""Fixa Fatal Lv.3"""
Drop_Critical_4#1,"""Fixa Fatal Lv.4"""
Drop_Critical_5#1,"""Fixa Fatal Lv.5"""
Drop_CriticalDamage_1#1,"""Fixa Termina Lv.1"""
Drop_CriticalDamage_2#1,"""Fixa Termina Lv.2"""
Drop_CriticalDamage_3#1,"""Fixa Termina Lv.3"""
Drop_CriticalDamage_4#1,"""Fixa Termina Lv.4"""
Drop_CriticalDamage_5#1,"""Fixa Termina Lv.5"""
Drop_PpActionRate_1#1,"""Fixa Performa Lv.1"""
Drop_PpActionRate_2#1,"""Fixa Performa Lv.2"""
Drop_PpActionRate_3#1,"""Fixa Performa Lv.3"""
Drop_PpActionRate_4#1,"""Fixa Performa Lv.4"""
Drop_PpActionRate_5#1,"""Fixa Performa Lv.5"""
Drop_PPRestraint_1#1,"""Fixa Natura Lv.1"""
Drop_PPRestraint_2#1,"""Fixa Natura Lv.2"""
Drop_PPRestraint_3#1,"""Fixa Natura Lv.3"""
Drop_PPRestraint_4#1,"""Fixa Natura Lv.4"""
Drop_PPRestraint_5#1,"""Fixa Natura Lv.5"""
Drop_AttackPPRestraint_1#1,"""Fixa Enthugia Lv.1"""
Drop_AttackPPRestraint_2#1,"""Fixa Enthugia Lv.2"""
Drop_AttackPPRestraint_3#1,"""Fixa Enthugia Lv.3"""
Drop_AttackPPRestraint_4#1,"""Fixa Enthugia Lv.4"""
Drop_AttackPPRestraint_5#1,"""Fixa Enthugia Lv.5"""
Drop_DamageUp_6#1,"""Fixa Attack Lv.6"""
Drop_DamageUp_7#1,"""Fixa Attack Lv.7"""
Drop_DamageUp_8#1,"""Fixa Attack Lv.8"""
Drop_DamageUp_9#1,"""Fixa Attack Lv.9"""
Drop_DamageUp_10#1,"""Fixa Attack Lv.10"""
Drop_DamageReduction_6#1,"""Fixa Guard Lv.6"""
Drop_DamageReduction_7#1,"""Fixa Guard Lv.7"""
Drop_DamageReduction_8#1,"""Fixa Guard Lv.8"""
Drop_DamageReduction_9#1,"""Fixa Guard Lv.9"""
Drop_DamageReduction_10#1,"""Fixa Guard Lv.10"""
Drop_Critical_6#1,"""Fixa Fatal Lv.6"""
Drop_Critical_7#1,"""Fixa Fatal Lv.7"""
Drop_Critical_8#1,"""Fixa Fatal Lv.8"""
Drop_Critical_9#1,"""Fixa Fatal Lv.9"""
Drop_Critical_10#1,"""Fixa Fatal Lv.10"""
Drop_CriticalDamage_6#1,"""Fixa Termina Lv.6"""
Drop_CriticalDamage_7#1,"""Fixa Termina Lv.7"""
Drop_CriticalDamage_8#1,"""Fixa Termina Lv.8"""
Drop_CriticalDamage_9#1,"""Fixa Termina Lv.9"""
Drop_CriticalDamage_10#1,"""Fixa Termina Lv.10"""
Drop_PpActionRate_6#1,"""Fixa Performa Lv.6"""
Drop_PpActionRate_7#1,"""Fixa Performa Lv.7"""
Drop_PpActionRate_8#1,"""Fixa Performa Lv.8"""
Drop_PpActionRate_9#1,"""Fixa Performa Lv.9"""
Drop_PpActionRate_10#1,"""Fixa Performa Lv.10"""
Drop_PPRestraint_6#1,"""Fixa Natura Lv.6"""
Drop_PPRestraint_7#1,"""Fixa Natura Lv.7"""
Drop_PPRestraint_8#1,"""Fixa Natura Lv.8"""
Drop_PPRestraint_9#1,"""Fixa Natura Lv.9"""
Drop_PPRestraint_10#1,"""Fixa Natura Lv.10"""
Drop_AttackPPRestraint_6#1,"""Fixa Enthugia Lv.6"""
Drop_AttackPPRestraint_7#1,"""Fixa Enthugia Lv.7"""
Drop_AttackPPRestraint_8#1,"""Fixa Enthugia Lv.8"""
Drop_AttackPPRestraint_9#1,"""Fixa Enthugia Lv.9"""
Drop_AttackPPRestraint_10#1,"""Fixa Enthugia Lv.10"""
Drop_WeakDamageUp_1#1,"""Fixa Weakas Lv.1"""
Drop_WeakDamageUp_2#1,"""Fixa Weakas Lv.2"""
Drop_WeakDamageUp_3#1,"""Fixa Weakas Lv.3"""
Drop_WeakDamageUp_4#1,"""Fixa Weakas Lv.4"""
Drop_WeakDamageUp_5#1,"""Fixa Weakas Lv.5"""
Drop_NonWeakDamageUp_1#1,"""Fixa Unweakas Lv.1"""
Drop_NonWeakDamageUp_2#1,"""Fixa Unweakas Lv.2"""
Drop_NonWeakDamageUp_3#1,"""Fixa Unweakas Lv.3"""
Drop_NonWeakDamageUp_4#1,"""Fixa Unweakas Lv.4"""
Drop_NonWeakDamageUp_5#1,"""Fixa Unweakas Lv.5"""
Drop_PbDamageUp_1#1,"""Fixa Blastle Lv.1"""
Drop_PbDamageUp_2#1,"""Fixa Blastle Lv.2"""
Drop_PbDamageUp_3#1,"""Fixa Blastle Lv.3"""
Drop_PbDamageUp_4#1,"""Fixa Blastle Lv.4"""
Drop_PbDamageUp_5#1,"""Fixa Blastle Lv.5"""
Drop_ElementCountUp_1#1,"""Fixa Abundac Lv.1"""
Drop_ElementCountUp_2#1,"""Fixa Abundac Lv.2"""
Drop_ElementCountUp_3#1,"""Fixa Abundac Lv.3"""
Drop_ElementCountUp_4#1,"""Fixa Abundac Lv.4"""
Drop_ElementCountUp_5#1,"""Fixa Abundac Lv.5"""
Drop_AttackPbHeal_1#1,"""Fixa Augsis Lv.1"""
Drop_AttackPbHeal_2#1,"""Fixa Augsis Lv.2"""
Drop_AttackPbHeal_3#1,"""Fixa Augsis Lv.3"""
Drop_AttackPbHeal_4#1,"""Fixa Augsis Lv.4"""
Drop_AttackPbHeal_5#1,"""Fixa Augsis Lv.5"""
Drop_NaturalPbHeal_1#1,"""Fixa Increasa Lv.1"""
Drop_NaturalPbHeal_2#1,"""Fixa Increasa Lv.2"""
Drop_NaturalPbHeal_3#1,"""Fixa Increasa Lv.3"""
Drop_NaturalPbHeal_4#1,"""Fixa Increasa Lv.4"""
Drop_NaturalPbHeal_5#1,"""Fixa Increasa Lv.5"""
Explanation1#14,"""เลือกไอเทมที่คุณต้องการโอนย้าย Preset Ability ไปให้"""
Explanation2#13,"""เลือกไอเทมที่มี Preset Ability ที่คุณต้องการโอนย้าย ไอเทมที่เลือกจะ<scarlet>หายไป<c>เมื่อเสร็จสิ้น"""
Explanation3#10,"""เลือก Preset Ability ที่คุณต้องการ ความสามารถที่ไม่ได้เลือกจะ<scarlet>หายไป<c>เมื่อเสร็จสิ้น"""
Explanation4#8,"""นี่คือหน้าจอยืนยันขั้นตอนสุดท้ายสำหรับการโอนย้าย Preset Abilities ตรวจสอบรายละเอียดด้านล่าง และเลือก ""ยืนยัน"" หากข้อมูลถูกต้อง"""
Large_Title1#0,"""Base Item"""
Large_Title2#0,"""Material Item"""
Large_Title3#0,"""Preset Ability"""
Large_Title4#0,"""ยืนยันการโอนย้าย Preset Ability"""
Large_Title5#0,"""รายละเอียดการโอนย้าย Ability"""
Medium_Title1#0,"""ชื่อ Preset Ability"""
Medium_Title2#0,"""Base ที่เลือก"""
Medium_Title3#0,"""Materials ที่เลือก"""
Medium_Title4#0,"""Preset ที่ได้รับ"""
Small_Title1#0,"""หมวดหมู่ $(0)"""
Small_Title2#0,"""ไอเทมเสริมโอนย้าย Preset Ability"""
Message_Confirm1#0,"""กำลังโอนย้าย Preset Ability ต้องการดำเนินการต่อหรือไม่?<br>※ไอเทมที่ใช้เป็น <yellow>material<c> จะ<yellow>หายไป<c> และ Preset Ability ที่เลือก<br>จะถูกนำไปใส่ใน base item<br><br>※คุณสามารถใช้ <yellow>support items<c> เพื่อดำเนินการขั้นตอนนี้ได้โดยไม่ต้องใช้<br>Materials ใดๆ"""
Message_Attention1#0,"""เลเวลของ Preset Ability ที่คุณเลือก <scarlet>ต่ำกว่าอันที่มีอยู่เดิม<c><br><br>แน่ใจหรือไม่ว่าต้องการดำเนินการต่อ?"""
Message_Finish#0,"""เพิ่ม $(0) แล้ว"""
ComposeStart_Button#0,"""เริ่มโอนย้าย Abilities"""
Registration#0,"""เพิ่มลงใน Wishlist ($(1)/$(0))"""
Registration_Max#0,"""<pure_orange>เพิ่มลงใน Wishlist ($(1)/$(0))<c>"""
Registration_Success#0,"""เพิ่ม $(0) ลงใน Wishlist ของคุณแล้ว"""
ExElementsRegistration_Success#0,"""เพิ่ม $(0) ลงใน Wishlist ของคุณแล้ว"""
Registration_Already#0,"""มี $(0) อยู่ใน Wishlist ของคุณแล้ว"""
Registration_Unable#0,"""ไม่สามารถเพิ่ม $(0) ลงใน Wishlist ของคุณได้"""
Registration_Delete#0,"""ลบ $(0) ออกจาก Wishlist ของคุณแล้ว"""
Registration_Full#0,"""Wishlist ของคุณเต็มแล้ว<br>ก่อนที่จะลงทะเบียนไอเทมนี้ คุณต้อง<br>ลบไอเทมบางชิ้นออกจาก Wishlist ของคุณก่อน<br>สามารถเข้าถึงได้จากเมนูค้นหาสินค้า My Shop หรือเมนูหลัก"""
ShoppingMemo_Button#0,"""Wishlist"""
ShoppingMemo_Title#0,"""Wishlist"""
ShoppingMemo_Comment#0,"""เลือกไอเทมเพื่อคัดลอกชื่อ<br>ลงในหน้าต่างค้นหาสินค้า (Product Search)"""
ShoppingMemo_MainMenuComment#0,"""คุณสามารถจัดการ Wishlist ของคุณได้<br>ไอเทมที่ลงทะเบียนเป็น ""Favorites""<br>จะแจ้งเตือนเมื่อดรอป"""
EXElementsMemo_Comment#0,"""คุณสามารถลงทะเบียน EX Abilities ได้จาก<br>แท็บที่สามใน ""รายละเอียดไอเทม"" ของอาวุธ<br>ไอเทมที่มีคอมโบ EX Ability เหล่านั้น<br>จะแจ้งเตือนเมื่อดรอป"""
ShoppingMemo_Index#0,"""รายชื่อไอเทม (ลงทะเบียนได้สูงสุด $(0) ชิ้น)"""
ShoppingMemo_Search#0,"""ค้นหาไอเทมชิ้นนี้"""
ShoppingMemo_Delete#0,"""ลบออกจาก Wishlist"""
ShoppingMemo_None#0,"""คุณสามารถลงทะเบียนไอเทมได้จาก<br>ที่ต่างๆ เช่น Fashion Catalog<br>หรือรายการไอเทมของ Scratch"""
EXElementsMemo_None#0,"""คุณสามารถลงทะเบียน EX Special Abilities<br>ได้จากรายละเอียดไอเทม"""
Tab_All#0,"""1. แสดงทั้งหมด"""
Tab_Favorite#0,"""0. Favorites"""
Tab_ExElementsSlotA#0,"""2. EX Ability Set 1"""
Tab_ExElementsSlotB#0,"""3. EX Ability Set 2"""
Tab_ExElementsSlotC#0,"""4. EX Ability Set 3"""
Favorite_Add#0,"""เพิ่มลงใน Favorites"""
Favorite_Cancel#0,"""ลบออกจาก Favorites"""
Favorite_Add_Success#0,"""เพิ่ม $(0) ลงใน Favorites แล้ว"""
Favorite_Cancel_Success#0,"""ลบ $(0) ออกจาก Favorites แล้ว"""
Favorite_DeleteCheck#0,"""$(0) อยู่ในรายชื่อ Favorites ของคุณ<br><br>แน่ใจหรือไม่ว่าต้องการลบออกจาก Wishlist?"""
ExElementsRegistration_Add01#0,"""เพิ่ม EX Ability Set 1 ลงใน Wish List ของคุณแล้ว ($(1)/$(0))"""
ExElementsRegistration_Add02#0,"""เพิ่ม EX Ability Set 2 ลงใน Wish List ของคุณแล้ว ($(1)/$(0))"""
ExElementsRegistration_Add03#0,"""เพิ่ม EX Ability Set 3 ลงใน Wish List ของคุณแล้ว ($(1)/$(0))"""
ExElementsRegistration_Del01#0,"""ลบ EX Ability Set 1 ออกจาก Wish List ของคุณแล้ว ($(1)/$(0))"""
ExElementsRegistration_Del02#0,"""ลบ EX Ability Set 2 ออกจาก Wish List ของคุณแล้ว ($(1)/$(0))"""
ExElementsRegistration_Del03#0,"""ลบ EX Ability Set 3 ออกจาก Wish List ของคุณแล้ว ($(1)/$(0))"""
Explanation1#15,"""เลือกอาวุธหรือชุดเกราะที่คุณต้องการอัปเกรด Preset Ability หากไม่มี Preset Ability <yellow>ระบบจะสุ่มเพิ่มให้ 1 อย่าง<c>"""
Explanation2#14,"""เลือกอาวุธหรือชุดเกราะเพื่อใช้เป็นวัตถุดิบ (Material) มันจะ<scarlet>หายไปเมื่อถูกใช้งาน<c>"""
Explanation3#11,"""นี่คือหน้าจอยืนยันขั้นตอนสุดท้ายสำหรับการอัปเกรด Preset Ability เลือก ""ไม่"" หากคุณไม่ต้องการดำเนินการต่อ"""
Large_Title1#1,"""เลือก Base Item"""
Large_Title2#1,"""เลือก Material Item"""
Large_Title4#1,"""ยืนยันการอัปเกรด Preset Ability"""
Large_Title5#1,"""รายละเอียดการอัปเกรด Ability"""
Medium_Title1#1,"""ชื่อ Preset Ability"""
Medium_Title2#1,"""Base Item ที่เลือก"""
Medium_Title3#1,"""Material Item ที่เลือก"""
Medium_Title4#1,"""ชื่อ Preset Ability ที่อัปเกรดแล้ว"""
Medium_Title5#0,"""Success Rate"""
Medium_Preset_None#0,"""<yellow>สุ่มเพิ่ม Lv. 1 Preset Ability<c>"""
Medium_Preset_SkillLv#0,"""$(0)"""
Medium_Preset_Value#0,"""$(0)"""
Small_Title1#1,"""เพิ่ม Success Rate"""
Small_Title2#1,"""Item Protection"""
Message_Confirm1#1,"""กำลังเริ่มการอัปเกรด Preset Ability ต้องการดำเนินการต่อหรือไม่?<br><br>※<yellow>material item<c> ที่เลือกจะ<scarlet>ถูกทำลาย<c> และหากสำเร็จ<br>\u3000Preset Ability ของ base item จะได้รับการอัปเกรด<br>※คุณสามารถใช้ <yellow>Support Items<c> เพื่อป้องกัน material item ของคุณและ<br>\u3000เพื่อเพิ่ม success rate ได้"""
Message_Attention1#1,"""คุณได้เลือกไอเทมที่มีเลเวล Preset Ability <yellow>สูงกว่าของ base item<c><br><br>แน่ใจหรือไม่ว่าต้องการดำเนินการต่อ?<br><yellow>※ขอแนะนำให้ใช้ไอเทมที่มีเลเวล Preset Ability เท่ากัน<c>"""
Message_Finish#1,"""อัปเกรด Preset Ability เสร็จสิ้น"""
Message_Finish_Success#0,"""อัปเกรด Preset Ability <green>สำเร็จ<c>"""
Message_Finish_Failure#0,"""อัปเกรด Preset Ability <scarlet>ล้มเหลว<c>"""
ComposeStart_Button#1,"""เริ่มอัปเกรด Ability"""
ProtectedMessage#1,"""<scarlet>อัปเกรดล้มเหลว<c> อย่างไรก็ตาม Support Item ของคุณได้<yellow>ยกเลิกกระบวนการอัปเกรด Preset Ability<c> และคืน material item ให้กับคุณแล้ว<br><yellow>※Support Item และ <pict reb_meseta><pict 4space>Meseta ของคุณถูกใช้ไปแล้ว<c>"""
ComposeResultSucceeded#1,"""<green>อัปเกรดสำเร็จ<c>"""
ComposeResultFailed#1,"""<scarlet>อัปเกรดล้มเหลว<c>"""
AuxiliaryItem_SequenceTitle#0,"""ยืนยันการใช้ไอเทม"""
AuxiliaryItem_SequenceConfirm#0,"""คุณมี Support Item ที่ทำให้ไม่ต้องใช้ material items สำหรับการอัปเกรดนี้<br><br>ต้องการใช้ Support Item หรือไม่?"""
AuxiliaryItem_SequenceCache#0,"""ไม่แสดงผลอีกในวันนี้"""
AuxiliaryItem_SequenceButton_Yes#0,"""ใช้"""
AuxiliaryItem_SequenceButton_No#0,"""เลือก Material Item"""
AuxiliaryItem_SequenceMessage#0,"""เลือก Support Item ภายใต้ \""Item Protection\"""
Message_LimitMax#0,"""ไม่สามารถเลือกได้เนื่องจาก Preset Ability ถึงขีดจำกัดเลเวลแล้ว"""
Message_NoneAbility#0,"""ไม่สามารถเลือกได้เนื่องจากไม่มี Preset Ability"""
Explanation1#16,"""เลือก weapon หรือ armor ที่คุณต้องการเพิ่ม Preset Ability <yellow>ระบบจะสุ่มเลือก Lv.1 Preset Ability<c>"""
Explanation2#15,"""เลือก weapon หรือ armor เพื่อใช้เป็น material ไอเทมที่เลือกจะ<scarlet>ถูกทำลาย<c>"""
Explanation3#12,"""นี่คือหน้าจอยืนยันขั้นตอนสุดท้ายสำหรับการเพิ่ม Preset Ability กรุณาตรวจสอบรายละเอียดอย่างระมัดระวัง และหากไม่มีปัญหา ให้เลือก ""ยืนยัน"""
Large_Title1#2,"""เลือก Base Item"""
Large_Title2#2,"""เลือก Material Item"""
ConfirmFormTitle#0,"""ยืนยันการเพิ่ม Preset Ability"""
Large_Title5#2,"""รายละเอียด Ability ที่เพิ่ม"""
Medium_Title1#2,"""ชื่อ Preset Ability"""
Medium_Title2#2,"""Base Item ที่เลือก"""
Medium_Title3#2,"""Material Item ที่เลือก"""
Medium_Title4#2,"""ชื่อ Preset Ability ที่เพิ่ม"""
Medium_Title5#1,"""Success Rate"""
Medium_Preset_None#1,"""<yellow>สุ่ม Ability Lv.1<c>"""
Medium_Preset_SkillLv#1,"""$(0)"""
Medium_Preset_Value#1,"""$(0)"""
Small_Title1#2,"""เพิ่ม Success Rate"""
Small_Title2#2,"""Item Protection"""
Message_Confirm1#2,"""กำลังเริ่มการเพิ่ม Preset Ability ใหม่ ต้องการดำเนินการต่อหรือไม่?<br><br>※<yellow>material item<c> ที่เลือกจะ<scarlet>ถูกทำลาย<c> และหากสำเร็จ<br>\u3000Lv.1 Preset Ability จะถูกเพิ่มไปยัง Base Item<br><br>※คุณสามารถใช้ <yellow>Support Items<c> เพื่อป้องกัน material item ของคุณและ<br>\u3000เพื่อเพิ่ม success rate ได้"""
Message_Attention1#2,"""คุณได้เลือกไอเทมที่มี<yellow>เลเวล Preset Ability สูง<c>อยู่แล้ว อย่างไรก็ตาม Preset Ability ที่เพิ่มเข้าไปจะเป็น Lv.1 <br>แน่ใจหรือไม่ว่าต้องการดำเนินการต่อ?<br><yellow>※ขอแนะนำให้ทำการเพิ่ม Preset Ability เฉพาะกับไอเทมที่ยังไม่มี Preset Ability เท่านั้น<c>"""
Message_Attention2#0,"""คุณได้เลือกไอเทมที่มี<yellow>เลเวล Preset Ability สูง<c>อยู่แล้ว อย่างไรก็ตาม Preset Ability ที่เพิ่มเข้าไปจะเป็น Lv.1 <br>แน่ใจหรือไม่ว่าต้องการดำเนินการต่อ?<br><yellow>※ขอแนะนำให้ทำการเพิ่ม Preset Ability เฉพาะกับไอเทมที่ยังไม่มี Preset Ability เท่านั้น<c>"""
Message_Finish#2,"""เพิ่ม Preset Ability เสร็จสิ้น"""
Result_Title#0,"""ผลการเพิ่ม Preset Ability"""
Message_Finish_Success#1,"""เพิ่ม Preset Ability <green>สำเร็จ<c>"""
Message_Finish_Failure#1,"""เพิ่ม Preset Ability <scarlet>ล้มเหลว<c>"""
ComposeStart_Button#2,"""เริ่มเพิ่ม Ability"""
ProtectedMessage#2,"""<scarlet>การเพิ่มล้มเหลว<c> อย่างไรก็ตาม Support Item ของคุณได้<yellow>ยกเลิกกระบวนการเพิ่ม Preset Ability<c> และคืน material item ให้กับคุณแล้ว<br><yellow>※Support Item และ <pict reb_meseta><pict 4space>Meseta ของคุณถูกใช้ไปแล้ว<c>"""
ComposeResultSucceeded#2,"""<green>สำเร็จ<c>"""
ComposeResultFailed#2,"""<scarlet>ล้มเหลว<c>"""
AuxiliaryItem_SequenceTitle#1,"""ยืนยันการใช้ Support Item"""
AuxiliaryItem_SequenceConfirm#1,"""คุณมี Support Item ที่ทำให้ไม่ต้องใช้ material items<br>สำหรับการเพิ่มนี้<br>ต้องการใช้ Support Item หรือไม่?"""
AuxiliaryItem_SequenceCache#1,"""ไม่แสดงผลอีกในวันนี้"""
AuxiliaryItem_SequenceButton_Yes#1,"""ใช้"""
AuxiliaryItem_SequenceButton_No#1,"""เลือก Material Item"""
AuxiliaryItem_SequenceMessage#1,"""เลือก Support Item ภายใต้ \""Item Protection\"""
Explanation1#17,"""เลือก Weapon หรือ Armor ที่คุณต้องการโอนย้าย Special Abilities ไปให้"""
Explanation2#16,"""เลือก Weapon หรือ Armor ที่คุณต้องการโอนย้าย Special Abilities มา หลังจากกระบวนการนี้เสร็จสิ้น <scarlet>Special Abilities ทั้งหมดที่มีอยู่บนไอเทมจะหายไป<c>"""
Explanation3#13,"""นี่คือหน้าจอยืนยันขั้นตอนสุดท้ายสำหรับการโอนย้าย Special Ability กรุณาตรวจสอบรายละเอียดอย่างระมัดระวัง และหากไม่มีปัญหา ให้เลือก ""ยืนยัน"""
Large_Title1#3,"""เลือก Base Item"""
Large_Title2#3,"""เลือก Material Item"""
Large_Title3#1,"""รายละเอียดการโอนย้าย Ability"""
Large_Title4#2,"""ยืนยันการโอนย้าย Special Ability ทั้งหมด"""
Medium_Title1#3,"""Base Item ที่เลือก"""
Medium_Title2#3,"""Material Item ที่เลือก"""
Medium_Title3#3,"""Special Abilities ก่อนการโอนย้าย"""
Medium_Title4#3,"""Special Abilities หลังการโอนย้าย"""
Small_Title1#3,"""$(0)"""
Small_Title2#3,"""<yellow>$(0)<c>"""
Small_Title3#0,"""<yellow>－<c>"""
Message_Confirm1#3,"""กำลังเริ่มการโอนย้าย Special Ability ต้องการดำเนินการต่อหรือไม่?<br><br>※Special Abilities ทั้งหมดบน <yellow>\""Material Item\""<c> จะหายไป<c><br>\u3000และจะถูกโอนย้ายไปยัง <yellow>\""Base Item\""<c>"""
Message_Confirm2#0,"""กำลังเริ่มการโอนย้าย Special Ability ต้องการดำเนินการต่อหรือไม่?<br><br>※<red>การทำเช่นนี้จะใช้ \""N-Ability Transfer Pass\""<c><br>※Special Abilities ทั้งหมดบน <yellow>\""Material Item\""<c> จะหายไป<c><br>\u3000และจะถูกโอนย้ายไปยัง <yellow>\""Base Item\""<c>"""
Message_Attention1#3,"""คุณได้เลือกไอเทมที่มี <scarlet>Special Abilities น้อยกว่า<c> Base Item<br><br>แน่ใจหรือไม่ว่าต้องการดำเนินการต่อ?"""
Message_Attention2#1,"""คุณได้เลือกไอเทมที่มี <scarlet>EX Special Abilities น้อยกว่า<c> Base Item<br><br>แน่ใจหรือไม่ว่าต้องการดำเนินการต่อ?<br><br><yellow>※ไม่สามารถเพิ่ม EX Special Abilities เข้าไปในไอเทมในภายหลังได้<c>"""
Message_PassConsumption#0,"""<red>จำเป็นต้องใช้ \""N-Ability Transfer Pass\""<c><br><br>ดำเนินการต่อหรือไม่?"""
Message_Finish#3,"""โอนย้าย Special Ability เสร็จสิ้น"""
Explanation1#18,"""เลือก Weapon หรือ Armor ที่คุณต้องการโอนย้าย EX Special Abilities ไปให้"""
Explanation2#17,"""เลือก Weapon หรือ Armor ที่คุณต้องการโอนย้าย EX Special Abilities มา หลังจากกระบวนการนี้เสร็จสิ้น <scarlet>EX Abilities ทั้งหมดที่มีอยู่บนไอเทมจะหายไป<c>"""
Explanation3#14,"""นี่คือหน้าจอยืนยันขั้นตอนสุดท้ายสำหรับการโอนย้าย EX Special Ability กรุณาตรวจสอบรายละเอียดอย่างระมัดระวัง และหากไม่มีปัญหา ให้เลือก ""ยืนยัน"""
Large_Title1#4,"""เลือก Base Item"""
Large_Title2#4,"""เลือก Material Item"""
Large_Title3#2,"""รายละเอียดการโอนย้าย Ability"""
Large_Title4#3,"""ยืนยันการโอนย้าย EX Special Ability"""
Medium_Title1#4,"""Base Item ที่เลือก"""
Medium_Title2#4,"""Material Item ที่เลือก"""
Medium_Title3#4,"""Special Abilities ก่อนการโอนย้าย"""
Medium_Title4#4,"""Special Abilities หลังการโอนย้าย"""
Small_Title1#4,"""$(0)"""
Small_Title2#4,"""<yellow>$(0)<c>"""
Small_Title3#1,"""<yellow>－<c>"""
Message_DisableItem1#0,"""คุณไม่สามารถเลือกไอเทมเหล่านี้ได้ เนื่องจากการโอนย้าย Special Ability จะไม่เปลี่ยน Special Abilities ของ Base Item"""
Message_PassConsumption#1,"""<red>จำเป็นต้องใช้ \""N-Ability Transfer Pass\""<c><br><br>ดำเนินการต่อหรือไม่?"""
Message_Confirm1#4,"""กำลังเริ่มการโอนย้าย EX Special Ability ต้องการดำเนินการต่อหรือไม่?<br><br>※EX Special Abilities ทั้งหมดบน <yellow>\""Material Item\""<c> จะหายไป<c><br>\u3000และจะถูกโอนย้ายไปยัง <yellow>\""Base Item\""<c>"""
Message_Confirm2#1,"""กำลังเริ่มการโอนย้าย EX Special Ability ต้องการดำเนินการต่อหรือไม่?<br><br>※<red>การทำเช่นนี้จะใช้ \""N-Ability Transfer Pass\""<c><br>※EX Special Abilities ทั้งหมดบน <yellow>\""Material Item\""<c> จะหายไป<c><br>\u3000และจะถูกโอนย้ายไปยัง <yellow>\""Base Item\""<c>"""
Message_Finish#4,"""โอนย้าย EX Special Ability เสร็จสิ้น"""
Message_Error_Unsupported#0,"""ไอเทมนี้ไม่รองรับการโอนย้าย EX Special Ability"""
ring_AvoidBuff#0,"""<yellow>Type 1 / Swish Rise<c><br>เมื่อสู้กับศัตรูระดับ Boss: Damage $(0)<br>เมื่อลบล้าง Damage จากศัตรูด้วย Step<br>หรือ Weapon Actions: Damage $(1) เป็นเวลา $(2)"""
ring_AvoidBuffFollow#0,"""<yellow>Type 2 / Swish Follow<c><br>เมื่อการโจมตีถูกลบล้างด้วย Step<br>หรือ Weapon Actions; ฟื้นฟู: $(2) HP,<br>$(3) PP, Recast $(4)<br>Natural PP Recovery $(0) เป็นเวลา $(1)"""
ring_HpKeepBuff#0,"""<yellow>Type 1 / HP Keep Rise<c><br>ยิ่ง HP ของคุณสูงเท่าไหร่,<br>Damage ของคุณก็จะยิ่งมากขึ้นเท่านั้น<br>ขีดจำกัดสูงสุด: $(2)<br>ฟื้นฟู $(0) HP ทุกๆ $(1)"""
ring_HpKeepFollow#0,"""<yellow>Type 2 / Over HP Follow<c><br>เมื่อ HP อยู่ที่ $(0) หรือสูงกว่า,<br>Damage ที่ได้รับคือ: $(1)<br>คุณจะไม่ถูกงัดให้ลอยขึ้น หรือ<br>ถูกกระเด็นกลับ (Knockback) จากการโจมตีของศัตรู<br>ในขณะที่ HP ของคุณอยู่ที่ $(2) หรือสูงกว่า"""
ring_PpCostBuff#0,"""<yellow>Type 1 / Under PP Rise<c><br>เพิ่ม Damage ของ PA/Tech ขึ้น $(1),<br>แต่แลกมาด้วยการใช้ PP เพิ่มขึ้น $(0)<br>หาก PP อยู่ที่ $(2) หรือน้อยกว่า: Damage $(3)"""
ring_PpCostFollow#0,"""<yellow>Type 2 / Under PP Follow<c><br>หาก PP อยู่ที่ $(0) หรือต่ำกว่า การโจมตีของคุณ<br>จะฟื้นฟู $(1) PP<br>ฟื้นฟู $(3) PP เมื่อคุณมี<br>$(2) PP หรือต่ำกว่า Recast คือ $(4)"""
ring_ReductionBuff#0,"""<yellow>Type 1 / Patient Rise<c><br>ฟื้นฟู $(2) PP เมื่อ HP ของคุณลดลง,<br>Recast $(3)<br>Damage $(0) เป็นเวลา $(1)"""
ring_ReductionFollow#0,"""<yellow>Type 2 / Patient Follow<c><br>ฟื้นฟู $(2) HP เมื่อ HP ของคุณ<br>ลดลง, Recast $(3)<br>Damage ที่ได้รับ $(0) เป็นเวลา $(1)"""
ring_KillingBuff#0,"""<yellow>Type 1 / Killing Rise<c><br>Damage เมื่อสู้กับศัตรูที่ไม่ใช่ Boss: $(0)<br>เมื่อคุณกำจัดศัตรูที่อยู่รอบตัวคุณ:<br>Damage $(1) เป็นเวลา $(2)"""
ring_Gift#0,"""<yellow>Type 2 / Simple Guard<c><br>Damage ที่ได้รับ $(0)"""
ring_PbBuff#0,"""Damage $(0) /<br>หลังจากใช้งาน Photon Blast<br>เป็นเวลา $(2), Damage $(1)"""
ring_PbFollow#0,"""Damage ที่ได้รับ $(0) /<br>หลังจากใช้งาน Photon Blast เป็นเวลา $(2)<br>เพิ่มเกจ Photon Blast เมื่อโจมตี $(1)"""
ring_HitcountBuff#0,"""Damage $(0) /<br>เมื่อโจมตีโดนศัตรู $(1) Hit<br>เป็นเวลา $(3), Damage $(2)"""
ring_HitcountFollow#0,"""เมื่อโจมตีโดนศัตรู $(0) Hit<br>ฟื้นฟู $(1) HP, ฟื้นฟู $(2) PP, Recast $(3)"""
ring_DownBuff#0,"""Damage $(0) /<br>ค่า Down ที่ทำกับศัตรู $(1) /<br>เมื่อศัตรูที่อยู่รอบตัวล้มลง (Down)<br>เป็นเวลา $(3), Damage $(2)"""
ring_AvoidBuff#1,"""Swish Rise"""
ring_AvoidBuffFollow#1,"""Swish Follow"""
ring_HpKeepBuff#1,"""HP Keep Rise"""
ring_HpKeepFollow#1,"""Over HP Follow"""
ring_PpCostBuff#1,"""Under PP Rise"""
ring_PpCostFollow#1,"""Under PP Follow"""
ring_ReductionBuff#1,"""Patient Rise"""
ring_ReductionFollow#1,"""Patient Follow"""
ring_KillingBuff#1,"""Killing Rise"""
ring_Gift#1,"""Simple Guard"""
ring_PbBuff#1,"""Photon Blast Rise"""
ring_PbFollow#1,"""Photon Blast Follow"""
ring_HitcountBuff#1,"""Count Rise"""
ring_HitcountFollow#1,"""Count Follow"""
ring_DownBuff#1,"""Defeat Rise"""
RingGrindBase_Title#0,"""เลือก Skill Ring ที่จะ Enhance"""
RingGrindEffectDetails_Title#0,"""รายละเอียดการ Enhance Skill Ring"""
RingGrindEffectDetails_Explanation#0,"""ผลของ Skill Ring หลังจากการ Enhance"""
RingGrindMaterial_Title#0,"""เลือก Material Skill Ring"""
RingGrindMaterialsList_Title#0,"""เลือก Material"""
RingGrindMaterialsList_Explanation#0,"""Skill Ring ที่ต้องใช้ในการ Enhance: $(0)<br>จำนวน Skill Ring ที่เลือก: $(1)／$(2)"""
RingGrindConfirm_Explanation#0,"""กำลังเริ่มการ Enhance Skill Ring แน่ใจหรือไม่?<br><br><yellow>Material Skill Ring<c> ที่นำมาใช้จะถูก<red>ทำลาย<c><br>และหากสำเร็จ เลเวล Enhance ของ Base Skill Ring จะเพิ่มขึ้น<br><br>เมื่อใช้ <yellow>\""Support Item\""<c> คุณจะสามารถ<br>เพิ่มเลเวลได้โดยไม่ต้องใช้ Material Skill Rings"""
RingGrindConfirm_MarkdownTitle#0,"""ระบบ Item Protection"""
RingGrindConfirm_Details_TitleBase#0,"""Base Skill Ring ที่เลือก"""
RingGrindConfirm_Details_TitleMaterial#0,"""Material Skill Ring ที่เลือก"""
RingGrindConfirm_Details_Kind#0,"""Item"""
RingGrindConfirm_Details_Before#0,"""ก่อนหน้า"""
RingGrindConfirm_Details_After#0,"""หลังจาก"""
RingGrindConfirm_DetailsChild_Kind#0,"""Enhancement"""
RingGrindResult_Success#0,"""เลเวล Enhancement ของ $(0)<br>เพิ่มขึ้นจาก $(1) เป็น $(2)<br>ผลของ Skill Ring เพิ่มขึ้นแล้ว"""
RingGrindResult_Failed#0,"""การ Enhance ล้มเหลวเนื่องจากข้อผิดพลาด"""
RingGrindToast_LevelExceed#0,"""ไม่สามารถ Enhance เพิ่มเติมได้อีก"""
RingGrindFullSizeGuide_SelectBase#0,"""เลือก Skill Ring ที่คุณต้องการ Enhance"""
RingGrindFullSizeGuide_SelectMaterial#0,"""เลือก Skill Ring เพื่อใช้เป็น Material Skill Ring ที่เลือกจะ<scarlet>หายไปเมื่อถูกใช้งาน<c>"""
RingGrindFullSizeGuide_Confirm#0,"""นี่คือหน้าจอยืนยันขั้นตอนสุดท้ายสำหรับการ Enhance Skill Ring กรุณาตรวจสอบรายละเอียดอย่างระมัดระวัง และหากไม่มีปัญหา ให้เลือก \""ยืนยัน\"""
RingGrindBase_NoRing_Message#0,"""ไม่มี Skill Rings"""
Title_Need_MesetaAndItem#0,"""ไอเทมที่ต้องใช้ / Meseta"""
Title_Need_Item#0,"""ไอเทมที่ต้องใช้"""
Title_Need_Meseta#0,"""Meseta ที่ต้องใช้"""
Title_SelectiveItem#0,"""ไอเทมวัตถุดิบ (Material) ที่ครอบครอง"""
Title_SupportItem#0,"""ไอเทมเสริม (Support Item) ที่ครอบครอง"""
Title_NextLimit#0,"""ขีดจำกัดสูงสุดของ Enhancement หลังจากการ Limit Break"""
Title_Capsule#0,"""Special Ability Capsules ที่ครอบครอง"""
Title_Potential#0,"""Potential หลังจากการ Enhancement"""
Title_DropSkill#0,"""Preset Ability หลังจากการ Enhancement"""
Title_Meseta#0,"""Meseta ที่มี"""
ItemName_TargetItem#0,"""ไอเทมในซีรีส์เดียวกัน"""
ItemName_TargetItem_Preset_Up#0,"""ไอเทมในซีรีส์เดียวกันที่มี Preset Ability"""
ItemName_TargetItem_Preset_Move#0,"""ไอเทมชื่อเดียวกัน"""
Explanation_Element_Trasplant#0,"""※\""N-Ability Transfer Pass\"" จะไม่ถูกใช้ ขึ้นอยู่กับ Material ที่เลือก"""
ItemName_DropSkill_None#0,"""ไม่ได้ตั้งค่า Preset Ability"""
ItemName_Potential_None#0,"""ยังไม่ได้ปลดล็อก Potential"""
ItemName_NoItem#0,"""ไม่มีไอเทมเป้าหมาย"""
Explanation_Server_Failure#0,"""ดึงข้อมูลล้มเหลว"""
Title__MultiWeapon_Alternative#0,"""ไอเทมทดแทน (Substitute Item) ที่ครอบครอง"""
Explanation_Grind_Meseta#0,"""Meseta ที่ต้องใช้เมื่อเลือก Material 1 ชิ้น"""
