YesText#0,"""ใช่"""
NoText#0,"""ไม่"""
CloseText#0,"""ปิด"""
OpenText#0,"""เปิด"""
MaxText#0,"""สูงสุด"""
MinText#0,"""ต่ำสุด"""
Sort#0,"""จัดเรียง"""
Copy#0,"""คัดลอก"""
Peaste#0,"""วาง"""
NextText#0,"""ถัดไป"""
PrevText#0,"""ก่อนหน้า"""
DecideText#0,"""นำไปใช้"""
CancelText#0,"""ยกเลิก"""
OKText#0,"""ตกลง"""
ReturnText#0,"""กลับ"""
TitleText#0,"""ข้อความ"""
CheckText#0,"""ไม่ต้องแสดงหน้าต่างนี้อีก"""
NoneText#0,"""ไม่มี"""
Preview#0,"""แสดงตัวอย่าง"""
SimplePreview#0,"""แสดงตัวอย่างแบบง่าย"""
Skip#0,"""คุณแน่ใจหรือไม่ว่าต้องการข้ามไปยัง<br>ตอนจบของฉากหรือตัวเลือกถัดไป?"""
SkipMovie#0,"""การทำเช่นนี้จะเป็นการออกจากวิดีโอ<br><br>ต้องการดำเนินการต่อหรือไม่?"""
SymbolArt_BANtext#0,"""ไม่สามารถบันทึก Symbol Art ได้"""
BlockBurstIntoNG#0,"""คุณไม่สามารถเข้าร่วม Party ได้เนื่องจากมีการเปลี่ยนแปลงสถานะของ Party นั้น"""
TimeText#0,"""$(0):$(1):$(2)"""
NumItem#0,"""$(0) x$(1)"""
NumItem2#0,"""$(0) x$(1)"""
Bracket#0,"""($(0))"""
SquareBracket#0,"""[$(0)]"""
ErrorResetAmCoinWithoutWarning#0,"""ไม่สามารถโอนย้าย Casino Coins ได้เนื่องจากเกินขีดจำกัดสูงสุด"""
Ranking#0,"""อันดับ $(3) $(2): $(1) $(0)"""
RankingVita#0,"""อันดับ $(3) $(2): $(1) $(0) Shared Block"""
VolcanoClearTime#0,"""เวลาเคลียร์: $(0)"""
Contribution#0,"""แต้มทั้งหมดที่ได้รับ: $(0)<pict Target_CP>"""
SkipNaviKey#0,"""กด <yellow>ปุ่ม [Esc]<c> เพื่อข้าม"""
SkipNaviButton#0,"""กด <yellow><c>ปุ่ม <%AllWindowClose><yellow><c> เพื่อข้าม"""
BoostLevelUp#0,"""Quest-Linked Boost เลเวลอัปเป็น $(0)!<br>มีเอฟเฟกต์ใหม่ให้ใช้งานใน Quest ที่ได้รับ Boost!"""
PreviewZoom#0,""" (<c cfcfcf>สลับการหมุน/<c><yellow>การเคลื่อนที่<c><c cfcfcf>: <%Exception><c>)"""
PreviewZoom_mouse#0,""" (<c cfcfcf>สลับการหมุน/<c><yellow>การเคลื่อนที่<c><c cfcfcf>: <pict mouse_right><c>)"""
PreviewMove#0,""" (<c cfcfcf>สลับ<c><yellow>การหมุน<c><c cfcfcf>/การเคลื่อนที่: <%Exception><c>)"""
PreviewMove_mouse#0,""" (<c cfcfcf>สลับ<c><yellow>การหมุน<c><c cfcfcf>/การเคลื่อนที่: <pict mouse_right><c>)"""
ErrorMackQuest#0,"""ไม่สามารถเริ่มได้เนื่องจากสมาชิก Party ไม่ได้อยู่ใน Quest"""
ErrorIgnoreQuest#0,"""Quest ไม่พร้อมใช้งาน กรุณาตรวจสอบข้อมูลเพิ่มเติมที่เว็บไซต์ของผู้เล่น"""
BlockType_01#0,"""PSO2 Block"""
BlockType_02#0,"""PSO2: NGS Block"""
BlockType_03#0,"""All Ship Matchmaking Block"""
Hyphen#0,"""-"""
All#0,"""ทั้งหมด"""
FreeSgScratch#0,"""วันนี้คุณสามารถสุ่ม Scratch ได้ฟรี<br>ต้องการเปิดหน้าต่าง Scratch หรือไม่?"""
FreeFirsrtTimeACScratch#0,"""คุณสามารถสุ่ม AC Scratch ครั้งแรกได้ฟรี<br>ต้องการเปิดหน้าต่าง Scratch หรือไม่?"""
FreeFirsrtTimeMainMenuText#0,"""สุ่ม Scratch ฟรี<br>ครั้งแรก"""
BlockMoveFailure#0,"""ย้าย Block ล้มเหลว"""
BlockadeMsg_Title1#0,"""ข้อมูล"""
BlockadeMsg_Text1#0,"""วัตถุนี้ไม่สามารถเข้าถึงได้ในขณะนี้<br>กรุณาตรวจสอบข้อมูลเพิ่มเติมที่เว็บไซต์ของผู้เล่น"""
SimpleTimeText#0,"""$(0): $(1)"""
Lupe_TextStart#0,"""เปิดใช้งานโหมดแว่นขยายแล้ว"""
Lupe_TextEnd#0,"""ปิดใช้งานโหมดแว่นขยายแล้ว"""
Lupe_TextTerminate1#0,"""โหมดแว่นขยายถูกปิดใช้งานเนื่องจากมีการเปลี่ยนแปลงการตั้งค่าปุ่ม"""
Lupe_TextTerminate2#0,"""โหมดแว่นขยายถูกปิดใช้งานเนื่องจากมีการเปลี่ยนแปลงการตั้งค่า"""
Lupe_ControlGuide#0,"""เลื่อนหน้าจอ: <swguidetype CursorMove>\u3000\u3000ซูม: <swguidetype Zoom>\u3000\u3000ออกแว่นขยาย: <swguidetype ShiftTrigger> + <swguidetype EscMenu>"""
NotReceptQuestPartyGuest#0,"""คุณไม่สามารถรับ Quest ได้เนื่องจากไม่ได้เป็นหัวหน้า Party"""
NotFoundQuestSearch#0,"""ไม่พบ Quest ที่ตรงตามเงื่อนไข"""
CantStartQuestCapacityOverRoom#0,"""ห้องเต็มแล้ว ไม่สามารถเข้าร่วมได้"""
NotFoundPartyList#0,"""ไม่พบ Party"""
CantStartQuestCapacityOverParty#0,"""Party เต็มแล้ว ไม่สามารถเข้าร่วมได้"""
PasswordNG#0,"""รหัสผ่านไม่ถูกต้อง"""
BurstIntoNG#0,"""ไม่สามารถเข้าร่วมได้เนื่องจาก Quest ไม่อนุญาตให้เข้าร่วมกลางคัน"""
CautionQuestEnd#0,"""ไม่สามารถเข้าร่วมได้เนื่องจาก Quest สิ้นสุดลงแล้ว"""
CantStartQuestTimeLimitOver#0,"""ไม่สามารถเริ่ม Quest อื่นได้เนื่องจากหมดเวลา"""
CautionQuestReleaseNG#0,"""ไม่สามารถเข้าร่วม Quest นี้ได้"""
CautionQuestReleaseNG2#0,"""Quest นี้ไม่สามารถรับได้ในขณะนี้<br>กรุณาตรวจสอบข้อมูลเพิ่มเติมที่เว็บไซต์ของผู้เล่น"""
CautionRoomDelete#0,"""ไม่สามารถเข้าร่วมห้องได้เนื่องจากห้องไม่มีอยู่แล้ว"""
CautionBlockMoveNG#0,"""เปลี่ยน Block ล้มเหลว"""
MatchingRejectJikkyouForRejectUser#0,"""ขณะนี้เราได้ทำการจำกัดการเข้าร่วมห้องบางห้อง"""
MatchingRejectJikkyouForJikkyou#0,"""ไม่สามารถเข้าร่วมห้องที่ระบุได้ จึงทำการสร้างห้องใหม่"""
CautionUnknown#0,"""เกิดข้อผิดพลาดที่ไม่ทราบสาเหตุ"""
Loading#0,"""NOW LOADING"""
Not_accessible_ToastMessage#0,"""ไม่สามารถเลือกได้ในระหว่าง All Ship Matchmaking"""
Message_NewIconViewed#0,"""การทำเช่นนี้จะเป็นการลบ <pict New><pict 4space>New Icons ทั้งหมดออกจาก $(0)<br><br>ต้องการดำเนินการต่อหรือไม่?"""
ToastText_NewIconViewed#0,"""ลบ New Icons ทั้งหมดออกจาก $(0) แล้ว"""
TascSuccessInfo_reward#0,"""รางวัล"""
TascSuccessInfo_General#0,"""Task สำเร็จ!"""
TascSuccessInfo_Achievement#0,"""Title Task สำเร็จ!"""
TascSuccessInfo_AchievementPt#0,"""แต้ม Title $(0)Pt"""
TascSuccessInfo_AchievementName#0,"""ชื่อ Title 【 $(0) 】"""
ShopAccessError#0,"""ไม่สามารถเข้าถึง Shop ได้"""
MySpace_RegisterText#0,"""ลงทะเบียน Build Parts แล้ว"""
Mag_RegisterText#0,"""ลงทะเบียน Mag Form แล้ว"""
Non_Text#0,"""ไม่แสดงข้อความ"""
Menu_Main#0,"""Main Menu"""
Menu_Sub#0,"""Sub Menu"""
Menu_Money#0,"""AC/SG Money"""
MainMenu_Equip_WeaponAvatar#0,"""<pict ba_camouflage><pict 4space>Weapon Camouflage"""
MainMenu_ACMenu_MyShop#0,"""<pict ba_task><pict 4space>My Shop"""
MainMenu_World_WorldMap#0,"""<pict ba_worldmap><pict 4space>World Map"""
MainMenu_World_WorldSecret#0,"""<pict ba_secret><pict 4space>World Secrets"""
MainMenu_World_MessagePack#0,"""<pict ba_mpack><pict 4space>Message Pack"""
MainMenu_Quest_Rebops#0,"""<pict ba_task><pict 4space>Tasks """
MainMenu_Quest_MissionPass#0,"""<pict ba_missionpass><pict 4space>Mission Pass"""
Category_Item#0,"""ไอเทม"""
Category_Equip#0,"""อุปกรณ์/ช่องสกิล"""
Category_SubPallet#0,"""ช่องสกิล"""
Category_Task#0,"""งาน/เควส"""
Category_WorldMap#0,"""แมพ"""
Category_LogOut#0,"""ออกจากระบบ"""
Category_Communication#0,"""โซเชียล"""
Category_Personal#0,"""ข้อมูลส่วนตัว"""
Category_Chat#0,"""Chat"""
Category_Info#0,"""ข้อมูล"""
Category_System#0,"""ระบบ"""
Category_Scratch#0,"""สุ่ม Scratch"""
Category_ACShop#0,"""<pict ba_acshop><pict 4space>AC/SG Shop<pict 4space><pict Arcscash><pict StarGem>"""
Category_SGShop#0,"""<pict ba_sgshop><pict 4space>SG Shop<pict 4space><pict StarGem>"""
Category_MyShop#0,"""My Shop"""
Category_RecycleShop#0,"""<pict ba_recycle><pict 4space>Recycle Items"""
Category_SG_BlackMarket#0,"""<pict ba_treasure><pict 4space>Treasure Shop<pict 4space><pict StarGem>"""
Category_Meseta_BlackMarket#0,"""<pict ba_treasure><pict 4space>Treasure Shop<pict 4space><pict reb_meseta>"""
Category_BuyHistory#0,"""<pict ba_history><pict 4space>ประวัติการซื้อ/วันหมดอายุ"""
Category_Shop#0,"""Shop"""
Popup_ItemPack#0,"""<pict ba_task><pict 4space>Inventory"""
Popup_FriendList#0,"""<pict ba_friend><pict 4space>รายชื่อเพื่อน"""
Popup_PartyCommand#0,"""<pict ba_partycom><pict 4space>จัดการปาร์ตี้"""
Popup_TeamCommand#0,"""<pict ba_guild><pict 4space>คำสั่งทีม"""
Popup_Mail#0,"""<pict ba_mail><pict 4space>เมล """
Popup_ArksSearch#0,"""<pict ba_search><pict 4space>ARKS Search"""
Popup_CommuHistory#0,"""<pict ba_commu><pict 4space>ประวัติการสื่อสาร """
Popup_NearCharacter#0,"""<pict ba_surround><pict 4space>Nearby Characters"""
Popup_MySpace#0,"""<pict ba_myspace><pict 4space>Creative Space"""
Popup_CharacterData#0,"""<pict ba_charainfo><pict 4space>ข้อมูลตัวละคร"""
Popup_Honor#0,"""<pict ba_title><pict 4space>Title """
Popup_ArksCard#0,"""<pict ba_card><pict 4space>ARKS Card"""
Popup_Honor_ArksCard#0,"""Title/ARKS Card"""
Popup_PlayLog#0,"""<pict ba_performance><pict 4space>Play Records"""
Popup_GroupChat#0,"""<pict ba_gchat><pict 4space>ตั้งค่า Group Chat"""
Popup_ShortcutWord#0,"""<pict ba_shortcut><pict 4space>ตั้งค่า Shortcut Word"""
Popup_AutoWord#0,"""<pict ba_autoword><pict 4space>ตั้งค่า Autoword"""
Popup_Motion#0,"""<pict ba_motion><pict 4space>ตั้งค่า Victory Pose"""
Popup_SymbolArt#0,"""<pict ba_symbol><pict 4space>Symbol Arts"""
Popup_PlaceObject#0,"""<pict ba_objarrange><pict 4space>วาง Portable Hologram"""
Popup_ListObject#0,"""<pict ba_objarrange><pict 4space>Portable Holograms บริเวณใกล้เคียง"""
Popup_PerformEmotes#0,"""<pict ba_la><pict 4space>ใช้งาน Lobby Actions"""
Popup_VitalDesign#0,"""<pict ba_uidesign><pict 4space>ออกแบบ Vital Gauge"""
Popup_Information#0,"""<pict ba_info><pict 4space>ข้อมูล"""
Popup_Help#0,"""<pict ba_help><pict 4space>ช่วยเหลือ"""
Popup_Option#0,"""<pict ba_option><pict 4space>การตั้งค่า"""
Popup_StreamerMode#0,"""<pict ba_stream><pict 4space>Streamer Mode """
Popup_CollaboMode#0,"""<pict ba_snapshot><pict 4space>ตั้งค่าการแสดงผล Event Collab Item"""
Popup_CampaignItem#0,"""<pict ba_get><pict 4space>รับ Campaign Items """
Popup_AutoSale#0,"""<pict ba_autosell><pict 4space>ขาย Drop Items อัตโนมัติ<pict 4space><pict Arcscash><pict StarGem>"""
Popup_ItemCode#0,"""<pict ba_code><pict 4space>Item Code"""
Popup_ControlSetting#0,"""<pict ba_conf><pict 4space>ตั้งค่าการควบคุม"""
Popup_MagMenu#0,"""<pict ba_mag><pict 4space>Mag"""
Popup_Stamp#0,"""<pict ba_stamp><pict 4space>แสตมป์"""
Popup_BuyScratch#0,"""<pict ba_scratch><pict 4space>สุ่ม Scratch<pict 4space><pict Arcscash><pict StarGem>"""
Popup_ScratchStorage#0,"""<pict ba_scwa><pict 4space>Scratch Storage"""
Popup_QuestInfo#0,"""<pict ba_questinfo><pict 4space>ข้อมูล Quest"""
Popup_Equip_Weapon#0,"""<pict ba_weapon><pict 4space>สวมใส่ Weapon"""
Popup_Equip_Guard#0,"""<pict ba_unit><pict 4space>สวมใส่ Armor"""
Popup_Equip_Subpalette#0,"""<pict ba_subp><pict 4space>Subpalette"""
Popup_Equip_Fashion#0,"""<pict ba_cos><pict 4space>แก้ไข Fashion"""
Popup_QuestMenue#0,"""เมนู Quest"""
Popup_QuestCounter#0,"""<pict ba_questinfo><pict 4space>Quest Counter"""
Popup_LineDuel#0,"""<pict ba_ld><pict 4space>Line Strike"""
Popup_SelfyMode#0,"""<pict ba_selfymode><pict 4space>Easy Camera Mode"""
Popup_WishList#0,"""<pict ba_pin><pict 4space>Wishlist"""
Popup_NearingExpirationItem#0,"""<pict ba_e_notice><pict 4space>ไอเทมใกล้หมดอายุ"""
Operation_MenuCommon#0,"""การตั้งค่าทั่วไปของไกด์เมนูย่อยภายใต้เมนูหลัก"""
MenuEquipmentOpen#0,"""สวมใส่ไอเทมที่เลือก"""
MainMenu_Equip_WeaponPosition#0,"""<pict ba_positioning><pict 4space>แก้ไขตำแหน่ง Weapon"""
MainMenu_Loguin_Bonus#0,"""<pict icon_login_bonus><pict 4space>ล็อกอินโบนัส"""
Menu_Matching_Blockade#0,"""ไม่สามารถใช้งานได้ขณะทำการจับคู่"""
Menu_Ad_Guide#0,"""สลับหน้าต่าง: <%ChangeCtrlWindowForward>\u3000\u3000สลับหน้า: <%TabBack><%TabForward>"""
Menu_Ad_Title#0,"""ประกาศ"""
MainMenu_CharacterInfo#0,"""ข้อมูล Character"""
MainMenu_Palette#0,"""ปรับแต่ง Palette"""
MainMenu_Inventory#0,"""Inventory"""
MainMenu_Party#0,"""Party"""
MainMenu_FriendList#0,"""รายชื่อเพื่อน """
MainMenu_Mail#0,"""Mail"""
MainMenu_Macro#0,"""ตั้งค่า Autowords"""
MainMenu_LogWindow#0,"""หน้าต่าง Log"""
MainMenu_AreaMap#0,"""Area Map"""
MainMenu_KeyboardHelp#0,"""ช่วยเหลือ Keyboard"""
MainMenu_Config#0,"""การตั้งค่า"""
MainMenu_Logout#0,"""ออกจากระบบ"""
MainMenu_PlayerList#0,"""ผู้เล่นใกล้เคียง"""
MainMenu_Library#0,"""Library"""
MainMenu_QuestInfo#0,"""ข้อมูล Quest"""
MainMenu_Equip#0,"""สวมใส่"""
MainMenu_ClientOrder#0,"""Client Orders"""
MainMenu_MatterBoard#0,"""Matter Board"""
MainMenu_MugMenu#0,"""เมนู Mag"""
MainMenu_CommHistory#0,"""ประวัติการสื่อสาร"""
MainMenu_ItemTreasure#0,"""สมบัติ"""
MainMenu_CharacterStatus#0,"""สถานะปัจจุบัน"""
MainMenu_Equip_note#0,"""Collection File"""
MainMenu_simple_gat_status#0,"""/"""
MainMenu_Item_Item#0,"""ไอเทม"""
MainMenu_Item_Castom#0,"""ปรับแต่ง"""
MainMenu_Item_Mug#0,"""Mags"""
MainMenu_Item_Pet#0,"""Pets"""
MainMenu_Equip_Weapon#0,"""สวมใส่ Weapons"""
MainMenu_Equip_Guard#0,"""Armors"""
MainMenu_Equip_Accessories#0,"""สวมใส่ Accessories"""
MainMenu_Equip_FashionGroup#0,"""Fashion/Catalog"""
MainMenu_Equip_Fashion#0,"""แก้ไข Fashion"""
MainMenu_Equip_FashionCat#0,"""<pict ba_corde><pict 4space>หนังสือแฟชั่น"""
MainMenu_Equip_PolluteEdit#0,"""Dark Blast"""
MainMenu_Equip_Subpalette#0,"""แก้ไข Subpalettes"""
MainMenu_Community_Friend#0,"""รายชื่อเพื่อน"""
MainMenu_Community_Team#0,"""จัดการทีม"""
MainMenu_Community_Party#0,"""คำสั่งทีม"""
MainMenu_Community_MySpace#0,"""Creative Space"""
MainMenu_Community_Mail#0,"""Mail"""
MainMenu_Community_Chara#0,"""ผู้เล่นใกล้เคียง"""
MainMenu_MyData_CharaInfo#0,"""ข้อมูล Character"""
MainMenu_MyData_GatInfo#0,"""ข้อมูล Gathering"""
MainMenu_MyData_ContentInfo#0,"""ข้อมูลคอนเทนต์"""
MainMenu_MyData_License#0,"""รายชื่อ Title"""
MainMenu_MyData_CraftAchievement#0,"""Crafting Achievements"""
MainMenu_MyData_MyMenu#0,"""Quick Menu"""
MainMenu_MyData_History#0,"""ประวัติการสื่อสาร"""
MainMenu_MyData_TitleAndCard#0,"""Title/ARKS Card"""
MainMenu_MyData_Profile#0,"""แก้ไข ARKS Card"""
MainMenu_MyData_Profile_v#0,"""แก้ไข ARKS Card"""
MainMenu_Quest_StoryBoard#0,"""Story Board"""
MainMenu_Quest_MatterBoard#0,"""Matter Board"""
MainMenu_Quest_ArksRoad#0,"""ARKS Road"""
MainMenu_Quest_ClientOrder#0,"""Client Orders"""
MainMenu_Quest_BingoCard#0,"""ARKS Bingo Card """
MainMenu_Quest_OpenEvent#0,"""ข้อมูลกิจกรรม"""
MainMenu_Quest_TotalScoreBoost#0,"""Quest-Linked Boost"""
MainMenu_Quest_ShipBattle#0,"""Competition"""
MainMenu_Quest_QuestInfo#0,"""ข้อมูล Quest"""
MainMenu_Quest_MapChange#0,"""เปลี่ยน Map"""
MainMenu_Quest_EventItem#0,"""ไอเทมกิจกรรม"""
MainMenu_System_SimbolArt#0,"""Symbol Arts"""
MainMenu_System_ChatConfig#0,"""ตั้งค่า Chat"""
MainMenu_System_Option#0,"""การตั้งค่า"""
MainMenu_System_LogWindow#0,"""หน้าต่าง Log"""
MainMenu_System_GameHelp#0,"""ช่วยเหลือในเกม"""
MainMenu_System_OnlineHelp#0,"""ช่วยเหลือออนไลน์"""
MainMenu_System_Information#0,"""ข้อมูล"""
MainMenu_System_Notify#0,"""ประกาศ"""
MainMenu_System_LoginStamp#0,"""ล็อกอินแสตมป์"""
MainMenu_System_StarGem#0,"""รายการไอเทม AC/SG"""
MainMenu_ACMenu_ACShop#0,"""AC Shop<pict 4space><pict Arcscash>"""
MainMenu_SALE_IconText#0,"""$(0)<pict sale_shop_icon>"""
MainMenu_ACMenu_Gacha#0,"""สุ่ม Scratch<pict 4space><pict Arcscash>"""
MainMenu_ACMenu_Recycle#0,"""Recycle Shop"""
MainMenu_ACMenu_MagicStone#0,"""ซื้อ Star Gems<pict 4space><pict Arcscash>"""
MainMenu_ACMenu_HistoryRental#0,"""ประวัติการซื้อ/วันหมดอายุ"""
MainMenu_ACMenu_History#0,"""ประวัติการซื้อ"""
MainMenu_ACMenu_Rental#0,"""วันหมดอายุเช่า"""
MainMenu_Logout_Logout#0,"""ออกจากระบบ"""
MainMenuCategory_ItemPack#0,"""Inventory"""
MainMenuCategory_Equip#0,"""Equipment"""
MainMenuCategory_MyData#0,"""My Data"""
MainMenuCategory_Mug#0,"""Mags"""
MainMenuCategory_Community#0,"""Community"""
MainMenuCategory_Quest#0,"""Quests"""
MainMenuCategory_System#0,"""ระบบ"""
MainMenuCategory_Shop#0,"""AC Menu"""
MainMenuCategory_Logout#0,"""ออกจากระบบ"""
MainMenu_Title#0,"""Main Menu"""
MainMenu_MainCommand#0,"""คำสั่งหลัก"""
MainMenu_Notify#0,"""ไอเทมใหม่"""
MainMenu_Shortcut#0,"""Shortcuts"""
MainMenu_Notify_KeyHelp#0,"""ไปที่การแจ้งเตือนด้วย <%NextWidget>"""
MainMenu_Notify_KeyHelp_reb#0,"""ตรวจสอบการแจ้งเตือนใหม่ด้วย <%NextWidget>"""
MainMenu_Notify_KeyHelp_reb2#0,"""ตรวจสอบการแจ้งเตือนใหม่ด้วย <%NextWidget> หลังจากเปิด Main Menu"""
MainMenu_Notify_KeyHelp_vita#0,"""กด <pict Sign_TRIANGLE> สำหรับพื้นที่ใหม่"""
MainMenu_Notify_KeyHelp_Disable#0,"""พื้นที่ใหม่ยังไม่พร้อมใช้งานในขณะนี้"""
MainMenu_Notify_KeyHelp_Disable_reb#0,"""ไม่สามารถตรวจสอบการแจ้งเตือนใหม่ได้ในขณะนี้"""
MainMenu_Community_NewArrival#0,"""$(0) ($(1))"""
MainMenu_Recycle_NoEnter#0,"""ไม่สามารถใช้งานได้ระหว่าง Quest"""
MainMenu_Recycle_NoEnterTitle#0,"""Recycle Shop"""
WeaponPosition#0,"""ตำแหน่งเก็บ Weapon"""
RedPivot#0,"""ปรับแนวนอน (แนวตั้ง)"""
GreenPivot#0,"""ปรับแนวตั้ง (แนวนอน)"""
BluaPivot#0,"""ปรับความลึก"""
Error_NotSetting#0,"""คุณไม่สามารถปรับตำแหน่ง<br>ของ Accessory ที่เลือกได้"""
StarGemMessage#0,"""ที่ซื้อ/$(0) <pict StarGem><br>ฟรี/$(1) <pict StarGem><br><br>※SG ฟรีจะถูกใช้ก่อน"""
MainMenu_ACMenu_SGShop#0,"""SG Shop <pict StarGem>"""
MainMenu_ArksContract#0,"""ARKS Missions"""
NotHoldingEvent#0,"""ขณะนี้ไม่มีกิจกรรมใดๆ จัดขึ้น"""
StatusLabel_EveryMpShort1#0,"""Mission Pass: $(0)"""
StatusLabel_EveryMpShort1_2#0,"""Mission Pass: ยังไม่เปิด"""
StatusLabel_EveryMpShort2#0,"""Tier: $(1) (จนกว่าจะถึง Tier ถัดไป $(0)<pict mp_star_icon>)"""
MainMenu_Logout_October#0,"""<space><space><space><space><space><space><space><space><space><space>"""
Toast_October_1#0,"""ปุ่มออกจากระบบที่เคยมีอยู่จนกระทั่งฉันตั้ง Title ได้หายไปอย่างสมบูรณ์"""
Toast_October_2#0,"""ฉันแน่ใจว่าคุณคงสังเกตเห็นแล้ว ว่าปุ่มออกจากระบบได้หายไป"""
Toast_October_3#0,"""นี่ไม่ใช่ข้อผิดพลาด ขอย้ำว่านี่ไม่ใช่ข้อผิดพลาด นี่คือการทำงานที่ตั้งใจไว้ของการตั้ง Title ของคุณ"""
Toast_October_4#0,"""คุณจะไม่ได้รับอนุญาตให้ออกจากเกมจนกว่าคุณจะถอด Title ที่คุณตั้งไว้ออก"""
MainMenu_Shop_Window_Title#0,"""ข้อมูล Shop"""
MainMenu_Room_Password#0,"""<pict ba_roomkey><pict 4space>ตั้งค่าการจับคู่ห้อง/ถ่ายภาพ"""
WeaponCamo_Label_RemoveAll#0,"""ลบทั้งหมด"""
MainMenu_PartyMember_Recruitment#0,"""<pict ba_partysearch><pict 4space>ค้นหา Party ที่กำลังรับสมัคร"""
PartyMember_Recruitment_Label1#0,"""ชื่อ Character ของผู้สมัคร"""
PartyMember_Recruitment_Label2#0,"""Class"""
PartyMember_Recruitment_Label3#0,"""ค้นหา Party ที่กำลังรับสมัคร"""
PartyMember_Recruitment_Label4#0,"""ดูทั้งหมด"""
PartyMember_Recruitment_Label5#0,"""เข้าร่วม Party ล้มเหลว: ไม่สามารถย้ายไปยังพื้นที่ได้"""
PartyMember_Recruitment_Label_1#0,"""ข้อมูลการรับสมัครสมาชิก Party"""
PartyMember_Recruitment_Label_2#0,"""เป้าหมาย"""
PartyMember_Recruitment_Label_3#0,"""ความคิดเห็น"""
PartyMember_Recruitment_Label_4#0,"""สมาชิก Party"""
PartyMember_Recruitment_Label_5#0,"""Power Level ขั้นต่ำ"""
PartyMember_Recruitment_Label_6#0,"""เลเวลขั้นต่ำ"""
PartyMember_Recruitment_Label_7#0,"""$(0)"""
PartyMember_Recruitment_Label_8#0,"""พื้นที่เป้าหมาย"""
PartyMember_Recruitment_Label_9#0,"""[Rank. $(0)]"""
PartyMember_Recruitment_Label_10#0,"""ค้นหา"""
PartyMember_Recruitment_Label_11#0,"""เลือก Party อัตโนมัติ"""
PartyMember_Recruitment_Label_12#0,"""เข้าร่วม Party ที่เลือกอัตโนมัติ"""
PartyMember_Recruitment_Label_13#0,"""ระบบจะทำการเลือกและเข้าร่วม Party ตามเป้าหมายของคุณโดยอัตโนมัติ ต้องการดำเนินการต่อหรือไม่?<br><br><yellow>※คุณจะถูกย้ายไปยังห้องที่ Party นั้นอยู่<c><br><yellow>※คุณจะออกจาก Party ปัจจุบันเพื่อเข้าร่วม Party ใหม่<c>"""
PartyMember_Recruitment_Label_14#0,"""ไม่พบ Party ที่ตรงตามเงื่อนไข"""
MainMenu_System_ACTitle#0,"""รายการไอเทม AC"""
MainMenu_System_SGTitle#0,"""รายการไอเทม SG"""
MainMenu_System_NAC#0,"""AC (PC, Switch)"""
MainMenu_System_PSAC#0,"""AC"""
MainMenu_System_SAC#0,"""AC (ทั้งหมด)"""
ArksCacheMessage#0,"""/ $(0) <pict Arcscash>"""
Category_Item_Guide#0,"""ใช้ปุ่ม 【 Switch Window 】 เพื่อสลับหน้าต่างที่คุณกำลังควบคุมอยู่"""
SubMenu_SortInitialize_Title1#0,"""ยืนยันการรีเซ็ต"""
SubMenu_SortInitialize_Text1#0,"""ต้องการรีเซ็ตลำดับไอเทมในเมนู $(0) หรือไม่?"""
SubMenu_Error_Text1#0,"""ไม่สามารถบันทึกลำดับเมนูได้"""
SubMenu_Error_Text2#0,"""โหลดลำดับไอเทมสำหรับเมนู $(0) ล้มเหลว<br>ระบบได้ทำการโหลดลำดับเริ่มต้นแทน"""
MainMenu_Ranking_Info#0,"""<pict ba_ranking><pict 4space>ARKS Records"""
SubMenu_Ranking_Info#0,"""ARKS Records"""
MainMenu_Ranking_Info_Weekly#0,"""บันทึกกิจกรรม At-Random"""
MainMenu_Ranking_Info_TeamTask#0,"""บันทึก Team Task"""
Loading_Banner_Guide#0,"""ดูรายละเอียด: <%NextTabDetails>"""
MainMenu_TeamMember_Recruitment#0,"""<pict ba_teamsearch><pict 4space>ค้นหา Team ที่กำลังรับสมัครสมาชิก"""
Weapon_CoordinateX#0,"""(X: $(0))"""
Weapon_CoordinateY#0,"""(Y: $(0))"""
Weapon_CoordinateZ#0,"""(Z: $(0))"""
MainMenu_Quest_BoxGacha#0,"""<pict ba_boxg><pict 4space>Reward Box"""
MainMenu_Quest_BoxGacha_Close#0,"""ไม่มี Reward Box ที่พร้อมใช้งานในขณะนี้"""
MainMenu_Quest_BoxGacha_Second_Guide#0,"""ใช้เหรียญเพื่อรับไอเทม เหรียญสามารถหาได้จากการทำ Tasks ที่กำหนดให้สำเร็จ"""
Category_ArsenalModuleCounter#0,"""M.A.R.S. Palette"""
Category_ArsenalModulePalette#0,"""<pict ba_asemo><pict 4space>M.A.R.S. Palette"""
RecommendedContent_TltleText1#0,"""คอนเทนต์แนะนำ"""
RecommendedContent_Guide1#0,"""<%Exception2><pict 4space> เพื่อเข้าร่วม"""
Confirm_Title#0,"""ยืนยันการย้าย Ship"""
Confirm_Message#0,"""เงื่อนไขต่อไปนี้จะมีผล<br>ในขณะที่อยู่ใน Shared Ship Battle Block<br> ・เล่นได้เฉพาะคลาส [Battle Warrior]<br> ・ไม่มี PAs, Techniques, และ Class Skills ที่เรียนรู้ไว้<br> ・ไม่สามารถใช้ Meseta, CC หรือไอเทมในตัวได้<br> ・ไม่สามารถใช้งาน Storage, My Room และ Team Room ได้<br> ・ซ่อนการแจ้งเตือน Emergency Quest<br> ・แยก Friend List, Mail และ Symbol Arts ออกต่างหาก<br> ・ซ่อน Friendship gauge<br><red>※เงื่อนไขทั้งหมดจะกลับเป็นปกติเมื่อออกจาก Shared Ship<c><br><red>※เอฟเฟกต์ NetCafe Premium จะไม่แสดงผล<c><br><red>※Character ของคุณอาจปรากฏในการถ่ายทอดสด<c><br><br>ไปยัง Shared Ship Battle Lobby หรือไม่?"""
Confirm_Title_InBlock#0,"""ยืนยันการย้าย Block"""
Confirm_Message_InBlock#0,"""คุณกำลังจะย้ายไปยัง Battle Block<br>เงื่อนไขต่อไปนี้จะมีผล:<br><br> ・เล่นได้เฉพาะคลาส [Battle Warrior]<br> ・ไม่มี PAs, Techniques, และ Class Skills ที่เรียนรู้ไว้<br> ・ไม่สามารถใช้ Meseta, CC หรือไอเทมในตัวได้<br> ・ไม่สามารถใช้งาน Storage ได้<br> ・ไม่สามารถใช้งาน My Room และ Team Room ได้<br> ・ซ่อนการแจ้งเตือน Emergency Quest<br> ・แยก Friend List, Mail และ Symbol Arts ออกต่างหาก<br> ・ซ่อน Friendship gauge<br><br><red>※เงื่อนไขทั้งหมดจะกลับเป็นปกติ<br>เมื่อออกจาก Shared Ship<c><br><br>ไปยัง Shared Battle Lobby หรือไม่?"""
Confirm_Title_InNormal#0,"""ยืนยันการย้าย Ship"""
Confirm_Message_InNormal#0,"""เมื่อคุณกลับไปยัง Ship ของคุณ โปรดทราบว่า<br>Friend Requests, mails และ Symbol Arts<br>จะไม่ถูกโอนย้ายตามไปด้วย<br><br>※คุณสามารถกลับมาที่ Shared Ship ได้ในภายหลัง<br><br>※การกลับไปยัง Ship ของคุณจะถูกบันทึกไว้ใน<br>【 Login History 】<br><br>กลับไปยัง Ship ของคุณหรือไม่?"""
ShopTitleText#0,"""แลกเปลี่ยน Battle Coin"""
ShopGuideText#0,"""<c f0df60>คุณสามารถแลกเปลี่ยน Battle Coins เป็นไอเทมได้<c>"""
ShopListTitle#0,"""เมนู Shop"""
PluralityMenuGuide#0,"""<c f0df60>กรุณาเลือก Shop<c>"""
Exit#0,"""ออกจาก Shop"""
Buy#0,"""ซื้อ"""
NameNumber#0,"""$(0) x$(1)"""
BuyTitle#0,"""ยืนยันการซื้อ"""
BuyCheck#0,"""ไอเทมเหล่านี้มีราคา $(1) $(0)<br>ดำเนินการซื้อต่อหรือไม่?"""
CPDenomination#0,"""Battle Coins"""
BuyResultMessage1#0,"""สั่งซื้อเสร็จสิ้น"""
BuyErrorMessage2#0,"""ช่องเก็บของ ของคุณเต็ม<br>หรือคุณมีไอเทมที่ต้องการซื้อในจำนวนมากเกินไป<br>ไม่สามารถสั่งซื้อได้"""
CPInsufficient#0,"""Battle Coins ไม่เพียงพอ"""
BuyResultMessage2#0,"""ไม่สามารถทำการสั่งซื้อให้เสร็จสมบูรณ์ได้"""
BuyResultTitle#0,"""ซื้อไอเทม"""
CancelTitle#0,"""ยืนยันการยกเลิกการซื้อ"""
CancelMessage#0,"""การทำเช่นนี้จะยกเลิกการซื้อ ดำเนินการต่อหรือไม่?"""
SelectItemInputVita#0,"""กรุณาระบุจำนวน"""
MenuErrorTitle#0,"""ข้อความ"""
MenuErrorMessage#0,"""[แลกเปลี่ยน Battle Coin 2] <br><yellow>จะสามารถใช้งานได้เมื่อ<br>เคลียร์ Quest สำเร็จ<c><br><br>คุณไม่สามารถเข้าถึง Shop นี้ได้<br>เนื่องจากยังไม่ได้เคลียร์ Quest"""
PokaQuest_SummaryName#0,"""Battle Arena"""
PokaRanking_Title#0,"""รางวัล Battle Ranking"""
PokaRanking_RewardConfirm#0,"""คุณได้รับไอเทมต่อไปนี้<br>เป็นรางวัลจาก Battle Ranking"""
PokaRanking_Date#0,"""วันและเวลา"""
PokaRanking_Caption#0,"""รางวัล $(1) [$(0)]"""
PokaRanking_Rule_BattleRoyal#0,"""Battle Royal"""
PokaRanking_Rule_BattleCrystal#0,"""Emblem Battle"""
PokaRanking_Rule_BattleRoyal_Switch#0,"""Battle Royal (เวอร์ชัน Cloud)"""
PokaRanking_Rule_BattleCrystal_Switch#0,"""Emblem Battle (เวอร์ชัน Cloud)"""
PokaRanking_PrizeMessage#0,"""รับรางวัล Battle Ranking ของคุณได้จาก ARKS League Admin Mimi"""
Confirm_Title#1,"""ยืนยันการย้าย Ship"""
Confirm_Message#1,"""เงื่อนไขต่อไปนี้จะมีผล<br>ในขณะที่อยู่ใน Shared Ship Challenge Block<br> ・เล่นได้เฉพาะคลาส [Challenger]<br> ・ไม่มี PAs, Techniques, และ Class Skills ที่เรียนรู้ไว้<br> ・ไม่สามารถใช้ Meseta, CC หรือไอเทมในตัวได้<br> ・ไม่สามารถใช้งาน Storage, My Room และ Team Room ได้<br> ・ซ่อนการแจ้งเตือน Emergency Quest<br> ・แยก Friend List, Mail และ Symbol Arts ออกต่างหาก<br> ・ซ่อน Friendship gauge<br><red>※เงื่อนไขทั้งหมดจะกลับเป็นปกติเมื่อออกจาก Shared Ship<c><br><br>ไปยัง Shared Ship Challenge Lobby หรือไม่?"""
Confirm_Title_InBlock#1,"""ยืนยันการย้าย Block"""
Confirm_Message_InBlock#1,"""นี่จะเป็นการย้ายคุณไปยัง Challenge Blocks<br>เงื่อนไขต่อไปนี้จะมีผลเมื่ออยู่ใน Block:<br><br>・เล่นได้เฉพาะคลาส Challenger เลเวล 1<br>・PAs, Techniques, Class Skills, Meseta,<br> Casino Coins หรือไอเทมต่างๆ จะไม่ถูกโอนย้ายมาด้วย<br>・คุณไม่สามารถฝากหรือเข้าถึง Storage ของคุณได้<br>・จะไม่แสดง Affection gauges<br><br><red>※การออกจาก Challenge Block จะทำให้<br> เงื่อนไขทั้งหมดกลับเป็นปกติตามเดิม<c><br><br>ต้องการย้ายไปยัง Challenge Blocks หรือไม่?"""
Confirm_Title_InNormal#1,"""ยืนยันการย้าย Ship"""
Confirm_Message_InNormal#1,"""นี่จะเป็นการนำคุณกลับไปยัง Ship เดิมของคุณ<br>เงื่อนไขต่อไปนี้จะกลับเป็นปกติ:<br><br>・Friends, mails และ Symbol Arts<br> ที่ลงทะเบียนไว้<br>・Challenge Mile Rankings และ Battle Arena<br> Rankings จะไม่แสดงบน Ship เดิมของคุณ<br> และจะถูกรวมแยกต่างหากจาก<br> ข้อมูล Ranking ของคุณ<br><br><yellow>※ประวัติการล็อกอินของคุณจะแสดงว่า<br> คุณล็อกอินเข้าเกมอีกครั้ง<c><br><br><red>※คุณจะยังสามารถกลับมายัง Shared Ship ได้<br> หลังจากที่คุณย้ายกลับไปยัง Ship เดิมของคุณแล้ว<c><br><br>ต้องการย้ายกลับไปยัง Ship เดิมของคุณหรือไม่?"""
ShopTitleText#1,"""ร้านแลกเปลี่ยน CM"""
ShopGuideText#1,"""<c f0df60>แลกเปลี่ยน Challenge Miles เป็นไอเทม<c>"""
ShopListTitle#1,"""เมนู Shop"""
PluralityMenuGuide#1,"""<c f0df60>กรุณาเลือก Shop<c>"""
Exit#1,"""ออกจาก Shop"""
Buy#1,"""ซื้อ"""
NameNumber#1,"""$(0) x$(1)"""
BuyTitle#1,"""ยืนยันการซื้อ"""
BuyCheck#1,"""ไอเทมเหล่านี้มีราคา $(1) $(0)<br>ดำเนินการซื้อต่อหรือไม่?"""
CPDenomination#1,"""CM"""
BuyResultMessage1#1,"""สั่งซื้อเสร็จสิ้น"""
BuyErrorMessage2#1,"""ช่องเก็บของ ของคุณเต็ม<br>หรือคุณมีไอเทมที่ต้องการซื้อในจำนวนมากเกินไป<br>ไม่สามารถสั่งซื้อได้"""
CPInsufficient#1,"""CM ไม่เพียงพอ"""
BuyResultMessage2#1,"""ไม่สามารถทำการสั่งซื้อให้เสร็จสมบูรณ์ได้"""
BuyResultTitle#1,"""ซื้อไอเทม"""
CancelTitle#1,"""ยืนยันการยกเลิกการซื้อ"""
CancelMessage#1,"""การทำเช่นนี้จะยกเลิกการซื้อ ดำเนินการต่อหรือไม่?"""
SelectItemInputVita#1,"""กรุณาระบุจำนวน"""
MenuErrorTitle#1,"""ข้อความ"""
MenuErrorMessage#1,"""【 ร้านแลกเปลี่ยน CM 2 】 <br><yellow>จะสามารถใช้งานได้เมื่อผ่าน Challenge Quest<br>【 MISSION: Decision 】 จนถึง Mission 3 แล้ว<c><br><br>คุณไม่สามารถใช้งาน Shop นี้ได้เนื่องจาก<br>ยังไม่ผ่าน Challenge Quest 【 MISSION: Decision 】<br>Mission 3"""
ChallengePoint#0,"""Challenge Miles"""
BlackbordCharaName#0,"""ชื่อ Character"""
BlackbordPlayerIDname#0,"""ชื่อ Player ID"""
BlackbordTime#0,"""โพสต์แล้ว"""
BlackbordMessage#0,"""โพสต์ข้อความ"""
BlackbordTitleText#0,"""กระดานข้อความ"""
BlackbordTitleTextTeam#0,"""กระดานแจ้งเตือน Team"""
Blackbord_InputMessage#0,"""กรอกข้อความที่คุณต้องการโพสต์"""
Blackbord_InputMessageTeam#0,"""กรอกข้อความที่คุณต้องการโพสต์ลงใน<br>กระดานแจ้งเตือน Team<br><br><yellow>※กด <pict key_alt>+<pict key_enter> เพื่อขึ้นบรรทัดใหม่<c>"""
Blackbord_NoMessage#0,"""ยังไม่มีข้อความ<br>กรอกข้อความจากนั้นกด<br>【 Post Message 】 เพื่อยืนยัน"""
Blackbord_MessageWriteError#0,"""ไม่สามารถโพสต์ข้อความได้<br><br>กรุณารอสักครู่ แล้วลองใหม่อีกครั้ง"""
Blackbord_WriteToast#0,"""โพสต์ข้อความของคุณแล้ว"""
Blackbord_DeleteMessage#0,"""ข้อความที่เลือกจะถูกลบ<br>ต้องการดำเนินการต่อหรือไม่?"""
Blackbord_DeleteToast#0,"""ลบข้อความแล้ว"""
Blackbord_MessageDeleteError#0,"""ไม่สามารถลบข้อความได้<br><br>กรุณารอสักครู่ แล้วลองใหม่อีกครั้ง"""
Blackbord_NoMessageTitle#0,"""ยืนยันการกรอกข้อความ"""
Blackbord_MessageWriteErrorTitle#0,"""ข้อความแจ้งข้อผิดพลาด"""
Blackbord_DeleteMessageTitle#0,"""ลบข้อความ"""
Blackbord_MessageDeleteErrorTitle#0,"""ข้อความแจ้งข้อผิดพลาด"""
Blackbord_InputMessage_Announce#0,"""※กด [Alt]+[Enter] เพื่อขึ้นบรรทัดใหม่"""
Logout_Title#0,"""ออกจากระบบ"""
Logout_GameEnd#0,"""ออกจากเกม"""
Logout_GotoTitle#0,"""กลับสู่หน้า Title"""
Logout_GotoShipSelect#0,"""เลือก Ship"""
Logout_Cancel#0,"""ยกเลิก"""
Logout_Close_Title#0,"""กำลังออกจากเกม"""
Logout_Close_Message#0,"""คุณแน่ใจหรือไม่ว่าต้องการออกจากเกม?"""
TargetInfo_WeakPoint#0,"""จุดอ่อน:"""
TargetInfo_Level#0,"""Lv.$(0)"""
TargetInfo_Name#0,"""$(0) $(1)"""
TargetInfo_WeekAndResist#0,"""$(0)"""
TargetInfo_Ability#0,"""x$(0)"""
TargetInfo_Resist#0,"""ต้านทาน:"""
TargetInfo_ShieldWeakPoint#0,"""ทำลายโล่ด้วย: """
INTERRUPT_CODE_ATTACK#0,"""[ATTACK]"""
INTERRUPT_CODE_PROTECTION#0,"""[PROTECTION]"""
INTERRUPT_CODE_ELIMINATION#0,"""[ELIMINATION]"""
INTERRUPT_CODE_COLLECT#0,"""[COLLECT]"""
INTERRUPT_CODE_DUEL#0,"""[DUEL]"""
INTERRUPT_CODE_CHASE#0,"""[CHASE]"""
INTERRUPT_CODE_ARREST#0,"""[ARREST]"""
INTERRUPT_CODE_RESCUE#0,"""[RESCUE]"""
INTERRUPT_CODE_DESTRUCTION#0,"""[DESTRUCTION]"""
INTERRUPT_CODE_AVOID#0,"""[AVOID]"""
INTERRUPT_CODE_CAPTURE#0,"""[CAPTURE]"""
INTERRUPT_CODE_ESCORT#0,"""[ESCORT]"""
INTERRUPT_CODE_PRESENT#0,"""[PRESENT]"""
INTERRUPT_CODE_CLONE#0,"""[CLONE]"""
INTERRUPT_CODE_GESTURE#0,"""[GESTURE]"""
INTERRUPT_CODE_VANISH#0,"""[VANISH]"""
INTERRUPT_CODE_OFFENSIVE#0,"""[OFFENSIVE]"""
INTERRUPT_CODE_INTERCEPT#0,"""[INTERCEPT]"""
INTERRUPT_CODE_FOLLOW#0,"""[FOLLOW]"""
INTERRUPT_CODE_UNITE#0,"""[UNITE]"""
INTERRUPT_CODE_SEARCH#0,"""[SEARCH]"""
INTERRUPT_CODE_HIDE#0,"""[HIDE]"""
INTERRUPT_CODE_BASH#0,"""[BASH]"""
INTERRUPT_CODE_TEST#0,"""[TEST]"""
INTERRUPT_CODE_UNKNOWN#0,"""[UNKNOWN]"""
INTERRUPT_CODE_QUICK#0,"""[QUICK]"""
INTERRUPT_CODE_PERSONA#0,"""[PERSONA]"""
INTERRUPT_CODE_JUDGEMENT#0,"""[JUDGEMENT]"""
INTERRUPT_CODE_FORTUNE#0,"""[FORTUNE]"""
INTERRUPT_CODE_JOKER#0,"""[JOKER]"""
INTERRUPT_CODE_ABYSS#0,"""[ABYSS]"""
INTERRUPT_CODE_EXPLOSION#0,"""[EXPLOSION]"""
INTERRUPT_CODE_VARIANT#0,"""[VARIANT]"""
INTERRUPT_CODE_DISASTER#0,"""[DISASTER]"""
INTERRUPT_CODE_CHALLENGE#0,"""[CHALLENGE]"""
INTERRUPT_CODE_CONTROL#0,"""[CONTROL]"""
INTERRUPT_CODE_DEFEAT#0,"""[DEFEAT]"""
INTERRUPT_CODE_FEAR#0,"""[FEAR]"""
INTERRUPT_CODE_FUSION#0,"""[FUSION]"""
INTERRUPT_CODE_JAMMER#0,"""[JAMMER]"""
INTERRUPT_CODE_KEEP#0,"""[KEEP]"""
INTERRUPT_CODE_KILLER#0,"""[KILLER]"""
INTERRUPT_CODE_MANAGE#0,"""[MANAGE]"""
INTERRUPT_CODE_NEGOTIATION#0,"""[NEGOTIATION]"""
INTERRUPT_CODE_REGIST#0,"""[REGIST]"""
INTERRUPT_CODE_SACRIFICE#0,"""[SACRIFICE]"""
INTERRUPT_CODE_SNIPE#0,"""[SNIPE]"""
INTERRUPT_SUCCESS_CODE_ATTACK#0,"""code [ATTACK]"""
INTERRUPT_SUCCESS_CODE_PROTECTION#0,"""code [PROTECTION]"""
INTERRUPT_SUCCESS_CODE_ELIMINATION#0,"""code [ELIMINATION]"""
INTERRUPT_SUCCESS_CODE_COLLECT#0,"""code [COLLECT]"""
INTERRUPT_SUCCESS_CODE_DUEL#0,"""code [DUEL]"""
INTERRUPT_SUCCESS_CODE_CHASE#0,"""code [CHASE]"""
INTERRUPT_SUCCESS_CODE_ARREST#0,"""code [ARREST]"""
INTERRUPT_SUCCESS_CODE_RESCUE#0,"""code [RESCUE]"""
INTERRUPT_SUCCESS_CODE_DESTRUCTION#0,"""code [DESTRUCTION]"""
INTERRUPT_SUCCESS_CODE_AVOID#0,"""code [AVOID]"""
INTERRUPT_SUCCESS_CODE_CAPTURE#0,"""code [CAPTURE]"""
INTERRUPT_SUCCESS_CODE_ESCORT#0,"""code [ESCORT]"""
INTERRUPT_SUCCESS_CODE_PRESENT#0,"""code [PRESENT]"""
INTERRUPT_SUCCESS_CODE_CLONE#0,"""code [CLONE]"""
INTERRUPT_SUCCESS_CODE_GESTURE#0,"""code [GESTURE]"""
INTERRUPT_SUCCESS_CODE_VANISH#0,"""code [VANISH]"""
INTERRUPT_SUCCESS_CODE_OFFENSIVE#0,"""code [OFFENSIVE]"""
INTERRUPT_SUCCESS_CODE_INTERCEPT#0,"""code [INTERCEPT]"""
INTERRUPT_SUCCESS_CODE_FOLLOW#0,"""code [FOLLOW]"""
INTERRUPT_SUCCESS_CODE_UNITE#0,"""code [UNITE]"""
INTERRUPT_SUCCESS_CODE_SEARCH#0,"""code [SEARCH]"""
INTERRUPT_SUCCESS_CODE_HIDE#0,"""code [HIDE]"""
INTERRUPT_SUCCESS_CODE_BASH#0,"""code [BASH]"""
INTERRUPT_SUCCESS_CODE_TEST#0,"""code [TEST]"""
INTERRUPT_SUCCESS_CODE_UNKNOWN#0,"""code [UNKNOWN]"""
INTERRUPT_SUCCESS_CODE_QUICK#0,"""code [QUICK]"""
INTERRUPT_SUCCESS_CODE_PERSONA#0,"""code [PERSONA]"""
INTERRUPT_SUCCESS_CODE_JUDGEMENT#0,"""code [JUDGEMENT]"""
INTERRUPT_SUCCESS_CODE_FORTUNE#0,"""code [FORTUNE]"""
INTERRUPT_SUCCESS_CODE_JOKER#0,"""code [JOKER]"""
INTERRUPT_SUCCESS_CODE_EXPLOSION#0,"""code [EXPLOSION]"""
INTERRUPT_SUCCESS_CODE_VARIANT#0,"""code [VARIANT]"""
INTERRUPT_SUCCESS_CODE_DISASTER#0,"""code [DISASTER]"""
INTERRUPT_SUCCESS_CODE_CHALLENGE#0,"""code [CHALLENGE]"""
INTERRUPT_SUCCESS_CODE_CONTROL#0,"""code [CONTROL]"""
INTERRUPT_SUCCESS_CODE_DEFEAT#0,"""code [DEFEAT]"""
INTERRUPT_SUCCESS_CODE_FEAR#0,"""code [FEAR]"""
INTERRUPT_SUCCESS_CODE_FUSION#0,"""code [FUSION]"""
INTERRUPT_SUCCESS_CODE_JAMMER#0,"""code [JAMMER]"""
INTERRUPT_SUCCESS_CODE_KEEP#0,"""code [KEEP]"""
INTERRUPT_SUCCESS_CODE_KILLER#0,"""code [KILLER]"""
INTERRUPT_SUCCESS_CODE_MANAGE#0,"""code [MANAGE]"""
INTERRUPT_SUCCESS_CODE_NEGOTIATION#0,"""code [NEGOTIATION]"""
INTERRUPT_SUCCESS_CODE_REGIST#0,"""code [REGIST]"""
INTERRUPT_SUCCESS_CODE_SACRIFICE#0,"""code [SACRIFICE]"""
INTERRUPT_SUCCESS_CODE_SNIPE#0,"""code [SNIPE]"""
QUEST_CLEAR_CODE#0,"""QUEST CLEAR"""
INTERRUPT_TITLE_EMERGENCY#0,"""EMERGENCY CODE"""
INTERRUPT_TITLE_CHANGE#0,"""CHANGE OVER CODE"""
INTERRUPT_TITLE_COMPLETE#0,"""COMPLETED"""
INTERRUPT_TITLE_EXCEPTION#0,"""EXCEPTION CODE"""
DifficultyQuestClear#0,"""ความลึก $(0) """
DifficultyQuestClear_2#0,"""เคลียร์"""
QuestEndForm_Title#0,"""ยืนยันการเคลียร์ Quest"""
QuestEndForm_Exp#0,"""เคลียร์ Quest และ<br>กลับไปยัง ARKS Lobby หรือไม่?"""
QuestEndForm_Button_Next#0,"""ดำเนินการ Quest ถัดไป"""
QuestEndForm_Button_Back#0,"""กลับไปยัง Lobby"""
QuestEndForm_Button_Retry#0,"""เล่น Quest อีกครั้ง"""
QuestEndForm_Button_Cancel#0,"""กลับ"""
QuestEndForm_Button_ExitParty#0,"""กลับไปยัง Lobby และออกจาก Party"""
QuestEndForm_Button_Retry_InBlock#0,"""ลองใหม่ใน Block ปัจจุบัน"""
QuestEndForm_Button_Retry_GroupBlock#0,"""ลองใหม่ในหลาย Block"""
Chat_Kakin_LobyAction#0,"""ต้องใช้ตั๋วที่ตรงกันเพื่อใช้งาน Lobby Action นี้"""
Chat_Lobby_Only_Action#0,"""ไม่สามารถใช้งานได้ใน Campship หรือพื้นที่"""
Chat_Use_Public_Chair_Info#0,"""กระโดดด้วย <%Jump>, ยืนด้วย <%PhotonArts>"""
Chat_Monomane_Error#0,"""ไม่สามารถเลียนแบบได้เนื่องจากยังไม่ได้เรียนรู้ [$(0)]"""
Chat_Premiere_Limit#0,"""คำสั่ง Chat นี้สามารถใช้งานได้ในช่วงเวลาที่เปิดใช้ 【 Premium Set 】 เท่านั้น"""
Chat_Unavailable_Finger_LobbyAction#0,"""Costume part นี้ไม่รองรับการแสดงท่าทางมือสำหรับ Lobby Actions"""
Chat_Unavailable_Combine_Finger#0,"""Lobby Action นี้ไม่รองรับการแสดงท่าทางมือ"""
Chat_Unavailable_AllShipMatching#0,"""ไม่สามารถเลือกได้ระหว่าง All-Ship Matching"""
Chat_Photoroom_Limit#0,"""คำสั่ง Chat นี้สามารถใช้งานได้เฉพาะใน Photography Room"""
FormView_Incident_Title#0,"""เป้าหมาย E-Trial"""
FormView_Quest_Title#0,"""เป้าหมาย Quest"""
MailList_Ship_Title#0,"""Mail"""
MailList_Account_Title#0,"""-"""
MailList_MessageForm_Title#0,"""Mail"""
Mail_Normal_Title#0,"""Mail"""
Mail_Read_Title#0,"""รายละเอียด Mail"""
Mail_Send_Title#0,"""รายละเอียดการเขียน"""
Mail_Edit_Time#0,"""ส่ง: """
Mail_Edit_Time2#0,"""รับ: """
Mail_Edit_To#0,"""ถึง: """
Mail_Edit_From#0,"""จาก: """
Mail_Edit_Subject#0,"""หัวข้อ: """
Mail_Edit_Body#0,"""เนื้อหา: """
Mail_Help_ToList#0,"""เลือกผู้รับ"""
Mail_Init_Mes_ToList#0,"""<gray>เลือกผู้รับ<c>"""
Mail_Init_Mes_EditList_PC#0,"""<gray>กรุณากรอกข้อความ<br>※คุณสามารถขึ้นบรรทัดใหม่ได้โดยใช้ [Alt]+[Enter]<c>"""
Mail_Init_Mes_EditList_vita#0,"""<gray>กรอกข้อความ<c>"""
Mail_Button_ToList#0,"""…"""
Mail_Button_Reply#0,"""ตอบกลับ"""
Mail_Button_Send#0,"""ส่ง"""
Mail_Button_Item#0,"""-"""
Mail_Button_Close#0,"""ปิด"""
Mail_Result_ReplyText#0,"""อ้างอิงข้อความของ $(0):<br><br>"""
Mail_Result_Reply#0,"""> """
Mail_Result_ReplyTitle#0,"""Re"""
Mail_Result_ReplySplit#0,""":"""
MailAddress_MessageForm_Title#0,"""สมาชิก"""
MailAddress_Create_Title#0,"""เปลี่ยนผู้รับ"""
MailAddress_Button_Reload#0,"""รีเฟรช"""
MailAddress_Radio_None#0,"""ไม่มี"""
MailAddress_Radio_ListFriend#0,"""รายชื่อเพื่อน"""
MailAddress_Radio_ListMember#0,"""Team List"""
MailList_Tab_All#0,"""1. แสดงทั้งหมด"""
MailList_Tab_System#0,"""2. ระบบ"""
MailList_Tab_Chara#0,"""3. Character"""
MailList_Tab_ShipFriend#0,"""4. Friend/Team"""
MailList_Tab_DailyOrder#0,"""-"""
MailList_Tab_ClientOrder#0,"""-"""
MailList_Tab_Scenario#0,"""-"""
MailList_Tab_Reward#0,"""-"""
MailList_Tab_Transmission#0,"""5. ส่งแล้ว"""
MailList_Button_Reload#0,"""รีเฟรช"""
VITA_Mail_Button_Reply#0,"""ตอบกลับพร้อมอ้างอิง"""
VITA_MailList_CreateMail#0,"""<pict Sign_TRIANGLE>เขียน Mail ใหม่"""
MailList_Button_CreateNormalMail#0,"""เขียน"""
MailList_Button_Delete#0,"""ลบที่เลือก"""
MailList_Button_Next#0,"""อ่านถัดไป"""
MailList_Menu_Open#0,"""เปิด"""
MailList_Menu_Delete#0,"""ลบ"""
MailList_Menu_MultiDelete#0,"""ลบหลายรายการ"""
MailList_Menu_MarkRead#0,"""ทำเครื่องหมายว่าอ่านแล้ว"""
MailList_Menu_MarkUnRead#0,"""ทำเครื่องหมายว่ายังไม่ได้อ่าน"""
MailList_Sort_Receive#0,"""ส่ง/รับ"""
MailList_Sort_From#0,"""ผู้ส่ง/ผู้รับ"""
MailList_Sort_Subject#0,"""หัวข้อ"""
MailList_Sort_Read#0,"""ยังไม่ได้อ่าน/ยังไม่เห็น"""
MailList_Mail_None#0,"""ไม่มี Mail"""
Mail_Player_None#0,"""ไม่มีผู้รับ"""
MailList_List_Remove_Exp#0,"""ต้องการลบ Mail ที่เลือกหรือไม่?"""
MailList_Error_Command_LISTED#0,"""ดึงข้อมูลรายการ Mail ล้มเหลว<br><br>[No.1003]"""
MailList_Error_Command_REMOVED#0,"""ลบ Mail ล้มเหลว<br><br>[No.1004]"""
MailList_Error_Command_UPDATED#0,"""รีเฟรช Mail ล้มเหลว<br><br>[No.1047]"""
MailList_Error_Command_BODY_GOT#0,"""รับเนื้อหา Mail ล้มเหลว<br><br>[No.1005]"""
MailList_Error_Command_CHARA_SENT#0,"""ส่ง Mail ล้มเหลว<br><br>[No.1006]"""
MailList_Error_Command_SHIP_SENT#0,"""ส่ง Mail ล้มเหลว<br><br>[No.1007]"""
MailList_Error_Command_SHIP_RECEIVE#0,"""ประมวลผล Mail ล้มเหลว<br><br>[No.1008]"""
MailList_Error_Command_Default#0,"""ประมวลผล Mail ล้มเหลว<br><br>[No.1009]"""
MailList_Error_Insufficient#0,"""Mail จำเป็นต้องมีทั้งหัวข้อและเนื้อหา"""
MailList_Error_ToNone#0,"""คุณยังไม่ได้เลือกผู้รับ<br>ไม่สามารถส่ง Mail ได้"""
MailList_Error_Result_Error#0,"""ไม่สามารถประมวลผล Mail ได้<br>เนื่องจากเกิดข้อผิดพลาด<br><br>[No.1010]"""
MailList_Error_Result_Unknown#0,"""ไม่สามารถประมวลผล Mail ได้<br>เนื่องจากเกิดข้อผิดพลาด<br><br>[No.1011]"""
MailList_Error_Result_Black#0,"""ไม่สามารถส่ง Mail ได้<br><br>[No.1012]"""
MailList_Error_Chakkyo_Sareta#0,"""ส่ง Mail แล้ว"""
MailList_Error_Result_TooMany#0,"""ประมวลผล Mail ล้มเหลว เนื่องจากคุณมี Mail มากเกินไป<br><br>[No.1013]"""
MailList_Error_Result_DB#0,"""ประมวลผล Mail ล้มเหลว เนื่องจากไม่สามารถเข้าถึงฐานข้อมูลได้<br><br>[No.1014]"""
MailList_Error_Result_InvalidChara#0,"""ไม่สามารถประมวลผล Mail ได้<br>เนื่องจากเกิดข้อผิดพลาด<br><br>[No.1015]"""
MailList_Error_Result_NotFriend#0,"""ผู้รับไม่ได้เป็นทั้ง<br>Friend หรือสมาชิก Team<br><br>[No.1016]"""
MailList_Error_Result_TooLongSubject#0,"""หัวข้อของคุณยาวเกินไป<br>ส่ง Mail ล้มเหลว"""
MailList_Error_Result_TooLongBody#0,"""เนื้อหา Mail ของคุณยาวเกินไป<br>ส่ง Mail ล้มเหลว"""
MailList_Error_Result_Busy#0,"""ประมวลผล Mail ของคุณล้มเหลว<br>เนื่องจากเซิร์ฟเวอร์ไม่ว่าง<br><br>[No.1017]"""
MailList_Error_Default#0,"""ไม่สามารถประมวลผล Mail ได้<br>เนื่องจากเกิดข้อผิดพลาด<br><br>[No.1018]"""
MailList_Result_NotifyMail#0,"""คุณได้รับ Mail!"""
MailList_Result_SendOK#0,"""ส่ง Mail แล้ว"""
MailList_Result_SendNG#0,"""ไม่สามารถส่ง Mail ได้<br>เนื่องจากเกิดข้อผิดพลาด<br><br>[No.1019]"""
Account_Form_Title#0,"""รายชื่อเพื่อน"""
Ship_Form_Title#0,"""รายชื่อเพื่อน"""
FriendList_Name_ID#0,"""ชื่อ Character/ชื่อ Player ID"""
FriendList_Name_Block#0,"""Block/สถานที่"""
FriendList_Name_PlayerID#0,"""ชื่อ Player ID"""
FriendList_Name_Login#0,"""เวลาล็อกอิน"""
FriendList_Name_Ship#0,"""Ship ปัจจุบัน"""
FriendList_Name_Chara_Vita#0,"""ชื่อ Character"""
FriendList_Name_Block_Vita#0,"""Block"""
FriendList_Name_Place_Vita#0,"""สถานที่"""
FriendList_Name_Priority_Vita#0,"""ลำดับความสำคัญ"""
FriendList_Name_LoginStatus_Vita#0,"""สถานะล็อกอิน"""
Priority_Title#0,"""ตั้งค่าลำดับการแสดงผล"""
Priority1#0,"""ลำดับความสำคัญ 1"""
Priority2#0,"""ลำดับความสำคัญ 2"""
Priority3#0,"""ลำดับความสำคัญ 3"""
Priority4#0,"""ลำดับความสำคัญ 4"""
Priority5#0,"""ลำดับความสำคัญ 5"""
FriendList_NotifyInviteSend#0,"""ส่ง Friend Request แล้ว"""
FriendList_NotifyInvite#0,"""คุณได้รับ Friend Request จาก $(0)"""
FriendList_NotifyInviteReplyOK#0,"""$(0) ยอมรับ Friend Request ของคุณแล้ว"""
FriendList_NotifyInviteReplyNG#0,"""$(0) ปฏิเสธ Friend Request ของคุณ"""
FriendList_FrindOK#0,"""คุณเป็นเพื่อนกับ $(0) แล้ว"""
FriendList_FrindNG#0,"""คุณเลือกที่จะไม่เป็นเพื่อนกับ $(0)"""
FriendList_LogincallON#0,"""เปิดใช้งาน Login Call"""
FriendList_LogincallOFF#0,"""ปิดใช้งาน Login Call"""
FriendList_FrindRemove#0,"""ลบรายชื่อเพื่อนแล้ว"""
FriendList_Button_Reload#0,"""รีเฟรช"""
FriendList_Button_Search#0,"""ค้นหา"""
FriendList_Sort_Name#0,"""เรียงตามชื่อ"""
FriendList_Sort_Registration#0,"""เรียงตามการลงทะเบียน"""
FriendList_Sort_Group#0,"""เรียงตามกลุ่ม"""
FriendList_Tree_RecvInvite#0,"""คุณมีคำเชิญที่ยังไม่ได้ตอบรับ ($(0))"""
FriendList_Tree_SendInvite#0,"""คำขอของคุณบางส่วนยังไม่ได้รับการตอบรับ ($(0))"""
FriendList_Tree_Online#0,"""ออนไลน์ ($(0))"""
FriendList_Tree_Offline#0,"""ออฟไลน์ ($(0))"""
FriendList_Tree_BlackList#0,"""Blocklist ($(0))"""
FriendList_BlackList#0,"""Blocklist"""
Account_Menu_Mail#0,"""ส่ง Mail"""
Account_Menu_FriendRemove#0,"""ลบเพื่อน"""
Friend_Invite_Search_Title#0,"""-"""
Friend_Invite_Search_Exp#0,"""-"""
Ship_Menu_Whisper#0,"""-"""
Ship_Menu_Channel#0,"""-"""
Ship_Menu_Party#0,"""-"""
Ship_Menu_GJ#0,"""-"""
Ship_Menu_ItemMail#0,"""-"""
Ship_Menu_Mail#0,"""ส่ง Mail"""
Ship_Menu_FriendCard#0,"""-"""
Ship_Menu_CharaData#0,"""-"""
Ship_Menu_LoginCallON#0,"""เปิด Login Call"""
Ship_Menu_LoginCallOFF#0,"""ปิด Login Call"""
Ship_Menu_ShipRemove#0,"""ยกเลิกการลงทะเบียนเพื่อน"""
Ship_Menu_Myroom#0,"""ไปที่ห้องของคุณ"""
Frined_Invite_Menu_Remove#0,"""ยกเลิก Friend Request"""
Frined_Invite_Menu_Accept#0,"""ยอมรับเพื่อน"""
Frined_Invite_Menu_Reject#0,"""ปฏิเสธเพื่อน"""
Frined_Invite_Reject_Exp#0,"""ปฏิเสธ Friend Request จาก $(0)<br>ดำเนินการต่อหรือไม่?<br><br>(คุณจะยังสามารถรับ Friend Requests ใหม่จากผู้เล่นนี้ได้)"""
Frined_List_Remove_Exp#0,"""กำลังลบรายชื่อเพื่อน<br>ดำเนินการต่อหรือไม่?"""
Frined_Invite_Remove_Exp#0,"""ต้องการยกเลิก Friend Request ที่ส่งให้ $(0) หรือไม่?"""
Friend_Menu_None#0,"""-"""
BlackList_Menu_Remove#0,"""ปลดบล็อกผู้เล่น"""
Chara_Form_Title#0,"""Friend"""
Friend_Where_Lobby#0,"""ARKS Lobby"""
Friend_Where_Quest#0,"""Quest"""
Friend_Where_MyRoom#0,"""My Room"""
Friend_Where_GuildRoom#0,"""Team Room"""
Friend_Where_Amusement#0,"""Casino Area"""
Friend_Where_ChallengeLobby#0,"""Challenge Lobby"""
Friend_Where_BridgeLobby#0,"""Bridge"""
Friend_Where_CafeLobby#0,"""Franca's Cafe"""
Friend_Where_PokaLobby#0,"""Battle Lobby"""
Friend_Where_Default#0,"""กำลังโหลด"""
Friend_Message_None#0,"""รายชื่อเพื่อน"""
Friend_Message_Error#0,"""รายชื่อเพื่อน"""
Friend_Message_FriendOK#0,"""ลงทะเบียน รายชื่อเพื่อนสำเร็จ"""
Friend_Message_FriendNG#0,"""ปฏิเสธการลงทะเบียน รายชื่อเพื่อน"""
Friend_Message_Invite#0,"""ได้รับ Friend Request"""
Friend_Message_InviteOK#0,"""ยอมรับ Friend Request"""
Friend_Message_InviteNG#0,"""ปฏิเสธ Friend Request"""
Friend_Message_InviteCancell#0,"""ยกเลิก Friend Request"""
Friend_Message_Logincall#0,"""ตั้งค่า Login call"""
Friend_Message_FriendGroup#0,"""ตั้งค่า Friend Group"""
Friend_Message_BlackError#0,"""Blocklist"""
Friend_Message_BlackAdd#0,"""บล็อกผู้เล่น"""
Friend_Message_BlackRemove#0,"""ปลดบล็อกผู้เล่น"""
BlackList_Error_None#0,"""ไม่มีผู้เล่นดังกล่าว<br><br>[No.1020]"""
BlackList_Error_Unknown#0,"""ไม่สามารถประมวลผลได้<br>เนื่องจากเกิดข้อผิดพลาด<br><br>[No.1021]"""
BlackList_Error_DB#0,"""ไม่สามารถประมวลผลได้<br>เนื่องจากไม่สามารถเข้าถึงฐานข้อมูลได้<br><br>[No.1022]"""
BlackList_Error_Already#0,"""คุณได้บล็อกผู้เล่นนี้ไปแล้ว"""
BlackList_Error_GM#0,"""คุณไม่สามารถบล็อกผู้เล่นนี้ได้"""
BlackList_Error_Busy#0,"""ไม่สามารถประมวลผลได้<br>เนื่องจากปัญหาการสื่อสาร<br><br>[No.1023]"""
BlackList_Error_Default#0,"""ไม่สามารถประมวลผลได้<br>เนื่องจากเกิดข้อผิดพลาด<br><br>[No.1024]"""
BlackList_Result_Add#0,"""คุณบล็อก $(0) แล้ว"""
BlackList_Result_Remove#0,"""คุณปลดบล็อก $(0) แล้ว"""
BlackList_Add_Title#0,"""บล็อกผู้เล่น"""
BlackList_Add_Exp#0,"""เมื่อทำการบล็อกใครสักคน<br>คุณจะไม่ได้รับการสื่อสารบางอย่างอีก<br>(เช่น คำขอเข้า Party, Mails, Chat และอื่นๆ)<br><br>※คุณสามารถปลดบล็อกได้ตลอดเวลา<br><br>คุณแน่ใจหรือไม่ว่าต้องการบล็อกผู้เล่นนี้?"""
BlackList_Result_Unknown#0,"""ไม่สามารถประมวลผลได้<br>เนื่องจากเกิดข้อผิดพลาด<br><br>[No.1025]"""
BlackList_Error_TooMany#0,"""Blocklist ของคุณเต็มแล้ว คุณไม่สามารถบล็อกผู้เล่นได้อีก"""
FriendList_Error_MailErr#0,"""ไม่สามารถประมวลผลได้<br>เนื่องจากเกิดข้อผิดพลาด<br><br>[No.1026]"""
FriendList_Error_Unknown#0,"""ไม่สามารถประมวลผลได้<br>เนื่องจากเกิดข้อผิดพลาด<br><br>[No.1027]"""
FriendList_Error_NotOnline#0,"""ผู้เล่นเป้าหมายไม่ได้ออนไลน์อยู่<br><br>[No.1028]"""
FriendList_Error_Black#0,"""ไม่สามารถเป็นเพื่อนกับผู้เล่นนี้ได้"""
FriendList_Error_Black01#0,"""ไม่สามารถเป็นเพื่อนกับผู้เล่นนี้ได้ในขณะนี้"""
FriendList_Error_Black_send#0,"""ผู้เล่นนี้ไม่สามารถตอบรับ Friend Request ของคุณได้ในขณะนี้<br><br>[No.1030]"""
FriendList_Error_Black_reply#0,"""ไม่สามารถประมวลผลได้<br>เนื่องจากเกิดข้อผิดพลาด<br><br>[No.1031]"""
FriendList_Error_TooMany#0,"""ฝ่ายใดฝ่ายหนึ่งมีจำนวนเพื่อนถึงขีดจำกัดแล้ว (200)"""
FriendList_Error_DB#0,"""ไม่สามารถประมวลผลได้<br>เนื่องจากไม่สามารถเข้าถึงฐานข้อมูลได้<br><br>[No.1032]"""
FriendList_Error_InvalidCharacter#0,"""คุณลงทะเบียนเพื่อนคนนี้อีกครั้ง"""
FriendList_Error_InvalidAccount#0,"""คุณไม่สามารถลงทะเบียนตัวเองเป็นเพื่อนได้"""
FriendList_Error_NotFriend#0,"""ผู้เล่นนี้ไม่ได้เป็นทั้งเพื่อน<br>หรือสมาชิก Team"""
FriendList_Error_AlreadyFriend#0,"""ผู้เล่นนี้เป็นเพื่อนของคุณอยู่แล้ว"""
FriendList_Error_AlreadyInviting#0,"""คุณได้เชิญผู้เล่นนี้ไปแล้ว"""
FriendList_Error_NotFound#0,"""ไม่มีผู้เล่นนี้อยู่"""
FriendList_Error_InviteDirect#0,"""คุณลงทะเบียนเพื่อนคนนี้อีกครั้ง"""
FriendList_Error_InviteTooMany#0,"""คุณส่งคำเชิญเพื่อนครบจำนวนสูงสุดแล้ว"""
FriendList_Error_AlreadyInvite#0,"""ผู้เล่นนี้ได้ส่ง Friend Request ให้คุณแล้ว"""
FriendList_Error_Busy#0,"""ไม่สามารถประมวลผลได้<br>เนื่องจากปัญหาการสื่อสาร<br><br>[No.1033]"""
FriendList_Error_MyBlack#0,"""คุณไม่สามารถเป็นเพื่อนกับคนที่คุณบล็อกไว้ได้"""
FriendList_Error_Default#0,"""ไม่สามารถประมวลผลได้<br>เนื่องจากเกิดข้อผิดพลาด<br><br>[No.1027]"""
FriendList_Error_NotInviting#0,"""ไม่สามารถประมวลผลคำขอลงทะเบียนได้<br>เนื่องจากถูกยกเลิกไปแล้ว"""
FriendList_ConfirmTitle#0,"""Friend Request"""
FriendList_Confirm#0,"""คุณกำลังจะส่ง Friend Request ให้กับ<br>$(0)<br><br>คุณสามารถแนบข้อความไปกับคำขอได้<br>คุณต้องการส่ง<br>Friend Request พร้อมข้อความต่อไปนี้หรือไม่?"""
FriendList_DefaultMessage#0,"""มาเป็นเพื่อนกันเถอะ!"""
FriendList_YesNo_Title#0,"""ดู Friend Request"""
FriendList_YesNo_Message#0,"""$(0)<br>ได้ส่ง Friend Request ให้กับคุณ<br><br>เมื่อเป็นเพื่อนกันแล้ว พวกเขาจะสามารถ<br>เห็นสถานะออนไลน์ของคุณ และได้รับ<br>Login calls เมื่อคุณเข้าสู่ระบบ และในทางกลับกันเช่นกัน<br><br>คุณแน่ใจหรือไม่ว่าต้องการยอมรับ Friend Request นี้?"""
FriendList_YesNo_Res#0,"""ข้อความที่แนบมา"""
FriendList_YesButton#0,"""ยอมรับ"""
FriendList_NoButton#0,"""ปฏิเสธ"""
FriendList_Exp_Title#0,"""การอนุมัติ Friend Request"""
FriendList_Exp#0,"""$(0) ได้ส่ง<br>Friend Request ให้กับคุณ<br><br>ต้องการยอมรับหรือไม่?"""
SendTitle#0,"""ส่ง Friend Request"""
SendMsg#0,"""คุณกำลังจะส่ง Friend Request ให้กับ<br>$(0)<br><br>คุณสามารถแนบข้อความไปกับคำขอได้<br>คุณต้องการส่ง<br>Friend Request พร้อมข้อความต่อไปนี้หรือไม่?"""
Friend_Where_ChallengeShip#0,"""Challenge Shop"""
FriendGroupTypeA#0,"""<pict FriendGroupA>"""
FriendGroupTypeB#0,"""<pict FriendGroupB>"""
FriendGroupTypeC#0,"""<pict FriendGroupC>"""
FriendGroupTypeD#0,"""<pict FriendGroupD>"""
FriendGroupTypeE#0,"""<pict FriendGroupE>"""
FriendGroupSetToastMessage#0,"""ตั้งค่า $(0) ให้อยู่ในกลุ่ม $(1) แล้ว"""
FriendGroupClearToastMessage#0,"""นำ $(0) ออกจากกลุ่มแล้ว"""
FriendGroupSubPopupValue1#0,"""กำหนดให้"""
FriendGroupSubPopupValue2#0,"""ย้ายไปบนสุดของ"""
FriendList_Sub_PopUp_Group#0,"""กลุ่ม $(1) $(0)"""
FriendList_Sub_PopUp_Group_Non#0,"""นำออกจากกลุ่ม"""
Friend_From_Comment#0,"""ข้อมูลเพื่อน"""
Friend_Comment#0,"""Friend Message"""
Friend_Quest#0,"""Quest ที่รับแล้ว"""
Friend_NoLogin#0,"""<c a0a0a0>ไม่ได้ล็อกอินเป็นเวลานาน<c>"""
MoveBlock_ErrorTitle#0,"""ไม่สามารถเปลี่ยน Block ได้"""
MoveBlock_ErrorMessage#0,"""คุณอยู่ในพื้นที่พิเศษ<br>ไม่สามารถย้ายไปยัง Block นี้ได้"""
BlockType_Different_01#0,"""ผู้เล่นอยู่ใน PSO2 Block"""
BlockType_Different_02#0,"""ผู้เล่นอยู่ใน PSO2: NGS Block"""
BlockType_Different_03#0,"""ผู้เล่นอยู่ใน All-Ship Matching"""
QuestRewardRankNone#0,"""-"""
QuestRewardRankF#0,"""-"""
QuestRewardRankE#0,"""-"""
QuestRewardRankD#0,"""-"""
QuestRewardRankC#0,"""-"""
QuestRewardRankB#0,"""-"""
QuestRewardRankA#0,"""-"""
QuestRewardRankS#0,"""-"""
QuestRewardRankS2#0,"""-"""
QuestRewardRankS3#0,"""-"""
Area#0,""" Area """
Hyphen#1,"""‐"""
Nextarea_Planet#0,"""$(2) $(0): Area $(1)"""
Nextarea#0,"""$(0): Area $(1)"""
Campship#0,"""Campship"""
PlaceLobby#0,"""Main Lobby"""
PlaceEsthe#0,"""Beauty Salon"""
PlaceEvent#0,"""กำลังอยู่ในกิจกรรม"""
PlaceBonusmap#0,"""????"""
PlaceSpEsthe#0,"""Support Partner Salon"""
PlaceSpCharaCreate#0,"""สร้าง Support Partner"""
PlaceAmLobby#0,"""Casino Area"""
PlaceChallengeLobby#0,"""Challenge Lobby"""
PlaceBridgeLobby#0,"""Bridge"""
PlaceCafeLobby#0,"""Franca's Cafe"""
PlacePokaLobby#0,"""Battle Lobby"""
PlaceQuest#0,"""Quests"""
PlaceMyRoom#0,"""Your Room"""
PlaceGuildRoom#0,"""Team Room"""
PlaceDefault#0,"""ไม่ทราบ"""
Area00#0,"""ไม่มี """
Area01#0,"""-"""
Area02#0,"""Urban Sector"""
Area03#0,"""Forest"""
Area04#0,"""Volcanic Caverns"""
Area05#0,"""-"""
Area06#0,"""Tundra"""
Area07#0,"""Ruins"""
Area08#0,"""Desert"""
Area09#0,"""Tunnels"""
Area10#0,"""Skyscape"""
Area11#0,"""Darker Den"""
Area12#0,"""Deck"""
Area13#0,"""Sanctum"""
Area14#0,"""VR Space"""
Area15#0,"""VR Space"""
Area16#0,"""VR Space"""
Area17#0,"""Coast"""
Area18#0,"""Quarry"""
Area19#0,"""Seabed"""
Area20#0,"""Mining Base"""
Area21#0,"""Mothership Interior"""
Area22#0,"""Shironia"""
Area23#0,"""Floating Facility"""
Area24#0,"""Corrupted Area: Forest"""
Area25#0,"""Shironia Fortress"""
Area26#0,"""Shironia: Sealed Grounds Interior"""
Area27#0,"""Corrupted Area: Sub. Tunnels"""
Area28#0,"""VR Space"""
Area29#0,"""????"""
Area30#0,"""■■■■"""
Area31#0,"""Kuron"""
Area32#0,"""The End of the World"""
Area33#0,"""Shuttle"""
Area34#0,"""Corrupted Area: Ruins"""
Area35#0,"""Mining Base"""
Area36#0,"""Tokyo"""
Area37#0,"""Japanese Coastal Waters"""
Area38#0,"""VR Space"""
Area39#0,"""????"""
Area40#0,"""Las Vegas"""
Area41#0,"""Corrupted Area: Volcanic Caverns"""
Area42#0,"""Abandoned Facility"""
Area43#0,"""Main Lobby"""
Area44#0,"""Lunar Surface"""
Area45#0,"""Underground Central Facility"""
Area46#0,"""VR Arena"""
Area47#0,"""VR Arena"""
Area48#0,"""VR Arena"""
Area49#0,"""Yggdrasil"""
Area50#0,"""London: ESC-A Tower: Top Floor"""
Area51#0,"""Prairie"""
Area52#0,"""Devil Castle Perimeter"""
Area53#0,"""Wastelands"""
Area54#0,"""Verun Castle: Throne Room"""
Area55#0,"""VR Arena"""
Area56#0,"""Cuent Castle"""
Area57#0,"""Lake Caldera"""
Area58#0,"""Enchanted Forest"""
Area59#0,"""Canyon"""
Area60#0,"""Epic Desert"""
Area61#0,"""Epic Desert"""
Area62#0,"""Canyon"""
Area63#0,"""？？？？"""
Area64#0,"""Old Tower"""
Area65#0,"""ตำแหน่งสัญญาณของ [Persona]"""
Area66#0,"""Mothership Xiao"""
Area67#0,"""VR Arena """
Area68#0,"""Sector 1: Deployment Area"""
Area69#0,"""Sector 2: Deployment Area"""
Area70#0,"""Sector 3: Deployment Area"""
Area71#0,"""Sector 3: Deployment Area"""
Area72#0,"""Sector 3: Deployment Area"""
Area73#0,"""Urban Area: Skies"""
Area74#0,"""Training Area"""
Area75#0,"""Battleship Interior"""
Area76#0,"""Mothership Shiva"""
Area77#0,"""Verun Castle: Throne Room"""
Area78#0,"""Space"""
Area79#0,"""Enemy Battleship: Deck"""
Area80#0,"""Louisa Island"""
Area81#0,"""Mothership Shiva"""
Area82#0,"""Mothership Shiva"""
Area83#0,"""※※※"""
Planet0#0,"""None"""
Planet1#0,"""Planet Naberius"""
Planet2#0,"""Planet Lillipa"""
Planet3#0,"""Planet Amduscia"""
Planet4#0,"""ARKS Ship"""
Planet5#0,"""ARKS Ship Wreckage"""
Planet6#0,"""????"""
Planet7#0,"""Planet Wopal"""
Planet8#0,"""Mothership"""
Planet9#0,"""Corrupted Mothership"""
Planet10#0,"""Planet Harkotan"""
Planet11#0,"""Skies of Naberius"""
Planet12#0,"""Earth"""
Planet13#0,"""???? """
Planet14#0,"""Another World Omega"""
Planet15#0,"""Oracle Universe"""
Planet16#0,"""Armada Battlesphere"""
QuestRank01#0,"""Normal"""
QuestRank02#0,"""Hard"""
QuestRank03#0,"""Very Hard"""
QuestRank04#0,"""Super Hard"""
QuestRank05#0,"""Extra Hard"""
QuestRank06#0,"""Ultra Hard"""
QuestRank00_Short#0,"""E"""
QuestRank01_Short#0,"""N"""
QuestRank02_Short#0,"""H"""
QuestRank03_Short#0,"""VH"""
QuestRank04_Short#0,"""SH"""
QuestRank05_Short#0,"""XH"""
QuestRank06_Short#0,"""UH"""
QuestRank07_Short#0,"""CA"""
QuestRank08_Short#0,"""HC"""
QuestRank_None#0,"""-"""
QuestRankEx_Ultimate#0,"""ULT"""
Type00#0,"""None"""
Type01#0,"""Extreme Quest"""
Type02#0,"""Story Quest [EP1]"""
Type03#0,"""ARKS Quest"""
Type04#0,"""Limited Quest"""
Type05#0,"""●Extreme"""
Type06#0,"""-"""
Type07#0,"""Story Quest [EP2]"""
Type08#0,"""NetCafe Only"""
Type09#0,"""●Battle Arena"""
Type10#0,"""-"""
Type11#0,"""Advance Quest"""
Type12#0,"""Free Field"""
Type13#0,"""●Free"""
Type14#0,"""●ARKS"""
Type15#0,"""●Story"""
Type16#0,"""Challenge Quest"""
Type17#0,"""Emergency Quest"""
Type18#0,"""●Emergency Quest"""
Type19#0,"""Time Attack Quest"""
Type20#0,"""●Time"""
Type21#0,"""●ARKS (Debug02)"""
Type22#0,"""●ARKS (Debug03)"""
Type23#0,"""●ARKS (Debug04)"""
Type24#0,"""●ARKS (Debug05)"""
Type25#0,"""●ARKS (Debug06)"""
Type26#0,"""●ARKS (Debug07)"""
Type27#0,"""●ARKS (Debug08)"""
Type28#0,"""●ARKS (Debug09)"""
Type29#0,"""●ARKS (Debug10)"""
Type30#0,"""-"""
Type31#0,"""Story Quest [EP3]"""
Type32#0,"""Featured Quest"""
Type33#0,"""Ultimate Quest"""
Type34#0,"""●Ultimate"""
Type35#0,"""Limited ARKS GP Quests"""
Type36#0,"""Bonus Quest"""
Type37#0,"""Story Quest (EP4)"""
Type38#0,"""Common Training"""
Type39#0,"""Hunter Training"""
Type40#0,"""Ranger Training"""
Type41#0,"""Force Training"""
Type42#0,"""Fighter Training"""
Type43#0,"""Gunner Training"""
Type44#0,"""Techter Training"""
Type45#0,"""Braver Training"""
Type46#0,"""Bouncer Training"""
Type47#0,"""Waker Training"""
Type48#0,"""Trigger Quest"""
Type49#0,"""Riding Quest"""
Type50#0,"""NetCafe Exclusive AGP Quests"""
Type51#0,"""Battle Arena"""
Type04_ex#0,"""Level-Up Quest"""
Type51_ex#0,"""Battle Arena"""
Type52#0,"""●バスター(Debug）"""
Type53#0,"""Poka×12"""
Type54#0,"""Story Quest [EP5]"""
Type55#0,"""Story Quest"""
Type56#0,"""Buster Quest"""
Type57#0,"""Hero Training"""
Type58#0,"""Campaign Quest"""
Type59#0,"""Story Quest"""
Type60#0,"""Story Quest"""
Type61#0,"""Dark Blast Training"""
Type62#0,"""Endless Quest"""
Type63#0,"""Story Quest [EP6]"""
Type64#0,"""Travel Quest"""
Type65#0,"""Phantom Training"""
Type66#0,"""A.I.S. Vega Training"""
Type67#0,"""Ultimate Quest"""
Type68#0,"""พลังโจมตี Tally Practice"""
Type69#0,"""Etoile Training"""
Type70#0,"""Divide Quest"""
Type71#0,"""Screenshot Studio: Shop Area"""
Type72#0,"""Screenshot Studio: Franca's Cafe"""
Type73#0,"""Screenshot Studio: Rare Field"""
Type74#0,"""Screenshot Studio: Oracle"""
Type75#0,"""Screenshot Studio: Earth"""
Type76#0,"""Screenshot Studio: Photoner"""
Title#0,"""สถานะ"""
CharaName#0,"""ชื่อ Character"""
HP#0,"""HP"""
PP#0,"""PP"""
Strike#0,"""S-ATK"""
Firearm#0,"""R-ATK"""
Technic#0,"""T-ATK"""
Dex#0,"""DEX"""
DfpStrike#0,"""S-DEF"""
DfpFirearm#0,"""R-DEF"""
DfpTechnic#0,"""T-DEF"""
StrikeStance#0,"""S-ATK"""
FirearmStance#0,"""R-ATK"""
TechnicStance#0,"""T-ATK"""
DexStance#0,"""DEX"""
DfpStrikeStance#0,"""S-DEF"""
DfpFirearmStance#0,"""R-DEF"""
DfpTechnicStance#0,"""T-DEF"""
AttackResist#0,"""ต้านทานกายภาพ"""
Attribute#0,"""ธาตุ"""
AttributeResist#0,"""ต้านทาน"""
Skill#0,"""Skills"""
AttributeFire#0,"""ไฟ"""
AttributeIce#0,"""น้ำแข็ง"""
AttributeThunder#0,"""สายฟ้า"""
AttributeWind#0,"""ลม"""
AttributeLight#0,"""แสง"""
AttributeDark#0,"""ความมืด"""
AttributeResistFire#0,"""ต้านทานไฟ"""
AttributeResistIce#0,"""ต้านทานน้ำแข็ง"""
AttributeResistThunder#0,"""ต้านทานสายฟ้า"""
AttributeResistWind#0,"""ต้านทานลม"""
AttributeResistLight#0,"""ต้านทานแสง"""
AttributeResistDark#0,"""ต้านทานความมืด"""
AttackResistStrike#0,"""ต้านทาน Strike"""
AttackResistFirearm#0,"""ต้านทาน Range"""
AttackResistTechnic#0,"""ต้านทาน Tech"""
SkillPoint#0,"""Skill Point"""
SkillPointUp#0,"""Skill Point +$(0)SP"""
ChangeValuePlus#0,"""<c ff9c70>(+$(0))<c>"""
ChangeValueMinus#0,"""<c 32cdff>(-$(0))<c>"""
ResistValue#0,"""$(0)%"""
ResistValue_Max#0,"""<bright_orange>$(0)%<c>"""
TitledChangeValuePlus#0,"""$(1)\u3000<c ff9c70>(+$(0))<c>"""
TitledChangeValueMinus#0,"""$(1)\u3000<c 32cdff>(-$(0))<c>"""
AtpStrikeRate#0,"""S-ATK"""
AtpFirearmRate#0,"""R-ATK"""
AtpTechniqueRate#0,"""T-ATK"""
AddonAttackStrike#0,"""S-ATK"""
AddonAttackFirearm#0,"""R-ATK"""
AddonAttackTechnic#0,"""T-ATK"""
AddonAttackDexterity#0,"""DEX"""
AddonResistStrike#0,"""ต้านทาน Strike"""
AddonResistFirearm#0,"""ต้านทาน Range"""
AddonResistTechnic#0,"""ต้านทาน Tech"""
DamageStrikeRate#0,"""พลังโจมตี ที่ได้รับ"""
NormalColorTitledCangeValuePlus#0,"""$(1)+$(0)"""
NormalColorTitledCangeValueMinus#0,"""$(1)-$(0)"""
ExcludeSpecialClass#0,"""<yellow>คลาส Successor ไม่สามารถใช้ได้<c>"""
ExcludeSpecialClassFormatNL#0,"""$(1)<br>$(0)"""
ExcludeSpecialClassFormatNoNL#0,"""$(1)$(0)"""
PPConversionRate#0,"""อัตราการเปลี่ยน PP"""
AtpRateMax#0,"""ขีดจำกัดพลังโจมตี"""
CriticalConversionRateMax#0,"""อัตราการเปลี่ยน Critical"""
CriticalAtpRateMax#0,"""ขีดจำกัด Critical ATP"""
AttackPower#0,"""พลังโจมตี"""
DefencePower#0,"""พลังป้องกัน"""
Label_WeaponRise#0,"""อัปเกรด (%)"""
Labal_Resist_Condition#0,"""ต้านทานสถานะ (%)"""
Labal_Others_Condition#0,"""ต้านทานสภาพแวดล้อม (%)"""
ValueZeroPercent#0,"""+0%"""
Param_ComparePlus_Percent#0,"""<light_orange2>＋$(0)%<c>"""
Param_CompareMinus_Percent#0,"""<vivid_cyan2>－$(0)%<c>"""
FightingPower#0,"""Power Level"""
lvuptext1#0,"""$(1) มีเลเวลถึง Lv.$(0)"""
lvuptext2#0,"""$(0) +$(1)<br>$(0) เป็น $(2) แล้ว"""
PartyInfoText01#0,"""$(0) เข้าร่วม Party แล้ว"""
PartyInfoText02#0,"""$(0) ออกจาก Party แล้ว"""
PartyInfoText03#0,"""คุณได้รับคำขอเข้า Party<br>จาก $(0)"""
PartyInfoText04#0,"""คุณเข้าร่วม Party แล้ว"""
PartyInfoText05#0,"""คุณออกจาก Party แล้ว"""
PartyInfoText06#0,"""Party ถูกยุบแล้ว"""
PartyInfoText07#0,"""$(0) มีเลเวลถึง Lv.$(1)"""
PartyInfoText08#0,"""$(0) ได้รับ <yellow>$(1) ★$(2)<c>"""
PartyInfoText09#0,"""$(0) ได้รับ Title 【 $(1) 】"""
PartyInfoText10#0,"""$(0) ได้เป็นหัวหน้า Party คนใหม่"""
PartyInfoText11#0,"""คำขอเข้า Party ถึง $(0) ถูกยกเลิกแล้ว"""
PartyInfoText12#0,"""คุณได้ปฏิเสธคำขอเข้า Party จาก $(0)"""
PartyInfoText13#0,"""คุณไม่สามารถเชิญผู้เล่นเข้า Party ได้หลังจากรับ Quest แล้ว"""
PartyInfoText14#0,"""คุณไม่สามารถเชิญผู้เล่นที่กำลังทำ Quest อยู่ได้"""
PartyInfoText15#0,"""$(0) ได้รับไอเทมดรอปจาก PSE"""
PartyInfoText16#0,"""$(0) ได้รับไอเทมดรอปจากการพัฒนาของ PSE"""
PartyInfoText17#0,"""เกิด PSE $(0) Lv.$(1)!"""
PartyInfoText18#0,"""เกิด PSE $(0) Lv.$(1)!"""
PartyInfoText19#0,"""คุณออกนอกระยะของเอฟเฟกต์ PSE $(0) แล้ว"""
PartyInfoText20#0,"""เกิด PSE $(0) Lv.$(1)!"""
PartyInfoText21#0,"""PSE $(0) หมดเวลาแล้ว"""
PartyInfoText22#0,"""$(0) เข้าสู่ช่วง PSE Burst!"""
PartyInfoText23#0,"""PSE Burst ขยายเวลาเพิ่มขึ้น $(0) วินาที"""
PartyInfoText24#0,"""PSE Burst สิ้นสุดลงแล้ว"""
PartyInfoText25#0,"""คุณออกนอกระยะของเอฟเฟกต์ PSE Burst แล้ว"""
PartyInfoText26#0,"""PSE $(0) เข้าสู่ช่วง PSE Burst แล้ว<br>และ PSE Burst ได้กลายเป็น Cross Burst!"""
PartyInfoText27#0,"""เกิด PSE $(0)!"""
PartyInfoText28#0,"""คุณได้รับการคำเชิญจาก Team 【 $(0) 】"""
PartyInfoText29#0,"""คำขอคำเชิญจาก $(0) หมดอายุแล้วเนื่องจากคุณไม่ได้ตอบรับ"""
PartyInfoText30#0,"""ไม่สามารถรับคำขอคำเชิญจาก $(0) ได้<br>เนื่องจากคุณได้รับการคำเชิญไปแล้ว"""
PartyInfoText31#0,"""คำขอคำเชิญจาก $(0) หมดอายุแล้วเนื่องจากมีการเปลี่ยนสถานที่"""
PartyInfoText32#0,"""คำขอคำเชิญจาก $(0) หมดอายุแล้วเนื่องจากคุณออกจากระบบ"""
PartyInfoText33#0,"""$(0) ไม่รับคำเชิญเข้า Party"""
PartyInfoText34#0,"""$(0) ได้เรียนรู้ $(2) Lv.$(1) แล้ว"""
PartyInfoText35#0,"""$(0) ถูกนำออกจาก Party แล้ว"""
PartyInfoText36#0,"""คุณถูกนำออกจาก Party แล้ว"""
PartyInfoText37#0,"""Quest ถูกยกเลิกแล้ว"""
PartyInfoText38#0,"""ไม่สามารถเชิญผู้เล่นนั้นเข้า Party ได้ในขณะนี้"""
PartyInfoText39#0,"""Party สามารถมีสมาชิกได้สูงสุด 4 คนเท่านั้น"""
PartyInfoText40#0,"""เข้าร่วม Party ล้มเหลว"""
PartyInfoGameInviteError#0,"""ไม่สามารถเชิญเข้าเกมได้ในขณะที่รับ Quest, ไม่ได้อยู่ใน Gate Area หรือ Party มีจำนวนคนถึงขีดจำกัดแล้ว"""
PartyInfoText41#0,"""ส่งคำเชิญเข้า Party ล้มเหลว"""
PartyInfoText42#0,"""กำลังลอง Quest ใหม่อีกครั้ง"""
PartyInfoText43#0,"""รับ Quest<br>[$(0)] แล้ว<br>กรุณาออกเดินทางจาก Space Gate<br>ที่อยู่ข้าง Quest Counter"""
PartyInfoText44#0,"""รับ Quest<br>[$(0)] แล้ว"""
PartyInfoText45#0,"""ไม่สามารถนำเป้าหมายออกได้ เนื่องจากไม่ได้เป็นสมาชิก Party"""
PartyInfoText46#0,"""ได้รับโบนัสขีดจำกัดเลเวล"""
PartyInfoText47#0,"""$(0) ได้รับโบนัสขีดจำกัดเลเวล"""
PartyInfoText48#0,"""ไม่สามารถยกเลิก Quest ได้เมื่อไม่ใช่หัวหน้า Party"""
PartyInfoText49#0,"""$(0) ได้รับ <c 00ffff>SPECIAL WEAPON?<c>"""
PartyInfoText50#0,"""Sub Class ของ $(0) มีเลเวลถึง Lv.$(1)"""
PartyInfoText51#0,"""ไม่สามารถใช้งานได้จนกว่าสมาชิก Party ทุกคนจะกลับมาที่ Campship"""
PartyInfoText52#0,"""เวลาไอเทม 【 Boost 】 ของคุณจะถูกใช้เนื่องจาก Quest ได้เริ่มขึ้นแล้ว"""
PartyInfoText53#0,"""Quest นี้สามารถเคลียร์ได้อีก $(0) ครั้ง"""
PartyInfoText54#0,"""$(0) ได้รับ <c 00ffff>SPECIAL EGG?<c>"""
PartyInfoText_55_QuestTrigger#0,"""Quest ถูกยกเลิกเนื่องจากเจ้าของ Trigger ได้ยกเลิก Quest"""
PartyInfoText56#0,"""Quest นี้สามารถเคลียร์ได้อีก $(0) ครั้ง"""
PartyInfoText_Invite#0,"""ส่งคำเชิญเข้า Party ให้กับ $(0) แล้ว"""
PartyInfoText_InviteTitle#0,"""คำเชิญเข้า Party"""
PartyInfoText_InviteConfirm#0,"""นี่จะเป็นการเชิญ $(0)<br>เข้าร่วม Party ของคุณ<br>แน่ใจหรือไม่?"""
PartyInfoText_InviteError#0,"""ไม่สามารถส่งคำเชิญเข้า Party ได้<br>เนื่องจากไม่พบผู้เล่นดังกล่าว"""
PartyInfoText_InviteErrorTitle#0,"""ไม่อนุญาตให้เชิญเข้า Party"""
PartyInfoText_ExpLimit#0,"""เนื่องจากมีระดับเลเวลที่แตกต่างกันมากระหว่างคุณและศัตรู คุณจะได้รับ EXP น้อยกว่าปกติ"""
PartyInfoText_NotInputPassword#0,"""เนื่องจากเลือกตัวเลือก 【 Only Restrict Party Requests 】 ไว้ <yellow>ผู้เล่นคนอื่นจะยังสามารถเข้าร่วม<c> Quest ของคุณได้<br><br>หากคุณต้องการให้เป็นห้องส่วนตัว ขอแนะนำให้คุณตั้งรหัสผ่าน และบอกรหัสผ่านแก่ Party อื่นที่คุณต้องการให้เข้าร่วม พร้อมกับเปิดใช้งานการตั้งค่า 【 Also Restrict Other Parties 】<br><br>คุณตกลงกับการตั้งค่า Quest และ Party ปัจจุบันหรือไม่?"""
PartyInfoText_NotInputPasswordTitle#0,"""ยืนยันการตั้งค่า Trigger Quest"""
PartyInfoText_ProhibitQuestCancel#0,"""ไม่สามารถยกเลิก Quest ได้"""
TrigerActiveDiscardNotice#0,"""เจ้าของ Battle Trigger ได้ยกเลิก Quest และกลับไปยังพื้นที่ แล้ว"""
TrigerActiveRetiredNotice#0,"""เจ้าของ Battle Trigger ได้ถอนตัวจาก Quest และกลับไปยังพื้นที่ แล้ว"""
PartyInfoReb_001#0,"""เนื่องจากมีการเปลี่ยนแปลงสมาชิกใน Party จึงมีการเปลี่ยนตำแหน่ง Leader & Sub-leaders"""
PartyInfoReb_002#0,"""คุณไม่ได้เป็น Sub-leader อีกต่อไปเนื่องจากมีการเปลี่ยนแปลงใน Party"""
PartyInfoReb_003#0,"""นำ $(0) ออกจาก Party แล้ว"""
PartyInfoReb_004#0,"""$(0) ได้กลายเป็น Sub-leader คนใหม่"""
PartyInfoReb_005#0,"""$(0) ได้กลายเป็นหัวหน้า Party คนใหม่"""
PartyInfoReb_006#0,"""ไม่สามารถใช้งานได้ขณะทำการจับคู่"""
PartyInfoReb_007#0,"""เฉพาะ Leader & Sub-leader เท่านั้นที่สามารถใช้งานฟังก์ชันนี้ได้"""
PartyInfoReb_008#0,"""$(0) ได้เปลี่ยนการตั้งค่าของ Photography Room"""
PartyInfoReb_009#0,"""EX Style ของ $(0) มีเลเวลถึง Lv.$(1)"""
CharaMenu_Party00#0,"""Party"""
CharaMenu_Party01#0,"""เชิญเข้า Party"""
CharaMenu_Party02#0,"""เปลี่ยนหัวหน้า Party"""
CharaMenu_Party03#0,"""นำออกจาก Party"""
CharaMenu_Party04#0,"""เข้าร่วม Party<pict 4space><pict pt_applicant>"""
CharaMenu_Bl01#0,"""บล็อกผู้เล่น"""
CharaMenu_Bl02#0,"""ปลดบล็อกผู้เล่น"""
CharaMenu_Guild00#0,"""จัดการทีม"""
CharaMenu_Guild01#0,"""เชิญเข้า Team"""
CharaMenu_Guild02#0,"""มอบตำแหน่ง Team Master"""
CharaMenu_Guild03#0,"""นำออกจาก Team"""
CharaMenu_Guild04#0,"""เลื่อนเป็น Manager"""
CharaMenu_Guild05#0,"""เลื่อนเป็น Common Member"""
CharaMenu_Guild06#0,"""ลดตำแหน่งเป็น Common Member"""
CharaMenu_Guild07#0,"""ลดตำแหน่งเป็น Visitor"""
CharaMenu_Guild08#0,"""ขอสมัครเข้า Team"""
CharaMenu_Chat01#0,"""ส่ง Whisper"""
CharaMenu_Chat02#0,"""-"""
CharaMenu_Mail01#0,"""ส่ง Mail"""
CharaMenu_Item01#0,"""-"""
CharaMenu_Item02#0,"""ส่งคำขอ Trade<pict Arcscash>"""
CharaMenu_Friend01#0,"""ขอเป็นเพื่อน"""
CharaMenu_Friend02#0,"""ลบเพื่อน"""
CharaMenu_Friend03#0,"""รับ Login Calls"""
CharaMenu_Friend04#0,"""ไม่รับ Login Calls"""
CharaMenu_Friend05#0,"""ไปยัง Block"""
CharaMenu_Meet#0,"""เทเลพอร์ตมาที่นี่"""
CharaMenu_Friend06#0,"""ดู ARKS Card"""
CharaMenu_Friend07#0,"""ตั้งค่าลำดับการแสดงผล"""
CharaMenu_Friend08#0,"""ตั้งค่า Group"""
CharaMenu_MyRoom01#0,"""เชิญออกจาก Your Room"""
CharaMenu_MyRoom02#0,"""เยี่ยมชมห้อง"""
CharaMenu_Chara01#0,"""ส่ง Good Job"""
CharaMenu_Chara02#0,"""ดูข้อมูล Character"""
CharaMenu_Chara03#0,"""ดูรายละเอียด Fashion"""
CharaMenu_Chara04#0,"""ดูหนังสือแฟชั่น"""
CharaMenu_Chara05#0,"""ส่งข้อมูลไปยัง Other Fashion"""
CharaMenu_Apc01#0,"""นำออกจาก Party"""
CharaMenu_Action01#0,"""เลียนแบบ"""
CharaMenu_Action02#0,"""รีแอคชั่น"""
ClickCharaName#0,"""เลือก $(0) แล้ว"""
CharaMenu_Error01#0,"""ไม่สามารถเลือก Account ของตัวเองได้"""
CharaMenu_Message_Delete01#0,"""ลบข้อความนี้"""
CharaMenu_GuildRoom01#0,"""เยี่ยมชม Team Room"""
CharaMenu_GuildRoom02#0,"""ออกจาก Team Room"""
CharaMenu_moralskeeper_category#0,"""คำสั่งส่วนตัว"""
CharaMenu_moralskeeper_menu#0,"""รายงานผู้เล่น"""
CharaMenu_category00#0,"""Character"""
CharaMenu_category01#0,"""การสื่อสาร"""
CharaMenu_category02#0,"""Friends"""
CharaMenu_category03#0,"""อื่นๆ"""
CharaMenu_Error02#0,"""ไม่สามารถเลือก Character ได้"""
CharaMenu_TypeChange#0,"""เปลี่ยนรูปแบบการแสดงผล"""
CharaMenu_ToastType1#0,"""สลับเป็นแสดงแบบหมวดหมู่"""
CharaMenu_ToastType2#0,"""สลับเป็นแสดงแบบรายการ"""
CharaMenu_GroupChat#0,"""Group"""
CharaMenu_GroupChatChange#0,"""เปลี่ยนหัวหน้า"""
CharaMenu_GroupChatDelete#0,"""นำสมาชิกออก"""
CharaMenu_Gamertag#0,"""-"""
CharaMenu_TeamJoin#0,"""ยืนยันการเข้าร่วม Team"""
CharaMenu_Cspacelist#0,"""ค้นหา Creative Spaces"""
LeaderMenuLabel06#0,"""รวม Party"""
PartyMenuText06#0,"""$(0) ได้ส่งคำขอรวม Party มาให้<br> หากคุณเลือก <yellow>【 Yes 】<c> ภายใน $(1) วินาที คุณจะถูกเทเลพอร์ตไปยังสถานที่ของพวกเขาโดยอัตโนมัติ ต้องการเทเลพอร์ตหรือไม่?<br>จุดหมาย: $(2)"""
PartyConfigLabel25#0,"""<pict icon_voice_chat><pict 4space>แนะนำให้ใช้ Voice Chat"""
PartyConfigLabel26#0,"""เงื่อนไขของ Party"""
PartyConfigLabel27#0,"""การตั้งค่า Party ปัจจุบัน"""
PartyConfigLabel28#0,"""<pict auto_party><pict 4space>เข้าร่วม Party อัตโนมัติ"""
PartyMenuTitle#0,"""Party"""
PartyParamTitle#0,"""ข้อมูล Party"""
PartyMenuLabel01#0,"""เข้าร่วม Party"""
PartyMenuLabel02#0,"""ตั้งค่าปฏิเสธคำเชิญเข้า Party อัตโนมัติ"""
PartyMenuLabel03#0,"""ออกจาก Party"""
PartyMenuLabel04#0,"""คำสั่ง Leader"""
PartyMenuLabel05#0,"""สมาชิก Party"""
PartyMenuLabel06#0,"""คำสั่งทั่วไป"""
PartyMenuText01#0,"""คุณต้องการเข้าร่วม Party หรือไม่?"""
PartyMenuText03#0,"""คุณต้องการออกจาก Party หรือไม่?<br><br>หากคุณออกจาก Party ในขณะที่ Quest กำลังดำเนินอยู่ <yellow>คุณจะกลับไปเพียงคนเดียว<c><br><br>นอกจากนี้ คุณจะสูญเสียเอฟเฟกต์ใดๆ เช่น พลังที่เพิ่มขึ้น ที่คุณได้รับระหว่างการทำ Quest"""
PartyMenuText03ex#0,"""คุณกำลังจะออกจาก Party<br>หากคุณอยู่ใน Quest Quest นั้นจะถูกยกเลิก<br><br>เอฟเฟกต์ใดๆ ภายในเควสต์จะถูกยกเลิก<br><br><red>Meseta หรือไอเทมใดๆ ที่ใช้เพื่อเริ่ม Quest จะไม่ได้รับคืน<c><br><br>คุณต้องการออกจาก Party หรือไม่?"""
PartyMenuText03TriggerQuest#0,"""ใน Trigger Quest หากคุณออกจาก Party<br>รวมถึง Multi-party ด้วย<br><yellow>ผู้เข้าร่วม Quest ทุกคนจะถูกยกเลิก Quest<c><br>และสมาชิกที่อยู่ในพื้นที่ จะถูกส่งกลับไปยัง<br>ARKS Lobby<br>※เฉพาะกรณีที่เวลาหรือจำนวนครั้งในการรับ<br>\u3000Trigger Quest ใหม่อีกครั้งยังคงเหลืออยู่<br><br>นอกจากนี้ เอฟเฟกต์ที่ได้รับใน Quest<br>ก็จะหายไปทั้งหมดด้วย<br><br><red>Meseta และไอเทมที่ใช้ในการเริ่ม Quest<br>จะไม่ถูกส่งคืนให้<br>ซึ่งอาจเป็นสาเหตุของปัญหาได้<br>โปรดระวัง<c><br><br>คุณต้องการออกจาก Party หรือไม่?"""
PartyMenuError01#0,"""คุณสูญเสียสิทธิ์ Leader แล้ว"""
PartyMenuError02#0,"""ไม่มีสมาชิกใน Party ของคุณ"""
PartyMenuError99#0,"""เกิดข้อผิดพลาดขึ้น<br><br>[No.1035]"""
LeaderMenuTitle#0,"""คำสั่ง Leader"""
LeaderMenuLabel01#0,"""การตั้งค่า Party"""
LeaderMenuLabel02#0,"""เปลี่ยน Leader"""
LeaderMenuLabel03#0,"""นำออกจาก Party"""
LeaderMenuLabel04#0,"""ยกเลิก Quest"""
LeaderMenuLabel05#0,"""ยุบ Party"""
LeaderMenuText02#0,"""กำลังโอนสิทธิ์ Leader ให้กับ $(0)<br><br>ถูกต้องหรือไม่?"""
LeaderMenuText03#0,"""กำลังนำ $(0) ออกจาก Party<br>หากคุณรับ Quest ไว้ ผู้เล่นนี้จะถูกนำออกจาก Quest ด้วย<br><br>นอกจากนี้ พวกเขาจะสูญเสียเอฟเฟกต์ใดๆ เช่น พลังที่เพิ่มขึ้น ที่ได้รับระหว่างทำ Quest<br><br>ดำเนินการนำออกต่อหรือไม่?"""
LeaderMenuText03ex#0,"""กำลังนำ $(0)<br>ออกจาก Party<br>หากรับ Quest ไว้<br>Quest ของผู้เล่นนี้จะถูกยกเลิก<br><br><red>Meseta และไอเทมที่ใช้ในการเริ่ม Quest<br>จะไม่ถูกส่งคืนให้<br>ซึ่งอาจเป็นสาเหตุของปัญหาได้<br>โปรดระวัง<c><br><br>คุณต้องการนำออกจาก Party หรือไม่?"""
LeaderMenuText04#0,"""คุณต้องการยกเลิก Quest หรือไม่?<br><br>หากคุณยกเลิก Quest นี้ <yellow>สมาชิกทั้งหมดใน Party ปัจจุบัน<c> จะถูกส่งกลับพร้อมกันด้วย<br><br>นอกจากนี้ คุณจะสูญเสียเอฟเฟกต์ใดๆ เช่น พลังที่เพิ่มขึ้น ที่ได้รับระหว่างทำ Quest"""
LeaderMenuText04_Myself#0,"""คุณต้องการยกเลิก Quest หรือไม่?<br><br>หากคุณยกเลิก Quest นี้ <yellow>จะมีเพียงคุณ<c> เท่านั้นที่ถูกส่งกลับ<br><br>นอกจากนี้ คุณจะสูญเสียเอฟเฟกต์ใดๆ เช่น พลังที่เพิ่มขึ้น ที่ได้รับระหว่างทำ Quest"""
LeaderMenuText04ex#0,"""เมื่อยกเลิก Quest<br>มันจะถูกยกเลิกสำหรับผู้เล่นทุกคน<br>และทุกคนจะถูกส่งกลับ<br><br>เอฟเฟกต์เฉพาะ Quest ทั้งหมดก็จะถูกยกเลิกด้วยเช่นกัน<br><br><red>หากมีการใช้ Meseta ใดๆ เพื่อเริ่ม Quest จะไม่ได้รับคืน<br>โปรดระวัง<c><br><br>คุณแน่ใจหรือไม่ว่าต้องการยกเลิก Quest?"""
LeaderMenuText05#0,"""คุณต้องการยุบ Party หรือไม่?<br><br>หากคุณยุบ Party ในขณะที่ Quest กำลังดำเนินอยู่ <yellow>สมาชิกทั้งหมดใน Party ปัจจุบัน<c> จะกลับมาด้วย<br><br>นอกจากนี้ คุณจะสูญเสียเอฟเฟกต์ใดๆ เช่น พลังที่เพิ่มขึ้น ที่คุณได้รับระหว่างทำ Quest"""
LeaderMenuText05ex#0,"""เมื่อยุบ Party<br>Quest และเอฟเฟกต์ใดๆ จะถูกยกเลิก<br>และทุกคนจะถูกเทเลพอร์ตไปยัง ARKS Lobby<br><br><red>หากมีการใช้ Meseta ใดๆ เพื่อเริ่ม Quest จะไม่ได้รับคืน<br>โปรดระวัง<c><br><br>คุณแน่ใจหรือไม่ว่าต้องการยุบ Party?"""
LeaderMenuText05TriggerQuest#0,"""ใน Trigger Quest หากคุณยุบ Party<br>รวมถึง Multi-party ด้วย<br><yellow>ผู้เข้าร่วม Quest ทุกคนจะถูกยกเลิก Quest<c><br>และสมาชิกที่อยู่ในพื้นที่ จะถูกส่งกลับไปยัง<br>ARKS Lobby<br>※เฉพาะกรณีที่เวลาหรือจำนวนครั้งในการรับ<br>\u3000Trigger Quest ใหม่อีกครั้งยังคงเหลืออยู่<br><br>นอกจากนี้ เอฟเฟกต์ที่ได้รับใน Quest<br>ก็จะหายไปทั้งหมดด้วย<br><br><red>Meseta และไอเทมที่ใช้ในการเริ่ม Quest<br>จะไม่ถูกส่งคืนให้<br>ซึ่งอาจเป็นสาเหตุของปัญหาได้<br>โปรดระวัง<c><br><br>คุณต้องการยุบ Party หรือไม่?"""
LeaderMenuText06#0,"""การตั้งค่า Party มีการเปลี่ยนแปลง<br>หากคุณย้ายไปยังรายการอื่น การเปลี่ยนแปลงจะถูกละทิ้ง<br>ดำเนินการต่อหรือไม่?"""
LeaderMenuText07TriggerQuest#0,"""ใน Trigger Quest หากคุณยกเลิก Quest<br>รวมถึง Multi-party ด้วย<br><yellow>ผู้เข้าร่วม Quest ทุกคนจะถูกยกเลิก Quest<c><br>และสมาชิกที่อยู่ในพื้นที่ จะถูกส่งกลับไปยัง<br>ARKS Lobby<br>※เฉพาะกรณีที่เวลาหรือจำนวนครั้งในการรับ<br>\u3000Trigger Quest ใหม่อีกครั้งยังคงเหลืออยู่<br><br>นอกจากนี้ เอฟเฟกต์ที่ได้รับใน Quest<br>ก็จะหายไปทั้งหมดด้วย<br><br><red>Meseta และไอเทมที่ใช้ในการเริ่ม Quest<br>จะไม่ถูกส่งคืนให้<br>ซึ่งอาจเป็นสาเหตุของปัญหาได้<br>โปรดระวัง<c><br><br>คุณต้องการยกเลิก Quest หรือไม่?"""
PartyConfigTab01#0,"""การตั้งค่าพื้นฐาน"""
PartyConfigTab02#0,"""เงื่อนไขการเข้าร่วม"""
PartyConfigTab03#0,"""การตั้งค่ารหัสผ่าน"""
PartyConfigTab04#0,"""Enemy Trigger"""
PartyConfigLabel01#0,"""ชื่อ Party"""
PartyConfigLabel02#0,"""คำอธิบาย Party"""
PartyConfigLabel03#0,"""สไตล์การเล่น"""
PartyConfigLabel05#0,"""เฉพาะ Friend"""
PartyConfigLabel06#0,"""เฉพาะสมาชิก Team"""
PartyConfigLabel07#0,"""สูงสุด"""
PartyConfigLabel08#0,"""ต่ำสุด"""
PartyConfigLabel09#0,"""รหัสผ่าน"""
PartyConfigLabel10#0,"""บันทึกการเปลี่ยนแปลง"""
PartyConfigLabel11#0,"""ปฏิเสธคำเชิญเข้า Party"""
PartyConfigLabel12#0,"""หัวหน้า Party"""
PartyConfigLabel13#0,"""การตั้งค่าพื้นฐาน"""
PartyConfigLabel15#0,"""จำกัดเลเวล"""
PartyConfigLabel16#0,"""เงื่อนไขอื่นๆ"""
PartyConfigLabel17#0,"""รายชื่อสมาชิก"""
PartyConfigLabel18#0,"""เชิญเข้า Party"""
PartyConfigLabel19#0,"""เฉพาะ Party ที่มีคนเดียว"""
PartyConfigLabel20#0,"""<pict Sign_SQUARE>Party ที่มีคนเดียว"""
PartyConfigLabel21#0,"""เลือก Trigger"""
PartyConfigLabel24#0,"""ทั้งหมด"""
PartyConfigPlaystyle0#0,"""ไม่มี"""
PartyConfigPlaystyle1#0,"""เพื่อความสนุก"""
PartyConfigPlaystyle2#0,"""เน้นประสิทธิภาพ"""
PartyConfigPlaystyle3#0,"""เล่นสบายๆ"""
PartyConfigPlaystyle4#0,"""จริงจัง"""
PartyConfigComment01#0,"""กรุณาเลือก Party ที่ต้องการเข้าร่วม"""
PartyConfigComment02#0,"""กรุณาเลือกสมาชิกที่ต้องการนำออก"""
PartyConfigComment03#0,"""กรุณาเลือกผู้เล่นที่ต้องการโอนสิทธิ์ Leader ให้"""
PartyConfigComment04#0,"""กรุณาเลือกสมาชิก"""
PartyConfigComment05#0,"""ทำเครื่องหมายที่นี่เพื่อบล็อกคำขอเข้า Party อื่นๆ"""
PartyConfigPopup01#0,"""เข้าร่วม Party"""
PartyConfigPopup02#0,"""ส่ง Whisper"""
PartyConfigPopup03#0,"""ปฏิเสธ"""
PartyConfigPopup04#0,"""ดูสถานะ"""
PartyConfigPopup05#0,"""ดูอุปกรณ์"""
PartyConfigPopup06#0,"""ส่ง Friend Request"""
PartyConfigPopup07#0,"""บล็อกผู้เล่น"""
PartyConfigError01#0,"""ชื่อ Party <br>มีตัวอักษรที่ไม่สามารถใช้งานได้"""
PartyConfigError02#0,"""คำอธิบาย Party <br>มีตัวอักษรที่ไม่สามารถใช้งานได้"""
PartyConfigPass01#0,"""จำกัดเฉพาะคำขอเข้า Party"""
PartyConfigPass02#0,"""จำกัด Party อื่นๆ ด้วย"""
PartyConfigPass03#0,"""จำกัดจำนวนผู้เล่น Multiplayer"""
PartyConfigCheckTitle#0,"""ระยะที่มีผล"""
PartyConfigCheck01#0,"""Trainia"""
PartyConfigCheck02#0,"""Exploration/Combat Sections"""
PartyConfigCheckWindow#0,"""การตั้งค่าจะมีผลเมื่อ<br>คุณย้ายไปยัง Section ถัดไป"""
PartyConfigCheckLineWindow#0,"""เนื่องจากมีการตั้งรหัสผ่านไว้<br>Multi-party ใน Section นี้จึงถูกจำกัด"""
PartyCoinNone#0,"""ไม่มีไอเทมที่สามารถใช้งานได้"""
PartyCoinUnuse#0,"""ไม่ใช้อะไรเลย"""
PartyCoinBlank#0,"""-"""
PartyCoinTitle#0,"""ใช้ Enemy Trigger"""
PartyCoinError#0,"""Enemy Trigger นี้<br>ไม่สามารถใช้ใน Quest ที่เลือกได้"""
PartyCoinTitle2#0,"""สร้างห้องใหม่"""
PartyCoinMessage#0,"""จะทำการใช้ Enemy Trigger<br>Enemy Trigger ที่ถูกใช้ไปแล้ว<br>จะสูญหายและไม่ได้คืน<br>แน่ใจหรือไม่?<br><br>※หากเลือก 【 Yes 】 จะทำการสร้างห้องใหม่<br>และรับ Quest"""
MultiPartyAskTitle#0,"""ยืนยันการจับคู่"""
MultiPartyAskMessage#0,"""คุณจะถูกจับคู่กับผู้เล่นอื่นใน Block ที่มีชื่อเดียวกับ Block ปัจจุบันของคุณ<br><br>ด้วยเหตุนี้ แม้ว่าคุณจะเลือก Multi-block matching <yellow>Quest ของคุณอาจมีผู้เข้าร่วมน้อย<c><br><br>※หากคุณต้องการการจับคู่แบบไม่จำกัด กรุณาใช้ Block Teleporter เพื่อย้ายไปยัง Block ที่ไม่มีข้อความกำกับว่า 【 Multi-block matching restrictions apply. 】<br><br>ต้องการเริ่มการจับคู่ จาก Block นี้หรือไม่?"""
PartyConfigLabel22#0,"""<pict party_request><pict 4space>เปิด"""
PartyConfigLabel23#0,"""<pict Sign_SQUARE>เปิด"""
PartyConfigHint01#0,"""NPC Partners จะถูกนำออกอัตโนมัติ<br>เพื่อให้มีที่ว่างสำหรับผู้เล่นที่จะเข้าร่วม"""
PartyConfigLeaderChangeNotTitle#0,"""ไม่สามารถเปลี่ยน Leader ได้"""
PartyConfigLeaderChangeNotMessage#0,"""ไม่สามารถเปลี่ยน Leader ใน Quest นี้ได้"""
LeaderMenuText04_HighLevelQuest#0,"""<red>Quest นี้มีบทลงโทษจากการละทิ้ง!<c><br><br>การละทิ้ง Quest นี้จะทำให้ผู้เล่นอื่น<br>เดือดร้อน คุณจะไม่สามารถ<br>เริ่ม Emergency Quest นี้ได้อีก นอกจากนี้<br>คุณจะถูกบังคับให้ย้ายไปยัง Block อื่น<br><br>สมาชิก Party ของคุณจะถูกนำออก<br>และถูกส่งกลับไปยัง Lobby เช่นกัน<br><br>กำลังจะละทิ้ง Quest และ<br>รับบทลงโทษจากการละทิ้ง<br>ดำเนินการต่อหรือไม่?"""
LeaderMenuText05_HighLevelQuest#0,"""<red>Quest นี้มีบทลงโทษจากการละทิ้ง!<c><br><br>การละทิ้ง Quest นี้จะทำให้ผู้เล่นอื่น<br>เดือดร้อน คุณจะไม่สามารถ<br>เริ่ม Emergency Quest นี้ได้อีก นอกจากนี้<br>คุณจะถูกบังคับให้ย้ายไปยัง Block อื่น<br><br>การยุบ Party จะเป็นการละทิ้ง Quest<br>และส่งสมาชิกทุกคนกลับไปยัง Lobby<br><br>กำลังจะยุบ Party และ<br>รับบทลงโทษจากการละทิ้ง<br>ดำเนินการต่อหรือไม่?"""
PartyMenuText03_HighLevelQuest#0,"""<red>Quest นี้มีบทลงโทษจากการละทิ้ง!<c><br><br>การละทิ้ง Quest นี้จะทำให้ผู้เล่นอื่น<br>เดือดร้อน คุณจะไม่สามารถ<br>เริ่ม Emergency Quest นี้ได้อีก นอกจากนี้<br>คุณจะถูกบังคับให้ย้ายไปยัง Block อื่น<br><br>หากคุณออกจาก Party คุณจะละทิ้ง<br>Quest และถูกส่งกลับไปยัง Lobby<br><br>กำลังจะออกจาก Party และ<br>รับบทลงโทษจากการละทิ้ง<br>ดำเนินการต่อหรือไม่?"""
PartyConfigDescriptionText#0,"""※คุณสามารถทำการเปลี่ยนแปลงการตั้งค่า Party เช่น ชื่อ, คำอธิบาย<br>และอื่นๆ ได้จาก 【 คำสั่งทีม 】 บน Main Menu"""
PartyConfigTypeChange01#0,"""สลับเป็นรูปแบบรายละเอียด"""
PartyConfigTypeChange02#0,"""สลับเป็นรูปแบบปกติ"""
TrigerPartyActiveDiscardMenuText#0,"""คุณแน่ใจหรือไม่ว่าต้องการยกเลิก Quest นี้?<br><br>เมื่อ <yellow>เจ้าของ Battle Trigger<c> ยกเลิก Quest <yellow>สมาชิกทุกคนใน Party<c> จะถูกเทเลพอร์ตกลับไปยังพื้นที่ และ Quest จะถูกยกเลิก<br><br>นอกจากนี้ เอฟเฟกต์ทั้งหมดที่ได้รับระหว่าง Quest จะสิ้นสุดลง และเอฟเฟกต์อื่นๆ ที่ได้รับระหว่าง Quest จะถูกยกเลิกเช่นกัน"""
TrigerPartyJoinDiscardMenuText#0,"""คุณแน่ใจหรือไม่ว่าต้องการยกเลิก Quest นี้?<br><br>หากคุณยกเลิก Quest นี้ <yellow>จะมีเพียงคุณ<c> เท่านั้นที่ถูกเทเลพอร์ตกลับไปยังพื้นที่<br><br>นอกจากนี้ คุณจะสูญเสียเอฟเฟกต์ใดๆ เช่น พลังที่เพิ่มขึ้น ที่ได้รับระหว่างทำ Quest<br><br><yellow>※เมื่อคุณออกจาก Battledia คุณจะไม่สามารถกลับเข้าสู่ Quest ที่กำลังดำเนินอยู่ได้อีก<c>"""
TrigerPartyActiveMenuText01#0,"""คุณแน่ใจหรือไม่ว่าต้องการออกจาก Party?<br><br>เมื่อ <yellow>เจ้าของ Battle Trigger<c> ออกจาก Party <yellow>สมาชิกทุกคนใน Party<c> จะถูกเทเลพอร์ตกลับไปยังพื้นที่ และ Quest จะถูกยกเลิก<br><br>นอกจากนี้ คุณจะสูญเสียเอฟเฟกต์ใดๆ เช่น พลังที่เพิ่มขึ้น ที่ได้รับระหว่างทำ Quest"""
TrigerPartyActiveMenuText02#0,"""คุณแน่ใจหรือไม่ว่าต้องการยุบ Party?<br><br>เมื่อ <yellow>เจ้าของ Battle Trigger<c> ยุบ Party <yellow>สมาชิกทุกคนใน Party<c> จะถูกเทเลพอร์ตกลับไปยังพื้นที่ และ Quest จะถูกยกเลิก<br><br>นอกจากนี้ คุณจะสูญเสียเอฟเฟกต์ใดๆ เช่น พลังที่เพิ่มขึ้น ที่ได้รับระหว่างทำ Quest"""
TrigerPartyJoinMenuText01#0,"""คุณแน่ใจหรือไม่ว่าต้องการออกจาก Party?<br><br>เมื่อคุณออกจาก Party ในขณะที่ Quest กำลังดำเนินอยู่ <yellow>จะมีเพียงคุณ<c> เท่านั้นที่ถูกเทเลพอร์ตกลับไปยังพื้นที่<br><br>นอกจากนี้ คุณจะสูญเสียเอฟเฟกต์ใดๆ เช่น พลังที่เพิ่มขึ้น ที่ได้รับระหว่างทำ Quest<br><br><yellow>※เมื่อคุณออกจาก Battledia คุณจะไม่สามารถกลับเข้าสู่ Quest ที่กำลังดำเนินอยู่ได้อีก<c>"""
PartyPasswordError01#0,"""คุณสามารถใช้เฉพาะตัวอักษรภาษาอังกฤษและตัวเลขในการตั้งรหัสผ่านเท่านั้น"""
TrigerBluePartyJoinDiscardMenuText#0,"""คุณแน่ใจหรือไม่ว่าต้องการยกเลิก Quest นี้?<br><br>หากคุณยกเลิก Quest นี้ <yellow>จะมีเพียงคุณ<c> เท่านั้นที่ถูกเทเลพอร์ตกลับไปยังพื้นที่<br><br>นอกจากนี้ คุณจะสูญเสียเอฟเฟกต์ใดๆ เช่น พลังที่เพิ่มขึ้น ที่ได้รับระหว่างทำ Quest<br><br><yellow>※เมื่อคุณออกจาก Quest คุณจะไม่สามารถกลับเข้าสู่ Quest ที่กำลังดำเนินอยู่ได้อีก<c>"""
TrigerBluePartyJoinMenuText#0,"""คุณแน่ใจหรือไม่ว่าต้องการออกจาก Party?<br><br>เมื่อคุณออกจาก Party ในขณะที่ Quest กำลังดำเนินอยู่ <yellow>จะมีเพียงคุณ<c> เท่านั้นที่ถูกเทเลพอร์ตกลับไปยังพื้นที่<br><br>นอกจากนี้ คุณจะสูญเสียเอฟเฟกต์ใดๆ เช่น พลังที่เพิ่มขึ้น ที่ได้รับระหว่างทำ Quest<br><br><yellow>※เมื่อคุณออกจาก Quest คุณจะไม่สามารถกลับเข้าสู่ Quest ที่กำลังดำเนินอยู่ได้อีก<c>"""
Shootingroom_Info#0,"""Photography Room"""
Shootingroom_Command_Guide#0,"""คุณสามารถเปลี่ยนเวลาและสภาพอากาศได้จาก คำสั่งทีม<br>ในเมนูการสื่อสาร หรือโดยการใช้คำสั่ง Chat พิเศษ"""
LeaderMenuLabel07#0,"""ตั้งค่า Photography Room"""
Shootingroom_Command_Label_Preference#0,"""ตั้งค่า Field"""
Shootingroom_Command_Label_Weather#0,"""ตั้งค่าสภาพอากาศ"""
Shootingroom_Command_Label_TimePreference#0,"""ตั้งค่าเวลา"""
Shootingroom_Command_Label_TimeCount#0,"""$(0):$(1)"""
Shootingroom_Command_Label_TimeGuide#0,"""เดินหน้า 1 ชั่วโมง: กด <%Decide><swguidetype T_ItemWarehouse> ค้างไว้"""
LeaderMenuLabel08#0,"""รับสมัครสมาชิก Party"""
PartyConfigLabel28_AccessTitle#0,"""กดค้างเพื่อเปิดใช้ <pict auto_party><pict 4space>เข้าร่วม Party อัตโนมัติ"""
PartyConfigLabel28_AccessHint#0,"""การเข้าร่วม Party จะมอบ Boost ดังต่อไปนี้:<pict 4space><pict exp_icon><pict 4space><pict meseta_icon2><pict 4space><pict rare_drop_icon>"""
PartyConfigLabel28_AccessToast#0,"""<pict 4space><pict auto_party><pict 4space>เปิดใช้งานเข้าร่วม Party อัตโนมัติแล้ว Party จะถูกสร้างขึ้นทันทีที่พบผู้เล่นอื่นที่มีการตั้งค่าตรงกัน"""
ToHalphaMenuLabel#0,"""ยกเลิก Quest"""
ToHalphaMenuText01#0,"""คุณต้องการยกเลิก Quest หรือไม่?<br><br>หากคุณยกเลิก Quest นี้ <yellow>สมาชิกทั้งหมดใน Party ปัจจุบัน<c> จะถูกส่งกลับพร้อมกันด้วย<br><br>นอกจากนี้ คุณจะสูญเสียเอฟเฟกต์ใดๆ เช่น พลังที่เพิ่มขึ้น ที่ได้รับระหว่างทำ Quest"""
ToHalphaMenuText02#0,"""คุณต้องการยกเลิก Quest หรือไม่?<br><br>หากคุณยกเลิก Quest นี้ <yellow>จะมีเพียงคุณ<c> เท่านั้นที่ถูกส่งกลับ<br><br>นอกจากนี้ คุณจะสูญเสียเอฟเฟกต์ใดๆ เช่น พลังที่เพิ่มขึ้น ที่ได้รับระหว่างทำ Quest"""
NeonCityMenuLabel01#0,"""ไปยังพื้นที่รับรางวัล"""
NeonCityMenuText01#0,"""ต้องการไปยังพื้นที่รับรางวัลหรือไม่?<br><br>เมื่อไปยังพื้นที่รับรางวัล หากมี<br><yellow>【 สมาชิกที่อยู่ใน Party เดียวกัน 】<c> อยู่<br>ก็จะถูกย้ายไปพร้อมกัน<br><br>นอกจากนี้ คุณจะไม่สามารถกลับมายังพื้นที่ปัจจุบันได้อีก<br>และหลังจากรับรางวัลแล้วจะถือว่าเคลียร์ Quest"""
Title#1,"""สถานะพื้นฐาน"""
StatusLabePower#0,"""Power Level"""
StatusLabeJob#0,"""$(0) """
StatusLabelLevel#0,"""Lv."""
StatusLabelExp#0,""" EXP"""
MainStatusLabelExp#0,""" EXP"""
StatusLabelNextExp#0,""" จนถึง Lv. ถัดไป"""
MainStatusLabelNextExp#0,""" จนถึง Lv. ถัดไป"""
SubStatusLabelNextExp#0,""" จนถึง Lv. ถัดไป"""
StatusLabelMeseta#0,""" <pict reb_meseta><pict 4space>Meseta"""
StatusLabelSeasonPoint#0,"""9th Anniversary Seasonal Points"""
StatusLabelSeasonPoint_1#0,"""9th Anniversary Seasonal Points"""
StatusLabelSeasonPoint_3#0,"""Moon Viewing Seasonal Points"""
StatusLabelSeasonPoint_4#0,"""Halloween Seasonal Points"""
StatusLabelSeasonPoint_7#0,"""Winter Seasonal Points"""
StatusLabelSeasonPoint_8#0,"""Spring '22 Seasonal Points"""
StatusLabelSeasonPoint_9#0,"""[NGS] 1st Anniversary Seasonal Points"""
StatusLabelSeasonPoint_10#0,"""[PSO2] 10th Anniversary Seasonal Points"""
StatusLabelSeasonPoint_11#0,"""Moon Viewing '22 Seasonal Points"""
StatusLabelSeasonPoint_12#0,"""Autumn '22 Seasonal Points"""
StatusLabelSeasonPoint_13#0,"""Christmas '22 Seasonal Points"""
StatusLabelSeasonPoint_14#0,"""New Years '23 Seasonal Points"""
StatusLabelSeasonPoint_15#0,"""Winter '23 Seasonal Points"""
StatusLabelSeasonPoint_16#0,"""Spring '23 Seasonal Points"""
StatusLabelSeasonPoint_18#0,"""[NGS] 2nd Anniversary Seasonal Points"""
StatusLabelSeasonPoint_20#0,"""[PSO2] 11th Anniversary Seasonal Points"""
StatusLabelSeasonPoint_21#0,"""Autumn '23 Seasonal Points"""
StatusLabelSeasonPoint_22#0,"""Halloween '23 Seasonal Points"""
StatusLabelSeasonPoint_23#0,"""Christmas '23 Seasonal Points"""
StatusLabelSeasonPoint_24#0,"""New Year '24 Seasonal Points"""
StatusLabelSeasonPoint_25#0,"""Winter '24 Seasonal Points"""
StatusLabelSeasonPoint_26#0,"""Spring '24 Seasonal Points"""
StatusLabelSeasonPoint_28#0,"""[NGS] 3rd Anniversary Seasonal Points"""
StatusLabelSeasonPoint_30#0,"""Super Phantasy Festival Seasonal Points"""
StatusLabelSeasonPoint_31#0,"""Halloween '24 Seasonal Points"""
StatusLabelSeasonPoint_32#0,"""Super Genesis Festival '24 (1st Half) Seasonal Points"""
StatusLabelSeasonPoint_33#0,"""Super Genesis Festival '24 (2nd Half) Seasonal Points"""
StatusLabelSeasonPoint_34#0,"""Spring '25 Seasonal Points"""
StatusLabelSeasonPoint_35#0,"""Super Origin Festival '25 Seasonal Points"""
StatusLabelSeasonPoint_37#0,"""Super Phantasy Festival '25 Seasonal Points"""
StatusLabelSeasonPoint_38#0,"""Halloween '25 Seasonal Points"""
StatusLabelSeasonPoint_39#0,"""Super Genesis Festival '25 (1st Half) Seasonal Points"""
StatusLabelSeasonPoint_40#0,"""Super Genesis Festival '25 (2nd Half) Seasonal Points"""
StatusLabelSeasonPoint_41#0,"""Spring '26 Seasonal Points"""
StatusLabelSeasonPoint_42#0,"""Idola Collab '26 Seasonal Points"""
StatusLabelSeasonPoint_43#0,"""Super Origin Festival '26 Seasonal Points"""
StatusLabelSeasonPointValue#0,"""$(1) /$(0)"""
StatusLabelN-Meseta#0,"""<pict reb_meseta> Meseta"""
StatusLabelFun#0,""" FUN"""
StatusLabelAc#0,""" ARKS Cash"""
StatusLabelTicket#0,""" วันหมดอายุ Premium"""
StatusLabeMainClass#0,"""Main Class"""
StatusLabelSubClass#0,"""Sub Class"""
MiKakin#0,""" ไม่ได้ใช้งาน"""
IsPremium#0,"""<yellow>Premium ทำงานอยู่<c>"""
NonPremium#0,"""<red>Premium หมดอายุ<c>"""
KakinGire#0,"""<red>หมดอายุแล้ว<c>"""
NetCafe#0,"""<green>NetCafe Premium<c>"""
NoJob#0,"""ไม่มี"""
Excube#0,""" จนถึง Cube ถัดไป"""
MainExcube#0,""" จนถึง Cube ถัดไป"""
SubExcube#0,""" จนถึง Cube ถัดไป"""
ExpBlank#0,"""－"""
StatusLabelCC#0,"""CC"""
ChallengePoint#1,""" Challenge Miles"""
StatusLabelSg#0,""" Star Gems"""
LevelMax#0,"""($(0))"""
LevelMaxHide#0,"""(-)"""
RemainingDaysUp#0,"""มากกว่า $(0) วัน"""
RemainingDays#0,"""เหลืออีก $(0) วัน"""
RemainingHour#0,"""เหลืออีก $(0) ชั่วโมง"""
RemainingHourLess#0,"""น้อยกว่า $(0) ชั่วโมง"""
StatusLabePowerAndMaxPower#0,"""Power Level"""
StatusLabePowerAndMaxPowerNumber#0,"""$(0)"""
GoToTask#0,"""<%Function> ดู Tasks"""
RemainingDayHourMin#0,"""$(0) วัน $(1) ชั่วโมง $(2) นาที"""
StatusLabelSeasonPointPossession#0,"""แต้มปัจจุบัน"""
StatusLabelSeasonPointWeeklyLimit#0,"""แต้มรายสัปดาห์ที่ได้รับ"""
StatusLabelSeasonalPoint#0,""" Seasonal Points"""
StatusLabelMP#0,"""Mission Pass\u3000$(0)"""
StatusLabelMP_title#0,"""Mission Pass"""
StatusLabelMP_season#0,"""$(0)"""
StatusLabelMP2#0,"""Mission Pass\u3000ยังไม่เปิด"""
StatusLabelMP_ClosedSeason#0,"""ยังไม่พร้อม"""
StatusLabelTier#0,"""Tier\u3000$(0)<pict 4space><pict mp_star_icon>"""
StatusLabelTier_title#0,"""Tier"""
StatusLabelTier_number#0,"""$(0)<pict 4space><pict mp_star_icon>"""
GenesisPoint_QuestRewardLimit_1#0,"""รางวัล Quest (รายสัปดาห์)"""
GenesisPoint_QuestRewardLimit_2#0,"""$(0) / $(1)"""
PlBadCond:Burn#0,"""Burn"""
PlBadCond:Freeze#0,"""Freeze"""
PlBadCond:Shock#0,"""Shock"""
PlBadCond:Mirage#0,"""Mirage"""
PlBadCond:Panic#0,"""Panic"""
PlBadCond:Poison#0,"""Poison"""
PlBadCond:Stun#0,"""Stun"""
PlBadCond:Injury#0,"""Injury"""
Title#2,"""สถานะปัจจุบัน"""
header1#0,"""ชื่อเอฟเฟกต์"""
header2#0,"""ระยะเวลาเอฟเฟกต์"""
EffectTabForwardText#0,"""สลับ"""
EffectTabForward#0,"""<%NextTabDetails>"""
SubTitle_Element#0,"""สถานะ"""
SubTitle_Technic#0,"""เอฟเฟกต์ Technique"""
SubTitle_Item#0,"""เอฟเฟกต์ไอเทม"""
SubTitle_EventBoostItem#0,"""$(0)"""
SubTitle_Drink#0,"""เอฟเฟกต์เครื่องดื่ม"""
SubTitle_Guild#0,"""เอฟเฟกต์ Support Photon"""
SubTitle_PSE#0,"""เอฟเฟกต์ PSE"""
SubTitle_Enemy#0,"""เอฟเฟกต์ของขวัญจากศัตรู"""
SubTitle_Live#0,"""เอฟเฟกต์ Live Stage"""
SubTitle_CraftEnchant#0,"""Timed Ability"""
SubTitle_MyBoost#0,"""เอฟเฟกต์ Daily Boost (ลดลงเมื่อเวลาผ่านไป)"""
SubTitle_Skill#0,"""เอฟเฟกต์ Skill"""
SubTitle_RareEnemy#0,"""เอฟเฟกต์ Enemy Trigger"""
SubTitle_Sukunahime#0,"""พรของ Sukuna-hime"""
SubTitle_QuestClear#0,"""Quest Clear Boost"""
SubTitle_ArksBoost#0,"""A.R.K.S."""
SubTitle_GatBoost#0,"""เอฟเฟกต์ Gathering Boost"""
SubTitle_QuestTrigger#0,"""เอฟเฟกต์ Quest Trigger"""
SubTitle_FriendInvite#0,"""เอฟเฟกต์ Invitation Boost"""
SubTitle_LaboBoost#0,"""Quest Clear Boost"""
SubTitle_PartyBuff#0,"""เอฟเฟกต์ Party Boost"""
SubTitle_PremiumBoost#0,"""เอฟเฟกต์ Premium"""
SubTitle_PokaBoost#0,"""โบนัส Next Battle"""
SubTitle_ParameterSync#0,"""การปรับเปลี่ยน Quest"""
SubTitle_BasnetBuff#0,"""Main Match Boost"""
SubTitle_HalfdollRemain#0,"""จำนวนการใช้ N-Half Doll"""
SubTitle_ComeBackPlayerBonus#0,"""โบนัสผู้เล่นเก่า"""
SubTitle_Darkerblast#0,"""เอฟเฟกต์ Dark Blast"""
SubTitle_CloudBlockBuff#0,"""Cloud Party Boost"""
SubTitle_TotalScoreBoost#0,"""Quest Link Boost (Lv.$(0))"""
SubTitle_ArmadaPointBonus#0,"""Fleet Int.: โบนัสแต้ม ($(0)<pict Target_CP>)"""
SubTitle_StyleEffect#0,"""รูปแบบเอฟเฟกต์"""
SubTitle_StyleSubBuffEffect#0,"""เอฟเฟกต์ Sub Buff"""
SubTitle_TravelAreaBoost#0,"""Quest (ชั่วคราว)"""
None#0,"""ไม่มี"""
Burn1#0,"""Burn"""
Burn2#0,"""Burn"""
Burn3#0,"""Burn"""
Burn4#0,"""Burn"""
Burn5#0,"""Burn"""
Freeze1#0,"""Freeze"""
Freeze2#0,"""Freeze"""
Freeze3#0,"""Freeze"""
Freeze4#0,"""Freeze"""
Freeze5#0,"""Freeze"""
Poison1#0,"""Poison"""
Poison2#0,"""Poison"""
Poison3#0,"""Poison"""
Poison4#0,"""Poison"""
Poison5#0,"""Poison"""
Shock1#0,"""Shock"""
Shock2#0,"""Shock"""
Shock3#0,"""Shock"""
Shock4#0,"""Shock"""
Shock5#0,"""Shock"""
Panic1#0,"""Panic (สับสน)"""
Panic2#0,"""Panic (สับสน)"""
Panic3#0,"""Panic (สับสน)"""
Panic4#0,"""Panic (สับสน)"""
Panic5#0,"""Panic (สับสน)"""
Silece1#0,"""Silence"""
Silece2#0,"""Silence"""
Silece3#0,"""Silence"""
Silece4#0,"""Silence"""
Silece5#0,"""Silence"""
Mirage1#0,"""Mirage"""
Mirage2#0,"""Mirage"""
Mirage3#0,"""Mirage"""
Mirage4#0,"""Mirage"""
Mirage5#0,"""Mirage"""
Shifta#0,"""Attack Boost"""
Deband#0,"""Defense Boost"""
Jellen1#0,"""Jellen"""
Jellen2#0,"""Jellen"""
Jellen3#0,"""Jellen"""
ShitaRide#0,"""Attack Boost"""
DebandRide#0,"""Defense Boost"""
MagShifta#0,"""Attack Boost"""
MagDeband#0,"""Defense Boost"""
DrinkMainAtpUpS#0,"""เอฟเฟกต์หลัก: Attack Boost เล็กน้อย"""
DrinkMainAtpUpM#0,"""เอฟเฟกต์หลัก: Attack Boost ปานกลาง"""
DrinkMainAtpUpL#0,"""เอฟเฟกต์หลัก: Attack Boost มาก"""
DrinkMainDfpUpS#0,"""เอฟเฟกต์หลัก: Defense Boost เล็กน้อย"""
DrinkMainDfpUpM#0,"""เอฟเฟกต์หลัก: Defense Boost ปานกลาง"""
DrinkMainDfpUpL#0,"""เอฟเฟกต์หลัก: Defense Boost มาก"""
DrinkMainHPUpS#0,"""เอฟเฟกต์หลัก: HP Boost เล็กน้อย"""
DrinkMainHPUpM#0,"""เอฟเฟกต์หลัก: HP Boost ปานกลาง"""
DrinkMainHPUpL#0,"""เอฟเฟกต์หลัก: HP Boost มาก"""
DrinkMainPPUpS#0,"""เอฟเฟกต์หลัก: PP Boost เล็กน้อย"""
DrinkMainPPUpM#0,"""เอฟเฟกต์หลัก: PP Boost ปานกลาง"""
DrinkMainPPUpL#0,"""เอฟเฟกต์หลัก: PP Boost มาก"""
DrinkMainRegistFireUpS#0,"""เอฟเฟกต์หลัก: ต้านทานไฟเพิ่มขึ้นเล็กน้อย"""
DrinkMainRegistFireUpM#0,"""เอฟเฟกต์หลัก: ต้านทานไฟเพิ่มขึ้นปานกลาง"""
DrinkMainRegistFireUpL#0,"""เอฟเฟกต์หลัก: ต้านทานไฟเพิ่มขึ้นมาก"""
DrinkMainRegistIceUpS#0,"""เอฟเฟกต์หลัก: ต้านทานน้ำแข็งเพิ่มขึ้นเล็กน้อย"""
DrinkMainRegistIceUpM#0,"""เอฟเฟกต์หลัก: ต้านทานน้ำแข็งเพิ่มขึ้นปานกลาง"""
DrinkMainRegistIceUpL#0,"""เอฟเฟกต์หลัก: ต้านทานน้ำแข็งเพิ่มขึ้นมาก"""
DrinkMainRegistThunderUpS#0,"""เอฟเฟกต์หลัก: ต้านทานสายฟ้าเพิ่มขึ้นเล็กน้อย"""
DrinkMainRegistThunderUpM#0,"""เอฟเฟกต์หลัก: ต้านทานสายฟ้าเพิ่มขึ้นปานกลาง"""
DrinkMainRegistThunderUpL#0,"""เอฟเฟกต์หลัก: ต้านทานสายฟ้าเพิ่มขึ้นมาก"""
DrinkMainRegistWindUpS#0,"""เอฟเฟกต์หลัก: ต้านทานลมเพิ่มขึ้นเล็กน้อย"""
DrinkMainRegistWindUpM#0,"""เอฟเฟกต์หลัก: ต้านทานลมเพิ่มขึ้นปานกลาง"""
DrinkMainRegistWindUpL#0,"""เอฟเฟกต์หลัก: ต้านทานลมเพิ่มขึ้นมาก"""
DrinkMainRegistLightUpS#0,"""เอฟเฟกต์หลัก: ต้านทานแสงเพิ่มขึ้นเล็กน้อย"""
DrinkMainRegistLightUpM#0,"""เอฟเฟกต์หลัก: ต้านทานแสงเพิ่มขึ้นปานกลาง"""
DrinkMainRegistLightUpL#0,"""เอฟเฟกต์หลัก: ต้านทานแสงเพิ่มขึ้นมาก"""
DrinkMainRegistDarkUpS#0,"""เอฟเฟกต์หลัก: ต้านทานความมืดเพิ่มขึ้นเล็กน้อย"""
DrinkMainRegistDarkUpM#0,"""เอฟเฟกต์หลัก: ต้านทานความมืดเพิ่มขึ้นปานกลาง"""
DrinkMainRegistDarkUpL#0,"""เอฟเฟกต์หลัก: ต้านทานความมืดเพิ่มขึ้นมาก"""
DrinkSubWeakDamageUp#0,"""เอฟเฟกต์เพิ่มเติม: Weakpoint พลังโจมตี Boost"""
DrinkSubRegistAbnormalUp#0,"""เอฟเฟกต์เพิ่มเติม: เพิ่มความต้านทานสถานะ"""
DrinkSubDropEnchantUp#0,"""เอฟเฟกต์เพิ่มเติม: เพิ่มอัตราดรอป Special Ability"""
DrinkSubDropUnidentifiedUp#0,"""เอฟเฟกต์เพิ่มเติม: เพิ่มอัตราดรอป Untekked Item"""
DrinkSubDropRareUp#0,"""เอฟเฟกต์เพิ่มเติม: เพิ่มอัตราดรอป Rare"""
DrinkSubDropMesetaUp#0,"""เอฟเฟกต์เพิ่มเติม: เพิ่ม Meseta ที่ได้รับ"""
DrinkSubReduceKnockBackUp#0,"""เอฟเฟกต์เพิ่มเติม: ลด Knockback"""
DrinkSubDamageZeroUp#0,"""เอฟเฟกต์เพิ่มเติม: สุ่มหักล้างความเสียหาย"""
DrinkSubItemHealUp#0,"""เอฟเฟกต์เพิ่มเติม: เพิ่มประสิทธิภาพ Recovery Item"""
DrinkSubPPUsageDown#0,"""เอฟเฟกต์เพิ่มเติม: ลดการใช้ PP"""
DrinkSubPPRecoverySpeedUp#0,"""เอฟเฟกต์เพิ่มเติม: PP Recovery Boost"""
DrinkSubPBGageRizeUp#0,"""เอฟเฟกต์เพิ่มเติม: เพิ่มอัตราการฟื้นฟู เกจ PB"""
DrinkSubPADamageUp#0,"""เอฟเฟกต์เพิ่มเติม: PA พลังโจมตี Boost"""
DrinkSubAttackHateUp#0,"""เอฟเฟกต์เพิ่มเติม: เพิ่ม Hate Generation"""
DrinkSubAttackHateDown#0,"""เอฟเฟกต์เพิ่มเติม: ลด Hate Generation"""
DrinkSubExperienceUp#0,"""เอฟเฟกต์เพิ่มเติม: EXP Boost"""
TeamBoost_AttackUp#0,"""Attack Boost"""
TeamBoost_DefenseUp#0,"""Defense Boost"""
TeamBoost_EXPUp#0,"""EXP Boost"""
TeamBoost_MesetaUp#0,"""Meseta Up"""
TeamBoost_RareUp#0,"""Rare Drop Rate Boost"""
DH3De:ForceCore#0,"""เพิ่ม ATK Power + Crit Rate"""
CraftEnchantEffectTime#0,"""$(0):$(1):$(2)"""
MyBoostEffectName#0,"""Tri-Boost +$(0)%"""
SukunahimeEffect#0,"""Character Strengthening Lv.$(0)"""
SukunahimeEffect_HighMagatsu#0,"""Character Strengthening"""
QuestClear_Magatsu#0,"""โบนัส Raid: Rare Drop +$(0)%"""
ArksBoostEffect#0,"""Character Strengthening Lv.$(0)"""
QuestTriggerBoost1#0,"""Rare Drop Rate +$(0)%"""
QuestTriggerBoost2#0,"""EXP +$(0)%"""
FriendInviteBoost#0,"""EXP +$(0)%"""
LaboBoost1#0,"""รางวัล Raid: NT Grind Boost +$(0)%"""
LaboBoost2#0,"""รางวัล Raid: Unit Grind Boost +$(0)%"""
ItemEffect_Suspend#0,""" (หยุดชั่วคราว)"""
PartyBuff#0,"""Tri-Boost +$(0)%"""
PremiumBoost#0,"""Tri-Boost +$(0)%"""
PremiumBoostDay#0,"""$(0) วัน"""
PokaPointBoost#0,"""โบนัส Battle Coin +$(0)%"""
ParameterSync#0,"""สเตตัส Lv.$(0)"""
BasnetBuff#0,"""Tri-Boost +$(0)%"""
HalfdollRemain#0,"""จำนวนที่ใช้ได้: $(0)"""
HalfDollNotRemain#0,"""ใช้แล้ว (กลับไปที่เมืองเพื่อเติม)"""
ComeBackPlayerPresent#0,"""ของขวัญ Featured Quest +$(0)"""
CloudBlockBuff#0,"""EXP +$(0)%"""
TSB_TriBoost#0,"""Tri-Boost +$(0)%"""
TSB_ExpUp#0,"""EXP +$(0)%"""
TSB_MesetaUp#0,"""Meseta +$(0)%"""
TSB_RareDropUp#0,"""Rare Drop Rate +$(0)%"""
TSB_MyClassWeaponDropUp#0,"""Class Drop Boost +$(0)%"""
TSB_ItemLotteriesUp#0,"""เพิ่มการดรอป Weapon ระดับความแรร์ ★14 ขึ้นไป"""
TSB_AddDropItem#0,"""เพิ่มการดรอป 【 Rare-grain Erebos Stone 】"""
TravelBoost_TravelContinuous#0,"""Area 2 Boost"""
Armada_DropLotteriesUp#0,"""Item Drop Boost Up"""
SubTitle_WorldTrial#0,"""S. Grace Boost [All]"""
SubTitle_WorldTrial2#0,"""S. Grace Boost [Self]"""
WorldTrial_RareDropUp#0,"""Rare Drop Rate +$(0)%"""
TechterShiftaDebandBuff#0,"""Shifta-Deband"""
SubTitle_Drone#0,"""Drome Boost"""
Drone_Buff#0,"""พลังโจมตี Boost/ลดความเสียหายที่ได้รับ"""
RMag_RegionMagBoost#0,"""Regional Mag Boosts"""
RMag_BoostEffect1#0,"""Attack Power Up"""
RMag_BoostEffect2#0,"""EXP ที่ได้รับ +$(0)%"""
RMag_BoostEffect3#0,"""Rare Drop Rate +$(0)%"""
PremiumFoodBoostEffect1#0,"""Rare Drop Rate +$(0)%"""
PremiumFoodBoostEffect2#0,"""Meseta ที่ได้รับ +$(0)%"""
PremiumFoodBoostEffect3#0,"""EXP ที่ได้รับ +$(0)%"""
Premium_Effect#0,"""<pict Arcscash>เอฟเฟกต์ Premium"""
PremiumFoodBoost#0,"""Food Boost <pict Arcscash>เอฟเฟกต์ Premium"""
FoodBoost#0,"""เอฟเฟกต์ Food Boost"""
SubTitle_BattleTrigger#0,"""เอฟเฟกต์จากผู้ใช้ Battle Trigger"""
BattleTrigger_BoostEffect1#0,"""EXP ที่ได้รับ +$(0)%"""
BattleTrigger_BoostEffect2#0,"""Rare Drop Rate +$(0)%"""
CommonBoost_RareDropUp#0,"""Rare Drop Rate ＋$(0)%"""
CommonBoost_SeasonalPointRate#0,"""ตัวคูณ Seasonal Points ที่ได้รับ +$(0)%"""
SubTitle_CampaignBoost#0,"""Campaign Boost"""
CampaignBoost_WeoponElements#0,"""ความแรง Weapon ธาตุ $(0) +$(0)%"""
CampaignBoost_WeoponGroup#0,"""ความแรง $(0) Weapon +$(0)%"""
CampaignBoost_PPRegene#0,"""ฟื้นฟู PP โดยธรรมชาติ +$(0)%"""
CampaignBoost_HPRegene#0,"""HP Recovery +$(0)%"""
CampaignBoost_GenesisPointRate#0,"""อัตราการได้รับ Genesis Point ＋$(0)%"""
SubTitle_AreaEffect#0,"""เอฟเฟกต์ Field"""
IceArea_RecoveryDown#0,"""ลดการฟื้นฟู HP"""
SubTitle_AdditionalBoost#0,"""Add-on Skill Boost"""
TriBoost_Addition_Title#0,"""เอฟเฟกต์ Boost รวม"""
TriBoost_Addition_Subtitle#0,"""EXP ที่ได้รับ/N-Meseta ที่ได้รับ/Rare Drop Rate"""
TriBoost_Addition1#0,"""<pict exp_icon><pict 4space>+$(1)%/<pict meseta_icon2><pict 4space>+$(2)%/<pict rare_drop_icon><pict 4space>+$(0)%"""
r04_non_dro_b:Boosted#0,"""พลังโจมตี Boost/ฟื้นฟู PP โดยธรรมชาติ Boost"""
SubTitle_Df3Boost_Npc1#0,"""เอฟเฟกต์สนับสนุนใน Quest"""
Df3Boost_Npc1#0,"""พลังโจมตี Boost/เพิ่มความเร็วเคลื่อนที่"""
SubTitle_Df3Boost_Npc2#0,"""เอฟเฟกต์สนับสนุนใน Quest"""
Df3Boost_Npc2#0,"""โจมตีเสริมเมื่อโจมตีโดนในครั้งถัดไป"""
SubTitle_Df3Boost_Npc3#0,"""เอฟเฟกต์สนับสนุนใน Quest"""
Df3Boost_Npc3#0,"""ฟื้นฟู PP โดยธรรมชาติ Boost"""
LastDungeon_NormalAttackAtpUp#0,"""Normal Attack พลังโจมตี Boost (Lv.$(0))"""
LastDungeon_TechniquePaAtpUp#0,"""PA/Tech พลังโจมตี Boost (Lv.$(0))"""
LastDungeon_GlideAttackAtpUp#0,"""Dive Attack พลังโจมตี Boost (Lv.$(0))"""
LastDungeon_StepCounterAtpUp#0,"""Step Counter พลังโจมตี Boost (Lv.$(0))"""
SubTitle_LastDungeonBuff#0,"""ลักษณะของ Field"""
SubTitle_SideMissionClearBonus#0,"""โบนัส Side Mission Boost"""
Pyramid_MaxPpAdd#0,"""Max PP+20"""
Pyramid_PbGuageIncrease#0,"""Photon Blast Gauge Boost+100%"""
Pyramid_InflictDamageIncrease#0,"""พลังโจมตี+5%"""
Pyramid_DamageCut#0,"""พลังโจมตี Resist+10%"""
Pyramid_AttackPpHealRateUp#0,"""ฟื้นฟู PP เมื่อโจมตี+15%"""
SubTitle_EnemyDebuff#0,"""เอฟเฟกต์ที่ได้รับจากศัตรู"""
EnemyDebuff_AtDamageDown#0,"""Attack Power -$(0)%"""
EnemyDebuff_DfDamageUp#0,"""พลังโจมตี Resist -$(0)%"""
EnemyDebuff_AtDownDown#0,"""อัตราการทำให้ล้ม -$(0)%"""
EnemyDebuff_DfDownUp#0,"""ต้านทานสถานะ -$(0)%"""
ArcsRecord_MainAtkUp#0,"""Attack Power +20%\u3000<yellow>※เฉพาะ Weapons ของ Main Class เท่านั้น<c>"""
Item#0,"""ไอเทม"""
Arms#0,"""Weapons"""
Guard#0,"""Armors"""
Subpalette#0,"""Subpalettes"""
WeaponAvatar#0,"""Weapon Camo"""
WeaponPos#0,"""ตำแหน่ง Weapon"""
Valuables#0,"""-"""
Close#0,"""กลับ"""
DropRoot#0,"""ทิ้งไอเทม"""
Rental_ItemName#0,"""ชื่อไอเทมเช่า"""
Rental_TimeRimit#0,"""วันหมดอายุ"""
PATitle#0,"""รายละเอียด Photon Art"""
TechnicTitle#0,"""รายละเอียด Technique"""
OverloadTitle#0,"""รายละเอียด Compound Technique"""
SkillTitle#0,"""รายละเอียด Skill"""
NormalAttackTitle#0,"""รายละเอียด Normal Attack"""
WeaponActionTitle#0,"""รายละเอียด Weapon Action"""
NoSelectPAMessage#0,"""คุณยังไม่ได้เลือก Photon Art"""
NoSelectTechnicMessage#0,"""คุณยังไม่ได้เลือก Technique"""
NoSelectOverloadMessage#0,"""ไม่มี Compound Technique ที่เชื่อมโยงอยู่"""
Power#0,"""ความแรง"""
Dex#1,"""ตัวคูณ DEX"""
NeedPp#0,"""PP Cost"""
PowerValue#0,"""$(0)"""
DexValue#0,"""$(0)%"""
EffectValue#0,"""$(0)%"""
Burn#0,"""Burn"""
Shock#0,"""Shock"""
Freeze#0,"""Freeze"""
Bind#0,"""Bind"""
Silence#0,"""Silence"""
Poison#0,"""Poison"""
Break#0,"""Break"""
Injury#0,"""Injure"""
Curse#0,"""Curse"""
Stun#0,"""Stun"""
Panic#0,"""Panic"""
Mirage#0,"""Mirage"""
TechnicCustomize#0,"""รายละเอียด Craft"""
Merit#0,"""ข้อดี"""
Demerit#0,"""ข้อเสีย"""
Special#0,"""เอฟเฟกต์พิเศษ"""
Custom1#0,"""Custom Type 1"""
Custom2#0,"""Custom Type 2"""
ActionChange#0,"""เปลี่ยนพฤติกรรม"""
PetTitle#0,"""รายละเอียด Pet"""
NeedGauge#0,"""จำนวนที่ใช้"""
NeedGaugeValue#0,"""$(0) (สูงสุด: $(1))"""
NotFoundGaugeValue#0,"""Complex PAs ไม่สามารถ<br>ใช้งานกับ Weapons ปัจจุบันได้"""
ActionCustomizeMedium_Title#0,"""ปรับแต่ง Tech Arts"""
Title#3,"""รายละเอียด Class Skill"""
NoSelectMessage#0,"""คุณยังไม่ได้เลือก Class Skill"""
MaxLevel#0,"""Lv. สูงสุด"""
Percent#0,"""$(0)%"""
Second#0,"""$(0) วินาที"""
Piece#0,"""$(0) ชิ้น"""
Shot#0,"""$(0) นัด"""
Plus#0,"""+$(0)"""
Minus#0,"""－$(0)"""
Times#0,"""$(0) ครั้ง"""
Blank#0,"""―"""
LevelZero#0,"""0"""
MaxLevelValue#0,""" ($(0))"""
Decimal#0,"""$(1).$(0)"""
Prev#0,"""ก่อนหน้า"""
Next#0,"""ถัดไป"""
SubStyleSkillTitle#0,"""รายละเอียด EX Style Skill"""
NoSelectSubStyleSkill#0,"""ยังไม่ได้เลือก EX Style"""
Title#4,"""รายละเอียด Class"""
Experience#0,"""EXP"""
NextExperience#0,"""จนถึง Lv. ถัดไป"""
EquipableWeapon#0,"""Weapons ที่สามารถสวมใส่ได้"""
Blank#1,"""―"""
Together_EXP#0,"""EXP รวม"""
Together_EXP_Max#0,"""EXP รวมสูงสุด"""
ClassLevel#0,"""Lv."""
SubStyleTitle#0,"""รายละเอียด EX Style"""
Title#5,"""Armor Palette"""
WarningTitle#0,"""คำเตือน"""
WarningMessage#0,"""หากคุณสวมใส่ Costume นี้ Units บางส่วนจะถูกถอดออก<br>ดำเนินการต่อหรือไม่?"""
WarningMessageCast#0,"""หากคุณสวมใส่ Parts เหล่านี้ Units บางส่วนจะถูกถอดออก<br>ดำเนินการต่อหรือไม่?"""
CostumeHint#0,"""สามารถสวมใส่ Costumes ได้ในช่องนี้"""
Parts1Hint#0,"""สามารถสวมใส่ Body Parts ได้ในช่องนี้"""
Parts2Hint#0,"""สามารถสวมใส่ Arm Parts ได้ในช่องนี้"""
Parts3Hint#0,"""สามารถสวมใส่ Leg Parts ได้ในช่องนี้"""
Addon1Hint#0,"""สามารถสวมใส่ Units ได้ในช่องนี้"""
Addon2Hint#0,"""สามารถสวมใส่ Units ได้ในช่องนี้"""
Addon3Hint#0,"""สามารถสวมใส่ Units ได้ในช่องนี้"""
FashionHint#0,"""สามารถสวมใส่ Costumes ได้ในช่องนี้"""
CostumeHint1#0,"""N-Costumes"""
CostumeHint2#0,"""Costumes/Parts/Weapon Camos"""
CostumeError#0,"""คุณไม่สามารถถอด Costumes หรือ<br>Outerwear ได้ใน Shared Ship หรือ<br>Challenge Block กรุณากลับไปยัง<br>Ship ของคุณ หรือ Block ปกติเพื่อเปลี่ยน<br>อุปกรณ์ของคุณ"""
CostumeErrorTitle#0,"""Armor Palette"""
PartsError#0,"""ไม่สามารถถอด Arm และ Leg Parts ได้<br>หากคุณต้องการเปลี่ยน<br>คุณต้องสวมใส่ชิ้นส่วนอื่นแทน<br><br>นอกจากนี้ คุณไม่สามารถเปลี่ยน Cast parts<br>หรือ Outerwear ได้ใน Shared Ship หรือ<br>Challenge Block กรุณากลับไปยัง<br>Ship ของคุณ หรือ Block ปกติเพื่อเปลี่ยน<br>อุปกรณ์ของคุณ"""
PartsErrorTitle#0,"""Armor Palette"""
Costume#0,"""Costume"""
Parts#0,"""Parts"""
Unit#0,"""Units"""
Ring#0,"""Skill Rings"""
Lring#0,"""L Ring"""
Rring#0,"""R Ring"""
Ring1Hint#0,"""สามารถสวมใส่ Type 1 Rings ได้ในช่องนี้"""
Ring2Hint#0,"""สามารถสวมใส่ Type 2 Rings ได้ในช่องนี้"""
Ring3Hint#0,"""สามารถสวมใส่ Type 3 Rings ได้ในช่องนี้"""
WindowTitleCustom#0,"""Weapon Palette"""
WindowTitleCustomSub#0,"""Subpalettes"""
WindowTitleIconbox#0,"""รายการไอเทม"""
WindowTitleMainTemplate#0,"""Main Palette Template"""
WindowTitleSubTemplate#0,"""Subpalette Template"""
ButtonEquip#0,"""เปิด Equipment"""
MenuTemplate#0,"""Template"""
MenuDelete#0,"""ล้าง"""
NoPAMessage#0,"""ไม่มี Photon Arts"""
NoTechnicMessage#0,"""ไม่มี Techniques"""
NoOverloadMessage#0,"""ไม่มี Compound Techniques"""
NoSkillMessage#0,"""ไม่มี Skills"""
NoPetMessage#0,"""ไม่มี Pets"""
NoPetPAMessage#0,"""ไม่มี Pet PAs"""
Acquire#0,"""เรียนรู้"""
ConfirmAcquire#0,""" จะเรียนรู้ Lv.$(0)<br>ดำเนินการต่อหรือไม่?"""
SuccessAcquire#0,"""เรียนรู้ Lv.$(0) แล้ว"""
AcquireMessageTitle#0,"""เรียนรู้ PAs/Techniques"""
AcquireMessageTitle2#0,"""เรียนรู้ Class Skills"""
FailAcquire00#0,"""คุณได้เรียนรู้ Disk เลเวลนั้นไปแล้ว"""
FailAcquire01#0,"""คุณไม่ผ่านเงื่อนไขที่กำหนด"""
CustomizeMessageTitle#0,"""ยืนยัน Custom Disk ครั้งสุดท้าย"""
ConfirmCustomize#0,"""คุณกำลังจะปรับแต่ง <yellow>$(0)<c><br>โดยใช้ Custom Disk นี้<br>ดำเนินการต่อหรือไม่?"""
SuccessCustomize#0,"""ปรับแต่ง $(0) แล้ว"""
FailCustomize00#0,"""คุณไม่สามารถปรับแต่ง Techniques ที่คุณยังไม่รู้จักได้"""
ConfirmPaCustomize#0,"""คุณกำลังจะปรับแต่ง <yellow>$(0)<c><br>โดยใช้ Custom Disk นี้<br>ดำเนินการต่อหรือไม่?"""
FailPaCustomize00#0,"""ไม่สามารถปรับแต่ง Photon Arts ที่คุณยังไม่ได้เรียนรู้ได้"""
Set#0,"""ติดตั้ง"""
BackSet#0,"""ติดตั้ง Rear"""
ArmSet#0,"""ติดตั้ง Arm"""
LegSet#0,"""ติดตั้ง Leg"""
BackRemove#0,"""ถอด Rear"""
ArmRemove#0,"""ถอด Arm"""
LegRemove#0,"""ถอด Leg"""
BackSet_v#0,"""ติดตั้ง Rear"""
ArmSet_v#0,"""ติดตั้ง Arm"""
LegSet_v#0,"""ติดตั้ง Leg"""
BackRemove_v#0,"""ถอด Rear"""
ArmRemove_v#0,"""ถอด Arm"""
LegRemove_v#0,"""ถอด Leg"""
CostumeRemove#0,"""ถอด Costume"""
OuterwearRemove#0,"""ถอด Outerwear"""
PartsRemove#0,"""ถอด Body Parts"""
RingRRemove#0,"""ถอด Right Ring"""
RingLRemove#0,"""ถอด Left Ring"""
RingRRemove_v#0,"""ถอด Right Ring"""
RingLRemove_v#0,"""ถอด Left Ring"""
Levelup#0,"""เลเวลอัป"""
Change#0,"""เปลี่ยน"""
SetExchange#0,"""ตั้งค่าการจัดเรียง"""
Exchange#0,"""จัดเรียง"""
Delete#0,"""ถอด"""
FailEquip#0,"""ไม่สามารถสวมใส่ได้"""
MainConfigHint#0,"""คัดลอก/วาง Weapon Palette"""
SubConfigHint#0,"""คัดลอก/วาง Subpalette"""
WeaponSlotHint#0,"""ช่อง Weapon (ช่อง $(0) ใน Action Palette)"""
MainSlotHint#0,"""คุณสามารถติดตั้ง PAs<br>และ Techniques ในช่องเหล่านี้ได้"""
SubSlotHint#0,"""ติดตั้ง Techniques, Class Skills<br>และไอเทมกดใช้ในช่องนี้"""
IndicateTextMain#0,"""<yellow>Weapons<c>, <c 00ffff>PAs<c> และ <green>Techniques<c> สามารถติดตั้งใน Weapon Palette ได้ <c ff007f>จากแท็บ<c>"""
IndicateTextSub#0,"""<yellow>ไอเทมกดใช้<c>, <c 00ffff>Class Skills<c> และ <green>Techniques<c> สามารถติดตั้งใน Subpalette ได้ <c ff007f>จากแท็บ<c>"""
IndicateTextEquip#0,"""<yellow>Units<c>, <c 00ffff>Costume<c> และ <green>Rings<c> สามารถติดตั้งใน Armor Palette ได้ <c ff007f>จากแท็บ<c>"""
IndicateTextAvatar#0,"""อนุญาตให้คุณเปลี่ยนรูปลักษณ์ของ Weapon ได้โดยการติดตั้ง <yellow>*Weapon Camouflage<c>"""
IndicateTextWeaponPos#0,"""ตำแหน่ง Weapon ช่วยให้คุณสามารถเปลี่ยนตำแหน่งของ Weapon แต่ละชิ้นบน Palettes ของคุณได้"""
TabHintPA#0,"""Photon Arts"""
TabHintTechnic#0,"""Techniques"""
TabHintOverload#0,"""Compound Techs"""
TabHintSkill#0,"""Class Skills"""
TabHintPet#0,"""Pet"""
TabHintPetPA#0,"""Pet PAs"""
TabHintAdvancePA#0,"""Successor Class PAs"""
TabHintGaugePA#0,"""Complex PAs"""
GaugePAPoint#0,"""จำนวนสะสมสูงสุด"""
EquipMenuTitle#0,"""เมนู Equipment"""
IconPacTitle#0,"""รายชื่อ"""
IconPacRemove#0,"""ถอด"""
SubPaletteTab1#0,"""1. Book 01"""
SubPaletteTab2#0,"""2. Book 02"""
SubPaletteTab3#0,"""3. Book 03"""
SubPaletteTab4#0,"""4. Book 04"""
SubPaletteTab5#0,"""5. Book 05"""
SubPaletteTab6#0,"""6. Book 06"""
ActionLearn#0,"""สามารถเรียนรู้ได้"""
ActionLearnVita#0,"""สามารถเรียนรู้ได้"""
ActionParamNane#0,"""-"""
NoWeapon#0,"""มือเปล่า"""
PaletteServerMessage#0,"""ถอดไอเทมใดๆ ที่คุณไม่สามารถสวมใส่ได้อีกต่อไปแล้ว"""
PaletteServerMessageReleaseAction#0,"""ถอด Weapon Actions ที่ไม่ผ่านเงื่อนไขแล้ว"""
SubPaletteTabChangeTag#0,"""<%TabForward>"""
SubPaletteTabChange#0,"""ถัดไป"""
Weapon#0,"""Weapons"""
Attack_Arts#0,"""โจมตี/PA/Technique"""
EnsureLearning#0,"""ยืนยันการเรียนรู้"""
agendum#0,"""ไอเทม"""
Before#0,"""ก่อนหน้า"""
After#0,"""ถัดไป"""
Body#0,"""Body"""
Back#0,"""Rear"""
Arm#0,"""Arm"""
Leg#0,"""Leg"""
Costume#1,"""Costume"""
SubWindowChange1#0,"""<pict Sign_TRIANGLE>สลับ"""
SubWindowChange2#0,"""<pict Sign_TRIANGLE>สลับ"""
SubWindowChange3#0,"""<pict Sign_TRIANGLE>สลับ"""
StrongEquipText#0,"""ระบบจะทำการเปลี่ยนเป็นประเภท Weapon ที่แข็งแกร่งที่สุด<br>จาก Inventory ที่สามารถสวมใส่ได้ในขณะนี้<br>ดำเนินการต่อหรือไม่?"""
StrongEquipTitle#0,"""สวมใส่อัตโนมัติ"""
StrongEquipWeaponRevised#0,"""Weapon หลังการเปลี่ยน"""
StrongEquipPalleteRevised#0,"""Unit หลังการเปลี่ยน"""
EquipChangedMessage#0,"""เปลี่ยนอุปกรณ์แล้ว"""
EquipItemNoneMessage#0,"""ไม่มีไอเทมที่สามารถสวมใส่ได้"""
DfpStrike#1,"""เน้น Striking Defense"""
DfpFirearm#1,"""เน้น Ranged Defense"""
DfpTechnic#1,"""เน้น Technique Defense"""
ChipUse#0,"""ยืนยันข้อมูลเอฟเฟกต์"""
ChipEffectScope#0,"""พื้นที่เอฟเฟกต์"""
ChipEffect01#0,"""เอฟเฟกต์หลัก"""
ChipEffect02#0,"""เอฟเฟกต์รอง"""
ChipEffect03#0,"""เอฟเฟกต์โบนัส"""
ChipDays#0,"""ระยะเวลาเอฟเฟกต์"""
TaktMainSlotHint#0,"""คุณสามารถติดตั้ง Pet ได้ในช่องนี้"""
CostumeTitle#0,"""Costume"""
OuterwearTitle#0,"""Outerwear"""
BodyTitle#0,"""Parts"""
SideChange#0,"""สลับ"""
SideChangeHint#0,"""สลับระหว่าง Palette ด้านหน้าและด้านหลัง"""
WeaponActionError#0,"""Weapon นี้ไม่มี Weapon Action ที่เข้ากันได้ให้ใช้งาน"""
GaugePAError#0,"""Successor Classes ไม่สามารถใช้งาน Complex PAs ได้"""
NoGaugePAError#0,"""คุณไม่สามารถใช้งาน Complex PAs กับ Weapon นี้ได้"""
Mars_main1#0,"""Main 1"""
Mars_main2#0,"""Main 2"""
Mars_sub#0,"""Sub"""
Mars_Actionfront#0,"""ด้านหน้า"""
Mars_ActionBack#0,"""ด้านหลัง"""
Mars_Skilltree#0,"""ตั้งค่า M.A.R.S. Skill List"""
Mars_Skilltree_btn#0,"""เลือก List"""
Mars_Skilltree_title#0,"""การเลือก Skill List"""
Mars_Voice#0,"""ตั้งค่า Support COM Voice"""
Mars_Voicelabel1#0,"""เล่น COM Voice"""
Mars_Voicelabel2#0,"""ภาษา COM Voice"""
Mars_Voicelabel1_ON#0,"""เปิดใช้งานเสียง"""
Mars_Voicelabel1_OFF#0,"""ปิดใช้งานเสียง"""
Mars_Voicelabel2_Custom1#0,"""ภาษาอังกฤษ"""
Mars_Voicelabel2_Custom2#0,"""ภาษาญี่ปุ่น"""
Mars_Setlabel#0,"""$(0). เซ็ต<pict 4space>$(0)"""
Mars_Balloon1#0,"""แสดงทั้งหมด"""
Mars_Balloon2#0,"""M.A.R.S. Main Equipment 1"""
Mars_Balloon3#0,"""M.A.R.S. Main Equipment 2"""
Mars_Inoperable_ToastMessage#0,"""สามารถใช้งานได้เฉพาะที่ ARKS Bases เท่านั้น"""
Mars_Balloon4#0,"""นี่คือช่องที่คุณสามารถติดตั้ง M.A.R.S. actions ได้"""
Title#6,"""ข้อมูล Character"""
OtherTitle#0,"""ข้อมูล Character ของ $(0)"""
Param#0,"""ข้อมูล Stat"""
Equipment#0,"""ข้อมูล Equipment"""
SetEffect#0,"""ข้อมูล Set Effect"""
Class#0,"""ข้อมูล Class"""
Pa#0,"""ข้อมูล Photon Art"""
GaugePA#0,"""ข้อมูล Complex PA"""
AdvancePA#0,"""ข้อมูล Successor PA"""
Technic#1,"""ข้อมูล Technique"""
Overload#0,"""ข้อมูล Compound Tech"""
ClassSkill#0,"""ข้อมูล Class Skill"""
CraftInfo#0,"""ข้อมูล Craft"""
EventItem#0,"""ไอเทม Event"""
FashionInfo#0,"""ข้อมูล Fashion"""
InquiryMessage#0,"""กำลังขอข้อมูล..."""
NoDataMessage#0,"""ไม่มีข้อมูลให้แสดงผล"""
Close#1,"""กลับ"""
TitleName#0,"""Title"""
NoTitle#0,"""ไม่มี"""
Name#0,"""ชื่อ Character"""
Guild#0,"""ชื่อ Team"""
NoGuild#0,"""ไม่มี Team"""
HunterExplanation#0,"""<yellow>คลาสระยะประชิด<c><br>Class ที่โดดเด่นในการต่อสู้ระยะประชิด มี HP และพลังป้องกันสูง<br>และยอดเยี่ยมในการต่อสู้กับเป้าหมายเดี่ยว"""
RangerExplanation#0,"""<yellow>คลาสระยะกลาง<c><br>Class ที่โดดเด่นในการใช้อาวุธระยะไกลเพื่อโจมตีศัตรูพร้อมรักษาระยะห่าง<br>ที่เหมาะสม และยังสามารถสนับสนุนผู้เล่นอื่นด้วยกระสุนพิเศษได้อีกด้วย"""
ForceExplanation#0,"""<yellow>คลาสระยะไกล<c><br>Class ที่โดดเด่นในการใช้ Techniques โจมตีศัตรูจากระยะไกล<br>สามารถใช้ Techniques ที่หลากหลายเพื่อโจมตีจุดอ่อนธาตุของศัตรูได้"""
FighterExplanation#0,"""<yellow>คลาสระยะประชิดพิเศษ<c><br>Class ที่โดดเด่นที่สุดเมื่อกดดันศัตรู สิ่งที่ขาดหายไปในด้านพลังป้องกัน<br>จะถูกทดแทนด้วยการโจมตีที่รุนแรงและบดขยี้ศัตรู"""
GunnerExplanation#0,"""<yellow>คลาสระยะประชิด<c><br>Class ที่โดดเด่นในการใช้อาวุธระยะไกลในระยะประชิด<br>สามารถจัดการศัตรูได้อย่างง่ายดายด้วยความคล่องตัวที่ยอดเยี่ยม<br>และพายุประจัญบานที่ไร้ความปรานี"""
TecherExplanation#0,"""<yellow>คลาสระยะประชิดและระยะไกล<c><br>Class ที่โดดเด่นในการสนับสนุนผู้เล่นอื่นผ่าน Techniques<br>ด้วยการเพิ่มความสามารถชั่วคราวและการรักษา<br>พวกเขาสามารถทำให้การต่อสู้ใดๆ ได้เปรียบขึ้นมาได้"""
BraverExplanation#0,"""<yellow>คลาสระยะประชิดและระยะไกล<c><br>Class ที่โดดเด่นในความสามารถในการต่อสู้อย่างยืดหยุ่นในทุกระยะ<br>โดยเลือกอาวุธที่เหมาะสมกับงาน<br>การโจมตีนั้นเรียบง่ายแต่แฝงไปด้วยความลึกล้ำ"""
BouncerExplanation#0,"""<yellow>คลาสระยะประชิดและระยะกลาง<c><br>Class ที่โดดเด่นในด้านความคล่องตัวสูงและทักษะการต่อสู้กลางอากาศ<br>สามารถทำให้ศัตรูติดสถานะ Physical และ Element Down<br>เพื่อพลิกสถานการณ์การต่อสู้ให้ได้เปรียบ"""
SummonerExplanation#0,"""<yellow>คลาสระยะประชิดและระยะไกล<c><br>อัญเชิญ Familiars มาร่วมต่อสู้เคียงข้าง<br>Class ที่โดดเด่นในการอัญเชิญ Familiars<br>ที่แตกต่างกันไปตามสถานการณ์"""
SlayerExplanation#0,"""<yellow>คลาสระยะประชิด<c><br>Class ที่เชี่ยวชาญในการต่อสู้ระยะประชิดที่มีความคล่องตัวสูง<br>ใช้การยิงปืนและการฟันเพื่อฝังศัตรู"""
NoPaMessage#0,"""ไม่มี Photon Arts"""
NoTechnicMessage#1,"""ไม่มี Techniques"""
NoOverloadMessage#1,"""ไม่มี Compound Techniques"""
NoClassSkillMessage#0,"""ไม่มี Class Skills"""
OnMousePaAll#0,"""Photon Arts ทั้งหมด"""
OnMousePaSword#0,"""Sword Photon Arts"""
OnMousePaLance#0,"""Wired Lance Photon Arts"""
OnMousePaPartisan#0,"""Partizan Photon Arts"""
OnMousePaTdagger#0,"""Twin Dagger Photon Arts"""
OnMousePaWsaber#0,"""Double Saber Photon Arts"""
OnMousePaKnuckle#0,"""Knuckle Photon Arts"""
OnMousePaSaber#0,"""Gunslash Photon Arts"""
OnMousePaRifle#0,"""Assault Rifle Photon Arts"""
OnMousePaLauncher#0,"""Launcher Photon Arts"""
OnMousePaTmachinegun#0,"""Twin Machinegun Photon Arts"""
OnMousePaRod#0,"""Rod Photon Arts"""
OnMousePaTalis#0,"""Talis Photon Arts"""
OnMousePaWand#0,"""Wand Photon Arts"""
OnMousePaKatana#0,"""Katana Photon Arts"""
OnMousePaCompoundBow#0,"""Bullet Bow Photon Arts"""
OnMousePaJboots#0,"""Jet Boots Photon Arts"""
OnMousePaDblade#0,"""Dual Blade Photon Arts"""
OnMousePaTakt#0,"""Takt Photon Arts"""
OnMouseTechnicAttributeAll#0,"""Techniques ทั้งหมด"""
OnMouseTechnicAttributeFire#0,"""Fire Techniques"""
OnMouseTechnicAttributeIce#0,"""Ice Techniques"""
OnMouseTechnicAttributeThunder#0,"""Lightning Techniques"""
OnMouseTechnicAttributeWind#0,"""Wind Techniques"""
OnMouseTechnicAttributeLight#0,"""Light Techniques"""
OnMouseTechnicAttributeDark#0,"""Dark Techniques"""
OnMouseTechnicAttributeMultiple#0,"""Simple Multi-Element Techniques"""
OnMouseTechnicAttributeOverload#0,"""Multi-Element Techniques"""
OnMouseClassSkill#0,"""$(0)$(1) Class Skills"""
ClassList#0,"""รายชื่อ Class"""
ClassLevel#1,"""Lv."""
PaList#0,"""รายชื่อ Photon Arts"""
TechnicList#0,"""รายชื่อ Technique"""
ClassSkillList#0,"""รายชื่อ Class Skill"""
InquiryErrorTitle#0,"""กำลังดึงข้อมูล Character"""
InquiryErrorMessage1#0,"""ไม่สามารถแสดงข้อมูล Character ได้"""
ClassSkillLevel#0,"""Lv."""
EquipmentWeapon#0,"""Weapons"""
EquipmentUnit#0,"""Units/Skill Rings"""
EquipmentCostume#0,"""Parts/Costumes/Weapon Camos"""
InquiryErrorMessage2#0,"""ไม่สามารถดึงข้อมูล Character ได้<br>กรุณาลองใหม่อีกครั้งในภายหลัง"""
CraftDetailTitle#0,"""ข้อมูล Craft"""
CraftRecipeHint1#0,"""Extend Equipment"""
CraftRecipeHint2#0,"""Customize Technique"""
CraftRecipeHint3#0,"""ติดตั้ง Timed Ability"""
CraftRecipeHint4#0,"""Disassembly"""
CraftRecipeHint5#0,"""Customize PA"""
BonusMessage00#0,"""ลด คูลดาวน์ Time"""
BonusMessage01#0,"""เพิ่ม Class Availability"""
BonusMessage02#0,"""ลดเงื่อนไข Weapon"""
BonusMessage03#0,"""ลดเงื่อนไข Armor"""
BonusMessage000#0,"""($(0).$(1)%)"""
BonusMessage10#0,"""Fire Merit Boost"""
BonusMessage11#0,"""Ice Merit Boost"""
BonusMessage12#0,"""Lightning Merit Boost"""
BonusMessage13#0,"""Wind Merit Boost"""
BonusMessage14#0,"""Light Merit Boost"""
BonusMessage15#0,"""Dark Merit Boost"""
BonusMessage10_d#0,"""ลด Fire Demerit"""
BonusMessage11_d#0,"""ลด Ice Demerit"""
BonusMessage12_d#0,"""ลด Lightning Demerit"""
BonusMessage13_d#0,"""ลด Wind Demerit"""
BonusMessage14_d#0,"""ลด Light Demerit"""
BonusMessage15_d#0,"""ลด Dark Demerit"""
BonusMessage001#0,"""($(0)% ),( $(1)%)"""
BonusMessage002#0,"""($(0)%)"""
InquiryErrorMessage3#0,"""ดึงข้อมูล Craft ล้มเหลว<br>กรุณาลองใหม่อีกครั้งในสักครู่"""
NoBonusMessage#0,"""ไม่มี Craft License"""
BonusMessage16#0,"""เพิ่มอัตรา Max Sub Effect"""
BonusMessage17#0,"""เพิ่มอัตรา Extra Effect"""
BonusMessage18#0,"""เพิ่มอัตรา Extended Duration"""
BonusMessage19#0,"""Strike PA Custom Type 1 Up"""
BonusMessage20#0,"""Strike PA Custom Type 2 Up"""
BonusMessage21#0,"""Ranged PA Custom Type 1 Up"""
BonusMessage22#0,"""Ranged PA Custom Type 2 Up"""
BonusMessage23#0,"""Tech PA Custom Type 1 Up"""
BonusMessage24#0,"""Tech PA Custom Type 2 Up"""
SetEffectEquipTitle#0,"""ข้อมูล Set Bonus"""
SetEffectInfoTitle1#0,"""พารามิเตอร์"""
SetEffectInfoTitle2#0,"""SET1"""
SetEffectInfoTitle3#0,"""SET2"""
TreasureMessage#0,"""เปิดหน้าต่างอื่น"""
RebootText001#0,"""คุณสามารถตรวจสอบข้อมูลและสเตตัสของ Character ได้ที่นี่ นอกจากนี้ ยังสามารถตรวจสอบ Boost ที่มีผลอยู่ได้ในหัวข้อ 【 เอฟเฟกต์ที่มีผล 】"""
RebootText002#0,"""ชื่อ Player ID"""
RebootText003#0,"""Player ID"""
RebootText004#0,"""เผ่า"""
RebootText005#0,"""Team"""
RebootText006#0,"""Maximum Power Level"""
RebootText007#0,"""Class"""
RebootText008#0,"""-"""
RebootText009#0,"""รายชื่อ Class"""
RebootText010#0,"""คุณสามารถตรวจสอบเลเวล Class ต่างๆ ของ Character ได้ที่นี่"""
RebootText011#0,"""คุณสามารถตรวจสอบรายละเอียดของ Photon Arts ที่เรียนรู้แล้วได้ที่นี่"""
RebootText012#0,"""รายชื่อ Photon Arts"""
RebootText013#0,"""คุณสามารถตรวจสอบรายละเอียดของ Technique ที่เรียนรู้แล้วได้ที่นี่"""
RebootText014#0,"""รายชื่อ Technique"""
RebootText015#0,"""คุณสามารถตรวจสอบรายละเอียดของ Class Skill ที่เรียนรู้แล้วได้ที่นี่"""
RebootText016#0,"""รายชื่อ Class Skill"""
RebootText017#0,"""เมนู Character"""
RebootText018#0,"""ข้อมูลพื้นฐาน"""
RebootText019#0,"""PlayStation Network ID"""
RebootText020#0,"""Xbox Live Gamertag"""
RebootText021#0,"""Sub Class"""
RebootText022#0,"""EX Style"""
RebootText023#0,"""รายชื่อ Class/EX Style"""
RebootText024#0,"""รายชื่อ Class/EX Style Skill"""
AdditionalSkillInfo#0,"""ข้อมูล Add-On Skill"""
AdditionalSkillList#0,"""รายชื่อ Add-On Skill"""
AdditionalSkillLevel#0,"""Lv.$(0)"""
AdditionalSkillMain#0,"""<c 76d1ff>เอฟเฟกต์หลัก<c>"""
AdditionalSkillSub#0,"""<c 76d1ff>เอฟเฟกต์รอง<c>"""
SubStyleTitle#1,"""รายชื่อ EX Style Skill"""
ClassSubStyleInfo#0,"""รายละเอียด Class/EX Style"""
SubStyleList#0,"""รายชื่อ EX Style"""
NoSubStyleSkillMessage#0,"""ไม่มี EX Style Skills"""
ClassSubStyleSkillInfo#0,"""ข้อมูล Class/EX Style Skill"""
Title_DeadMenu#0,"""เมนูหมดสภาพ"""
Label_Return#0,"""กลับไปที่ Campship"""
Label_Revival#0,"""ฟื้นคืนชีพที่นี่"""
Title_Return#0,"""กลับไปที่ Campship"""
Message_Return#0,"""คุณกำลังจะกลับไปที่ Campship<br>แน่ใจหรือไม่?"""
Message_Return_NoReward#0,"""คุณกำลังจะกลับไปที่ Campship<br>แน่ใจหรือไม่?<br><br><red>※เมื่อคุณกลับไปที่ Campship แล้ว<br>\u3000คุณจะไม่สามารถรับรางวัลได้อีก<c>"""
Title_Revival#0,"""ฟื้นคืนชีพที่นี่"""
Message_Revival#0,"""คุณกำลังจะฟื้นคืนชีพที่นี่<br>แน่ใจหรือไม่?"""
Message_Revival_NoReward#0,"""คุณกำลังจะฟื้นคืนชีพที่นี่<br>แน่ใจหรือไม่?<br><br><red>※หากคุณฟื้นคืนชีพ คุณจะไม่สามารถรับรางวัลได้อีก<c>"""
Message_ReturnFailure#0,"""ไม่สามารถกลับไปที่ Campship ได้ในขณะนี้"""
Message_RevivalFailure#0,"""ไม่สามารถฟื้นคืนชีพได้ในขณะนี้"""
Label_Failure#0,"""ละทิ้ง Quest"""
Message_Failure#0,"""คุณกำลังจะละทิ้ง Quest นี้<br>แน่ใจหรือไม่?"""
Label_FailurePartyExit#0,"""ละทิ้ง Quest (ออกจาก Party)"""
Message_FailurePartyExit#0,"""ละทิ้ง Quest และออกจาก<br>Party ใช่หรือไม่?"""
Label_Chat#0,"""Chat"""
Label_UseHalf#0,"""ฟื้นคืนชีพโดยใช้ Half Doll"""
Title_HalfDollUse#0,"""ใช้ Half Doll"""
Message_HalfDollUse#0,"""คุณกำลังจะฟื้นคืนชีพโดยใช้ Half Doll<br>แน่ใจหรือไม่?<br><br><yellow>※คุณสามารถใช้ Half Doll ได้อีก $(1) ครั้ง<br>\u3000จำนวนครั้งที่ใช้ได้จะถูกฟื้นฟูเมื่อคุณกลับไปที่ Campship<c><br>(จำนวนที่มี: $(0))"""
Message_HalfDollNotRemain#0,"""คุณไม่สามารถฟื้นคืนชีพโดยใช้ Half Doll ได้ เนื่องจากคุณได้ใช้ไปแล้วครบ $(1) ครั้ง<br><br><yellow>※จำนวนครั้งที่ใช้ได้จะถูกฟื้นฟูเป็น $(2) ครั้งเมื่อคุณกลับไปที่ Campship<c><br>(จำนวนที่มี: $(0))"""
Message_HalfDollNotHave#0,"""คุณไม่สามารถฟื้นคืนชีพโดยใช้ Half Doll ได้ เนื่องจากคุณไม่มีไอเทมชิ้นนี้<br><br><yellow>※หากคุณมี Half Doll คุณจะสามารถใช้ได้สูงสุด<br>\u3000$(0) ครั้ง<br>\u3000จำนวนครั้งที่ใช้ได้จะถูกฟื้นฟูเมื่อคุณกลับไปที่ Campship<c>"""
Message_CanNowUseHalfDoll#0,"""จำนวนครั้งที่สามารถใช้ Half Doll ได้ถูกฟื้นฟูแล้ว"""
Message_Revive_count#0,"""ฟื้นคืนชีพอัตโนมัติใน 10 วินาที"""
Message_Revive_count_5#0,"""ฟื้นคืนชีพอัตโนมัติใน 5 วินาที"""
Message_Revive_count_10#0,"""ฟื้นคืนชีพอัตโนมัติใน 10 วินาที"""
Message_Revive_count_15#0,"""ฟื้นคืนชีพอัตโนมัติใน 15 วินาที"""
Message_Revive_count_30#0,"""ฟื้นคืนชีพอัตโนมัติใน 30 วินาที"""
Message_Revive_count_Time#0,"""ฟื้นคืนชีพอัตโนมัติใน $(0) วินาที"""
Title_RetryConform#0,"""เมนู Retry"""
Label_Retry#0,"""Retry"""
Title_RetrySelect#0,"""เลือก Retry"""
Message_Retry#0,"""คุณต้องการลอง Quest นี้ใหม่อีกครั้งหรือไม่?<br><br><red>การ Retry จะเป็นการรีเซ็ตสถานะของคุณ<br>ให้กลับไปก่อนเริ่ม Quest<c>"""
FastTravelTerminal_Revival#0,"""กลับไปที่ Ryuker Device"""
FastTravelTerminal_Revival_NoReward#0,"""คุณต้องการกลับไปที่ Ryuker Device หรือไม่?"""
FastTravelTerminal_Revival_NoReward_name#0,"""คุณต้องการกลับไปที่<br>$(0) Ryuker Device หรือไม่?"""
Central_Revival#0,"""กลับไปที่ Central City หรือไม่?"""
Central_Revival_NoReward#0,"""กลับไปที่ Central City หรือไม่?"""
Emergency_Revival#0,"""ฟื้นคืนชีพที่นี่ """
Emergency_Revival_Count#0,"""(สามารถใช้งานได้ในอีก $(0) วินาที)"""
Prologue_Revival_message#0,"""ในระหว่าง Quest นี้ คุณจะถูกฟื้นคืนชีพอัตโนมัติเมื่ออยู่ในสถานะหมดสภาพ"""
DeadMenuTitle#0,"""เมนูหมดสภาพ"""
Return#0,"""กลับไปที่ Campship"""
Buy#2,"""ซื้อ N-Scape Doll เพื่อฟื้นคืนชีพ <pict Arcscash>"""
Use#0,"""ใช้ N-Scape Doll เพื่อฟื้นคืนชีพ"""
Help#0,"""-"""
ApllyHelp#0,"""-"""
CancelHelp#0,"""-"""
ReturnTitle#0,"""กลับไปที่ Campship"""
ReturnMessage#0,"""คุณกำลังจะกลับไปที่ Campship<br>แน่ใจหรือไม่?"""
ReturnMessage2#0,"""คุณกำลังจะกลับไปที่ Campship<br>แน่ใจหรือไม่?<br><br><red>※เมื่อคุณกลับไปที่ Campship แล้ว คุณจะไม่สามารถรับรางวัลใดๆ ได้อีก<c>"""
ScapeDollBuyTitle#0,"""ซื้อ N-Scape Doll"""
ScapeDollBuyMessage#0,"""<pict Arcscash> <c ff4f3f>เนื้อหา AC<c><br>การดำเนินการนี้จะซื้อ N-Scape Doll 1 ชิ้น และใช้งานทันทีเพื่อฟื้นคืนชีพคุณ ดำเนินการต่อหรือไม่?"""
ScapeDollUseTitle#0,"""ใช้ N-Scape Doll"""
ScapeDollUseMessage#0,"""<pict Arcscash> <c 5fdf00>กำลังใช้ไอเทมที่ซื้อ<c><br>การดำเนินการนี้จะใช้ N-Scape Doll ที่คุณมี 1 ชิ้นเพื่อฟื้นคืนชีพคุณ ดำเนินการต่อหรือไม่?<br><br>(จำนวนที่มี: $(0))"""
ReturnFailure#0,"""ไม่สามารถกลับไปที่ Campship ได้ในขณะนี้"""
Failure#0,"""ละทิ้ง Quest"""
FailureMessage#0,"""การดำเนินการนี้จะทำให้คุณละทิ้ง Quest<br>ดำเนินการต่อหรือไม่?"""
FailurePartyExit#0,"""ละทิ้ง Quest (ออกจาก Party)"""
FailurePartyExitMessage#0,"""การดำเนินการนี้จะทำให้คุณออกจาก Party <br>และละทิ้ง Quest ของคุณ<br>ดำเนินการต่อหรือไม่?"""
Chat#0,"""Chat"""
UseHalf#0,"""ฟื้นคืนชีพโดยใช้ N-Half Doll"""
HalfDollUseTitle#0,"""การใช้งาน N-Half Doll"""
HalfDollUseMessage#0,"""คุณกำลังจะฟื้นคืนชีพโดยใช้ N-Half Doll<br>ดำเนินการต่อหรือไม่?<br><br><yellow>※คุณสามารถใช้ N-Half Doll ได้อีก $(1) ครั้ง<br>จำนวนครั้งที่ใช้ได้จะถูกฟื้นฟูเมื่อกลับไปยังเมือง<c><br>(จำนวนที่มี: $(0))"""
HalfDollNotRemainMessage#0,"""คุณไม่สามารถฟื้นคืนชีพโดยใช้ N-Half Doll ได้ เนื่องจากคุณได้ใช้ไปแล้วครบ $(1) ครั้ง<br><br><yellow>※หากคุณกลับไปยังเมือง คุณจะสามารถใช้ได้อีก $(2) ครั้ง<c><br>(จำนวนที่มี: $(0))"""
HalfDollNotHaveMessage#0,"""คุณไม่สามารถฟื้นคืนชีพโดยใช้ N-Half Doll ได้ เนื่องจากคุณไม่มีไอเทมชิ้นนี้<br><br><yellow>※หากคุณมี N-Half Dolls คุณจะสามารถใช้ได้อีก $(0) ครั้ง จำนวนครั้งที่ใช้ได้จะถูกฟื้นฟูเมื่อกลับไปยังเมือง<c>"""
CanNowUseHalfDoll#0,"""จำนวนครั้งที่สามารถใช้ N-Half Doll ได้ถูกฟื้นฟูแล้ว"""
Revive_count#0,"""ฟื้นคืนชีพอัตโนมัติใน 10 วินาที"""
Revive_count_vita#0,"""ฟื้นคืนชีพอัตโนมัติใน 10 วินาที"""
Revive_count_5#0,"""ฟื้นคืนชีพอัตโนมัติใน 5 วินาที"""
Revive_count_Time#0,"""ฟื้นคืนชีพอัตโนมัติใน $(0) วินาที"""
RetryConform#0,"""เมนู Quest"""
Retry#0,"""Retry"""
RetrySelect#0,"""เลือก Retry"""
RetryMessage#0,"""คุณต้องการลอง Quest นี้ใหม่อีกครั้งหรือไม่?<br><red>※หากคุณเลือก Retry ข้อมูลของ Quest จะถูกรีเซ็ตทั้งหมด<c>"""
RetryErrorMessage#0,"""ไม่สามารถ Retry ได้ เนื่องจากมีสมาชิกบางคนยังคงอยู่ในหน้าจอ Quest Storage"""
BuckToField#0,"""กลับ"""
BuckToField_GetOutParty#0,"""ออกจาก Party และกลับ"""
BuckToField_GetOutMyself#0,"""กลับเพียงลำพัง"""
BuckToField_CheckMessage#0,"""คุณต้องการกลับหรือไม่?<br><br><yellow>สมาชิกใน Party ของคุณ<c> จะกลับไปด้วยเช่นกัน"""
BuckToField_CheckMessage_GetOutMyself#0,"""คุณต้องการกลับไปที่พื้นที่ หรือไม่?<br><br>สมาชิกใน Party ของคุณจะไม่ถูกย้ายออกไป <yellow>มีเพียงคุณเท่านั้น<c>"""
RetryMessage2#0,"""คุณต้องการลอง Quest นี้ใหม่อีกครั้งหรือไม่?<br><red>※หากคุณเลือก Retry ข้อมูลของ Quest จะถูกรีเซ็ตทั้งหมด<c>"""
TrigerActiveRetired#0,"""คุณต้องการละทิ้ง Quest หรือไม่?<br><br>หากคุณละทิ้ง Quest นี้ <yellow>สมาชิกทุกคนใน Party<c> จะถูกส่งกลับไปยังพื้นที่ ด้วยเช่นกัน<br><br>นอกจากนี้ คุณจะสูญเสียเอฟเฟกต์ใดๆ เช่น พลังที่เพิ่มขึ้น ที่ได้รับระหว่างการทำ Quest"""
TrigerJoinRetired#0,"""คุณต้องการละทิ้ง Quest หรือไม่?<br><br>หากคุณละทิ้ง Quest นี้ <yellow>คุณเพียงคนเดียว<c> ที่จะถูกส่งกลับไปยังพื้นที่<br><br>นอกจากนี้ คุณจะสูญเสียเอฟเฟกต์ใดๆ เช่น พลังที่เพิ่มขึ้น ที่ได้รับระหว่างการทำ Quest<br><br><yellow>※เมื่อคุณออกจาก Battledia Quest คุณจะไม่สามารถกลับเข้าสู่ Quest ที่กำลังดำเนินอยู่ได้อีก<c>"""
TrigerJoinRetiredBlue#0,"""คุณต้องการละทิ้ง Quest หรือไม่?<br><br>หากคุณละทิ้ง Quest นี้ <yellow>คุณเพียงคนเดียว<c> ที่จะถูกส่งกลับไปยังพื้นที่<br><br>นอกจากนี้ คุณจะสูญเสียเอฟเฟกต์ใดๆ เช่น พลังที่เพิ่มขึ้น ที่ได้รับระหว่างการทำ Quest<br><br><yellow>※เมื่อคุณออกจาก Quest แล้ว คุณจะไม่สามารถกลับเข้าสู่ Quest ที่กำลังดำเนินอยู่ได้อีก<c>"""
TrinitesQuestRetireLeaderMessage#0,"""คุณต้องการละทิ้ง Quest หรือไม่?<br><br>หากคุณละทิ้ง Quest นี้ <yellow>สมาชิกทุกคนใน Party<c> จะถูกส่งกลับไปยังพื้นที่ ด้วยเช่นกัน<br><br>นอกจากนี้ คุณจะสูญเสียเอฟเฟกต์ใดๆ เช่น พลังที่เพิ่มขึ้น ที่ได้รับระหว่างการทำ Quest"""
TrinitesQuestRetireMemberMessage#0,"""คุณต้องการละทิ้ง Quest หรือไม่?<br><br>หากคุณละทิ้ง Quest นี้ <yellow>คุณเพียงคนเดียว<c> ที่จะถูกส่งกลับไปยังพื้นที่<br><br>นอกจากนี้ คุณจะสูญเสียเอฟเฟกต์ใดๆ เช่น พลังที่เพิ่มขึ้น ที่ได้รับระหว่างการทำ Quest"""
ContinueMessage1#0,"""Quest จะสิ้นสุดลงหลังจากระยะเวลาหนึ่งเมื่อสมาชิกทุกคนหมดสภาพ"""
ContinueMessage2#0,"""เวลาในการฟื้นคืนชีพ: เหลืออีก $(0) วินาที"""
NextQuest#0,"""เลื่อนไปยังระดับความยากถัดไป"""
NextQuestSelect#0,"""ยืนยันการรับ Quest"""
NextQuestMessage#0,"""คุณต้องการรับ Quest ในระดับความยากถัดไปหรือไม่?<br><br>เมื่อคุณรับ Quest นี้ <yellow>สมาชิกทุกคนใน Party<c> จะถูกเลื่อนไปพร้อมกับคุณ<br><br>เอฟเฟกต์ใดๆ ที่ได้รับระหว่าง Quest ก่อนหน้า เช่น บัฟสเตตัส จะถูกรีเซ็ตทั้งหมด"""
NextQuestErrorMessage#0,"""รับ Quest ในระดับความยากถัดไปล้มเหลว<br>เลือก 【 กลับ 】 เพื่อกลับไปยัง ARKS Base"""
Emergency_Revival_ErrorToast#0,"""เกิดข้อผิดพลาด: ไม่สามารถฟื้นคืนชีพได้"""
PointUse_Message#0,"""การฟื้นคืนชีพต้องใช้ Energy Points $(0)<pict buffcon_point><pict 4space> แต้ม<br>แน่ใจหรือไม่?"""
Emergency_Revival_Point#0,"""ใช้แต้มไป: $(0)<pict buffcon_point><pict 4space>(คงเหลือ: $(1)<pict buffcon_point>)"""
Label_Revival_RankDecrease#0,"""ฟื้นคืนชีพอัตโนมัติในอีก:<pict 4space>$(0) วินาที (จะมีผลต่อผลลัพธ์ของเควสต์)"""
LevelUp_Ask#0,"""กำลังใช้ $(0) SP เพื่อเพิ่มเลเวล<br>แน่ใจหรือไม่?<br><br>(Skill Points ปัจจุบัน: $(1) SP)"""
LevelUp_AskNoCost#0,"""<yellow>การเพิ่มเลเวลโดยไม่ใช้ SP<br>แน่ใจหรือไม่?"""
LevelUp_Success#0,"""การจัดสรร Skill Point เสร็จสมบูรณ์"""
LevelUp_Lack#0,"""คุณมี Skill Points ไม่เพียงพอที่จะเพิ่มเลเวล Skill นี้<br><br>คุณสามารถดูรายละเอียดของ Skill ได้ด้วย <%NextTabDetails><br><br>(ต้องการ $(0) SP)"""
LevelUp_Lack_v#0,"""คุณมี Skill Points ไม่เพียงพอที่จะเพิ่มเลเวล Skill นี้<br><br>คุณสามารถดูรายละเอียดของ Skill ได้ด้วย <pict Sign_SELECT><br><br>(ต้องการ $(0) SP)"""
LevelUp_LackLv#0,"""เลเวลของคุณไม่เพียงพอที่จะเรียนรู้สิ่งนี้"""
LevelUp_Max#0,"""คุณไม่สามารถเพิ่มเลเวลสิ่งนี้ได้อีกแล้ว"""
LevelUp_Wait#0,"""กรุณารอสักครู่"""
LevelUp_LackPre#0,"""ไม่สามารถเรียนรู้ได้เนื่องจาก skill ที่เป็นเงื่อนไขยัง<br>มีเลเวลไม่ถึงตามที่กำหนด<br><br>คุณสามารถดูรายละเอียดของ skill ได้ด้วย <%NextTabDetails>"""
LevelUp_LackPre_v#0,"""ไม่สามารถเรียนรู้ได้เนื่องจาก skill ที่เป็นเงื่อนไขยัง<br>มีเลเวลไม่ถึงตามที่กำหนด<br><br>คุณสามารถดูรายละเอียดของ skill ได้ด้วย <pict Sign_SELECT>"""
LevelUp_SabStyle_Success#0,"""การจัดสรร EX Style Points เสร็จสมบูรณ์"""
Rename#0,"""เปลี่ยนชื่อ Skill Tree แล้ว"""
Rename_Text#0,"""กรุณาเปลี่ยนชื่อของ Skill Tree ที่เลือก"""
Exp_WholeSkillTree#0,"""แสดง Skill Trees ที่เลือกทั้งหมด"""
Exp_AddSkillTree#0,"""ใช้ AC เพื่อเพิ่ม Skill Tree"""
Exp_RenameSkillTree#0,"""เปลี่ยนชื่อ Skill Tree ที่เลือก"""
Exp_ClassSkillTree#0,"""Skill Tree ของคลาส %s"""
Failed#0,"""เกิดข้อผิดพลาด การกระทำถูกระงับ"""
Blank#2,"""－"""
Detail#0,"""รายละเอียด Class Skill"""
ClassSkillTree#0,"""Class Skill Tree"""
SabStyleTree#0,"""EX Style Skill Tree"""
SkillPoint#1,"""Skill Point ของคุณ"""
SabStylePoint#0,"""EX Style Skill Point"""
ViewTree#0,"""ดู Skill Tree"""
AddTree#0,"""เพิ่ม Skill Tree"""
EditTreeComment#0,"""แก้ไขคำอธิบาย Tree"""
EditTreeComment_Text#0,"""กรุณากรอกคำอธิบายสำหรับ Tree"""
sp#0,"""SP"""
Tutorial#0,"""Tutorial"""
Lock#0,"""แสดงเลเวลที่ต้องการของ prerequisite skills"""
ClassLevelLock#0,"""แสดง Class Level ที่ต้องการเพื่อเรียนรู้ skill นี้"""
Precondition#0,"""เงื่อนไข"""
TreeCheck#0,"""ตรวจสอบ Skill Tree"""
TreeReset#0,"""ย้าย Skill Tree"""
SKillName#0,"""ชื่อ Skill"""
SKillTreeNameChange#0,"""เปลี่ยนชื่อ Skill Tree"""
SKillTreeNameChangeVita#0,"""<pict Sign_SQUARE>เปลี่ยนชื่อ Tree"""
NameInput#0,"""กรอกชื่อ"""
RenameExplain#0,"""กรุณากรอกชื่อที่ต้องการสำหรับ<br>Skill Tree ด้านล่าง"""
RenameError#0,"""คุณไม่สามารถใช้ชื่อนี้ได้"""
LevelUp_LackClassLv#0,"""Class Level ของคุณไม่สูงพอที่จะเรียนรู้<br>skill นี้<br><br>ข้อมูลเลเวลที่ต้องการ<br>$(0) $(1) Lv.$(2)"""
LevelUp_LackClassLv_v#0,"""Class Level ของคุณไม่สูงพอที่จะเรียนรู้<br>skill นี้<br><br><br>ข้อมูลเลเวลที่ต้องการ<br>$(0) $(1) Lv.$(2)"""
RebootText001#1,"""Skill Point"""
RebootText002#1,"""จัดสรร Skill Points ให้กับ Class Skills ที่เลือกหรือไม่?"""
RebootText003#1,"""Skill Points ไม่เพียงพอ"""
RebootText004#1,"""ละทิ้งการเปลี่ยนแปลงของคุณหรือไม่?"""
RebootText005#1,"""EX Style Points"""
RebootText006#1,"""จัดสรร EX Style Point หรือไม่?"""
RebootText007#1,"""EX Style Points ไม่เพียงพอ"""
ShowClassTutorial#0,"""แสดงความช่วยเหลือ"""
Title_SkillAcquisition#0,"""Skill Points"""
Message_SkillAcquisitionLack#0,"""คุณมี M.A.R.S. Skill Points ไม่เพียงพอ"""
HealTank#0,"""Resta Sign """
RecoveryMoonAtomizer#0,"""Reverser Sign """
HunterWarCry#0,"""War Cry"""
HunterIronWill#0,"""Iron Will"""
HunterMassiveHunter#0,"""Massive Hunter """
HunterParryingPa#0,"""Hunter Art <br>Avenge"""
HunterSwordGuardCounterPlus#0,"""Sword Guard <br>Counter Plus"""
HunterSwordNormalAttackPlus#0,"""Sword Attack <br>Extra"""
HunterSwordAttackExtra#0,"""Sword Attack <br>Extra"""
HunterWeakHitAdvance#0,"""Weak Hit <br>Advance Hu"""
HunterParryingCritical#0,"""Parrying Critical"""
HunterCounterBoost#0,"""Counter <br>Boost"""
HunterJustGuardDownBoost#0,"""Just Guard <br>Reaction Boost"""
HunterSwordGuardCounter#0,"""Sword Guard <br>Counter"""
HunterFlashGuard#0,"""Flash Guard"""
HunterParryingPPHeal#0,"""Hunter Art <br>Avenge PP Gain"""
HunterParryingPaJustGuard#0,"""Hunter Art <br>Just Parry"""
HunterSlowFallCharge#0,"""Slow Landing <br>Charge Hu"""
HunterTecArtsSkipAttack#0,"""Another Art <br>Skip Attack Hu"""
HunterSameArtsSkipAttack#0,"""Same Art <br>Skip Attack Hu"""
HunterPartisanVolgraptor#0,"""Vol Graptor """
HunterPartisanAssaultCharge#0,"""Assault Charge"""
HunterPartisanParryingAssaultCharge#0,"""Assault Charge <br>Avenge"""
HunterPartisanVolgraptorPPHeal#0,"""Vol Graptor <br>PP Gain"""
HunterWLanceAttackExtra#0,"""Wired Attack <br>Extra"""
HunterWLanceWAPlus#0,"""Wired Anchor <br>Advance"""
HunterWLanceWAGuardPointPlus#0,"""Wired Anchor <br>Just Parry"""
RangerGaugeShotGun#0,"""Spread Shot """
RangerGaugeShotGunAway#0,"""Spread Shot <br>Quick Escape"""
RangerWeakBullet#0,"""Weak Bullet """
RangerWeakBulletParse#0,"""Weak Bullet <br>Reinforce"""
RangerWeaponActionAvoid#0,"""Rifle Slide <br>Shot Advance"""
RangerGrenadeTrap#0,"""Rifle Grenadier"""
RangerRangeBonus#0,"""Optimal Distance <br>Reaction Bonus"""
RangerDownChain#0,"""Reaction Chain"""
RangerWeakHitAdvance#0,"""Weak Hit <br>Advance Ra"""
RangerWeakBlastBonus#0,"""Weak Hit <br>Blast Bonus"""
RangerFallSlowAttack#0,"""Slow Landing <br>Attack Ra"""
RangerFallSlowCharge#0,"""Slow Landing <br>Charge Ra"""
RangerClusterBombRecastReduce#0,"""Sticky Bomb <br>Quick Reload"""
RangerLauncherChargeConvergence#0,"""Launcher Charge <br>Grouping"""
RangerConditionBadGuard#0,"""Bad Condition <br>Resist"""
RangerConditionBadEase#0,"""Bad Condition <br>Reduce"""
ForcePhotonFlare#0,"""Photon Flare """
ForcePpConvert#0,"""PP Convert """
ForcePpConvertReCharge#0,"""PP Convert <br>Increase"""
ForceChargePpRevival#0,"""Tech Charge <br>PP Well Up"""
ForceChargeEscape#0,"""Rod Technique <br>Keep"""
ForceHeal#0,"""Resta Field Fo"""
ForceOverFlow#0,"""Overflow"""
ForcePhotonFlareAfterBurst#0,"""Photon Flare <br>Afterburst"""
ForcePhotonFlareBoost#0,"""Photon Flare <br>Boost"""
ForceRodCounterTechnic#0,"""Rod React <br>Advance"""
ForcePhotonFlarePpRefrain#0,"""Photon Flare <br>PP Aftergain"""
ForceNightmare#0,"""Killing PP Gain"""
ForceReflectCounterShot#0,"""Elemental Bullet"""
ForceRodCounterTecBonus#0,"""Rod Counter <br>Advance"""
ForceRodAbsorption#0,"""Stay PP Gain"""
ForceTalisConcentrate#0,"""Talis Bloom <br>Stimulate"""
ForceTalisQuickMarkShot#0,"""Float Pillbox <br>Multi-Lock"""
ForceTalisSetRevok#0,"""Talis Bloom <br>Revoke"""
ForcePpRestorate#0,"""PP Recovery Up"""
ForceSlowFallCharge#0,"""Slow Landing <br>Charge Fo"""
ForceBartaBlot#0,"""Barta Blot"""
ForceZondeClad#0,"""Zonde Clad"""
FighterLimitBreak#0,"""Limit Break """
FighterLimitBreakPhotonCharge#0,"""Limit Break <br>PP Recovery"""
FighterLimitBreakInsurance#0,"""Limit Break <br>Endurance"""
KnuckleDodgeHeatRevenge#0,"""Knuckle Attack <br>Switch"""
FighterKnuckleSwayCounterPlus#0,"""Knuckle Sway <br>Counter Plus"""
FighterKnuckleNormalAttackPlus#0,"""Knuckle Attack <br>Extra"""
FighterKnuckleAttackExtra#0,"""Knuckle Attack <br>Extra"""
FighterPhotonFlood#0,"""Photon Flood"""
FighterUnFlatBonus#0,"""Unflat Bonus"""
FighterTecArtsJABonus#0,"""Tech Arts Bonus"""
FighterPPSlayer#0,"""PP Slayer"""
FighterKnuckleSwayCounter#0,"""Knuckle Sway <br>Counter"""
FighterLimitBreakPPRestraint#0,"""Limit Break <br>PP Recovery"""
FighterKnucklePARush#0,"""Knuckle Art Combo <br>PP Save"""
FighterTDSpinDerive#0,"""Dagger Spin Accel"""
FighterKamaitachiLv2PPHeal#0,"""Saber Graze <br>PP Gain"""
FighterChaseAdvance#0,"""กำจัดed <br>Advantage"""
FighterChaseAdvancePPRecovery#0,"""กำจัดed <br>PP Recovery"""
FighterTecArtsSkipAttack#0,"""Another Art <br>Skip Attack Fi"""
FighterSameArtsSkipAttack#0,"""Same Art <br>Skip Attack Fi"""
FighterSkipArts#0,"""Fighter <br>Skip Arts"""
FighterTDAnotherDerive#0,"""Accelerator Drive"""
FighterTDSpinCounter#0,"""Dagger Spin <br>Counter"""
FighterTDAttackExtra#0,"""Dagger Attack <br>Extra"""
FighterDSDodgeWindCounter#0,"""Saber Parry <br>Counter"""
FighterDSDodgeWindWACounter#0,"""Saber Parry <br>Another Counter"""
FighterDSDeadlyArcher#0,"""Deadly Archer"""
FighterDSEnhanceAttack#0,"""Spiral Drive"""
GunnerChainTrigger#0,"""Chain Trigger"""
GunnerChainFinish#0,"""Chain Finish"""
GunnerChainFinishTimeBonus#0,"""Chain Trigger <br>Quick Reload"""
GunnerSRollArts#0,"""Stylish Roll <br>Arts"""
GunnerCounterPABurst#0,"""Stylish Roll <br>Strike Back"""
GunnerChainBoost#0,"""Chain Boost"""
GunnerNeutralDeadApproach#0,"""Stylish <br>Onslaught"""
GunnerPerfectKeeper#0,"""Perfect <br>Keeper"""
GunnerChainFinishBonus#0,"""Chain Finish <br>Bonus"""
GunnerNeoTime#0,"""Neo Time"""
GunnerNeoTimeBlastBonus#0,"""ネオタイム<br>ブラストボーナス"""
GunnerNeoTimePPRefresh#0,"""ネオタイム<br>PPリフレッシュ"""
GunnerAirAttackBonus#0,"""エアアタック<br>ボーナス"""
GunnerReactionWeak#0,"""リアクションウィーク"""
GunnerFallSlowAttack#0,"""Slow Landing <br>Attack Gu"""
GunnerFallSlowCharge#0,"""Slow Landing <br>Charge Gu"""
GunnerGaugeShotGun#0,"""Spread Shot """
GunnerGaugeShotGunAway#0,"""Spread Shot <br>Quick Escape"""
WeaponAction#0,"""Weapon Action"""
NormalAttack#0,"""Normal Attack"""
Step#0,"""Step """
StepAdvance#0,"""Step <br>Advance """
StepAttack#0,"""Step <br>Attack """
HunterJustReversal#0,"""Just <br>Reversal """
HunterHPUp1#0,"""HP Boost 1 """
GuardStance#0,"""Guard Stance """
GuardStanceUp1#0,"""Guard Stance <br>Boost """
HunterHPUp2#0,"""HP Boost 2 """
HunterHPUp3#0,"""HP Boost 3 """
AutoMateHalfline#0,"""Automate <br>Halfline """
MaterialDefence1#0,"""Flash <br>Guard 1 """
TechDefence#0,"""Flash <br>Tech Guard """
MaterialDefence2#0,"""Flash <br>Guard 2 """
GuardStancePoison#0,"""Guard Stance <br>Poison """
GuardStanceBurn#0,"""Guard Stance <br>Burn """
HunterDfpStrikeUp1#0,"""S-DEF Up """
WarCry#0,"""War Cry """
IronWill#0,"""Iron Will """
HunterAtpStrikeUp1#0,"""S-ATK Boost 1 """
HunterAtpStrikeUp2#0,"""S-ATK Boost 2 """
FuryStance#0,"""Fury Stance """
FuryStanceUp1#0,"""Fury Stance <br>Boost 1 """
FuryStanceUp2#0,"""Fury Stance <br>Boost 2 """
FuryStanceCritical#0,"""Fury <br>Critical """
SwordGear#0,"""Sword Gear """
WiredlanceGear#0,"""Wired <br>Lance Gear """
PartisanGear#0,"""Partizan Gear """
JustAttackBonus1#0,"""JA Bonus 1 """
JustAttackBonus2#0,"""JA Bonus 2 """
Guard#1,"""Guard """
HunterDfpFirearmUp1#0,"""R-DEF Boost 1 """
JustGuard#0,"""Just Guard """
JustCounter#0,"""Just <br>Counter """
Rare10Hunter#0,"""Rare Mastery <br>Hunter """
FuryComboUp#0,"""Fury Combo <br>Boost """
PrettyGood#0,"""Pretty Good """
Sacrifice#0,"""Absorption """
HunterAtpStrikeUp3#0,"""S-ATK Boost 3 """
JustGuardAdvance#0,"""Just Guard <br>Advance """
FuryGearBoost#0,"""Hunter Gear <br>Boost """
NeverGiveup#0,"""Never <br>Give Up """
MassiveHunter#0,"""Massive <br>Hunter """
AdvanceGuard#0,"""Healing Guard """
WarBrave#0,"""War Brave """
HunterDexUp1#0,"""DEX Up """
AllGuard#0,"""All Guard """
GuardStanceJustGuradAttack#0,"""Guard Stance <br>Advance """
JustGuardPpSave#0,"""Just Guard <br>PP Gain """
ChargeParrying#0,"""Charge <br>Parry """
WarCryJellen#0,"""War Attract """
HunterHighLevelBonus#0,"""High Level <br>Bonus Hu """
HunterNextJump#0,"""Next <br>Jump """
HunterFirstArtsJAAddition#0,"""First Arts <br>JA Addition """
HunterAirReversal#0,"""Air <br>Reversal """
HunterDushJump#0,"""Step <br>Jump """
HunterStepJACombo#0,"""Step <br>JA Combo """
HunterJustReversalJACombo#0,"""J. Reversal <br>JA Combo """
FighterStep#0,"""Step """
FighterStepAdvance#0,"""Step <br>Advance """
FighterStepAttack#0,"""Step <br>Attack """
FighterJustReversal#0,"""Just <br>Reversal """
FighterAtpStrikeUp1#0,"""S-ATK Boost 1 """
BraveStanceUp1#0,"""Brave Stance <br>Up """
BraveCritical#0,"""Brave <br>Critical """
BraveStance#0,"""Brave <br>Stance """
FighterHPUp1#0,"""HP Boost 1 """
KnuckleGear#0,"""Knuckle Gear """
TwindaggerGear#0,"""T. Dagger <br>Gear """
FighterAtpStrikeUp2#0,"""S-ATK Boost 2 """
FighterDfpStrikeUp1#0,"""S-DEF Up """
AbnormalAdvance#0,"""Chase <br>Advance """
AbnormalBind#0,"""Chase <br>Bind """
WiseStanceUp1#0,"""Wise Stance <br>Up """
WiseCritical#0,"""Wise <br>Critical """
WiseStance#0,"""Wise Stance """
FighterHPUp2#0,"""HP Boost 2 """
FighterAtpStrikeUp3#0,"""S-ATK Boost 3 """
DoublesaverGear#0,"""D. Saber <br>Gear """
HalflineSlayer#0,"""Halfline <br>Slayer """
DeadlineSlayer#0,"""Deadline <br>Slayer """
Rare10Fighter#0,"""Rare Mastery <br>Fighter """
PPSlayer#0,"""PP Slayer """
HalflineAbnormal#0,"""Halfline <br>Boost """
Adrenalin#0,"""Adrenaline """
CrazyHeart#0,"""Crazy Heart """
CrazyBeat#0,"""Crazy Beat """
ThirdAct#0,"""Third Act """
AbnormalAdvance2#0,"""Chase <br>Advance Plus """
CriticalStrike#0,"""Critical <br>Strike """
LimitBreak#0,"""Limit Break """
TecArtsJABonus#0,"""Tech Arts <br>JA Bonus """
FighterDexUp1#0,"""DEX Up """
DoubleSaberTwister#0,"""Double Saber <br>Wind Parry """
KnuckleGearKeep#0,"""Knuckle Gear <br>Boost """
TwinDaggerSpinMove#0,"""Twin Dagger <br>Spin Move """
LimitBreakPhotonCharge#0,"""Limit Break <br>Photon Charge """
TecArtsJAPPSave#0,"""Tech Arts <br>JA PP Save """
LimitBreakInsurance#0,"""Limit Break <br>Insurance """
FighterHighLevelBonus#0,"""High Level <br>Bonus Fi """
FighterNextJump#0,"""Next <br>Jump """
FighterFirstArtsJAAddition#0,"""First Arts <br>JA Addition """
FighterAirReversal#0,"""Air <br>Reversal """
FighterDushJump#0,"""Step <br>Jump """
FighterStepJACombo#0,"""Step <br>JA Combo """
FighterJustReversalJACombo#0,"""J. Reversal <br>JA Combo """
Diveroll#0,"""Dive Roll """
DiverollAdvance#0,"""Dive Roll <br>Advance """
RangerJustReversal#0,"""Just <br>Reversal """
RangerDexUp1#0,"""DEX Boost 1 """
WeakSnipeBonus1#0,"""Weak Hit <br>Advance 1 """
ReloadWeak#0,"""Weak <br>Bullet """
RangerDexUp2#0,"""DEX Boost 2 """
RangerDexUp3#0,"""DEX Boost 3 """
WeakSnipeBonus2#0,"""Weak Hit <br>Advance 2 """
StandUpSnipe1#0,"""Standing <br>Snipe 1 """
RangerDfpFirearmUp1#0,"""R-DEF Boost """
StandUpSnipe2#0,"""Standing <br>Snipe 2 """
ToolMastery#0,"""Tool <br>Mastery """
TrapPoizon#0,"""Poison Trap """
TrapPoizonCustom#0,"""Poison T <br>Custom """
TrapUpper#0,"""Upper Trap """
TrapUpperCustom#0,"""Upper T <br>Custom """
TrapFlash#0,"""Stun <br>Grenade """
TrapSearch#0,"""Trap Search """
RangerAtpFirearmUp1#0,"""R-ATK Boost 1 """
ReloadBind#0,"""Bind <br>Bullet """
RangerAtpFirearmUp2#0,"""R-ATK Boost 2 """
ReloadJellen#0,"""Jellen <br>Shot """
ReloadMirage#0,"""Mirage <br>Shot """
ReloadPanic#0,"""Panic <br>Shot """
Rare10Ranger#0,"""Rare Mastery <br>Ranger """
KillingBonus#0,"""Killing Bonus """
FirstHit#0,"""First Hit """
BulletPPSave#0,"""PP Save <br>Bullet """
TacticsTrap#0,"""Tactics <br>Trap """
PowerBullet#0,"""Power Bullet """
WeakSnipeAddPB#0,"""Weak Hit <br>Blast Bonus """
SniperPride#0,"""Sharp <br>Shooter """
BulletKeep#0,"""Bullet Keep """
GravityBom#0,"""Gravity Bomb """
MovingSnipe#0,"""Moving Snipe """
DiverollShoot#0,"""Dive Roll Shoot """
BulletKeepGs#0,"""Bullet Keep <br>Gunslash """
MassiveBullet#0,"""Massive <br>Bullet """
BulletDiverollShoot#0,"""Keep <br>Roll Shoot """
ExTrapMode#0,"""EX Trap """
RangerHighLevelBonus#0,"""High Level <br>Bonus Ra """
RangerNextJump#0,"""Next <br>Jump """
RangerFirstArtsJAAddition#0,"""First Arts <br>JA Addition """
RangerAirReversal#0,"""Air <br>Reversal """
RangerDushJump#0,"""Step <br>Jump """
RangerStepJACombo#0,"""Step <br>JA Combo """
RangerJustReversalJACombo#0,"""J. Reversal <br>JA Combo """
GunnerDiveroll#0,"""Dive Roll """
GunnerDiverollAdvance#0,"""Dive Roll <br>Advance """
GunnerDfpFirearmUp1#0,"""R-DEF Boost 1 """
GunnerJustReversal#0,"""Just <br>Reversal """
GunnerAtpFirearmUp1#0,"""R-ATK Boost 1 """
GunnerAtpFirearmUp2#0,"""R-ATK Boost 2 """
GunnerAtpFirearmUp3#0,"""R-ATK Boost 3 """
GunnerZeroRangeBonus1#0,"""Zero Range <br>Advance 1 """
GunnerZeroRangeBonus2#0,"""Zero Range <br>Advance 2 """
GunnerAttackPPRestraint#0,"""Attack <br>PP Restorate """
GunnerOverWhelm#0,"""Overwhelm"""
TechterShiftaDeband#0,"""Shifta-Deband """
TechterPartyAssist#0,"""Shifta-Deband <br>Party Share"""
TechterWandElementChange#0,"""Wand Element <br>Change"""
TechterWandElementDiscard#0,"""Wand Element <br>Revoke"""
TechterHeal#0,"""Resta Field Te"""
TechterWandGuardCounter#0,"""Wand Parry <br>Counter"""
TechterAssistField#0,"""シフタ・デバンド<br>フィールド"""
TechterWandLovers#0,"""Wand Lovers """
TechterWandCounterReflection#0,"""Wand Guard <br>Reflection"""
TechterShiftaStrike#0,"""Shifta Effect <br>Amplify"""
TechterShiftaAdvance#0,"""Shifta Effect <br>Advantage"""
TechterDebandCut#0,"""Deband Resist <br>Bad Condition"""
TechterDebandPpReStraight#0,"""Deband <br>PP Recovery Up"""
TechterExtendAssist#0,"""Shifta-Deband <br>Extend"""
TechterElementWeakBonus#0,"""Weak Element <br>Amplify"""
TechterAwakeYell#0,"""Awake Yell"""
TechterReverseBonus#0,"""Reverser Bounty"""
TechterWandGuardCounterEdge#0,"""Wand Parry <br>Counter Advance"""
TechterFallSlowCharge#0,"""Slow Landing <br>Charge Te"""
TechterBartaBlot#0,"""Barta Blot"""
TechterZondeClad#0,"""Zonde Clad"""
ForceTalisTecBurst#0,"""Tricky Capacitor """
TechterTalisTecBurst#0,"""Tricky Capacitor """
TechterTalisQuickMarkShot#0,"""Float Pillbox <br>Multi-Lock"""
TechterTalisSetRevok#0,"""Talis Bloom <br>Revoke"""
BraverGuardRelief#0,"""Mighty Guard"""
BraverRestaHealUp#0,"""Resta Effect <br>Amplify"""
BraverJustReversalCover#0,"""Breakfall <br>HP Gain"""
BraverCombat#0,"""Brave Combat """
BraverBraveCombatShortTime#0,"""Brave Combat <br>Short Cycle"""
BraverCombatCountAfterBonus#0,"""Brave Combat <br>Finish Prize"""
Katana:LockonChase#0,"""Brave Combat <br>Close Range"""
BraverCompoundbowPaArmor#0,"""Brave Combat <br>Arrowmates"""
BraverKatanaGuardCounter#0,"""Katana Guard <br>Counter"""
Katana:CounterEdge#0,"""Katana Guard <br>Counter Advance"""
Katana:ComboCountSkill#0,"""Katana PA <br>Combo Retention"""
Katana:Ambition#0,"""Fearless Attitude"""
BraverCounterArrow#0,"""Bullet Bow <br>Elude Counter"""
BraverCompoundbowHoming#0,"""Tracer Arrow"""
BraverCompoundbowSlideDodge#0,"""Bullet Bow <br>Elude Expand"""
BouncerDownRateUp#0,"""กำจัด <br>Amplify"""
BouncerNakedKiller#0,"""Partial Destroy <br>Advantage"""
BouncerDefeatPpGain#0,"""กำจัด <br>PP Gain"""
BouncerFrailPointUp#0,"""Decline <br>Amplify"""
BouncerPhysicFrail#0,"""Physical <br>Decline"""
BouncerElementFrail#0,"""Elemental <br>Decline"""
BouncerPhotonBladeFever#0,"""Fanatic Blade """
BouncerPhotonBladeFeverUp#0,"""Fanatic Blade <br>Augment"""
BouncerPhotonBladePpGain#0,"""Photon Blade <br>PP Recovery"""
BouncerElementBurst#0,"""Sturm Gigue """
BouncerJetBootsElementChange#0,"""Jet Boots <br>Element Set"""
BouncerJetBootsAttackExtra#0,"""Jet Attack <br>Extra"""
BouncerJetBootsJetAttack#0,"""Jet Intensity"""
BouncerJetBootsEnhancePA#0,"""ジェットアーツ<br>オルタネーション"""
BouncerJetBootsWeaponActionCounter#0,"""Boot Trick <br>Bounce Counter"""
BouncerJetBootsBlink#0,"""Thrust Drive"""
BouncerBartaBlot#0,"""Barta Blot"""
BouncerZondeClad#0,"""Zonde Clad"""
BouncerPhotonBladeGuard#0,"""Blade Art Parry"""
BouncerElementBurstPPSave#0,"""Sturm Gigue <br>PP Save"""
TwinmachinegunGear#0,"""Twin <br>M.gun Gear """
ShowTime#0,"""Showtime """
GunnerHPUp1#0,"""HP Up """
ChainTrigger#0,"""Chain <br>Trigger """
ChainFinish#0,"""Chain <br>Finish """
GunnerDexUp1#0,"""DEX Boost 1 """
AerialAdvance#0,"""Aerial <br>Advance """
GunnerDexUp2#0,"""DEX Boost 2 """
GunnerDfpFirearmUp2#0,"""R-DEF Boost 2 """
GunnerAutoMateDeadline#0,"""Automate <br>Deadline """
Rare10Gunner#0,"""Rare Mastery <br>Gunner """
PerfectKeeper#0,"""Perfect Keeper """
SRollUP#0,"""S Roll Up """
SRollCombo#0,"""S Roll <br>JA Bonus """
SRollArts#0,"""S Roll Arts """
ShowTimeAdvance#0,"""Showtime <br>Advance """
ToughnessTime#0,"""Toughness<br>Time """
ShowTimeStar#0,"""Showtime <br>Star """
HighTime#0,"""High Time """
GunnerZeroRangeCritical#0,"""Zero Range <br>Critical """
TwiceChain#0,"""Twice Chain """
ChainFinishBonus#0,"""Chain Finish <br>Bonus """
OnemoreTime#0,"""One More Time """
GunnerDiverollShoot#0,"""Dive Roll Shoot """
MasteryTwinmachinegun#0,"""T Machinegun <br>Mastery """
TecArtsChargePA#0,"""TMG Arts<br>S-Charge """
SRollArtsModeA#0,"""Another S-Roll <br>Arts Mode """
GunnerHighLevelBonus#0,"""High Level <br>Bonus Gu """
GunnerNextJump#0,"""Next <br>Jump """
GunnerFirstArtsJAAddition#0,"""First Arts <br>JA Addition """
GunnerAirReversal#0,"""Air <br>Reversal """
GunnerDushJump#0,"""Step <br>Jump """
GunnerStepJACombo#0,"""Step <br>JA Combo """
GunnerJustReversalJACombo#0,"""J. Reversal <br>JA Combo """
MirageEscape#0,"""Mirage <br>Escape """
MirageEscapeAdvance#0,"""Mirage E.<br>Advance """
ForceJustReversal#0,"""Just <br>Reversal """
ForceAtpTechnicUp1#0,"""T-ATK Boost 1 """
TechChargeBonus1#0,"""Tech Charge <br>Advance 1 """
TechChargeBonus2#0,"""Tech Charge <br>Advance 2 """
ChargePPRestraint#0,"""Charge PP <br>Revival """
PhotonFlare#0,"""Photon Flare """
PhotonFlareBoost#0,"""Photon Flare <br>Advance """
ForcePPUp1#0,"""PP Boost 1 """
ForcePPUp2#0,"""PP Boost 2 """
TechNonChargeBonus1#0,"""Normal Tech <br>Advance """
PPRestraint1#0,"""PP<br>Restorate 1 """
PPRestraint2#0,"""PP<br>Restorate 2 """
ForceAtpTechnicUp2#0,"""T-ATK Boost 2 """
TechJustAttackBonus1#0,"""Tech <br>JA Advance """
MasteryFire1#0,"""Flame <br>Mastery 1 """
BurnBoost#0,"""Burn <br>Boost """
MasteryFire2#0,"""Flame <br>Mastery 2 """
FireTechnicShortCharge#0,"""Flame Tech <br>S Charge """
MasteryIce1#0,"""Ice <br>Mastery 1 """
FreezeBoost#0,"""Freeze <br>Boost """
MasteryIce2#0,"""Ice <br>Mastery 2 """
FreezeIgnition#0,"""Freeze <br>Ignition """
MasteryLightning1#0,"""Bolt <br>Mastery 1 """
ShockBoost#0,"""Shock <br>Boost """
MasteryLightning2#0,"""Bolt <br>Mastery 2 """
LightningTechnicPPSave#0,"""Bolt Tech <br>PP Save """
ForceDfpTechnicUp1#0,"""T-DEF Boost """
Rare10Force#0,"""Rare Mastery <br>Force """
PhotonFlareAfterBurst#0,"""Photon Flare <br>Afterburst """
PhotonFlareTactics#0,"""Photon Flare <br>Boost """
FreezeKeep#0,"""Freeze Keep """
TalisTecBonus#0,"""Talis Tech <br>Bonus """
FreezeIgnitionUP#0,"""F Ignition <br>Boost """
ForceAtpTechnicUp3#0,"""T-ATK High <br>Boost """
ErementConversion#0,"""Element <br>Conversion """
ChargeEscape#0,"""Charge Escape """
ForceDexUp1#0,"""DEX Up """
ForceHPUp1#0,"""HP Boost """
RodKeepBornus#0,"""Rod Keep <br>Bonus """
RodChargeGuard#0,"""Rod Charge <br>Guard """
TalisTecFastThrow#0,"""Talis <br>Fast Throw """
RodShoot#0,"""Rod <br>Shoot """
ForceChargeTechJA#0,"""Tech Charge <br>JA Addition """
PhotonFlareDenoise#0,"""Photon Flare <br>Rod SC """
ForceHighLevelBonus#0,"""High Level <br>Bonus Fo """
ForceNextJump#0,"""Next <br>Jump """
ForceFirstArtsJAAddition#0,"""First Arts <br>JA Addition """
ForceAirReversal#0,"""Air <br>Reversal """
ForceDushJump#0,"""Step <br>Jump """
ForceStepJACombo#0,"""Step <br>JA Combo """
ForceJustReversalJACombo#0,"""J. Reversal <br>JA Combo """
TecherMirageEscape#0,"""Mirage <br>Escape """
TecherJustReversal#0,"""Just <br>Reversal """
TecherAtpTechnicUp1#0,"""T-ATK Boost 1 """
ShiftaAdvance#0,"""Shifta <br>Advance """
ShiftaCritical#0,"""Shifta <br>Critical """
DebandAdvance#0,"""Deband <br>Advance """
DebandCut#0,"""Deband <br>Cut """
TecherAtpTechnicUp2#0,"""T-ATK Boost 2 """
ElementalWeakPoint#0,"""Element <br>Weak Hit """
TecherPPUp1#0,"""PP Boost 1 """
TecherDfpTechnicUp1#0,"""T-DEF Boost """
PPRestraint#0,"""PP Restorate """
WandGear#0,"""Wand Gear """
TerritoryBurst#0,"""Territory <br>Burst """
TecherPPUp2#0,"""PP Boost 2 """
TecherPPConvert#0,"""PP Convert """
MasteryLight1#0,"""Light <br>Mastery 1 """
PanicBoost#0,"""Panic <br>Boost """
RestaAdvance#0,"""Resta <br>Advance """
MasteryLight2#0,"""Light <br>Mastery 2 """
MasteryDark1#0,"""Dark <br>Mastery 1 """
PoisonBoost#0,"""Poison <br>Boost """
PoisonExplosion#0,"""Poison <br>Ignition """
MasteryDark2#0,"""Dark <br>Mastery 2 """
MasteryWind1#0,"""Wind <br>Mastery 1 """
MirageBoost#0,"""Mirage <br>Boost """
MasteryWind2#0,"""Wind <br>Mastery 2 """
Rare10Techer#0,"""Rare Mastery <br>Techter """
TerritoryBurstAdvance#0,"""Territory B.<br>Advance """
PowerWand#0,"""Wand <br>Reactor """
SuperTreatment#0,"""Super <br>Treatment """
ExtendAssist#0,"""Extend Assist """
TerritoryPPSave#0,"""Territory PP <br>Save """
TecherAtpStrikeUp#0,"""S-ATK Boost """
MainWand#0,"""Wand Lovers """
LongTimeAssist#0,"""Long-Time <br>Assist """
ShiftaStrike#0,"""Shifta Strike """
DebandToughness#0,"""Deband <br>Toughness """
TecherDexUp1#0,"""DEX Up """
RebirtherField#0,"""Reverser <br>Field """
RebirthBornus#0,"""Rebirth Bonus """
WideSupport#0,"""Wide Support """
WandGearElement#0,"""Wand Gear <br>Element """
TechterChargeTechJA#0,"""Tech Charge <br>JA Addition """
AllAssist#0,"""Party <br>Assist """
TechterHighLevelBonus#0,"""High Level <br>Bonus Te """
TechterNextJump#0,"""Next <br>Jump """
TechterFirstArtsJAAddition#0,"""First Arts <br>JA Addition """
TechterAirReversal#0,"""Air <br>Reversal """
TechterDushJump#0,"""Step <br>Jump """
TechterStepJACombo#0,"""Step <br>JA Combo """
TechterJustReversalJACombo#0,"""J. Reversal <br>JA Combo """
BraverGuard#0,"""Guard """
BraverStep#0,"""Step """
BraverStepAdvance#0,"""Step <br>Advance """
BraverStepAttack#0,"""Step <br>Attack """
BraverJustReversal#0,"""Just <br>Reversal """
Combat#0,"""Katana Combat """
CombatJABonus1#0,"""Combat JA <br>Bonus """
CombatFinish#0,"""Combat <br>Finish """
ShortTime#0,"""Rapid Shot """
ShortTimeUp1#0,"""Rapid Shot <br>Up 1 """
ShortTimeBonus1#0,"""Rapid Shot <br>Mastery """
AverageStance#0,"""Average <br>Stance """
AverageStanceUp1#0,"""Average S <br>Boost """
AverageStanceCritical#0,"""Average S <br>Critical """
AverageChargeBonus#0,"""Average S <br>Charge """
WeakStance#0,"""Weak Stance """
WeakStanceUp1#0,"""Weak Stance <br>Boost """
WeakStanceCritical#0,"""Weak Stance <br>Critical """
WeakChargeBonus#0,"""Weak Stance <br>Charge """
BraverMag#0,"""Braver Mag """
Rare10Braver#0,"""Rare Mastery <br>Braver """
JustReversalBonus#0,"""J Reversal <br>Cover """
KatanaGear#0,"""Katana Gear """
BraveConvert#0,"""Brave <br>Effect """
CriticalBonus#0,"""Critical <br>Bonus """
SnatchStep#0,"""Snatch Step """
BraverDexUp1#0,"""DEX Boost 1 """
BraverDexUp2#0,"""DEX Boost 2 """
BraverAtpStrikeUp1#0,"""S-ATK Boost """
BraverAtpFirearmUp1#0,"""R-ATK Boost """
ChargeAttackUp#0,"""Charge Bonus """
CombatEscape#0,"""Combat <br>Escape """
ShortTimeUp2#0,"""Rapid Shot <br>Up 2 """
ShortTimeAdvance#0,"""Rapid Shot <br>Advance """
CounterEdge#0,"""Counter Edge """
AttackAdvance#0,"""Attack <br>Advance """
ChargeShoot#0,"""Charge Shot """
SnatchStepJACombo#0,"""Snatch JA <br>Combo """
QuickMate#0,"""Quick Mate """
BowChargeBonus#0,"""Bullet Bow <br>Charge Bonus """
KatanaCounterBonus#0,"""Counter <br>Bonus """
KatanaGearBoost#0,"""Katana Gear <br>Boost """
BraverCombination#0,"""Braver <br>Combination """
BraverHighLevelBonus#0,"""High Level <br>Bonus Br """
BraverNextJump#0,"""Next <br>Jump """
BraverFirstArtsJAAddition#0,"""First Arts <br>JA Addition """
BraverAirReversal#0,"""Air <br>Reversal """
BraverDushJump#0,"""Step <br>Jump """
BraverStepJACombo#0,"""Step <br>JA Combo """
BraverJustReversalJACombo#0,"""J. Reversal <br>JA Combo """
BouncerStep#0,"""Mirage Step """
BouncerStepAdvance#0,"""Step <br>Advance """
BouncerStepAttack#0,"""Step <br>Attack """
BouncerJustReversal#0,"""Just <br>Reversal """
JustReversalPPBonus#0,"""J-Reversal <br>PP Gain """
BouncerAtpStrikeUp1#0,"""S-ATK Boost 1 """
BouncerAtpStrikeUp2#0,"""S-ATK Boost 2 """
BouncerAtpTechnicUp1#0,"""T-ATK Boost """
BouncerDexUp1#0,"""DEX Up """
JetBootsGear#0,"""Jet Boots <br>Gear """
DualbladeGear#0,"""Dual Blades <br>Gear """
CraftMastaryBouncer#0,"""Craft <br>Mastery """
Rare10Bouncer#0,"""Rare Mastery <br>Bouncer """
BouncerMag#0,"""Bouncer Mag """
ElementalPPRestraintField#0,"""Elemental PP <br>Restorate F """
CriticalField#0,"""Critical <br>Field """
ShiftaAirAttackBurst#0,"""Shifta Air <br>Attack Boost """
DebundPPRestraint#0,"""Deband Attack <br>PP Restorate """
HealShare#0,"""Heal Share """
HealBonus#0,"""Heal Bonus """
RapidBurst#0,"""Rapid Boost """
RapidBurstJABonus#0,"""Rapid Boost <br>JA Bonus """
ElementalBurst#0,"""Elemental <br>Burst """
PhotonBladeFever#0,"""Photon Blade <br>Fever """
PhotonBladeFeverUp1#0,"""Photon Blade <br>Fever Boost """
PhotonBladeEscape#0,"""Photon Blade <br>Escape """
ElementalStance#0,"""Element Stance """
ElementalStanceUp1#0,"""Element Stance <br>Boost """
ElementalStanceCritical#0,"""Element Stance <br>Critical """
BreakStance#0,"""Break Stance """
BreakStanceUp1#0,"""Break Stance <br>Boost """
BreakStanceCritical#0,"""Break Stance <br>Critical """
JetBootsStrike#0,"""Switch Strike """
BreakStanceDualBonus#0,"""Break Stance <br>D-Bonus """
FieldRemain#0,"""Field Remain """
JetBootsEscape#0,"""Jet Boots <br>Escape """
JetBootsGearBoost#0,"""Jet Boots <br>Gear Boost """
OnemoreJump#0,"""One More <br>Jump """
DodgeAutoField#0,"""Dodge <br>Auto Field """
BouncerHighLevelBonus#0,"""High Level <br>Bonus Bo """
BouncerNextJump#0,"""Next <br>Jump """
BouncerFirstArtsJAAddition#0,"""First Arts <br>JA Addition """
BouncerAirReversal#0,"""Air <br>Reversal """
BouncerDushJump#0,"""Step <br>Jump """
BouncerStepJACombo#0,"""Step <br>JA Combo """
BouncerJustReversalJACombo#0,"""J. Reversal <br>JA Combo """
SummonerMirageEscape#0,"""Mirage <br>Escape """
SummonerJustReversal#0,"""Just <br>Reversal """
Rare10Summoner#0,"""Rare Mastery <br>Summoner """
SummonerHPUp1#0,"""HP Up """
SummonerHPUp2#0,"""HP High Up """
SummonerPPUp1#0,"""PP Boost 1 """
SummonerPPUp2#0,"""PP Boost 2 """
AllAttackUp1#0,"""All-ATK <br>Up """
AllAttackUp2#0,"""All-ATK <br>High Up """
AllFDiffenceUp1#0,"""All DEF + DEX <br>Up """
AllFDiffenceUp2#0,"""All DEF + DEX <br>High Up """
AllJAUp#0,"""All JA Up """
AllJAComboUp#0,"""All JA Up <br>Combo """
PetPhotonBarrier#0,"""Pet <br>Photon Barrier """
PetResque#0,"""Dear Master """
HPAutoRestraint#0,"""HP Restorate """
MassiveMate#0,"""Massive Mate """
GetReadyGetUp#0,"""Get Up """
QuickRecovery#0,"""Quick <br>Recovery """
SummonerSubClassEXPUp#0,"""Subclass <br>Grow Up """
SummonerJAPPSave#0,"""JA PP Save """
PetAssist#0,"""Point Assist """
PetAssistPlus#0,"""Support Fire """
SubPetRrcoverUp#0,"""Reserve <br>Recovery """
PetHPRestraint#0,"""Pet Recovery """
PetSympathy#0,"""Pet <br>Sympathy """
HarmonizeUp#0,"""Harmonize <br>Up """
EasySympathy#0,"""Easy <br>Sympathy """
SympathyTime#0,"""Sympathy <br>Time """
PetStand#0,"""Alter Ego """
SummonerPPAdvance#0,"""PB Advance """
TamingMaster#0,"""Taming <br>Master """
PetSwtichStrike#0,"""Pet Switch <br>Strike """
PetSwtichShoot#0,"""Pet Switch <br>Shoot """
AllAttackBonus1#0,"""All Attack <br>Bonus 1 """
AllAttackBonus2#0,"""All Attack <br>Bonus 2 """
PetElementalWeakPoint#0,"""Pet Elemental <br>Weak Hit """
PetElementPPRestraint#0,"""Pet Elemental <br>PP Restorate """
LongDistanceLove#0,"""Long Distance <br>Love """
TakeOver#0,"""Assist Share """
PetStandHarmony#0,"""Alter Ego <br>Harmony """
SummonerHighLevelBonus#0,"""High Level <br>Bonus Su """
SummonerNextJump#0,"""Next <br>Jump """
SummonerFirstArtsJAAddition#0,"""First Arts <br>JA Addition """
SummonerAirReversal#0,"""Air <br>Reversal """
SummonerDushJump#0,"""Step <br>Jump """
SummonerStepJACombo#0,"""Step <br>JA Combo """
SummonerJustReversalJACombo#0,"""J. Reversal <br>JA Combo """
Intensive#0,"""Hero Boost """
WpnmanWeaponBonus1#0,"""Hero Weapon <br>Bonus 1 """
WpnmanWeaponBonus2#0,"""Hero Weapon <br>Bonus 2 """
WeakAttackCritical#0,"""Weak Attack <br>Critical """
WpnmanCounter#0,"""Hero <br>Counter """
WpnmanTime#0,"""Hero Time """
WpnmanTimeFinish#0,"""Hero Time <br>Finish """
WpnmanTimeCounterBonus#0,"""HT Counter <br>Bonus """
WpnmanTimeCounterPpGain#0,"""HT Counter <br>PP Gain """
SwordShotCharge2#0,"""Aura <br>High Charge """
SwordShotComboShortCharge#0,"""Combo Aura <br>Short Charge """
AllTechPPSave#0,"""All Tech <br>PP Save """
ZeroRangeGearUp#0,"""Zero Range <br>Gear Up """
LongRangeGearUp#0,"""Long Range <br>Gear Up """
ComboGearUp#0,"""Combo <br>Gear Up """
VictoryShout#0,"""Victory <br>Shout """
HFlushGuard#0,"""Hero Flash <br>Guard """
SolidWpnman#0,"""Solid Hero """
WpnmanAttackBonus#0,"""H Attack <br>Bonus """
WpnmanMag#0,"""Hero Mag """
WpnmanAtpAllUp1#0,"""Increase All <br>ATK Up """
WpnmanDfpAllUp1#0,"""Increase All <br>DEF Up """
WpnmanHPUp1#0,"""HP Up """
WpnmanPPUp1#0,"""PP Up """
WpnmanWill#0,"""Hero Will """
WpnmanJustReversal#0,"""Just <br>Reversal """
WpnmanNextJump#0,"""Next <br>Jump """
WpnmanOneMoreJump#0,"""Hero One <br>More Jump """
WpnmanComeAgain#0,"""Come Again """
WpnmanChargeKeep#0,"""H Talis <br>Charge Keep """
WpnmanTMGAttackPPSave#0,"""TMG Attack <br>PP Save """
WpnmanGearTimeGain#0,"""Hero Gear <br>Time Gain """
FirstBlood#0,"""First Blood """
WpnmanStep#0,"""Step """
WpnmanStepAttack#0,"""Step<br>Attack """
WpnmanTalisWeaponAction#0,"""Talis Action """
WpnmanAirReversal#0,"""Air <br>Reversal """
WpnmanDushJump#0,"""Step <br>Jump """
WpnmanStepJACombo#0,"""Step <br>JA Combo """
WpnmanJustReversalJACombo#0,"""J. Reversal <br>JA Combo """
WpnmanRefresh#0,"""Hero <br>Refresh """
WpnmanHighLevelBonus#0,"""High Level <br>Bonus Hr """
VillainStep#0,"""Phantom <br>Step """
VillainStepAttack#0,"""Step <br>Attack """
VillainNextJump#0,"""Next <br>Jump """
VillainFlipStep#0,"""Flip <br>Step """
PrimalTime#0,"""Phantom Time """
AnotherTime#0,"""Another <br>Time """
BrankingTime#0,"""Blanking <br>Time """
VillainTimeFinish#0,"""Phantom Time <br>Finish """
VillainJustReversal#0,"""Just <br>Reversal """
VillainAirReversal#0,"""Air <br>Reversal """
VillainDushJump#0,"""Step <br>Jump """
VillainStepJACombo#0,"""Step <br>JA Combo """
VillainJustReversalJACombo#0,"""J. Reversal <br>JA Combo """
VillainPPHighUp#0,"""PP High Up """
VillainWeaponBonus1#0,"""Ph Weapon <br>Bonus 1 """
VillainWeaponBonus2#0,"""Ph Weapon <br>Bonus 2 """
VillainCounter#0,"""Phantom <br>Counter """
VillainOneMoreJump#0,"""Phantom One <br>More Jump """
VillainDodgePPRegain#0,"""Dodge <br>PP Regain """
VillainFullDrive#0,"""Full Drive """
VillainNmlTecAdvPlus#0,"""All Tech <br>Advance """
VillainMarker#0,"""Phantom <br>Mark """
VillainMarkHeal#0,"""Mark Heal """
VillainMarkPpDrain#0,"""Mark <br>PP Drain """
VillainLearningMark#0,"""Learning <br>Mark """
VillainZeroRangeBoost#0,"""Zero Range <br>Mark Boost """
VillainLongRangeBoost#0,"""Long Range <br>Mark Boost """
VillainChaseMarkBoost#0,"""Chase <br>Mark Boost """
PrimalTimePlus#0,"""Phantom Time <br>Jellen Plus """
AnotherTimePlus#0,"""Another <br>Time Plus """
BrankingTimePlus#0,"""Blanking <br>Time Plus """
VillainTecShortCharge#0,"""Tech Short <br>Charge """
VillainMag#0,"""Phantom Mag """
VillainPhotonStream1#0,"""Photon <br>Stream """
VillainStepDash#0,"""Step <br>Dash """
VillainFirstBlood#0,"""First <br>Blood """
VillainChargeTechJA#0,"""Charge Tech <br>JA Addition """
VillainPPRestraint#0,"""Phantom <br>PP Restorate """
VillainLoadOfThorn#0,"""Lord of Thorn """
VillainBullsEye#0,"""Bullseye """
VillainAttackJellen#0,"""Attack Jellen """
VillainJellenRedress#0,"""Jellen Redress """
VillainQuickCut#0,"""Quick Cut """
VillainDodgeCounterShot#0,"""Dodge <br>Counter Shot """
VillainSprintTecCharge#0,"""Sprint Tech <br>Charge """
VillainGespenst#0,"""Gespenst """
VillainAmbivalence#0,"""Ambivalence """
VillainTouchDown#0,"""Touchdown """
VillainRifleWeaponAction#0,"""Rifle Action """
VillainRodWeaponAction#0,"""Rod Action """
VillainDodge#0,"""Stealth <br>Tech Charge """
PrimalTimePlus2#0,"""Phantom Time <br>Mark Boost """
VillainHighLevelBonus#0,"""High Level <br>Bonus Ph """
VillainAllAttackBonus#0,"""All Attack <br>Bonus Ph """
VillainPhotonStream2#0,"""Critical <br>Stream """
VillainTalisShortCharge#0,"""Phantom Talis <br>S. Charge """
VillainStepAdvance#0,"""Step Roll <br>Advance """
MasterWandWeaponAction#0,"""Wand Action """
MasterAirReversal#0,"""Air <br>Reversal """
MasterDushJump#0,"""Step <br>Jump """
MasterStepJACombo#0,"""Step <br>JA Combo """
MasterJustReversalJACombo#0,"""J Reversal <br>JA Combo """
MasterFirstBlood#0,"""First <br>Blood """
MasterNextJump#0,"""Next <br>Jump """
MasterStep#0,"""Step """
MasterWeaponBonus1#0,"""Et Weapon <br>Bonus 1 """
MasterWeaponBonus2#0,"""Et Weapon <br>Bonus 2 """
MasterDoublesaverGear#0,"""Etoile <br>DS Gear """
MasterDualbladeGear#0,"""Etoile <br>DB Gear """
MasterWandGear#0,"""Etoile <br>Wand Gear """
MasterAxel#0,"""Double Saber <br>Step Slide """
MasterMag#0,"""Etoile Mag """
MasterDSaberSkipArts#0,"""Double Saber <br>Skip Arts """
MasterDSaberSkipPPSave#0,"""Skip Arts<br>JAPP Save """
MasterDSaberBlink#0,"""Double Saber <br>Quick Take """
MasterDSaberParrying#0,"""Double Saber <br>Parry """
MasterDSaberParryingBonus#0,"""DS Parry <br>Bonus """
MasterDSaberCounter#0,"""Double Saber <br>Counter """
MasterStepAttack#0,"""Step <br>Attack """
MasterJustReversal#0,"""Just <br>Reversal """
MasterHighLevelBonus#0,"""High Level <br>Bonus Et """
MasterDfpAllUp1#0,"""All Defense Up """
MasterHPUp1#0,"""HP Up """
MasterPPUp1#0,"""PP Up """
MasterAtpAllUp1#0,"""All Attack Up """
MasterCoherence#0,"""Just Guard <br>PP Aile """
MasterDBladeNaHoming#0,"""DB Lock-on <br>Chase """
MasterDBladeGearSkill#0,"""D. Blade <br>Gear Heat Up """
MasterHeatArtsPPSave#0,"""Same Arts <br>PP Save """
MasterJACritical#0,"""JA Critical """
MasterFlatAttackBonus#0,"""Flat Attack <br>Bonus """
MasterOverClock#0,"""Over <br>Drive """
MasterWandNimble#0,"""Wand F. <br>Dash """
MasterAllAttackBonus#0,"""All Attack <br>Bonus Et """
MasterClockUp#0,"""คูลดาวน์ Save """
MasterEfficient#0,"""Around <br>Mate Up """
MasterInstinct#0,"""Etoile <br>Boost """
MasterArcane#0,"""Double Saber <br>Step Guard """
MasterHPRestraint#0,"""Etoile <br>HP Restorate """
MasterAmbitionMassive#0,"""Standing <br>Massive """
MasterTimeLeap#0,"""Etoile Will """
MasterWandTeleport#0,"""Wand <br>Teleport """
MasterCountArtsBonus#0,"""Tech Arts <br>Count Bonus """
MasterJABonus#0,"""Etoile <br>JA Bonus """
MasterDamageThrottling#0,"""พลังโจมตี <br>Balancer """
MasterWandReferenceChange#0,"""Wand Special <br>Ability Plus """
MasterStepAdvance#0,"""Step Roll <br>Advance """
SlayerTime#0,"""Luster Time """
SlayerStyleFM#0,"""Fomel <br>Style """
SlayerStyleZZ#0,"""Zandi <br>Style """
SlayerStyleBG#0,"""Baran <br>Style """
SlayerGunSlashGear#0,"""Luster GS Gear """
SlayerDushJump#0,"""Step <br>Jump """
SlayerFirstBlood#0,"""First <br>Blood """
SlayerAirReversal#0,"""Air <br>Reversal """
SlayerJustReversalJACombo#0,"""J Reversal <br>JA Combo """
SlayerNextJump#0,"""Next <br>Jump """
SlayerHighLevelBonus#0,"""High Level <br>Bonus Lu """
SlayerHPUp1#0,"""HP Up """
SlayerPPUp1#0,"""PP Up """
SlayerAtpAllUp1#0,"""All ATK Up """
SlayerDfpAllUp1#0,"""All DEF Up """
SlayerWeaponBonus1#0,"""Lu Weapon <br>Bonus 1 """
SlayerWeaponBonus2#0,"""Lu Weapon <br>Bonus 2 """
SlayerAllAttackBonus#0,"""All Attack <br>Bonus Lu """
SlayerStep#0,"""Step """
SlayerMag#0,"""Luster Mag """
SlayerStepAttack#0,"""Step <br>Attack """
SlayerJustReversal#0,"""Just <br>Reversal """
SlayerStepJACombo#0,"""Step <br>JA Combo """
SlayerWill#0,"""Luster Will """
SlayerTalent#0,"""Sub Luster <br>GS Boost """
SlayerGSlashReferenceChange#0,"""Gunslash <br>Ability Plus """
SlayerIgnoreResist#0,"""Rule Out <br>Weapon Resist """
SlayerTension#0,"""Luster <br>Voltage """
SlayerTensionAssist#0,"""Voltage <br>Bonus """
SlayerTensionHighBonus#0,"""High Voltage """
SlayerTensionResetGain#0,"""Voltage <br>Reset Heal """
SlayerTensionAwake#0,"""Voltage <br>Heat Up """
SlayerZealot#0,"""Amplified <br>Assist """
SlayerDaydream#0,"""Killing <br>Restorate """
SlayerTecArts#0,"""Tech Arts JA <br>Multi Bonus """
SlayerElementFlat#0,"""Non-element """
SlayerTriggerZZ#0,"""Zandi Shoot <br>Enhance """
SlayerMoveArtsZZ#0,"""Move Arts <br>V. Boost """
SlayerLongAttackZZ#0,"""Zandi Attack <br>Enhance """
SlayerDodgeCounterZZ#0,"""Zandi Dodge <br>Advance """
SlayerTriggerFM#0,"""Fomel Shoot <br>Enhance """
SlayerLongArtsFM#0,"""Enhance <br>Arts V. Boost """
SlayerLongAttackFM#0,"""Fomel Attack <br>Enhance """
SlayerPerfectJAFM#0,"""Fomel JA <br>Advance """
SlayerTriggerBG#0,"""Baran Shoot <br>Enhance """
SlayerStayArtsBG#0,"""Stay Arts <br>V. Boost """
SlayerLongAttackBG#0,"""Baran Attack <br>Enhance """
SlayerJustGuardBG#0,"""Baran JG <br>Advance """
SlayerStayArts#0,"""Stay Arts """
SlayerSpeedLongArts#0,"""Enhance <br>Combo """
SlayerUpLift#0,"""Slash <br>Rise """
SlayerDownLift#0,"""Slash <br>Fall """
SlayerDodgeCounter#0,"""Luster <br>Counter """
SlayerStepGuard#0,"""Luster <br>Step Guard """
SlayerStepSlide#0,"""Luster <br>Step Slide """
SlayerBackStep#0,"""Step Slide <br>Advance """
SlayerStylePurge#0,"""Style Purge """
SlayerStepAdvance#0,"""Step Roll <br>Advance """
SlayerShiftaFullDrive#0,"""Shifta <br>Gauge Boost """
SlayerDebandAbnormal#0,"""Deband <br>Disorder """
SlayerMeditation#0,"""Complete <br>Rest """
SlayerHighTecArts#0,"""Tech Arts PP <br>High Save """
SlayerGunSlashAutoPA#0,"""Smart PA """
SlayerFourthAttack#0,"""Extra <br>Attack """
SlayerQuickTrigger#0,"""Quick Shoot """
CaptureShot#0,"""Stun Shot"""
PPOneTimeUp#0,"""Unlimited PP"""
FirstAid#0,"""First Aid"""
Barrier#0,"""Protection"""
Sprint#0,"""Sprint"""
ring_MassiveHunter#0,"""Massive Hunter """
ring_PhotonFlare#0,"""Photon Flare """
ring_PPConvert#0,"""PP Convert """
ring_ElementalPPRestraintField#0,"""EPPR Field """
ring_HighJump#0,"""Jumping <br>Dodge """
ring_CriticalField#0,"""Critical <br>Field """
ring_Sprint#0,"""Sprint """
GaugePA#1,"""Complex PA"""
EasyControl#0,"""Simple Command """
GlideAttack#0,"""Dive Attack """
GunnerChainBoostDodgeAdvance#0,"""Chain Boost <br>Advance"""
GunnerEscapePPGain#0,"""Dodge PP Gain"""
GunnerTMGAccel#0,"""Rising Drive"""
GunnerCounterPABurstEscape#0,"""Strike Back <br>Advance"""
ForceZanWindBall#0,"""Zan Gale"""
ForceGrantzCharge#0,"""Grants Glitter"""
ForceMegidoCharge#0,"""Megid Sphere"""
ForceTechDownAdvance#0,"""Technique <br>Domination"""
TechterZanWindBall#0,"""Zan Gale"""
TechterGrantzCharge#0,"""Grants Glitter"""
TechterMegidoCharge#0,"""Megid Sphere"""
TechterOverDrive#0,"""Overemphasis"""
TechterWandFanatic#0,"""Wand Lovers <br>Reinforce"""
BraverFinishPrizeBossPlus#0,"""Finish Prize <br>Surprise"""
BraverJustGuardPpGain#0,"""Katana Just Guard <br>PP Gain"""
BraverCompoundBowPARush#0,"""Bow Art Combo <br>PP Save"""
BraverBraveGear#0,"""Brave Spirit"""
RangerWeakBulletLauncher#0,"""Launcher <br>Weak Bullet"""
RangerGaugeShotGunPlus#0,"""Spread Shot <br>Wide Range"""
RangerClusterBombEscape#0,"""Sticky Bomb <br>Advance"""
HunterSwordParryingAuto#0,"""Sword Arts <br>Charge Avenge"""
HunterPartisanGuardParryingAssaultCharge#0,"""Partizan Parry <br>Another Assault"""
HunterWLanceParryingWA#0,"""Wired Anchor <br>Avenge"""
HunterParryingPaJustGuardEscape#0,"""Hunter Art <br>Parry Advance"""
ForceStayReflectCounterShot#0,"""Elemental Bullet <br>Extend"""
ForceTalisTecBurstHeatUp#0,"""Tricky Capacitor <br>Quick Recharge"""
BouncerZanWindBall#0,"""Zan Gale"""
BouncerGrantzCharge#0,"""Grants Glitter"""
BouncerMegidoCharge#0,"""Megid Sphere"""
ForceMixTech#0,"""United Technique Fo"""
TechterMixTech#0,"""United Technique Te"""
MixTechFD#0,"""Fomelgion """
MixTechIL#0,"""Barantsion """
MixTechWT#0,"""Zandion """
GunnerChainTriggerCountKeep#0,"""Chain Trigger <br>Count Retain"""
GunnerSRollCounterBullet#0,"""Stylish Roll <br>Counter Bullet"""
GunnerAnotherArtsPPSave#0,"""TMG Another <br>Arts PP Save"""
BraverBraveCombatSpirit#0,"""Braver Combat <br>Cross Spirit"""
BraverKatanaPaComboExAttack#0,"""Katana PA Combo <br>Finish"""
BraverKatanaCounterExAttack#0,"""Katana Guard <br>Counter Plus"""
BraverAnotherArtsPPSave#0,"""Bow Another <br>Arts PP Save"""
BraverCompoundBowFallSlow#0,"""Slow Landing <br>Bullet Bow"""
BouncerPhotonBladeParry#0,"""Blade Arts <br>Alternation"""
BouncerPhotonBladeGuardCounterShot#0,"""Blade Arts Parry <br>Counter Edge"""
BouncerJetBootsBlinkSkipAttack#0,"""Thrust Drive <br>Skip Attack"""
BouncerElementBurstRecastSave#0,"""Sturm Gigue <br>Short คูลดาวน์"""
HunterPartisanAttackExtra#0,"""Partizan Attack <br>Extra"""
HunterMassiveHunterShortTime#0,"""Massive Hunter <br>Short Cycle"""
HunterSwordOverCharge#0,"""Sword Arts <br>Over Charge"""
HunterWLanceWAStrikeBack#0,"""Wired Anchor <br>Strike Back"""
RangerWeakBulletWideRange#0,"""Wide Range <br>Weak Bullet"""
RangerGaugeShotGunAutoCharge#0,"""Spread Shot <br>Auto-charge"""
RangerGrenadeQuickReload#0,"""Rifle Grenade <br>Quick Reload"""
RangerLauncherAttackShortCharge#0,"""Launcher Attack <br>Short Charge"""
FighterLimitBreakShortCycle#0,"""Limit Break <br>Short Cycle"""
FighterTDHitCountPpGain#0,"""Dagger Count Up <br>PP Gain"""
FighterDSAttackExtra#0,"""Saber Attack <br>Extra"""
FighterKnucklePARushBonus#0,"""Knuckle Arts <br>Combo Bonus"""
ForcePhotonFlareShortCycle#0,"""Photon Flare <br>Short Cycle"""
ForceRodTechnicPpWellup#0,"""Rod Technique <br>PP Well Up"""
ForceTalisBloomAfterPpGain#0,"""Talis Bloom <br>After PP Gain"""
ForceTalisTecBurstWeakChargeUp#0,"""Tricky Capacitor <br>Gauge Amplify"""
TechterWandAttackExtra#0,"""Wand <br>Attack Extra"""
TechterWandArtsSkipAttack#0,"""Wand Arts <br>Skip Attack"""
TechterTalisBloomAfterPpGain#0,"""Talis Bloom <br>After PP Gain"""
TechterTalisTecBurstWeakChargeUp#0,"""Tricky Capacitor <br>Gauge Amplify"""
ForceFoieBrand#0,"""Foie Brand"""
TechterFoieBrand#0,"""Foie Brand"""
BouncerFoieBrand#0,"""Foie Brand"""
SummonerTwoPlatoons#0,"""Familiar Unison"""
SummonerSuperParry#0,"""Hot Marmelo Parry"""
SummonerStockZeroPPSave#0,"""Call Again <br>PP Save"""
SummonerForest#0,"""Treble Clef <br>Marking"""
SummonerForestFinish#0,"""Treble Clef <br>Ignition"""
SummonerPetAutoAttack#0,"""Familiar Assist"""
SummonerPetGear#0,"""Takt Gear"""
SummonerInOutBlink#0,"""Linear Drive"""
SummonerInOutBlinkPlus#0,"""Linear Drive <br>One More"""
SummonerWeaponActionStrike#0,"""Marmelo Strike"""
SummonerWeaponActionCounter#0,"""Takt Parry <br>Counter"""
SummonerOldFriends#0,"""Old Friends <br>Rescue"""
SummonerRecoveryHarvestExtend#0,"""Resta-effect <br>Continuance"""
SummonerSuperParryInsurance#0,"""Hot Marmelo Parry <br>Short คูลดาวน์"""
SummonerWeaponActionStrikeHoming#0,"""Marmelo Strike <br>Tracing"""
SummonerWeaponActionPPGain#0,"""Takt Parry <br>PP Gain"""
SummonerAutoAttackContdGaugeUp#0,"""Familiar Assist <br>Amplify"""
SummonerLuckySign#0,"""Lucky Sign"""
SummonerHealthManagement#0,"""Welfare <br>Management"""
SlayerUnleashAction#0,"""Unleash Rage"""
SlayerUnleashActionCriticalBonus#0,"""Unleash Rage <br>After Effect"""
SlayerGear#0,"""Gunslash Gear"""
SlayerGearOverTime#0,"""Gunslash Gear <br>Overdrive"""
SlayerGearHungry#0,"""Gunslash Gear <br>Gauge Amplify"""
SlayerGearResetBonus#0,"""Gunslash Gear <br>Reset PP Gain"""
SlayerGearCritical#0,"""Gunslash Gear <br>Critical Up"""
SlayerGearHeat#0,"""Gunslash Gear <br>Overflow"""
SlayerHysteric#0,"""Slash Pursuit"""
SlayerHystericEnhance#0,"""Slash Pursuit <br>Reinforce"""
SlayerWeaponActionMove#0,"""Moving Slash"""
SlayerWeaponActionMoveCounter#0,"""Moving Slash <br>Counter"""
SlayerCriticalUp#0,"""Critical Up"""
SlayerStrongEnemyCriticalUp#0,"""Gallant Attack <br>Critical Up"""
SlayerWeaponActionStayCounter#0,"""Slash Counter"""
SlayerZeroRangeAABonus#0,"""Short Range <br>Hot Load"""
SlayerQuickShot#0,"""Slugshot"""
SlayerCriticalPpGain#0,"""Critical Hit <br>PP Gain"""
RangerStealthAttack#0,"""Obscure Form"""
RangerWeakBulletBonus#0,"""Weak Bullet <br>Self Benefit"""
RangerRifleGrenadeEscape#0,"""Rifle Grenadier <br>Advance"""
RangerLauncherFanatic#0,"""Launcher Attack <br>Reinforcement"""
GunnerChainTriggerFinishEscape#0,"""Chain Finish <br>Advance"""
GunnerChainTriggerFinishPPSave#0,"""Chain Finish <br>PP Save"""
GunnerChainTriggerOverLimit#0,"""Chain Trigger <br>Increase"""
GunnerInfinityFire#0,"""Hail of Bullets"""
BouncerDBladeFullConnect#0,"""Pinion Blade"""
BouncerFrailJellen#0,"""Decline <br>Jellen Effect"""
BouncerElementBurstSpeedBoost#0,"""Sturm Gigue <br>Rapid Boost"""
BouncerOptionChange#0,"""Special Ability <br>Optimize Bo"""
BraverOptionChange#0,"""Special Ability <br>Optimize Br"""
BraverRestaPPGain#0,"""Resta Sign <br>PP Save"""
BraverKatanaAmbitionStrikeBack#0,"""F. Attitude <br>PP Save"""
BraverCompoundbowSlideDodgeCounter#0,"""Bullet Bow Elude <br>EX Counter"""
FighterLimitBreakFinishPPSave#0,"""Limit Break <br>After PP Save"""
FighterTDAltAccel#0,"""Twin Dagger <br>Quick Attack"""
FighterDSWindExtra#0,"""Saber Wind <br>Extra"""
FighterKnuckleAttackExtend#0,"""Knuckle Attack <br>Alternation"""
HunterMassiveHunterAfterShield#0,"""Massive Hunter <br>Extra Shield"""
HunterSwordAvengeAttackSwitch#0,"""Sword Attack <br>Alternation"""
HunterPartisanQuickAssault#0,"""Partizan <br>Quick Assault"""
HunterWLanceAvengeBonus#0,"""Wired Avenge <br>Range Correction"""
SummonerTwoPlatoonsExtend#0,"""Familiar Unison <br>Marking Clef"""
SummonerPetGearExtra#0,"""Takt Gear <br>Extra"""
SummonerWeaponActionChargeGuard#0,"""Marmelo Patience"""
TechterShiftaDebandBoost#0,"""Long Range <br>Shifta-Deband"""
TechterMixTechGaugeBonus#0,"""U. Technique Gauge <br>Amplify Te"""
TechterWandDiscardPurge#0,"""Wand Element <br>Pursuit"""
TechterTalisShotMarking#0,"""Talis Sign <br>Marking"""
ForceMixTechExecutePP#0,"""Unite Technique <br>PP Well Up"""
ForceMixTechGaugeBonus#0,"""U. Technique Gauge <br>Amplify Fo"""
ForceRodChargeTechQuickMove#0,"""Rod Charge <br>Quick Move"""
ForceTalisShotMarking#0,"""Talis Sign <br>Marking"""
SlayerWeaponActionStayCounterCritical#0,"""Slash Counter <br>Critical Up"""
SlayerBlink#0,"""Charge <br>Slash """
HunterSwordStepCounterExtend#0,"""Sword SC <br>Alternation"""
HunterPartisanVolgraptorShortRecast#0,"""Vol Graptor <br>Short คูลดาวน์"""
HunterWLanceSpecialAttack#0,"""Crossing Feather"""
FighterTDAttackExtend#0,"""Dagger Attack <br>Impact"""
FighterKnuckleStepCounterExtend#0,"""Knuckle SC <br>Alternation"""
FighterDSWindAmplify#0,"""Saber Wind <br>Amplify"""
GunnerChainTriggerFinishAmplify#0,"""Hail of Bullets <br>Amplify"""
RangerRifleAttackExtend#0,"""Rifle Attack <br>Impact"""
RangerLauncherClusterBombExtend#0,"""Sticky Bomb <br>Wide Range"""
ForceRodAttackExtend#0,"""Rod Attack <br>Impact"""
ForceTalisTecBurstBloomFlourish#0,"""Tricky Capacitor <br>Bloom Flourish"""
TechterWandTechSkipAttack#0,"""Wand Technic <br>Skip Beat"""
TechterTalisTecBurstBloomFlourish#0,"""Tricky Capacitor <br>Bloom Flourish"""
BraverKatanaSkipArts#0,"""Katana SC <br>Skip Beat"""
BraverBowReinForce#0,"""Bullet Bow Attack <br>Impact"""
BouncerDBladeStepCounterExtend#0,"""Blade Counter <br>Alternation"""
BouncerTecArtsSkipAttack#0,"""Boot Arts <br>Skip Beat"""
SummonerTwoPlatoonsMarmeloPlus#0,"""Familiar Unison <br>Marmelo Plus"""
SlayerGearOverTimeAfterAmplify#0,"""Gunslash Gear <br>Quick Recharge"""
BraverNoTargetBossAtpUp#0,"""Long Range <br>Advantage Br"""
RangerNoTargetBossAtpUp#0,"""Long Range <br>Advantage Ra"""
GunnerNoTargetBossAtpUp#0,"""Long Range <br>Advantage Gu"""
ForceNoTargetBossAtpUp#0,"""Long Range <br>Advantage Fo"""
TechterNoTargetBossAtpUp#0,"""Long Range <br>Advantage Te"""
RangerLauncherWeakBulletExtend#0,"""Launcher WB <br>Time Extend"""
GunnerChainFinishPartyPPGain#0,"""Chain Finish <br>Party PP Gain"""
FighterArtsImpact#0,"""Fighter Arts <br>Pursuit"""
TechterEnhanceField#0,"""Techter <br>Extra Field"""
TechterQuickElementChange#0,"""Wand Quick <br>Element Change"""
ForceRodTechniqueBonus#0,"""Rod Technique <br>Amplify"""
ForcePhotonFlareExtension#0,"""Photon Flare <br>Extension"""
ForcePhotonFlareTecShortCharge#0,"""Photon Flare <br>Short Charge"""
HunterAllGuard#0,"""Just Guard <br>PP Gain"""
HunterReflectFort#0,"""Hunter <br>Reflect Fort"""
BraverCombatAfterPaExtension#0,"""Combat After <br>PA Extension"""
SummonerMarmeloAssist#0,"""Marmelo Assist"""
SlayerGearAnotherDrive#0,"""Gunslash Gear <br>Another Drive"""
HealTank#1,"""ฟื้นฟู 50% ของ HP สูงสุดของคุณ"""
RecoveryMoonAtomizer#1,"""ชุบชีวิตผู้เล่นที่หมดสภาพในบริเวณใกล้เคียง"""
HunterSwordNormalAttackPlus#1,"""เพิ่มจำนวนขั้นในการโจมตีปกติด้วย Sword เป็นสูงสุด 5 ขั้น"""
HunterSwordAttackExtra#1,"""เพิ่มจำนวนขั้นในการโจมตีปกติเป็น 5 ขั้น<br><yellow>※เฉพาะ Sword เท่านั้น<c>"""
HunterWeakHitAdvance#1,"""ข้อความชั่วคราว"""
HunterParryingCritical#1,"""ข้อความชั่วคราว"""
HunterCounterBoost#1,"""ข้อความชั่วคราว"""
HunterJustGuardDownBoost#1,"""ข้อความชั่วคราว"""
HunterSwordGuardCounter#1,"""ทำการสวนกลับอัตโนมัติ<br>เมื่อ Just Guard การโจมตีด้วย Weapon Action สำเร็จ<br><yellow>※เฉพาะ Sword เท่านั้น<c>"""
HunterFlashGuard#1,"""ลดความเสียหายทั้งหมดที่ได้รับ"""
HunterParryingPPHeal#1,"""ฟื้นฟู PP ทุกครั้งที่ Hunter Art Avenge ทำงาน"""
HunterParryingPaJustGuard#1,"""ป้องกันความเสียหายทั้งหมดจากศัตรูชั่วขณะเมื่อใช้ PA<br><yellow>※เฉพาะอาวุธ Hunter เท่านั้น<c>"""
HunterSlowFallCharge#1,"""ทำให้คุณลอยตัวในอากาศได้นานขึ้นขณะชาร์จ PA<br><yellow>※เฉพาะอาวุธ Hunter เท่านั้น<c>"""
HunterTecArtsSkipAttack#1,"""การใช้ PA ที่แตกต่างกันจากอาวุธเดียวกันอย่างต่อเนื่อง<br>จะทำให้คอมโบโจมตีปกติของคุณข้ามไปขั้นที่ 4 หรือขั้นสุดท้าย<br>หากคอมโบโจมตีปกติของคุณมี 3 ขั้นหรือน้อยกว่า<br><yellow>※เฉพาะอาวุธ Hunter เท่านั้น<c>"""
HunterSameArtsSkipAttack#1,"""การใช้ PA เดิมซ้ำๆ กันอย่างต่อเนื่อง<br>จะทำให้คอมโบโจมตีปกติของคุณข้ามไปขั้นที่ 3<br><yellow>※เฉพาะอาวุธ Hunter เท่านั้น<c>"""
HunterPartisanVolgraptor#1,"""กด Weapon Action ค้างไว้เพื่อยิง Photon Spear<br>ซึ่งจะคำนวณความเสียหายที่ทำได้ต่อเป้าหมาย<br>และจะระเบิดเมื่อผ่านไประยะเวลาหนึ่ง<br>หรือเมื่อได้รับความเสียหายมากพอ<br><yellow>※เฉพาะ Partizan เท่านั้น<c>"""
HunterPartisanAssaultCharge#1,"""ให้คุณสามารถใช้ท่าแทงที่ชาร์จได้โดยกด Weapon Action ให้ถูกจังหวะหลังจากการใช้ PA<br><yellow>※เฉพาะ Partizan เท่านั้น<c>"""
HunterPartisanVolgraptorPPHeal#1,"""ฟื้นฟู PP เมื่อ Photon Spear ของ Vol Graptor ระเบิดหลังจากได้รับความเสียหายมากพอ"""
HunterWLanceAttackExtra#1,"""เพิ่มจำนวนขั้นในการโจมตีปกติเป็น 4 ขั้น<br><yellow>※เฉพาะ Wired Lance เท่านั้น<c>"""
HunterWLanceWAGuardPointPlus#1,"""ป้องกันความเสียหายทั้งหมดจากศัตรูชั่วขณะเมื่อใช้ Weapon Action<br><yellow>※เฉพาะ Wired Lance เท่านั้น<c>"""
RangerGaugeShotGunAway#1,"""เพิ่มระยะเวลาอมตะเมื่อใช้ Spread Shot และทำให้คุณเคลื่อนที่ได้ไกลขึ้นขณะโจมตี"""
RangerRangeBonus#1,"""ข้อความชั่วคราว"""
RangerDownChain#1,"""ข้อความชั่วคราว"""
RangerWeakHitAdvance#1,"""ข้อความชั่วคราว"""
RangerWeakBlastBonus#1,"""ข้อความชั่วคราว"""
RangerFallSlowAttack#1,"""ทำให้คุณลอยตัวในอากาศได้นานขึ้นขณะโจมตีปกติ<br><yellow>※เฉพาะอาวุธ Ranger เท่านั้น<c>"""
RangerFallSlowCharge#1,"""ทำให้คุณลอยตัวในอากาศได้นานขึ้นขณะชาร์จ PA<br><yellow>※เฉพาะอาวุธ Ranger เท่านั้น<c>"""
RangerClusterBombRecastReduce#1,"""ลดระยะเวลาคูลดาวน์หลังจากการใช้ Weapon Action<br><yellow>※เฉพาะ Launcher เท่านั้น<c>"""
RangerLauncherChargeConvergence#1,"""ทำให้การกระจายของการโจมตีปกติแบบชาร์จแคบลงหากยิงขณะกดเดินหน้า<br><yellow>※เฉพาะ Launcher เท่านั้น<c>"""
RangerConditionBadGuard#1,"""ลดอัตราการติดสถานะผิดปกติ"""
RangerConditionBadEase#1,"""ลดระยะเวลาของสถานะผิดปกติที่ติดอยู่"""
ForceOverFlow#1,"""ข้อความชั่วคราว"""
ForcePhotonFlareAfterBurst#1,"""ข้อความชั่วคราว"""
ForcePhotonFlareBoost#1,"""ข้อความชั่วคราว"""
ForcePhotonFlarePpRefrain#1,"""เมื่อ Photon Flare สิ้นสุดลง คุณจะฟื้นฟู PP ตามจำนวน PP ที่ใช้ไปในระหว่างที่ Photon Flare ทำงาน<br><yellow>※เฉพาะ Main Class เท่านั้น<c>"""
ForceNightmare#1,"""ฟื้นฟู PP ทุกครั้งที่ศัตรูบริเวณใกล้เคียงล้ม หรือถูกกำจัด"""
ForceRodCounterTecBonus#1,"""ขณะสวมใส่ Rod,<br>การหลบหลีกด้วย Step<br>หรือการป้องกันด้วย Weapon Action สำเร็จ,<br>การใช้ Technique จะทำให้<br>เกิดระยะเวลาอมตะ"""
ForceRodAbsorption#1,"""ฟื้นฟู PP หากคุณไม่โจมตีหรือหลบหลีกทันทีหลังจากใช้ Technique<br><yellow>※เฉพาะ Rod เท่านั้น<c>"""
ForceTalisConcentrate#1,"""หากคุณขว้าง Talis หลังจากใช้ PA พลังของ Technique จะเพิ่มขึ้นและการใช้ PP จะลดลง แต่ Talis จะคงอยู่เป็นระยะเวลาสั้นลง"""
ForceTalisQuickMarkShot#1,"""การใช้ Weapon Action โดยไม่กดปุ่มทิศทางจะทำการโจมตีศัตรูบริเวณใกล้เคียงแบบสุ่มเป็นระยะเวลาหนึ่ง<br><yellow>※เฉพาะ Talis เท่านั้น<c>"""
ForceTalisSetRevok#1,"""กดปุ่ม Weapon Action ค้างไว้เพื่อยกเลิก Talis ที่กำลังทำงานอยู่<br><yellow>※เฉพาะ Talis เท่านั้น<c>"""
ForcePpRestorate#1,"""ทำให้ PP ฟื้นฟูได้เร็วขึ้น"""
ForceSlowFallCharge#1,"""ทำให้คุณลอยตัวในอากาศได้นานขึ้นขณะชาร์จ Technique<br><yellow>※เฉพาะอาวุธ Force เท่านั้น<c>"""
ForceBartaBlot#1,"""การโจมตีศัตรูด้วย Technique น้ำแข็งแบบไม่ชาร์จสะสมหลายๆ ครั้งจะประทับตราน้ำแข็งบนตัวศัตรู การโจมตีศัตรูที่มีตราน้ำแข็งด้วย Technique น้ำแข็งแบบชาร์จจะทำให้ตราน้ำแข็งระเบิด"""
ForceZondeClad#1,"""การโจมตีศัตรูด้วย Technique สายฟ้าแบบไม่ชาร์จสะสมหลายๆ ครั้งจะทำให้คุณเข้าสู่สถานะ Energized ซึ่ง Technique สายฟ้าแบบชาร์จครั้งต่อไปจะทำความเสียหายเพิ่มขึ้นและสถานะ Energized จะหายไป"""
FighterPhotonFlood#1,"""ข้อความชั่วคราว"""
FighterUnFlatBonus#1,"""ข้อความชั่วคราว"""
FighterTecArtsJABonus#1,"""ข้อความชั่วคราว"""
FighterPPSlayer#1,"""ข้อความชั่วคราว"""
FighterKnuckleSwayCounter#1,"""ทำการสวนกลับอัตโนมัติเมื่อคุณหลบการโจมตีด้วย Weapon Action สำเร็จ<br><yellow>※เฉพาะ Knuckles เท่านั้น<c>"""
FighterLimitBreakPPRestraint#1,"""ในระหว่างที่ Limit Break ทำงาน จะเพิ่มการฟื้นฟู PP ปกติและการฟื้นฟู PP จากการโจมตี<br><yellow>※เฉพาะ Main Class/อาวุธ Fighter เท่านั้น<c>"""
FighterKnucklePARush#1,"""ลดการใช้ PP ทุกครั้งที่คุณใช้ Knuckles PAs ต่อเนื่องกัน<br><yellow>※เฉพาะ Main Class/Knuckles เท่านั้น<c>"""
FighterTDSpinDerive#1,"""ให้คุณสามารถใช้ Accelerator Drive ได้โดยกดปุ่มโจมตีปกติให้ถูกจังหวะหลังจากการใช้ Weapon Action<br><yellow>※เฉพาะ Main Class/Twin Daggers เท่านั้น<c>"""
FighterKamaitachiLv2PPHeal#1,"""ฟื้นฟู PP ทุกครั้งที่คุณโจมตีโดนศัตรู<br>ด้วย Kamaitachi ขั้นที่ 2<br><yellow>※เฉพาะ Main Class/Double Saber เท่านั้น<c>"""
FighterChaseAdvance#1,"""เพิ่มความเสียหายที่ทำได้ต่อศัตรูที่ล้ม อยู่"""
FighterChaseAdvancePPRecovery#1,"""เพิ่มการฟื้นฟู PP จากการโจมตีศัตรูที่ล้ม อยู่"""
FighterTecArtsSkipAttack#1,"""การใช้ PA ที่แตกต่างกันจากอาวุธเดียวกันอย่างต่อเนื่อง<br>จะทำให้คอมโบโจมตีปกติของคุณข้ามไปขั้นที่ 4 หรือขั้นสุดท้าย<br>หากคอมโบโจมตีปกติของคุณมี 3 ขั้นหรือน้อยกว่า<br><yellow>※เฉพาะอาวุธ Fighter เท่านั้น<c>"""
FighterSameArtsSkipAttack#1,"""การใช้ PA เดิมซ้ำๆ กันอย่างต่อเนื่อง<br>จะทำให้คอมโบโจมตีปกติของคุณข้ามไปขั้นที่ 3<br><yellow>※เฉพาะอาวุธ Fighter เท่านั้น<c>"""
FighterSkipArts#1,"""การใช้ PA โดยไม่กดปุ่มทิศทาง<br>จะข้ามไปช่วงครึ่งหลังของ PA นั้น<br><yellow>※เฉพาะอาวุธ Fighter เท่านั้น<c>"""
FighterTDAnotherDerive#1,"""การกดปุ่มโจมตีปกติให้ถูกจังหวะหลังจากการใช้ PA<br>จะทำให้คุณพุ่งเข้าหาเป้าหมายด้วยความเร็วสูง<br><yellow>※เฉพาะ Twin Daggers เท่านั้น<c>"""
FighterTDAttackExtra#1,"""เพิ่มจำนวนขั้นในการโจมตีปกติเป็น 4 ขั้น<br><yellow>※เฉพาะ Twin Daggers เท่านั้น<c>"""
FighterDSDeadlyArcher#1,"""การกดปุ่ม Weapon Action ค้างไว้<br>ในขณะที่มี Kamaitachi ขั้นที่ 2 ทำงานอยู่<br>จะทำการรวบรวมพลังงานทั้งหมดของ Kamaitachi<br>ไปที่อาวุธของคุณแล้วขว้างใส่ศัตรู<br><yellow>※เฉพาะ Double Saber เท่านั้น<c>"""
FighterDSEnhanceAttack#1,"""การกดปุ่มโจมตีปกติค้างไว้ในขณะที่มี Kamaitachi ขั้นที่ 2<br>ทำงานอยู่ จะใช้พลังงานทั้งหมดของ Kamaitachi<br>เพื่อสร้างพายุหมุน<br><yellow>※เฉพาะ Double Saber เท่านั้น<c>"""
GunnerChainFinish#1,"""หลังจากที่ Chain Finish ทำงาน,<br>ระยะเวลาคูลดาวน์ในการใช้ Chain Trigger ครั้งต่อไป<br>จะลดลงตามจำนวน Chain<br>ในระหว่างที่ Chain Trigger ทำงาน<br><yellow>Skill นี้มีผลเฉพาะเวลาที่เป็น Main Class เท่านั้น<c>"""
GunnerPerfectKeeper#1,"""ข้อความชั่วคราว"""
GunnerChainFinishBonus#1,"""ข้อความชั่วคราว"""
GunnerNeoTime#1,"""ข้อความชั่วคราว"""
GunnerNeoTimeBlastBonus#1,"""ข้อความชั่วคราว"""
GunnerNeoTimePPRefresh#1,"""ข้อความชั่วคราว"""
GunnerAirAttackBonus#1,"""ข้อความชั่วคราว"""
GunnerReactionWeak#1,"""ข้อความชั่วคราว"""
GunnerFallSlowAttack#1,"""ทำให้คุณลอยตัวในอากาศได้นานขึ้นขณะโจมตีปกติ<br><yellow>※เฉพาะอาวุธ Gunner เท่านั้น<c>"""
GunnerFallSlowCharge#1,"""ทำให้คุณลอยตัวในอากาศได้นานขึ้นขณะชาร์จ PA<br><yellow>※เฉพาะอาวุธ Gunner เท่านั้น<c>"""
GunnerGaugeShotGunAway#1,"""เพิ่มระยะเวลาอมตะเมื่อใช้ Spread Shot และทำให้คุณเคลื่อนที่ได้ไกลขึ้นขณะใช้งาน"""
WeaponAction#1,"""ข้อความอธิบาย Weapon Action (ชั่วคราว)"""
NormalAttack#1,"""ข้อความอธิบายการโจมตีปกติ (ชั่วคราว)"""
Step#1,"""Step อย่างรวดเร็วเพื่อเคลื่อนที่เป็นระยะทางสั้นๆ"""
StepAdvance#1,"""เพิ่มระยะเวลาอมตะในระหว่าง Step"""
StepAttack#1,"""สามารถโจมตีได้ในระหว่าง Step"""
HunterJustReversal#1,"""กระโดดเมื่อถูกทำให้ล้มหรือปลิวเพื่อฟื้นตัวอย่างรวดเร็ว"""
HunterHPUp1#1,"""เพิ่ม HP สูงสุด"""
GuardStance#1,"""Active Stance Skill. ลดความเสียหาย Striking ที่ได้รับ แต่ลดความเสียหาย Striking และ Ranged ที่ทำได้ จะยกเลิก Fury Stance"""
GuardStanceUp1#1,"""เพิ่มความต้านทานความเสียหายในระหว่างที่ใช้ Guard Stance"""
HunterHPUp2#1,"""เพิ่ม HP สูงสุด มีผลมากกว่า HP Boost 1"""
HunterHPUp3#1,"""เพิ่ม HP สูงสุด มีผลมากกว่า HP Boost 2"""
AutoMateHalfline#1,"""ใช้ไอเทมประเภท -mate อัตโนมัติเมื่อได้รับความเสียหายจน HP ต่ำกว่า 50%"""
MaterialDefence1#1,"""ลดความเสียหายจากการโจมตี Striking และ Ranged"""
TechDefence#1,"""ลดความเสียหายจาก Techniques"""
MaterialDefence2#1,"""ลดความเสียหายจากการโจมตี Striking และ Ranged"""
GuardStancePoison#1,"""รักษาอาการติดพิษในระหว่างที่ใช้ Guard Stance"""
GuardStanceBurn#1,"""รักษาอาการติดไฟในระหว่างที่ใช้ Guard Stance"""
HunterDfpStrikeUp1#1,"""เพิ่ม Striking Defense"""
WarCry#1,"""ดึงดูดความสนใจของศัตรูมาที่คุณ"""
IronWill#1,"""การโจมตีที่ทำให้คุณหมดสภาพอาจเหลือ HP ของคุณไว้ที่ 1 ทำให้เป็นอมตะชั่วคราว"""
HunterAtpStrikeUp1#1,"""เพิ่ม S-ATK"""
HunterAtpStrikeUp2#1,"""เพิ่ม Striking Attack มีผลมากกว่า S-ATK Boost 1"""
FuryStance#1,"""Passive Stance Skill. เพิ่มความเสียหาย Striking และ Ranged ที่ทำได้ แต่เพิ่มความเสียหาย Striking ที่ได้รับ"""
FuryStanceUp1#1,"""เพิ่มความเสียหาย Striking และ Ranged ในระหว่างที่ใช้ Fury Stance"""
FuryStanceUp2#1,"""เพิ่มความเสียหาย Striking และ Ranged ในระหว่างที่ใช้ Fury Stance"""
FuryStanceCritical#1,"""เพิ่มอัตราคริติคอลในระหว่างที่ใช้ Fury Stance"""
SwordGear#1,"""ขึ้นอยู่กับ PA, ความเร็วในการชาร์จ/จำนวนครั้งที่โจมตีโดน/ระยะการโจมตีอาจเปลี่ยนไปเมื่อเกจเต็ม"""
WiredlanceGear#1,"""PA แบบกดค้างจะใช้ 1 ขีดของเกจเพื่อเพิ่มพลัง"""
PartisanGear#1,"""PA จะใช้ 1 ขีดของเกจเพื่อเพิ่มระยะการโจมตีและพลัง"""
JustAttackBonus1#1,"""มอบโบนัสความเสียหายให้กับ Just Attacks ที่ไม่ใช่ Technique"""
JustAttackBonus2#1,"""มอบโบนัสความเสียหายให้กับ Just Attacks ที่ไม่ใช่ Technique"""
Guard#2,"""ใช้อาวุธของคุณป้องกันการโจมตีจากด้านหน้าของศัตรู"""
HunterDfpFirearmUp1#1,"""เพิ่ม Ranged Defense"""
JustGuard#1,"""หักล้างความเสียหายโดยการป้องกันก่อนที่การโจมตีจะถึงตัว"""
JustCounter#1,"""การโจมตีที่ทำทันทีหลังจาก Just Guard สำเร็จจะกลายเป็น Just Attack"""
Rare10Hunter#1,"""เมื่อสวมใส่อาวุธระดับ ☆10 ขึ้นไป หรืออาวุธคราฟต์ จะได้รับโบนัสความเสียหาย <yellow>เฉพาะ Main Class เท่านั้น<c>"""
FuryComboUp#1,"""ในระหว่างที่ใช้ Fury Stance, เพิ่มความเสียหายสำหรับ Just Attack ต่อเนื่องแต่ละครั้ง โบนัสสูงสุด 10%"""
PrettyGood#1,"""ลดระยะเวลาของสถานะผิดปกติที่ได้รับ"""
Sacrifice#1,"""ในระหว่างที่ใช้ Guard Stance, ฟื้นฟู HP เมื่อศัตรูตายในระยะที่กำหนด"""
HunterAtpStrikeUp3#1,"""เพิ่ม Striking Attack มีผลมากกว่า S-ATK Boost 2"""
JustGuardAdvance#1,"""Just Guard Advance"""
FuryGearBoost#1,"""เพิ่มอัตราการชาร์จเกจสำหรับอาวุธ Hunter ในระหว่างที่ใช้ Fury Stance หรือ Guard Stance <yellow>เฉพาะ Main Class เท่านั้น<c>"""
NeverGiveup#1,"""หลังจากที่ Iron Will ทำงาน จะเพิ่ม S-ATK เป็นเวลา 60 วินาทีและเพิ่มระยะเวลาอมตะ เลเวลที่เพิ่มขึ้นจะเพิ่มโบนัสให้"""
MassiveHunter#1,"""ลดความเสียหายและป้องกันการถูกงัดให้ลอยขึ้นและกระเด็น"""
AdvanceGuard#1,"""เมื่อ Just Guard สำเร็จ, ฟื้นฟู HP ให้ตัวเองและตัวละครทั้งหมดในบริเวณใกล้เคียง"""
WarBrave#1,"""เมื่อใช้ War Cry, จะได้รับโบนัสความเสียหายเป็นเวลา 60 วินาทีและฟื้นฟู PP ตามจำนวนศัตรูที่ได้รับผลกระทบ <yellow>เฉพาะ Main Class เท่านั้น<c>"""
HunterDexUp1#1,"""เพิ่ม DEX"""
AllGuard#1,"""ป้องกันความเสียหายจากทุกทิศทางเมื่อป้องกันโดยใช้อาวุธ Hunter <yellow>เฉพาะ Main Class เท่านั้น<c>"""
GuardStanceJustGuradAttack#1,"""เมื่อทำ Just Guard ในระหว่างที่ใช้ Guard Stance, จะได้รับโบนัสความเสียหายเป็นระยะเวลาหนึ่ง <yellow>เฉพาะ Main Class เท่านั้น<c>"""
JustGuardPpSave#1,"""ฟื้นฟู PP เมื่อ Just Guard ด้วยอาวุธ Hunter <yellow>เฉพาะ Main Class เท่านั้น<c>"""
ChargeParrying#1,"""สามารถทำ Just Guard ได้เมื่อเริ่มชาร์จ PAs ของอาวุธ Hunter"""
WarCryJellen#1,"""เพิ่มผลของ War Cry และทำให้ศัตรูติดสถานะ Jellen <yellow>เฉพาะ Main Class เท่านั้น<c>"""
HunterHighLevelBonus#1,"""มอบโบนัสให้กับความเสียหายทั้งหมดที่คุณทำได้"""
HunterNextJump#1,"""เปิดใช้งานการกระโดดสองจังหวะ"""
HunterFirstArtsJAAddition#1,"""การโจมตีครั้งแรกจะกลายเป็น Just Attack คูลดาวน์เริ่มนับหลังจากการใช้งาน ไม่มีผลกับ Takt, การโจมตีของ Pet และ Techs"""
HunterAirReversal#1,"""ฟื้นตัวอย่างรวดเร็วขณะลอยอยู่ในอากาศ"""
HunterDushJump#1,"""เคลื่อนที่อย่างรวดเร็วโดยการกระโดดหลังจากใช้ Step หรือ Dive Roll"""
HunterStepJACombo#1,"""ทำ JA อีกครั้งหลังจากที่ทำ Step"""
HunterJustReversalJACombo#1,"""ทำ JA อีกครั้งหลังจากที่ทำ Just Reversal"""
FighterStep#1,"""Step อย่างรวดเร็วเพื่อเคลื่อนที่เป็นระยะทางสั้นๆ"""
FighterStepAdvance#1,"""เพิ่มระยะเวลาอมตะในระหว่าง Step"""
FighterStepAttack#1,"""สามารถโจมตีได้ในระหว่าง Step"""
FighterJustReversal#1,"""กระโดดเมื่อถูกทำให้ล้มหรือปลิวเพื่อฟื้นตัวอย่างรวดเร็ว"""
FighterAtpStrikeUp1#1,"""เพิ่ม S-ATK"""
BraveStanceUp1#1,"""ทำความเสียหายเพิ่มขึ้นเมื่อโจมตีศัตรูจากด้านหน้าในระหว่างที่ใช้ Brave Stance"""
BraveCritical#1,"""เพิ่มโอกาสติดคริติคอลเมื่อโจมตีศัตรูจากด้านหน้าในระหว่างที่ใช้ Brave Stance"""
BraveStance#1,"""Passive Stance Skill. เพิ่มความเสียหายเมื่อโจมตีศัตรูจากด้านหน้า"""
FighterHPUp1#1,"""เพิ่ม HP สูงสุด"""
KnuckleGear#1,"""สะสมเกจตามจำนวนคอมโบการโจมตีต่อเนื่อง และความเร็วในการโจมตีจะเพิ่มขึ้นตามระดับของเกจ"""
TwindaggerGear#1,"""สะสมเกจตามจำนวนครั้งที่กระโดด และความเสียหายของ PA จะเพิ่มขึ้นตามระดับของเกจ"""
FighterAtpStrikeUp2#1,"""เพิ่ม Striking Attack มีผลมากกว่า S-ATK Boost 1"""
FighterDfpStrikeUp1#1,"""เพิ่ม Striking Defense"""
AbnormalAdvance#1,"""มอบโบนัสความเสียหายให้กับการโจมตี Striking ต่อศัตรูที่ติดสถานะผิดปกติ"""
AbnormalBind#1,"""มีโอกาสทำให้ติดสถานะ Bind เมื่อโจมตีแบบ Striking ต่อศัตรูที่ติดสถานะผิดปกติ"""
WiseStanceUp1#1,"""ทำความเสียหายเพิ่มขึ้นเมื่อโจมตีศัตรูจากด้านหลังในระหว่างที่ใช้ Wise Stance"""
WiseCritical#1,"""เพิ่มโอกาสติดคริติคอลเมื่อโจมตีศัตรูจากด้านหลังในระหว่างที่ใช้ Wise Stance"""
WiseStance#1,"""Active Stance Skill. ทำความเสียหายเพิ่มขึ้นเมื่อโจมตีศัตรูจากด้านหลัง จะยกเลิก Brave Stance"""
FighterHPUp2#1,"""เพิ่ม HP สูงสุด"""
FighterAtpStrikeUp3#1,"""เพิ่ม Striking Attack มีผลมากกว่า S-ATK Boost 1"""
DoublesaverGear#1,"""สะสมเกจด้วยการโจมตี จากนั้นใช้ Weapon Action เพื่อปลดปล่อยพลังลมโจมตีตามระดับเกจ"""
HalflineSlayer#1,"""เพิ่ม S-ATK, R-ATK และ T-ATK เมื่อ HP ลดลงเหลือ 50% หรือต่ำกว่า"""
DeadlineSlayer#1,"""เพิ่ม S-ATK, R-ATK และ T-ATK เมื่อ HP ลดลงเหลือ 25% หรือต่ำกว่า"""
Rare10Fighter#1,"""เมื่อสวมใส่อาวุธระดับ ☆10 ขึ้นไป หรืออาวุธคราฟต์ จะได้รับโบนัสความเสียหาย <yellow>เฉพาะ Main Class เท่านั้น<c>"""
PPSlayer#1,"""เพิ่ม S-ATK, R-ATK และ T-ATK เมื่อ PP ลดลงเหลือ 50% หรือต่ำกว่า"""
HalflineAbnormal#1,"""เพิ่มโอกาสในการทำให้ติดสถานะผิดปกติเมื่อ HP ของคุณอยู่ที่ 50% หรือต่ำกว่า"""
Adrenalin#1,"""เพิ่มระยะเวลาของ Shifta และ Deband ต่อการโจมตี 1 ครั้ง บนตัวคุณ"""
CrazyHeart#1,"""เพิ่มอัตราการฟื้นฟู PP ปกติและการฟื้นฟู PP จากการโจมตีเมื่อติดสถานะผิดปกติ"""
CrazyBeat#1,"""เพิ่ม S-ATK เมื่อติดสถานะผิดปกติ"""
AbnormalAdvance2#1,"""มอบโบนัสความเสียหายเมื่อคุณโจมตีศัตรูที่ติดสถานะผิดปกติ"""
CriticalStrike#1,"""มอบโบนัสความเสียหายให้กับการโจมตีคริติคอลและเพิ่มโอกาสติดคริติคอล <yellow>เฉพาะ Main Class เท่านั้น<c>"""
LimitBreak#1,"""ในช่วงเวลาที่กำหนด ลด HP สูงสุดเพื่อรับโบนัสความเสียหาย Striking <yellow>เฉพาะ Main Class เท่านั้น<c>"""
TecArtsJABonus#1,"""เพิ่มความเสียหายเมื่อทำ Just Attack ด้วยท่าโจมตีที่แตกต่างกัน"""
FighterDexUp1#1,"""เพิ่ม DEX"""
DoubleSaberTwister#1,"""สามารถทำ Just Guard ได้ในจังหวะที่พายุทอร์นาโดของ Double Sabers ทำงาน"""
KnuckleGearKeep#1,"""เพิ่มอัตราการสะสม Knuckle Gear เป็นสองเท่า"""
TwinDaggerSpinMove#1,"""สามารถเคลื่อนที่ไปในทิศทางใดก็ได้ในระหว่างที่หมุน Twin Daggers"""
LimitBreakPhotonCharge#1,"""ฟื้นฟู PP ทั้งหมดเมื่อ Limit Break สิ้นสุดลง <yellow>เฉพาะ Main Class เท่านั้น<c>"""
TecArtsJAPPSave#1,"""ลดการใช้ PP เมื่อทำ JA ด้วย PAs/Techniques ที่แตกต่างกันอย่างต่อเนื่อง"""
LimitBreakInsurance#1,"""รอดพ้นจากการโจมตีที่ทำให้ถึงตายในระหว่างที่ Limit Break ทำงาน โดยเหลือ HP 1 หน่วย และยกเลิก LB พร้อมกับเพิ่มระยะเวลาคูลดาวน์ <yellow>เฉพาะ Main Class เท่านั้น<c>"""
FighterHighLevelBonus#1,"""มอบโบนัสให้กับความเสียหายทั้งหมดที่คุณทำได้"""
FighterNextJump#1,"""เปิดใช้งานการกระโดดสองจังหวะ"""
FighterFirstArtsJAAddition#1,"""การโจมตีครั้งแรกจะกลายเป็น Just Attack คูลดาวน์เริ่มนับหลังจากการใช้งาน ไม่มีผลกับ Takt, การโจมตีของ Pet และ Techs"""
FighterAirReversal#1,"""ฟื้นตัวอย่างรวดเร็วขณะลอยอยู่ในอากาศ"""
FighterDushJump#1,"""เคลื่อนที่อย่างรวดเร็วโดยการกระโดดหลังจากใช้ Step หรือ Dive Roll"""
FighterStepJACombo#1,"""ทำ JA อีกครั้งหลังจากที่ทำ Step"""
FighterJustReversalJACombo#1,"""ทำ JA อีกครั้งหลังจากที่ทำ Just Reversal"""
Diveroll#1,"""พุ่งตัว เพื่อเคลื่อนที่ระยะสั้นอย่างรวดเร็ว"""
DiverollAdvance#1,"""เพิ่มระยะเวลาอมตะในระหว่างที่ใช้ Dive Roll"""
RangerJustReversal#1,"""กระโดดเมื่อถูกทำให้ล้มหรือปลิวเพื่อฟื้นตัวอย่างรวดเร็ว"""
RangerDexUp1#1,"""เพิ่ม DEX"""
WeakSnipeBonus1#1,"""เพิ่มความเสียหายที่ทำได้เมื่อยิงจุดอ่อนของศัตรู"""
ReloadWeak#1,"""เฉพาะ Assault Rifles เท่านั้น - บรรจุกระสุนที่ทำให้ศัตรูอ่อนแอลงและลดพลังป้องกัน"""
RangerDexUp2#1,"""เพิ่ม Dexterity มีผลมากกว่า DEX Boost 1"""
RangerDexUp3#1,"""เพิ่ม Dexterity มีผลมากกว่า DEX Boost 2"""
WeakSnipeBonus2#1,"""เพิ่มความเสียหายที่ทำได้เมื่อยิงจุดอ่อนของศัตรู"""
StandUpSnipe1#1,"""เพิ่มความเสียหายที่ทำได้เมื่อยิงในขณะที่ยืนนิ่ง"""
RangerDfpFirearmUp1#1,"""เพิ่ม Ranged Defense"""
StandUpSnipe2#1,"""เพิ่มความเสียหายที่ทำได้เมื่อยิงในขณะที่ยืนนิ่ง"""
ToolMastery#1,"""เพิ่มพลังของ Skills ประเภท Tool"""
TrapPoizon#1,"""เปิดใช้งานการติดตั้ง Poison Traps"""
TrapPoizonCustom#1,"""เพิ่มโอกาสในการติดพิษจาก Poison Traps"""
TrapUpper#1,"""เปิดใช้งานการติดตั้งกับดักที่ทำให้ศัตรูลอยขึ้นไปในอากาศ"""
TrapUpperCustom#1,"""เพิ่มพลังของ Upper Traps"""
TrapFlash#1,"""ขว้างระเบิดแสงเพื่อทำให้ศัตรูติดสถานะ Stun ไม่มีผลกับศัตรูที่ป้องกันสถานะ Stun"""
TrapSearch#1,"""ช่วยให้คุณค้นพบกับดักที่ซ่อนอยู่"""
RangerAtpFirearmUp1#1,"""เพิ่ม R-ATK"""
ReloadBind#1,"""เฉพาะ Assault Rifles เท่านั้น - บรรจุกระสุนที่ทำให้ติดสถานะ Bind"""
RangerAtpFirearmUp2#1,"""เพิ่ม Ranged Attack มีผลมากกว่า R-ATK Boost 1"""
ReloadJellen#1,"""เฉพาะ Launchers เท่านั้น - บรรจุกระสุน Jellen ที่ลดพลังโจมตีของศัตรู"""
ReloadMirage#1,"""เฉพาะ Launchers เท่านั้น - บรรจุกระสุนที่ทำให้ติดสถานะ Mirage"""
ReloadPanic#1,"""เฉพาะ Launchers เท่านั้น - บรรจุกระสุนที่ทำให้ติดสถานะ Panic"""
Rare10Ranger#1,"""เมื่อสวมใส่อาวุธระดับ ☆10 ขึ้นไป หรืออาวุธคราฟต์ จะได้รับโบนัสความเสียหาย <yellow>เฉพาะ Main Class เท่านั้น<c>"""
KillingBonus#1,"""ฟื้นฟู PP เมื่อศัตรูในบริเวณใกล้เคียงถูกกำจัด"""
FirstHit#1,"""มอบโบนัสความเสียหายเมื่อคุณโจมตีศัตรูที่ยังมี HP เต็ม"""
BulletPPSave#1,"""ในขณะที่บรรจุกระสุนพิเศษไว้ในอาวุธที่สวมใส่ การใช้ PP สำหรับ PAs และ Techniques จะลดลง"""
TacticsTrap#1,"""ฟื้นฟู PP เมื่อคุณทำความเสียหายด้วยกับดัก"""
PowerBullet#1,"""เพิ่ม R-ATK เมื่อสวมใส่กระสุนพิเศษ"""
WeakSnipeAddPB#1,"""เกจ PB จะเต็มเร็วขึ้นเมื่อคุณยิงจุดอ่อนของศัตรู"""
SniperPride#1,"""เพิ่มความเสียหายเมื่อโจมตีจากระยะไกล <yellow>เฉพาะ Main Class เท่านั้น<c>"""
GravityBom#1,"""ขว้างระเบิดที่ดึงดูดและทำความเสียหายแก่ศัตรู"""
BulletKeep#1,"""ป้องกันไม่ให้กระสุนพิเศษถูกถอดออกเมื่อเปลี่ยนไปใช้อาวุธประเภทใดก็ตาม <yellow>เฉพาะ Main Class เท่านั้น<c>"""
MovingSnipe#1,"""เพิ่มความเสียหายเมื่อยิงขณะเคลื่อนที่"""
DiverollShoot#1,"""เปิดใช้งานการโจมตีในระหว่างที่ใช้ Dive Roll"""
BulletKeepGs#1,"""ป้องกันไม่ให้กระสุนพิเศษถูกถอดออกเมื่อเปลี่ยนไปใช้อาวุธประเภท Gunslash <yellow>เฉพาะ Main Class เท่านั้น<c>"""
MassiveBullet#1,"""ป้องกันการชะงัก/กระเด็น/งัดให้ลอยขึ้น ในขณะที่กำลังโหลดกระสุนพิเศษ <yellow>เฉพาะ Main Class เท่านั้น<c>"""
BulletDiverollShoot#1,"""เมื่อโจมตีในระหว่างที่ใช้ Dive Roll คุณจะไม่สูญเสียกระสุนพิเศษ"""
ExTrapMode#1,"""เพิ่มพลังและระยะของ Skills ประเภท Tool <yellow>เฉพาะ Main Class เท่านั้น<c>"""
RangerHighLevelBonus#1,"""มอบโบนัสให้กับความเสียหายทั้งหมดที่คุณทำได้"""
RangerNextJump#1,"""เปิดใช้งานการกระโดดสองจังหวะ"""
RangerFirstArtsJAAddition#1,"""การโจมตีครั้งแรกจะกลายเป็น Just Attack คูลดาวน์เริ่มนับหลังจากการใช้งาน ไม่มีผลกับ Takt, การโจมตีของ Pet และ Techs"""
RangerAirReversal#1,"""ฟื้นตัวอย่างรวดเร็วขณะลอยอยู่ในอากาศ"""
RangerDushJump#1,"""เคลื่อนที่อย่างรวดเร็วโดยการกระโดดหลังจากใช้ Step หรือ Dive Roll"""
RangerStepJACombo#1,"""ทำ JA อีกครั้งหลังจากที่ทำ Step"""
RangerJustReversalJACombo#1,"""ทำ JA อีกครั้งหลังจากที่ทำ Just Reversal"""
GunnerDiveroll#1,"""พุ่งตัว เพื่อเคลื่อนที่ระยะสั้นอย่างรวดเร็ว"""
GunnerDiverollAdvance#1,"""เพิ่มระยะเวลาอมตะในระหว่างที่ใช้ Dive Roll"""
GunnerDfpFirearmUp1#1,"""เพิ่ม Ranged Defense"""
GunnerJustReversal#1,"""กระโดดเมื่อถูกทำให้ล้มหรือปลิวเพื่อฟื้นตัวอย่างรวดเร็ว"""
GunnerAtpFirearmUp1#1,"""เพิ่ม R-ATK"""
GunnerAtpFirearmUp2#1,"""เพิ่ม Ranged Attack มีผลมากกว่า R-ATK Boost 1"""
GunnerAtpFirearmUp3#1,"""เพิ่ม Ranged Attack มีผลมากกว่า R-ATK Boost 1"""
GunnerZeroRangeBonus1#1,"""เพิ่มความเสียหายเมื่อโจมตีด้วยการยิงในระยะประชิด"""
GunnerZeroRangeBonus2#1,"""เพิ่มความเสียหายเมื่อโจมตีด้วยการยิงในระยะประชิด"""
GunnerOverWhelm#1,"""เพิ่มการฟื้นฟู PP เมื่อโจมตีศัตรูที่ไม่ใช่บอส"""
TechterAssistField#1,"""ข้อความชั่วคราว"""
TechterWandLovers#1,"""<yellow>[Active Skill]<c><br>เพิ่มความสามารถในการบล็อกการโจมตีของศัตรูให้กับการโจมตีปกติของคุณ และป้องกันการกระเด็นและการชะงักเป็นระยะเวลาหนึ่ง<br><yellow>※เฉพาะ Wand เท่านั้น<c>"""
TechterShiftaStrike#1,"""มอบเอฟเฟกต์เพิ่มเติมให้กับ Shifta-Deband ซึ่งจะเพิ่มความสามารถในการทำให้ศัตรูล้ม ลงจากการโจมตี<br><yellow>※เฉพาะ Main Class เท่านั้น<c>"""
TechterShiftaAdvance#1,"""มอบเอฟเฟกต์เพิ่มเติมให้กับ Shifta-Deband ซึ่งจะเพิ่มความเสียหายที่ทำได้ต่อศัตรูที่ล้ม อยู่<br><yellow>※เฉพาะ Main Class เท่านั้น<c>"""
TechterDebandCut#1,"""มอบเอฟเฟกต์เพิ่มเติมให้กับ Shifta-Deband ซึ่งจะลดโอกาสที่ผู้เล่นจะติดสถานะผิดปกติ<br><yellow>※เฉพาะ Main Class เท่านั้น<c>"""
TechterDebandPpReStraight#1,"""มอบเอฟเฟกต์เพิ่มเติมให้กับ Shifta-Deband ซึ่งจะเพิ่มการฟื้นฟู PP<br><yellow>※เฉพาะ Main Class เท่านั้น<c>"""
TechterExtendAssist#1,"""เพิ่มระยะเวลาของ Shifta-Deband<br><yellow>※เฉพาะ Main Class เท่านั้น<c>"""
TechterReverseBonus#1,"""มอบเอฟเฟกต์ Shifta-Deband ให้กับเพื่อนร่วมทีมที่คุณชุบชีวิตขึ้นมา<br><yellow>※เฉพาะ Main Class เท่านั้น<c>"""
TechterWandGuardCounterEdge#1,"""สร้างคลื่นกระแทกเมื่อ Wand Parry Counter ทำงาน"""
TechterFallSlowCharge#1,"""ทำให้คุณลอยตัวในอากาศได้นานขึ้นขณะชาร์จ PA หรือ Technique<br><yellow>※เฉพาะอาวุธ Techter เท่านั้น<c>"""
TechterBartaBlot#1,"""การโจมตีศัตรูด้วย Technique น้ำแข็งแบบไม่ชาร์จสะสมหลายๆ ครั้งจะประทับตราน้ำแข็งบนตัวศัตรู การโจมตีศัตรูที่มีตราน้ำแข็งด้วย Technique น้ำแข็งแบบชาร์จจะทำให้ตราน้ำแข็งระเบิด"""
TechterZondeClad#1,"""การโจมตีศัตรูด้วย Technique สายฟ้าแบบไม่ชาร์จสะสมหลายๆ ครั้งจะทำให้คุณเข้าสู่สถานะ Energized ซึ่ง Technique สายฟ้าแบบชาร์จครั้งต่อไปจะทำความเสียหายเพิ่มขึ้นและสถานะ Energized จะหายไป"""
TechterTalisQuickMarkShot#1,"""การใช้ Weapon Action โดยไม่กดปุ่มทิศทางจะทำการโจมตีศัตรูบริเวณใกล้เคียงแบบสุ่มเป็นระยะเวลาหนึ่ง<br><yellow>※เฉพาะ Talis เท่านั้น<c>"""
TechterTalisSetRevok#1,"""กดปุ่ม Weapon Action ค้างไว้เพื่อยกเลิก Talis ที่กำลังทำงานอยู่<br><yellow>※เฉพาะ Talis เท่านั้น<c>"""
BraverGuardRelief#1,"""ลดความเสียหายและการใช้ PP จากการบล็อกการโจมตีด้วย Weapon Actions ประเภทป้องกัน"""
BraverRestaHealUp#1,"""เพิ่ม HP ที่ฟื้นฟูจากการใช้ Resta Signs"""
BraverJustReversalCover#1,"""ฟื้นฟู HP เมื่อคุณใช้ Just Reversal เพื่อลุกขึ้นหลังจากถูกทำให้ล้มลง"""
BraverCombat#1,"""<yellow>[Active Skill]<c><br>ลดการใช้ PP และเพิ่มการฟื้นฟู PP จากการโจมตีในช่วงเวลาที่กำหนด ใช้งานอีกครั้งในขณะที่กำลังทำงานเพื่อทำการโจมตีที่รุนแรง<br><yellow>※เฉพาะอาวุธ Braver เท่านั้น<c>"""
BraverBraveCombatShortTime#1,"""ลดระยะเวลาของ Brave Combat แต่ยังลดระยะเวลาคูลดาวน์ของสกิลนี้ด้วย"""
BraverCombatCountAfterBonus#1,"""ฟื้นฟู HP และ PP เมื่อ Brave Combat สิ้นสุดลง ตามจำนวนครั้งที่คุณโจมตีโดนศัตรูในขณะที่สกิลนี้ทำงานอยู่<br><yellow>※เฉพาะ Main Class/อาวุธ Braver เท่านั้น<c>"""
Katana:LockonChase#1,"""ในระหว่างที่ใช้ Brave Combat คุณจะพุ่งเข้าหาเป้าหมาย Lock-On โดยอัตโนมัติเมื่อใช้ Normal Attacks ในระยะใกล้<br><yellow>※เฉพาะ Katana เท่านั้น<c>"""
BraverCompoundbowPaArmor#1,"""ป้องกันไม่ให้คุณถูกงัดให้ลอยขึ้นเป็นระยะเวลาสั้นๆ หลังจากการใช้ PA ในระหว่างที่ใช้ Brave Combat<br><yellow>※เฉพาะ Bullet Bow เท่านั้น<c>"""
BraverKatanaGuardCounter#1,"""ทำการสวนกลับอัตโนมัติเมื่อคุณทำ Just Guard การโจมตีด้วย Weapon Action สำเร็จ<br><yellow>※เฉพาะ Katana เท่านั้น<c>"""
Katana:CounterEdge#1,"""เพิ่มคลื่นกระแทกให้ Katana Guard Counter"""
Katana:ComboCountSkill#1,"""รักษาระดับคอมโบ Katana PA ของคุณแม้ในขณะที่ใช้ PAs ที่แตกต่างกัน<br><yellow>※เฉพาะ Katana เท่านั้น<c>"""
Katana:Ambition#1,"""บล็อกการโจมตีเป็นระยะเวลาสั้นๆ หลังจากการใช้ PA หรือ Normal Attack และทำการสวนกลับโดยอัตโนมัติ<br><yellow>※เฉพาะ Katana เท่านั้น<c>"""
BraverCounterArrow#1,"""การใช้ Normal Attack หลังจากหลบการโจมตีด้วย Weapon Action จะทำการสวนกลับ<br><yellow>※เฉพาะ Bullet Bow เท่านั้น<c>"""
BraverCompoundbowHoming#1,"""ทำให้ Normal Attacks ติดตามศัตรู<br><yellow>※เฉพาะ Bullet Bow เท่านั้น<c>"""
BraverCompoundbowSlideDodge#1,"""การกดปุ่มทิศทางและใช้ Weapon Action ทันทีหลังจากการใช้ PA จะทำการสไลด์โจมตีพิเศษ<br><yellow>※เฉพาะ Bullet Bow เท่านั้น<c>"""
BouncerDownRateUp#1,"""เพิ่มอัตราการทำให้ติดสถานะ Down ทุกประเภทให้กับศัตรู"""
BouncerNakedKiller#1,"""เพิ่มความเสียหายที่ทำได้ และลดความเสียหายที่ได้รับจากศัตรู ตามจำนวนชิ้นส่วนที่ถูกทำลายของศัตรูเหล่านั้น"""
BouncerDefeatPpGain#1,"""ฟื้นฟู PP เมื่อศัตรูล้ม ลงใกล้ๆ คุณ<br><yellow>※เฉพาะ Main Class เท่านั้น<c>"""
BouncerFrailPointUp#1,"""เพิ่มอัตรา Physical Down และ Elemental Down ของศัตรู<br><yellow>※เฉพาะ Main Class เท่านั้น<c>"""
BouncerPhysicFrail#1,"""ทำให้ Photon Arts สามารถทำให้ศัตรูติดสถานะ Physical Down ได้ง่ายขึ้น การโจมตี ด้วย PA จะช่วยเพิ่มเอฟเฟกต์ให้สูงขึ้นได้ถึง 3 ระดับ<br><yellow>※เฉพาะ Main Class/Dual Blades เท่านั้น<c>"""
BouncerElementFrail#1,"""ทำให้ Photon Arts สามารถทำให้ศัตรูติดสถานะ Attribute Down ได้ง่ายขึ้น การโจมตี ด้วย PA จะช่วยเพิ่มเอฟเฟกต์ให้สูงขึ้นได้ถึง 3 ระดับ<br><yellow>※เฉพาะ Main Class/Jet Boots เท่านั้น<c>"""
BouncerPhotonBladeFever#1,"""<yellow>[Active Skill]<c><br>เป็นระยะเวลาหนึ่ง พลังของ Photon Blade จะลดลง แต่ Photon Blades จะยิงออกไปโดยอัตโนมัติในขณะที่ใช้ PAs<br><yellow>※เฉพาะ Main Class/Dual Blades เท่านั้น<c>"""
BouncerPhotonBladeFeverUp#1,"""เพิ่มจำนวน Photon Blades ที่ยิงออกไปในการใช้ Weapon Action แต่ละครั้งในระหว่างที่ Fanatic Blade ทำงาน<br><yellow>※เฉพาะ Main Class/Dual Blades เท่านั้น<c>"""
BouncerPhotonBladePpGain#1,"""เพิ่ม PP Recovery จากการโจมตีเมื่อโจมตีโดนศัตรูที่มี Photon Blade ฝังอยู่<br><yellow>※เฉพาะ Dual Blades เท่านั้น<c>"""
BouncerElementBurst#1,"""<yellow>[Active Skill]<c><br>เพิ่มเกจที่จะสะสมเมื่อคุณโจมตีด้วย PAs แบบกดค้างและ Jet Intensity และทุกครั้งที่คุณหลบการโจมตีด้วย Weapon Action กดใช้งานเพื่อทำการโจมตีที่รุนแรง<br><yellow>※เฉพาะ Jet Boots เท่านั้น<c>"""
BouncerJetBootsElementChange#1,"""เพิ่มการโจมตีพิเศษให้กับ Photon Arts โดยขึ้นอยู่กับ Attribute ของ Technique ล่าสุดที่คุณใช้<br><yellow>※เฉพาะ Jet Boots เท่านั้น<c>"""
BouncerJetBootsAttackExtra#1,"""เพิ่มจำนวนขั้นในคอมโบ Normal Attack<br>ของคุณเป็น 4 ขั้น<br><yellow>※เฉพาะ Jet Boots เท่านั้น<c>"""
BouncerJetBootsJetAttack#1,"""เมื่อมีศัตรูอยู่ในระยะ การกดปุ่ม Normal Attack ค้างไว้จะทำการโจมตีต่อเนื่องซึ่งจะเร็วขึ้นในการโจมตีแต่ละครั้ง การโจมตีครั้งสุดท้ายจะเพิ่มเกจ Sturm Gigue<br><yellow>※เฉพาะ Jet Boots เท่านั้น<c>"""
BouncerJetBootsEnhancePA#1,"""การกดปุ่ม PA ค้างไว้<br>จะทำให้รูปแบบการโจมตีเปลี่ยนไป<br><yellow>※เฉพาะ Jet Boots เท่านั้น<c>"""
BouncerJetBootsWeaponActionCounter#1,"""ทำการสวนกลับอัตโนมัติเมื่อคุณหลบการโจมตีด้วย Weapon Action สำเร็จ การใช้ Normal Attack หลังจากนั้นจะทำการสวนกลับเพิ่มเติม<br><yellow>※เฉพาะ Jet Boots เท่านั้น<c>"""
BouncerJetBootsBlink#1,"""การกดปุ่ม Normal Attack หลังจากการใช้ Technique จะทำให้คุณพุ่งเข้าหาศัตรู<br><yellow>※เฉพาะ Jet Boots เท่านั้น<c>"""
BouncerBartaBlot#1,"""การโจมตีศัตรูด้วย Ice Techniques แบบไม่ชาร์จสะสมหลายๆ ครั้งจะประทับตรา Ice Crest บนตัวศัตรู การโจมตีศัตรูที่มีตรา Ice Crest ด้วย Ice Technique แบบชาร์จจะทำให้ตรา Ice Crest ระเบิด"""
BouncerZondeClad#1,"""การโจมตีศัตรูด้วย Lightning Techniques แบบไม่ชาร์จสะสมหลายๆ ครั้งจะทำให้คุณเข้าสู่สถานะ Energized ซึ่ง Lightning Technique แบบชาร์จครั้งต่อไปจะทำความเสียหายเพิ่มขึ้นและสถานะ Energized จะหายไป"""
BouncerPhotonBladeGuard#1,"""ช่วยให้คุณสามารถบล็อกการโจมตีได้โดยกดปุ่ม Weapon Action 1 ครั้งในระหว่างการใช้ PA แต่ละครั้ง การบล็อกการโจมตีสำเร็จจะช่วยให้คุณสามารถบล็อกได้อีกครั้งในระหว่าง PA เดียวกัน<br><yellow>※เฉพาะ Main Class/Dual Blades เท่านั้น<c>"""
BouncerElementBurstPPSave#1,"""ลด อัตราสิ้นเปลือง PP เป็นระยะเวลาหนึ่งหลังจากใช้งาน Sturm Gigue<br><yellow>※เฉพาะ Main Class/Jet Boots เท่านั้น<c>"""
TwinmachinegunGear#1,"""สะสมเกจด้วยการโจมตี และเพิ่มความแรงของการโจมตี"""
ShowTime#1,"""เฉพาะ T. Machineguns เท่านั้น ในช่วงเวลาที่กำหนด จะเพิ่มอัตราการสะสมเกจอย่างมากแลกกับการเพิ่ม Hate Generation"""
GunnerHPUp1#1,"""เพิ่ม HP สูงสุด"""
ChainTrigger#1,"""หลังจากใช้งานสกิล การโจมตี ด้วย Normal Attack จะเริ่มนับ Chain"""
ChainFinish#1,"""เฉพาะ Twin Machineguns เท่านั้น เพิ่มความเสียหายของ Chain Finish <yellow>เฉพาะ Main Class เท่านั้น<c>"""
GunnerDexUp1#1,"""เพิ่ม DEX"""
AerialAdvance#1,"""เพิ่มความเสียหายเมื่อโจมตีศัตรูที่ลอยอยู่ในอากาศ"""
GunnerDexUp2#1,"""เพิ่ม Dexterity มีผลมากกว่า DEX Boost 1"""
GunnerDfpFirearmUp2#1,"""เพิ่ม Ranged Defense"""
GunnerAutoMateDeadline#1,"""ใช้ไอเทมประเภท -mate อัตโนมัติเมื่อได้รับความเสียหายจน HP ต่ำกว่า 25%"""
Rare10Gunner#1,"""เมื่อสวมใส่อาวุธระดับ ☆10 ขึ้นไป หรืออาวุธคราฟต์ จะได้รับโบนัสความเสียหาย <yellow>เฉพาะ Main Class เท่านั้น<c>"""
PerfectKeeper#1,"""เพิ่มความเสียหายที่ทำได้ต่อศัตรูเมื่อ HP อยู่ที่ 75% ขึ้นไป"""
SRollUP#1,"""เพิ่มความเสียหายที่ทำได้ต่อศัตรูในระหว่างที่ใช้ Stylish Roll"""
SRollCombo#1,"""มอบโบนัสพลังให้กับ Just Attack ที่ตามมาหลังจากการใช้ Stylish Roll"""
SRollArts#1,"""ทำการโจมตีที่รุนแรงซึ่งใช้ PP โดยการโจมตีด้วยปุ่ม PA ในระหว่างที่ใช้ Stylish Roll"""
ToughnessTime#1,"""ในระหว่างที่ Showtime ทำงาน จะลดจำนวนเกจที่ลดลงตามความเสียหาย มีผลเมื่อเรียนรู้ Twin Machinegun Gear แล้วเท่านั้น"""
ShowTimeStar#1,"""ในระหว่างที่ Showtime ทำงาน จะเพิ่ม PP สูงสุดของคุณเมื่อสวมใส่ Twin Machineguns"""
HighTime#1,"""มอบโบนัสพลังในระหว่างที่ Showtime ทำงานตามเวลาที่ผ่านไป จะรีเซ็ตเมื่อได้รับความเสียหายในช่วงเวลาสั้นๆ <yellow>เฉพาะ Main Class เท่านั้น<c>"""
GunnerZeroRangeCritical#1,"""เพิ่มอัตราคริติคอลสำหรับการยิงในระยะประชิด"""
TwiceChain#1,"""เพิ่มอัตราการสะสม Chain เป็นสองเท่าสำหรับการโจมตีด้วย Twin Machinegun"""
ChainFinishBonus#1,"""ลดคูลดาวน์ของ Chain Trigger ตามจำนวน Chain เมื่อใช้งาน Chain Finish"""
OnemoreTime#1,"""เมื่อ Showtime สิ้นสุดลงโดยไม่ถูกโจมตี Showtime จะถูกเปิดใช้งานใหม่อีก 1 ครั้ง"""
GunnerDiverollShoot#1,"""สามารถโจมตีได้ในระหว่าง Dive Roll"""
MasteryTwinmachinegun#1,"""เพิ่ม ฟื้นฟู PP อัตโนมัติ และความเสียหายคริติคอลในขณะที่ใช้ Twin Machineguns <yellow>เฉพาะ Main Class เท่านั้น<c>"""
TecArtsChargePA#1,"""เฉพาะ T. Machineguns เท่านั้น การเชื่อมต่อ PA หรือ Technique กับ PA แบบชาร์จที่แตกต่างกัน จะลดเวลาในการชาร์จลง <yellow>เฉพาะ Main Class เท่านั้น<c>"""
SRollArtsModeA#1,"""เปลี่ยน S Roll Arts ให้เป็นการโจมตีวงกว้างและเพิ่มพลัง <yellow>เฉพาะ Main Class เท่านั้น<c>"""
GunnerHighLevelBonus#1,"""มอบโบนัสให้กับความเสียหายทั้งหมดที่คุณทำได้"""
GunnerNextJump#1,"""เปิดใช้งานการกระโดดสองจังหวะ"""
GunnerFirstArtsJAAddition#1,"""การโจมตีครั้งแรกจะกลายเป็น Just Attack คูลดาวน์เริ่มนับหลังจากการใช้งาน ไม่มีผลกับ Takt, การโจมตีของ Pet และ Techs"""
GunnerAirReversal#1,"""ฟื้นตัวอย่างรวดเร็วขณะลอยอยู่ในอากาศ"""
GunnerDushJump#1,"""เคลื่อนที่อย่างรวดเร็วโดยการกระโดดหลังจากใช้ Step หรือ Dive Roll"""
GunnerStepJACombo#1,"""ทำ JA อีกครั้งหลังจากที่ทำ Step"""
GunnerJustReversalJACombo#1,"""ทำ JA อีกครั้งหลังจากที่ทำ Just Reversal"""
MirageEscape#1,"""บิดเบือนแสงเพื่อเป็นอมตะขณะเคลื่อนที่ไปในระยะทางที่กำหนด"""
MirageEscapeAdvance#1,"""เพิ่มระยะเวลาอมตะในระหว่างที่ใช้ Mirage Escape"""
ForceJustReversal#1,"""กระโดดเมื่อถูกทำให้ล้มหรือปลิวเพื่อฟื้นตัวอย่างรวดเร็ว"""
ForceAtpTechnicUp1#1,"""เพิ่ม Technique Attack"""
TechChargeBonus1#1,"""เพิ่มความเสียหายของ Techniques แบบชาร์จ"""
TechChargeBonus2#1,"""เพิ่มความเสียหายของ Techniques แบบชาร์จ"""
ChargePPRestraint#1,"""ฟื้นฟู PP ในขณะที่ชาร์จ Techniques"""
PhotonFlare#1,"""เพิ่ม T-ATK ชั่วคราว"""
PhotonFlareBoost#1,"""เพิ่ม Technique Attack ให้สูงขึ้นเมื่อ Photon Flare ทำงาน"""
ForcePPUp1#1,"""เพิ่ม PP สูงสุด"""
ForcePPUp2#1,"""เพิ่ม PP สูงสุด"""
TechNonChargeBonus1#1,"""เพิ่มความเสียหายของ Techniques แบบไม่ชาร์จ"""
PPRestraint1#1,"""เพิ่ม PP Recovery"""
PPRestraint2#1,"""เพิ่ม PP Recovery"""
ForceAtpTechnicUp2#1,"""เพิ่ม Technique Attack มีผลมากกว่า T-ATK Boost 1"""
TechJustAttackBonus1#1,"""มอบโบนัสความเสียหายให้กับ Just Attacks ของ Technique"""
MasteryFire1#1,"""เพิ่มพลังของ Fire Techniques"""
BurnBoost#1,"""เพิ่มโอกาสในการติดสถานะ Burn"""
MasteryFire2#1,"""เพิ่มพลังของ Fire Techniques"""
FireTechnicShortCharge#1,"""ลดเวลาในการชาร์จของ Fire Techniques"""
MasteryIce1#1,"""เพิ่มพลังของ Ice Techniques"""
FreezeBoost#1,"""เพิ่มโอกาสในการติดสถานะ Freeze"""
MasteryIce2#1,"""เพิ่มพลังของ Ice Techniques"""
FreezeIgnition#1,"""ทำความเสียหายอย่างมหาศาลเมื่อระเบิดศัตรูที่ติดสถานะ Freeze"""
MasteryLightning1#1,"""เพิ่มพลังของ Lightning Techniques"""
ShockBoost#1,"""เพิ่มโอกาสในการติดสถานะ Shock"""
MasteryLightning2#1,"""เพิ่มพลังของ Lightning Techniques"""
LightningTechnicPPSave#1,"""ลด PP Cost ของ Lightning Techniques"""
ForceDfpTechnicUp1#1,"""เพิ่ม Technique Defense"""
Rare10Force#1,"""เมื่อสวมใส่อาวุธระดับ ☆10 ขึ้นไป หรืออาวุธคราฟต์ จะได้รับโบนัสความเสียหาย <yellow>เฉพาะ Main Class เท่านั้น<c>"""
PhotonFlareAfterBurst#1,"""หลังจาก Photon Flare สิ้นสุดลง จะเพิ่ม T-ATK เป็นเวลา 30 วินาที"""
PhotonFlareTactics#1,"""เพิ่มโอกาสติดสถานะผิดปกติเมื่อ Photon Flare ทำงาน"""
FreezeKeep#1,"""เพิ่มความแข็งแกร่งของสถานะ Freeze ทำให้แตกจากการถูกโจมตีได้ยากขึ้น"""
TalisTecBonus#1,"""มอบโบนัสพลังให้กับ Techniques ที่ร่ายจาก Talis ที่ขว้างออกไป"""
FreezeIgnitionUP#1,"""เพิ่มระยะและพลังของ Freeze Ignition"""
ForceAtpTechnicUp3#1,"""เพิ่ม T-ATK มีผลมากกว่า T-ATK Up"""
ErementConversion#1,"""แปลง Attribute ของอาวุธเป็นโบนัสความเสียหาย Technique จะได้รับโบนัสสูงขึ้นหาก Attribute ตรงกัน <yellow>เฉพาะ Main Class เท่านั้น<c>"""
ChargeEscape#1,"""รักษาการชาร์จ Technique ในระหว่างที่ใช้ Mirage Escape <yellow>เฉพาะ Main Class เท่านั้น<c>"""
ForceDexUp1#1,"""เพิ่ม DEX"""
ForceHPUp1#1,"""เพิ่ม HP สูงสุด"""
RodKeepBornus#1,"""เมื่อใช้ Rod ช่วยให้สามารถใช้งาน Techniques ที่เก็บไว้ได้โดยไม่ต้องใช้ PP"""
RodChargeGuard#1,"""เมื่อใช้ Rod สามารถทำ Just Guard ได้ในจังหวะที่เริ่มชาร์จ Technique"""
TalisTecFastThrow#1,"""เพิ่มความเร็วในการขว้าง Talis <yellow>เฉพาะ Main Class เท่านั้น<c>"""
RodShoot#1,"""เพิ่มกระสุนเวทมนตร์ ให้กับการโจมตีปกติด้วย Rod <yellow>เฉพาะ Main Class เท่านั้น<c>"""
ForceChargeTechJA#1,"""มอบเอฟเฟกต์ของ Just Attacks ให้กับ Techniques แบบชาร์จ สามารถร่ายซ้ำได้หลังจากคูลดาวน์สั้นๆ"""
PhotonFlareDenoise#1,"""ลดเวลาในการชาร์จของ Rod Techniques เป็นเวลา 20 วินาทีหลังจากเปิดใช้งาน Photon Flare <yellow>เฉพาะ Main Class เท่านั้น<c>"""
ForceHighLevelBonus#1,"""มอบโบนัสให้กับความเสียหายทั้งหมดที่คุณทำได้"""
ForceNextJump#1,"""เปิดใช้งานการกระโดดสองจังหวะ"""
ForceFirstArtsJAAddition#1,"""การโจมตีครั้งแรกจะกลายเป็น Just Attack คูลดาวน์เริ่มนับหลังจากการใช้งาน ไม่มีผลกับ Takt, การโจมตีของ Pet และ Techs"""
ForceAirReversal#1,"""ฟื้นตัวอย่างรวดเร็วขณะลอยอยู่ในอากาศ"""
ForceDushJump#1,"""เคลื่อนที่อย่างรวดเร็วโดยการกระโดดหลังจากใช้ Step หรือ Dive Roll"""
ForceStepJACombo#1,"""ทำ JA อีกครั้งหลังจากที่ทำ Step"""
ForceJustReversalJACombo#1,"""ทำ JA อีกครั้งหลังจากที่ทำ Just Reversal"""
TecherMirageEscape#1,"""บิดเบือนแสงเพื่อเป็นอมตะขณะเคลื่อนที่ไปในระยะทางที่กำหนด"""
TecherJustReversal#1,"""กระโดดเมื่อถูกทำให้ล้มหรือปลิวเพื่อฟื้นตัวอย่างรวดเร็ว"""
TecherAtpTechnicUp1#1,"""เพิ่ม Technique Attack"""
ShiftaAdvance#1,"""เพิ่มประสิทธิภาพของ Shifta"""
ShiftaCritical#1,"""เพิ่มอัตราติดคริติคอลในขณะที่อยู่ภายใต้ผลของ Shifta"""
DebandAdvance#1,"""เพิ่มประสิทธิภาพของ Deband"""
DebandCut#1,"""ลดความเสียหายลงจำนวนหนึ่งในขณะที่อยู่ภายใต้ผลของ Deband"""
TecherAtpTechnicUp2#1,"""เพิ่ม Technique Attack มีผลมากกว่า T-ATK Boost 1"""
ElementalWeakPoint#1,"""เพิ่มความเสียหายที่ทำได้ต่อจุดอ่อนธาตุ"""
TecherPPUp1#1,"""เพิ่ม PP สูงสุด"""
TecherDfpTechnicUp1#1,"""เพิ่ม Technique Defense"""
PPRestraint#1,"""เพิ่มอัตราการฟื้นฟู PP อัตโนมัติ PP Recovery จะเพิ่มขึ้นอีกในขณะที่ยืนนิ่ง"""
WandGear#1,"""สะสมเกจเมื่อโจมตีโดนศัตรูด้วย Techniques แบบชาร์จ และทำให้ Normal Attacks สร้าง Tech explosion"""
TerritoryBurst#1,"""เพิ่มระยะของ Support Techniques"""
TecherPPUp2#1,"""เพิ่ม PP สูงสุด"""
TecherPPConvert#1,"""เพิ่ม Passive PP Recovery เป็นระยะเวลาหนึ่ง แลกกับการลด HP สูงสุด"""
MasteryLight1#1,"""เพิ่มพลังของ Light Techniques"""
PanicBoost#1,"""เพิ่มโอกาสในการติดสถานะ Panic"""
RestaAdvance#1,"""เพิ่มการฟื้นฟูของ Resta"""
MasteryLight2#1,"""เพิ่มพลังของ Light Techniques"""
MasteryDark1#1,"""เพิ่มพลังของ Dark Techniques"""
PoisonBoost#1,"""เพิ่มโอกาสในการติดสถานะ Poison"""
PoisonExplosion#1,"""ระเบิดศัตรูที่ติดพิษ ทำความเสียหายอย่างมหาศาล ทำให้ศัตรูที่โดนแรงระเบิดติดพิษไปด้วย"""
MasteryDark2#1,"""เพิ่มพลังของ Dark Techniques"""
MasteryWind1#1,"""เพิ่มพลังของ Wind Techniques"""
MirageBoost#1,"""เพิ่มโอกาสในการติดสถานะ Mirage"""
MasteryWind2#1,"""เพิ่มพลังของ Wind Techniques"""
Rare10Techer#1,"""เมื่อสวมใส่อาวุธระดับ ☆10 ขึ้นไป หรืออาวุธคราฟต์ จะได้รับโบนัสความเสียหาย <yellow>เฉพาะ Main Class เท่านั้น<c>"""
TerritoryBurstAdvance#1,"""เพิ่ม T-ATK ในระหว่างที่ใช้ Territory Burst"""
PowerWand#1,"""เพิ่ม S-ATK ในจำนวนที่กำหนดโดยขึ้นอยู่กับ T-ATK ของ Wand ที่สวมใส่"""
SuperTreatment#1,"""ฟื้นฟู HP ให้คุณและกลุ่มเป้าหมายของคุณ และเพิ่ม Passive PP Restoration ชั่วคราวหลังจากรักษาสถานะผิดปกติ"""
ExtendAssist#1,"""เพิ่มระยะเวลาของ Shifta และ Deband"""
TerritoryPPSave#1,"""ลด อัตราสิ้นเปลือง PP สำหรับ Support Techniques ต้องใช้ Territory Burst"""
TecherAtpStrikeUp#1,"""เพิ่ม S-ATK"""
MainWand#1,"""ในขณะที่เปิดใช้งาน Wand Gear จะเต็มตลอดเวลา เพิ่มความเสียหายของ Tech Explosions & Normal Attacks สามารถใช้ Step Attack ได้"""
LongTimeAssist#1,"""เพิ่มระยะเวลาของ Shifta และ Deband <yellow>เฉพาะ Main Class เท่านั้น<c>"""
ShiftaStrike#1,"""มอบโบนัสความเสียหายให้กับ Shifta <yellow>เฉพาะ Main Class เท่านั้น<c>"""
DebandToughness#1,"""มอบโบนัส HP สูงสุดให้กับ Deband <yellow>เฉพาะ Main Class เท่านั้น<c>"""
TecherDexUp1#1,"""เพิ่ม DEX"""
RebirtherField#1,"""สร้างพื้นที่เพื่อชุบชีวิตพันธมิตรที่หมดสภาพในบริเวณใกล้เคียง <yellow>เฉพาะ Main Class เท่านั้น<c>"""
RebirthBornus#1,"""มอบผลของ Shifta และ Deband เมื่อชุบชีวิตพันธมิตร"""
WideSupport#1,"""เพิ่มระยะของ Resta, Anti, Shifta และ Deband <yellow>เฉพาะ Main Class เท่านั้น<c>"""
WandGearElement#1,"""Tech explosions สามารถทำให้ติดสถานะผิดปกติได้ <yellow>เฉพาะ Main Class เท่านั้น<c>"""
TechterChargeTechJA#1,"""มอบเอฟเฟกต์ของ Just Attacks ให้กับ Techniques แบบชาร์จ สามารถร่ายซ้ำได้หลังจากคูลดาวน์สั้นๆ"""
AllAssist#1,"""Shifta และ Deband ที่คุณร่ายจะมีผลกับสมาชิก Party ทุกคนในพื้นที่เดียวกัน <yellow>เฉพาะ Main Class เท่านั้น<c>"""
TechterHighLevelBonus#1,"""มอบโบนัสให้กับความเสียหายทั้งหมดที่คุณทำได้"""
TechterNextJump#1,"""เปิดใช้งานการกระโดดสองจังหวะ"""
TechterFirstArtsJAAddition#1,"""การโจมตีครั้งแรกจะกลายเป็น Just Attack คูลดาวน์เริ่มนับหลังจากการใช้งาน ไม่มีผลกับ Takt, การโจมตีของ Pet และ Techs"""
TechterAirReversal#1,"""ฟื้นตัวอย่างรวดเร็วขณะลอยอยู่ในอากาศ"""
TechterDushJump#1,"""เคลื่อนที่อย่างรวดเร็วโดยการกระโดดหลังจากใช้ Step หรือ Dive Roll"""
TechterStepJACombo#1,"""ทำ JA อีกครั้งหลังจากที่ทำ Step"""
TechterJustReversalJACombo#1,"""ทำ JA อีกครั้งหลังจากที่ทำ Just Reversal"""
BraverGuard#1,"""ใช้อาวุธของคุณป้องกันการโจมตีของศัตรูจากด้านหน้า"""
BraverStep#1,"""Step อย่างรวดเร็วเพื่อเคลื่อนที่เป็นระยะทางสั้นๆ"""
BraverStepAdvance#1,"""เพิ่มระยะเวลาอมตะในระหว่าง Step"""
BraverStepAttack#1,"""สามารถโจมตีได้ในระหว่าง Step"""
BraverJustReversal#1,"""กระโดดเมื่อถูกทำให้ล้มหรือปลิวเพื่อฟื้นตัวอย่างรวดเร็ว"""
Combat#1,"""เฉพาะ Katanas เท่านั้น โจมตีและเคลื่อนที่ไปรอบๆ ศัตรูในบริเวณใกล้เคียงอย่างรวดเร็วในช่วงเวลาที่กำหนด กดปุ่มฮอตคีย์อีกครั้งเพื่อทำการโจมตีปิดท้าย"""
CombatJABonus1#1,"""มอบโบนัสความเสียหายให้กับ Just Attacks ในระหว่าง Katana Combat"""
CombatFinish#1,"""มอบโบนัสความเสียหายให้กับ Katana Combat Finish"""
ShortTime#1,"""สกิลของ Bullet Bow ลดพลังของ Normal Attack และความเร็วในการยิงเพื่อเปลี่ยนเป็น Normal Attack แบบยิง 3 นัดในช่วงเวลาที่กำหนด"""
ShortTimeUp1#1,"""เพิ่ม R-ATK เมื่อคุณสวมใส่ Bullet Bow ในขณะที่ใช้ Rapid Shot"""
ShortTimeBonus1#1,"""ในระหว่างที่ใช้ Rapid Shot จะได้รับโบนัสความเสียหายสำหรับ Bullet Bows"""
AverageStance#1,"""Passive Stance Skill. เพิ่มความเสียหายทั้งหมด"""
AverageStanceUp1#1,"""เพิ่มโบนัสความเสียหายในระหว่างที่ใช้ Average Stance"""
AverageStanceCritical#1,"""เพิ่มอัตราคริติคอลในระหว่างที่ใช้ Average Stance"""
AverageChargeBonus#1,"""เพิ่มโบนัสความเสียหายให้กับการโจมตีแบบชาร์จในระหว่างที่ใช้ Average Stance"""
WeakStance#1,"""Active Stance Skill. เพิ่มความเสียหายที่ทำต่อจุดอ่อน และความเสียหาย Tech ที่ทำต่อจุดอ่อนธาตุ จะยกเลิก Average Stance"""
WeakStanceUp1#1,"""เพิ่มโบนัสความเสียหายที่ทำต่อจุดอ่อนในระหว่างที่ใช้ Weak Stance"""
WeakStanceCritical#1,"""เพิ่มโบนัสอัตราคริติคอลเมื่อโจมตีจุดอ่อนในระหว่างที่ใช้ Weak Stance"""
WeakChargeBonus#1,"""เพิ่มโบนัสความเสียหายให้กับการโจมตีแบบชาร์จเมื่อโจมตีจุดอ่อนในระหว่างที่ใช้ Weak Stance"""
BraverMag#1,"""เพิ่มสัดส่วนที่กำหนดของ DEX จาก Mag ของคุณให้กับทั้ง S-ATK และ R-ATK"""
Rare10Braver#1,"""เมื่อสวมใส่อาวุธระดับ ☆10 ขึ้นไป หรืออาวุธคราฟต์ จะได้รับโบนัสความเสียหาย <yellow>เฉพาะ Main Class เท่านั้น<c>"""
JustReversalBonus#1,"""ฟื้นฟู HP เมื่อใช้ Just Reversal"""
KatanaGear#1,"""เพิ่ม S-ATK เมื่อเกจ Gear เต็ม เพิ่ม S-ATK และอัตราคริติคอลชั่วคราวเมื่อคุณสวนกลับด้วยเกจ Gear สูงสุด"""
SnatchStep#1,"""ทำความเสียหายในระหว่าง Step ไม่มีผลกับ Mirage Step"""
BraverDexUp1#1,"""เพิ่ม DEX"""
BraverDexUp2#1,"""เพิ่ม Dexterity มีผลมากกว่า DEX Boost 1"""
BraverAtpStrikeUp1#1,"""เพิ่ม S-ATK"""
BraverAtpFirearmUp1#1,"""เพิ่ม R-ATK"""
CombatEscape#1,"""มอบระยะเวลาอมตะเมื่อคุณเริ่มใช้ Katana Combat <yellow>เฉพาะ Main Class เท่านั้น<c>"""
ShortTimeUp2#1,"""เพิ่ม R-ATK ให้กับ Bullet Bows ในระหว่างที่ใช้ Rapid Shot มีผลมากกว่า Rapid Shot Boost 1"""
ShortTimeAdvance#1,"""ลดคูลดาวน์ของ Rapid Shot และเพิ่มการฟื้นฟู PP จาก Normal Attacks ในขณะที่สกิลนี้ทำงาน"""
CounterEdge#1,"""เมื่อทำการสวนกลับ คุณจะปล่อยการฟันทะลุศัตรูเพิ่มเติม"""
AttackAdvance#1,"""เพิ่มความเสียหายสำหรับ Normal Attacks"""
ChargeShoot#1,"""เมื่อสวมใส่ Bullet Bow จะเพิ่มความเสียหายและความเร็วของกระสุนสำหรับ Normal Attacks แบบชาร์จ"""
SnatchStepJACombo#1,"""เพิ่มจังหวะ Just Attack ให้กับ Snatch Step"""
QuickMate#1,"""เพิ่มความเร็วในการใช้ไอเทมประเภท -mate"""
BowChargeBonus#1,"""ลดเวลาในการชาร์จและลด อัตราสิ้นเปลือง PP สำหรับ PAs ของ Bullet Bow แบบชาร์จ <yellow>เฉพาะ Main Class เท่านั้น<c>"""
KatanaCounterBonus#1,"""เพิ่มการฟื้นฟู PP และโบนัสพลังให้กับการสวนกลับและ Counter Edge <yellow>เฉพาะ Main Class เท่านั้น<c>"""
KatanaGearBoost#1,"""เพิ่มอัตราสะสม Katana Gear และเพิ่มการฟื้นฟู PP <yellow>เฉพาะ Main Class เท่านั้น<c>"""
BraverCombination#1,"""เพิ่มอัตราคริติคอลในขณะที่สวมใส่ Katana หรือ Bow การใช้ Bow ในขณะที่ปลดปล่อย Gear จะรักษาเอฟเฟกต์ไว้ <yellow>เฉพาะ Main Class เท่านั้น<c>"""
BraverHighLevelBonus#1,"""มอบโบนัสให้กับความเสียหายทั้งหมดที่คุณทำได้"""
BraverNextJump#1,"""เปิดใช้งานการกระโดดสองจังหวะ"""
BraverFirstArtsJAAddition#1,"""การโจมตีครั้งแรกจะกลายเป็น Just Attack คูลดาวน์เริ่มนับหลังจากการใช้งาน ไม่มีผลกับ Takt, การโจมตีของ Pet และ Techs"""
BraverAirReversal#1,"""ฟื้นตัวอย่างรวดเร็วขณะลอยอยู่ในอากาศ"""
BraverDushJump#1,"""เคลื่อนที่อย่างรวดเร็วโดยการกระโดดหลังจากใช้ Step หรือ Dive Roll"""
BraverStepJACombo#1,"""ทำ JA อีกครั้งหลังจากที่ทำ Step"""
BraverJustReversalJACombo#1,"""ทำ JA อีกครั้งหลังจากที่ทำ Just Reversal"""
BouncerStep#1,"""Step อย่างรวดเร็วเพื่อเคลื่อนที่เป็นระยะทางสั้นๆ"""
BouncerStepAdvance#1,"""เพิ่มระยะเวลาอมตะในระหว่าง Step"""
BouncerStepAttack#1,"""สามารถโจมตีได้ในระหว่าง Step"""
BouncerJustReversal#1,"""กระโดดเมื่อถูกทำให้ล้มหรือปลิวเพื่อฟื้นตัวอย่างรวดเร็ว"""
JustReversalPPBonus#1,"""ฟื้นฟู PP เมื่อใช้ Just Reversal"""
BouncerAtpStrikeUp1#1,"""เพิ่ม S-ATK"""
BouncerAtpStrikeUp2#1,"""เพิ่ม Striking Attack มีผลมากกว่า S-ATK Boost 1"""
BouncerAtpTechnicUp1#1,"""เพิ่ม Technique Attack"""
BouncerDexUp1#1,"""เพิ่ม DEX"""
JetBootsGear#1,"""เติมเกจ Gear ด้วยการโจมตีหรือชาร์จ Techs เพิ่มความเสียหายและเปลี่ยนธาตุอาวุธตาม Tech ที่ชาร์จล่าสุด"""
DualbladeGear#1,"""ระดับ Gear จะเพิ่มความเสียหายของ PA ใช้ Gear เพื่อขว้าง Photon Blades ซึ่งจะเพิ่มการฟื้นฟู PP จากเป้าหมายที่ถูกโจมตี"""
CraftMastaryBouncer#1,"""ได้รับโบนัสสเตตัสของอาวุธและ Units ที่คราฟต์เมื่อสวมใส่"""
Rare10Bouncer#1,"""เมื่อสวมใส่อาวุธระดับ ☆10 ขึ้นไป หรืออาวุธคราฟต์ จะได้รับโบนัสความเสียหาย <yellow>เฉพาะ Main Class เท่านั้น<c>"""
BouncerMag#1,"""เพิ่มสัดส่วนที่กำหนดของ DEX จาก Mag ของคุณให้กับทั้ง S-ATK และ T-ATK"""
ElementalPPRestraintField#1,"""สร้างพื้นที่รอบตัวคุณที่จะฟื้นฟู PP เมื่อโจมตีจุดอ่อนธาตุของศัตรู"""
CriticalField#1,"""สร้างพื้นที่ที่จะเพิ่มอัตราคริติคอล"""
ShiftaAirAttackBurst#1,"""ในระหว่างที่ Shifta แสดงผล จะเพิ่มโบนัสความเสียหายให้กับการโจมตีกลางอากาศ"""
DebundPPRestraint#1,"""ในระหว่างที่ Deband แสดงผล จะเพิ่มการฟื้นฟู PP จาก Normal Attacks"""
HealShare#1,"""เมื่อฟื้นฟู HP ส่วนหนึ่งของ HP ที่ฟื้นฟูจะถูกฟื้นฟูให้กับผู้เล่นในบริเวณใกล้เคียง"""
HealBonus#1,"""ได้รับโบนัสให้กับ HP ที่ฟื้นฟู"""
RapidBurst#1,"""เพิ่มความเร็วในการชาร์จ PA ของ Jet Boots เป็นระยะเวลาหนึ่ง"""
RapidBurstJABonus#1,"""เฉพาะ Jet Boots เท่านั้น มอบโบนัสความเสียหายให้กับ Just Attacks ในระหว่างที่ใช้ Rapid Boost"""
ElementalBurst#1,"""ปล่อยการระเบิดธาตุตาม Attribute อาวุธของคุณ อาจทำให้ติดสถานะผิดปกติ ต้องใช้ Jet Boots Gear"""
PhotonBladeFever#1,"""เพิ่มจำนวน Photon Blades ที่ยิงออกไปเป็นสองเท่าในช่วงเวลาที่กำหนด"""
PhotonBladeFeverUp1#1,"""เพิ่มพลังของ Photon Blade ในระหว่างที่ใช้ Photon Blade Fever"""
PhotonBladeEscape#1,"""ทำให้คุณเป็นอมตะในขณะเคลื่อนที่เมื่อใช้ Photon Blades"""
ElementalStance#1,"""Passive Stance Skill. เพิ่มความเสียหาย Technique และอาวุธที่ตรงกับจุดอ่อนธาตุของศัตรู"""
ElementalStanceUp1#1,"""มอบโบนัสความเสียหายในระหว่างที่ใช้ Element Stance เมื่อคุณโจมตีจุดอ่อนธาตุของศัตรู"""
ElementalStanceCritical#1,"""เพิ่มอัตราคริติคอลในระหว่างที่ใช้ Element Stance เมื่อคุณโจมตีจุดอ่อนธาตุของศัตรู"""
BreakStance#1,"""Active Stance Skill. เพิ่มความเสียหายที่ทำต่อเป้าหมายที่แตกหักได้ จะยกเลิก Element Stance"""
BreakStanceUp1#1,"""ในระหว่างที่ใช้ Break Stance จะเพิ่มความเสียหายที่ทำต่อเป้าหมายที่แตกหักได้ให้สูงขึ้นอีก"""
BreakStanceCritical#1,"""ในระหว่างที่ใช้ Break Stance จะเพิ่มอัตราคริติคอลเมื่อโจมตีเป้าหมายที่แตกหักได้"""
JetBootsStrike#1,"""สลับระหว่างการใช้ S-ATK และ T-ATK สำหรับการโจมตีด้วย Jet Boot <yellow>เฉพาะ Main Class เท่านั้น<c>"""
BreakStanceDualBonus#1,"""เมื่อใช้ Dual Blades ผลของ Break Stance จะปรับใช้กับเป้าหมายที่ไม่สามารถแตกหักได้ด้วย <yellow>เฉพาะ Main Class เท่านั้น<c>"""
FieldRemain#1,"""รักษาสถานะ Field ให้ตัวละครที่ออกจาก Field ไปแล้วเป็นระยะเวลาสั้นๆ มีผลเฉพาะกับ Field ประเภทเสริมพลังเท่านั้น"""
JetBootsEscape#1,"""เมื่อใช้ Jet Boots จะทำให้คุณเป็นอมตะในระหว่าง PA และ Normal Attack Shift Actions <yellow>เฉพาะ Main Class เท่านั้น<c>"""
JetBootsGearBoost#1,"""เพิ่มอัตราสะสมเกจ Gear ในขณะใช้ Jet Boots โดยมีผลของ Shifta หรือ Deband อยู่ <yellow>เฉพาะ Main Class เท่านั้น<c>"""
OnemoreJump#1,"""ทำให้กระโดดได้อีกครั้งหลังจากโจมตีโดนศัตรูในระหว่างการกระโดดสองจังหวะ ต้องใช้ Jet Boots Gear <yellow>เฉพาะ Main Class เท่านั้น<c>"""
DodgeAutoField#1,"""การหลบการโจมตีด้วย Mirage Step จะทำให้ Field skills ทั้งหมดที่เรียนรู้แล้วทำงาน โดยไม่สนระยะเวลาคูลดาวน์ <yellow>เฉพาะ Main Class เท่านั้น<c>"""
BouncerHighLevelBonus#1,"""มอบโบนัสให้กับความเสียหายทั้งหมดที่คุณทำได้"""
BouncerNextJump#1,"""เปิดใช้งานการกระโดดสองจังหวะ"""
BouncerFirstArtsJAAddition#1,"""การโจมตีครั้งแรกจะกลายเป็น Just Attack คูลดาวน์เริ่มนับหลังจากการใช้งาน ไม่มีผลกับ Takt, การโจมตีของ Pet และ Techs"""
BouncerAirReversal#1,"""ฟื้นตัวอย่างรวดเร็วขณะลอยอยู่ในอากาศ"""
BouncerDushJump#1,"""เคลื่อนที่อย่างรวดเร็วโดยการกระโดดหลังจากใช้ Step หรือ Dive Roll"""
BouncerStepJACombo#1,"""ทำ JA อีกครั้งหลังจากที่ทำ Step"""
BouncerJustReversalJACombo#1,"""ทำ JA อีกครั้งหลังจากที่ทำ Just Reversal"""
SummonerMirageEscape#1,"""บิดเบือนแสงเพื่อเป็นอมตะขณะเคลื่อนที่ไปในระยะทางที่กำหนด"""
SummonerJustReversal#1,"""กระโดดเมื่อถูกทำให้ล้มหรือปลิวเพื่อฟื้นตัวอย่างรวดเร็ว"""
Rare10Summoner#1,"""เมื่อสวมใส่อาวุธระดับ ☆10 ขึ้นไป หรืออาวุธคราฟต์ จะได้รับโบนัสความเสียหาย <yellow>เฉพาะ Main Class เท่านั้น<c>"""
SummonerHPUp1#1,"""เพิ่ม HP สูงสุด"""
SummonerHPUp2#1,"""เพิ่ม HP สูงสุดอย่างมาก"""
SummonerPPUp1#1,"""เพิ่ม PP สูงสุด"""
SummonerPPUp2#1,"""เพิ่ม PP สูงสุด"""
AllAttackUp1#1,"""เพิ่ม S/R/T-ATK"""
AllAttackUp2#1,"""เพิ่ม S/R/T-ATK อย่างมาก"""
AllFDiffenceUp1#1,"""เพิ่ม S/R/T-DEF"""
AllFDiffenceUp2#1,"""เพิ่ม S/R/T-DEF อย่างมาก"""
AllJAUp#1,"""เพิ่มความเสียหายที่ทำได้จากการโจมตีด้วยอาวุธทั้งหมด"""
AllJAComboUp#1,"""เพิ่มความเสียหายทั้งหมดเมื่อทำ Just Attacks ต่อเนื่องกัน"""
PetPhotonBarrier#1,"""มอบโอกาสที่กำหนดในการหักล้างความเสียหายที่ทำต่อ Pet <yellow>เฉพาะ Main Class เท่านั้น<c>"""
PetResque#1,"""เมื่อได้รับความเสียหายถึงตาย Pet อาจรับการโจมตีแทน หากเกิดขึ้น คุณจะได้รับสถานะอมตะชั่วคราว <yellow>เฉพาะ Main Class เท่านั้น<c>"""
HPAutoRestraint#1,"""HP ของผู้เล่นจะค่อยๆ ฟื้นฟูเมื่อต่ำกว่าระดับที่กำหนด"""
MassiveMate#1,"""ลดความเสียหายที่ได้รับและป้องกันการชะงัก เมื่อใช้ไอเทมฟื้นฟู"""
GetReadyGetUp#1,"""ลดความเสียหายที่ได้รับเมื่อถูกทำให้ล้มลง เพิ่มความเร็วในการลุกขึ้นหลังจากถูกทำให้ล้ม"""
QuickRecovery#1,"""ลดระยะเวลาของสถานะผิดปกติ, Weak Bullet และ Jellen ที่ติดอยู่บนตัวผู้เล่น"""
SummonerSubClassEXPUp#1,"""เพิ่ม EXP ที่ได้รับใน Quest ให้กับ Sub Class <yellow>เฉพาะ Main Class เท่านั้น<c>"""
SummonerJAPPSave#1,"""ลดการใช้ PP ของ PAs และ Techniques เมื่อทำ Just Attacking"""
PetAssist#1,"""ทำเครื่องหมายที่ศัตรูเพื่อให้พวกมันได้รับความเสียหายจากคุณและ Pet ของคุณมากขึ้น"""
PetAssistPlus#1,"""เพิ่มความเสียหายที่คุณและ Pet ของคุณทำต่อศัตรูที่ถูกทำเครื่องหมายด้วย Point Assist"""
SubPetRrcoverUp#1,"""เพิ่มอัตราการฟื้นฟูของ Pets ที่ไม่ได้ถูกเรียกใช้งานแต่อยู่ใน Weapon Palette"""
PetHPRestraint#1,"""ฟื้นฟู HP ให้กับ Pet ที่อัญเชิญออกมาอย่างต่อเนื่อง <yellow>เฉพาะ Main Class เท่านั้น<c>"""
PetSympathy#1,"""ตอบสนองต่อคำขอ Shifta หรือ Resta ของ Pet เพื่อเพิ่มความเสียหาย/การฟื้นฟูของ Pet ชั่วคราว <yellow>เฉพาะ Main Class เท่านั้น<c>"""
HarmonizeUp#1,"""เพิ่มความถี่ที่ Pet ของคุณจะส่งสัญญาณขอ Sympathy <yellow>เฉพาะ Main Class เท่านั้น<c>"""
SympathyTime#1,"""เพิ่มระยะเวลาของ Pet Sympathy <yellow>เฉพาะ Main Class เท่านั้น<c>"""
EasySympathy#1,"""เพิ่มระยะเวลาในการตอบสนองรับ Sympathy ของ Pet <yellow>เฉพาะ Main Class เท่านั้น<c>"""
PetStand#1,"""รับโบนัสความเสียหายชั่วคราวแลกกับการรับความเสียหายแทน Pet ของคุณด้วย <yellow>เฉพาะ Main Class เท่านั้น<c>"""
SummonerPPAdvance#1,"""เพิ่มความเสียหายที่ทำได้จาก Photon Blasts"""
TamingMaster#1,"""เมื่อพัฒนา Pet ในแต่ละสายจนเต็ม จะบวกเพิ่มค่าสเตตัสทั้งหมด"""
PetSwtichStrike#1,"""เปลี่ยนการโจมตีของ Pet ให้ใช้ S-ATK <yellow>เฉพาะ Main Class เท่านั้น<c>"""
PetSwtichShoot#1,"""เปลี่ยนการโจมตีของ Pet ให้ใช้ R-ATK <yellow>เฉพาะ Main Class เท่านั้น<c>"""
AllAttackBonus1#1,"""มอบโบนัสความเสียหายให้กับการโจมตีทั้งของผู้เล่นและ Pet"""
AllAttackBonus2#1,"""มอบโบนัสความเสียหายให้กับการโจมตีทั้งของผู้เล่นและ Pet"""
PetElementalWeakPoint#1,"""เพิ่มความเสียหายเมื่อโจมตีจุดอ่อนธาตุ Pets จะได้รับผลเพิ่มขึ้นมากกว่า"""
PetElementPPRestraint#1,"""ฟื้นฟู PP มากขึ้นเมื่อ Normal Attack ของ Pet โจมตีโดนจุดอ่อนธาตุ <yellow>เฉพาะ Main Class เท่านั้น<c>"""
LongDistanceLove#1,"""สามารถตอบรับคำขอ Shifta/Resta ของ Pet ได้แม้ว่า Pet จะไม่ได้อยู่ใกล้ๆ <yellow>เฉพาะ Main Class เท่านั้น<c>"""
TakeOver#1,"""เมื่อสลับ Pet ผลของ Sympathy, Shifta, และ Deband จะติดไปกับ Pet ตัวถัดไปด้วย <yellow>เฉพาะ Main Class เท่านั้น<c>"""
PetStandHarmony#1,"""ในระหว่างที่ใช้ Alter Ego หากคุณมี Pet ที่ทำงานอยู่ ความเสียหายที่ได้รับจะลดลง และยกเลิกสถานะผิดปกติเมื่อถูกโจมตี <yellow>เฉพาะ Main Class เท่านั้น<c>"""
SummonerHighLevelBonus#1,"""มอบโบนัสให้กับความเสียหายทั้งหมดที่คุณและ Pet ของคุณทำได้"""
SummonerNextJump#1,"""เปิดใช้งานการกระโดดสองจังหวะ"""
SummonerFirstArtsJAAddition#1,"""การโจมตีครั้งแรกจะกลายเป็น Just Attack คูลดาวน์เริ่มนับหลังจากการใช้งาน ไม่มีผลกับ Takt, การโจมตีของ Pet และ Techs"""
SummonerAirReversal#1,"""ฟื้นตัวอย่างรวดเร็วขณะลอยอยู่ในอากาศ"""
SummonerDushJump#1,"""เคลื่อนที่อย่างรวดเร็วโดยการกระโดดหลังจากใช้ Step หรือ Dive Roll"""
SummonerStepJACombo#1,"""ทำ JA อีกครั้งหลังจากที่ทำ Step"""
SummonerJustReversalJACombo#1,"""ทำ JA อีกครั้งหลังจากที่ทำ Just Reversal"""
Intensive#1,"""พลังจะเพิ่มขึ้นอย่างต่อเนื่องเมื่อเวลาผ่านไป พลังที่เพิ่มจะลดลงหากคุณได้รับความเสียหายตามที่กำหนดภายในเวลาสั้นๆ"""
WpnmanWeaponBonus1#1,"""การสวมใส่ Sword, Twin Machinegun หรือ Talis จะเพิ่มพลัง"""
WpnmanWeaponBonus2#1,"""การสวมใส่ Sword, Twin Machinegun หรือ Talis จะเพิ่มพลัง"""
WeakAttackCritical#1,"""เพิ่มอัตราคริติคอลเมื่อโจมตีจุดอ่อนและใช้ Techniques ที่ตรงกับธาตุที่แพ้"""
WpnmanCounter#1,"""เมื่อคุณหลบการโจมตีด้วย Step การโจมตีจะเป็นการทำ Step Attack ที่รุนแรง และเพิ่ม Hero Boost"""
WpnmanTime#1,"""เพิ่ม ATK ทั้งหมดทุกครั้งที่คุณทำความเสียหาย <yellow>สามารถใช้งานได้เมื่อ Hero Gear เต็มเท่านั้น<c>"""
WpnmanTimeFinish#1,"""เปิดใช้งาน Hero Time Finish โดยการกดไอคอน Hero Time ในระหว่างที่อยู่ใน Hero Time"""
WpnmanTimeCounterBonus#1,"""ฟื้นฟู Gear เมื่อคุณหลบหลีกความเสียหายในระหว่างที่อยู่ใน Hero Time"""
WpnmanTimeCounterPpGain#1,"""ฟื้นฟู PP เมื่อคุณหลบหลีกความเสียหายในระหว่างที่อยู่ใน Hero Time"""
SwordShotCharge2#1,"""ช่วยให้ Weapon Action ของ Sword สามารถชาร์จได้ 2 ระดับ"""
SwordShotComboShortCharge#1,"""ลดเวลาในการชาร์จของ Weapon Action ของ Sword หากใช้ในคอมโบ"""
AllTechPPSave#1,"""ลด อัตราสิ้นเปลือง PP ของ Techniques ทั้งหมด"""
ZeroRangeGearUp#1,"""เพิ่มอัตราการสะสมเกจเมื่อคุณโจมตีศัตรูจากระยะใกล้"""
LongRangeGearUp#1,"""เพิ่มอัตราการสะสมเกจเมื่อคุณโจมตีศัตรูจากระยะไกล"""
ComboGearUp#1,"""เพิ่มอัตราการสะสมเกจเมื่อคุณโจมตีโดยใช้ PAs หรือ Techniques ที่แตกต่างกัน"""
VictoryShout#1,"""เพิ่ม Hate Generation เป็นเวลา 30 วินาทีและฟื้นฟู PP ตามจำนวนศัตรูที่ได้รับผลกระทบ"""
HFlushGuard#1,"""ลดความเสียหายจากการโจมตี"""
SolidWpnman#1,"""ลดความเสียหายอย่างมาก และป้องกันการกระเด็น และอาการมึนงง"""
WpnmanAttackBonus#1,"""เพิ่มพลังของ Normal Attacks และ Weapon Action เมื่อสวมใส่ Sword, TMG หรือ Talis"""
WpnmanMag#1,"""แปลงค่าสเตตัสการโจมตีทั้งหมดของ Mag ของคุณและกระจายไปยัง Striking, Ranged และ Technique"""
WpnmanAtpAllUp1#1,"""เพิ่มพลังโจมตี"""
WpnmanDfpAllUp1#1,"""เพิ่มพลังป้องกัน"""
WpnmanHPUp1#1,"""เพิ่ม HP สูงสุด"""
WpnmanPPUp1#1,"""เพิ่ม PP สูงสุด"""
WpnmanWill#1,"""รอดพ้นจากการโจมตีที่ทำให้ถึงตายได้ 1 ครั้งเมื่อเปิดใช้งาน และมอบสถานะอมตะเป็นระยะเวลาสั้นมาก"""
WpnmanJustReversal#1,"""กระโดดเมื่อถูกทำให้ล้มหรือปลิวเพื่อฟื้นตัวอย่างรวดเร็ว"""
WpnmanNextJump#1,"""เปิดใช้งานการกระโดดสองจังหวะ"""
WpnmanOneMoreJump#1,"""หากคุณเหยียบโดนหัวของศัตรูในระหว่างที่ใช้ Next Jump ขณะสวมใส่ Sword, TMG หรือ Talis คุณจะสามารถกระโดดได้อีกครั้ง"""
WpnmanComeAgain#1,"""ช่วยให้คุณสามารถวาร์ปไปยังเป้าหมายที่ถูกทำเครื่องหมาย ได้ 2 ครั้ง"""
WpnmanChargeKeep#1,"""เมื่อสวมใส่ Talis จะสามารถรักษา Weapon Action หรือ Tech แบบชาร์จไว้ได้ชั่วคราวในขณะที่หลบหลีก"""
WpnmanTMGAttackPPSave#1,"""ลด อัตราสิ้นเปลือง PP ของ Normal Attacks ของ Twin Machineguns"""
WpnmanGearTimeGain#1,"""เมื่อเริ่ม Quest จะค่อยๆ เพิ่มอัตราการสะสม Hero Gear อย่างช้าๆ"""
FirstBlood#1,"""ให้การโจมตีครั้งแรกกลายเป็น Just Attack ไม่มีผลกับ Techniques"""
WpnmanTalisWeaponAction#1,"""ข้อความอธิบาย Weapon Action ของ H Talis (ชั่วคราว)"""
WpnmanStep#1,"""Step อย่างรวดเร็วเพื่อเคลื่อนที่เป็นระยะทางสั้นๆ"""
WpnmanStepAttack#1,"""สามารถโจมตีได้ในระหว่าง Step"""
WpnmanAirReversal#1,"""ฟื้นตัวอย่างรวดเร็วขณะลอยอยู่ในอากาศ"""
WpnmanDushJump#1,"""เคลื่อนที่อย่างรวดเร็วโดยการกระโดดหลังจากใช้ Step หรือ Dive Roll"""
WpnmanStepJACombo#1,"""ทำ JA อีกครั้งหลังจากที่ทำ Step"""
WpnmanJustReversalJACombo#1,"""ทำ JA อีกครั้งหลังจากที่ทำ Just Reversal"""
WpnmanRefresh#1,"""ใช้ 50% ของ Hero Gear ฟื้นฟู HP, PP & Hero Will, เพิ่ม Hero Boost และเพิ่ม ATK ทุกครั้งที่คุณทำความเสียหาย"""
WpnmanHighLevelBonus#1,"""มอบโบนัสให้กับความเสียหายทั้งหมดที่คุณทำได้"""
VillainStep#1,"""Step อย่างลื่นไหลเพื่อเป็นอมตะขณะเคลื่อนที่ไปในระยะทางที่กำหนด"""
VillainStepAttack#1,"""สามารถโจมตีได้ในระหว่าง Step"""
VillainNextJump#1,"""เปิดใช้งานการกระโดดสองจังหวะ"""
VillainFlipStep#1,"""Flip Step"""
PrimalTime#1,"""เปิดใช้งานสกิลที่ใช้ Gear เมื่อเปิดใช้งาน จะเพิ่มระยะเวลาอมตะในระหว่าง Step ลด อัตราสิ้นเปลือง PP <yellow>เฉพาะ Main Class เท่านั้น<c>"""
AnotherTime#1,"""Another Time"""
BrankingTime#1,"""Blanking Time"""
VillainTimeFinish#1,"""เปิดใช้งาน Phantom Time Finish โดยการกดไอคอน Phantom Time ในระหว่างที่อยู่ใน Phantom Time <yellow>เฉพาะ Main Class เท่านั้น"""
VillainJustReversal#1,"""กระโดดเมื่อถูกทำให้ล้มหรือปลิวเพื่อฟื้นตัวอย่างรวดเร็ว"""
VillainAirReversal#1,"""ฟื้นตัวอย่างรวดเร็วขณะลอยอยู่ในอากาศ"""
VillainDushJump#1,"""เคลื่อนที่อย่างรวดเร็วโดยการกระโดดหลังจากใช้ Step หรือ Dive Roll"""
VillainStepJACombo#1,"""ทำ JA อีกครั้งหลังจากที่ทำ Step"""
VillainJustReversalJACombo#1,"""ทำ JA อีกครั้งหลังจากที่ทำ Just Reversal"""
VillainPPHighUp#1,"""เพิ่ม PP สูงสุดอย่างมาก"""
VillainWeaponBonus1#1,"""การสวมใส่ Phantom Weapons จะช่วยเพิ่มความเสียหาย <yellow>เฉพาะ Main Class เท่านั้น"""
VillainWeaponBonus2#1,"""การสวมใส่ Phantom Weapons จะช่วยเพิ่มความเสียหาย <yellow>เฉพาะ Main Class เท่านั้น"""
VillainCounter#1,"""Phantom Counter"""
VillainOneMoreJump#1,"""Phantom One More Jump"""
VillainDodgePPRegain#1,"""ฟื้นฟู PP เมื่อทำ Phantom Step สำเร็จ <yellow>เฉพาะ Main Class เท่านั้น"""
VillainFullDrive#1,"""ได้รับโบนัสในการสร้าง Gear"""
VillainNmlTecAdvPlus#1,"""Normal Tech Advance Plus"""
VillainMarker#1,"""การโจมตีด้วย Phantom Weapon จะประทับ Marker บนตัวศัตรู ซึ่งสามารถจุดระเบิดได้ด้วย Weapon Action <yellow>เฉพาะ Main Class เท่านั้น"""
VillainMarkHeal#1,"""ฟื้นฟู HP เมื่อคุณสะสม Markers ครบตามจำนวนสูงสุด <yellow>เฉพาะ Main Class เท่านั้น"""
VillainMarkPpDrain#1,"""ฟื้นฟู PP เมื่อคุณสะสม Markers ครบตามจำนวนสูงสุด <yellow>เฉพาะ Main Class เท่านั้น"""
VillainLearningMark#1,"""Learning Marker"""
VillainZeroRangeBoost#1,"""มอบโบนัสการสะสม Marker เมื่อโจมตีศัตรูในระยะใกล้ <yellow>เฉพาะ Main Class เท่านั้น"""
VillainLongRangeBoost#1,"""มอบโบนัสการสะสม Marker เมื่อโจมตีศัตรูในระยะไกล <yellow>เฉพาะ Main Class เท่านั้น"""
VillainChaseMarkBoost#1,"""มอบโบนัสการสะสม Marker เมื่อโจมตีศัตรูที่ติดสถานะผิดปกติ, Weak Bullet หรือ Jellen <yellow>เฉพาะ Main Class เท่านั้น"""
PrimalTimePlus#1,"""มีโอกาสทำให้ติดสถานะ Jellen เมื่อโจมตีโดนศัตรูในระหว่างที่อยู่ใน Phantom Time ขณะที่ใช้ Phantom Weapons <yellow>เฉพาะ Main Class เท่านั้น"""
AnotherTimePlus#1,"""Another Time Plus"""
BrankingTimePlus#1,"""Blanking Time Plus"""
VillainTecShortCharge#1,"""ลดเวลาในการชาร์จ Technique และ อัตราสิ้นเปลือง PP แต่พลังก็จะลดลงเช่นกัน"""
VillainMag#1,"""กระจายเลเวลการโจมตีของ Mag ของคุณใหม่โดยอิงตามเลเวล DEX ของ Mag"""
VillainPhotonStream1#1,"""เพิ่มความเสียหายตาม PP สูงสุดของคุณ"""
VillainStepDash#1,"""เข้าสู่การ Dash โดยการกดปุ่มหลบหลีกในระหว่างที่ทำ Step"""
VillainFirstBlood#1,"""ให้การโจมตีหรือ Weapon Action ครั้งแรกกลายเป็น Just Attack ไม่มีผลกับ Techniques <yellow>เฉพาะ Main Class เท่านั้น"""
VillainChargeTechJA#1,"""มอบเอฟเฟกต์ของ Just Attack ให้กับ Techniques แบบชาร์จ สามารถร่ายซ้ำได้หลังจากคูลดาวน์สั้นๆ"""
VillainPPRestraint#1,"""เพิ่มอัตรา ฟื้นฟู PP โดยธรรมชาติ และการฟื้นฟู PP จากการโจมตี"""
VillainLoadOfThorn#1,"""ลดอัตราการสะสม Marker และเพิ่มพลังในการจุดระเบิด Marker <yellow>เฉพาะ Main Class เท่านั้น"""
VillainBullsEye#1,"""เมื่อใช้ Rifle จะสามารถสะสม Markers ได้จากการจุดระเบิด Marker <yellow>เฉพาะ Main Class เท่านั้น"""
VillainAttackJellen#1,"""มอบโอกาสที่กำหนดที่จะทำให้ศัตรูที่ถูกโจมตีติดสถานะ Jellen <yellow>เฉพาะ Main Class เท่านั้น"""
VillainJellenRedress#1,"""เพิ่มความแข็งแกร่งของสถานะ Jellen เมื่อคุณโจมตีศัตรูที่ติดสถานะ Jellen ในขณะที่ใช้ Phantom Weapon <yellow>เฉพาะ Main Class เท่านั้น"""
VillainQuickCut#1,"""การใช้ Weapon Action ของ Katana ในช่วงเวลาที่กำหนดในระหว่าง Normal Attack หรือ PA จะช่วยเพิ่มความเร็ว <yellow>เฉพาะ Main Class เท่านั้น"""
VillainDodgeCounterShot#1,"""การหลบการโจมตีด้วย Phantom Step จะกักเก็บกระสุนไว้ การใช้ Normal Attack, PA หรือ Tech จะยิงกระสุนที่เก็บไว้ออกไปทั้งหมด <yellow>เฉพาะ Main Class เท่านั้น"""
VillainSprintTecCharge#1,"""เคลื่อนที่เร็วขึ้นในขณะที่ชาร์จ Technique"""
VillainGespenst#1,"""ลดความเสียหายที่ได้รับเมื่อ HP อยู่ที่ 50% หรือต่ำกว่า และยกเลิกสถานะผิดปกติ เริ่มนับคูลดาวน์ใหม่หลังจากทำงาน <yellow>เฉพาะ Main Class เท่านั้น"""
VillainAmbivalence#1,"""เมื่อใช้ Rod จะทำการสะสม Markers และ Gear จากการใช้ Techniques <yellow>เฉพาะ Main Class เท่านั้น"""
VillainTouchDown#1,"""Touchdown"""
VillainDodge#1,"""เมื่อชาร์จ Technique คุณจะเป็นอมตะชั่วคราว และความเร็วในการเคลื่อนที่ของคุณจะเพิ่มขึ้น <yellow>เฉพาะ Main Class เท่านั้น"""
PrimalTimePlus2#1,"""มอบโบนัสการสะสม Marker ในระหว่างที่อยู่ใน Phantom Time <yellow>เฉพาะ Main Class เท่านั้น"""
VillainHighLevelBonus#1,"""มอบโบนัสให้กับความเสียหายทั้งหมดที่คุณทำได้"""
VillainAllAttackBonus#1,"""มอบโบนัสความเสียหายให้กับผู้เล่นและ Pet"""
VillainPhotonStream2#1,"""เพิ่ม Critical Rate และ ความแรงคริติคอล ตาม Max PP โดยมีการจำกัดระดับสูงสุดของ ความแรงคริติคอล และ Critical Rate ไว้"""
VillainTalisShortCharge#1,"""ลดเวลาในการชาร์จของ Techniques ที่ร่ายจาก Talis ที่ขว้างออกไปของ Eisen Fluegel <yellow>เฉพาะ Main Class เท่านั้น"""
VillainStepAdvance#1,"""เพิ่มระยะเวลาอมตะในระหว่าง Step และ Dive Roll"""
MasterWandWeaponAction#1,"""ข้อความอธิบาย Weapon Action ของ Master Wand"""
MasterAirReversal#1,"""ฟื้นตัวอย่างรวดเร็วขณะลอยอยู่ในอากาศ"""
MasterDushJump#1,"""เคลื่อนที่อย่างรวดเร็วโดยการกระโดดหลังจากใช้ Step หรือ Dive Roll"""
MasterStepJACombo#1,"""ทำ JA อีกครั้งหลังจากที่ทำ Step"""
MasterJustReversalJACombo#1,"""ทำ JA อีกครั้งหลังจากที่ทำ Just Reversal"""
MasterFirstBlood#1,"""ให้การโจมตีหรือ Weapon Action ครั้งแรกกลายเป็น Just Attack ไม่มีผลกับ Techniques <yellow>เฉพาะ Main Class เท่านั้น"""
MasterNextJump#1,"""เปิดใช้งานการกระโดดสองจังหวะ"""
MasterStep#1,"""Step อย่างรวดเร็วเพื่อเคลื่อนที่เป็นระยะทางสั้นๆ"""
MasterAxel#1,"""เมื่อสวมใส่ Double Saber การใช้ Step อีกครั้งในระหว่างทำ Step จะช่วยให้คุณสามารถ Slide ด้วยท่าทางที่กำหนดได้ <yellow>เฉพาะ Main Class เท่านั้น"""
MasterWeaponBonus1#1,"""การสวมใส่ Etoile Weapons จะช่วยเพิ่มความเสียหาย <yellow>เฉพาะ Main Class เท่านั้น"""
MasterWeaponBonus2#1,"""การสวมใส่ Etoile Weapons จะช่วยเพิ่มความเสียหาย <yellow>เฉพาะ Main Class เท่านั้น"""
MasterDoublesaverGear#1,"""ใช้ Gear และลดความเสียหายที่ได้รับเมื่อถูกโจมตี ใช้ Gear โดยการกด Normal Attack ค้างไว้เพื่อทำการโจมตีเสริม <yellow>เฉพาะ Main Class เท่านั้น"""
MasterDualbladeGear#1,"""ใช้ Gear เพื่อเปิดใช้งาน Connect และเปิดใช้งาน Full Connect โดยการใช้เกจทั้งหมด <yellow>เฉพาะ Main Class เท่านั้น"""
MasterWandGear#1,"""กด Weapon Action ค้างไว้จะใช้ Gear เพื่อขยายเวลา JG ทำการโจมตีที่รุนแรงในแต่ละครั้งที่มีการใช้ Gear <yellow>เฉพาะ Main Class เท่านั้น"""
MasterMag#1,"""แปลงค่าสเตตัสการโจมตีทั้งหมดของ Mag ของคุณและกระจายไปยัง Striking, Ranged และ Technique"""
MasterDSaberSkipArts#1,"""ข้ามช่วงแรกของ PA โดยการเปิดใช้งานโดยไม่กดปุ่มทิศทางใดๆ <yellow>เฉพาะ Main Class เท่านั้น"""
MasterDSaberSkipPPSave#1,"""Skip PP Save"""
MasterDSaberBlink#1,"""พุ่งเข้าหาศัตรูอย่างรวดเร็วโดยการกดปุ่ม Weapon Action/Normal Attack ในช่วงเวลาที่กำหนด <yellow>เฉพาะ Main Class เท่านั้น"""
MasterDSaberParrying#1,"""Parrying"""
MasterDSaberParryingBonus#1,"""Parry Bonus"""
MasterDSaberCounter#1,"""Double Saber Counter"""
MasterStepAttack#1,"""สามารถโจมตีได้ในระหว่าง Step"""
MasterJustReversal#1,"""กระโดดเมื่อถูกทำให้ล้มหรือปลิวเพื่อฟื้นตัวอย่างรวดเร็ว"""
MasterHighLevelBonus#1,"""มอบโบนัสให้กับความเสียหายทั้งหมดที่คุณทำได้"""
MasterDfpAllUp1#1,"""เพิ่มพลังป้องกันทั้งหมดและ DEX"""
MasterHPUp1#1,"""เพิ่ม HP"""
MasterPPUp1#1,"""เพิ่ม PP"""
MasterAtpAllUp1#1,"""เพิ่มพลังโจมตี"""
MasterCoherence#1,"""เมื่อ Just Guard สำเร็จ จะฟื้นฟู PP จำนวนหนึ่งให้กับสมาชิก Party ทุกคนในบริเวณนั้น <yellow>เฉพาะ Main Class เท่านั้น"""
MasterDBladeNaHoming#1,"""เมื่อสวมใส่ Dual Blade การใช้ Normal Attacks จะพาคุณพุ่งเข้าหาศัตรูที่ถูก Lock-on <yellow>เฉพาะ Main Class เท่านั้น"""
MasterDBladeGearSkill#1,"""เมื่อสวมใส่ Dual Blade การใช้ Connect หรือ Full Connect จะเพิ่มการได้รับ Gear เป็นช่วงเวลาที่กำหนด <yellow>เฉพาะ Main Class เท่านั้น"""
MasterHeatArtsPPSave#1,"""ลด อัตราสิ้นเปลือง PP เมื่อใช้ PA อย่างต่อเนื่องในระหว่างคอมโบ การลด PP จะถูกจำกัดไว้ที่อัตราที่กำหนด"""
MasterJACritical#1,"""ได้รับโบนัสคริติคอลเมื่อคุณทำ Just Attack"""
MasterFlatAttackBonus#1,"""ได้รับโบนัสให้กับ PAs และ Normal Attacks ของคุณเมื่อคุณพลาดทำ Just Attack"""
MasterOverClock#1,"""ใช้งานเพื่อฟื้นฟู HP/PP ให้กับสมาชิก Party ของคุณ และเพิ่ม Maximum PP เป็นระยะเวลาหนึ่ง <yellow>เฉพาะ Main Class เท่านั้น"""
MasterWandNimble#1,"""เมื่อสวมใส่ Wand ในระหว่างใช้ Focus PA ความเร็วในการเคลื่อนที่จะเพิ่มขึ้นเป็นเวลาสั้นๆ ในระหว่างคอมโบ <yellow>เฉพาะ Main Class เท่านั้น"""
MasterAllAttackBonus#1,"""ได้รับโบนัสความเสียหายจากการโจมตีของคุณและ Pets"""
MasterClockUp#1,"""ลดคูลดาวน์ของ Active Skills ให้กับสมาชิก Party ที่ไม่ใช่คลาส Etoile ในบริเวณนั้น <yellow>เฉพาะ Main Class เท่านั้น"""
MasterEfficient#1,"""เพิ่ม HP Recovery และเพิ่มเอฟเฟกต์ PP Recovery เมื่อผู้เล่นในบริเวณนั้นใช้ไอเทมฟื้นฟู <yellow>เฉพาะ Main Class เท่านั้น"""
MasterInstinct#1,"""ลดความเสียหายที่คุณได้รับทุกครั้งที่ถูกโจมตี อัตราการลดความเสียหายจะลดลงเมื่อเวลาผ่านไป"""
MasterArcane#1,"""เมื่อสวมใส่ Double Saber จะทำการสวนกลับใส่ศัตรูที่ถูก Lock-on เมื่อคุณ Step ไปข้างหน้า <yellow>เฉพาะ Main Class เท่านั้น"""
MasterHPRestraint#1,"""ค่อยๆ ฟื้นฟู HP เมื่อ HP ลดลงต่ำกว่าระดับที่กำหนด"""
MasterAmbitionMassive#1,"""ป้องกันการกระเด็น/ถูกงัดลอยขึ้นในขณะที่ยืนนิ่ง"""
MasterTimeLeap#1,"""เมื่อใกล้ตาย จะเป็นอมตะเป็นเวลาสั้นๆ พร้อมฟื้นฟู HP/PP ทั้งหมด และ Gear จะถูกฟื้นฟู ใช้งานได้ 1 ครั้งต่อ Quest <yellow>เฉพาะ Main Class เท่านั้น"""
MasterWandTeleport#1,"""เมื่อสวมใส่ Wand กด Weapon Action ค้างไว้แล้วปล่อยเพื่อวาร์ปไปยังทิศทางที่กำหนดและทำการโจมตี <yellow>เฉพาะ Main Class เท่านั้น"""
MasterCountArtsBonus#1,"""ได้รับโบนัสความเสียหายและลดการใช้ PP เมื่อคุณใช้ PAs ที่แตกต่างกันอย่างต่อเนื่องในระหว่างคอมโบ"""
MasterJABonus#1,"""มอบโบนัสความเสียหายให้กับ Just Attacks"""
MasterDamageThrottling#1,"""ลดความเสียหายที่ได้รับอย่างมาก ลดปริมาณ HP ที่ฟื้นฟูจากสิ่งต่างๆ ที่ไม่ใช่ไอเทมกดใช้, สิ่งของ และสกิล Et"""
MasterWandReferenceChange#1,"""เมื่อใช้ Wand จะเปลี่ยนสเตตัสการโจมตีที่สูงที่สุดของ Striking และ Technique Special Abilities บนอาวุธนั้น <yellow>เฉพาะ Main Class เท่านั้น"""
MasterStepAdvance#1,"""เพิ่มระยะเวลาอมตะในระหว่าง Step และ Dive Roll"""
SlayerTime#1,"""ได้รับเอฟเฟกต์โบนัสต่างๆ เป็นเวลาจำกัดเมื่อเปิดใช้งาน และปล่อยการโจมตีที่รุนแรงเมื่อกดอีกครั้ง <yellow>เฉพาะ Main Class เท่านั้น"""
SlayerStyleFM#1,"""มอบสไตล์ Fomel Style เมื่อสวมใส่ Gunslash ธาตุ Fire หรือ Dark โดดเด่นในการต่อสู้ระยะประชิด <yellow>เฉพาะ Main Class เท่านั้น"""
SlayerStyleZZ#1,"""มอบสไตล์ Zandi Style เมื่อสวมใส่ Gunslash ธาตุ Wind หรือ Lightning โดดเด่นในการต่อสู้วงกว้างความเร็วสูง <yellow>เฉพาะ Main Class เท่านั้น"""
SlayerStyleBG#1,"""มอบสไตล์ Baran Style เมื่อสวมใส่ Gunslash ธาตุ Ice หรือ Light โดดเด่นในสไตล์การป้องกันและการสวนกลับ <yellow>เฉพาะ Main Class เท่านั้น"""
SlayerGunSlashGear#1,"""กดค้างเพื่อใช้ Gear และทำการโจมตีด้วยรูปแบบต่างๆ <yellow>เฉพาะ Main Class เท่านั้น"""
SlayerDushJump#1,"""เคลื่อนที่อย่างรวดเร็วโดยการกระโดดหลังจากใช้ Step หรือ Dive Roll"""
SlayerFirstBlood#1,"""ให้การโจมตีหรือ Weapon Action ครั้งแรกกลายเป็น Just Attack ไม่มีผลกับ Techniques <yellow>เฉพาะ Main Class เท่านั้น"""
SlayerAirReversal#1,"""ฟื้นตัวอย่างรวดเร็วขณะลอยอยู่ในอากาศ"""
SlayerJustReversalJACombo#1,"""ทำ JA อีกครั้งหลังจากที่ทำ Just Reversal"""
SlayerNextJump#1,"""เปิดใช้งานการกระโดดสองจังหวะ"""
SlayerHighLevelBonus#1,"""มอบโบนัสให้กับความเสียหายทั้งหมดที่คุณทำได้"""
SlayerHPUp1#1,"""เพิ่ม Maximum HP"""
SlayerPPUp1#1,"""เพิ่ม Maximum PP"""
SlayerAtpAllUp1#1,"""เพิ่ม ATK power"""
SlayerDfpAllUp1#1,"""เพิ่ม DEF power"""
SlayerWeaponBonus1#1,"""เพิ่มดาเมจขณะสวมใส่อาวุธ Luster <yellow>เฉพาะ Main Class เท่านั้น"""
SlayerWeaponBonus2#1,"""เพิ่มดาเมจขณะสวมใส่อาวุธ Luster <yellow>เฉพาะ Main Class เท่านั้น"""
SlayerAllAttackBonus#1,"""เพิ่มดาเมจที่ทำโดยผู้เล่นและ Pets"""
SlayerStep#1,"""Step อย่างรวดเร็วเพื่อเคลื่อนที่ระยะสั้น"""
SlayerMag#1,"""แปลงค่า ATK รวมบน Mag ที่สวมใส่เป็น S/R/T ATK"""
SlayerStepAttack#1,"""สามารถโจมตีได้ในระหว่าง Step"""
SlayerJustReversal#1,"""กระโดดเมื่อถูกทำให้ล้มหรือปลิวเพื่อฟื้นตัวอย่างรวดเร็ว"""
SlayerStepJACombo#1,"""ทำ JA อีกครั้งหลังจากที่ทำ Step"""
SlayerWill#1,"""รอดพ้นจากความเสียหายถึงตาย 1 ครั้งและเป็นอมตะ จะรีเซ็ตเมื่อถึง High Voltage <yellow>เฉพาะ Main Class เท่านั้น"""
SlayerTalent#1,"""เมื่อสวมใส่ Gunslash จะเพิ่มดาเมจตาม Main Class <yellow>เฉพาะ Subclass เท่านั้น"""
SlayerGSlashReferenceChange#1,"""เมื่อใช้ Gunslash จะเปลี่ยนไปใช้ค่าสเตตัสโจมตีที่สูงที่สุดระหว่าง Striking และ Ranged ของ Special Abilities บนอาวุธ <yellow>เฉพาะ Main Class เท่านั้น"""
SlayerIgnoreResist#1,"""เมื่อสวมใส่ Gunslash คุณสามารถเพิกเฉยต่อการต้านทานอาวุธของศัตรูบางประเภทได้ <yellow>เฉพาะ Main Class เท่านั้น"""
SlayerTension#1,"""เพิ่ม Voltage ตามจำนวน Hits ได้รับโบนัสดาเมจและลดความเสียหายตาม Voltage"""
SlayerTensionAssist#1,"""ทุกครั้งที่ Voltage ถึงค่าที่กำหนด จะใช้งาน Shifta และ Deband โดยอัตโนมัติ <yellow>จะได้รับผลเอฟเฟกต์ก็ต่อเมื่อเรียนรู้ Techniques แล้วเท่านั้น<c>"""
SlayerTensionHighBonus#1,"""เมื่อ Voltage อยู่เหนือค่าที่กำหนด จะเพิ่มอัตราคริติคอล & ฟื้นฟู PP, ลบ & มอบภูมิคุ้มกันต่อสถานะผิดปกติส่วนใหญ่ และลดคูลดาวน์ของ Active Class Skills ทั้งหมดที่ใช้ก่อนที่ Voltage จะรีเซ็ต <yellow>จะได้รับผลเอฟเฟกต์ก็ต่อเมื่อเรียนรู้ Techniques แล้วเท่านั้น<c>"""
SlayerTensionResetGain#1,"""เมื่อ Voltage รีเซ็ต จะฟื้นฟู HP และ PP ตามค่า Voltage"""
SlayerTensionAwake#1,"""เมื่อโจมตี Powerful Enemy สำเร็จ จะได้รับโบนัสการสะสม Voltage"""
SlayerZealot#1,"""เพิ่มระยะเวลาของ Shifta และ Deband ที่คุณได้รับ และเพิ่มขีดจำกัดระยะเวลาสูงสุดเป็น 120 วินาที"""
SlayerDaydream#1,"""ฟื้นฟู HP และ PP เมื่อศัตรูตายในระยะ"""
SlayerTecArts#1,"""การทำ Just Attack โดยใช้ PAs และ Techniques ที่แตกต่างกันอย่างต่อเนื่องในคอมโบจะเพิ่ม Voltage และอัตราคริติคอล"""
SlayerElementFlat#1,"""Gunslash: ลบโบนัสดาเมจทั้งหมดที่ได้จากค่าธาตุ แต่เพิ่ม R-ATK ของอาวุธตามเปอร์เซ็นต์ <yellow>เฉพาะ Main Class เท่านั้น"""
SlayerTriggerZZ#1,"""Zandi Style Weapon Action: ใช้ Gear เพื่อชาร์จการโจมตีที่โดนศัตรูทั้งหมดในระยะ"""
SlayerMoveArtsZZ#1,"""Zandi Style: เพิ่ม Voltage ที่ได้รับจากการโจมตีศัตรูด้วย Move Arts"""
SlayerLongAttackZZ#1,"""Zandi Style: สร้างการโจมตีต่อเนื่องจาก Enhanced Attack โดยการใช้ Gear ยิงพายุทอร์นาโดที่รวบรวมศัตรูที่อยู่ตรงหน้าคุณ"""
SlayerDodgeCounterZZ#1,"""Zandi Style: เมื่อหลบหลีกสำเร็จด้วย Step หรือ Weapon Action หากคุณโจมตีด้วย PA ภายในเวลาที่กำหนด จะสร้างการโจมตีต่อเนื่อง"""
SlayerTriggerFM#1,"""Fomel Style Weapon Action: ใช้ Gear และปลดปล่อยการโจมตีอย่างต่อเนื่องใส่ศัตรู"""
SlayerLongArtsFM#1,"""Fomel Style: เพิ่ม Voltage ที่ได้รับจากการโจมตีศัตรูด้วย Enhance Arts"""
SlayerLongAttackFM#1,"""Fomel Style: สร้างการโจมตีต่อเนื่องจาก Enhanced Attack โดยการใช้ Gear ยิง Photon Spear หลังจากใช้ PA"""
SlayerPerfectJAFM#1,"""Fomel Style: การคอมโบ PA เข้ากับ PA อื่นแบบ Just Attack ให้เร็วที่สุดจะทำให้ Photon Clusters โคจรรอบตัวคุณเป็นเวลาสั้นๆ"""
SlayerTriggerBG#1,"""Baran Style Weapon Action: ใช้ Gear และยิง Photon Bullets แบบชาร์จ"""
SlayerStayArtsBG#1,"""Baran Style: เพิ่ม Voltage ที่ได้รับจากการโจมตีศัตรูด้วย Stay Arts"""
SlayerLongAttackBG#1,"""Baran Style: สร้างการโจมตีต่อเนื่องจาก Enhanced Attack โดยการใช้ Gear สร้างการโจมตีที่คงอยู่เป็นเวลาจำกัด"""
SlayerJustGuardBG#1,"""Baran Style: เมื่อทำ Just Guard การโจมตีสำเร็จ จะมอบบาเรียลดความเสียหายเป็นเวลาจำกัด"""
SlayerStayArts#1,"""Gunslash: ใช้ PA โดยไม่กดปุ่มทิศทางเพื่อใช้งานเวอร์ชัน Stay Arts <yellow>เฉพาะ Main Class เท่านั้น"""
SlayerSpeedLongArts#1,"""Gunslash: ใช้ Gear & เปิดใช้งาน Enhance Arts อื่นเมื่อใช้ PA ล่วงหน้าในระหว่าง Enhance Arts <yellow>เฉพาะ Main Class เท่านั้น"""
SlayerUpLift#1,"""Gunslash: กระโดดหลังจากใช้แอคชั่นโจมตีใดๆ เพื่อเปิดใช้งานการโจมตีพิเศษ <yellow>เฉพาะ Main Class เท่านั้น"""
SlayerDownLift#1,"""Gunslash: กระโดดหลังจากใช้แอคชั่นโจมตีใดๆ โดยไม่กดปุ่มทิศทางเพื่อเปิดใช้งานการโจมตีพิเศษ <yellow>เฉพาะ Main Class เท่านั้น"""
SlayerDodgeCounter#1,"""Gunslash: Step Attacks จะแข็งแกร่งขึ้นหลังจากหลบหลีกสำเร็จด้วย Step <yellow>เฉพาะ Main Class เท่านั้น"""
SlayerStepGuard#1,"""Gunslash: Step ไปข้างหน้าหรือข้างหลังทะลุการโจมตีของเป้าหมายที่ Lock-on เพื่อทำการสวนกลับพิเศษ <yellow>เฉพาะ Main Class เท่านั้น"""
SlayerStepSlide#1,"""Gunslash: ในระหว่าง Step ให้ใช้ Step อีกครั้งเพื่อใช้ PP และเคลื่อนที่ไปตามระยะทางที่กำหนดขณะทำการยิง <yellow>เฉพาะ Main Class เท่านั้น"""
SlayerBackStep#1,"""Gunslash: การใช้ Step Slide เข้าหาหรือถอยห่างจากเป้าหมายที่ Lock-on จะเป็นการโจมตีพิเศษ <yellow>เฉพาะ Main Class เท่านั้น"""
SlayerStylePurge#1,"""Gunslash: ใช้ Weapon Action สองครั้งเพื่อทิ้ง Style ปัจจุบันของคุณด้วยการโจมตีระเบิดที่ทรงพลัง <yellow>เฉพาะ Main Class เท่านั้น"""
SlayerStepAdvance#1,"""เพิ่มระยะเวลาอมตะในระหว่าง Step และ Dive Roll"""
SlayerShiftaFullDrive#1,"""ในขณะที่อยู่ภายใต้ผลของ Shifta จะเพิ่มอัตราการได้รับ Gear Gauge และ Photon Blast"""
SlayerDebandAbnormal#1,"""ในขณะที่อยู่ภายใต้ผลของ Deband จะเพิ่มโอกาสที่คุณจะทำให้เป้าหมายติดสถานะผิดปกติ"""
SlayerMeditation#1,"""เพิ่ม ฟื้นฟู PP โดยธรรมชาติ เมื่อยืนนิ่งในขณะที่เก็บอาวุธมาแล้วอย่างน้อย 1 วินาที"""
SlayerHighTecArts#1,"""การใช้ PAs & Techs ที่แตกต่างกัน 3 ครั้งในคอมโบจะลดการใช้ PP หากใช้ 4 ครั้งในคอมโบ อัตราสิ้นเปลือง PP จะลดลงตามเปอร์เซ็นต์ที่กำหนด"""
SlayerFourthAttack#1,"""Gunslash: การใช้ Normal Attacks ที่ไม่ใช่ Step Attack 4 ครั้งติดต่อกันจะทำให้ครั้งที่สี่ทรงพลังขึ้น <yellow>เฉพาะ Main Class เท่านั้น"""
SlayerQuickTrigger#1,"""Gunslash: Weapon Action จะเปลี่ยนไปเมื่อใช้ในจังหวะเฉพาะ จังหวะจะขึ้นอยู่กับ Style ที่เลือก <yellow>เฉพาะ Main Class เท่านั้น"""
CaptureShot#1,"""เมื่อใช้งาน: ยิงกระสุน Stun ติดตามเป้าหมาย"""
PPOneTimeUp#1,"""เมื่อใช้งาน: สกิลทั้งหมดใช้ 1 PP Max HP จะลดลงในระหว่างที่เอฟเฟกต์ทำงาน"""
FirstAid#1,"""เมื่อใช้งาน: ฟื้นฟู HP & รักษาสถานะผิดปกติ"""
Barrier#1,"""เมื่อใช้งาน: ฟื้นฟู HP เต็ม & ลดความเสียหายที่ได้รับ"""
Sprint#1,"""เมื่อใช้งาน: เพิ่มความเร็วเคลื่อนที่"""
ring_MassiveHunter#1,"""ลดความเสียหายและป้องกันการงัดให้ลอยขึ้นและปลิว"""
ring_PhotonFlare#1,"""เพิ่ม T-ATK ชั่วคราว"""
ring_PPConvert#1,"""เพิ่ม passive PP recovery เป็นระยะเวลาหนึ่ง แลกกับการลด HP สูงสุด"""
ring_ElementalPPRestraintField#1,"""สร้างพื้นที่รอบตัวคุณที่จะฟื้นฟู PP เมื่อโจมตีจุดอ่อนธาตุของศัตรู"""
ring_HighJump#1,"""กระโดดสูงเพื่อหลบการโจมตีของศัตรู"""
ring_CriticalField#1,"""สร้างพื้นที่ที่จะเพิ่มอัตราคริติคอล"""
ring_Sprint#1,"""สร้างเอฟเฟกต์ที่เพิ่มความเร็วเคลื่อนที่"""
GaugePA#2,"""PA แบบใช้เกจ"""
GlideAttack#1,"""พุ่งลงจากอากาศและเป่าศัตรูบริเวณใกล้เคียงให้กระเด็น หากคุณตอบสนองได้เร็ว สามารถใช้ท่านี้เพื่อหลบการโจมตีบางอย่างได้"""
Photonblast#0,"""แปลง Photons จากอากาศเป็นพลังงานและปลดปล่อยออกไปเป็นการโจมตีที่รุนแรงอย่างมาก เมื่อใช้แล้วจะไม่สามารถใช้ได้อีกจนกว่ารอบการชาร์จจะเสร็จสิ้น"""
EasyControl#1,"""ดำเนินการหนึ่งในหลายๆ แอคชั่นโดยขึ้นอยู่กับระยะห่างระหว่างคุณกับศัตรูและอาวุธที่สวมใส่"""
GunnerEscapePPGain#1,"""ฟื้นฟู PP เมื่อคุณหลบการโจมตีสำเร็จด้วย Step หรือด้วย Weapon Action ของ Twin Machineguns<br><yellow>※เฉพาะ Main Class เท่านั้น<c>"""
ForceZanWindBall#1,"""การโจมตีศัตรูด้วย Wind Techniques แบบไม่ชาร์จสะสมหลายๆ ครั้งจะประทับตรา Wind Wheel บนตัวพวกมัน ในขณะที่มีตรา Wind Wheel การโจมตีศัตรูด้วย Wind Techniques แบบชาร์จจะทำให้ Wind Wheel ทำการโจมตีเสริมใส่ศัตรู ขึ้นอยู่กับ Technique ที่คุณใช้"""
ForceGrantzCharge#1,"""การโจมตีศัตรูด้วย Light Techniques สะสมหลายๆ ครั้งจะสวม Ring of Light ให้กับคุณ ในขณะที่ Ring of Light ทำงานอยู่ Light Techniques ที่คุณร่ายจะได้รับการโจมตีเพิ่มเติม ขึ้นอยู่กับ Technique ที่ร่าย การทำตามเงื่อนไขของสกิลนี้ซ้ำอีกครั้งในขณะที่ Ring of Light ทำงานอยู่จะรีเซ็ตระยะเวลาของมัน"""
ForceMegidoCharge#1,"""การโจมตีศัตรูด้วย Dark Techniques แบบไม่ชาร์จสะสมหลายๆ ครั้งจะกักเก็บ Dark Beads ไว้ข้างหลังคุณได้สูงสุด 3 อัน ในขณะที่คุณมี Dark Beads การใช้ Dark Technique แบบชาร์จจะใช้ Dark Beads ทั้งหมดของคุณเพื่อรับโบนัสพลังตามจำนวน Dark Beads ที่มี"""
ForceTechDownAdvance#1,"""เพิ่มความเสียหายที่ทำต่อศัตรูที่ล้ม ด้วย Techniques<br><yellow>※เฉพาะ Main Class เท่านั้น<c>"""
TechterZanWindBall#1,"""การโจมตีศัตรูด้วย Wind Techniques แบบไม่ชาร์จสะสมหลายๆ ครั้งจะประทับตรา Wind Wheel บนตัวพวกมัน ในขณะที่มีตรา Wind Wheel การโจมตีศัตรูด้วย Wind Techniques แบบชาร์จจะทำให้ Wind Wheel ทำการโจมตีเสริมใส่ศัตรู ขึ้นอยู่กับ Technique ที่คุณใช้"""
TechterGrantzCharge#1,"""การโจมตีศัตรูด้วย Light Techniques สะสมหลายๆ ครั้งจะสวม Ring of Light ให้กับคุณ ในขณะที่ Ring of Light ทำงานอยู่ Light Techniques ที่คุณร่ายจะได้รับการโจมตีเพิ่มเติม ขึ้นอยู่กับ Technique ที่ร่าย การทำตามเงื่อนไขของสกิลนี้ซ้ำอีกครั้งในขณะที่ Ring of Light ทำงานอยู่จะรีเซ็ตระยะเวลาของมัน"""
TechterMegidoCharge#1,"""การโจมตีศัตรูด้วย Dark Techniques แบบไม่ชาร์จสะสมหลายๆ ครั้งจะกักเก็บ Dark Beads ไว้ข้างหลังคุณได้สูงสุด 3 อัน ในขณะที่คุณมี Dark Beads การใช้ Dark Technique แบบชาร์จจะใช้ Dark Beads ทั้งหมดของคุณเพื่อรับโบนัสพลังตามจำนวน Dark Beads ที่มี"""
TechterOverDrive#1,"""<yellow>[Active Skill]<c><br>เมื่อเปิดใช้งาน จะฟื้นฟู HP และ PP ให้กับสมาชิก Party ทุกคน และเพิ่ม PP สูงสุดเป็นระยะเวลาที่กำหนด<br><yellow>※เฉพาะ Main Class เท่านั้น<c>"""
TechterWandFanatic#1,"""ในระหว่างที่ใช้ Wand Lovers จะเพิ่มพลังและความเร็วของ Normal Attacks<br><yellow>※เฉพาะ Main Class/Wand เท่านั้น<c>"""
BraverFinishPrizeBossPlus#1,"""ในระหว่างที่ใช้ Brave Combat จะเพิ่มจำนวน Hit สำหรับ Brave Combat Finish Prize ที่ได้จากการโจมตีมอนสเตอร์บอสเป็นสองเท่า<br><yellow>※เฉพาะ Main Class/อาวุธ Braver เท่านั้น<c>"""
BraverJustGuardPpGain#1,"""ฟื้นฟู PP เมื่อคุณทำ Just Guard การโจมตีสำเร็จ<br><yellow>※เฉพาะ Main Class/Katana เท่านั้น<c>"""
BraverCompoundBowPARush#1,"""ลด อัตราสิ้นเปลือง PP เมื่อใช้ PAs หลายอันติดต่อกัน<br><yellow>※เฉพาะ Main Class/Bullet Bow เท่านั้น<c>"""
BraverBraveGear#1,"""เพิ่มพลังของ Normal Attack และการสวนกลับ รวมถึง ฟื้นฟู PP เมื่อโจมตี เป็นเวลาที่กำหนดเมื่อคุณใช้ Weapon Action ทำ Just Guard หรือหลบการโจมตีสำเร็จ<br><yellow>※เฉพาะ Main Class/อาวุธ Braver เท่านั้น<c>"""
RangerWeakBulletLauncher#1,"""ช่วยให้คุณสามารถใช้ Weak Bullet ในขณะที่สวมใส่ Launcher ได้<br><yellow>※เฉพาะ Main Class/Launcher เท่านั้น<c>"""
RangerGaugeShotGunPlus#1,"""เปลี่ยน Spread Shot ให้เป็นการโจมตีวงกว้าง<br><yellow>※เฉพาะ Main Class/Assault Rifle เท่านั้น<c>"""
RangerClusterBombEscape#1,"""มอบสถานะอมตะชั่วคราวเมื่อใช้ Weapon Action ของคุณ<br><yellow>※เฉพาะ Launcher เท่านั้น<c>"""
HunterSwordParryingAuto#1,"""ทำงานเมื่อคุณชาร์จ PA นานพอและถูกโจมตี<br>จะใช้ PA นั้นโดยอัตโนมัติพร้อมปรับใช้ Hunter Art Avenge ด้วย<br><yellow>※เฉพาะ Main Class/Sword เท่านั้น<c>"""
HunterParryingPaJustGuardEscape#1,"""มอบโบนัสระยะเวลาอมตะชั่วคราว<br>หลังจากใช้ Hunter Art Just Parry สำเร็จ<br><yellow>※เฉพาะ Main Class/อาวุธ Hunter เท่านั้น<c>"""
ForceStayReflectCounterShot#1,"""สะสม Elemental Bullet หากคุณไม่โจมตีหรือหลบหลีกหลังจากใช้ Technique<br><yellow>※เฉพาะ Main Class/Rod เท่านั้น<c>"""
BouncerZanWindBall#1,"""การโจมตีศัตรูด้วย Wind Techniques แบบไม่ชาร์จสะสมหลายๆ ครั้งจะประทับตรา Wind Wheel บนตัวพวกมัน ในขณะที่มีตรา Wind Wheel การโจมตีศัตรูด้วย Wind Techniques แบบชาร์จจะทำให้ Wind Wheel ทำการโจมตีเสริมใส่ศัตรู ขึ้นอยู่กับ Technique ที่คุณใช้"""
BouncerGrantzCharge#1,"""การโจมตีศัตรูด้วย Light Techniques สะสมหลายๆ ครั้งจะสวม Ring of Light ให้กับคุณ ในขณะที่ Ring of Light ทำงานอยู่ Light Techniques ที่คุณร่ายจะได้รับการโจมตีเพิ่มเติม ขึ้นอยู่กับ Technique ที่ร่าย การทำตามเงื่อนไขของสกิลนี้ซ้ำอีกครั้งในขณะที่ Ring of Light ทำงานอยู่จะรีเซ็ตระยะเวลาของมัน"""
BouncerMegidoCharge#1,"""การโจมตีศัตรูด้วย Dark Techniques แบบไม่ชาร์จสะสมหลายๆ ครั้งจะกักเก็บ Dark Beads ไว้ข้างหลังคุณได้สูงสุด 3 อัน ในขณะที่คุณมี Dark Beads การใช้ Dark Technique แบบชาร์จจะใช้ Dark Beads ทั้งหมดของคุณเพื่อรับโบนัสพลังตามจำนวน Dark Beads ที่มี"""
HunterWarCry#1,"""<yellow>[Active Skill]<c><br>ดึงดูดความสนใจของศัตรูบริเวณใกล้เคียงทั้งหมด<br>และทำให้การโจมตีของคุณเรียกความสนใจจากศัตรูได้ง่ายขึ้น<br>เป็นระยะเวลาหนึ่ง<br><yellow>※เฉพาะ Main Class เท่านั้น<c>"""
HunterIronWill#1,"""ช่วยให้คุณรอดพ้นจากความเสียหายที่ทำให้ถึงตายได้<br>โดยเหลือ HP 1 หน่วย ทำให้คุณเป็นอมตะชั่วคราวหลังจากทำงาน<br><yellow>※เฉพาะ Main Class เท่านั้น<c>"""
HunterMassiveHunter#1,"""<yellow>[Active Skill]<c><br>ลดความเสียหายที่ได้รับและทำให้คุณต้านทานต่อการกระเด็นและการชะงัก จากการโจมตีของศัตรูเป็นระยะเวลาหนึ่ง"""
HunterSwordGuardCounterPlus#1,"""เมื่อคุณทำ Sword Guard Counter สำเร็จ<br>คุณสามารถกด Normal Attack เพื่อทำการสวนกลับเพิ่มเติมได้"""
RangerWeakBullet#1,"""<yellow>[Active Skill]<c><br>ยิงกระสุนที่เพิ่มความเสียหายที่ทำต่อชิ้นส่วนที่ถูกโจมตีชั่วคราว<br><yellow>※เฉพาะ Main Class/Assault Rifle เท่านั้น<c>"""
RangerWeakBulletParse#1,"""การโจมตีชิ้นส่วนที่ติดสถานะ Weak Bullet สะสมหลายๆ ครั้งจะเพิ่มความเสียหายที่ทำต่อชิ้นส่วนนั้นให้สูงขึ้นไปอีกและเพิ่มระยะเวลาของสถานะ<br><yellow>※เฉพาะ Main Class เท่านั้น<c>"""
RangerWeaponActionAvoid#1,"""มอบสถานะอมตะชั่วคราวเมื่อคุณเปิดใช้งาน Weapon Action<br><yellow>※เฉพาะ Assault Rifle เท่านั้น<c>"""
RangerGrenadeTrap#1,"""กดปุ่ม Weapon Action ค้างไว้เพื่อโจมตีด้วยระเบิดมือ หากคุณกดปุ่มทิศทาง คุณจะยิงระเบิดออกไป หากไม่กด จะเป็นการวางทุ่นระเบิดแทน<br><yellow>※เฉพาะ Assault Rifle เท่านั้น<c>"""
ForcePpConvert#1,"""<yellow>[Active Skill]<c><br>ใช้ HP ของคุณตามเปอร์เซ็นต์ของ HP สูงสุด และเพิ่ม ฟื้นฟู PP อัตโนมัติ เป็นเวลาที่กำหนด"""
ForcePpConvertReCharge#1,"""เพิ่มจำนวนสะสม ของ PP Convert"""
ForceChargePpRevival#1,"""PP จะไม่หยุดฟื้นฟูในขณะที่คุณชาร์จ Techniques<br><yellow>※เฉพาะอาวุธ Force เท่านั้น<c>"""
ForceHeal#1,"""เมื่อใดก็ตามที่คุณใช้ Resta Sign ตัวละครอื่นบริเวณใกล้เคียงจะได้รับการฟื้นฟู HP ด้วย<br><yellow>※เฉพาะ Main Class เท่านั้น<c>"""
FighterLimitBreakPhotonCharge#1,"""เมื่อ Limit Break สิ้นสุดลง<br>PP จะได้รับการฟื้นฟู<br><yellow>สกิลนี้มีผลเฉพาะเวลาที่เป็น Main Class เท่านั้น"""
FighterLimitBreakInsurance#1,"""ในระหว่าง Limit Break หากคุณได้รับความเสียหายถึงตาย<br>คุณจะรอดชีวิตด้วย HP 1 หน่วยและกลายเป็นอมตะชั่วคราว<br>แต่ Limit Break จะสิ้นสุดลง<br><yellow>※เฉพาะ Main Class เท่านั้น<c>"""
KnuckleDodgeHeatRevenge#1,"""เมื่อคุณหลบการโจมตีสำเร็จด้วย Weapon Action คอมโบ Normal Attack ของคุณจะข้ามไปขั้นที่ห้า<br><yellow>※เฉพาะ Knuckles เท่านั้น<c>"""
FighterKnuckleSwayCounterPlus#1,"""การใช้ Weapon Action ของคุณ<br>หลังจาก Knuckle Sway Counter ทำงาน<br>จะสร้างการสวนกลับเพิ่มเติม"""
FighterKnuckleNormalAttackPlus#1,"""เพิ่มจำนวนขั้นของ Normal Attack ด้วย Knuckle<br>เป็นสูงสุด 5 ขั้น"""
GunnerChainFinishTimeBonus#1,"""ลดเวลาคูลดาวน์ของ Chain Trigger ตามจำนวน Chain Count ของคุณเมื่อคุณทำ Chain Finish<br><yellow>※เฉพาะ Main Class เท่านั้น<c>"""
GunnerSRollArts#1,"""กดปุ่ม PA ในขณะที่ทำ Weapon Action เพื่อใช้ PP และทำการโจมตีที่รุนแรงอย่างมาก<br><yellow>※เฉพาะ Twin Machineguns เท่านั้น<c>"""
GunnerChainBoost#1,"""เมื่อ Chain Finish ทำงาน พฤติกรรมของการโจมตีในระหว่าง Weapon Action จะเปลี่ยนไป และความเร็วในการโจมตีของคุณจะเพิ่มขึ้นเป็นระยะเวลาหนึ่ง<br><yellow>※เฉพาะ Main Class/Twin Machineguns เท่านั้น<c>"""
GunnerNeutralDeadApproach#1,"""เมื่อคุณใช้ Weapon Action โดยไม่กดทิศทาง มันจะกลายเป็นการพุ่งชนด้วยไหล่ความเร็วสูง<br><yellow>※เฉพาะ Twin Machineguns เท่านั้น<c>"""
GunnerAttackPPRestraint#1,"""เพิ่มการฟื้นฟู PP จากการโจมตี"""
TechterShiftaDeband#1,"""<yellow>[Active Skill]<c><br>เพิ่มความเสียหายที่ทำได้และลดความเสียหายที่ได้รับสำหรับคุณและตัวละครใกล้เคียงเป็นระยะเวลาหนึ่ง<br><yellow>※เฉพาะ Main Class เท่านั้น<c>"""
TechterPartyAssist#1,"""เมื่อคุณใช้งาน Shifta-Deband เอฟเฟกต์จะปรับใช้กับสมาชิก Party ทุกคน แม้ว่าพวกเขาจะไม่ได้อยู่ในระยะก็ตาม<br><yellow>※เฉพาะ Main Class เท่านั้น<c>"""
TechterWandElementChange#1,"""เมื่อใดก็ตามที่คุณใช้ Technique แบบชาร์จ Tech Explosions ของคุณจะเปลี่ยนไปตามธาตุของ Technique นั้น<br><yellow>※เฉพาะ Wand เท่านั้น<c>"""
TechterWandElementDiscard#1,"""กดปุ่ม Weapon Action ค้างไว้เพื่อรีเซ็ตการเปลี่ยนแปลงใดๆ ที่เกิดขึ้นกับ Tech Explosions ของคุณจาก Wand Element Change<br><yellow>※เฉพาะ Wand เท่านั้น<c>"""
TechterHeal#1,"""เพิ่มการฟื้นฟูของคุณจาก Resta Signs เมื่อใดก็ตามที่คุณใช้ Resta Sign ตัวละครอื่นใกล้เคียงจะได้รับการฟื้นฟู HP ด้วย<br><yellow>※เฉพาะ Main Class เท่านั้น<c>"""
FighterKnuckleAttackExtra#1,"""เพิ่มจำนวนขั้นในคอมโบ Normal Attack<br>ของคุณเป็น 5 ขั้น<br><yellow>※เฉพาะ Knuckles เท่านั้น<c>"""
ForceMixTech#1,"""ปลดล็อก Compound Techniques<br>สามารถใช้งาน Compound Techniques ได้เมื่อเกจ Compound Technique ชาร์จเต็ม มี 2 Stocks<br><yellow>※เฉพาะ Main Class Force/อาวุธ Techter เท่านั้น<c>"""
TechterMixTech#1,"""ปลดล็อก Compound Techniques<br>สามารถใช้งาน Compound Techniques ได้เมื่อเกจ Compound Technique ชาร์จเต็ม มี 2 Stocks<br><yellow>※เฉพาะ Main Class Force/อาวุธ Techter เท่านั้น<c>"""
MixTechFD#1,"""Compound Technique ธาตุ Fire และ Dark<br>ใช้เกจ Compound Technique<br>ฟันศัตรูตรงหน้าคุณด้วยดาบที่หลอมรวมจาก Fire และ Dark"""
MixTechIL#1,"""Compound Technique ธาตุ Ice และ Light<br>ใช้เกจ Compound Technique<br>พุ่งหอกไปด้านหน้า สร้างน้ำวนที่หลอมรวมจาก Ice และ Light"""
MixTechWT#1,"""Compound Technique ธาตุ Lightning และ Wind<br>ใช้เกจ Compound Technique<br>สร้างพายุทอร์นาโดหลังจากที่คุณพุ่งเข้าโจมตีและตวัดดาบไปรอบๆ ซึ่งเปี่ยมไปด้วยพลัง Lightning และ Wind"""
GunnerChainTriggerCountKeep#1,"""หาก Chain Trigger สิ้นสุดลงโดยไม่ได้ทำ Chain Finish จำนวน Chain Count ส่วนหนึ่งจะถูกยกยอดไปยัง Chain Trigger ครั้งถัดไปของคุณ<br><yellow>※เฉพาะ Main Class/Twin Machineguns เท่านั้น<c>"""
GunnerAnotherArtsPPSave#1,"""ลด อัตราสิ้นเปลือง PP เมื่อใช้ PAs ที่แตกต่างกันอย่างต่อเนื่อง<br><yellow>※เฉพาะ Twin Machineguns เท่านั้น<c>"""
BraverBraveCombatSpirit#1,"""เปิดใช้งาน Brave Spirit เมื่อคุณเปิดใช้งาน Brave Combat<br><yellow>※เฉพาะ Main Class/อาวุธ Braver เท่านั้น<c>"""
BraverKatanaPaComboExAttack#1,"""หลังจากใช้ Katana PA ขั้นที่ 3 คุณสามารถกด Normal Attack เพื่อทำการโจมตีที่รุนแรงได้<br><yellow>※เฉพาะ Katana เท่านั้น<c>"""
BraverKatanaCounterExAttack#1,"""เมื่อคุณทำ Katana Guard Counter สำเร็จ คุณสามารถกด Normal Attack เพื่อทำการสวนกลับเพิ่มเติมได้<br><yellow>※เฉพาะ Katana เท่านั้น<c>"""
BraverAnotherArtsPPSave#1,"""ลด อัตราสิ้นเปลือง PP เมื่อใช้ PAs ที่แตกต่างกันอย่างต่อเนื่อง<br><yellow>※เฉพาะ Bullet Bow เท่านั้น<c>"""
BraverCompoundBowFallSlow#1,"""ทำให้คุณลอยตัวในอากาศได้นานขึ้นในขณะที่โจมตีด้วย Normal Attack หรือชาร์จ PA<br><yellow>※เฉพาะ Bullet Bow เท่านั้น<c>"""
BouncerPhotonBladeParry#1,"""ในขณะที่ใช้ PA การกดปุ่ม PA อื่นให้ถูกจังหวะจะทำให้แสดงแอคชั่นทางเลือกของ PA นั้น<br><yellow>※เฉพาะ Dual Blades เท่านั้น<c>"""
BouncerPhotonBladeGuardCounterShot#1,"""ทำการสวนกลับเมื่อคุณบล็อกการโจมตีด้วย Blade Art Parry<br><yellow>※เฉพาะ Main Class/Dual Blades เท่านั้น<c>"""
BouncerJetBootsBlinkSkipAttack#1,"""การใช้ Thrust Drive จะทำให้คอมโบ Normal Attack ของคุณข้ามไปขั้นที่ 4<br><yellow>※เฉพาะ Jet Boots เท่านั้น<c>"""
BouncerElementBurstRecastSave#1,"""ลดคูลดาวน์ของ Sturm Gigue เมื่อคุณหลบการโจมตีสำเร็จด้วย Weapon Action<br><yellow>※เฉพาะ Main Class/Jet Boots เท่านั้น<c>"""
HunterPartisanAttackExtra#1,"""เพิ่มจำนวนขั้นในคอมโบ Normal Attack<br>ของคุณเป็น 4 ขั้น<br><yellow>※เฉพาะ Partizan เท่านั้น<c>"""
HunterMassiveHunterShortTime#1,"""ลดระยะเวลาของ Massive Hunter<br>แต่ลดคูลดาวน์ของสกิลนี้ด้วยเช่นกัน"""
HunterSwordOverCharge#1,"""การชาร์จ PAs ให้นานขึ้นจะเพิ่มพลังให้มากขึ้นไปอีก<br><yellow>※เฉพาะ Sword เท่านั้น<c>"""
HunterWLanceWAStrikeBack#1,"""หากคุณได้เรียนรู้ Wired Anchor Just Parry แล้ว<br>PA แรกที่คุณใช้หลังจากบล็อกการโจมตีด้วย Weapon Action<br>จะได้รับการปรับใช้ผลของ Hunter Art Avenge ด้วย<br><yellow>※เฉพาะ Main Class/Wired Lance เท่านั้น<c>"""
RangerWeakBulletWideRange#1,"""<yellow>[Active Skill]<c><br>ยิงกระสุนวงกว้างที่ช่วยเพิ่มความเสียหายให้กับชิ้นส่วนใดๆ ที่ยิงโดนชั่วคราว<br>แชร์คูลดาวน์และจำนวน Stocks ร่วมกับ Weak Bullet ปกติ<br><yellow>※เฉพาะ Main Class/Assault Rifle เท่านั้น<c>"""
RangerGaugeShotGunAutoCharge#1,"""เติมเกจ Spread Shot อัตโนมัติเมื่อเวลาผ่านไป"""
RangerGrenadeQuickReload#1,"""ลดคูลดาวน์ของ Rifle Grenadier เมื่อคุณหลบการโจมตีสำเร็จด้วย Weapon Action<br><yellow>※เฉพาะ Assault Rifle เท่านั้น<c>"""
RangerLauncherAttackShortCharge#1,"""ลดพลังของ Normal Attacks แบบชาร์จ แต่ลดเวลาในการชาร์จลงด้วย<br><yellow>เฉพาะ Launcher เท่านั้น<c>"""
FighterLimitBreakShortCycle#1,"""ลดระยะเวลาของ Limit Break<br>และทำให้คุณได้รับความเสียหายมากขึ้นในขณะที่ทำงาน<br>แต่ลดคูลดาวน์ของมันลงด้วยเช่นกัน<br><yellow>※เฉพาะ Main Class เท่านั้น<c>"""
FighterTDHitCountPpGain#1,"""ฟื้นฟู PP แต่ละครั้งที่คุณโจมตีโดน<br>ด้วย PAs และ Photon Blasts มากพอ<br><yellow>※เฉพาะ Twin Daggers เท่านั้น<c>"""
FighterDSAttackExtra#1,"""เพิ่มจำนวนขั้นในคอมโบ Normal Attack<br>ของคุณเป็น 4 ขั้น<br><yellow>※เฉพาะ Double Saber เท่านั้น<c>"""
FighterKnucklePARushBonus#1,"""เพิ่มการลดอัตราสิ้นเปลือง PP<br>จาก Knuckle Art Combo PP Save<br>เมื่อคุณใช้ช่วงครึ่งแรกของ PA<br><yellow>※เฉพาะ Main Class/Knuckles เท่านั้น<c>"""
ForcePhotonFlareShortCycle#1,"""ลดระยะเวลาของ Photon Flare แต่ลดคูลดาวน์ของมันลงด้วยเช่นกัน<br><yellow>※เฉพาะ Main Class เท่านั้น<c>"""
ForceRodTechnicPpWellup#1,"""PP จะไม่หยุดฟื้นฟูในขณะที่ร่าย Technique แต่จะฟื้นฟูในอัตราที่ลดลง<br><yellow>※เฉพาะ Main Class/Rod เท่านั้น<c>"""
ForceTalisBloomAfterPpGain#1,"""ฟื้นฟู PP เมื่อการกาง Talis จาก PA สิ้นสุดลง ตามจำนวน Techniques ที่คุณร่ายในระหว่างที่กางอยู่<br><yellow>※เฉพาะ Main Class/Talis เท่านั้น<c>"""
ForceTalisTecBurstWeakChargeUp#1,"""เพิ่มอัตราการสะสมเกจ Tricky Capacitor เมื่อโจมตีโดนศัตรูด้วย Techniques ธาตุที่แพ้ทาง ในขณะที่กาง Talis จาก PA อยู่<br><yellow>※เฉพาะ Main Class/Talis เท่านั้น<c>"""
TechterWandAttackExtra#1,"""เพิ่มจำนวนขั้นในคอมโบ Normal Attack<br>ของคุณเป็น 4 ขั้น<br><yellow>※เฉพาะ Wand เท่านั้น<c>"""
TechterWandArtsSkipAttack#1,"""การใช้ PAs อย่างต่อเนื่องจะทำให้คอมโบ Normal Attack ของคุณข้ามไปขั้นที่ 3<br><yellow>※เฉพาะ Wand เท่านั้น<c>"""
TechterTalisBloomAfterPpGain#1,"""ฟื้นฟู PP เมื่อการกาง Talis จาก PA สิ้นสุดลง ตามจำนวน Techniques ที่คุณร่ายในระหว่างที่กางอยู่<br><yellow>※เฉพาะ Main Class/Talis เท่านั้น<c>"""
TechterTalisTecBurstWeakChargeUp#1,"""เพิ่มอัตราการสะสมเกจ Tricky Capacitor เมื่อโจมตีโดนศัตรูด้วย Techniques ธาตุที่แพ้ทาง ในขณะที่กาง Talis จาก PA อยู่<br><yellow>※เฉพาะ Main Class/Talis เท่านั้น<c>"""
ForceFoieBrand#1,"""การโจมตีศัตรูด้วย Fire Techniques สะสมหลายๆ ครั้งจะประทับตรา Fire Crest บนตัวศัตรู การโจมตีศัตรูที่มีตรา Fire Crest ด้วย Fire Technique จะทำให้ Fire Crest ระเบิด สร้างความเสียหายและฟื้นฟู PP"""
TechterFoieBrand#1,"""การโจมตีศัตรูด้วย Fire Techniques สะสมหลายๆ ครั้งจะประทับตรา Fire Crest บนตัวศัตรู การโจมตีศัตรูที่มีตรา Fire Crest ด้วย Fire Technique จะทำให้ Fire Crest ระเบิด สร้างความเสียหายและฟื้นฟู PP"""
BouncerFoieBrand#1,"""การโจมตีศัตรูด้วย Fire Techniques สะสมหลายๆ ครั้งจะประทับตรา Fire Crest บนตัวศัตรู การโจมตีศัตรูที่มีตรา Fire Crest ด้วย Fire Technique จะทำให้ Fire Crest ระเบิด สร้างความเสียหายและฟื้นฟู PP"""
SummonerTwoPlatoons#1,"""<yellow>[Active Skill]<c><br>เปิดใช้งานการโจมตีผสานโดยการใช้ Takt Gear Gauges ของทั้ง Wulfer & Fredran<br><yellow>※เฉพาะ Takt เท่านั้น<c>"""
SummonerSuperParry#1,"""<yellow>[Active Skill]<c><br>บล็อกการโจมตีของศัตรูโดยไม่ขัดจังหวะการโจมตีของคุณเอง<br><yellow>※เฉพาะ Main Class/Takt เท่านั้น<c>"""
SummonerStockZeroPPSave#1,"""เมื่อใดก็ตามที่ Gear Gauge stocks ของ Familiar ถูกใช้จนหมด PAs ของ Familiar ตัวนั้นจะลด อัตราสิ้นเปลือง PP ลงเป็นเวลาที่กำหนด<br><yellow>※เฉพาะ Takt เท่านั้น<c>"""
SummonerForest#1,"""การโจมตีศัตรูหลายครั้งจะประทับ Marker ไว้บนเป้าหมาย ศัตรูที่มี Marker จะได้รับความเสียหายมากขึ้นและติดสถานะ Down จาก PAs ได้ง่ายขึ้น<br><yellow>※เฉพาะ Takt เท่านั้น<c>"""
SummonerForestFinish#1,"""การโจมตีศัตรูที่มี Marker ด้วย Normal Attack แบบกดค้างจะจุดระเบิด Marker นั้น<br><yellow>※เฉพาะ Takt เท่านั้น<c>"""
SummonerPetAutoAttack#1,"""สร้างตราสัญลักษณ์เมื่อคุณเปิดใช้งาน Treble Clef Ignition ซึ่งจะโจมตีเป็นระยะๆ รูปแบบของตราสัญลักษณ์จะขึ้นอยู่กับ Familiar ที่ใช้ PA ล่าสุดของคุณ<br><yellow>※เฉพาะ Takt เท่านั้น<c>"""
SummonerPetGear#1,"""เพิ่มเกจให้กับ Familiar แต่ละตัว การทำความเสียหายต่อศัตรูด้วย PAs จะเพิ่มเกจของ Familiar ตัวนั้น<br><yellow>※เฉพาะ Takt เท่านั้น<c>"""
SummonerInOutBlink#1,"""หลังจากการใช้ PA การกดปุ่ม Normal Attack ให้ถูกจังหวะจะทำให้คุณวาร์ปไปข้างหน้าและโจมตี หากคุณกดถอยหลัง คุณจะวาร์ปไปข้างหลังแทน<br><yellow>※เฉพาะ Takt เท่านั้น<c>"""
SummonerInOutBlinkPlus#1,"""หลังจากเปิดใช้งาน Linear Drive การกดปุ่ม Normal Attack อีกครั้งให้ถูกจังหวะจะทำให้คุณสามารถวาร์ปไปข้างหน้าหรือข้างหลังและโจมตีได้อีกครั้ง<br><yellow>※เฉพาะ Takt เท่านั้น<c>"""
SummonerWeaponActionCounter#1,"""เมื่อคุณบล็อกการโจมตีของศัตรูสำเร็จด้วย Weapon Action ของคุณ คุณสามารถกด Normal Attack เพื่อทำการสวนกลับได้<br><yellow>※เฉพาะ Takt เท่านั้น<c>"""
SummonerOldFriends#1,"""มอบโอกาสฟื้นฟู HP เมื่อคุณได้รับความเสียหายเกินเปอร์เซ็นต์ที่กำหนดของ HP สูงสุดของคุณในการโจมตีเพียงครั้งเดียว"""
SummonerRecoveryHarvestExtend#1,"""ลดปริมาณ HP ที่คุณฟื้นฟูจากการใช้ Resta Sign แต่จะค่อยๆ ฟื้นฟู HP เมื่อเวลาผ่านไปหลังจากนั้น"""
SummonerSuperParryInsurance#1,"""ลดคูลดาวน์ของ Hot Marmelo Parry เมื่อไม่สามารถบล็อกการโจมตีของศัตรูได้<br><yellow>※เฉพาะ Main Class/Takt เท่านั้น<c>"""
SummonerWeaponActionStrikeHoming#1,"""ทำให้ Marmelo Strike ติดตามศัตรู<br><yellow>※เฉพาะ Main Class/Takt เท่านั้น<c>"""
SummonerWeaponActionPPGain#1,"""ฟื้นฟู PP เมื่อใดก็ตามที่คุณบล็อกการโจมตีของศัตรูสำเร็จด้วย Weapon Action ของคุณ<br><yellow>※เฉพาะ Takt เท่านั้น<c>"""
SummonerAutoAttackContdGaugeUp#1,"""ทุกครั้งที่ Familiar Assist เปิดใช้งานอีกครั้งในขณะที่กำลังทำงานอยู่ Gear Gauges ของคุณจะเพิ่มขึ้นตามจำนวนที่กำหนด<br><yellow>※เฉพาะ Takt เท่านั้น<c>"""
SummonerLuckySign#1,"""มอบโอกาสที่กำหนดให้ Resta Signs และ Reverser Signs ไม่ถูกใช้ไปเมื่อกดใช้งาน"""
SummonerHealthManagement#1,"""ในขณะที่ HP ของคุณต่ำกว่าที่กำหนด คุณจะได้รับความเสียหายลดลง และฟื้นฟู HP ได้มากขึ้นจากการใช้ Resta Signs"""
HunterWLanceParryingWA#1,"""เพิ่มพลังของ Weapon Action ของคุณ<br>เมื่อคุณใช้มันทันทีหลังจาก PA ที่ได้รับผลจาก Hunter Art Avenge<br><yellow>※เฉพาะ Main Class/Wired Lance เท่านั้น<c>"""
HunterWLanceWAPlus#1,"""การใช้ Weapon Action ของคุณพร้อมกับกดเดินหน้าหรือถอยหลัง<br>จะทำให้คุณเคลื่อนที่ไปในทิศทางนั้นขณะโจมตี<br>การใช้ Weapon Action พร้อมกับกดซ้ายหรือขวา<br>จะเป็นการโจมตีระยะไกลอย่างต่อเนื่อง<br><yellow>※เฉพาะ Wired Lance เท่านั้น<c>"""
HunterPartisanParryingAssaultCharge#1,"""เพิ่มพลังของ Assault Charge<br>เมื่อใช้หลังจาก PA ที่ได้รับพลังเพิ่มจาก Hunter Art Avenge<br><yellow>※เฉพาะ Partizan เท่านั้น<c>"""
FighterLimitBreak#1,"""<yellow>[Active Skill]<c><br>เพิ่มความเสียหายที่คุณทำได้เป็นเวลาที่กำหนด<br>แต่ก็จะเพิ่มความเสียหายที่คุณได้รับเช่นกัน<br><yellow>※เฉพาะ Main Class/อาวุธ Fighter เท่านั้น<c>"""
ForcePhotonFlare#1,"""<yellow>[Active Skill]<c><br>เพิ่ม PP สูงสุดและเพิ่มความเสียหายเป็นเวลาที่กำหนด<br><yellow>※เฉพาะ Main Class/อาวุธ Force เท่านั้น"""
ForceChargeEscape#1,"""หากคุณทำ Weapon Action หรือ Step ในขณะที่ชาร์จ Technique คุณจะรักษาการชาร์จไว้จนกว่าคุณจะร่าย Technique นั้นอีกครั้ง หากคุณร่าย Technique นั้นอีกครั้ง จะใช้ 0 PP และจะชาร์จเร็วขึ้น<br><yellow>※เฉพาะ Rod เท่านั้น<c>"""
ForceTalisTecBurstHeatUp#1,"""เพิ่มอัตราการสะสมเกจ Tricky Capacitor เป็นเวลาสั้นๆ หลังจากเปิดใช้งาน<br><yellow>※เฉพาะ Main Class/Talis เท่านั้น<c>"""
TechterElementWeakBonus#1,"""ทำให้เกจ Photon Blast เต็มเร็วขึ้นเมื่อโจมตีศัตรูด้วยธาตุที่แพ้ทาง"""
TechterAwakeYell#1,"""ทำให้เกจ Photon Blast เต็มเร็วขึ้นเมื่อมีบอสอยู่ใกล้ๆ"""
HunterPartisanGuardParryingAssaultCharge#1,"""เพิ่มพลังของ Assault Charge ครั้งแรก<br>ที่คุณใช้หลังจากทำการ Guard การโจมตี<br>ด้วย Weapon Action ของคุณสำเร็จ<br><yellow>※เฉพาะ Main Class/Partizan เท่านั้น<c>"""
FighterTDSpinCounter#1,"""การกดปุ่ม Normal Attack หลังจากบล็อกการโจมตีสำเร็จ<br>ด้วย Weapon Action จะทำการสวนกลับ<br><yellow>※เฉพาะ Twin Daggers เท่านั้น<c>"""
FighterDSDodgeWindCounter#1,"""การกดปุ่ม Normal Attack หลังจากบล็อกการโจมตีสำเร็จ<br>ด้วย Weapon Action จะทำการสวนกลับ<br><yellow>※เฉพาะ Double Saber เท่านั้น<c>"""
FighterDSDodgeWindWACounter#1,"""การใช้ Weapon Action อีกครั้งหลังจากบล็อกการโจมตีสำเร็จ<br>ด้วย Weapon Action จะทำการสวนกลับแบบพิเศษ<br><yellow>※เฉพาะ Double Saber เท่านั้น<c>"""
ForceRodCounterTechnic#1,"""Technique ใดๆ ที่ใช้ทันทีหลังจากบล็อกการโจมตีด้วย Guard หรือหลบหลีกด้วย Step สำเร็จ จะได้รับระยะเวลาอมตะ<br><yellow>※เฉพาะ Rod เท่านั้น<c>"""
TechterWandCounterReflection#1,"""สร้าง Tech Explosion เมื่อคุณบล็อกการโจมตีของศัตรูสำเร็จด้วย Weapon Action หรือ guard points อื่นๆ<br><yellow>※เฉพาะ Wand เท่านั้น<c>"""
TechterWandGuardCounter#1,"""การกดปุ่ม Normal Attack หลังจากบล็อกการโจมตีสำเร็จ<br>ด้วย Weapon Action จะทำการสวนกลับ<br><yellow>※เฉพาะ Wand เท่านั้น<c>"""
SlayerUnleashAction#1,"""<yellow>[Active Skill]<c><br>เพิ่มเกจที่จะสะสมเมื่อคุณทำความเสียหายด้วย PAs และ Slash Pursuit กดใช้งานเมื่อเกจเต็มเพื่อปล่อยการโจมตีที่รุนแรงอย่างมาก<br><yellow>※เฉพาะ Main Class/Gunslash เท่านั้น<c>"""
SlayerUnleashActionCriticalBonus#1,"""เพิ่ม Critical Rate เป็นเวลาที่กำหนดหลังจากเปิดใช้งาน Unleash Rage<br><yellow>※เฉพาะ Main Class/Gunslash เท่านั้น<c>"""
SlayerGear#1,"""เพิ่ม Gear Gauge ซึ่งจะสะสมเมื่อคุณโจมตีศัตรู แต่ละเลเวลของเกจจะเพิ่มความเสียหาย ลด อัตราสิ้นเปลือง PP และเพิ่ม ฟื้นฟู PP เมื่อโจมตี Gear Gauge จะรีเซ็ตเมื่อผ่านไประยะหนึ่งโดยไม่ได้โจมตีศัตรู<br><yellow>※เฉพาะ Gunslash เท่านั้น<c>"""
SlayerGearOverTime#1,"""<yellow>[Active Skill]<c><br>เปิดใช้งานเมื่อ Gear สูงสุดเพื่อใช้ Gear ทั้งหมดและเพิ่มเอฟเฟกต์ของ Gunslash Gear เป็นเวลาที่กำหนด กดใช้งานอีกครั้งในขณะที่อยู่ภายใต้เอฟเฟกต์นี้เพื่อปล่อยการโจมตีที่ทรงพลัง<br><yellow>※เฉพาะ Main Class/Gunslash เท่านั้น<c>"""
SlayerGearHungry#1,"""เพิ่มอัตราสะสม Gear Gauge จนกว่า Gear Gauge Level ของคุณจะถึงเลเวล 1<br><yellow>※เฉพาะ Gunslash เท่านั้น<c>"""
SlayerGearResetBonus#1,"""ฟื้นฟู PP เมื่อ Gunslash Gear รีเซ็ต โดยขึ้นอยู่กับเลเวลก่อนที่จะรีเซ็ต<br><yellow>※เฉพาะ Gunslash เท่านั้น<c>"""
SlayerGearCritical#1,"""เพิ่ม อัตราคริติคอล ตามระดับ Gear Gauge ของคุณ ในระหว่างที่ใช้ Gunslash Gear Overdrive จะเพิ่ม อัตราคริติคอล เสมือนว่า Gear ของคุณอยู่ในระดับสูงสุด<br><yellow>※เฉพาะ Main Class/Gunslash เท่านั้น<c>"""
SlayerGearHeat#1,"""เมื่อ Gunslash Gear ของคุณอยู่ที่ระดับสูงสุด หรือในระหว่างที่ได้รับผลจาก Gunslash Gear Overdrive เกจของ Unleash Rage จะเต็มเร็วขึ้นและคูลดาวน์จะลดลง<br><yellow>※เฉพาะ Main Class/Gunslash เท่านั้น<c>"""
SlayerHysteric#1,"""ในขณะที่ใช้ PA การกดปุ่ม Normal Attack ให้ถูกจังหวะจะทำการโจมตีเพิ่มเติม<br><yellow>※เฉพาะ Gunslash เท่านั้น<c>"""
SlayerHystericEnhance#1,"""เพิ่มพลังของ Slash Pursuit<br><yellow>※เฉพาะ Main Class/Gunslash เท่านั้น<c>"""
SlayerWeaponActionMove#1,"""กดทิศทางในขณะเปิดใช้งาน Weapon Action เพื่อรับสถานะอมตะชั่วคราวและทำการโจมตีขณะเคลื่อนที่<br><yellow>※เฉพาะ Gunslash เท่านั้น<c>"""
SlayerWeaponActionMoveCounter#1,"""การใช้ Normal Attack หรือ Weapon Action หลังจากหลบการโจมตีด้วย Moving Slash จะทำการสวนกลับแบบพิเศษ พฤติกรรมการสวนกลับจะเปลี่ยนไปขึ้นอยู่กับว่ากดใช้ด้วย Normal Attack หรือ Weapon Action<br><yellow>※เฉพาะ Gunslash เท่านั้น<c>"""
SlayerCriticalUp#1,"""เพิ่ม อัตราคริติคอล"""
SlayerStrongEnemyCriticalUp#1,"""เพิ่ม อัตราคริติคอล เมื่อโจมตีศัตรูระดับ Boss"""
SlayerWeaponActionStayCounter#1,"""การใช้ Normal Attack หรือ Weapon Action หลังจากบล็อกการโจมตีด้วย Weapon Action จะทำการสวนกลับแบบพิเศษ พฤติกรรมการสวนกลับจะเปลี่ยนไปขึ้นอยู่กับว่ากดใช้ด้วย Normal Attack หรือ Weapon Action<br><yellow>※เฉพาะ Gunslash เท่านั้น<c>"""
SlayerZeroRangeAABonus#1,"""เพิ่มความเสียหาย Normal Attack เมื่อโจมตีศัตรูในระยะใกล้<br><yellow>※เฉพาะ Gunslash เท่านั้น<c>"""
SlayerQuickShot#1,"""หลังจากการใช้ PA การกดปุ่ม Normal Attack โดยไม่กดปุ่มทิศทางค้างไว้จะทำการยิงระยะใกล้<br><yellow>※เฉพาะ Gunslash เท่านั้น<c>"""
SlayerCriticalPpGain#1,"""มอบโอกาสฟื้นฟู PP เมื่อโจมตีติด Critical Hit"""
RangerStealthAttack#1,"""ศัตรูจะมีโอกาสพุ่งเป้ามาที่คุณน้อยลงหลังจากที่คุณโจมตีพวกมัน"""
RangerWeakBulletBonus#1,"""เพิ่มความเสียหายเมื่อโจมตีใส่ชิ้นส่วนที่ไม่ได้ติด Weak Bullet ของศัตรูที่ติดสถานะ Weak Bullet มีผลเฉพาะกับการโจมตีของคุณเองเท่านั้น"""
RangerRifleGrenadeEscape#1,"""มอบสถานะอมตะชั่วคราวเมื่อเปิดใช้งาน Rifle Grenadier <br><yellow>※เฉพาะ Assault Rifle เท่านั้น<c>"""
RangerLauncherFanatic#1,"""<yellow>[Active Skill]<c><br>เพิ่มพลังและความเร็วของ Normal Attacks แบบไม่ชาร์จเป็นเวลาที่กำหนด<br><yellow>※เฉพาะ Main Class/Launcher เท่านั้น<c>"""
GunnerChainTriggerFinishEscape#1,"""มอบสถานะอมตะชั่วคราวเมื่อเปิดใช้งาน Chain Finish<br><yellow>※เฉพาะ Main Class/Twin Machineguns เท่านั้น<c>"""
GunnerChainTriggerFinishPPSave#1,"""ลด อัตราสิ้นเปลือง PP เป็นเวลาที่กำหนดหลังจากเปิดใช้งาน Chain Finish<br><yellow>※เฉพาะ Main Class/Twin Machineguns เท่านั้น<c>"""
GunnerInfinityFire#1,"""<yellow>[Active Skill]<c><br>เพิ่มเกจที่จะสะสมเมื่อคุณโจมตีศัตรู<br>กดใช้งานเมื่อเกจเต็มเพื่อทำการยิงรัวอย่างต่อเนื่อง<br>ทั้ง Chain Finish และ Chain Boost จะไม่มีผลกับการโจมตีนี้<br><yellow>※เฉพาะ Twin Machineguns เท่านั้น<c>"""
BouncerDBladeFullConnect#1,"""<yellow>[Active Skill]<c><br>เพิ่มเกจที่จะสะสมเมื่อคุณโจมตีศัตรู<br>กดใช้งานเมื่อเกจเต็มเพื่อปล่อยการฟันที่รุนแรงไปด้านหน้าคุณ<br><yellow>※เฉพาะ Dual Blades เท่านั้น<c>"""
BouncerFrailJellen#1,"""เพิ่มเอฟเฟกต์ให้กับสกิล Decline ซึ่งจะลดพลังโจมตีของศัตรู เอฟเฟกต์จะเพิ่มขึ้นหากคุณทำให้ศัตรูติดเอฟเฟกต์ Decline ทั้งสองแบบ<br><yellow>※เฉพาะ Main Class/อาวุธ Bouncer เท่านั้น<c>"""
BouncerElementBurstSpeedBoost#1,"""หลังจากเปิดใช้งาน Sturm Gigue จะเพิ่มความเร็วของ PAs เป็นเวลาที่กำหนด<br><yellow>※เฉพาะ Main Class/Jet Boots เท่านั้น<c>"""
BouncerOptionChange#1,"""Special Abilities ของทั้ง Armor & Weapon ของคุณ ไม่ว่าสเตตัสของ Striking หรือ Tech ฝั่งไหนจะสูงกว่า จะถูกนำไปปรับใช้กับทั้งความเสียหายแบบ Striking & Tech<br><yellow>※เฉพาะ Main Class/อาวุธ Bouncer เท่านั้น<c>"""
BraverOptionChange#1,"""Special Abilities ของทั้ง Armor & Weapon ของคุณ ไม่ว่าสเตตัสของ Striking หรือ Ranged ฝั่งไหนจะสูงกว่า จะถูกนำไปปรับใช้กับทั้งความเสียหายแบบ Striking & Ranged<br><yellow>※เฉพาะ Main Class/อาวุธ Braver เท่านั้น<c>"""
BraverRestaPPGain#1,"""ฟื้นฟู PP ในขณะใช้ Resta Signs"""
BraverKatanaAmbitionStrikeBack#1,"""หลังจากเปิดใช้งาน Fearless Attitude จะลด อัตราสิ้นเปลือง PP ของ PA ครั้งต่อไปของคุณ<br><yellow>※เฉพาะ Katana เท่านั้น<c>"""
BraverCompoundbowSlideDodgeCounter#1,"""การกดปุ่ม Normal Attack หลังจากหลบการโจมตีด้วย Bullet Bow Elude Expand จะทำการสวนกลับที่รุนแรง<br><yellow>※เฉพาะ Bullet Bow เท่านั้น<c>"""
FighterLimitBreakFinishPPSave#1,"""ลดอัตราสิ้นเปลือง PP เป็นเวลาที่กำหนด<br>หลังจากที่ Limit Break สิ้นสุดลง<br>จะไม่ทำงานหาก Limit Break สิ้นสุดลง<br>เนื่องจาก Limit Break Endurance<br><yellow>※เฉพาะ Main Class/อาวุธ Fighter เท่านั้น<c>"""
FighterDSWindExtra#1,"""ช่วยให้ Kamaitachi ไปถึงขั้นที่สามได้<br>Deadly Archer จะใช้ Kamaitachi ขั้นที่ 3 จนหมด<br>Spiral Drive จะลด Kamaitachi ขั้นที่ 3 ลงเป็นขั้นที่ 2<br><yellow>※เฉพาะ Double Saber เท่านั้น<c>"""
FighterKnuckleAttackExtend#1,"""หากคุณไม่ได้กดปุ่มทิศทาง ขั้นที่ห้าของคอมโบ Normal Attack<br>ของคุณจะกลายเป็นการทุบพื้นอย่างรวดเร็ว<br><yellow>※เฉพาะ Knuckles เท่านั้น<c>"""
HunterMassiveHunterAfterShield#1,"""มอบโล่ให้กับคุณเมื่อ Massive Hunter สิ้นสุดลง<br>โล่จะช่วยลดความเสียหายที่ได้รับ & ป้องกันการกระเด็น & การชะงัก<br>แต่จะทำงานในระหว่างที่ใช้ PAs เท่านั้น<br>โล่จะแตกหลังจากได้รับความเสียหายจากการโจมตีครบตามจำนวนที่กำหนด<br>ในขณะที่กำลังทำงาน"""
HunterSwordAvengeAttackSwitch#1,"""เมื่อคุณเปิดใช้งาน Hunter Arts Avenge<br>การโจมตี Normal Attack ครั้งต่อไปของคุณ<br>จะกลายเป็นการฟันที่รุนแรง<br><yellow>※เฉพาะ Sword เท่านั้น<c>"""
HunterPartisanQuickAssault#1,"""ช่วยให้คุณสามารถทำการแทงความเร็วสูงได้<br>โดยการกดปุ่ม Weapon Action ให้ถูกจังหวะ<br>หลังจากการใช้ Step Attack, Step Counter,<br>Assault Charge หรือ Photon Blast<br><yellow>※เฉพาะ Partizan เท่านั้น<c>"""
HunterWLanceAvengeBonus#1,"""จะมอบโบนัสความเสียหายสำหรับระยะที่เหมาะสมเสมอ<br>ให้กับ PAs ที่ได้รับผลจาก Hunter Arts Avenge<br><yellow>※เฉพาะ Wired Lance เท่านั้น<c>"""
SummonerTwoPlatoonsExtend#1,"""ศัตรูที่ถูกโจมตีในระหว่าง Familiar Union จะเข้าสู่สถานะถูก Mark จาก Treble Clef Marking<br><yellow>※เฉพาะ Takt เท่านั้น<c>"""
TechterShiftaDebandBoost#1,"""<yellow>[Active Skill]<c><br>ร่าย Shifta-Deband ใส่เป้าหมายที่อยู่ตรงหน้าคุณ จะใช้คูลดาวน์ร่วมกับ Shifta-Deband ปกติ<br><yellow>※เฉพาะ Main Class เท่านั้น<c>"""
TechterMixTechGaugeBonus#1,"""เพิ่มอัตราการสะสมของเกจ Compound Technique เมื่อโจมตีศัตรูด้วย Techniques หรือ Tech Explosions ที่ตรงกับธาตุที่แพ้ทาง<br><yellow>※เฉพาะอาวุธ Force & Techter เท่านั้น<c>"""
TechterWandDiscardPurge#1,"""การเปิดใช้งาน Wand Element Revoke หลังจากโจมตีศัตรูด้วย Tech Explosions ในจำนวนที่เพียงพอจะทำการโจมตีเพิ่มเติม หลังจากนี้ Wand Element Revoke จะไม่สามารถใช้งานได้อีกยกเว้นเพื่อเปิดใช้งาน Skill นี้<br><yellow>※เฉพาะ Wand เท่านั้น</c>"""
ForceMixTechExecutePP#1,"""เปิดใช้งาน ฟื้นฟู PP โดยธรรมชาติ ในขณะที่กำลังใช้ Compound Techniques<br><yellow>※เฉพาะ Main Class/อาวุธ Force & Techter เท่านั้น<c>"""
ForceMixTechGaugeBonus#1,"""เพิ่มอัตราการสะสมของเกจ Compound Technique เมื่อโจมตีศัตรูด้วย Techniques หรือ Tech Explosions ที่ตรงกับธาตุที่แพ้ทาง<br><yellow>※เฉพาะอาวุธ Force & Techter เท่านั้น<c>"""
ForceRodChargeTechQuickMove#1,"""เพิ่มความเร็วในการเคลื่อนที่ของคุณในขณะที่กำลังชาร์จ Techniques<br><yellow>※เฉพาะ Rod เท่านั้น<c>"""
SlayerWeaponActionStayCounterCritical#1,"""เพิ่ม Critical Rate ให้กับ Slash Counters<br><yellow>※เฉพาะ Main Class/Gunslash เท่านั้น<c>"""
ForceTalisTecBurst#1,"""<yellow>[Active Skill]<c><br>เพิ่มเกจที่จะสะสมเมื่อคุณโจมตีศัตรู<br>กดใช้งานเมื่อเกจเต็มเพื่อทำการโจมตีระยะไกลแบบพิเศษ<br><yellow>※เฉพาะ Talis เท่านั้น<c>"""
TechterTalisTecBurst#1,"""<yellow>[Active Skill]<c><br>เพิ่มเกจที่จะสะสมเมื่อคุณโจมตีศัตรู<br>กดใช้งานเมื่อเกจเต็มเพื่อทำการโจมตีระยะไกลแบบพิเศษ<br><yellow>※เฉพาะ Talis เท่านั้น<c>"""
RangerGaugeShotGun#1,"""<yellow>[Active Skill]<c><br>เพิ่มเกจที่จะสะสมเมื่อคุณทำความเสียหายด้วย Rifle กดใช้งานเพื่อใช้เกจและยิงระเบิดระยะใกล้<br><yellow>※เฉพาะ Assault Rifle เท่านั้น<c>"""
GunnerGaugeShotGun#1,"""<yellow>[Active Skill]<c><br>เพิ่มเกจที่จะสะสมเมื่อคุณทำความเสียหายด้วย Rifle กดใช้งานเพื่อใช้เกจและยิงระเบิดระยะใกล้<br><yellow>※เฉพาะ Assault Rifle เท่านั้น<c>"""
SlayerBlink#1,"""หลังจากทำ Normal Attack แบบชาร์จ การกด Weapon Action ให้ถูกจังหวะจะทำให้วาร์ปไปหาเป้าหมายด้วยความเร็วสูง<br><yellow>※เฉพาะ Gunslash เท่านั้น<c>"""
SummonerPetGearExtra#1,"""เพิ่มจำนวน Stocks ที่ Takt Gear สามารถกักเก็บได้เป็น 3 Stocks<br><yellow>※เฉพาะ Takt เท่านั้น<c>"""
SummonerWeaponActionChargeGuard#1,"""ในขณะที่กดปุ่ม Weapon Action ค้างไว้ จะป้องกันการงัดให้ลอยขึ้น/กระเด็น & ลดความเสียหายที่ได้รับ นอกจากนี้ เกจของ Marmelo จะเพิ่มขึ้นเมื่อได้รับความเสียหาย<br><yellow>※เฉพาะ Main Class/Takt เท่านั้น<c>"""
HunterSwordStepCounterExtend#1,"""Step Counter จะกลายเป็นการโจมตีความเร็วสูง<br>เพื่อลดระยะห่างระหว่างคุณและเป้าหมาย<br><yellow>※เฉพาะ Sword เท่านั้น<c>"""
HunterWLanceSpecialAttack#1,"""<yellow>[Active Skill]<c><br>เพิ่มเกจที่จะสะสมเมื่อคุณโจมตีศัตรู<br>กดใช้งานเมื่อเกจเต็มเพื่อส่งการฟันที่ทรงพลังออกไป<br><yellow>※เฉพาะ Wired Lance เท่านั้น<c>"""
FighterTDAttackExtend#1,"""การใช้ PAs โจมตีศัตรูสำเร็จจะสะสมเกจ เมื่อเกจนี้เต็ม<br>Normal Attacks ในไม่กี่ครั้งถัดไปของคุณ<br>จะปล่อยคลื่นกระแทกออกไป<br><yellow>※เฉพาะ Twin Daggers เท่านั้น<c>"""
FighterKnuckleStepCounterExtend#1,"""Step Counter จะกลายเป็นการโจมตีความเร็วสูง<br>เพื่อลดระยะห่างระหว่างคุณและเป้าหมาย<br><yellow>※เฉพาะ Knuckles เท่านั้น<c>"""
FighterDSWindAmplify#1,"""หลังจากเปิดใช้งาน Deadly Archer หรือ Spiral Drive<br>จะช่วยให้การเพิ่มขั้นของ Kamaitachi ง่ายขึ้นชั่วคราว<br><yellow>※เฉพาะ Main Class/Double Saber เท่านั้น<c>"""
GunnerChainTriggerFinishAmplify#1,"""หลังจากเปิดใช้งาน Chain Finish เกจสำหรับ Hail of Bullets จะสะสมในอัตราที่เร็วขึ้นชั่วคราว<br><yellow>※เฉพาะ Main Class/Twin Machineguns เท่านั้น<c>"""
RangerRifleAttackExtend#1,"""การใช้ PAs โจมตีศัตรูสำเร็จจะสะสมเกจ เมื่อเกจนี้เต็ม Normal Attacks ในไม่กี่ครั้งถัดไปของคุณจะกลายเป็นการโจมตีที่รุนแรง<br><yellow>※เฉพาะ Assault Rifle<c>"""
RangerLauncherClusterBombExtend#1,"""เพิ่มทั้งรัศมีและความเสียหายของแรงระเบิดจาก Weapon Action<br><yellow>※เฉพาะ Main Class/Launcher เท่านั้น<c>"""
ForceRodAttackExtend#1,"""การใช้ Techniques โจมตีศัตรูสำเร็จจะสะสมเกจ เมื่อเกจนี้เต็ม Normal Attacks ในไม่กี่ครั้งถัดไปของคุณจะกลายเป็นการโจมตีที่รุนแรง การโจมตีเหล่านี้จะมีธาตุเดียวกับ Technique ล่าสุดที่คุณใช้<br><yellow>※เฉพาะ Rod เท่านั้น<c>"""
ForceTalisTecBurstBloomFlourish#1,"""การโจมตีของ Tricky Capacitor จะเปลี่ยนไปตามรูปแบบการกางของ Talis ที่กำลังใช้งานอยู่<br><yellow>※เฉพาะ Talis เท่านั้น<c>"""
TechterTalisTecBurstBloomFlourish#1,"""การโจมตีของ Tricky Capacitor จะเปลี่ยนไปตามรูปแบบการกางของ Talis ที่กำลังใช้งานอยู่<br><yellow>※เฉพาะ Talis เท่านั้น<c>"""
BraverKatanaSkipArts#1,"""PAs ที่ใช้หลังจากทำ Step Countering สำเร็จจะข้ามไปยังการโจมตีขั้นที่ 3 และรุนแรงยิ่งขึ้น<br><yellow>※เฉพาะ Main Class/Katana เท่านั้น<c>"""
BraverBowReinForce#1,"""การใช้ PAs โจมตีศัตรูสำเร็จจะสะสมเกจ เมื่อเกจนี้เต็ม Normal Attack ครั้งต่อไปของคุณจะรุนแรงยิ่งขึ้น หลังจากนั้น PA แรกที่ใช้ (ยกเว้น Charged Dimensional Ray) จะทรงพลังมากขึ้น ป้องกันการกระเด็น & ป้องกันการถูกงัดให้ลอยขึ้น<br><yellow>※เฉพาะ Bullet Bow เท่านั้น<c>"""
BouncerDBladeStepCounterExtend#1,"""หลังจากหลบการโจมตีด้วย Weapon Action หรือ Step การกดปุ่ม Normal Attack จะทำการโจมตีความเร็วสูงเพื่อลดระยะห่างระหว่างคุณและเป้าหมาย<br><yellow>※เฉพาะ Dual Blades เท่านั้น<c>"""
BouncerTecArtsSkipAttack#1,"""หลังจากการใช้ PAs ที่แตกต่างกันอย่างต่อเนื่อง Normal Attack ของคุณจะข้ามไปยังขั้นที่ 3 และทรงพลังยิ่งขึ้น<br><yellow>※เฉพาะ Jet Boots เท่านั้น<c>"""
SummonerTwoPlatoonsMarmeloPlus#1,"""หากเกจของ Marmelo อยู่ในเลเวล 1 หรือสูงกว่าเมื่อเปิดใช้งาน Familiar Unison จะถูกใช้ 1 Stock และ Marmelo จะทำการโจมตีเพิ่มเติม<br><yellow>※เฉพาะ Main Class/Takt เท่านั้น<c>"""
SlayerGearOverTimeAfterAmplify#1,"""หลังจากเอฟเฟกต์ของ Gunslash Gear Overdrive สิ้นสุดลง อัตราการสะสม Gunslash Gear จะเพิ่มขึ้นชั่วคราว<br><yellow>※เฉพาะ Main Class/Gunslash เท่านั้น<c>"""
BraverNoTargetBossAtpUp#1,"""เพิ่มความเสียหายของ PAs ที่ทำต่อศัตรูระดับ Boss ที่ไม่ได้เล็งเป้าหมายมาที่คุณ<br><yellow>※เฉพาะ Main Class/Bullet Bow เท่านั้น<c>"""
RangerNoTargetBossAtpUp#1,"""เพิ่มความเสียหายของ PAs ที่ทำต่อศัตรูระดับ Boss ที่ไม่ได้เล็งเป้าหมายมาที่คุณ<br><yellow>※เฉพาะ Main Class/อาวุธ Ranger เท่านั้น<c>"""
GunnerNoTargetBossAtpUp#1,"""เพิ่มความเสียหายของ PAs ที่ทำต่อศัตรูระดับ Boss ที่ไม่ได้เล็งเป้าหมายมาที่คุณ<br><yellow>※เฉพาะ Main Class/อาวุธ Gunner เท่านั้น<c>"""
ForceNoTargetBossAtpUp#1,"""เพิ่มความเสียหายของ PAs และ Techniques ที่ทำต่อศัตรูระดับ Boss ที่ไม่ได้เล็งเป้าหมายมาที่คุณ<br><yellow>※เฉพาะ Main Class/อาวุธ Force เท่านั้น<c>"""
TechterNoTargetBossAtpUp#1,"""เพิ่มความเสียหายของ PAs และ Techniques ที่ทำต่อศัตรูระดับ Boss ที่ไม่ได้เล็งเป้าหมายมาที่คุณ<br><yellow>※เฉพาะ Main Class/Talis เท่านั้น<c>"""
HunterPartisanVolgraptorShortRecast#1,"""การบล็อกการโจมตีสำเร็จจะช่วยลดคูลดาวน์ของ Vol Graptor<br>อย่างไรก็ตาม มีการจำกัดจำนวนครั้งที่จะเกิดผลลัพธ์นี้<br>ต่อ 1 คูลดาวน์<br><yellow>※เฉพาะ Main Class/Partizan เท่านั้น<c>"""
ForceReflectCounterShot#1,"""Technique ใดๆ ที่ใช้ทันทีหลังจากบล็อกการโจมตีสำเร็จ จะยิง Tech bullet ที่เป็นธาตุเดียวกันออกไปด้วย<br><yellow>※เฉพาะ Rod เท่านั้น<c>"""
ArsenalModule#0,"""Battery Gauge จะชาร์จเมื่อเวลาผ่านไป<br>เมื่อชาร์จถึง 25% หรือมากกว่า คุณสามารถใช้งาน Skill นี้เพื่ออัญเชิญและติดตั้ง M.A.R.S. ได้<br>กดปุ่มอีกครั้งในขณะที่ติดตั้ง M.A.R.S. อยู่เพื่อถอดออก"""
RangerLauncherWeakBulletExtend#1,"""เมื่อการระเบิดของ Sticky Bomb จาก Weapon Action ของคุณ, Fear Eraser หรือ Divine Impact แบบชาร์จทำความเสียหายต่อศัตรูที่ถูกประทับด้วย Weak Bullet ระยะเวลาของ Weak Bullet นั้นจะถูกรีเฟรชกลับมาเต็ม<br><yellow>※เฉพาะ Main Class/Launcher เท่านั้น<c>"""
GunnerChainFinishPartyPPGain#1,"""ฟื้นฟู PP ให้กับผู้เล่นคนอื่นใน Party ของคุณตามจำนวน Chain Count ของคุณเมื่อเปิดใช้งาน Chain Finish<br><yellow>※เฉพาะ Main Class/Twin Machineguns เท่านั้น<c>"""
GunnerTMGAccel#1,"""หลังจากใช้ Weapon Action ของคุณ การกดปุ่ม Normal Attack ให้ถูกจังหวะจะเป็นการโจมตีพร้อมกับลอยขึ้นไปในอากาศได้สูงสุด 2 ครั้ง<br><yellow>※เฉพาะ Main Class/Twin Machineguns เท่านั้น<c>"""
FighterTDAltAccel#1,"""ทำการโจมตีด้วยความคล่องตัวสูงโดยการกดปุ่ม<br>Normal Attack ให้ถูกจังหวะหลังจากการใช้ Normal Attack<br>ขั้นที่ 4, Accelerator Drive หรือ Photon Blast<br><yellow>※เฉพาะ Twin Daggers เท่านั้น<c>"""
FighterArtsImpact#1,"""เพิ่มเกจซึ่งจะสะสมเมื่อคุณโจมตีศัตรูด้วย PAs<br>เมื่อเกจเต็ม การโจมตีศัตรูด้วย PA จะทำการโจมตีเพิ่มเติมด้วย<br>ในแต่ละครั้งที่คุณเริ่มสะสมเกจจากศูนย์<br>แต่ละครึ่งของ PA แต่ละอันจะสะสมเกจได้เร็วขึ้น<br>ในครั้งแรกที่โจมตีโดนศัตรู<br><yellow>※เฉพาะ Main Class/อาวุธ Fighter เท่านั้น<c>"""
TechterEnhanceField#1,"""การกระทำบางอย่างจะมอบโบนัสเอฟเฟกต์ให้กับคุณและคนอื่นๆ บริเวณใกล้เคียง<br>เมื่อคุณใช้ Wand Elemental Pursuit เกจ PB จะสะสมเพิ่มขึ้น<br>นอกจากนี้ เมื่อคุณใช้ PB การโจมตีของคุณจะทำโบนัสความเสียหายเป็นระยะเวลาสั้นๆ<br><yellow>※เฉพาะ Main Class/อาวุธ Techter เท่านั้น<c>"""
TechterQuickElementChange#1,"""Techniques แบบไม่ชาร์จจะเปลี่ยนธาตุของ Tech Explosions ของคุณด้วย<br><yellow>※เฉพาะ Wand เท่านั้น<c>"""
TechterWandTechSkipAttack#1,"""หลังจากร่าย Technique การโจมตี Normal Attack ของคุณจะกลายเป็นการโจมตีขั้นที่ 3 ที่ทรงพลัง<br><yellow>※เฉพาะ Wand เท่านั้น<c>"""
ForceRodTechniqueBonus#1,"""Techniques จะได้รับพลังโจมตีและพลังที่ทำให้เกิด Attribute Down มากขึ้น<br><yellow>※เฉพาะ Rod เท่านั้น<c>"""
ForcePhotonFlareExtension#1,"""การใช้ Compound Technique หรือ Photon Blast ในขณะที่ Photon Flare เปิดใช้งานอยู่จะขยายระยะเวลาของ Photon Flare ออกไป<br>หาก Photon Flare ไม่ได้เปิดใช้งานอยู่ในขณะนั้น เอฟเฟกต์นี้จะซ้อนทับกันได้สูงสุด 3 ครั้ง และจะปรับใช้ในครั้งถัดไปที่ใช้ Photon Flare<br><yellow>※เฉพาะ Main Class เท่านั้น<c>"""
ForcePhotonFlareTecShortCharge#1,"""ในขณะที่ Photon Flare หรือ PP Conversion เปิดใช้งานอยู่ จะลดเวลาในการชาร์จ Technique ลง<br><yellow>※เฉพาะ Main Class/อาวุธ Force เท่านั้น"""
ForceTalisShotMarking#1,"""การโจมตีศัตรูหลายครั้งด้วย Normal Attacks, Weapon Actions, Spread Feather ขั้นที่ 2 หรือ Techniques จาก Talis ที่กางออก จะประทับ Marker ไว้บนศัตรูตัวนั้น<br>ศัตรูที่มี Marker จะได้รับความเสียหายเพิ่มขึ้นจาก Techniques ของ Talis ที่กางออก<br><yellow>※เฉพาะ Talis เท่านั้น<c>"""
TechterTalisShotMarking#1,"""การโจมตีศัตรูหลายครั้งด้วย Normal Attacks, Weapon Actions, Spread Feather ขั้นที่ 2 หรือ Techniques จาก Talis ที่กางออก จะประทับ Marker ไว้บนศัตรูตัวนั้น<br>ศัตรูที่มี Marker จะได้รับความเสียหายเพิ่มขึ้นจาก Techniques ของ Talis ที่กางออก<br><yellow>※เฉพาะ Talis เท่านั้น<c>"""
HunterParryingPa#1,"""เพิ่มความเสียหายและ Down rate ของ PAs<br>หากคุณถูกโจมตีทันทีหลังจากเปิดใช้งานพวกมัน<br><yellow>※เฉพาะอาวุธ Hunter เท่านั้น<c>"""
HunterAllGuard#1,"""เมื่อคุณทำ Just Guard การโจมตีด้วย Weapon Action ของคุณสำเร็จ คุณจะฟื้นฟู PP<br><yellow>※เฉพาะอาวุธ Hunter เท่านั้น<c>"""
HunterReflectFort#1,"""ในขณะที่มีศัตรูอยู่ใกล้ๆ เมื่อคุณทำ Just Guard<br>การโจมตีด้วย Weapon Action สำเร็จ,<br>เปิดใช้งาน Hunter Art Avenge หรือได้รับความเสียหายลดลง<br>ด้วยเอฟเฟกต์ของ Massive Hunter หรือ Massive Hunter Extra Shield<br>คุณจะทำการสวนกลับด้วยคลื่นกระแทก และคุณกับผู้เล่นอื่น<br>ในบริเวณใกล้เคียงจะได้รับ ลดความเสียหายที่ได้รับ ชั่วคราว<br><yellow>※เฉพาะ Main Class/อาวุธ Hunter เท่านั้น<c>"""
BraverCombatAfterPaExtension#1,"""มอบเอฟเฟกต์ที่ได้รับการเสริมพลังเมื่อจบ Brave Combat หากจำนวน Hit ในระหว่าง Brave Combat Finish Prize ถึงเกณฑ์ที่กำหนด Katana PAs จะเปลี่ยนเป็น Stage 3 หลังจากเปิดใช้งานครบตามจำนวนที่กำหนด เพิ่มการสะสมเกจ Bullet Bow Attack Impact เมื่อใช้ Bullet Bow PAs ยกเว้น Charged Dimensional Ray<br><yellow>※เฉพาะ Main Class/อาวุธ Braver เท่านั้น<c>"""
SummonerWeaponActionStrike#1,"""การบล็อกการโจมตีมากพอด้วย Weapon Action ของคุณจะทำให้ Marmelo โตขึ้นได้สูงสุด 3 ขนาด กดปุ่ม Weapon Action ค้างไว้เพื่อขว้าง Marmelo ที่ขยายขนาด ซึ่งจะระเบิดเมื่อสัมผัสกับศัตรู<br><yellow>※เฉพาะ Main Class/Takt เท่านั้น<c>"""
GunnerChainTrigger#1,"""จะทำงานเมื่อคุณโจมตีโดนด้วย PA แบบชาร์จ จะเริ่มนับ Chain Count ซึ่งเพิ่มขึ้นเมื่อโจมตีโดน การโจมตีโดนด้วย PA แบบชาร์จอีกครั้งจะเป็นการ Chain Finish ซึ่งช่วยเพิ่มความเสียหายของคุณและ Down ของศัตรูเป็นเวลาสั้นๆ โดยอิงจาก Chain Count ที่คุณทำได้<br><yellow>※เฉพาะ Main Class/Twin Machineguns เท่านั้น<c>"""
GunnerChainTriggerOverLimit#1,"""เพิ่ม Maximum Chain Count ของคุณเป็น 150 อย่างไรก็ตาม การเพิ่ม Chain Count แต่ละครั้งหลังจากที่ 101 จะให้พลังและ Down ของศัตรูที่เพิ่มขึ้นน้อยลง<br><yellow>※เฉพาะ Main Class/Twin Machineguns เท่านั้น<c>"""
GunnerChainBoostDodgeAdvance#1,"""เพิ่มระยะเวลาอมตะชั่วคราวจาก Weapon Action ของคุณในระหว่าง Chain Boost และเพิ่มระยะเวลาของ Chain Boost เมื่อคุณหลบหลีกหรือหักล้างการโจมตีสำเร็จด้วย Weapon Action ของคุณ<br><yellow>※เฉพาะ Main Class/Twin Machineguns เท่านั้น<c>"""
GunnerCounterPABurst#1,"""เมื่อคุณหลบหลีกหรือหักล้างการโจมตีของศัตรูสำเร็จด้วย Weapon Action ของ Twin Machineguns พลังของ PA ครั้งต่อไปของคุณจะเพิ่มขึ้น แต่ อัตราสิ้นเปลือง PP จะเพิ่มขึ้นด้วย"""
GunnerCounterPABurstEscape#1,"""มอบสถานะอมตะชั่วคราวให้กับ PA แรกที่คุณใช้หลังจากหลบหลีกหรือหักล้างการโจมตีสำเร็จด้วย Weapon Action ของคุณ<br><yellow>※เฉพาะ Main Class/Twin Machineguns เท่านั้น<c>"""
GunnerSRollCounterBullet#1,"""ทำการสวนกลับโดยอัตโนมัติเมื่อคุณหลบหลีกหรือหักล้างการโจมตีสำเร็จด้วย Weapon Action ของคุณ<br><yellow>※เฉพาะ Twin Machineguns เท่านั้น<c>"""
SummonerMarmeloAssist#1,"""การโจมตีศัตรูด้วย Marmelo Strike ขั้นที่สาม หรือ Familiar Unison Marmelo Plus จะประทับ Marker แบบพิเศษ การกด Normal Attack ค้างไว้จะระเบิด Marker และสร้างตราประทับของ Marmelo ซึ่งจะทำการโจมตีเป็นระยะๆ การโจมตีนี้จะสะสม Gear Gauge สำหรับ Familiars ทั้งสองตัว โดยเกจตัวที่มีน้อยกว่าจะมีอัตราการสะสมที่เพิ่มขึ้น<br><yellow>※เฉพาะ Main Class/Takt เท่านั้น<c>"""
SlayerGearAnotherDrive#1,"""<yellow>[Active Skill]<c><br>เมื่อใช้ Gear Gauge ของ Gunslash ไป 3 ขั้น พลังของ Slash Pursuit จะเพิ่มขึ้นเป็นระยะเวลาหนึ่ง พร้อมกับเพิ่มอัตราสะสมของ Gear Gauge นอกจากนี้ ในขณะที่สกิลเปิดทำงาน Slug Shot ครั้งแรกที่ใช้จะกลายเป็นการโจมตีที่ทรงพลัง<br><yellow>※เฉพาะ Main Class/Gunslash เท่านั้น<c>"""
Duration#0,"""ระยะเวลา"""
Recast#0,"""คูลดาวน์"""
AtpRate#0,"""ความแรง"""
AutoMateRate#0,"""อัตราการแสดงผล"""
Critical#0,"""อัตราการแสดงผล"""
CriticalInstant#0,"""อัตราการแสดงผล"""
ConditionRate#0,"""อัตราการแสดงผล"""
DamageReductionRate#0,"""การลดลง"""
HpMax#0,"""Max HP"""
HpMaxRate#0,"""Max HP"""
BaseHpRate#0,"""Max HP"""
Num#0,"""จำนวนนัด"""
PpHeal#0,"""PP Recovery"""
PpUse#0,"""PP Cost"""
HealRateMain#0,"""Recovery Boost"""
HealRateSub#0,"""Recovery Boost"""
HpRecoveryRateMain#0,"""HP Recovery"""
HpRecoveryRateSub#0,"""HP Recovery"""
HpConversionRate#0,"""HP ที่ฟื้นฟูต่อ Hit"""
HpHealLimit#0,"""Maximum HP Recovery"""
PpConversionRate#0,"""PP ที่ฟื้นฟูต่อ Hit"""
PpHealLimit#0,"""Maximum PP Recovery"""
HomingAngularVelocity#0,"""การติดตาม"""
HomingEndTime#0,"""ระยะเวลาติดตาม"""
PhysicRateMain#0,"""Phys. Down Boost"""
PhysicRateSub#0,"""Phys. Down Boost"""
ElementRateMain#0,"""Attr. Down Boost"""
ElementRateSub#0,"""Attr. Down Boost"""
PhysicDownRateLv1#0,"""Phys. Down Boost (1-Stage)"""
PhysicDownRateLv2#0,"""Phys. Down Boost (2-Stage)"""
PhysicDownRateLv3#0,"""Phys. Down Boost (3-Stage)"""
ElementDownRateLv1#0,"""Attr. Down Boost (1-Stage)"""
ElementDownRateLv2#0,"""Attr. Down Boost (2-Stage)"""
ElementDownRateLv3#0,"""Attr. Down Boost (3-Stage)"""
FrailRate#0,"""เพิ่มอัตรา Decline"""
AtpRateMain#0,"""เพิ่มอัตรา ATK พลังโจมตี"""
AtpRateSub#0,"""เพิ่มอัตรา ATK พลังโจมตี"""
DmgReductionRateMain#0,"""อัตราลดทอน พลังโจมตี"""
DmgReductionRateSub#0,"""อัตราลดทอน พลังโจมตี"""
RegionNumLimit#0,"""จำนวนการทำลายชิ้นส่วนสูงสุด"""
ShotInterval#0,"""อัตราการยิงซ้ำ"""
PhotonBladeNum#0,"""จำนวนนัด"""
PpMax#0,"""Max PP"""
Rate#0,"""HP Restoration"""
Time#0,"""ระยะเวลา"""
EffectRate#0,"""ตัวคูณ Hate"""
IronWillRate#0,"""อัตราการแสดงผล"""
OccurRate#0,"""อัตราการแสดงผล"""
AntiPoison#0,"""รักษา Poison"""
AntiBurn#0,"""รักษา Burn"""
BlowJABonusRate#0,"""Strike Power"""
ShootJABonusRate#0,"""Ranged Power"""
AddRecoverPP#0,"""อัตรา PP Recovery"""
TechJABonusRate#0,"""ความแรง"""
DamageRate#0,"""พลังโจมตี ที่ได้รับ"""
BasePoint#0,"""ค่าพื้นฐาน"""
PlusHealRate#0,"""จำนวนการฟื้นฟูเพิ่มเติม"""
SkillPpRate#0,"""Base PP"""
AttackDownRate#0,"""Physical Down พลังโจมตี Boost"""
ElementDownRate#0,"""อัตราการติด Attr. Down"""
DonwAtpRate#0,"""พลังโจมตี Boost เมื่อศัตรู Down"""
StatusEffectValue#0,"""โอกาสติด Status"""
PPRecoverSpeed#0,"""ฟื้นฟู PP โดยธรรมชาติ"""
MaxDuration#0,"""ระยะเวลาเอฟเฟกต์สูงสุด"""
TakeRate#0,"""อัตราการแสดงผล"""
ChageTimeRate#0,"""Charge Time"""
StepTime#0,"""การขยายเวลา"""
DownRate#0,"""อัตราลดทอน"""
HateTime#0,"""ระยะเวลาเอฟเฟกต์"""
HateEffectValue#0,"""ปริมาณเอฟเฟกต์"""
HealRate#0,"""ปริมาณการฟื้นฟู"""
DownRateAll#0,"""อัตราลดทอน พลังโจมตี"""
AtpDownRate#0,"""อัตราลดทอน ATP"""
PpUseUpRate#0,"""อัตรา อัตราสิ้นเปลือง PP"""
PpUseDownRate#0,"""อัตราการลด อัตราสิ้นเปลือง PP"""
CriticalRate#0,"""Gauge Accumulation Range Criticals"""
AtpAndDownRate#0,"""เพิ่มอัตรา พลังโจมตี/Down"""
Range#0,"""ระยะที่มีผล"""
AtpRateLow#0,"""พลังโจมตี เมื่อ HP 75% ขึ้นไป"""
DownRateLow#0,"""Down เมื่อ HP 75% ขึ้นไป"""
AtpRateHigh#0,"""พลังโจมตี เมื่อ HP 100%"""
DownRateHigh#0,"""Down เมื่อ HP 100%"""
AtpRateProper#0,"""ความแรงคริติคอล ในระยะที่เหมาะสม"""
AtpRateMiss#0,"""ความแรงคริติคอล นอกระยะที่เหมาะสม"""
CriticalInstantProper#0,"""Critical Rate ในระยะที่เหมาะสม"""
CriticalInstantMiss#0,"""Critical Rate นอกระยะที่เหมาะสม"""
AttackSpeedRateLv1#0,"""เพิ่มความเร็วโจมตี (สูงสุด 50 Chain)"""
AttackSpeedRateLv2#0,"""เพิ่มความเร็วโจมตี (สูงสุด 80 Chain)"""
AttackSpeedRateLv3#0,"""เพิ่มความเร็วโจมตี (81 Chain ขึ้นไป)"""
AttackSpeedRateMax#0,"""เพิ่มความเร็วโจมตีสูงสุด"""
AddPpMax#0,"""PP ที่เพิ่มขึ้น"""
MulMaxHpRate#0,"""HP ที่ใช้ไป"""
PpRate#0,"""Base PP"""
RecoveryEffectRateOther#0,"""อัตรา Recovery Power"""
RecoveryEffectRateSelf#0,"""อัตรา Recovery Power"""
AtpRateDown#0,"""อัตราลดทอน ATP"""
DownRateDown#0,"""อัตราลดลงของเกจ Down"""
DfpRate#0,"""พลังโจมตี ที่ได้รับ"""
MaxTime#0,"""ระยะเวลาสูงสุด"""
CriticalInstantNeoTimeM#0,"""ระยะ Critical ที่ 75~99%"""
PpHealRateNeoTimeM#0,"""ปริมาณ PP Recovery ที่ 75~99%"""
CriticalInstantNeoTimeH#0,"""ระยะ Critical ที่ 100%"""
PpHealRateNeoTimeH#0,"""ปริมาณ PP Recovery ที่ 100%"""
FrontDamage#0,"""Front Power"""
BackDamage#0,"""Rear Power"""
HpHeal#0,"""HP Recovery"""
AddGearRateTM#0,"""อัตราสะสม Gear"""
ShiftaRate#0,"""เอฟเฟกต์ Shifta"""
AddCritical#0,"""อัตราการแสดงผล"""
DebandRate#0,"""อัตรา Deband"""
CutRate#0,"""อัตราลดทอน"""
PExConditionRate#0,"""อัตราการแสดงผล"""
HpRecoveryRate#0,"""HP Recovery"""
PpRecoveryRate#0,"""PP Recovery"""
ItemRecoveryEffectUp#0,"""เพิ่มประสิทธิภาพไอเทมฟื้นฟู HP"""
AtpUpRate#0,"""Attack Bonus"""
ConversionRate#0,"""อัตรา Convert"""
PpGain#0,"""PP Recovery"""
StrikeSense#0,"""อัตรา"""
ShootingSense#0,"""อัตรา"""
ForceSense#0,"""อัตรา"""
AbnormalRate#0,"""อัตราการแสดงผล"""
PpSkillRate#0,"""อัตรา"""
ReactionTimeRate#0,"""Delay"""
PPDecrease#0,"""PP Costs"""
AtpWeakStrikeRate#0,"""Striking vs Weak"""
AtpWeakFirearmRate#0,"""Ranged vs Weak"""
AtpWeakTechniqueRate#0,"""Technique vs Weak"""
AtpFirmRate#0,"""พลังโจมตี vs Resist"""
StrikeMagDex#0,"""อัตรา S-ATK"""
FirearmMagDex#0,"""อัตรา R-ATK"""
VictimNum#0,"""จำนวนเป้าหมาย"""
StrikeConvertDex#0,"""สัดส่วน S-ATK"""
FirearmConvertDex#0,"""สัดส่วน S-ATK"""
ResistAll#0,"""พลังโจมตี ทั้งหมด"""
PpHealRate#0,"""PP Restoration"""
PpAttackHealRate#0,"""PP Restoration"""
PpActionRate#0,"""PP Cost"""
PpActionRateWeapon#0,"""Fi Weapons PP"""
PpActionRateWeaponOther#0,"""Other Weapons PP"""
HardnessRate#0,"""พลัง Freeze"""
TimeDef#0,"""ระยะห่างการโจมตี"""
TimeMax#0,"""ระยะห่างการโจมตี"""
TimeExt#0,"""ระยะห่างการโจมตี"""
FirearmInstant#0,"""R-ATK"""
PBGageGainRateWeakPointShoot#0,"""อัตราการเพิ่ม เกจ PB"""
DurationRate#0,"""ระยะเวลา Status Effect"""
ReducedGearRate#0,"""จำนวนที่ลดลงของ Gear"""
HpHealRate#0,"""HP Recovery"""
IntervalRate#0,"""ระยะห่างการโจมตีของ Mag"""
GpSwordGainRate#0,"""อัตราสะสม Gear"""
GpWlanceGainRate#0,"""อัตราสะสม Gear"""
GpPartisanGainRate#0,"""อัตราสะสม Gear"""
GpKatanaGainRate#0,"""อัตราสะสม Gear"""
AtpRatePerSec#0,"""ความแรง/วินาที"""
AtpRatePerSecMax#0,"""โบนัสสูงสุด"""
RecastRate#0,"""ลด คูลดาวน์"""
AtpAttributeRate#0,"""โบนัสธาตุเดียวกัน"""
AtpAnotherAttributeRate#0,"""โบนัสธาตุอื่น"""
ShotParameterTime#0,"""เวลาสร้าง"""
PpGainMax#0,"""PP Gain สูงสุด"""
AddChain#0,"""จำนวน Chain"""
SpeedRate#0,"""ความเร็วกระสุน"""
AtpRateMax#1,"""โบนัสสูงสุด"""
DamageDrainRate#0,"""ดูด HP"""
TechnicMagDex#0,"""อัตรา T-ATK"""
HpRecoveryEffectRate#0,"""โบนัสฟื้นฟู HP"""
AnimationSpeedRate#0,"""ความเร็วโจมตี"""
PaChageTimeRate#0,"""ลด Charge"""
AtpRateHitWeak#0,"""พลังโจมตี จุดอ่อน"""
AtpRateNotWeak#0,"""พลังโจมตี ที่ไม่ใช่จุดอ่อน"""
AtpRateHitBreakable#0,"""พลังโจมตี ส่วนที่แตกหักได้"""
AtpRateNotBreakable#0,"""พลังโจมตี ส่วนที่แตกหักไม่ได้"""
CraftMastaryRate#0,"""โบนัส Craft"""
PpAttackHeal#0,"""PP Recovery"""
TriggerRate#0,"""อัตราการแสดงผล"""
Level#0,"""เลเวล"""
EffectiveRate#0,"""อัตราที่มีผล"""
AddGearRateJB#0,"""อัตราสะสม Gear"""
PpGainKCounter#0,"""PP Recovery"""
PpGainKEdge#0,"""Edge PP Regen"""
AtpRateCEdge#0,"""Edge Power"""
AtpJustRate#0,"""JA Power"""
AtpRateKatanaGear1#0,"""Gear Power 1"""
AtpRateKatanaGear2#0,"""Gear Power 2"""
RodShootAtpRate#0,"""Shoot Power"""
RodShootPpHeal#0,"""Shoot PP Recovery"""
AtpRateNotJA#0,"""ไม่มี JA"""
PBGageGainRateJustAttack#0,"""เพิ่มเกจ PB จาก JAs"""
AtpRateGearPoint099#0,"""พลังโจมตี Boost ที่ Gear 0"""
AtpRateGearPoint199#0,"""พลังโจมตี Boost ที่ Gear 1"""
AtpRateGearPoint299#0,"""พลังโจมตี Boost ที่ Gear 2"""
AtpRateGearPoint300#0,"""พลังโจมตี Boost ที่ Gear 3"""
PpHealRateGearPoint099#0,"""PP Recovery ที่ Gear 0"""
PpHealRateGearPoint199#0,"""PP Recovery ที่ Gear 1"""
PpHealRateGearPoint299#0,"""PP Recovery ที่ Gear 2"""
PpHealRateGearPoint300#0,"""PP Recovery ที่ Gear 3"""
InvalidationRateGearPoint099#0,"""อัตรา Guard ที่ Gear 0"""
InvalidationRateGearPoint199#0,"""อัตรา Guard ที่ Gear 1"""
InvalidationRateGearPoint299#0,"""อัตรา Guard ที่ Gear 2"""
InvalidationRateGearPoint300#0,"""อัตรา Guard ที่ Gear 3"""
ExperienceRateSubClass#0,"""อัตรา EXP"""
PPCutRate#0,"""อัตราฟื้นฟู Pet"""
HpHealRateSubPet#0,"""HP Recovery"""
TamingMaster#2,"""เพิ่ม ATK ทั้งหมด"""
TamingDexRate#0,"""DEX"""
TamingHpRate#0,"""Max HP"""
TamingPpRate#0,"""Max PP"""
Border#0,"""เกณฑ์ HP"""
EffectTime#0,"""ระยะเวลาเอฟเฟกต์"""
PBRateMain#0,"""อัตราสะสม เกจ PB"""
PBRateSub#0,"""อัตราสะสม เกจ PB"""
DecreaseTime#0,"""ลดระยะเวลา"""
ReduceRecast#0,"""ลด คูลดาวน์"""
DamageReductionMainRate#0,"""อัตราลดทอน พลังโจมตี"""
DamageReductionSubRate#0,"""อัตราลดทอน พลังโจมตี"""
PPHealPoint#0,"""PP Recovery"""
AddPP#0,"""PP Recovery"""
AttackDownSubRate#0,"""Physical Down พลังโจมตี Boost"""
ElementDownSubRate#0,"""Attribute Down พลังโจมตี Boost"""
AttackDownPPRate#0,"""Physical Down PP Recovery"""
ElementDownPPRate#0,"""Attribute Down PP Recovery"""
AttackDownPPSubRate#0,"""Physical Down PP Recovery"""
ElementDownPPSubRate#0,"""Attribute Down PP Recovery"""
GuardRateMain#0,"""อัตราสะสม Status"""
GuardRateSub#0,"""อัตราสะสม Status"""
GuardRate#0,"""อัตราสะสม Status"""
EaseRateMain#0,"""อัตราสะสม Status"""
EaseRateSub#0,"""อัตราสะสม Status"""
ForceTalisConcentrateRate#0,"""ระยะเวลา"""
ActionPpRate#0,"""อัตราแปลง PP Reduction"""
PpActionRateAccumulation#0,"""อัตราแปลง อัตราสิ้นเปลือง PP"""
PpHealMaxVolume#0,"""PP Recovery"""
PpHealValue#0,"""PP Recovery"""
PpRecoveryDeathState#0,"""กำจัด PP Recovery"""
MainRecoveryRate#0,"""ฟื้นฟู PP อัตโนมัติ"""
SubRecoveryRate#0,"""ฟื้นฟู PP อัตโนมัติ"""
Stock#0,"""จำนวนสะสมสูงสุด"""
PpHealVal#0,"""PP Recovery"""
PpRecoveryRateMain#0,"""ฟื้นฟู PP อัตโนมัติ"""
PpRecoveryRateSub#0,"""ฟื้นฟู PP อัตโนมัติ"""
PBGaugeAddValueMain#0,"""อัตราสะสม เกจ PB"""
PBGaugeAddValueSub#0,"""อัตราสะสม เกจ PB"""
NumberRequired#0,"""จำนวนที่ต้องการ"""
PhysicalDownRate#0,"""อัตราติด Physical Down"""
ElementDownAtpRate#0,"""Attribute Down พลังโจมตี Boost"""
AttackDownRateMain#0,"""Physical Down พลังโจมตี Boost"""
AttackDownPPRateMain#0,"""Physical Down PP Recovery"""
ElementDownPPRateMain#0,"""Attribute Down PP Recovery"""
RegenerateRate#0,"""ปริมาณการฟื้นฟู"""
TimeRate#0,"""ระยะเวลาเอฟเฟกต์"""
AtpRateNear#0,"""ความแรงระยะใกล้"""
AtpRateMiddle#0,"""ความแรงระยะกลาง"""
InputDuration#0,"""ระยะเวลาตอบรับ"""
AtpPetRate#0,"""พลัง Pet"""
IntervalRegenerate#0,"""ระยะห่างการฟื้นฟู"""
NeedPp#1,"""PP Cost"""
Probability#0,"""อัตราแสดงผล"""
RingGpKatanaLossRate#0,"""อัตราลดลงของ Gear"""
RingGpKatanaGainRate#0,"""อัตราการได้รับ Gear"""
GpSwordLossRate#0,"""จำนวนที่ลดลงของ Gear"""
GpWlanceLossRate#0,"""การใช้ Gear"""
ScaleX#0,"""การขยาย"""
RotationSpeedRate#0,"""ความเร็วการหมุน"""
AISBlasterspeed#0,"""ความเร็วการยิง"""
AISRespawn#0,"""เวลาเกิดใหม่"""
AISResistdown#0,"""พลังโจมตี ทั้งหมด"""
ResistBurn#0,"""ต้านทาน Burn"""
ResistFreeze#0,"""ต้านทาน Freeze"""
ResistShock#0,"""ต้านทาน Shock"""
ResistMirage#0,"""ต้านทาน Mirage"""
ResistPoison#0,"""ต้านทาน Poison"""
ResistPanic#0,"""ต้านทาน Panic"""
ShotParameterAngularVelocity#0,"""มุมติดตาม"""
ScaleY#0,"""รัศมีแรงระเบิด"""
ItemHealRateNoAutoMate#0,"""Mate Recovery"""
ShotParameterHomingEndTime#0,"""ระยะเวลาติดตาม"""
MateUseSpeed#0,"""ความเร็วการใช้ Mate"""
WeaponAttrRate#0,"""อัตราแปลง Attribute"""
JBTSC_Rate#0,"""เวลา Charge"""
SDR_Rate#0,"""ระยะเวลาอมตะ"""
LNWU_Rate#0,"""อัตราที่มีผล"""
PpActionRateWideSupport#0,"""PP Cost"""
Count#0,"""จำนวนสะสมสูงสุด"""
PhotonBlastGaugeAddValue#0,"""อัตราการเพิ่ม เกจ PB"""
PreCount#0,"""จำนวนสะสมเริ่มต้น"""
AddRate#0,"""เสริมเอฟเฟกต์ Weak Bullet"""
AddTime#0,"""เพิ่มระยะเวลา Weak Bullet"""
PbBonus#0,"""อัตราเพิ่มเกจ Photon Blast"""
PPRecover#0,"""ปริมาณ PP Recovery"""
GrenadeAtpRate#0,"""พลังโจมตี ของ Grenade"""
TrapAtpRate#0,"""พลังโจมตี การโจมตีของกับดัก"""
ForcePhotonFlareTecShortChargeRate#0,"""อัตราลด Charge"""
StatusEffectValueMain#0,"""โอกาสติด Status"""
StatusEffectValueSub#0,"""โอกาสติด Status"""
StatusEffectDurationMain#0,"""ระยะเวลา Status"""
StatusEffectDurationSub#0,"""ระยะเวลา Status"""
DecreaseHP#0,"""HP ที่ใช้"""
PPRecoverRateMain#0,"""อัตรา PP Recovery"""
PPRecoverRateSub#0,"""อัตรา PP Recovery"""
ChargeDuration#0,"""เวลา Charge"""
PPRecoverRate#0,"""PP ที่ฟื้นฟู"""
MaxPPRecover#0,"""PP ที่ฟื้นฟูสูงสุด"""
KillingPPRecover#0,"""กำจัด PP Recovery"""
DownPPRecover#0,"""Down PP Recovery"""
EffectRange#0,"""ระยะเอฟเฟกต์"""
PPRecoverValue#0,"""PP Recovery"""
DurationDecreaseRate#0,"""อัตราลดทอนระยะเวลา"""
PPRecoverValueMain#0,"""PP Recovery"""
PPRecoverValueSub#0,"""PP Recovery"""
PhysicalDownAtpRateMain#0,"""Phys. Down พลังโจมตี Boost"""
PhysicalDownAtpRateSub#0,"""Phys. Down พลังโจมตี Boost"""
ElementDownAtpRateMain#0,"""Attr. Down พลังโจมตี Boost"""
ElementDownAtpRateSub#0,"""Attr. Down พลังโจมตี Boost"""
PhysicalDownPPRecoverRateMain#0,"""Phys. Down PP Recovery"""
PhysicalDownPPRecoverRateSub#0,"""Phys. Down PP Recovery"""
ElementDownPPRecoverRateMain#0,"""Attr. Down PP Recovery"""
ElementDownPPRecoverRateSub#0,"""Attr. Down PP Recovery"""
DamageRateMain#0,"""พลังโจมตี ที่ได้รับ"""
DamageRateSub#0,"""พลังโจมตี ที่ได้รับ"""
DamageStoreRate#0,"""พลังโจมตี ที่สะสม"""
Criticalpercentage#0,"""Critical Rate"""
ScaleZ#0,"""ระยะโจมตี"""
AtomizerSpeedRate#0,"""ความเร็วการใช้งาน"""
CombatDoubleCount#0,"""จำนวนครั้ง"""
HitGpWpnmanRate#0,"""อัตราสะสม Gear"""
PpTecRate#0,"""อัตราการใช้ PP"""
AtpAll#0,"""ATK Power ที่เพิ่มขึ้น"""
DfpAll#0,"""DEF Power ที่เพิ่มขึ้น"""
AtpAllMax#0,"""ATK Power Up"""
AddGpMax#0,"""Gear ที่เพิ่มขึ้น"""
IronWillDecayRate#0,"""คูลดาวน์"""
IronWillRateMin#0,"""การเปิดใช้งาน"""
StrikeMagAtpMakingUniform#0,"""S-ATK ที่แปลง"""
FirearmMagAtpMakingUniform#0,"""R-ATK ที่แปลง"""
TechnicMagAtpMakingUniform#0,"""T-ATK ที่แปลง"""
GpGainPerSeconds#0,"""Gear ต่อวินาที"""
IntensiveAdvAtpRate#0,"""อัตรา H Boost"""
NeedLevelUpPoint#0,"""แต้มที่ต้องการ"""
ChargeTimeRate#0,"""อัตรา Charge"""
InvokeTime#0,"""เวลาเปิดใช้งาน"""
Vitality#0,"""ความทนทาน"""
AliveTime#0,"""เวลาเอาชีวิตรอด"""
DamageReductionRatePT2#0,"""Party 2 คน"""
DamageReductionRatePT3#0,"""Party 3 คน"""
DamageReductionRatePT4#0,"""Party 4 คน"""
HighTimeRimit#0,"""ต้านทาน พลังโจมตี"""
PpHealRateMove#0,"""อัตรา PP Recovery"""
PpHealRateNoMove#0,"""อัตราการรักษาตำแหน่ง"""
HpGain#0,"""HP Recovery"""
HpGainMax#0,"""ฟื้นฟูสูงสุด"""
hitcount#0,"""Hits"""
PetDamageReductionRate#0,"""อัตราลดทอน"""
PetStandDamageRate#0,"""อัตรากระจาย พลังโจมตี"""
PPConversionRate#1,"""อัตราการแปลง"""
CriticalConversionRate#0,"""แปลง Critical Rate"""
CriticalConversionRateMax#1,"""Max Crit Rate"""
CriticalAtpRate#0,"""แปลง Crit พลังโจมตี"""
CriticalAtpRateMax#1,"""Max Crit พลังโจมตี"""
AtpRateBoss#0,"""Boss พลังโจมตี"""
AtpRateShield#0,"""Shield พลังโจมตี"""
DamageReductionRateHate#0,"""เอฟเฟกต์ลดทอน Defender"""
HpRecoveryEffectRateSelf#0,"""ปริมาณฟื้นฟูตนเอง"""
HpRecoveryEffectRateOther#0,"""ปริมาณฟื้นฟูผู้อื่น"""
AtpRateHateTarget#0,"""ตัวคูณ Hate Power"""
AtpRateDefenderHateTarget#0,"""เอฟเฟกต์ลดทอน Defender"""
AttackHateRate#0,"""Attack Hate Rate Boost"""
CorrectionRate#0,"""อัตรา Gain ที่เพิ่มขึ้น"""
GpVillainGainRate#0,"""อัตราเพิ่ม Gear"""
NonChargeAtpRate#0,"""ความแรงเมื่อไม่ Charge"""
ChargeAtpRate#0,"""ความแรงเมื่อ Charge"""
GpGainRate#0,"""Gear Gain"""
CorrectionDownRate#0,"""อัตราลดลงของค่า"""
VillainPPAttackHealRate#0,"""ATK PP Recovery"""
VillainPPAutoHealRate#0,"""อัตรา PP Recovery"""
VillainDecreaseGearRate#0,"""Gear Consumption"""
VillainStepTimeExtend#0,"""ขยายเวลาอมตะ"""
PpMaxUp#0,"""Max PP"""
AddReductionRate#0,"""อัตราลดทอน"""
MaxReductionRate#0,"""อัตราสูงสุด"""
DecreasePerSecReductionRate#0,"""อัตราต่อวินาที"""
RecastTime#0,"""คูลดาวน์"""
ItemHealRate#0,"""อัตรา HP Recovery"""
DecreaseRecoveryRate#0,"""อัตราลดทอน Recovery"""
MaxRecoveryRate#0,"""อัตรา HP Recovery สูงสุด"""
IncreasePerSecRecoveryRate#0,"""อัตรา HP/วิ"""
CountArts#0,"""ระยะเวลา"""
SameArts#0,"""ขีดจำกัดอัตรา"""
IntensiveDecrease#0,"""ลดพลัง"""
AddIntensive#0,"""เพิ่มพลัง"""
StockNum#0,"""จำนวน Stock"""
PhDodgeCShotAtpRate#0,"""DC Shot Boost"""
AddValue#0,"""ปริมาณที่เพิ่ม"""
ReductionConvertRate#0,"""ลดทอน Conversion"""
MaxReductionConvertRate#0,"""ขีดจำกัดลดทอน"""
HpConvertRate#0,"""แปลง HP Recovery"""
PpConvertRate#0,"""แปลง PP Recovery"""
PpAutoHealRate#0,"""ปริมาณ Auto PP Recovery"""
DamageResist#0,"""พลังโจมตี Reduction"""
IncreaceRate#0,"""อัตราสะสมเกจ"""
PpAtkRate#0,"""ฟื้นฟู PP เมื่อโจมตี"""
PpNaturalRate#0,"""ฟื้นฟู PP อัตโนมัติ"""
PPDownRate#0,"""อัตราลด Cost"""
PPDownMaxRate#0,"""ลด Cost สูงสุด"""
BartaNumberRequiredLevel1#0,"""จำนวนที่ต้องการ (Stage 1)"""
BartaNumberRequiredLevel2#0,"""จำนวนที่ต้องการ (Stage 2)"""
AtpRateForDisplay#0,"""ความแรง"""
AtpRateFinishKatana#0,"""ความแรง Katana Finish"""
AtpRateFinishBow#0,"""ความแรง Bullet Bow Finish"""
AtpRateFinishFomelgion#0,"""ความแรง Fomelgion"""
AtpRateFinishBarantsion#0,"""ความแรง Barantsion"""
AtpRateFinishZandion#0,"""ความแรง Zandion"""
PetGearStockMax#0,"""จำนวนสะสมสูงสุด"""
PetGearBaseRate#0,"""อัตราสะสม Gear Gauge"""
PetGearMaxRate#0,"""อัตราสะสม Gear Gauge สูงสุด"""
SkillRateMain#0,"""โอกาสเปิดใช้งาน"""
SkillRateSub#0,"""โอกาสเปิดใช้งาน"""
SkillRate#0,"""โอกาสเปิดใช้งาน"""
DamageThreshold#0,"""เกณฑ์ พลังโจมตี เปิดใช้งาน"""
HPThreshold#0,"""ระดับ HP เปิดใช้งาน"""
HoTRateMain#0,"""อัตรา HP Recovery"""
HoTRateSub#0,"""อัตรา HP Recovery"""
TaktWAStrikeAtp0#0,"""ความแรง (ไม่เติบโต)"""
TaktWAStrikeAtp1#0,"""ความแรง (Stage 1)"""
TaktWAStrikeAtp2#0,"""ความแรง (Stage 2)"""
TaktWAStrikeNumRequired1#0,"""จำนวนที่ต้องการ (Stage 1)"""
TaktWAStrikeNumRequired2#0,"""จำนวนที่ต้องการ (Stage 2)"""
HpIncrease#0,"""HP ที่เพิ่มขึ้น"""
AddHpHealRate#0,"""อัตรา HP Recovery"""
VelocityRate#0,"""ความเร็วเคลื่อนที่"""
AddPpHealRate#0,"""PP Recovery"""
JumpRate#0,"""พลังกระโดด"""
AttackPbHeal#0,"""อัตราสะสม เกจ PB"""
NaturalPbHeal#0,"""อัตราสะสม เกจ PB"""
CriticalRateIncrease#0,"""อัตราคริติคอล ที่เพิ่มขึ้น"""
PpIncrease#0,"""PP ที่เพิ่มขึ้น"""
AnimSpeedLv1#0,"""ความเร็วโจมตี Chain 101+"""
AnimSpeedLv2#0,"""ความเร็วโจมตี Chain 121+"""
AnimSpeedLv3#0,"""ความเร็วโจมตี Chain 141+"""
ShieldCountMain#0,"""ความทนทาน Shield"""
ShieldCountSub#0,"""ความทนทาน Shield"""
JellenRateFrail1#0,"""ความแรง (Level 1)"""
JellenRateFrail2#0,"""ความแรง (Level 2)"""
ChainCountMax#0,"""จำนวน Chain สูงสุด"""
ChainFinishAtpRate#0,"""ความแรง Chain Finish เริ่มต้น"""
ChargeGuardRecast#0,"""จำนวนชาร์จเกจ"""
RestaHealRate#0,"""พลังฟื้นฟู Resta Sign"""
GearAtpRate#0,"""โบนัสความแรงต่อเลเวล"""
GearPpUse#0,"""ลด อัตราสิ้นเปลือง PP ต่อเลเวล"""
GearPPRecoverValue#0,"""โบนัส ฟื้นฟู PP เมื่อโจมตี ต่อเลเวล"""
GearRecoveryRateMain#0,"""อัตราสะสม Gear Gauge"""
GearRecoveryRateSub#0,"""อัตราสะสม Gear Gauge"""
GearPpRecoveryMain#0,"""PP Recovery ต่อเลเวล"""
GearPpRecoverySub#0,"""PP Recovery ต่อเลเวล"""
CriticalRateMain#0,"""เพิ่ม Critical Rate"""
CriticalRateSub#0,"""เพิ่ม Critical Rate"""
AtpRateFinish#0,"""ความแรง Finisher"""
GearBoostRate#0,"""อัตรา Gear Boost"""
TotalLimit#0,"""ขีดจำกัดสูงสุด"""
KamaitachiRateDeadly#0,"""อัตราสะสม"""
TimeDeadly#0,"""ระยะเวลา"""
KamaitachiRateEnhance#0,"""อัตราสะสม"""
TimeEnhance#0,"""ระยะเวลา"""
ChainPPGain1#0,"""สูงสุด 99 Chain"""
ChainPPGain2#0,"""สูงสุด 119 Chain"""
ChainPPGain3#0,"""สูงสุด 149 Chain"""
ChainPPGain4#0,"""สูงสุด 150 Chain"""
DownRateMain#0,"""Down Rate"""
DownRateSub#0,"""Down Rate"""
DownPPRateMain#0,"""PP Recovery เมื่อ Down"""
DownPPRateSub#0,"""PP Recovery เมื่อ Down"""
ChaseRecast#0,"""คูลดาวน์โจมตีเสริม"""
OverHeatAtpRate#0,"""ความแรงต่อเลเวล"""
OverHeatRegainRate#0,"""HP Recovery ต่อเลเวล"""
ScytheMarkerDamageReduction#0,"""พลังโจมตี Reduction ต่อเลเวล"""
MARSGaugeAdd#0,"""ขยายเวลาใช้งาน M.A.R.S."""
DispAtp15Rate#0,"""ความแรง"""
DispAtp16Rate#0,"""ความแรง (เมื่อสู้กับศัตรูบางตัว)"""
MoveSpeedRate#0,"""เพิ่มความเร็วเคลื่อนที่"""
SupportAttackRecast#0,"""คูลดาวน์โจมตีสนับสนุน"""
PowerTime#0,"""เวลาจนกว่าความแรงจะเพิ่ม"""
MaxHpIncreaseRate#0,"""อัตราเพิ่ม Maximum HP"""
MaxPpIncreaseRate#0,"""อัตราเพิ่ม Maximum PP"""
ScytheMarkerDamageReductionLv1#0,"""ลด พลังโจมตี ที่ได้รับ (Level 1)"""
ScytheMarkerDamageReductionLv2#0,"""ลด พลังโจมตี ที่ได้รับ (Level 2)"""
MaxPpIncreaseValue#0,"""เพิ่ม Maximum PP"""
AddPBRate#0,"""ปริมาณสะสม เกจ PB"""
FollowAttackDuation#0,"""ระยะเวลา Bonus พลังโจมตี"""
FollowAttackCount#0,"""จำนวน Bonus Hits"""
AtpRateCharge#0,"""ความแรงเมื่อชาร์จ"""
FollowAttackMaxCount#0,"""จำนวน Bonus Hits สูงสุด"""
NoWeakAtpRate#0,"""ความแรง (ธาตุที่ไม่ใช่จุดอ่อน)"""
IncreaceRateMain#0,"""อัตราสะสมเกจ"""
IncreaceRateSub#0,"""อัตราสะสมเกจ"""
KatanaStockNum#0,"""Katana Effect Enhancement Stock"""
BulletBowStockNum#0,"""Bullet Bow Effect Enhancement Stock"""
TaktWAStrikeAtp3#0,"""ความแรง (Stage 3)"""
AtpRatePerChain#0,"""Boost ต่อ Chain"""
TriggerReductionTime#0,"""ลด คูลดาวน์"""
TriggerReductionCount#0,"""ลดทอนสูงสุด"""
HpIncreaseTime#0,"""ระยะเวลา Max HP Boost"""
MaxHpIncreaseStep#0,"""ขั้นของ Max HP Boost"""
RequiredHitCount#0,"""จำนวนที่ต้องการ"""
RecastReductionRate#0,"""อัตราลด คูลดาวน์"""
BlastEchoAtpRate#0,"""อัตรา พลังโจมตี Boost ต่อขั้น"""
BlastEchoDamageReductionRate#0,"""อัตรา พลังโจมตี Reduction ต่อขั้น"""
BlastEchoRateUpInterval#0,"""เวลาที่ต้องการต่อการเพิ่ม 1 ขั้น"""
BlastEchoIntervalReductionTime#0,"""ลดเวลาที่ต้องการ"""
RequiredDownValue#0,"""ระยะเวลา Down ที่ต้องการ"""
MaxPPIncrease#0,"""Max PP Boost"""
MaxPPIncreaseLimit#0,"""ขีดจำกัด Max PP Boost"""
PBReductionTime#0,"""ลด PB คูลดาวน์"""
MaxHPIncreaseLimit#0,"""ขีดจำกัด Max HP Boost"""
MaxHPIncrease#0,"""Max HP Boost"""
Message#0,"""รับชมเหตุการณ์โดยใช้ <%Access>!"""
Message_v#0,"""แตะที่หน้าจอเพื่อรับชมเหตุการณ์!"""
Male#0,"""Dinar"""
brigitta#0,"""Brigitta"""
Message_Live#0,"""สลับมุมกล้องด้วย <%Access>"""
Message_v_Live#0,"""แตะเพื่อเปลี่ยนมุมกล้อง"""
Message_v_MovieOnly#0,"""แตะที่หน้าจอเพื่อรับชมเหตุการณ์!"""
AutoWordTypeTrialStart#0,"""Trial: เข้าร่วม"""
AutoWordTypeTrialSuccess#0,"""Trial: สำเร็จ"""
AutoWordTypeTrialFailure#0,"""Trial: ล้มเหลว"""
AutoWordTypeFastTravelStart#0,"""Fast Travel: เริ่ม"""
AutoWordTypeFastTravelEnd#0,"""Fast Travel: สิ้นสุด"""
AutoWordTypePhotonDash#0,"""Photon Dash"""
AutoWordTypePhotonDashAttack#0,"""Dash Attack"""
AutoWordTypePhotonGlide#0,"""Photon Glide"""
AutoWordTypeGlideAttack#0,"""Dive Attack"""
AutoWordTypeWeaponAction#0,"""Weapon Action"""
AutoWordTypeGetGathering#0,"""รวบรวม Material"""
MenuButtonShortcut#0,"""Shortcut Words"""
MenuButtonAuto#0,"""Autowords"""
MenuButtonBack#0,"""กลับ"""
MenuButtonGroupChat#0,"""Group Chat"""
MenuButtonDenySettings#0,"""ตั้งค่าปฏิเสธคำเชิญเข้า Group"""
MenuBuringTransmission#0,"""กำลังสื่อสาร..."""
TitleAutoWordEdit#0,"""กรอกเนื้อหา"""
PictSignCircle#0,"""การกรอกแบบง่าย <pict Sign_CIRCLE>"""
PictSignTriangle#0,"""การกรอกแบบละเอียด <pict Sign_TRIANGLE>"""
ShortcutWordEdit#0,"""แก้ไข Shortcut Words"""
AutoWordEdit#0,"""แก้ไข Autowords"""
ShortcutWordHint#0,"""Shortcut $(0)"""
ShortcutWordHintAndCommand#0,"""Shortcut $(0) (/s$(1))"""
AutoWordAddButtonText#0,"""เพิ่มข้อความ"""
AutoWordAddButton#0,"""+"""
AutoWordRemoveButton#0,"""-"""
AutoWordCategoryEvent#0,"""เหตุการณ์"""
AutoWordCategoryMember#0,"""สมาชิก"""
AutoWordCategoryAction#0,"""การกระทำ"""
AutoWordCategoryOther#0,"""อื่นๆ"""
AutoWordTypeMissionStart#0,"""เมื่อเริ่ม Quest"""
AutoWordTypeMissionClear#0,"""เมื่อเคลียร์ Quest"""
AutoWordTypeIncidentStart#0,"""เมื่อเกิด E-Trial"""
AutoWordTypeIncidentSuccess#0,"""เมื่อ E-Trial สำเร็จ"""
AutoWordTypeIncidentFailure#0,"""เมื่อ E-Trial ล้มเหลว"""
AutoWordTypePseStart#0,"""เมื่อ PSE ทำงาน"""
AutoWordTypePseLevelup#0,"""เมื่อ PSE เลเวลอัป"""
AutoWordTypePseBurst#0,"""เมื่อเกิด PSE Burst"""
AutoWordTypePseClimax#0,"""เมื่อถึง PSE Climax"""
AutoWordTypeMissionReceive#0,"""เมื่อรับ Quest"""
AutoWordTypeMissionJoin#0,"""เมื่อเข้าร่วม Quest ที่กำลังดำเนินอยู่"""
AutoWordTypeLevelupSelf#0,"""เมื่อตัวคุณเลเวลอัป"""
AutoWordTypeLevelupFriend#0,"""เมื่อผู้อื่นเลเวลอัป"""
AutoWordTypeDeath#0,"""เมื่อหมดสภาพ"""
AutoWordTypeRevival#0,"""เมื่อฟื้นคืนชีพ"""
AutoWordTypePinch#0,"""เมื่อใกล้หมดสภาพ"""
AutoWordTypeHp30#0,"""เมื่อ HP ต่ำกว่า 30%"""
AutoWordTypeHp10#0,"""เมื่อ HP ต่ำกว่า 10%"""
AutoWordTypeThankHeal#0,"""เมื่อได้รับการฟื้นฟูจากผู้อื่น"""
AutoWordTypeThankAssist#0,"""เมื่อได้รับการสนับสนุนจากผู้อื่น"""
AutoWordTypeUseHealItem#0,"""เมื่อใช้ไอเทมฟื้นฟู"""
AutoWordTypeGetRareItemSelf#0,"""เมื่อเก็บ Rare Item"""
AutoWordTypeGetRareItemFriend#0,"""เมื่อ Friend เก็บ Rare Item"""
AutoWordTypeDamageSmall#0,"""เมื่อได้รับความเสียหายเล็กน้อย"""
AutoWordTypeDamageMiddle#0,"""เมื่อได้รับความเสียหายปานกลาง"""
AutoWordTypeDamageLarge#0,"""เมื่อได้รับความเสียหายอย่างหนัก"""
AutoWordTypeAttack#0,"""Normal Attacks"""
AutoWordTypePhotonArts#0,"""Photon Arts"""
AutoWordTypeJustGuard#0,"""เมื่อทำ Just Guard สำเร็จ"""
AutoWordTypeAvoid#0,"""เมื่อใช้การกระทำหลบหลีก"""
AutoWordTypeSkill#0,"""เมื่อใช้ Skill"""
AutoWordTypeGetKey#0,"""เมื่อเก็บกุญแจ"""
AutoWordTypeReleaseLock#0,"""เมื่อปลดล็อก"""
AutoWordTypeFallTrap#0,"""เมื่อตกหลุมพราง"""
AutoWordTypeRescueTrapSelf#0,"""เมื่อได้รับการช่วยเหลือจากหลุมพราง"""
AutoWordTypeRescueTrapFriend#0,"""เมื่อช่วยเหลือผู้อื่นจากหลุมพราง"""
AutoWordTypeTechnique#0,"""Techniques"""
AutoWordTypePhotonBlast#0,"""เมื่อใช้งาน Photon Blast"""
AutoWordTypeJoinParty#0,"""เมื่อยอมรับคำเชิญเข้า Party"""
AutoWordTypeRideAIS#0,"""เมื่อขึ้นขับ A.I.S."""
AutoWordTypePetGo#0,"""Pet Normal Attacks"""
AutoWordTypePetPa#0,"""Pet Photon Arts"""
ErrorTitle#0,"""กำลังดึงข้อมูลข้อความ"""
ErrorMessage#0,"""ดึงข้อมูลล้มเหลว<br>กรุณารอสักครู่<br>แล้วเปิดหน้าต่างนี้ใหม่อีกครั้ง<br>[No.1103]"""
ShortcutWordEditDetail#0,"""กำลังแก้ไข $(1) $(0)"""
AutoWordEditDetail#0,"""กำลังแก้ไข $(0) $(1)"""
WinPoseTitle#0,"""เลือกท่าทาง"""
WinExpressionTitle#0,"""เลือกสีหน้า"""
WinTabPose#0,"""Type 1 Pose"""
WinTabExpression#0,"""Type 2 Pose"""
WinTitlePose#0,"""Victory Pose"""
WinTitleExpression#0,"""Victory Expression"""
WinTitleOtherChara#0,"""ตั้งค่าสำหรับ Characters อื่น"""
WinButtonPose#0,"""เปลี่ยน"""
WinButtonExpression#0,"""เปลี่ยน"""
WinCheckBoxOtherAcce#0,"""ไม่แสดง Accessories"""
MenuButtonWin#0,"""ตั้งค่า Victory Pose"""
WinMessage#0,"""คุณสามารถเลือกท่าทาง และสีหน้า ที่จะใช้<br>หลังจากกำจัดศัตรูพิเศษบางตัวได้<br><yellow>※ท่าทางจะหยุดตรงจุดที่หยุดชั่วคราวในหน้าต่างแสดงตัวอย่าง<br>※บางท่าทางไม่สามารถเลือกโดยใช้ 【 Random 】 ได้<c>"""
WinLobbyActionNoneTitle#0,"""ตั้งค่า Victory Pose"""
WinLobbyActionNoneMessege#0,"""ไม่สามารถใช้ Lobby Action ที่เลือกได้<br>เนื่องจากยังไม่ได้ลงทะเบียน"""
NameChange#0,"""เปลี่ยนชื่อ"""
ShortcutWordNameFormat#0,"""$(1). $(0)"""
ShortcutWordName_Text#0,"""กรอกและบันทึกชื่อสำหรับ<br>หน้า Shortcut ที่เลือก"""
ShortcutWordName_Default#0,"""Shortcut Words $(0)"""
GroupChatList#0,"""รายชื่อ Group"""
GroupChatDenySettings#0,"""การตั้งค่า"""
GroupChatNumber#0,"""วันที่เข้าร่วม"""
GroupChatCreateNew#0,"""สร้าง Group"""
GroupChatNewNumber#0,"""จำนวนคำเชิญ"""
GroupChatNewTitle#0,"""สร้าง Group"""
GroupChatName#0,"""ชื่อ Group"""
GroupChatComment#0,"""หัวข้อ Group"""
GroupChatYes#0,"""เชิญ"""
GroupChatNo#0,"""ยกเลิก"""
GroupChatEditTitle#0,"""แก้ไขการตั้งค่า Group"""
GroupChatEditName#0,"""ชื่อ Group"""
GroupChatEditComment#0,"""หัวข้อ Group"""
GroupChatEditYes#0,"""แก้ไขหัวข้อ Group"""
GroupChatEditNo#0,"""ยกเลิก"""
GroupChatEntertainTitle#0,"""คำเชิญถึง $(0)"""
GroupChatEntertainYes#0,"""เชิญ"""
GroupChatEntertainNo#0,"""ยกเลิก"""
GroupChatEntertainSend#0,"""จำนวนคนที่ส่งคำเชิญ: """
GroupChatEntertainNumber#0,"""$(0) คน"""
GroupChatParticipant#0,"""สมาชิก"""
GroupChatParticipantName#0,"""ชื่อ Group"""
GroupChatParticipantComment#0,"""หัวข้อ Group"""
GroupChatParticipantBack#0,"""กลับ"""
GroupChatParticipantYes#0,"""เข้าร่วม"""
GroupChatDenySettingsTitle#0,"""ตั้งค่า Group Chat"""
GroupChatDenyCheckBox#0,"""ปฏิเสธคำเชิญเข้า Group"""
GroupChatDenyArticle#0,"""หากทำเครื่องหมาย คุณจะไม่ได้รับคำเชิญ"""
GroupChatNotUseArea#0,"""ไม่สามารถใช้งาน Group Chats ได้ในพื้นที่นี้ """
AutoWordDetailTitle#0,"""รายละเอียด"""
AutoWordDetail#0,"""โดยปกติ Autowords จะแสดงเฉพาะใน <yellow>Party<c> Chat เท่านั้น<br><br>คุณสามารถใช้ Chat Commands เพื่อระบุช่องสนทนาให้ Autowords แสดงในช่อง Chat อื่นได้<br><br>สำหรับข้อมูลเพิ่มเติมเกี่ยวกับ <yellow>channel-specifying Chat Commands<c> กรุณาเปิดคู่มือออนไลน์และอ่านในหัวข้อ <yellow>Chat<c>"""
AutoWordTypeArsenalon#0,"""เมื่อติดตั้ง M.A.R.S."""
AutoWordTypeArsenaloff#0,"""เมื่อถอด M.A.R.S."""
AutoWordTypeSubStyleQuickBlast#0,"""หลังจากเปิดใช้งาน Blast"""
Title#7,"""ข้อมูล Quest พื้นฐาน"""
QuestName#0,"""ชื่อ Quest"""
QuestTarget#0,"""เป้าหมาย Quest"""
Trial#0,"""E-Trial '$(0)'"""
Rank#0,""" ($(0))"""
Count#1,"""($(1): +$(0))"""
NowCount#0,"""(ปัจจุบัน: +$(0))"""
FloorCount#0,"""(ด่าน $(0))"""
FloorOrder#0,"""ลำดับด่าน"""
NumberParticipants#0,"""ผู้เข้าร่วม Quest"""
HighScorePoint#0,"""$(0) pt"""
TitleHighScore#0,"""คะแนนสูงสุด"""
SinglePartyArea#0,"""พื้นที่ Single Party"""
MultiPartyArea#0,"""พื้นที่ Multi Party"""
NoEntry#0,"""ห้ามเข้า"""
NextArea#0,"""ไปยังพื้นที่ถัดไป"""
Campship#1,"""ไปยัง Campship"""
BonusMap#0,"""????"""
Amusement#0,"""ไปยัง Casino Area"""
BridgeWrongWay#0,"""ห้ามเข้า"""
Bridge#0,"""ไปยัง Bridge"""
ShopAndGate#0,"""ไปยังพื้นที่อื่นๆ"""
NextMission#0,"""ไปยัง Mission ถัดไป"""
IntervalArea#0,"""ไปยัง Interval Area"""
Cafe#0,"""ไปยัง Franca's Cafe"""
AmAndCafe#0,"""ไปยังพื้นที่อื่นๆ"""
PokaLobby#0,"""กลับไปยัง Battle Lobby โดยไม่มีการรีแมตช์"""
ReturnWithoutCampship#0,"""กลับ"""
EvacuationDummy#0,"""อุปกรณ์เทเลพอร์ตอพยพ"""
Block#0,"""ย้าย Blocks"""
ShopArea#0,"""ไปยัง Shop Area"""
GateArea#0,"""ไปยัง Gate Area"""
PSE_Messeage#0,"""โอกาสเกิด PSE Burst!"""
Title#8,"""<pict ba_surround><pict 4space>ผู้เล่นใกล้เคียง"""
Back#1,"""กลับ"""
Charaname#0,"""ชื่อ Character"""
Mainclass#0,"""Main Class"""
OperationGuide#0,"""เลือก: <%Decide>\u3000กลับ: <%Cancel>"""
Title#9,"""Class Counter"""
MainClass#0,"""Main Class"""
SubClass#0,"""Sub Class"""
Class#1,"""Class"""
Style#0,"""<c 76d1ff>EX Style<c>"""
MainClassSelect#0,"""เลือก Main Class"""
SubClassSelect#0,"""เลือก Sub Class"""
SabStyleSelect#0,"""เลือก EX Style"""
ClassSelect#0,"""เลือก Class"""
StyleSelect#0,"""เลือก Style"""
SkillTree#0,"""Skill Tree"""
SkillTreeConfig#0,"""เรียนรู้ Class Skills"""
SabStyleTreeConfig#0,"""เรียนรู้ EX Style Skills"""
SkillTreeSelect#0,"""เลือก Skill Tree"""
ClassChangeTitle#0,"""เลือก Class / EX Style"""
AutoSkillTreeConfig#0,"""แนะนำ"""
ClassLevel#2,"""Lv."""
SkillTreeConfirmTitle#0,"""ยืนยัน Skills"""
MainClassChangeMessage#0,"""เปลี่ยน Main Class ของคุณเป็น $(0) Lv.$(1) หรือไม่?"""
MainClassChangeSuccess#0,"""คุณได้เปลี่ยน Main Class แล้ว"""
SubClassChangeMessage#0,"""กำลังตั้งค่า $(0) Lv.$(1) เป็น Sub Class ของคุณ<br>การเลือก Sub Class นี้จะมอบ:<br> <br>\u3000・Class Skills ของคลาสนี้<br>\u3000・PAs และ Techniques ของคลาสนี้<br><br>ต้องการดำเนินการต่อหรือไม่?"""
SubClassChangeMessageVillain#0,"""กำลังตั้งค่า $(0) Lv.$(1) เป็น Sub Class ของคุณ<br>เมื่อเลือกเป็น Sub Class จะได้รับ...<br> <br>\u3000・สเตตัสความสามารถเพิ่มขึ้นเล็กน้อย<br>\u3000・สามารถใช้งาน Skills ของคลาสนี้ได้<br>\u3000・สามารถใช้งาน Techniques ของคลาสนี้ได้<br>\u3000<yellow>※ไม่สามารถใช้งาน PA ของ $(0) ได้<c><br><br>ดำเนินการต่อหรือไม่?"""
SubClassChangeMessageMaster#0,"""กำลังตั้งค่า $(0) Lv.$(1) เป็น Sub Class ของคุณ<br>เมื่อเลือกเป็น Sub Class จะได้รับ...<br> <br>\u3000・สเตตัสความสามารถเพิ่มขึ้นเล็กน้อย<br>\u3000・สามารถใช้งาน Skills ของคลาสนี้ได้<br>\u3000<yellow>※ไม่สามารถใช้งาน PA ของ $(0) ได้<c><br><br>ดำเนินการต่อหรือไม่?"""
SubClassChangeMessageSlayer#0,"""กำลังตั้งค่า $(0) Lv.$(1) เป็น Sub Class ของคุณ<br>เมื่อเลือกเป็น Sub Class จะได้รับ...<br> <br>\u3000・สเตตัสความสามารถเพิ่มขึ้นเล็กน้อย<br>\u3000・สามารถใช้งาน Skills ของคลาสนี้ได้<br>\u3000<yellow>※ไม่สามารถใช้งาน PA ของ $(0) ได้<c><br><br>ดำเนินการต่อหรือไม่?"""
SubClassChangeSuccess#0,"""คุณได้เปลี่ยน Sub Class แล้ว"""
ClassChangeMessage#0,"""เปลี่ยน Class ของคุณเป็น $(0) Lv.$(1) หรือไม่?"""
ClassChangeSuccess#0,"""เปลี่ยน Class ของคุณแล้ว"""
ClassChangeFailed#0,"""ไม่สามารถเปลี่ยน Class ได้ในขณะนี้"""
SabStyleChangeFailed#0,"""ไม่สามารถเปลี่ยน Style ได้ในขณะนี้"""
ClassChangeFailMessage#0,"""$(0) คือ Class ปัจจุบัน<br>ไม่จำเป็นต้องเปลี่ยน"""
MainClassChangeFailMessage#0,"""$(0) คือ Main Class ปัจจุบัน"""
SubClassChangeFailMessage#0,"""$(0) คือ Sub Class ปัจจุบัน"""
SubClassChangeWpnmanFailMessage#0,"""$(0) ไม่สามารถเลือกเป็น Sub Class ได้"""
MainClassChangeWpnmanMessage#0,"""<yellow>※หากเลือก $(0) Sub Class จะถูกถอดออก<c>"""
MainClassChangeWpnmanFailMessage#0,"""การเลือก $(0) จำเป็นต้อง<br>ผ่านเงื่อนไขดังต่อไปนี้<br><br>・เคลียร์ Client Order ของ Koffie<br>「การทดสอบปลดล็อก Class $(0)」<br><yellow>\u3000※จะปรากฏขึ้นเมื่อมี Class ใดคลาสหนึ่งถึงเลเวล 75<br>\u3000※หากเคยเคลียร์ Client Order แล้ว<br>\u3000\u3000Character ตัวต่อไป<br>\u3000\u3000ไม่จำเป็นต้องถึงเลเวล 75 อีก<c>"""
MainClassChangeVillainFailMessage#0,"""การเลือก $(0) จำเป็นต้อง<br>ผ่านเงื่อนไขดังต่อไปนี้<br><br>・เคลียร์ Client Order ของ Koffie<br>「การทดสอบปลดล็อก Class $(0)」<br><yellow>\u3000※จะปรากฏขึ้นเมื่อมี Class ใดคลาสหนึ่งถึงเลเวล 75<br>\u3000※หากเคยเคลียร์ Client Order แล้ว<br>\u3000\u3000Character ตัวต่อไป<br>\u3000\u3000ไม่จำเป็นต้องถึงเลเวล 75 อีก<c>"""
MainClassChangeEtoileFailMessage#0,"""การเลือก $(0) จำเป็นต้อง<br>ผ่านเงื่อนไขดังต่อไปนี้<br><br>・เคลียร์ Client Order ของ Koffie<br>「การทดสอบปลดล็อก Class $(0)」<br><yellow>\u3000※จะปรากฏขึ้นเมื่อมี Class ใดคลาสหนึ่งถึงเลเวล 75<br>\u3000※หากเคยเคลียร์ Client Order แล้ว<br>\u3000\u3000Character ตัวต่อไป<br>\u3000\u3000ไม่จำเป็นต้องถึงเลเวล 75 อีก<c>"""
MainClassChangeSlayerFailMessage#0,"""การเลือก $(0) จำเป็นต้อง<br>ผ่านเงื่อนไขดังต่อไปนี้<br><br>・เคลียร์ Client Order ของ Koffie<br>「การทดสอบปลดล็อก Class $(0)」<br><yellow>\u3000※จะปรากฏขึ้นเมื่อมี Class ใดคลาสหนึ่งถึงเลเวล 75<br>\u3000※หากเคยเคลียร์ Client Order แล้ว<br>\u3000\u3000Character ตัวต่อไป<br>\u3000\u3000ไม่จำเป็นต้องถึงเลเวล 75 อีก<c>"""
SabStyleChangeMessage#0,"""เปลี่ยน EX Style ของคุณเป็น $(1) Lv.$(0) หรือไม่?"""
SabStyleChangeSuccess#0,"""เปลี่ยน EX Style ของคุณแล้ว"""
SkillTreeAdd#0,"""เพิ่ม Skill Tree<pict 4space><pict Arcscash>"""
SkillTreeReset#0,"""ย้าย Skill Tree<pict 4space><pict Arcscash>"""
SkillTreeResetSG#0,"""ย้าย Skill Tree<pict 4space><pict StarGem>"""
SkillTreeResetAll#0,"""รีเซ็ต Skill Trees ทั้งหมด"""
SkillTreeGet#0,"""เรียนรู้ Class Skills"""
SkillTreeReturn#0,"""ออกจาก Class Counter"""
ClassList#1,"""รายชื่อ Class"""
SabStyleList#0,"""<c 76d1ff>รายชื่อ EX Style<c>"""
SkillTreeList#0,"""เลือก Skill Tree จากรายชื่อ"""
SkillTreeAddAsk#0,"""นี่จะเป็นการเพิ่ม Skill Tree ใหม่ให้กับ Class ที่เลือก<br>ต้องการดำเนินการต่อหรือไม่?"""
SkillTreeAddSuccess#0,"""เพิ่ม Skill Tree แล้ว"""
SkillTreeAddFailed#0,"""เพิ่ม Skill Tree ล้มเหลว"""
SkillTreeAddFailedFull#0,"""ไม่สามารถเพิ่ม Skill Trees ได้อีก"""
SkillTreeApplyAsk#0,"""นี่จะตั้งค่า Skill Tree ที่เลือกให้เปิดใช้งาน<br>ต้องการดำเนินการต่อหรือไม่?"""
SkillTreeApplySuccess#0,"""ตั้งค่าเปิดใช้งาน Skill Tree แล้ว"""
SkillTreeApplyFailed#0,"""ตั้งค่า Skill Tree ล้มเหลว"""
SkillTreeApplyFailedCurrent#0,"""Skill Tree นี้ถูกตั้งค่าให้เปิดใช้งานอยู่แล้ว"""
SkillTreeApplyFailedQuest#0,"""คุณไม่สามารถเปลี่ยน Class ได้ในขณะที่มี Quest ที่กำลังดำเนินการอยู่"""
StyleSkillTreeApplyFailedQuest#0,"""คุณไม่สามารถเปลี่ยน EX Style ได้ในขณะที่มี Quest ที่กำลังดำเนินการอยู่"""
SkillTreeResetAsk#0,"""นี่จะเป็นการย้าย Skill Tree ที่เลือก<br>ต้องการดำเนินการต่อหรือไม่?"""
SkillTreeResetSuccess#0,"""ย้าย Skill Tree แล้ว"""
SkillTreeResetFailed#0,"""ย้าย Skill Tree ล้มเหลว"""
SkillTreeResetFailedCurrent#0,"""Skill Trees ที่ตั้งค่าเป็นเปิดใช้งานอยู่ไม่สามารถย้ายได้"""
SkillTreeResetAllAsk#0,"""การดำเนินการนี้จะใช้ N-All Skill Tree Reset เพื่อรีเซ็ต Skill Trees ทั้งหมดของคุณ และให้คุณสามารถจัดสรร SP ใหม่ได้<br><br>ต้องการดำเนินการต่อหรือไม่?"""
SkillTreeResetAllSuccess#0,"""รีเซ็ต Skill Trees ทั้งหมดแล้ว<br>อย่าลืมจัดสรร SP ของคุณใหม่ด้วย"""
SkillTreeResetAllFailed#0,"""รีเซ็ต Skill Trees ล้มเหลว<br>กรุณาลองใหม่อีกครั้งในภายหลัง"""
SkillTreeResetAllFailedNG#0,"""คุณต้องใช้ N-All Skill Tree Reset เพื่อรีเซ็ต Skill Trees ของคุณ"""
ClassSelectExplain#0,"""<c f0df60>คุณสามารถเปลี่ยนคลาสปัจจุบันได้ที่ 「เลือกคลาส」\u3000และ 「เลือก Skill Tree」 จะให้คุณเลือก Skill Tree ที่ต้องการติดตั้งได้หากคุณมี Skill Tree หลายอัน<c>"""
ClassSelectExplain_v#0,"""<c f0df61>เปลี่ยนคลาสได้ที่ 「เลือกคลาส」\u3000และเลือก Skill Tree ได้ที่ 「เลือก Skill Tree」 เมื่อคุณมี Skill Tree หลายอัน<c>"""
SkillTreeAddPath#0,"""<pict Arcscash> เนื้อหา AC<c><br>นี่จะเป็นการเพิ่ม Skill Tree พิเศษให้กับ $(0)<br>คุณต้องการไปยังหน้าจอสั่งซื้อ <yellow>N-Skill Tree Add<c> หรือไม่?<br><br>(มีอยู่: $(1))"""
SkillTreeAddTicket#0,"""<pict Arcscash><pict 4space><c 5fdf00>การใช้ไอเทมที่สั่งซื้อ<c><br>คุณต้องการใช้ <yellow>N-Skill Tree Add<c> เพื่อเพิ่ม Skill Tree ให้กับ $(0) หรือไม่?<br><br>(มีอยู่: $(1))"""
SkillTreeResetPath#0,"""<pict Arcscash><c ff4f3f>เนื้อหา AC<c><br><yellow>คุณต้องการไปยังหน้าจอสั่งซื้อ <yellow>N-Skill Tree Transfer<c> หรือไม่?<br><br>คลาสก่อนย้าย\u3000\u3000/ $(1)<br>คลาสหลังย้าย\u3000\u3000/ $(0)<br><br>(มีอยู่: $(2))"""
SkillTreeResetPathSG#0,"""<pict StarGem><c 1dedd7>เนื้อหา SG<c><br><yellow>คุณต้องการไปยังหน้าจอสั่งซื้อ <yellow>N-Skill Tree Transfer<c> หรือไม่?<br><br>คลาสก่อนย้าย\u3000\u3000 / $(1)<br>คลาสหลังย้าย\u3000\u3000 / $(0)<br><br>(มีอยู่: $(2))"""
SkillTreeResetTicket#0,"""<pict Arcscash><pict 4space><c 5fdf00>การใช้ไอเทมที่สั่งซื้อ<c><br>คุณต้องการใช้ <yellow>N-Skill Tree Transfer<c> เพื่อย้าย Skill Tree หรือไม่?<br><br>คลาสก่อนย้าย\u3000\u3000/ $(1)<br>คลาสหลังย้าย\u3000\u3000/ $(0)<br><br>(มีอยู่: $(2))"""
SkillTreeResetTicketSG#0,"""<pict StarGem><pict 4space><c 5fdf00>การใช้ไอเทมที่สั่งซื้อ<c><br>คุณต้องการใช้ <yellow>N-Skill Tree Transfer<c> เพื่อย้าย Skill Tree หรือไม่?<br><br>คลาสก่อนย้าย\u3000\u3000/ $(1)<br>คลาสหลังย้าย\u3000\u3000/ $(0)<br><br>(มีอยู่: $(2))"""
SkillTreeExplain#0,"""<c f0df60>คุณสามารถใช้ Skill Points เพื่อเรียนรู้ Class Skills ได้ คุณจะได้รับ SP เมื่อเลเวลอัป สามารถตรวจสอบรายละเอียดได้ด้วย <%NextTabDetails><c f0df60><c>"""
SkillTreeExplain_v#0,"""<c f0df60>คุณสามารถใช้ Skill Points เพื่อเรียนรู้ Class Skills ได้ คุณจะได้รับ SP เมื่อเลเวลอัป<c>"""
SkillTreeAddExplain#0,"""<c f0df60>คุณสามารถเพิ่ม Skill Tree ใหม่ได้โดยใช้ N-Skill Tree Add หรือสั่งซื้อผ่าน AC<c>"""
SkillTreeResetExplain#0,"""<c f0df60>คุณสามารถรีเซ็ต Skill Tree ได้โดยใช้ N-Skill Tree Transfer หรือสั่งซื้อผ่าน AC โดยเริ่มแรกให้เลือก Skill Tree ที่จะย้ายก่อน<c>"""
SkillTreeResetExplainSG#0,"""<c f0df60>คุณสามารถรีเซ็ต Skill Tree ได้โดยใช้ N-Skill Tree Transfer หรือสั่งซื้อผ่าน SG โดยเริ่มแรกให้เลือก Skill Tree ที่จะย้ายก่อน<c>"""
SkillTreeResetExplain_v#0,"""<c f0df61>คุณสามารถใช้ N-Skill Tree Transfer หรือสั่งซื้อผ่าน AC เพื่อรีเซ็ต Skill Tree ได้<c>"""
SkillTreeResetExplainSG_v#0,"""<c f0df61>คุณสามารถใช้ N-Skill Tree Transfer หรือสั่งซื้อผ่าน SG เพื่อรีเซ็ต Skill Tree ได้<c>"""
SkillTreeReset2Explain#0,"""<c f0df60>คุณยังสามารถ <yellow>ย้าย Skill Tree ไปยังคลาสอื่นได้ <c f0df60>กรุณาเลือกคลาสที่ต้องการย้ายไป<c>"""
SkillTreeReset2Explain_v#0,"""<c f0df60>คุณยังสามารถ <yellow>ย้าย Skill Tree ไปยังคลาสอื่นได้ <c f0df61>เลือกคลาส<c>"""
ClassCounterExplain#0,"""<c f0df60>คุณสามารถเปลี่ยนคลาส หรือเรียนรู้ Class Skills ใน Skill Tree ได้<c>"""
SkillTreeAddNum#0,"""จำนวน Skill Trees ที่เพิ่ม"""
Check#0,"""ยืนยัน"""
SkillTreeInfoTitle#0,"""ข้อมูล Class & Skill Tree"""
SkillTreeTotal#0,"""Skill Trees ทั้งหมด"""
TreeListCaption#0,"""Tree: ($(0))"""
TreeListPoint#0,"""SP คงเหลือ"""
MoreDetails#0,"""รายละเอียด: <pict Sign_SELECT>"""
MySetExplain#0,"""<c f0df60>บันทึกหรือตั้งค่า 【 My Set 】<c>"""
MySetExplain2button#0,"""<c f0df60>บันทึกหรือตั้งค่า 【 My Set 】<c> <red>※ขณะนี้กำลังใช้การตั้งค่าแบบ 2 ปุ่ม<c>"""
MySetExplain3button#0,"""<c f0df60>บันทึกหรือตั้งค่า 【 My Set 】<c> <red>※ขณะนี้กำลังใช้การตั้งค่าแบบ 3 ปุ่ม<c>"""
ManualSkillTreeGet#0,"""ตั้งค่า Tree ด้วยตนเอง"""
AutoSkillTreeGet#0,"""ตั้งค่าตามที่แนะนำ"""
AutoSkillTreeAsk#0,"""นี่จะเป็นการจัดสรร Skill Points โดยอัตโนมัติ<br>ต้องการดำเนินการต่อหรือไม่?<br><yellow>※Skill Tree ของคุณจะถูกเขียนทับ รวมถึงพอยต์ที่คุณได้จัดสรรไว้<c>"""
AutoSkillTreeList#0,"""Skills ต่อไปนี้จะถูกจัดสรร<br>ต้องการดำเนินการต่อหรือไม่?<br><br><red>※หากคุณต้องการจัดสรร Skill Points ด้วยตนเอง<br>จำเป็นต้องใช้ [All Skill Tree Reset Pass]<c>"""
AutoSkillTreeListVita#0,"""Skills ต่อไปนี้จะถูกจัดสรร<br>ต้องการดำเนินการต่อหรือไม่?<br><red>※หากคุณต้องการจัดสรร Skill Points ด้วยตนเอง<br>จำเป็นต้องใช้ [All Skill Tree Reset Pass]<c>"""
AutoSkillTreeSuccess#0,"""จัดสรร Skills ตามที่แนะนำแล้ว"""
AutoSkillTreeFailed#0,"""จัดสรร Skills ตามที่แนะนำล้มเหลว"""
SkillPoint_Zero#0,"""SP<pict 4space>0"""
SkillTreeName#0,"""$(0) ($(1))"""
AdditionalSkill#0,"""Add-On Skills"""
AdditonalSkillMenuTitle#0,"""Add-On Skills"""
AdditionalSkillCreate#0,"""สร้าง Add-On Skills"""
AdditionalSkillChange#0,"""ตั้งค่า Add-On Skills"""
AdditionalSkillCreateTitle#0,"""สร้าง Add-On Skills"""
AdditionalSkillRecipeName#0,"""สร้าง Skill $(0)"""
AdditionalSkillRecipeTitle#0,"""การคาดเดาผลลัพธ์ของ $(0) $(1)"""
AdditionalSkillMain#1,"""เอฟเฟกต์หลัก"""
AdditionalSkillSub#1,"""เอฟเฟกต์รอง"""
AdditionalSkillRecipeMain#0,"""Lv.$(0)+"""
AdditionalSkillRecipeSub#0,"""Lv.$(0)+"""
AdditionalSkillRecipeLv#0,"""Lv.$(0)"""
AdditionalSkillRecipeText#0,"""เลเวลที่สร้าง: $(0)+"""
AdditionalSkillSupportItemText#0,"""นี่จะเป็นการสร้าง Add-On Skill<br>ดำเนินการต่อหรือไม่?"""
AdditionalSkillCreateWindowTitle#0,"""สร้าง Add-On Skills"""
AdditionalSkillResultWindowTitle#0,"""ลงทะเบียน Add-On Skills"""
AdditionalSkillCreateWindowText#0,"""สร้าง Add-On Skill เสร็จสมบูรณ์"""
AdditionalSkillResultMain#0,"""เอฟเฟกต์หลัก"""
AdditionalSkillResultSub#0,"""เอฟเฟกต์รอง"""
AdditionalSkillLv#0,"""Lv.$(0)"""
AdditionalSkillToastBoost#0,"""เกิด Add-On Skill Boost ขึ้น"""
AdditionalSkillToastRecipe#0,"""คุณปลดล็อกสูตร Add-On Skill ใหม่แล้ว"""
AdditionalSkillSaveWindowTitle#0,"""ลงทะเบียน Add-On Skills"""
AdditionalSkillSlotName#0,"""$(0)($(1))"""
AdditionalSkillNoSave#0,"""ไม่ลงทะเบียน"""
AdditionalSkillSetWindowTitle#0,""" $(0)"""
AdditionalSkillSetWindowNoSkill#0,"""ไม่ได้ลงทะเบียน Add-On Skills"""
AdditionalSkillDetailWindowTitle#0,"""รายละเอียด Add-On Skill"""
AdditionalSkillSaveConfirmWindowTitle#0,"""ลงทะเบียน Add-On Skills"""
AdditionalSkillSaveConfirmWindowText1#0,"""นี่จะเป็นการลงทะเบียน Add-On Skills ที่คุณสร้างขึ้น<br>ดำเนินการต่อหรือไม่?"""
AdditionalSkillSaveConfirmWindowText2#0,"""<yellow>คุณมี Add-On Skills ที่ลงทะเบียนไว้แล้ว<c><br><br>พวกมันจะถูกเขียนทับด้วย Add-On Skills ที่คุณสร้างขึ้น<br>ดำเนินการต่อหรือไม่?"""
AdditionalSkillSaveConfirmWindowText3#0,"""หากคุณไม่ลงทะเบียน Add-On Skills ที่สร้างขึ้น พวกมันจะหายไป<br>ดำเนินการต่อหรือไม่?"""
AdditionalSkillSaveConfirmResultText#0,"""ลงทะเบียน Add-On Skills แล้ว"""
AdditionalSkillChangeTitle#0,"""ตั้งค่า Add-On Skills"""
AdditionalSkillPopupConfirm#0,"""ยืนยัน Add-On Skills"""
AdditionalSkillPopupSelect#0,"""เลือก Add-On Skills"""
AdditionalSkillPopupNameChange#0,"""เปลี่ยนชื่อ Skills Set"""
AdditionalSkillSlotNameChangeTitle#0,"""เปลี่ยนชื่อ Skills Set"""
AdditionalSkillMysetTitle#0,"""My Set: Add-On Skills"""
AdditionalSkillMysetName#0,"""Add-On Skills Set"""
AdditionalSkillMysetItem#0,"""บันทึกเป็นอันใหม่"""
AdditionalSkillMysetPopupItem1#0,"""เลือก My Set"""
AdditionalSkillMysetPopupItem2#0,"""เขียนทับด้วยการตั้งค่าปัจจุบัน"""
AdditionalSkillMysetPopupItem3#0,"""เขียนทับโดยไม่เปลี่ยนชื่อ"""
AdditionalSkillMysetPopupItem4#0,"""เปลี่ยนชื่อ My Set"""
AdditionalSkillMysetPopupItem5#0,"""ลบ My Set"""
AdditionalSkillMysetDetailTitle#0,"""เนื้อหา My Set"""
AdditionalSkillMysetDetaiItemName#0,"""รายละเอียด My Set"""
AdditionalSkillMysetPopupWindowText1#0,"""นี่จะตั้งค่า My Set $(0) 【 $(1) 】<br>ดำเนินการต่อหรือไม่?"""
AdditionalSkillMysetPopupWindowText2#0,"""นี่จะเขียนทับการตั้งค่า Add-On Skill ปัจจุบันสำหรับ My Set $(0) 【 $(1) 】<br>ดำเนินการต่อหรือไม่?"""
AdditionalSkillMysetPopupWindowText3#0,"""นี่จะเขียนทับการตั้งค่า Add-On Skill ปัจจุบันสำหรับ My Set $(0) 【 $(1) 】<br><yellow>※My Set ของคุณจะไม่ถูกเปลี่ยนชื่อ<c><br>ดำเนินการต่อหรือไม่?"""
AdditionalSkillMysetPopupWindowText4#0,"""นี่จะลงทะเบียน Add-On Skills ปัจจุบันลงใน My Set $(0) 【 $(1) 】<br>ดำเนินการต่อหรือไม่?"""
AdditionalSkillMysetPopupWindowTitle#0,"""บันทึก My Set"""
AdditionalSkillMysetPopupWindowText5#0,"""นี่จะลบ My Set $(0) 【 $(1) 】<br>ดำเนินการต่อหรือไม่?"""
AdditionalSkillExplain#0,"""ที่นี่ คุณสามารถสร้าง Add-On Skills, ตั้งค่า และอื่นๆ ได้"""
AdditionalSkillMysetInputTitle#0,"""เปลี่ยนชื่อ My Set"""
AdditionalSkillMysetInputText#0,"""กำลังเปลี่ยนชื่อ My Set $(0) 【 $(1) 】<br>กรุณากรอกชื่อใหม่ของคุณ"""
AdditionalSkillSlotInputTitle#0,"""เปลี่ยนชื่อ Skills Set"""
AdditionalSkillSlotInputText#0,"""กำลังเปลี่ยนชื่อ 【 $(0) 】<br>กรุณากรอกชื่อใหม่ของคุณ"""
AdditionalSkillMysetNodataText#0,"""My Set ของคุณยังไม่ได้ถูกบันทึก"""
AdditionalSkillLimitText#0,"""ฟังก์ชันนี้ไม่สามารถใช้งานได้ในขณะที่คุณรับ Quest ไว้"""
AdditionalSkillLimitText_Common#0,"""ฟีเจอร์นี้ไม่สามารถใช้งานได้"""
AdditionalSkillClassIcon#0,"""<pict $(0)><pict 4space>$(1)"""
AdditionalSkillExceptionDataWindowTitle#0,"""ลงทะเบียน Add-On Skills"""
AdditionalSkillExceptionDataWindowText#0,"""คุณมี Add-On Skills ที่ยังไม่ได้ลงทะเบียน<br>กรุณาลงทะเบียน Add-On Skills ของคุณ"""
Title_SkipFunction#0,"""Gameplay Skip<pict 4space><pict Arcscash>"""
Title_SkipFunction_TwoLineGuide#0,"""คุณสามารถสั่งซื้อ<pict Arcscash>ไอเทมต่างๆ เพื่อพัฒนา Character ของคุณได้"""
SkipFunction#0,"""Gameplay Skip<pict 4space><pict Arcscash>"""
SubTitle_SkipFunction#0,"""Gameplay Skip"""
LevelSkip_EP1#0,"""Class Lv.110 & Equipment Set<pict 4space><pict Arcscash>"""
SkillPointSkip_EP1#0,"""[NGS] All Ver. 1 Trainia Unlocker<pict 4space><pict Arcscash>"""
SubTitle_LevelSkip_ClassSelect#0,"""เลือก Class"""
SubTitle_LevelSkip_Description#0,"""รายละเอียด"""
SubTitle_LevelSkip_ItemList#0,"""ปัจจุบัน"""
Headline_Level#0,"""Lv."""
SubTitle_LevelSkip_EP1_Description_Text#0,"""การดำเนินการนี้จะตั้งค่าคลาสที่คุณเลือกให้เป็น <yellow>Lv. $(0)<c> และ<br>จะมอบ <yellow>Weapons และ Armor<c> ที่เหมาะสมกับเลเวลให้คุณ<br><br><yellow>※หากคลาสถึง Lv. $(0) หรือสูงกว่าอยู่แล้ว เลเวลคลาสนั้นจะ<br>ไม่เปลี่ยนแปลง<c><br><br><yellow>※สามารถใช้ได้ 1 ครั้ง ต่อ 1 คลาส ต่อ 1 ตัวละครเท่านั้น<br>※Main Class ของคุณจะถูกตั้งเป็นคลาสที่คุณเลือก<br>※อุปกรณ์จะถูกส่งไปยัง System Storage<c>"""
ItemName#0,"""$(0)"""
ItemName_Stack#0,"""$(0) x $(1)"""
ItemName_Grinded#0,"""$(0) +$(1)"""
Error_LevelSkip_Purchased#0,"""ไม่สามารถเลือกได้เนื่องจากซื้อไปแล้ว"""
Error_LevelSkip_LvOver#0,"""ไม่สามารถเลือกได้เนื่องจาก Class Level ถึงเลเวลที่กำหนดแล้ว"""
Error_Exception#0,"""ไม่สามารถรับข้อมูลได้ กรุณาลองใหม่อีกครั้งในภายหลัง<br>หากปัญหายังคงอยู่ กรุณาติดต่อฝ่ายสนับสนุนผ่านเว็บไซต์ทางการ"""
LevelSkip_EP1_Path#0,"""<pict Arcscash><scarlet>เนื้อหา AC<c><br>การดำเนินการนี้จะตั้งค่าคลาสที่คุณเลือกให้เป็น <yellow>Lv. $(0)<c> และ<br>จะมอบ <yellow>Weapons และ Armor<c> ที่เหมาะสมกับเลเวลให้คุณ<br><br><yellow>※หากคลาสถึง Lv. $(0) หรือสูงกว่าอยู่แล้ว เลเวลคลาสนั้นจะ <br>ไม่เปลี่ยนแปลง<c><br><br>คุณต้องการไปยังหน้าจอสั่งซื้อ <yellow>$(1)<c> หรือไม่?<br><br><yellow>※สามารถใช้ได้ 1 ครั้ง ต่อ 1 คลาส ต่อ 1 ตัวละครเท่านั้น<br>※Main Class ของคุณจะถูกตั้งเป็นคลาสที่คุณเลือก<br>※อุปกรณ์จะถูกส่งไปยัง System Storage<c>"""
Warning_LevelSkip_EP1_Path#0,"""เนื่องจาก $(0) ของคุณเลเวลสูงกว่า Lv. $(1) แล้ว มันจะไม่ได้รับเลเวลใดๆ จากไอเทมนี้<c><br>(เลเวลปัจจุบัน: Lv. $(2))<br><br>คุณต้องการไปยังหน้าจอสั่งซื้อ <yellow>$(3)<c> หรือไม่?"""
Purchased_LevelSkip_EP1_Path#0,"""คลาสที่เลือกเลเวลอัปแล้ว<br><br>$(0)\u3000Lv. $(1)\u3000⇒\u3000Lv. $(2)<br><br>อุปกรณ์ถูกส่งไปยัง System Storage แล้ว<br><br><yellow>※คุณสามารถเข้าถึง System Storage ได้โดยเปิด Main Menu > Inventory > เปลี่ยน Drop-down ด้านบนจาก Inventory เป็น System Storage<c>"""
Purchased_LevelSkip_EP1_Path_ItemOnly#0,"""อุปกรณ์ถูกส่งไปยัง System Storage แล้ว<br><br><yellow>※คุณสามารถเข้าถึง System Storage ได้โดยเปิด Main Menu > Inventory > เปลี่ยน Drop-down ด้านบนจาก Inventory เป็น System Storage<c>"""
Error_SkillPointSkip_Purchased#0,"""ไม่สามารถเลือกได้เนื่องจากซื้อไปแล้ว หรือคุณได้รับ Skill Points ที่รองรับครบหมดแล้ว"""
SkillPointSkip_EP1_Path#0,"""<pict Arcscash><scarlet>เนื้อหา AC<c><br>การดำเนินการนี้จะทำเครื่องหมายให้ <yellow>Cocoons และ Towers ทั้งหมด<c> ที่อัปเดตใน <yellow>NGS Ver. 1<c> เป็นเคลียร์สำเร็จ และมอบ <yellow>$(1)<c> Skill Points ให้กับคุณ<br><br>คุณต้องการไปยังหน้าจอสั่งซื้อ <yellow>$(0)<c> หรือไม่?<br><br><scarlet>※หลังจากการสั่งซื้อ คุณจะถูกล็อกเอาต์โดยอัตโนมัติ<c><br><br><yellow>※ราคาจะไม่เปลี่ยนแปลงแม้ว่าคุณจะเคยเคลียร์ Trainia บางแห่งไปแล้วก็ตาม<br>※สามารถใช้ได้ 1 ครั้ง ต่อ 1 บัญชี เท่านั้น<br>※เนื้อหาที่ได้รับผลกระทบจากฟีเจอร์นี้อาจมีการเปลี่ยนแปลงในการอัปเดตในอนาคต<c>"""
Purchased_SkillPointSkip#0,"""การสั่งซื้อเสร็จสมบูรณ์ คุณกำลังจะถูกล็อกเอาต์"""
Error_SkipFunction_NotSolo#0,"""ไม่สามารถใช้งานได้เนื่องจากคุณกำลังอยู่ในการจับคู่, อยู่ใน Party หรือกำลังใช้งานฟังก์ชันที่เกี่ยวข้องกับ Party"""
LibraryMenu_Title#0,"""รายการ Library"""
LibraryMenuType_Weapon#0,"""Weapon Library"""
LibraryMenuType_Unit#0,"""Unit Library"""
LibraryMenuType_Story#0,"""เรื่องย่อ Story"""
LibraryMenuType_RoomGoods#0,"""-"""
LibraryMenuType_Enemy#0,"""-"""
LibraryMenuType_License#0,"""-"""
LibraryMenuType_SkitList#0,"""-"""
LibraryMenuType_TutorialList#0,"""-"""
LibraryMenuType_Enchant#0,"""-"""
LibraryMenuType_GatC#0,"""Harvest Library"""
LibraryMenuType_GatF#0,"""Fish Library"""
SkitList_StoryEvent#0,"""Story Events"""
SkitList_CharacterEvent#0,"""Character Events"""
SkitList_MessagePack#0,"""Message Packs"""
LibraryGuideType_Menu#0,"""<c f0df60>ดูภาพประกอบของ Weapons, Units และ Gathering Materials<c>"""
LibraryGuideType_Weapon#0,"""<c f0df60>ที่นี่คุณสามารถเรียกดู Weapons ที่คุณได้รับมาได้<c>"""
LibraryGuideType_Unit#0,"""<c f0df60>ที่นี่คุณสามารถเรียกดู Units ที่คุณได้รับมาได้<c>"""
LibraryGuideType_Story#0,"""<c f0df60>ที่นี่คุณสามารถอ่านเรื่องย่อของเนื้อเรื่องได้<c>"""
LibraryGuideType_RoomGoods#0,"""-"""
LibraryGuideType_Enemy#0,"""-"""
LibraryGuideType_License#0,"""-"""
LibraryGuideType_SkitList#0,"""-"""
LibraryGuideType_TutorialList#0,"""-"""
LibraryGuideType_Enchant#0,"""-"""
LibraryGuideType_GatC#0,"""<c f0df60>ตรวจสอบ Minerals และ Plants ที่คุณได้รับ<c>"""
LibraryGuideType_GatF#0,"""<c f0df60>ตรวจสอบปลาที่คุณจับได้<c>"""
NotFoundList_Wepon#0,"""คุณยังไม่ได้รับ Weapons ใดๆ"""
NotFoundList_Unit#0,"""คุณยังไม่ได้รับ Units ใดๆ"""
NotFoundList_GatC#0,"""ไม่มีไอเทม"""
NotFoundList_GatF#0,"""ไม่มีไอเทม"""
NotFoundList_Common#0,"""ไม่มีไอเทม"""
L_Category_1#0,"""การต่อสู้"""
L_C_1_S_Category_1#0,"""การควบคุมพื้นฐาน"""
L_C_1_S_C_1_Item_1#0,"""-"""
L_C_1_S_Category_2#0,"""Hunter"""
L_C_1_S_C_2_Item_1#0,"""-"""
L_C_1_S_Category_3#0,"""Ranger"""
L_C_1_S_C_3_Item_1#0,"""-"""
L_C_1_S_Category_4#0,"""Force"""
L_C_1_S_C_4_Item_1#0,"""-"""
L_C_1_S_Category_5#0,"""แอคชั่นของเผ่า"""
L_C_1_S_C_5_Item_1#0,"""-"""
L_C_1_S_Category_6#0,"""Weapons"""
L_C_1_S_C_6_Item_1#0,"""-"""
L_C_1_S_Category_7#0,"""Mag"""
L_C_1_S_C_7_Item_1#0,"""-"""
L_C_1_S_Category_8#0,"""การเติบโตของ Character"""
L_C_1_S_C_8_Item_1#0,"""-"""
L_Category_2#0,"""ไอเทม"""
L_C_2_S_Category_1#0,"""ความสามารถของไอเทม"""
L_C_2_S_C_1_Item_1#0,"""-"""
L_C_2_S_Category_2#0,"""การเติบโตของไอเทม"""
L_C_2_S_C_2_Item_1#0,"""-"""
L_Category_3#0,"""Quest"""
L_C_3_S_Category_1#0,"""การรับและการสำเร็จ Quest"""
L_C_3_S_C_1_Item_1#0,"""-"""
L_C_3_S_Category_2#0,"""ในระหว่าง Quest"""
L_C_3_S_C_2_Item_1#0,"""-"""
L_Category_4#0,"""Orders"""
L_Category_5#0,"""Main Menu"""
L_Category_6#0,"""Shop"""
L_Category_7#0,"""Your Room"""
L_Category_8#0,"""Communication"""
L_Category_9#0,"""Teams"""
L_Category_10#0,"""ARKS Cash"""
ReadFormTitle#0,"""ARKS Card ของ $(0)"""
ReadBasicInfo#0,"""ข้อมูลพื้นฐาน"""
ReadPlayerName#0,"""ชื่อ Player ID"""
ReadPlayerID#0,"""Player ID"""
ReadPSNOnlineID#0,"""PSN Online ID"""
ReadCharaName#0,"""Character ปัจจุบัน"""
ReadGuildName#0,"""Team"""
ReadBirthday#0,"""วันเกิด"""
ReadHobby#0,"""งานอดิเรก"""
ReadWishList#0,"""Wishlist"""
ReadPresentList#0,"""Present List"""
MenuBasicInfo#0,"""ข้อมูลพื้นฐาน"""
MenuComment#0,"""คอมเมนต์/Symbol Art"""
MenuWishList#0,"""Wishlist"""
MenuPresentList#0,"""Present List"""
MenuOther#0,"""ตั้งค่าความเป็นส่วนตัว"""
MenuPreview#0,"""แสดงตัวอย่าง"""
EditFormTitle#0,"""แก้ไข ARKS Card"""
EditBirthday#0,"""วันเกิด"""
EditHobby#0,"""งานอดิเรก"""
EditComment#0,"""คอมเมนต์"""
EditComment_NGS#0,"""ตั้งค่าคอมเมนต์"""
EditVector#0,"""Symbol Art"""
EditWishList#0,"""Wishlist"""
EditPresentList#0,"""Present List"""
EditOpenSetting#0,"""ตั้งค่าความเป็นส่วนตัว"""
EditVectorSet#0,"""ลงทะเบียน Symbol Art"""
EditVectorClear#0,"""ลบการลงทะเบียน"""
OpenAll#0,"""เปิดให้ทุกคนเห็น"""
OpenAll_NGS#0,"""ผู้เล่นทุกคนสามารถมองเห็นได้"""
OpenFriend#0,"""เปิดให้เฉพาะ Friends เท่านั้น"""
OpenGuild#0,"""เปิดให้เฉพาะสมาชิก Team เท่านั้น"""
OpenFriendGuild#0,"""เปิดให้เฉพาะ Friends & สมาชิก Team เท่านั้น"""
OpenNone#0,"""ส่วนตัว"""
ErrorMessageTitle#0,"""ARKS Card"""
ErrorMessageNotFound#0,"""ไม่มี ARKS Card ของเป้าหมายอยู่"""
ErrorMessagePrivate#0,"""ARKS Card ของเป้าหมายถูกตั้งค่าเป็นส่วนตัว"""
ErrorMessageDBError#0,"""ไม่สามารถดำเนินการได้<br>เนื่องจากปัญหาของฐานข้อมูล<br><br>[No.1036]"""
ErrorMessageUnknown#0,"""ไม่สามารถดำเนินการได้<br>เนื่องจากเกิดข้อผิดพลาด<br><br>[No.1037]"""
ErrorMessageNgWordTitle#0,"""ไม่สามารถลงทะเบียนได้<br>เนื่องจากตรวจพบข้อความที่ไม่เหมาะสม<br>ในการจัดกลุ่ม Title"""
ErrorMessageNgWordComment#0,"""ตรวจพบข้อความที่ไม่เหมาะสมในการตั้งค่าคอมเมนต์<br>ระบบจึงได้ทำการแปลงข้อความบางส่วน"""
ErrorMessageNgWordTitle_Comment#0,"""ไม่สามารถลงทะเบียนได้<br>เนื่องจากตรวจพบข้อความที่ไม่เหมาะสมในการจัดกลุ่ม Title<br><br>ตรวจพบข้อความที่ไม่เหมาะสมในการตั้งค่าคอมเมนต์<br>ระบบจึงได้ทำการแปลงข้อความบางส่วน"""
CloseText#1,"""ปิด"""
WishListRegisterFormTitle#0,"""เพิ่มลงใน Wishlist"""
PresentListRegisterFormTitle#0,"""เพิ่มลงใน Present list"""
ListRegisterSlot#0,"""กรุณาเลือกช่องที่ต้องการแก้ไข"""
KeyHelpVitaSelf#0,"""<pict Sign_LEFT><pict Sign_RIGHT>สลับหน้า/<pict Sign_TRIANGLE> แก้ไข"""
KeyHelpVitaOther#0,"""<pict Sign_LEFT><pict Sign_RIGHT>สลับหน้า"""
KeyHelpKeyboard#0,"""[←][→]สลับหน้า/[ESC]ยกเลิก"""
KeyHelpXbox#0,"""<pict Alpha_LEFT><pict Alpha_RIGHT>สลับหน้า/<%Cancel>ยกเลิก"""
KeyHelpPS#0,"""<pict Sign_LEFT><pict Sign_RIGHT>สลับหน้า/<%Cancel>ยกเลิก"""
KeyHelpNumber#0,"""<pict Number_LEFT><pict Number_RIGHT>สลับหน้า/<%Cancel>ยกเลิก"""
ReadXboxGamersTag#0,"""Xbox Live Gamertag"""
Reb_mess01#0,"""ข้อมูลพื้นฐาน"""
Reb_mess02#0,"""Character ล่าสุด"""
Reb_mess03#0,"""ดู Equipment"""
Reb_mess04#0,"""Titles ที่ได้รับ"""
Reb_mess05#0,"""Fragments ที่กู้คืนมาได้"""
Reb_mess06#0,"""รายการไอเทม"""
Reb_mess07#0,"""รายชื่อศัตรู"""
Reb_mess08#0,"""Class ล่าสุด"""
Reb_mess09#0,"""PA ล่าสุด"""
Reb_mess10#0,"""Techs ล่าสุด"""
Reb_mess11#0,"""บันทึกการปราบปราม"""
Reb_mess12#0,"""ศัตรูที่ถูกกำจัด"""
Reb_mess13#0,"""ข้อมูลการเล่น"""
Reb_mess14#0,"""สถิติส่วนตัว"""
Reb_mess15#0,"""Title 1"""
Reb_mess16#0,"""Title 2"""
Reb_mess17#0,"""Title 3"""
Reb_mess18#0,"""พื้นหลัง"""
Reb_mess19#0,"""Pose"""
Reb_mess20#0,"""สีหน้า"""
Reb_mess21#0,"""Stamp"""
Reb_mess22#0,"""ดูตัวอย่าง Character"""
Reb_mess23#0,"""อัปเดต Character"""
Reb_mess24#0,"""ยืนยัน: <%Decide>\u3000\u3000ยกเลิก: <%Cancel>\u3000\u3000สลับช่อง: <%NextWidget>\u3000\u3000ดูรายชื่อ: <%Function>\u3000\u3000โหมดแก้ไข: <%ChangeCtrlWindowForward>"""
Reb_mess25#0,"""ARKS Card"""
Reb_mess26#0,"""กลับ"""
Reb_mess27#0,"""แก้ไข"""
Reb_mess28#0,"""ยืนยัน"""
Reb_mess29#0,"""ยกเลิก"""
Reb_mess30#0,"""ยินดีที่ได้รู้จัก"""
Reb_mess31#0,"""ยืนยัน:<%Decide>\u3000ยกเลิก:<%Cancel>"""
Reb_mess32#0,"""ลงทะเบียน Stamp"""
Reb_mess33#0,"""นำออกจากรายชื่อ"""
Title_None#0,"""<space>"""
Title_Tab_All#0,"""Titles ทั้งหมด"""
Title_Tab_NGS#0,"""Titles [NGS]"""
Title_Tab_Classic#0,"""Titles [PSO2]"""
EditCardSymbol#0,"""Symbol Art/Stamp"""
Discard_Changes_Message#0,"""ละทิ้งการเปลี่ยนแปลงหรือไม่?"""
BgSelectTitle#0,"""เลือกพื้นหลัง"""
BgSelect_Help#0,"""พื้นหลังใหม่จะปลดล็อกเมื่อคุณได้รับ Title Points"""
BgSelect_Sub_Title1#0,"""Title Points ปัจจุบัน"""
BgSelect_Sub_Title2#0,"""เป้าหมายพอยต์ถัดไป"""
BgSelect_Sub_Title3#0,"""พื้นหลัง"""
BgSelect_Pt#0,"""$(0) pt"""
BgSelect_Name#0,"""พื้นหลัง $(0)"""
PoseSelectTitle#0,"""เลือก Pose"""
ExpressionSelectTitle#0,"""เลือกสีหน้า"""
CameraAngle#0,"""ตั้งค่ามุมกล้อง"""
CameraAngle_Edit#0,"""เปลี่ยนมุมกล้อง"""
PreviewTitle#0,"""แสดงตัวอย่าง"""
LobbyAction_EmotionType_Display#0,"""$(0)($(1))"""
Look_Camera#0,"""มุมกล้อง"""
Hide_Weopon#0,"""ซ่อน Weapons"""
LobbyAction_Default#0,"""ท่าทางตอนยืน"""
Bg_Default#0,"""Standard A"""
Bg_SmokeGold#0,"""Smokey Red"""
Bg_NeonBlue#0,"""Neon Blue"""
Bg_FancyRappy#0,"""Fancy Rappy"""
Bg_Basic#0,"""Standard B"""
Bg_GrasslandCity#0,"""Halphana Plains A"""
Bg_TidalCove#0,"""Barflow Waterfall A"""
Bg_SunsetWater#0,"""Lake Halphiria A"""
Bg_UrbanDusk#0,"""Halphana Plains A"""
Bg_Waterfall#0,"""Barflow Waterfall B"""
Bg_NightCape#0,"""Barflow Waterfall A"""
Bg_ExpandingWorld#0,"""Halpha A"""
Bg_BasicBlue#0,"""Clear Blue"""
Bg_BasicRed#0,"""Clear Red"""
Bg_NeonRed#0,"""Neon Red"""
Bg_NeonGreen#0,"""Neon Green"""
Bg_SmokeBlue#0,"""Smokey Blue"""
Bg_Retem1#0,"""Kinraad Cape A"""
Bg_Retem2#0,"""Western Retem A"""
Bg_Retem3#0,"""Lower Maqaad A"""
Bg_Retem4#0,"""Retem El-Nossa A"""
Bg_Retem5#0,"""Trinitas A"""
Bg_Retem6#0,"""Oasis A"""
Bg_Retem7#0,"""Retem City A"""
Bg_Retem8#0,"""Retem City B"""
Bg_Kvaris1#0,"""Kvaris Camp A"""
Bg_Kvaris2#0,"""Danan Snowfields A"""
Bg_Kvaris3#0,"""Mistra Forest A"""
Bg_Kvaris4#0,"""Bergana Ruins A"""
Bg_Kvaris5#0,"""Lost Central A"""
Bg_Kvaris6#0,"""Rayjord Gorge A"""
Bg_Kvaris7#0,"""Mt. Latva A"""
Bg_Stia1#0,"""Stia Camp A"""
Bg_Stia2#0,"""Neusen Plant A"""
Bg_Stia3#0,"""Altera Base A"""
Bg_Stia4#0,"""Dext Base A"""
Bg_Stia5#0,"""Felusa Ridge A"""
Bg_Stia6#0,"""Volganis Island A"""
Bg_Stia7#0,"""Strobol Island A"""
Bg_Chara1#0,"""Aina"""
Bg_Chara2#0,"""Manon"""
Bg_Chara3#0,"""Crawford"""
Bg_Chara4#0,"""Bruder"""
Bg_Chara5#0,"""Ran"""
Bg_Chara6#0,"""Liu Lin"""
Bg_Chara7#0,"""Rossa"""
Bg_Chara8#0,"""Oranje"""
Bg_Chara9#0,"""Nadereh"""
Bg_Chara10#0,"""Hadi"""
Bg_Chara11#0,"""Taivas"""
Bg_Chara12#0,"""Tulli"""
Bg_Chara13#0,"""Ilma"""
Bg_Chara14#0,"""Kukka"""
Bg_Chara15#0,"""Meri"""
Bg_Chara16#0,"""Guren"""
Bg_Chara17#0,"""Kanui"""
Bg_Chara18#0,"""Faria"""
Bg_Chara19#0,"""Zephetto"""
Bg_GoldStar#0,"""Noble Gold"""
Bg_PlatinumStar#0,"""Noble Platinum"""
Open_Title#0,"""ข้อตกลงการใช้งาน"""
Open_00#0,"""มีให้ใช้งานตั้งแต่เริ่มต้น"""
Open_01#0,"""Total Title Points: $(0) pt"""
Open_02#0,"""ใช้ Ticket"""
Bg_Tab_All#0,"""แสดงทั้งหมด"""
Bg_Tab_TitlePoint#0,"""Title Point"""
Bg_Tab_Ticket#0,"""Ticket"""
PreviewZoom#1,"""（<c cfcfcf>หมุน<swguidetype CameraTurn>/ขยาย<%PaletteReverse><%PaletteForce><c> <%Exception> <yellow>เลื่อน<swguidetype CameraTurn><c>）"""
PreviewZoom_mouse#1,"""（<c cfcfcf>หมุน<swguidetype CameraTurn>/ขยาย<%PaletteReverse><%PaletteForce><c> <pict mouse_right> <yellow>เลื่อน<swguidetype CameraTurn><c>）"""
PreviewMove#1,"""（<yellow>หมุน<swguidetype CameraTurn>/ขยาย<%PaletteReverse><%PaletteForce><c> <%Exception> <c cfcfcf>เลื่อน<swguidetype CameraTurn><c>）"""
PreviewMove_mouse#1,"""（<yellow>หมุน<swguidetype CameraTurn>/ขยาย<%PaletteReverse><%PaletteForce><c> <pict mouse_right> <c cfcfcf>เลื่อน<swguidetype CameraTurn><c>）"""
TradingItemTag#0,"""ไอเทมที่จะเทรด"""
TradingMesetaTag#0,"""Meseta ที่จะเทรด"""
CharacterMesetaTag#0,"""Meseta ปัจจุบัน:"""
DecideItemButtonText#0,"""ยืนยันไอเทม"""
DecideTradeButtonText#0,"""ยืนยันการเทรด"""
OpponentTradingItemTag#0,"""ไอเทมที่คุณจะได้รับ"""
OpponentTradingMesetaTag#0,"""Meseta ที่คุณจะได้รับ"""
OfferingMesetaValueTag#0,"""Meseta ที่เสนอ:"""
WaitOpponentDecideItemMessage#0,"""กำลังรอการยืนยันจากผู้เล่นอีกฝ่าย..."""
SelectItemMessage#0,"""กำลังเลือกไอเทม..."""
OfferTradeTitle#0,"""ขอเทรด"""
OfferTradeMessage#0,"""คุณได้ส่งคำขอเทรดแล้ว<br>กำลังรอการตอบกลับจากผู้เล่นอีกฝ่าย..."""
CantTradeMsg#0,"""คุณไม่สามารถเทรดกับ $(0) ได้"""
CantTradeByRangeMsg#0,"""คุณไม่สามารถเทรดกับผู้เล่นที่เลือกได้ เนื่องจากพวกเขาอยู่นอกระยะ"""
CantTradeByNoRightMsg#0,"""ในการเทรดไอเทม ผู้เล่นทั้งสองฝ่าย<br>จำเป็นต้องเป็น <yellow>ผู้ใช้ Premium<c><br><br>หากคุณไม่มี 「Premium Set」<br>กรุณาสั่งซื้อได้จาก AC Shop ใน Main Menu"""
CantTradeByBeOfferingMsg#0,"""ส่งคำขอเทรดล้มเหลว<br>เนื่องจากผู้เล่นอีกฝ่าย<br>ได้ส่งคำขอมาแล้ว"""
CantTradeByOppTradingMsg#0,"""ส่งคำขอเทรดล้มเหลว<br>เนื่องจาก $(0) กำลังอยู่ในระหว่างการเทรด"""
CancelOfferMsg#0,"""ยกเลิกคำขอเทรดแล้ว"""
CanceledOfferMsg#0,"""$(0) ได้ยกเลิกคำขอเทรดกับคุณ"""
AnswerTradeOfferError#0,"""ไม่สามารถเริ่มต้นได้ เนื่องจากคำเชิญ<br>เทรดถูกปฏิเสธ"""
AskStartTradeTitle#0,"""ยืนยันการเทรด"""
AskStartTradeMsg#0,"""คุณจะเทรดกับ $(0) หรือไม่?"""
RejectOfferMsg#0,"""$(0) ได้ปฏิเสธการเทรดของคุณ"""
Reject2ndPassOfferMsg#0,"""ไม่สามารถยืนยันรหัสผ่านของคุณได้<br>ขอยกเลิกการเทรดกับ $(0)"""
RejectedOfferMsg#0,"""$(0) ได้ปฏิเสธการเทรดของคุณ"""
Rejected2ndPassOfferMsg#0,"""การเทรดถูกยกเลิก เนื่องจาก<br>$(0) ไม่ได้กรอกรหัสผ่านร้านค้าของพวกเขา"""
BreakOfferMsg#0,"""คำขอเทรดของ $(0) หมดอายุแล้ว"""
BrokenOfferMsg#0,"""คำขอเทรดของคุณถึง $(0) หมดอายุแล้ว"""
StartTradeMsg#0,"""กำลังเริ่มต้นการเทรดกับ $(0)"""
CancelOppTradeItemMsg#0,"""$(0) ได้ปฏิเสธข้อเสนอเทรดนี้"""
CompleteTradeMessage#0,"""การเทรดเสร็จสมบูรณ์แล้ว"""
ErrorMessage#1,"""เกิดข้อผิดพลาดขึ้น<br><br>[No.1038]"""
CancelTradeTitle#0,"""ยกเลิกการเทรด"""
AskCancelTradeMsg#0,"""คุณต้องการยกเลิกการเทรดหรือไม่?"""
AbortTradeByCancel#0,"""การเทรดถูกยกเลิกแล้ว"""
AbortTradeByDisconnection#0,"""การเทรดถูกยกเลิก<br>เนื่องจากการเชื่อมต่อขาดหาย<br><br>[No.1039]"""
AbortTradeByError#0,"""การเทรดถูกยกเลิก<br>เนื่องจากเกิดข้อผิดพลาดขึ้น<br><br>[No.1040]"""
AbortTradeByRange#0,"""การเทรดถูกยกเลิก<br>เนื่องจากมีผู้เล่นฝ่ายใดฝ่ายหนึ่งไม่ได้อยู่ใน<br>พื้นที่ที่สามารถเทรดได้อีกต่อไป"""
AbortByAnyUser#0,"""การเทรดถูกยกเลิกโดยผู้เล่นฝ่ายใดฝ่ายหนึ่ง"""
AbortByOppDisconnection#0,"""การเทรดถูกยกเลิก<br>เนื่องจาก $(0) ขาดการเชื่อมต่อ<br><br>[No.1041]"""
AbortByOppRequest#0,"""$(0) ได้ยกเลิกการเทรด"""
FailByFullBackpack#0,"""การเทรดถูกยกเลิก<br>เนื่องจากพื้นที่ใน Item Pack ไม่เพียงพอ"""
FailByFullStackableItem#0,"""การเทรดถูกยกเลิก<br>เนื่องจากไอเทมจะเกินขีดจำกัดสูงสุดที่ครอบครองได้"""
FailByFullMeseta#0,"""การเทรดถูกยกเลิก<br>เนื่องจาก Meseta จะเกินขีดจำกัดสูงสุดที่ครอบครองได้"""
FailByOppFullBackpack#0,"""การเทรดถูกยกเลิก<br>เนื่องจากพื้นที่ใน Item Pack ของ $(0) ไม่เพียงพอ"""
FailByOppFullStackableItem#0,"""การเทรดถูกยกเลิก<br>เนื่องจากไอเทมของ $(0) จะเกินขีดจำกัดสูงสุดที่ครอบครองได้"""
FailByOppFullMeseta#0,"""การเทรดถูกยกเลิก<br>เนื่องจาก Meseta ของ $(0) จะเกินขีดจำกัดสูงสุดที่ครอบครองได้"""
UrgeToSelectAndDecideItem#0,"""<c f0df60>กรุณาลงทะเบียนไอเทมที่ต้องการเทรด แล้วกดปุ่ม 「ยืนยันไอเทม」 หากต้องการยกเลิกการเทรดให้กดปุ่ม 「ยกเลิก」<c>"""
WaitOpponentDecideItemGuide#0,"""<c f0df60>กำลังรออีกฝ่าย ($(0)) ยืนยันไอเทม หากต้องการกลับไปขั้นตอนก่อนหน้าให้กดปุ่ม 「ยกเลิก」<c>"""
UrgeToApproveTradeGuide#0,"""<c f0df60>สรุปรายการเทรดเรียบร้อยแล้ว หากไม่มีปัญหาใดๆ ให้กดปุ่ม 「ยืนยันการเทรด」 หากต้องการกลับไปขั้นตอนก่อนหน้าให้กดปุ่ม 「ยกเลิก」<c>"""
WaitOpponentApproveTradeGuide#0,"""<c f0df60>กำลังรออีกฝ่าย ($(0)) ยืนยันการเทรด หากต้องการกลับไปขั้นตอนก่อนหน้าให้กดปุ่ม 「ยกเลิก」<c>"""
UrgeToSelectAndDecideItem_v#0,"""<c f0df60>กรุณาลงทะเบียนไอเทมที่ต้องการเทรด แล้วกด 「ยืนยันไอเทม」<c>"""
WaitOpponentDecideItemGuide_v#0,"""<c f0df60>กำลังรอ $(0) ยืนยันไอเทม<c>"""
UrgeToApproveTradeGuide_v#0,"""<c f0df60>สรุปรายการเทรดเรียบร้อยแล้ว หากไม่มีปัญหาใดๆ ให้กด 「ยืนยันการเทรด」<c>"""
WaitOpponentApproveTradeGuide_v#0,"""<c f0df60>กำลังรออีกฝ่าย ($(0)) ยืนยันการเทรด<c>"""
DropOnInventory#0,"""ยกเลิก"""
MenuObject_Display#0,"""เพิ่มลงในการเทรด"""
MenuObject_Withdraw#0,"""นำออกจากการเทรด"""
MenuObject_ChangeNumber#0,"""เปลี่ยนจำนวน"""
InputStackItemNumberTitle#0,"""ระบุจำนวนที่ต้องการเทรด"""
InputStackItemNumberMsg#0,"""คุณจะเทรดจำนวนเท่าไหร่?"""
Title#10,"""สเตตัสพื้นฐาน"""
TradeTitle#0,"""เทรด"""
EditMesetaTitle#0,"""แก้ไข Meseta"""
EditMesetaMessage#0,"""กรุณากรอกจำนวน Meseta ที่คุณต้องการเทรด"""
ItemEnableSelect#0,"""สามารถเลือกได้"""
ItemDisableSelect#0,"""ไม่สามารถเลือกได้"""
PictSignRight#0,"""ย้าย <pict Sign_RIGHT>"""
PictSignLeft#0,"""ย้าย <pict Sign_LEFT>"""
WaitDecideItemMessage#0,"""กำลังรอผู้เล่นอีกฝ่าย..."""
VisiphonTitle#0,"""Visiphone"""
VisiphonFullTitle#0,"""Visiphone"""
VisiphonFullTitleHint#0,"""<c f0df60>คุณสามารถใช้งานเมนูต่างๆ ได้ เช่น ค้นหาผู้เล่น, ใช้งาน My Shop, รับไอเทมจากการกรอก Item Code และอื่นๆ<c>"""
VisiphonFullTitleHint_v#0,"""<c f0df61>คุณสามารถใช้งานเมนูต่างๆ ได้ เช่น ค้นหาผู้เล่น, ใช้งาน My Shop และอื่นๆ<c>"""
VisiphonMenu_Search#0,"""ค้นหา ARKS"""
VisiphonMenu_Shop#0,"""Player Shops"""
VisiphonMenu_ItemCode#0,"""Item Codes"""
VisiphonMenu_Friend#0,"""Friend Partner"""
VisiphonMenu_Library#0,"""รายการ Library"""
VisiphonMenu_Ranking#0,"""Rankings"""
VisiphonMenu_PlayLog#0,"""Play Records"""
VisiphonMenu_LoginStamp#0,"""Login Stamps"""
VisiphonMenu_ProfileEdit#0,"""แก้ไข ARKS Card ของคุณ"""
VisiphonMenu_Campaign#0,"""รับรางวัล Campaign"""
VisiphonMenu_CharaSave#0,"""บันทึกข้อมูล Portrait"""
VisiphonMenu_CharaSaveSelect#0,"""เลือก Character"""
VisiphonMenu_CharaSaveUseChara#0,"""Character ปัจจุบัน"""
VisiphonMenu_CharaSaveSP#0,"""Support Partner"""
Exit#2,"""กลับ"""
SearchTitle#0,"""ค้นหา ARKS"""
SearchFullTitle#0,"""ค้นหา ARKS"""
SearchFullTitleHint#0,"""<c f0df60>คุณสามารถค้นหาตามผู้เล่น, Character หรือ Team ได้<c>"""
SearchMenu_Player#0,"""ค้นหาผู้เล่น"""
SearchMenu_PlayerHint#0,"""<c f0df60>คุณสามารถค้นหาผู้เล่นจากข้อมูล ARKS Card ได้ และยังสามารถค้นหาด้วยคีย์เวิร์ดจากคอมเมนต์ของพวกเขาได้อีกด้วย<c>"""
SearchMenu_Guild#0,"""ค้นหา Team"""
SearchMenu_GuildHint#0,"""<c f0df60>คุณสามารถค้นหา Teams ได้จากชื่อหรือคอมเมนต์<c>"""
SearchMenu_Chara#0,"""ค้นหา Character"""
SearchMenu_CharaHint#0,"""<c f0df60>คุณสามารถค้นหา Characters ได้จากชื่อ Character<c>"""
PlayerSearchTitle#0,"""ค้นหาผู้เล่น"""
PlayerSearch_ID#0,"""ชื่อ Player ID"""
PlayerSearch_Text#0,"""ค้นหาด้วยข้อความ"""
PlayerSearch_Wish#0,"""Wishlist"""
PlayerSearch_Present#0,"""Present List"""
PlayerSearch_Hobby#0,"""งานอดิเรก"""
PlayerSearch_MyRoom#0,"""Room"""
PlayerSearch_Comment#0,"""คอมเมนต์"""
PlayerSearch_MyRoom_Select1#0,"""ไม่ได้ตั้งค่า"""
PlayerSearch_MyRoom_Select2#0,"""มี"""
PlayerSearch_MyRoom_Select3#0,"""ไม่มี"""
PlayerSearch_MyRoom_Check#0,"""มี Room"""
PlayerSearch_MyRoom_Enter#0,"""ค้นหา"""
PlayerSearchResultTitle#0,"""ผลการค้นหาผู้เล่น"""
PlayerSearchResult_Limit#0,"""จำนวนผลลัพธ์"""
PlayerSearchResult_Wait#0,"""กำลังค้นหา"""
PlayerSearchResult_Failure#0,"""ไม่พบผู้เล่นดังกล่าว"""
PlayerSearchResult_Playernum#0,"""$(0)"""
GuildSearchTitle#0,"""ค้นหา Team"""
GuildSearch_Text#0,"""ค้นหาด้วยข้อความ"""
GuildSearch_GuildName#0,"""ชื่อ Team"""
GuildSearch_GuildLevel#0,"""-"""
GuildSearch_Comment#0,"""คอมเมนต์"""
GuildSearchResultTitle#0,"""ผลการค้นหา Team"""
GuildSearchResult_Limit#0,"""จำนวนผลลัพธ์"""
GuildSearchResult_Failure#0,"""ไม่พบ Team ดังกล่าว"""
GuildSearchStatus_Title#0,"""รายละเอียด Team"""
GuildSearchStatus_Web#0,"""เว็บไซต์ Team"""
GuildSearchStatus_Chat#0,"""ส่ง Whisper ถึง Team Master"""
VisiphonMenu_PlayLog_Hint#0,"""<c f0df60>คุณสามารถดูผลการเล่นต่างๆ ได้ที่นี่<c>"""
VisiphonMenu_ProfileEdit_Hint#0,"""<c f0df60>คุณสามารถแก้ไขข้อมูล ARKS Card ของคุณได้ที่นี่<c>"""
VisiphonMenu_Campaign_Hint#0,"""<c f0df60>คุณสามารถรับไอเทมจาก campaigns ได้ที่นี่ ไม่สามารถรับไอเทมนอกระยะเวลาของ campaign ได้<c>"""
VisiphonMenu_Campaign_Hint_v#0,"""<c f0df61>คุณสามารถรับไอเทมจาก campaigns ได้ที่นี่<c>"""
CharaSearchTitle#0,"""ค้นหา Character"""
CharaSearch_ID#0,"""ชื่อ Character"""
CharaSearchResultTitle#0,"""ผลการค้นหา Character"""
CharaSearchResult_Failure#0,"""ไม่พบ Character ดังกล่าว"""
SearchFailureMessage#0,"""คุณไม่ได้กรอกข้อความใดๆ เพื่อค้นหา"""
CampaignMenuTitle#0,"""เมนูรางวัล Campaign"""
CampaignMenuTab1#0,"""ชื่อ Campaign"""
CampaignMenuTab2#0,"""ระยะเวลา"""
CampaignMenuNoItem#0,"""ไม่มี Campaigns"""
CampaignConfirmTitle#0,"""ยืนยันการรับ"""
CampaignConfirmMessage#0,"""กำลังรับไอเทม campaign ต่อไปนี้<br>ดำเนินการต่อหรือไม่?<br><br>※สามารถรับไอเทมได้ 1 ครั้งต่อบัญชี กรุณาตรวจสอบให้แน่ใจว่าคุณอยู่ใน Ship ที่ถูกต้อง"""
CampaignConfirmCharaMessage#0,"""กำลังรับไอเทม campaign ต่อไปนี้<br>ดำเนินการต่อหรือไม่?<br><br>※สามารถรับไอเทมได้ 1 ครั้งต่อ Character"""
CampaignError1#0,"""ไม่สามารถรับไอเทมได้ เกิดข้อผิดพลาดที่ไม่คาดคิด"""
CampaignError2#0,"""ไม่สามารถรับไอเทมได้<br>ช่องเก็บของเต็มหรือไอเทมเกินขีดจำกัด"""
CampaignError3#0,"""ไม่สามารถรับไอเทมได้<br>campaign สิ้นสุดลงแล้ว"""
CampaignError4#0,"""สามารถรับได้เฉพาะตอนที่ล็อกอิน<br>ผ่านแพลตฟอร์มดังต่อไปนี้เท่านั้น:<br>$(0)"""
CampaignPlatformPC#0,"""- PC"""
CampaignPlatformSwitch#0,"""- PSO2 Cloud"""
CampaignPlatformPS4#0,"""- PlayStation 4"""
CampaignPlatformVita#0,"""- PlayStation Vita"""
CampaignPlatformPCCloud#0,"""- PSO2 Cloud"""
CampaignPlatformXOne#0,"""- Xbox One"""
CampaignPlatformWin10#0,"""- Microsoft Store"""
CampaignPlatformSteam#0,"""- Steam"""
CampaignPlatformEpicGames#0,"""- Epic Games"""
CampaignBondPlatform#0,"""$(0)<br>$(1)"""
CampaignSuccess#0,"""ได้รับ $(0) แล้ว"""
CampaignNum#0,"""$(0) x$(1)"""
CharaSaveMessage#0,"""การดำเนินการนี้จะบันทึกข้อมูลของ Character ปัจจุบัน<br>และอัปเดตข้อมูลของ Partner Character และ Lobby Action เพิ่มเติม<br>ดำเนินการต่อหรือไม่?<br><br>※Partner Character จะสามารถใช้งานได้<br>\u3000เมื่อคุณได้รับ Partner Card มาแล้ว<br>\u3000การบันทึกข้อมูลโดยที่ยังไม่มี Partner Card<br>\u3000จะไม่ทำให้ฟีเจอร์นี้ใช้งานไม่ได้ในภายหลัง<br>※Team Accessory จะไม่ถูกบันทึก"""
CharaSaveOverwriteMessage#0,"""ช่องนี้มีข้อมูล Character อยู่แล้ว<br><br>การดำเนินการนี้จะเขียนทับด้วยข้อมูลของ Character ปัจจุบัน<br>และอัปเดตข้อมูลของ Partner Character และ Lobby Action เพิ่มเติม<br>ดำเนินการต่อหรือไม่?<br><br>※Partner Character จะสามารถใช้งานได้<br>\u3000เมื่อคุณได้รับ Partner Card มาแล้ว<br>\u3000การบันทึกข้อมูลโดยที่ยังไม่มี Partner Card<br>\u3000จะไม่ทำให้ฟีเจอร์นี้ใช้งานไม่ได้ในภายหลัง<br>※Team Accessory จะไม่ถูกบันทึก"""
CharaSaveSucsessMessage#0,"""บันทึกข้อมูล Character, Partner Character<br>และ Lobby Action เพิ่มเติมแล้ว"""
CharaSaveFailureMessage#0,"""ไม่สามารถบันทึกข้อมูล Character, Partner Character<br>และ Lobby Action เพิ่มเติมได้<br><br>กรุณารัน 「บันทึกข้อมูล Portrait」 ใหม่อีกครั้ง"""
CharaSaveNone#0,"""ไม่มีข้อมูลบันทึก"""
CharaSaveMemoryCardNone#0,"""ไม่พบ Memory Card<br><br>กรุณาตรวจสอบให้แน่ใจว่า<br>ใส่ Memory Card แล้ว"""
CharaSaveCrashData#0,"""ข้อมูลเซฟของ 『PHANTASY STAR ONLINE 2』<br>อาจเสียหายได้<br>ระบบจะลบข้อมูลที่เสียหายและสร้างข้อมูลใหม่<br><br>ดำเนินการต่อหรือไม่?"""
CharaSaveDataSave#0,"""เนื่องจากช่องนี้มีข้อมูลอยู่แล้ว<br>ระบบจะเขียนทับข้อมูล Character<br>และอัปเดตข้อมูล Partner Character ที่เรียกได้<br>รวมถึง Lobby Action เพิ่มเติม<br><br>ดำเนินการต่อหรือไม่?"""
CharaSaveFailureMessage01#0,"""ไม่สามารถบันทึกลงใน Memory Card ได้<br>เนื่องจากข้อมูลอาจไม่ถูกต้อง"""
CharaSaveFailureMessage02#0,"""ไม่สามารถบันทึกข้อมูล Character, Partner Character<br>และ Lobby Action เพิ่มเติมได้<br>เนื่องจากพื้นที่ใน Memory Card ไม่เพียงพอ<br><br>กรุณาเคลียร์พื้นที่ใน Memory Card<br>ให้ว่างอย่างน้อย <$capacity>kb<br>แล้วลองใหม่อีกครั้ง"""
CharaSaveFailureMessage03#0,"""บันทึกข้อมูล Character, Partner Character<br>และ Lobby Action เพิ่มเติมล้มเหลว<br>กรุณารัน 「บันทึกข้อมูล Portrait」 ใหม่อีกครั้ง"""
CharaSaveSucsessMessage01#0,"""บันทึกและอัปเดตข้อมูล Character, Partner Character<br>และ Lobby Action เพิ่มเติมแล้ว<br><br>Character, Partner Character และ Lobby Action เพิ่มเติม<br>ที่ถูกบันทึกไว้จะสามารถใช้ใน 「Character Portrait」 ได้<br><br>หากต้องการใช้ 「Character Portrait」<br>กรุณาเลือก 「Character Portrait」 ที่ Title Menu"""
CharaSaveTitle#0,"""บันทึกข้อมูล Portrait"""
CharaSaveHelp#0,"""<c f0df60>บันทึกข้อมูลสำหรับ Character Portrait<c>"""
RecruitSearchSelect#0,"""เลือกการแสดงผล"""
RecruitTeamMemberSearch#0,"""แสดงตามจำนวนสมาชิก"""
RecruitTeamLevelSearch#0,"""แสดงตามเลเวล Team"""
RecruitTeamNameSearch#0,"""แสดงตามชื่อ Team"""
RecruitTeamFoundingDateSearch#0,"""แสดงตามวันที่สร้าง (ใหม่ไปเก่า)"""
RecruitTeamLastLoginDateSearch#0,"""สมาชิกที่ล็อกอินในชั่วโมงที่ผ่านมา"""
RecruitTeamFriendSearch#0,"""แสดงตาม Friends ที่มีร่วมกัน"""
RecruitTeamList#0,"""รายชื่อ Team"""
RecruitTeamLevel#0,"""เลเวล Team"""
RecruitTeamMember#0,"""สมาชิก Team"""
RecruitTeamDetails#0,"""รายละเอียด Team"""
RecruitTeamManager#0,"""ผู้จัดการ Team"""
RecruitTeamManagerSendMail#0,"""ส่งใบสมัครไปยัง Team Master"""
RecruitPost#0,"""ตำแหน่ง"""
RecruitTeamInfo#0,"""ข้อมูล Team"""
RecruitTeamFlag#0,"""ธง Team"""
RecruitMasterComment#0,"""คอมเมนต์ Team Master"""
RecruitMemberInfo#0,"""ข้อมูลสมาชิก"""
RecruitFriend#0,"""Friends"""
RecruitBlackList#0,"""บล็อก"""
RecruitLastLoginMemberList#0,"""สมาชิกที่ล็อกอินในชั่วโมงที่ผ่านมา"""
RecruitLastLoginMemberCount#0,"""$(0)/$(1)"""
RecruitTeamSearching#0,"""กำลังค้นหา..."""
RecruitLevel#0,"""Lv.$(0)"""
RecruitNumber#0,"""$(0)"""
RecruitMemberList#0,"""รายชื่อสมาชิก Team"""
RecruitAdministratorList#0,"""รายชื่อ Manager ของ Team"""
RecruitMemberMaster#0,"""Team Master"""
RecruitMemberManager#0,"""Manager"""
RecruitMemberCommon#0,"""สมาชิกทั่วไป"""
RecruitMemberVisitor#0,"""ผู้เยี่ยมชม"""
RecruitMailYesNo#0,"""นี่จะส่งจดหมาย ไปยัง Team Master เพื่อแจ้งให้พวกเขาทราบว่าคุณต้องการเข้าร่วม<br>ดำเนินการต่อหรือไม่?"""
RecruitMailYesNoTitle#0,"""ยืนยัน Mail"""
RecruitMailSuccess#0,"""ส่ง Mail แล้ว"""
RecruitMailMiss#0,"""ไม่สามารถส่ง Mail ได้"""
VisiphonMenu_Recruit#0,"""Teams ที่กำลังเปิดรับสมาชิก"""
VisiphonMenu_RecruitHint#0,"""<c f0df60>หน้าต่างนี้จะแสดง Teams ที่กำลังเปิดรับสมาชิกอยู่ กรุณาเลือกรูปแบบที่คุณต้องการให้แสดงผล<c>"""
CampaignInfoTitle#0,"""เนื้อหา Campaign"""
CampaignInfoTitle2#0,"""วันหมดอายุของรางวัล"""
CampaignInfoTitle3#0,"""เป้าหมาย/เงื่อนไข"""
CampaignDateNone#0,"""ไม่ได้ระบุ"""
CampaignMessage#0,"""<pict New>มี $(0) campaign ที่คุณยังไม่ได้รับรางวัล"""
LoginStampTitle#0,"""Login Stamps"""
LoginStampCard#0,"""ดู Stamp Card"""
LoginStampReward#0,"""ดูรางวัล"""
LoginStampTitleHint#0,"""<c f0df60>คุณสามารถดู Stamp Cards และรายการรางวัลได้<c>"""
LoginStampCardHint#0,"""<c f0df60>นี่คือรายการ stamps ที่ได้รับมาจนถึงตอนนี้<c>"""
LoginStampRewardHint#0,"""<c f0df60>นี่คือรายการรางวัลที่มีให้เมื่อสะสม stamps ครบ<c>"""
PeriodNext#0,"""(เวลาที่เหลือ: $(0))"""
VisiphonMenu_Craft#0,"""Craft"""
VisiphonMenu_CraftHint#0,"""<c f0df60>คุณสามารถค้นหา Crafter, ตรวจสอบข้อมูล Craft ต่างๆ และรับไอเทมที่สั่งทำไว้ได้<c>"""
CraftInfo#1,"""ข้อมูล Craft"""
Craft_WorkmanSearch#0,"""ค้นหา Crafter"""
Craft_FriendSearch#0,"""ค้นหา Crafter"""
Craft_TeamSearch#0,"""ค้นหา Crafter"""
Craft_Results#0,"""ความสำเร็จ"""
Craft_Recipe#0,"""ดู Craft Recipe"""
Craft_Favor#0,"""ดู Craft License"""
Craft_CardWriter#0,"""ตรวจสอบ Data Drive"""
Craft_Craft#0,"""Craft"""
Craft_Order#0,"""รอดำเนินการ"""
CraftMenu#0,"""เมนู Craft"""
MenuCraft#0,"""My Crafts"""
OrderReceivedListCheck#0,"""คำขอ Craft"""
SignboardSetup#0,"""ตั้งค่า Signboard"""
CraftLearnRecipe#0,"""เรียนรู้ Craft Recipe"""
CraftFavorList#0,"""Craft License"""
CraftOrderCheck#0,"""Daily Craft"""
CampaignTopTitle#0,"""ไอเทม Campaign"""
CampaignTopMenu1#0,"""รับไอเทม: บัญชี"""
CampaignTopMenu2#0,"""รับไอเทม: Character"""
VisiphonMenu_Gat#0,"""Gathering"""
VisiphonMenu_GatHint#0,"""<c f0df60>คำอธิบาย Gathering<c>"""
SiriusMenu#0,"""แลกเปลี่ยน Idola Point"""
SiriusMenu_WindowTitle#0,"""หน้าต่างแลกเปลี่ยน"""
SiriusMenu_Name1#0,"""แลกเปลี่ยน Idola Point"""
SiriusMenu_Name2#0,"""ปิดการแลกเปลี่ยน Idola Point"""
SiriusMenu_Name1_Hint#0,"""<c f0df60>เกี่ยวกับการแลกเปลี่ยน Idola Point<c>"""
SiriusMenu_Name2_Hint#0,"""<c f0df60>ปิด<c>"""
SiriusMenu_Point#0,"""Idola Pts ปัจจุบัน"""
SiriusMenu_Point_Vita#0,"""Idola Pts ปัจจุบัน"""
SiriusMenu_HeadSelect#0,"""<c f0df60>เลือกไอเทมที่ต้องการแลกเปลี่ยน มีจำกัดจำนวนครั้งในการแลกเปลี่ยนรายสัปดาห์ ซึ่งจะรีเซ็ตทุก <utcdow>Wed 4:00</utcdow><c>"""
VisiphonBuyItem#0,"""ซื้อ/รับรางวัล: บัญชี"""
VisiphonBuyItemMessage#0,"""คุณจะได้รับไอเทมดังต่อไปนี้<br>ต้องการดำเนินการต่อหรือไม่?<br><br>※สามารถรับไอเทมได้ 1 ครั้งต่อบัญชี เท่านั้น<br>กรุณาตรวจสอบให้แน่ใจว่าคุณอยู่ใน Ship ที่ต้องการรับไอเทม"""
RecruitTeamManager_None#0,"""ไม่สามารถแสดงได้เนื่องจาก Team ถูกยุบไปแล้ว"""
PrizeExchangePoint#0,"""$(0)<pict sirius_icon>"""
PrizeExchangePointRed#0,"""<red>$(0)<c><pict sirius_icon>"""
ExchangeCheckTitle#0,"""ยืนยันการแลกเปลี่ยน"""
ExchangeCheckMessage#0,"""ใช้ $(0)<pict sirius_icon> เพื่อแลกเปลี่ยนไอเทมดังต่อไปนี้หรือไม่?<br>"""
ExchangeLimitCheckMessage#0,"""ใช้ $(0)<pict sirius_icon> เพื่อแลกเปลี่ยนไอเทมดังต่อไปนี้หรือไม่?<br>(สต็อกจะรีเซ็ตทุก <utcdow>Wed 4:00</utcdow>)"""
PreExchangeLimitMessage#0,"""คุณถึงขีดจำกัดการแลกเปลี่ยนไอเทมแล้ว กรุณากลับมาใหม่อีกครั้งในภายหลัง<br>(สต็อกจะรีเซ็ตทุก <utcdow>Wed 4:00</utcdow>)"""
ExchangeLimitMessage#0,"""ถึงขีดจำกัดการแลกเปลี่ยนแล้ว ไม่สามารถแลกเปลี่ยนไอเทมได้"""
ExchangeCancelTitle#0,"""ยกเลิกการแลกเปลี่ยน"""
ExchangeCancelMessage#0,"""คุณต้องการยกเลิกการแลกเปลี่ยนหรือไม่?"""
ExchangePointInsufficient#0,"""Idola Points ไม่เพียงพอ"""
ExchangeResultTitle#0,"""แลกเปลี่ยนไอเทม"""
ExchangeResultMessage1#0,"""แลกเปลี่ยนไอเทมแล้ว"""
ExchangeResultMessage2#0,"""พื้นที่ใน Inventory ของคุณไม่เพียงพอ กรุณาเคลียร์พื้นที่ใน Inventory แล้วกลับมาใหม่อีกครั้งในภายหลัง"""
ExchangeDBAccessMessage#0,"""ไม่สามารถแลกเปลี่ยนไอเทมได้เนื่องจากเกิดข้อผิดพลาด กรุณาลองใหม่อีกครั้งในภายหลัง"""
ItemDateErrorMessage#0,"""ไม่สามารถแลกเปลี่ยนไอเทมได้เนื่องจากการดึงข้อมูลล้มเหลว"""
ExpiredErrorMessage#0,"""ไม่สามารถแลกเปลี่ยนไอเทมได้เนื่องจากหมดระยะเวลาการแลกเปลี่ยนแล้ว"""
LimitedItem#0,"""<yellow>จำกัด<c>"""
LimitedItemTitle1#0,"""<yellow>ขีดจำกัดการแลกเปลี่ยน<c>"""
LimitedItemTitle2#0,"""<yellow>วันที่รีเซ็ต<c>"""
LimitedItemText1#0,"""สามารถแลกเปลี่ยนได้สูงสุด $(0)"""
LimitedItemText2#0,"""$(0) ขึ้นไป """
LimitedItemTitle3#0,"""ข้อมูลการแลกเปลี่ยน"""
SiriusShopTitle#0,"""แลกเปลี่ยน Idola Point"""
SiriusShopList#0,"""รายการสินค้า"""
SiriusShopItemPack#0,"""Inventory"""
SiriusShopPossess#0,"""จำนวนที่มีในปัจจุบัน """
SiriusShopProductInfo#0,"""ข้อมูลสินค้า"""
SiriusShopReset#0,"""<yellow>(รีเซ็ตทุก <utcdow>Wed 4:00</utcdow>)<c>"""
SiriusShopTerm#0,"""<yellow>เวลาที่เหลืออยู่<c>"""
SiriusShop#0,"""Idola Pts รวม"""
PrizeExchangeExchange#0,"""แลกเปลี่ยน"""
Back#2,"""กลับ"""
PrizeExchangeDetails#0,"""รายละเอียดไอเทม"""
Simpleinput#0,"""<pict Sign_SQUARE> การกรอกแบบง่าย"""
Title#11,"""เมนู Friend Partner"""
Hint#0,"""<c f0df60>คุณสามารถจัดการ Friend Partner ของคุณได้ที่นี่<c>"""
FP_Entry#0,"""ลงทะเบียน Friend Partner"""
FP_List#0,"""ตรวจสอบ Friend Partner"""
FP_Delete#0,"""ลบ Friend Partner"""
FP_EntryHint#0,"""<c f0df60>ลงทะเบียน Character ปัจจุบันเป็น Friend Partner โดยจะไม่แสดง Team Accessories<c>"""
FP_ListHint#0,"""<c f0df60>แสดงข้อมูลเกี่ยวกับ Friend Partner ปัจจุบันของคุณ<c>"""
FP_DeleteHint#0,"""<c f0df60>ลบ Friend Partner ที่ลงทะเบียนไว้ (คุณสามารถลงทะเบียนใหม่ได้ในภายหลัง)<c>"""
FP_DeleteMessage#0,"""กำลังจะลบ Friend Partner นี้<br>แน่ใจหรือไม่?"""
FP_ListDisableMessage#0,"""คุณยังไม่ได้ลงทะเบียน Friend Partner"""
FP_DeletetDisableMessage#0,"""คุณยังไม่ได้ลงทะเบียน Friend Partner"""
RankingMenuTitle#0,"""เมนู Rankings"""
RankingMenuHint#0,"""<c f0df60>กรุณาเลือก ranking ที่คุณต้องการตรวจสอบ<c>"""
RankingMenuSurprize#0,"""Interrupt Rankings"""
RankingMenuSurprizeNew#0,"""Rankings ล่าสุด"""
RankingMenuSurprizeOld#0,"""ประวัติ Interrupt Ranking"""
RankinLabelSurprize01#0,"""$(0)~: Enemy กำจัด Ranking"""
RankinLabelSurprize02#0,"""$(0) [$(1)]: Time Attack Rankings"""
RankinLabelSurprize03#0,"""$(0) [$(1)]: Riding Quest"""
RankingMenuWeekly#0,"""Weekly Rankings"""
RankingMenuWeeklyProgress#0,"""ความคืบหน้าปัจจุบัน"""
RankingMenuWeeklyNew#0,"""Rankings ล่าสุด"""
RankingMenuWeeklyOld#0,"""Rankings ก่อนหน้า"""
RankingMenuWeekly01#0,"""Rare Container Rankings"""
RankingMenuWeekly02#0,"""Room Visitor Rankings"""
RankingMenuWeekly03#0,"""Time-Attack Rank"""
RankingMenuWeekly04#0,"""Shared Blocks"""
RankingMenuWeekly05#0,"""PlayStation®Vita Dedicated Blocks"""
RankingMenuWeekly06#0,"""Time-Attack Solo Rankings"""
RankinLabelWeekly01#0,"""Rare Container Rankings"""
RankinLabelWeekly02#0,"""Room Visitor Rankings"""
RankinLabelWeekly03#0,"""Time Attack Ranking"""
RankingMenuGuild#0,"""Team Rankings"""
RankingMenuGuildProgress#0,"""ความคืบหน้าปัจจุบัน"""
RankingMenuGuildNew#0,"""Rankings ล่าสุด"""
RankingMenuGuildOld#0,"""Rankings ก่อนหน้า"""
RankingMenuGuild01#0,"""Team Point Rankings"""
RankingMenuGuild02#0,"""Rare Item Obtain Rankings"""
RankinLabelGuild01#0,"""Team Point Rankings"""
RankinLabelGuild02#0,"""Rare Item Obtain Rankings"""
RankingText01#0,"""ระยะเวลา Ranking"""
RankingText02#0,"""อัปเดตทุก <utcdow>Sun.22:00</utcdow>"""
RankingText03#0,"""ระยะเวลา Ranking"""
RankingText04#0,"""Rankings"""
RankingText05#0,"""ชื่อ Character/ชื่อ Player ID"""
RankingText06#0,"""ผลลัพธ์"""
RankingText07#0,"""Ranking ของคุณ"""
RankingText07_SeasonEvent#0,"""Rank ปัจจุบัน"""
RankingText08#0,"""รายการ Ranking"""
RankingText09#0,"""Team Ranking"""
RankingText10#0,"""ชื่อ Team"""
RankingText11#0,"""ชื่อ Character"""
RankingText12#0,"""ชื่อ Player ID"""
RankingTab01#0,"""โดยรวม"""
RankingTab02#0,"""ในกลุ่ม Friends"""
RankingTab03#0,"""ในกลุ่มสมาชิก Team"""
RankingTab04#0,"""โดยรวม"""
RankingTab05#0,"""รอบ Team"""
RankingTab06#0,"""รอบตัวคุณ"""
RankingPopup#0,"""$(0) ครั้งที่แล้ว"""
RankingSurprizeNewHint#0,"""<c f0df60>นี่คือ Interrupt Rankings ใหม่ล่าสุด<c>"""
RankingSurprizeOldHint#0,"""<c f0df60>นี่คือ Interrupt Rankings ที่ผ่านมา<c>"""
RankingWeeklyProgressHint#0,"""<c f0df60>นี่คือความคืบหน้าของ Weekly Rankings<c>"""
RankingWeeklyNewHint#0,"""<c f0df60>นี่คือ Weekly Rankings ใหม่ล่าสุด<c>"""
RankingWeeklyOldHint#0,"""<c f0df60>นี่คือ Weekly Rankings ที่ผ่านมา<c>"""
RankingGuildProgressHint#0,"""<c f0df60>นี่คือความคืบหน้าของ Team Rankings<c>"""
RankingGuildNewHint#0,"""<c f0df60>นี่คือ Team Rankings ล่าสุด<c>"""
RankingGuildOldHint#0,"""<c f0df60>นี่คือ Team Rankings ก่อนหน้า<c>"""
RankingNoData#0,"""ไม่มีข้อมูล ranking สำหรับ ranking นี้"""
RankingRankVita#0,"""Rank $(0)"""
RankingPointVita#0,"""(ผลลัพธ์ $(0))"""
RankingPointVita_SeasonEvent#0,"""(พอยต์ปัจจุบัน $(0))"""
RankingNoTeam#0,"""ไม่มี Team ดังกล่าวอยู่"""
RankingPointString#0,"""$(0)pt"""
RankingError_Title#0,"""ประกาศ"""
RankingError_Msg#0,"""ข้อมูล Ranking<br>ไม่สามารถใช้งานได้ชั่วคราว"""
ArksRanking_Title#0,"""ARKS League"""
ArksRanking_Rank#0,"""Rank"""
ArksRanking_Reward#0,"""รางวัล"""
ArksRanking_TopTitle#0,"""เมนู ARKS League"""
ArksRanking_New#0,"""ข้อมูล League ใหม่ล่าสุด"""
ArksRanking_History#0,"""บันทึก ARKS League"""
ArksRanking_Back#0,"""กลับ"""
ArksRanking_HistoryNum#0,"""$(0) ครั้งที่แล้ว"""
ArksRanking_WhatsNew#0,"""($(0))"""
ArksRanking_NoRanking#0,"""ไม่มีข้อมูล Ranking"""
ArksRanking_NoReward#0,"""ไม่มีข้อมูลรางวัล"""
ArksRanking_Com#0,"""กำลังส่งข้อมูล"""
ArksRanking_WaitResult#0,"""ผลลัพธ์กำลังอยู่ในระหว่างการจัดทำ"""
ArksRanking_NotPlay#0,"""ขณะนี้ยังไม่เปิด"""
ArksRanking_NoJoin#0,"""คุณไม่ได้เข้าร่วมใน League นี้"""
ArksRanking_NoJoin2#0,"""ระยะเวลาเข้าร่วมของ League นี้สิ้นสุดลงแล้ว"""
ArksRanking_Stop#0,"""ไม่สามารถใช้งานได้ชั่วคราว"""
ArksRanking_GetReward#0,"""ได้รับรางวัล ARKS League"""
ArksRanking_RewardConfirm#0,"""ได้รับไอเทมดังต่อไปนี้จาก<br>รางวัล ARKS League"""
ArksRanking_GetReward_Log#0,"""ได้รับรางวัล ARKS League"""
ArksRanking_Title_Enemy#0,"""$(0) Lv.$(1)+: Enemy กำจัด League"""
ArksRanking_Title_Enemy2#0,"""$(0): Enemy กำจัด League"""
ArksRanking_Title_Quest#0,"""$(0) [$(1)]: Time Attack League"""
ArksRanking_Title_Quest2#0,"""$(0): Time Attack League"""
ArksRanking_Title_ItemDrop#0,"""$(0): Item Collection League"""
ArksRanking_Title_Fishing#0,"""$(0): Fish Size League"""
ArksRanking_Title_Meseta#0,"""Meseta Earning League"""
ArksRanking_Title_QuestClear#0,"""$(0): Quest Clear Count League"""
ArksRanking_Title_QuestClear_S#0,"""เฉพาะ Rank $(0)/$(1): Quest Clear Count League"""
ArksRanking_Title_Ride_High#0,"""Riding Quest [$(0)]: High Score League"""
ArksRanking_Title_Ride_Total#0,"""Riding Quest [$(0)]: Total Score League"""
ArksRanking_Title_Score_High#0,"""$(0) [$(1)]: High Score League"""
ArksRanking_Title_Score_Total#0,"""$(0) [$(1)]: Total Score League"""
ArksRanking_Title_Score_Armada#0,"""Fleet Int.: Point League"""
ArksRanking_NoMark#0,"""-"""
ArksRanking_RankData#0,"""อันดับที่ $(0)"""
ArksRanking_RankData2#0,"""อันดับที่ $(0) ～ $(1)"""
ArksRankingError_Title#0,"""ประกาศ"""
ArksRankingError_Msg#0,"""ARKS League ไม่สามารถ<br>ใช้งานได้ชั่วคราว"""
ArksRankingText01#0,"""ระยะเวลากิจกรรม"""
ArksRankingText02#0,"""Rank"""
ArksRankingText03#0,"""ชื่อ Character/ชื่อ Player ID"""
ArksRankingText04#0,"""ผลลัพธ์"""
ArksRankingText05#0,"""Ranking ของคุณ"""
ArksRankingText06#0,"""รายการ Ranking"""
ArksRanking_Float#0,"""$(0).$(1)"""
ClearRank_S#0,"""S"""
ClearRank_A#0,"""A"""
ClearRank_B#0,"""B"""
ClearRank_C#0,"""C"""
Gmmessage_Title#0,"""ข้อความจากผู้ดูแลระบบ"""
Gmmessage_AlertTitle#0,"""คำเตือนจากผู้ดูแลระบบ"""
QuestWarpTitle#0,"""เลือกจุดหมายปลายทาง"""
QuestWarpStart#0,"""จุดเริ่มต้น"""
QuestWarpTelepipe#0,"""Telepipe"""
QuestWarpMostPopulousChip#0,"""ตำแหน่งที่มีผู้เล่นมากที่สุด"""
SynchronizeTitle#0,"""สมาชิกที่เข้าร่วม"""
SynchronizeMyParty#0,"""Party ของคุณ"""
SynchronizeMemberName#0,"""ชื่อสมาชิก"""
SynchronizeStageClear#0,"""ด่าน"""
SynchronizeQuestName#0,"""ชื่อ Quest"""
SynchronizeBossTitle#0,"""Teleporter"""
SynchronizeStartTitle#0,"""ประตูทางเข้า"""
SynchronizeBossMessage#0,"""Teleporter นี้จะทำงานโดยอัตโนมัติ<br>เมื่อสมาชิกทุกคนมาพร้อมหน้ากัน<br><br>นอกจากนี้ Leader ของ Party สามารถออกเดินทางก่อน<br>พร้อมกับสมาชิกที่กำลังใช้งาน Teleporter ได้"""
SynchronizeBossMessage_ex#0,"""Teleporter นี้จะทำงานโดยอัตโนมัติ<br>เมื่อสมาชิกทุกคนมาพร้อมหน้ากัน"""
SynchronizeStartMessage#0,"""ประตูนี้จะเปิดโดยอัตโนมัติเมื่อสมาชิกทุกคนมาถึงแล้ว"""
SynchronizeButtonForward#0,"""เริ่มการเทเลพอร์ต"""
SynchronizeButtonRemove#0,"""ออกจาก Teleporter"""
SynchronizeStartButtonRemove#0,"""ออกจากประตู"""
SynchronizeInaccessible#0,"""ไม่สามารถใช้ Teleporter นี้ได้ในขณะนี้<br><br>มันจะกลับมาใช้งานได้อีกครั้ง<br>หลังจากผ่านไประยะหนึ่ง"""
SynchronizeTransferStart#0,"""Teleporter ทำงานแล้ว เริ่มการเทเลพอร์ต"""
SynchronizeMultiBossWakeUp#0,"""ใช้งาน Teleporter หรือไม่?"""
SynchronizeMultiBossMessage#0,"""Teleporter ทำงานแล้ว<br>ใน 30 วินาที สมาชิกทุกคนใน Teleporter จะถูกเทเลพอร์ตไป<br><br>หยุด Teleporter หรือไม่?"""
SynchronizeMultiBossMessageExc#0,"""Teleporter ทำงานแล้ว<br>หลังจากนี้สักครู่ สมาชิกทุกคนใน Teleporter จะถูกเทเลพอร์ตไป<br><br>หยุด Teleporter หรือไม่?"""
SynchronizeMultiBossRemove#0,"""หยุด Teleporter"""
SynchronizeMultiBossGoto#0,"""Teleporter ทำงานแล้ว กรุณาไปที่ Teleporter ภายใน 30 วินาที"""
SynchronizeMultiBossGotoExc#0,"""Teleporter ทำงานแล้ว กรุณาไปที่ Teleporter ภายในเวลาที่กำหนด"""
SynchronizeMultiBossTrans#0,"""สิ้นสุดการนับถอยหลัง เริ่มการเทเลพอร์ต"""
SynchronizeStartOpen#0,"""สมาชิกทุกคนมาถึงแล้ว ประตูจะเปิดขึ้นหลังจากการนับถอยหลัง"""
PaidItemListTitle#0,"""ไอเทมที่ต้องการ"""
PaidErrorTitle#0,"""ไอเทมที่ต้องการไม่เพียงพอ"""
PaidErrorInsufficient1#0,"""ขาดไอเทมดังต่อไปนี้"""
PaidErrorInsufficient2#0,"""ไอเทมด้านบนเป็นสิ่งจำเป็น<br>ในการเริ่มต้น Quest นี้"""
PaidErrorBonusGame#0,"""คุณไม่มีกุญแจที่ถูกต้องในการเริ่มต้น Quest นี้"""
PaidTitle#0,"""ประตูทางเข้า"""
PaidLeaderMessage#0,"""หาก Leader เป็นผู้จ่ายรวบยอด<br>จำเป็นต้องใช้จำนวนตามที่แสดงอยู่ใน<br>「ไอเทมที่ต้องการ」 ในขณะนี้<br><br>ดำเนินการต่อหรือไม่?"""
PaidMemberMessage#0,"""จ่าย 「ไอเทมที่ต้องการ」 เพื่อเริ่ม Quest<br>ทั้งนี้ ในกรณีที่ยกเลิก Quest หรือการเชื่อมต่อขาดหาย<br>ไอเทมเหล่านี้จะไม่ถูกคืนให้ ดำเนินการต่อหรือไม่?"""
PaidMemberMessage2#0,"""จ่าย 「ไอเทมที่ต้องการ」 เพื่อเริ่ม Quest<br>ทั้งนี้ ในกรณีที่ยกเลิก Quest หรือการเชื่อมต่อขาดหาย<br>ไอเทมเหล่านี้จะไม่ถูกคืนให้ ดำเนินการต่อหรือไม่?<br><br>ด่านที่เลือก: $(0)"""
PaidBonusGameMessage#0,"""การเริ่มต้น Quest จำเป็นต้องจ่ายสิ่งต่อไปนี้:<br><yellow>$(0)<c><br><br>โปรดระวังว่า หากคุณยกเลิก Quest หรือ<br>Quest สิ้นสุดลงจากการเชื่อมต่อที่ขาดหาย ไอเทมที่ใช้<br>หรือสิทธิ์ในการเริ่ม Quest จะไม่ถูกคืนให้<br>เริ่ม Quest หรือไม่?"""
PaidButtonYes#0,"""ยืนยัน"""
PaidButtonNo#0,"""ยกเลิก"""
PaidButtonCancel#0,"""ยกเลิก"""
PaidButtonChange#0,"""เปลี่ยนวิธีการจ่าย"""
PaidSelectTitle#0,"""ประตูทางเข้า"""
PaidSelectMessage#0,"""เพื่อเริ่ม Quest คุณต้องเลือก<br>ให้แต่ละคนจ่ายเอง หรือให้<br>Leader เป็นผู้จ่ายให้กับทุกคน<br><br>หาก Quest ถูกยกเลิกหรือ<br>การเชื่อมต่อขาดหายกลาง Quest โปรดทราบว่า<br>ไอเทมจะไม่ถูกคืนให้<br>คุณจะใช้วิธีการจ่ายแบบใด?"""
PaidSelectTag1#0,"""Leader จ่าย"""
PaidSelectTag2#0,"""สมาชิกจ่าย"""
PaidWaitTitle#0,"""ประตูทางเข้า"""
PaidLeaderWait#0,"""Leader พร้อมจ่ายให้สมาชิกทุกคนแล้ว<br>กรุณารอให้สมาชิก Party ทุกคนพร้อม"""
PaidMemberWait#0,"""จ่ายไอเทมเสร็จสมบูรณ์<br>กรุณารอให้สมาชิก Party ทุกคนพร้อม"""
PaidWaitLeaderDecide#0,"""กรุณารอให้ Leader ของ Party<br>เลือกวิธีการจ่าย"""
PaidMemberToast#0,"""เลือกวิธีการจ่ายแบบ 「สมาชิกจ่าย」 แล้ว กรุณาจ่ายที่ประตู"""
PaidLeaderToast#0,"""เลือกวิธีการจ่ายแบบ 「Leader จ่าย」 แล้ว กรุณาจ่ายที่ประตู"""
PaidChangeToast#0,"""เนื่องจากมีการเปลี่ยนวิธีการจ่าย คุณต้องเริ่มขั้นตอนการจ่ายใหม่อีกครั้ง"""
EternalWaitStart#0,"""เลือกด่านแล้ว กรุณารอให้สมาชิก Party ทุกคนพร้อม"""
EternalWaitSelect#0,"""กรุณารอจนกว่า Leader ของ Party จะเลือกด่าน"""
EternalSelectWessage#0,"""กรุณาเลือกด่านที่คุณต้องการเล่น"""
EternalPlayFloor#0,"""เล่นด่าน"""
EternalFloorChange#0,"""เปลี่ยนชั้น"""
PaidLeaderMessage2#0,"""หาก Leader เป็นผู้จ่ายรวบยอด<br>จำเป็นต้องใช้จำนวนตามที่แสดงอยู่ใน<br>「ไอเทมที่ต้องการ」 ในขณะนี้<br><br><c ffff00>【 Advance Risk Up 】<c><br>\u3000Leader สามารถจ่าย Advance Capsule เพิ่มเติม<br>\u3000เพื่อเพิ่ม Advance Risk ของตัวเองได้<br><br>\u3000การเพิ่ม Advance Risk จะทำให้ศัตรูแข็งแกร่งขึ้น<br>\u3000และเพิ่มโอกาสปรากฏตัวของ Rare Enemy ในส่วนที่ลึกที่สุด<br><br>\u3000ใน Quest นี้ การเพิ่ม Risk ขึ้น 1 ระดับ<br>\u3000จำเป็นต้องใช้ $(0) จำนวน $(1) ชิ้น"""
PaidMemberMessage3#0,"""จ่าย 「ไอเทมที่ต้องการ」 เพื่อเริ่ม Quest<br>ทั้งนี้ ในกรณีที่ยกเลิก Quest หรือการเชื่อมต่อขาดหาย<br>ไอเทมเหล่านี้จะไม่ถูกคืนให้<br><br><c ffff00>【 Advance Risk Up 】<c><br>\u3000Leader สามารถจ่าย Advance Capsule เพิ่มเติม<br>\u3000เพื่อเพิ่ม Advance Risk ของตัวเองได้<br><br>\u3000การเพิ่ม Advance Risk จะทำให้ศัตรูแข็งแกร่งขึ้น<br>\u3000และเพิ่มโอกาสปรากฏตัวของ Rare Enemy ในส่วนที่ลึกที่สุด<br><br>\u3000ใน Quest นี้ การเพิ่ม Risk ขึ้น 1 ระดับ<br>\u3000จำเป็นต้องใช้ $(0) จำนวน $(1) ชิ้น"""
AdvanceRiskMessage#0,"""จ่าย $(0) เพิ่มเติมจำนวน $(2) ชิ้น<br>เพื่อเพิ่ม Advance Risk<br>ดำเนินการต่อหรือไม่?<br><br><c ffff00>※Advance Risk สำหรับ Character แต่ละตัวมีขีดจำกัดสูงสุด<br>\u3000และจะไม่เพิ่มขึ้นไปมากกว่านั้น<br>\u3000หากมีการเปลี่ยน Leader หลังจากรับ Quest<br>\u3000Advance Risk ของ Quest และ Character<br>\u3000อาจมีความแตกต่างกัน โปรดระมัดระวัง<c><br><br>(มี $(1): $(3) ชิ้น)"""
PaidSelectMessage2#0,"""เพื่อเริ่ม Quest<br>สมาชิกแต่ละคนต้องจ่าย 「ไอเทมที่ต้องการ」 หรือ<br>Leader ต้องเป็นผู้จ่ายรวบยอดให้ทุกคน<br><br>โปรดทราบว่า เมื่อยกเลิก Quest หรือการเชื่อมต่อขาดหายระหว่าง Quest<br>ไอเทมที่จ่ายไปจะไม่ถูกคืนให้<br><br>คุณจะจ่ายด้วยวิธีใด?<br><br><c ffff00>หลังจากกำหนดวิธีการจ่ายแล้ว การจ่าย 「ไอเทมที่ต้องการ」<br>เพิ่มเติมจะช่วยเพิ่ม Advance Risk ของ<br>Leader ของ Party ได้<br><br>โดยการจ่ายส่วนนี้จะเป็นการจ่ายเฉพาะของ<br>Leader ของ Party เท่านั้น<c>"""
AdvanceRiskTitle1#0,"""Advance Risk Up"""
AdvanceRiskTitle2#0,"""Advance Risk Up"""
AdvanceRiskTitle3#0,"""Advance Capsule เพิ่มเติม"""
AdvanceRiskTitle4#0,"""เพิ่มขึ้น"""
AdvanceRiskTitle5#0,"""Quest Advance Risk Up"""
AdvanceRiskTitle6#0,"""Risk Up"""
AdvanceRiskTitle7#0,"""<c ffff00>[Start Advance Risk]<c>"""
AdvanceRiskTitle8#0,"""ปัจจุบัน"""
AdvanceRiskTitle9#0,"""เพิ่มเติม"""
AdvanceRiskTitle10#0,"""รวม"""
AdvanceRiskTitle11#0,"""<c ffff00>[Consumed Advance Capsules]<c>"""
AdvanceRiskDisp#0,"""Advance Risk: $(0)"""
AdvanceRiskReset#0,"""โบนัส Risk ถูกรีเซ็ตเนื่องจากมีการเปลี่ยนวิธีการจ่าย"""
BootupLandingCraft#0,"""เริ่มการไล่ล่า [Profound Darkness] หรือไม่?<br><yellow>※เมื่อเริ่มแล้วจะไม่สามารถยกเลิกได้<c>"""
PaidLeaderMessageWarning#0,"""หาก Leader เป็นผู้จ่ายรวบยอด<br>จะต้องมีจำนวนตามที่แสดงอยู่ใน<br>「ไอเทมที่ต้องการ」<br><br><yellow>※มีสมาชิกบางคนยังไปไม่ถึงด่าน $(0)<br>ด่านล่าสุดที่ไปถึงจะไม่มีการอัปเดต<c><br><br>ดำเนินการต่อหรือไม่?"""
PaidMemberMessage4#0,"""ต้องจ่าย 「ไอเทมที่ต้องการ」 เพื่อเริ่ม<br>Quest หากละทิ้ง Quest หรือการเชื่อมต่อขาดหาย<br>ไอเทมเหล่านี้จะไม่ถูกคืนให้ ดำเนินการต่อหรือไม่?<br><br>ด่านที่เลือก: $(0)<br>ด่านล่าสุดที่ไปถึง: $(1)"""
PaidMemberMessage4Warning#0,"""ต้องจ่าย 「ไอเทมที่ต้องการ」 เพื่อเริ่ม<br>Quest หากละทิ้ง Quest หรือการเชื่อมต่อขาดหาย<br>ไอเทมเหล่านี้จะไม่ถูกคืนให้ ดำเนินการต่อหรือไม่?<br><br>ด่านที่เลือก: $(0)<br>ด่านล่าสุดที่ไปถึง: <yellow>$(1)<br><br>※เนื่องจากด่านที่คุณเลือกไม่ตรงกับ<br>ด่านล่าสุดที่คุณเคลียร์ไป แม้ว่าคุณจะเคลียร์ได้ ด่านของคุณก็จะไม่เปลี่ยนแปลง<c>"""
PaidMemberMessage4Warning2#0,"""ต้องจ่าย 「ไอเทมที่ต้องการ」 เพื่อเริ่ม<br>Quest หากละทิ้ง Quest หรือการเชื่อมต่อขาดหาย<br>ไอเทมเหล่านี้จะไม่ถูกคืนให้ ดำเนินการต่อหรือไม่?<br><br>ด่านที่เลือก: $(0)<br>ด่านล่าสุดที่ไปถึง: <yellow>-<br><br>※เนื่องจากด่านที่คุณเลือกไม่ตรงกับ<br>ด่านล่าสุดที่คุณเคลียร์ไป แม้ว่าคุณจะเคลียร์ได้ ด่านของคุณก็จะไม่เปลี่ยนแปลง<c>"""
MaxFloorWarning#0,"""ไม่สามารถดึงข้อมูลความคืบหน้าของคุณได้"""
MemberMaxFloorWarning#0,"""ไม่สามารถดึงข้อมูลความคืบหน้าของสมาชิกได้"""
SelectFloorWarning#0,"""คุณไม่ผ่านเงื่อนไข ด่านที่ไปถึงจะไม่เปลี่ยนแปลง"""
PhantomShipMultiBossGoto#0,"""อุปกรณ์ขึ้นขับ A.I.S. ทำงานแล้ว กรุณาไปที่โรงเก็บ A.I.S. ภายใน 30 วินาที"""
PhantomShipBootup#0,"""ใช้งานอุปกรณ์ขึ้นขับ A.I.S. หรือไม่?"""
PhantomShipMultiBossMessage#0,"""อุปกรณ์ขึ้นขับ A.I.S. ทำงานแล้ว<br>หลังจากนี้ 30 วินาที สมาชิก Party ที่อยู่ในโรงเก็บจะขึ้นขับ A.I.S.<br><br>หยุดอุปกรณ์ขึ้นขับ A.I.S. หรือไม่?"""
PhantomShipMultiBossRemove#0,"""หยุดอุปกรณ์ขึ้นขับ A.I.S."""
PhantomShipMultiBossStart#0,"""เตรียมการเสร็จสิ้น ปะทะได้"""
DKMultiBossGoto#0,"""จุดเข้า ทำงานแล้ว กรุณาไปยังจุดเข้าภายใน 30 วินาที"""
DKMultiBossWakeUp#0,"""สำรวจจุดเข้า หรือไม่?"""
DKMultiBossMessage#0,"""สมาชิก Party จะถูกเทเลพอร์ตไปหลังจากนี้ 30 วินาที<br><br>ออกจากจุดเข้า หรือไม่?"""
DKMultiBossRemove#0,"""ออกจากจุดเข้า"""
DKMultiBossTrans#0,"""สิ้นสุดการนับถอยหลัง เริ่มการเทเลพอร์ต"""
DKInaccessible#0,"""การทำงานล้มเหลว"""
SynchronizeBossTitleDK#0,"""จุดเข้า"""
SynchronizeBossMessageDK#0,"""อุปกรณ์เทเลพอร์ตจะทำงานโดยอัตโนมัติเมื่อสมาชิก Party ทุกคนมาพร้อมหน้ากัน<br><br>นอกจากนี้ Leader ของ Party สามารถ<br>ออกเดินทางก่อนคนอื่นๆ ได้<br>ก็ต่อเมื่อมีสมาชิกคนอื่นกำลังใช้งานอุปกรณ์อยู่"""
SynchronizeButtonForwardDK#0,"""เริ่มการเทเลพอร์ต"""
SynchronizeButtonRemoveDK#0,"""ออกจากจุดเข้า"""
SynchronizeTransferStartDK#0,"""ใช้งานเทเลพอร์ต"""
DPP1MultiBossGoto#0,"""อุปกรณ์ปล่อย Rideroid ทำงานแล้ว กรุณาไปยังยานลำเลียงภายใน 30 วินาที"""
DPP1Bootup#0,"""ใช้งานอุปกรณ์ปล่อย Rideroid หรือไม่?"""
DPP1MultiBossMessage#0,"""อุปกรณ์ปล่อย Rideroid ทำงานแล้ว<br>หลังจากนี้ 30 วินาที สมาชิกในบริเวณรอบๆ จะออกเดินทาง<br><br>หยุดอุปกรณ์ปล่อย Rideroid หรือไม่?"""
DPP1MultiBossRemove#0,"""หยุดอุปกรณ์ปล่อย Rideroid"""
DPP1MultiBossStart#0,"""เตรียมการต่อสู้เสร็จสิ้น ปล่อย Rideroids"""
DEMultiBossGoto#0,"""บันไดทำงานแล้ว ไปที่บันไดภายใน 30 วินาที"""
DEBootup#0,"""ทำงานบันไดหรือไม่?"""
DEMultiBossMessage#0,"""บันไดทำงานแล้ว<br>หลังจาก 30 วินาที สมาชิกทุกคนในพื้นที่จะมุ่งหน้าเข้าสู่การต่อสู้<br><br>หยุดการทำงานของบันไดชั่วคราวหรือไม่?"""
DEMultiBossRemove#0,"""หยุดการทำงานของบันไดชั่วคราว"""
DEMultiBossStart#0,"""การทำงานของบันไดเสร็จสมบูรณ์ คุณสามารถออกเดินทางได้แล้ว"""
BasnetGoto#0,"""เตรียมการเสร็จสมบูรณ์ มุ่งหน้าไปยังค่ายภายใน 30 วินาที"""
BasnetBootup#0,"""พร้อมออกเดินทางหรือไม่?<br>※คุณต้องมีสมาชิกอย่างน้อย $(0) คน (ปัจจุบัน: $(1))"""
BasnetBootupUnlimited#0,"""พร้อมออกเดินทางหรือไม่? (จำนวนสมาชิก: $(0))"""
BasnetBootupSkit#0,"""พร้อมออกเดินทางหรือไม่?"""
BasnetMessage#0,"""เตรียมการออกเดินทางเสร็จสมบูรณ์<br>ใน 30 วินาที สมาชิก $(0) คนจะถูกส่งไปยัง<br>สนามรบ"""
BasnetMessageSkit#0,"""เริ่มนับถอยหลัง ออกเดินทางใน 30 วินาที"""
BasnetRemove#0,"""ยกเลิกการออกเดินทาง"""
BasnetStart#0,"""กำลังออกเดินทาง"""
BasnetFailed1#0,"""ไม่สามารถออกจากค่ายได้<br>※คุณต้องมีสมาชิกเพิ่มอย่างน้อย $(0) คน"""
BasnetFailed2#0,"""ไม่สามารถออกจากค่ายได้<br>※สมาชิกบางคนของคุณยังอยู่ใน Lobby"""
BasnetTitle#0,"""มุ่งหน้าสู่สนามรบ"""
RDMultiBossGoto#0,"""การเทเลพอร์ตเริ่มต้นขึ้นแล้ว กรุณามุ่งหน้าไปยังจุดเทเลพอร์ตภายใน 30 วินาที"""
RDBootup#0,"""เริ่มการเทเลพอร์ตหรือไม่?"""
RDMultiBossMessage#0,"""นี่จะเป็นการเริ่มนับถอยหลัง การเทเลพอร์ตจะเริ่มต้นหลังจาก 30 วินาที<br><br>คุณต้องการดำเนินการต่อหรือไม่?"""
RDMultiBossRemove#0,"""หยุดการเทเลพอร์ต"""
RDMultiBossStart#0,"""การเทเลพอร์ตเริ่มต้นขึ้นแล้ว เริ่มการต่อสู้"""
OmegaBossMessage#0,"""การเทเลพอร์ตจะเริ่มต้นขึ้นเมื่อสมาชิก Party ทุกคนมาพร้อมหน้ากัน<br><br>มีเพียง Leader ของ Party เท่านั้นที่สามารถออกเดินทางก่อนได้โดยไม่ต้องรอคนอื่น"""
OmegaBossMessage_ex#0,"""การเทเลพอร์ตจะเริ่มต้นขึ้นเมื่อสมาชิก<br>Party ทุกคนมาพร้อมหน้ากัน"""
OmegaButtonForward#0,"""เริ่มการเทเลพอร์ต"""
OmegaButtonRemove#0,"""หยุดการเทเลพอร์ต"""
OmegaInaccessible#0,"""การเทเลพอร์ตไม่สามารถใช้งานได้ในขณะนี้<br><br>คุณจะสามารถเทเลพอร์ตได้อีกครั้งหลังจากผ่านไประยะหนึ่ง"""
OmegaTransferStart#0,"""สิ้นสุดการนับถอยหลัง เริ่มการเทเลพอร์ต"""
OmegaMultiBossWakeUp#0,"""เริ่มการเทเลพอร์ตหรือไม่?"""
OmegaMultiBossMessage#0,"""นี่จะเป็นการเริ่มนับถอยหลัง การเทเลพอร์ตจะเริ่มต้นหลังจาก 30 วินาที<br><br>คุณต้องการดำเนินการต่อหรือไม่?"""
OmegaMultiBossRemove#0,"""ยกเลิกการเทเลพอร์ต"""
OmegaMultiBossGoto#0,"""เริ่มนับถอยหลัง กรุณาไปที่จุดวาร์ปภายใน 30 วินาที"""
OmegaMultiBossTrans#0,"""สิ้นสุดการนับถอยหลัง เริ่มการเทเลพอร์ต"""
OmegaBossTitle#0,"""เริ่มการเทเลพอร์ต"""
OmegaMultiBossMessageExc#0,"""การเทเลพอร์ตจะเริ่มต้นขึ้นในไม่ช้า คุณจะถูกเทเลพอร์ตไปหลังจากผ่านไประยะหนึ่ง<br><br>คุณต้องการดำเนินการต่อหรือไม่?"""
OmegaMultiBossGotoExc#0,"""การเทเลพอร์ตเริ่มต้นขึ้นแล้ว กรุณามุ่งหน้าไปยังจุดเทเลพอร์ตภายในเวลาที่กำหนด"""
SelectDifficultyQuestLV#0,"""เลือกระดับความยากของ Quest<br>(พื้นที่ที่ไปถึง/$(0))"""
SelectDifficultyQuestLV0#0,"""เลือกระดับความยากของ Quest<br>(พื้นที่ที่ไปถึง/ยังไม่ได้สำรวจ)"""
SelectDifficultyQuestCountCheck#0,"""เริ่ม Quest หรือไม่?<br>(คุณสามารถเคลียร์ Quest นี้ได้อีก <red>$(0)<c> ครั้ง)<br><br><br>※จำนวนครั้งที่เคลียร์ได้จะรีเซ็ตหลัง <utc>20:00</utc><br>※จำนวนครั้งที่เคลียร์ได้จะไม่ทบยอดไปยังวันถัดไป<br>※การเคลียร์จะใช้จำนวนครั้งที่สามารถเคลียร์ได้"""
DPP1MultiBossMessageExc#0,"""อุปกรณ์ปล่อย Rideroid ทำงานแล้ว<br>หลังจากผ่านไประยะหนึ่ง สมาชิกที่อยู่รอบๆ จะออกเดินทาง<br><br>หยุดอุปกรณ์ปล่อย Rideroid หรือไม่?"""
DPP1MultiBossGotoExc#0,"""อุปกรณ์ปล่อย Rideroid ทำงานแล้ว กรุณามุ่งหน้าไปยังยานลำเลียงภายในเวลาที่กำหนด"""
DEMultiBossMessageExc#0,"""วงเวททำงานแล้ว<br>หลังจากผ่านไประยะหนึ่ง สมาชิกที่อยู่รอบๆ จะออกเดินทาง<br><br>หยุดการทำงานของวงเวทหรือไม่?"""
DEMultiBossGotoExc#0,"""วงเวททำงานแล้ว กรุณามุ่งหน้าไปยังวงเวทภายในเวลาที่กำหนด"""
PhantomShipMultiBossMessageExc#0,"""อุปกรณ์ขึ้นขับ A.I.S. ทำงานแล้ว<br>หลังจากผ่านไปสักครู่ สมาชิก Party ในโรงเก็บจะขึ้นขับ A.I.S.<br><br>หยุดอุปกรณ์ขึ้นขับ A.I.S. หรือไม่?"""
PhantomShipMultiBossGotoExc#0,"""อุปกรณ์ขึ้นขับ A.I.S. ทำงานแล้ว กรุณามุ่งหน้าไปยังโรงเก็บ A.I.S. โดยเร็วที่สุด"""
BasnetMessageExc#0,"""เตรียมการออกรบเสร็จสมบูรณ์แล้ว<br>หลังจากผ่านไประยะหนึ่ง สมาชิกจำนวน $(0) คนจะเข้าร่วมการต่อสู้"""
BasnetGotoExc#0,"""เตรียมการออกรบเสร็จสมบูรณ์แล้ว กรุณามุ่งหน้าไปยังค่ายภายในเวลาที่กำหนด"""
BasnetMessageSkitExc#0,"""เตรียมการออกรบเสร็จสมบูรณ์แล้ว<br>หลังจากผ่านไประยะหนึ่ง สมาชิกที่อยู่รอบๆ จะเข้าร่วมการต่อสู้"""
RDMultiBossMessageExc#0,"""บาเรียเทเลพอร์ตทำงานแล้ว<br>หลังจากผ่านไประยะหนึ่ง สมาชิกที่อยู่รอบๆ จะออกเดินทาง<br><br>หยุดบาเรียเทเลพอร์ตหรือไม่?"""
RDMultiBossGotoExc#0,"""บาเรียเทเลพอร์ตทำงานแล้ว กรุณามุ่งหน้าไปยังจุดเทเลพอร์ตภายในเวลาที่กำหนด"""
DKMultiBossMessageExc#0,"""สมาชิกที่อยู่ในบริเวณใกล้เคียงจะถูกเทเลพอร์ตหลังจากผ่านไประยะหนึ่ง<br><br>ออกจากจุดเข้า หรือไม่?"""
DKMultiBossGotoExc#0,"""จุดเข้า ทำงานแล้ว กรุณามุ่งหน้าไปยังจุดเข้าภายในเวลาที่กำหนด"""
MEDMultiBossGoto#0,"""เริ่มต้นการเตรียมการแล้ว กรุณามุ่งหน้าไปยังยานลำเลียงภายใน 30 วินาที"""
MEDMultiBossWakeUp#0,"""เริ่มการเตรียมการหรือไม่?"""
MEDMultiBossMessage#0,"""นี่จะเป็นการเริ่มการเตรียมการ<br>หลังจาก 30 วินาที ปฏิบัติการจะเริ่มต้นขึ้นพร้อมกับสมาชิกที่อยู่ในบริเวณ<br><br>ตกลงหรือไม่?"""
MEDMultiBossRemove#0,"""ยกเลิกการเตรียมการแล้ว"""
MEDMultiBossTrans#0,"""เตรียมการเสร็จสมบูรณ์ เดินทางไปยังมิติที่บิดเบี้ยว"""
MEDInaccessible#0,"""ยกเลิกการเตรียมการแล้ว"""
SynchronizeBossTitleMED#0,"""Photon Afterburner"""
SynchronizeInaccessibleMED#0,"""Photon Afterburner เริ่มทำงานแล้ว<br>กรุณารอสักครู่ก่อนที่จะเข้าใช้งานแผงควบคุม afterburner อีกครั้ง"""
SynchronizeButtonRemoveMED#0,"""ยกเลิกการเตรียมการ"""
ArmadaQuestGoto1#0,"""ขั้นตอนการปล่อยตัวเริ่มต้นขึ้นแล้ว กรุณามุ่งหน้าไปยังโรงเก็บ"""
ArmadaQuestGoto1Exc#0,"""ขั้นตอนการปล่อยตัวเริ่มต้นขึ้นแล้ว กรุณามุ่งหน้าไปยังโรงเก็บ"""
ArmadaQuestStart#0,"""เตรียมการเสร็จสมบูรณ์ ปะทะได้"""
ArmadaBootup#0,"""เริ่มการปล่อยตัวตอนนี้เลยหรือไม่?"""
SynchronizeArmadaTitle#0,"""แผงควบคุมขั้นตอนการปล่อยตัว"""
SynchronizeArmadaInaccessible#0,"""แผงควบคุมขั้นตอนการปล่อยตัวกำลังทำงานอยู่ กรุณารอสักครู่แล้วลองใหม่อีกครั้งในภายหลัง"""
ArmadaMessage1Exc#0,"""เริ่มขั้นตอนการปล่อยตัวแล้ว หลังจากนี้สักครู่ สมาชิกทุกคนในโรงเก็บจะถูกส่งออกไป<br><br>คุณต้องการยกเลิกการปล่อยตัวหรือไม่?"""
ArmadaMessage2Exc#0,"""ขั้นตอนการขึ้นขับ A.I.S. เริ่มต้นขึ้นแล้ว หลังจากนี้สักครู่ สมาชิกทุกคนในโรงเก็บจะถูกปล่อยตัว<br><br>คุณต้องการยกเลิกการขึ้นขับ A.I.S. หรือไม่?"""
ArmadaMessage1#0,"""เริ่มขั้นตอนการปล่อยตัวแล้ว หลังจากนี้สักครู่ สมาชิกทุกคนในโรงเก็บจะถูกส่งออกไป<br><br>คุณต้องการยกเลิกการปล่อยตัวหรือไม่?"""
ArmadaMessage2#0,"""ขั้นตอนการขึ้นขับ A.I.S. เริ่มต้นขึ้นแล้ว หลังจากนี้สักครู่ สมาชิกทุกคนในโรงเก็บจะถูกปล่อยตัว<br><br>คุณต้องการยกเลิกการขึ้นขับ A.I.S. หรือไม่?"""
ArmadaRemove1#0,"""ยกเลิกขั้นตอนการปล่อยตัว"""
ArmadaRemove2#0,"""ยกเลิกขั้นตอนการขึ้นขับ"""
ArmadaQuestGoto2#0,"""เริ่มขั้นตอนการขึ้นขับ A.I.S. แล้ว กรุณามุ่งหน้าไปยังโรงเก็บ"""
ArmadaQuestGoto2Exc#0,"""เริ่มขั้นตอนการขึ้นขับ A.I.S. แล้ว กรุณามุ่งหน้าไปยังโรงเก็บ"""
PrismMultiBossGoto#0,"""อุปกรณ์ขึ้นขับ A.I.S. ทำงานแล้ว กรุณาไปที่โรงเก็บ A.I.S. ภายใน 30 วินาที"""
PrismMultiBossGotoExc#0,"""อุปกรณ์ขึ้นขับ A.I.S. ทำงานแล้ว กรุณาไปที่โรงเก็บ A.I.S. ภายใน 30 วินาที"""
PrismBootup#0,"""ใช้งานอุปกรณ์ขึ้นขับ A.I.S. หรือไม่?"""
PrismMultiBossMessage#0,"""อุปกรณ์ขึ้นขับ A.I.S. ทำงานแล้ว<br>หลังจาก 30 วินาที สมาชิก Party ที่อยู่ในโรงเก็บจะขึ้นขับ A.I.S.<br><br>หยุดอุปกรณ์ขึ้นขับ A.I.S. หรือไม่?"""
PrismMultiBossMessageExc#0,"""อุปกรณ์ขึ้นขับ A.I.S. ทำงานแล้ว<br>หลังจาก 30 วินาที สมาชิก Party ที่อยู่ในโรงเก็บจะขึ้นขับ A.I.S.<br><br>หยุดอุปกรณ์ขึ้นขับ A.I.S. หรือไม่?"""
PrismMultiBossRemove#0,"""หยุดอุปกรณ์ขึ้นขับ A.I.S."""
PrismMultiBossStart#0,"""เตรียมการเสร็จสมบูรณ์ ปะทะได้"""
CypherBossTitle#0,"""อุปกรณ์เทเลพอร์ต"""
CypherBossMessage#0,"""การเทเลพอร์ตเริ่มต้นขึ้นแล้ว<br>สมาชิกทุกคนที่อยู่ใกล้อุปกรณ์เทเลพอร์ตจะถูกเทเลพอร์ตในไม่ช้า<br><br>คุณต้องการยกเลิกการเทเลพอร์ตหรือไม่?"""
CypherButtonForward#0,"""เริ่มการทำงานของอุปกรณ์เทเลพอร์ตหรือไม่?"""
CypherButtonRemove#0,"""ยกเลิกการเทเลพอร์ต"""
CypherInaccessible#0,"""อุปกรณ์เทเลพอร์ตไม่สามารถใช้งานได้ในขณะนี้<br><br>มันจะกลับมาใช้งานได้ในอีกไม่ช้า"""
CypherTransferStart#0,"""อุปกรณ์เทเลพอร์ตทำงานแล้ว กำลังเทเลพอร์ต"""
CypherMultiBossTrans#0,"""สิ้นสุดการนับถอยหลัง กำลังเทเลพอร์ต"""
CypherMultiBossGoto#0,"""การเทเลพอร์ตเริ่มต้นขึ้นแล้ว<br>กรุณามุ่งหน้าไปยังอุปกรณ์เทเลพอร์ตโดยด่วน"""
CypherMultiBossWakeUp#0,"""เริ่มการทำงานของอุปกรณ์เทเลพอร์ตหรือไม่?"""
CypherMultiBossMessageExc#0,"""การเทเลพอร์ตเริ่มต้นขึ้นแล้ว<br>สมาชิกทุกคนที่อยู่ใกล้อุปกรณ์เทเลพอร์ตจะถูกเทเลพอร์ตในไม่ช้า<br><br>คุณต้องการยกเลิกการเทเลพอร์ตหรือไม่?"""
CypherMultiBossRemove#0,"""ยกเลิกการเทเลพอร์ต"""
CypherMultiBossMessage#0,"""การเทเลพอร์ตเริ่มต้นขึ้นแล้ว<br>สมาชิกทุกคนที่อยู่ใกล้อุปกรณ์เทเลพอร์ตจะถูกเทเลพอร์ตในไม่ช้า<br><br>คุณต้องการยกเลิกการเทเลพอร์ตหรือไม่?"""
CypherMultiBossGotoExc#0,"""การเทเลพอร์ตเริ่มต้นขึ้นแล้ว<br>กรุณามุ่งหน้าไปยังอุปกรณ์เทเลพอร์ตโดยด่วน"""
BhMultiBossGoto#0,"""อุปกรณ์ขึ้นขับ A.I.S. ทำงานแล้ว กรุณามุ่งหน้าไปยังหัวเรือรบภายใน 30 วินาที"""
BhMultiBossGotoExc#0,"""อุปกรณ์ขึ้นขับ A.I.S. ทำงานแล้ว กรุณามุ่งหน้าไปยังหัวเรือรบภายใน 30 วินาที"""
BhBootup#0,"""ใช้งานอุปกรณ์ขึ้นขับ A.I.S. หรือไม่?"""
BhMultiBossMessage#0,"""อุปกรณ์ขึ้นขับ A.I.S. ทำงานแล้ว<br>หลังจาก 30 วินาที สมาชิก Party ที่อยู่บริเวณหัวเรือรบจะขึ้นขับ A.I.S.<br><br>หยุดอุปกรณ์ขึ้นขับ A.I.S. หรือไม่?"""
BhMultiBossMessageExc#0,"""อุปกรณ์ขึ้นขับ A.I.S. ทำงานแล้ว<br>หลังจาก 30 วินาที สมาชิก Party ที่อยู่บริเวณหัวเรือรบจะขึ้นขับ A.I.S.<br><br>หยุดอุปกรณ์ขึ้นขับ A.I.S. หรือไม่?"""
BhMultiBossRemove#0,"""หยุดอุปกรณ์ขึ้นขับ A.I.S."""
BhMultiBossStart#0,"""เตรียมการเสร็จสมบูรณ์ ปะทะได้"""
DBMultiBossGoto#0,"""กำลังเตรียมการเทเลพอร์ต กรุณารวมตัวกันในพื้นที่เทเลพอร์ตภายใน 30 วินาทีถัดไป"""
DBMultiBossGotoExc#0,"""กำลังเตรียมการเทเลพอร์ต กรุณารวมตัวกันในพื้นที่เทเลพอร์ตภายใน 30 วินาทีถัดไป"""
DBMultiBossStart#0,"""เตรียมการเสร็จสมบูรณ์ เริ่มปะทะ"""
DBBootup#0,"""คุณต้องการเริ่มการต่อสู้กับ [Primordial Darkness] หรือไม่?"""
DBMultiBossMessage#0,"""การเทเลพอร์ตเริ่มต้นขึ้นแล้ว<br>สมาชิกทุกคนที่อยู่ใกล้อุปกรณ์เทเลพอร์ตจะถูกเทเลพอร์ตในไม่ช้า<br><br>คุณต้องการยกเลิกการเทเลพอร์ตหรือไม่?"""
DBMultiBossMessageExc#0,"""การเทเลพอร์ตเริ่มต้นขึ้นแล้ว<br>สมาชิกทุกคนที่อยู่ใกล้อุปกรณ์เทเลพอร์ตจะถูกเทเลพอร์ตในไม่ช้า<br><br>คุณต้องการยกเลิกการเทเลพอร์ตหรือไม่?"""
DBMultiBossRemove#0,"""ยกเลิกการเทเลพอร์ต"""
DFMultiBossStart#0,"""กำลังปะทะ"""
DFBootup#0,"""คุณต้องการเริ่มการต่อสู้ครั้งสุดท้ายกับ [Primordial Darkness] หรือไม่?<br><yellow>※เมื่อคุณเริ่มกระบวนการนี้แล้ว จะไม่สามารถยกเลิกได้<c>"""
DFSoloMultiBossStart#0,"""เตรียมตัวพร้อมแล้ว การต่อสู้ครั้งสุดท้ายจะเริ่มต้นขึ้น"""
DFSoloBootup#0,"""เริ่มการต่อสู้ครั้งสุดท้ายกับ [Primordial Darkness] หรือไม่?"""
MackMultiBossGoto#0,"""การเทเลพอร์ตเริ่มต้นขึ้นแล้ว<br>กรุณามุ่งหน้าไปยังอุปกรณ์เทเลพอร์ตโดยด่วน"""
MackMultiBossGotoExc#0,"""การเทเลพอร์ตเริ่มต้นขึ้นแล้ว<br>กรุณามุ่งหน้าไปยังอุปกรณ์เทเลพอร์ตโดยด่วน"""
MackMultiBossStart#0,"""สิ้นสุดการนับถอยหลัง กำลังเทเลพอร์ต"""
MackBootup#0,"""ทำงาน Teleporter หรือไม่?"""
MackMultiBossMessage#0,"""Teleporter ทำงานแล้ว<br>สมาชิกทุกคนที่อยู่ใน Teleporter จะถูกเทเลพอร์ตในไม่ช้า<br><br>คุณต้องการหยุด Teleporter หรือไม่?"""
MackMultiBossMessageExc#0,"""Teleporter ทำงานแล้ว<br>สมาชิกทุกคนที่อยู่ใน Teleporter จะถูกเทเลพอร์ตในไม่ช้า<br><br>คุณต้องการหยุด Teleporter หรือไม่?"""
MackMultiBossRemove#0,"""หยุด Teleporter"""
DBMultiBossGotoSt#0,"""กรุณารอสักครู่"""
DBMultiBossMessageSt#0,"""คุณต้องการหันหลังกลับหรือไม่?"""
DFSoloMultiBossMessageExc#0,"""กำลังเริ่มการเตรียมการ<br>การต่อสู้ครั้งสุดท้ายจะเริ่มต้นขึ้นในไม่ช้า<br><br>คุณต้องการหันหลังกลับหรือไม่?"""
DFSoloMultiBossRemove#0,"""หยุดการเตรียมการ"""
DBBootupSt#0,"""คุณได้ยินเสียงเรียกหาคุณ<br>คุณจะตามเสียงนั้นไปหรือไม่?"""
DBMultiBossStartSt#0,"""ฉันจะตามหาต้นตอของเสียงนั้น"""
DBMultiBossRemoveSt#0,"""หันหลังกลับ"""
DBMultiBossMessageStExc#0,"""คุณต้องการหันหลังกลับหรือไม่?"""
DBMultiBossGotoStExc#0,"""กรุณารอสักครู่"""
Area_0#0,"""Mini Room ของ $(0)"""
Area_1#0,"""Room ของ $(0)"""
Area_2#0,"""Room ของ $(0)"""
MyRoom_Error_UserFull#0,"""ไม่สามารถเข้าสู่ Room ที่เลือกได้<br>เนื่องจากห้องเต็ม"""
"MyRoom_Error_NotFound,#0","""ไม่พบ Room ที่ร้องขอ<br><br>[No.1042］"""
"MyRoom_Error_BlackList,#0","""ไม่สามารถเข้าสู่ Room ได้ เนื่องจากคุณได้บล็อกเจ้าของห้องไว้"""
"MyRoom_Error_Denied,#0","""ไม่สามารถเข้าสู่ Room ที่เลือกได้<br><br>[No.1043］"""
"MyRoom_Error_Unknown,#0","""เกิดข้อผิดพลาดระหว่างการเข้า ไม่สามารถเข้าสู่ Room ที่เลือกได้<br><br>[No.1044］"""
MyRoom_Error_Exception#0,"""ไม่สามารถเข้าสู่ Room ที่เลือกได้<br>เนื่องจากเกิดปัญหาระหว่างการเข้า<br><br>[No.1045]"""
Area#1,"""Team Room ของ $(0)"""
GuildRoom_Error_UserFull#0,"""ไม่สามารถเข้า Team Room ที่เลือกได้<br>เนื่องจากมีคนหนาแน่น"""
"GuildRoom_Error_NotFound,#0","""ไม่พบ Team Room<br>ที่เลือก<br><br>[No.1052］"""
"GuildRoom_Error_BlackList,#0","""ไม่สามารถเข้าได้<br>เนื่องจากเจ้าของ Team Room ที่เลือก<br>อยู่ในรายชื่อที่ถูกบล็อก"""
"GuildRoom_Error_Denied,#0","""ไม่สามารถเข้า<br>Team Room ที่เลือกได้<br><br>[No.1053］"""
"GuildRoom_Error_Unknown,#0","""ไม่สามารถเข้าได้<br>เนื่องจากเกิดปัญหาขึ้น<br>ขณะเข้าสู่ Team Room ที่เลือก<br><br>[No.1054］"""
GuildRoom_Error_Exception#0,"""ไม่สามารถเข้าได้<br>เนื่องจากเกิดปัญหาขึ้น<br>ขณะเข้าสู่ Team Room ที่เลือก<br><br>[No.1055］"""
TeamBoost_MainForm_Title#0,"""Photon Tree"""
TeamBoost_MainForm_Item_Effect#0,"""รับเอฟเฟกต์ Support Photon"""
TeamBoost_MainForm_Item_Treat#0,"""รดน้ำด้วย Photon Water"""
TeamBoost_MainForm_Item_Grow#0,"""ดูแล Tree"""
TeamBoost_MainForm_Item_GrowCheck#0,"""ยืนยันการดูแล Tree"""
TeamBoost_MainForm_Item_EffectCheck#0,"""ตรวจสอบ Support Photons"""
TeamBoost_EffectForm_Title#0,"""เลือกเอฟเฟกต์"""
TeamBoost_EffectForm_Tag_Name#0,"""ชื่อเอฟเฟกต์"""
TeamBoost_EffectForm_Tag_Effect#0,"""เอฟเฟกต์"""
TeamBoost_EffectForm_Percentage#0,"""$(0)%"""
TeamBoost_EffectForm_Time#0,"""$(0) ชั่วโมง"""
TeamBoost_EffectForm_PercentageLV#0,"""Lv.$(1) (เพิ่มขึ้น $(0)%)"""
TeamBoost_EffectForm_TimeLV#0,"""Lv.$(1) ($(0) ชั่วโมง)"""
TeamBoost_EffectForm_AttackUp#0,"""Attack Boost"""
TeamBoost_EffectForm_DefenceUp#0,"""Defense Boost"""
TeamBoost_EffectForm_ExpUp#0,"""Experience Boost"""
TeamBoost_EffectForm_MesetaUp#0,"""Meseta Boost"""
TeamBoost_EffectForm_RareDropUp#0,"""Rare Drop Rate Boost"""
TeamBoost_EffectForm_BoostUp#0,"""อัตราการเกิด Photon"""
TeamBoost_EffectForm_ContinueTime#0,"""ระยะเวลาเกิด Photon"""
TeamBoost_EffectMessage#0,"""ได้รับเอฟเฟกต์ [$(0)] แล้ว"""
TeamBoost_TreatForm_Title#0,"""รดน้ำด้วย Photon Water"""
TeamBoost_TreatForm_Tag_Value#0,"""จำนวน"""
TeamBoost_TreatForm_Tag_Point#0,"""Team Point ที่ใช้"""
TeamBoost_TreatForm_Water_Full#0,"""จนเต็ม"""
TeamBoost_TreatForm_Water_High#0,"""อย่างมาก"""
TeamBoost_TreatForm_Water_Medium#0,"""ปานกลาง"""
TeamBoost_TreatForm_Water_Low#0,"""เล็กน้อย"""
TeamBoost_TreatForm_Water_Min#0,"""นิดหน่อย"""
TeamBoost_TreatForm_Water_Full_Message#0,"""คุณจะใช้ $(1) TP เพื่อเติม<br>Photon Water จนเต็ม<br>(พอยต์ปัจจุบัน: $(0) TP)<br>ดำเนินการต่อหรือไม่?"""
TeamBoost_TreatForm_Water_High_Message#0,"""คุณจะใช้ $(1) TP เพื่อเติม<br>Photon Water อย่างมาก<br>(พอยต์ปัจจุบัน: $(0) TP)<br>ดำเนินการต่อหรือไม่?"""
TeamBoost_TreatForm_Water_Medium_Message#0,"""คุณจะใช้ $(1) TP เพื่อเติม<br>Photon Water ปานกลาง<br>(พอยต์ปัจจุบัน: $(0) TP)<br>ดำเนินการต่อหรือไม่?"""
TeamBoost_TreatForm_Water_Low_Message#0,"""คุณจะใช้ $(1) TP เพื่อเติม<br>Photon Water เล็กน้อย<br>(พอยต์ปัจจุบัน: $(0) TP)<br>ตกลงหรือไม่?"""
TeamBoost_TreatForm_Water_Min_Message#0,"""คุณจะใช้ $(1) TP เพื่อเติม<br>Photon Water นิดหน่อย<br>(พอยต์ปัจจุบัน: $(0) TP)<br>ดำเนินการต่อหรือไม่?"""
TeamBoost_TreatForm_Water_Message#0,"""เติม Photon Water ไป $(0) แล้ว"""
TeamBoost_GrowForm_Title#0,"""เลือกเอฟเฟกต์การเติบโต"""
TeamBoost_GrowForm_Tag_Name#0,"""ชื่อเอฟเฟกต์"""
TeamBoost_GrowForm_Tag_Grow#0,"""เอฟเฟกต์ที่เพิ่มขึ้น"""
TeamBoost_GrowForm_Tag_TeamPoint#0,"""Team Point ที่ใช้"""
TeamBoost_GrowForm_PercentageLV#0,"""Lv.$(1)($(0)%)"""
TeamBoost_GrowForm_TimeLV#0,"""Lv.$(1) ($(0) ชั่วโมง)"""
TeamBoost_GrowForm_Grow_Check_Message#0,"""คุณจะใช้ $(2) TP เพื่อ<br>เพิ่มเลเวล $(0)<br>(พอยต์ปัจจุบัน: $(1) TP)<br>ดำเนินการต่อหรือไม่?"""
TeamBoost_GrowForm_Grow_Message#0,"""$(0) ของ Photon Tree ได้รับการพัฒนาแล้ว"""
TeamBoost_Error_Unknown#0,"""เกิดข้อผิดพลาด การเลือกของคุณจึง<br>ถูกยกเลิก<br>กรุณารอสักครู่แล้วลองใหม่อีกครั้ง<br><br>[No. 1049]"""
TeamBoost_Error_NotMember#0,"""คุณต้องเป็นสมาชิกของ Team<br>จึงจะใช้ฟีเจอร์นี้ได้<br>กรุณาตรวจสอบสถานะ Team ของคุณ"""
TeamBoost_Error_NoPrivilege#0,"""คุณต้องมีตำแหน่ง Manager ขึ้นไป<br>จึงจะใช้ฟีเจอร์นี้ได้<br>กรุณาตรวจสอบตำแหน่งใน Team ปัจจุบันของคุณ"""
TeamBoost_Error_LevelMismatch#0,"""สมาชิก Team คนอื่นอาจจะ<br>เพิ่มเลเวลของสิ่งที่เลือกไปแล้ว<br>กรุณาตรวจสอบเลเวลปัจจุบัน"""
TeamBoost_Error_Water_Max#0,"""การทำเช่นนี้จะเกินขีดจำกัดของ Photon Water<br><br>กรุณาตรวจสอบสถานะของ Photon Tree<br>สมาชิก Team อาจจะ<br>เติม Photon Water ไปแล้ว"""
TeamBoost_Error_NotEnough#0,"""Team Points ไม่เพียงพอ<br>กรุณาตรวจสอบ Team Points"""
TeamBoost_Error_PortError#0,"""เกิดข้อผิดพลาด การเลือกของคุณจึง<br>ถูกยกเลิก<br>กรุณารอสักครู่แล้วลองใหม่อีกครั้ง<br><br>[No. 1050]"""
TeamBoost_Error_DontHave#0,"""ไม่สามารถใช้ Support Photon Effect ที่เลือกได้<br>กรุณาตรวจสอบ Support Photon Effects ของคุณ"""
TeamBoost_Error_NotHappen#0,"""ไม่สามารถเปิดใช้งาน Support Photon Effect ได้<br>กรุณาตรวจสอบ Support Photon Effects ที่กำลังทำงานอยู่"""
TeamBoost_Error_Unexpected#0,"""เกิดข้อผิดพลาด การเลือกของคุณจึง<br>ถูกยกเลิก<br>กรุณารอสักครู่แล้วลองใหม่อีกครั้ง<br><br>[No. 1051]"""
TeamBoost_end#0,"""Support Photon Effect หมดอายุแล้ว"""
Msg_Accept#0,"""-"""
CharaSelectFormTitle#0,"""Client Orders ที่รับมา"""
SelectAllAccepted#0,"""Client Orders ของทุกคน"""
SelectDailyAccepted#0,"""Daily Orders"""
SelectGuildAccepted#0,"""Team Orders"""
OrderSelectTitle#0,"""เลือก Client Orders"""
OrderNone#0,"""ไม่มี Client Orders"""
SortAsDefault#0,"""การจัดเรียงเริ่มต้น"""
SortAsAccept#0,"""Orders ที่รับมา"""
SortAsNew#0,"""Orders ที่ยังไม่ได้รับ"""
SortAsClear#0,"""Orders ที่สำเร็จแล้ว"""
FilterAll#0,"""$(0). แสดงทั้งหมด"""
FilterForest#0,"""$(0). Forest"""
FilterLaveCave#0,"""$(0). Volcanic Caverns"""
FilterDesert#0,"""$(0). Desert"""
FilterSnowMountain#0,"""$(0). Tundra"""
FilterTunnel#0,"""$(0). Tunnels"""
FilterFly#0,"""$(0). Skyscape"""
FilterRuins#0,"""$(0). Ruins"""
FilterDragon#0,"""$(0). Sanctum"""
FilterCity#0,"""$(0). Urban"""
FilterOther#0,"""$(0). อื่นๆ"""
FilterCity_vitacbt#0,"""$(0). Urban"""
FilterOther_vitacbt#0,"""$(0). อื่นๆ"""
FilterCoast#0,"""$(0). Coast"""
FilterMine#0,"""$(0). Quarry"""
FilterSeafloor#0,"""$(0). Seabed"""
FilterCastleTown#0,"""$(0). Shironia"""
FilterWopal3#0,"""$(0). Facility"""
FilterCastleTown2#0,"""$(0). Kuron"""
FilterTokyo#0,"""$(0). Tokyo"""
FilterLasVegas#0,"""$(0). Las Vegas"""
FilterUltForest#0,"""$(0). Corrupted Area: Forest"""
FilterUltTunnel#0,"""$(0). Corrupted Area: Tunnels"""
FilterUltLavaCave#0,"""$(0). Corrupted Area: Volcanic Caverns"""
FilterGlassland#0,"""$(0). Prairie"""
FilterWasteland#0,"""$(0). Wastelands"""
FilterEnchantingForest#0,"""$(0). Enchanted Forest"""
FilterOmega#0,"""$(0). Another World Omega"""
OrderClear_Client#0,"""CLIENT ORDER"""
OrderClear_Matter#0,"""MATTER ORDER"""
OrderClear_Daily#0,"""DAILY ORDER"""
OrderClear_Guild#0,"""TEAM ORDER"""
CheckAccept#0,"""คุณต้องการรับ order นี้หรือไม่?"""
CheckReject#0,"""คุณต้องการยกเลิก order นี้หรือไม่?"""
CheckReward#0,"""คุณต้องการส่ง order นี้หรือไม่?"""
DisableReject#0,"""คุณไม่สามารถยกเลิก orders ได้ในระหว่างทำ quest"""
Toast_Message_No_Order#0,"""คุณไม่มี orders"""
List_Message_Connection#0,"""กรุณารอสักครู่"""
Chara_OrderNum#0,"""รับ $(0) แล้ว"""
Chara_Accepted#0,"""-"""
PropertyTitle#0,"""ข้อมูล Client Order"""
Property_ClientName#0,"""ชื่อ Client"""
Property_OrderName#0,"""ชื่อ Order"""
Property_Reward#0,"""รางวัลเมื่อเคลียร์"""
Property_Explanation#0,"""ข้อความจาก Client"""
Property_Target#0,"""เป้าหมาย"""
Property_Delivery#0,"""ไอเทมที่ต้องส่ง"""
Property_TargetNum1#0,"""x"""
Property_TargetNum2#0,"""$(0)/"""
Property_Cross#0,"""x"""
Property_Meseta#0,"""Meseta"""
Property_Exp#0,"""EXP"""
Property_ExpMax#0,""" (สูงสุด $(0))"""
Property_GuildExp#0,"""Team Points"""
Property_QuesrClear#0,"""จำนวนที่เคลียร์"""
Property_EnemyKill#0,"""จำนวนที่กำจัด"""
Property_GuildExpLeast#0,"""สัปดาห์นี้ยังสามารถรับ TP ได้อีก $(0) TP"""
Property_Info#0,"""รางวัลจะเพิ่มขึ้นตามสัดส่วน"""
Property_Item#0,"""ไอเทม"""
Item_Detail_Title#0,"""รายละเอียดไอเทม"""
OrderSelectTitle_Daily#0,"""เลือก Daily Order"""
OrderNone_Daily#0,"""ไม่มี Daily Orders"""
PropertyTitle_Daily#0,"""รายละเอียด Daily Order"""
Item_Deliver_Title#0,"""ส่งไอเทม"""
Item_Deliver#0,"""กรุณากรอกจำนวนของ $(0)<br>ส่งได้: $(1)"""
Item_Delivers#0,"""กรุณากรอกจำนวนไอเทม<br>ส่งได้: $(0)"""
Item_Deliver_Exp#0,"""EXP: $(0)"""
Item_Deliver_Meseta#0,"""Meseta: $(0)"""
item_Deliver_GuildExp#0,"""รางวัล TP: $(0)"""
item_Deliver_Layout#0,"""($(0)\u3000$(1))"""
OrderType_Daily#0,"""Daily Order"""
OrderType_Team#0,"""Team Orders"""
GuildOrder_Janitor#0,"""พนักงาน Team Counter"""
DailyOrder_Janitor#0,"""ผู้ดูแล Daily Order"""
OrderPanelName_Vita#0,"""Order Client"""
OrderPanelNum_Vita#0,"""รับแล้ว"""
Chara_OrderNum_Vita#0,"""$(0)"""
Yellow#0,"""<yellow>$(0)<c>"""
Red#0,"""<red>$(0)<c>"""
Premium#0,"""ในขณะที่ใช้งาน Premium"""
Divide#0,"""$(0)/$(1)"""
Count#2,"""$(0)"""
CurrentNum#0,"""($(0)/$(1))"""
CurrentNum_Equal#0,"""(<c ff9c70>$(0)/$(1)<c>)"""
CurrentNum_Over#0,"""(<c ff0000>$(0)/$(1)<c>)"""
DictatePartner#0,"""ออกคำสั่ง Search Orders"""
OrderSelect#0,"""เลือก Client Orders"""
PartnerStart#0,"""ออกเดินทาง"""
PartnerCancel#0,"""ยกเลิก Search Orders"""
PartnerOrderCount#0,"""$(0) orders"""
TitleOrder#0,"""Client Orders"""
ListAccept#0,"""Orders ที่รับมา"""
ListRecommended#0,"""Orders ที่แนะนำสำหรับ Quest ที่รับมา"""
ListAll#0,"""Client Orders ของทุกคน"""
ListPossible#0,"""Client Orders สำหรับพื้นที่ของ Quest ปัจจุบัน"""
Accept#0,"""รับ Orders"""
Select#0,"""เลือกหลายรายการ"""
Title#12,"""สเตตัสพื้นฐาน"""
Decide#0,"""ส่ง"""
Message#1,"""กรุณากรอก Item Code ของคุณ<br><br>ใช้งาน 【 System Storage 】 ภายในเมนู 【 Collection Storage 】<br>เพื่อรับไอเทมของคุณ<br><br><yellow>※หากคุณกรอก Code ผิดพลาดมากกว่า<br> 10 ครั้ง คุณจะไม่สามารถใช้งานได้<br> จนกว่าจะถึงการปิดปรับปรุงเซิร์ฟเวอร์ครั้งถัดไป<c>"""
Message_v#1,"""กรุณากรอก Item Code ของคุณ<br><br>ใช้งานเมนู 【 System Storage 】<br>เพื่อรับไอเทมของคุณ<br><br><yellow>※หากคุณกรอก Code ผิดพลาดมากกว่า<br> 10 ครั้ง คุณจะไม่สามารถใช้งานได้<br> จนกว่าจะถึงการปิดปรับปรุงเซิร์ฟเวอร์ครั้งถัดไป<c>"""
ItemGetMessage#0,"""คุณได้รับ $(0)"""
ItemGetMessage_Num#0,"""ได้รับ $(0) x$(1)"""
ItemGetMessage_Red#0,"""ได้รับ <light_red2>$(0)<c>"""
ItemGetMessage_Red_Num#0,"""ได้รับ <light_red2>$(0) x$(1)<c>"""
ErrorItemGetMessage#0,"""แลกรับไอเทมสำเร็จ"""
ErrorItemCodeMessage#0,"""Item Code ที่กรอกไม่ถูกต้อง<br>กรุณาตรวจสอบ Code อีกครั้งแล้วลองใหม่"""
ErrorServerMessage#0,"""ไม่สามารถแลกรับไอเทมได้<br><br>[No.1046]"""
ErrorItemCodeLenMessage#0,"""Item Code ที่คุณกรอกสั้นเกินไป กรุณากรอกให้ครบ 16 ตัวอักษรแล้วลองใหม่"""
ErrorItemCodePeriodMessage#0,"""คุณไม่สามารถรับไอเทมได้เนื่องจาก Item Code ไม่ถูกต้อง<br><br>กรุณาตรวจสอบระยะเวลาการใช้งานของ Campaign Code ของคุณ"""
ErrorItemCodeSpentMessage#0,"""Item Code นี้ถูกใช้งานไปแล้ว"""
ErrorItemCodeLimitOverMessage#0,"""คุณพยายามกรอก Code ที่ไม่ถูกต้องติดต่อกันหลายครั้งเกินไป<br><br>คุณจะไม่สามารถกรอก Code ได้อีกจนกว่าจะหลังการปิดปรับปรุงเซิร์ฟเวอร์ตามกำหนดการครั้งถัดไป"""
ErrorItemCodeMultiOverMessage#0,"""มีไอเทมใน Inventory ของคุณเกินขีดจำกัดการถือครอง<br><br>คุณไม่สามารถแลกรับไอเทมด้วย Code นี้ได้"""
ErrorItemCodeSpentCIIDMessage#0,"""คุณได้แลกรับไอเทมไปแล้ว"""
Hint#1,"""<c f0df60>คุณสามารถรับไอเทมได้ที่นี่โดยการกรอก Item Code จำนวน 16 ตัวอักษร<c>"""
SendTitle#1,"""ส่ง Good Job"""
Decide#1,"""ส่ง"""
Message#2,"""ส่ง Good Job หรือไม่?<br><br>คุณสามารถเพิ่มคอมเมนต์ใน Good Job ของคุณได้<br>ยิ่งคุณเขียนคอมเมนต์มากเท่าไหร่ คุณก็จะยิ่งได้รับ FUN มากขึ้นเท่านั้น!<br>(คุณสามารถตรวจสอบคอมเมนต์ที่เคยส่งได้ผ่านทาง Communication History)<br><br>※คุณสามารถได้รับ FUN ผ่าน Good Job ได้เพียง 10 ครั้งต่อวันเท่านั้น<br>※คุณสามารถได้รับ FUN จากผู้เล่นคนเดิมได้เพียงวันละครั้งเท่านั้น"""
Message_reb#0,"""ส่ง Good Job หรือไม่?<br><br>คุณสามารถเพิ่มคอมเมนต์ใน Good Job ของคุณได้<br>(คุณสามารถตรวจสอบคอมเมนต์ที่เคยส่งได้ผ่านทาง Communication History)"""
ReceiveTitle#0,"""ส่ง Good Job แล้ว"""
ReceiveMessage#0,"""Good Job ของคุณถูกส่งแล้ว!"""
Point#0,"""แต้มพื้นฐาน"""
CommentPoint#0,"""แต้มคอมเมนต์"""
PremiumPoint#0,"""แต้ม Premium"""
FrendPoint#0,"""แต้ม Friend"""
None#1,"""ไม่มี"""
Sum#0,"""ทั้งหมด"""
Plus#1,"""+"""
Cross#0,"""x"""
Tu_000#0,"""/ci2 2 รีบไปกระโดดเก็บกล่องคอนเทนเนอร์เร็ว!"""
Tu_001#0,"""/ci2 2 เฮ้ เป็นอะไรไหม?!<br>ลองใช้ Monomate ดูนะ"""
Tu_002#0,"""/ci2 2 แสดงการหลบหลีกที่สง่างามให้ดูหน่อย!"""
Tu_003#0,"""/ci2 2 ไปโจมตีมันเลย!"""
Tu_004#0,"""/ci2 2 มาใช้ Combo Attack กันเถอะ!"""
Tu_005#0,"""/ci2 2 ลองใช้ Technique ดูไหม?"""
Tu_006#0,"""/ci2 2 มาลองใช้ Photon Arts กันเถอะ"""
Tu_007#0,"""/ci2 2 แสดง Technique แบบชาร์จให้ดูหน่อย"""
Tu_008#0,"""/ci2 2 มาลองใช้ Weapon Action กัน"""
Tu_009#0,"""/ci2 2 ไปเปลี่ยนอาวุธเร็ว!"""
Tu_010#0,"""/ci2 2 ไปโจมตีมันเลย!"""
Treasure#0,"""ไอเทม Event"""
Treasure_AccountPC#0,"""$(0)"""
Treasure_Common#0,"""ARKS License"""
Treasure_Platform#0,"""หลักฐานการ Login 【 PC 】"""
Treasure_PlatformPS4#0,"""หลักฐานการ Login 【 Playstation 4 】"""
Treasure_PlatformSwitch#0,"""หลักฐานการ Login 【 Nintendo Switch 】"""
Treasure_000#0,"""Mag License"""
Treasure_001#0,"""Weapon Palette Exp. License"""
Treasure_002#0,"""Subpalette Expansion License"""
Treasure_003#0,"""Subclass License"""
Treasure_004#0,"""Level Cap License I"""
Treasure_005#0,"""Level Cap License II"""
Treasure_006#0,"""Level Cap License III"""
Treasure_007#0,"""Level Cap License IV"""
Treasure_008#0,"""Level Cap License V"""
Treasure_009#0,"""Level Cap License VI"""
Treasure_010#0,"""Volcanic Caverns Exp. License"""
Treasure_011#0,"""Desert Exploration License"""
Treasure_012#0,"""Tundra Exploration License"""
Treasure_013#0,"""Tunnel Exploration License"""
Treasure_014#0,"""Skyscape Exploration License"""
Treasure_015#0,"""Ruins Exploration License"""
Treasure_016#0,"""Free Exp. License: Forest"""
Treasure_017#0,"""Free Exp. License: V. Caverns"""
Treasure_018#0,"""Free Exp. License: Desert"""
Treasure_019#0,"""Free Exp. License: Tundra"""
Treasure_020#0,"""Free Exp. License: S. Tunnels"""
Treasure_021#0,"""Free Exp. License: Skyscape"""
Treasure_022#0,"""Free Exp. License: Ruins"""
Treasure_023#0,"""Hard Acceptance License"""
Treasure_024#0,"""V. Hard Acceptance License"""
Treasure_025#0,"""S. Hard Acceptance License"""
Treasure_026#0,"""Event item 026"""
Treasure_027#0,"""Zeno's PC"""
Treasure_028#0,"""Echo's PC"""
Treasure_029#0,"""Afin's PC"""
Treasure_030#0,"""Melphonsina's PC"""
Treasure_031#0,"""Fourier's PC"""
Treasure_032#0,"""Aki's PC"""
Treasure_033#0,"""Light's PC"""
Treasure_034#0,"""Patty's PC"""
Treasure_035#0,"""Tia's PC"""
Treasure_036#0,"""Klotho's PC"""
Treasure_037#0,"""Marlu's PC"""
Treasure_038#0,"""Ohza's PC"""
Treasure_039#0,"""Jean's PC"""
Treasure_040#0,"""Lisa's PC"""
Treasure_041#0,"""Quna's PC"""
Treasure_042#0,"""Geosurvey Unit"""
Treasure_043#0,"""Tiny Cloth"""
Treasure_044#0,"""Weapon Fragment/Core"""
Treasure_045#0,"""Weapon Fragment/Axis"""
Treasure_046#0,"""Weapon Fragment/Head"""
Treasure_047#0,"""Unidentified Weapon"""
Treasure_048#0,"""Fighter License"""
Treasure_049#0,"""Gunner License"""
Treasure_050#0,"""Techter License"""
Treasure_051#0,"""หลักฐานการ Login 【 PC 】"""
Treasure_052#0,"""Jozsef's PC"""
Treasure_053#0,"""Barbara's PC"""
Treasure_054#0,"""Revelle's PC"""
Treasure_055#0,"""Toro's PC"""
Treasure_056#0,"""Kuro's PC"""
Treasure_057#0,"""Sanctum Exploration License"""
Treasure_058#0,"""Free Exp. License: Sanctum"""
Treasure_059#0,"""Coast Exploration License"""
Treasure_060#0,"""Free Exp. License: Coast"""
Treasure_061#0,"""SP License (ชั่วคราว)"""
Treasure_062#0,"""Patty's PC"""
Treasure_063#0,"""Tia's PC"""
Treasure_064#0,"""Azanami's PC"""
Treasure_066#0,"""Quarry Exploration License"""
Treasure_067#0,"""Free Exp. License: Quarry"""
Treasure_068#0,"""Lottie's PC"""
Treasure_069#0,"""Lubert's PC"""
Treasure_070#0,"""Seabed Exploration License"""
Treasure_071#0,"""Free Exp. License: Seabed"""
Treasure_072#0,"""Alis' PC"""
Treasure_073#0,"""Io's PC"""
Treasure_074#0,"""Theodore's PC"""
Treasure_075#0,"""Shironia Exploration License"""
Treasure_076#0,"""Free Exp. License: Shironia"""
Treasure_077#0,"""Saga's PC"""
Treasure_078#0,"""Katori's PC"""
Treasure_079#0,"""Matoi's PC"""
Treasure_080#0,"""Facility Exploration License"""
Treasure_081#0,"""Free Exp. License: Facility"""
Treasure_082#0,"""Sara's PC"""
Treasure_084#0,"""Skilled Trainer Charm"""
Treasure_085#0,"""Fortunate Omen Charm"""
Treasure_086#0,"""Nagisa's PC"""
Treasure_087#0,"""Aka Oni-hime Shiki's PC"""
Treasure_088#0,"""Clara's PC"""
Treasure_089#0,"""Nix's PC"""
Treasure_090#0,"""Kizika's PC"""
Treasure_091#0,"""Kuron Exploration License"""
Treasure_092#0,"""Free Exp. License: Kuron"""
Treasure_093#0,"""Aka Oni-bou Oudo's PC"""
Treasure_094#0,"""Melrondia's PC"""
Treasure_095#0,"""Ao Oni-hime Shiki's PC"""
Treasure_096#0,"""Ao Oni-bou Oudo's PC"""
Treasure_097#0,"""Euclida's PC"""
Treasure_098#0,"""Tokyo Exploration License"""
Treasure_099#0,"""Free Exp. License: Tokyo"""
Treasure_100#0,"""Pietro's PC"""
Treasure_101#0,"""Cooking Terminal License"""
Treasure_102#0,"""Ring Terminal License"""
Treasure_103#0,"""Gene's PC"""
Treasure_104#0,"""Aika's PC"""
Treasure_105#0,"""Itsuki's PC"""
Treasure_106#0,"""SORO's PC"""
Treasure_107#0,"""RINA's PC"""
Treasure_108#0,"""†Coa†'s PC"""
Treasure_109#0,"""Lilika's PC"""
Treasure_110#0,"""Musashi's PC"""
Treasure_111#0,"""Yumiko's PC"""
Treasure_112#0,"""Last Samurai's PC"""
Treasure_113#0,"""Las Vegas Exploration License"""
Treasure_114#0,"""Las Vegas Flight Permit"""
Treasure_115#0,"""Rideroid License"""
Treasure_116#0,"""Kidd's PC"""
Treasure_117#0,"""Silva's PC"""
Treasure_118#0,"""Orga Cats' PC"""
Treasure_119#0,"""Master Nezumi's PC"""
Treasure_120#0,"""Ethan's PC"""
Treasure_121#0,"""Karen's PC"""
Treasure_122#0,"""Emilia's PC"""
Treasure_123#0,"""Vivienne's PC"""
Treasure_124#0,"""Annette's PC"""
Treasure_125#0,"""Maroon Stone"""
Treasure_126#0,"""Azure Stones"""
Treasure_127#0,"""Hitsugi's PC"""
Treasure_128#0,"""Kohri's PC"""
Treasure_129#0,"""Enga's PC"""
Treasure_130#0,"""Bruno's PC"""
Treasure_131#0,"""Laia's PC"""
Treasure_132#0,"""Lumia's PC"""
Treasure_133#0,"""Advanced Hunter Certificate I"""
Treasure_134#0,"""Advanced Fighter Certificate I"""
Treasure_135#0,"""Advanced Ranger Certificate I"""
Treasure_136#0,"""Advanced Gunner Certificate I"""
Treasure_137#0,"""Advanced Force Certificate I"""
Treasure_138#0,"""Advanced Techter Certificate I"""
Treasure_139#0,"""Advanced Braver Certificate I"""
Treasure_140#0,"""Advanced Bouncer Certificate I"""
Treasure_141#0,"""Advanced Summoner Certificate I"""
Treasure_142#0,"""Lila's PC"""
Treasure_143#0,"""Quina's PC"""
Treasure_144#0,"""Ely's PC"""
Treasure_145#0,"""Stratos' PC"""
Treasure_146#0,"""Hero License"""
Treasure_147#0,"""Hero Level Cap License I"""
Treasure_148#0,"""Hero Level Cap License II"""
Treasure_149#0,"""Hero Level Cap License III"""
Treasure_150#0,"""Hero Level Cap License IV"""
Treasure_151#0,"""Hero Level Cap License V"""
Treasure_152#0,"""Yamigarasu's PC"""
Treasure_153#0,"""Matoi's PC"""
Treasure_154#0,"""Avenger's PC"""
Treasure_155#0,"""Bluesy Requiem's PC"""
Treasure_156#0,"""Polytan's PC"""
Treasure_157#0,"""Patty's PC"""
Treasure_158#0,"""Tia's PC"""
Treasure_159#0,"""Och (Valentine's)'s PC"""
Treasure_160#0,"""Phul (Valentine's)'s PC"""
Treasure_161#0,"""Huey's PC"""
Treasure_162#0,"""Advanced Hunter Certificate II"""
Treasure_163#0,"""Advanced Fighter Certificate II"""
Treasure_164#0,"""Advanced Ranger Certificate II"""
Treasure_165#0,"""Advanced Gunner Certificate II"""
Treasure_166#0,"""Advanced Force Certificate II"""
Treasure_167#0,"""Advanced Techter Certificate II"""
Treasure_168#0,"""Advanced Braver Certificate II"""
Treasure_169#0,"""Advanced Bouncer Certificate II"""
Treasure_170#0,"""Advanced Summoner Certificate II"""
Treasure_171#0,"""Twin Kamui's PC"""
Treasure_172#0,"""Lightning Espada's PC"""
Treasure_173#0,"""Shooting Drive's PC"""
Treasure_174#0,"""Lavis Blade's PC"""
Treasure_175#0,"""Nox Cadina's PC"""
Treasure_176#0,"""Xiera's PC"""
Treasure_177#0,"""Partnya's PC"""
Treasure_178#0,"""Hitsugi's PC"""
Treasure_179#0,"""Kohri's PC"""
Treasure_180#0,"""Advanced Hero Certificate I"""
Treasure_181#0,"""Euclida (Valentine's)'s PC"""
Treasure_182#0,"""Afin's PC"""
Treasure_183#0,"""Phantom License"""
Treasure_184#0,"""Phantom Level Cap License I"""
Treasure_185#0,"""Phantom Level Cap License II"""
Treasure_186#0,"""Phantom Level Cap License III"""
Treasure_187#0,"""Phantom Level Cap License IV"""
Treasure_188#0,"""Phantom Level Cap License V"""
Treasure_189#0,"""Advanced Phantom Certificate I"""
Treasure_190#0,"""Kyokuya's PC"""
Treasure_191#0,"""Matter Board"""
Treasure_192#0,"""Mitarashi's PC"""
Treasure_193#0,"""Tetra's PC"""
Treasure_194#0,"""§Ichika§'s PC"""
Treasure_195#0,"""Yasminkov 8000C's PC"""
Treasure_196#0,"""Fornis Physis's PC"""
Treasure_197#0,"""Space Tuna's PC"""
Treasure_198#0,"""Eldetross's PC"""
Treasure_199#0,"""Agito's PC"""
Treasure_200#0,"""Etoile License"""
Treasure_201#0,"""Etoile Level Cap License I"""
Treasure_202#0,"""Etoile Level Cap License II"""
Treasure_203#0,"""Etoile Level Cap License III"""
Treasure_204#0,"""Etoile Level Cap License IV"""
Treasure_205#0,"""Etoile Level Cap License V"""
Treasure_206#0,"""Advanced Etoile Certificate I"""
Treasure_207#0,"""Lucotte's PC"""
Treasure_208#0,"""Harriet's PC"""
Treasure_209#0,"""Luther's PC"""
Treasure_210#0,"""Stratos (Valentine's)'s PC"""
Treasure_211#0,"""Kyokuya's PC"""
Treasure_212#0,"""Magical Robo ★ Zect's PC"""
Treasure_213#0,"""Nekonomiya♪'s PC"""
Treasure_214#0,"""Dolce's PC"""
Treasure_215#0,"""Makino's PC"""
Treasure_216#0,"""Harriet's PC"""
Treasure_217#0,"""Matoi's PC"""
Treasure_218#0,"""Hitsugi's PC"""
Treasure_219#0,"""Luster License"""
Treasure_220#0,"""Luster Level Cap License I"""
Treasure_221#0,"""Luster Level Cap License II"""
Treasure_222#0,"""Luster Level Cap License III"""
Treasure_223#0,"""Luster Level Cap License IV"""
Treasure_224#0,"""Luster Level Cap License V"""
Treasure_225#0,"""Advanced Luster Certificate I"""
Treasure_226#0,"""Ignis's PC"""
Treasure_227#0,"""Kazami-no-tachi's PC"""
Treasure_228#0,"""Optreion's PC"""
Treasure_229#0,"""Elder Pain's PC"""
Treasure_230#0,"""Saika Hyouri's PC"""
Treasure_233#0,"""Mother's PC"""
Treasure_234#0,"""Shiva's PC"""
Treasure_235#0,"""Elmir's PC"""
Treasure_236#0,"""Ash's PC"""
Treasure_237#0,"""Kireek's PC"""
Treasure_238#0,"""Rico's PC"""
Treasure_239#0,"""Akhtar's PC"""
Treasure_240#0,"""Khorshid's PC"""
Treasure_Platform#1,"""หลักฐานการ Login 【 PS Vita 】"""
Detail#1,"""รายละเอียดไอเทม Event"""
Treasure_AccountPC#1,"""$(0)<br><yellow>สามารถใช้ได้กับทุกตัวละคร<c>"""
Treasure_AccountPC_mini#0,"""$(0)<br><yellow>สามารถใช้ได้กับทุกตัวละคร<c>"""
Treasure_Common#1,"""หลักฐานการเป็นสมาชิก ARKS"""
Treasure_Platform#2,"""บัตรผ่านแพลตฟอร์ม<br>หลักฐานการล็อกอินจาก PC"""
Treasure_PlatformPS4#1,"""บัตรผ่านแพลตฟอร์ม<br>หลักฐานการล็อกอินจาก PS4"""
Treasure_PlatformSwitch#1,"""บัตรผ่านแพลตฟอร์ม<br>หลักฐานการล็อกอินจาก Nintendo Switch"""
Treasure_000#1,"""ใบอนุญาตจากศูนย์บัญชาการ ARKS<br>ที่อนุญาตให้ใช้งาน Mags"""
Treasure_001#1,"""ใบอนุญาตจากศูนย์บัญชาการ ARKS<br>ที่อนุญาตให้ขยาย<br>Weapon Palette"""
Treasure_002#1,"""ใบอนุญาตจากศูนย์บัญชาการ ARKS<br>ที่อนุญาตให้ขยาย<br>Subpalette"""
Treasure_003#1,"""ใบอนุญาตจากศูนย์บัญชาการ ARKS<br>ที่อนุญาตให้ใช้ระบบ Subclass"""
Treasure_004#1,"""ใบอนุญาตจากศูนย์บัญชาการ ARKS<br>ที่อนุญาตให้ปลดล็อค<br>ขีดจำกัดเลเวลขั้นที่ 1"""
Treasure_005#1,"""ใบอนุญาตจากศูนย์บัญชาการ ARKS<br>ที่อนุญาตให้ปลดล็อค<br>ขีดจำกัดเลเวลขั้นที่ 2"""
Treasure_006#1,"""ใบอนุญาตจากศูนย์บัญชาการ ARKS<br>ที่อนุญาตให้ปลดล็อค<br>ขีดจำกัดเลเวลขั้นที่ 3"""
Treasure_007#1,"""ใบอนุญาตจากศูนย์บัญชาการ ARKS<br>ที่อนุญาตให้ปลดล็อค<br>ขีดจำกัดเลเวลขั้นที่ 4"""
Treasure_008#1,"""ใบอนุญาตจากศูนย์บัญชาการ ARKS<br>ที่อนุญาตให้ปลดล็อค<br>ขีดจำกัดเลเวลขั้นที่ 5"""
Treasure_009#1,"""ใบอนุญาตจากศูนย์บัญชาการ ARKS<br>ที่อนุญาตให้ปลดล็อค<br>ขีดจำกัดเลเวลขั้นที่ 6"""
Treasure_010#1,"""ใบอนุญาตจากศูนย์บัญชาการ ARKS<br>ที่อนุญาตให้ออกสำรวจ<br>Volcanic Caverns ของดาว Amduscia"""
Treasure_011#1,"""ใบอนุญาตจากศูนย์บัญชาการ ARKS<br>ที่อนุญาตให้ออกสำรวจ<br>Desert ของดาว Lillipa"""
Treasure_012#1,"""ใบอนุญาตจากศูนย์บัญชาการ ARKS<br>ที่อนุญาตให้ออกสำรวจ<br>Tundra ของดาว Naberius"""
Treasure_013#1,"""ใบอนุญาตจากศูนย์บัญชาการ ARKS<br>ที่อนุญาตให้ออกสำรวจ<br>Subterranean Tunnels ของดาว Lillipa"""
Treasure_014#1,"""ใบอนุญาตจากศูนย์บัญชาการ ARKS<br>ที่อนุญาตให้ออกสำรวจ<br>Skyscape ของดาว Amduscia"""
Treasure_015#1,"""ใบอนุญาตจากศูนย์บัญชาการ ARKS<br>ที่อนุญาตให้ออกสำรวจ<br>Ruins ของดาว Naberius"""
Treasure_016#1,"""ใบอนุญาตจากศูนย์บัญชาการ ARKS<br>ที่อนุญาตให้ออกสำรวจพื้นที่แบบ Free Exploration<br>ใน Forest ของดาว Naberius"""
Treasure_017#1,"""ใบอนุญาตจากศูนย์บัญชาการ ARKS<br>ที่อนุญาตให้ออกสำรวจพื้นที่แบบ Free Exploration<br>ใน Volcanic Caverns ของดาว Amduscia"""
Treasure_018#1,"""ใบอนุญาตจากศูนย์บัญชาการ ARKS<br>ที่อนุญาตให้ออกสำรวจพื้นที่แบบ Free Exploration<br>ใน Desert ของดาว Lillipa"""
Treasure_019#1,"""ใบอนุญาตจากศูนย์บัญชาการ ARKS<br>ที่อนุญาตให้ออกสำรวจพื้นที่แบบ Free Exploration<br>ใน Tundra ของดาว Naberius"""
Treasure_020#1,"""ใบอนุญาตจากศูนย์บัญชาการ ARKS<br>ที่อนุญาตให้ออกสำรวจพื้นที่แบบ Free Exploration<br>ใน Subterranean Tunnels ของดาว Lillipa"""
Treasure_021#1,"""ใบอนุญาตจากศูนย์บัญชาการ ARKS<br>ที่อนุญาตให้ออกสำรวจพื้นที่แบบ Free Exploration<br>ใน Skyscape ของดาว Amduscia"""
Treasure_022#1,"""ใบอนุญาตจากศูนย์บัญชาการ ARKS<br>ที่อนุญาตให้ออกสำรวจพื้นที่แบบ Free Exploration<br>ใน Ruins ของดาว Naberius"""
Treasure_023#1,"""ใบอนุญาตจากศูนย์บัญชาการ ARKS<br>ที่อนุญาตให้รับ Quests<br>ระดับความยาก Hard"""
Treasure_024#1,"""ใบอนุญาตจากศูนย์บัญชาการ ARKS<br>ที่อนุญาตให้รับ Quests<br>ระดับความยาก Very Hard"""
Treasure_025#1,"""ใบอนุญาตจากศูนย์บัญชาการ ARKS<br>ที่อนุญาตให้รับ Quests<br>ระดับความยาก Super Hard"""
Treasure_026#1,"""รายละเอียดไอเทม Event 026"""
Treasure_027#1,"""Partner Card ของ Zeno<br>คุณสามารถเรียกเขาผ่านทางเครื่องเทอร์มินัลใน Campship"""
Treasure_028#1,"""Partner Card ของ Echo<br>คุณสามารถเรียกเธอผ่านทางเครื่องเทอร์มินัลใน Campship"""
Treasure_029#1,"""Partner Card ของ Afin<br>คุณสามารถเรียกเขาผ่านทางเครื่องเทอร์มินัลใน Campship"""
Treasure_030#1,"""Partner Card ของ Melphonsina<br>คุณสามารถเรียกเธอผ่านทางเครื่องเทอร์มินัลใน Campship"""
Treasure_031#1,"""Partner Card ของ Fourier<br>คุณสามารถเรียกเธอผ่านทางเครื่องเทอร์มินัลใน Campship"""
Treasure_032#1,"""Partner Card ของ Aki<br>คุณสามารถเรียกเธอผ่านทางเครื่องเทอร์มินัลใน Campship"""
Treasure_033#1,"""Partner Card ของ Light<br>คุณสามารถเรียกเขาผ่านทางเครื่องเทอร์มินัลใน Campship"""
Treasure_034#1,"""Partner Card ของ Patty<br>คุณสามารถเรียกเธอผ่านทางเครื่องเทอร์มินัลใน Campship"""
Treasure_035#1,"""Partner Card ของ Tia<br>คุณสามารถเรียกเธอผ่านทางเครื่องเทอร์มินัลใน Campship"""
Treasure_036#1,"""Partner Card ของ Klotho<br>คุณสามารถเรียกเขาผ่านทางเครื่องเทอร์มินัลใน Campship"""
Treasure_037#1,"""Partner Card ของ Marlu<br>คุณสามารถเรียกเธอผ่านทางเครื่องเทอร์มินัลใน Campship"""
Treasure_038#1,"""Partner Card ของ Ohza<br>คุณสามารถเรียกเขาผ่านทางเครื่องเทอร์มินัลใน Campship"""
Treasure_039#1,"""Partner Card ของ Jean<br>คุณสามารถเรียกเขาผ่านทางเครื่องเทอร์มินัลใน Campship"""
Treasure_040#1,"""Partner Card ของ Lisa<br>คุณสามารถเรียกเธอผ่านทางเครื่องเทอร์มินัลใน Campship"""
Treasure_041#1,"""Partner Card ของ Quna<br>คุณสามารถเรียกเธอผ่านทางเครื่องเทอร์มินัลใน Campship"""
Treasure_042#1,"""ยูนิตสำหรับงานสำรวจทางธรณีวิทยา<br>ที่ Rogio มอบให้"""
Treasure_043#1,"""เศษผ้าชิ้นเล็กๆ ที่เก็บได้ใน Desert"""
Treasure_044#1,"""ชิ้นส่วนอาวุธที่ฝากฝังไว้<br>โดยเผ่ามังกรแห่ง Amduscia<br>ดูเหมือนว่าจะเป็นแกนกลางทรงกลม"""
Treasure_045#1,"""ชิ้นส่วนของบางสิ่งบางอย่าง<br>ที่ค้นพบใน Tundra ของ Naberius แม้ว่าจะดูเหมือนอาวุธ<br>แต่รายละเอียดที่แน่ชัดนั้นยังไม่ทราบแน่ชัด"""
Treasure_046#1,"""ชิ้นส่วนอาวุธที่ใช้สำหรับดึงดูดความสนใจของ<br>ชาว Lillipans แห่งดาว Lillipa ดูเหมือนว่าจะเป็น<br>หัวไม้คทาสีขาวบริสุทธิ์อันงดงาม"""
Treasure_047#1,"""อาวุธที่ Zieg<br>จำเป็นต้องซ่อมแซม ดูเหมือนว่า<br>จะเป็น Rod..."""
Treasure_048#1,"""ใบอนุญาตจากศูนย์บัญชาการ ARKS<br>ที่อนุญาตให้เปลี่ยนคลาส<br>เป็น Fighter"""
Treasure_049#1,"""ใบอนุญาตจากศูนย์บัญชาการ ARKS<br>ที่อนุญาตให้เปลี่ยนคลาส<br>เป็น Gunner"""
Treasure_050#1,"""ใบอนุญาตจากศูนย์บัญชาการ ARKS<br>ที่อนุญาตให้เปลี่ยนคลาส<br>เป็น Techter"""
Treasure_051#1,"""บัตรผ่านแพลตฟอร์ม<br>หลักฐานการล็อกอินจาก PC"""
Treasure_052#1,"""Partner Card ของ Jozsef<br>คุณสามารถเรียกเขาผ่านทางเครื่องเทอร์มินัลใน Campship"""
Treasure_053#1,"""Partner Card ของ Barbara<br>คุณสามารถเรียกเธอผ่านทางเครื่องเทอร์มินัลใน Campship"""
Treasure_054#1,"""Partner Card ของ Revelle<br>คุณสามารถเรียกเธอผ่านทางเครื่องเทอร์มินัลใน Campship"""
Treasure_055#1,"""Partner Card ของ Toro<br>คุณสามารถเรียกเขาผ่านทางเครื่องเทอร์มินัลใน Campship"""
Treasure_056#1,"""Partner Card ของ Kuro<br>คุณสามารถเรียกเขาผ่านทางเครื่องเทอร์มินัลใน Campship"""
Treasure_057#1,"""ใบอนุญาตจากศูนย์บัญชาการ ARKS<br>ที่อนุญาตให้ออกสำรวจพื้นที่<br>Dragon Sanctum ของดาว Amduscia"""
Treasure_058#1,"""ใบอนุญาตจากศูนย์บัญชาการ ARKS<br>ที่อนุญาตให้ออกสำรวจพื้นที่แบบ Free Exploration<br>ใน Dragon Sanctum ของดาว Amduscia"""
Treasure_059#1,"""ใบอนุญาตจากศูนย์บัญชาการ ARKS<br>ที่อนุญาตให้ออกสำรวจพื้นที่<br>Coast ของดาว Wopal"""
Treasure_060#1,"""ใบอนุญาตจากศูนย์บัญชาการ ARKS<br>ที่อนุญาตให้ออกสำรวจพื้นที่แบบ Free Exploration<br>ใน Coast ของดาว Wopal"""
Treasure_061#1,"""ใบอนุญาตจากศูนย์บัญชาการ ARKS<br>ที่อนุญาตให้ใช้งาน<br>Support Partner"""
Treasure_062#1,"""Partner Card ของ Patty<br>คุณสามารถเรียกเธอผ่านทางเครื่องเทอร์มินัลใน Campship"""
Treasure_063#1,"""Partner Card ของ Tia<br>คุณสามารถเรียกเธอผ่านทางเครื่องเทอร์มินัลใน Campship"""
Treasure_064#1,"""Partner Card ของ Azanami<br>คุณสามารถเรียกเธอผ่านทางเครื่องเทอร์มินัลใน Campship"""
Treasure_066#1,"""ใบอนุญาตจากศูนย์บัญชาการ ARKS<br>ที่อนุญาตให้ออกสำรวจ<br>Quarry ของดาว Lillipa"""
Treasure_067#1,"""ใบอนุญาตจากศูนย์บัญชาการ ARKS<br>ที่อนุญาตให้ออกสำรวจพื้นที่แบบ Free Exploration<br>ใน Quarry ของดาว Lillipa"""
Treasure_068#1,"""Partner Card ของ Lottie<br>คุณสามารถเรียกเธอผ่านทางเครื่องเทอร์มินัลใน Campship"""
Treasure_069#1,"""Partner Card ของ Lubert<br>คุณสามารถเรียกเขาผ่านทางเครื่องเทอร์มินัลใน Campship"""
Treasure_070#1,"""ใบอนุญาตจากศูนย์บัญชาการ ARKS<br>ที่อนุญาตให้ออกสำรวจ<br>Seabed ของดาว Wopal"""
Treasure_071#1,"""ใบอนุญาตจากศูนย์บัญชาการ ARKS<br>ที่อนุญาตให้ออกสำรวจพื้นที่แบบ Free Exploration<br>ใน Seabed ของดาว Wopal"""
Treasure_072#1,"""Partner Card ของ Alis<br>คุณสามารถเรียกเธอผ่านทางเครื่องเทอร์มินัลใน Campship"""
Treasure_073#1,"""Partner Card ของ Io<br>คุณสามารถเรียกเธอผ่านทางเครื่องเทอร์มินัลใน Campship"""
Treasure_074#1,"""Partner Card ของ Theodore<br>คุณสามารถเรียกเขาผ่านทางเครื่องเทอร์มินัลใน Campship"""
Treasure_075#1,"""ใบอนุญาตจากศูนย์บัญชาการ ARKS<br>ที่อนุญาตให้ออกสำรวจพื้นที่<br>Shironia ของดาว Harkotan"""
Treasure_076#1,"""ใบอนุญาตจากศูนย์บัญชาการ ARKS<br>ที่อนุญาตให้ออกสำรวจพื้นที่แบบ Free Exploration<br>ใน Shironia ของดาว Harkotan"""
Treasure_077#1,"""Partner Card ของ Saga<br>คุณสามารถเรียกเขาผ่านทางเครื่องเทอร์มินัลใน Campship"""
Treasure_078#1,"""Partner Card ของ Katori<br>คุณสามารถเรียกเธอผ่านทางเครื่องเทอร์มินัลใน Campship"""
Treasure_079#1,"""Partner Card ของ Matoi<br>คุณสามารถเรียกเธอผ่านทางเครื่องเทอร์มินัลใน Campship"""
Treasure_080#1,"""ใบอนุญาตจากศูนย์บัญชาการ ARKS<br>ที่อนุญาตให้ออกสำรวจ<br>Floating Facility ของดาว Wopal"""
Treasure_081#1,"""ใบอนุญาตจากศูนย์บัญชาการ ARKS<br>ที่อนุญาตให้ออกสำรวจพื้นที่แบบ Free Exploration<br>ใน Floating Facility ของดาว Wopal"""
Treasure_082#1,"""Partner Card ของ Sara<br>คุณสามารถเรียกเธอผ่านทางเครื่องเทอร์มินัลใน Campship"""
Treasure_084#1,"""ของขวัญจาก Zieg การมีอาวุธ Skilled Trainer อยู่ใน Inventory ของคุณจะมอบเอฟเฟกต์ให้อย่างถาวร"""
Treasure_085#1,"""ของขวัญจาก Zieg การมีอาวุธ Fortunate Omen อยู่ใน Inventory ของคุณจะมอบเอฟเฟกต์ให้อย่างถาวร"""
Treasure_086#1,"""Partner Card ของ Nagisa<br>คุณสามารถเรียกเธอผ่านทางเครื่องเทอร์มินัลใน Campship"""
Treasure_087#1,"""Partner Card ของ Aka Oni-hime Shiki<br>คุณสามารถเรียกเธอผ่านทางเครื่องเทอร์มินัลใน Campship"""
Treasure_088#1,"""Partner Card ของ Clara<br>คุณสามารถเรียกเธอผ่านทางเครื่องเทอร์มินัลใน Campship"""
Treasure_089#1,"""Partner Card ของ Nix<br>คุณสามารถเรียกเขาผ่านทางเครื่องเทอร์มินัลใน Campship"""
Treasure_090#1,"""Partner Card ของ Kizika<br>คุณสามารถเรียกเธอผ่านทางเครื่องเทอร์มินัลใน Campship"""
Treasure_091#1,"""ใบอนุญาตจากศูนย์บัญชาการ ARKS<br>ที่อนุญาตให้ออกสำรวจ<br>Kuron ของดาว Harkotan"""
Treasure_092#1,"""ใบอนุญาตจากศูนย์บัญชาการ ARKS<br>ที่อนุญาตให้ออกสำรวจพื้นที่แบบ Free Exploration<br>ใน Kuron ของดาว Harkotan"""
Treasure_093#1,"""Partner Card ของ Aka Oni-bou Oudo<br>คุณสามารถเรียกเขาผ่านทางเครื่องเทอร์มินัลใน Campship"""
Treasure_094#1,"""Partner Card ของ Melrondia<br>คุณสามารถเรียกเธอผ่านทางเครื่องเทอร์มินัลใน Campship"""
Treasure_095#1,"""Partner Card ของ Ao Oni-hime Shiki<br>คุณสามารถเรียกเธอผ่านทางเครื่องเทอร์มินัลใน Campship"""
Treasure_096#1,"""Partner Card ของ Ao Oni-bou Oudo<br>คุณสามารถเรียกเขาผ่านทางเครื่องเทอร์มินัลใน Campship"""
Treasure_097#1,"""Partner Card ของ Euclida<br>คุณสามารถเรียกเธอผ่านทางเครื่องเทอร์มินัลใน Campship"""
Treasure_098#1,"""ใบอนุญาตจากศูนย์บัญชาการ ARKS<br>ที่อนุญาตให้ออกสำรวจ<br>Tokyo ของโลก"""
Treasure_099#1,"""ใบอนุญาตจากศูนย์บัญชาการ ARKS<br>ที่อนุญาตให้ออกสำรวจพื้นที่แบบ Free Exploration<br>ใน Tokyo ของโลก"""
Treasure_100#1,"""Partner Card ของ Pietro<br>คุณสามารถเรียกเขาผ่านทางเครื่องเทอร์มินัลใน Campship"""
Treasure_101#1,"""Culinary Shop สามารถเข้าถึงได้<br>ผ่านทางเครื่องเทอร์มินัลใน Campship"""
Treasure_102#1,"""Skill Ring Shop สามารถเข้าถึงได้<br>ผ่านทางเครื่องเทอร์มินัลใน Campship"""
Treasure_103#1,"""Partner Card ของ Gene<br>คุณสามารถเรียกเธอผ่านทางเครื่องเทอร์มินัลใน Campship"""
Treasure_104#1,"""Partner Card ของ Aika<br>คุณสามารถเรียกเธอผ่านทางเครื่องเทอร์มินัลใน Campship"""
Treasure_105#1,"""Partner Card ของ Itsuki<br>คุณสามารถเรียกเขาผ่านทางเครื่องเทอร์มินัลใน Campship"""
Treasure_106#1,"""Partner Card ของ SORO<br>คุณสามารถเรียกเขาผ่านทางเครื่องเทอร์มินัลใน Campship"""
Treasure_107#1,"""Partner Card ของ RINA<br>คุณสามารถเรียกเธอผ่านทางเครื่องเทอร์มินัลใน Campship"""
Treasure_108#1,"""Partner Card ของ †Coa†<br>คุณสามารถเรียกเขาผ่านทางเครื่องเทอร์มินัลใน Campship"""
Treasure_109#1,"""Partner Card ของ Lilika<br>คุณสามารถเรียกเธอผ่านทางเครื่องเทอร์มินัลใน Campship"""
Treasure_110#1,"""Partner Card ของ Musashi<br>คุณสามารถเรียกเขาผ่านทางเครื่องเทอร์มินัลใน Campship"""
Treasure_111#1,"""Partner Card ของ Yumiko<br>คุณสามารถเรียกเธอผ่านทางเครื่องเทอร์มินัลใน Campship"""
Treasure_112#1,"""Partner Card ของ Last Samurai<br>คุณสามารถเรียกเขาผ่านทางเครื่องเทอร์มินัลใน Campship"""
Treasure_113#1,"""ใบอนุญาตจากศูนย์บัญชาการ ARKS<br>ที่อนุญาตให้ออกสำรวจ<br>Las Vegas ของโลก"""
Treasure_114#1,"""ใบอนุญาตจากศูนย์บัญชาการ ARKS<br>ที่อนุญาตให้ออกบินสำรวจ<br>ในพื้นที่ Las Vegas ที่ถูกตัดขาด"""
Treasure_115#1,"""ใบอนุญาตขับขี่ Rideroid"""
Treasure_116#1,"""Partner Card ของ Kidd<br>คุณสามารถเรียกเขาผ่านทางเครื่องเทอร์มินัลใน Campship"""
Treasure_117#1,"""Partner Card ของ Silva<br>คุณสามารถเรียกเธอผ่านทางเครื่องเทอร์มินัลใน Campship"""
Treasure_118#1,"""Partner Card ของ Orga Cats<br>คุณสามารถเรียกเธอผ่านทางเครื่องเทอร์มินัลใน Campship"""
Treasure_119#1,"""Partner Card ของ Master Nezumi<br>คุณสามารถเรียกเขาผ่านทางเครื่องเทอร์มินัลใน Campship"""
Treasure_120#1,"""Partner Card ของ Ethan<br>คุณสามารถเรียกเขาผ่านทางเครื่องเทอร์มินัลใน Campship"""
Treasure_121#1,"""Partner Card ของ Karen<br>คุณสามารถเรียกเธอผ่านทางเครื่องเทอร์มินัลใน Campship"""
Treasure_122#1,"""Partner Card ของ Emilia<br>คุณสามารถเรียกเธอผ่านทางเครื่องเทอร์มินัลใน Campship"""
Treasure_123#1,"""Partner Card ของ Vivienne<br>คุณสามารถเรียกเธอผ่านทางเครื่องเทอร์มินัลใน Campship"""
Treasure_124#1,"""Partner Card ของ Annette<br>คุณสามารถเรียกเธอผ่านทางเครื่องเทอร์มินัลใน Campship"""
Treasure_125#1,"""เศษหินสีแดงที่ตั้งอยู่<br>ใน Caves ตามคำขอของ<br>RINA เมื่อถูกแสงกระทบ<br>มันจะส่องประกายเหมือนอัญมณี"""
Treasure_126#1,"""เศษหินสีน้ำเงินที่ตั้งอยู่<br>ใน Skyscape ตามคำขอของ<br>Itsuki เมื่อถูกแสงกระทบ<br>มันจะส่องประกายเหมือนอัญมณี"""
Treasure_127#1,"""Partner Card ของ Hitsugi<br>คุณสามารถเรียกเธอผ่านทางเครื่องเทอร์มินัลใน Campship"""
Treasure_128#1,"""Partner Card ของ Kohri<br>คุณสามารถเรียกเธอผ่านทางเครื่องเทอร์มินัลใน Campship"""
Treasure_129#1,"""Partner Card ของ Enga<br>คุณสามารถเรียกเขาผ่านทางเครื่องเทอร์มินัลใน Campship"""
Treasure_130#1,"""Partner Card ของ Bruno<br>คุณสามารถเรียกเขาผ่านทางเครื่องเทอร์มินัลใน Campship"""
Treasure_131#1,"""Partner Card ของ Laia<br>คุณสามารถเรียกเธอผ่านทางเครื่องเทอร์มินัลใน Campship"""
Treasure_132#1,"""Partner Card ของ Lumia<br>คุณสามารถเรียกเธอผ่านทางเครื่องเทอร์มินัลใน Campship"""
Treasure_133#1,"""ใบอนุญาตจากศูนย์บัญชาการ ARKS ที่รับรองว่าขีดจำกัดเลเวลของคลาส Hunter สามารถอัปได้ถึง Lv.80"""
Treasure_134#1,"""ใบอนุญาตจากศูนย์บัญชาการ ARKS ที่รับรองว่าขีดจำกัดเลเวลของคลาส Fighter สามารถอัปได้ถึง Lv.80"""
Treasure_135#1,"""ใบอนุญาตจากศูนย์บัญชาการ ARKS ที่รับรองว่าขีดจำกัดเลเวลของคลาส Ranger สามารถอัปได้ถึง Lv.80"""
Treasure_136#1,"""ใบอนุญาตจากศูนย์บัญชาการ ARKS ที่รับรองว่าขีดจำกัดเลเวลของคลาส Gunner สามารถอัปได้ถึง Lv.80"""
Treasure_137#1,"""ใบอนุญาตจากศูนย์บัญชาการ ARKS ที่รับรองว่าขีดจำกัดเลเวลของคลาส Force สามารถอัปได้ถึง Lv.80"""
Treasure_138#1,"""ใบอนุญาตจากศูนย์บัญชาการ ARKS ที่รับรองว่าขีดจำกัดเลเวลของคลาส Techter สามารถอัปได้ถึง Lv.80"""
Treasure_139#1,"""ใบอนุญาตจากศูนย์บัญชาการ ARKS ที่รับรองว่าขีดจำกัดเลเวลของคลาส Braver สามารถอัปได้ถึง Lv.80"""
Treasure_140#1,"""ใบอนุญาตจากศูนย์บัญชาการ ARKS ที่รับรองว่าขีดจำกัดเลเวลของคลาส Bouncer สามารถอัปได้ถึง Lv.80"""
Treasure_141#1,"""ใบอนุญาตจากศูนย์บัญชาการ ARKS ที่รับรองว่าขีดจำกัดเลเวลของคลาส Summoner สามารถอัปได้ถึง Lv.80"""
Treasure_142#1,"""Partner Card ของ Lila<br>คุณสามารถเรียกเธอผ่านทางเครื่องเทอร์มินัลใน Campship"""
Treasure_143#1,"""Partner Card ของ Quina<br>คุณสามารถเรียกเธอผ่านทางเครื่องเทอร์มินัลใน Campship"""
Treasure_144#1,"""Partner Card ของ Ely<br>คุณสามารถเรียกเธอผ่านทางเครื่องเทอร์มินัลใน Campship"""
Treasure_145#1,"""Partner Card ของ Stratos<br>คุณสามารถเรียกเธอผ่านทางเครื่องเทอร์มินัลใน Campship"""
Treasure_146#1,"""ใบอนุญาตจากศูนย์บัญชาการ ARKS ที่รับรองว่าคลาส Hero ถูกปลดล็อคแล้ว"""
Treasure_147#1,"""ใบอนุญาตจากศูนย์บัญชาการ ARKS ที่รับรองว่าขีดจำกัดเลเวลขั้นที่ 1 ของคลาส Hero ถูกปลดล็อคแล้ว"""
Treasure_148#1,"""ใบอนุญาตจากศูนย์บัญชาการ ARKS ที่รับรองว่าขีดจำกัดเลเวลขั้นที่ 2 ของคลาส Hero ถูกปลดล็อคแล้ว"""
Treasure_149#1,"""ใบอนุญาตจากศูนย์บัญชาการ ARKS ที่รับรองว่าขีดจำกัดเลเวลขั้นที่ 3 ของคลาส Hero ถูกปลดล็อคแล้ว"""
Treasure_150#1,"""ใบอนุญาตจากศูนย์บัญชาการ ARKS ที่รับรองว่าขีดจำกัดเลเวลขั้นที่ 4 ของคลาส Hero ถูกปลดล็อคแล้ว"""
Treasure_151#1,"""ใบอนุญาตจากศูนย์บัญชาการ ARKS ที่รับรองว่าขีดจำกัดเลเวลขั้นที่ 5 ของคลาส Hero ถูกปลดล็อคแล้ว"""
Treasure_152#1,"""Partner Card ของ Yamigarasu<br>คุณสามารถเรียกเธอผ่านทางเครื่องเทอร์มินัลใน Campship"""
Treasure_153#1,"""Partner Card ของ Matoi<br>คุณสามารถเรียกเธอผ่านทางเครื่องเทอร์มินัลใน Campship"""
Treasure_154#1,"""Partner Card ของ Avenger<br>คุณสามารถเรียกเขาผ่านทางเครื่องเทอร์มินัลใน Campship"""
Treasure_155#1,"""Partner Card ของ Bluesy Requiem<br>คุณสามารถเรียกเธอผ่านทางเครื่องเทอร์มินัลใน Campship"""
Treasure_156#1,"""Partner Card ของ Polytan<br>คุณสามารถเรียกเขาผ่านทางเครื่องเทอร์มินัลใน Campship"""
Treasure_157#1,"""Partner Card ของ Patty<br>คุณสามารถเรียกเธอผ่านทางเครื่องเทอร์มินัลใน Campship"""
Treasure_158#1,"""Partner Card ของ Tia<br>คุณสามารถเรียกเธอผ่านทางเครื่องเทอร์มินัลใน Campship"""
Treasure_159#1,"""Partner Card ของ Och (Valentine's)<br>คุณสามารถเรียกเธอผ่านทางเครื่องเทอร์มินัลใน Campship"""
Treasure_160#1,"""Partner Card ของ Phul (Valentine's)<br>คุณสามารถเรียกเธอผ่านทางเครื่องเทอร์มินัลใน Campship"""
Treasure_161#1,"""Partner Card ของ Huey<br>คุณสามารถเรียกเขาผ่านทางเครื่องเทอร์มินัลใน Campship"""
Treasure_162#1,"""ใบอนุญาตจากศูนย์บัญชาการ ARKS ที่รับรองว่าขีดจำกัดเลเวลของคลาส Hunter สามารถอัปได้ถึง Lv.100"""
Treasure_163#1,"""ใบอนุญาตจากศูนย์บัญชาการ ARKS ที่รับรองว่าขีดจำกัดเลเวลของคลาส Fighter สามารถอัปได้ถึง Lv.100"""
Treasure_164#1,"""ใบอนุญาตจากศูนย์บัญชาการ ARKS ที่รับรองว่าขีดจำกัดเลเวลของคลาส Ranger สามารถอัปได้ถึง Lv.100"""
Treasure_165#1,"""ใบอนุญาตจากศูนย์บัญชาการ ARKS ที่รับรองว่าขีดจำกัดเลเวลของคลาส Gunner สามารถอัปได้ถึง Lv.100"""
Treasure_166#1,"""ใบอนุญาตจากศูนย์บัญชาการ ARKS ที่รับรองว่าขีดจำกัดเลเวลของคลาส Force สามารถอัปได้ถึง Lv.100"""
Treasure_167#1,"""ใบอนุญาตจากศูนย์บัญชาการ ARKS ที่รับรองว่าขีดจำกัดเลเวลของคลาส Techter สามารถอัปได้ถึง Lv.100"""
Treasure_168#1,"""ใบอนุญาตจากศูนย์บัญชาการ ARKS ที่รับรองว่าขีดจำกัดเลเวลของคลาส Braver สามารถอัปได้ถึง Lv.100"""
Treasure_169#1,"""ใบอนุญาตจากศูนย์บัญชาการ ARKS ที่รับรองว่าขีดจำกัดเลเวลของคลาส Bouncer สามารถอัปได้ถึง Lv.100"""
Treasure_170#1,"""ใบอนุญาตจากศูนย์บัญชาการ ARKS ที่รับรองว่าขีดจำกัดเลเวลของคลาส Summoner สามารถอัปได้ถึง Lv.100"""
Treasure_171#1,"""Partner Card ของ Twin Kamui<br>คุณสามารถเรียกเธอผ่านทางเครื่องเทอร์มินัลใน Campship"""
Treasure_172#1,"""Partner Card ของ Lightning Espada<br>คุณสามารถเรียกเขาผ่านทางเครื่องเทอร์มินัลใน Campship"""
Treasure_173#1,"""Partner Card ของ Shooting Drive<br>คุณสามารถเรียกเธอผ่านทางเครื่องเทอร์มินัลใน Campship"""
Treasure_174#1,"""Partner Card ของ Lavis Blade<br>คุณสามารถเรียกเธอผ่านทางเครื่องเทอร์มินัลใน Campship"""
Treasure_175#1,"""Partner Card ของ Nox Cadina<br>คุณสามารถเรียกเขาผ่านทางเครื่องเทอร์มินัลใน Campship"""
Treasure_176#1,"""Partner Card ของ Xiera<br>คุณสามารถเรียกเธอผ่านทางเครื่องเทอร์มินัลใน Campship"""
Treasure_177#1,"""Partner Card ของ Partnya<br>คุณสามารถเรียกเขาผ่านทางเครื่องเทอร์มินัลใน Campship"""
Treasure_178#1,"""Partner Card ของ Hitsugi<br>คุณสามารถเรียกเธอผ่านทางเครื่องเทอร์มินัลใน Campship"""
Treasure_179#1,"""Partner Card ของ Kohri<br>คุณสามารถเรียกเธอผ่านทางเครื่องเทอร์มินัลใน Campship"""
Treasure_180#1,"""ใบอนุญาตจากศูนย์บัญชาการ ARKS ที่รับรองว่าขีดจำกัดเลเวลของคลาส Hero สามารถอัปได้ถึง Lv.100"""
Treasure_181#1,"""Partner Card ของ Euclida (Valentine's)<br>คุณสามารถเรียกเธอผ่านทางเครื่องเทอร์มินัลใน Campship"""
Treasure_182#1,"""Partner Card ของ Afin<br>คุณสามารถเรียกเขาผ่านทางเครื่องเทอร์มินัลใน Campship"""
Treasure_183#1,"""ใบอนุญาตจากศูนย์บัญชาการ ARKS ที่รับรองว่าคลาส Phantom ถูกปลดล็อคแล้ว"""
Treasure_184#1,"""ใบอนุญาตจากศูนย์บัญชาการ ARKS ที่รับรองว่าขีดจำกัดเลเวลขั้นที่ 1 ของคลาส Phantom ถูกปลดล็อคแล้ว"""
Treasure_185#1,"""ใบอนุญาตจากศูนย์บัญชาการ ARKS ที่รับรองว่าขีดจำกัดเลเวลขั้นที่ 2 ของคลาส Phantom ถูกปลดล็อคแล้ว"""
Treasure_186#1,"""ใบอนุญาตจากศูนย์บัญชาการ ARKS ที่รับรองว่าขีดจำกัดเลเวลขั้นที่ 3 ของคลาส Phantom ถูกปลดล็อคแล้ว"""
Treasure_187#1,"""ใบอนุญาตจากศูนย์บัญชาการ ARKS ที่รับรองว่าขีดจำกัดเลเวลขั้นที่ 4 ของคลาส Phantom ถูกปลดล็อคแล้ว"""
Treasure_188#1,"""ใบอนุญาตจากศูนย์บัญชาการ ARKS ที่รับรองว่าขีดจำกัดเลเวลขั้นที่ 5 ของคลาส Phantom ถูกปลดล็อคแล้ว"""
Treasure_189#1,"""ใบอนุญาตจากศูนย์บัญชาการ ARKS ที่รับรองว่าขีดจำกัดเลเวลของคลาส Phantom สามารถอัปได้ถึง Lv.100"""
Treasure_190#1,"""Partner Card ของ Kyokuya<br>คุณสามารถเรียกเขาผ่านทางเครื่องเทอร์มินัลใน Campship"""
Treasure_191#1,"""คัมภีร์นำทางสู่อนาคตที่ Xion มอบให้ เชื่อมโยงเหตุการณ์ในอดีตเพื่อสร้างสรรค์อนาคตใหม่"""
Treasure_192#1,"""Partner Card ของ Mitarashi<br>คุณสามารถเรียกเธอผ่านทางเครื่องเทอร์มินัลใน Campship"""
Treasure_193#1,"""Partner Card ของ Tetra<br>คุณสามารถเรียกเธอผ่านทางเครื่องเทอร์มินัลใน Campship"""
Treasure_194#1,"""Partner Card ของ §Ichika§<br>คุณสามารถเรียกเขาผ่านทางเครื่องเทอร์มินัลใน Campship"""
Treasure_195#1,"""Partner Card ของ Yasminkov 8000C<br>คุณสามารถเรียกเธอผ่านทางเครื่องเทอร์มินัลใน Campship"""
Treasure_196#1,"""Partner Card ของ Fornis Physis<br>คุณสามารถเรียกเธอผ่านทางเครื่องเทอร์มินัลใน Campship"""
Treasure_197#1,"""Partner Card ของ Space Tuna<br>คุณสามารถเรียกเธอผ่านทางเครื่องเทอร์มินัลใน Campship"""
Treasure_198#1,"""Partner Card ของ Eldetross<br>คุณสามารถเรียกเขาผ่านทางเครื่องเทอร์มินัลใน Campship"""
Treasure_199#1,"""Partner Card ของ Agito<br>คุณสามารถเรียกเขาผ่านทางเครื่องเทอร์มินัลใน Campship"""
Treasure_200#1,"""ใบอนุญาตจากศูนย์บัญชาการ ARKS ที่รับรองว่าคลาส Etoile ถูกปลดล็อคแล้ว"""
Treasure_201#1,"""ใบอนุญาตจากศูนย์บัญชาการ ARKS ที่รับรองว่าขีดจำกัดเลเวลขั้นที่ 1 ของคลาส Etoile ถูกปลดล็อคแล้ว"""
Treasure_202#1,"""ใบอนุญาตจากศูนย์บัญชาการ ARKS ที่รับรองว่าขีดจำกัดเลเวลขั้นที่ 2 ของคลาส Etoile ถูกปลดล็อคแล้ว"""
Treasure_203#1,"""ใบอนุญาตจากศูนย์บัญชาการ ARKS ที่รับรองว่าขีดจำกัดเลเวลขั้นที่ 3 ของคลาส Etoile ถูกปลดล็อคแล้ว"""
Treasure_204#1,"""ใบอนุญาตจากศูนย์บัญชาการ ARKS ที่รับรองว่าขีดจำกัดเลเวลขั้นที่ 4 ของคลาส Etoile ถูกปลดล็อคแล้ว"""
Treasure_205#1,"""ใบอนุญาตจากศูนย์บัญชาการ ARKS ที่รับรองว่าขีดจำกัดเลเวลขั้นที่ 5 ของคลาส Etoile ถูกปลดล็อคแล้ว"""
Treasure_206#1,"""ใบอนุญาตจากศูนย์บัญชาการ ARKS ที่รับรองว่าขีดจำกัดเลเวลของคลาส Etoile สามารถอัปได้ถึง Lv.100"""
Treasure_207#1,"""Partner Card ของ Lucotte<br>คุณสามารถเรียกเธอผ่านทางเครื่องเทอร์มินัลใน Campship"""
Treasure_208#1,"""Partner Card ของ Harriet<br>คุณสามารถเรียกเธอผ่านทางเครื่องเทอร์มินัลใน Campship"""
Treasure_209#1,"""Partner Card ของ Luther<br>คุณสามารถเรียกเขาผ่านทางเครื่องเทอร์มินัลใน Campship"""
Treasure_210#1,"""Partner Card ของ Stratos<br>คุณสามารถเรียกเธอผ่านทางเครื่องเทอร์มินัลใน Campship"""
Treasure_211#1,"""Partner Card ของ Kyokuya<br>คุณสามารถเรียกเขาผ่านทางเครื่องเทอร์มินัลใน Campship"""
Treasure_212#1,"""Partner Card ของ Magical Robo ★ Zect<br>คุณสามารถเรียกเขาผ่านทางเครื่องเทอร์มินัลใน Campship"""
Treasure_213#1,"""Partner Card ของ Nekonomiya♪<br>คุณสามารถเรียกเธอผ่านทางเครื่องเทอร์มินัลใน Campship"""
Treasure_214#1,"""Partner Card ของ Dolce<br>คุณสามารถเรียกเธอผ่านทางเครื่องเทอร์มินัลใน Campship"""
Treasure_215#1,"""Partner Card ของ Makino<br>คุณสามารถเรียกเขาผ่านทางเครื่องเทอร์มินัลใน Campship"""
Treasure_216#1,"""Partner Card ของ Harriet<br>คุณสามารถเรียกเธอผ่านทางเครื่องเทอร์มินัลใน Campship"""
Treasure_217#1,"""Partner Card ของ Matoi<br>คุณสามารถเรียกเธอผ่านทางเครื่องเทอร์มินัลใน Campship"""
Treasure_218#1,"""Partner Card ของ Hitsugi<br>คุณสามารถเรียกเธอผ่านทางเครื่องเทอร์มินัลใน Campship"""
Treasure_219#1,"""ใบอนุญาตจากศูนย์บัญชาการ ARKS ที่รับรองว่าคลาส Luster ถูกปลดล็อคแล้ว"""
Treasure_220#1,"""ใบอนุญาตจากศูนย์บัญชาการ ARKS ที่รับรองว่าขีดจำกัดเลเวลขั้นที่ 1 ของคลาส Luster ถูกปลดล็อคแล้ว"""
Treasure_221#1,"""ใบอนุญาตจากศูนย์บัญชาการ ARKS ที่รับรองว่าขีดจำกัดเลเวลขั้นที่ 2 ของคลาส Luster ถูกปลดล็อคแล้ว"""
Treasure_222#1,"""ใบอนุญาตจากศูนย์บัญชาการ ARKS ที่รับรองว่าขีดจำกัดเลเวลขั้นที่ 3 ของคลาส Luster ถูกปลดล็อคแล้ว"""
Treasure_223#1,"""ใบอนุญาตจากศูนย์บัญชาการ ARKS ที่รับรองว่าขีดจำกัดเลเวลขั้นที่ 4 ของคลาส Luster ถูกปลดล็อคแล้ว"""
Treasure_224#1,"""ใบอนุญาตจากศูนย์บัญชาการ ARKS ที่รับรองว่าขีดจำกัดเลเวลขั้นที่ 5 ของคลาส Luster ถูกปลดล็อคแล้ว"""
Treasure_225#1,"""ใบอนุญาตจากศูนย์บัญชาการ ARKS ที่รับรองว่าขีดจำกัดเลเวลของคลาส Luster สามารถอัปได้ถึง Lv.100"""
Treasure_226#1,"""Partner Card ของ Ignis<br>คุณสามารถเรียกเธอผ่านทางเครื่องเทอร์มินัลใน Campship"""
Treasure_227#1,"""Partner Card ของ Kazami-no-tachi<br>คุณสามารถเรียกเธอผ่านทางเครื่องเทอร์มินัลใน Campship"""
Treasure_228#1,"""Partner Card ของ Optreion<br>คุณสามารถเรียกเธอผ่านทางเครื่องเทอร์มินัลใน Campship"""
Treasure_229#1,"""Partner Card ของ Elder Pain<br>คุณสามารถเรียกเขาผ่านทางเครื่องเทอร์มินัลใน Campship"""
Treasure_230#1,"""Partner Card ของ Saika Hyouri<br>คุณสามารถเรียกเขาผ่านทางเครื่องเทอร์มินัลใน Campship"""
Treasure_233#1,"""Partner Card ของ Mother<br>คุณสามารถเรียกเธอผ่านทางเครื่องเทอร์มินัลใน Campship"""
Treasure_234#1,"""Partner Card ของ Shiva<br>คุณสามารถเรียกเธอผ่านทางเครื่องเทอร์มินัลใน Campship"""
Treasure_235#1,"""Partner Card ของ Elmir<br>คุณสามารถเรียกเขาผ่านทางเครื่องเทอร์มินัลใน Campship"""
Treasure_236#1,"""Partner Card ของ Ash<br>คุณสามารถเรียกเขาผ่านทางเครื่องเทอร์มินัลใน Campship"""
Treasure_237#1,"""Partner Card ของ Kireek<br>คุณสามารถเรียกเขาผ่านทางเครื่องเทอร์มินัลใน Campship"""
Treasure_238#1,"""Partner Card ของ Rico<br>คุณสามารถเรียกเธอผ่านทางเครื่องเทอร์มินัลใน Campship"""
Treasure_239#1,"""Partner Card ของ Akhtar<br>คุณสามารถเรียกเธอผ่านทางเครื่องเทอร์มินัลใน Campship"""
Treasure_240#1,"""Partner Card ของ Khorshid<br>คุณสามารถเรียกเธอผ่านทางเครื่องเทอร์มินัลใน Campship"""
Treasure_Platform#3,"""หลักฐานการ Login 【 PS Vita 】"""
CommunicationHistory#0,"""ประวัติ Communication"""
GoodJob#0,"""Good Job พร้อมคอมเมนต์"""
GoodJobWithoutComment#0,"""Good Job แบบไม่มีคอมเมนต์"""
Party#0,"""ผู้เล่นที่คุณเคยอยู่ Party ด้วย"""
MultiParty#0,"""ผู้เล่น Multi-Party"""
Employ#0,"""ผู้ที่ใช้งาน Friend Partner ของคุณ"""
Name#1,"""ชื่อ Character/ชื่อ Player ID"""
Time#1,"""เวลา"""
TimePlace#0,"""เวลาและสถานที่ที่ส่ง"""
Empty#0,"""ไม่มีประวัติ"""
TabItemPlaceAll#0,"""0. ไม่ระบุ"""
TabItemPlaceMenu#0,"""1. [PSO2] Character Menu"""
TabItemPlaceShop#0,"""2. [PSO2] Your Shop"""
TabItemPlaceMyRoom#0,"""3. Your Room"""
TabItemPlaceTeamRoom#0,"""4. Team Room"""
TabItemPlaceQuestResult#0,"""5. Results"""
TabItemPlaceCraft#0,"""6. Crafting"""
TabItemFashionCat#0,"""7. หนังสือแฟชั่น"""
TabItemPlaceRebMenu#0,"""8. [PSO2: NGS] Character Menu"""
TabItemPlaceRebMyShop#0,"""9. [PSO2: NGS] Your Shop"""
TabItemPlaceRebMySpace#0,"""10．Creative Space"""
PlaceMenu#0,"""[PSO2] Character Menu"""
PlaceShop#0,"""[PSO2] Your Shop"""
PlaceRoom#0,"""Your Room"""
PlaceTeamRoom#0,"""Team Room"""
PlaceQuestResult#0,"""Result"""
PlaceCraft#0,"""Craft"""
PlaceFashionCat#0,"""หนังสือแฟชั่น"""
PlaceRebMenu#0,"""[PSO2: NGS] Character Menu"""
PlaceRebMyShop#0,"""[PSO2: NGS] Your Shop"""
PlaceRebMySpace#0,"""Creative Space"""
Nice#0,"""<pict like_icon>ถูกใจ!"""
Cute#0,"""<pict cute_icon>น่ารักจัง!"""
Cool#0,"""<pict cool_icon>เท่มาก!"""
Interesting#0,"""<pict funny_icon>ตลกจัง!"""
DBError#0,"""ดึงประวัติไม่สำเร็จ กรุณาลองใหม่อีกครั้งในภายหลัง"""
OrderPlace#0,"""คำสั่ง Craft ที่ส่ง"""
OrderReceive#0,"""คำสั่ง Craft ที่ได้รับ"""
Esthetic_Title#0,"""Beauty Salon"""
Esthetic_Enter#0,"""เข้าสู่ Beauty Salon"""
Esthetic_Partner#0,"""Support Partner Salon"""
Esthetic_Exit#0,"""ออกจาก Beauty Salon"""
Esthetic_Help#0,"""Salon ให้คุณสามารถปรับแต่งตัวละครได้ ทั้งรูปลักษณ์ภายนอกและเสียง การใช้งานบางฟีเจอร์จำเป็นต้องใช้ [Salon Pass]"""
EnterConfirmMessage#0,"""คุณต้องการเข้าสู่ Beauty Salon หรือไม่?<br><br>คุณจะไม่ได้รับการแจ้งเตือนเกี่ยวกับ Party หรือ Quest <br>และจะไม่สามารถจับคู่ Quest ได้<br><yellow>คุณจะไม่สามารถเปลี่ยนคอสตูมจาก Character Storage ได้หาก Inventory ของคุณมีพื้นที่ไม่เพียงพอ<c><br><br><red>※ฟีเจอร์แบบชำระเงินของ Salon จะแสดงสัญลักษณ์ SG แต่คุณสามารถใช้ Salon Pass ที่ซื้อด้วย AC ได้เช่นกัน<c>"""
EnterConfirmMessage2#0,"""คุณต้องการเข้าสู่ Beauty Salon หรือไม่?<br><br>คุณจะไม่ได้รับการแจ้งเตือนเกี่ยวกับ Party หรือ Quest <br>และจะไม่สามารถจับคู่ Quest ได้<br><yellow>คุณจะไม่สามารถเปลี่ยนคอสตูมจาก Character Storage ได้หาก Inventory ของคุณมีพื้นที่ไม่เพียงพอ<c><br><br>Salon Pass<br>เวลาแก้ไขซ้ำ: <yellow>$(0)<c>"""
EnterConfirmMessage3#0,"""คุณต้องการเข้าสู่ Beauty Salon หรือไม่?<br><br>คุณจะไม่ได้รับการแจ้งเตือนเกี่ยวกับ Party หรือ Quest <br>และจะไม่สามารถจับคู่ Quest ได้<br><yellow>คุณจะไม่สามารถเปลี่ยนคอสตูมจาก Character Storage ได้หาก Inventory ของคุณมีพื้นที่ไม่เพียงพอ<c><br><br>Color Change Pass<br>ไอเทมที่แก้ไขซ้ำ: <yellow>$(0)<c><br><yellow>$(2)<c><br>เวลาที่เหลือ: <yellow>$(1)<c>"""
EnterConfirmMessage4#0,"""คุณต้องการเข้าสู่ Beauty Salon หรือไม่?<br><br>คุณจะไม่ได้รับการแจ้งเตือนเกี่ยวกับ Party หรือ Quest <br>และจะไม่สามารถจับคู่ Quest ได้<br><yellow>คุณจะไม่สามารถเปลี่ยนคอสตูมจาก Character Storage ได้หาก Inventory ของคุณมีพื้นที่ไม่เพียงพอ<c><br><br>Salon Pass<br>เวลาแก้ไขซ้ำ: <yellow>$(0)<c><br>Color Change Pass<br>ไอเทมที่แก้ไขซ้ำ: <yellow>$(1)<c><br><yellow>$(3)<c><br>เวลาที่เหลือ: <yellow>$(2)<c>"""
EnterConfirmMessage5#0,"""คุณต้องการเข้าสู่ Beauty Salon หรือไม่?<br><br>คุณจะไม่ได้รับการแจ้งเตือนเกี่ยวกับ Party หรือ Quest <br>และจะไม่สามารถจับคู่ Quest ได้<br><br><yellow>คุณจะไม่สามารถเปลี่ยนคอสตูมจาก Character Storage ได้หาก Inventory ของคุณมีพื้นที่ไม่เพียงพอ<c><br><br>ระยะเวลาแก้ไขการสร้างตัวละคร: <yellow>$(0)<c>"""
EnterConfirmMessage6#0,"""คุณต้องการเข้าสู่ Beauty Salon หรือไม่?<br><br>คุณจะไม่ได้รับการแจ้งเตือนเกี่ยวกับ Party หรือ Quest <br>และจะไม่สามารถจับคู่ Quest ได้<br><br><yellow>คุณจะไม่สามารถเปลี่ยนคอสตูมจาก Character Storage ได้หาก Inventory ของคุณมีพื้นที่ไม่เพียงพอ<c><br><br>ระยะเวลาแก้ไขการสร้างตัวละคร: <yellow>$(0)<c><br>ไอเทมที่ใช้ Color Change Pass แก้ไขได้: <yellow>$(1)<c><br><yellow>$(3)<c><br>เวลาที่เหลือ: <yellow>$(2)<c>"""
Esthetic_More#0,"""เหลืออีก $(0) นาที"""
Esthetic_Less#0,"""เหลืออีก 1 นาที"""
Esthetic_None#0,"""หมดเวลา"""
Charamake_SP_Nothing#0,"""เนื่องจากคุณไม่มี Support Partner<br>คุณจึงไม่สามารถเข้าสู่ Beauty Salon ได้"""
Charamake_SP_Message#0,"""ในขณะที่แก้ไข Support Partner แชท<br>จะถูกปิดใช้งาน อย่างไรก็ตาม คุณจะยังคงได้รับ<br>ข้อความผ่านทาง Log Window ต่อไป<br><br>คุณต้องการแก้ไข Support Partner หรือไม่?"""
Esthetic_SP_Title#0,"""Support Partner Salon"""
Esthetic_SP_Help#0,"""ใน Salon คุณสามารถปรับเปลี่ยนรูปลักษณ์และเสียงได้ การใช้งานบางฟีเจอร์จำเป็นต้องใช้ 【 Salon Pass 】"""
Esthetic_SP_FormTitle#0,"""Support Partner Salon"""
Esthetic_Menu_Enter#0,"""เข้าสู่ Beauty Salon"""
Esthetic_Menu_PartnerStatus#0,"""สเตตัส Support Partner"""
Esthetic_Menu_PopTitle#0,"""ตัวเลือกเพิ่มเติม"""
Esthetic_Pop_PartnerInitialization#0,"""รีเซ็ตนิสัยของ Partner"""
Esthetic_Pop_PartnerPrimeField#0,"""สร้าง Partner ใหม่<pict Arcscash>"""
Esthetic_CharaMake#0,"""Character Makeup"""
Esthetic_Back#0,"""กลับ"""
EnterConfirm_SP_Message#0,"""แชทจะถูกปิดการใช้งานใน Support Partner<br>Beauty Salon อย่างไรก็ตาม คุณจะยังคง<br>ได้รับข้อความใน Log Window ต่อไป<br><br><yellow>หากคุณไม่มีพื้นที่ว่างใน<br>Inventory คุณจะไม่สามารถเปลี่ยนคอสตูมได้<c><br><br>เข้าสู่ Support Partner Beauty Salon หรือไม่?<br><br><red>※แม้ว่า Salon จะต้องใช้ SG<br>แต่ AC Salon Passes ที่มีอยู่ก่อนหน้านี้ก็จะสามารถใช้งานได้<c>"""
EnterConfirm_SP_Message2#0,"""แชทจะถูกปิดการใช้งานใน Support Partner<br>Beauty Salon อย่างไรก็ตาม คุณจะยังคง<br>ได้รับข้อความใน Log Window ต่อไป<br><br><yellow>หากคุณไม่มีพื้นที่ว่างใน<br>Inventory คุณจะไม่สามารถเปลี่ยนคอสตูมได้<c><br><br>เข้าสู่ Support Partner Beauty Salon หรือไม่?<br><br>เวลาที่แก้ไขซ้ำได้: $(0)"""
EnterConfirm_SP_Message3#0,"""แชทจะถูกปิดการใช้งานใน Support Partner<br>Beauty Salon อย่างไรก็ตาม คุณจะยังคง<br>ได้รับข้อความใน Log Window ต่อไป<br><br><yellow>หากคุณไม่มีพื้นที่ว่างใน<br>Inventory คุณจะไม่สามารถเปลี่ยนคอสตูมได้<c><br><br>เข้าสู่ Support Partner Beauty Salon หรือไม่?<br><br>เวลาที่แก้ไขซ้ำได้สำหรับ Color Change Pass: $(0)"""
EnterConfirm_SP_Message4#0,"""แชทจะถูกปิดการใช้งานใน Support Partner<br>Beauty Salon อย่างไรก็ตาม คุณจะยังคง<br>ได้รับข้อความใน Log Window ต่อไป<br><br><yellow>หากคุณไม่มีพื้นที่ว่างใน<br>Inventory คุณจะไม่สามารถเปลี่ยนคอสตูมได้<c><br><br>เข้าสู่ Support Partner Beauty Salon หรือไม่?<br><br>เวลาที่แก้ไขซ้ำได้สำหรับ Salon Pass: $(0)<br>เวลาที่แก้ไขซ้ำได้สำหรับ Color Change Pass: $(1)"""
EnterConfirm_SP_Message5#0,"""แชทจะถูกปิดการใช้งานใน Support Partner<br>Beauty Salon อย่างไรก็ตาม คุณจะยังคง<br>ได้รับข้อความใน Log Window ต่อไป<br><br><yellow>หากคุณไม่มีพื้นที่ว่างใน<br>Inventory คุณจะไม่สามารถเปลี่ยนคอสตูมได้<c><br><br>เข้าสู่ Support Partner Beauty Salon หรือไม่?<br><br>เวลาที่แก้ไขตัวละครที่สร้างซ้ำได้: $(0)"""
EnterConfirm_SP_Message6#0,"""แชทจะถูกปิดการใช้งานใน Support Partner<br>Beauty Salon อย่างไรก็ตาม คุณจะยังคง<br>ได้รับข้อความใน Log Window ต่อไป<br><br><yellow>หากคุณไม่มีพื้นที่ว่างใน<br>Inventory คุณจะไม่สามารถเปลี่ยนคอสตูมได้<c><br><br>เข้าสู่ Support Partner Beauty Salon หรือไม่?<br><br>เวลาที่แก้ไขตัวละครที่สร้างซ้ำได้: $(0)<br>ไอเทมที่สามารถแก้ไขซ้ำได้ด้วย Color Change Pass: $(1)<br>\u3000\u3000\u3000\u3000\u3000\u3000\u3000\u3000\u3000\u3000\u3000\u3000\u3000\u3000\u3000\u3000\u3000\u3000เวลาที่เหลืออยู่: $(2)<br>\u3000\u3000\u3000\u3000\u3000\u3000\u3000\u3000\u3000\u3000\u3000\u3000\u3000\u3000\u3000\u3000\u3000\u3000\u3000 $(3)"""
Standard_Result_OK#0,"""เสร็จสมบูรณ์"""
Standard_Result_NoFlag#0,"""คุณยังไม่สามารถใช้งานฟีเจอร์นี้ได้<br>กรุณาสร้าง Support Partner แล้วลองใหม่อีกครั้ง"""
Standard_Result_SystemError#0,"""เกิดข้อผิดพลาดของระบบระหว่างประมวลผลคำขอของคุณ กรุณาลองใหม่อีกครั้ง"""
Standard_Result_DBError#0,"""เกิดข้อผิดพลาดของฐานข้อมูลระหว่างประมวลผลคำขอของคุณ กรุณาลองใหม่อีกครั้ง"""
Standard_Result_Error#0,"""เกิดข้อผิดพลาดระหว่างประมวลผลคำขอของคุณ"""
Charamake_NewCreate#0,"""ในขณะที่อยู่ภายใน Beauty Salon แชท<br>จะถูกปิดการใช้งาน อย่างไรก็ตาม คุณจะยังคง<br>ได้รับข้อความใน Log Window ต่อไป<br><br>คุณจะไม่ได้รับคำขอที่เกี่ยวข้อง<br>กับปาร์ตี้หรือเควสต์ กรุณารับทราบไว้ด้วย<br><br>คุณต้องการเข้าสู่ Salon และสร้าง Support Partner ตัวใหม่หรือไม่?<br><br><yellow>・Support Partners จะถูกบันทึกแยกตามแต่ละตัวละคร<c><br><br>・หากคุณต้องการใช้งานหรือแก้ไข Support Partner ตัวเดิม คุณจะต้องเข้าสู่ระบบด้วยตัวละครเดียวกัน"""
Charamake_Message#0,"""ในขณะที่อยู่ภายใน Beauty Salon แชท<br>จะถูกปิดการใช้งาน อย่างไรก็ตาม คุณจะยังคง<br>ได้รับข้อความใน Log Window ต่อไป<br><br>คุณจะไม่ได้รับคำขอที่เกี่ยวข้อง<br>กับปาร์ตี้หรือเควสต์ กรุณารับทราบไว้ด้วย<br><br>คุณต้องการเข้าสู่ Salon และสร้าง Support Partner ตัวใหม่หรือไม่?<br><br><yellow>・Support Partners จะถูกบันทึกแยกตามแต่ละตัวละคร<c><br><br>・หากคุณต้องการใช้งานหรือแก้ไข Support Partner ตัวเดิม คุณจะต้องเข้าสู่ระบบด้วยตัวละครเดียวกัน"""
Charamake_Num#0,"""เหลืออีก $(0) ตัว"""
Charamake_UseInfo#0,"""<pict Arcscash><c 5fdf00>ใช้ไอเทมที่ซื้อไว้<c><br>ในการสร้าง Support Partner เพิ่มเติม<br>คุณจำเป็นต้องมี <yellow>【 Partner Addition Pass 】<c><br><br><yellow>・Support Partners จะถูก<br>\u3000บันทึกแยกตามแต่ละ 【 ตัวละคร 】<c><br><br>・หากต้องการใช้ Support Partner ที่สร้างขึ้น<br>\u3000กรุณาเข้าสู่ระบบด้วยตัวละครเดิมในครั้งถัดไป<br><br>คุณต้องการใช้ <yellow>【 Partner Addition Pass 】<c><br>เพื่อสร้าง Support Partner เพิ่มเติมหรือไม่?<br><br><yellow>จำนวนที่สามารถสร้างได้: $(1)<c>(สูงสุด $(0) ตัวต่อ 1 ตัวละคร)"""
Charamake_BuyInfo#0,"""<pict Arcscash><c ff4f3f>คอนเทนต์ที่ใช้ AC<c><br>ในการเพิ่ม Support Partner<br>คุณจำเป็นต้องมี <yellow>【 Partner Addition Pass 】<c><br><br><yellow>・Support Partners จะถูก<br>\u3000บันทึกแยกตามแต่ละ 【 ตัวละคร 】<c><br><br>・หากต้องการใช้ Support Partner ที่สร้างขึ้น<br>\u3000กรุณาเข้าสู่ระบบด้วยตัวละครเดิมในครั้งถัดไป<br><br>คุณต้องการซื้อ <yellow>【 Partner Addition Pass 】<c> ในราคา 300AC<br>เพื่อเพิ่ม Support Partner ตัวใหม่หรือไม่?<br><br><yellow>AC ที่มี: $(0)<br>จำนวนที่สามารถสร้างได้: $(2)<c>(สูงสุด $(1) ตัวต่อ 1 ตัวละคร)"""
Charamake_Result_OK#0,"""เพิ่ม Support Partner แล้ว"""
Charamake_Result_NoFlag#0,"""ไม่ตรงตามเงื่อนไขของ Support Partner"""
Charamake_Result_NumMaxError#0,"""ถึงจำนวนสูงสุดของ Support Partner แล้ว"""
Charamake_Result_GetError#0,"""ไม่สามารถรับ 【 Support Partner Pass 】 ได้"""
Charamake_Result_SystemError#0,"""เกิดข้อผิดพลาดของระบบระหว่างประมวลผลคำขอของคุณ กรุณาลองใหม่อีกครั้ง"""
Charamake_Result_DBError#0,"""เกิดข้อผิดพลาดของฐานข้อมูลระหว่างประมวลผลคำขอของคุณ กรุณาลองใหม่อีกครั้ง"""
Charamake_Result_Error#0,"""เกิดข้อผิดพลาดระหว่างประมวลผลคำขอของคุณ"""
Buy_Result_OK#0,"""ซื้อ 【 Support Partner Pass 】 แล้ว"""
Buy_Result_PointError#0,"""AC ไม่เพียงพอ ไม่สามารถซื้อพาสได้"""
Buy_Result_SystemError#0,"""เกิดข้อผิดพลาดของระบบระหว่างประมวลผลคำขอของคุณ กรุณาลองใหม่อีกครั้ง"""
Buy_Result_Error#0,"""ซื้อล้มเหลว"""
Reset_Message#0,"""นี่จะเป็นการรีเซ็ต Support Partner ของคุณ<br>ให้กลับไปเป็นนิสัยและระดับความสัมพันธ์เริ่มต้น<br><br>คุณต้องการดำเนินการต่อหรือไม่?"""
Reset_Result_OK#0,"""รีเซ็ตความสัมพันธ์ของ Support Partner และ Support Partner แล้ว"""
Reset_Result_SystemError#0,"""เกิดข้อผิดพลาดของระบบระหว่างประมวลผลคำขอของคุณ กรุณาลองใหม่อีกครั้ง"""
Reset_Result_DBError#0,"""เกิดข้อผิดพลาดของฐานข้อมูลระหว่างประมวลผลคำขอของคุณ กรุณาลองใหม่อีกครั้ง"""
Reset_Result_Error#0,"""รีเซ็ต Support Partner ล้มเหลว"""
DirectUse_Title#0,"""ยืนยันการใช้ไอเทม"""
DirectBuy_Title#0,"""ยืนยันการซื้อ"""
Remake_Message#0,"""ในขณะที่อยู่ภายใน Beauty Salon แชท<br>จะถูกปิดการใช้งาน อย่างไรก็ตาม คุณจะยังคง<br>ได้รับข้อความใน Log Window ต่อไป<br><br>คุณจะไม่ได้รับคำขอที่เกี่ยวข้อง<br>กับปาร์ตี้หรือเควสต์ กรุณารับทราบไว้ด้วย<br><br>กำลังเข้าสู่ Beauty Salon เพื่อสร้าง Support Partner ของคุณใหม่<br>คุณต้องการดำเนินการต่อหรือไม่?<br><br><red>※หากคุณสร้าง Support Partner ใหม่ รูปลักษณ์ นิสัย ระดับความชอบ และเลเวลคลาสทั้งหมดของมันจะถูกรีเซ็ต<c>"""
Remake_BuyMessage#0,"""<pict Arcscash><c ff4f3f>คอนเทนต์ AC<c><br>การสร้าง Support Partner ของคุณใหม่ จำเป็นต้องใช้ <yellow>Reset Partner Pass<c><br><br>หากคุณต้องการสร้าง Support Partner ของคุณใหม่ คุณสามารถซื้อ <yellow>Reset Partner Pass<c> ได้ในราคา 500 AC<br>คุณต้องการดำเนินการต่อหรือไม่?<br><br><red>※หากคุณสร้าง Support Partner ใหม่ รูปลักษณ์ นิสัย ระดับความชอบ และเลเวลคลาสทั้งหมดของมันจะถูกรีเซ็ต<c><br><br><yellow>AC ที่มี: $(0)<c>"""
Remake_UseMessage#0,"""<pict Arcscash><c 5fdf00>ใช้ไอเทมที่ซื้อไว้<c><br>กำลังใช้ <yellow>Reset Partner Pass<c> เพื่อสร้าง Support Partner ของคุณใหม่<br>คุณต้องการดำเนินการต่อหรือไม่?<br><br><red>※หากคุณสร้าง Support Partner ใหม่ รูปลักษณ์ นิสัย ระดับความชอบ และเลเวลคลาสทั้งหมดของมันจะถูกรีเซ็ต<c>"""
Remake_OK#0,"""สร้าง Support Partner ใหม่เสร็จสมบูรณ์"""
Remake_PointError#0,"""AC ไม่เพียงพอในการสร้าง Support Partner ใหม่"""
Remake_ErrorNoPartner#0,"""ไม่พบ Support Partner ที่ระบุ จึงไม่สามารถสร้างใหม่ได้"""
Remake_ErrorNoSpace#0,"""อุปกรณ์ของ Support Partner ของคุณไม่สามารถเก็บไว้ใน Inventory ได้ จึงไม่สามารถสร้างใหม่ได้"""
Remake_ErrorDB#0,"""เกิดข้อผิดพลาดของฐานข้อมูลระหว่างประมวลผลคำขอของคุณ กรุณาลองใหม่อีกครั้ง"""
Remake_Error#0,"""ไม่สามารถสร้าง Support Partner ของคุณใหม่ได้"""
Cast_color#0,"""การเลือกสี"""
Item_EnterConfirmMessage#0,"""คุณต้องการออกจาก My Room ของคุณแล้วเข้าสู่ Beauty Salon หรือไม่?<br>※ในขณะที่อยู่ภายใน Beauty Salon แชทจะถูกปิดการใช้งาน<br>และคุณจะไม่ได้รับการแจ้งเตือนต่างๆ ภายในเกมด้วย"""
Item_EnterConfirmMessage2#0,"""คุณต้องการออกจาก My Room ของคุณแล้วเข้าสู่ Beauty Salon หรือไม่?<br>※ในขณะที่อยู่ภายใน Beauty Salon แชทจะถูกปิดการใช้งาน<br>และคุณจะไม่ได้รับการแจ้งเตือนต่างๆ ภายในเกมด้วย<br><br>เวลาที่แก้ไขซ้ำได้สำหรับ Salon Pass: $(0)"""
Item_EnterConfirmMessage3#0,"""คุณต้องการออกจาก My Room ของคุณแล้วเข้าสู่ Beauty Salon หรือไม่?<br>※ในขณะที่อยู่ภายใน Beauty Salon แชทจะถูกปิดการใช้งาน<br>และคุณจะไม่ได้รับการแจ้งเตือนต่างๆ ภายในเกมด้วย<br><br>ไอเทมที่สามารถแก้ไขซ้ำได้ด้วย Color Change Pass: $(0)<br>เวลาที่เหลืออยู่: $(1)<br> $(2)"""
Item_EnterConfirmMessage4#0,"""คุณต้องการออกจาก My Room ของคุณแล้วเข้าสู่ Beauty Salon หรือไม่?<br>※ในขณะที่อยู่ภายใน Beauty Salon แชทจะถูกปิดการใช้งาน<br>และคุณจะไม่ได้รับการแจ้งเตือนต่างๆ ภายในเกมด้วย<br><br>เวลาที่แก้ไขซ้ำได้สำหรับ Salon Pass: $(0)<br>ไอเทมที่สามารถแก้ไขซ้ำได้ด้วย Color Change Pass: $(1)<br>เวลาที่เหลืออยู่: $(2)<br> $(3)"""
Item_EnterConfirmMessage5#0,"""คุณต้องการออกจาก My Room ของคุณแล้วเข้าสู่ Beauty Salon หรือไม่?<br>※ในขณะที่อยู่ภายใน Beauty Salon แชทจะถูกปิดการใช้งาน<br>และคุณจะไม่ได้รับการแจ้งเตือนต่างๆ ภายในเกมด้วย<br><br>เวลาที่แก้ไขตัวละครที่สร้างซ้ำได้: $(0)"""
Item_EnterConfirmMessage6#0,"""คุณต้องการออกจาก My Room ของคุณแล้วเข้าสู่ Beauty Salon หรือไม่?<br>※ในขณะที่อยู่ภายใน Beauty Salon แชทจะถูกปิดการใช้งาน<br>และคุณจะไม่ได้รับการแจ้งเตือนต่างๆ ภายในเกมด้วย<br><br>เวลาที่แก้ไขตัวละครที่สร้างซ้ำได้: $(0)<br>ไอเทมที่สามารถแก้ไขซ้ำได้ด้วย Color Change Pass: $(1)<br>เวลาที่เหลืออยู่: $(2)<br> $(3)"""
Esthetic_CampaignTimeHead#0,"""ระยะเวลากิจกรรม"""
Esthetic_CampaignTime#0,"""จนถึง $(0)"""
Esthetic_CampaignTitle#0,"""ข้อมูลแคมเปญ"""
Esthetic_CampaignText#0,"""คุณสามารถใช้งาน Salon ได้บ่อยเท่าที่ต้องการโดยไม่เสียไอเทมใดๆ<br><br>[ไอเทมที่ไม่ถูกใช้งานอีกต่อไป]<br>- Salon Free Pass<br>- Salon Pass<br>- Salon Pass S"""
LoginCall#0,"""$(0) เข้าสู่ระบบแล้ว"""
Title#13,"""เคาน์เตอร์ฉายา"""
License#0,"""รับรางวัลฉายา"""
LicenseDetail#0,"""รายละเอียดฉายา"""
ItemDetail#0,"""รายละเอียดไอเทม"""
Reward#0,"""รางวัล"""
Condition#0,"""เงื่อนไขที่ต้องมี"""
NoLicense#0,"""คุณยังไม่มีฉายาใดๆ"""
NoLicense2#0,"""ไม่มีรางวัลฉายาให้รับ"""
Hide#0,"""？？？？？？"""
Clear#0,"""ลบฉายา"""
Category00#0,"""0. มีรางวัล"""
Category10#0,"""1. ผู้เล่น"""
Category20#0,"""2. ไอเทม"""
Category30#0,"""3. เควสต์"""
Category40#0,"""4. ตัวละคร"""
Category50#0,"""5. ชุมชน/คาสิโน"""
Category60#0,"""6. การคราฟต์"""
Category70#0,"""7. การรวบรวม"""
Category80#0,"""8. แหวนสกิล"""
Category90#0,"""อื่นๆ"""
RewardSuccess#0,"""ได้รับ $(0) แล้ว"""
RewardSuccessStack#0,"""คุณได้รับ $(0) x$(1)"""
RewardSuccess2#0,"""ส่ง $(0) ไปยัง Storage ของคุณแล้ว"""
RewardSuccess2Stack#0,"""ส่ง $(0) x$(1) ไปยัง Storage ของคุณแล้ว"""
RewardFailed#0,"""คุณไม่สามารถเก็บไอเทมได้อีกแล้ว"""
RewardError#0,"""ไม่สามารถรับรางวัลได้"""
RewardAsk#0,"""กำลังรับรางวัล<br>ตกลงหรือไม่?"""
LicenseGet#0,"""ฉายาที่ได้รับ"""
LicenseGetMessage#0,"""คุณได้รับฉายาดังต่อไปนี้:"""
Help#1,"""<c f0df60>คุณสามารถรับรางวัลจากฉายาที่ได้รับได้ 1 ครั้ง กรุณาเลือกฉายา<c>"""
LicenseTitle#0,"""รายการฉายาที่ได้รับ"""
RewardTitle#0,"""รางวัลสำหรับ '$(0)'"""
RewardSet#0,"""คุณได้ตั้งค่า <yellow>'$(0)'<c> เป็นฉายาของคุณแล้ว<br><br>คุณสามารถแสดงฉายาไว้เหนือศีรษะได้โดยเลือก<br>【 ตั้งค่าฉายา/ชื่อตัวละคร 】 ภายใต้ 【 เปลี่ยนการแสดงผลเหนือตัวละคร 】 จากควิกเมนู"""
RewardClear#0,"""ลบฉายาแล้ว"""
RewardSetTitle#0,"""ตั้งค่าฉายา"""
ActivityMsg#0,"""ได้รับ $(0) เป็นรางวัล!"""
Div#0,"""$(0)/$(1)"""
Sub100#0,"""ฉายาที่ได้รับ"""
Sub101#0,"""เงื่อนไขระดับผู้เชี่ยวชาญ"""
Sub102#0,"""ศัตรูที่ถูกกำจัด"""
Sub103#0,"""เลเวลคลาส"""
Sub104#0,"""เลเวลสัตว์เลี้ยง"""
Sub105#0,"""การเลี้ยงสัตว์เลี้ยง"""
Sub106#0,"""แคนดี้"""
Sub107#0,"""ศัตรูหายากที่ถูกกำจัด"""
Sub108#0,"""บอสที่ถูกกำจัด"""
Sub109#0,"""ARKS Ship Grand Prix"""
Sub110#0,"""วันครบรอบ"""
Sub111#0,"""Compound Techs"""
Sub112#0,"""ARKS Dance Festival"""
Sub113#0,"""กิจกรรมตามฤดูกาล"""
Sub114#0,"""ศูนย์ฝึกอบรม ARKS"""
Sub115#0,"""Treasure Shop"""
Sub116#0,"""Rideroid"""
Sub117#0,"""ใบอนุญาต"""
Sub118#0,"""Dark Blast"""
Sub119#0,"""คู่มือ ARKS"""
Sub195#0,"""เวลาเชื่อมต่อ NetCafe"""
Sub196#0,"""ARKS Missions"""
Sub200#0,"""ไอเทมหายากที่รวบรวมได้"""
Sub201#0,"""อัปเกรด Swords เป็น +10"""
Sub202#0,"""อัปเกรด Wired Lances เป็น +10"""
Sub203#0,"""อัปเกรด Partizans เป็น +10"""
Sub204#0,"""อัปเกรด Twin Daggers เป็น +10"""
Sub205#0,"""อัปเกรด Double Sabers เป็น +10"""
Sub206#0,"""อัปเกรด Knuckles เป็น +10"""
Sub207#0,"""อัปเกรด Gunslashes เป็น +10"""
Sub208#0,"""อัปเกรด Assault Rifles เป็น +10"""
Sub209#0,"""อัปเกรด Launchers เป็น +10"""
Sub210#0,"""อัปเกรด Twin Machineguns เป็น +10"""
Sub211#0,"""อัปเกรด Rods เป็น +10"""
Sub212#0,"""อัปเกรด Talises เป็น +10"""
Sub213#0,"""อัปเกรด Wands เป็น +10"""
Sub214#0,"""อัปเกรดอาวุธ ★7 เป็น +10"""
Sub215#0,"""อัปเกรดอาวุธ ★8 เป็น +10"""
Sub216#0,"""อัปเกรดอาวุธ ★9 เป็น +10"""
Sub217#0,"""อัปเกรดอาวุธ ★10 เป็น +10"""
Sub218#0,"""อัปเกรดอาวุธ ★11 เป็น +10"""
Sub219#0,"""อัปเกรดอาวุธ ★12 เป็น +10"""
Sub220#0,"""อัปเกรดอาวุธ ★13 เป็น +10"""
Sub221#0,"""อัปเกรดอาวุธ ★14 เป็น +10"""
Sub222#0,"""อัปเกรดอาวุธ ★15 เป็น +10"""
Sub223#0,"""อัปเกรด Units เป็น +10"""
Sub224#0,"""สารานุกรมอาวุธ"""
Sub225#0,"""บันทึกอาวุธเฉพาะคลาส"""
Sub226#0,"""New-Type Weapons"""
Sub227#0,"""Collection File"""
Sub228#0,"""อัปเกรดเฉพาะอาวุธ"""
Sub300#0,"""สำเร็จเควสต์"""
Sub301#0,"""Client Orders"""
Sub302#0,"""E. Trials"""
Sub303#0,"""PSE Bursts"""
Sub304#0,"""PSE Burst Combos"""
Sub305#0,"""Matter Boards ที่ได้รับ"""
Sub306#0,"""จำนวน Matter Boards ที่เคลียร์"""
Sub307#0,"""เคลียร์ Matter Boards ทั้งหมด"""
Sub308#0,"""จำนวน Matter Boards ที่สำเร็จ"""
Sub309#0,"""สำเร็จ Matter Boards ทั้งหมด"""
Sub310#0,"""Story Board"""
Sub311#0,"""Story Quest"""
Sub312#0,"""Advance Quest"""
Sub313#0,"""Abductions"""
Sub314#0,"""Extreme Quest"""
Sub315#0,"""Stage Order"""
Sub316#0,"""ความคืบหน้า Challenge Quests"""
Sub317#0,"""เคลียร์ Challenge Quests"""
Sub318#0,"""Message Pack"""
Sub319#0,"""ARKS Grand Prix"""
Sub320#0,"""Time Attack"""
Sub321#0,"""Quest Trigger"""
Sub322#0,"""ปราบปรามและทำลายล้าง"""
Sub323#0,"""Riding Quest"""
Sub324#0,"""Defensive Battle"""
Sub325#0,"""Ultimate Quest"""
Sub326#0,"""Solo Emergency Quest"""
Sub327#0,"""Battle Arena"""
Sub328#0,"""Buster Quest"""
Sub329#0,"""ARKS Boost Rally"""
Sub330#0,"""Story Quest [EP5]"""
Sub331#0,"""Omnibus Quest"""
Sub332#0,"""Enemy Rush Quest"""
Sub333#0,"""Free Field"""
Sub334#0,"""Endless Quest"""
Sub335#0,"""ต่อสู้/ขับไล่"""
Sub336#0,"""Story Quest"""
Sub337#0,"""Story Quest [EP1-EP3]"""
Sub338#0,"""Story Quest [EP4]"""
Sub339#0,"""Story Quest [EP5]"""
Sub340#0,"""Story Quest [EP6]"""
Sub341#0,"""Armada of Demise"""
Sub342#0,"""Emergency Quest"""
Sub343#0,"""Divide Quest"""
Sub344#0,"""กำจัดบอส Challenge Quest"""
Sub400#0,"""Partner Cards ที่ได้รับ"""
Sub401#0,"""Partners ที่เล่นด้วย"""
Sub500#0,"""Chat"""
Sub501#0,"""Team"""
Sub502#0,"""Friend"""
Sub503#0,"""Casino Coins"""
Sub504#0,"""เวลาใช้งาน Casino"""
Sub505#0,"""Mesetan Shooter"""
Sub506#0,"""Rappy Slots"""
Sub507#0,"""Hidden Lillipans"""
Sub508#0,"""Black Nyack"""
Sub509#0,"""Lii Lii Roulette"""
Sub510#0,"""Arkuma Slots"""
Sub511#0,"""หนังสือแฟชั่น"""
Sub600#0,"""Craft Level"""
Sub601#0,"""Equipment Extension: เลเวล"""
Sub602#0,"""Tech. Customization: เลเวล"""
Sub603#0,"""Timed Ability: เลเวล"""
Sub604#0,"""PA Customization: เลเวล"""
Sub605#0,"""Equipment Extension: รับคำขอแล้ว"""
Sub606#0,"""Tech. Customization: รับคำขอแล้ว"""
Sub607#0,"""Timed Ability: รับคำขอแล้ว"""
Sub608#0,"""PA Customization: Orders"""
Sub609#0,"""Equipment Extension: สำเร็จ"""
Sub610#0,"""Tech. Customization: สำเร็จ"""
Sub611#0,"""Timed Ability: สำเร็จ"""
Sub612#0,"""PA Customization: สำเร็จ"""
Sub613#0,"""Item Disassembly: สำเร็จ"""
Sub614#0,"""Equipment Extension: สำเร็จอย่างมาก"""
Sub615#0,"""Tech. Customization: สำเร็จอย่างมาก"""
Sub616#0,"""Timed Ability: สำเร็จอย่างมาก"""
Sub617#0,"""PA Customization: สำเร็จอย่างมาก"""
Sub618#0,"""Item Disassembly: สำเร็จอย่างมาก"""
Sub619#0,"""Craft Energy"""
Sub620#0,"""Equipment Extension: รายวัน"""
Sub621#0,"""Tech. Customization: รายวัน"""
Sub622#0,"""Timed Ability: รายวัน"""
Sub623#0,"""PA Customize: รายวัน"""
Sub700#0,"""Gathering"""
Sub701#0,"""ตกปลา"""
Sub702#0,"""Fever"""
Sub703#0,"""ความสำเร็จ"""
Sub704#0,"""Gathering Level"""
Sub705#0,"""Franca's Cafe"""
Sub706#0,"""สารานุกรม"""
Sub800#0,"""เลเวล Skill Ring"""
Sub801#0,"""สวมใส่ Skill Ring"""
Menu_Licence_Profile#0,"""Title/ARKS Card"""
Menu_Licence_List#0,"""รายการ Title"""
Menu_Profile#0,"""แก้ไข ARKS Card"""
RewardPlatformError#0,"""สามารถรับรางวัลเหล่านี้ได้เมื่อล็อกอินเข้าสู่ระบบดังต่อไปนี้เท่านั้น:<br>$(0)"""
RewardPlatformPC#0,"""・PC"""
RewardPlatformSwitch#0,"""・Nintendo Switch™"""
RewardPlatformPS4#0,"""・PlayStation®4"""
RewardPlatformVita#0,"""・PlayStation®Vita"""
RewardBondPlatform#0,"""$(0)<br>$(1)"""
BoostItemMessage#0,"""เอฟเฟกต์ของ $(0) หมดเวลาแล้ว"""
BoostLiveEvent#0,"""Live Boost เริ่มขึ้นแล้ว ในช่วงเวลาจำกัดเท่านั้น!"""
BoostItemDrop#0,"""คุณได้รับ Quest Clear Boost เป็นเวลาจำกัด!"""
PotalUnit_Title#0,"""เลือกจุดหมายปลายทาง"""
PotalUnit_Menu_MoveShopArea#0,"""ไปยัง Shop Area"""
PotalUnit_Menu_MoveGateArea#0,"""ไปยัง Gate Area"""
PotalUnit_Menu_MoveAmusement#0,"""ไปยัง Casino Area"""
PotalUnit_Menu_MoveBridgeArea#0,"""ไปยัง Bridge"""
PotalUnit_Menu_MoveCafe#0,"""ไปยัง Franca's Cafe"""
PotalUnit_Menu_MoveMyRoom#0,"""ไปยัง My Room"""
PotalUnit_Menu_MoveGuildRoom#0,"""ไปยัง Team Room ของคุณ"""
PotalUnit_Menu_Cancel#0,"""กลับ"""
Block_help_ClassicBlock#0,"""ไปยัง [PSO2] Blocks"""
Block_help_Beginner#0,"""บล็อกสำหรับผู้เล่นมือใหม่<br>ยินดีต้อนรับผู้เล่นมากประสบการณ์ที่ต้องการช่วยเหลือเช่นกัน!<br>※การจับคู่ จะทำภายใน Beginner Blocks เท่านั้น"""
Block_help_Normal#0,"""บล็อกนี้สำหรับผู้ที่ต้องการผจญภัย<br>ในเขต $(0)<br>※การจับคู่จะทำภายในบล็อกของเขตเดียวกันเท่านั้น"""
Block_help_Stream#0,"""บล็อกนี้สำหรับผู้ที่ต้องการ<br>บันทึกวิดีโอ/สตรีมในเขต $(0)<br>※การจับคู่จะจำกัดเฉพาะ Photography Blocks ด้วยกันเท่านั้น"""
Block_help_Chat#0,"""บล็อกนี้สำหรับผู้ที่ต้องการพูดคุยสังสรรค์<br>ในเขต $(0)<br>※การจับคู่จะจำกัดเฉพาะ Social Blocks ด้วยกันเท่านั้น"""
Block_help_PF_CloudPC#0,"""[Cloud Block]"""
Block_help_PF_CloudOnly#0,"""[Cloud Only]"""
Block_help_myroom#0,"""Your Room สถานที่ที่คุณสามารถจัดวาง<br>ของตกแต่งต่างๆ ได้ นอกจากนี้<br>คุณยังสามารถตั้งค่าและใช้งาน Support<br>Partner ของคุณได้ที่นี่"""
Block_help_teamroom#0,"""Team Room คือห้องสำหรับคุณและ<br>สมาชิก Team ของคุณ คุณสามารถใช้งานได้<br>หลังจากปลดล็อกฟีเจอร์นี้ผ่านทาง<br>Team Counter แล้วเท่านั้น"""
Block_help_publicship#0,"""Ship ที่คุณสามารถเล่นกับผู้อื่นจากต่าง Ship ได้"""
Block_help_publicship_poka#0,"""Lobby ที่แชร์ร่วมกันในทุก Ships<br>ที่นี่ คุณสามารถเข้าร่วม Battle<br>Arena เพื่อแข่งขันและต่อสู้กับ<br>ผู้เล่นอื่นได้"""
Block_help_publicship_challenge#0,"""Lobby ที่แชร์ร่วมกันในทุก Ships<br>ใน Lobby นี้ คุณสามารถเข้าร่วม<br>การท้าทาย เควสต์ที่มีเงื่อนไข<br>และกฎพิเศษในการเริ่มต้นได้"""
Block_help_publicship_to_challenge_block#0,"""ใน Lobby นี้ คุณสามารถเข้าร่วม<br>การท้าทาย เควสต์ที่มีเงื่อนไข<br>และกฎพิเศษในการเริ่มต้นได้"""
Block_help_publicship_to_poka_block#0,"""ที่นี่ คุณสามารถเข้าร่วม Battle<br>Arena เพื่อแข่งขันและต่อสู้กับ<br>ผู้เล่นอื่นได้"""
Block_help_myship#0,"""Ship ที่คุณอาศัยอยู่"""
Block_help_Message_001#0,"""บล็อกสำหรับผู้เล่นมือใหม่เพื่อเรียนรู้เกม<br>ยินดีต้อนรับผู้เล่นมากประสบการณ์ที่ต้องการช่วยเหลือ!<br>※มีข้อจำกัดในการจับคู่ข้ามบล็อก"""
Block_help_Message_002#0,"""บล็อกสำหรับค้นหาปาร์ตี้เพื่อทำเควสต์ระดับ Normal<br>ในพื้นที่ใดก็ได้"""
Block_help_Message_003#0,"""บล็อกสำหรับค้นหาปาร์ตี้เพื่อทำเควสต์ระดับ Hard<br>ในพื้นที่ใดก็ได้"""
Block_help_Message_004#0,"""บล็อกสำหรับค้นหาปาร์ตี้เพื่อทำเควสต์ระดับ Very<br>Hard ในพื้นที่ใดก็ได้"""
Block_help_Message_005#0,"""บล็อกสำหรับค้นหาปาร์ตี้เพื่อทำเควสต์ระดับ Normal<br>ในพื้นที่ Forest"""
Block_help_Message_006#0,"""บล็อกสำหรับค้นหาปาร์ตี้เพื่อทำเควสต์ระดับ Normal<br>ในพื้นที่ Volcanic Caverns"""
Block_help_Message_007#0,"""บล็อกสำหรับค้นหาปาร์ตี้เพื่อทำเควสต์ระดับ Normal<br>ในพื้นที่ Desert"""
Block_help_Message_008#0,"""บล็อกสำหรับค้นหาปาร์ตี้เพื่อทำเควสต์ระดับ Normal<br>ในพื้นที่ Tundra"""
Block_help_Message_009#0,"""บล็อกสำหรับค้นหาปาร์ตี้เพื่อทำเควสต์ระดับ Normal<br>ในพื้นที่ Underground Tunnel"""
Block_help_Message_010#0,"""บล็อกสำหรับค้นหาปาร์ตี้เพื่อทำเควสต์ระดับ Normal<br>ในพื้นที่ Skyscape"""
Block_help_Message_011#0,"""บล็อกสำหรับค้นหาปาร์ตี้เพื่อทำเควสต์ระดับ Normal<br>ในพื้นที่ Ruins"""
Block_help_Message_012#0,"""บล็อกสำหรับค้นหาปาร์ตี้เพื่อทำเควสต์ระดับ Hard<br>ในพื้นที่ Forest"""
Block_help_Message_013#0,"""บล็อกสำหรับค้นหาปาร์ตี้เพื่อทำเควสต์ระดับ Hard<br>ในพื้นที่ Volcanic Caverns"""
Block_help_Message_014#0,"""บล็อกสำหรับค้นหาปาร์ตี้เพื่อทำเควสต์ระดับ Hard<br>ในพื้นที่ Desert"""
Block_help_Message_015#0,"""บล็อกสำหรับค้นหาปาร์ตี้เพื่อทำเควสต์ระดับ Hard<br>ในพื้นที่ Tundra"""
Block_help_Message_016#0,"""บล็อกสำหรับค้นหาปาร์ตี้เพื่อทำเควสต์ระดับ Hard<br>ในพื้นที่ Underground Tunnel"""
Block_help_Message_017#0,"""บล็อกสำหรับค้นหาปาร์ตี้เพื่อทำเควสต์ระดับ Hard<br>ในพื้นที่ Skyscape"""
Block_help_Message_018#0,"""บล็อกสำหรับค้นหาปาร์ตี้เพื่อทำเควสต์ระดับ Hard<br>ในพื้นที่ Ruins"""
Block_help_Message_019#0,"""บล็อกสำหรับค้นหาปาร์ตี้เพื่อทำเควสต์ระดับ Very<br>Hard ในพื้นที่ Forest"""
Block_help_Message_020#0,"""บล็อกสำหรับค้นหาปาร์ตี้เพื่อทำเควสต์ระดับ Very<br>Hard ในพื้นที่ Volcanic Caverns"""
Block_help_Message_021#0,"""บล็อกสำหรับค้นหาปาร์ตี้เพื่อทำเควสต์ระดับ Very<br>Hard ในพื้นที่ Desert"""
Block_help_Message_022#0,"""บล็อกสำหรับค้นหาปาร์ตี้เพื่อทำเควสต์ระดับ Very<br>Hard ในพื้นที่ Tundra"""
Block_help_Message_023#0,"""บล็อกสำหรับค้นหาปาร์ตี้เพื่อทำเควสต์ระดับ Very<br>Hard ในพื้นที่ Underground Tunnel"""
Block_help_Message_024#0,"""บล็อกสำหรับค้นหาปาร์ตี้เพื่อทำเควสต์ระดับ Very<br>Hard ในพื้นที่ Skyscape"""
Block_help_Message_025#0,"""บล็อกสำหรับค้นหาปาร์ตี้เพื่อทำเควสต์ระดับ Very<br>Hard ในพื้นที่ Ruins"""
Block_help_Message_026#0,"""บล็อกสำหรับอำนวยความสะดวกในการจัดปาร์ตี้<br>สำหรับผู้ที่ต้องการเล่น<br>Time Attack Quest"""
Block_help_Message_027#0,"""บล็อกสำหรับอำนวยความสะดวกให้ผู้เล่น<br>ในการค้นหาคนอื่นๆ เพื่อทำ Advance Quests<br>ด้วยกัน"""
Block_help_Message_028#0,"""บล็อกสำหรับผู้ที่ชอบเล่น Solo<br>แนะนำเป็นอย่างยิ่งเมื่อต้องการเล่น Story Quests!<br>※มีข้อจำกัดในการจับคู่ข้ามบล็อก"""
Block_help_Message_029#0,"""บล็อกสำหรับผู้ที่ต้องการพูดคุย,<br>หาเพื่อน และรับสมัครสมาชิก Team!<br>※มีข้อจำกัดในการจับคู่ข้ามบล็อก"""
Block_help_Message_030#0,"""บล็อกสำหรับผู้ที่ต้องการแลกเปลี่ยน<br>ไอเทม และสำหรับผู้ที่ต้องการจัดการ<br>ร้านค้าของตัวเองเป็นเวลานาน"""
Block_help_Message_031#0,"""บล็อกที่สามารถใช้สำหรับจุดประสงค์<br>หรือเควสต์ใดก็ได้<br>※มีข้อจำกัดในการจับคู่ข้ามบล็อก"""
Block_help_Message_032#0,"""บล็อกนี้สำหรับผู้เล่นที่มี Premium<br>※มีข้อจำกัดในการจับคู่ข้ามบล็อก"""
Block_help_Message_033#0,"""บล็อกสำหรับผู้เล่นมือใหม่เพื่อเรียนรู้เกม<br>ยินดีต้อนรับผู้เล่นมากประสบการณ์ที่ต้องการช่วยเหลือ!<br>※มีข้อจำกัดในการจับคู่ข้ามบล็อก<br>[Lobby รวม Vita/PC/PS4]"""
Block_help_Message_034#0,"""บล็อกสำหรับค้นหาปาร์ตี้เพื่อทำเควสต์ระดับ Normal<br>ในพื้นที่ใดก็ได้<br>[Lobby รวม Vita/PC/PS4]"""
Block_help_Message_035#0,"""บล็อกสำหรับค้นหาปาร์ตี้เพื่อทำเควสต์ระดับ Hard<br>ในพื้นที่ใดก็ได้<br>[Lobby รวม Vita/PC/PS4]"""
Block_help_Message_036#0,"""บล็อกสำหรับค้นหาปาร์ตี้เพื่อทำเควสต์ระดับ Very<br>Hard ในพื้นที่ใดก็ได้<br>[Lobby รวม Vita/PC/PS4]"""
Block_help_Message_037#0,"""บล็อกสำหรับอำนวยความสะดวกในการจัดปาร์ตี้<br>สำหรับผู้ที่ต้องการเล่น<br>Time Attack Quest<br>【 ใช้ร่วมกันระหว่าง PS Vita & PC / PS4 】"""
Block_help_Message_038#0,"""บล็อกสำหรับอำนวยความสะดวกให้ผู้เล่น<br>ในการค้นหาคนอื่นๆ เพื่อทำ Advance Quests<br>ด้วยกัน<br>[Lobby รวม Vita/PC/PS4]"""
Block_help_Message_039#0,"""บล็อกสำหรับผู้ที่ชอบเล่น Solo<br>แนะนำเป็นอย่างยิ่งเมื่อต้องการเล่น Story Quests!<br>※มีข้อจำกัดในการจับคู่ข้ามบล็อก<br>[Lobby รวม Vita/PC/PS4]"""
Block_help_Message_040#0,"""บล็อกสำหรับผู้ที่ต้องการพูดคุย,<br>หาเพื่อน และรับสมัครสมาชิก Team!<br>※มีข้อจำกัดในการจับคู่ข้ามบล็อก<br>[Lobby รวม Vita/PC/PS4]"""
Block_help_Message_041#0,"""บล็อกสำหรับผู้ที่ต้องการแลกเปลี่ยน<br>ไอเทม และสำหรับผู้ที่ต้องการจัดการ<br>ร้านค้าของตัวเองเป็นเวลานาน<br>[Lobby รวม Vita/PC/PS4]"""
Block_help_Message_042#0,"""บล็อกที่สามารถใช้สำหรับจุดประสงค์<br>หรือเควสต์ใดก็ได้<br>※มีข้อจำกัดในการจับคู่ข้ามบล็อก<br>[Lobby รวม Vita/PC/PS4]"""
Block_help_Message_043#0,"""บล็อกสำหรับค้นหาปาร์ตี้เพื่อทำเควสต์ระดับ Normal<br>ในพื้นที่ Sanctum"""
Block_help_Message_044#0,"""บล็อกสำหรับค้นหาปาร์ตี้เพื่อทำเควสต์ระดับ Hard<br>ในพื้นที่ Sanctum"""
Block_help_Message_045#0,"""บล็อกสำหรับค้นหาปาร์ตี้เพื่อทำเควสต์ระดับ Very<br>Hard ในพื้นที่ Sanctum"""
Block_help_Message_046#0,"""บล็อกสำหรับอำนวยความสะดวกให้ผู้เล่น<br>ในการค้นหาคนอื่นๆ เพื่อทำ Extreme Quests<br>ด้วยกัน"""
Block_help_Message_047#0,"""บล็อกสำหรับอำนวยความสะดวกให้ผู้เล่น<br>ในการค้นหาคนอื่นๆ เพื่อช่วยกันฝึกซ้อม<br>เควสต์ Grand Prix 2013"""
Block_help_Message_048#0,"""บล็อกสำหรับค้นหาปาร์ตี้เพื่อทำเควสต์ระดับ Normal<br>ในพื้นที่ Sanctum<br>[Lobby รวม Vita/PC/PS4]"""
Block_help_Message_049#0,"""บล็อกสำหรับค้นหาปาร์ตี้เพื่อทำเควสต์ระดับ Hard<br>ในพื้นที่ Sanctum<br>[Lobby รวม Vita/PC/PS4]"""
Block_help_Message_050#0,"""บล็อกสำหรับค้นหาปาร์ตี้เพื่อทำเควสต์ระดับ Very<br>Hard ในพื้นที่ Sanctum<br>[Lobby รวม Vita/PC/PS4]"""
Block_help_Message_051#0,"""บล็อกสำหรับอำนวยความสะดวกให้ผู้เล่น<br>ในการค้นหาคนอื่นๆ เพื่อทำ Extreme Quests<br>ด้วยกัน<br>[Lobby รวม Vita/PC/PS4]"""
Block_help_Message_052#0,"""บล็อกสำหรับค้นหาปาร์ตี้เพื่อทำเควสต์ระดับ Normal<br>ในพื้นที่ Coast"""
Block_help_Message_053#0,"""บล็อกสำหรับค้นหาปาร์ตี้เพื่อทำเควสต์ระดับ Hard<br>ในพื้นที่ Coast"""
Block_help_Message_054#0,"""บล็อกสำหรับค้นหาปาร์ตี้เพื่อทำเควสต์ระดับ Very<br>Hard ในพื้นที่ Coast"""
Block_help_Message_055#0,"""บล็อกสำหรับค้นหาปาร์ตี้เพื่อทำเควสต์ระดับ Normal<br>ในพื้นที่ Coast<br>[Lobby รวม Vita/PC/PS4]"""
Block_help_Message_056#0,"""บล็อกสำหรับค้นหาปาร์ตี้เพื่อทำเควสต์ระดับ Hard<br>ในพื้นที่ Coast<br>[Lobby รวม Vita/PC/PS4]"""
Block_help_Message_057#0,"""บล็อกสำหรับค้นหาปาร์ตี้เพื่อทำเควสต์ระดับ Very<br>Hard ในพื้นที่ Coast<br>[Lobby รวม Vita/PC/PS4]"""
Block_help_Message_058#0,"""บล็อกสำหรับค้นหาปาร์ตี้เพื่อทำเควสต์ระดับ Normal<br>บนดาว Naberius"""
Block_help_Message_059#0,"""บล็อกสำหรับค้นหาปาร์ตี้เพื่อทำเควสต์ระดับ Hard<br>บนดาว Naberius"""
Block_help_Message_060#0,"""บล็อกสำหรับค้นหาปาร์ตี้เพื่อทำเควสต์ระดับ Very<br>Hard บนดาว Naberius"""
Block_help_Message_061#0,"""บล็อกสำหรับค้นหาปาร์ตี้เพื่อทำเควสต์ระดับ Normal<br>บนดาว Lillipa"""
Block_help_Message_062#0,"""บล็อกสำหรับค้นหาปาร์ตี้เพื่อทำเควสต์ระดับ Hard<br>บนดาว Lillipa"""
Block_help_Message_063#0,"""บล็อกสำหรับค้นหาปาร์ตี้เพื่อทำเควสต์ระดับ Very<br>Hard บนดาว Lillipa"""
Block_help_Message_064#0,"""บล็อกสำหรับค้นหาปาร์ตี้เพื่อทำเควสต์ระดับ Normal<br>บนดาว Amduscia"""
Block_help_Message_065#0,"""บล็อกสำหรับค้นหาปาร์ตี้เพื่อทำเควสต์ระดับ Hard<br>บนดาว Amduscia"""
Block_help_Message_066#0,"""บล็อกสำหรับค้นหาปาร์ตี้เพื่อทำเควสต์ระดับ Very<br>Hard บนดาว Amduscia"""
Block_help_Message_067#0,"""บล็อกสำหรับค้นหาปาร์ตี้เพื่อทำเควสต์ระดับ Normal<br>บนดาว Wopal"""
Block_help_Message_068#0,"""บล็อกสำหรับค้นหาปาร์ตี้เพื่อทำเควสต์ระดับ Hard<br>บนดาว Wopal"""
Block_help_Message_069#0,"""บล็อกสำหรับค้นหาปาร์ตี้เพื่อทำเควสต์ระดับ Very<br>Hard บนดาว Wopal"""
Block_help_Message_070#0,"""บล็อกสำหรับค้นหาปาร์ตี้เพื่อทำเควสต์ระดับ Normal<br>บนดาว Naberius<br>[Lobby รวม Vita/PC/PS4]"""
Block_help_Message_071#0,"""บล็อกสำหรับค้นหาปาร์ตี้เพื่อทำเควสต์ระดับ Hard<br>บนดาว Naberius<br>[Lobby รวม Vita/PC/PS4]"""
Block_help_Message_072#0,"""บล็อกสำหรับค้นหาปาร์ตี้เพื่อทำเควสต์ระดับ Very<br>Hard บนดาว Naberius<br>[Lobby รวม Vita/PC/PS4]"""
Block_help_Message_073#0,"""บล็อกสำหรับค้นหาปาร์ตี้เพื่อทำเควสต์ระดับ Normal<br>บนดาว Lillipa<br>[Lobby รวม Vita/PC/PS4]"""
Block_help_Message_074#0,"""บล็อกสำหรับค้นหาปาร์ตี้เพื่อทำเควสต์ระดับ Hard<br>บนดาว Lillipa<br>[Lobby รวม Vita/PC/PS4]"""
Block_help_Message_075#0,"""บล็อกสำหรับค้นหาปาร์ตี้เพื่อทำเควสต์ระดับ Very<br>Hard บนดาว Lillipa<br>[Lobby รวม Vita/PC/PS4]"""
Block_help_Message_076#0,"""บล็อกสำหรับค้นหาปาร์ตี้เพื่อทำเควสต์ระดับ Normal<br>บนดาว Amduscia<br>[Lobby รวม Vita/PC/PS4]"""
Block_help_Message_077#0,"""บล็อกสำหรับค้นหาปาร์ตี้เพื่อทำเควสต์ระดับ Hard<br>บนดาว Amduscia<br>[Lobby รวม Vita/PC/PS4]"""
Block_help_Message_078#0,"""บล็อกสำหรับค้นหาปาร์ตี้เพื่อทำเควสต์ระดับ Very<br>Hard บนดาว Amduscia<br>[Lobby รวม Vita/PC/PS4]"""
Block_help_Message_079#0,"""บล็อกสำหรับค้นหาปาร์ตี้เพื่อทำเควสต์ระดับ Normal<br>บนดาว Wopal<br>[Lobby รวม Vita/PC/PS4]"""
Block_help_Message_080#0,"""บล็อกสำหรับค้นหาปาร์ตี้เพื่อทำเควสต์ระดับ Hard<br>บนดาว Wopal<br>[Lobby รวม Vita/PC/PS4]"""
Block_help_Message_081#0,"""บล็อกสำหรับค้นหาปาร์ตี้เพื่อทำเควสต์ระดับ Very<br>Hard บนดาว Wopal<br>[Lobby รวม Vita/PC/PS4]"""
Block_help_Message_082#0,"""บล็อกสำหรับค้นหาปาร์ตี้เพื่อทำเควสต์ระดับ Normal<br>ในพื้นที่ Quarry"""
Block_help_Message_083#0,"""บล็อกสำหรับค้นหาปาร์ตี้เพื่อทำเควสต์ระดับ Hard<br>ในพื้นที่ Quarry"""
Block_help_Message_084#0,"""บล็อกสำหรับค้นหาปาร์ตี้เพื่อทำเควสต์ระดับ Very<br>Hard ในพื้นที่ Quarry"""
Block_help_Message_085#0,"""บล็อกสำหรับค้นหาปาร์ตี้เพื่อทำเควสต์ระดับ Normal<br>ในพื้นที่ Quarry<br>[Lobby รวม Vita/PC/PS4]"""
Block_help_Message_086#0,"""บล็อกสำหรับค้นหาปาร์ตี้เพื่อทำเควสต์ระดับ Hard<br>ในพื้นที่ Quarry<br>[Lobby รวม Vita/PC/PS4]"""
Block_help_Message_087#0,"""บล็อกสำหรับค้นหาปาร์ตี้เพื่อทำเควสต์ระดับ Very<br>Hard ในพื้นที่ Quarry<br>[Lobby รวม Vita/PC/PS4]"""
Block_help_Message_088#0,"""บล็อกสำหรับค้นหาปาร์ตี้เพื่อทำเควสต์ระดับ Super<br>Hard ในพื้นที่ใดก็ได้"""
Block_help_Message_089#0,"""บล็อกสำหรับค้นหาปาร์ตี้เพื่อทำเควสต์ระดับ Super<br>Hard ในพื้นที่ Forest"""
Block_help_Message_090#0,"""บล็อกสำหรับค้นหาปาร์ตี้เพื่อทำเควสต์ระดับ Super<br>Hard ในพื้นที่ Volcanic Caverns"""
Block_help_Message_091#0,"""บล็อกสำหรับค้นหาปาร์ตี้เพื่อทำเควสต์ระดับ Super<br>Hard ในพื้นที่ Desert"""
Block_help_Message_092#0,"""บล็อกสำหรับค้นหาปาร์ตี้เพื่อทำเควสต์ระดับ Super<br>Hard ในพื้นที่ Tundra"""
Block_help_Message_093#0,"""บล็อกสำหรับค้นหาปาร์ตี้เพื่อทำเควสต์ระดับ Super<br>Hard ในพื้นที่ Underground Tunnel"""
Block_help_Message_094#0,"""บล็อกสำหรับค้นหาปาร์ตี้เพื่อทำเควสต์ระดับ Super<br>Hard ในพื้นที่ Skyscape"""
Block_help_Message_095#0,"""บล็อกสำหรับค้นหาปาร์ตี้เพื่อทำเควสต์ระดับ Super<br>Hard ในพื้นที่ Ruins"""
Block_help_Message_096#0,"""บล็อกสำหรับค้นหาปาร์ตี้เพื่อทำเควสต์ระดับ Super<br>Hard ในพื้นที่ Sanctum"""
Block_help_Message_097#0,"""บล็อกสำหรับค้นหาปาร์ตี้เพื่อทำเควสต์ระดับ Super<br>Hard ในพื้นที่ Coast"""
Block_help_Message_098#0,"""บล็อกสำหรับค้นหาปาร์ตี้เพื่อทำเควสต์ระดับ Super<br>Hard ในพื้นที่ Quarry"""
Block_help_Message_099#0,"""บล็อกสำหรับค้นหาปาร์ตี้เพื่อทำเควสต์ระดับ Super<br>Hard บนดาว Naberius"""
Block_help_Message_100#0,"""บล็อกสำหรับค้นหาปาร์ตี้เพื่อทำเควสต์ระดับ Super<br>Hard บนดาว Lillipa"""
Block_help_Message_101#0,"""บล็อกสำหรับค้นหาปาร์ตี้เพื่อทำเควสต์ระดับ Super<br>Hard บนดาว Amduscia"""
Block_help_Message_102#0,"""บล็อกสำหรับค้นหาปาร์ตี้เพื่อทำเควสต์ระดับ Super<br>Hard บนดาว Wopal"""
Block_help_Message_103#0,"""บล็อกสำหรับค้นหาปาร์ตี้เพื่อทำเควสต์ระดับ Super<br>Hard ในพื้นที่ใดก็ได้<br>[Lobby รวม Vita/PC/PS4]"""
Block_help_Message_104#0,"""บล็อกสำหรับค้นหาปาร์ตี้เพื่อทำเควสต์ระดับ Super<br>Hard ในพื้นที่ Forest<br>[Lobby รวม Vita/PC/PS4]"""
Block_help_Message_105#0,"""บล็อกสำหรับค้นหาปาร์ตี้เพื่อทำเควสต์ระดับ Super<br>Hard ในพื้นที่ Volcanic Caverns<br>[Lobby รวม Vita/PC/PS4]"""
Block_help_Message_106#0,"""บล็อกสำหรับค้นหาปาร์ตี้เพื่อทำเควสต์ระดับ Super<br>Hard ในพื้นที่ Desert<br>[Lobby รวม Vita/PC/PS4]"""
Block_help_Message_107#0,"""บล็อกสำหรับค้นหาปาร์ตี้เพื่อทำเควสต์ระดับ Super<br>Hard ในพื้นที่ Tundra<br>[Lobby รวม Vita/PC/PS4]"""
Block_help_Message_108#0,"""บล็อกสำหรับค้นหาปาร์ตี้เพื่อทำเควสต์ระดับ Super<br>Hard ในพื้นที่ Underground Tunnel<br>[Lobby รวม Vita/PC/PS4]"""
Block_help_Message_109#0,"""บล็อกสำหรับค้นหาปาร์ตี้เพื่อทำเควสต์ระดับ Super<br>Hard ในพื้นที่ Skyscape<br>[Lobby รวม Vita/PC/PS4]"""
Block_help_Message_110#0,"""บล็อกสำหรับค้นหาปาร์ตี้เพื่อทำเควสต์ระดับ Super<br>Hard ในพื้นที่ Ruins<br>[Lobby รวม Vita/PC/PS4]"""
Block_help_Message_111#0,"""บล็อกสำหรับค้นหาปาร์ตี้เพื่อทำเควสต์ระดับ Super<br>Hard ในพื้นที่ Sanctum<br>[Lobby รวม Vita/PC/PS4]"""
Block_help_Message_112#0,"""บล็อกสำหรับค้นหาปาร์ตี้เพื่อทำเควสต์ระดับ Super<br>Hard ในพื้นที่ Coast<br>[Lobby รวม Vita/PC/PS4]"""
Block_help_Message_113#0,"""บล็อกสำหรับค้นหาปาร์ตี้เพื่อทำเควสต์ระดับ Super<br>Hard ในพื้นที่ Quarry<br>[Lobby รวม Vita/PC/PS4]"""
Block_help_Message_114#0,"""บล็อกสำหรับค้นหาปาร์ตี้เพื่อทำเควสต์ระดับ Super<br>Hard บนดาว Naberius<br>[Lobby รวม Vita/PC/PS4]"""
Block_help_Message_115#0,"""บล็อกสำหรับค้นหาปาร์ตี้เพื่อทำเควสต์ระดับ Super<br>Hard บนดาว Lillipa<br>[Lobby รวม Vita/PC/PS4]"""
Block_help_Message_116#0,"""บล็อกสำหรับค้นหาปาร์ตี้เพื่อทำเควสต์ระดับ Super<br>Hard บนดาว Amduscia<br>[Lobby รวม Vita/PC/PS4]"""
Block_help_Message_117#0,"""บล็อกสำหรับค้นหาปาร์ตี้เพื่อทำเควสต์ระดับ Super<br>Hard บนดาว Wopal<br>[Lobby รวม Vita/PC/PS4]"""
Block_help_Message_118#0,"""บล็อกสำหรับค้นหาปาร์ตี้เพื่อทำเควสต์ระดับ Normal<br>ในพื้นที่ Seabed"""
Block_help_Message_119#0,"""บล็อกสำหรับค้นหาปาร์ตี้เพื่อทำเควสต์ระดับ Hard<br>ในพื้นที่ Seabed"""
Block_help_Message_120#0,"""บล็อกสำหรับค้นหาปาร์ตี้เพื่อทำเควสต์ระดับ Very<br>Hard ในพื้นที่ Seabed"""
Block_help_Message_121#0,"""บล็อกสำหรับค้นหาปาร์ตี้เพื่อทำเควสต์ระดับ Super<br>Hard ในพื้นที่ Seabed"""
Block_help_Message_122#0,"""บล็อกสำหรับค้นหาปาร์ตี้เพื่อทำเควสต์ระดับ Normal<br>ในพื้นที่ Seabed<br>[Lobby รวม Vita/PC/PS4]"""
Block_help_Message_123#0,"""บล็อกสำหรับค้นหาปาร์ตี้เพื่อทำเควสต์ระดับ Hard<br>ในพื้นที่ Seabed<br>[Lobby รวม Vita/PC/PS4]"""
Block_help_Message_124#0,"""บล็อกสำหรับค้นหาปาร์ตี้เพื่อทำเควสต์ระดับ Very<br>Hard ในพื้นที่ Seabed<br>[Lobby รวม Vita/PC/PS4]"""
Block_help_Message_125#0,"""บล็อกสำหรับค้นหาปาร์ตี้เพื่อทำเควสต์ระดับ Super<br>Hard ในพื้นที่ Seabed<br>[Lobby รวม Vita/PC/PS4]"""
Block_help_Message_126#0,"""บล็อกสำหรับค้นหาปาร์ตี้เพื่อทำเควสต์ Limited<br>Quest ของงาน ARKS Competition Festival 2014"""
Block_help_Message_127#0,"""บล็อกสำหรับค้นหาปาร์ตี้เพื่อทำเควสต์ Limited<br>Quest ของงาน ARKS Competition Festival 2014<br>[Lobby รวม Vita/PC/PS4]"""
Block_help_Message_128#0,"""บล็อกที่ออกแบบมาสำหรับการบันทึกวิดีโอ<br>และถ่ายภาพ<br>※มีข้อจำกัดในการจับคู่ข้ามบล็อก"""
Block_help_Message_129#0,"""บล็อกสำหรับอำนวยความสะดวกให้ผู้เล่น<br>ในการค้นหาคนอื่นๆ เพื่อช่วยกันฝึกซ้อม<br>เควสต์ Grand Prix 2014"""
Block_help_Message_130#0,"""บล็อกสำหรับค้นหาปาร์ตี้เพื่อทำเควสต์ระดับ Normal<br>บนดาว Harkotan"""
Block_help_Message_131#0,"""บล็อกสำหรับค้นหาปาร์ตี้เพื่อทำเควสต์ระดับ Hard<br>บนดาว Harkotan"""
Block_help_Message_132#0,"""บล็อกสำหรับค้นหาปาร์ตี้เพื่อทำเควสต์ระดับ Very<br>Hard บนดาว Harkotan"""
Block_help_Message_133#0,"""บล็อกสำหรับค้นหาปาร์ตี้เพื่อทำเควสต์ระดับ Super<br>Hard บนดาว Harkotan"""
Block_help_Message_134#0,"""บล็อกสำหรับค้นหาปาร์ตี้เพื่อทำเควสต์ระดับ Normal<br>บนดาว Harkotan<br>[Lobby รวม Vita/PC/PS4]"""
Block_help_Message_135#0,"""บล็อกสำหรับค้นหาปาร์ตี้เพื่อทำเควสต์ระดับ Hard<br>บนดาว Harkotan<br>[Lobby รวม Vita/PC/PS4]"""
Block_help_Message_136#0,"""บล็อกสำหรับค้นหาปาร์ตี้เพื่อทำเควสต์ระดับ Very<br>Hard บนดาว Harkotan<br>[Lobby รวม Vita/PC/PS4]"""
Block_help_Message_137#0,"""บล็อกสำหรับค้นหาปาร์ตี้เพื่อทำเควสต์ระดับ Super<br>Hard บนดาว Harkotan<br>[Lobby รวม Vita/PC/PS4]"""
Block_help_Message_138#0,"""บล็อกสำหรับค้นหาปาร์ตี้เพื่อทำเควสต์ระดับ Normal<br>ในพื้นที่ Shironia"""
Block_help_Message_139#0,"""บล็อกสำหรับค้นหาปาร์ตี้เพื่อทำเควสต์ระดับ Hard<br>ในพื้นที่ Shironia"""
Block_help_Message_140#0,"""บล็อกสำหรับค้นหาปาร์ตี้เพื่อทำเควสต์ระดับ Very<br>Hard ในพื้นที่ Shironia"""
Block_help_Message_141#0,"""บล็อกสำหรับค้นหาปาร์ตี้เพื่อทำเควสต์ระดับ Super<br>Hard ในพื้นที่ Shironia"""
Block_help_Message_142#0,"""บล็อกสำหรับค้นหาปาร์ตี้เพื่อทำเควสต์ระดับ Normal<br>ในพื้นที่ Shironia<br>[Lobby รวม Vita/PC/PS4]"""
Block_help_Message_143#0,"""บล็อกสำหรับค้นหาปาร์ตี้เพื่อทำเควสต์ระดับ Hard<br>ในพื้นที่ Shironia<br>[Lobby รวม Vita/PC/PS4]"""
Block_help_Message_144#0,"""บล็อกสำหรับค้นหาปาร์ตี้เพื่อทำเควสต์ระดับ Very<br>Hard ในพื้นที่ Shironia<br>[Lobby รวม Vita/PC/PS4]"""
Block_help_Message_145#0,"""บล็อกสำหรับค้นหาปาร์ตี้เพื่อทำเควสต์ระดับ Super<br>Hard ในพื้นที่ Shironia<br>[Lobby รวม Vita/PC/PS4]"""
Block_help_Message_146#0,"""บล็อกสำหรับผู้ที่ต้องการสนุกกับ<br>เกม Casino ร่วมกับผู้อื่น กรุณาเกรงใจ<br>ผู้เล่นคนอื่นๆ ด้วย"""
Block_help_Message_147#0,"""บล็อกสำหรับผู้ที่ต้องการสนุกกับ<br>เกม Casino ร่วมกับผู้อื่น กรุณาเกรงใจ<br>ผู้เล่นคนอื่นๆ ด้วย<br>[Lobby รวม Vita/PC/PS4]"""
Block_help_Message_148#0,"""บล็อกสำหรับค้นหาปาร์ตี้เพื่อทำเควสต์ระดับ Normal<br>ในพื้นที่ Floating Facility"""
Block_help_Message_149#0,"""บล็อกสำหรับค้นหาปาร์ตี้เพื่อทำเควสต์ระดับ Hard<br>ในพื้นที่ Floating Facility"""
Block_help_Message_150#0,"""บล็อกสำหรับค้นหาปาร์ตี้เพื่อทำเควสต์ระดับ Very<br>Hard ในพื้นที่ Floating Facility"""
Block_help_Message_151#0,"""บล็อกสำหรับค้นหาปาร์ตี้เพื่อทำเควสต์ระดับ Super<br>Hard ในพื้นที่ Floating Facility"""
Block_help_Message_152#0,"""บล็อกสำหรับค้นหาปาร์ตี้เพื่อทำเควสต์ระดับ Normal<br>ในพื้นที่ Floating Facility<br>[Lobby รวม Vita/PC/PS4]"""
Block_help_Message_153#0,"""บล็อกสำหรับค้นหาปาร์ตี้เพื่อทำเควสต์ระดับ Hard<br>ในพื้นที่ Floating Facility<br>[Lobby รวม Vita/PC/PS4]"""
Block_help_Message_154#0,"""บล็อกสำหรับค้นหาปาร์ตี้เพื่อทำเควสต์ระดับ Very<br>Hard ในพื้นที่ Floating Facility<br>[Lobby รวม Vita/PC/PS4]"""
Block_help_Message_155#0,"""บล็อกสำหรับค้นหาปาร์ตี้เพื่อทำเควสต์ระดับ Super<br>Hard ในพื้นที่ Floating Facility<br>[Lobby รวม Vita/PC/PS4]"""
Block_help_Message_156#0,"""บล็อกสำหรับค้นหาปาร์ตี้เพื่อทำเควสต์ระดับ Extra<br>Hard โดยไม่จำกัดพื้นที่"""
Block_help_Message_157#0,"""บล็อกสำหรับอำนวยความสะดวกให้ผู้เล่น<br>ในการค้นหาคนอื่นๆ เพื่อทำ Ultimate Quests<br>ด้วยกัน"""
Block_help_Message_158#0,"""บล็อกสำหรับค้นหาปาร์ตี้เพื่อทำเควสต์ระดับ Extra<br>Hard โดยไม่จำกัดพื้นที่<br>[Lobby รวม Vita/PC/PS4]"""
Block_help_Message_159#0,"""บล็อกสำหรับอำนวยความสะดวกให้ผู้เล่น<br>ในการค้นหาคนอื่นๆ เพื่อทำ Ultimate Quests<br>ด้วยกัน<br>[Lobby รวม Vita/PC/PS4]"""
Block_help_Message_160#0,"""บล็อกสำหรับค้นหาปาร์ตี้เพื่อทำเควสต์ daily<br>featured quest โดยไม่จำกัดพื้นที่<br>หรือระดับความยาก"""
Block_help_Message_161#0,"""บล็อกสำหรับค้นหาปาร์ตี้เพื่อทำเควสต์ daily<br>featured quest โดยไม่จำกัดพื้นที่<br>หรือระดับความยาก<br>[Lobby รวม Vita/PC/PS4]"""
Block_help_Message_162#0,"""บล็อกสำหรับอำนวยความสะดวกให้ผู้เล่น<br>ในการค้นหาคนอื่นๆ เพื่อทำ Ultimate Quests<br>หรือเควสต์ระดับความยาก Extra Hard ด้วยกัน"""
Block_help_Message_163#0,"""บล็อกสำหรับอำนวยความสะดวกให้ผู้เล่น<br>ในการค้นหาคนอื่นๆ เพื่อทำ Ultimate Quests<br>หรือเควสต์ระดับความยาก Extra Hard ด้วยกัน<br>[Lobby รวม Vita/PC/PS4]"""
Block_help_Message_164#0,"""บล็อกสำหรับค้นหาปาร์ตี้เพื่อทำ<br>Challenge Quests โดย Challenge Quests จะสามารถ<br>เริ่มต้นได้ใน Challenge Lobby เท่านั้น"""
Block_help_Message_165#0,"""บล็อกสำหรับค้นหาปาร์ตี้เพื่อทำ<br>Challenge Quests โดย Challenge Quests จะสามารถ<br>เริ่มต้นได้ใน Challenge Lobby เท่านั้น<br>[Lobby รวม Vita/PC/PS4]"""
Block_help_Message_166#0,"""บล็อกสำหรับผู้ที่เพิ่งเริ่มต้นเล่น<br>Challenge Mode ขอเชิญชวนให้ผู้เล่นมากประสบการณ์<br>มาช่วยกันที่นี่!"""
Block_help_Message_167#0,"""บล็อกสำหรับผู้ที่เพิ่งเริ่มต้นเล่น<br>Challenge Mode ขอเชิญชวนให้ผู้เล่นมากประสบการณ์<br>มาช่วยกันที่นี่!<br>[Lobby รวม Vita/PC/PS4]"""
Block_help_Message_168#0,"""บล็อกสำหรับค้นหาปาร์ตี้เพื่อทำ<br>Challenge Quests แบบสบายๆ ไม่เคร่งเครียด"""
Block_help_Message_169#0,"""บล็อกสำหรับค้นหาปาร์ตี้เพื่อทำ<br>Challenge Quests แบบสบายๆ ไม่เคร่งเครียด<br>[Lobby รวม Vita/PC/PS4]"""
Block_help_Message_170#0,"""บล็อกสำหรับการพยายามหาวิธีการใหม่ๆ<br>และน่าตื่นเต้นในการเคลียร์ Challenge Mode"""
Block_help_Message_171#0,"""บล็อกสำหรับการพยายามหาวิธีการใหม่ๆ<br>และน่าตื่นเต้นในการเคลียร์ Challenge Mode<br>[Lobby รวม Vita/PC/PS4]"""
Block_help_Message_172#0,"""บล็อกสำหรับผู้ที่ต้องการเคลียร์<br>Challenge Mode ให้เร็วที่สุดเท่าที่จะเป็นไปได้<br>ไม่เหมาะสำหรับผู้ที่ใจไม่สู้!"""
Block_help_Message_173#0,"""บล็อกสำหรับผู้ที่ต้องการเคลียร์<br>Challenge Mode ให้เร็วที่สุดเท่าที่จะเป็นไปได้<br>ไม่เหมาะสำหรับผู้ที่ใจไม่สู้!<br>[Lobby รวม Vita/PC/PS4]"""
Block_help_Message_174#0,"""บล็อกสำหรับค้นหาผู้เล่นเพื่อพูดคุย<br>และกิจกรรมทางสังคมที่สนุกสนานอื่นๆ"""
Block_help_Message_175#0,"""บล็อกสำหรับค้นหาผู้เล่นเพื่อพูดคุย<br>และกิจกรรมทางสังคมที่สนุกสนานอื่นๆ<br>[Lobby รวม Vita/PC/PS4]"""
Block_help_Message_176#0,"""บล็อกสำหรับค้นหาปาร์ตี้เพื่อทำ<br>Ultimate Quest 【 Corruption Survey: Naberius 】 และ<br>เควสต์ระดับ Extra Hard"""
Block_help_Message_177#0,"""บล็อกสำหรับค้นหาปาร์ตี้เพื่อทำ<br>Ultimate Quest 【 Corruption Survey: Lillipa 】 และ<br>เควสต์ระดับ Extra Hard"""
Block_help_Message_178#0,"""บล็อกสำหรับค้นหาปาร์ตี้เพื่อทำ<br>Ultimate Quest 【 Corruption Survey: Naberius 】 และ<br>เควสต์ระดับ Extra Hard<br>[Lobby รวม Vita/PC/PS4]"""
Block_help_Message_179#0,"""บล็อกสำหรับค้นหาปาร์ตี้เพื่อทำ<br>Ultimate Quest 【 Corruption Survey: Lillipa 】 และ<br>เควสต์ระดับ Extra Hard<br>[Lobby รวม Vita/PC/PS4]"""
Block_help_Message_180#0,"""บล็อกสำหรับผู้ที่ต้องการฝึกซ้อม<br>สำหรับการแข่งขัน ARKS Grand Prix 2016<br>พยายามเข้านะ!"""
Block_help_Message_181#0,"""บล็อกสำหรับค้นหาปาร์ตี้เพื่อทำเควสต์ระดับ Normal<br>ในพื้นที่ Tokyo"""
Block_help_Message_182#0,"""บล็อกสำหรับค้นหาปาร์ตี้เพื่อทำเควสต์ระดับ Hard<br>ในพื้นที่ Tokyo"""
Block_help_Message_183#0,"""บล็อกสำหรับค้นหาปาร์ตี้เพื่อทำเควสต์ระดับ Very<br>Hard ในพื้นที่ Tokyo"""
Block_help_Message_184#0,"""บล็อกสำหรับค้นหาปาร์ตี้เพื่อทำเควสต์ระดับ Super<br>Hard ในพื้นที่ Tokyo"""
Block_help_Message_185#0,"""บล็อกสำหรับค้นหาปาร์ตี้เพื่อทำเควสต์ระดับ Extra<br>Hard ในพื้นที่ Tokyo"""
Block_help_Message_186#0,"""บล็อกสำหรับค้นหาปาร์ตี้เพื่อทำเควสต์ระดับ Normal<br>ในพื้นที่ Tokyo<br>[Lobby รวม Vita/PC/PS4]"""
Block_help_Message_187#0,"""บล็อกสำหรับค้นหาปาร์ตี้เพื่อทำเควสต์ระดับ Hard<br>ในพื้นที่ Tokyo<br>[Lobby รวม Vita/PC/PS4]"""
Block_help_Message_188#0,"""บล็อกสำหรับค้นหาปาร์ตี้เพื่อทำเควสต์ระดับ Very<br>Hard ในพื้นที่ Tokyo<br>[Lobby รวม Vita/PC/PS4]"""
Block_help_Message_189#0,"""บล็อกสำหรับค้นหาปาร์ตี้เพื่อทำเควสต์ระดับ Super<br>Hard ในพื้นที่ Tokyo<br>[Lobby รวม Vita/PC/PS4]"""
Block_help_Message_190#0,"""บล็อกสำหรับค้นหาปาร์ตี้เพื่อทำเควสต์ระดับ Extra<br>Hard ในพื้นที่ Tokyo<br>[Lobby รวม Vita/PC/PS4]"""
Block_help_Message_191#0,"""บล็อกสำหรับผู้ที่ต้องการรวบรวม<br>ร่วมกับผู้เล่นอื่น คุณยังสามารถใช้<br>บล็อกนี้เมื่อทำการรวบรวมร่วมกับเพื่อนได้ด้วย"""
Block_help_Message_192#0,"""บล็อกสำหรับผู้ที่ต้องการรวบรวม<br>ร่วมกับผู้เล่นอื่น คุณยังสามารถใช้<br>บล็อกนี้เมื่อทำการรวบรวมร่วมกับเพื่อนได้ด้วย<br>[Lobby รวม Vita/PC/PS4]"""
Block_help_Message_193#0,"""บล็อกสำหรับผู้ที่ต้องการเล่น<br>เควสต์สำหรับ AGP2016 มารวมตัวกัน เควสต์สำหรับ AGP2016<br>สามารถรับได้ในบล็อก Challenge เท่านั้น"""
Block_help_Message_194#0,"""บล็อกสำหรับผู้ที่ต้องการเล่น<br>เควสต์สำหรับ AGP2016 มารวมตัวกัน เควสต์สำหรับ AGP2016<br>สามารถรับได้ในบล็อก Challenge เท่านั้น<br>【 ใช้ร่วมกันระหว่าง PS Vita & PC / PS4 】"""
Block_help_Message_195#0,"""บล็อกสำหรับผู้ที่เพิ่งเริ่มเล่น<br>เควสต์สำหรับ AGP2016 มารวมตัวกัน<br>ยินดีต้อนรับผู้เล่นมากประสบการณ์ที่ต้องการช่วยเหลือเสมอ!"""
Block_help_Message_196#0,"""บล็อกสำหรับผู้ที่เพิ่งเริ่มเล่น<br>เควสต์สำหรับ AGP2016 มารวมตัวกัน<br>ยินดีต้อนรับผู้เล่นมากประสบการณ์ที่ต้องการช่วยเหลือเสมอ!<br>【 ใช้ร่วมกันระหว่าง PS Vita & PC / PS4 】"""
Block_help_Message_197#0,"""บล็อกสำหรับผู้ที่ต้องการเล่นเควสต์สำหรับ AGP2016<br>แบบสบายๆ ไม่เร่งรีบ มารวมตัวกัน"""
Block_help_Message_198#0,"""บล็อกสำหรับผู้ที่ต้องการเล่นเควสต์สำหรับ AGP2016<br>แบบสบายๆ ไม่เร่งรีบ มารวมตัวกัน<br>【 ใช้ร่วมกันระหว่าง PS Vita & PC / PS4 】"""
Block_help_Message_199#0,"""บล็อกสำหรับผู้ที่ต้องการลองหาวิธีเคลียร์<br>เควสต์สำหรับ AGP2016 ในรูปแบบต่างๆ มารวมตัวกัน"""
Block_help_Message_200#0,"""บล็อกสำหรับผู้ที่ต้องการลองหาวิธีเคลียร์<br>เควสต์สำหรับ AGP2016 ในรูปแบบต่างๆ มารวมตัวกัน<br>【 ใช้ร่วมกันระหว่าง PS Vita & PC / PS4 】"""
Block_help_Message_201#0,"""บล็อกสำหรับผู้ที่ต้องการเคลียร์เควสต์สำหรับ AGP2016<br>ให้เร็วที่สุดเท่าที่จะเป็นไปได้ มารวมตัวกัน<br>ไม่จำเป็นต้องออมมือ!"""
Block_help_Message_202#0,"""บล็อกสำหรับผู้ที่ต้องการเคลียร์เควสต์สำหรับ AGP2016<br>ให้เร็วที่สุดเท่าที่จะเป็นไปได้ มารวมตัวกัน<br>ไม่จำเป็นต้องออมมือ!<br>【 ใช้ร่วมกันระหว่าง PS Vita & PC / PS4 】"""
Block_help_Message_203#0,"""บล็อกสำหรับการจัดปาร์ตี้และ<br>เริ่มต้น Riding Quest"""
Block_help_Message_204#0,"""บล็อกสำหรับการจัดปาร์ตี้และ<br>เริ่มต้น Riding Quest<br>[Lobby รวม Vita/PC/PS4]"""
Block_help_Message_205#0,"""บล็อกสำหรับการจัดปาร์ตี้และ<br>เริ่มต้น Riding Quest<br>ระดับความยาก Extra Hard"""
Block_help_Message_206#0,"""บล็อกสำหรับการจัดปาร์ตี้และ<br>เริ่มต้น Riding Quest<br>ระดับความยาก Extra Hard<br>[Lobby รวม Vita/PC/PS4]"""
Block_help_Message_207#0,"""บล็อกสำหรับค้นหาปาร์ตี้เพื่อทำเควสต์<br>ในพื้นที่ Las Vegas"""
Block_help_Message_208#0,"""บล็อกสำหรับค้นหาปาร์ตี้เพื่อทำเควสต์<br>ในพื้นที่ Las Vegas<br>[Lobby รวม Vita/PC/PS4]"""
Block_help_Message_209#0,"""บล็อกสำหรับค้นหาปาร์ตี้เพื่อทำเควสต์ระดับ Extra<br>Hard ในพื้นที่ Las Vegas"""
Block_help_Message_210#0,"""บล็อกสำหรับค้นหาปาร์ตี้เพื่อทำเควสต์ระดับ Extra<br>Hard ในพื้นที่ Las Vegas<br>[Lobby รวม Vita/PC/PS4]"""
Block_help_Message_211#0,"""บล็อกสำหรับผู้เล่นที่มีฉายา<br>【 Solo Warrior 】 มารวมตัวกันและท้าทาย<br>เควสต์ที่มีระดับความยากสูง"""
Block_help_Message_212#0,"""บล็อกสำหรับผู้เล่นที่มีฉายา<br>【 Solo Warrior 】 มารวมตัวกันและท้าทาย<br>เควสต์ที่มีระดับความยากสูง<br>[Lobby รวม Vita/PC/PS4]"""
Block_help_Message_213#0,"""บล็อกสำหรับ Battle Arena<br>เนื่องจากการจับคู่ Battle Arena<br>จะดำเนินการข้ามบล็อกทั้งหมด จึง<br>ไม่มีความแตกต่างระหว่างแต่ละบล็อก"""
Block_help_Message_214#0,"""บล็อกสำหรับค้นหาปาร์ตี้เพื่อทำ Quest Triggers/Rare Enemy<br>Triggers ระดับ Extra Hard"""
Block_help_Message_215#0,"""บล็อกสำหรับค้นหาปาร์ตี้เพื่อทำ Quest Triggers/Rare Enemy<br>Triggers ระดับ Extra Hard<br>[Lobby รวม Vita/PC/PS4]"""
Block_help_Message_216#0,"""บล็อกสำหรับค้นหาปาร์ตี้เพื่อทำเควสต์ระดับ Extra<br>Hard ซึ่งสงวนไว้สำหรับ<br>ผู้ที่ผ่านเงื่อนไขบางประการเท่านั้น"""
Block_help_Message_217#0,"""บล็อกสำหรับค้นหาปาร์ตี้เพื่อทำเควสต์ระดับ Extra<br>Hard ซึ่งสงวนไว้สำหรับ<br>ผู้ที่ผ่านเงื่อนไขบางประการเท่านั้น<br>[Lobby รวม Vita/PC/PS4]"""
Block_help_Message_218#0,"""บล็อกสำหรับการจัดปาร์ตี้และ<br>เริ่มต้น Buster Quests"""
Block_help_Message_219#0,"""บล็อกสำหรับการจัดปาร์ตี้และ<br>เริ่มต้น Buster Quests<br>[Lobby รวม Vita/PC/PS4]"""
Block_help_Message_220#0,"""บล็อกสำหรับการถ่ายทอดสดเกม<br>หรือสำหรับการบันทึกวิดีโอหรือถ่ายภาพ บล็อก<br>สำหรับผู้ที่ไม่มีปัญหากับการถูกพบเห็น<br>ตัวละครหรือข้อมูลของพวกเขา"""
Block_help_Message_221#0,"""บล็อกสำหรับให้ผู้คนมารวมตัวกันเพื่อใช้งาน<br>Quest Triggers และ Enemy Triggers"""
Block_help_Message_222#0,"""บล็อกสำหรับให้ผู้คนมารวมตัวกันเพื่อใช้งาน<br>Quest Triggers และ Enemy Triggers<br>[Lobby รวม Vita/PC/PS4]"""
Block_help_Message_223#0,"""บล็อกสำหรับผู้ที่เพิ่งเริ่มต้นเล่น<br>Challenge Mode ขอเชิญชวนให้ผู้เล่นมากประสบการณ์<br>มาช่วยกันที่นี่!<br>※มีการจำกัดการจับคู่ [Cloud Block]<br>"""
Block_help_Message_224#0,"""บล็อกสำหรับค้นหาปาร์ตี้เพื่อทำเควสต์ระดับ Normal<br>ในพื้นที่ใดก็ได้<br>[Cloud Block]"""
Block_help_Message_225#0,"""บล็อกสำหรับค้นหาปาร์ตี้เพื่อทำเควสต์ระดับ Hard<br>ในพื้นที่ใดก็ได้<br>[Cloud Block]"""
Block_help_Message_226#0,"""บล็อกสำหรับค้นหาปาร์ตี้เพื่อทำเควสต์ระดับ Very<br>Hard ในพื้นที่ใดก็ได้<br>[Cloud Block]"""
Block_help_Message_227#0,"""บล็อกสำหรับค้นหาปาร์ตี้เพื่อทำเควสต์ระดับ Super<br>Hard ในพื้นที่ใดก็ได้<br>[Cloud Block]"""
Block_help_Message_228#0,"""บล็อกสำหรับค้นหาปาร์ตี้เพื่อทำเควสต์ระดับ Extra<br>Hard ในพื้นที่ใดก็ได้<br>[Cloud Block]"""
Block_help_Message_229#0,"""บล็อกสำหรับการจัดปาร์ตี้และ<br>เริ่มต้น Buster Quests<br>[Cloud Block]"""
Block_help_Message_230#0,"""บล็อกสำหรับการจัดปาร์ตี้และ<br>เริ่มต้น Ultimate Quests<br>[Cloud Block]"""
Block_help_Message_231#0,"""บล็อกสำหรับค้นหาปาร์ตี้เพื่อใช้งาน<br>Quest Triggers และ Enemy Triggers<br>[Cloud Block]"""
Block_help_Message_232#0,"""บล็อกสำหรับการจัดปาร์ตี้และ<br>เริ่มต้น Riding Quest<br>ระดับความยาก Extra Hard<br>[Cloud Block]"""
Block_help_Message_233#0,"""บล็อกสำหรับผู้ที่ต้องการสนุกกับ<br>เกม Casino ร่วมกับผู้อื่น กรุณาเกรงใจ<br>ผู้เล่นคนอื่นๆ ด้วย<br>[Cloud Block]"""
Block_help_Message_234#0,"""บล็อกที่สามารถใช้สำหรับจุดประสงค์<br>หรือเควสต์ใดก็ได้<br>※มีข้อจำกัดในการจับคู่ข้ามบล็อก<br>[Cloud Block]"""
Block_help_Message_235#0,"""บล็อกที่ออกแบบมาสำหรับการบันทึกวิดีโอ<br>และถ่ายภาพ<br>※มีข้อจำกัดในการจับคู่ข้ามบล็อก"""
Block_help_Message_236#0,"""บล็อกสำหรับผู้เล่นที่มี Premium Set<br>※มีข้อจำกัดในการจับคู่ข้ามบล็อก<br>[Cloud Block]"""
Block_help_Message_237#0,"""บล็อกสำหรับค้นหาปาร์ตี้เพื่อทำ<br>Challenge Quests โดย Challenge Quests จะสามารถ<br>เริ่มต้นได้ใน Challenge Lobby เท่านั้น<br>[Cloud Block]"""
Block_help_Message_238#0,"""บล็อกที่ออกแบบมาสำหรับการบันทึกวิดีโอ<br>และถ่ายภาพ<br>※มีข้อจำกัดในการจับคู่ข้ามบล็อก"""
Block_help_Message_239#0,"""บล็อกสำหรับผู้ที่เพิ่งเริ่มต้นเล่น<br>Challenge Mode ขอเชิญชวนให้ผู้เล่นมากประสบการณ์<br>มาช่วยกันที่นี่!<br>[Cloud Block]"""
Block_help_Message_240#0,"""บล็อกสำหรับค้นหาปาร์ตี้เพื่อทำ<br>Challenge Quests แบบสบายๆ ไม่เคร่งเครียด<br>[Cloud Block]"""
Block_help_Message_241#0,"""บล็อกสำหรับการพยายามหาวิธีการใหม่ๆ<br>และน่าตื่นเต้นในการเคลียร์ Challenge Mode<br>[Cloud Block]"""
Block_help_Message_242#0,"""บล็อกสำหรับการถ่ายทอดสดเกม<br>หรือสำหรับการบันทึกวิดีโอหรือถ่ายภาพ บล็อก<br>สำหรับผู้ที่ไม่มีปัญหากับการถูกพบเห็น<br>ตัวละครหรือข้อมูลของพวกเขา"""
Block_help_Message_243#0,"""บล็อกสำหรับ Battle Arena<br>เนื่องจากการจับคู่ Battle Arena<br>จะดำเนินการข้ามบล็อกทั้งหมด จึงไม่มี<br>ความแตกต่างระหว่างแต่ละบล็อก [Cloud Only]<br>"""
Block_help_Message_244#0,"""บล็อกสำหรับผู้ที่ต้องการพูดคุย,<br>หาเพื่อน และรับสมัครสมาชิก Team!<br>※มีข้อจำกัดในการจับคู่ข้ามบล็อก<br>[Cloud Block]"""
Block_help_Message_245#0,"""บล็อกที่สามารถใช้สำหรับจุดประสงค์<br>หรือเควสต์ใดก็ได้<br>※มีข้อจำกัดในการจับคู่ข้ามบล็อก<br>[Cloud Block]"""
Block_help_Message_246#0,"""บล็อกสำหรับค้นหาปาร์ตี้เพื่อทำเควสต์ระดับ Ultra<br>Hard ในพื้นที่ใดก็ได้"""
Block_help_Message_247#0,"""บล็อกสำหรับค้นหาปาร์ตี้เพื่อทำเควสต์ระดับ Ultra<br>Hard ในพื้นที่ใดก็ได้<br>[Lobby รวม Vita/PC/PS4]"""
Block_help_Message_248#0,"""บล็อกสำหรับค้นหาปาร์ตี้เพื่อทำเควสต์ระดับ Ultra<br>Hard ในพื้นที่ใดก็ได้<br>[Cloud Block]"""
Block_help_Message_250#0,"""ข้อความช่วยเหลือ 250"""
Block_help_Message_251#0,"""ข้อความช่วยเหลือ 251"""
Block_help_Message_252#0,"""ข้อความช่วยเหลือ 252"""
Block_help_RebootBlock#0,"""ไปยัง [PSO2: NGS] Blocks"""
Error_Title#0,"""ข้อความ"""
Error_InstalledItem#0,"""ไม่สามารถติดตั้งไอเทมที่เลือกได้"""
Error_UsedItem#0,"""ไม่สามารถใช้งานไอเทมที่เลือกได้"""
Error_MoveBackPack#0,"""ไม่สามารถย้ายไปยัง Inventory ได้"""
Error_MoveWarehouse#0,"""ไม่สามารถย้ายไอเทมไปยัง Storage ได้"""
Error_RoomSize#0,"""ขนาดของห้องไม่สามารถเปลี่ยนแปลงได้"""
Error_CostCheck#0,"""คุณมีพื้นที่ไม่เพียงพอสำหรับการวาง Room Good นี้"""
Error_NotInstaled_Area#0,"""คุณไม่สามารถติดตั้ง Room Good นั้นไว้ที่นั่นได้"""
Error_ItemPackMax#0,"""ไม่สามารถนำ Room Goods ออกได้เนื่องจาก<br>พื้นที่ว่างใน Storage ของคุณไม่เพียงพอ"""
Error_ReformChicket#0,"""ไม่มีการเปลี่ยนแปลงใดๆ เกิดขึ้น"""
Error_MoveRoomGoods#0,"""ไม่สามารถย้าย Room Goods ได้เนื่องจากมีผู้เล่นกีดขวางอยู่"""
Error_DeleteRoomGoods#0,"""ไม่สามารถนำ Room Goods ออกได้เนื่องจากมีผู้เล่นกีดขวางอยู่"""
Error_Irregular#0,"""การดำเนินการล้มเหลว<br>กรุณารอสักครู่แล้วลองใหม่อีกครั้ง<br><br>[No.1100］"""
Error_MesetaCheck_Over#0,"""ไม่สามารถนำ Present Box ออกได้<br>เนื่องจากจะทำให้ Meseta เกินขีดจำกัดที่ถือครองได้<br>กรุณานำ Meseta ที่มีอยู่ไปฝากไว้ในโกดัง ฯลฯ ก่อน"""
Error_MesetaCheck_DB_Delete#0,"""เกิดปัญหาในการอัปเดต Meseta<br>ไม่สามารถนำ Room Goods ออกได้<br><br>[No.1103］"""
Error_MyRoomDB_MissMatch#0,"""เนื่องจากพบปัญหาในสินค้าบางชิ้น ระบบจึงได้คืนกลับเป็นไอเทมให้โดยอัตโนมัติ"""
Error_MyRoomDB_MissMatch_NG#0,"""มีปัญหาในสินค้าบางชิ้น ไอเทมจะถูกส่งคืนหลังจากปรับปรุงห้องเสร็จสิ้น"""
Error_Custom_Installed#0,"""ไม่สามารถวางได้<br>เนื่องจากมี Room Goods อื่นวางอยู่แล้ว<br><br>[No.1105］"""
Error_Consume_Item#0,"""ไม่สามารถดำเนินการได้เนื่องจากการใช้งานไอเทมล้มเหลว<br><br>[No.1106］"""
Error_MesetaCheck_DB_Present#0,"""เกิดปัญหาในการอัปเดต Meseta<br>ไม่สามารถจัดเก็บลงใน Room Goods ได้<br><br>[No.1107］"""
Error_RoomGoods_Reform#0,"""ไม่สามารถวาง Room Goods ได้เนื่องจาก<br>ห้องปัจจุบันกำลังถูกแก้ไขอยู่"""
Error_RoomGoods_Update_False#0,"""อัปเดต Room Goods ล้มเหลว<br>หากแสดงผล Room Goods ไม่ถูกต้อง<br>กรุณาเชิญแขกออกจากห้อง แล้วเข้ามาใหม่<br>เมื่อเข้ามาใหม่ จะแสดง Room Goods<br>หรือย้ายไปยัง Item Pack หรือโกดังให้โดยอัตโนมัติ<br><br>[No.1109]"""
Error_RoomGoods_PhotoGachan_PrizeItemNone#0,"""เนื่องจากไม่มีไอเทมอยู่ใน Photogachan<br>คุณจึงไม่สามารถใช้งานได้"""
Error_RoomGoods_PhotoGachan_MesetaNone#0,"""เนื่องจากคุณมี Meseta ไม่เพียงพอ<br>คุณจึงไม่สามารถใช้งาน Photogachan ได้"""
Error_RoomGoods_PhotoGachan_MesetaNone_Serever#0,"""Meseta ไม่เพียงพอ ไม่สามารถใช้งาน Photogachan ได้<br><br>[No.1108]"""
Error_RoomGoods_PhotoGachan_MyRoomDB#0,"""ข้อผิดพลาดจากฐานข้อมูล ไม่สามารถดึงของรางวัลได้<br><br>[No.1111]"""
Error_RoomGoods_PhotoGachan_Access#0,"""ผู้เล่นอื่นกำลังใช้งาน Photogachan อยู่ กรุณารอคิวของคุณ"""
Error_RoomGoods_PhotoGachan_PrizeItemMax#0,"""ถึงขีดจำกัดของไอเทมแล้ว"""
Error_RoomGoods_PresentBox_Not_PremiumUser#0,"""เนื่องจากคุณไม่ได้เปิดใช้งาน Premium Set<br>คุณจึงไม่สามารถติดตั้ง Present Box ได้"""
Error_RoomGoods_PresentBoxInReform#0,"""คุณไม่สามารถแก้ไข, เปลี่ยนขนาดห้อง,<br>หรือรีเซ็ตห้องของคุณได้ เนื่องจากมีกล่องของขวัญ<br>ติดตั้งอยู่ กรุณานำออกก่อน<br>ที่จะลองใหม่อีกครั้ง"""
Error_RoomGoods_MusicDisc_Same#0,"""Music Disc ที่เลือก<br>ได้ถูกเพิ่มลงไปแล้ว"""
Error_RoomGoodsNone#0,"""คุณไม่มี Room Items<br>ที่จะให้นำออก"""
Error_LayoutChange_FreeRoom#0,"""[No.1112] ไม่สามารถเปลี่ยนเลย์เอาต์ได้<br>ระยะเวลา Premium หรือ Room pass ของคุณ<br>อาจหมดอายุแล้ว"""
Error_ReformChicket_Premiere#0,"""[No.1113] ไม่สามารถแก้ไขห้องได้<br>ระยะเวลา Premium หรือ Room pass ของคุณ<br>อาจหมดอายุแล้ว"""
Error_MaxSetOver#0,"""คุณไม่สามารถวางไอเทมนี้ใน<br>ห้องของคุณได้ เนื่องจากคุณมีไอเทมที่มี<br>เอฟเฟกต์คล้ายกัน หรือมีไอเทมประเภทนี้<br>ถึงจำนวนสูงสุดที่อนุญาตแล้ว"""
Error_PresentBoxMesetaOver#0,"""[No.1114] ไม่สามารถจัดเก็บ<br>Meseta ได้ ประเภทของกล่องของขวัญ<br>ไม่ถูกต้อง"""
Error_RoomGoods_PhotoGachanInReform#0,"""เนื่องจากมีการติดตั้ง Photogachan อยู่<br>คุณจะไม่สามารถปรับปรุงห้องของคุณได้<br>เว้นแต่จะรีเซ็ตทุกอย่างในห้องของคุณ<br>กรุณานำ Photogachan ออกแล้วลองใหม่อีกครั้ง"""
Error_RoomGoods_PhotoGachanInPrizeItem#0,"""มีไอเทมอยู่ภายใน<br>Photogachan กรุณานำไอเทมเหล่านั้นออก<br>เพื่อที่จะนำ Photogachan ออกได้"""
Error_RoomGoods_PhotoGachan_MissMatchMeseta#0,"""จำนวน Meseta ได้รับการอัปเดตแล้ว<br>กรุณาลองใหม่อีกครั้ง"""
Error_RoomGoods_PhotoGachan_Not_PremiumUser#0,"""เนื่องจากคุณไม่ได้เปิดใช้งาน Premium Set<br>คุณจึงไม่สามารถจัดการ Photogachan ได้"""
Error_RoomGoods_SupportPartner_Entry#0,"""ไม่สามารถเรียก Support Partner ของคุณได้"""
Error_RoomGoods_MiniRoomNG#0,"""คุณไม่สามารถติดตั้งไอเทมประเภทนี้<br>ใน Mini Room ได้ กรุณาวางไอเทม<br>ใน Room A หรือ Room B"""
Error_RoomGoods_PhotoGachan_PlayerItemMax#0,"""ไม่สามารถเล่น Photon Gacha ได้<br>เนื่องจากไม่มีพื้นที่ว่างใน<br>Inventory หรือ Storage ของคุณ<br><br>กรุณาเคลียร์พื้นที่ใน<br>Inventory หรือ Storage<br>แล้วลองใหม่อีกครั้ง"""
Error_RoomGoods_PhotoGachan_PrizeItem_DeleteItemMax#0,"""Inventory หรือ Storage ของคุณเต็ม<br>กรุณาเคลียร์พื้นที่ก่อนที่จะถอน<br>และลองใหม่อีกครั้ง"""
Power#1,"""ความแรง: """
DexRate#0,"""Dex: """
NeedPP#0,"""PP Cost: """
Effect#0,"""เอฟเฟกต์: """
PartnerTitle#0,"""ข้อมูล Partner"""
PartnerStatus#0,"""สเตตัส"""
PartnerEquipInfo#0,"""ข้อมูล Equipment"""
PartnerClassInfo#0,"""ข้อมูล Class"""
PartnerName#0,"""ชื่อ Partner"""
MasterName#0,"""ชื่อ Master"""
Race#0,"""เผ่าพันธุ์"""
Sex#0,"""ประเภท"""
Personality#0,"""นิสัย"""
GoodWill#0,"""ระดับ Friend"""
Class#2,"""Main Class"""
ClassLevel#3,"""Lv."""
SubClass#1,"""Sub Class"""
ClassDetails#0,"""รายละเอียด Class"""
PartnerListTitle#0,"""รายชื่อ Support Partner"""
PartnerList_Menu_NewCreate#0,"""สร้าง Support Partner ใหม่"""
PartnerList1#0,"""ออกคำสั่ง Search Orders"""
PartnerList2#0,"""ยกเลิก Search Orders"""
PartnerList3#0,"""สเตตัส Support Partner"""
PartnerList4#0,"""เรียกมาที่ My Room"""
PartnerList5#0,"""สร้าง Partner ใหม่"""
PartnerCallBackMessage#0,"""สิ่งนี้จะเป็นการยกเลิกการค้นหาปัจจุบันและให้ Partner ของคุณกลับมา<br><br>อย่างไรก็ตาม คุณจะต้องสูญเสียไอเทมและค่าประสบการณ์ที่รวบรวมมาได้<br><br>คุณแน่ใจหรือไม่ว่าต้องการยกเลิกการค้นหา?"""
UniqueState_Init#0,"""ว่าง"""
UniqueState_MyRoom#0,"""Your Room"""
UniqueState_InOrder#0,"""กำลังค้นหา"""
UniqueState_OrderResult#0,"""พร้อมรายงาน"""
UniqueState_Wait#0,"""กำลังรอ"""
UniqueState_Invalid#0,"""---"""
UniqueState_Error#0,"""???"""
PartnerPersonality1#0,"""ใสซื่อ"""
PartnerPersonality2#0,"""ช่างพูด"""
PartnerPersonality3#0,"""ขี้อาย"""
PartnerPersonality4#0,"""สุขุม"""
PartnerPersonality5#0,"""ซุกซน"""
PartnerPersonality6#0,"""นุ่มนวล"""
PartnerPersonality7#0,"""หัวอ่อน"""
PartnerPersonality8#0,"""ซุ่มซ่าม"""
PartnerPersonality9#0,"""ห้าวๆ"""
PartnerFriendLevel1#0,"""ขี้กังวล"""
PartnerFriendLevel2#0,"""พึ่งพาได้"""
PartnerFriendLevel3#0,"""น่าเชื่อถือ"""
PartnerFriendLevel4#0,"""เป็นมิตร"""
PartnerFriendLevel5#0,"""ขี้อ้อน"""
LeaveTime#0,"""- เหลือ: $(0)"""
PartnerList_Non#0,"""ไม่มี Support Partner"""
PartnerList_Error#0,"""ไม่สามารถแสดงรายละเอียดได้"""
PartnerList_Error_Title#0,"""สรุปข้อมูล Support Partner"""
PartnerList_Error_MyRoomNotCreate#0,"""ไม่สามารถแสดงข้อมูลของ Support Partner ได้<br><br>กรุณาไปที่ My Room<br>เพื่อพบกับ Support Partner ก่อน"""
PartnerList_Error_System#0,"""เกิดข้อผิดพลาดของระบบขณะพยายามดึงรายชื่อ Support Partner"""
PartnerList_Error_DB#0,"""เกิดข้อผิดพลาดของฐานข้อมูลขณะพยายามดึงรายชื่อ Support Partner"""
PartnerList_Error_Etc#0,"""ไม่สามารถดึงข้อมูลรายชื่อ Support Partner ได้"""
EquipNone#0,"""ไม่มี Equipment"""
ListErrorTitle#0,"""สรุปข้อมูล Support Partner"""
ListError#0,"""ไม่สามารถดึงข้อมูล<br>สรุปของ Support Partner ได้"""
DetailErrorTitle#0,"""รายละเอียด Support Partner"""
DetailError#0,"""ไม่สามารถดึงข้อมูล<br>รายละเอียดของ Support Partner ได้"""
ClassList#2,"""รายชื่อ Class"""
ClassLevelMax#0,"""Lv."""
Window_Titletelop_Loginbonus#0,"""Login Bonus"""
Window_Title_LoginbonusInfo#0,"""ข้อมูล Login Bonus"""
Label_DeliveryPeriod#0,"""ระยะเวลาแจกจ่าย"""
Label_Progress#0,"""คืบหน้า"""
Content_DeliveryPeriod#0,"""ตั้งแต่ $(1)~$(0)"""
Content_Progress#0,"""$(1)/$(0)"""
Mes_Loginbonus#0,"""คำอธิบายเกี่ยวกับ Login Bonus"""
ItemDetail_Title#0,"""รายละเอียดไอเทม"""
LoginBonusTabName_Normal#0,"""ปกติ: $(0)"""
LoginBonusTabName_Limited#0,"""เวลาจำกัด: $(0)"""
LoginBonusTabName_Beginner#0,"""มือใหม่: $(0)"""
LoginBonusTabName_Comeback#0,"""ผู้เล่นกลับมา: $(0)"""
LoginBonusTabName_Inherit#0,"""สืบทอด $(0)"""
StampCard#0,"""ดู Stamp Card"""
Reward#1,"""ดูรางวัล"""
LoginStampTitle#1,"""ดู Login Stamp"""
RewardTitle#1,"""ยืนยันรางวัล"""
StampNumber#0,"""จำนวน Stamps"""
PresentNumber#0,"""จำนวน Stamps"""
RewardList#0,"""รายการรางวัล"""
StampNumberTitle#0,"""จำนวน Stamps"""
RewardItemTitle#0,"""ไอเทมรางวัล"""
slash#0,"""/"""
RewardList_Number#0,"""$(0)"""
LoginStampToast_Normal#0,"""ได้รับ Login Stamp แล้ว!"""
LoginStampToast_Bonus#0,"""Campaign Bonus!"""
LoginStampToast_Premium#0,"""Premium Bonus!"""
RewardGetMessage#0,"""ได้รับรางวัล Login Stamp:<br><yellow>$(0) x$(1)<c>"""
RewardGetMessage_1#0,"""ได้รับรางวัล Login Stamp:<br><yellow>[$(0)]<c>"""
RewardGetMessage_2#0,"""ได้รับรางวัล Login Stamp:<br><yellow>[$(0)]<c><br><yellow>[$(1)]<c>"""
RewardGetMessage_3#0,"""ได้รับรางวัล Login Stamp:<br><yellow>[$(0)]<c><br><yellow>[$(1)]<c><br><yellow>[$(2)]<c>"""
RewardGetMessage_4#0,"""ได้รับรางวัล Login Stamp:<br><yellow>[$(0)]<c><br><yellow>[$(1)]<c><br><yellow>[$(2)]<c><br><yellow>[$(3)]<c>"""
RewardGetMessage_5#0,"""ได้รับรางวัล Login Stamp:<br><yellow>[$(0)]<c><br><yellow>[$(1)]<c><br><yellow>[$(2)]<c><br><yellow>[$(3)]<c><br><yellow>[$(4)]<c>"""
RewardGetMessage_6#0,"""ได้รับรางวัล Login Stamp:<br><yellow>[$(0)]<c><br><yellow>[$(1)]<c><br><yellow>[$(2)]<c><br><yellow>[$(3)]<c><br><yellow>[$(4)]<c><br><yellow>[$(5)]<c>"""
RewardGetMessage_7#0,"""ได้รับรางวัล Login Stamp:<br><yellow>[$(0)]<c><br><yellow>[$(1)]<c><br><yellow>[$(2)]<c><br><yellow>[$(3)]<c><br><yellow>[$(4)]<c><br><yellow>[$(5)]<c><br><yellow>[$(6)]<c>"""
RewardGetMessage_Warehouse#0,"""รางวัล Login Stamp ของคุณ <yellow>[$(0) x$(1)]<c><br>ถูกส่งไปยัง [$(2)] แล้ว"""
NextGetRewardMessage#0,"""รางวัล Login Stamp ถัดไปที่คุณสามารถ<br>รับได้คือ <yellow>[$(0) x$(1)]<c>"""
RewardItemName#0,"""$(0) x$(1)"""
ResultInfo#0,"""รายละเอียด Achievement"""
CraftResult#0,"""Achievements"""
ResultName#0,"""ชื่อ Achievement"""
ResultFavor#0,"""Achievement Recipes ที่ปลดล็อกแล้ว"""
ResultCondition#0,"""เงื่อนไข Craft Achievement"""
ResultCondition2#0,"""เงื่อนไขการปลดล็อก Achievement"""
ResultFavorLevelUp#0,"""License ที่จะได้รับในเลเวลถัดไป"""
Level#1,"""ถึง Lv. ถัดไป: """
ResultNum#0,"""Achievements ที่ปลดล็อก: """
Guide#0,"""ถัดไป"""
Guide_Vita#0,"""ถัดไป"""
GuideButton#0,"""<%NextTabDetails>"""
GuideButton_Vita#0,"""<pict Sign_TRIANGLE>"""
CraftLevelUpText#0,"""craft level up"""
CraftLevel#0,"""Lv."""
CraftResultNum#0,"""Achievements รวม"""
CraftNextLevel#0,"""ถึง Lv. ถัดไป"""
CraftResultRest#0,"""Achievement"""
Slash#0,"""/"""
CraftLine#0,"""สถานะ Craft Line ใน My Room"""
CraftLine2#0,"""Craft Line"""
Line01#0,"""Craft Line 01"""
Line02#0,"""Craft Line 02"""
Line03#0,"""Craft Line 03"""
Line04#0,"""Premium Craft Line 04"""
Line05#0,"""Premium Craft Line 05"""
Line06#0,"""Premium Craft Line 06"""
Line07#0,"""Extended Craft Line 07"""
Line08#0,"""Extended Craft Line 08"""
Line09#0,"""Extended Craft Line 09"""
LineStateAvailable#0,"""<c 01ffff>พร้อมใช้งาน<c>"""
LineStateLock#0,"""<gray>ล็อก<c>"""
LineStateExpire#0,"""<red>หมดอายุ<c>"""
LineChargeTimeRemain#0,"""$(0)"""
LineChargeTimeSecond#0,"""น้อยกว่า 0 นาที"""
CraftLevelTitle#0,"""Craft Level """
RouletteBetCancelMessage#0,"""Lii Lii Roulette: ยกเลิกการเดิมพัน"""
MySetTitle01#0,"""My Set"""
MySetTitle02#0,"""เนื้อหา My Set"""
MySetHead01#0,"""Weapons/Units ที่สวมใส่"""
MySetHead02#0,"""Mag/Camo ที่สวมใส่"""
MySetNone#0,"""ไม่มี My Set"""
MySetClassNone#0,"""ไม่ได้เลือก Class"""
MySetItemNone#0,"""ไม่ได้เลือกไอเทม"""
MySetClassSetNone#0,"""ยังไม่ได้ตั้งค่า Class"""
MySetEquipSetNone#0,"""ยังไม่ได้ตั้งค่า Equipment"""
MySetMagSetNone#0,"""ยังไม่ได้ตั้งค่า Mag"""
MySetNew#0,"""New Set"""
MySetPopup01#0,"""ตรวจสอบ Set นี้"""
MySetPopup02#0,"""เปลี่ยนเป็น Set นี้"""
MySetPopup03#0,"""เปลี่ยนชื่อ Set นี้"""
MySetPopup04#0,"""ลบ Set นี้"""
MySetPopup05#0,"""เขียนทับ Set นี้"""
MySetPopup06#0,"""เขียนทับโดยไม่เปลี่ยนชื่อ"""
MySetPopup07#0,"""ลงทะเบียน Set นี้"""
MySetMessage02#0,"""My Set $(0) $(1) จะแทนที่ Class และ Equipment ปัจจุบันของคุณ<br><br>ต้องการดำเนินการต่อหรือไม่?"""
MySetMessage03#0,"""My Set $(0) $(1) จะถูกเปลี่ยนชื่อ<br>กรุณากรอกชื่อ"""
MySetMessage04#0,"""My Set $(0) $(1) จะถูกลบออก<br>ต้องการดำเนินการต่อหรือไม่?"""
MySetMessage05#0,"""My Set $(0) $(1) จะถูกเขียนทับ<br>ด้วย Equipment ปัจจุบันของคุณ<br>ต้องการดำเนินการต่อหรือไม่?"""
MySetMessage06#0,"""นี่จะเขียนทับ Class และ Equipment ปัจจุบันของคุณลงใน<br>[My Set $(0) $(1)]<br><yellow>※ชื่อของ My Set จะไม่ถูกเปลี่ยน<c><br>ต้องการดำเนินการต่อหรือไม่?"""
MySetMessage07#0,"""My Set $(0) จะถูกบันทึกพร้อมกับ<br>Equipment ปัจจุบันของคุณ<br>ต้องการดำเนินการต่อหรือไม่?"""
Error#0,"""ข้อผิดพลาด My Set"""
RenameError01#0,"""คุณไม่สามารถใช้ชื่อนี้ได้"""
ServerError01#0,"""เนื่องจากปัญหาของเซิร์ฟเวอร์<br>การดำเนินการจึงยังไม่เสร็จสมบูรณ์<br><br>กรุณารอสักครู่<br>แล้วลองใหม่อีกครั้งในภายหลัง"""
ServerError02#0,"""เนื่องจากปัญหาของฐานข้อมูล<br>การดำเนินการจึงยังไม่เสร็จสมบูรณ์<br><br>กรุณารอสักครู่<br>แล้วลองใหม่อีกครั้งในภายหลัง"""
ServerError03#0,"""เนื่องจากปัญหาของเซิร์ฟเวอร์ที่ไม่คาดคิด<br>การดำเนินการจึงยังไม่เสร็จสมบูรณ์<br><br>กรุณารอสักครู่<br>แล้วลองใหม่อีกครั้งในภายหลัง"""
ServerError04#0,"""ไม่สามารถเลือกสล็อตปัจจุบันได้<br>เนื่องจากปัญหาข้อมูล"""
ServerError05#0,"""ดำเนินการล้มเหลว เนื่องจากมีปัญหากับ<br>Class ที่เลือก"""
ServerError06#0,"""ดำเนินการล้มเหลว เนื่องจากมีปัญหากับ<br>Skill Tree ของ Main Class ที่เลือก"""
ServerError07#0,"""ดำเนินการล้มเหลว เนื่องจากมีปัญหากับ<br>Skill Tree ของ Sub Class ที่เลือก"""
ServerError08#0,"""ไม่สามารถเปลี่ยน Class ได้เนื่องจากคุณ<br>กำลังทำ Quest อยู่ในขณะนี้"""
EquipError#0,"""ด้วยเหตุผลดังต่อไปนี้ บาง<br>ไอเทมจึงไม่สามารถสวมใส่ได้:"""
EquipError01#0,"""・เกิดข้อผิดพลาดที่ไม่คาดคิด"""
EquipError02#0,"""・คุณไม่สามารถพกพาไอเทมได้อีก"""
EquipError03#0,"""・คุณไม่ผ่านเงื่อนไขการสวมใส่"""
EquipError04#0,"""・ไอเทมไม่มีอยู่หรืออยู่ใน Storage"""
EquipError05#0,"""・ไม่ได้สวมใส่สัตว์เลี้ยง"""
MySetResult02#0,"""โหลด [$(0)] แล้ว"""
MySetResult03#0,"""เปลี่ยนเป็น [$(0)] แล้ว"""
MySetResult04#0,"""ลบ [$(0)] แล้ว"""
MySetResult05#0,"""ลงทะเบียน [$(0)] แล้ว"""
MySetResult06#0,"""ลงทะเบียน [$(0)] แล้ว"""
MySetResult07#0,"""ลงทะเบียน [$(0)] แล้ว"""
MySetResult08#0,"""ไม่สามารถปรับใช้ไอเทมบางอย่างได้"""
MySetError01#0,"""การดำเนินการไม่สามารถทำต่อได้เนื่องจากเกิดข้อผิดพลาด"""
MySetError02#0,"""การดำเนินการไม่สามารถทำต่อได้เนื่องจากเกิดข้อผิดพลาด"""
MySetError03#0,"""ไม่มีข้อมูล My Set ที่ลงทะเบียนไว้"""
MySetError04#0,"""เปลี่ยนคลาสล้มเหลว"""
MySetError05#0,"""ปรับใช้ Skill Tree ล้มเหลว"""
MySetError06#0,"""ปรับใช้ Skill Tree ล้มเหลว"""
MySetError07#0,"""ไม่สามารถดำเนินการได้เนื่องจากคุณกำลังทำเควสต์อยู่"""
MySetError08#0,"""การดำเนินการไม่สามารถทำต่อได้เนื่องจากเกิดข้อผิดพลาด"""
MySetError09#0,"""คุณสามารถสลับ My Sets ได้ในพื้นที่ปลอดภัยเช่น เมือง เท่านั้น"""
MySetError10#0,"""ปรับใช้ EX Style Tree ล้มเหลว"""
MySetError11#0,"""เปลี่ยน EX Style ล้มเหลว"""
Fashion_Link1#0,"""ลิงก์กับ My Fashion<pict 4space><pict fashion_link_on>"""
Fashion_Link2#0,"""เลือก Fashion ที่จะลิงก์ด้วย"""
Fashion_Link3#0,"""ยกเลิกการลิงก์"""
Fashion_Link_Comments#0,"""เลือก My Fashion ที่จะลิงก์กับ My Set นี้"""
Fashion_Link_error#0,"""ไม่สามารถเลือกได้เนื่องจาก My Fashion นี้ยังไม่ได้ลงทะเบียน"""
Fashion_Link_error2#0,"""ลิงก์กับ My Fashion ล้มเหลว"""
Fashion_Link_Confirmation_Title#0,"""ข้อความ"""
Fashion_Link_Confirmation1#0,"""นี่จะเป็นการลิงก์ My Set:<br>【 No.$(0)<pict 4space>$(1) 】<br>เข้ากับ My Fashion:<br>【 No.$(2)<pict 4space>$(3) 】<br><br>แน่ใจหรือไม่?"""
Fashion_Link_Completion#0,"""ลิงก์กับ My Fashion เสร็จสมบูรณ์"""
Fashion_Unlink_Confirmation#0,"""นี่จะยกเลิกการลิงก์ My Fashion ของคุณออกจาก My Set นี้<br><br>แน่ใจหรือไม่?"""
Fashion_Unlink_Completion#0,"""ยกเลิกการลิงก์ My Fashion เสร็จสมบูรณ์"""
Fashion_Unlink_error#0,"""ยกเลิกการลิงก์จาก My Fashion ล้มเหลว"""
MySetSubStyleNone#0,"""ไม่ได้เลือก EX Style"""
Title#14,"""สเตตัสพื้นฐาน"""
OtherTitle#1,"""ไอเทมสำหรับ Set Bonus"""
Set_Message_1#0,"""<yellow>สวมใส่ $(0) ชิ้น<c> ของเซ็ตนี้เพื่อเปิดใช้งาน<br>set bonus"""
Set_Message_2#0,"""<yellow>สวมใส่อุปกรณ์ด้านล่างอย่างน้อย $(1) ถึง $(0) ชิ้น<c><br>เพื่อเปิดใช้งาน set bonus<br><br>ค่าสถานะของ Set effect จะลดลงหากคุณ<br>สวมใส่ไอเทมน้อยกว่าจำนวนด้านล่าง"""
Set_Message_3#0,"""ไอเทมนี้ไม่มี set bonus"""
WindowTitle1#0,"""เมนูกรอกการรับสมัคร"""
TitleText1#0,"""ตั้งค่าเควสต์"""
Titlehead1#0,"""เป้าหมาย"""
Titlehead2#0,"""คอมเมนต์ปาร์ตี้"""
Titlehead3#0,"""ชื่อเควสต์"""
Titlehead4#0,"""ระดับความยาก"""
Titlehead5#0,"""ข้อมูลคลาสของ Leader"""
Titlehead6#0,"""Power Level"""
Titlehead7#0,"""เลเวลที่ต้องการ"""
Titlehead8#0,"""ขึ้นไป"""
Titlehead9#0,"""ทำงานอยู่"""
PartyMakerMessage3#0,"""กำลังเข้าร่วมปาร์ตี้ของ<br><yellow>$(0)<c><br><yellow>(สมาชิกปาร์ตี้: $(1)/4)<c><br><br>คุณจะถูกย้ายไปยังบล็อกอื่นหากผู้รับสมัครอยู่คนละบล็อก<br><br>ดำเนินการต่อหรือไม่?"""
WindowTitle2#0,"""ยืนยันการเข้าร่วมปาร์ตี้"""
TitleText2#0,"""คอมเมนต์ปาร์ตี้"""
TitleText3#0,"""Power Level ที่ต้องการ (ขึ้นไป)"""
TitleText4#0,"""เลเวลที่ต้องการ (ขึ้นไป)"""
TitleText5#0,"""$(0) ขึ้นไป"""
TitleText6#0,"""พื้นที่เป้าหมาย"""
TitleText7#0,"""[Rank. $(0)]"""
PurposeText0#0,"""ไม่ได้เลือก"""
PurposeText1#0,"""หา EXP"""
PurposeText2#0,"""กำจัดบอส"""
PurposeText3#0,"""ฟาร์มไอเทมแรร์"""
PurposeText4#0,"""เคลียร์ Client Orders"""
PurposeText_Reb1#0,"""ฟาร์ม EXP"""
PurposeText_Reb2#0,"""เคลียร์ Task"""
PurposeText_Reb3#0,"""กำจัด Dread Enemies"""
PurposeText_Reb4#0,"""กำจัด Gigantix"""
PurposeText_Reb5#0,"""เคลียร์ Trainia"""
PurposeText_Reb6#0,"""เคลียร์ Emergency Quests"""
PurposeText_Reb7#0,"""เคลียร์ Battledia: Yellow"""
PurposeText_Reb8#0,"""เคลียร์ Battledia: Purple"""
PurposeText_Reb9#0,"""เคลียร์ Trinitas"""
PurposeText_Reb10#0,"""ล่าไอเทมแรร์"""
PurposeText_Reb11#0,"""รวบรวม Materials"""
PurposeText_Reb12#0,"""อื่นๆ"""
PurposeText_Reb13#0,"""กำจัดศัตรูแรร์"""
PurposeText_Reb14#0,"""ท้าทาย Advanced Trainia"""
PurposeText_Reb15#0,"""ท้าทาย Trigger Quests"""
PurposeText_Reb16#0,"""ท้าทายเควสต์แบบจำกัดเวลา"""
PurposeText_Reb17#0,"""แข่งขันใน Field Races"""
PurposeText_Reb18#0,"""แข่งขันใน Weekly Rankings"""
PurposeText_Reb19#0,"""หา Seasonal Points"""
PurposeText_Reb20#0,"""กำจัด Recon Gigantix"""
PurposeText_Reb21#0,"""ถ่ายภาพ Screenshot"""
PurposeText_Reb22#0,"""สำรวจ Leciel"""
PurposeText_Reb23#0,"""เข้าร่วมเควสต์ปราบปรามเป้าหมายหลัก"""
PurposeText_Reb_All#0,"""รับสมัครเท่านั้น"""
PartyMakerError1#0,"""คอมเมนต์รับสมัคร<br>มีตัวอักษรที่ไม่สามารถใช้ได้"""
PartyMakerError2#0,"""ไม่สามารถติดตั้ง Party Makers เพิ่มเติมได้<br>เนื่องจากมีการวางครบจำนวนสูงสุดที่อนุญาตแล้ว"""
WindowTitle3#0,"""ยกเลิกการรับสมัคร"""
WindowTitle4#0,"""เริ่มการรับสมัคร"""
PartyMakerMessage4#0,"""นี่จะเป็นการสิ้นสุดการรับสมัครสมาชิกปาร์ตี้<br><br>ดำเนินการต่อหรือไม่?"""
PartyMakerMessage5#0,"""กำลังเข้าร่วมปาร์ตี้ของ<br><yellow>$(0)<c><br><yellow>(สมาชิกปาร์ตี้: กำลังโหลด...)<c><br><br>ดำเนินการต่อหรือไม่?"""
PartyMakerMessage6#0,"""กรุณาเลือกเป้าหมาย"""
PartyMakerMessage7#0,"""Lv.$(0)"""
PartyMakerMessage8#0,"""<yellow>※การตั้งค่าปาร์ตี้จะไม่ถูกปรับใช้<c>"""
PartyMakerPut#0,"""เปิดรับสมัครสมาชิกปาร์ตี้แล้ว"""
PartyMakerDel#0,"""ยกเลิกการรับสมัครสมาชิกปาร์ตี้แล้ว"""
PartyMakerPutData#0,"""$(0) กำลังติดตั้ง Party Maker"""
PartyMakerPutDataSet#0,"""$(0) ติดตั้ง Party Maker แล้ว"""
PartyMakerBeforePut#0,"""ไม่สามารถติดตั้ง Party Maker ได้เนื่องจากมีการวางไปแล้วหนึ่งอัน"""
PartyMakerPutMax#0,"""ไม่สามารถติดตั้งได้เนื่องจากถึงจำนวนสูงสุดที่อนุญาตในเควสต์แล้ว"""
PartyMakerNotInvitation#0,"""ไม่สามารถติดตั้งได้เนื่องจากคุณไม่สามารถเชิญเข้าปาร์ตี้ได้"""
PartyMakerNotQuest#0,"""ไม่สามารถติดตั้งได้เนื่องจากไม่ได้อยู่ในพื้นที่เควสต์"""
PartyMakeMemberrMax#0,"""ไม่สามารถติดตั้งได้เนื่องจากจำนวนสมาชิกปาร์ตี้ถึงขีดจำกัดแล้ว"""
PartyMakerQuestEnd#0,"""ไม่สามารถติดตั้งได้เนื่องจากเควสต์เสร็จสิ้นแล้ว"""
PartyMakerNotMulti#0,"""ไม่สามารถติดตั้งได้เนื่องจากไม่ได้อยู่ในพื้นที่มัลติปาร์ตี้ (multi-party area)"""
PartyMakerNotLeader#0,"""ไม่สามารถติดตั้งได้เนื่องจากคุณไม่ใช่ Leader หรือ Sub-leader ของปาร์ตี้"""
PartyMakerNotRemoval#0,"""ไม่สามารถนำ Party Maker ออกได้"""
PartyMakerBeforeQuestEnd#0,"""ไม่สามารถเข้าร่วมปาร์ตี้ได้เนื่องจากเควสต์เสร็จสิ้นแล้ว"""
PartyMakerBadConditions#0,"""ไม่สามารถเข้าร่วมปาร์ตี้ได้เนื่องจากคุณไม่ผ่านเงื่อนไขปาร์ตี้"""
PartyMakerClosed#0,"""ไม่สามารถเข้าร่วมปาร์ตี้ได้เนื่องจากการรับสมัครถูกยกเลิกแล้ว"""
PartyMakerEmergencystop#0,"""ไม่สามารถใช้งานฟีเจอร์นี้ได้ในขณะนี้"""
PartyMakerBeforeJoin#0,"""เข้าร่วมปาร์ตี้ของผู้สร้าง Party Maker ไปแล้ว"""
PartyMakerBubbleText#0,"""{red}$(0){def}<br>กำลังหาปาร์ตี้<br>สำหรับ {red}[$(1)]{def}!!"""
PartyMakerBubbleName#0,"""ปาร์ตี้ของ $(0)"""
MultiPartyStoryError#0,"""ไม่สามารถใช้ Party Maker ได้เนื่องจากคุณกำลังอยู่ใน Story Quest"""
MyFashionTitle01#0,"""My Fashion/Catalog"""
MyFashionTitle02#0,"""My Fashion"""
MyFashionTitle03#0,"""Bookmark"""
MyFashionTitle04#0,"""ดูตัวอย่าง"""
MyFashionTitle05#0,"""ข้อมูล Fashion"""
MyFashionResult01#0,"""โหลด [$(0)] แล้ว"""
MyFashionResult02#0,"""ไม่สามารถปรับใช้ไอเทมบางอย่างได้"""
MyFashionError01#0,"""การดำเนินการไม่สามารถทำต่อได้เนื่องจากเกิดข้อผิดพลาด"""
MyFashionError02#0,"""การดำเนินการไม่สามารถทำต่อได้เนื่องจากเกิดข้อผิดพลาด"""
MyFashionError03#0,"""ยังไม่ได้ลงทะเบียน Fashion ใดๆ"""
MyFashionError04#0,"""เปลี่ยน My Fashion ล้มเหลว"""
MyFashionError05#0,"""ไม่สามารถดำเนินการได้เนื่องจากการดึงข้อมูลสิ่งของที่ครอบครองล้มเหลว"""
MyFashionError06#0,"""การดำเนินการไม่สามารถทำต่อได้เนื่องจากเกิดข้อผิดพลาด"""
MyFashionError07#0,"""มีเสื้อผ้าประเภทเดียวกันนี้อยู่ใน Inventory ของคุณแล้ว"""
OtherFashion_Help_Message#0,"""กรุณาเลือก"""
OtherFashion_Help_Message_v#0,"""กรุณาเลือก"""
OtherFashion_Help_Title_v#0,"""Bookmark"""
FashiongroupFormTitle#0,"""Fashion/Catalog"""
Menu_Status#0,"""สเตตัส"""
Menu_Achievement00#0,"""Achievements พื้นฐาน"""
Menu_Achievement01#0,"""Achievements ดาว Naberius"""
Menu_Achievement02#0,"""Achievements ดาว Lillipa"""
Menu_Achievement03#0,"""Achievements ดาว Amduscia"""
Menu_Achievement04#0,"""Achievements ของ ARKS Ship"""
Menu_Achievement05#0,"""Achievements ดาว Wopal"""
Menu_Achievement06#0,"""Achievements ดาว Harkotan"""
Menu_Achievement07#0,"""Achievements ของโลก"""
Help_Top_Title#0,"""Gathering"""
Help_Status_Title#0,"""สถานะ Gathering"""
Help_Achievement_Title#0,"""Achievements ที่สามารถรับได้"""
Help_Top_Explain#0,"""<c f0df60>สามารถตรวจสอบ Achievements ต่างๆ ที่ได้รับจากการ Gathering ได้<c>"""
Help_Status_Explain#0,"""<c f0df60>รายการพารามิเตอร์ที่เกี่ยวข้องกับการ Gathering<c>"""
Help_Achievement_Explain#0,"""<c f0df60>เมื่อปลดล็อก Achievements แล้วจะได้รับรางวัล นอกจากนี้เมื่อปลดล็อกครบตามจำนวนที่กำหนด เลเวลการรวบรวมและตกปลาจะเพิ่มขึ้น<c>"""
Menu_Gat_Info#0,"""ข้อมูล Gathering"""
Menu_Gat_Status#0,"""สถานะ Gathering"""
Menu_Gat_Results#0,"""Achievements ที่สามารถรับได้"""
Title_Gat_Status#0,"""สถานะ Gathering"""
Title_Gat_Results#0,"""Achievements ที่สามารถรับได้"""
Title_Gat_Results_Detail#0,"""รายละเอียด Achievement"""
Gat_Common#0,"""โบนัสเลเวล Harvesting/Fishing"""
Gat_C#0,"""Harvesting"""
Gat_F#0,"""ตกปลา"""
Gat_Info#0,"""ข้อมูล Sheet"""
Gat_Results#0,"""Achievement"""
Gat_Results_Name#0,"""ชื่อ Achievement"""
Gat_Explanatory#0,"""เงื่อนไข Achievement"""
Gat_Reward#0,"""รางวัล"""
Text_Gat_Results_Num#0,"""Achievements"""
Text_Gat_C_Lv#0,"""Harvesting"""
Text_Gat_F_Lv#0,"""ตกปลา"""
Text_Gat_Unlock#0,"""ปลดล็อก"""
Text_Fever#0,"""เวลา Fever เพิ่มขึ้น"""
Text_ComboBonus#0,"""Combo Bonus"""
Text_Next_Lv#0,"""ถึง Lv. ถัดไป"""
Text_PointName_F#0,"""จุดตกปลา"""
Text_PointName_C#0,"""จุด Harvesting"""
Text_Gat_Stamina#0,"""ใช้ Stamina: """
Text_Gat_C_Stamina#0,"""Stamina"""
Text_Gat_F_Stamina#0,"""Stamina"""
Text_Recovery#0,"""จนกว่าจะฟื้นฟูเต็มที่"""
Text_Rare_C#0,"""อัตรา Harvesting แรร์"""
Text_Add_C#0,"""อัตรา Harvesting เพิ่มเติม"""
Text_Rare_F#0,"""อัตราตกปลาแรร์"""
Text_Add_F#0,"""อัตราตกปลาเพิ่มเติม"""
Text_Max_Get_Rare#0,"""แรร์สูงสุด"""
Text_Remnant_Num#0,"""จำนวนครั้งที่เหลือ: $(0)"""
Text_Remnant_Num_Fever#0,"""ไม่จำกัด"""
Text_CurrentAndMaxVal#0,"""$(0)/$(1)"""
Text_CanNotGathering#0,"""$(0) ล้มเหลว"""
Text_NotGatheringItem#0,"""ไม่มี $(0)"""
Menu_Open_FullWin_Title#0,"""Gathering Terminal"""
Menu_Open_FullWin_Help#0,"""<c f0df60>Gathering Shop Terminal<c>"""
Menu_Open_Win_Title#0,"""Gathering Terminal"""
Menu_Open_Win_Menu01#0,"""Culinary Shop"""
Menu_Open_Win_Menu02#0,"""L Ring Shop"""
Menu_Open_Win_Menu03#0,"""R Ring Shop"""
Menu_Open_Win_Menu04#0,"""Combined Ring Shop"""
Menu_Open_Win_Close#0,"""กลับ"""
Menu_Open_Disable#0,"""Gathering Terminal ไม่สามารถใช้งานได้ในขณะนี้<br><br>คุณจะสามารถใช้งานได้หากคุณเคลียร์<br>Client Orders ของ Sophia ใน Franca's Cafe สำเร็จ"""
Title_Gat_Simple_Status#0,"""รายละเอียด Gathering พื้นฐาน"""
AchieveNoItem#0,"""ไม่มี achievements"""
Result_C_1#0,"""Harvesting $(0) x1 สำเร็จ!"""
Result_C_2#0,"""Harvesting $(0) x$(1) สำเร็จ!"""
Result_F1#0,"""ตกปลาได้ $(0)×01<br><br>ขนาด: $(1)"""
Result_F2#0,"""ตกปลาได้ $(0)×02<br><br>ขนาด: $(1), $(2)"""
Result_F3#0,"""ตกปลาได้ $(0)×03<br><br>ขนาด: $(1), $(2), $(3)"""
Result_F4#0,"""ตกปลาได้ $(0)×$(1)<br><br>ขนาด: $(2), $(3), $(4)…"""
Result_F_Log#0,"""ขนาด: $(0)"""
Result_C_1_ToDishWarehouse#0,"""Harvesting ได้ $(0)<br>ไอเทมถูกส่งไปยัง Material Storage แล้ว"""
Result_C_2_ToDishWarehouse#0,"""Harvesting ได้ $(0)×$(1)<br>ไอเทมถูกส่งไปยัง Material Storage แล้ว"""
Result_F1_ToDishWarehouse#0,"""ตกปลาได้ $(0)×01<br>ไอเทมถูกส่งไปยัง Material Storage แล้ว<br><br>ขนาด: $(1)"""
Result_F2_ToDishWarehouse#0,"""ตกปลาได้ $(0)×02<br>ไอเทมถูกส่งไปยัง Material Storage แล้ว<br><br>ขนาด: $(1), $(2)"""
Result_F3_ToDishWarehouse#0,"""ตกปลาได้ $(0)×03<br>ไอเทมถูกส่งไปยัง Material Storage แล้ว<br><br>ขนาด: $(1), $(2), $(3)"""
Result_F4_ToDishWarehouse#0,"""ตกปลาได้ $(0)×$(1)<br>ไอเทมถูกส่งไปยัง Material Storage แล้ว<br><br>ขนาด: $(2), $(3), $(4)…"""
SizeDot#0,"""."""
SizePunctuation#0,""", """
First_Combo#0,"""<c 60ccf0>เริ่มนับ Combo!<c><br>เมื่อคุณทำ Combo ถึง $(0) จะเข้าสู่สถานะ Fever แน่นอน!<br>คุณจะได้รับ <green>EXP<c> เมื่อ Combo สิ้นสุดลง!"""
First_Fever#0,"""<c f060ae>เริ่ม Fever!<c><br>ในช่วงเวลาจำกัด การ Gathering จะ<br><yellow>ได้รับผลผลิตมากขึ้นและเพิ่มโอกาสได้ของแรร์!<c>"""
First_Point_End#0,"""<c 78f060>โบนัสความสำเร็จ!<c><br>คุณใช้จุด Gathering นี้จนหมดแล้ว!<br>Combo เพิ่มขึ้น <yellow>$(0)<c>!"""
Action_F_Toast#0,"""เมื่อวงกลม <c ee8888>เปลี่ยนเป็นสีแดง<c> ให้กด <%Access>!"""
Infinite#0,"""ไม่จำกัด"""
Tool_Item_Count#0,"""$(0)×1 (จำนวนที่มี: $(1))"""
Action_F_Normal#0,"""ตกปลา"""
Action_F_Sp_1#0,"""Good Fishing"""
Action_F_Sp_2#0,"""Great Fishing"""
Action_F_Sp_3#0,"""Fishing With Bonus"""
Action_F_Ac#0,"""Master Fishing"""
Action_C_Normal#0,"""Harvesting"""
Action_C_Sp_1#0,"""Good Harvesting"""
Action_C_Sp_2#0,"""Great Harvesting"""
Action_C_Sp_3#0,"""Harvesting With Bonus"""
Action_C_Ac#0,"""Master Harvesting"""
ItemName_F_Norml#0,"""Fishing Rod"""
ItemName_F_Sp_1#0,"""Good Fishing Rod"""
ItemName_F_Sp_2#0,"""Great Fishing Rod"""
ItemName_F_Sp_3#0,"""Famitsu Fishing Rod"""
ItemName_F_Ac#0,"""Master Fishing Rod"""
ItemName_F_Sp_4#0,"""Dengeki Fishing Rod"""
ItemName_C_Norml#0,"""Pickaxe"""
ItemName_C_Sp_1#0,"""Good Pickaxe"""
ItemName_C_Sp_2#0,"""Great Pickaxe"""
ItemName_C_Sp_3#0,"""Famitsu Ice Axe"""
ItemName_C_Ac#0,"""Master Pickaxe"""
ItemName_C_Sp_4#0,"""Dengeki Pickaxe"""
Gat_Achievement#0,"""ได้รับ achievement แล้ว"""
GetExperience#0,"""ได้รับ <green>EXP<c> จากการ Gathering"""
GatLimitOver#0,"""<yellow>$(0)<c>"""
ErrorExecEndObjStamina#0,"""ไม่มีจุด"""
ErrorExecEndFever#0,"""Fever สิ้นสุดแล้ว"""
ErrorExecEndGatStamina#0,"""Stamina ไม่เพียงพอ"""
ErrorExecEndNoItem#0,"""ไม่ได้เลือกไอเทม"""
SGShopTitle#0,"""ซื้อ Star Gems"""
SGShopGuide#0,"""<c f0df60>นี่จะใช้ AC และมอบ SG ให้กับคุณ กรุณาเลือกไอเทมที่คุณต้องการ"""
ListWindowTitle#0,"""รายการสินค้า"""
ListWindowACButton#0,"""เติม AC"""
ListWindowHistory#0,"""ประวัติการซื้อ"""
NameOfItem#0,"""<yellow>$(0)<c>"""
DescriptionOfItem#0,"""$(0)"""
MySGWindowTitle#0,"""SG ปัจจุบัน"""
StarGem#0,"""$(0)<pict StarGem>"""
ArcsCash#0,"""$(0)<pict Arcscash>"""
MyACWindowTitle#0,"""AC ปัจจุบัน"""
LimitedWindowTitle#0,"""ข้อมูลสินค้า"""
LimitedWindowTimesLimited#0,"""<yellow>ขีดจำกัดการซื้อ<c>"""
LimitedWindowRemainingNumber#0,"""ซื้อได้ในอีก $(0)"""
LimitedWindowRemainingNumberTime#0,"""เหลืออีก $(0)"""
LimitedWindowLimitless#0,"""-"""
LimitedWindowTimeLimit#0,"""<yellow>กำหนดเวลาการซื้อ<c>"""
LimitedWindowTimeLimitStatus#0,"""จนถึง $(0)"""
LimitedWindowNoTimeLimitStatus#0,"""-"""
ConfirmationWindowTitle#0,"""ยืนยันการซื้อ"""
ConfirmationWindowtext#0,"""คุณกำลังจะซื้อ [$(0)]<br>ในราคา $(1)<pict Arcscash><br><br>ดำเนินการต่อหรือไม่?"""
ErrorWindowTitle#0,"""ซื้อ Star Gems"""
SGItemName1#0,"""Item Name 1"""
SGItemName2#0,"""Item Name 2"""
SGItemName3#0,"""Item Name 3"""
SGItemName4#0,"""Item Name 4"""
SGItemName5#0,"""Item Name 5"""
SGItemName6#0,"""Item Name 6"""
SGItemName7#0,"""Item Name 7"""
SGItemName8#0,"""Item Name 8"""
SGItemName9#0,"""Item Name 9"""
JumpSGShopTitle#0,"""ยืนยันการชำระเงินด้วย Star Gem"""
JumpSGShopMessage#0,"""Star Gems ไม่เพียงพอ<br>ต้องการปิดหน้าต่างปัจจุบัน<br>และเปิดหน้าต่างซื้อ Star Gem หรือไม่?"""
DirectBuyTitle#0,"""ยืนยันการซื้อไอเทม"""
DirectBuyMessage#0,"""<pict StarGem><c 1dedd7>คอนเทนต์ SG<c><br><br>$(1)<br><br>ดำเนินการไปยังหน้าจอสั่งซื้อสำหรับ $(0) หรือไม่?"""
DirectBuyConfirmTitle#0,"""ยืนยันการซื้อไอเทม"""
DirectBuyConfirmMessage#0,"""กำลังซื้อไอเทมด้านล่างในราคา $(2) SG (ปกติราคา $(3) SG)<br>ดำเนินการต่อหรือไม่?<br><br>อัตราส่วนลดของ $(1) จะลดลงสำหรับการซื้อแต่ละครั้ง<br><br>(SG ที่มี: $(0))"""
DirectBuyResultTitle#0,"""ผลการซื้อ"""
DirectBuySuccessTitle#0,"""การซื้อไอเทมเสร็จสมบูรณ์"""
DirectBuySuccessMessage#0,"""$(0)<br><br>จำนวนครั้งในการซื้อของคุณจะรีเซ็ตทุกวันเวลา <utc>15:00</utc>"""
DirectBuyErrorTitle#0,"""ข้อผิดพลาดในการซื้อไอเทม"""
DirectBuyConfirmListItemText#0,"""$(0) (No. $(1))"""
BuySGShopTitle#0,"""ซื้อ Star Gems"""
BuySGShopMessage_OK#0,"""ซื้อไอเทมแล้ว"""
BuySGShopMessage_ErrorExpire#0,"""ไม่สามารถซื้อไอเทมนี้ได้เนื่องจากเลยกำหนดเวลาการซื้อแล้ว"""
BuySGShopMessage_ErrorBuyLimit#0,"""ไม่สามารถซื้อไอเทมนี้ได้เนื่องจากคุณซื้อจนถึงขีดจำกัดแล้ว"""
BuySGShopMessage_ErrorSGHaveLimit#0,"""ไม่สามารถซื้อไอเทมนี้ได้เนื่องจากจะทำให้ SG ของคุณเกินขีดจำกัด"""
BuySGShopMessage_ErrorUnknown#0,"""ซื้อไอเทมล้มเหลว กรุณาปิดหน้าต่างนี้และตรวจสอบรายละเอียดสินค้าอีกครั้ง"""
AlreadyReceive#0,"""รับ Star Gems ไปแล้ว"""
MyshopTitle#0,"""ยืนยันการแสดงผล"""
MyshopMessage#0,"""คุณกำลังพยายามขายเสื้อผ้า<br>ที่ยังไม่ได้กดรับ Star Gems<br>ดำเนินการต่อหรือไม่?"""
TradeTitle#1,"""ยืนยันการลงทะเบียน"""
TradeMessage#0,"""คุณกำลังพยายามขายเสื้อผ้า<br>ที่ยังไม่ได้กดรับ Star Gems<br>ดำเนินการต่อหรือไม่?"""
TeamWarehouseTitle#0,"""ข้อความ"""
TeamWarehouseMessage#0,"""คุณกำลังพยายามฝากเสื้อผ้าที่ยังไม่ได้<br>กดรับ Star Gems ลงใน Team Storage<br><br>เกจความผูกพันของเสื้อผ้าที่ฝากใน Team Storage<br>จะถูกรีเซ็ต<br><br>ดำเนินการต่อหรือไม่?"""
TeamWarehouseTitle2#0,"""ข้อความ"""
TeamWarehouseMessage2#0,"""จะย้ายไอเทมนี้ไปยัง Team Storage<br>ดำเนินการต่อหรือไม่?<br><br>เกจความผูกพันของเสื้อผ้าที่ฝากใน Team Storage<br>จะถูกรีเซ็ต<br><br><yellow>※Team Storage ถูกใช้งานโดยผู้เล่นคนอื่นด้วย<br>\u3000กรุณาระมัดระวังในการใช้งาน<c>"""
PresentBoxTitle#0,"""ข้อความ"""
PresentBoxMessage#0,"""คุณกำลังพยายามใส่เสื้อผ้าที่ยังไม่ได้<br>กดรับ Star Gems ลงใน Present Box<br>ดำเนินการต่อหรือไม่?"""
GachaTitle#0,"""ข้อความ"""
GachaMessage#0,"""คุณกำลังพยายามใส่เสื้อผ้าที่ยังไม่ได้<br>กดรับ Star Gems ลงใน Photogachan<br>ดำเนินการต่อหรือไม่?"""
RecycleTitle#0,"""การยืนยัน"""
RecycleMessage#0,"""$(0)<c> ×$(1)<br>จะถูกนำไปแลกเปลี่ยนเป็นไอเทมที่เลือก<br><red>※ไอเทมที่อยู่ในรายการยังมี Star Gems<br>ติดอยู่และจะไม่ถูกนำไปแลกรับ<c><br>ดำเนินการต่อหรือไม่?"""
RecycleMessage2#0,"""จะแลกเปลี่ยน $(0) (จำนวน $(1) ชิ้น)×$(2)<br>กับไอเทมดังต่อไปนี้<br><red>※ในไอเทมที่เลือกมีเสื้อผ้าที่ยังไม่ได้<br>กดรับ Star Gems รวมอยู่ด้วย<c><br>ดำเนินการต่อหรือไม่?"""
RecycleMessageVita#0,"""จะแลกเปลี่ยน <c f0df60>$(0)<c>×$(1)<br>กับไอเทมที่คุณเลือก<br><yellow>※จะไม่ใช้ไอเทมอื่นนอกจากที่ระบุด้านล่าง<c><br><red>※ในไอเทมที่เลือกมีเสื้อผ้าที่ยังไม่ได้<br>กดรับ Star Gems รวมอยู่ด้วย<c><br>ดำเนินการต่อหรือไม่?"""
RewardPopupMenu#0,"""รับ Star Gems"""
RewardTitle#2,"""ยืนยัน Star Gem"""
RewardMessage#0,"""เนื่องจากเกจ Star Gem<br>เต็มแล้ว คุณสามารถรับ Star Gems<br>จากไอเทมชิ้นนี้ได้<br><br>คุณต้องการรับตอนนี้เลยหรือไม่?"""
RewardGetFailed#0,"""ไม่สามารถรับ Star Gems ได้"""
EventChronicle_Title#0,"""ยืนยันการเคลื่อนย้าย"""
EventChronicle_Message#0,"""จะย้ายไปยัง My Room<br>เพื่อดู Event Chronicle<br><br>ดำเนินการต่อหรือไม่?"""
ToastTriggerQuestReorderFinish#0,"""หมดเวลาที่สามารถรับ Trigger Quest ใหม่ได้แล้ว"""
ToastTriggerQuestReorderNum#0,"""เควสต์นี้สามารถรับใหม่ได้อีก $(0) ครั้ง"""
ToastTriggerQuestReorderNumZero#0,"""เควสต์นี้ไม่สามารถรับใหม่ได้แล้ว"""
ToastTriggerQuestCreateUserOnly#0,"""เฉพาะผู้ใช้ Trigger เท่านั้นที่สามารถเริ่มได้"""
Rideroid0M#0,"""<%NormalAttack_S> หรือ Action หลบหลีก เพื่อเดินหน้า/หยุด\u3000<%PhotonArts_S> เพื่อลง"""
Rideroid0A#0,"""<%NormalAttack_S> หรือ Action หลบหลีก เพื่อหยุด\u3000<%PhotonArts_S> เพื่อลง"""
Rideroid1M#0,"""<%NormalAttack_S> หรือ Action หลบหลีก เพื่อเดินหน้า/หยุด"""
Rideroid1A#0,"""<%NormalAttack_S> หรือ Action หลบหลีก เพื่อหยุด"""
Alert00#0,"""<red>บูสต์เพื่อเข้าใกล้ Mother!<c>"""
AlertToast00#0,"""ใช้ <yellow>「Over Boost」<c> เพื่อเข้าใกล้ <yellow>Mother<c>!"""
AlertToast01#0,"""ใช้ <c ff4f3f>「Over Boost」<c> เพื่อเข้าใกล้ <c ff4f3f>Mother<c>!"""
AlertToast_AP01#0,"""ตรวจพบปฏิกิริยาของศัตรู <yellow>กรุณาคุ้มกันเป้าหมายป้องกัน<c>"""
AlertToast_AP02#0,"""ความเสียหายของเป้าหมายป้องกันเพิ่มขึ้น <red>กรุณารวบรวม Mana เพื่อฟื้นฟู<c>"""
PokaMenu_Content_PokaInfo#0,"""ข้อมูล Battle Arena"""
PokaMenu_PokaInfo_Record#0,"""รายละเอียดสถิติ"""
PokaMenu_PokaInfo_Rank#0,"""รายละเอียด Battle Ranking"""
PokaMenu_PokaInfo_Rank_Switch#0,"""รายละเอียด Battle Ranking"""
PokaMenu_RecordTab1#0,"""สถิติโดยรวม"""
PokaMenu_RecordTab2#0,"""Emblem Battle"""
PokaMenu_RecordTab3#0,"""Battle Royal"""
PokaMenu_RecordTitle1#0,"""จำนวนชนะรวม"""
PokaMenu_RecordTitle2#0,"""จำนวนกำจัดรวม"""
PokaMenu_RecordTitle3#0,"""Battle Coins"""
PokaMenu_RecordTitle4#0,"""จำนวนชนะ Emblem Battle"""
PokaMenu_RecordTitle5#0,"""จำนวนแพ้ Emblem Battle"""
PokaMenu_RecordTitle6#0,"""จำนวนชนะ Battle Royal"""
PokaMenu_RecordTitle7#0,"""จำนวนกำจัดใน Battle Royal"""
PokaMenu_WinRecord#0,"""ชนะ $(0) ครั้ง"""
PokaMenu_CrushRecord#0,"""กำจัด $(0) ตัว"""
PokaMenu_Possession#0,"""$(0) <pict poka_btl_coin>"""
PokaMenu_ArenaPoint#0,"""$(0) ARP"""
PokaMenu_RankTab1#0,"""Emblem Battle"""
PokaMenu_RankTitle1#0,"""ชื่อ Player ID"""
PokaMenu_RankTitle2#0,"""Rank ปัจจุบัน"""
PokaMenu_RankTitle3#0,"""Rank สูงสุดก่อนหน้า"""
PokaMenu_RankTitle4#0,"""Arena Points"""
PokaMenu_RankTitle5#0,"""Rank ปัจจุบัน"""
PokaMenu_RankTitle6#0,"""Rank สูงสุดก่อนหน้า"""
PokaMenu_NowPoint#0,"""Arena Points"""
PokaMenu_NextRankPoint#0,"""ถึง Rank ถัดไป"""
PokaMenu_NowGrade#0,"""Rank"""
PokaMenu_NowRank#0,"""Rank"""
PokaMenu_MaxGrade#0,"""Rank"""
PokaMenu_MaxRank#0,"""Rank"""
PokaMenu_Rank_Grade#0,"""$(0)"""
PokaMenu_Ranking#0,"""Rank $(0)"""
PokaMenu_Norank#0,"""─"""
PokaMenu_ContentInfo#0,"""ข้อมูลคอนเทนต์"""
PokaMenu_GatheringInfo#0,"""ข้อมูล Gathering"""
PokaMenu_TravelQuestInfo#0,"""(ชั่วคราว) ข้อมูลเควสต์"""
PokaMenu_MoveBlockTitle#0,"""ยืนยันการย้ายบล็อก"""
PokaMenu_MoveShipTitle#0,"""ยืนยันการย้าย Ship"""
PokaMenu_MoveBlockMessage#0,"""จะย้ายไปยัง Battle Block<br>โปรดทราบว่าสถานะจะเปลี่ยนไปดังต่อไปนี้:<br><br>・คลาสจะถูกเปลี่ยนเป็น 「Battle Warrior」 Lv.1 เท่านั้น<br>・PA, เทคนิค และสกิลคลาสจะอยู่ในสถานะยังไม่ได้เรียนรู้<br>\u3000และไม่สามารถนำ Meseta, CC หรือไอเทมที่ครอบครองเข้าไปได้<br>・ไม่สามารถฝาก/ถอนจากโกดังต่างๆ ได้<br>・เกจความผูกพันจะไม่แสดงผล<br><br><red>※สถานะทั้งหมดจะกลับเป็นปกติเมื่อ<br>\u3000กลับออกมาจาก Battle Arena Block<c><br><br>ย้ายไปยัง Battle Block หรือไม่?"""
PokaMenu_MoveShipMessage#0,"""จะย้ายไปยัง Ship สังกัด<br>สถานะเฉพาะของ Shared Ship จะกลับเป็นปกติ<br><br>・Friends, เมล และ<br>\u3000Symbol Art ที่ลงทะเบียนใน Shared Ship จะไม่สามารถดูได้ใน Ship สังกัด<br>・Battle Coins ที่ได้รับใน Battle Arena จะถูก<br>\u3000แชร์ร่วมกับข้อมูลของ Ship สังกัด<br>・ข้อมูล Rank ของ Battle Ranking ใน Shared Ship<br>\u3000จะถูกคำนวณแยกต่างหากจากข้อมูล Rank ใน Ship สังกัด<br><br><yellow>※การกลับไปยัง Ship สังกัดจะเพิ่มประวัติใน<br>【 ประวัติการล็อกอิน 】 1 รายการ<c><br><br><red>※สามารถตรวจสอบสถานะของ Shared Ship ได้<br>เมื่อกลับไปยัง Shared Ship อีกครั้ง<c><br><br>ย้ายไปยัง Ship สังกัดหรือไม่?"""
PokaMenu_Content_BasnetInfo#0,"""ข้อมูล Buster Quest"""
BonusEffect_Title1#0,"""ยืนยัน Special Ability Factor"""
BonusEffect_Head1#0,"""ชื่อ Special Ability Factor"""
BonusEffect_Head2#0,"""อัตราความสำเร็จ"""
BonusEffect_Head3#0,"""รายละเอียด"""
Confirm_Desc#0,"""เมื่อค่าอัปเกรดของ <br><yellow>$(0)<c> <br>ถึง <green>+35<c> จะปลดล็อก <br>「Special Ability Factor」 ด้านล่าง <br>และสามารถเลือกได้เมื่อทำการเพิ่ม Special Ability"""
Confirm_Desc2#0,"""เมื่อค่าอัปเกรดของ <br><yellow>$(0)<c> <br>ถึง <green>+10<c> จะปลดล็อก <br>「Special Ability Factor」 ด้านล่าง <br>และสามารถเลือกได้เมื่อทำการเพิ่ม Special Ability"""
Confirm_Probability#0,"""$(0)%"""
Confirm_GetDataErrorTitle#0,"""ยืนยัน Special Ability Factor"""
Confirm_GetDataErrorMessage#0,"""ดึงข้อมูลรายละเอียด Special Ability Factor ล้มเหลว"""
Confirm_icon_HintText#0,"""ชื่อ Special Ability Factor"""
BonusEffect_NoBonus#0,"""ไม่มี Special Ability Factors"""
Guide_A#0,"""<%NormalAttack>"""
GuideB#0,"""<%PhotonArts>"""
ChangeToEP1Mode#0,"""เปลี่ยนเป็นโหมด EPISODE 1"""
ChangeToEP2Mode#0,"""เปลี่ยนเป็นโหมด EPISODE 2"""
ChangeToEP3Mode#0,"""เปลี่ยนเป็นโหมด EPISODE 3"""
ChangeToEP4Mode#0,"""เปลี่ยนเป็นโหมด EPISODE 4"""
ChangeToEP5Mode#0,"""เปลี่ยนเป็นโหมด EPISODE 5"""
ChangeToEP6Mode#0,"""เปลี่ยนเป็นโหมด EPISODE 6"""
EP5Prologue_EP4StoryBoard_Title#0,"""การสลับโหมด Episode"""
EP5Prologue_EP4StoryBoard_Message#0,"""【 Story Board (EP4) 】<br>สามารถใช้ได้ในโหมด EP4 เท่านั้น<br><br>คุณสามารถสลับเป็นโหมด EP4 ได้<br>โดยการคุยกับ Xiera และเลือก<br>Episode เป็น 【 EP4 】"""
EP5Prologue_ProgressionEP_1-3#0,"""EP1-3"""
EP5Prologue_ProgressionEP_4#0,"""EP4"""
EP5Prologue_ProgressionEP_5#0,"""EP5"""
BasnetInfo_WindowTitle#0,"""ข้อมูล Buster Quest"""
BasnetInfo_Title1#0,"""Buster Points"""
BasnetInfo_Title2#0,"""จำนวน Boost"""
BasnetInfo_ItemTitle1#0,"""Buster Points ปัจจุบัน"""
BasnetInfo_ItemTitle2#0,"""Grade ปัจจุบัน"""
BasnetInfo_ItemTitle3#0,"""จนกว่าจะถึง Grade ถัดไป"""
BasnetInfo_ItemTitle5#0,"""Main Match Boost"""
BasnetInfo_ButtonText1#0,"""-"""
BasnetBillingRecovery_Title#0,"""-"""
BasnetBillingRecovery_SGMsg_LeftOvertZero#0,"""-"""
BasnetBillingRecovery_SGConfirmMsg#0,"""-"""
BasnetBillingRecovery_BuyConfirmMsg#0,"""-"""
BansetBillingRecovery_BuyFailed_Max_Msg#0,"""-"""
BasnetBillingRecovery_ItemName#0,"""-"""
BasnetInfo_DrawNum1#0,"""$(0)"""
BasnetInfo_DrawNum2#0,"""อีก $(0) ครั้ง"""
BasnetInfo_DrawNumNone#0,"""―"""
Basnet_Grade_Proper#0,"""<vivid_cyan2>Main Match<c>"""
Basnet_Grade_Support#0,"""<yellow>Free Match<c>"""
Basnet_Grade_Limited#0,"""<bright_orange>Main Match: Adv.<c>"""
Basnet_Grade_Story#0,"""<soft_pink2>Story<c>"""
Basnet_Down_Support#0,"""แมตช์ของคุณกลายเป็น <yellow>Free Match<c> เนื่องจากสมาชิกในปาร์ตี้มี Grade ต่ำ"""
Reward_Message#0,"""ได้รับรางวัลดังต่อไปนี้"""
Achievement_Up#0,"""ชื่อ Achievement (+$(0)CP)"""
Achievement_Down#0,"""สำเร็จแล้ว!"""
Clear_Msg#0,"""อัตราการเคลียร์ Challenge: MISSION $(0) $(1)%"""
TextStart#0,"""เริ่มต้น Challenge"""
TextClear#0,"""เคลียร์ Challenge"""
TextMission#0,"""Mission"""
TextCongratulations#0,"""ขอแสดงความยินดี!"""
TextInterval#0,"""Interval Area"""
TextFinalMission#0,"""Final Mission"""
Clear_Msg_TypeA#0,"""อัปเดต High Score! (+$(0) pt)"""
Clear_Msg_TypeB#0,"""พลาด High Score ไป $(0) pt"""
TextStartEx#0,"""เริ่มเควสต์"""
TextClearEx#0,"""เคลียร์เควสต์"""
HighScore_Solo#0,"""<vivid_cyan2>ประเภทคะแนน: Solo<c>"""
HighScore_Multi#0,"""<bright_orange>ประเภทคะแนน: 4 Classes<c>"""
HighScore_All#0,"""<yellow>ประเภทคะแนน: Free<c>"""
HighScore_Duo#0,"""<vivid_green>ประเภทคะแนน: Duo<c>"""
HighScore_Trio#0,"""<light_red2>ประเภทคะแนน: Trio<c>"""
ArmadaSectorEffectSectorNameNon#0,"""SECTOR NON"""
ArmadaSectorEffectSectorName1#0,"""SECTOR 1"""
ArmadaSectorEffectSectorName2#0,"""SECTOR 2"""
ArmadaSectorEffectSectorName3#0,"""SECTOR 3"""
ArmadaSectorEffectSectorNameBoss#0,"""BOSS SECTOR"""
ArmadaSectorEffectSectorNameClear#0,"""CLEAR"""
SeasonEventWebWindowTitle#0,"""ข้อมูล Event"""
SeasonEventPointWindowTitle#0,"""Individual Points"""
SeasonEventShipPointWindowTitle#0,"""Ship Points"""
SeasonEventNpcText1#0,"""ร้านค้าแบบจำกัดเวลา ($(0))"""
SeasonEventNpcText2#0,"""ตรวจสอบข้อมูล Event บนเว็บ"""
SeasonEventNpcText3#0,"""ตรวจสอบรางวัล Individual Points"""
SeasonEventNpcText4#0,"""ตรวจสอบรางวัล Ranking"""
SeasonEventNpcText5#0,"""ตรวจสอบ Ranking สำหรับ Ship Points"""
SeasonEventQRWindowHelp#0,"""การดำเนินการนี้จะเปิดหน้าเว็บ Event ในเบราว์เซอร์ของคุณ<br>ดำเนินการต่อหรือไม่?<br>หากคุณมีสมาร์ทโฟนหรือแท็บเล็ต คุณสามารถ<br>เปิดหน้าเว็บได้ด้วยการสแกน QR Code นี้"""
SeasonEventQRWindowTitle#0,"""ยืนยันการเปิดเบราว์เซอร์"""
SeasonEventRankingRewardTitle#0,"""รางวัล Ship Points Ranking"""
SeasonEventPointRewardTitle#0,"""รางวัล Individual Points"""
SeasonEventRankingTerm#0,"""ระยะเวลาเก็บคะแนน/$(0) - $(1)"""
SeasonEventPlayerRank#0,"""Rank ปัจจุบัน/$(0) (พอยต์ปัจจุบัน: $(1))"""
SeasonEventPlayerPoint#0,"""พอยต์ปัจจุบัน/$(0)"""
SeasonEventComboTabText#0,"""$(0)～$(1)"""
SeasonEventRank#0,"""อันดับที่ $(0)"""
SeasonEventRank2#0,"""อันดับที่ $(0)～"""
SeasonEventRank3#0,"""อยู่นอกอันดับ"""
SeasonEventBorderPoint#0,"""พอยต์ที่ต้องการเบื้องต้น / $(0)"""
SeasonEventRankingWindowTitle#0,"""Point Ranking ประจำ Ship"""
SeasonEventRankingHelp#0,"""Point Ranking ประจำ Ship (อัปเดตทุก 1 ชั่วโมง)"""
SeasonEventNpcText5a#0,"""Ranking ครึ่งแรก"""
SeasonEventNpcText5b#0,"""Ranking ครึ่งหลัง"""
SeasonEventPoint#0,"""$(0)"""
SeasonEventRewardTitleName#0,"""ได้รับฉายา: 【 $(0) 】"""
SeasonEventNoRewardTitleName#0,"""ได้รับฉายา: ไม่มี"""
SeasonEventOpenPanel#0,"""พาเนล $(0) เปิดแล้ว!"""
SeasonEventOpenPanel2#0,"""พาเนลใหม่เปิดแล้ว!"""
SeasonEventPointRewardGet#0,"""ได้รับแล้ว"""
SeasonEventMenuTitle#0,"""เมนูเชื่อมโยงเว็บ"""
SeasonEventTutorial#0,"""ตรวจสอบ Tutorial"""
SeasonEvent_Reb_Npcmenu#0,"""รับ Event Tasks"""
SeasonEvent_Reb_Npcmenu2#0,"""แลกเปลี่ยน Seasonal Points เป็นไอเทม"""
SeasonEvent_Reb_Npcmenu3#0,"""ปิดเมนู"""
SeasonEvent_Reb_Window_Title#0,"""Event ในปัจจุบัน"""
SeasonEvent_Reb_Window_label#0,"""Seasonal Points"""
SeasonEvent_Reb_Exchange_Title#0,"""แลกเปลี่ยนไอเทม"""
SeasonEvent_Reb_Exchange_TitleTelop#0,"""ร้านแลกเปลี่ยน Seasonal Point"""
SeasonEvent_Reb_Exchange_2lineguide#0,"""แลกเปลี่ยน Seasonal Points ที่คุณได้รับเป็นไอเทมรางวัล"""
SeasonEvent_Reb_ItemExchange_TitleTelop#0,"""ร้านแลกเปลี่ยน Seasonal Item"""
SeasonEvent_Reb_ItemExchange_2lineguide#0,"""แลกเปลี่ยนสิ่งของที่กำหนดเป็นไอเทม สำหรับไอเทมบางชิ้น หากคุณส่งมอบมากกว่าที่กำหนด คุณสามารถแลกเปลี่ยนไอเทมได้หลายชิ้นในคราวเดียว"""
Title_BuyData#0,"""ข้อมูลการซื้อ"""
SeasonEvent_Reb_Exchange_1#0,"""พอยต์ที่มี"""
SeasonEvent_Reb_Exchange_2#0,"""พอยต์ที่ต้องการ"""
Label_AfterClosing#0,"""หลังการชำระ"""
SeasonEvent_Reb_BuyMessage3#0,"""จะแลกเปลี่ยนไอเทมด้วย $(1)<pict 4space>$(0)<pict event_point><br>ดำเนินการแลกเปลี่ยนหรือไม่?"""
SeasonEvent_BuyErrorMessage1#0,"""พอยต์ไม่เพียงพอ"""
SeasonEvent_OutofStock#0,"""สินค้าหมด"""
MackInfo#0,"""ตรวจสอบข้อมูล Divide Quest"""
MacknetInfo_WindowTitle#0,"""ข้อมูล Divide Quest"""
MacknetInfo_BigTitle1#0,"""สถิติการเล่น"""
MacknetInfo_BigTitle2#0,"""รางวัลพอยต์รายสัปดาห์"""
MacknetInfo_Title1#0,"""Step"""
MacknetInfo_ItemTitle1#0,"""Step ที่ปลดล็อกแล้ว"""
MacknetInfo_Title2#0,"""Divide Points"""
MacknetInfo_ItemTitle2#0,"""พอยต์ที่ได้รับสัปดาห์นี้"""
MacknetInfo_NumberText1#0,"""$(0)"""
MacknetInfo_StepText1#0,"""$(1)~$(0)"""
MacknetInfo_StepText2#0,"""－"""
MacknetInfo_NumberText2#0,"""$(0) pt"""
MacknetInfo_RewardTitle#0,"""รางวัลพอยต์รายสัปดาห์"""
MackIncident_Point#0,"""Step: $(0) (เส้นทาง <pict mack_point> Point)"""
MackIncident_Life#0,"""Step: $(0) (เส้นทาง <pict mack_life> Life)"""
MackIncident_Boss#0,"""Step: $(0) (เส้นทาง Normal)"""
DiscoveryCocoon#0,"""ค้นพบ $(0) แล้ว"""
DiscoveryCocoon01#0,"""Cocoon 01: Gliding\u3000ประเภท Action\u3000ความยาก ★"""
DiscoveryCocoon02#0,"""Cocoon 02: Flight\u3000ประเภท Action\u3000ความยาก ★★"""
DiscoveryCocoon03#0,"""Cocoon 03: Mt. Saruyama\u3000ประเภท Battle\u3000ความยาก ★★"""
DiscoveryCocoon04#0,"""Cocoon 04: Leap\u3000ประเภท Action\u3000ความยาก ★★★"""
DiscoveryCocoon05#0,"""Cocoon 05: Showdown\u3000ประเภท Battle\u3000ความยาก ★★"""
DiscoveryCocoon06#0,"""Cocoon 06: Labyrinth\u3000ประเภท Action\u3000ความยาก ★★"""
DiscoveryCocoon07#0,"""Cocoon 07: Clash\u3000ประเภท Battle\u3000ความยาก ★★★"""
DiscoveryTower01#0,"""Tower 01: Skyscraper\u3000ประเภท Complex\u3000ความยาก ★★★"""
AreaName0000001#0,"""ภายใน Trainia"""
AreaName0000002#0,"""????"""
AreaName0000003#0,"""ภายใน Battledia"""
AreaName0000004#0,"""ภายใน Trinitas"""
AreaName0000005#0,"""ภายใน Advanced Trainia"""
AreaName0000006#0,"""Leciel"""
AreaName0000007#0,"""Nameless City"""
AreaName0000008#0,"""Neon City"""
AreaName1110001#0,"""เมือง Aelio"""
AreaName1110002#0,"""เมือง Central"""
AreaName1110003#0,"""ภูเขา Magnus"""
AreaName1110004#0,"""ซากห้องทดลอง Vanford"""
AreaName1110005#0,"""ป่า Resol"""
AreaName1110006#0,"""ทะเลสาบ Halphiria"""
AreaName1110007#0,"""ทุ่งหญ้า Halphana"""
AreaName1110008#0,"""ทุ่งหญ้า Halphana: ตะวันตก"""
AreaName1110009#0,"""ทุ่งหญ้า Halphana: ตะวันออก"""
AreaName1110010#0,"""ภูเขา Picott"""
AreaName1110011#0,"""น้ำตก Barflow"""
AreaName1110012#0,"""ภูเขา Mahina Pari"""
AreaName1110013#0,"""หนองน้ำ Halphana"""
AreaName1110014#0,"""ที่ราบสูง Alto Lani"""
AreaName1110015#0,"""ชายฝั่ง Lakau"""
AreaName1110016#0,"""เนินเขา Craikau"""
AreaName1110017#0,"""หน้าผา Craiano"""
AreaName1110018#0,"""ซากเมือง Aelio"""
AreaName1110019#0,"""เกาะ Kanai"""
AreaName1120001#0,"""เมือง Retem"""
AreaName1120002#0,"""ทางช่องเขา Sagaan"""
AreaName1120003#0,"""หุบเขา Morava"""
AreaName1120004#0,"""แหลม Kinraad"""
AreaName1120005#0,"""Oasis"""
AreaName1120006#0,"""Trinitas"""
AreaName1120007#0,"""ชายฝั่ง Garneru"""
AreaName1120008#0,"""Retem El-Nossa"""
AreaName1120009#0,"""Maqaad ตอนล่าง"""
AreaName1120010#0,"""Luf Maqaad"""
AreaName1120011#0,"""ที่ราบลุ่ม Steckin"""
AreaName1120012#0,"""ทะเลทราย Daalsmarb"""
AreaName1120013#0,"""ทะเลทราย Al-demmond"""
AreaName1120014#0,"""ชายฝั่ง Tiarm"""
AreaName1120015#0,"""ทางช่องเขา Sagaan: ตะวันตก"""
AreaName1120016#0,"""ทางช่องเขา Sagaan: ตะวันออก"""
AreaName1120017#0,"""ชายฝั่ง Garneru: ตะวันตก"""
AreaName1120018#0,"""ชายฝั่ง Garneru: ตะวันออก"""
AreaName1120031#0,"""Altered Realm: ทะเลทรายตะวันตก"""
AreaName1120033#0,"""Altered Realm: ใจกลางทะเลทราย"""
AreaName1120032#0,"""Altered Realm: ทะเลทรายตอนเหนือ"""
AreaName1133400#0,"""Altered Realm: ทุ่งน้ำแข็งตอนใต้"""
AreaName1133700#0,"""Altered Realm: หุบเขาน้ำแข็ง"""
AreaName1130001#0,"""ค่าย Kvaris"""
AreaName1130002#0,"""Kvaris ตอนเหนือ"""
AreaName1130003#0,"""Kvaris ตะวันตก"""
AreaName1130004#0,"""Kvaris ตอนกลาง"""
AreaName1130005#0,"""Kvaris ตอนใต้"""
AreaName1130006#0,"""ซากโบราณสถาน Bergana: ตอนเหนือ"""
AreaName1130007#0,"""Lost Central"""
AreaName1130008#0,"""หุบเขา Rayjord"""
AreaName1130009#0,"""ภูเขา Ihana: ตะวันตก"""
AreaName1130010#0,"""ภูเขา Ihana: ตะวันออก"""
AreaName1130011#0,"""ทุ่งหิมะ Danan"""
AreaName1130012#0,"""ทางช่องเขา Quill"""
AreaName1130013#0,"""ภูเขา Latva"""
AreaName1130014#0,"""ป่า Mistra"""
AreaName1130015#0,"""ซากโบราณสถาน Bergana: ตอนใต้"""
AreaName1130016#0,"""ภูเขา Ihana"""
AreaName111060#0,"""Ch. 1: Mining Rig Defense"""
AreaName112030#0,"""Ch. 2: Dark Falz Invasion"""
AreaName112070#0,"""Ch. 2: Central Cannon Fires"""
AreaName112080#0,"""Ch. 2: For the Next Battle"""
AreaName011020#0,"""Ch. 1: ARKS Instructor Bruder"""
AreaName011060#0,"""Ch. 1: A Passing Grade"""
AreaName011080#0,"""Ch. 1: Nagrus Subjugation"""
AreaName011190#0,"""Ch. 1: Victory Report"""
AreaName011220#0,"""Ch. 1: Aina's Determination"""
AreaName011260#0,"""Ch. 1: To Vanford Laboratory Ruins"""
AreaName011350#0,"""Ch. 1: Emergency Call"""
AreaName011450#0,"""Ch. 1: Returning"""
AreaName012020#0,"""Ch. 2: A New Mission"""
AreaName012110#0,"""Ch. 2: Nadereh"""
AreaName012140#0,"""Ch. 2: The Desert Graves"""
AreaName012170#0,"""Ch. 2: Collaboration"""
AreaName012220#0,"""Ch. 2: Song of Mourning"""
AreaName012300#0,"""Ch. 2: Victory Feast"""
AreaName013020#0,"""Ch. 3: A Mission in Kvaris"""
AreaName013230#0,"""Ch. 3: First Steps Towards an Answer"""
AreaName013130#0,"""Ch. 3: A Grave in the Snow"""
AreaName113020#0,"""Ch. 3: Ilma's Errand"""
AreaName113030#0,"""Ch. 3: Tulli's Errand"""
AreaName113050#0,"""Ch. 3: Kukka's Errand"""
AreaName113060#0,"""Ch. 3: Taivas's Errand"""
AreaName113070#0,"""Ch. 3: Thanks From Meri"""
AreaName501010#0,"""Ch. 1: Aina's Diary"""
AreaName501020#0,"""Ch. 1: Memories of Aelio Town"""
AreaName501030#0,"""Ch. 1: Where it All Began"""
AreaName501040#0,"""Ch. 1: Life in Central City"""
AreaName501050#0,"""Ch. 1: A Courageous Decision"""
AreaName502010#0,"""Ch. 1: Manon's Whereabouts"""
AreaName502020#0,"""Ch. 1: What Happened That Day"""
AreaName502030#0,"""Ch. 1: Manon and Garoa"""
AreaName502040#0,"""Ch. 1: Lost Wisdom"""
AreaName502050#0,"""Ch. 1: Battlefield Overseer-type DOLLS"""
AreaName503010#0,"""Ch. 1: Bruder and Garoa"""
AreaName503020#0,"""Ch. 1: Where Bruder Came From"""
AreaName503030#0,"""Ch. 1: First Mission Evaluation"""
AreaName503040#0,"""Ch. 1: Fated Decision"""
AreaName503050#0,"""Ch. 1: A Team's Bonds"""
AreaName504010#0,"""Ch. 1: The Central Leader's Job"""
AreaName504020#0,"""Ch. 1: Retem's Culture"""
AreaName504030#0,"""Ch. 1: The Central Cannon"""
AreaName505010#0,"""Ch. 1: Crawford Never Rests"""
AreaName651010#0,"""จำกัดเวลา: สถานที่หา Tsukimi Dango"""
AreaName1140001#0,"""ค่าย Stia"""
AreaName1140002#0,"""ชายฝั่ง Grania"""
AreaName1140003#0,"""Dreisen Plant: No. 1"""
AreaName1140004#0,"""Altera Base"""
AreaName1140005#0,"""สันเขา Felusa: No. 1"""
AreaName1140006#0,"""Dext Base: No. 1"""
AreaName1140007#0,"""สันเขา Felusa: No. 2"""
AreaName501060#0,"""Ch. 2: The People of Retem"""
AreaName501070#0,"""Ch. 2: Nadereh's Song"""
AreaName501080#0,"""Ch. 3: Aina's Winter Clothing"""
AreaName501090#0,"""Ch. 3: Aina & Meri"""
AreaName502060#0,"""Ch. 2: Investigating the Power of Song"""
AreaName502070#0,"""Ch. 3: Rysas' Legacy"""
AreaName502080#0,"""Ch. 3: Bergana Ruins"""
AreaName504040#0,"""Ch. 3: Crawford & Ilma"""
AreaName503060#0,"""Ch. 2: Bruder & Hadi"""
AreaName506010#0,"""Ch. 2: Conversation Starters"""
AreaName506020#0,"""Ch. 2: Dance Practice"""
AreaName506030#0,"""Ch. 2: Predecessor's Gratitude"""
AreaName509010#0,"""Ch. 3: Kvaris Vanguard Exchange"""
AreaName509020#0,"""Ch. 3: The Status of the Siblings"""
AreaName509030#0,"""Ch. 3: No Mistake"""
AreaName508010#0,"""Ch. 3: Ilma's Regret"""
AreaName508020#0,"""Ch. 3: Ilma & Crawford"""
AreaName507010#0,"""Ch. 2: The Turning Point"""
AreaName507020#0,"""Ch. 2: Hadi & Bruder"""
AreaName507030#0,"""Ch. 2: Surveying Lower Maqaad"""
AreaName505020#0,"""Ch. 2: Regarding Kvaris"""
AreaName505030#0,"""Ch. 3: Regarding Stia"""
AreaName1130017#0,"""ภูเขา Latva: ตอนใต้"""
AreaName1130018#0,"""ภูเขา Latva: ตอนเหนือ"""
AreaName1130019#0,"""ป่า Mistra: ตอนใต้"""
AreaName1130020#0,"""ป่า Mistra: ตอนเหนือ"""
AreaName1140008#0,"""Dreisen Plant: No. 2"""
AreaName1140009#0,"""Dext Base: No. 2"""
AreaName1110020#0,"""ภูเขา Magnus: ตะวันตก"""
AreaName1110021#0,"""ภูเขา Magnus: ตะวันออก"""
AreaName014010#0,"""Ch. 4: สิ่งที่อยู่ตรงหน้า"""
AreaName014030#0,"""Ch. 4: ความกังวลของ Manon"""
AreaName014040#0,"""Ch. 4: เควสต์ใน Stia"""
AreaName014070#0,"""Ch. 4: ปฏิบัติการปราบปรามภูมิภาค Stia"""
AreaName014380#0,"""Ch. 4: แผนของ Crawford"""
AreaName1140010#0,"""Stia: Fringes"""
AreaName1140011#0,"""Dreisen Plant"""
AreaName1140012#0,"""Outer Mediola: Sector 2"""
AreaName1140013#0,"""Dext Base"""
AreaName1140014#0,"""Outer Mediola: Sector 1"""
AreaName1140015#0,"""Halpha Mediola"""
AreaName1140016#0,"""Neusen Plant"""
AreaName1140017#0,"""สันเขา Felusa"""
AreaName1140018#0,"""เกาะ Volganis"""
AreaName1140019#0,"""เกาะ Strobol"""
AreaName1140020#0,"""ทางช่องเขา Gable"""
AreaName501100#0,"""Ch. 4: Fighting In Your Own Way"""
AreaName501110#0,"""Ch. 4: New Menus"""
AreaName502090#0,"""Ch. 4: Carrying On Their Wishes"""
AreaName502100#0,"""Ch. 4: Look Towards the Future"""
AreaName503070#0,"""Ch. 4: The Former Three"""
AreaName506040#0,"""Ch. 4: Plant Investigation"""
AreaName509040#0,"""Ch. 4: Current State of Kvaris"""
AreaName508030#0,"""Ch. 4: Missing Presence"""
AreaName510010#0,"""Ch. 4: Guren's Statement"""
AreaName510020#0,"""Ch. 4: An Officer's Duties"""
AreaName510030#0,"""Ch. 4: Unchanging Determination"""
AreaName511010#0,"""Ch. 4: Guren's Popularity"""
AreaName511020#0,"""Ch. 4: The Plant's Mysteries"""
AreaName511030#0,"""Ch. 4: The Report About Dark Falz"""
AreaName020020#0,"""Ch. 4: Decisive Battle"""
AreaName020120#0,"""Ch. 5: Manon's Disappearance"""
AreaName020130#0,"""Ch. 5: Secrets of the World"""
AreaName020180#0,"""Ch. 5: Manon's Purpose"""
AreaName020190#0,"""Ch. 5: The Truth Revealed"""
AreaName020200#0,"""Ch. 5: Closure"""
AreaName020210#0,"""Ch. 5: Resurgent ARKS"""
AreaName020220#0,"""Ch. 5: A Path to Leciel"""
AreaName020340#0,"""Ch. 5: Battle Report"""
AreaName1110022#0,"""ทุ่งหญ้า Halphana: ตอนเหนือ"""
AreaName1110023#0,"""น้ำตก Barflow: ตะวันตก"""
AreaName1130021#0,"""ป่า Mistra: ตะวันออก"""
AreaName1130022#0,"""ทุ่งหิมะ Danan: ตะวันตก"""
AreaName1110024#0,"""น้ำตก Barflow: ตะวันออก"""
AreaName1130023#0,"""ทุ่งหิมะ Danan: ตะวันออก"""
AreaName021020#0,"""Ch. 6: Fabricated World"""
AreaName021030#0,"""Ch. 6: Dealing with Manon"""
AreaName021040#0,"""Ch. 6: A Request from Crawford"""
AreaName021100#0,"""Ch. 6: For Tomorrow"""
AreaName021110#0,"""Ch. 6: Together As One"""
AreaName501120#0,"""Ch. 6: Lecielan"""
AreaName503080#0,"""Ch. 6: Bruder's Self-Admonition"""
AreaName508040#0,"""Ch. 6: Experimental Planet Halpha"""
AreaName508050#0,"""Ch. 6: The Truth About Halpha"""
AreaName022010#0,"""Ch. 6: Manon's Return"""
AreaName022020#0,"""Ch. 6: Manon's Guilt"""
AreaName504050#0,"""Ch. 6: Rise of the Resurgent ARKS I"""
AreaName504060#0,"""Ch. 6: Rise of the Resurgent ARKS II"""
AreaName501130#0,"""Ch. 6: Zephetto's Trail"""
AreaName508060#0,"""Ch. 6: The State of Inner Leciel"""
AreaName506050#0,"""Ch. 6: Halpha's Energy Plant"""
AreaName503090#0,"""Ch. 6: The Two Meteorn"""
AreaName020010#0,"""Ch. 6: Harbinger of Extinction"""
AreaName022030#0,"""Ch. 6: Manon's Activities"""
AreaName023020#0,"""Ch. 6: New Instructor Aina"""
AreaName023030#0,"""Ch. 6: Bruder's Expectations"""
AreaName023040#0,"""Ch. 6: A Fresh Start"""
AreaName023050#0,"""Ch. 6: Everyone's Roles"""
AreaName022040#0,"""Ch. 6: Manon's Power"""
AreaName022050#0,"""Ch. 6: Overboost"""
AreaName022060#0,"""Ch. 6: Rumors About Manon"""
AreaName022070#0,"""Ch. 6: To Atone"""
AreaName023060#0,"""Ch. 6: Aina's Worries"""
AreaName023070#0,"""Ch. 6: Rysas' Teachings"""
AreaName023080#0,"""Ch. 6: Growing As An Instructor"""
AreaName022090#0,"""Ch. 6: Liminal Sign"""
AreaName022111#0,"""Ch. 6: Liminal Sign Found"""
AreaName022120#0,"""Ch. 6: Large-scale Search Effort"""
AreaName022160#0,"""Ch. 6: Signs of Improvement"""
AreaName022170#0,"""Ch. 6: Manon's Feelings"""
AreaName022190#0,"""Ch. 6: Manon's Request"""
AreaName120010#0,"""Ch. 6: Harbinger of Extinction"""
AreaName023090#0,"""Ch. 6: Ricoeur & Luka"""
AreaName023100#0,"""Ch. 6: Acting as an Instructor"""
AreaName023110#0,"""Ch. 6: What Is A Leader?"""
AreaName023190#0,"""Ch. 6: After the Recon Training"""
AreaName023200#0,"""Ch. 6: Together Forever"""
AreaName024010#0,"""Ch. 6: Our Hearts As One, Forever"""
AreaName511040#0,"""6章：カヌイ④秘密のデータ"""
AreaName023010#0,"""Ch. 7: The Unknown Area"""
AreaName027020#0,"""Ch. 7: Zephetto's Request"""
AreaName027170#0,"""Ch. 7: The Real ARKS"""
AreaName031050#0,"""Ch. 7: You Must Survive---"""
AreaName031070#0,"""Ch. 7: The Battle Continues"""
AreaName501140#0,"""Ch. 7: A Vow to Garoa"""
AreaName504070#0,"""Ch. 7: Future Mission"""
AreaName502110#0,"""Ch. 7: Thoughts on Zephetto"""
AreaName504090#0,"""Ch. 7: Report to Hibana"""
AreaName501160#0,"""Ch. 7: How to Fight as ARKS"""
AreaName506060#0,"""Ch. 7: The Origins of Music"""
AreaName501150#0,"""Ch. 7: Instructor's Results"""
AreaName040020#0,"""Ch. 8: The Missing Survey Team"""
AreaName040130#0,"""Ch. 8: Chasing Memories"""
ReleaseGuild#0,"""ปลดล็อกโดยการดำเนินเนื้อเรื่อง"""
ReleaseMessege#0,"""ปลดล็อกตัวเลือก 【 $(1) 】 ของ $(0) แล้ว"""
ReleaseMySpace#0,"""คุณสามารถใช้งานได้หลังจากสำเร็จ Tasks ของ Arche"""
ReleaseLineDuel#0,"""คุณสามารถใช้งานได้หลังจากสำเร็จ Tasks ของ Victoria"""
Block_name_main#0,"""บล็อก: $(0)"""
Block_Name_Platform_2#0,"""[Shared Cloud] """
Block_Name_Platform_3#0,"""[Cloud Only] """
Block_Name_Platform_4#0,"""[PS4 Only]"""
Block_Name_Playstyle_0#0,"""เน้นผู้เล่นมือใหม่"""
Block_Name_Playstyle_2#0,"""เน้นถ่ายภาพ"""
Block_Name_Playstyle_3#0,"""เน้นพูดคุยสังสรรค์"""
Shortcut_Word_Title#0,"""Shortcut Words"""
Shortcut_Word_Guide#0,"""หากลงทะเบียนข้อความไว้ จะสามารถส่งข้อความผ่านควิกเมนูและอื่นๆ ได้ทันที"""
Group_Chat_Title#0,"""Group Chat"""
Group_Chat_Guide#0,"""สามารถสร้างกลุ่มแชทหรือเข้าร่วมกลุ่มที่ได้รับคำเชิญได้"""
Auto_Word_Title#0,"""Autowords"""
Auto_Word_Guide#0,"""สามารถลงทะเบียนข้อความแชทอัตโนมัติตามเงื่อนไขต่างๆ ได้"""
Wait_Motion_Title#0,"""ตั้งค่า Idle Motion"""
Wait_Motion_Guide#0,"""สามารถเปลี่ยนท่าทางรอคอย ในขณะที่ไม่มีการป้อนคำสั่งได้"""
Stamp_Title#0,"""Stamp"""
Stamp_Guide#0,"""สามารถเลือก Stamp ที่มีอยู่เพื่อส่งข้อความได้"""
NPCList_Noone#0,"""ไม่มี Characters"""
FloorName1#0,"""เมือง Central"""
FloorName2#0,"""ห้องบัญชาการ"""
FloorName3#0,"""เมือง Retem"""
FloorName4#0,"""ค่าย Kvaris"""
FloorName5#0,"""ค่าย Stia"""
NPC_PositionName1#0,"""$(1) $(0)"""
NPC_PositionName2#0,"""$(1)<br>$(0)"""
Party_Command_Title#0,"""คำสั่งทีม"""
Party_Command_Guide#0,"""สามารถตั้งค่าปาร์ตี้และตรวจสอบสมาชิกได้"""
Friends_List_Title#0,"""รายชื่อเพื่อน"""
Friends_List_Guide#0,"""สามารถตรวจสอบสถานะการล็อกอินของผู้เล่นที่เป็น Friend ทำให้ติดต่อกันได้ง่ายขึ้น"""
Team_Command_Title#0,"""จัดการทีม"""
Team_Command_Guide#0,"""สามารถตั้งค่า Team และตรวจสอบสถานะการล็อกอินของสมาชิกได้"""
mail_Title#0,"""Mail"""
mail_Guide#0,"""สามารถตรวจสอบอีเมลจากทีมงาน, ระบบ และ Friends ได้"""
Arks_Search_Title#0,"""ค้นหา ARKS"""
Arks_Search_Guide#0,"""สามารถค้นหาชื่อของ Character, ผู้เล่น หรือ Team ได้"""
Communication_History_Title#0,"""ประวัติ Communication"""
Communication_History_Guide#0,"""สามารถตรวจสอบ Good Job ที่ได้รับและผู้เล่นที่เคยตั้งปาร์ตี้ด้วยได้"""
Surrounding_Players_Title#0,"""ผู้เล่นใกล้เคียง"""
Surrounding_Players_Guide#0,"""สามารถเลือก Character ที่อยู่ใกล้เคียงเพื่อส่งคำเชิญเข้าปาร์ตี้และอื่นๆ ได้"""
SearchTab_Chara#0,"""Character"""
SearchTab_Guild#0,"""Team"""
SearchTab_Player#0,"""ผู้เล่น"""
Contents_Emergency_Trial#0,"""TRIAL"""
Contents_Emergency_Trial_Start#0,"""TRIAL START!!"""
Contents_Emergency_Trial_Clear#0,"""TRIAL CLEAR!!"""
Contents_Urgent Quests#0,"""EMERGENCY QUEST"""
Contents_Urgent Quests_Start#0,"""EMERGENCY QUEST START!!"""
Contents_Urgent Quests_Clear#0,"""EMERGENCY QUEST CLEAR!!"""
Contents_Cocoon#0,"""COCOON QUEST"""
Contents_Cocoon_Start#0,"""COCOON QUEST START!!"""
Contents_Cocoon_Clear#0,"""COCOON QUEST CLEAR!!"""
Contents_Tower#0,"""TOWER QUEST"""
Contents_Tower_Start#0,"""TOWER QUEST START!!"""
Contents_Tower_Clear#0,"""TOWER QUEST CLEAR!!"""
Contents_BattleTrigger#0,"""BATTLEDIA QUEST"""
Contents_BattleTrigger_Start#0,"""QUEST START!!"""
Contents_BattleTrigger_Clear#0,"""QUEST CLEAR!!"""
Contents_World_Trial#0,"""WORLD TRIAL"""
Contents_World_Trial_Start#0,"""WORLD TRIAL START!!"""
Contents_World_Trial_Clear#0,"""WORLD TRIAL CLEAR!!"""
Contents_Season_Quest#0,"""SEASON QUEST"""
Contents_Season_Quest_Start#0,"""SEASON QUEST START!!"""
Contents_Season_Quest_Clear#0,"""SEASON QUEST CLEAR!!"""
Contents_Emergency_Trial_Difficult_Start#0,"""CHAOS TRIAL START!!"""
Contents_Emergency_Trial_Difficult_Clear#0,"""CHAOS TRIAL CLEAR!!"""
Contents_Trinites_Start#0,"""TRINITAS QUEST $(0)F START!!"""
Contents_Trinites_Clear#0,"""TRINITAS QUEST CLEAR!!"""
Contents_Trinites_Floor_Clear#0,"""TRINITAS QUEST $(0)F CLEAR!!"""
Contents_FieldRace_Start#0,"""FIELD RACE START!!"""
Contents_FieldRace_Clear#0,"""FIELD RACE CLEAR!!"""
Contents_Babel_Start#0,"""QUEST START!!"""
Contents_Babel_Clear#0,"""QUEST CLEAR!!"""
Contents_GrowUp_Start#0,"""QUEST START!!"""
Contents_GrowUp_Clear#0,"""QUEST CLEAR!!"""
Contents_Cityship_Start#0,"""QUEST START!!"""
Contents_Cityship_Clear#0,"""QUEST CLEAR!!"""
Contents_dancehall_Start#0,"""QUEST START!!"""
Contents_dancehall_Clear#0,"""QUEST CLEAR!!"""
Contents_dancehall_ContentsName#0,"""$(0) Lv.$(1)"""
Contents_dancehall_ContentsName_rank#0,"""$(0) Rank.$(1)"""
EquipTitle#0,"""เมนู Equipment"""
Title_WeaponPallet#0,"""Weapon Palette"""
Title_UnitPallet#0,"""Armor Palette"""
Menu_Weapon#0,"""Weapons"""
Menu_Unit#0,"""Armor"""
Menu_Fashion#0,"""Fashion"""
Menu_Other#0,"""อื่นๆ"""
Menu_Close#0,"""ปิด"""
Menu_WeaponAvatar#0,"""Weapon Camos"""
WeaponAvatar_NoEquip#0,"""ไม่ได้สวมใส่"""
Weapon_Label1#0,"""Weapon"""
Weapon_Label2#0,"""ด้านหน้า"""
Weapon_Label3#0,"""ด้านหลัง"""
Unit_Label1#0,"""ช่องที่ 1"""
Unit_Label2#0,"""ช่องที่ 2"""
Unit_Label3#0,"""ช่องที่ 3"""
Unit_TitleText1#0,"""Armor"""
Unit_TitleText2#0,"""Skill Rings"""
Ring_Label1#0,"""Type 1"""
Ring_Label2#0,"""Type 2"""
Ring_Label3#0,"""Type 3"""
11100#0,"""เมือง Central"""
11101#0,"""Aelio ตอนกลาง"""
11102#0,"""Aelio ตะวันตก"""
11103#0,"""ทะเลสาบ Halphiria"""
11104#0,"""ซากห้องทดลอง Vanford"""
11105#0,"""ภูเขา Magnus"""
11106#0,"""Aelio ตอนใต้"""
11109#0,"""Aelio ตอนเหนือ"""
11111#0,"""ป่า Resol"""
11199#0,"""พื้นที่ห้ามเข้า (ถ้าเข้ามาถึงที่นี่ได้แสดงว่าเป็นบั๊ก)"""
11200#0,"""เมือง Retem"""
11201#0,"""Retem ตะวันตก"""
11202#0,"""Retem ตอนเหนือ"""
11203#0,"""Retem ตอนกลาง"""
11204#0,"""Retem ตอนใต้"""
11205#0,"""Retem El-Nossa"""
11206#0,"""Maqaad ตอนล่าง"""
11207#0,"""Luf Maqaad"""
11208#0,"""ข้อความจำลอง Region 2-11208"""
11209#0,"""ข้อความจำลอง Region 2-11209"""
11210#0,"""ข้อความจำลอง Region 2-11210"""
11211#0,"""ข้อความจำลอง Region 2-11211"""
11212#0,"""ข้อความจำลอง Region 2-11212"""
11213#0,"""ข้อความจำลอง Region 2-11213"""
11233#0,"""Altered Realm: ใจกลางทะเลทราย"""
11231#0,"""Altered Realm: ทะเลทรายตะวันตก"""
11300#0,"""ค่าย Kvaris"""
11301#0,"""Kvaris ตอนเหนือ"""
11302#0,"""Kvaris ตะวันตก"""
11303#0,"""Kvaris ตอนกลาง"""
11304#0,"""Kvaris ตอนใต้"""
11305#0,"""ซากโบราณสถาน Bergana"""
11306#0,"""Lost Central"""
11307#0,"""หุบเขา Rayjord"""
11308#0,"""ข้อความจำลอง Region 3-11308"""
11309#0,"""ข้อความจำลอง Region 3-11309"""
11310#0,"""ข้อความจำลอง Region 3-11310"""
11311#0,"""ข้อความจำลอง Region 3-11311"""
11312#0,"""ข้อความจำลอง Region 3-11312"""
11313#0,"""ข้อความจำลอง Region 3-11313"""
11334#0,"""Altered Realm: ทุ่งน้ำแข็งตอนใต้"""
11337#0,"""Altered Realm: หุบเขาน้ำแข็ง"""
11400#0,"""ค่าย Stia"""
11401#0,"""Stia: Fringes"""
11402#0,"""Dreisen Plant"""
11403#0,"""Outer Mediola: Sector 2"""
11404#0,"""Dext Base"""
11405#0,"""Outer Mediola: Sector 1"""
11406#0,"""Halpha Mediola"""
11407#0,"""Neusen Plant"""
11408#0,"""ข้อความจำลอง Region 4-11408"""
11409#0,"""ข้อความจำลอง Region 4-11409"""
11410#0,"""ข้อความจำลอง Region 4-11410"""
11411#0,"""ข้อความจำลอง Region 4-11411"""
11412#0,"""ข้อความจำลอง Region 4-11412"""
11413#0,"""ข้อความจำลอง Region 4-11413"""
11420#0,"""Nameless City"""
11421#0,"""Neon City"""
HelpMenuTitle#0,"""เมนู Help"""
HelpMenuHelp#0,"""ที่นี่ คุณสามารถรับความช่วยเหลือและข้อมูลที่เป็นประโยชน์ได้"""
HelpMenu_GamesGuide#0,"""Help"""
HelpMenu_UsefulInformation#0,"""ข้อมูลที่เป็นประโยชน์"""
HelpMenu_Close#0,"""ปิด"""
HelpMenuTitle#1,"""เมนู Help"""
HelpMenu_GamesGuide#1,"""Game Guide"""
HelpMenu_UsefulInformation#1,"""ข้อมูลที่เป็นประโยชน์"""
HelpMenu_Close#1,"""ปิด"""
LocalQuestCounter_Access1#0,"""กดค้างเพื่อเปิดเมนูเควสต์"""
LocalQuestCounter_Access2#0,"""รับ"""
LocalQuestCounter_WindowTitle1#0,"""เควสต์ที่มีให้ทำใน Section นี้"""
LocalQuestCounter_WindowTitle2#0,"""อีก $(0):$(1) จึงจะพร้อมใช้งาน"""
LocalQuestCounter_WindowTitle3#0,"""<red>คุณไม่ผ่านเงื่อนไขที่กำหนด<c>"""
LocalQuestCounter_WindowTitle4#0,"""เควสต์ที่มี"""
LocalQuestCounter_QuestName#0,""" $(0)"""
LocalQuestCounter_QuestOrder#0,""" Power Level ที่แนะนำ: $(0)~"""
LocalQuestCounter_QuestReturn#0,"""กดค้างเพื่อกลับสู่พื้นที่"""
LocalQuestCounter_QuestReturn_menber#0,"""กดค้างเพื่อกลับสู่พื้นที่"""
LocalQuestCounter_QuestReturn_BattleTrigger#0,"""กดค้างเพื่อกลับไปยัง Trigger Portal"""
LocalQuestCounter_QuestReturn_BattleTrigger_member#0,"""กดค้างเพื่อกลับไปยัง Trigger Portal"""
LocalQuestCounter_CountDown#0,"""จะเริ่มใน $(0):$(1).$(2)"""
LocalQuestCounter_Quest_Accept_NG#0,"""<red>ถึงขีดจำกัดการเคลียร์แล้ว ไม่สามารถดำเนินการต่อได้<c>"""
Title#15,"""Mag"""
Explanation1#0,"""แสดงหรือซ่อน Mag สามารถตั้งค่าการแสดงผลได้"""
Menu_MagTitle#0,"""Mag"""
Menu_Mag#0,"""ตั้งค่า Mag"""
Menu_Field#0,"""ความลับของโลก"""
Mag_ListTitle#0,"""Mag"""
Mag_SubTitle1#0,"""ตั้งค่าการแสดงผล Mag"""
Mag_InfoTitle#0,"""ข้อมูล Mag"""
Mag_SubTitle2#0,"""Form ที่เลือก"""
Mag_SubTitle3#0,"""Forms ที่สามารถใช้ได้"""
Mag_SubTitle4#0,"""ตั้งค่า Mag Form"""
Mag_SubTitle5#0,"""ตั้งค่า BGM"""
Mag_ShowType0#0,"""แสดง"""
Mag_ShowType1#0,"""ซ่อน"""
Mag_ModelSort1#0,"""การจัดเรียงมาตรฐาน"""
Mag_ModelSort2#0,"""รายการโปรด"""
Mag_ModelSort3#0,"""ตามชื่อ"""
Mag_NoEquip#0,"""ไม่ได้สวมใส่ Form"""
Mag_MenuPopup1#0,"""เลือก Form"""
Mag_MenuPopup2#0,"""เพิ่มลงในรายการโปรด"""
Mag_MenuPopup3#0,"""นำออกจากรายการโปรด"""
Mag_ListMenu1#0,"""เปลี่ยน Mag Form"""
Mag_ListMenu2#0,"""ลงทะเบียน Form ใหม่"""
Mag_DeviceSelectTitle#0,"""รายการตัวเลือก"""
Mag_DeviceMessage1#0,"""คุณต้องการใช้<br>$(0)<br>เพื่อลงทะเบียน Form ใหม่หรือไม่?"""
Mag_DeviceMessage2#0,"""คุณต้องการนำ Form ที่ลงทะเบียน<br>มาใช้ทันทีหรือไม่?"""
UseDeviceMsg#0,"""ลงทะเบียน $(0) แล้ว"""
Mag_ListMenu3#0,"""ตั้งค่าสี Mag"""
Mag_DefaultColorCheck#0,"""ใช้สีเริ่มต้นของ Form"""
Mag_Color1#0,"""สีที่ 1"""
Mag_Color2#0,"""สีที่ 2"""
Mag_Color2_Unsupported#0,"""สีที่ 2\u3000<yellow>※ไม่รองรับ<c>"""
Mag_ColorInfo_UnsupportedForm#0,"""Mag Form นี้ไม่สามารถเปลี่ยนสีได้"""
Mag_ColorInfo1#0,"""ซิงค์กับชุดคอสตูม"""
Mag_ColorInfo2#0,"""ใช้สีเริ่มต้น"""
Mag_Color_EsthePalette#0,"""เลือกจากสีใน Salon"""
Mag_Color_ColorPalette#0,"""เลือกจาก Color Palette"""
Mag_Color_Unselected#0,"""ไม่ได้เลือก"""
Mag_ColorChangeError#0,"""ไม่มีการเปลี่ยนแปลงใดๆ<br>ไม่มีการใช้ 【 N-Mag Color Change Device 】"""
Mag_ColorChangeTitle#0,"""เปลี่ยนสี Mag"""
Mag_ColorChangeMessage#0,"""ใช้ 【 N-Mag Color Change Device 】<br>เพื่อเปลี่ยนสีของ Mag<br>ดำเนินการต่อหรือไม่?<br><br><yellow>※การตั้งค่าสีที่เปลี่ยนแปลง<br>\u3000จะถูกนำไปใช้กับ Mag Forms ทั้งหมด<c>"""
Mag_ColorSyncMessage#0,"""ใช้ 【 N-Mag Color Sync Device 】<br>เพื่อซิงค์สีของ Mag กับคอสตูม<br>ดำเนินการต่อหรือไม่?<br><br><yellow>※การตั้งค่าสีที่เปลี่ยนแปลง<br>\u3000จะถูกนำไปใช้กับ Mag Forms ทั้งหมด<c>"""
Mag_ColorSyncError#0,"""Form นี้<br>ได้ซิงค์สีเข้ากับชุดคอสตูมเรียบร้อยแล้ว"""
Mag_ColorDeviceError#0,"""Form นี้ไม่รองรับการเปลี่ยนสี<br>จึงไม่สามารถใช้งานอุปกรณ์นี้ได้"""
Mag_ListLabel#0,"""<%NextTabDetails><yellow>เพิ่ม/นำออกจากรายการโปรด<c>"""
MagCategoryTab_99#0,"""0. รายการโปรด"""
MagCategoryTab_0#0,"""1. แสดงทั้งหมด"""
Mag_Favorite_Add#0,"""เพิ่มลงในรายการโปรด"""
Mag_Favorite_Delete#0,"""นำออกจากรายการโปรด"""
Mag_Favorite_Up#0,"""เลื่อนขึ้นหนึ่งระดับ"""
Mag_Favorite_Down#0,"""เลื่อนลงหนึ่งระดับ"""
Mag_Favorite_Top#0,"""เลื่อนขึ้นบนสุด"""
Mag_Favorite_Bottom#0,"""เลื่อนลงล่างสุด"""
Mag_Favorite_Add_Msg#0,"""Form 【 $(0) 】 ถูกเพิ่มลงในรายการโปรดของคุณแล้ว ($(1)/$(2))"""
Mag_Favorite_Add_ErrorMsg#0,"""ไม่สามารถเพิ่มลงในรายการโปรดได้เนื่องจากรายการโปรดของคุณถึงจำนวนสูงสุดแล้ว ($(0)/$(1))"""
Mag_Favorite_Delete_Msg#0,"""Form 【 $(0) 】 ถูกนำออกจากรายการโปรดของคุณแล้ว ($(1)/$(2))"""
Mag_Search_Support#0,"""ตั้งค่า Sonar Support"""
Mag_Search_Button#0,"""ตั้งค่า Active Sonar"""
Mag_Search_Title#0,"""ตั้งค่า Active Sonar"""
Mag_Search_Ore#0,"""แร่"""
Mag_Search_Meet#0,"""สัตว์"""
Mag_Search_Vegetable#0,"""ผัก"""
Mag_Search_Fruit#0,"""ผลไม้"""
Mag_Search_Seafood#0,"""อาหารทะเล"""
Mag_Search_Greencontainer#0,"""Green Containers"""
Mag_Search_Goldcontainer#0,"""Gold Containers"""
Mag_Search_Redcontainer#0,"""Red Containers"""
Mag_Search_Others#0,"""Vendor Items"""
Mag_Search_Pot#0,"""Dazzle Pods"""
Mag_Search_Ibox#0,"""Invisible Boxes"""
Mag_Search_Stella#0,"""Stellar Graces"""
Mag_Search_Msymbol#0,"""Mischief Symbols"""
Mag_Jukebox_Menu_001#0,"""Mag Jukebox"""
Mag_Jukebox_Menu_002#0,"""ตั้งค่า BGM"""
Mag_Jukebox_Menu_003#0,"""ตั้งค่า BGM"""
Mag_Jukebox_Menu_004#0,"""ลงทะเบียน"""
Mag_Jukebox_Menu_005#0,"""เล่น"""
Mag_Jukebox_Menu_006#0,"""สร้าง Playlist"""
Mag_Jukebox_Register_001#0,"""รายการที่เลือก"""
Mag_Jukebox_Register_002#0,"""<%Function><pict 4space>ฟังตัวอย่าง<c>"""
Mag_Jukebox_Register_003#0,"""<%Function><pict 4space>เปลี่ยนเพลง<c>"""
Mag_Jukebox_Register_004#0,"""<%Function><pict 4space><gray>ไม่สามารถเปลี่ยนเพลงได้<c>"""
Mag_Jukebox_Register_005#0,"""ลงทะเบียน Music Disc"""
Mag_Jukebox_Register_006#0,"""ต้องการลงทะเบียนแผ่นดิสก์<br>【 $(0) 】 หรือไม่?"""
Mag_Jukebox_Register_007#0,"""แผ่นดิสก์ 【 $(0) 】 ถูกลงทะเบียนแล้ว"""
Mag_Jukebox_Register_008#0,"""<red>ไม่สามารถลงทะเบียน<c> แผ่นดิสก์ 【 $(0) 】 ได้"""
Mag_Jukebox_Register_009#0,"""ยืนยันการลงทะเบียน"""
Mag_Jukebox_Register_010#0,"""ต้องการเล่นเพลง 【 $(0) 】 หรือไม่?"""
Mag_Jukebox_Register_011#0,"""ปิด"""
Mag_Jukebox_Register_012#0,"""ใช่"""
Mag_Jukebox_Register_013#0,"""ไม่"""
Mag_Jukebox_Register_014#0,"""คุณจำเป็นต้อง <yellow>ดาวน์โหลดข้อมูลเสริมของ PSO2<c> เพื่อเล่น 【 $(0) 】<br><br>คุณต้องการลงทะเบียนเพลงนี้ <yellow>โดยไม่ต้องดาวน์โหลดข้อมูลเสริม<c> หรือไม่?<br><br>สำหรับข้อมูลเพิ่มเติมเกี่ยวกับวิธีการดาวน์โหลด กรุณาตรวจสอบที่เว็บไซต์ทางการ<br>https://pso2.jp/players/manual/gamestart/start/launcher/"""
Mag_Jukebox_Register_014_PS4#0,"""ในการเล่น 【 $(0) 】<br>จำเป็นต้อง <yellow>ดาวน์โหลดข้อมูลเสริมของ PSO2<c><br><br>คุณต้องการลงทะเบียน <yellow>โดยไม่ต้องดาวน์โหลดข้อมูลเสริม<c> หรือไม่?<br><br>※สำหรับวิธีการดาวน์โหลด กรุณาตรวจสอบ<br>\u3000ที่เว็บไซต์ทางการ<br>\u3000https://pso2.jp/players/manual/setup/ps4/"""
Mag_Jukebox_Register_015#0,"""แผ่นดิสก์ที่เลือกสามารถเล่นได้ในบล็อก NGS เท่านั้น"""
Mag_Jukebox_Register_016#0,"""<gray>ไม่สามารถฟังตัวอย่างได้<br>※จำเป็นต้องดาวน์โหลดข้อมูลเสริม<c>"""
Mag_Jukebox_Register_017#0,"""<gray>ไม่สามารถฟังตัวอย่างได้<br>※มี BGM ที่มีความสำคัญสูงกว่ากำลังเล่นอยู่<c>"""
Mag_Jukebox_Play_001#0,"""รายการที่เลือก"""
Mag_Jukebox_Play_002#0,"""1. ทั้งหมด"""
Mag_Jukebox_Play_003#0,"""2. ซีรีส์ New Genesis"""
Mag_Jukebox_Play_004#0,"""3. ซีรีส์ PSO"""
Mag_Jukebox_Play_005#0,"""4. ซีรีส์ Phantasy Star"""
Mag_Jukebox_Play_006#0,"""5. Sega Collaborations"""
Mag_Jukebox_Play_007#0,"""6. Collaborations"""
Mag_Jukebox_Play_008#0,"""7. Playlist"""
Mag_Jukebox_Play_010#0,"""หยุดเล่น"""
Mag_Jukebox_Play_011#0,"""เปลี่ยนเพลง"""
Mag_Jukebox_Play_012#0,"""เล่น"""
Mag_Jukebox_Play_013#0,"""จุดเริ่มต้น"""
Mag_Jukebox_Play_014#0,"""จุดสิ้นสุด"""
Mag_Jukebox_Play_015#0,"""กรอไปข้างหน้า 15 วินาที"""
Mag_Jukebox_Play_016#0,"""ย้อนหลัง 15 วินาที"""
Mag_Jukebox_Play_018#0,"""คุณจำเป็นต้อง <yellow>ดาวน์โหลดข้อมูลเสริมของ PSO2<c> เพื่อเล่น 【 $(0) 】<br><br>สำหรับข้อมูลเพิ่มเติมเกี่ยวกับวิธีการดาวน์โหลด กรุณาตรวจสอบที่เว็บไซต์ทางการ<br><br>https://pso2.jp/players/manual/gamestart/start/launcher/"""
Mag_Jukebox_Play_018_PS4#0,"""ในการเล่น 【 $(0) 】<br>จำเป็นต้อง <yellow>ดาวน์โหลดข้อมูลเสริมของ PSO2<c><br><br>※สำหรับวิธีการดาวน์โหลด กรุณาตรวจสอบ<br>\u3000ที่เว็บไซต์ทางการ<br>\u3000https://pso2.jp/players/manual/setup/ps4/"""
Mag_Jukebox_Play_019#0,"""แผ่นดิสก์ที่เลือกสามารถเล่นได้ในบล็อก NGS เท่านั้น"""
Mag_Jukebox_Play_020#0,"""เพลงในเกมบางเพลงจะได้รับความสำคัญในการเล่นก่อน เช่น ในระหว่างฉากอีเวนต์ ฯลฯ<br><br>คุณจะไม่สามารถฟังเพลงจาก Mag Jukebox ของคุณได้ในช่วงเวลาเหล่านั้น"""
Mag_Jukebox_Play_022#0,"""$(0)"""
Mag_Jukebox_Play_023#0,"""$(0), $(1)"""
Mag_Jukebox_Play_024#0,"""<yellow>$(0)<c>"""
Mag_Jukebox_Play_025#0,"""<yellow>$(0), $(1)<c>"""
Mag_Jukebox_Play_026#0,"""ไม่ได้ระบุ"""
Mag_Jukebox_Play_027#0,"""<yellow>ไม่ได้ระบุ<c>"""
Mag_Jukebox_Play_028#0,"""ไม่สามารถเริ่มเล่น BGM ได้เนื่องจากมี BGM ที่มีความสำคัญสูงกว่ากำลังเล่นอยู่"""
Mag_Jukebox_Play_029#0,"""ฟังตัวอย่างด้วย <%Function><pict 4space><c><br><yellow>คุณสามารถปรับได้ว่าจะเล่นเพลงส่วนใด<c><br><gray>ไม่สามารถเปลี่ยนเพลงได้<c>"""
Mag_Jukebox_Play_030#0,"""ฟังตัวอย่างด้วย <%Function><pict 4space><c><br><yellow>คุณสามารถเปลี่ยนเพลงได้<c><br><gray>คุณไม่สามารถปรับได้ว่าจะเล่นเพลงส่วนใด<c>"""
Mag_Jukebox_Play_031#0,"""กำลังเล่น"""
Mag_Jukebox_Play_032#0,"""※เพลงหยุดลงเนื่องจาก BGM มีความสำคัญกว่า"""
Mag_Jukebox_Play_033#0,"""--:-- / --:--"""
Mag_Jukebox_Play_034#0,"""$(2):$(3) / $(0):$(1)"""
Mag_Jukebox_Play_035#0,"""จะยกเลิกการแก้ไขและกลับไปยังเมนูก่อนหน้า<br>ดำเนินการต่อหรือไม่?"""
Mag_Jukebox_Playlist_001#0,"""รายการเพลง"""
Mag_Jukebox_Playlist_002#0,"""$(0)<pict 4space>Playlist"""
Mag_Jukebox_Playlist_003#0,"""$(0)<pict 4space>Playlist<pict 4space><pict Arcscash>"""
Mag_Jukebox_Playlist_004#0,"""$(1), $(0)"""
Mag_Jukebox_Playlist_005#0,"""คุณแน่ใจหรือไม่ว่าต้องการยกเลิกการแก้ไขที่ทำกับ Playlist?"""
Mag_Jukebox_Playlist_006#0,"""จำนวนรอบในการวนซ้ำ"""
Mag_Jukebox_Playlist_007#0,"""เพิ่มลงใน Playlist"""
Mag_Jukebox_Playlist_008#0,"""แก้ไข Playlist"""
Mag_Jukebox_Playlist_009#0,"""จัดเรียง"""
Mag_Jukebox_Playlist_010#0,"""ลบออกจาก Playlist"""
Mag_Jukebox_Playlist_011#0,"""เกิดข้อผิดพลาดในการสร้าง Playlist<br><br>[No.2105]"""
Mag_Jukebox_Same_Preview#0,"""กำลังเล่น Music Disc แผ่นปัจจุบัน"""
Mag_Fieldbgm#0,"""$(0)"""
Mag_Jukebox_None_Preview#0,"""ในการเล่น Music Disc แผ่นนี้ จำเป็นต้องดาวน์โหลดข้อมูลเสริมของ [PSO2]"""
Mag_Search_High#0,"""Myenin"""
Mag_Menu_Register1#0,"""ลงทะเบียนและปรับใช้"""
Mag_Menu_Register2#0,"""ลงทะเบียนและเล่น"""
text001#0,"""-"""
text002#0,"""-"""
text003#0,"""-"""
text004#0,"""-"""
text005#0,"""-"""
text006#0,"""-"""
text007#0,"""-"""
text008#0,"""-"""
text009#0,"""-"""
text010#0,"""-"""
text011#0,"""-"""
text012#0,"""-"""
Title_NearCharacter#0,"""ผู้เล่นใกล้เคียง"""
Sort_AllPlayer#0,"""แสดงผู้เล่นทั้งหมด"""
Sort_FriendOnly#0,"""แสดงเฉพาะ Friends"""
Sort_TeamOnly#0,"""แสดงเฉพาะ Team"""
Sort_FriendAndTeam#0,"""แสดงเฉพาะ Friends & Team"""
Sort_RecruitParty#0,"""แสดงเฉพาะปาร์ตี้ที่เปิดรับสมัคร"""
Title_PartyMakerTarget#0,"""ข้อมูลการรับสมัคร"""
Title_PartyInformation#0,"""ข้อมูลปาร์ตี้"""
Notice_BattleTrigger01#0,"""ARKS คนอื่นได้เปิดใช้งานแท่นวาง ในบริเวณใกล้เคียงแล้ว!"""
Notice_AddSigne#0,"""ความจุของ Resta/Reverser Sign ถูกเปลี่ยนแปลงแล้ว"""
RMag_General#0,"""Regional Mag"""
RMag_ShipBoost#0,"""Mag 【 Boost 】 [Social]"""
RMag_PersonalBoost#0,"""Mag 【 Boost 】 [Personal]"""
RMag_RegionMagBoost#1,"""Regional Mag 【 Boost 】"""
RMag_Mampuku#0,"""โบนัสอิ่มท้อง"""
RMag_Event#0,"""โบนัสประจำฤดูกาล"""
RMag_Harapeko#0,"""โบนัสหิวโซ"""
RMag_Wishlist#0,"""Wishlist"""
RMag_Msg1#0,"""เลือกไอเทมที่จะให้อาหาร Regional Mag ไอเทมที่เลือกจะถูกใช้ไป"""
RMag_Msg2#0,"""กำลังให้อาหาร Regional Mag ด้วยไอเทมต่อไปนี้<br>แน่ใจหรือไม่?"""
RMag_Msg3#0,"""กำลังให้อาหาร Regional Mag ด้วยไอเทมต่อไปนี้<br>แน่ใจหรือไม่?<br><br><yellow>※เนื่องจาก 【 Social Mag Boost 】 กำลังทำงานอยู่<br>พลังงานของ Regional Mag จะไม่เพิ่มขึ้น<c>"""
RMag_Msg4#0,"""กำลังให้อาหาร Regional Mag ด้วยไอเทมต่อไปนี้<br>แน่ใจหรือไม่?<br><br><yellow>※เนื่องจาก 【 Personal Mag Boost 】 กำลังทำงานอยู่<br>พลังงานของ Regional Mag จะไม่เพิ่มขึ้น<c>"""
RMag_Msg5#0,"""ไม่สามารถให้อาหารด้วยไอเทมได้<br><br><yellow>※【 Social Mag Boost 】 และ 【 Personal<br>Mag Boost 】 กำลังทำงานอยู่ในขณะนี้<c>"""
RMag_Msg6#0,"""พลังงานของ Regional Mag เพิ่มขึ้นแล้ว"""
RMag_Msg7#0,"""ให้อาหาร Regional Mag ด้วยไอเทมแล้ว<br><yellow>※เนื่องจาก Mag อิ่มแล้ว<br>【 Social Mag Boost 】 จะถูกเปิดใช้งาน<c>"""
RMag_Msg8#0,"""ให้อาหาร Regional Mag ด้วยไอเทมแล้ว<br><yellow>※เนื่องจาก Mag อิ่มแล้ว<br>【 Personal Mag Boost 】 จะถูกเปิดใช้งาน<c>"""
RMag_PersonalLevel#0,"""Lv. ปัจจุบัน"""
RMag_PersonalMaxLevel#0,"""(สูงสุด: Lv.$(0))"""
RMag_Max#0,"""<bright_orange>สูงสุด<c>"""
RMag_Lv_Energy#0,"""Lv.$(0) $(1)"""
RMag_Msg9#0,"""คุณไม่สามารถเข้าถึง Storage ได้ในขณะนี้"""
RMag_Msg10#0,"""คุณไม่สามารถเข้าถึง Storage นี้จาก Regional Mag ได้"""
RMag_Msg11#0,"""ให้อาหาร Regional Mag ด้วยไอเทมแล้ว<br><yellow>※เนื่องจาก Mag อิ่มแล้ว<br>【 Social Mag Boost 】 และ<br>【 Personal Mag Boost 】 จะถูกเปิดใช้งาน<c>"""
RMag_Msg12#0,"""กำลังให้อาหาร Regional Mag ด้วยวัตถุดิบต่อไปนี้<br>แน่ใจหรือไม่?<br>※เนื่องจาก Link 【 Boost 】 กำลังทำงานอยู่<br>พอยต์จะไม่ถูกนับรวมใน Link 【 Boost 】 ครั้งถัดไป"""
RMag_Msg13#0,"""กำลังให้อาหาร Regional Mag ด้วยวัตถุดิบต่อไปนี้<br>แน่ใจหรือไม่?<br>※จะไม่ได้รับพอยต์ Personal 【 Boost 】"""
RMag_Msg14#0,"""เลือกไอเทมที่จะให้อาหาร Regional Mag ไอเทมที่เลือกจะถูกนำออกจาก Inventory ของคุณ"""
RMag_Msg15#0,"""เนื่องจากพอยต์ของ 【 Link Boost 】 และ 【 Personal Boost 】 ถึงขีดจำกัดแล้ว มันจะไม่เพิ่มขึ้นอีก"""
RMag_Msg16#0,"""กำลังให้อาหาร Regional Mag ด้วยวัตถุดิบต่อไปนี้<br>แน่ใจหรือไม่?<br><br><yellow>※พลังงาน Regional Mag จะไม่เพิ่มขึ้นเนื่องจาก Mag 【 Boost 】 [All] และ Mag 【 Boost 】 [Personal] กำลังทำงานอยู่"""
RMag_SelectItem#0,"""เลือก Material Items"""
RMag_ItemAndPoint#0,"""Materials และพอยต์ที่ได้รับ"""
RMag_UntilUpdate#0,"""จนกว่าจะรีเฟรช"""
RMag_UntilEnd#0,"""[จนกว่าจะสิ้นสุด] """
RMag_UntilPoint#0,"""[จนกว่าจะได้รับพอยต์]"""
RMag_Update#0,"""[พอยต์จนกว่าจะต่อเวลา]"""
RMag_AssignPointSum#0,"""พอยต์รวมที่ได้รับ"""
RMag_AssignItem#0,"""Material Items"""
RMag_AssignPoint#0,"""พอยต์ที่ได้รับ"""
RMag_ItemName#0,"""ชื่อไอเทม"""
RMag_Bonus#0,"""BONUS"""
RMag_AssignPointRate#0,"""พอยต์: +$(0)%"""
RMag_Minerals#0,"""แร่"""
RMag_Vegetables#0,"""ผัก"""
RMag_Fruits#0,"""ผลไม้"""
RMag_Shellfish#0,"""อาหารทะเล"""
RMag_Meat#0,"""เนื้อสัตว์"""
RMag_ControlGuide#0,"""ยืนยัน: <%Decide>\u3000\u3000ยกเลิก: <%Cancel>\u3000\u3000สลับช่อง: <%NextWidget>\u3000\u3000สลับหน้าต่าง: <%ChangeCtrlWindowForward>"""
RMag_Percent#0,"""+$(0)%"""
RMag_Magnification#0,"""+$(0)"""
RMag_GiveNum#0,"""x$(0)"""
RMag_ItemAndNum#0,"""$(0) x$(1)"""
RMag_AttackBuff#0,"""Attack Power +$(0)%"""
RMag_QuestDropRareUp#0,"""Rare Drop Rate +$(0)%"""
RMag_ExpUp#0,"""Experience Gained +$(0)%"""
RMag_SeasonEnemyPopUp#0,"""อัตราการปรากฏตัวของ Seasonal Enemy +$(0)%"""
RMag_ResistColdDamage#0,"""ความต้านทานความเย็น +$(0)%"""
RMag_Time#0,"""$(0):$(1):$(2)"""
RMag_Hyphen#0,"""-"""
RMag_SocialGauge#0,"""$(0)%"""
RMag_BoostEffect1#1,"""เพิ่ม Attack Power"""
RMag_BoostEffect2#1,"""Experience Gained +$(0)%"""
RMag_BoostEffect3#1,"""Rare Drop Rate +$(0)%"""
RegionName111#0,"""Aelio"""
RegionName112#0,"""Retem"""
RegionName113#0,"""Kvaris"""
RegionName114#0,"""Stia"""
RegionName115#0,"""ทุก Ships"""
StampWindow_Title#0,"""ดูตัวอย่าง Stamp"""
StampWindow_Help01#0,"""<%Function> ยืนยันการเล่น"""
StampWindow_Help02#0,"""<%NextTabDetails> Symbol Art"""
StampWindow_ControlHelp_GamesPad#0,"""ยืนยัน: <%Decide>\u3000\u3000กลับ: <%Cancel>\u3000\u3000เล่น: <%Function>\u3000\u3000สลับช่อง: <%NextWidget>\u3000\u3000เพิ่ม/แก้ไขรายการโปรด: <%NextTabDetails>"""
StampWindow_ControlHelp_KeyBoard#0,"""ยืนยัน: <%Decide>\u3000\u3000กลับ: <%Cancel>\u3000\u3000เล่น: [Tab]\u3000\u3000สลับช่อง: <%NextWidget>\u3000\u3000เพิ่ม/แก้ไขรายการโปรด: <%NextTabDetails>"""
StampWindow_Shop#0,"""ไม่สามารถใช้ Stamp นี้ได้<br><br>คุณสามารถซื้อ <br>Stamps บางอันได้ที่ Shop<br><br>เข้าสู่ Shop หรือไม่?"""
StampWindow_TabFavorite#0,"""0. รายการโปรด"""
StampWindow_TabAll#0,"""1. แสดงทั้งหมด"""
StampWindow_TabHistory#0,"""2. ประวัติ"""
StampWindow_Favorite_OneUp#0,"""ย้อนกลับ 1 ตำแหน่ง"""
StampWindow_Favorite_OneDown#0,"""เดินหน้า 1 ตำแหน่ง"""
StampWindow_Favorite_Top#0,"""ย้ายไปตำแหน่งแรกสุด"""
StampWindow_Favorite_End#0,"""ย้ายไปตำแหน่งท้ายสุด"""
StampWindow_Favorite_UnRegister#0,"""นำออกจากรายการโปรด"""
StampWindow_Favorite_Add#0,"""เพิ่มลงในรายการโปรดแล้ว"""
StampWindow_Favorite_Delete#0,"""นำออกจากรายการโปรดแล้ว"""
StampWindow_Favorite_Max#0,"""คุณไม่สามารถเพิ่ม Stamps ลงในรายการโปรดของคุณได้อีก"""
Weather_Fine#0,"""แจ่มใส"""
Weather_Cloudy#0,"""มีเมฆมาก"""
Weather_Rain#0,"""ฝนตก"""
Weather_Storm#0,"""พายุฝนฟ้าคะนอง"""
Weather_Rainbow#0,"""รุ้งกินน้ำ"""
Weather_Heat#0,"""คลื่นความร้อน"""
Weather_Dust#0,"""พายุฝุ่น"""
Weather_Sandstorm#0,"""พายุทราย"""
Weather_Meteorshower#0,"""ฝนดาวตก"""
Weather_CloudSea#0,"""มีเมฆบางส่วน"""
Weather_Snow#0,"""หิมะตก"""
Weather_Snowstorm#0,"""พายุหิมะ"""
Weather_Aurora#0,"""Aurora"""
Weather_Ash#0,"""เถ้าภูเขาไฟ"""
Weather_Hot_blast#0,"""คลื่นความร้อน"""
Weather_Magma#0,"""เปลวเพลิงนรก"""
Weather_Phoenix#0,"""Phoenix"""
City_Daytime#0,"""แดดจ้า (กลางวัน)"""
City_Sunset#0,"""แดดจ้า (เย็น)"""
City_Trial#0,"""Photon Excitation"""
City_Trial_Winter#0,"""Photon Excitation (กลางคืน)"""
City_Season_Winter#0,"""Aurora (กลางคืน)"""
White_Default_R#0,"""ปกติ"""
White_Default_R2#0,"""ปกติ"""
White_Default_K#0,"""ปกติ"""
White_Default_K2#0,"""ปกติ"""
City_Neon#0,"""ปกติ"""
City_Trial_Neon#0,"""Photon Excitation (กลางคืน)"""
Personal_Guide_Set#0,"""วาง $(1) แล้ว (คุณสามารถวางได้อีก $(0) ตำแหน่งในพื้นที่นี้)"""
Personal_Guide_Set_2#0,"""วาง $(0) แล้ว (คุณไม่สามารถวางเพิ่มได้อีกในพื้นที่นี้)"""
Personal_Guide_Release#0,"""นำ $(1) ออกแล้ว (คุณสามารถวางได้อีก $(0) ตำแหน่งในพื้นที่นี้)"""
Personal_Guide_Release_2#0,"""Guide Marker ที่ $(0) ถูกนำออกแล้ว"""
Personal_Guide_Error#0,"""คุณไม่สามารถวาง $(0) เพิ่มได้อีกในพื้นที่นี้"""
Personal_Guide_Set_Failed#0,"""ไม่สามารถวาง $(0) ได้"""
Personal_Guide_Release_Failed#0,"""ไม่สามารถนำ $(0) ออกได้"""
Personal_Guide_Info_Edited#0,"""อัปเดต Guide Marker แล้ว"""
Personal_Guide_Info_Edited_Error#0,"""ไม่สามารถอัปเดต Guide Marker ได้"""
Personal_Guide_Pin_Set#0,"""ตั้งค่า Guide Marker แล้ว (คุณสามารถตั้งค่าได้อีก $(0) ตำแหน่งในพื้นที่นี้)"""
Personal_Guide_Pin_Set2#0,"""ตั้งค่า Guide Marker แล้ว (คุณไม่สามารถตั้งค่า Guide Markers เพิ่มได้อีกในพื้นที่นี้)"""
Personal_Guide_Pin_Error#0,"""คุณไม่สามารถตั้งค่า Guide Markers เพิ่มได้อีกในพื้นที่นี้"""
Personal_Guide_Pin_Release#0,"""นำ Guide Marker ออกแล้ว (คุณสามารถตั้งค่าได้อีก $(0) ตำแหน่งในพื้นที่นี้)"""
Personal_Guide_Pin_Set_Failed#0,"""ไม่สามารถวาง Guide Marker ได้"""
Personal_Guide_Pin_Release_Failed#0,"""ไม่สามารถนำ Guide Marker ออกได้"""
Personal_Guide_Pin_Name#0,"""Pin"""
Personal_Guide_Icon_Name#0,"""Icon"""
Personal_Guide_Window_Main_Memo#0,"""เขียนบันทึกย่อ (จำกัด $(0) ตัวอักษร)"""
Personal_Guide_Window_Main_Button1#0,"""วาง $(0)"""
Personal_Guide_Window_Main_Button2#0,"""นำ $(0) ออก"""
Personal_Guide_Window_Main_Title#0,"""Guide Markers"""
Personal_Guide_Window_ControlGuide#0,"""ยืนยัน: <%Decide>\u3000\u3000ยกเลิก: <%Cancel>\u3000\u3000เลื่อนไอเทมที่เลือก: <%NextWidget>\u3000\u3000เปลี่ยนแท็บ: <%TabBack><%TabForward>"""
World_End_Message#0,"""คุณยังไม่สามารถไปทางนั้นได้ในขณะนี้"""
World_Lock_Message#0,"""ไม่สามารถเข้าสู่ Section ได้"""
Section_Unlock_Requirement_Maintask#0,"""ปลดล็อกหลังจากสำเร็จ Main Task"""
Fast_Travel_Window#0,"""ที่นี่คุณสามารถเทเลพอร์ต เข้าถึง Storage หรือทำ Quick Food ได้"""
Fast_Travel_Guide#0,"""กด <%Decide> ค้างไว้เพื่อเทเลพอร์ต"""
Fast_Travel_NG#0,"""<gray>ไม่สามารถเทเลพอร์ตได้ในระหว่างทำเควสต์<c>"""
Fast_Travel_Window_2#0,"""เทเลพอร์ตไปยัง $(0) แน่ใจหรือไม่?"""
Fast_Travel_Toast_Mes#0,"""กำลังเทเลพอร์ตไปยัง $(0)"""
Location_Notification_Mes#0,"""ตั้งค่าการแจ้งเตือนสถานที่สำหรับ $(0) แล้ว"""
Window_Titletelop#0,"""World Map"""
Window_TwolineGuide#0,"""ตรวจสอบและเทเลพอร์ตไปยังสถานที่ต่างๆ ทั่วโลก"""
Window_ControlGuide#0,"""ข้อมูล Section: <%NextWidget>\u3000\u3000ตั้งค่า Guide Marker: <%Function>\u3000\u3000ซูม: <%Exception>\u3000\u3000ยกเลิก: <%Cancel>\u3000\u3000เปิด/ปิดชื่อสถานที่: <%TabForward>\u3000\u3000เปิด/ปิดการแสดงผล Play Navigator: <%TabBack>"""
Locationname_cocoon#0,"""Cocoon"""
Locationname_tower#0,"""Tower"""
Locationname_fasttravel#0,"""Ryuker Device"""
Locationname_regionmag#0,"""Regional Mag"""
Locationname_urgentquest#0,"""Emergency Quest"""
Locationname_questcounter#0,"""Quest Counter"""
Window_FasttravelTerminal_Title#0,"""Ryuker Device"""
LoadAreaTips_Atack#0,"""Power Level ที่แนะนำ: $(0)"""
LoadAreaTips_Cancel#0,"""ยกเลิกการเทเลพอร์ตแล้ว"""
LoadAreaTips_highrank1#0,"""[Rank: $(0)] """
LoadAreaTips_highrank2#0,"""Power Level ที่ต้องการ: $(0)+"""
Window_FasttravelTerminal_GuideText#0,"""เทเลพอร์ตไปยังสถานที่นี้หรือไม่?"""
Window_FasttravelTerminal_1#0,"""เทเลพอร์ต"""
Window_FasttravelTerminal_2#0,"""เปิด Storage"""
Window_FasttravelTerminal_3#0,"""กินอาหาร"""
Window_FasttravelTerminal_3_1#0,"""เลือกวัตถุดิบ"""
Window_FasttravelTerminal_3_2#0,"""โหลดจาก My Recipes"""
Window_FasttravelTerminal_4#0,"""ตั้งค่าคลาส"""
Window_FasttravelTerminal_5#0,"""กลับ"""
Window_FasttravelTerminal_6#0,"""รวบรวมสมาชิกปาร์ตี้"""
Window_FasttravelTerminal_7#0,"""ย้ายบล็อก"""
Window_FasttravelTerminal_8#0,"""ย้ายห้อง"""
Window_FasttravelTerminal_10#0,"""Creative Space"""
Window_FasttravelTerminal_6_1#0,"""คุณสามารถรวบรวมสมาชิกปาร์ตี้ของคุณใน<br>พื้นที่ ได้โดยใช้ Ryuker Device นี้<br><light_red>※สมาชิกที่อยู่ใน Section อื่นจะได้รับการแจ้งเตือนเท่านั้น<br>※สมาชิกที่ไม่สามารถเข้าร่วม Section จะไม่ถูกรวบรวมมา<c>"""
Window_FasttravelTerminal_6_2#0,"""ไม่สามารถเข้าสู่ Section นี้ได้"""
Window_FasttravelTerminal_6_3#0,"""คำขอรวมตัวปาร์ตี้"""
Window_FasttravelTerminal_6_4#0,"""เปิดแชท"""
Window_FasttravelTerminal_6_5#0,"""<c 00ff00>ตกลง<c>"""
Window_FasttravelTerminal_6_6#0,"""<light_red>ไม่ตกลง<c>"""
Window_FasttravelTerminal_6_7#0,"""กำลังร้องขอให้สมาชิกรวมตัวกัน<br>คุณแน่ใจหรือไม่ว่าต้องการดำเนินการต่อ?"""
Window_FasttravelTerminal_6_8#0,"""เริ่มคำขอจาก $(0) เพื่อ<br>รวบรวมสมาชิกปาร์ตี้แล้ว<br>กรุณาตรวจสอบ <yellow>【 รวบรวมสมาชิกปาร์ตี้ (ใหม่) 】<c> ใน 【 การแจ้งเตือนใหม่ 】 โดยให้อยู่ในสถานะที่สามารถเปิด Main Menu ได้"""
Window_FasttravelTerminal_6_9#0,"""-"""
Window_FasttravelTerminal_6_10#0,"""เหลือเวลาอีก $(0) วินาที"""
Window_FasttravelTerminal_6_11#0,"""$(0) ได้ร้องขอให้ปาร์ตี้รวมตัวกัน<br>กรุณาตรวจสอบ <yellow>【 รวบรวมสมาชิกปาร์ตี้ (ใหม่) 】<c> ใน 【 การแจ้งเตือนใหม่ 】"""
Window_FasttravelTerminal_6_GuideText#0,"""คุณสามารถร้องขอให้สมาชิกปาร์ตี้มารวมตัวกันได้"""
Window_FasttravelTerminal_6_12#0,"""ไม่ได้เข้าถึง Ryuker Device"""
Window_FasttravelTerminal_6_13#0,"""ฟังก์ชันนี้สามารถใช้งานได้เฉพาะ Leader ของปาร์ตี้เท่านั้น"""
Window_FasttravelTerminal_8_1#0,"""เลือกห้อง"""
Window_FasttravelTerminal_8_2#0,"""รายละเอียดห้อง"""
Window_FasttravelTerminal_8_3#0,"""<%Function>: อัปเดตรายการห้อง"""
Window_FasttravelTerminal_8_4#0,"""กรองตามห้องที่อยู่ใน Section และ Rank เดียวกัน"""
Window_FasttravelTerminal_8_5#0,"""กรองตามห้องที่มี Friends"""
Window_FasttravelTerminal_8_6#0,"""กรองตามห้องที่มีสมาชิก Team"""
Window_FasttravelTerminal_8_7#0,"""ON"""
Window_FasttravelTerminal_8_8#0,"""OFF"""
Window_FasttravelTerminal_8_9#0,"""$(0)：$(1)"""
Window_FasttravelTerminal_8_10#0,"""<red>3 ชั่วโมง+<c>"""
Window_FasttravelTerminal_8_13#0,"""Section"""
Window_FasttravelTerminal_8_14#0,"""Power Level ที่แนะนำ"""
Window_FasttravelTerminal_8_15#0,"""สมาชิก"""
Window_FasttravelTerminal_8_16#0,"""การจัดเรียงมาตรฐาน"""
Window_FasttravelTerminal_8_17#0,"""ตามจำนวนที่ว่าง"""
Window_FasttravelTerminal_8_18#0,"""เวลาสร้างห้อง"""
Window_FasttravelTerminal_8_19#0,"""ที่มี Friends"""
Window_FasttravelTerminal_8_20#0,"""ที่มีสมาชิก Team"""
Window_FasttravelTerminal_8_21#0,"""ไม่มีรหัสผ่าน"""
Window_FasttravelTerminal_8_22#0,"""$(0)~"""
Window_FasttravelTerminal_8_23#0,"""เข้าร่วมห้องนี้ แน่ใจหรือไม่?"""
Window_FasttravelTerminal_8_24#0,"""การเข้าร่วมห้องนี้จะย้ายคุณไปยัง <yellow>$(0)<c><br>แน่ใจหรือไม่?"""
Window_FasttravelTerminal_8_25#0,"""ไม่พบห้อง"""
Window_FasttravelTerminal_8_26#0,"""ไม่พบห้อง"""
Window_FasttravelTerminal_8_27#0,"""คุณไม่สามารถเข้าสู่ห้องได้เนื่องจากห้องเต็ม"""
Window_FasttravelTerminal_8_27_2#0,"""คุณไม่สามารถเข้าสู่ห้องได้เนื่องจากบล็อกนี้เต็ม"""
Window_FasttravelTerminal_8_28#0,"""คุณไม่สามารถเข้าสู่ห้องได้เนื่องจากรหัสผ่านไม่ถูกต้อง"""
Window_FasttravelTerminal_8_29#0,"""ย้ายไปห้องดังกล่าวล้มเหลว กรุณาลองใหม่อีกครั้งในภายหลัง"""
Window_FasttravelTerminal_8_30#0,"""ห้อง"""
Window_FasttravelTerminal_8_31#0,"""ปาร์ตี้"""
Window_FasttravelTerminal_8_32#0,"""สมาชิกปาร์ตี้"""
Window_FasttravelTerminal_8_33#0,"""Lv."""
Window_FasttravelTerminal_8_34#0,"""อีก $(0) วินาทีจึงจะสามารถอัปเดตได้"""
Window_FasttravelTerminal_8_GuideText#0,"""คุณสามารถย้ายไปยังห้องอื่นได้ <pict block_move> แสดงห้องที่อยู่ในบล็อกอื่นๆ"""
Window_FasttravelTerminal_8_35#0,"""Power Level ที่ต้องการ: $(0)"""
Window_FasttravelTerminal_8_36#0,"""Power Level ที่ต้องการ"""
Window_FasttravelTerminal_8_37#0,"""[Rank: $(0)]"""
Window_FasttravelTerminal_8_38#0,"""Campaign 【 Boosts 】"""
Window_FasttravelTerminal_8_39#0,"""เมื่อคุณย้ายห้อง การตั้งค่ารหัสผ่านห้องของคุณจะถูกลบ<br><br>ดำเนินการต่อหรือไม่?"""
Window_FasttravelTerminal_8_40#0,"""กำลังรีเฟรชรายการ..."""
Window_FasttravelTerminal_8_41#0,"""มีสมาชิกปาร์ตี้อย่างน้อยหนึ่งคนที่ไม่สามารถเข้าสู่บล็อกนี้ได้"""
Window_FasttravelTerminal_9_1#0,"""ตั้งค่า Room Matching"""
Window_FasttravelTerminal_9_2#0,"""ตั้งค่ารหัสผ่านห้อง"""
Window_FasttravelTerminal_9_3#0,"""กรอกรหัสผ่านสำหรับห้อง แล้วคลิก 【 ตั้งค่า 】 การกรอกรหัสผ่านที่เหมือนกันจะทำให้คุณสามารถเข้าร่วมห้องที่มีรหัสผ่านเดียวกันได้"""
Window_FasttravelTerminal_9_4#0,"""ตั้งค่า"""
Window_FasttravelTerminal_9_5#0,"""กลับ"""
Window_FasttravelTerminal_9_6#0,"""รีเซ็ต"""
Window_FasttravelTerminal_9_7#0,"""แสดงรหัสผ่านห้อง"""
Window_FasttravelTerminal_9_8#0,"""เข้าร่วมห้องด้วยรหัสผ่าน"""
Window_FasttravelTerminal_9_9#0,"""นี่จะเป็นการเข้าร่วมห้องที่มีการตั้งรหัสผ่านไว้<br>ดำเนินการต่อหรือไม่?"""
Window_FasttravelTerminal_9_10#0,"""ห้องที่เลือกเต็มแล้ว ดังนั้นจึงมีการสร้างห้องใหม่ขึ้นมา การจับคู่ปาร์ตี้แบบหลายกลุ่ม ใน Section นี้จะถูกจำกัด"""
Window_FasttravelTerminal_9_11#0,"""สร้างห้องด้วยรหัสผ่าน"""
Window_FasttravelTerminal_9_12#0,"""นี่จะเป็นการสร้างห้องใหม่ที่มีการตั้งรหัสผ่านไว้<br>ดำเนินการต่อหรือไม่?"""
Window_FasttravelTerminal_9_13#0,"""ตั้งค่ารหัสผ่านห้องเสร็จสมบูรณ์<br>รหัสผ่านห้องจะถูกนำมาใช้เมื่อคุณย้าย Section"""
Window_FasttravelTerminal_9_14#0,"""คุณได้เข้าสู่ห้องที่มีการตั้งรหัสผ่านไว้ การจับคู่ปาร์ตี้แบบหลายกลุ่ม ใน Section นี้จะถูกจำกัด"""
Window_FasttravelTerminal_9_15#0,"""คุณได้สร้างห้องที่มีรหัสผ่าน การจับคู่ปาร์ตี้แบบหลายกลุ่ม ใน Section นี้จะถูกจำกัด"""
Window_FasttravelTerminal_9_16#0,"""คุณสามารถใช้ได้เฉพาะตัวอักษรและตัวเลขที่มีความกว้างปกติในรหัสผ่านเท่านั้น"""
Window_FasttravelTerminal_9_17#0,"""คุณสามารถใช้สิ่งนี้เพื่อตั้งรหัสผ่านสำหรับห้องของคุณ หรือเข้าร่วมห้องที่มีการตั้งรหัสผ่านไว้แล้ว คุณสามารถบันทึกการตั้งค่าเหล่านี้ได้เมื่ออยู่ในเมืองเท่านั้น"""
Window_FasttravelTerminal_9_18#0,"""ล้างการตั้งค่ารหัสผ่านห้องแล้ว"""
Window_FasttravelTerminal_9_19#0,"""ไม่สามารถทำได้ในระหว่างทำเควสต์"""
Window_FasttravelTerminal_9_20#0,"""การตั้งค่าเมื่อเปิดใช้งานรหัสผ่านห้อง"""
Window_FasttravelTerminal_9_21#0,"""จำนวนผู้เข้าร่วมสูงสุด"""
Window_FasttravelTerminal_9_22#0,"""ตั้งค่าให้ห้องนี้เป็น Photography Room"""
Window_FasttravelTerminal_9_23#0,"""จำกัดจำนวนผู้คนที่สามารถอยู่ในห้องได้เมื่อมีการตั้งรหัสผ่านไว้<br>ไม่สามารถเปลี่ยนแปลงได้หลังจากสร้างห้องแล้ว"""
Window_FasttravelTerminal_9_24#0,"""กำหนดให้ห้องนี้เป็นห้องสำหรับถ่ายภาพและวิดีโอโดยเฉพาะเมื่อมีการตั้งรหัสผ่านไว้<br>Leader หรือ Sub-Leader ของปาร์ตี้สามารถเปลี่ยนแปลงการตั้งค่าบางอย่างของ Photography Room ได้หลังจากที่สร้างแล้ว"""
Window_FasttravelTerminal_9_25#0,"""ฟีเจอร์นี้มีให้ใช้งานเฉพาะ Leader ของปาร์ตี้เท่านั้น"""
Window_FasttravelTerminal_9_26#0,"""คุณได้เข้าสู่ <yellow>Photography Room<c> ที่มีการตั้งรหัสผ่านไว้ การจับคู่ปาร์ตี้แบบหลายกลุ่ม (Multi-Party matching) ใน Section นี้จะถูกจำกัด"""
Window_FasttravelTerminal_9_27#0,"""คุณได้สร้าง <yellow>Photography Room<c> ที่มีการตั้งรหัสผ่านไว้ การจับคู่ปาร์ตี้แบบหลายกลุ่ม (Multi-Party matching) ใน Section นี้จะถูกจำกัด"""
Window_FasttravelTerminal_9_28#0,"""ปิดใช้งาน Assist NPCs"""
Window_FasttravelTerminal_9_29#0,"""Assist NPCs อาจเข้าร่วมการต่อสู้ของคุณโดยอัตโนมัติใน Battle Sections หากมีที่ว่างในห้องของคุณ<br><br><yellow>※การตั้งค่านี้ไม่สามารถเปลี่ยนแปลงได้หลังจากสร้างห้องแล้ว<c>"""
FasttravelTerminal_LineWindow#0,"""คุณสามารถเทเลพอร์ตไปยังสถานที่นี้ได้แล้ว"""
FasttravelTerminal_Error1#0,"""คุณไม่สามารถทำสิ่งนั้นได้เมื่อมีศัตรูอยู่ใกล้ๆ"""
Crossing_Title#0,"""สำเร็จแล้ว: """
Crossing_TitleHidden#0,"""สำเร็จแล้ว: """
Crossing_Point#0,"""$(1)/$(0)"""
Crossing_Name1#0,"""Ryuker Device"""
Crossing_Name2#0,"""Cocoon"""
Crossing_Name3#0,"""Tower"""
Crossing_Name4#0,"""Battledia"""
Crossing_Name5#0,"""Regional Mag"""
Crossing_Name6#0,"""Gathering"""
Crossing_Name7#0,"""ของสะสม"""
Crossing_Name8#0,"""ความลับของโลก"""
Crossing_Name9#0,"""Message Pack"""
Crossing_Name10#0,"""Item Container [Red]"""
Crossing_Name11#0,"""???"""
Crossing_Name12#0,"""(ไม่ได้ใช้)"""
Crossing_Name13#0,"""Trinitas"""
Crossing_Name14#0,"""Advanced Trainia"""
Crossing_Name15#0,"""Dimension Fault"""
Quest_Result0#0,"""-"""
Quest_Result1#0,"""★"""
Quest_Result2#0,"""★★"""
Quest_Result3#0,"""★★★"""
Quest_Result4#0,"""★★★★"""
Quest_Result5#0,"""★★★★★"""
Quest_ResultS#0,"""S"""
Quest_ResultA#0,"""A"""
Quest_ResultB#0,"""B"""
Quest_ResultC#0,"""C"""
Window_BattleTrigger_Title#0,"""Yellow Portal: Aelio"""
Window_BattleTrigger_Guide1#0,"""เงื่อนไข: 【 B. Trigger/Aelio Yellow 】 <yellow>(x5)<c><br><yellow>※ไอเทมสามารถอยู่ใน Storage หรือใน Inventory ของคุณก็ได้<c>"""
Window_BattleTrigger_Guide_CodeKey_w1_r1_3_unavailable#0,"""เงื่อนไข: 【 B. Trigger/Aelio Yellow 】 <yellow>(x5)<c><br><br><yellow>※ไอเทมสามารถอยู่ใน Storage หรือใน Inventory ของคุณก็ได้<c><br><gray>ยังไม่ผ่านเงื่อนไขที่กำหนด<c>"""
Window_BattleTrigger_Title2#0,"""Purple Portal: Aelio"""
Window_BattleTrigger_Guide2#0,"""เงื่อนไข: 【 B. Trigger/Aelio Purple 】 <yellow>(x5)<c><br><yellow>※ไอเทมสามารถอยู่ใน Storage หรือใน Inventory ของคุณก็ได้<c>"""
Window_BattleTrigger_Guide_CodeKey_w1_r1_1_unavailable#0,"""เงื่อนไข: 【 B. Trigger/Aelio Purple 】 <yellow>(x5)<c><br><br><yellow>※ไอเทมสามารถอยู่ใน Storage หรือใน Inventory ของคุณก็ได้<c><br><gray>ยังไม่ผ่านเงื่อนไขที่กำหนด<c>"""
Gathering_Title#0,"""ข้อมูล Gathering"""
Window_Quest#0,"""<c 76d1ff>เป้าหมายเควสต์<c>: $(0)<br>เปิดข้อมูลเควสต์ด้วย <%Decide>"""
Window_Quest_Accept_NG#0,"""<c 76d1ff>เป้าหมายเควสต์<c>: $(0)<br>ข้อมูลเควสต์:<pict 4space><%Decide><br><gray>ไม่สามารถรับได้เนื่องจากมีการเตรียมการปฏิบัติการที่กำลังดำเนินอยู่<c>"""
Window_Quest_Accept_NG2#0,"""<c 76d1ff>เป้าหมายเควสต์<c>: $(0)<br>เปิดข้อมูลเควสต์ด้วย <%Decide><br><gray>ยังไม่ผ่านเงื่อนไขที่กำหนด<c>"""
Window_Quest_Accept_NG3#0,"""<c 76d1ff>เป้าหมายเควสต์<c>: $(0)<br><gray>ไม่สามารถรับได้ เนื่องจากถึงขีดจำกัดจำนวนครั้งการเคลียร์สูงสุดแล้ว<c>"""
Window_QuestTarget#0,"""<c 76d1ff>เป้าหมายเควสต์<c>: $(0)"""
Window_QuestInformation#0,"""<%Decide><pict 4space>เปิดข้อมูลเควสต์"""
Window_QuestTargetNG#0,"""<gray>คุณยังไม่ผ่านเงื่อนไขที่กำหนด<c>"""
Window_ControlGuide2#0,"""เลื่อนเคอร์เซอร์อย่างรวดเร็ว: <%ChangeCtrlWindowForward> + <pict stick_l>\u3000\u3000ข้อมูล Section: <%NextWidget>\u3000\u3000ตั้งค่า Guide Marker: <%Function>\u3000\u3000ซูม: <%Exception>\u3000\u3000เปิด/ปิดชื่อสถานที่: <%TabForward>\u3000\u3000เปิด/ปิดการแสดงผล Play Navigator: <%TabBack>"""
Window_KeepOut_Title#0,"""ไม่อนุญาตให้เข้าถึง"""
Quest_NG#0,"""<c 76d1ff>เป้าหมายเควสต์<c>: $(0)<br><gray>ไม่สามารถเลือกได้ในขณะที่มีเควสต์กำลังดำเนินอยู่<c>"""
BlockSectionMsg#0,"""ไม่สามารถเข้าถึง Sector นี้ได้ในขณะนี้<br>กรุณาตรวจสอบรายละเอียดที่ Players Site"""
Fast_Travel_CautionMsg#0,"""<light_red>※หากคุณย้ายไปยัง Section อื่น<br>การจับคู่ จะถูกยกเลิก<c>"""
Fast_Travel_DangerSectionMsg#0,"""<yellow>คุณจะได้รับความเสียหายอย่างต่อเนื่องในพื้นที่นี้<br>คุณสามารถลดความเสียหายนี้ได้โดยเพิ่ม 【 Environmental Resist 】<c>"""
Fast_Travel_EntryRequirementMsg#0,"""เงื่อนไขการรับ Order: ความคืบหน้าของ Main Task"""
Fast_Travel_Level_Rank#0,""" [Rank: $(0)] """
Fast_Travel_Level_BattlePower#0,"""Power Level ที่ต้องการ: $(0)"""
Fast_Travel_Level_EnemyLevel#0,"""Enemy Lv.$(0)"""
Fast_Travel_ControlGuide#0,"""เปลี่ยน Section Rank: <pict mouse_wheel>\u3000\u3000ตั้งค่า Guide Marker: <%Function>\u3000\u3000ยกเลิก: <%Cancel>\u3000\u3000ข้อมูล Section: <%NextWidget>\u3000\u3000ซูม: <%Exception>"""
Fast_Travel_ControlGuide2#0,"""เปลี่ยน Section Rank: <pict Alpha_rightleft>\u3000\u3000เลื่อนเคอร์เซอร์: <pict stick_l>\u3000(กด <%ChangeCtrlWindowForward> ค้างไว้เพื่อเลื่อนเคอร์เซอร์อย่างรวดเร็ว)\u3000\u3000ตั้งค่า Guide Marker: <%Function>\u3000\u3000ยกเลิก: <%Cancel>\u3000\u3000ข้อมูล Section: <%NextWidget>\u3000\u3000ซูม: <%Exception>"""
Fast_Travel_BoostInfo_Title#0,"""<c 76d1ff>Campaign 【 Boosts 】<c>:"""
SectionInfo_BoostInfo_Title#0,"""Campaign 【 Boosts 】:"""
SectionInfo_BoostInfo_Occurrence#0,"""ข้อมูล 【 Boost 】"""
RegionName1#0,"""Aelio Region"""
RegionName2#0,"""Retem Region"""
Window_BattleTrigger_Title_CodeKey_w1_r1_3#0,"""Yellow Portal: Aelio"""
Window_BattleTrigger_Guide_CodeKey_w1_r1_3#0,"""เงื่อนไข: 【 B. Trigger/Aelio Yellow 】 <yellow>(x5)<c><br><br><yellow>※ไอเทมสามารถอยู่ใน Storage หรือใน Inventory ของคุณก็ได้<c>"""
Window_BattleTrigger_Title_CodeKey_w1_r1_1#0,"""Purple Portal: Aelio"""
Window_BattleTrigger_Guide_CodeKey_w1_r1_1#0,"""เงื่อนไข: 【 B. Trigger/Aelio Purple 】 <yellow>(x5)<c><br><br><yellow>※ไอเทมสามารถอยู่ใน Storage หรือใน Inventory ของคุณก็ได้<c>"""
Window_BattleTrigger_Title_CodeKey_w1_r2_1#0,"""Purple Portal: Retem"""
Window_BattleTrigger_Guide_CodeKey_w1_r2_1#0,"""เงื่อนไข: 【 B. Trigger/Retem Purple 】 <yellow>(x5)<c><br><br><yellow>※ไอเทมสามารถอยู่ใน Storage หรือใน Inventory ของคุณก็ได้<c>"""
Window_BattleTrigger_Guide_CodeKey_w1_r2_1_unavailable#0,"""เงื่อนไข: 【 B. Trigger/Retem Purple 】 <yellow>(x5)<c><br><br><yellow>※ไอเทมสามารถอยู่ใน Storage หรือใน Inventory ของคุณก็ได้<c><br><gray>ยังไม่ผ่านเงื่อนไขที่กำหนด<c>"""
Window_BattleTrigger_Title_CodeKey_w1_r2_3#0,"""Yellow Portal: Retem"""
Window_BattleTrigger_Guide_CodeKey_w1_r2_3#0,"""เงื่อนไข: 【 B. Trigger/Retem Yellow 】 <yellow>(x5)<c><br><br><yellow>※ไอเทมสามารถอยู่ใน Storage หรือใน Inventory ของคุณก็ได้<c>"""
Window_BattleTrigger_Guide_CodeKey_w1_r2_3_unavailable#0,"""เงื่อนไข: 【 B. Trigger/Retem Yellow 】 <yellow>(x5)<c><br><br><yellow>※ไอเทมสามารถอยู่ใน Storage หรือใน Inventory ของคุณก็ได้<c><br><gray>ยังไม่ผ่านเงื่อนไขที่กำหนด<c>"""
Window_BattleTrigger_Title_CodeKey_Blue_1#0,"""Blue Portal: Variable"""
Window_BattleTrigger_Guide_CodeKey_Blue#0,"""เงื่อนไข: 【 B. Trigger/Spring '22 】<yellow>(x1)<c><br><yellow>※ไอเทมสามารถอยู่ใน Storage หรือใน Inventory ของคุณก็ได้<c>"""
Window_BattleTrigger_Guide_CodeKey_Blue_unavailable#0,"""เงื่อนไข: 【 B. Trigger/Spring '22 】<yellow>(x1)<c><br><yellow>※ไอเทมสามารถอยู่ใน Storage หรือใน Inventory ของคุณก็ได้<c><br><gray>ยังไม่ผ่านเงื่อนไขที่กำหนด<c>"""
Window_BattleTrigger_Guide_CodeKey_all#0,"""เงื่อนไข: 【 $(0) 】<yellow>(x$(1))<c><br><yellow>※ไอเทมสามารถอยู่ใน Storage หรือใน Inventory ของคุณก็ได้<c>"""
Window_BattleTrigger_Guide_CodeKey_all_unavailable#0,"""เงื่อนไข: 【 $(0) 】<yellow>(x$(1))<c><br><yellow>※ไอเทมสามารถอยู่ใน Storage หรือใน Inventory ของคุณก็ได้<c><br><gray>ยังไม่ผ่านเงื่อนไขที่กำหนด<c>"""
Window_BattleTrigger_Guide_CodeKey_emergency_to_start#0,"""เปิดใช้งาน 【 $(0) 】"""
AreaName_with_EnemyIcon#0,"""$(0)<pict 4space><pict enemy_s_icon>"""
AreaName_with_GathIcon#0,"""$(0)<pict 4space><pict gath_s_icon>"""
AreaName_with_CautionIcon#0,"""$(0)<pict 4space><pict caution_s_icon>"""
Window_BattleTrigger_Title_CodeKey_s2022_1#0,"""Blue Portal: Variable"""
Window_BattleTrigger_Guide_CodeKey_all_Boost#0,"""เงื่อนไข: 【 $(0) 】<yellow>(x$(1))<c><br><yellow>※ไอเทมสามารถอยู่ใน Storage หรือใน Inventory ของคุณก็ได้<br>※จำนวน B. Triggers ที่ต้องการมีการเปลี่ยนแปลง<c>"""
Quest_RankName#0,"""$(0) [Rank $(1)]"""
Window_BattleTrigger_Title_CodeKey_1yeara_1#0,"""Blue Portal: Variable"""
Window_BattleTrigger_Title_CodeKey_w1_r3_3#0,"""Yellow Portal: Kvaris"""
Window_BattleTrigger_Guide_CodeKey_w1_r3_3#0,"""เงื่อนไข: 【 B. Trigger/Kvaris Yellow 】 <yellow>(x5)<c><br><br><yellow>※ไอเทมสามารถอยู่ใน Storage หรือใน Inventory ของคุณก็ได้<c>"""
Window_BattleTrigger_Title_CodeKey_w1_r3_1#0,"""Purple Portal: Kvaris"""
Window_BattleTrigger_Guide_CodeKey_w1_r3_1#0,"""เงื่อนไข: 【 B. Trigger/Kvaris Purple 】 <yellow>(x5)<c><br><br><yellow>※ไอเทมสามารถอยู่ใน Storage หรือใน Inventory ของคุณก็ได้<c>"""
Window_QuestCounter#0,"""<%Decide><pict 4space> เปิด Quest Counter"""
Window_QuestCounter_NG#0,"""<gray>ไม่สามารถเข้าถึงได้เนื่องจากคุณมีเควสต์ที่รับมาอยู่แล้ว<c>"""
Window_QuestCounter_Region_NG#0,"""<gray>คุณไม่สามารถเข้าถึง Quest Counters จาก Regions อื่นได้<c>"""
NPC_Icon_Help#0,"""$(0)<br>$(1)"""
PlayNav_BattlePower#0,"""Power Level เป้าหมาย"""
PlayNav_Index#0,"""เป้าหมาย"""
PlayNav_Options_Label#0,"""ตัวเลือกการแสดงผล"""
PlayNav_Options_Item1#0,"""แสดงเมื่อเริ่มเกม"""
PlayNav_Guide_Label1#0,"""สลับหน้าต่าง: <%MultiSelect>"""
PlayNav_MsgTitle1#0,"""Play Navigator"""
PlayNav_ErrorMsg1#0,"""ไม่สามารถแสดงผล Play Navigator ได้<br>คุณมี Power Level ถึงเป้าหมายแล้ว"""
PlayNav_ErrorMsg2#0,"""Play Navigator จะถูกปลดล็อกเมื่อคุณมีความคืบหน้าใน Main Tasks"""
Window_BattleTrigger_Title_CodeKey_w1_r4_3#0,"""Yellow Portal: Stia"""
Window_BattleTrigger_Title_CodeKey_w1_r4_1#0,"""Purple Portal: Stia"""
Worldmap_Quest_Blockade#0,"""ไม่สามารถใช้ได้ในขณะที่มีเควสต์กำลังดำเนินอยู่"""
FeatureItem_MsgTitle#0,"""ไอเทมดรอปเด่น"""
FeatureItem_Guide_Label1#0,"""สลับหน้าต่าง: <%MultiSelect>"""
Cursor_Guide_Key_Move#0,"""<%ChangeCtrlWindowForward> + <pict stick_l>: """
Cursor_Guide_Label_Move#0,"""เลื่อนเคอร์เซอร์อย่างรวดเร็ว"""
Cursor_Guide_Key_Place#0,"""<%Function>: """
Cursor_Guide_Label_Place#0,"""ติดตั้ง Personal Guide"""
Cursor_Guide_Key_Sector#0,"""<%NextWidget>: """
Cursor_Guide_Label_Sector#0,"""ข้อมูล Section"""
Window_BattleTrigger_Title_CodeKey_w1_r1_4#0,"""Purple Portal: Aelio EX"""
WorldTrial_Clear1#0,"""ตำแหน่ง Stellar Pack"""
WorldTrial_Result1_1#0,"""$(0)/$(1)（Rare Drop Rate +$(2)% → +$(3)%）"""
WorldTrial_Result1_2#0,"""Phase.$(0)/$(1) จนกว่าจะถึง Phase ถัดไป"""
WindowTitle#0,"""Message Pack"""
DetailWindowTitle#0,"""รายละเอียดข้อความ"""
Achievements_Acquire_Info#0,"""สำเร็จ Title Task: 【 $(0) 】 แล้ว"""
PreviewOption_Switch_TypeA#0,"""<%Exception2><pict 4space>การตั้งค่าขั้นสูง"""
PreviewOption_Switch_TypeB#0,"""<%Exception2><pict 4space>การตั้งค่าขั้นสูง"""
PreviewOption_Connect#0,"""$(0) $(1)"""
PreviewOption_WindowTitle#0,"""ดูตัวอย่างการตั้งค่าขั้นสูง"""
PreviewOption_Emotes#0,"""Lobby Actions"""
PreviewOption_SwitchEmotes#0,"""แสดง Lobby Action ในประเภทที่ตรงกันข้าม"""
PreviewOption_Ornaments#0,"""ของตกแต่ง"""
PreviewOption_SwitchBasewearPartsText1#0,"""ซ่อนของตกแต่ง Basewear/Setwear ชิ้นที่ 1"""
PreviewOption_SwitchBasewearPartsText2#0,"""ซ่อนของตกแต่ง Basewear/Setwear ชิ้นที่ 2"""
PreviewOption_SwitchOuterHide#0,"""ซ่อนของตกแต่ง Outerwear"""
PreviewOption_SwitchFaceHide#0,"""ซ่อนของตกแต่งใบหน้า"""
PreviewOption_SwitchHeadHide#0,"""ซ่อนของตกแต่งศีรษะ"""
PreviewOption_SwitchBodyPartsHideText#0,"""ซ่อนของตกแต่งชิ้นส่วนร่างกาย"""
PreviewOption_SwitchArmHideText#0,"""ซ่อนของตกแต่งชิ้นส่วนแขน"""
PreviewOption_SwitchLegHideText#0,"""ซ่อนของตกแต่งชิ้นส่วนขา"""
PreviewOption_SwitchInnerHideText#0,"""ซ่อน Innerwear"""
PreviewOption_VariationEmotesTitle#0,"""การทำงานของปุ่ม Lobby Action"""
PreviewOption_VariationEmotes#0,"""แอคชันจากปุ่ม"""
PreviewOption_VariationEmotesNormal1#0,"""ปุ่ม: รูปแบบที่ 1"""
PreviewOption_VariationEmotesNormal2#0,"""ปุ่ม: รูปแบบที่ 2"""
PreviewOption_VariationEmotesMove1#0,"""ปุ่ม: เคลื่อนที่ไปข้างหน้า"""
PreviewOption_VariationEmotesMove2#0,"""ปุ่ม: เคลื่อนที่ไปข้างหลัง"""
PreviewOption_VariationEmotesMove3#0,"""ปุ่ม: เคลื่อนที่ไปทางขวา"""
PreviewOption_VariationEmotesMove4#0,"""ปุ่ม: เคลื่อนที่ไปทางซ้าย"""
PreviewOption_VariationEmotesRandom#0,"""ปุ่ม: สุ่ม"""
PreviewOption_SupplementaryText#0,"""วัตถุในหน้าจอแสดงตัวอย่างอาจแตกต่างจากที่ปรากฏจริง"""
Index_AutoSale#0,"""การตั้งค่า Auto Sell"""
Index_Weapon#0,"""Weapons"""
Index_Armor#0,"""Armor"""
Index_OtherItems#0,"""Misc. Items"""
Index_ValuableItems#0,"""Vendor Items"""
Index_AutoSaleRarity#0,"""ระดับความแรร์สำหรับ Auto Sell"""
Index_PresetSkills#0,"""มี Preset Abilities"""
Index_ColorVariant#0,"""Color Variant"""
Index_Element#0,"""มี Special Abilities"""
Setting_Valid#0,"""ใช้"""
Setting_Invalid#0,"""ไม่ใช้"""
Setting_Involve#0,"""Auto Sell"""
Setting_NotInvolve#0,"""ไม่ Auto Sell"""
Setting_Rarity1#0,"""★1"""
Setting_Rarity2#0,"""★2"""
Setting_Rarity3#0,"""★3"""
Setting_Rarity4#0,"""★4"""
Setting_Rarity5#0,"""★5"""
Setting_Rarity6#0,"""★6"""
Setting_Rarity7#0,"""★7"""
Setting_Rarity8#0,"""★8"""
Setting_Rarity9#0,"""★9"""
Setting_Rarity10#0,"""★10"""
Setting_Rarity11#0,"""★11"""
Setting_Rarity12#0,"""★12"""
Setting_Rarity13#0,"""★13"""
Setting_Rarity14#0,"""★14"""
Setting_Rarity15#0,"""★15"""
Setting_Legendary1#0,"""LG1"""
Setting_Legendary2#0,"""LG2"""
Setting_Legendary3#0,"""LG3"""
Setting_Legendary4#0,"""LG4"""
Setting_Legendary5#0,"""LG5"""
Button_Change#0,"""เปลี่ยน"""
Button_Cancel#0,"""ยกเลิก"""
Button_Discard#0,"""ออกโดยไม่บันทึก"""
Explanation_AutoSale#0,"""เลือกเพื่อขายไอเทมดรอปอัตโนมัติ<br><br><yellow>※เปิดใช้งานแยกตามตัวละครเท่านั้น<c><br><br>[ไอเทมที่สามารถขายอัตโนมัติได้]<br>\u3000- ไอเทมที่ดรอปจากคอนเทนเนอร์<br>\u3000- ไอเทมที่ส่งไปยัง Quest Storage<br>\u3000- ไอเทมที่เกี่ยวข้องกับการเคลียร์เควสต์"""
Index_ExcludedItems#0,"""ไอเทมที่สามารถ Auto Sell ได้"""
Toast_Update#0,"""อัปเดตการตั้งค่าแล้ว"""
Explanation_Cancel#0,"""มีการเปลี่ยนแปลงการตั้งค่า Auto Sell ของคุณ<br>แน่ใจหรือไม่ว่าต้องการออกโดยไม่บันทึกการตั้งค่า?"""
DirectBuy_Premium#0,"""ยืนยันการซื้อไอเทม"""
Explanation_PurchaseConfirmation#0,"""<pict Arcscash><scarlet>คอนเทนต์ AC<c><br><br>คุณสามารถใช้ฟีเจอร์ Auto Sell ไอเทมดรอปได้หลังจากใช้งาน <yellow>Premium Set<c><br>คุณต้องการไปยังหน้าจอสั่งซื้อ Premium Set หรือไม่?<c><br><br><yellow>※คุณสามารถซื้อสิทธิ์การ<br>ใช้งานฟีเจอร์นี้แยกต่างหากได้ผ่านทาง<br>เมนู 【 SG Shop 】<c>"""
DirectUse_Premium#0,"""ยืนยันการใช้ไอเทม"""
Explanation_ItemUse#0,"""<pict Arcscash><c 5fdf00>การใช้ไอเทมที่ซื้อไว้<c><br>ฟีเจอร์ที่คุณเลือกหมดอายุแล้ว<br><br>คุณต้องการใช้งาน <br><yellow>Premium Set<c>เพื่อเปิดใช้งานฟีเจอร์ Auto Sell ไอเทมดรอป หรือไม่?<br><br><yellow>※หากคุณมี Premium Set มากกว่าหนึ่งประเภท ระบบจะเลือกใช้แบบที่มีวันหมดอายุยาวนานกว่าก่อน<c><br><yellow>※หากคุณต้องการตรวจสอบว่ามีไอเทมใดบ้างที่สามารถใช้งานได้ กรุณาตรวจสอบใน Inventory ของคุณ<c>"""
Title_AutoSale#0,"""Auto Sell ไอเทมดรอป"""
Standard_Result_Error#1,"""การประมวลผลล้มเหลว"""
Vitalgauge_PsnMode_PsnUser#0,"""<pict psn_icon> $(0)"""
Vitalgauge_Toast_PsnOn#0,"""เปลี่ยนการแสดงผลชื่อผู้เล่นเป็น Online ID ของ 【 PSN 】 แล้ว"""
Vitalgauge_Toast_PsnOff#0,"""เปลี่ยนการแสดงผลชื่อผู้เล่นเป็นชื่อ Character แล้ว"""
Vitalgauge_PsnMode_NotPsn#0,"""<pict other_ps> $(0)"""
Vitalgauge_PreviewLabel#0,"""ดูตัวอย่าง"""
LineDuel_RequestBattle#0,"""ท้าดวล Line Strike"""
LineDuelBattleRequestTitle#0,"""ท้าดวล Line Strike"""
LineDuelBattleRequest_Confirm#0,"""คุณต้องการท้าดวล Line Strike Free Battle กับ $(0) หรือไม่?<br><br>คุณสามารถใส่ข้อความพร้อมกับคำท้าได้ในช่องด้านล่าง<br>(ข้อความเริ่มต้นถูกปล่อยไว้โดยไม่แปลโดยตั้งใจ)"""
LineDuelBattleRequest_DefaultMessage#0,"""มาดวล Line Strike กันไหม?"""
AnswerForm_Title#0,"""คำท้าดวล Line Strike"""
AnswerForm_Message#0,"""$(0) กำลังท้าดวล Line Strike Free Battle กับคุณ<br><br>คุณต้องการตอบรับหรือไม่?"""
CharacterNameWithPSNID#0,"""$(0)($(1))"""
AnswerForm_Accept#0,"""ตอบรับคำท้า"""
AnswerForm_Reject#0,"""ปฏิเสธคำท้า"""
Matching_Cancel#0,"""กดค้างเพื่อยกเลิก"""
LineDuel_Matching_Title_Text#0,"""กำลังค้นหาห้องจับคู่"""
LineDuel_Matching_Title_FreeMatchText#0,"""กำลังรอการรีแมตช์"""
LineDuel_Matching_Type#0,"""หมวดหมู่การจับคู่"""
LineDuel_Matching_Type_Casual#0,"""Unrated Battle"""
LineDuel_Matching_Type_Rank#0,"""Rated Battle"""
LineDuel_Matching_Type_Free#0,"""Free Battle"""
LineDuel_Matching_State#0,"""สถานะการจับคู่"""
LineDuel_Matching_Time#0,"""เวลาที่ผ่านไป"""
LineDuel_TimeNum#0,"""$(0):$(1)"""
LineDuel_ItemDetail_Element#0,"""ธาตุ"""
LineDuel_ItemDetail_Cost#0,"""PP"""
LineDuel_ItemDetail_Attack#0,"""Power Level"""
LineDuel_ItemDetail_Skill#0,"""สกิล"""
LineDuel_ItemDetailsStatus#0,"""ลงทะเบียนแล้ว: <yellow>$(0) / $(1)<c><br>$(2)"""
LineDuel_ItemDetailsNoRegister#0,"""\u3000การลงทะเบียนการ์ดนี้จะทำให้ตัวละครทั้งหมดในบัญชีของคุณ<br>\u3000สามารถใช้งานได้ (สามารถลงทะเบียนการ์ดแต่ละใบได้สูงสุด 3 ใบ)"""
LineDuel_ItemDetailsRegistered#0,"""\u3000สามารถใช้งานได้กับทุกตัวละครในบัญชีของคุณ"""
LineDuel_MessageTitle#0,"""ข้อความ"""
LineDuel_CardExplanationDummy#0,"""$(0)<br>$(1)<br>$(2)"""
LineDuel_AccessoryExplanationDummy#0,"""$(0)<br>$(1)"""
LineDuel_VoiceActor#0,"""CV: $(0)"""
LineDuel_Illustrator#0,"""ภาพ: $(0)"""
LineDuel_CharaNameTitle#0,"""ชื่อ Character"""
LineDuel_FreeBattleTitle#0,"""ยืนยันการรับคำท้า Free Battle"""
LineDuel_FreeBattleWaitTitle#0,"""กำลังรอการตอบรับ Free Battle"""
LineDuel_FreeBattleWaitMessage#0,"""กำลังรอให้อีกฝ่ายตอบรับ<br><br><yellow>※การปิดหน้าต่างนี้จะเป็นการยกเลิกคำท้าของคุณ<c>"""
LineDuel_FreeBattleCancelToast#0,"""ยกเลิกคำท้า Free Battle แล้ว"""
LineDuel_FreeBattleCanceledToast#0,"""คำท้า Free Battle ถูกยกเลิกแล้ว"""
LineDuel_InvitationEmptyText#0,"""ไม่พบคำท้า Free Battle"""
LineDuel_NotInPlayableArea#0,"""สามารถเลือกได้ใน ARKS Bases หรือ Creative Space เท่านั้น"""
LineDuel_WatchingBattle#0,"""รับชมการดวล Line Strike"""
LineDuel_WatchingBattleTitle#0,"""รับชมการดวล Line Strike"""
LineDuel_WatchingBattle_Confirm#0,"""คุณต้องการรับชมการดวลที่กำลังดำเนินอยู่หรือไม่?"""
LineDuel_WatchingDisableReasonNoPlay#0,"""ขณะนี้ไม่มีการดวล Line Strike เกิดขึ้น"""
LineDuel_WatchingDisableReasonNpc#0,"""คุณไม่สามารถรับชมการดวลกับ NPCs ได้"""
LineDuel_Invite_Error#0,"""เมื่อนั่งที่ Battle Table คุณจะสามารถดวลกับผู้เล่นที่นั่งอยู่ตรงข้ามได้เท่านั้น"""
LineDuel_Watching_Error#0,"""การดวลที่เลือกจบลงแล้วและไม่สามารถรับชมได้"""
AdditionalSkillHu_MaxHp#0,"""เพิ่ม HP สูงสุด"""
AdditionalSkillFi_MaxHp#0,"""เพิ่ม HP สูงสุด"""
AdditionalSkillRa_MaxHp#0,"""เพิ่ม HP สูงสุด"""
AdditionalSkillGu_MaxHp#0,"""เพิ่ม HP สูงสุด"""
AdditionalSkillFo_MaxHp#0,"""เพิ่ม HP สูงสุด"""
AdditionalSkillTe_MaxHp#0,"""เพิ่ม HP สูงสุด"""
AdditionalSkillBr_MaxHp#0,"""เพิ่ม HP สูงสุด"""
AdditionalSkillBo_MaxHp#0,"""เพิ่ม HP สูงสุด"""
AdditionalSkillWa_MaxHp#0,"""เพิ่ม HP สูงสุด"""
AdditionalSkillWa_MaxPp#0,"""เพิ่ม PP สูงสุด"""
AdditionalSkillHu_FireResistance#0,"""ทำให้ติดสถานะ Burn ได้ยากขึ้น"""
AdditionalSkillBr_FireResistance#0,"""ทำให้ติดสถานะ Burn ได้ยากขึ้น"""
AdditionalSkillFi_IceResistance#0,"""ทำให้ติดสถานะ Freeze ได้ยากขึ้น"""
AdditionalSkillBo_IceResistance#0,"""ทำให้ติดสถานะ Freeze ได้ยากขึ้น"""
AdditionalSkillRa_ThunderResistance#0,"""ทำให้ติดสถานะ Shock ได้ยากขึ้น"""
AdditionalSkillWa_ThunderResistance#0,"""ทำให้ติดสถานะ Shock ได้ยากขึ้น"""
AdditionalSkillGu_WindResistance#0,"""ทำให้ติดสถานะ Mirage ได้ยากขึ้น"""
AdditionalSkillFo_LightResistance#0,"""ทำให้ติดสถานะ Panic ได้ยากขึ้น"""
AdditionalSkillTe_DarkResistance#0,"""ทำให้ติดสถานะ Poison ได้ยากขึ้น"""
AdditionalSkillHu_TrialHpHeal#0,"""ฟื้นฟู HP เมื่อเข้าร่วมใน Trial"""
AdditionalSkillRa_TrialHpHeal#0,"""ฟื้นฟู HP เมื่อเข้าร่วมใน Trial"""
AdditionalSkillFo_TrialHpHeal#0,"""ฟื้นฟู HP เมื่อเข้าร่วมใน Trial"""
AdditionalSkillBr_TrialHpHeal#0,"""ฟื้นฟู HP เมื่อเข้าร่วมใน Trial"""
AdditionalSkillWa_TrialHpHeal#0,"""ฟื้นฟู HP เมื่อเข้าร่วมใน Trial"""
AdditionalSkillFi_TrialPpHeal#0,"""ฟื้นฟู PP เมื่อเข้าร่วมใน Trial"""
AdditionalSkillGu_TrialPpHeal#0,"""ฟื้นฟู PP เมื่อเข้าร่วมใน Trial"""
AdditionalSkillTe_TrialPpHeal#0,"""ฟื้นฟู PP เมื่อเข้าร่วมใน Trial"""
AdditionalSkillBo_TrialPpHeal#0,"""ฟื้นฟู PP เมื่อเข้าร่วมใน Trial"""
AdditionalSkillHu_AttackBoost#0,"""เพิ่มพลังการโจมตีของอาวุธสายประชิด"""
AdditionalSkillRa_AttackBoost#0,"""เพิ่มพลังการโจมตีของอาวุธสายยิง"""
AdditionalSkillFo_AttackBoost#0,"""เพิ่มพลังการโจมตีของอาวุธสายเวท"""
AdditionalSkillFi_CriticalBoost#0,"""เพิ่มความแรงของการโจมตีคริติคอล"""
AdditionalSkillRa_PhotonblastBoost#0,"""เพิ่มความแรงของ Photon Blasts"""
AdditionalSkillBr_AddCritical#0,"""เพิ่มอัตราคริติคอลของคุณ"""
AdditionalSkillTe_DamageReduction#0,"""ลดความเสียหายที่ได้รับ"""
AdditionalSkillGu_AttackPbHeal#0,"""เพิ่มอัตราการชาร์จของ<br>Photon Blast Gauge เมื่อทำการโจมตี"""
AdditionalSkillTe_NaturalPbHeal#0,"""เพิ่มอัตราการชาร์จอัตโนมัติ<br>ของ Photon Blast Gauge"""
AdditionalSkillGu_AttackPpHeal#0,"""เพิ่ม ฟื้นฟู PP เมื่อโจมตี"""
AdditionalSkillFo_NaturalPpHeal#0,"""เพิ่ม ฟื้นฟู PP โดยธรรมชาติ"""
AdditionalSkillBr_RestaHealUp#0,"""เพิ่มปริมาณ HP ที่ฟื้นฟู<br>จากการใช้ Resta Signs"""
AdditionalSkillBo_SpecialPpHeal#0,"""เปิดใช้งาน ฟื้นฟู PP โดยธรรมชาติ ในระหว่าง<br>Photon Dash และ Photon Glide"""
AdditionalSkillHu_SpeedChargePA#0,"""เพิ่มความเร็วในการเคลื่อนที่ในขณะชาร์จ PAs"""
AdditionalSkillFi_JumpBoost#0,"""เพิ่มพลังการกระโดดปกติ"""
AdditionalSkillBo_OneMoreJump#0,"""การโจมตีโดนศัตรูในอากาศ<br>จะทำให้สามารถกระโดดสองจังหวะได้อีกครั้ง"""
AdditionalSkillWa_WaitHpHeal#0,"""การเก็บอาวุธและยืนอยู่นิ่งๆ<br>จะทำให้ HP ของคุณฟื้นฟูขึ้นเมื่อเวลาผ่านไป"""
AdditionalSkillSl_DownEnemyAddCritical#0,"""เพิ่มอัตราคริติคอลในขณะโจมตีศัตรูที่ล้มอยู่"""
AdditionalSkillSl_PhotonblastRecastQuick#0,"""ลดระยะเวลาคูลดาวน์ของ Photon Blasts"""
AdditionalSkillSl_TrialPpHeal#0,"""ฟื้นฟู PP เมื่อเข้าร่วมใน Trial"""
AdditionalSkillSl_WindResistance#0,"""ทำให้ติดสถานะ Mirage ได้ยากขึ้น"""
AdditionalSkillSl_MaxHp#0,"""เพิ่ม HP สูงสุด"""
AdditionalSkillHu_MaxHp#1,"""HP Up"""
AdditionalSkillFi_MaxHp#1,"""HP Up"""
AdditionalSkillRa_MaxHp#1,"""HP Up"""
AdditionalSkillGu_MaxHp#1,"""HP Up"""
AdditionalSkillFo_MaxHp#1,"""HP Up"""
AdditionalSkillTe_MaxHp#1,"""HP Up"""
AdditionalSkillBr_MaxHp#1,"""HP Up"""
AdditionalSkillBo_MaxHp#1,"""HP Up"""
AdditionalSkillWa_MaxHp#1,"""HP Up"""
AdditionalSkillWa_MaxPp#1,"""PP Up"""
AdditionalSkillHu_FireResistance#1,"""Burn Resistance Up"""
AdditionalSkillBr_FireResistance#1,"""Burn Resistance Up"""
AdditionalSkillFi_IceResistance#1,"""Freeze Resistance Up"""
AdditionalSkillBo_IceResistance#1,"""Freeze Resistance Up"""
AdditionalSkillRa_ThunderResistance#1,"""Shock Resistance Up"""
AdditionalSkillWa_ThunderResistance#1,"""Shock Resistance Up"""
AdditionalSkillGu_WindResistance#1,"""Mirage Resistance Up"""
AdditionalSkillFo_LightResistance#1,"""Panic Resistance Up"""
AdditionalSkillTe_DarkResistance#1,"""Poison Resistance Up"""
AdditionalSkillHu_TrialHpHeal#1,"""Trial HP Recovery"""
AdditionalSkillRa_TrialHpHeal#1,"""Trial HP Recovery"""
AdditionalSkillFo_TrialHpHeal#1,"""Trial HP Recovery"""
AdditionalSkillBr_TrialHpHeal#1,"""Trial HP Recovery"""
AdditionalSkillWa_TrialHpHeal#1,"""Trial HP Recovery"""
AdditionalSkillFi_TrialPpHeal#1,"""Trial PP Recovery"""
AdditionalSkillGu_TrialPpHeal#1,"""Trial PP Recovery"""
AdditionalSkillTe_TrialPpHeal#1,"""Trial PP Recovery"""
AdditionalSkillBo_TrialPpHeal#1,"""Trial PP Recovery"""
AdditionalSkillHu_AttackBoost#1,"""Striking Weapon Power Up"""
AdditionalSkillRa_AttackBoost#1,"""Shooting Weapon Power Up"""
AdditionalSkillFo_AttackBoost#1,"""Technique Weapon Power Up"""
AdditionalSkillFi_CriticalBoost#1,"""Critical Power Up"""
AdditionalSkillRa_PhotonblastBoost#1,"""Photon Blast Power Up"""
AdditionalSkillBr_AddCritical#1,"""Critical Rate Up"""
AdditionalSkillTe_DamageReduction#1,"""ลดความเสียหายที่ได้รับ Up"""
AdditionalSkillGu_AttackPbHeal#1,"""Attack เกจ PB Charge Up"""
AdditionalSkillTe_NaturalPbHeal#1,"""Natural เกจ PB Charge Up"""
AdditionalSkillGu_AttackPpHeal#1,"""ฟื้นฟู PP เมื่อโจมตี Up"""
AdditionalSkillFo_NaturalPpHeal#1,"""ฟื้นฟู PP อัตโนมัติ Up"""
AdditionalSkillBr_RestaHealUp#1,"""Resta Sign Recovery Up"""
AdditionalSkillBo_SpecialPpHeal#1,"""Dash & Glide ฟื้นฟู PP อัตโนมัติ"""
AdditionalSkillHu_SpeedChargePA#1,"""PA Charge Movement Speed Up"""
AdditionalSkillFi_JumpBoost#1,"""Jump Strength Up"""
AdditionalSkillBo_OneMoreJump#1,"""One More Jump"""
AdditionalSkillWa_WaitHpHeal#1,"""Standing HP Recovery"""
AdditionalSkillSl_DownEnemyAddCritical#1,"""Downed Enemy Critical"""
AdditionalSkillSl_PhotonblastRecastQuick#1,"""PB คูลดาวน์"""
AdditionalSkillSl_TrialPpHeal#1,"""Trial PP Recovery"""
AdditionalSkillSl_WindResistance#1,"""Mirage Resistance Up"""
AdditionalSkillSl_MaxHp#1,"""HP Up"""
PlaceAnObject_Name#0,"""Portable Holograms"""
PlacedObject#0,"""5. Portable Holograms ที่วางแล้ว"""
Object#0,"""2. Objects"""
Sticker#0,"""3. Paint"""
Effect#1,"""4. Effects"""
Etcetera#0,"""5. อื่นๆ"""
ObjectList_Thumbnail_Title#0,"""ภาพตัวอย่าง"""
TitlePlaceObject#0,"""วาง Portable Holograms"""
Cost#0,"""Cost"""
Slash#1,"""/"""
RemoveAll#0,"""นำออกทั้งหมด"""
RemoveOneFront#0,"""นำอันล่าสุดออก"""
CategoryAll#0,"""1. แสดงทั้งหมด"""
Favorite#0,"""0. รายการโปรด"""
TitleHeightChange#0,"""เปลี่ยนความสูง"""
EmptyListText#0,"""ไม่มี Portable Holograms"""
TitleListObject#0,"""Portable Holograms บริเวณใกล้เคียง"""
ObjectName#0,"""ชื่อ Portable Hologram"""
PlaPlayerPlaced#0,"""Character ที่เป็นเจ้าของ"""
Close#2,"""ปิด"""
RemoveObject#0,"""นำ Portable Hologram ออก"""
BlockCreator#0,"""เพิ่มลงใน Blocklist"""
ReportCreator#0,"""รายงานผู้เล่นนี้"""
ContinueToReport#0,"""เพิ่มลงใน Blocklist แล้ว<br>คุณต้องการรายงานผู้เล่นนี้ด้วยหรือไม่?"""
Guide_GoToListObject#0,"""<%Exception2><pict 4space>เปิด 【 Nearby Portable Holograms 】"""
Guide_OtherType#0,"""<%MultiSelect><pict 4space>+<pict 4space><%Decide><pict 4space>เพนต์ Objects ใกล้เคียง"""
Guide_OtherType_None#0,"""<%MultiSelect><pict 4space>+<pict 4space><%Decide><pict 4space><gray>เพนต์ Objects ใกล้เคียง<c>"""
Guide_HeightChange#0,"""<%Function><pict 4space>เปลี่ยนความสูงในการติดตั้ง"""
Guide_Favorite#0,"""<%NextTabDetails><pict 4space>เพิ่ม/แก้ไขรายการโปรด"""
Guide_GoToPlaceObject#0,"""<%Exception2><pict 4space>เปิด 【 Place Portable Holograms 】"""
HiddenNextLogin#0,"""ซ่อน Portable Holograms ของผู้เล่นอื่นจนกว่าจะล็อกอินครั้งถัดไป"""
HiddenNextLogin_Supplement#0,"""หากคุณต้องการซ่อน Portable Holograms ของผู้เล่นอื่นเสมอ ให้เปิด<br>Main Menu เลือก Options และเปลี่ยนการตั้งค่าภายใต้ Graphics"""
Guide_ChangeCtrWindow#0,"""<%ChangeCtrlWindowForward><pict 4space>สลับหน้าต่าง"""
Mes_AllRemoved#0,"""นำ Portable Holograms ออกทั้งหมดแล้ว"""
Mes_Limit#0,"""ไม่สามารถวางเพิ่มได้เนื่องจาก Cost ถึงขีดจำกัดแล้ว"""
Mes_AutoRemoved#0,"""นำ $(0) ออกแล้วเนื่องจากคุณอยู่ไกลเกินไป"""
Mes_OneRemoved#0,"""นำ $(0) ออกแล้ว"""
Mes_Lost#0,"""ไม่มี Portable Holograms ให้นำออก"""
Mes_BeginnerBlock#0,"""ไม่สามารถวาง Portable Holograms ในบล็อกนี้ได้"""
PortableHologram_Favorite_Add#0,"""เพิ่มลงในรายการโปรด"""
PortableHologram_Favorite_Delete#0,"""นำออกจากรายการโปรด"""
PortableHologram_Favorite_Up#0,"""เลื่อนขึ้นหนึ่งอันดับ"""
PortableHologram_Favorite_Down#0,"""เลื่อนลงหนึ่งอันดับ"""
PortableHologram_Favorite_Top#0,"""เลื่อนขึ้นบนสุดของรายการ"""
PortableHologram_Favorite_Bottom#0,"""เลื่อนลงล่างสุดของรายการ"""
PortableHologram_Favorite_Add_Msg#0,"""เพิ่ม Portable Hologram 【 $(2) 】 ลงในรายการโปรดแล้ว ($(1)/$(0))"""
PortableHologram_Favorite_Delete_Msg#0,"""นำ Portable Hologram 【 $(2) 】 ออกจากรายการโปรดแล้ว ($(1)/$(0))"""
PortableHologram_Favorite_Add_ErrorMsg#0,"""ไม่สามารถเพิ่มลงในรายการโปรดได้ เนื่องจากจำนวนรายการโปรดถึงขีดจำกัดแล้ว"""
MySpaceName#0,"""Creative Space"""
MySpaceName_TeamSpace#0,"""Team Space"""
MySpaceToastText_GeneratePoint_Get#0,"""ได้รับ $(0) GP"""
MySpaceToastText_GeneratePoint_Get_LimitNotice#0,"""ได้รับ $(0) GP (ขีดจำกัดรายวัน: $(1)/$(2)<pict 4space><pict myspace_point>)"""
MySpaceShopText_BuyMessage#0,"""จะซื้อไอเทมด้วย $(1)$(0) GP<br>ดำเนินการต่อหรือไม่?"""
MySpaceShopText_BuyMessage_Confirm#0,"""(ข้อความชั่วคราว)<br>จะซื้อไอเทมด้วย $(1)$(0) GP<br>ดำเนินการต่อหรือไม่?<br><br><yellow>※มี Build Parts ที่ลงทะเบียนไว้แล้วหรือครอบครองอยู่รวมอยู่ด้วย<c>"""
MySpaceShopText_BuyMessage_Reconfirmation#0,"""(ข้อความชั่วคราว)<br>มี Build Parts ที่ลงทะเบียนไว้แล้วหรือครอบครองอยู่รวมอยู่ด้วย<br>คุณต้องการซื้อจริงๆ หรือไม่?"""
MySpaceShopText_NotPoint#0,"""Genesis Points ไม่เพียงพอ"""
TimeoutTitle#0,"""ข้อความ"""
Timeout#0,"""การสื่อสารกับเซิร์ฟเวอร์หมดเวลา<br>กรุณาลองใหม่อีกครั้งในภายหลัง"""
DefaultColorButton#0,"""รีเซ็ตเป็นสีเริ่มต้น"""
MySpaceCategoryText_TimeStamp#0,"""ประวัติ"""
MySpaceCategoryText_Materials#0,"""วัสดุก่อสร้าง"""
MySpaceCategoryText_Terrain#0,"""อาคาร/เครื่องมือ/อุปกรณ์"""
MySpaceCategoryText_Nature#0,"""วัตถุธรรมชาติ"""
MySpaceCategoryText_Shap#0,"""รูปทรง 3 มิติ"""
MySpaceCategoryText_Play#0,"""กลไก"""
MySpaceCategoryText_Furniture#0,"""เฟอร์นิเจอร์"""
MySpaceCategoryText_Collaboration#0,"""ไอเทมคอลแลปส์"""
MySpaceCategoryText_BluePrint#0,"""Blueprints"""
MySpaceInfoFormTitle#0,"""ข้อมูล Creative Space"""
TeamSpaceInfoFormTitle#0,"""ข้อมูล Team Space"""
MySpace_RoomNumber#0,"""หมายเลข Creative Space"""
TeamSpace_RoomNumber#0,"""หมายเลข Team Space"""
MySpace_CSpace_ShipDisplay#0,"""Ship"""
TeamSpace_NTeamPointPossesion#0,"""N-Team Points ปัจจุบัน"""
MySpace_NumberFormat#0,"""$(0) $(1)"""
MySpace_SpaceName#0,"""ชื่อ Creative Space"""
TeamSpace_SpaceName#0,"""ชื่อ Team Space"""
TeamSpace_TeamName#0,"""ชื่อ Team"""
TeamSpace_TeamPeople#0,"""สมาชิก"""
TeamSpace_TeamNumofPeople#0,"""$(0)"""
TeamSpace_TeamNumofPeople_within4#0,"""<yellow>$(0)<c>\u3000※Team Space ใช้งานได้เมื่อมีสมาชิกตั้งแต่ 4 คนขึ้นไปเท่านั้น"""
MySpace_AccessSetting#0,"""ตั้งค่าห้อง"""
MySpace_PlayerIDName#0,"""ชื่อ Player ID"""
MySpace_Category#0,"""หมวดหมู่"""
MySpace_Tag#0,"""แท็กค้นหา"""
MySpace_Explanation#0,"""คอมเมนต์"""
MySpace_CategoryLocation#0,"""ทิวทัศน์"""
MySpace_CategoryAmusement#0,"""กิจกรรม"""
MySpace_CategoryCommunication#0,"""พูดคุยสังสรรค์"""
MySpace_TotalDownload#0,"""จำนวนการดาวน์โหลด Blueprint ทั้งหมด"""
MySpace_TotalGJ#0,"""Good Jobs ที่ได้รับ"""
MySpace_ConfigGude#0,"""<%MultiSelect>: แสดงข้อมูลการอัปเดต"""
MySpace_UpdateInfo_Title#0,"""ข้อมูลการอัปเดต"""
MySpace_UpdateInfo_Label#0,"""ชื่อ Player ID ผู้แก้ไขภูมิประเทศล่าสุด"""
MySpace_DownloadCount#0,"""x $(0)"""
MySpaceShopCheckBoxTitle#0,"""แสดงเฉพาะไอเทมที่ยังไม่ได้ลงทะเบียน"""
MySpaceBaseChangeGP#0,"""Genesis Points"""
MySpaceItemDetailsTitle#0,"""รายละเอียดไอเทม"""
MySpaceItemDetailsTitle2#0,"""รายละเอียด Parts"""
MySpaceItemDetailsInstallationLimit#0,"""ขีดจำกัดการติดตั้งสูงสุด"""
MySpaceItemDetailsRotateLimit#0,"""แกนหมุน"""
MySpaceItemDetailsRotateLimitNone#0,"""ไม่จำกัด"""
MySpaceItemDetailsRotateLimitX#0,"""เฉพาะ X"""
MySpaceItemDetailsRotateLimitY#0,"""เฉพาะ Y"""
MySpaceItemDetailsRotateLimitZ#0,"""เฉพาะ Z"""
MySpaceItemDetailsRotateLimitXY#0,"""เฉพาะ XY"""
MySpaceItemDetailsRotateLimitXZ#0,"""เฉพาะ XZ"""
MySpaceItemDetailsRotateLimitYZ#0,"""เฉพาะ YZ"""
MySpaceItemDetailsScaleLimit#0,"""สเกล"""
MySpaceItemDetailsScaleLimitNone#0,"""ไม่จำกัด"""
MySpaceItemDetailsScaleLimitAllAxis#0,"""ทุกแกน"""
MySpaceItemDetailsScaleLimitLimited#0,"""ไม่อนุญาต"""
MySpaceItemDetailsColorChange#0,"""เปลี่ยนสีได้"""
MySpaceItemDetailsColorChangePossible#0,"""อนุญาต"""
MySpaceItemDetailsColorChangeImpossible#0,"""ไม่อนุญาต"""
MySpaceItemDetailsBlueprint#0,"""ลงทะเบียนไปยัง Blueprint"""
MySpaceItemDetailsBlueprintImpossible#0,"""ไม่อนุญาต"""
MySpaceItemDetailsCommonExplanation#0,"""Build Parts สำหรับใช้ใน Creative Space<br>เปิดเมนู Creative Space แล้ว<br>เลือก 【 Register Build Parts 】 เพื่อใช้งาน หรือ<br>เลือกและใช้งานจาก 【 Item Menu 】"""
MySpaceItemDetailsStatus#0,"""สถานะการลงทะเบียน: $(0)"""
MySpaceItemDetailsStatusUnused#0,"""<yellow>ยังไม่ได้ลงทะเบียน<c>"""
MySpaceItemDetailsStatusUsed#0,"""<yellow>ลงทะเบียนแล้ว<c>"""
MySpaceItemDetailsNoRegister#0,"""\u3000เมื่อลงทะเบียนแล้ว ชิ้นส่วนนี้จะสามารถใช้งานได้<br>\u3000กับทุกตัวละครในบัญชีของคุณ"""
MySpaceItemDetailsRegister#0,"""\u3000สามารถใช้งานได้กับทุกตัวละครในบัญชีของคุณ"""
MySpaceItemDetailsGimmick#0,"""Parts ที่มีกลไก"""
MySpaceBlueprintInfoFormTitle#0,"""ข้อมูล Blueprint"""
MySpaceBlueprintInfoHeadLine_Blueprint#0,"""ชื่อ Blueprint"""
MySpaceBlueprintInfoHeadLine_Search#0,"""แท็กค้นหา"""
MySpaceBlueprintInfoHeadLine_Comment#0,"""คอมเมนต์"""
MySpaceBlueprintInfoHeadLine_Object#0,"""Parts ที่ใช้"""
MySpaceBlueprintInfoHeadLine_Author#0,"""ผู้สร้าง"""
MySpaceBlueprintInfoHeadLine_Player#0,"""ชื่อ Player ID"""
MySpaceBlueprintInfoHeadLine_Release#0,"""วันที่เผยแพร่"""
MySpaceBlueprintInfoItemText_Num#0,"""x$(0)"""
MySpaceBlueprintInfoItemText_NumOver#0,"""<red>x$(0)<c>"""
MySpaceBlueprintInfoItemText_Unpublished#0,"""ส่วนตัว"""
MySpaceBlueprintInfoItemText_Date#0,"""<utcymdt>$(0)</utcymdt>"""
MySpaceBlueprintThumbnailTableFormTitle#0,"""รายการ Parts ที่ใช้"""
MySpaceBlueprintThumbnailTableText_Gray#0,"""ไม่สามารถวางได้เนื่องจาก Build Part นี้ยังไม่ได้ลงทะเบียน"""
MySpaceBlueprintThumbnailTableText_Yellow#0,"""ไม่สามารถวางได้เนื่องจากเกินขีดจำกัดการวาง"""
MySpaceBlueprintThumbnailTableText_Empty#0,"""ไม่มี Parts"""
MySpaceBlueprintThumbnailTableText_Limit#0,"""จำนวนสูงสุดของ Parts ($(0)) ใน Blueprint เกินขีดจำกัดแล้ว"""
MySpaceGpShopTitle#0,"""ร้านแลกเปลี่ยน Genesis Points"""
MySpaceGpShopTitle_Guide#0,"""ที่นี่ คุณสามารถแลกเปลี่ยน Genesis Points เป็นไอเทมได้"""
MainMenu_MySpace_CSpaceNenu#0,"""Creative Spaces"""
MainMenu_MySpace_IndexHome#0,"""My Space"""
MainMenu_MySpace_IndexTrend#0,"""กำลังมาแรง"""
MainMenu_MySpace_IndexLifestyle#0,"""ชุมชน"""
MainMenu_MySpace_IndexSearch#0,"""ค้นหา"""
MainMenu_MySpace_IndexSystem#0,"""เบ็ดเตล็ด"""
MainMenu_MySpace_IndexBluePrintBuzTrend#0,"""Blueprints ที่กำลังมาแรง"""
MainMenu_MySpace_IndexBluePrintBuzTag#0,"""แท็ก Blueprint ที่กำลังมาแรง"""
MainMenu_MySpace_PickCSpace#0,"""Spaces ที่กำลังมาแรง"""
MainMenu_MySpace_PickBlueprint#0,"""Blueprints ที่กำลังมาแรง"""
MainMenu_MySpace_ActiveTeamSpace#0,"""Team Spaces ที่เพิ่งอัปเดต"""
MainMenu_MySpace_OfficialSpace#0,"""Official Spaces"""
MainMenu_MySpace_MyCSpace#0,"""Creative Spaces ของคุณ"""
MainMenu_MySpace_FriendCSpace#0,"""Spaces ของ Friends"""
MainMenu_MySpace_TeamSpace#0,"""Team Spaces ของคุณ"""
MainMenu_MySpace_HistoryCSpace#0,"""Spaces ที่เคยไปเยี่ยมชม"""
MainMenu_MySpace_SearchCSpace#0,"""ค้นหา Creative/Team Spaces"""
MainMenu_MySpace_SearchBlueprint#0,"""ค้นหา Blueprints"""
MainMenu_MySpace_ReportCSpace#0,"""รายงาน Space นี้ว่ามีความไม่เหมาะสม"""
MainMenu_MySpace_PositionReset#0,"""กลับไปยังจุดเริ่มต้น"""
MainMenu_MySpace_OutCSpace#0,"""กลับไปยัง ARKS Base"""
MainMenu_MySpace_PickBlueprintTrend#0,"""ดูทั้งหมด"""
MainMenu_MySpace_WindowNamePickCSpace#0,"""ดูกำลังมาแรง"""
MainMenu_MySpace_WindowNameOfficialSpace#0,"""ดู Official"""
MainMenu_MySpace_WindowNameMyCSpace#0,"""ดู Spaces ของคุณ"""
MainMenu_MySpace_WindowNameFriendCSpace#0,"""ดู Spaces ของ Friends"""
MainMenu_MySpace_WindowNameActiveTeamSpace#0,"""Team Spaces ที่เพิ่งอัปเดต"""
MainMenu_MySpace_WindowNameTeamSpace#0,"""ดู Team Spaces"""
MainMenu_MySpace_WindowNameHistoryCSpace#0,"""เยี่ยมชมแล้ว"""
MainMenu_MySpace_WindowNameSearchCSpace#0,"""ค้นหา Creative/Team Spaces"""
MainMenu_MySpace_WindowNameSearchShipSelect#0,"""Ship"""
MainMenu_MySpace_WindowNameFriendList#0,"""รายชื่อ Friends"""
MainMenu_MySpace_WindowNameBluePrintTrend#0,"""Blueprints ที่กำลังมาแรง"""
MainMenu_MySpace_Search#0,"""ค้นหา"""
MainMenu_MySpace_Search_TabCSpace#0,"""C Space"""
MainMenu_MySpace_Search_TabTeamSpace#0,"""T Space"""
MainMenu_MySpace_Move#0,"""ข้อความ"""
MainMenu_MySpace_SearchResult#0,"""ผลการค้นหา"""
MainMenu_MySpace_Unspecified#0,"""ไม่ระบุ"""
MainMenu_MySpace_TabPickup#0,"""แนะนำ"""
MainMenu_MySpace_TabLocation#0,"""ทิวทัศน์"""
MainMenu_MySpace_TabAmusement#0,"""กิจกรรม"""
MainMenu_MySpace_TabCommunication#0,"""พูดคุยสังสรรค์"""
MainMenu_TeamSpace_TabTeam#0,"""Team"""
MainMenu_MySpace_TabOperation#0,"""Official"""
MainMenu_MySpace_TabHistory#0,"""ดูประวัติ"""
MainMenu_MySpace_TabFavorite#0,"""ดูรายการโปรด"""
MainMenu_MySpace_TabNew#0,"""วันที่เผยแพร่"""
MainMenu_MySpace_TabVisitorsNumber#0,"""จำนวนผู้เยี่ยมชมทั้งหมด"""
MainMenu_MySpace_TabPartsNumber#0,"""จำนวน Parts ที่ใช้"""
MainMenu_MySpace_TabDLNumber#0,"""จำนวนการดาวน์โหลดทั้งหมด"""
MainMenu_MySpace_TabGJNumber#0,"""จำนวน Good Jobs ทั้งหมด"""
MainMenu_MySpace_StatusOpen#0,"""<cyan>เปิดสาธารณะ<c>"""
MainMenu_MySpace_StatusClose#0,"""ส่วนตัว"""
MainMenu_MySpace_StatusFriend#0,"""<cyan>เฉพาะ Friends<c>"""
MainMenu_MySpace_StatusTeam#0,"""<cyan>เฉพาะสมาชิก Team<c>"""
MainMenu_MySpace_StatusFriendTeam#0,"""<cyan>เฉพาะ Friends & สมาชิก Team<c>"""
MainMenu_MySpace_StatusExpired#0,"""<scarlet>หมดอายุ<c>"""
MainMenu_MySpace_StatusExpired2#0,"""<scarlet>หมดอายุ ($(0))<c>"""
MainMenu_MySpace_StatusNotBuy#0,"""<yellow>ยังไม่ได้ซื้อ<c>"""
MainMenu_MySpace_Rank#0,"""(ชั่วคราว)"""
MainMenu_MySpace_IndexCSpaceCategory#0,"""ชื่อ Creative Space/หมวดหมู่"""
MainMenu_MySpace_PlayerIDName#0,"""ชื่อ Player ID"""
MainMenu_MySpace_BlueprintCSpace#0,"""ชื่อ Creative Space/ชื่อ Blueprint"""
MainMenu_MySpace_PlayerIDNameOpen#0,"""ชื่อ Player ID/สถานะการเปิดเผย"""
MainMenu_MySpace_CSpaceSearch#0,"""ค้นหา Creative Space"""
MainMenu_MySpace_TeamSpaceSearch#0,"""ค้นหา Team Space"""
MainMenu_MySpace_ConditionSearch#0,"""เงื่อนไขการค้นหา"""
MainMenu_MySpace_BlueprintSearch#0,"""ชื่อ Blueprint"""
MainMenu_MySpace_TagSearch#0,"""แท็กค้นหา"""
MainMenu_MySpace_DefaultName#0,"""Creative Space"""
MainMenu_MySpace_DefaultNamePremium#0,"""Premium Space"""
MainMenu_MySpace_DefaultNameRental01#0,"""Rental Space 01"""
MainMenu_MySpace_DefaultNameRental02#0,"""Rental Space 02"""
MainMenu_MySpace_DefaultNameRental03#0,"""Rental Space 03"""
MainMenu_MySpace_DefaultNameRental04#0,"""Rental Space 04"""
MainMenu_MySpace_HiddenSpace#0,"""Private Space"""
MainMenu_MySpace_ExpirationDate#0,"""เวลาหมดอายุการเช่า"""
MainMenu_MySpace_IndexCategory#0,"""หมวดหมู่"""
MainMenu_MySpace_IndexSearchTag#0,"""แท็ก"""
MainMenu_MySpace_IndexTheme#0,"""ธีม"""
MainMenu_MySpace_IndexBuildParts#0,"""Parts ที่ครอบครอง"""
MainMenu_MySpace_IndexAllHave#0,"""จำนวน Parts ที่ครอบครองทั้งหมด"""
MainMenu_MySpace_IndexReportCSNameNumber#0,"""ชื่อ Creative Space/หมายเลข"""
MainMenu_MySpace_ChoiceMoveCSpace#0,"""ย้ายไปยัง Creative Space นี้"""
MainMenu_MySpace_BlockMoveCSpace#0,"""นี่จะย้ายคุณไปยัง Creative Space คุณต้องการดำเนินการย้ายต่อหรือไม่?"""
MainMenu_MySpace_BlockMoveCSpace_AllShip#0,"""นี่จะย้ายคุณไปยัง Creative Space แบบ<br>All-Ship Matching หากคุณย้ายจาก Ship ของคุณเอง<br>คุณจะออกจากปาร์ตี้ปัจจุบัน<br>คุณต้องการดำเนินการย้ายต่อหรือไม่?"""
MainMenu_MySpace_BlockMoveTeamSpace#0,"""นี่จะย้ายคุณไปยัง Team Space คุณต้องการดำเนินการย้ายต่อหรือไม่?"""
MainMenu_MySpace_BlockMoveCSpaceError#0,"""(ข้อความชั่วคราว)<br>ไม่สามารถย้ายไปยัง Creative Space ได้"""
MainMenu_MySpace_Blocklist#0,"""(ข้อความชั่วคราว)<br><br>เจ้าของ Space ปลายทาง<br>ถูกลงทะเบียนอยู่ใน Blocklist ของคุณ"""
MainMenu_MySpace_BlockMoveBlueprint#0,"""นี่จะย้ายคุณไปยัง Creative Space ที่ลงทะเบียน Blueprint นี้ไว้ คุณต้องการดำเนินการย้ายต่อหรือไม่?"""
MainMenu_MySpace_BlockMoveBlueprintShortage#0,"""นี่จะย้ายคุณไปยัง Creative Space ที่ลงทะเบียน Blueprint นี้ไว้ คุณต้องการดำเนินการย้ายต่อหรือไม่?<br><br><yellow>※คุณขาด Build Parts บางส่วนที่จำเป็นในการสร้าง Blueprint นี้ขึ้นมาใหม่<c>"""
MainMenu_MySpace_CrossPlaySpaceMoveFail#0,"""ไม่สามารถย้ายไปได้<br>เนื่องจากการตั้งค่าของ Creative Space ปลายทาง"""
MainMenu_MySpace_CrossPlaySpaceEnable#0,"""Creative Space ที่เลือก<br>ได้ปิดการใช้งานการตั้งค่าครอสเพลย์ (Cross-play) ไว้<br><br>หากต้องการย้ายไป จำเป็นต้องเปิดใช้งานการตั้งค่านี้<br>เปิดใช้งานเลยหรือไม่?"""
MainMenu_MySpace_CrossPlaySpaceReset#0,"""Creative Space ที่เลือก<br>ได้เปิดใช้งานการตั้งค่าครอสเพลย์ (Cross-play) ไว้<br>หากต้องการย้ายไป จำเป็นต้อง<yellow>【 รีเซ็ต 】<c> Creative Space<br>เพื่อปิดการใช้งานการตั้งค่านี้<br>ปิดใช้งานเลยหรือไม่?"""
MainMenu_MySpace_CrossPlaySpaceEnableSuccess#0,"""※(ข้อความชั่วคราว)<br><br>ตั้งค่า Space ให้เปิดใช้งานครอสเพลย์แล้ว"""
MainMenu_MySpace_CrossPlaySpaceResetSuccess#0,"""※(ข้อความชั่วคราว)<br><br>รีเซ็ต Space และตั้งค่าให้ปิดใช้งานครอสเพลย์แล้ว"""
MainMenu_MySpace_NoticeTeamUnderstaffed#0,"""ต้องมีผู้เล่นอย่างน้อย 4 คนจึงจะสามารถใช้ Team Spaces ได้"""
MainMenu_MySpace_TeamSpaceBuyTitle#0,"""ซื้อ Team Space"""
MainMenu_MySpace_TeamSpaceBuyCheck#0,"""สามารถซื้อ 【 Team Spaces 】 อื่นๆ เพิ่มเติมได้โดยใช้ N-Team Points ต้องการไปยังหน้าจอสั่งซื้อหรือไม่?<br><br><yellow>※จำเป็นต้องมีผู้เล่นอย่างน้อย 4 คนในการใช้บริการเหล่านี้<c>"""
MainMenu_MySpace_TeamSpaceBuyPrice#0,"""【 Team Space 】 นี้ต้องใช้ $(1)<pict 4space><pict reb_team>TP ในการซื้อ<br>คุณต้องการดำเนินการซื้อต่อหรือไม่?<br><br>(N-Team Point ปัจจุบัน: $(0)<pict 4space><pict reb_team>TP)"""
MainMenu_MySpace_TeamSpaceBuy#0,"""ซื้อ Team Space เพิ่มเติมสำเร็จแล้ว"""
MainMenu_MySpace_TeamSpaceBuyNotPoint#0,"""N-Team Points ไม่เพียงพอ"""
MainMenu_MySpace_TeamSpaceBuyNotRole#0,"""คุณไม่มีสิทธิ์ที่จำเป็นในการใช้ฟังก์ชันนี้"""
MainMenu_MySpace_TeamSpaceBuyPurchased#0,"""คุณได้ซื้อ Team Space นี้ไปแล้ว"""
MainMenu_MySpace_TeamSpaceBuyError#0,"""ซื้อ Team Space ล้มเหลว"""
MainMenu_MySpace_SearchCSpaceNumber#0,"""ค้นหาด้วยหมายเลข Creative Space"""
MainMenu_MySpace_SearchCSpacePlayerID#0,"""ค้นหาด้วยชื่อ Player ID"""
MainMenu_MySpace_SearchCSpaceName#0,"""ค้นหาด้วยชื่อ Creative Space"""
MainMenu_MySpace_SearchTeamSpaceNumber#0,"""ค้นหาด้วยหมายเลข Team Space"""
MainMenu_MySpace_SearchTeamName#0,"""ค้นหาด้วยชื่อ Team"""
MainMenu_MySpace_SearchTeamSpaceName#0,"""ค้นหาด้วยชื่อ Team Space"""
MainMenu_MySpace_EmptySearchCSpace#0,"""ไม่พบ Creative Spaces ที่ตรงกับเงื่อนไขที่ระบุ"""
MainMenu_MySpace_EmptySearchTeamSpace#0,"""ไม่พบ Team Spaces ที่ตรงกับเงื่อนไขที่ระบุ"""
MainMenu_MySpace_EmptyTeamSpace#0,"""ไม่พบ Team Spaces"""
MainMenu_MySpace_EmptySearchBlueprint#0,"""ไม่พบ Blueprints ที่ตรงกับเงื่อนไขที่ระบุ"""
MainMenu_MySpace_ToastFavoriteON#0,"""เพิ่มลงในรายการโปรดแล้ว"""
MainMenu_MySpace_ToastFavoriteOFF#0,"""นำออกจากรายการโปรดแล้ว"""
MainMenu_MySpace_ToastFavoriteON_Fail#0,"""ไม่สามารถเพิ่ม Creative Space นี้ลงในรายการโปรดของคุณได้"""
MainMenu_MySpace_ToastFavoriteOFF_Fail#0,"""นำออกจากรายการโปรดของคุณล้มเหลว"""
MainMenu_MySpace_PositionResetText#0,"""จะกลับไปยังจุดเริ่มต้นของ Creative Space นี้<br>ดำเนินการต่อหรือไม่?"""
MainMenu_MySpace_OutCSpaceText#0,"""จะออกจาก Creative Space และกลับไปยัง ARKS Base หากคุณอยู่ในอินสแตนซ์แบบ All-Ship คุณจะออกจากปาร์ตี้ปัจจุบัน<br>ดำเนินการต่อหรือไม่?"""
MainMenu_MySpace_ErrMSG#0,"""ข้อความ"""
MainMenu_MySpace_MoveFailToast#0,"""ไม่สามารถย้ายไปยัง Creative Space ที่เลือกได้"""
MainMenu_MySpace_BuyCheck#0,"""คุณต้องการซื้อไอเทมด้านล่างในราคา $(2)$(0) หรือไม่?<br><br>(AC ที่มี: $(1))"""
MainMenu_MySpace_DirectBuy_Premium#0,"""ยืนยันการซื้อไอเทม"""
MainMenu_MySpace_Explanation_PurchaseConfirmation_Premium#0,"""<pict Arcscash><scarlet>คอนเทนต์ AC<c><br>ฟีเจอร์ที่คุณเลือกหมดอายุแล้ว<br><br>คุณสามารถเข้าถึงได้โดยการใช้ <yellow>Premium Set<c> ต้องการไปยังหน้าจอสั่งซื้อ Premium Set หรือไม่?"""
MainMenu_MySpace_DirectUse_Premium#0,"""ยืนยันการใช้ไอเทม"""
MainMenu_MySpace_Explanation_ItemUsePremium#0,"""<pict Arcscash><c 5fdf00>การใช้ไอเทมที่ซื้อไว้<c><br>คุณไม่สามารถเข้าสู่ Premium Creative Space ได้เนื่องจากยังไม่ได้ใช้ Premium Set หรือระยะเวลาหมดอายุแล้ว<br><br>คุณต้องการใช้ <yellow>Premium Set<c> จาก Inventory เพื่อเปิดใช้งาน Premium Creative Space หรือไม่?<br><br><yellow>※หากคุณมี Premium Set มากกว่าหนึ่งประเภท ระบบจะเลือกใช้แบบที่มีวันหมดอายุยาวนานกว่าก่อน<c><br><br><yellow>※หากคุณต้องการตรวจสอบว่ามีไอเทมใดบ้างที่สามารถใช้งานได้ กรุณาตรวจสอบใน Inventory ของคุณ<c>"""
MainMenu_MySpace_DirectBuy_Rental#0,"""ยืนยันการซื้อไอเทม"""
MainMenu_MySpace_Explanation_PurchaseConfirmation_Rental#0,"""<pict Arcscash><scarlet>คอนเทนต์ AC<c><br>คุณยังไม่ได้ซื้อสิทธิ์การใช้ Rental Creative Space หรือระยะเวลาเช่าหมดอายุแล้ว<br><br>คุณสามารถซื้อตั๋วที่เกี่ยวข้องเพื่อเข้าใช้งาน Rental Creative Space ได้ทันที<br><br>ต้องการไปยังหน้าจอซื้อตั๋วหรือไม่?"""
MainMenu_MySpace_DirectUse_Rental#0,"""ยืนยันการใช้ไอเทม"""
MainMenu_MySpace_Explanation_ItemUseRental#0,"""<pict Arcscash><c 5fdf00>การใช้ไอเทมที่ซื้อไว้<c><br>คุณยังไม่ได้ซื้อสิทธิ์การใช้ Rental Creative Space หรือระยะเวลาเช่าหมดอายุแล้ว<br><br>คุณต้องการใช้ตั๋วจาก Inventory เพื่อเข้าใช้งาน Rental Creative Space หรือไม่?<br><br><yellow>※หากคุณต้องการตรวจสอบว่ามีไอเทมใดบ้างที่สามารถใช้งานได้ กรุณาตรวจสอบใน Inventory ของคุณ<c>"""
MainMenu_MySpace_WorldMapNotUse#0,"""ไม่สามารถเข้าถึง World Map ได้ในสถานที่นี้ ต้องการกลับไปยัง ARKS Base หรือไม่?<br>*หากคุณอยู่ในอินสแตนซ์แบบ All-Ship คุณจะออกจากปาร์ตี้ปัจจุบัน"""
ZoneErrorMessage#0,"""ไม่สามารถใช้งานได้ใน Creative Space"""
MySpaceBgmText_NotPlay#0,"""ไม่สามารถเล่นเพลงที่เลือกได้<br>หากต้องการเล่นเพลงนี้ คุณต้องดาวน์โหลดข้อมูลของ PSO2 ก่อน"""
MySpaceCampaignBoost_Title#0,"""Campaign 【 Boost 】"""
MySpaceCampaignBoost_Tree#0,"""<pict myspace_point_b><pict 4space>ตัวคูณ Genesis Points ของต้นไม้ GP"""
MySpaceCampaignBoost_Percent#0,"""+$(0)%"""
MySpace_WindowNameActiveCSpace#0,"""ผลการค้นหา"""
MainMenu_MySpace_SelectShipType1#0,"""ย้ายไปยัง Creative Space ผ่านทาง Ship ท้องถิ่น"""
MainMenu_MySpace_SelectShipType2#0,"""ย้ายไปยัง Creative Space (ไม่สามารถแก้ไขได้) ผ่านทาง All-Ship"""
MainMenu_MySpace_ShareShip_RoomSetting_NoEnter#0,"""Creative Spaces ที่ไม่ได้ตั้งเป็น 【 Open to Public 】 จะไม่สามารถเข้าถึงได้ผ่าน All-Ship Matchmaking"""
MainMenu_MySpace_SearchShareCSpace_Guidance01#0,"""สำหรับ Ships อื่นที่ไม่ใช่ของคุณเอง ต้องระบุหมายเลข Creative Space ในการค้นหา"""
MainMenu_MySpace_Favorite_MAX#0,"""คุณไม่สามารถเพิ่ม Build Parts ลงในรายการโปรดได้อีก"""
MainMenu_MySpace_ChoiceFavoriteON#0,"""เพิ่มลงในรายการโปรด"""
MainMenu_MySpace_ChoiceFavoriteUP#0,"""ย้ายกลับ 1 ตำแหน่ง"""
MainMenu_MySpace_ChoiceFavoriteDOWN#0,"""เลื่อนไปข้างหน้า 1 ตำแหน่ง"""
MainMenu_MySpace_ChoiceFavoriteTOP#0,"""ย้ายไปตำแหน่งแรก"""
MainMenu_MySpace_ChoiceFavoriteBUTTOM#0,"""ย้ายไปตำแหน่งสุดท้าย"""
MainMenu_MySpace_ChoiceFavoriteOFF#0,"""นำออกจากรายการโปรด"""
MySpaceBlueprint_Access_AllShipMatching_1#0,"""ไม่สามารถใช้งานได้ระหว่าง All-Ship Matchmaking"""
MainMenu_VitalDesign#0,"""ดีไซน์ Vital Gauge"""
VitalDesign_Delete#0,"""รีเซ็ตเป็นดีไซน์เริ่มต้น"""
VitalDesignCategoryTab_99#0,"""0. รายการโปรด"""
VitalDesignCategoryTab_0#0,"""1. แสดงทั้งหมด"""
VitalDesignChangeSuccess#0,"""เปลี่ยนดีไซน์ Vital Gauge แล้ว"""
VitalDesign_Favorite_Add#0,"""ลงทะเบียนลงในรายการโปรดแล้ว ($(0)/$(1))"""
VitalDesign_Favorite_Add_Error#0,"""ไม่สามารถลงทะเบียนได้เนื่องจากถึงขีดจำกัดรายการโปรดแล้ว ($(0)/$(1))"""
VitalDesign_Favorite_Delete#0,"""นำออกจากรายการโปรดแล้ว ($(0)/$(1))"""
NoVitalDesignMessage#0,"""ไม่มีดีไซน์ให้เปลี่ยน"""
VitalDesignSetting_Title#0,"""การตั้งค่า Vital Gauge"""
VitalDesignSetting_Item1#0,"""แสดงแถบ HP/PP"""
VitalDesignSetting_GaugeOn#0,"""แสดง"""
VitalDesignSetting_GaugeOff#0,"""ไม่แสดง"""
ActionCustomize#0,"""Tech Arts Customization"""
ActionCustomizeTitle#0,"""Tech Arts Customization"""
Explanation1#1,"""ที่นี่ คุณสามารถทำ Tech Arts Customization และตั้งค่า Custom Effects ได้"""
Explanation2#0,"""เลือกประเภทของ Tech Arts Customization ที่จะทำ <yellow>ผลลัพธ์ของ Customization จะถูกบันทึกแยกต่างหากสำหรับ PA และ Technique แต่ละอัน<c>"""
Explanation3#0,"""เลือกระดับของ Tech Arts Customization ที่จะทำ"""
Explanation4#0,"""ตรวจสอบการเลือกของคุณก่อนทำ Tech Arts Customization"""
Explanation5#0,"""ที่นี่ คุณสามารถนำ Tech Arts Customizations ที่ตั้งค่าไว้ออก หรือสลับประเภทได้"""
Menu_Label1#0,"""ทำ Tech Arts Customization"""
Menu_Label2#0,"""ตั้งค่า Custom Effects"""
Large_Title1#0,"""เซ็ตปัจจุบัน"""
Large_Title2#0,"""เลือก Tech Arts"""
Large_Title3#0,"""เลือก Customization"""
Large_Title4#0,"""เลือกระดับ Customization"""
Large_Title5#0,"""รายละเอียด Custom Effect"""
Large_Title6#0,"""กำลังดำเนินการ Tech Arts Customization"""
Large_Title7#0,"""ผลลัพธ์"""
Small_Title1#0,"""Type $(0)"""
Small_Title2#0,"""Lv.$(0)"""
Small_Title3#0,"""ระดับปัจจุบัน"""
Small_Title4#0,"""ระดับ Custom Effect"""
Small_Title5#0,"""PA/Technique ที่เลือก"""
Small_Title6#0,"""ผลลัพธ์ Customization"""
Small_Title7#0,"""Lv. --"""
Button1#0,"""ตกลง"""
Button2#0,"""กลับ"""
Button3#0,"""นำออก"""
Button4#0,"""กลับ"""
Message_Confirm1#0,"""คุณกำลังจะทำ Tech Arts Customization<br>แน่ใจหรือไม่ว่าต้องการดำเนินการต่อ?<br><yellow>※ผลลัพธ์จะถูกบันทึกแยกกันสำหรับ PA/Technique แต่ละอัน<br>※หากมี Custom Effect ประเภทนี้อยู่แล้ว ผลลัพธ์ก่อนหน้าของคุณจะถูกเขียนทับ<c>"""
Message_Finish#0,"""Tech Arts Customization เสร็จสมบูรณ์"""
Message_ActionChange#0,"""เปลี่ยนประเภท Custom Effect เสร็จสมบูรณ์"""
Message_ActionLift#0,"""Custom Effect ที่ตั้งค่าไว้ก่อนหน้านี้ถูกนำออกแล้ว"""
Message_Error#0,"""ไม่สามารถเปลี่ยนการตั้งค่าได้"""
Message_Error1#0,"""การสื่อสารกับเซิร์ฟเวอร์ล้มเหลว<br>กรุณาลองใหม่อีกครั้งในภายหลัง"""
Message_Error2#0,"""เกิดข้อผิดพลาดของระบบ<br>กรุณาเริ่มเกมใหม่"""
Message_Error3#0,"""ประเภท Custom Effect ที่เลือกถึงระดับสูงสุดแล้ว"""
Message_Finish2#0,"""สร้าง Custom Effect เสร็จสมบูรณ์<br>Custom Effect ที่สร้างขึ้นถูกตั้งค่าเรียบร้อยแล้ว"""
Label_NoActionCategory#0,"""ไม่มีตัวเลือกที่ใช้ได้"""
Job00#0,"""<pict class_hunter><pict 4space>Hunter"""
Job01#0,"""<pict class_ranger><pict 4space>Ranger"""
Job02#0,"""<pict class_force><pict 4space>Force"""
Job03#0,"""<pict class_fighter><pict 4space>Fighter"""
Job04#0,"""<pict class_ganner><pict 4space>Gunner"""
Job05#0,"""<pict class_tecter><pict 4space>Techter"""
Job06#0,"""<pict class_braver><pict 4space>Braver"""
Job07#0,"""<pict class_bouncer><pict 4space>Bouncer"""
Job09#0,"""<pict class_summoner><pict 4space>Waker"""
Job11#0,"""<pict class_slayer><pict 4space>Slayer"""
Sword#0,"""<pict sw_icon><pict 4space>Sword"""
WLance#0,"""<pict wl_icon><pict 4space>Wired Lance"""
Partisan#0,"""<pict pz_icon><pict 4space>Partizan"""
TDagger#0,"""<pict td_icon><pict 4space>Twin Daggers"""
DSaber#0,"""<pict ds_icon><pict 4space>Double Saber"""
Knuckle#0,"""<pict kn_icon><pict 4space>Knuckles"""
GunSlash#0,"""<pict gs_icon><pict 4space>Gunslash"""
Rifle#0,"""<pict rf_icon><pict 4space>Assault Rifle"""
Launcher#0,"""<pict gl_icon><pict 4space>Launcher"""
TMachineGun#0,"""<pict ts_icon><pict 4space>Twin Machineguns"""
Rod#0,"""<pict rd_icon><pict 4space>Rod"""
Talis#0,"""<pict tr_icon><pict 4space>Talis"""
Wand#0,"""<pict wd_icon><pict 4space>Wand"""
Katana#0,"""<pict bl_icon><pict 4space>Katana"""
CompoundBow#0,"""<pict co_icon><pict 4space>Bullet Bow"""
Takt#0,"""<pict tt_icon><pict 4space>Takt"""
JBoots#0,"""<pict je_icon><pict 4space>Jet Boots"""
DBlade#0,"""<pict du_icon><pict 4space>Dual Blades"""
OnMouseTechnicAttributeFire#1,"""<pict attr_fire><pict 4space>เวทไฟ"""
OnMouseTechnicAttributeIce#1,"""<pict attr_ice><pict 4space>เวทน้ำแข็ง"""
OnMouseTechnicAttributeThunder#1,"""<pict attr_thunder><pict 4space>เวทสายฟ้า"""
OnMouseTechnicAttributeWind#1,"""<pict attr_wind><pict 4space>เวทลม"""
OnMouseTechnicAttributeLight#1,"""<pict attr_light><pict 4space>เวทแสง"""
OnMouseTechnicAttributeDark#1,"""<pict attr_dark><pict 4space>เวทความมืด"""
Yellow#1,"""<yellow>$(0)<c>"""
GuildMagBoostTitle#0,"""Team Mag 【 Boost 】"""
MagMenu_buff_HP#0,"""เพิ่ม HP"""
MagMenu_buff_PP#0,"""เพิ่ม PP"""
MagMenu_buff_STR#0,"""เพิ่ม ATP"""
MagMenu_buff_EXP#0,"""เพิ่ม EXP"""
MagMenu_buff_Drop#0,"""เพิ่มอัตราดรอปแรร์"""
Action_AttractingSaucer#0,"""ปรับทิศทางการขว้าง: กด <%NormalAttack> ค้างไว้แล้วใช้ <swguidetype T_Moveguide_l><br>เล็งข้ามไหล่: กด <%ChangeView> แล้วใช้ <swguidetype T_Moveguide_r>\u3000\u3000<br>ลอยตัวกลางอากาศ: กด <%NormalAttack> ค้างไว้กลางอากาศ"""
Action_Dntgun#0,"""กด <%NormalAttack> ค้างไว้นานขึ้นเพื่อเพิ่มพลังโจมตี"""
Action_JumppadAlta#0,"""กระโดดอีกครั้ง: <%Jump>"""
ClassCounterLabel#0,"""M.A.R.S. Skills"""
ModuleError01#0,"""การใช้คำสั่งล้มเหลว เกิดข้อผิดพลาดขึ้น"""
ArsenalModule:Sword:Overheat#0,"""การโจมตีโดนศัตรูครบตามจำนวนที่กำหนดจะสะสมพลังงานได้สูงสุด 2 ระดับ พลังงานที่สะสมแต่ละระดับจะเพิ่มความเสียหายที่ทำได้ และเพิ่มปริมาณ HP ที่ฟื้นฟูจากการโจมตีปกติ ด้วย<br>เมื่อใช้งาน Garmr Detonation พลังงานที่สะสมไว้ทั้งหมดจะถูกใช้ไป โดยจะเพิ่มพลังโจมตีขึ้นตามปริมาณพลังงานที่สะสมไว้<br><yellow>※เฉพาะ VA-1SRM Garmr เท่านั้น<c>"""
ArsenalModule:Sword:BoostArcane#0,"""เมื่อหลบการโจมตีสำเร็จด้วย Forward Thrust จะสลับไปใช้ Garmr โดยอัตโนมัติและทำการโจมตีพุ่งชน<br>มีผลแม้จะใช้อาวุธอื่นอยู่ ตราบใดที่ตั้งค่า Garmr ไว้เป็นหนึ่งในอาวุธของคุณ<br><yellow>※เฉพาะ VA-1SRM Garmr เท่านั้น<c>"""
ArsenalModule:Sword:BoardControl#0,"""ฟื้นฟู HP และ PP เมื่อศัตรูในบริเวณใกล้เคียงถูกกำจัด<br><yellow>※เฉพาะ VA-1SRM Garmr เท่านั้น<c>"""
ArsenalModule:Sword:BurnerLinkage#0,"""คุณสามารถกดปุ่ม Normal Attack ค้างไว้เพื่อใช้ HP และทำการโจมตีพิเศษได้สูงสุด 2 ครั้ง หากคุณใช้ Normal Attack ทันทีหลังจากนั้น คุณจะข้ามไปสู่ขั้นสุดท้ายของคอมโบเลย<br><yellow>※เฉพาะ VA-1SRM Garmr เท่านั้น<c>"""
ArsenalModule:Sword:Quicksilver#0,"""การโจมตีศัตรูที่อยู่ในสถานะ Down ด้วย Garmr Detonation จะเพิ่มระยะเวลาที่ศัตรูติดสถานะ Down ให้นานขึ้น<br>เมื่อใช้กับศัตรูที่แข็งแกร่ง เอฟเฟกต์นี้จะไม่แสดงผล แต่พลังของ Garmr Detonation จะเพิ่มขึ้นแทน<br><yellow>※เฉพาะ VA-1SRM Garmr เท่านั้น<c>"""
ArsenalModule:Scythe:LacerationMarker#0,"""การโจมตีโดนศัตรูครบตามจำนวนที่กำหนดจะติดมาร์กเกอร์ ไว้ที่เป้าหมาย การโจมตีเพิ่มเติมสามารถอัปเกรดมาร์กเกอร์เป็นระดับ 2 ได้ ศัตรูที่ติดมาร์กเกอร์จะทำความเสียหายใส่คุณลดลงตามระดับของมาร์กเกอร์บนตัวพวกมัน<br>เมื่อคุณโจมตีศัตรูที่ติดมาร์กเกอร์ด้วย Nidhoggr Execution มาร์กเกอร์จะระเบิดออก ทำความเสียหายตามระดับของมัน<br><yellow>※เฉพาะ VA-2MRM Nidhoggr เท่านั้น<c>"""
ArsenalModule:Scythe:Vengeance#0,"""ทำการโจมตีเพิ่มเติมเมื่อคุณป้องกัน การโจมตีสำเร็จ<br>มีผลแม้จะใช้อาวุธอื่นอยู่ ตราบใดที่ตั้งค่า Nidhoggr ไว้เป็นหนึ่งในอาวุธของคุณ<br><yellow>※เฉพาะ VA-2MRM Nidhoggr เท่านั้น<c>"""
ArsenalModule:Scythe:Serenity#0,"""ในขณะที่ทำการโจมตีปกติ หากคุณหน่วงเวลาการโจมตีครั้งถัดไปเล็กน้อย จะเกิดการโจมตีเพิ่มเติมขึ้นพร้อมกัน ยิ่งคุณหน่วงเวลาการโจมตีนานเท่าใด การโจมตีเพิ่มเติมก็จะยิ่งรุนแรงขึ้นเท่านั้น<br><yellow>※เฉพาะ VA-2MRM Nidhoggr เท่านั้น<c>"""
ArsenalModule:Scythe:Efficiency#0,"""การโจมตีโดนเป้าหมายในการโจมตีปกติ ครั้งที่ 5 ของคอมโบ จะขยายระยะเวลาที่คุณสามารถใช้งาน M.A.R.S. ได้<br><yellow>※เฉพาะ VA-2MRM Nidhoggr เท่านั้น<c>"""
ArsenalModule:Scythe:FocusDebuff#0,"""เมื่อศัตรูได้รับความเสียหายจากการระเบิดของ Nidhoggr Dispower Marker ศัตรูตัวนั้นจะได้รับความเสียหายเพิ่มขึ้นเป็นระยะเวลาสั้นๆ<br>เมื่อใช้กับศัตรูที่แข็งแกร่ง การเพิ่มความเสียหายจะไม่สูงเท่าเดิม<br><yellow>※เฉพาะ VA-2MRM Nidhoggr เท่านั้น<c>"""
ArsenalModule:Railgun:Spark#0,"""การโจมตีโดนศัตรูครบตามจำนวนที่กำหนดจะทำให้เกจ เพิ่มขึ้น เมื่อเกจนี้เต็ม การโจมตีปกติ สองสามครั้งถัดไปของคุณจะกลายเป็นการโจมตีที่รุนแรงขึ้น<br>ในขณะที่คุณได้รับการเสริมพลัง Normal Attacks อัตรา ฟื้นฟู PP โดยธรรมชาติ ของคุณจะเพิ่มขึ้น<br><yellow>※เฉพาะ VA-3LRM Hydra เท่านั้น<c>"""
ArsenalModule:Railgun:DodgeArcane#0,"""ในขณะที่คุณล็อกเป้าหมาย เมื่อหลบการโจมตีสำเร็จด้วย Step หรือ Swift Avoid จะทำการโจมตีสวนกลับ โดยอัตโนมัติ<br>มีผลแม้จะใช้อาวุธอื่นอยู่ ตราบใดที่ตั้งค่า Hydra ไว้เป็นหนึ่งในอาวุธของคุณ<br><yellow>※เฉพาะ VA-3LRM Hydra เท่านั้น<c>"""
ArsenalModule:Railgun:TacticalReload#0,"""การกดปุ่ม Weapon Action ทันทีหลังจากการโจมตีบางอย่าง เช่น ขั้นสุดท้ายของการโจมตีปกติ จะทำให้การโจมตีปกติของ Hydra ครั้งถัดไปเริ่มต้นด้วยอัตราการยิงที่สูงขึ้น<br><yellow>※เฉพาะ VA-3LRM Hydra เท่านั้น<c>"""
ArsenalModule:Railgun:Perpetual#0,"""เมื่อ PP เหลือ 5 หรือต่ำกว่า การโจมตีปกติ จะกลายเป็นการโจมตีที่รุนแรงขึ้น<br><yellow>※เฉพาะ VA-3LRM Hydra เท่านั้น<c>"""
ArsenalModule:Railgun:Payback#0,"""การโจมตีโดนศัตรูด้วย Hydra Termination จะขยายระยะเวลาที่คุณสามารถใช้งาน M.A.R.S. ได้<br><yellow>※เฉพาะ VA-3LRM Hydra เท่านั้น<c>"""
ArsenalModule:Broom:3DGraze#0,"""หากศัตรูอยู่ในระยะที่ใกล้เพียงพอ หรือหากคุณโจมตีโดนพวกมัน วงแหวนแห่งดวงดาว จะปรากฏขึ้นรอบตัวคุณสูงสุด 3 วง<br>การใช้ Weapon Action จะใช้วงแหวนแห่งดวงดาว โดยจะเพิ่มความเสียหายตามจำนวนวงแหวนที่ถูกใช้ไป<br>วงแหวนจะหายไปหากคุณได้รับความเสียหาย หากคุณใช้ Step หรือหากไม่มีศัตรูอยู่ในระยะเป็นเวลานานเกินไป<br><yellow>※เฉพาะ VA-4 XRM Scylla เท่านั้น<c>"""
ArsenalModule:Broom:BlinkCombo#0,"""หลังจากใช้ PA ของอาวุธใดก็ตาม การโจมตีปกติ ของ Scylla จะกลายเป็นการโจมตีที่มีความคล่องตัวสูง สูงสุด 3 ครั้ง<br><yellow>※เฉพาะ VA-4 XRM Scylla เท่านั้น<c>"""
ArsenalModule:Broom:Euphoria#0,"""เมื่อคุณโจมตีศัตรูด้วย Weapon Action ที่ได้รับการบัฟด้วยวงแหวนแห่งดวงดาว 3 วง คุณจะได้รับสถานะอมตะชั่วคราว<br>ในขณะที่เป็นอมตะ PP ของคุณจะไม่ได้รับการ ฟื้นฟู PP โดยธรรมชาติ แต่ Scylla Retaliation จะรุนแรงขึ้น<br><yellow>※เฉพาะ VA-4 XRM Scylla เท่านั้น<c>"""
ArsenalModule:Broom:Retaliate#0,"""โจมตีศัตรูที่อยู่ในระยะที่ใกล้เพียงพอโดยอัตโนมัติ ในขณะที่คุณไม่ได้รับความเสียหาย<br><yellow>※เฉพาะ VA-4 XRM Scylla เท่านั้น<c>"""
ArsenalModule:Broom:Annihilation#0,"""เมื่อโจมตีโดนศัตรูด้วย Scylla Retaliation จะสร้างฟิลด์ชั่วคราวรอบตัวคุณที่จะทำความเสียหายแก่ศัตรูในพื้นที่กว้างโดยอัตโนมัติ<br><yellow>※เฉพาะ VA-4 XRM Scylla เท่านั้น<c>"""
ArsenalModule:BackPack01:Passive#0,"""โจมตีอัตโนมัติตามช่วงเวลาที่กำหนด<br>จะแข็งแกร่งขึ้นหากสวมใส่ M.A.R.S. เป็นระยะเวลานาน<br>นอกจากนี้ ความเร็วในการเคลื่อนที่ของคุณจะเพิ่มขึ้นด้วย<br><yellow>※เฉพาะ SA-1HMP Fenrir เท่านั้น<c>"""
ArsenalModule:BackPack01:StepCombo#0,"""ทำให้คุณสามารถใช้ Step ได้ 2 ครั้งติดต่อกัน<br><yellow>※เฉพาะ SA-1HMP Fenrir เท่านั้น<c>"""
ArsenalModule:BackPack01:DodgeRicochet#0,"""เมื่อหลบการโจมตีของศัตรูสำเร็จ จะทำการโจมตีเพิ่มเติม<br><yellow>※เฉพาะ SA-1HMP Fenrir เท่านั้น<c>"""
ArsenalModule:Backpack02:Passive#0,"""โจมตีอัตโนมัติตามช่วงเวลาที่กำหนด<br>จะแข็งแกร่งขึ้นหากสวมใส่ M.A.R.S. เป็นระยะเวลานาน<br>นอกจากนี้ เมื่อ HP ของคุณเหลือน้อย คุณจะได้รับความเสียหายลดลง<br><yellow>※เฉพาะ SA-2HDP Fafnir เท่านั้น<c>"""
ArsenalModule:Backpack02:DefenseBuffArea#0,"""สร้างฟิลด์ขึ้นรอบๆ ตำแหน่งที่ทำการโจมตี ซึ่งจะช่วยลดความเสียหายที่ได้รับเมื่ออยู่ภายในฟิลด์นั้น<br><yellow>※เฉพาะ SA-2HDP Fafnir เท่านั้น<c>"""
ArsenalModule:Backpack02:GuardEmp#0,"""เมื่อป้องกัน การโจมตีของศัตรูสำเร็จ จะทำการโจมตีเพิ่มเติม<br><yellow>※เฉพาะ SA-2HDP Fafnir เท่านั้น<c>"""
ArsenalModule:Backpack03:Passive#0,"""โจมตีอัตโนมัติตามช่วงเวลาที่กำหนด<br>จะแข็งแกร่งขึ้นหากสวมใส่ M.A.R.S. เป็นระยะเวลานาน<br>นอกจากนี้ ฟื้นฟู PP โดยธรรมชาติ และ ฟื้นฟู PP เมื่อโจมตี ของคุณจะเพิ่มขึ้นด้วย<br><yellow>※เฉพาะ SA-3HFP Lindwyrm เท่านั้น<c>"""
ArsenalModule:Backpack03:EcmLockOn#0,"""ขัดขวางศัตรูที่อยู่ในระยะการมองเห็นของคุณ ช่วยลดความเสียหายที่ได้รับจากพวกมัน<br>ไม่มีผลกับศัตรูที่แข็งแกร่งบางตัว<br><yellow>※เฉพาะ SA-3HFP Lindwyrm เท่านั้น<c>"""
ArsenalModule:Backpack03:CountShot#0,"""เมื่อโจมตีโดนครบตามจำนวนที่กำหนด จะทำการโจมตีเพิ่มเติม<br><yellow>※เฉพาะ SA-3HFP Lindwyrm เท่านั้น<c>"""
ArsenalModule:Boost:Dodge#0,"""ในขณะที่คุณล็อกเป้าหมาย การกระโดดพร้อมกับกดซ้าย ขวา หรือถอยหลัง จะทำให้คุณเคลื่อนที่ด้วยความเร็วสูงพร้อมกับหลบการโจมตี"""
ArsenalModule:Boost:Approach#0,"""ในขณะที่คุณล็อกเป้าหมาย การกระโดดพร้อมกับกดเดินหน้า จะทำให้คุณเคลื่อนที่ด้วยความเร็วสูงพร้อมกับหลบการโจมตี"""
ArsenalModule:Boost:Vertical#0,"""ในขณะที่คุณล็อกเป้าหมาย การกระโดดโดยไม่กดทิศทาง จะทำให้คุณลอยขึ้นอย่างรวดเร็วเพื่อให้ระดับความสูงตรงกับเป้าหมายที่ล็อกไว้ พร้อมกับหลบการโจมตีในขณะที่ลอยขึ้น"""
ArsenalModule:Parameter:ArsenalModule#0,"""เกจนี้จะเพิ่มขึ้นเมื่อเวลาผ่านไป และถูกใช้เพื่อเรียกใช้งาน M.A.R.S.<br>การกดใช้งานอีกครั้งในขณะที่ M.A.R.S. กำลังทำงานอยู่ จะเป็นการยกเลิกการใช้งาน M.A.R.S."""
ArsenalModule:Parameter:DmgUp#0,"""เพิ่มความเสียหายให้กับอาวุธ M.A.R.S."""
ArsenalModule:Parameter:CritUp#0,"""เพิ่มอัตราคริติคอลให้กับอาวุธ M.A.R.S."""
ArsenalModule:Parameter:CritDmgUp#0,"""เพิ่มความเสียหายคริติคอลของอาวุธ M.A.R.S."""
ArsenalModule:Parameter:HpUp#0,"""เพิ่ม HP สูงสุดของ M.A.R.S."""
ArsenalModule:Parameter:HpRecovery#0,"""HP ของ M.A.R.S. จะฟื้นฟูขึ้นเมื่อเวลาผ่านไป"""
ArsenalModule:Parameter:PpUp#0,"""เพิ่ม PP สูงสุดของ M.A.R.S."""
ArsenalModule:Parameter:AtkPpUp#0,"""เพิ่ม ฟื้นฟู PP เมื่อโจมตี เมื่อโจมตีด้วยอาวุธ M.A.R.S."""
ArsenalModule:Parameter:ResistUp#0,"""ลดการสะสมสถานะผิดปกติในตัวคุณ และทำให้ระยะเวลาของสถานะผิดปกติสั้นลง"""
ArsenalModule:Sword:Overheat#1,"""Garmr <br>Heat Change"""
ArsenalModule:Sword:BoostArcane#1,"""Garmr <br>Quick Assault"""
ArsenalModule:Sword:BoardControl#1,"""Garmr <br>Killing Prize"""
ArsenalModule:Sword:BurnerLinkage#1,"""Garmr <br>Risky Style"""
ArsenalModule:Sword:Quicksilver#1,"""Garmr <br>Beat Up"""
ArsenalModule:Scythe:LacerationMarker#1,"""Nidhoggr <br>Dispower Marker"""
ArsenalModule:Scythe:Vengeance#1,"""Nidhoggr <br>Add Attack"""
ArsenalModule:Scythe:Serenity#1,"""Nidhoggr <br>Delay Action"""
ArsenalModule:Scythe:Efficiency#1,"""Nidhoggr <br>Extend Time"""
ArsenalModule:Scythe:FocusDebuff#1,"""Nidhoggr <br>Weakness"""
ArsenalModule:Railgun:Spark#1,"""Hydra <br>Overcharge"""
ArsenalModule:Railgun:DodgeArcane#1,"""Hydra <br>Avoid Counter"""
ArsenalModule:Railgun:TacticalReload#1,"""Hydra <br>Tactical Reload"""
ArsenalModule:Railgun:Perpetual#1,"""Hydra <br>Forceful Attack"""
ArsenalModule:Railgun:Payback#1,"""Hydra <br>Extend Time"""
ArsenalModule:Broom:3DGraze#1,"""Scylla <br>Starlink"""
ArsenalModule:Broom:BlinkCombo#1,"""Scylla <br>High Maneuver"""
ArsenalModule:Broom:Euphoria#1,"""Scylla <br>Invincible Mode"""
ArsenalModule:Broom:Retaliate#1,"""Scylla <br>Add Attack"""
ArsenalModule:Broom:Annihilation#1,"""Scylla <br>Annihilation"""
ArsenalModule:BackPack01:Passive#1,"""Fenrir <br>Support Action"""
ArsenalModule:BackPack01:StepCombo#1,"""Fenrir <br>Double Step"""
ArsenalModule:BackPack01:DodgeRicochet#1,"""Fenrir <br>Add Attack"""
ArsenalModule:Backpack02:Passive#1,"""Fafnir <br>Support Action"""
ArsenalModule:Backpack02:DefenseBuffArea#1,"""Fafnir <br>Deband Field"""
ArsenalModule:Backpack02:GuardEmp#1,"""Fafnir <br>Add Attack"""
ArsenalModule:Backpack03:Passive#1,"""Lindwyrm <br>Support Action"""
ArsenalModule:Backpack03:EcmLockOn#1,"""Lindwyrm Jammer"""
ArsenalModule:Backpack03:CountShot#1,"""Lindwyrm <br>Add Attack"""
ArsenalModule:Boost:Dodge#1,"""Swift Avoid"""
ArsenalModule:Boost:Approach#1,"""Forward Thrust"""
ArsenalModule:Boost:Vertical#1,"""Vertical Thrust"""
ArsenalModule:Parameter:ArsenalModule#1,"""ทั่วไป<br>Asemo Active Skill"""
ArsenalModule:Parameter:DmgUp#1,"""พลังโจมตี Up"""
ArsenalModule:Parameter:CritUp#1,"""Critical Rate Up"""
ArsenalModule:Parameter:CritDmgUp#1,"""Critical <br>พลังโจมตี Up"""
ArsenalModule:Parameter:HpUp#1,"""HP Up"""
ArsenalModule:Parameter:HpRecovery#1,"""HP Natural <br>Recovery"""
ArsenalModule:Parameter:PpUp#1,"""PP Up"""
ArsenalModule:Parameter:AtkPpUp#1,"""Attack <br>PP Recovery Up"""
ArsenalModule:Parameter:ResistUp#1,"""All Status <br>Resistance Up"""
0#0,"""<yellow>Sub Weapon ประเภทความคล่องตัวสูง<c><br>ช่วยเพิ่มความคล่องตัวและการหลบหลีกของคุณ<br>ทำการโจมตีสนับสนุนโดยอัตโนมัติ"""
1#0,"""<yellow>Sub Weapon ประเภทป้องกันสูง<c><br>ช่วยเพิ่มความสามารถในการป้องกันและความทนทานของคุณ<br>ทำการโจมตีสนับสนุนโดยอัตโนมัติ"""
2#0,"""<yellow>Sub Weapon ประเภทสนับสนุน<c><br>ช่วยเพิ่มการฟื้นฟู และลด<br>ความเสียหายจากศัตรูที่อยู่ตรงหน้าคุณ<br>ทำการโจมตีสนับสนุนโดยอัตโนมัติ"""
0#1,"""SA-1HMP Fenrir"""
1#1,"""SA-2HDP Fafnir"""
2#1,"""SA-3HFP Lindwyrm"""
0#2,"""<yellow>Main Weapon ระยะประชิด<c><br>ใบมีดขนาดใหญ่จะทำลายล้างศัตรูที่อยู่ใกล้เคียง<br>ฟื้นฟู HP เมื่อโจมตีโดนด้วย Normal<br>Attacks"""
1#2,"""<yellow>Main Weapon ระยะประชิด<c><br>เคียวของมันจะกวาดล้างศัตรูที่อยู่ใกล้เคียง<br>สามารถป้องกัน การโจมตีของศัตรูได้ในขณะที่กวัดแกว่ง<br>เคียวของมัน"""
2#2,"""<yellow>Main Weapon ระยะไกล<c><br>ปืนใหญ่ของมันสามารถยิงศัตรูให้ร่วงได้จากระยะไกล<br>และยังยิงกระสุนสนับสนุนเพื่อช่วยเหลือ<br>พันธมิตรที่อยู่ใกล้เคียง"""
3#0,"""<yellow>Main Weapon แบบพิเศษ<c><br>คทาของมันสามารถโจมตีเป้าหมายได้ในทุกระยะ<br>สามารถเปลี่ยนร่างเพื่อโจมตีในขณะที่เคลื่อนที่ด้วย<br>ความเร็วสูง"""
0#3,"""VA-1SRM Garmr"""
1#3,"""VA-2MRM Nidhoggr"""
2#3,"""VA-3LRM Hydra"""
3#1,"""VA-4XRM Scylla"""
00#0,"""<yellow>สไตล์ที่เสริมประสิทธิภาพการป้องกัน<br>และการโจมตีสวนกลับ<c><br>มี Skills ที่คอยช่วยเหลือในการโจมตีสวนกลับ<br>Skills บางอย่างจะได้รับประโยชน์<br>จากการป้องกันหรือหลบหลีกการโจมตี"""
01#0,"""<yellow>สไตล์ที่เสริมประสิทธิภาพการโจมตีอย่างต่อเนื่อง<c><br>มี Skills ที่คอยช่วยเหลือในการฟื้นฟู PP<br>เพื่อการโจมตีอย่างต่อเนื่อง<br>Skills บางอย่างจะได้รับประโยชน์<br>จากการโจมตีทำคอมโบหลายฮิตใส่ศัตรู"""
02#0,"""<yellow>สไตล์ที่เสริมประสิทธิภาพการชาร์จโจมตี<br>และการทำให้ศัตรู Down<c><br>มี Skills ที่คอยช่วยเหลือการเคลื่อนที่แบบชาร์จ<br>และการโจมตีพิเศษอื่นๆ<br>Skills บางอย่างจะได้รับประโยชน์<br>จากการสะสมค่า Down ให้กับศัตรู"""
00#1,"""Adras"""
01#1,"""Blitz"""
02#1,"""Celeste"""
HelixQuickBlast#0,"""เปิดใช้งาน After Blast เมื่อกดปุ่ม Photon Blast อีกครั้งหลังจากที่ใช้ Photon Blast ไปแล้ว"""
HelixBlastEcho#0,"""หลังจากใช้ After Blast:<br>เพิ่มความเสียหายให้กับการโจมตีที่ไม่ใช่ Blast ชั่วคราว และลดความเสียหายที่ได้รับ<br>การลดความเสียหายจะเพิ่มขึ้นเมื่อเวลาผ่านไป โดยแบ่งเป็น 4 ขั้น<br>สามารถทำได้สูงสุด 4 ครั้งต่อการเปิดใช้งาน การป้องกันหรือหลบหลีก การโจมตีได้สำเร็จจะช่วยลดเวลาที่ใช้ในการเลื่อนไปยังขั้นถัดไป"""
HelixTriggerAttack#0,"""เพิ่มการโจมตีพิเศษเมื่อคุณโจมตีโดนด้วย PA หรือ Technique<br>การโจมตีพิเศษนี้จะช่วยเติมเกจ Photon Blast บางส่วน และลดคูลดาวน์ของ Photon Blast ของคุณ<br>การโจมตีพิเศษนี้มีคูลดาวน์ก่อนที่จะสามารถทำงานได้อีกครั้ง สามารถทำได้สูงสุด 3 ครั้งต่อการเปิดใช้งาน การป้องกันหรือหลบหลีก การโจมตีได้สำเร็จจะช่วยลดคูลดาวน์นี้"""
HelixAttackDrain#0,"""ทุกครั้งที่คุณเปิดใช้งาน After Blast การโจมตีปกติ ที่โดนเป้าหมายครั้งถัดไปจะมอบบัฟชั่วคราวให้กับคุณ<br>บัฟนี้จะช่วยเพิ่มความเสียหายที่คุณทำได้ และฟื้นฟู HP ของคุณเมื่อโจมตีโดนศัตรู การฟื้นฟู HP ด้วยเอฟเฟกต์นี้จะช่วยเพิ่ม HP สูงสุดของคุณชั่วคราว"""
HelixPerfection#0,"""ทุกครั้งที่คุณใช้ Weapon Action หากคุณไม่ถูกโจมตีทันทีหลังจากใช้งาน จะถือว่าคุณได้หลบหลีก การโจมตีแล้ว คุณจะได้รับการเก็บสะสมการโจมตีพิเศษ 1 ครั้ง ซึ่งจะถูกนำมาใช้ในการโจมตีศัตรูครั้งถัดไป"""
AjaxQuickBlast#0,"""เปิดใช้งาน After Blast เมื่อกดปุ่ม Photon Blast อีกครั้งหลังจากที่ใช้ Photon Blast ไปแล้ว"""
AjaxBlastEcho#0,"""หลังจากใช้ After Blast:<br>เพิ่มความเสียหายให้กับการโจมตีที่ไม่ใช่ Blast ชั่วคราว และลดความเสียหายที่ได้รับ<br>การลดความเสียหายจะเพิ่มขึ้นเมื่อเวลาผ่านไป โดยแบ่งเป็น 4 ขั้น<br>สามารถทำได้สูงสุด 4 ครั้งต่อการเปิดใช้งาน การโจมตีศัตรูโดนครบตามจำนวนที่กำหนดจะช่วยลดเวลาที่ใช้ในการเลื่อนไปยังขั้นถัดไป"""
AjaxTriggerAttack#0,"""เพิ่มการโจมตีพิเศษเมื่อคุณโจมตีโดนด้วย PA หรือ Technique<br>การโจมตีพิเศษนี้จะช่วยเติมเกจ Photon Blast บางส่วน และลดคูลดาวน์ของ Photon Blast ของคุณ<br>การโจมตีพิเศษนี้มีคูลดาวน์ก่อนที่จะสามารถทำงานได้อีกครั้ง สามารถทำได้สูงสุด 3 ครั้งต่อการเปิดใช้งาน การโจมตีศัตรูโดนครบตามจำนวนที่กำหนดจะช่วยลดคูลดาวน์นี้"""
AjaxDecayBullet#0,"""ทุกครั้งที่คุณเปิดใช้งาน After Blast การโจมตีปกติ ที่โดนเป้าหมายครั้งถัดไปจะสร้างดีบัฟให้กับศัตรูในบริเวณใกล้เคียง<br>ศัตรูที่ติดดีบัฟจะได้รับความเสียหายเพิ่มขึ้น และการโจมตีที่โดนพวกมันจะได้รับการโจมตีเพิ่มเติม สำหรับการโจมตีที่มีความเสียหายเปลี่ยนแปลงตามระยะห่าง จะถือว่าศัตรูที่ติดดีบัฟอยู่ในระยะที่เหมาะสมที่สุดเสมอ"""
AjaxCascade#0,"""หลังจากใช้ PA/Tech เดิม 3 ครั้งติดต่อกัน หรือใช้ PA โจมตีต่อเนื่องอันเดียวเป็นเวลานานเพียงพอ คุณจะฟื้นฟู PP และ PP สูงสุดของคุณจะเพิ่มขึ้นชั่วคราว คุณจะได้รับการเก็บสะสมการโจมตีพิเศษ 1 ครั้ง ซึ่งจะถูกนำมาใช้ในการโจมตีศัตรูครั้งถัดไป"""
KetosQuickBlast#0,"""เปิดใช้งาน After Blast เมื่อกดปุ่ม Photon Blast อีกครั้งหลังจากที่ใช้ Photon Blast ไปแล้ว"""
KetosBlastEcho#0,"""หลังจากใช้ After Blast:<br>เพิ่มความเสียหายให้กับการโจมตีที่ไม่ใช่ Blast ชั่วคราว และลดความเสียหายที่ได้รับ<br>การลดความเสียหายจะเพิ่มขึ้นเมื่อเวลาผ่านไป โดยแบ่งเป็น 4 ขั้น<br>สามารถทำได้สูงสุด 4 ครั้งต่อการเปิดใช้งาน การสะสมค่า Down ให้กับศัตรูจนถึงเกณฑ์ที่กำหนดจะช่วยลดเวลาที่ใช้ในการเลื่อนไปยังขั้นถัดไป"""
KetosTriggerAttack#0,"""เพิ่มการโจมตีพิเศษเมื่อคุณโจมตีโดนด้วย PA หรือ Technique<br>การโจมตีพิเศษนี้จะช่วยเติมเกจ Photon Blast บางส่วน และลดคูลดาวน์ของ Photon Blast ของคุณ<br>การโจมตีพิเศษนี้มีคูลดาวน์ก่อนที่จะสามารถทำงานได้อีกครั้ง สามารถทำได้สูงสุด 3 ครั้งต่อการเปิดใช้งาน การสะสมค่า Down ให้กับศัตรูจนถึงเกณฑ์ที่กำหนดจะช่วยลดคูลดาวน์นี้"""
KetosIteration#0,"""ทุกครั้งที่คุณเปิดใช้งาน After Blast การใช้งาน Active Skill ครั้งถัดไปที่ใช้เกจ หรือเกจเกียร์ จะมอบบัฟเพิ่มความเสียหายชั่วคราวให้กับคุณ เกจหรือเกจเกียร์ของ Active Skill นั้นจะได้รับการเติมบางส่วน และคูลดาวน์ของมันจะลดลงด้วย"""
HelixDamageUp#0,"""เพิ่ม Attack พลังโจมตี"""
HelixPPUp#0,"""เพิ่ม Maximum PP"""
HelixPBRecastQuick#0,"""ลดคูลดาวน์ของ Photon Blasts"""
AjaxDamageUp#0,"""เพิ่ม Attack พลังโจมตี"""
AjaxPPUp#0,"""เพิ่ม Maximum PP"""
AjaxPBRecastQuick#0,"""ลดคูลดาวน์ของ Photon Blasts"""
KetosDamageUp#0,"""เพิ่ม Attack พลังโจมตี"""
KetosPPUp#0,"""เพิ่ม Maximum PP"""
KetosPBRecastQuick#0,"""ลดคูลดาวน์ของ Photon Blasts"""
KetosChargeParrying#0,"""เมื่อคุณเริ่มชาร์จการโจมตีที่ไม่ใช่ Weapon Action, เปิดใช้งาน Active Skill ที่ใช้ Gauge หรือ Gear Gauge หรือร่าย Technique จาก Talis ที่กางอยู่ คุณสามารถหลบหลีก การโจมตีบางอย่างและลดความเสียหายจากการโจมตีอื่นๆ ได้ หากคุณหลบหลีกหรือลดความเสียหายจากการโจมตีด้วยเอฟเฟกต์นี้ หรือหลบหลีกการโจมตีโดยใช้ Active Skill คุณจะได้รับการเก็บสะสมการโจมตีพิเศษ 1 ครั้ง ซึ่งจะถูกนำมาใช้ในการโจมตีศัตรูครั้งถัดไป"""
HelixQuickBlast#1,"""Adras <br>After Blast"""
HelixBlastEcho#1,"""Adras <br>After Blast Echo"""
HelixTriggerAttack#1,"""Adras <br>Trigger Attack"""
HelixAttackDrain#1,"""Adras <br>Absorption"""
HelixPerfection#1,"""Adras <br>Perfection"""
AjaxQuickBlast#1,"""Blitz <br>After Blast"""
AjaxBlastEcho#1,"""Blitz <br>After Blast Echo"""
AjaxTriggerAttack#1,"""Blitz <br>Trigger Attack"""
AjaxDecayBullet#1,"""Blitz <br>Decay Bullet"""
AjaxCascade#1,"""Blitz <br>Cascade"""
KetosQuickBlast#1,"""Celeste <br>After Blast"""
KetosBlastEcho#1,"""Celeste <br>After Blast Echo"""
KetosTriggerAttack#1,"""Celeste <br>Trigger Attack"""
KetosIteration#1,"""Celeste <br>Iteration"""
KetosChargeParrying#1,"""Celeste <br>Flawless"""
HelixDamageUp#1,"""พลังโจมตี Up"""
HelixPPUp#1,"""PP Up"""
HelixPBRecastQuick#1,"""ลดคูลดาวน์<br>Photon Blast"""
AjaxDamageUp#1,"""พลังโจมตี Up"""
AjaxPPUp#1,"""PP Up"""
AjaxPBRecastQuick#1,"""ลดคูลดาวน์<br>Photon Blast"""
KetosDamageUp#1,"""พลังโจมตี Up"""
KetosPPUp#1,"""PP Up"""
KetosPBRecastQuick#1,"""ลดคูลดาวน์<br>Photon Blast"""
LimitItemList_Title1#0,"""ใกล้หมดอายุ"""
LimitItemList_Title2#0,"""หมดอายุ"""
LimitItemList_Title3#0,"""ใกล้หมดอายุ"""
LimitItemList_Text1#0,"""มีไอเทมบางชิ้นที่ใกล้จะหมดอายุ<br>ขอแนะนำให้ตรวจสอบวันหมดอายุของไอเทมเหล่านั้น<br>และใช้งานภายในระยะเวลาที่กำหนด"""
LimitItemList_Text2#0,"""มีไอเทมบางชิ้นที่หมดอายุแล้ว<br>ไอเทมบางชิ้นสามารถนำไปแลกเปลี่ยนเป็นไอเทมอื่นได้<br>เช่น Special Scratch Tickets ที่พบได้ใน<br>Item Exchange Shop"""
LimitItemList_Text3#0,"""ขอแนะนำให้ใช้งานไอเทมที่มีวันหมดอายุ<br>ก่อนที่ไอเทมเหล่านั้นจะหมดอายุ"""
LimitItemList_MainMenuTitle#0,"""ใกล้หมดอายุ"""
LimitItemList_NoItem#0,"""ไม่มีไอเทมที่ใกล้หมดอายุ"""
