EnemyWeak#0,"""시험 삼아 벨 것도 안 돼……"""
EnemyLarge#0,"""조금은 강해 보여……"""
EnemyBoss#0,"""두근두근……해……"""
EnemyRare#0,"""이상한 게 있어……<br>베어도 돼?"""
EnemyBoost#0,"""저건 강해……<br>나도……싸우고 싶어……"""
DestroyEnemy1#0,"""더 베고 싶어……"""
DestroyEnemy2#0,"""끝났어……"""
DestroyEnemy3#0,"""이런 곳에서 질 수 없어……"""
CondFreeze#0,"""얼어 버렸어……"""
CondBurn#0,"""뜨거워……"""
CondShock#0,"""찌릿찌릿……해……"""
CondPoison#0,"""괴로운……지도……"""
CondPanic#0,"""검이……흔들흔들……"""
CondStan#0,"""아……움직일 수 없어……"""
CondMirage#0,"""리더가 잔뜩 있어"""
Die#0,"""크윽……방심했어……"""
ThankHeal#0,"""고마워……"""
ThankBuff#0,"""날카로워졌어?"""
ThankCure#0,"""살았어……"""
DefeatEnemy#0,"""전부 베어 버린 것 같아"""
LevelUp#0,"""강해지는 건 좋은 일……"""
InvokeSkill1#0,"""흥!"""
InvokeSkill2#0,"""베어……버린다!"""
InvokeSkill3#0,"""다음은……베어"""
PBFull#0,"""더욱 날카로워지고 있어……!"""
PBRelease#0,"""이게 내 힘……"""
Avoid#0,"""간파했어"""
HealSelf#0,"""치료를……"""
BuffSelf#0,"""더, 날카롭게!"""
HealOther#0,"""치료해 줄게……"""
BuffOther#0,"""아직, 이제부터……"""
QuestStart1#0,"""힘낼게"""
QuestEnd1#0,"""끝.<br>나를 잘 썼어?"""
IncidentStart#0,"""전황이 바뀌었어……<br>헤쳐 나갈 수 있겠어?"""
IncidentSuccess#0,"""역시 대단해"""
IncidentFailure#0,"""나를 좀 더 잘 써 줘……"""
PSE#0,"""PSE 같아"""
PSELevelUp#0,"""PSE를 더……"""
PSEBurst#0,"""버스트했어.<br>대단해……"""
HP30#0,"""고전할지도……"""
HP10#0,"""나, 망가질 것 같아……"""
ItemRare#0,"""그거……강한 장비야?"""
DamageSmall#0,"""윽!"""
DamageMiddle#0,"""안 돼……"""
DamageLarge#0,"""아앗……!"""
Trap#0,"""붙잡혔어……"""
ThankTrapRescue#0,"""고마워."""
TrapRescueOther#0,"""빗나갔어.<br>이제 움직일 수 있어?"""
MemberDamaged#0,"""안 아파?"""
MemberDead#0,"""용서 못 해……"""
AbilityExe#0,"""무기와 사용자……<br>마음을 하나로……!"""
AbilitySpecial#0,"""이게……<br>네가 휘두르는 내 힘!"""
Resurrect#0,"""이번에는……잘할게"""
PartyJoin#0,"""/ci2 1 따라갈게"""
Marvelous#0,"""오오……"""
IncidentJsApcBegin#0,"""/ci2 1 왔어……<br>지시해 줘. 나를 써 줘"""
IncidentJsApcFailure#0,"""안 됐어……<br>다음엔 좀 더 제대로 부탁해"""
IncidentJsApcSuccess#0,"""/ci2 1 좋은 싸움이었어……<br>나, 만족해"""
IncidentJsApcBeginEvo#0,"""/ci2 2 전투 속행……<br>지휘를……기대할게……"""
EnemyWeak#1,"""쓸어 버리겠다"""
EnemyLarge#1,"""마음을 다잡고 덤빈다!"""
EnemyBoss#1,"""상대로 부족함은 없다.<br>나의 정의를 관철할 뿐이다!"""
EnemyRare#1,"""……처음 보는 에너미군"""
EnemyBoost#1,"""위험한 에너미다!\u3000조심해!"""
DestroyEnemy1#1,"""이 정도인가"""
DestroyEnemy2#1,"""이 정도군"""
DestroyEnemy3#1,"""이것이 죄의 대가다"""
CondFreeze#1,"""이런!<br>얼어서 움직일 수가 없다……!"""
CondBurn#1,"""크윽, 불이……!"""
CondShock#1,"""저려서……!<br>내 번개가 지다니……!"""
CondPoison#1,"""독인가……<br>이런 건 기합으로 어떻게든……"""
CondPanic#1,"""시, 신경 쓰지 마. 괜찮다.<br>그런데 오른쪽이 어디지?"""
CondStan#1,"""크윽……<br>멈춰 버렸나……"""
CondMirage#1,"""환영인가……?<br>조준할 수가 없다……"""
Die#1,"""힘이 미치지 못했나……"""
ThankHeal#1,"""미안하다, 덕분에 살았다!"""
ThankBuff#1,"""힘이 넘쳐흐른다!"""
ThankCure#1,"""이걸로 만전이다!"""
DefeatEnemy#1,"""에너미를 모두 소탕한 모양이군"""
LevelUp#1,"""또 실력이 오른 모양이군"""
InvokeSkill1#1,"""받아랏!"""
InvokeSkill2#1,"""부숴 버려라!"""
InvokeSkill3#1,"""심판의 힘이여!"""
PBFull#1,"""힘이……가득 찼다!"""
PBRelease#1,"""빛이여, 내게 모여라!"""
Avoid#1,"""어림없군"""
HealSelf#1,"""치유의 빛이여!"""
BuffSelf#1,"""뇌광의 힘이여!"""
HealOther#1,"""지금 구하겠다!"""
BuffOther#1,"""엄호한다!"""
QuestStart1#1,"""나의 검을 번개로 삼아<br>악한 자를 멸하리라!"""
QuestEnd1#1,"""임무 완료.<br>우리의 싸움은 또 한 걸음 전진했다"""
IncidentStart#1,"""예상 밖의 일도 임무엔 따르는 법인가.<br>임기응변으로 대응하지"""
IncidentSuccess#1,"""훌륭한 성과군.<br>좋아, 임무로 돌아가자"""
IncidentFailure#1,"""실패인가……<br>어쩔 수 없지, 이제부터 만회하자"""
PSE#1,"""PSE인가"""
PSELevelUp#1,"""순조롭군. 이대로 버스트할 수 있나?"""
PSEBurst#1,"""PSE 버스트다!<br>단숨에 간다!"""
HP30#1,"""꽤 만만치 않군……"""
HP10#1,"""질 수는 없다……!"""
ItemRare#1,"""좋은 전리품을 얻은 모양이군"""
DamageSmall#1,"""큭!"""
DamageMiddle#1,"""젠장!"""
DamageLarge#1,"""크악!"""
Trap#1,"""방심했군……!<br>이런 것에 붙잡히다니!"""
ThankTrapRescue#1,"""감사한다.<br>정말, 나답지 않은 실수였군……"""
TrapRescueOther#1,"""다친 곳은 없나?<br>……좋아, 서두르자"""
MemberDamaged#1,"""괜찮나!?<br>위험하면 물러나 줘!"""
MemberDead#1,"""열세인가……<br>내가 버텨야 한다!"""
AbilityExe#1,"""이 번개야말로 나의 의지……!"""
AbilitySpecial#1,"""자, 단죄의 시간이다!"""
Resurrect#1,"""질 수는 없어……!"""
PartyJoin#1,"""/ci2 1 라이트닝 에스파다, 등장했다"""
Marvelous#1,"""좋은 움직임이야!"""
IncidentJsApcBegin#1,"""/ci2 1 미안하지만 지원을 부탁한다!"""
IncidentJsApcFailure#1,"""힘든가……!<br>이탈한다!"""
IncidentJsApcSuccess#1,"""/ci2 1 살았어.<br>이 앞도 조심해 줘.<br>무운을 빈다!"""
IncidentJsApcBeginEvo#1,"""/ci2 2 적의 증원인가?<br>어쩔 수 없지, 쓸어 버린다!"""
EnemyWeak#2,"""이야, 잡졸들 수고가 많네"""
EnemyLarge#2,"""우와, 이 녀석 상대해야 해?<br>귀찮은데……"""
EnemyBoss#2,"""으엑……<br>위험해, 이 녀석……<br>뒤에서 구경하면 안 되냐?\u3000안 돼?"""
EnemyRare#2,"""보기 드문 녀석 발견……<br>뭉개 둘까?"""
EnemyBoost#2,"""저거 보통보다 강한 녀석이잖아……<br>운도 지지리 없네……"""
DestroyEnemy1#2,"""칫!"""
DestroyEnemy2#2,"""약하다고"""
DestroyEnemy3#2,"""짜증 나……"""
CondFreeze#2,"""히익!<br>추워!\u3000차가워!"""
CondBurn#2,"""우왓!?\u3000불타고 있어!<br>꺼 줘!"""
CondShock#2,"""아바바바바바……"""
CondPoison#2,"""독에 당했어.<br>기분이 뭣 같군……"""
CondPanic#2,"""아……<br>기분 좋은 것 같기도<br>나쁜 것 같기도……"""
CondStan#2,"""몸이……안 움직여……"""
CondMirage#2,"""무지개색 리리파족이<br>하늘을 날고 있는데?"""
Die#2,"""젠장……나 같은 건 역시……"""
ThankHeal#2,"""고, 고맙다……"""
ThankBuff#2,"""쓸데없는 참견이야!<br>그래도……고맙다……"""
ThankCure#2,"""시, 신세 졌다……"""
DefeatEnemy#2,"""이 근처엔 에너미도 없고……<br>돌아가도……되지?"""
LevelUp#2,"""뭐야. 축하한다고 해 주길 바라냐?"""
InvokeSkill1#2,"""어떠냐……"""
InvokeSkill2#2,"""놓칠 것 같냐!"""
InvokeSkill3#2,"""거기다!\u3000거기!"""
PBFull#2,"""이쯤에서 정리하자……"""
PBRelease#2,"""아, 귀찮아……적당히 좀 해"""
Avoid#2,"""위험해!"""
HealSelf#2,"""죽는 줄 알았네……"""
BuffSelf#2,"""해 주겠어……"""
HealOther#2,"""칫……<br>어쩔 수 없군……"""
BuffOther#2,"""감사하라고"""
QuestStart1#2,"""얼른 끝내자……"""
QuestEnd1#2,"""이제야 끝이냐……<br>빨리 돌아가자"""
IncidentStart#2,"""귀찮은 일만 늘었네……"""
IncidentSuccess#2,"""하……잘된 건가"""
IncidentFailure#2,"""괜히 고생만 했잖아……"""
PSE#2,"""PSE라……"""
PSELevelUp#2,"""PSE 레벨 업이군.<br>뭐……별 기대는 안 할게"""
PSEBurst#2,"""PSE 버스트?<br>진짜냐……<br>지금 벌어 두자"""
HP30#2,"""위험하다니까, 이봐!"""
HP10#2,"""이봐……빨리 구해……"""
ItemRare#2,"""왜 너만……<br>평소 행실 차이냐?"""
DamageSmall#2,"""으앗!"""
DamageMiddle#2,"""으악!"""
DamageLarge#2,"""젠장……!"""
Trap#2,"""뭐야!?\u3000이건 또……<br>함정이냐, 젠장……"""
ThankTrapRescue#2,"""혼자서도 나올 수 있었거든……<br>그래도, 뭐……사, 살았어……"""
TrapRescueOther#2,"""흥……버리고 가도 됐는데.<br>감사하라고……"""
MemberDamaged#2,"""이봐……<br>좀 더 정신 차려……"""
MemberDead#2,"""젠장!<br>이 상황에서 어쩌란 거야……"""
AbilityExe#2,"""흐흐……흐흐흐흐!<br>왠지 기분이 묘하게 좋아……"""
AbilitySpecial#2,"""나를 이길 수 있을 줄 알았냐?<br>아쉽게 됐군!!"""
Resurrect#2,"""잘 봐……<br>100배로 되갚아 주겠어!"""
PartyJoin#2,"""/ci2 1 나라도 괜찮겠냐……"""
Marvelous#2,"""정말 잘도 하네……"""
IncidentJsApcBegin#2,"""/ci2 1 ……이봐, 조금 도와줘.<br>나 지금 위험하다고!<br>죽게 내버려 두지 마!"""
IncidentJsApcFailure#2,"""뭐……도망칠 여유는 생겼나.<br>빠져나가자……"""
IncidentJsApcSuccess#2,"""/ci2 1 으윽……아, 알았다고.<br>제대로 말할게.<br>……고, 고, 고맙다"""
IncidentJsApcBeginEvo#2,"""/ci2 2 그만 좀 해……<br>아직 더 오는 거냐……"""
EnemyWeak#3,"""별로 강하지 않은 에너미 같습니다.<br>숯덩이로 만들겠습니다"""
EnemyLarge#3,"""대형 에너미군요.<br>하지만 안심하십시오.<br>신속히 날려 버리겠습니다"""
EnemyBoss#3,"""강적입니다!\u3000지시를 내려 주십시오!<br>주변을 전부 불바다로 만들더라도<br>제가 쓰러뜨려 보이겠습니다!"""
EnemyRare#3,"""보기 드문 에너미입니다.<br>우선 산산이 폭파할까요"""
EnemyBoost#3,"""강화된 에너미일까요?<br>명령하시면 불태우겠습니다"""
DestroyEnemy1#3,"""격파했습니다"""
DestroyEnemy2#3,"""완벽한 작전이었습니다"""
DestroyEnemy3#3,"""자랑스러운 전과입니다"""
CondFreeze#3,"""얼어 버렸습니다……<br>이런 얼음, 대포만 쏠 수 있다면……!"""
CondBurn#3,"""왠지 뜨겁습니다.<br>대포가 과열된 걸까요?"""
CondShock#3,"""저, 저려려려 버렸습니니다다다"""
CondPoison#3,"""독에 걸린 듯합니다……"""
CondPanic#3,"""눈이 돌고 있으니<br>우선 적당히 발사하겠습니다"""
CondStan#3,"""움직일 수 없습니다!<br>작전 수행에 차질이……!"""
CondMirage#3,"""조준이 되지 않으니<br>우선 적당히 발사하겠습니다"""
Die#3,"""죄송, 합니다……"""
ThankHeal#3,"""이걸로 아직 싸울 수 있습니다!"""
ThankBuff#3,"""지원, 감사합니다"""
ThankCure#3,"""상태 회복.<br>이제 작전 수행에 문제없습니다"""
DefeatEnemy#3,"""소탕 완료.<br>이제 주변에 적은 없습니다"""
LevelUp#3,"""축하드려요!"""
InvokeSkill1#3,"""날려 버리겠습니다"""
InvokeSkill2#3,"""쓸어 버리겠습니다"""
InvokeSkill3#3,"""더 큰 화력을!"""
PBFull#3,"""다음 일격으로 전부 파괴하겠습니다"""
PBRelease#3,"""에너지 충전……해방합니다"""
Avoid#3,"""방향 전환!"""
HealSelf#3,"""이 정도 상처는 문제없습니다"""
BuffSelf#3,"""이것이 다음 작전입니다"""
HealOther#3,"""응급 처치 완료했습니다"""
BuffOther#3,"""지원하겠습니다"""
QuestStart1#3,"""전투 명령을 내려 주십시오.<br>모든 표적을 파괴하겠습니다"""
QuestEnd1#3,"""임무 완료.<br>오늘도 모든 명령을<br>완벽하게 수행했습니다"""
IncidentStart#3,"""긴급 사태 발생이군요.<br>하지만 제 화력이 있다면<br>걱정하실 필요 없습니다"""
IncidentSuccess#3,"""문제없이 처리했습니다.<br>정확한 지휘와<br>제 화력이 있었기 때문이겠죠"""
IncidentFailure#3,"""죄송합니다……<br>화력이 부족했던 모양입니다……"""
PSE#3,"""PSE 발생을 확인"""
PSELevelUp#3,"""PSE가 레벨 업한 모양입니다.<br>이 기세로 버스트를 노리시죠"""
PSEBurst#3,"""PSE 버스트입니다!<br>지금 전력으로 공세에 나서시죠!"""
HP30#3,"""아직 저는……싸울 수 있습니다……"""
HP10#3,"""크윽……<br>임무 도중에 쓰러질 수는……"""
ItemRare#3,"""흠흠……그게 있으면<br>화력이 더 상승합니까?"""
DamageSmall#3,"""큭"""
DamageMiddle#3,"""이 정도쯤……!"""
DamageLarge#3,"""우왓!"""
Trap#3,"""죄송합니다!<br>적의 비열한 함정에 붙잡혔습니다"""
ThankTrapRescue#3,"""구조에 감사드립니다!"""
TrapRescueOther#3,"""무사하십니까?<br>조심해서 가시죠"""
MemberDamaged#3,"""위생병, 위생병!"""
MemberDead#3,"""크윽……<br>제 대포에 화력이 더 있었다면<br>이런 일은……!"""
AbilityExe#3,"""지금이라면 어떤 적이라도<br>산산조각 낼 수 있을 것 같습니다"""
AbilitySpecial#3,"""3, 2, 1……<br>파이어!!"""
Resurrect#3,"""전선에 복귀하겠습니다"""
PartyJoin#3,"""/ci2 1 네.<br>슈팅 드라이브, 갑니다"""
Marvelous#3,"""훌륭한 전과입니다"""
IncidentJsApcBegin#3,"""/ci2 1 우연이군요.<br>저도 작전 수행 중입니다.<br>괜찮으시면 함께 싸우시겠습니까?"""
IncidentJsApcFailure#3,"""퇴각을 건의드립니다.<br>제가 적을 막는 동안<br>도망치십시오!"""
IncidentJsApcSuccess#3,"""/ci2 1 역시 대단하십니다!<br>저 혼자였다면<br>이런 전과는 없었을 겁니다"""
IncidentJsApcBeginEvo#3,"""/ci2 2 적 세력, 증대!<br>자!\u3000다음 지시를 내려 주십시오"""
EnemyWeak#4,"""적……이야?"""
EnemyLarge#4,"""엄청 커!"""
EnemyBoss#4,"""조금 무서워……<br>붙어 있어도 돼?"""
EnemyRare#4,"""특이한 에너미야"""
EnemyBoost#4,"""강한 적……이야?"""
DestroyEnemy1#4,"""해치웠어"""
DestroyEnemy2#4,"""방해하면 안 돼……"""
DestroyEnemy3#4,"""에너지, 써 버렸어"""
CondFreeze#4,"""차가워……"""
CondBurn#4,"""불타 버려……"""
CondShock#4,"""저려 버렸어……"""
CondPoison#4,"""독은 싫어……"""
CondPanic#4,"""길을 잃을 것 같아……"""
CondStan#4,"""에너지……고갈……?"""
CondMirage#4,"""먼 곳이 가깝고……<br>가까운 곳이 멀어……"""
Die#4,"""미안해……"""
ThankHeal#4,"""고마워"""
ThankBuff#4,"""힘이 솟아나……"""
ThankCure#4,"""기운이 났어!"""
DefeatEnemy#4,"""방해꾼은 없어졌어.<br>이제 천천히 걸을 수 있어"""
LevelUp#4,"""힘이 느껴져……"""
InvokeSkill1#4,"""자아"""
InvokeSkill2#4,"""쾅!\u3000이야"""
InvokeSkill3#4,"""에너지……해방!"""
PBFull#4,"""지금이라면……할 수 있어!"""
PBRelease#4,"""힘이……넘쳐흘러……!"""
Avoid#4,"""와와와"""
HealSelf#4,"""에너지 충전……이야"""
BuffSelf#4,"""힘낼게!"""
HealOther#4,"""괜찮아?"""
BuffOther#4,"""힘내 줘……"""
QuestStart1#4,"""갈게. 같이……"""
QuestEnd1#4,"""어라……끝났어?"""
IncidentStart#4,"""뭐야, 뭐야?<br>무슨 일이야?"""
IncidentSuccess#4,"""힘냈어?<br>헤헤……"""
IncidentFailure#4,"""슬퍼……"""
PSE#4,"""와!\u3000PSE야!"""
PSELevelUp#4,"""PSE가 강해진 것 같아"""
PSEBurst#4,"""해냈다!<br>버스트했어!"""
HP30#4,"""에너지가……부족해……"""
HP10#4,"""부탁이야……<br>붙어 있어 줘……"""
ItemRare#4,"""보기 드문 것……이야?"""
DamageSmall#4,"""아파……"""
DamageMiddle#4,"""그만해 줬으면 좋겠어……"""
DamageLarge#4,"""으앙!"""
Trap#4,"""어라……?<br>움직일 수 없어……"""
ThankTrapRescue#4,"""휴……<br>살았어"""
TrapRescueOther#4,"""풀렸어?<br>다행이야!"""
MemberDamaged#4,"""괜찮아?"""
MemberDead#4,"""어, 어떡하지……"""
AbilityExe#4,"""에너지……충전 완료……"""
AbilitySpecial#4,"""지켜봐……<br>내……전력!"""
Resurrect#4,"""아직……힘낼게"""
PartyJoin#4,"""/ci2 1 재미있는 돌을 찾으면 좋겠어……"""
Marvelous#4,"""믿음직해……"""
IncidentJsApcBegin#4,"""/ci2 1 도와줬으면 해……<br>길을 잃었어"""
IncidentJsApcFailure#4,"""저쪽에<br>좋은 돌이 떨어져 있을지도 몰라.<br>가 볼게……"""
IncidentJsApcSuccess#4,"""/ci2 1 고마워.<br>난 다시 돌을 찾으러 갈게"""
IncidentJsApcBeginEvo#4,"""/ci2 2 어라……?<br>늘어난 것 같아"""
EnemyWeak#5,"""여유예요☆"""
EnemyLarge#5,"""아무렇지도 않아요☆"""
EnemyBoss#5,"""크다고 다 좋은 건<br>아니라고요!"""
EnemyRare#5,"""저거 보기 드문 아이죠!<br>헤헤, 받아 가죠☆"""
EnemyBoost#5,"""……조금 까다로워 보이네요.<br>마음을 다잡고 가시죠!"""
DestroyEnemy1#5,"""에헴☆"""
DestroyEnemy2#5,"""해냈습니다☆"""
DestroyEnemy3#5,"""신비한 마법이에요☆"""
CondFreeze#5,"""꺅, 차가워!\u3000"""
CondBurn#5,"""뜨거워!"""
CondShock#5,"""앗, 저려……"""
CondPoison#5,"""으으, 기분 나빠……"""
CondPanic#5,"""할로윈 마녀 마지컬★시에라가<br>빗자루 요정 마로윈과 함께 대활약!<br>당신의 하트에 저스트 어택☆"""
CondStan#5,"""어라, 움직일 수 없어요!"""
CondMirage#5,"""와앗, 안 보여요!"""
Die#5,"""하고 싶은 게 잔뜩 있는데……"""
ThankHeal#5,"""감사합니다☆"""
ThankBuff#5,"""고마워요☆"""
ThankCure#5,"""사, 살았습니다!"""
DefeatEnemy#5,"""다음엔 뭐가 기다리고 있을까요?<br>기대되네요☆"""
LevelUp#5,"""레벨 업! 이네요"""
InvokeSkill1#5,"""받아 주세요☆"""
InvokeSkill2#5,"""갑니다☆"""
InvokeSkill3#5,"""안녕히 가세요☆"""
TechFire#0,"""따끈따끈☆파이어!"""
TechIce#0,"""꽁꽁☆아이스!"""
TechThunder#0,"""찌릿찌릿☆선더!"""
TechWind#0,"""둥실둥실☆윈드!"""
TechLight#0,"""반짝반짝☆라이팅!"""
TechDark#0,"""흐릿흐릿☆다크니스!"""
PBFull#5,"""마지컬★시에라의 신비한 마법으로<br>비장의 수단을 소환할게요☆"""
PBRelease#5,"""비장의 수단, 갑니다!"""
Avoid#5,"""소용없어요☆"""
HealSelf#5,"""마지컬☆힐링!"""
BuffSelf#5,"""마지컬☆파워 업!"""
HealOther#5,"""마지컬☆힐링!"""
BuffOther#5,"""마지컬☆파워 업!"""
QuestStart1#5,"""가시죠!<br>저도 힘낼게요!"""
QuestEnd1#5,"""수고하셨습니다!<br>다음에도 데려가 주세요☆"""
IncidentStart#5,"""무슨 일이 생길 것 같아요……<br>조심하세요!"""
IncidentSuccess#5,"""완벽합니다!<br>수고하셨습니다☆"""
IncidentFailure#5,"""죄, 죄송합니다……"""
PSE#5,"""앗, PSE예요☆"""
PSELevelUp#5,"""PSE, 파워 업입니다!"""
PSEBurst#5,"""왔어요!<br>PSE 버스트☆"""
HP30#5,"""아파요, 아파요!<br>마지컬★시에라, 큰 위기예요!"""
HP10#5,"""아아, 별이 보여요……☆"""
ItemRare#5,"""좋은 걸 손에 넣으셨네요!<br>축하드립니다☆"""
DamageSmall#5,"""아야!"""
DamageMiddle#5,"""으먓!"""
DamageLarge#5,"""꺄악!"""
Trap#5,"""꺄악!\u3000하, 함정!?<br>부끄러워요……"""
ThankTrapRescue#5,"""……후우, 살았습니다!<br>감사합니다☆"""
TrapRescueOther#5,"""괜찮으신가요?"""
MemberDamaged#5,"""무리하면 안 돼요……"""
MemberDead#5,"""그럴 수가……<br>함께 미래를 지키자고<br>약속했잖아요……"""
AbilityExe#5,"""왠지 상태가 좋아졌어요!<br>쭉쭉 가자고요☆"""
AbilitySpecial#5,"""뭐든 할 수 있을 것 같아요!<br>마지컬★시에라에게 맡겨 주세요☆"""
Resurrect#5,"""부족한 시에라지만!<br>아직 더 힘낼게요!"""
PartyJoin#5,"""/ci2 2 전투도 제게 맡겨 주세요"""
Marvelous#5,"""저도 질 수 없겠네요!"""
IncidentJsApcBegin#5,"""/ci2 2 마지컬★시에라가 뿅 하고 등장!<br>나쁜 아이들에게 비장의<br>신비한 마법을 걸어 줄게요☆"""
IncidentJsApcFailure#5,"""/ci4 2 그, 그럴 수가……<br>신비한 마법이 통하지 않다니……"""
IncidentJsApcSuccess#5,"""/ci2 2 해냈어요!\u3000앞으로도<br>마지컬★시에라의 신비한 마법이<br>사랑과 희망을 퍼뜨릴게요☆"""
IncidentJsApcBeginEvo#5,"""/ci3 2 이런, 욕심쟁이시네요☆<br>마지컬★시에라의 신비한 마법……<br>앙코르로 가 볼까요!"""
EnemyWeak#6,"""나라도 이길 수 있을 것 같다냥"""
EnemyLarge#6,"""크다냥"""
EnemyBoss#6,"""냥……강해 보인다냥"""
EnemyRare#6,"""냥, 아종이나 희귀종이냥?"""
EnemyBoost#6,"""냥, 기합이 들어갔다냥……"""
DestroyEnemy1#6,"""해냈다냥!"""
DestroyEnemy2#6,"""이겼다냥!"""
DestroyEnemy3#6,"""동반자의 힘이다냥!"""
CondFreeze#6,"""눈사람 같다냐앙……"""
CondBurn#6,"""너무 뜨겁다냐앙!"""
CondShock#6,"""찌릿찌릿하다냐앙"""
CondPoison#6,"""비틀비틀한다냥"""
CondPanic#6,"""빙글빙글 돈다냥"""
CondStan#6,"""움직일 수 없지만 두고 가지 말라냥!"""
CondMirage#6,"""주인님 어디 있냐앙……?"""
Die#6,"""헤어지는 건 슬프다냥……"""
ThankHeal#6,"""고맙다냥!"""
ThankBuff#6,"""기쁘다냥!"""
ThankCure#6,"""기운이 났다냥!"""
DefeatEnemy#6,"""사냥이 끝났냥?"""
LevelUp#6,"""헌터 랭크가 올랐냥?"""
InvokeSkill1#6,"""끝내겠다냥!"""
InvokeSkill2#6,"""맡겨 달라냥!"""
InvokeSkill3#6,"""해치우겠다냥!"""
PBFull#6,"""이걸로 완벽하게 끝낸다냥!"""
PBRelease#6,"""우리에게 맡기라냥!"""
Avoid#6,"""냐앗!"""
HealSelf#6,"""기운이 난다냥!"""
BuffSelf#6,"""힘내겠다냥"""
HealOther#6,"""참으면 안 된다냥"""
BuffOther#6,"""무리하지 말라냥"""
QuestStart1#6,"""사냥이 시작된다냥!"""
QuestEnd1#6,"""해냈다냥, 사냥에 성공했다냥!"""
IncidentStart#6,"""뭐, 뭔가 생길 것 같다냐앙……"""
IncidentSuccess#6,"""성공했다냥!"""
IncidentFailure#6,"""냐앙……미안하다냥……"""
PSE#6,"""냐앙?\u3000뭔가 시작되냥?"""
PSELevelUp#6,"""냐냥?\u3000계속하면 되냥?"""
PSEBurst#6,"""대단하다냥!\u3000놀랐다냥!"""
HP30#6,"""아직은 괜찮다냥!"""
HP10#6,"""잠들 것 같다냥……"""
ItemRare#6,"""좋은 거 얻었냥?"""
DamageSmall#6,"""냥……"""
DamageMiddle#6,"""아프다냥"""
DamageLarge#6,"""지지 않는다냥……!"""
Trap#6,"""사냥당한다냥!"""
ThankTrapRescue#6,"""함정에 걸려서 미안하다냥……"""
TrapRescueOther#6,"""동반자의 마음가짐이다냥!"""
MemberDamaged#6,"""조심하라냥"""
MemberDead#6,"""헤어지는 건 싫다냐앙……!"""
AbilityExe#6,"""사냥혼이다냥!"""
AbilitySpecial#6,"""동반자 사냥꾼이다냥!"""
Resurrect#6,"""동반자는 끝까지 함께다냥"""
PartyJoin#6,"""/ci2 2 주인님, 잘 부탁한다냥"""
Marvelous#6,"""역시 주인님이다냥!"""
IncidentJsApcBegin#6,"""/ci2 2 주인님이다냥!<br>부탁이다냥, 도와줬으면 한다냥!"""
IncidentJsApcFailure#6,"""/ci4 2 미안하다냥……<br>난 동반자 실격이다냥"""
IncidentJsApcSuccess#6,"""/ci2 2 주인님 덕분이다냥!<br>대성공이다냥!"""
IncidentJsApcBeginEvo#6,"""/ci3 2 냐냥……?<br>아직 뭔가 생길 것 같다냥"""
EnemyWeak#7,"""간다!"""
EnemyLarge#7,"""이런 녀석, 덩치만 클 뿐이야……!"""
EnemyBoss#7,"""지지 않을 거야!"""
EnemyRare#7,"""오, 보기 드문 녀석이다!"""
EnemyBoost#7,"""부스트됐더라도<br>내가 정화하겠어!"""
DestroyEnemy1#7,"""다음!"""
DestroyEnemy2#7,"""이 정도론 멈추지 않아!"""
DestroyEnemy3#7,"""고마워, 아메노무라쿠모!"""
CondFreeze#7,"""차, 차가워!\u3000잠깐, 이게 뭐야!"""
CondBurn#7,"""부, 불타고 있어!?\u3000불 꺼, 불 꺼!"""
CondShock#7,"""저, 저려어어어……!"""
CondPoison#7,"""도, 독……?\u3000기분 나빠……"""
CondPanic#7,"""아하하하!<br>저기가 여기고 여기가 어디지?"""
CondStan#7,"""모, 몸이 안 움직여……!"""
CondMirage#7,"""누, 눈이……번쩍거려서……!"""
Die#7,"""실수했어……모두 미안해……!"""
ThankHeal#7,"""고마워!"""
ThankBuff#7,"""역시 대단해!\u3000살았어!"""
ThankCure#7,"""후우, 이걸로 됐어!"""
DefeatEnemy#7,"""자, 다음으로 가자!"""
LevelUp#7,"""질 수 없지!"""
InvokeSkill1#7,"""망설임을 끊어 낸다!"""
InvokeSkill2#7,"""나와 아메노무라쿠모라면!"""
InvokeSkill3#7,"""일섬!"""
PBFull#7,"""난 이제 자신을 속이지 않아!"""
PBRelease#7,"""이것이 나의……선택이다!"""
Avoid#7,"""흥!"""
HealSelf#7,"""회복은 제대로 해야지"""
BuffSelf#7,"""봐주기도, 사정도 일절 없어!"""
HealOther#7,"""괜찮아?\u3000회복할게!"""
BuffOther#7,"""만전의 상태로 맞서자!"""
QuestStart1#7,"""가자, 아메노무라쿠모"""
QuestEnd1#7,"""수고했어!"""
IncidentStart#7,"""뭔가……온다!"""
IncidentSuccess#7,"""좋아, 훌륭해!"""
IncidentFailure#7,"""뭐, 기죽지 마!<br>다음으로 가자!\u3000다음!"""
PSE#7,"""이게 PSE……"""
PSELevelUp#7,"""PSE가 강해진 것 같아"""
PSEBurst#7,"""정말 아름다워……!<br>성야의 종소리가 들릴 것 같아!"""
HP30#7,"""이 정도론 꺾이지 않아!"""
HP10#7,"""아직 난 포기하지 않아!"""
ItemRare#7,"""크리스마스 선물이네!"""
DamageSmall#7,"""큭!"""
DamageMiddle#7,"""이제부터야!!"""
DamageLarge#7,"""위험한가……!"""
Trap#7,"""헉, 함정!?"""
ThankTrapRescue#7,"""살았다, 고마워!"""
TrapRescueOther#7,"""함정이라니 고전적이네……!<br>금방 도와줄게!"""
MemberDamaged#7,"""괜찮아?"""
MemberDead#7,"""절대 용서하지 않을 거야……!"""
AbilityExe#7,"""힘이 솟아나!"""
AbilitySpecial#7,"""지금이라면 일기당천의 활약도 가능해!"""
Resurrect#7,"""……쉬고 있을 때가 아니라니까!"""
PartyJoin#7,"""/ci2 1 좋아, 힘내 볼까."""
Marvelous#7,"""여전하네!"""
IncidentJsApcBegin#7,"""/ci2 1 아, 마침 잘 왔어!<br>메리 크리스마스……가 아니라<br>먼저 이 녀석들부터 정리해야 해!"""
IncidentJsApcFailure#7,"""여러모로 미안해……!<br>순록은 일단 퇴각할게!"""
IncidentJsApcSuccess#7,"""/ci2 1 도와줘서 고마워!<br>크리스마스 즐겁게 보내!"""
IncidentJsApcBeginEvo#7,"""/ci5 1 ……아무래도 성야의 깜짝 선물은<br>아직 더 이어질 모양이야!"""
EnemyWeak#8,"""얼른 해치우자!"""
EnemyLarge#8,"""으으……<br>너무 커!"""
EnemyBoss#8,"""와와, 강해 보여……!"""
EnemyRare#8,"""와, 저걸 보세요!<br>보기 드문 녀석이에요!"""
EnemyBoost#8,"""어라?<br>위험한 분위기가……"""
DestroyEnemy1#8,"""잘됐나요?"""
DestroyEnemy2#8,"""해냈다!\u3000해냈다!"""
DestroyEnemy3#8,"""후우, 어떻게든!"""
CondFreeze#8,"""코오리가 꽁꽁 얼었어……<br>아니, 이럴 때가 아니지!"""
CondBurn#8,"""코오리가 불타고 있다니……<br>아니, 아니, 도와주세요!"""
CondShock#8,"""모모모몸이이이이<br>저저저저려어어어……!"""
CondPoison#8,"""으으……독은 아픈 걸 떠나서<br>일단 기분 나빠……!"""
CondPanic#8,"""뭔가 엄청<br>빙글빙글 몽글몽글해"""
CondStan#8,"""모, 몸이 안 움직여……?<br>앗!\u3000이거 정말 위험한 상황이야!"""
CondMirage#8,"""와아, 알 군이 잔뜩 보여……!<br>꿈만 같아……그런데 이거<br>정상은 아니란 거지!"""
Die#8,"""아우……당해 버렸어……"""
ThankHeal#8,"""헤헤, 감사합니다!"""
ThankBuff#8,"""엄청난 힘이 솟아났어요!"""
ThankCure#8,"""후훗!<br>기분도 개운!\u3000기운도 가득!"""
DefeatEnemy#8,"""잡졸은 정리 끝!"""
LevelUp#8,"""엣, 아직 더 강해지는 건가요!"""
InvokeSkill1#8,"""싹둑!"""
InvokeSkill2#8,"""와와왓!"""
InvokeSkill3#8,"""싹 베어 버릴게!"""
TechIce#1,"""얼어 버려!"""
PBFull#8,"""좋아, 비장의 수단 같은 걸<br>써 버릴게!"""
PBRelease#8,"""에잇, 이젠 될 대로 돼라!"""
Avoid#8,"""네!"""
HealSelf#8,"""이 틈에 바로 회복!"""
BuffSelf#8,"""만전의 상태로 맞서겠어!"""
HealOther#8,"""틈을 찾아 회복할게요!"""
BuffOther#8,"""이런 것도 있어요!"""
QuestStart1#8,"""발목 잡지 마, 발목 잡지 마<br>발목 잡지 마……좋아!"""
QuestEnd1#8,"""끄읕!<br>힘냈네요!"""
IncidentStart#8,"""이 분위기……<br>무슨 일이 생길 것 같나요?"""
IncidentSuccess#8,"""다행이다. 성공이네요!"""
IncidentFailure#8,"""어라, 안 됐나요……<br>기분을 바꾸고 가죠!"""
PSE#8,"""오오, 이 술렁이는 느낌은……?"""
PSELevelUp#8,"""술렁술렁해요……"""
PSEBurst#8,"""반짝반짝해서……예뻐요!\u3000<br>크리스마스 같아서 멋질지도!"""
HP30#8,"""으으, 흔히 말하는 위기일지도……"""
HP10#8,"""이, 이건 너무하잖아요!"""
ItemRare#8,"""히츠기가 준 선물일까요?<br>후후후……"""
DamageSmall#8,"""아파!"""
DamageMiddle#8,"""싫어!"""
DamageLarge#8,"""너무해!"""
Trap#8,"""어라……혹시 나<br>함정에 걸린 건가……?"""
ThankTrapRescue#8,"""사, 살았다……"""
TrapRescueOther#8,"""괜찮아요? 지금 도와줄게요!"""
MemberDamaged#8,"""와와, 조심하세요!"""
MemberDead#8,"""이런……<br>그람의 분노를 천천히 맛보세요……"""
AbilityExe#8,"""후후, 저 절호조인가요?"""
AbilitySpecial#8,"""지금이라면 싹둑싹둑<br>뭐든 정리할 수 있을 것 같아요!"""
Resurrect#8,"""……조금만 더,<br>힘내 볼까……<br>싶기도 하고."""
PartyJoin#8,"""/ci2 1 잘 부탁드립니다"""
Marvelous#8,"""우와……대단하다……"""
IncidentJsApcBegin#8,"""/ci2 1 크리스마스 분위기의 히츠기를<br>찾다가 포위당했어요……!<br>도와주세요!"""
IncidentJsApcFailure#8,"""힘이 부족해서 죄송해요……<br>이 뒤에도 무리하지 마세요!"""
IncidentJsApcSuccess#8,"""/ci2 1 변장하고 부끄러워하는<br>히츠기, 꼭 찾아야 해……<br>감사합니다!"""
IncidentJsApcBeginEvo#8,"""/ci1 1 이걸로 끝!<br>은 아닌 것 같네요……<br>해치울까요!"""
EnemyWeak#9,"""이 정도 에너미라면!"""
EnemyLarge#9,"""대형이네……!"""
EnemyBoss#9,"""만만치 않은 상대 같네!"""
EnemyRare#9,"""어라, 저건 뭘까?<br>희귀한 에너미 같아"""
EnemyBoost#9,"""정말……위험한 느낌이야"""
DestroyEnemy1#9,"""우선 하나!"""
DestroyEnemy2#9,"""잘 가"""
DestroyEnemy3#9,"""방해하니까!"""
CondFreeze#9,"""큭……동결 상태야……!"""
CondBurn#9,"""윽, 이건……연소 상태……!"""
CondShock#9,"""모, 몸이 저려서……!"""
CondPoison#9,"""기분 나빠……이거, 독……?"""
CondPanic#9,"""뭐, 뭐가 어떻게 된 거야?"""
CondStan#9,"""몸을 마음대로 움직일 수 없어……!"""
CondMirage#9,"""환각?\u3000시야가 이상해……!"""
Die#9,"""쓰러져 있을……수는 없는데……"""
ThankHeal#9,"""고마워!"""
ThankBuff#9,"""살았어!"""
ThankCure#9,"""미안해!"""
DefeatEnemy#9,"""자, 가자!"""
LevelUp#9,"""믿고 있으니까"""
InvokeSkill1#9,"""받아라!"""
InvokeSkill2#9,"""어림없어!"""
InvokeSkill3#9,"""맡겨!"""
TechFire#1,"""타올라라!"""
TechIce#2,"""얼어붙어라!"""
TechThunder#1,"""번개여!"""
TechWind#1,"""바람이여!"""
TechLight#1,"""빛이여!"""
TechDark#1,"""어둠이여!"""
PBFull#9,"""이번엔 이쪽 차례야!"""
PBRelease#9,"""여긴 나에게 맡겨!"""
Avoid#9,"""흥!"""
HealSelf#9,"""유감이네"""
BuffSelf#9,"""이걸로 만전이야"""
HealOther#9,"""방심하지 마"""
BuffOther#9,"""신중하게 가자"""
QuestStart1#9,"""그럼, 가 볼까"""
QuestEnd1#9,"""이걸로 끝, 이란 거지"""
IncidentStart#9,"""뭔가 이상한 기척이……"""
IncidentSuccess#9,"""어떻게든 해결돼서 다행이야"""
IncidentFailure#9,"""미안해……내 실수야"""
PSE#9,"""포톤이 술렁이고 있어<br>……이건!"""
PSELevelUp#9,"""계속 이어 가자!"""
PSEBurst#9,"""대단해……포톤이 이렇게나<br>활성화되다니……!"""
HP30#9,"""이대로는……"""
HP10#9,"""어떻게든……어떻게든 해야 해……!"""
ItemRare#9,"""앗!<br>그, 그거 희귀한 거……맞지?"""
DamageSmall#9,"""윽!"""
DamageMiddle#9,"""꺄악!"""
DamageLarge#9,"""꺄아악!"""
Trap#9,"""트랩!?"""
ThankTrapRescue#9,"""……수고를 끼쳐서 미안해"""
TrapRescueOther#9,"""괜찮아?"""
MemberDamaged#9,"""너무 앞으로 나가지 마!"""
MemberDead#9,"""절대로……절대로 용서 못 해!"""
AbilityExe#9,"""몸이 가벼워……!"""
AbilitySpecial#9,"""이거라면……할 수 있어!"""
Resurrect#9,"""내가 좀 더 정신 차려야 해……!"""
PartyJoin#9,"""/ci2 1 함께 힘내자!"""
Marvelous#9,"""그래, 그 기세야!"""
IncidentJsApcBegin#9,"""/ci1 1 아, 미안해!<br>적이 너무 많아서……<br>도와줄래?"""
IncidentJsApcFailure#9,"""……미안해.<br>먼저 물러날게."""
IncidentJsApcSuccess#9,"""/ci2 1 고마워.<br>덕분에 어떻게든 해결했어."""
IncidentJsApcBeginEvo#9,"""/ci1 2 어떻게든 해결했네……<br>응?\u3000이 기척, 아직 더 와……!"""
EnemyWeak#10,"""우리의 적은 아니군"""
EnemyLarge#10,"""대형인가"""
EnemyBoss#10,"""강적인 것 같군"""
EnemyRare#10,"""저 유형은……희귀한 녀석인가"""
EnemyBoost#10,"""……조심해.<br>불길한 포톤이다"""
DestroyEnemy1#10,"""다음."""
DestroyEnemy2#10,"""별것 아니군요."""
CondFreeze#10,"""동결 상태라고……"""
CondBurn#10,"""아무래도 뜨겁군……"""
CondShock#10,"""흐음……<br>이렇게 감전되면 성가시군"""
CondPoison#10,"""쳇, 독인가……!"""
CondPanic#10,"""의식이 혼탁해진다……"""
CondStan#10,"""움직임이 봉쇄됐어……!?"""
CondMirage#10,"""조준이 흔들리는군……"""
Die#10,"""이런 곳에서 쓰러질 수는……"""
ThankHeal#10,"""도움이 되는군"""
ThankBuff#10,"""고맙다."""
ThankCure#10,"""번거롭게 했군."""
DefeatEnemy#10,"""이 일대는 정리됐나"""
LevelUp#10,"""느낌 좋군"""
InvokeSkill1#10,"""놓치지 않는다"""
InvokeSkill2#10,"""단숨에 끝낸다!"""
InvokeSkill3#10,"""라피, 부탁한다!"""
TechFire#2,"""불타라."""
TechIce#3,"""얼음이여"""
TechThunder#2,"""번개여."""
TechWind#2,"""바람이여."""
TechLight#2,"""빛이여."""
TechDark#2,"""어둠이여."""
PBFull#10,"""힘을 쓸 때가 왔나"""
PBRelease#10,"""모두를 지킨다. 그것이 내 사명이다"""
Avoid#10,"""핫!"""
HealSelf#10,"""아슬아슬했군."""
BuffSelf#10,"""봐주지 않는다"""
HealOther#10,"""방심하지 마라"""
BuffOther#10,"""태세를 정비해라"""
QuestStart1#10,"""임무를 시작한다."""
QuestEnd1#10,"""역시 대단하군."""
IncidentStart#10,"""이 기척……무엇이 오지"""
IncidentSuccess#10,"""적절한 대응이었군"""
IncidentFailure#10,"""……반성할 점이 많군"""
PSE#10,"""이건……PSE인가"""
PSELevelUp#10,"""포톤이 활성화되고 있다"""
PSEBurst#10,"""이것이 PSE의 최종 단계인가"""
HP30#10,"""대미지를 너무 많이 받았나"""
HP10#10,"""이 이상은 아무래도 위험해……"""
ItemRare#10,"""흐음, 희귀한 물건인 듯하군"""
DamageSmall#10,"""큿"""
DamageMiddle#10,"""위험해"""
DamageLarge#10,"""꺄악!"""
Trap#10,"""함정이라고!"""
ThankTrapRescue#10,"""번거롭게 했군."""
TrapRescueOther#10,"""괜찮나?"""
MemberDamaged#10,"""무리하지 마라."""
MemberDead#10,"""……내가 한심한 탓에"""
AbilityExe#10,"""흐음, 몸이 가볍군"""
AbilitySpecial#10,"""포톤이 몸에 익는군"""
Resurrect#10,"""……멈춰 설 수는 없어"""
PartyJoin#10,"""/ci2 1 잘 부탁한다"""
Marvelous#10,"""이것이 네 힘인가"""
IncidentJsApcBegin#10,"""/ci2 1 <%me>.<br>미안하지만 도와줄 수 있나?"""
IncidentJsApcFailure#10,"""……나도 참 꼴사납군.<br>미안하지만 먼저 물러나겠다."""
IncidentJsApcSuccess#10,"""/ci2 1 역시 대단하군. 소문 이상이다.<br>너에게 부탁하길 잘했군."""
IncidentJsApcBeginEvo#10,"""/ci1 1 끝났나……?<br>……아니, 아직 더 오는군.<br>조금만 더 어울려 주겠나?"""
EnemyWeak#11,"""후후후!<br>이 정도면 식은 죽 먹기야!"""
EnemyLarge#11,"""싫은 녀석이 와 버렸어!"""
EnemyBoss#11,"""우오오……!<br>커다란 선물……이 아니잖아!"""
EnemyRare#11,"""어라, 보기 드문 녀석이야!<br>운이 좋네!"""
EnemyBoost#11,"""에에에……!<br>뭔가 강해 보이는 게……!"""
DestroyEnemy1#11,"""영차!"""
DestroyEnemy2#11,"""어떠냐!"""
DestroyEnemy3#10,"""화려하게 성공!"""
CondFreeze#11,"""꽁꽁 얼었다!"""
CondBurn#11,"""활활 타오른다!<br>뜨거, 뜨거워!"""
CondShock#11,"""저저저저려어어어!"""
CondPoison#11,"""으으, 기부니 나빠…"""
CondPanic#11,"""빙글빙글, 어질어질!<br>아하하하!"""
CondStan#11,"""몸이 잘 안 움직여!"""
CondMirage#11,"""흐릿하고 뿌예서<br>시야가 엄청나!"""
Die#11,"""티아…"""
ThankHeal#11,"""와아, 고마워!"""
ThankBuff#11,"""센스 있는 사람, 사랑해!"""
ThankCure#11,"""개운해졌어!<br>고마워!"""
DefeatEnemy#11,"""끝났어?"""
LevelUp#11,"""좋겠다!\u3000좋겠네!"""
InvokeSkill1#11,"""하나, 둘, 얍!"""
InvokeSkill2#11,"""날아가 버려!"""
InvokeSkill3#11,"""해치워 버릴 거야!"""
TechLight#3,"""티아 흉내 내기!"""
PBFull#11,"""열받아!<br>화나기 시작했어!"""
PBRelease#11,"""1번, 패티!\u3000갑니다!"""
TacticsFree#0,"""자유분방하게 가 보자!"""
TacticsGuard#0,"""방어는 최고의 공격이라고<br>누군가 그랬어!"""
TacticsMassedAttack#0,"""미안하지만 이건 싸움이니까…<br>집중 공격이야!"""
TacticsAttack#0,"""자, 자, 이쪽으로 와!"""
Avoid#11,"""영차!"""
HealSelf#11,"""해낼 줄 알았어?<br>아쉽지만 회복이었어!"""
BuffSelf#11,"""이래 보여도<br>준비는 빠뜨리지 않아!"""
HealOther#11,"""빠르게 회복!"""
BuffOther#11,"""나눠 줄게!"""
QuestStart1#11,"""그럼 가 보자!"""
QuestEnd1#11,"""네, 끝!<br>수고했어!"""
IncidentStart#11,"""이런, 문제 발생!"""
IncidentSuccess#11,"""멋졌어!<br>뭐, 내가 있으니 당연하지만"""
IncidentFailure#11,"""뭐, 기죽지 말고 다음으로 가자!"""
PSE#11,"""오, 뭔가 시작됐다!"""
PSELevelUp#11,"""계속 이어 가 보자!"""
PSEBurst#11,"""오오!<br>산타도 같이 나와라!"""
HP30#11,"""아직 쌩쌩해!"""
HP10#11,"""허, 허세 부리기도 힘들어…"""
ItemRare#11,"""그건 설마<br>산타가 준 선물!?"""
DamageSmall#11,"""아야!"""
DamageMiddle#11,"""히얏!"""
DamageLarge#11,"""아프다니까!"""
Trap#11,"""함정에 걸린 여자애라니<br>제법 자극적… 아니,<br>그게 아니라 살려 줘!"""
ThankTrapRescue#11,"""후, 고마워."""
TrapRescueOther#11,"""화려하게 구출 완료!"""
MemberDamaged#11,"""무리하면 안 돼!"""
MemberDead#11,"""용서 안 해!"""
AbilityExe#11,"""/toge 감이 살아났어!"""
AbilitySpecial#11,"""/toge 맡겨 둬!"""
Resurrect#11,"""후, 저승길이 보였어!"""
PartyJoin#11,"""/ci1 1 네네!\u3000힘낼게!"""
Marvelous#11,"""이야, 편하다, 편해."""
IncidentJsApcBegin#11,"""/ci2 2 사랑과 미소녀의 전사<br>산타 파티, 여기 등장!<br>착한 아이는 없느냐!"""
IncidentJsApcFailure#11,"""/ci4 2 산타 파티, 퇴장!<br>당했다!"""
IncidentJsApcSuccess#11,"""/ci2 2 역시 믿음직하다니까!<br>그럼 이 기세로 이번엔 꼭 산타를<br>붙잡자!\u3000기다려, 산타!"""
IncidentJsApcBeginEvo#11,"""/ci3 2 좋아, 이걸로 끝……이 아니야!?<br>설마……이게 선물!?"""
EnemyWeak#12,"""응?<br>별로 강해 보이지는 않을지도"""
EnemyLarge#12,"""으으, 힘들 것 같아……"""
EnemyBoss#12,"""보스 에너미네<br>조심해!"""
EnemyRare#12,"""엄청 희귀한 종이야……<br>운이 좋네"""
EnemyBoost#12,"""부스트 에너미인가?<br>주의하자"""
DestroyEnemy1#12,"""해치워 버렸어요."""
DestroyEnemy2#12,"""끝내 버렸어요."""
DestroyEnemy3#11,"""우아하게 성공!"""
CondFreeze#12,"""차갑네…"""
CondBurn#12,"""뜨거울지도…"""
CondShock#12,"""찌릿찌릿해…"""
CondPoison#12,"""속이 안 좋아…"""
CondPanic#12,"""빙글빙글 돌아서…<br>뭐지, 이거…"""
CondStan#12,"""힘이 쭉 빠졌어…"""
CondMirage#12,"""시야가 뭔가 이상해…"""
Die#12,"""언니…"""
ThankHeal#12,"""감사합니다!"""
ThankBuff#12,"""널 위해 힘낼게"""
ThankCure#12,"""도움이 됐습니다"""
DefeatEnemy#12,"""끝난… 건가?"""
LevelUp#12,"""강해지는 건 좋은 일이야."""
InvokeSkill1#12,"""이런 건<br>패티 언니 역할이야."""
TechFire#3,"""낭비는 싫어."""
TechIce#4,"""놓치지 않아."""
TechThunder#3,"""다 보이는데?"""
TechWind#3,"""여러 가지 할 수 있거든?"""
TechLight#4,"""테크닉이라면 맡겨."""
TechDark#3,"""끝내 줄게."""
PBFull#12,"""나도 화날 때는 화나니까."""
PBRelease#12,"""2번, 티아. 갑니다."""
TacticsFree#1,"""그럼 자유롭게 할게요."""
TacticsGuard#1,"""방어를 굳히고 빈틈을 노린다.<br>정석 전술이네."""
TacticsMassedAttack#1,"""한곳에 집중…<br>합리적이라고 생각해."""
TacticsAttack#1,"""내가 시선을 끌게요."""
Avoid#12,"""아쉽네"""
HealSelf#12,"""그렇게 쉽게 쓰러지진 않을 테니까."""
BuffSelf#12,"""보조도 잊지 않아요."""
HealOther#12,"""일찍 회복하는 걸 명심해."""
BuffOther#12,"""기운 내"""
QuestStart1#12,"""그럼 잘 부탁해."""
QuestEnd1#12,"""끝난 모양이야.<br>수고했어!"""
IncidentStart#12,"""침착하게 대처하자"""
IncidentSuccess#12,"""역시 대단해. 성공이야"""
IncidentFailure#12,"""실패해 버렸네.<br>다음엔 힘내자"""
PSE#12,"""포톤 활성화…?<br>시작된 모양이야."""
PSELevelUp#12,"""계속 더 이어 가 보자."""
PSEBurst#12,"""와, 대단해……!<br>왠지 예쁘네"""
HP30#12,"""아직 쌩쌩해요."""
HP10#12,"""조금… 힘들지도."""
ItemRare#12,"""레어 아이템이 나온 모양이야.<br>산타가 준 선물일지도"""
DamageSmall#12,"""큿"""
DamageMiddle#12,"""꺅"""
DamageLarge#12,"""아야!"""
Trap#12,"""큭… 이런 함정 따위에."""
ThankTrapRescue#12,"""살았어요."""
TrapRescueOther#12,"""괜찮으신가요?"""
MemberDamaged#12,"""괜찮으신가요?"""
MemberDead#12,"""원수는 갚을게"""
AbilityExe#12,"""/toge 상태가 좋은 것 같아"""
AbilitySpecial#12,"""/toge 내게 맡겨 줘"""
Resurrect#12,"""너무 방심했나."""
PartyJoin#12,"""/ci1 1 적당히 힘낼게."""
Marvelous#12,"""…정말 편하네."""
IncidentJsApcBegin#12,"""/ci2 2 산타와 파티를 찾다가<br>어느새 에너미들이……<br>죄송하지만 도와주세요!"""
IncidentJsApcFailure#12,"""/ci4 2 죄송해요, 실패해 버렸어요……"""
IncidentJsApcSuccess#12,"""/ci2 2 도와주셔서 감사합니다!<br>살았어요!"""
IncidentJsApcBeginEvo#12,"""/ci3 2 후우, 이걸로 끝일까……?<br>아니, 아직 더 오는 것 같아!"""
EnemyWeak#13,"""우리 상대가 아니군!"""
EnemyLarge#13,"""이런, 꽤 큰 녀석이군<br>하지만 우리라면!"""
EnemyBoss#13,"""힘이 전부는 아니야……<br>우리가 그걸 가르쳐 주자!"""
EnemyRare#13,"""보게나!<br>저건 희귀한 녀석이야!"""
EnemyBoost#13,"""상당히 의욕적인 것 같지만<br>우리의 유대를 이길 수 있을까?"""
DestroyEnemy1#13,"""아름다워!"""
DestroyEnemy2#13,"""잘했어!"""
DestroyEnemy3#12,"""믿고 있었어!"""
CondFreeze#13,"""몸은 얼어붙었지만<br>내 애정은 불타오르고 있어!"""
CondBurn#13,"""하하하, 엄청난 열기군……<br>마치 내 애정 같아!"""
CondShock#13,"""이 정도 감전으로는<br>우리의 유대를 막을 수 없어!"""
CondPoison#13,"""이 몸이 독에 당하더라도<br>사랑하는 아이들은 지켜 내겠어!"""
CondPanic#13,"""세상이 빙글빙글 돌지만<br>이 아이들이 있으니 문제없어!"""
CondStan#13,"""움직일 수 없더라도……<br>내 곁에는 이 아이가 있어!"""
CondMirage#13,"""후후, 환각이라니 소용없어……<br>원래 이 아이들밖에 안 보니까!"""
Die#13,"""내가 사랑하는 아이들……만은……!"""
ThankHeal#13,"""감사해!"""
ThankBuff#13,"""살았어!"""
ThankCure#13,"""후우, 진정됐어"""
DefeatEnemy#13,"""자, 나아가자!"""
LevelUp#13,"""/toge 든든하군, 마이 프렌드!"""
InvokeSkill1#13,"""맡길게, 내가 사랑하는 아이야!"""
InvokeSkill2#12,"""유대의 힘을 보여 줘!"""
InvokeSkill3#12,"""자, 끝내 버리자!"""
PBFull#13,"""자, 준비는 끝났어!"""
PBRelease#13,"""/toge 온 힘을 다한 앙상블을 들려주자!"""
TacticsFree#2,"""자유롭게 할게, 마이 프렌드!"""
TacticsGuard#2,"""지금은 버틸 때야, 마이 프렌드!"""
TacticsMassedAttack#2,"""집중 공격이군, 알겠어, 마이 프렌드!"""
TacticsAttack#2,"""미끼는 내게 맡겨!"""
Avoid#13,"""흥!"""
HealSelf#13,"""당할 수는 없지"""
BuffSelf#13,"""만반의 태세로 도전할까"""
HealOther#13,"""괜찮아?"""
BuffOther#13,"""방심은 금물이야"""
QuestStart1#13,"""자, 시작한다, 사랑하는 아이들아"""
QuestEnd1#13,"""해냈군, 마이 프렌드!<br>우리 유대의 승리야!"""
QuestEnd2#0,"""역시 대단해, 마이 프렌드!"""
IncidentStart#13,"""마이 프렌드, 뭔가 일어날 것 같아!"""
IncidentSuccess#13,"""이런, 놀라긴 했지만<br>어떻게든 해냈어!"""
IncidentFailure#13,"""……내 대응이 잘못됐어"""
PSE#13,"""내 아이들이 술렁이고 있어……<br>이건 PSE인가?"""
PSELevelUp#13,"""더욱 계속해 나가자"""
PSEBurst#13,"""보이니, 모두……<br>정말 아름다운 PSE 버스트야……!"""
HP30#13,"""이런 꼴사나운 모습으론<br>아이들에게 버림받겠어……"""
HP10#13,"""내가 사랑하는 아이들을 위해<br>아직 쓰러질 수는 없어!"""
ItemRare#13,"""오, 그거 좋은 물건이군!<br>축하해, 마이 프렌드!"""
DamageSmall#13,"""윽"""
DamageMiddle#13,"""제법이군"""
DamageLarge#13,"""이럴 수가!"""
Trap#13,"""이런!\u3000내 아이들만 보느라<br>함정을 못 봤어……!"""
ThankTrapRescue#13,"""살았어, 마이 프렌드!"""
TrapRescueOther#13,"""마이 프렌드!\u3000괜찮아?"""
MemberDamaged#13,"""물러나게, 마이 프렌드!"""
MemberDead#13,"""……감히 내 친구를!"""
AbilityExe#13,"""하하핫!\u3000나도 아이들도<br>텐션 최고!\u3000절호조야!"""
AbilitySpecial#13,"""지금이라면 뭐든 할 수 있어!"""
Resurrect#13,"""……후우, 걱정 끼쳤군, 마이 프렌드!"""
PartyJoin#13,"""/toge /ci2 1 잘 부탁해, 마이 프렌드!"""
Marvelous#13,"""/toge 우리도 질 수는 없지!"""
IncidentJsApcBegin#13,"""/ci2 2 마이 프렌드!\u3000기다렸어!<br>사랑하는 아이들과 크리스마스를<br>보내도록 조금 도와주겠나?"""
IncidentJsApcFailure#13,"""/ci4 2 사랑하는 아이들을 우선해야 해서\u3000<br>미안하지만 퇴각하겠네."""
IncidentJsApcSuccess#13,"""/ci2 2 고마워, 역시 마이 프렌드야!<br>덕분에 성야를 기다리지 못하는<br>아이들과 함께 지낼 수 있겠어!"""
IncidentJsApcBeginEvo#13,"""/ci3 2 ……이런, 전투가 계속될 모양이군.<br>좋아!\u3000나와 사랑하는 아이들의<br>유대가 얼마나 강한지 증명하겠어!"""
EnemyWeak#14,"""얼른 정리하자"""
EnemyLarge#14,"""덩치만 크네"""
EnemyBoss#14,"""마음을 다잡는 게 좋겠어"""
EnemyRare#14,"""어머, 이런 곳에"""
EnemyBoost#14,"""……성가신 게 왔네"""
DestroyEnemy1#14,"""방해야!"""
DestroyEnemy2#14,"""비켜!"""
DestroyEnemy3#13,"""다음!"""
CondFreeze#14,"""큭……얼어붙다니!"""
CondBurn#14,"""뜨거워……!"""
CondShock#14,"""큭, 감전되다니!"""
CondPoison#14,"""독이네……제법이잖아"""
CondPanic#14,"""큭, 시야가 흔들려……!"""
CondStan#14,"""움직이지 않아……!"""
CondMirage#14,"""시야를 빼앗다니……"""
Die#14,"""미안……해……"""
ThankHeal#14,"""은혜는 갚을게"""
ThankBuff#14,"""고마워."""
ThankCure#14,"""수고를 끼쳤네"""
DefeatEnemy#14,"""앞으로 가자"""
LevelUp#14,"""아직 더 강해질 생각이야?"""
InvokeSkill1#14,"""놓치지 않아"""
InvokeSkill2#13,"""이건 어때?"""
InvokeSkill3#13,"""끝낸다!"""
PBFull#14,"""모든 걸 꿰뚫고, 미친 듯 춤춰라……!"""
PBRelease#14,"""날 만난 불운을 한탄해"""
Avoid#14,"""느리다!"""
HealSelf#14,"""쉽게 당하진 않을 거야"""
BuffSelf#14,"""봐주지 않을 거야"""
HealOther#14,"""너무 방심했어"""
BuffOther#14,"""보조, 잊은 거 아니야?"""
QuestStart1#14,"""……불렀으니 열심히 할게"""
QuestEnd1#14,"""나쁘지 않네"""
QuestEnd2#1,"""나쁘지 않았어, 편하기도 했고"""
IncidentStart#14,"""뭔가 일어날 것 같네.<br>신중하게 가자"""
IncidentSuccess#14,"""문제 해결이네"""
IncidentFailure#14,"""한심해……"""
PSE#14,"""포톤 활성화인가"""
PSELevelUp#14,"""더 활성화시키자"""
PSEBurst#14,"""단숨에 가자, 아우로라!"""
HP30#14,"""조금 너무 방심했나 봐"""
HP10#14,"""……위험하네"""
ItemRare#14,"""그거 레어 아이템 아냐?"""
DamageSmall#14,"""큭!"""
DamageMiddle#14,"""이 정도쯤……!"""
DamageLarge#14,"""제법이잖아……!"""
Trap#14,"""함정 따위에 걸리다니……"""
ThankTrapRescue#14,"""오명은 씻겠어"""
TrapRescueOther#14,"""그냥 내버려 둘 수 없었을 뿐이야"""
MemberDamaged#14,"""너무 무리했어.<br>물러서 있어!"""
MemberDead#14,"""……용서 못 해"""
AbilityExe#14,"""상태가 좋아"""
AbilitySpecial#14,"""내게 맡겨!"""
Resurrect#14,"""아직 쉬기엔 이르니까"""
PartyJoin#14,"""/ci1 2 가자, 아우로라"""
Marvelous#14,"""정말……보통이 아니네"""
IncidentJsApcBegin#14,"""/mn36 /ci3 4 밸런타인 행사장을 답사하러 왔다가<br>귀찮은 것에게 붙잡혔어……<br>조금 힘을 빌려줄래?"""
IncidentJsApcFailure#14,"""/mn13 힘이 부족했네……"""
IncidentJsApcSuccess#14,"""/mn24 /ci2 2 무사히 성공했네. 고마워.<br>……아우로라가 시끄러우니<br>이제 가 볼게."""
IncidentJsApcBeginEvo#14,"""/mn5 /ci4 2 아직 끝나지 않은 모양이네.<br>방심하지 말고 가자."""
EnemyWeak#15,"""이 정도면 괜찮아"""
EnemyLarge#15,"""와, 크다!"""
EnemyBoss#15,"""강해 보여……그래도 안 져!"""
EnemyRare#15,"""와왓, 희귀종이다!"""
EnemyBoost#15,"""……정말 불길한 느낌의 적이야"""
WeatherChange#0,"""대기의 포톤이 술렁이는 건가?"""
DestroyEnemy1#15,"""응, 잘됐어!"""
DestroyEnemy2#15,"""좋아, 느낌 좋아!"""
DestroyEnemy3#14,"""해냈다!"""
CondFreeze#15,"""어, 얼어붙었어!?"""
CondBurn#15,"""뜨거, 뜨거워!"""
CondShock#15,"""모, 몸이 저려어어……!"""
CondPoison#15,"""으으……독인가, 속이 안 좋아……"""
CondPanic#15,"""어, 어, 어떡하지이이!<br>뭘 어떻게 해야 했더라!<br>보이는 대로 날려 버릴까?"""
CondStan#15,"""모, 몸을 마음대로 못 움직이겠어……!"""
CondMirage#15,"""뭔가 시야가 몽롱해……"""
Die#15,"""실패해 버렸어, 미안해……"""
ThankHeal#15,"""아……고마워"""
ThankBuff#15,"""후훗, 고마워"""
ThankCure#15,"""으으, 미안해, 고마워"""
DefeatEnemy#15,"""끝난 것 같네"""
LevelUp#15,"""앗, 축하해!"""
InvokeSkill1#15,"""전력으로, 간다!"""
InvokeSkill2#14,"""하아아아앗!"""
InvokeSkill3#14,"""이걸로 끝낼게!"""
TechFire#4,"""내가 할 수 있는 걸, 최선을 다해!"""
TechIce#5,"""지지 않을 거야!"""
TechThunder#4,"""봐주지 않을 거야!"""
TechWind#4,"""베어 버려!"""
TechLight#5,"""빛이여."""
TechDark#4,"""꿰뚫어!"""
PBFull#15,"""<%me>!<br>우리도 준비됐어!"""
PBRelease#15,"""난 이제……혼자가 아니니까!"""
TacticsFree#3,"""응, 알겠어!<br>자유롭게 움직여 볼게!"""
TacticsGuard#3,"""여긴 참아야 할 때란 거지<br>맡겨 줘, 기다리는 건 잘해!"""
TacticsMassedAttack#3,"""공격을 한곳에 집중하자……<br>응, 알겠어!"""
TacticsAttack#3,"""내가 미끼가 될 테니까<br>그 틈에 부탁해!"""
Avoid#15,"""얏!"""
HealSelf#15,"""회복, 회복!"""
BuffSelf#15,"""보조도 잊으면 안 되지"""
HealOther#15,"""괜찮아?<br>무리하지 마"""
BuffOther#15,"""아, 잠깐 기다려<br>보조도 걸어 줄게"""
QuestStart1#15,"""좋아, 힘낼게!"""
QuestStart2#0,"""너와 함께라면……응<br>분명 괜찮을 거야!"""
QuestEnd1#15,"""정말 든든했어!"""
QuestEnd2#2,"""정말 대단해!\u3000대단해!"""
IncidentStart#15,"""어, 뭐야, 무슨 일이 일어난 거야?"""
IncidentSuccess#15,"""다행이다, 어떻게든 해냈네"""
IncidentFailure#15,"""으으……미안해……<br>발목만 잡았어……"""
PSE#15,"""포톤의 느낌이 변했어……<br>PSE라는 건가?"""
PSELevelUp#15,"""계속 이어지는 것 같아!<br>더욱더 힘내자!"""
PSEBurst#15,"""와아……이게 PSE 버스트라는<br>거구나, 굉장해!"""
HP30#15,"""윽……아, 아직 멀었어<br>난 아직 괜찮아!"""
HP10#15,"""……으윽!<br>미안, 조금 위험할지도……"""
ItemRare#15,"""앗, 그거<br>희귀한 물건이지?"""
DamageSmall#15,"""아야!"""
DamageMiddle#15,"""아야!"""
DamageLarge#15,"""와와왓!"""
Trap#15,"""어, 어, 함정!?"""
ThankTrapRescue#15,"""미안해……<br>정말 큰 도움 됐어"""
TrapRescueOther#15,"""괜찮아?<br>함정은 조심해"""
MemberDamaged#15,"""무리하지 말고 물러나!<br>괜찮아, 나도 있으니까!"""
MemberDead#15,"""이럴 수가!<br>이렇게 될 줄은……!"""
AbilityExe#15,"""응, 힘낼 테니까!"""
AbilitySpecial#15,"""좋아, 힘내 볼까!"""
Resurrect#15,"""이번엔 힘낼게!"""
PartyJoin#15,"""/ci1 1 잘 부탁해!"""
Marvelous#15,"""대단해!\u3000나도 힘내야겠어!"""
IncidentJsApcBegin#15,"""/mn2 /ci4 2 아, <%me>!<br>왠지 큰일이 나 버려서……<br>도움을 부탁해도 될까?"""
IncidentJsApcFailure#15,"""/mn5 미안해, 실패해 버렸어……"""
IncidentJsApcSuccess#15,"""/mn37 /ci1 2 고마워, 어떻게든 쓰러뜨렸네.<br>이제 안심하고 행사장 장식을<br>도울 수 있겠어."""
IncidentJsApcBeginEvo#15,"""/mn2 /ci4 2 이 분위기……<br>아직 더 올까?"""
EnemyWeak#16,"""흩어지세요"""
EnemyLarge#16,"""시야를 방해하는군요"""
EnemyBoss#16,"""침착하게 끝내죠"""
EnemyRare#16,"""보기 드문 에너미군요"""
EnemyBoost#16,"""……맞설 뿐입니다"""
DestroyEnemy1#16,"""끝이에요."""
DestroyEnemy2#16,"""잘 가"""
DestroyEnemy3#15,"""실례하겠습니다"""
CondFreeze#16,"""서늘하네요…"""
CondBurn#16,"""뜨끈뜨끈하네요…"""
CondShock#16,"""찌릿찌릿하네요…"""
CondPoison#16,"""독이 퍼지네요…"""
CondPanic#16,"""빙글빙글 도네요…"""
CondStan#16,"""움직임이…"""
CondMirage#16,"""둥실둥실하네요…"""
Die#16,"""…당연한 결말이에요."""
ThankHeal#16,"""감사드려요오."""
ThankBuff#16,"""배려해 주셔서 감사합니다"""
ThankCure#16,"""번거롭게 해 드렸습니다."""
DefeatEnemy#16,"""이곳은 이제 괜찮은 것 같군요"""
LevelUp#16,"""강함은 귀중하답니다."""
InvokeSkill1#16,"""잘하는 건 아니지만요오."""
InvokeSkill2#15,"""할 수 있는 만큼 해 보죠오."""
TechFire#5,"""이쪽이 본업이에요오."""
TechIce#6,"""움직임을 멈춰 볼까요오."""
TechThunder#5,"""놓치지 않을 거예요오."""
TechWind#5,"""죽어 주세요."""
TechLight#6,"""어떠신가요오?"""
TechDark#5,"""사라져 주세요."""
PBFull#16,"""화가 난 건 오랜만이에요오."""
PBRelease#16,"""전부 없어지면 좋을 텐데요오."""
Avoid#16,"""소용없어요오."""
HealSelf#16,"""아쉽게 됐네요"""
BuffSelf#16,"""전투 준비는 빈틈없이."""
HealOther#16,"""괜찮으신가요?"""
BuffOther#16,"""방심하지 마세요."""
QuestStart1#16,"""가도록 하죠오."""
QuestEnd1#16,"""상황 종료입니다.<br>수고하셨습니다"""
QuestEnd2#3,"""역시 대단하시네요오."""
IncidentStart#16,"""준비하세요.<br>……옵니다"""
IncidentSuccess#16,"""성공이군요.<br>조금이나마 도움이 됐다면 기쁘겠네요"""
IncidentFailure#16,"""더 힘을 길러야……"""
PSE#16,"""포톤의 여기 상태가<br>시작됐군요"""
PSELevelUp#16,"""더 활성화시키시죠"""
PSEBurst#16,"""기회를 놓치지 말고 가시죠."""
HP30#16,"""조금 무리한 것 같습니다"""
HP10#16,"""……목숨을 버릴 생각은 없습니다"""
ItemRare#16,"""후후, 잘됐군요.<br>원하던 것이었나요?"""
DamageSmall#16,"""큿"""
DamageMiddle#16,"""크윽……!"""
DamageLarge#16,"""아얏"""
Trap#16,"""함정이라니 고풍스럽네요오…"""
ThankTrapRescue#16,"""감사드려요오."""
TrapRescueOther#16,"""무사하신가요?"""
MemberDamaged#16,"""다친 곳은 없으신가요?"""
MemberDead#16,"""후회를 맛보세요"""
AbilityExe#16,"""힘이 솟아나는 게 느껴집니다"""
AbilitySpecial#16,"""제게 싸우게 해 주세요!"""
Resurrect#16,"""…죽기엔 아직 이른가 봐요오."""
PartyJoin#16,"""/ci1 1 잘 부탁드려요오."""
Marvelous#16,"""훌륭해요오."""
IncidentJsApcBegin#16,"""/mn3 /ci3 3 행사장 준비를 도와야 했는데……<br>죄송하지만 협력을 부탁드립니다."""
IncidentJsApcFailure#16,"""/mn27 ……죄송합니다.<br>잠시 대피하겠습니다."""
IncidentJsApcSuccess#16,"""/ci2 1 덕분에<br>행사장 준비에 늦지 않게 합류하겠어요.<br>감사합니다."""
IncidentJsApcBeginEvo#16,"""/mn13 /ci4 2 새로운 적인 듯하지만 문제없습니다.<br>방심하지 말고 가시죠."""
EnemyWeak#17,"""여유롭네"""
EnemyLarge#17,"""큰 게 왔네"""
EnemyBoss#17,"""별것 아니군"""
EnemyRare#17,"""어라, 보기 드문 적이네"""
EnemyBoost#17,"""파트너, 마음을 다잡고 가자!"""
DestroyEnemy1#17,"""자, 끝"""
DestroyEnemy2#17,"""다음 상대는?"""
DestroyEnemy3#16,"""문제없어"""
CondFreeze#17,"""추, 추워……!"""
CondBurn#17,"""뜨거워……!"""
CondShock#17,"""저, 저려서……!"""
CondPoison#17,"""독인가……"""
CondPanic#17,"""휘청거려서 미안해……"""
CondStan#17,"""움직여야 해……!"""
CondMirage#17,"""……시야가 흐릿해"""
Die#17,"""내겐 아직……약속이……"""
ThankHeal#17,"""고마워, 살았어!"""
ThankBuff#17,"""나이스 지원!"""
ThankCure#17,"""믿음직하네!"""
DefeatEnemy#17,"""이 기세로 가자!"""
LevelUp#17,"""역시 대단해. 본받아야겠어!"""
InvokeSkill1#17,"""잡았다!"""
InvokeSkill2#16,"""받아라!"""
InvokeSkill3#15,"""어떠냐!"""
TechThunder#6,"""빈틈을 노린다!"""
PBRelease#17,"""실례, 조금 진심으로 갈게"""
Avoid#17,"""이얏!"""
HealSelf#17,"""이것도 살아갈 각오야!"""
BuffSelf#17,"""유비무환!"""
HealOther#17,"""괜찮아?\u3000조심해!"""
BuffOther#17,"""이걸로 안심이야!"""
QuestStart1#17,"""자, 시작하자!"""
QuestEnd1#17,"""수고했어!\u3000해냈네!"""
IncidentStart#17,"""방심하지 말고 가자!"""
IncidentSuccess#17,"""응, 성공이네!"""
IncidentFailure#17,"""……실패에서 배워야지"""
PSE#17,"""오, 좋은 흐름이 왔네!"""
PSELevelUp#17,"""이 흐름을 계속 타자!"""
PSEBurst#17,"""직감을 따라가자!"""
HP30#17,"""아직 희망은 있어!"""
HP10#17,"""크윽……질 것 같냐!"""
ItemRare#17,"""오, 좋은 걸 찾았네"""
DamageSmall#17,"""아얏"""
DamageMiddle#17,"""으악"""
DamageLarge#17,"""위험해……!"""
Trap#17,"""트랩!?"""
ThankTrapRescue#17,"""미안……고마워!"""
TrapRescueOther#17,"""다친 곳은 없어?"""
MemberDamaged#17,"""걱정시키지 마!"""
MemberDead#17,"""……감히!"""
AbilityExe#17,"""좋아, 감이 살아났어!"""
AbilitySpecial#17,"""내 진심은 이제부터야!"""
Resurrect#17,"""……아직 할 수 있어!"""
PartyJoin#17,"""/ci2 1 잘 부탁해, 파트너!"""
Marvelous#17,"""눈부신 활약이네!"""
IncidentJsApcBegin#17,"""/toge /ci2 2 어, 역시 와 있었구나.<br>이 녀석들, 어떻게든 해야 하잖아.<br>가자, 파트너!"""
IncidentJsApcFailure#17,"""이, 이건 역시 힘든가……<br>미안, 먼저 돌아갈게."""
IncidentJsApcSuccess#17,"""/ci2 1 이걸로 일단 행사장은 안전하겠지.<br>그래도 걱정되니 조금 더<br>돌아볼게. 고마워, 파트너!"""
IncidentJsApcBeginEvo#17,"""/toge /ci3 2 ……또 오는 모양이야.<br>흥, 받아 줄 뿐이지!<br>등은 맡길게, 파트너!"""
EnemyWeak#18,"""잡병은 물러가라."""
EnemyLarge#18,"""베어 볼 만한 몸집이군."""
EnemyBoss#18,"""진짜 실력자가 등장한 건가."""
EnemyRare#18,"""호오, 희귀종인가!"""
EnemyBoost#18,"""…음, 이건…"""
DestroyEnemy1#18,"""우선 하나!"""
DestroyEnemy2#18,"""하하하!<br>감이 살아나는군!"""
DestroyEnemy3#17,"""아직 벤 것이 부족하다!"""
CondFreeze#18,"""동결이라니… 잔재주를!"""
CondBurn#18,"""연소인가… 번거롭군!"""
CondShock#18,"""감전이라고… 성가시군!"""
CondPoison#18,"""독에 침식되더라도<br>내 검이 무뎌지진 않는다."""
CondPanic#18,"""혼란에 빠지더라도<br>내 칼끝에는 망설임이 없다."""
CondStan#18,"""칫… 몸을 움직일 수 없군."""
CondMirage#18,"""환혹 상태인가… 하지만!"""
Die#18,"""본보기가 되지 못하겠군…"""
ThankHeal#18,"""감사하지."""
ThankBuff#18,"""기대에 부응해야겠군."""
ThankCure#18,"""이걸로 만전이다."""
DefeatEnemy#18,"""아직 베는 맛이 부족하군."""
LevelUp#18,"""음, 더욱 정진하도록 해라."""
InvokeSkill1#18,"""내 일도에 쓰러져라!"""
InvokeSkill2#17,"""찰나에 잘게 베어 주마!"""
InvokeSkill3#16,"""단!"""
PBFull#17,"""이런, 아무래도 할 생각이군."""
PBRelease#18,"""자, 결판을 내도록 하지."""
TacticsFree#4,"""그럼, 각자 뜻대로 움직이지."""
TacticsGuard#4,"""반격할 기회를 기다리지."""
TacticsMassedAttack#4,"""노릴 대상을 하나로 모은다."""
TacticsAttack#4,"""내게 베이고 싶은 자는<br>천천히 앞으로 나오도록."""
Avoid#18,"""느리다!"""
HealSelf#18,"""마무리가 허술했군."""
BuffSelf#18,"""쓸 수 있는 수단은 쓰도록 하지."""
HealOther#18,"""회복을 소홀히 하지 마라."""
BuffOther#18,"""보조도 중요하다."""
QuestStart1#18,"""선봉에서 베며 나아가겠다."""
QuestStart2#1,"""자네의 실력을 기대하고 있다."""
QuestEnd1#18,"""이걸로 끝이군."""
QuestEnd2#4,"""좋은 움직임이었다."""
IncidentStart#18,"""…음, 뭔가 온다."""
IncidentSuccess#18,"""나무랄 데 없는 결과다."""
IncidentFailure#18,"""때로는 실패할 수도 있다."""
PSE#18,"""PSE가 일어나는가."""
PSELevelUp#18,"""더욱 이어 간다."""
PSEBurst#18,"""이 정도 상황은 오랜만이군."""
HP30#18,"""전투 기동에는 문제없다."""
HP10#18,"""…방심이 지나쳤나."""
ItemRare#18,"""좋은 물건을 찾은 모양이군."""
DamageSmall#18,"""호오."""
DamageMiddle#18,"""제법이군."""
DamageLarge#18,"""제법 하는군!"""
Trap#18,"""이 내가 함정에…?"""
ThankTrapRescue#18,"""번거롭게 했군."""
TrapRescueOther#18,"""어떤 때에도 방심하지 마라."""
MemberDamaged#18,"""무리하지 말고 물러나라."""
MemberDead#18,"""…그 한은 풀어 주마."""
AbilityExe#18,"""/toge 음, 몸이 풀리기 시작하는군."""
AbilitySpecial#18,"""/toge 내게 맡겨라."""
Resurrect#18,"""아직 은퇴하기엔 이르다."""
PartyJoin#18,"""/ci1 1 내가 나서지."""
Marvelous#18,"""훌륭한 움직임이다!"""
IncidentJsApcBegin#18,"""/toge /ci1 3 아크스가 위기라면<br>내가 달려오지 않을 이유가 없다.<br>힘을 보태도록 하지."""
IncidentJsApcFailure#18,"""서류 작업만 해 몸이 굳었나.<br>여러모로 생각해 봐야겠군...<br>미안하지만 물러나겠다."""
IncidentJsApcSuccess#18,"""/ci1 3 음, 좋은 운동이었다.<br>그럼 나는 가 보겠다.<br>수련을 게을리하지 마라."""
IncidentJsApcBeginEvo#18,"""/ci5 3 아직도 오는 건가...<br>목숨이 아깝지 않은 모양이군."""
EnemyWeak#19,"""잡몹에게 볼일은 없어."""
EnemyLarge#19,"""덩치만 커 봐야 소용없지."""
EnemyBoss#19,"""조금은 즐겁게 해 주려나?"""
EnemyRare#19,"""오, 이런 곳에도<br>나타나는 녀석이구나."""
EnemyBoost#19,"""이 공기…<br>귀찮은 게 왔네."""
DestroyEnemy1#19,"""자, 다음."""
DestroyEnemy2#19,"""성에 안 차네."""
DestroyEnemy3#18,"""다음은 어느 녀석이지?"""
CondFreeze#19,"""동결?\u3000시원하고 좋네."""
CondBurn#19,"""연소?\u3000미지근해, 미지근해."""
CondShock#19,"""감전?\u3000마사지로 딱 좋네."""
CondPoison#19,"""독?\u3000별거 아니야."""
CondPanic#19,"""혼란?\u3000기척만 알면 충분해."""
CondStan#19,"""행동 불능?<br>뭐, 딱 좋은 핸디캡이네."""
CondMirage#19,"""환혹?\u3000재미있잖아."""
Die#19,"""나도 나이를 먹었네…"""
ThankHeal#19,"""살았어."""
ThankBuff#19,"""좋은 판단이야."""
ThankCure#19,"""뭐, 내버려 둬도<br>됐지만 말이야."""
DefeatEnemy#19,"""뭐야, 벌써 끝이야?"""
LevelUp#19,"""젊다는 건 좋네."""
InvokeSkill1#19,"""버텨 봐."""
InvokeSkill2#18,"""가로막는다면 부술 뿐."""
InvokeSkill3#17,"""자, 길을 비켜."""
TechLight#7,"""쓸 수 있을 뿐이야."""
TechDark#6,"""서툴지만 말이야."""
PBFull#18,"""조금 너무 우쭐댔네."""
PBRelease#19,"""자, 네 차례야. 눈을 떠."""
TacticsFree#5,"""평소처럼 자유롭게 할게."""
TacticsGuard#5,"""그런 성격은 아니지만<br>뭐, 따를게."""
TacticsMassedAttack#5,"""같은 목표에 공격을 집중한다.<br>올바른 전술이야."""
TacticsAttack#5,"""원한다면 전부 맡아 줄까?"""
Avoid#19,"""어디를 보고 있지?"""
HealSelf#19,"""마무리가 허술해."""
BuffSelf#19,"""쓸 수 있는 수는 쓸 뿐이야."""
HealOther#19,"""회복을 소홀히 하면 안 돼."""
BuffOther#19,"""보조를 잊으면 안 돼."""
QuestStart1#19,"""실력 좀 볼까."""
QuestStart2#2,"""오늘은 편하게 가도 되겠지?"""
QuestEnd1#19,"""제법이네, 당신."""
QuestEnd2#5,"""역시 좋네.<br>당신과 함께라 편해."""
IncidentStart#19,"""어머, 무슨 일이 생기려나?"""
IncidentSuccess#19,"""좋은 결과라고 생각해."""
IncidentFailure#19,"""너무 신경 쓰는 것도 좋지 않아."""
PSE#19,"""포톤이 술렁이네."""
PSELevelUp#19,"""이건 아직 더 이어질 거야."""
PSEBurst#19,"""여기까지 온 건 오랜만이네."""
HP30#19,"""조금 너무 힘을 뺐나?"""
HP10#19,"""좋아, 이 감각. 오랜만이야."""
ItemRare#19,"""오, 좋은 물건이네."""
DamageSmall#19,"""큭"""
DamageMiddle#19,"""으악"""
DamageLarge#19,"""제법이네."""
Trap#19,"""아차, 이런 함정을<br>놓치고 있었네."""
ThankTrapRescue#19,"""후, 살았어."""
TrapRescueOther#19,"""괜찮아?"""
MemberDamaged#19,"""일단 물러날래?"""
MemberDead#19,"""…제법 하는구나!"""
AbilityExe#19,"""/toge 이런, 이제야 좀<br>감이 돌아오는 것 같네."""
AbilitySpecial#19,"""/toge 내게 맡겨."""
Resurrect#19,"""제법 하는구나."""
PartyJoin#19,"""/ci1 1 자, 편하게 해 줘."""
Marvelous#19,"""좋아, 그 움직임!"""
IncidentJsApcBegin#19,"""/ci2 1 정말 못 봐주겠네.<br>이미 발을 들였으니<br>조금은 도와줄게."""
IncidentJsApcFailure#19,"""음... 몸이 말을 안 듣네.<br>한번 돌아가서 몸 상태를<br>확인하는 게 낫겠어..."""
IncidentJsApcSuccess#19,"""/ci2 3 뭐, 이 정도려나.<br>나름 재미있게 즐겼어.<br>그럼 이만."""
IncidentJsApcBeginEvo#19,"""/ci1 2 이런, 이만큼 당하고도<br>정신을 못 차렸나 보네."""
EnemyWeak#20,"""어라어라아, 잡몹 씨가<br>길을 잃고 들어왔나요오?"""
EnemyLarge#20,"""큰 건 좋은 일이죠오.<br>어디를 노려도 맞으니까요오."""
EnemyBoss#20,"""굉장히 강해 보이네요오.<br>재미있을 것 같은 상대예요오."""
EnemyRare#20,"""어라어라어라아?<br>희귀한 게 어슬렁거리네요오.<br>한번 쏴 보고 싶네요오."""
EnemyBoost#20,"""저건… 뭘까요오?<br>불길하고 기묘해서<br>무서운 느낌이에요오?"""
DestroyEnemy1#20,"""후후후후훗."""
DestroyEnemy2#20,"""다음 장난감은 어디 있나요오?"""
DestroyEnemy3#19,"""좋네요오.<br>정말 즐거워요오."""
CondFreeze#20,"""꽁꽁 단단하게<br>얼어 버렸네요오.<br>지금 리사는 아주 차가워요오."""
CondBurn#20,"""후훗, 불타는 리사는 어떤가요오?"""
CondShock#20,"""좋네요오, 저릴 때마다<br>방아쇠를 쥐는 게<br>참을 수가 없어요오…"""
CondPoison#20,"""독의 기분 나쁜 느낌도<br>제법 괜찮네요오."""
CondPanic#20,"""혼란스러워도 똑같아요오.<br>리사는 늘 혼란스러운 거나<br>마찬가지니까요오."""
CondStan#20,"""짧은 시간이긴 해도<br>꼼짝할 수 없다니…<br>흥분되네요오."""
CondMirage#20,"""잘 보이지는 않지만<br>뭐, 마구 쏘면 똑같아요오."""
Die#20,"""…나쁘지… 않네요오."""
ThankHeal#20,"""후훗, 살았어요오."""
ThankBuff#20,"""그럼 더더욱 힘내 볼게요오."""
ThankCure#20,"""개운해졌으니<br>더 죽이고 올게요오."""
DefeatEnemy#20,"""다른 적들은 없나요오?"""
LevelUp#20,"""더 강해졌네요오."""
InvokeSkill1#20,"""움직이지 말아 주세요오."""
InvokeSkill2#19,"""기분 좋지 않나요오?"""
InvokeSkill3#18,"""후후훗, 춤춰 주세요오."""
PBFull#19,"""더 재미있는 걸<br>알고 싶나요오?"""
PBRelease#20,"""지금부터 재미있어져요오."""
TacticsFree#6,"""마음대로 하게 해 주세요오."""
TacticsGuard#6,"""수비를 굳힌 다음<br>나중에 백배로 갚아 줘야죠오."""
TacticsMassedAttack#6,"""집중적으로 괴롭혀 드리죠오."""
TacticsAttack#6,"""적 씨, 총소리 나는 이쪽으로요오."""
Avoid#20,"""어라라아?"""
HealSelf#20,"""슬슬 회복이라도 해 볼까요오."""
BuffSelf#20,"""보조가 있으면<br>더 즐길 수 있겠네요오."""
HealOther#20,"""제대로 회복해 주세요오."""
BuffOther#20,"""보조도 잊으면 안 돼요오?"""
QuestStart1#20,"""후훗, 우후후훗."""
QuestStart2#3,"""좋아요오.<br>함께 즐겨 보자고요오."""
QuestEnd1#20,"""끝나 버렸네요오."""
QuestEnd2#6,"""좀 더 오래오래<br>즐기고 싶었는데요오."""
IncidentStart#20,"""후훗, 뭔가 일어나겠네요오."""
IncidentSuccess#20,"""잘된 것 같네요오."""
IncidentFailure#20,"""욕구 불만이네요오."""
PSE#20,"""어머어머어머어머.<br>이건 혹시 그거 아닌가요오?"""
PSELevelUp#20,"""네네네네.<br>계속 이어 가 보자고요오."""
PSEBurst#20,"""후훗, 황홀할 만큼<br>멋지네요오."""
HP30#20,"""기분 좋아지기 시작했어요오."""
HP10#20,"""좋네요오…<br>이 아슬아슬한 느낌."""
ItemRare#20,"""그거 좋은 물건이죠오.<br>좋네요오, 후훗."""
DamageSmall#20,"""윽"""
DamageMiddle#20,"""후훗."""
DamageLarge#20,"""아파."""
Trap#20,"""함정에 걸리는 것도<br>꽤 신선하네요오."""
ThankTrapRescue#20,"""함정에 걸린 놀이는<br>이제 끝인가요오?"""
TrapRescueOther#20,"""함정, 어땠나요오?<br>기분 좋았나요오?"""
MemberDamaged#20,"""무리해도 되는 건<br>리사뿐이에요오?"""
MemberDead#20,"""흐응, 흠흠…<br>이런이런, 오랜만에<br>화가 나 버렸네요."""
AbilityExe#20,"""/toge 우후훗, 후후후훗.<br>감이 살아났어요오."""
AbilitySpecial#20,"""/toge 리사에게 맡겨 주세요오!"""
Resurrect#20,"""좋은 아침이에요."""
PartyJoin#20,"""/ci1 1 조심해 주세요오."""
Marvelous#20,"""사냥감을 빼앗겼네요오."""
IncidentJsApcBegin#20,"""/ci5 2 어머나, 어머나아?<br>먹잇감이 이렇게 많은데<br>왜 리사를 안 불렀나요오?"""
IncidentJsApcFailure#20,"""...으음, 리사는 어쩐지<br>질려 버렸어요. 돌아갈게요오.<br>그럼 안녕히, 안녕히."""
IncidentJsApcSuccess#20,"""/ci4 3 벌써 끝난 건가요오?<br>으음... 더 싸우고 싶은데요오.<br>리사는 슬쩍 떠날게요오."""
IncidentJsApcBeginEvo#20,"""/ci2 4 어라어라어라아?<br>아직 더 오는 모양이에요오?"""
PartyJoin#21,"""/toge /ci2 1 저, 열심히 할게요!"""
IncidentJsApcBegin#21,"""/ci3 1 저를 위해서……<br>죄송해요!\u3000잘 부탁드립니다!"""
IncidentJsApcFailure#21,"""……더, 더는 무리예요.<br>죄송해요, 전 퇴각할게요."""
IncidentJsApcSuccess#21,"""/ci2 1 이걸로 끝!<br>저기, 정말 감사합니다!<br>덕분에 살았어요!"""
IncidentJsApcBeginEvo#21,"""/ci3 1 /toge ……조심해 주세요.<br>아주 큰 반응이<br>가까워지고 있어요!"""
AbilityExeRareU#0,"""(임시) 레어 유닛 장비 시 잠재력 발동"""
EnemyLargeRareW#0,"""(임시) 레어 무기 장비 시 대형 적 출현"""
EnemyBossRareW#0,"""(임시) 레어 무기 장비 시 보스 출현"""
EnemyRareRareW#0,"""(임시) 레어 무기 장비 시 희귀 적 출현"""
EnemyBoostRareW#0,"""(임시) 레어 무기 장비 시 강화 적 출현"""
PartyJoin#22,"""/ci1 1 잘 부탁드려요오."""
IncidentJsApcBegin#22,"""/ci1 1 죄송합니다, 마스터.<br>상황이 불리하여 협력을 요청합니다."""
IncidentJsApcFailure#22,"""……전투 지속, 불가능.<br>죄송합니다. 퇴각합니다."""
IncidentJsApcSuccess#22,"""/ci1 1 상황, 종료.<br>협력, 감사합니다."""
IncidentJsApcBeginEvo#22,"""/ci1 4 더욱 거대한 반응을 확인.<br>……옵니다."""
AbilityExeRareU#1,"""좋은 장비를 착용하니<br>평소보다 상태가 좋군요!"""
EnemyLargeRareW#1,"""마스터가 주신<br><weapon><br>이 무기라면 이길 수 있습니다!"""
EnemyBossRareW#1,"""마스터가 주신<br><weapon><br>이 무기로 결판내겠습니다!"""
EnemyRareRareW#1,"""희귀종을 발견했습니다.<br>제 무기와 어느 쪽이 더 희귀할까요?"""
EnemyBoostRareW#1,"""분위기가 다른 것 같습니다……<br><weapon><br>이 무기라면 해낼 수 있습니다!"""
PartyJoin#23,"""/ci2 1 그럼, 잘 부탁해"""
IncidentJsApcBegin#23,"""/ci2 2 미안해, 너에게 폐를<br>끼치고 싶진 않았는데……!"""
IncidentJsApcFailure#23,"""……더는 버틸 수 없어.<br>먼저 퇴각할게."""
IncidentJsApcSuccess#23,"""/ci2 1 ……어떻게든 해결했네.<br>고마워, 네 덕분이야."""
IncidentJsApcBeginEvo#23,"""/ci5 2 ……조심해.<br>아직 큰 반응이 있어."""
AbilityExeRareU#2,"""(임시) 레어 유닛 장비 시 잠재력 발동"""
EnemyLargeRareW#2,"""(임시) 레어 무기 장비 시 대형 적 출현"""
EnemyBossRareW#2,"""(임시) 레어 무기 장비 시 보스 출현"""
EnemyRareRareW#2,"""(임시) 레어 무기 장비 시 희귀 적 출현"""
EnemyBoostRareW#2,"""(임시) 레어 무기 장비 시 강화 적 출현"""
PartyJoin#24,"""/ci2 1 자, 잘 부탁드립니다!"""
IncidentJsApcBegin#24,"""/toge /ci4 1 ……앗, 당신은!<br>도, 도와주세요!<br>적에게 포위돼서……!"""
IncidentJsApcFailure#24,"""……더는 무리예요.<br>죄송해요, 먼저 퇴각할게요."""
IncidentJsApcSuccess#24,"""/ci2 1 가, 감사합니다!<br>덕분에 살았어요!<br>정말 정말 감사해요!"""
IncidentJsApcBeginEvo#24,"""/moya /ci4 4 이게 뭐지……<br>엄청 큰 반응이……!"""
AbilityExeRareU#3,"""(임시) 레어 유닛 장비 시 잠재력 발동"""
EnemyLargeRareW#3,"""(임시) 레어 무기 장비 시 대형 적 출현"""
EnemyBossRareW#3,"""(임시) 레어 무기 장비 시 보스 출현"""
EnemyRareRareW#3,"""(임시) 레어 무기 장비 시 희귀 적 출현"""
EnemyBoostRareW#3,"""(임시) 레어 무기 장비 시 강화 적 출현"""
PartyJoin#25,"""/ci1 4 그럼, 잘 부탁한다"""
IncidentJsApcBegin#25,"""/ci1 2 미안하다, 너에게<br>늘 신세만 지는군."""
IncidentJsApcFailure#25,"""……여기까지인가.<br>미안하다, 먼저 퇴각하겠다."""
IncidentJsApcSuccess#25,"""/ci2 5 제압……완료.<br>네 덕분이다. 감사한다."""
IncidentJsApcBeginEvo#25,"""/ci3 2 ……긴장 풀지 마라.<br>엄청난 녀석이 오는 모양이다."""
AbilityExeRareU#4,"""(임시) 레어 유닛 장비 시 잠재력 발동"""
EnemyLargeRareW#4,"""(임시) 레어 무기 장비 시 대형 적 출현"""
EnemyBossRareW#4,"""(임시) 레어 무기 장비 시 보스 출현"""
EnemyRareRareW#4,"""(임시) 레어 무기 장비 시 희귀 적 출현"""
EnemyBoostRareW#4,"""(임시) 레어 무기 장비 시 강화 적 출현"""
PartyJoin#26,"""/toge /ci2 1 잘 부탁해!"""
IncidentJsApcBegin#26,"""/ci2 3 /toge 오, 너 마침 잘 왔어!<br>적이 너무 많으니까<br>좀 도와줘!"""
IncidentJsApcFailure#26,"""……으윽, 젠장!<br>미안, 먼저 퇴각할게!"""
IncidentJsApcSuccess#26,"""/mn15 /ci2 1 좋아, 좋아!\u3000<br>끝났다!<br>도와줘서 고마워!"""
IncidentJsApcBeginEvo#26,"""/ci5 2 헉, 이 거대한 반응<br>아직 더 온다는 거야!"""
AbilityExeRareU#5,"""(임시) 레어 유닛 장비 시 잠재력 발동"""
EnemyLargeRareW#5,"""(임시) 레어 무기 장비 시 대형 적 출현"""
EnemyBossRareW#5,"""(임시) 레어 무기 장비 시 보스 출현"""
EnemyRareRareW#5,"""(임시) 레어 무기 장비 시 희귀 적 출현"""
EnemyBoostRareW#5,"""(임시) 레어 무기 장비 시 강화 적 출현"""
PartyJoin#27,"""/ci2 3 그럼, 잘 부탁드립니다"""
IncidentJsApcBegin#27,"""/ci4 1 죄송합니다……<br>당신에게 의지하기만 해서……"""
IncidentJsApcFailure#27,"""……더는 버틸 수 없습니다.<br>죄송합니다. 이만<br>퇴각하겠습니다."""
IncidentJsApcSuccess#27,"""/ci2 1 후우……무사히 끝났군요.<br>당신 덕분입니다<br>감사합니다."""
IncidentJsApcBeginEvo#27,"""/ci5 3 ……아직 끝나지 않은 듯합니다.<br>거대한 반응이 다가오고 있습니다."""
AbilityExeRareU#6,"""(임시) 레어 유닛 장비 시 잠재력 발동"""
EnemyLargeRareW#6,"""(임시) 레어 무기 장비 시 대형 적 출현"""
EnemyBossRareW#6,"""(임시) 레어 무기 장비 시 보스 출현"""
EnemyRareRareW#6,"""(임시) 레어 무기 장비 시 희귀 적 출현"""
EnemyBoostRareW#6,"""(임시) 레어 무기 장비 시 강화 적 출현"""
PartyJoin#28,"""/mn16 /ci2 1 네, 잘 부탁해!"""
IncidentJsApcBegin#28,"""/mn17 /ci2 1 와 줬구나!<br>고마워, 이젠 어떻게든 되겠어!"""
IncidentJsApcFailure#28,"""……으으, 나 너무 미숙해.<br>미안, 먼저 퇴각할게."""
IncidentJsApcSuccess#28,"""/ci2 2 해냈다!\u3000어떻게든 버텼어!<br>네 덕분이야!\u3000고마워!"""
IncidentJsApcBeginEvo#28,"""/mn19 /ci2 1 어라, 어라라?<br>뭔가 큰 반응이<br>다가오고 있어!"""
AbilityExeRareU#7,"""(임시) 레어 유닛 장비 시 잠재력 발동"""
EnemyLargeRareW#7,"""(임시) 레어 무기 장비 시 대형 적 출현"""
EnemyBossRareW#7,"""(임시) 레어 무기 장비 시 보스 출현"""
EnemyRareRareW#7,"""(임시) 레어 무기 장비 시 희귀 적 출현"""
EnemyBoostRareW#7,"""(임시) 레어 무기 장비 시 강화 적 출현"""
PartyJoin#29,"""/ci1 2 ……얼른 끝내자"""
IncidentJsApcBegin#29,"""/ci4 3 ……폐를 끼쳐서<br>미안해."""
IncidentJsApcFailure#29,"""……젠장, 폐만 끼치고 있어.<br>난 물러날게……미안해!"""
IncidentJsApcSuccess#29,"""/ci2 5 ……그게, 뭐라고 해야 하나<br>미안해. 그리고 고마워."""
IncidentJsApcBeginEvo#29,"""/moya /ci5 2 ……아직이야.<br>아직 끝나지 않았어."""
AbilityExeRareU#8,"""(임시) 레어 유닛 장비 시 잠재력 발동"""
EnemyLargeRareW#8,"""(임시) 레어 무기 장비 시 대형 적 출현"""
EnemyBossRareW#8,"""(임시) 레어 무기 장비 시 보스 출현"""
EnemyRareRareW#8,"""(임시) 레어 무기 장비 시 희귀 적 출현"""
EnemyBoostRareW#8,"""(임시) 레어 무기 장비 시 강화 적 출현"""
EnemyWeak#21,"""오, 이 녀석은 약해 보이네."""
EnemyLarge#21,"""우와, 엄청 크네…"""
EnemyBoss#21,"""야, 잠깐만.<br>이런 게 있단 말은 못 들었어!"""
EnemyRare#21,"""음, 뭐야 저건?<br>별로 못 보던 녀석 아니야?"""
EnemyBoost#21,"""…뭔가 위험한 분위기야!"""
DestroyEnemy1#21,"""좋았어!"""
DestroyEnemy2#21,"""해냈어!"""
DestroyEnemy3#20,"""제대로 들어갔다!"""
CondFreeze#21,"""추추추추, 추워!"""
CondBurn#21,"""뜨거, 뜨거워!"""
CondShock#21,"""저, 저저저저려!"""
CondPoison#21,"""으으… 독…?<br>속이 안 좋아…"""
CondPanic#21,"""세, 세상이 빙빙 돌아아아"""
CondStan#21,"""몸이 안 움직여…<br>이게 뭐야!"""
CondMirage#21,"""뭐야?<br>세상이 흐릿해졌어?"""
Die#21,"""이런 곳에서…"""
ThankHeal#21,"""후, 살았다."""
ThankBuff#21,"""좋아, 힘내 보자!"""
ThankCure#21,"""이제 개운하네.<br>고마워."""
DefeatEnemy#21,"""후, 어떻게든 해냈나?"""
LevelUp#21,"""먼저 해 버렸네!"""
InvokeSkill1#21,"""움직이지 마!"""
InvokeSkill2#20,"""나도 한다고!"""
InvokeSkill3#19,"""보였다, 거기다!"""
TechThunder#7,"""견제 정도는 되겠지!"""
PBFull#20,"""이제 적당히 좀 하라고!"""
PBRelease#21,"""비장의 수 발동!"""
TacticsFree#7,"""자유롭게 해도 되는 거지!"""
TacticsGuard#7,"""도망치는 건 자신 있어!"""
TacticsMassedAttack#7,"""집중 포화다!"""
TacticsAttack#7,"""내, 내가 시선을 끌게!<br>…빨리 도와주는 거지?"""
Avoid#21,"""우왓!"""
HealSelf#21,"""죽는 줄 알았네."""
BuffSelf#21,"""준비는 확실히 해야지!"""
HealOther#21,"""야, 괜찮아?"""
BuffOther#21,"""보조하는 거 잊지 마!"""
QuestStart1#21,"""좋아, 가자!"""
QuestStart2#4,"""같이 힘내자, 파트너!"""
QuestEnd1#21,"""끝났다!"""
QuestEnd2#7,"""해냈다, 파트너!<br>완벽했지!"""
IncidentStart#21,"""뭐, 뭐야?"""
IncidentSuccess#21,"""좋았어!"""
IncidentFailure#21,"""이런…"""
PSE#21,"""좋아, 시작됐다!"""
PSELevelUp#21,"""계속 이어 가자!"""
PSEBurst#21,"""왔다, 왔다, 왔어!"""
HP30#21,"""잠깐, 진정하라고!<br>진짜 아프다니까!"""
HP10#21,"""이제 도망치고 싶어…"""
ItemRare#21,"""나도 갖고 싶네."""
DamageSmall#21,"""윽"""
DamageMiddle#21,"""큭"""
DamageLarge#21,"""으악!"""
Trap#21,"""함정이잖아!?"""
ThankTrapRescue#21,"""고, 고마워."""
TrapRescueOther#21,"""위험할 뻔했네!"""
MemberDamaged#21,"""무리하지 마!"""
MemberDead#21,"""…어떻게 된 거야?<br>젠장!"""
AbilityExe#21,"""/toge 헤헤, 감이 좋아지기 시작했어!"""
AbilitySpecial#21,"""/toge 맡겨 두라니까!"""
Resurrect#21,"""포기할 수 있겠냐!"""
PartyJoin#30,"""/ci1 1 잘 부탁해, 파트너."""
Marvelous#21,"""제법인데!"""
IncidentJsApcBegin#30,"""/toge /ci2 2 앗, 파트너!\u3000잘 왔어!<br>적이 엄청나게 많아!<br>잠깐만 도와줘!"""
IncidentJsApcFailure#30,"""이, 이 이상은 힘들어...<br>미안, 파트너. 난 후퇴할게."""
IncidentJsApcSuccess#30,"""/ci2 1 후, 어떻게든 끝났네.<br>고마워, 파트너. 네 덕분에<br>어떻게든 해냈어."""
IncidentJsApcBeginEvo#30,"""/toge /ci3 2 뭐, 뭐야!<br>엄청 거대한 적성 반응이야!?<br>파트너, 조심해!"""
IncidentJsMultiApcBegin#0,"""/ci2 1 /mn9 오, 푸리에 씨, 저기 봐!<br>파트너가 와 줬어!<br>헤헤, 타이밍 딱 좋네!"""
IncidentJsMultiApcSuccess#0,"""/ci2 1 /mn15 좋아, 좋아!<br>어떻게든 해냈다!<br>고마워, 파트너. 살았어."""
EnemyWeak#22,"""……잡졸인가"""
EnemyLarge#22,"""덩치만 크다고<br>이 나를 쓰러뜨릴 순 없다"""
EnemyBoss#22,"""크크크……<br>실컷 즐겁게 해 봐라?"""
EnemyRare#22,"""너는, 설마……!"""
EnemyBoost#22,"""칫, 방심할 수 없군……"""
DestroyEnemy1#22,"""……방해된다. 꺼져라"""
DestroyEnemy2#22,"""그림자에 안겨 어둠에 가라앉아라"""
DestroyEnemy3#21,"""나를 만난<br>자신의 운명을 저주해라"""
CondFreeze#22,"""소용없다<br>마음까지 얼릴 수는 없어"""
CondBurn#22,"""크윽……<br>불꽃이 몸을 태운다……"""
CondShock#22,"""이 나를 봉인하려는 건가"""
CondPoison#22,"""후, 이 나를 좀먹는가"""
CondPanic#22,"""크윽!\u3000《기관》의 손이 여기까지!?<br>설마……아니, 녀석이 흑막이라면<br>모든 앞뒤가……음, 환영인가"""
CondStan#22,"""이걸로 발을 묶었다고 생각하나……?"""
CondMirage#22,"""크윽……내 오른눈이……!"""
Die#22,"""여기가 내가 죽을 곳이었나.<br>크크……"""
ThankHeal#22,"""도움이 되는군"""
ThankBuff#22,"""힘이 차오른다……"""
ThankCure#22,"""고맙군."""
DefeatEnemy#22,"""흥, 이걸로 끝인가?"""
LevelUp#22,"""아직 더 강해진다고……?"""
InvokeSkill1#22,"""그림자여, 어둠보다 어두운 자여.<br>내 힘이 되어 저자를 먹어 치워라!"""
InvokeSkill2#21,"""“검은 늑대”의 송곳니는<br>어디로 도망쳐도 반드시 끝장낸다……!"""
InvokeSkill3#20,"""꼴사납게 썩어 없어져라……!"""
TechFire#6,"""업화여, 모두 태워라……!"""
TechIce#7,"""빙옥이여, 부서져라……!"""
TechThunder#8,"""신뢰여, 꿰뚫어라……!"""
TechWind#6,"""폭풍이여, 갈가리 찢어라……!"""
TechLight#8,"""빛이여, 나를 따르라……!"""
TechDark#7,"""어둠에 삼켜져라……!"""
PBFull#21,"""때가 찼다……"""
PBRelease#22,"""목적을 위해서라면 수단을 가리지 않는다……"""
Avoid#22,"""미적지근하군"""
HealSelf#22,"""문제없어"""
BuffSelf#22,"""각오는 됐나"""
HealOther#22,"""네가 죽으면 곤란하다"""
BuffOther#22,"""힘을 원하는가……?"""
QuestStart1#22,"""모든 걸 어둠에 묻겠다"""
QuestEnd1#22,"""이걸로 끝인가"""
IncidentStart#22,"""시작됐나……"""
IncidentSuccess#22,"""간단하군"""
IncidentFailure#22,"""실패했다고……!?"""
PSE#22,"""바람이 울고 있다……"""
PSELevelUp#22,"""이건, 설마……"""
PSEBurst#22,"""자, 즐거운 시간의 시작이다"""
HP30#22,"""흥, 이 정도쯤……"""
HP10#22,"""크윽, 그림자가 어둠에 삼켜지다니……"""
ItemRare#22,"""호오, 기적의 사랑을 받았나"""
DamageSmall#22,"""안 통한다"""
DamageMiddle#22,"""크윽……"""
DamageLarge#22,"""칫……"""
Trap#22,"""함정……인가!"""
ThankTrapRescue#22,"""……빚은 갚겠다"""
TrapRescueOther#22,"""뭐 하는 거냐, 멍청이가"""
MemberDamaged#22,"""그 아픔이 너를 강하게 한다"""
MemberDead#22,"""편히 잠들어라"""
AbilityExe#22,"""내 안의 그림자가 욱신거린다……!"""
AbilitySpecial#22,"""모든 걸 그림자로 삼켜 주마……!"""
Resurrect#22,"""내겐 아직 해야 할 일이 있다……!"""
PartyJoin#31,"""/ci1 1 ……꾸물대지 마라. 두고 간다"""
Marvelous#22,"""흥, 그 정도는 당연하다"""
IncidentJsApcBegin#31,"""/ci3 1 힘을 빌려주지……<br>“검은 늑대”가 순식간에 이들을<br>명부 너머로 사라지게 해 주마."""
IncidentJsApcFailure#31,"""칫.<br>설마 실패할 줄이야……"""
IncidentJsApcSuccess#31,"""/ci1 2 네가 힘을 원한다면 언제든<br>어둠을……《망령》을 찾아라.<br>……잘 있어라."""
IncidentJsApcBeginEvo#31,"""/ci3 2 ……눈치챘겠지?<br>아직 더 온다. 게다가 이 녀석은……"""
EnemyWeak#23,"""잡졸이, 방해하지 마!"""
EnemyLarge#23,"""덩치 큰 놈인가, 좋은 표적이군!"""
EnemyBoss#23,"""제법 뼈대 있는 녀석이잖아"""
EnemyRare#23,"""응, 저건 뭐야?<br>희귀한 녀석 아니야?"""
EnemyBoost#23,"""위험한 분위기를 풍기는군……"""
DestroyEnemy1#23,"""한 놈 해치웠다!"""
DestroyEnemy2#23,"""자, 다음으로 가자!"""
DestroyEnemy3#22,"""상대가 안 되는군"""
CondFreeze#23,"""쳇, 동결이냐……!"""
CondBurn#23,"""이름처럼 불타고 있다곤 하지 마!"""
CondShock#23,"""몸이 저려 오잖아……!"""
CondPoison#23,"""젠장, 독인가……!"""
CondPanic#23,"""머리가 뒤죽박죽이 되는데……!"""
CondStan#23,"""몸이 안 움직여……뭐라고……!?"""
CondMirage#23,"""쳇, 시야가 흔들려……!"""
Die#23,"""진짜냐……말도 안 되잖아……이런 건"""
ThankHeal#23,"""미안하다!"""
ThankBuff#23,"""오, 센스 있네!"""
ThankCure#23,"""살았다!"""
DefeatEnemy#23,"""이 근처는 끝났군"""
LevelUp#23,"""이거 질 수 없겠는데!"""
InvokeSkill1#23,"""자, 자, 날아가라!"""
InvokeSkill2#22,"""놓치지 않아!"""
InvokeSkill3#21,"""안됐구나!"""
PBFull#22,"""아낌없이 간다!\u3000전부 받아라!"""
PBRelease#23,"""이건 내가 고른 길이다, 방해하지 마!"""
Avoid#23,"""여어!"""
HealSelf#23,"""위험해, 위험해"""
BuffSelf#23,"""준비는 게을리하지 않는 성격이라"""
HealOther#23,"""방심은 금물이다!"""
BuffOther#23,"""단숨에 끝내자!"""
QuestStart1#23,"""빠르게 끝내자"""
QuestEnd1#23,"""역시 보통이 아니군"""
IncidentStart#23,"""이 기척……뭔가 오는군!"""
IncidentSuccess#23,"""좋아, 나쁘지 않아!"""
IncidentFailure#23,"""아, 젠장, 실수했어!"""
PSE#23,"""이건……PSE라는 건가?"""
PSELevelUp#23,"""계속 가자!"""
PSEBurst#23,"""좋아, 잘됐군!"""
HP30#23,"""정말, 성가셔지는군"""
HP10#23,"""아직 끝이 아니야"""
ItemRare#23,"""오, 그거 좋은 물건 아니야?"""
DamageSmall#23,"""칫"""
DamageMiddle#23,"""크악!"""
DamageLarge#23,"""제법이잖아……!"""
Trap#23,"""이런, 함정이냐!"""
ThankTrapRescue#23,"""미안, 방심했어"""
TrapRescueOther#23,"""요즘 세상에 함정이라니 별나군!<br>지금 도와줄게!"""
MemberDamaged#23,"""괜찮아?\u3000무리하지 마!"""
MemberDead#23,"""……네놈, 감히 그랬겠다!"""
AbilityExe#23,"""자, 죽고 싶은 놈은 누구냐?"""
AbilitySpecial#23,"""어디부터 정리해 줄까?"""
Resurrect#23,"""……정말, 성가신 일이 됐군!"""
PartyJoin#32,"""/ci2 1 잘 부탁한다"""
Marvelous#23,"""휘유, 제법인데"""
IncidentJsApcBegin#32,"""/ci1 1 어, 또 귀찮은 일에 휘말렸나.<br>네게 진 빚도 있으니 괜찮다면<br>도와주게 해 줘!"""
IncidentJsApcSuccess#32,"""/ci1 1 여전히 훌륭했어.<br>자, 얼른 정리를 끝내고<br>답례를 생각해야지……그럼!"""
IncidentJsApcBeginEvo#32,"""/ci1 1 이걸로 끝……날 분위기는 아니군<br>다음부터 다음까지 질리지도 않나 봐!<br>미안, 조금만 더 어울려 줘!"""
EnemyWeak#24,"""이 정도면 괜찮아"""
EnemyLarge#24,"""와, 크다!"""
EnemyBoss#24,"""강해 보여……그래도 안 져!"""
EnemyRare#24,"""와왓, 희귀종이다!"""
EnemyBoost#24,"""……정말 불길한 느낌의 적이야"""
WeatherChange#1,"""대기의 포톤이 술렁이는 건가?"""
DestroyEnemy1#24,"""응, 잘됐어!"""
DestroyEnemy2#24,"""좋아, 느낌 좋아!"""
DestroyEnemy3#23,"""해냈다!"""
CondFreeze#24,"""어, 얼어붙었어!?"""
CondBurn#24,"""뜨거, 뜨거워!"""
CondShock#24,"""모, 몸이 저려어어……!"""
CondPoison#24,"""으으……독인가, 속이 안 좋아……"""
CondPanic#24,"""어, 어, 어떡하지이이!<br>뭘 어떻게 해야 했더라!<br>보이는 대로 날려 버릴까?"""
CondStan#24,"""모, 몸을 마음대로 못 움직이겠어……!"""
CondMirage#24,"""뭔가 시야가 몽롱해……"""
Die#24,"""실패해 버렸어, 미안해……"""
ThankHeal#24,"""아……고마워"""
ThankBuff#24,"""후훗, 고마워"""
ThankCure#24,"""으으, 미안해, 고마워"""
DefeatEnemy#24,"""끝난 것 같네"""
LevelUp#24,"""앗, 축하해!"""
InvokeSkill1#24,"""전력으로, 간다!"""
InvokeSkill2#23,"""하아아아앗!"""
InvokeSkill3#22,"""이걸로 끝낼게!"""
TechFire#7,"""내가 할 수 있는 걸, 최선을 다해!"""
TechIce#8,"""지지 않을 거야!"""
TechThunder#9,"""봐주지 않을 거야!"""
TechWind#7,"""베어 버려!"""
TechLight#9,"""빛이여."""
TechDark#8,"""꿰뚫어!"""
PBFull#23,"""<%me>!<br>우리도 준비됐어!"""
PBRelease#24,"""난 이제……혼자가 아니니까!"""
TacticsFree#8,"""응, 알겠어!<br>자유롭게 움직여 볼게!"""
TacticsGuard#8,"""여긴 참아야 할 때란 거지<br>맡겨 줘, 기다리는 건 잘해!"""
TacticsMassedAttack#8,"""공격을 한곳에 집중하자……<br>응, 알겠어!"""
TacticsAttack#8,"""내가 미끼가 될 테니까<br>그 틈에 부탁해!"""
Avoid#24,"""얏!"""
HealSelf#24,"""회복, 회복!"""
BuffSelf#24,"""보조도 잊으면 안 되지"""
HealOther#24,"""괜찮아?<br>무리하지 마"""
BuffOther#24,"""아, 잠깐 기다려<br>보조도 걸어 줄게"""
QuestStart1#24,"""좋아, 힘낼게!"""
QuestStart2#5,"""너와 함께라면……응<br>분명 괜찮을 거야!"""
QuestEnd1#24,"""정말 든든했어!"""
QuestEnd2#8,"""정말 대단해!\u3000대단해!"""
IncidentStart#24,"""어, 뭐야, 무슨 일이 일어난 거야?"""
IncidentSuccess#24,"""다행이다, 어떻게든 해냈네"""
IncidentFailure#24,"""으으……미안해……<br>발목만 잡았어……"""
PSE#24,"""포톤의 느낌이 변했어……<br>PSE라는 건가?"""
PSELevelUp#24,"""계속 이어지는 것 같아!<br>더욱더 힘내자!"""
PSEBurst#24,"""와아……이게 PSE 버스트라는<br>거구나, 굉장해!"""
HP30#24,"""윽……아, 아직 멀었어<br>난 아직 괜찮아!"""
HP10#24,"""……으윽!<br>미안, 조금 위험할지도……"""
ItemRare#24,"""앗, 그거<br>희귀한 물건이지?"""
DamageSmall#24,"""아야!"""
DamageMiddle#24,"""아야!"""
DamageLarge#24,"""와와왓!"""
Trap#24,"""어, 어, 함정!?"""
ThankTrapRescue#24,"""미안해……<br>정말 큰 도움 됐어"""
TrapRescueOther#24,"""괜찮아?<br>함정은 조심해"""
MemberDamaged#24,"""무리하지 말고 물러나!<br>괜찮아, 나도 있으니까!"""
MemberDead#24,"""이럴 수가!<br>이렇게 될 줄은……!"""
AbilityExe#24,"""응, 힘낼 테니까!"""
AbilitySpecial#24,"""좋아, 힘내 볼까!"""
Resurrect#24,"""이번엔 힘낼게!"""
PartyJoin#33,"""/ci1 1 잘 부탁해!"""
Marvelous#24,"""대단해!\u3000나도 힘내야겠어!"""
IncidentJsApcBegin#33,"""/mn2 /ci4 2 아, <%me>!<br>와 줬구나. 바로 부탁해서 미안한데<br>도와줄 수 있을까?"""
IncidentJsApcSuccess#33,"""/mn37 /ci1 2 도와줘서 고마워!<br>어떻게든 쓰러뜨렸지만 방심하지 말고<br>서로 힘내자!"""
EnemyWeak#25,"""뭐야, 맥 빠지는군."""
EnemyLarge#25,"""모습은 큰 것 같지만<br>힘은 어떨까…?"""
EnemyBoss#25,"""칫, 귀찮은 적이 나타났군!"""
EnemyRare#25,"""오, 희귀한 녀석이군."""
EnemyBoost#25,"""뭐지, 이 분위기는…"""
DestroyEnemy1#25,"""제대로 들어갔다!"""
DestroyEnemy2#25,"""끝이다!"""
DestroyEnemy3#24,"""다음!"""
CondFreeze#25,"""동결이라고… 이놈!"""
CondBurn#25,"""연소라고… 이놈!"""
CondShock#25,"""감전이라고… 이놈!"""
CondPoison#25,"""독이라고… 이놈!"""
CondPanic#25,"""혼란이라고… 이놈!"""
CondStan#25,"""꼼짝도 못 한다고… 이놈!"""
CondMirage#25,"""환혹이라고… 이놈!"""
Die#25,"""이… 내가…"""
ThankHeal#25,"""살았다!"""
ThankBuff#25,"""좋은 판단이다!"""
ThankCure#25,"""감사한다!"""
DefeatEnemy#25,"""좋아, 일단락됐군!"""
LevelUp#25,"""노력이 결실을 맺었군."""
InvokeSkill1#25,"""이걸로 끝이다!"""
InvokeSkill2#24,"""이 일격으로!"""
InvokeSkill3#23,"""마무리다!"""
PBFull#24,"""이제 적당히 해!"""
PBRelease#25,"""힘을 해방한다!"""
TacticsFree#9,"""자유롭게 하겠다!"""
TacticsGuard#9,"""방어를 굳힌다!"""
TacticsMassedAttack#9,"""한 점 돌파다!"""
TacticsAttack#9,"""내가 적을 끌어들이겠다!"""
Avoid#25,"""이얏!"""
HealSelf#25,"""회복한다!"""
BuffSelf#25,"""대충하진 않는다."""
HealOther#25,"""위험할 뻔했군."""
BuffOther#25,"""지원한다!"""
QuestStart1#25,"""자, 가 볼까."""
QuestStart2#6,"""네가 함께라면 안심이다."""
QuestEnd1#25,"""이걸로 끝이군."""
QuestEnd2#9,"""역시, 안심되는군."""
IncidentStart#25,"""뭔가 일어난다!"""
IncidentSuccess#25,"""성공한 모양이다."""
IncidentFailure#25,"""…미안하다."""
PSE#25,"""음, 시작된 모양이군."""
PSELevelUp#25,"""계속 이어 간다!"""
PSEBurst#25,"""이 정도 효과가 나오다니!"""
HP30#25,"""아직이다!"""
HP10#25,"""이대로는…"""
ItemRare#25,"""좋은 물건을 찾았군!"""
DamageSmall#25,"""큭"""
DamageMiddle#25,"""으악"""
DamageLarge#25,"""크악"""
Trap#25,"""이 정도 함정에…!"""
ThankTrapRescue#25,"""살았다!"""
TrapRescueOther#25,"""조심해라!"""
MemberDamaged#25,"""괜찮나?"""
MemberDead#25,"""이놈… 용서 못 한다!"""
AbilityExe#25,"""/toge 이제 감이 잡히는군!"""
AbilitySpecial#25,"""/toge 내게 맡겨라!"""
Resurrect#25,"""…아직 할 수 있다!"""
PartyJoin#34,"""/ci1 1 잘 부탁한다."""
Marvelous#25,"""역시 대단하군!"""
EnemyWeak#26,"""…약해 보여."""
EnemyLarge#26,"""…크네."""
EnemyBoss#26,"""…조금 귀찮아."""
EnemyRare#26,"""…아, 희귀하네."""
EnemyBoost#26,"""…뭐야, 이 분위기."""
DestroyEnemy1#26,"""…끝."""
DestroyEnemy2#26,"""……다음"""
DestroyEnemy3#25,"""…이걸로 끝."""
CondFreeze#26,"""…큭, 동결.<br>움직일 수 없어…"""
CondBurn#26,"""…너무 뜨거워."""
CondShock#26,"""…몸이 저려."""
CondPoison#26,"""…큭, 이거 독이야."""
CondPanic#26,"""…어질어질해서 시야가…"""
CondStan#26,"""…움직여, 내 몸."""
CondMirage#26,"""…눈앞이 흐려."""
Die#26,"""이런 건… 싫어…"""
ThankHeal#26,"""…고마워."""
ThankBuff#26,"""…좋은 판단이네."""
ThankCure#26,"""…감사할게."""
DefeatEnemy#26,"""…일단락됐네."""
LevelUp#26,"""…노력한 결과네."""
TechFire#8,"""…불타라."""
TechIce#9,"""…얼어붙어."""
TechThunder#10,"""…감전돼."""
TechWind#8,"""…날아가."""
TechLight#10,"""…빛이여."""
TechDark#9,"""…어둠이여."""
PBFull#25,"""…이제 적당히 해."""
PBRelease#26,"""…해방할게."""
TacticsFree#10,"""…자유롭게 할게."""
TacticsGuard#10,"""…방어를 확실히."""
TacticsMassedAttack#10,"""…집중해서 노릴게."""
TacticsAttack#10,"""…내가 미끼가 될게."""
Avoid#26,"""…위험했네."""
HealSelf#26,"""…회복해야지."""
BuffSelf#26,"""…대충하진 않을 거야."""
HealOther#26,"""…회복, 잊지 마."""
BuffOther#26,"""…보조할게."""
QuestStart1#26,"""…가자."""
QuestStart2#7,"""…네가 함께라면 안심이야."""
QuestEnd1#26,"""…수고했어."""
QuestEnd2#10,"""…안심감이 다르네."""
IncidentStart#26,"""…뭔가 일어날 것 같아."""
IncidentSuccess#26,"""…성공한 모양이야."""
IncidentFailure#26,"""……미안해"""
PSE#26,"""…뭔가 시작됐어."""
PSELevelUp#26,"""…계속 이어 가자."""
PSEBurst#26,"""…이 정도 효과가 있다니."""
HP30#26,"""…아직은."""
HP10#26,"""…이대로는."""
ItemRare#26,"""…그거 좋은 물건이야."""
DamageSmall#26,"""…윽."""
DamageMiddle#26,"""…크윽."""
DamageLarge#26,"""…아윽!"""
Trap#26,"""…함정에 걸리다니."""
ThankTrapRescue#26,"""…고마워."""
TrapRescueOther#26,"""…조심해."""
MemberDamaged#26,"""……괜찮아?"""
MemberDead#26,"""…용서 못 해."""
AbilityExe#26,"""/toge …감이 잡히기 시작했어."""
AbilitySpecial#26,"""/toge …나한테 맡겨."""
Resurrect#26,"""…아직 할 수 있으니까."""
PartyJoin#35,"""/ci1 1 …잘 부탁해."""
Marvelous#26,"""…역시 대단해."""
EnemyWeak#27,"""후후후…… 이 정도 상대라면<br>저 혼자서도 충분하답니다!"""
EnemyLarge#27,"""크다고 다 좋은 건<br>아니라고요!"""
EnemyBoss#27,"""으으…… 왠지 강해 보여요……<br>못 본 척하고 싶네요."""
EnemyRare#27,"""어머?\u3000저기 계신 건<br>희귀종이라는 녀석 아닌가요?"""
EnemyBoost#27,"""으으음……<br>정말 기분 나쁜 기운을 풍기는<br>에너미네요……"""
WeatherChange#2,"""환경 변화도 아무 문제 없답니다!"""
DestroyEnemy1#27,"""해냈어요!"""
DestroyEnemy2#27,"""어떤가요!"""
DestroyEnemy3#26,"""보셨나요?"""
CondFreeze#27,"""물에 젖은 미녀……<br>가 아니라, 얼었잖아!\u3000차가워!"""
CondBurn#27,"""불타오르는 듯한 열정……<br>이 아니라, 너무 뜨겁잖아요!"""
CondShock#27,"""저릴 만큼 자극적……<br>이 아니라, 진짜 저려 와요……!"""
CondPoison#27,"""후훗, 미녀는 독을 품는 법……<br>……저, 미녀 안 해도 되니까<br>해독을, 해독을 해 주세요!"""
CondPanic#27,"""후후후……<br>지금이라면 아무것도 못 할 것 같은<br>그런 기분이 들어요!"""
CondStan#27,"""뭐라 하셔도<br>전 여기서 한 발짝도 안 움직여요!<br>랄까, 움직일 수가 없어요!"""
CondMirage#27,"""늘 꿈에 빠져 사는 제게 환각이라니!<br>……어머?\u3000저기에<br>아주 맛있어 보이는 케이크가……"""
Die#27,"""이젠 안 돼…… 쉬게 해 주세요……"""
ThankHeal#27,"""감사드려요!"""
ThankBuff#27,"""강해진 기분이에요!"""
ThankCure#27,"""기분 상쾌하다는 게 이런 거군요!"""
DefeatEnemy#27,"""이걸로 한 건 해결이에요!<br>자자, 다음 장소로 가죠."""
LevelUp#27,"""저한테도 나눠 주시겠어요?"""
InvokeSkill1#26,"""넋을 놓고 보셔도 돼요?"""
InvokeSkill2#25,"""이걸로 끝이에요!"""
InvokeSkill3#24,"""할 때는 한답니다!"""
PBFull#26,"""이쪽은 준비 완료랍니다!"""
PBRelease#27,"""힘을 빌려주세요."""
TacticsFree#11,"""맡겨 주세요!<br>지금보다 더 자유롭게<br>움직여 보이겠어요!"""
TacticsGuard#11,"""맡겨 주세요!<br>확실히 버텨 보이겠어요!"""
TacticsMassedAttack#11,"""맡겨 주세요!<br>집중 공격으로 가죠!"""
TacticsAttack#11,"""맡겨 주세요!<br>그런데 제가 미끼인가요!?"""
Avoid#27,"""화려하게 회피!"""
HealSelf#27,"""아직 죽고 싶지는 않으니까요."""
BuffSelf#27,"""부족한 힘은 보조로 보충!"""
HealOther#27,"""무리하지 마세요!"""
BuffOther#27,"""능력 강화도 잊지 마세요!"""
QuestStart1#27,"""잘 부탁드리겠습니다."""
QuestStart2#8,"""당신과 함께라면<br>저, 뭐든 할 수 있을 것 같아요!<br>뭐, 아마 기분 탓이겠지만요!"""
QuestEnd1#27,"""계속 당신에게<br>업혀 가기만 했지만……<br>끝이 좋으면 된 거예요!"""
QuestEnd2#11,"""이걸로 임무 완료네요!"""
IncidentStart#27,"""장애물을 넘어야 성장하는 법!<br>뭐든 덤비라고 하세요!"""
IncidentSuccess#27,"""해냈네요!<br>당신과 함께여서 편했……<br>아니, 당신 덕분이에요!"""
IncidentFailure#27,"""으으……<br>제가 발목을 잡았네요……"""
PSE#27,"""으음, 으으음!<br>이건 PSE의 느낌이에요!"""
PSELevelUp#27,"""해냈어요!<br>계속해서 이어 가죠!"""
PSEBurst#27,"""훌륭해요!<br>이게 PSE 버스트예요!"""
HP30#27,"""왠지 엄청 집중적으로<br>노려지는 기분이……"""
HP10#27,"""전력 분석, 제대로 했네요.<br>가장 약한 저부터 공격하다니<br>……사, 살려주세요!"""
ItemRare#27,"""좋은 물건 주우셨나요?"""
DamageSmall#27,"""아야!"""
DamageMiddle#27,"""와와왓!"""
DamageLarge#27,"""너무해요……"""
Trap#27,"""잠깐, 함정이라니!<br>왜 이런 게 있는 거예요!?"""
ThankTrapRescue#27,"""사, 살았어요……"""
TrapRescueOther#27,"""함정을 조심하세요!<br>저도 아까 걸릴 뻔<br>했으니까요!"""
MemberDamaged#27,"""무리하지 마세요!"""
MemberDead#27,"""……용서 못 해요.<br>절대로 용서 못 해요!"""
AbilityExe#27,"""후후후, 지금부터는<br>제 차례랍니다!"""
AbilitySpecial#27,"""제게 맡겨 주세요!"""
Resurrect#27,"""슬슬 일어날까요."""
PartyJoin#36,"""/ci1 1 제가 등장했답니다!"""
Marvelous#27,"""훌륭한 솜씨예요!"""
EnemyWeak#28,"""힘 시험조차 안 되는군."""
EnemyLarge#28,"""조금은 손맛이 있겠군."""
EnemyBoss#28,"""시험 상대로는 충분하다."""
EnemyRare#28,"""……희귀종인가."""
EnemyBoost#28,"""불길한 기운을 내뿜는군."""
WeatherChange#3,"""바람의 방향이 바뀌었나."""
DestroyEnemy1#28,"""다음."""
DestroyEnemy2#28,"""좋은 데이터를 얻었군."""
DestroyEnemy3#27,"""다음 목표로 이동한다."""
CondFreeze#28,"""동결 상태인가……"""
CondBurn#28,"""연소 상태인가……"""
CondShock#28,"""감전 상태인가……"""
CondPoison#28,"""이건…… 독인가……"""
CondPanic#28,"""쳇, 정상적인 판단을 할 수 없다……"""
CondStan#28,"""몸을 자유롭게 움직일 수 없다……"""
CondMirage#28,"""쳇, 환각이……"""
Die#28,"""전투 지속은 불가능……한가."""
ThankHeal#28,"""미안하다."""
ThankBuff#28,"""고맙다."""
ThankCure#28,"""번거롭게 했군."""
DefeatEnemy#28,"""제압 완료"""
LevelUp#28,"""강해지는 건 좋은 일이다."""
InvokeSkill1#27,"""이걸로 끝이다."""
InvokeSkill2#26,"""여기서 끝낸다."""
InvokeSkill3#25,"""놓치지 않는다."""
TechFire#9,"""불타라."""
TechIce#10,"""얼어붙어라."""
TechThunder#11,"""번개여."""
TechWind#9,"""바람이여."""
TechLight#11,"""빛이여."""
TechDark#10,"""어둠이여."""
PBFull#27,"""준비가 된 모양이군."""
PBRelease#28,"""포톤 블래스트를 기동한다."""
TacticsFree#12,"""그럼, 자유롭게 움직이도록 하지."""
TacticsGuard#12,"""그럼, 수비를 굳히도록 하지."""
TacticsMassedAttack#12,"""그럼, 한 점을 돌파하지."""
TacticsAttack#12,"""미끼는 내게 맡겨라."""
Avoid#28,"""느려."""
HealSelf#28,"""아슬아슬했군."""
BuffSelf#28,"""봐주지 않겠다."""
HealOther#28,"""방심이 지나치다."""
BuffOther#28,"""엄호한다."""
QuestStart1#28,"""임무를 시작한다."""
QuestStart2#9,"""네게 의지하지."""
QuestEnd1#28,"""역시 대단하군."""
QuestEnd2#12,"""이 결과는 네 덕분이다."""
IncidentStart#28,"""분위기가 바뀌었군……<br>뭔가 일어난다. 조심해라."""
IncidentSuccess#28,"""훌륭한 결과군."""
IncidentFailure#28,"""……아쉬운 결과다."""
PSE#28,"""포톤이 흔들리고 있다……<br>PSE의 전조인가."""
PSELevelUp#28,"""PSE…… 아직 계속되는 모양이군."""
PSEBurst#28,"""이게 소문으로 듣던<br>PSE 버스트라는 건가."""
HP30#28,"""칫"""
HP10#28,"""위험하군……"""
ItemRare#28,"""그건 좋은 물건이다."""
DamageSmall#28,"""손상 경미……"""
DamageMiddle#28,"""크윽."""
DamageLarge#28,"""……손상이 크군."""
Trap#28,"""트랩인가!"""
ThankTrapRescue#28,"""……미안하다, 살았다."""
TrapRescueOther#28,"""괜찮나?"""
MemberDamaged#28,"""일단 물러나라."""
MemberDead#28,"""……내 역량 부족이다."""
AbilityExe#28,"""이제부터가 진짜다."""
AbilitySpecial#28,"""이 상태라면…… 할 수 있다."""
Resurrect#28,"""……빚은 갚도록 하지."""
PartyJoin#37,"""/ci1 1 기대에는 전력으로 부응하지."""
Marvelous#28,"""상상 이상이군."""
EnemyWeak#29,"""힘 시험조차 안 되는군."""
EnemyLarge#29,"""조금은 손맛이 있겠군."""
EnemyBoss#29,"""시험 상대로는 충분하다."""
EnemyRare#29,"""……희귀종인가."""
EnemyBoost#29,"""불길한 기운을 내뿜는군."""
WeatherChange#4,"""바람의 방향이 바뀌었나."""
DestroyEnemy1#29,"""다음."""
DestroyEnemy2#29,"""좋은 데이터를 얻었군."""
DestroyEnemy3#28,"""다음 목표로 이동한다."""
CondFreeze#29,"""동결 상태인가……"""
CondBurn#29,"""연소 상태인가……"""
CondShock#29,"""감전 상태인가……"""
CondPoison#29,"""이건…… 독인가……"""
CondPanic#29,"""쳇, 정상적인 판단을 할 수 없다……"""
CondStan#29,"""몸을 자유롭게 움직일 수 없다……"""
CondMirage#29,"""쳇, 환각이……"""
Die#29,"""전투 지속은 불가능……한가."""
ThankHeal#29,"""미안하다."""
ThankBuff#29,"""고맙다."""
ThankCure#29,"""번거롭게 했군."""
DefeatEnemy#29,"""제압 완료"""
LevelUp#29,"""강해지는 건 좋은 일이다."""
InvokeSkill1#28,"""이걸로 끝이다."""
InvokeSkill2#27,"""여기서 끝낸다."""
InvokeSkill3#26,"""놓치지 않는다."""
TechFire#10,"""불타라."""
TechIce#11,"""얼어붙어라."""
TechThunder#12,"""번개여."""
TechWind#10,"""바람이여."""
TechLight#12,"""빛이여."""
TechDark#11,"""어둠이여."""
PBFull#28,"""준비가 된 모양이군."""
PBRelease#29,"""포톤 블래스트를 기동한다."""
TacticsFree#13,"""그럼, 자유롭게 움직이도록 하지."""
TacticsGuard#13,"""그럼, 수비를 굳히도록 하지."""
TacticsMassedAttack#13,"""그럼, 한 점을 돌파하지."""
TacticsAttack#13,"""미끼는 내게 맡겨라."""
Avoid#29,"""느려."""
HealSelf#29,"""아슬아슬했군."""
BuffSelf#29,"""봐주지 않겠다."""
HealOther#29,"""방심이 지나치다."""
BuffOther#29,"""엄호한다."""
QuestStart1#29,"""임무를 시작한다."""
QuestStart2#10,"""네게 의지하지."""
QuestEnd1#29,"""역시 대단하군."""
QuestEnd2#13,"""이 결과는 네 덕분이다."""
IncidentStart#29,"""분위기가 바뀌었군……<br>뭔가 일어난다. 조심해라."""
IncidentSuccess#29,"""훌륭한 결과군."""
IncidentFailure#29,"""……아쉬운 결과다."""
PSE#29,"""포톤이 흔들리고 있다……<br>PSE의 전조인가."""
PSELevelUp#29,"""PSE…… 아직 계속되는 모양이군."""
PSEBurst#29,"""이게 소문으로 듣던<br>PSE 버스트라는 건가."""
HP30#29,"""칫"""
HP10#29,"""위험하군……"""
ItemRare#29,"""그건 좋은 물건이다."""
DamageSmall#29,"""손상 경미……"""
DamageMiddle#29,"""크윽."""
DamageLarge#29,"""……손상이 크군."""
Trap#29,"""트랩인가!"""
ThankTrapRescue#29,"""……미안하다, 살았다."""
TrapRescueOther#29,"""괜찮나?"""
MemberDamaged#29,"""일단 물러나라."""
MemberDead#29,"""……내 역량 부족이다."""
AbilityExe#29,"""이제부터가 진짜다."""
AbilitySpecial#29,"""이 상태라면…… 할 수 있다."""
Resurrect#29,"""……빚은 갚도록 하지."""
PartyJoin#38,"""/ci1 1 기대에는 전력으로 부응하지."""
Marvelous#29,"""상상 이상이군."""
IncidentJsApcBegin#34,"""/ci3 2 마침 잘 와 줬군.<br>조금 애먹고 있다.<br>도와주지 않겠나?"""
IncidentJsApcFailure#32,"""……내가 미숙했다.<br>물러나도록 하지."""
IncidentJsApcSuccess#34,"""/ci1 2 임무 완료.<br>협력에 감사한다."""
IncidentJsApcBeginEvo#33,"""/ci1 2 임무 완료…… 아니,<br>이 반응은 아무래도 아직<br>더 오는 모양이군."""
EnemyWeak#30,"""어라어라아, 잡몹 씨가<br>길을 잃고 들어왔나요오?"""
EnemyLarge#30,"""큰 건 좋은 일이죠오.<br>어디를 노려도 맞으니까요오."""
EnemyBoss#30,"""굉장히 강해 보이네요오.<br>재미있을 것 같은 상대예요오."""
EnemyRare#30,"""어라어라어라아?<br>희귀한 게 어슬렁거리네요오.<br>한번 쏴 보고 싶네요오."""
EnemyBoost#30,"""저건… 뭘까요오?<br>불길하고 기묘해서<br>무서운 느낌이에요오?"""
DestroyEnemy1#30,"""후후후후훗."""
DestroyEnemy2#30,"""다음 장난감은 어디 있나요오?"""
DestroyEnemy3#29,"""좋네요오.<br>정말 즐거워요오."""
CondFreeze#30,"""꽁꽁 단단하게<br>얼어 버렸네요오.<br>지금 리사는 아주 차가워요오."""
CondBurn#30,"""후훗, 불타는 리사는 어떤가요오?"""
CondShock#30,"""좋네요오, 저릴 때마다<br>방아쇠를 쥐는 게<br>참을 수가 없어요오…"""
CondPoison#30,"""독의 기분 나쁜 느낌도<br>제법 괜찮네요오."""
CondPanic#30,"""혼란스러워도 똑같아요오.<br>리사는 늘 혼란스러운 거나<br>마찬가지니까요오."""
CondStan#30,"""짧은 시간이긴 해도<br>꼼짝할 수 없다니…<br>흥분되네요오."""
CondMirage#30,"""잘 보이지는 않지만<br>뭐, 마구 쏘면 똑같아요오."""
Die#30,"""…나쁘지… 않네요오."""
ThankHeal#30,"""후훗, 살았어요오."""
ThankBuff#30,"""그럼 더더욱 힘내 볼게요오."""
ThankCure#30,"""개운해졌으니<br>더 죽이고 올게요오."""
DefeatEnemy#30,"""다른 적들은 없나요오?"""
LevelUp#30,"""더 강해졌네요오."""
InvokeSkill1#29,"""움직이지 말아 주세요오."""
InvokeSkill2#28,"""기분 좋지 않나요오?"""
InvokeSkill3#27,"""후후훗, 춤춰 주세요오."""
PBFull#29,"""더 재미있는 걸<br>알고 싶나요오?"""
PBRelease#30,"""지금부터 재미있어져요오."""
TacticsFree#14,"""마음대로 하게 해 주세요오."""
TacticsGuard#14,"""수비를 굳힌 다음<br>나중에 백배로 갚아 줘야죠오."""
TacticsMassedAttack#14,"""집중적으로 괴롭혀 드리죠오."""
TacticsAttack#14,"""적 씨, 총소리 나는 이쪽으로요오."""
Avoid#30,"""어라라아?"""
HealSelf#30,"""슬슬 회복이라도 해 볼까요오."""
BuffSelf#30,"""보조가 있으면<br>더 즐길 수 있겠네요오."""
HealOther#30,"""제대로 회복해 주세요오."""
BuffOther#30,"""보조도 잊으면 안 돼요오?"""
QuestStart1#30,"""후훗, 우후후훗."""
QuestStart2#11,"""좋아요오.<br>함께 즐겨 보자고요오."""
QuestEnd1#30,"""끝나 버렸네요오."""
QuestEnd2#14,"""좀 더 오래오래<br>즐기고 싶었는데요오."""
IncidentStart#30,"""후훗, 뭔가 일어나겠네요오."""
IncidentSuccess#30,"""잘된 것 같네요오."""
IncidentFailure#30,"""욕구 불만이네요오."""
PSE#30,"""어머어머어머어머.<br>이건 혹시 그거 아닌가요오?"""
PSELevelUp#30,"""네네네네.<br>계속 이어 가 보자고요오."""
PSEBurst#30,"""후훗, 황홀할 만큼<br>멋지네요오."""
HP30#30,"""기분 좋아지기 시작했어요오."""
HP10#30,"""좋네요오…<br>이 아슬아슬한 느낌."""
ItemRare#30,"""그거 좋은 물건이죠오.<br>좋네요오, 후훗."""
DamageSmall#30,"""윽"""
DamageMiddle#30,"""후훗."""
DamageLarge#30,"""아파."""
Trap#30,"""함정에 걸리는 것도<br>꽤 신선하네요오."""
ThankTrapRescue#30,"""함정에 걸린 놀이는<br>이제 끝인가요오?"""
TrapRescueOther#30,"""함정, 어땠나요오?<br>기분 좋았나요오?"""
MemberDamaged#30,"""무리해도 되는 건<br>리사뿐이에요오?"""
MemberDead#30,"""흐응, 흠흠…<br>이런이런, 오랜만에<br>화가 나 버렸네요."""
AbilityExe#30,"""/toge 우후훗, 후후후훗.<br>감이 살아났어요오."""
AbilitySpecial#30,"""/toge 리사에게 맡겨 주세요오!"""
Resurrect#30,"""좋은 아침이에요."""
PartyJoin#39,"""/ci1 1 조심해 주세요오."""
Marvelous#30,"""사냥감을 빼앗겼네요오."""
IncidentJsApcBegin#35,"""/ci5 2 어서 와요, 즐거운 훈련이에요.<br>그래도 훈련이라고 방심하면<br>큰일이 날지도 몰라요."""
IncidentJsApcSuccess#35,"""/ci4 3 VR은 좋네요오.<br>오사를 걱정하지 않고 마음껏 하니까요.<br>그럼 또 불러 주세요."""
IncidentJsApcBeginEvo#34,"""/ci2 4 이런, 새로운 적인가요.<br>좋네요, 기대할 만하겠어요.<br>더 즐겁게 해 주세요."""
EnemyWeak#31,"""후후후…… 이 정도 상대라면<br>저 혼자서도 충분하답니다!"""
EnemyLarge#31,"""크다고 다 좋은 건<br>아니라고요!"""
EnemyBoss#31,"""으으…… 왠지 강해 보여요……<br>못 본 척하고 싶네요."""
EnemyRare#31,"""어머?\u3000저기 계신 건<br>희귀종이라는 녀석 아닌가요?"""
EnemyBoost#31,"""으으음……<br>정말 기분 나쁜 기운을 풍기는<br>에너미네요……"""
WeatherChange#5,"""환경 변화도 아무 문제 없답니다!"""
DestroyEnemy1#31,"""해냈어요!"""
DestroyEnemy2#31,"""어떤가요!"""
DestroyEnemy3#30,"""보셨나요?"""
CondFreeze#31,"""물에 젖은 미녀……<br>가 아니라, 얼었잖아!\u3000차가워!"""
CondBurn#31,"""불타오르는 듯한 열정……<br>이 아니라, 너무 뜨겁잖아요!"""
CondShock#31,"""저릴 만큼 자극적……<br>이 아니라, 진짜 저려 와요……!"""
CondPoison#31,"""후훗, 미녀는 독을 품는 법……<br>……저, 미녀 안 해도 되니까<br>해독을, 해독을 해 주세요!"""
CondPanic#31,"""후후후……<br>지금이라면 아무것도 못 할 것 같은<br>그런 기분이 들어요!"""
CondStan#31,"""뭐라 하셔도<br>전 여기서 한 발짝도 안 움직여요!<br>랄까, 움직일 수가 없어요!"""
CondMirage#31,"""늘 꿈에 빠져 사는 제게 환각이라니!<br>……어머?\u3000저기에<br>아주 맛있어 보이는 케이크가……"""
Die#31,"""이젠 안 돼…… 쉬게 해 주세요……"""
ThankHeal#31,"""감사드려요!"""
ThankBuff#31,"""강해진 기분이에요!"""
ThankCure#31,"""기분 상쾌하다는 게 이런 거군요!"""
DefeatEnemy#31,"""이걸로 한 건 해결이에요!<br>자자, 다음 장소로 가죠."""
LevelUp#31,"""저한테도 나눠 주시겠어요?"""
InvokeSkill1#30,"""넋을 놓고 보셔도 돼요?"""
InvokeSkill2#29,"""이걸로 끝이에요!"""
InvokeSkill3#28,"""할 때는 한답니다!"""
PBFull#30,"""이쪽은 준비 완료랍니다!"""
PBRelease#31,"""힘을 빌려주세요."""
TacticsFree#15,"""맡겨 주세요!<br>지금보다 더 자유롭게<br>움직여 보이겠어요!"""
TacticsGuard#15,"""맡겨 주세요!<br>확실히 버텨 보이겠어요!"""
TacticsMassedAttack#15,"""맡겨 주세요!<br>집중 공격으로 가죠!"""
TacticsAttack#15,"""맡겨 주세요!<br>그런데 제가 미끼인가요!?"""
Avoid#31,"""화려하게 회피!"""
HealSelf#31,"""아직 죽고 싶지는 않으니까요."""
BuffSelf#31,"""부족한 힘은 보조로 보충!"""
HealOther#31,"""무리하지 마세요!"""
BuffOther#31,"""능력 강화도 잊지 마세요!"""
QuestStart1#31,"""잘 부탁드리겠습니다."""
QuestStart2#12,"""당신과 함께라면<br>저, 뭐든 할 수 있을 것 같아요!<br>뭐, 아마 기분 탓이겠지만요!"""
QuestEnd1#31,"""계속 당신에게<br>업혀 가기만 했지만……<br>끝이 좋으면 된 거예요!"""
QuestEnd2#15,"""이걸로 임무 완료네요!"""
IncidentStart#31,"""장애물을 넘어야 성장하는 법!<br>뭐든 덤비라고 하세요!"""
IncidentSuccess#31,"""해냈네요!<br>당신과 함께여서 편했……<br>아니, 당신 덕분이에요!"""
IncidentFailure#31,"""으으……<br>제가 발목을 잡았네요……"""
PSE#31,"""으음, 으으음!<br>이건 PSE의 느낌이에요!"""
PSELevelUp#31,"""해냈어요!<br>계속해서 이어 가죠!"""
PSEBurst#31,"""훌륭해요!<br>이게 PSE 버스트예요!"""
HP30#31,"""왠지 엄청 집중적으로<br>노려지는 기분이……"""
HP10#31,"""전력 분석, 제대로 했네요.<br>가장 약한 저부터 공격하다니<br>……사, 살려주세요!"""
ItemRare#31,"""좋은 물건 주우셨나요?"""
DamageSmall#31,"""아야!"""
DamageMiddle#31,"""와와왓!"""
DamageLarge#31,"""너무해요……"""
Trap#31,"""잠깐, 함정이라니!<br>왜 이런 게 있는 거예요!?"""
ThankTrapRescue#31,"""사, 살았어요……"""
TrapRescueOther#31,"""함정을 조심하세요!<br>저도 아까 걸릴 뻔<br>했으니까요!"""
MemberDamaged#31,"""무리하지 마세요!"""
MemberDead#31,"""……용서 못 해요.<br>절대로 용서 못 해요!"""
AbilityExe#31,"""후후후, 지금부터는<br>제 차례랍니다!"""
AbilitySpecial#31,"""제게 맡겨 주세요!"""
Resurrect#31,"""슬슬 일어날까요."""
PartyJoin#40,"""/ci1 1 제가 등장했답니다!"""
Marvelous#31,"""훌륭한 솜씨예요!"""
IncidentJsApcBegin#36,"""/toge /ci3 2 아, 아, 당신은!<br>정말 좋은 타이밍이에요!<br>도와주시겠어요!"""
IncidentJsApcFailure#33,"""으윽…… 더는 무리예요……<br>죄송하지만 철수할게요."""
IncidentJsApcSuccess#36,"""/ci2 2 아니, 한때는 어찌 되나 했는데……<br>정말 정말 감사해요!<br>고맙습니다!"""
IncidentJsApcBeginEvo#35,"""/ci1 2 후우, 어떻게든 돼서 다행……<br>……이라고 할 수 없겠네요.<br>조금 더 함께해 주시겠어요?"""
EnemyWeak#32,"""이 정도면 여유롭겠어요!"""
EnemyLarge#32,"""납작하게 깔리지 않도록<br>조심해서 가요……!"""
EnemyBoss#32,"""만만치 않은 상대 같네요!<br>기운 내서 가요!"""
EnemyRare#32,"""와, 희귀한 에너미네요!"""
EnemyBoost#32,"""이 분위기……<br>평범한 에너미가 아니에요……!"""
DestroyEnemy1#32,"""해냈어요!"""
DestroyEnemy2#32,"""아직 더 할 수 있어요!"""
DestroyEnemy3#31,"""깔끔하게 쓰러뜨렸어요!"""
CondFreeze#32,"""에취!<br>너, 너무 추워요!"""
CondBurn#32,"""뜨, 뜨거워!<br>뜨거워요!"""
CondShock#32,"""저, 저려……요……!"""
CondPoison#32,"""으으<br>기, 기분이 안 좋아요……"""
CondPanic#32,"""어라라……?<br>시야가 빙글빙글 돌아요~"""
CondStan#32,"""우, 움직일 수 없어……!"""
CondMirage#32,"""호오오……!<br>뭔가 세상이<br>흐릿하게 보여요!"""
Die#32,"""해야 할 일이……<br>있는데……"""
ThankHeal#32,"""감사합니다!"""
ThankBuff#32,"""살았어요!"""
ThankCure#32,"""후우……진정됐어요……"""
DefeatEnemy#32,"""계속 나아가요!"""
LevelUp#32,"""와아!<br>축하합니다!"""
InvokeSkill1#31,"""갑니다!"""
InvokeSkill2#30,"""이 일격으로!"""
InvokeSkill3#29,"""/toge 비장의……갑니다!!"""
PBFull#31,"""언제든 갈 수 있어요!"""
PBRelease#32,"""/toge 제 포톤……받아 주세요!!"""
Avoid#32,"""히얏!"""
HealSelf#32,"""아직 더 할 수 있어요!"""
BuffSelf#32,"""준비 완료예요!"""
HealOther#32,"""괜찮으신가요?"""
BuffOther#32,"""이걸로 완벽하네요!"""
QuestStart1#32,"""기운 내서 가요!"""
QuestEnd1#32,"""퀘스트 클리어예요!<br>에헤헷, 해냈네요!"""
IncidentStart#32,"""왠지 불길한 예감이 들어요……!"""
IncidentSuccess#32,"""하아……하아……<br>리더 덕분에<br>어떻게든 해냈어요!"""
IncidentFailure#32,"""죄송해요……제가<br>리더의 발목을 잡아서……"""
PSE#32,"""이건……PSE일까요?"""
PSELevelUp#32,"""레벨이 올랐어요!"""
PSEBurst#32,"""PSE 버스트!<br>몇 번을 봐도 아름답네요……!"""
HP30#32,"""하아……하아……<br>조금 지치기 시작했어요……"""
HP10#32,"""이제……쓰러질 것 같아요……"""
ItemRare#32,"""희귀한 아이템이네요!<br>축하합니다!"""
DamageSmall#32,"""으윽……!"""
DamageMiddle#32,"""꺅!"""
DamageLarge#32,"""우와아앗!!"""
Trap#32,"""으악!<br>함정에 걸렸어요!"""
ThankTrapRescue#32,"""살았어요!<br>감사합니다!"""
TrapRescueOther#32,"""괘, 괜찮으세요?"""
MemberDamaged#32,"""저에게 맡겨 주세요!"""
MemberDead#32,"""용서 못 해요……!"""
AbilityExe#32,"""힘이 넘쳐흘러요!"""
AbilitySpecial#32,"""왠지 저,<br>지금이라면 뭐든<br>할 수 있을 것 같아요!"""
Resurrect#32,"""저……아직 죽을 수 없어요."""
PartyJoin#41,"""/toge /ci2 1 잘 부탁드립니다!"""
Marvelous#32,"""역시 대단하세요!"""
IncidentJsApcBegin#37,"""/ci1 1 죄송합니다!<br>적이 너무 많아서 애먹고 있어요.<br>도와주시겠어요?"""
IncidentJsApcFailure#34,"""으윽, 죄송합니다.<br>제 힘이 부족한 탓에……"""
IncidentJsApcSuccess#37,"""/ci2 2 에헤헷, 해냈네요!<br>도와주셔서<br>감사합니다!"""
IncidentJsApcBeginEvo#36,"""/ci2 1 새로운 에너미군요.<br>방심하지 말고 가요!"""
EnemyWeak#33,"""빠르게 정리하죠."""
EnemyLarge#33,"""대형 에너미야.<br>조심해."""
EnemyBoss#33,"""상대의 움직임을 잘 봐.<br>반드시 빈틈이 있을 거야……"""
EnemyRare#33,"""희귀한 게 나왔네……"""
EnemyBoost#33,"""엄청난 위압감……<br>방심하면 위험해."""
DestroyEnemy1#33,"""이 정도네."""
DestroyEnemy2#33,"""끝이야."""
DestroyEnemy3#32,"""처치했어."""
CondFreeze#33,"""몸이 얼어붙어……!"""
CondBurn#33,"""윽……!<br>몸에 불이……!"""
CondShock#33,"""……윽!\u3000저, 저려……"""
CondPoison#33,"""독에 당한 것 같네……"""
CondPanic#33,"""방향 감각이 흐트러졌어……<br>성가시네……"""
CondStan#33,"""몸이 움직이지 않아……!?"""
CondMirage#33,"""시야를 방해받았어……"""
Die#33,"""끝……인 거야……?"""
ThankHeal#33,"""고마워."""
ThankBuff#33,"""살았어……"""
ThankCure#33,"""이거라면 만전이야."""
DefeatEnemy#33,"""이 일대의 안전은 확보된 것 같네."""
LevelUp#33,"""어머, 잘됐네."""
TechFire#11,"""모조리 태우겠어."""
TechIce#12,"""얼어붙어……"""
TechThunder#13,"""울려 퍼져라……!"""
TechWind#11,"""바람을 일으키겠어……!"""
TechLight#13,"""빛을 힘으로……"""
TechDark#12,"""어둠에……뒤덮여라."""
PBFull#32,"""힘이 차오르고 있어……"""
PBRelease#33,"""지금이라면 할 수 있어……!"""
Avoid#33,"""흥!"""
HealSelf#33,"""이걸로 괜찮아."""
BuffSelf#33,"""여기서부터 공격할게."""
HealOther#33,"""무리하지 마……"""
BuffOther#33,"""엄호할게."""
QuestStart1#33,"""침착하게 가자."""
QuestEnd1#33,"""임무 완료네."""
IncidentStart#33,"""우선 상황을 파악하자……"""
IncidentSuccess#33,"""잘된 모양이네."""
IncidentFailure#33,"""……실패네.<br>이번 반성을 다음에 살릴게……"""
PSE#33,"""PSE가 발생한 모양이네."""
PSELevelUp#33,"""PSE 수치가 높아지고 있어……"""
PSEBurst#33,"""PSE 버스트……<br>이 혜택을 잘 활용하자."""
HP30#33,"""걱정할 필요는 없어……"""
HP10#33,"""이건……힘들겠네……"""
ItemRare#33,"""희귀한 아이템이네.<br>……잘됐잖아."""
DamageSmall#33,"""크윽……!"""
DamageMiddle#33,"""윽……!"""
DamageLarge#33,"""으……윽……!"""
Trap#33,"""이런, 함정에……!"""
ThankTrapRescue#33,"""살았어……"""
TrapRescueOther#33,"""괜찮아?"""
MemberDamaged#33,"""괜찮아!?"""
MemberDead#33,"""큭……<br>어떻게 이런……!"""
AbilityExe#33,"""평소보다 몸 상태가 좋아……"""
AbilitySpecial#33,"""전력으로……간다!"""
Resurrect#33,"""아직 싸울 수 있어……!"""
PartyJoin#42,"""/ci1 잘 부탁해……"""
Marvelous#33,"""……대단하잖아."""
IncidentJsApcBegin#38,"""/ci1 1 나 혼자 감당하기엔<br>버거운 상황인데……<br>괜찮다면 도와줄래?"""
IncidentJsApcFailure#35,"""미안해……<br>난 퇴각할게……"""
IncidentJsApcSuccess#38,"""/ci1 1 고마워……<br>덕분에 헤쳐 나왔어."""
IncidentJsApcBeginEvo#37,"""/ci1 2 아직 더 나오는구나.<br>숨 돌릴 틈도 없어……"""
EnemyWeak#34,"""후후, 귀엽잖아?"""
EnemyLarge#34,"""어머, 큰 것도 취향이야……?"""
EnemyBoss#34,"""정말 훌륭하네……멋·져!<br>천천히……즐겨 보자♪"""
EnemyRare#34,"""좋네……희귀종은 정말 좋아해"""
EnemyBoost#34,"""이렇게 새빨개져서……<br>후후, 귀여워"""
DestroyEnemy1#34,"""느낌 좋은걸"""
DestroyEnemy2#34,"""어머, 벌써 끝이야?"""
DestroyEnemy3#33,"""다음 아이, 어서 와?"""
CondFreeze#34,"""추, 추워……<br>부탁이야, 네 몸으로 데워 줘!"""
CondBurn#34,"""후우, 더워지기 시작했어……<br>이 수영복, 벗어도 되지?"""
CondShock#34,"""아앙!\u3000찌릿찌릿해!<br>응……버릇될 것 같아……"""
CondPoison#34,"""후우, 조금 취했어……<br>네 마이룸에서 쉴까?"""
CondPanic#34,"""나와 수영복 중에<br>어느 쪽이 더 좋아……!?"""
CondStan#34,"""너무 보지 마……<br>이 수영복, 천이 많아서 부끄러워……"""
CondMirage#34,"""후후후……<br>골라잡을 수 있겠네……"""
Die#34,"""아아……이제……일어설 수 없어……"""
ThankHeal#34,"""어머, 고마워.<br>나중에 좋은 걸 해·줄·게♪"""
ThankBuff#34,"""후후, 고마워.<br>기분 좋아"""
ThankCure#34,"""살았어.<br>답례는 뭐가 좋아?"""
DefeatEnemy#34,"""벌써 끝이야?<br>너무 빨라, 좀 더 버텨 줘야지"""
LevelUp#34,"""어머나, 또 튼튼해졌네"""
InvokeSkill1#32,"""괜찮아.<br>아픈 건 처음뿐이니까!"""
InvokeSkill2#31,"""후후……<br>실컷 즐겁게……해 줄게!"""
InvokeSkill3#30,"""나쁜 아이네……<br>어디를 괴롭혀 주길 바라?"""
PBFull#33,"""준비됐어……<br>언제든 와!"""
PBRelease#34,"""좋은 걸 보여 줄게!"""
Avoid#34,"""정말!\u3000무리하지 마!"""
HealSelf#34,"""후우……"""
BuffSelf#34,"""짜릿해지기 시작했어……"""
HealOther#34,"""치유해 줄게"""
BuffOther#34,"""후후……<br>이렇게 하면 어떻게 될까?"""
QuestStart1#34,"""즐거운 시간이야"""
QuestEnd1#34,"""후후, 수고했어.<br>정말 잘했네"""
IncidentStart#34,"""그럼 보고 있을 테니<br>한번 해 봐?"""
IncidentSuccess#34,"""정말 잘했어.<br>쓰다듬어 줄게"""
IncidentFailure#34,"""더 노출이 많은 수영복이었다면<br>나도 힘을 발휘했을 텐데……"""
PSE#34,"""PSE네.<br>어른의 계단을 올라 볼까?"""
PSELevelUp#34,"""느껴져……느껴져……!<br>더 높여 줘!\u3000PSE!"""
PSEBurst#34,"""자, 가 버려!<br>PSE 버스트!"""
HP30#34,"""으응……크윽……"""
HP10#34,"""으응……<br>이, 이제……"""
ItemRare#34,"""그 아이템과 나……<br>교환하는 건 어때?<br>서비스해 줄게!"""
DamageSmall#34,"""싫어엉"""
DamageMiddle#34,"""아아앙"""
DamageLarge#34,"""하아앙!"""
Trap#34,"""싫어, 구속당해 버렸네.<br>이거, 대단해……!"""
ThankTrapRescue#34,"""정말, 이제부터였는데……<br>책임……져 줘"""
TrapRescueOther#34,"""네가 걸려도 되는 건……<br>내 달콤한 함정뿐이야"""
MemberDamaged#34,"""아직 참을 수 있지?"""
MemberDead#34,"""아, 아……<br>어쩔 수 없는 아이네"""
AbilityExe#34,"""하아앙……<br>상태가 정말 좋아!"""
AbilitySpecial#34,"""후후, 후후후후……차오르고 있어.<br>내 진심을 보여 줄게.<br>자, 끝까지 가자!"""
Resurrect#34,"""끓어올라……넘쳐흘러……!<br>아직 더 할 수 있어……!"""
PartyJoin#43,"""/ci9 3 지명 고마워. 힘내 볼게"""
Marvelous#34,"""후후……<br>먹어 버리고 싶을 만큼 매력적이야"""
IncidentJsApcBegin#39,"""/ci2 2 정말, 이 아이들……<br>놀이인데도 진지해져서는.<br>리더, 상대해 주자♪"""
IncidentJsApcFailure#36,"""아앙, 이제 안 돼!<br>지쳐 버렸어……<br>리더……너무 격렬해……"""
IncidentJsApcSuccess#39,"""/ci9 4 후후, 즐거웠어.<br>다시 함께 즐기자.<br>다음엔 둘이서……알았지?"""
IncidentJsApcBeginEvo#38,"""/ci2 2 더 하고 싶어?<br>후후후, 욕심쟁이네♪"""
EnemyWeak#35,"""응?<br>별로 강하지 않은… 건가?"""
EnemyLarge#35,"""엄청… 크네…"""
EnemyBoss#35,"""귀찮은 상대가 와 버렸네…"""
EnemyRare#35,"""엄청 희귀한 종이네.<br>운이 좋을지도…"""
EnemyBoost#35,"""이 느낌은…<br>좋지 않은 분위기예요."""
DestroyEnemy1#35,"""해치워 버렸어요."""
DestroyEnemy2#35,"""끝내 버렸어요."""
DestroyEnemy3#34,"""우아하게 성공!"""
CondFreeze#35,"""차갑네…"""
CondBurn#35,"""뜨거울지도…"""
CondShock#35,"""찌릿찌릿해…"""
CondPoison#35,"""속이 안 좋아…"""
CondPanic#35,"""빙글빙글 돌아서…<br>뭐지, 이거…"""
CondStan#35,"""힘이 쭉 빠졌어…"""
CondMirage#35,"""시야가 뭔가 이상해…"""
Die#35,"""언니…"""
ThankHeal#35,"""고마워."""
ThankBuff#35,"""더 힘낼게."""
ThankCure#35,"""기분이 개운해졌어."""
DefeatEnemy#35,"""일단, 끝난 걸까?"""
LevelUp#35,"""강해지는 건 좋은 일이야."""
InvokeSkill1#33,"""이런 건<br>패티 언니 역할이야."""
TechFire#12,"""낭비는 싫어."""
TechIce#13,"""놓치지 않아."""
TechThunder#14,"""다 보이는데?"""
TechWind#12,"""여러 가지 할 수 있거든?"""
TechLight#14,"""테크닉이라면 맡겨."""
TechDark#13,"""끝내 줄게."""
PBFull#34,"""나도 화날 때는 화나니까."""
PBRelease#35,"""2번, 티아. 갑니다."""
TacticsFree#16,"""그럼 자유롭게 할게요."""
TacticsGuard#16,"""방어를 굳히고 빈틈을 노린다.<br>정석 전술이네."""
TacticsMassedAttack#16,"""한곳에 집중…<br>합리적이라고 생각해."""
TacticsAttack#16,"""내가 시선을 끌게요."""
Avoid#35,"""아쉽네"""
HealSelf#35,"""그렇게 쉽게 쓰러지진 않을 테니까."""
BuffSelf#35,"""보조도 잊지 않아요."""
HealOther#35,"""일찍 회복하는 걸 명심해."""
BuffOther#35,"""능력 강화를 잊지 마."""
QuestStart1#35,"""그럼 잘 부탁해."""
QuestEnd1#35,"""끝난… 건가?"""
IncidentStart#35,"""뭔가 일어날 것 같은 예감이…"""
IncidentSuccess#35,"""성공한 모양이야."""
IncidentFailure#35,"""실패는 성공의 어머니."""
PSE#35,"""포톤 활성화…?<br>시작된 모양이야."""
PSELevelUp#35,"""계속 더 이어 가 보자."""
PSEBurst#35,"""여기까지<br>활성화되기도 하는구나."""
HP30#35,"""아직 쌩쌩해요."""
HP10#35,"""조금… 힘들지도."""
ItemRare#35,"""그거, 좋은 물건 같네."""
DamageSmall#35,"""큿"""
DamageMiddle#35,"""꺄악"""
DamageLarge#35,"""아야!"""
Trap#35,"""큭… 이런 함정 따위에."""
ThankTrapRescue#35,"""살았어요."""
TrapRescueOther#35,"""괜찮으신가요?"""
MemberDamaged#35,"""무리는 금물이에요."""
MemberDead#35,"""…용서하지 않겠어요."""
AbilityExe#35,"""/toge 감이 잡히기 시작했으니<br>나도 힘내 버릴지도."""
AbilitySpecial#35,"""/toge 나한테 맡겨 주세요."""
Resurrect#35,"""너무 방심했나."""
PartyJoin#44,"""/ci1 1 적당히 힘낼게."""
Marvelous#35,"""…정말 편하네."""
IncidentJsMultiApcBegin#1,"""/mn19 /ci5 1 아까까지 적에게 둘러싸여<br>울 것 같던 애가<br>내 옆에 있는데."""
IncidentJsMultiApcSuccess#1,"""/ci2 1 네, 네. 짐만 되니까<br>빨리 돌아가자, 패티 언니.<br>도와줘서 고마워."""
EnemyWeak#36,"""어라, 어라라?<br>이건 쉽게 끝나겠는데!"""
EnemyLarge#36,"""엄청… 크다…"""
EnemyBoss#36,"""골치 아픈 상대가 왔어!"""
EnemyRare#36,"""오오!<br>저거 봐, 희귀한 녀석이야!"""
EnemyBoost#36,"""우왓, 우와앗!<br>불길한 예감이 팍팍 들어…!"""
DestroyEnemy1#36,"""영차!"""
DestroyEnemy2#36,"""어떠냐!"""
DestroyEnemy3#35,"""화려하게 성공!"""
CondFreeze#36,"""꽁꽁 얼었다!"""
CondBurn#36,"""활활 타오른다!<br>뜨거, 뜨거워!"""
CondShock#36,"""저저저저려어어어!"""
CondPoison#36,"""으으, 기부니 나빠…"""
CondPanic#36,"""빙글빙글, 어질어질!<br>아하하하!"""
CondStan#36,"""몸이 잘 안 움직여!"""
CondMirage#36,"""흐릿하고 뿌예서<br>시야가 엄청나!"""
Die#36,"""티아…"""
ThankHeal#36,"""고마워!"""
ThankBuff#36,"""센스 있는 사람, 정말 좋아!"""
ThankCure#36,"""기분 상쾌, 힘내자!"""
DefeatEnemy#36,"""음, 끝났나?"""
LevelUp#36,"""좋겠다!\u3000좋겠네!"""
InvokeSkill1#34,"""하나, 둘, 얍!"""
InvokeSkill2#32,"""날아가 버려!"""
InvokeSkill3#31,"""해치워 버릴 거야!"""
TechLight#15,"""티아 흉내 내기!"""
PBFull#35,"""열받아!<br>화나기 시작했어!"""
PBRelease#36,"""1번, 패티!\u3000갑니다!"""
TacticsFree#17,"""자유분방하게 가 보자!"""
TacticsGuard#17,"""방어는 최고의 공격이라고<br>누군가 그랬어!"""
TacticsMassedAttack#17,"""미안하지만 이건 싸움이니까…<br>집중 공격이야!"""
TacticsAttack#17,"""자, 자, 이쪽으로 와!"""
Avoid#36,"""영차!"""
HealSelf#36,"""해낼 줄 알았어?<br>아쉽지만 회복이었어!"""
BuffSelf#36,"""이래 보여도<br>준비는 빠뜨리지 않아!"""
HealOther#36,"""빠르게 회복!"""
BuffOther#36,"""나눠 줄게!"""
QuestStart1#36,"""그럼 가 보자!"""
QuestEnd1#36,"""이걸로 끝!"""
IncidentStart#36,"""음, 문제의 예감!"""
IncidentSuccess#36,"""대성공!"""
IncidentFailure#36,"""뭐, 이럴 때도 있지!"""
PSE#36,"""오, 뭔가 시작됐다!"""
PSELevelUp#36,"""계속 이어 가 보자!"""
PSEBurst#36,"""우와!<br>이거 정말 굉장한데!"""
HP30#36,"""아직 쌩쌩해!"""
HP10#36,"""허, 허세 부리기도 힘들어…"""
ItemRare#36,"""아, 치사해!<br>좋겠다!"""
DamageSmall#36,"""아야!"""
DamageMiddle#36,"""꺄악!"""
DamageLarge#36,"""아프다니까!"""
Trap#36,"""함정에 걸린 여자애라니<br>제법 자극적… 아니,<br>그게 아니라 살려 줘!"""
ThankTrapRescue#36,"""후, 고마워."""
TrapRescueOther#36,"""화려하게 구출 완료!"""
MemberDamaged#36,"""괜찮아?\u3000무리하면 안 돼!"""
MemberDead#36,"""나도 화날 때는 난다고…!"""
AbilityExe#36,"""/toge 좋아, 감도 잡혔으니<br>언니가 힘내 볼게!"""
AbilitySpecial#36,"""/toge 나한테 맡겨!"""
Resurrect#36,"""후, 저승길이 보였어!"""
PartyJoin#45,"""/ci1 1 네네!\u3000힘낼게!"""
Marvelous#36,"""이야, 편하다, 편해."""
IncidentJsMultiApcBegin#2,"""/mn15 /toge /ci2 1 사랑과 용기의 미소녀 전사<br>패티, 등장!<br>우는 아이는 없느냐!"""
IncidentJsMultiApcSuccess#2,"""/mn15 /toge /ci2 1 헤헹, 어때? 어때?<br>나 강하지!\u3000최강이지!<br>칭찬해 줘도 된다고!"""
EnemyWeak#37,"""우리 상대가 아니군!"""
EnemyLarge#37,"""이런, 꽤 큰 녀석이군<br>하지만 우리라면!"""
EnemyBoss#37,"""힘이 전부는 아니야……<br>우리가 그걸 가르쳐 주자!"""
EnemyRare#37,"""보게나!<br>저건 희귀한 녀석이야!"""
EnemyBoost#37,"""상당히 의욕적인 것 같지만<br>우리의 유대를 이길 수 있을까?"""
DestroyEnemy1#37,"""아름다워!"""
DestroyEnemy2#37,"""잘했어!"""
DestroyEnemy3#36,"""믿고 있었어!"""
CondFreeze#37,"""몸은 얼어붙었지만<br>내 애정은 불타오르고 있어!"""
CondBurn#37,"""하하하, 엄청난 열기군……<br>마치 내 애정 같아!"""
CondShock#37,"""이 정도 감전으로는<br>우리의 유대를 막을 수 없어!"""
CondPoison#37,"""이 몸이 독에 당하더라도<br>사랑하는 아이들은 지켜 내겠어!"""
CondPanic#37,"""세상이 빙글빙글 돌지만<br>이 아이들이 있으니 문제없어!"""
CondStan#37,"""움직일 수 없더라도……<br>내 곁에는 이 아이가 있어!"""
CondMirage#37,"""후후, 환각이라니 소용없어……<br>원래 이 아이들밖에 안 보니까!"""
Die#37,"""내가 사랑하는 아이들……만은……!"""
ThankHeal#37,"""감사해!"""
ThankBuff#37,"""살았어!"""
ThankCure#37,"""후우, 진정됐어"""
DefeatEnemy#37,"""자, 나아가자!"""
LevelUp#37,"""/toge 든든하군, 마이 프렌드!"""
InvokeSkill1#35,"""맡길게, 내가 사랑하는 아이야!"""
InvokeSkill2#33,"""유대의 힘을 보여 줘!"""
InvokeSkill3#32,"""자, 끝내 버리자!"""
PBFull#36,"""자, 준비는 끝났어!"""
PBRelease#37,"""/toge 온 힘을 다한 앙상블을 들려주자!"""
TacticsFree#18,"""자유롭게 할게, 마이 프렌드!"""
TacticsGuard#18,"""지금은 버틸 때야, 마이 프렌드!"""
TacticsMassedAttack#18,"""집중 공격이군, 알겠어, 마이 프렌드!"""
TacticsAttack#18,"""미끼는 내게 맡겨!"""
Avoid#37,"""흥!"""
HealSelf#37,"""당할 수는 없지"""
BuffSelf#37,"""만반의 태세로 도전할까"""
HealOther#37,"""괜찮아?"""
BuffOther#37,"""방심은 금물이야"""
QuestStart1#37,"""자, 시작한다, 사랑하는 아이들아"""
QuestEnd1#37,"""해냈군, 마이 프렌드!<br>우리 유대의 승리야!"""
QuestEnd2#16,"""역시 대단해, 마이 프렌드!"""
IncidentStart#37,"""마이 프렌드, 뭔가 일어날 것 같아!"""
IncidentSuccess#37,"""이런, 놀라긴 했지만<br>어떻게든 해냈어!"""
IncidentFailure#37,"""……내 대응이 잘못됐어"""
PSE#37,"""내 아이들이 술렁이고 있어……<br>이건 PSE인가?"""
PSELevelUp#37,"""더욱 계속해 나가자"""
PSEBurst#37,"""보이니, 모두……<br>정말 아름다운 PSE 버스트야……!"""
HP30#37,"""이런 꼴사나운 모습으론<br>아이들에게 버림받겠어……"""
HP10#37,"""내가 사랑하는 아이들을 위해<br>아직 쓰러질 수는 없어!"""
ItemRare#37,"""오, 그거 좋은 물건이군!<br>축하해, 마이 프렌드!"""
DamageSmall#37,"""윽"""
DamageMiddle#37,"""제법이군"""
DamageLarge#37,"""이럴 수가!"""
Trap#37,"""이런!\u3000내 아이들만 보느라<br>함정을 못 봤어……!"""
ThankTrapRescue#37,"""살았어, 마이 프렌드!"""
TrapRescueOther#37,"""마이 프렌드!\u3000괜찮아?"""
MemberDamaged#37,"""물러나게, 마이 프렌드!"""
MemberDead#37,"""……감히 내 친구를!"""
AbilityExe#37,"""하하핫!\u3000나도 아이들도<br>텐션 최고!\u3000절호조야!"""
AbilitySpecial#37,"""지금이라면 뭐든 할 수 있어!"""
Resurrect#37,"""……후우, 걱정 끼쳤군, 마이 프렌드!"""
PartyJoin#46,"""/toge /ci2 1 잘 부탁해, 마이 프렌드!"""
Marvelous#37,"""/toge 우리도 질 수는 없지!"""
IncidentJsApcBegin#40,"""/ci2 1 마이 프렌드!\u3000마침 잘 왔어!<br>조금 도와주지 않겠어?"""
IncidentJsApcFailure#37,"""미안해, 마이 프렌드……<br>난 먼저 물러날게"""
IncidentJsApcSuccess#40,"""/ci2 1 살았어, 마이 프렌드!<br>내 아이들도 고맙다고 하네!"""
IncidentJsApcBeginEvo#39,"""/ci1  ……아무래도 아직 더 올 모양이군."""
EnemyWeak#38,"""잡몹이네요오."""
EnemyLarge#38,"""목이 아프네요오."""
EnemyBoss#38,"""이걸 쓰러뜨리면 되는 거군요오."""
EnemyRare#38,"""이런 곳에 있다니, 희귀하네요오."""
EnemyBoost#38,"""…이 분위기는…"""
DestroyEnemy1#38,"""끝이에요."""
DestroyEnemy2#38,"""죽어 주세요."""
DestroyEnemy3#37,"""사라져 주세요."""
CondFreeze#38,"""서늘하네요…"""
CondBurn#38,"""뜨끈뜨끈하네요…"""
CondShock#38,"""찌릿찌릿하네요…"""
CondPoison#38,"""독이 퍼지네요…"""
CondPanic#38,"""빙글빙글 도네요…"""
CondStan#38,"""움직임이…"""
CondMirage#38,"""둥실둥실하네요…"""
Die#38,"""…당연한 결말이에요."""
ThankHeal#38,"""감사합니다."""
ThankBuff#38,"""지원, 감사합니다."""
ThankCure#38,"""번거롭게 해 드리네요."""
DefeatEnemy#38,"""대충 다 정리됐네요오."""
LevelUp#38,"""강함은 귀중하답니다."""
InvokeSkill1#36,"""잘하는 건 아니지만요오."""
InvokeSkill2#34,"""할 수 있는 만큼 해 보죠오."""
TechFire#13,"""이쪽이 본업이에요오."""
TechIce#14,"""움직임을 멈춰 볼까요오."""
TechThunder#15,"""놓치지 않을 거예요오."""
TechWind#13,"""죽어 주세요."""
TechLight#16,"""어떠신가요오?"""
TechDark#14,"""사라져 주세요."""
PBFull#37,"""화가 난 건 오랜만이에요오."""
PBRelease#38,"""전부 없어지면 좋을 텐데요오."""
TacticsFree#19,"""그럼 자유롭게 할게요오."""
TacticsGuard#19,"""오직 방어만 하는 건 서툴지만…"""
TacticsMassedAttack#19,"""한곳만 집중해서 노려 볼까요오."""
TacticsAttack#19,"""리사가 노려 줄 가치가<br>있다고는 생각되지 않지만요오…"""
Avoid#38,"""소용없어요오."""
HealSelf#38,"""아까웠네요오."""
BuffSelf#38,"""전투 준비는 빈틈없이."""
HealOther#38,"""괜찮으신가요?"""
BuffOther#38,"""방심하지 마세요."""
QuestStart1#38,"""가도록 하죠오."""
QuestStart2#13,"""<%me> 님<br>잘 부탁드릴게요오."""
QuestEnd1#38,"""상황 종료네요오."""
QuestEnd2#17,"""역시 대단하시네요오."""
IncidentStart#38,"""돌발 상황인가요오.<br>흔한 일이네요오."""
IncidentSuccess#38,"""무사히 끝났네요오."""
IncidentFailure#38,"""죄송합니다."""
PSE#38,"""포톤이 여기되고 있네요오."""
PSELevelUp#38,"""포톤이 더욱 활성화됐나요오."""
PSEBurst#38,"""이건…<br>굉장한 효과네요오."""
HP30#38,"""별로 아프지 않아요오."""
HP10#38,"""…리사는 아직 살아 있어요오."""
ItemRare#38,"""축하드려요오."""
DamageSmall#38,"""큿"""
DamageMiddle#38,"""으윽"""
DamageLarge#38,"""아얏"""
Trap#38,"""함정이라니 고풍스럽네요오…"""
ThankTrapRescue#38,"""감사드려요오."""
TrapRescueOther#38,"""무사하신가요?"""
MemberDamaged#38,"""살아 계신가요?"""
MemberDead#38,"""…절대로 용서 못 해요오."""
AbilityExe#38,"""/toge 몸이 가볍네요오."""
AbilitySpecial#38,"""/toge 맡겨 주세요오."""
Resurrect#38,"""…죽기엔 아직 이른가 봐요오."""
PartyJoin#47,"""/ci1 1 잘 부탁드려요오."""
Marvelous#38,"""훌륭해요오."""
IncidentJsApcBegin#41,"""/ci1 3 <%me> 님.<br>번거로우시겠지만<br>협력해 주시겠어요오?"""
IncidentJsApcFailure#38,"""…죄송해요오.<br>먼저 물러나겠습니다."""
IncidentJsApcSuccess#41,"""/ci1 5 협력에 감사드려요오.<br>정말 고맙습니다."""
IncidentJsApcBeginEvo#40,"""/ci1 3 …아무래도, 새로운 적 같네요오."""
EnemyWeak#39,"""우리의 적은 아니군"""
EnemyLarge#39,"""대형인가"""
EnemyBoss#39,"""강적인 것 같군"""
EnemyRare#39,"""저 유형은……희귀한 녀석인가"""
EnemyBoost#39,"""……조심해.<br>불길한 포톤이다"""
DestroyEnemy1#39,"""다음."""
DestroyEnemy2#39,"""별것 아니군요."""
CondFreeze#39,"""동결 상태라고……"""
CondBurn#39,"""아무래도 뜨겁군……"""
CondShock#39,"""흐음……<br>이렇게 감전되면 성가시군"""
CondPoison#39,"""쳇, 독인가……!"""
CondPanic#39,"""의식이 혼탁해진다……"""
CondStan#39,"""움직임이 봉쇄됐어……!?"""
CondMirage#39,"""조준이 흔들리는군……"""
Die#39,"""이런 곳에서 쓰러질 수는……"""
ThankHeal#39,"""도움이 되는군"""
ThankBuff#39,"""고맙다."""
ThankCure#39,"""번거롭게 했군."""
DefeatEnemy#39,"""이 일대는 정리됐나"""
LevelUp#39,"""느낌 좋군"""
InvokeSkill1#37,"""놓치지 않는다"""
InvokeSkill2#35,"""단숨에 끝낸다!"""
InvokeSkill3#33,"""라피, 부탁한다!"""
TechFire#14,"""불타라."""
TechIce#15,"""얼음이여"""
TechThunder#16,"""번개여."""
TechWind#14,"""바람이여."""
TechLight#17,"""빛이여."""
TechDark#15,"""어둠이여."""
PBFull#38,"""힘을 쓸 때가 왔나"""
PBRelease#39,"""모두를 지킨다. 그것이 내 사명이다"""
Avoid#39,"""핫!"""
HealSelf#39,"""아슬아슬했군."""
BuffSelf#39,"""봐주지 않는다"""
HealOther#39,"""방심하지 마라"""
BuffOther#39,"""태세를 정비해라"""
QuestStart1#39,"""임무를 시작한다."""
QuestEnd1#39,"""역시 대단하군."""
IncidentStart#39,"""이 기척……무엇이 오지"""
IncidentSuccess#39,"""적절한 대응이었군"""
IncidentFailure#39,"""……반성할 점이 많군"""
PSE#39,"""이건……PSE인가"""
PSELevelUp#39,"""포톤이 활성화되고 있다"""
PSEBurst#39,"""이것이 PSE의 최종 단계인가"""
HP30#39,"""대미지를 너무 많이 받았나"""
HP10#39,"""이 이상은 아무래도 위험해……"""
ItemRare#39,"""흐음, 희귀한 물건인 듯하군"""
DamageSmall#39,"""큿"""
DamageMiddle#39,"""위험해"""
DamageLarge#39,"""꺄악!"""
Trap#39,"""함정이라고!"""
ThankTrapRescue#39,"""번거롭게 했군."""
TrapRescueOther#39,"""괜찮나?"""
MemberDamaged#39,"""무리하지 마라."""
MemberDead#39,"""……내가 한심한 탓에"""
AbilityExe#39,"""흐음, 몸이 가볍군"""
AbilitySpecial#39,"""포톤이 몸에 익는군"""
Resurrect#39,"""……멈춰 설 수는 없어"""
PartyJoin#48,"""/ci2 1 잘 부탁한다"""
Marvelous#39,"""이것이 네 힘인가"""
IncidentJsApcBegin#42,"""/ci2 1 <%me>.<br>미안하지만 도와줄 수 있나?"""
IncidentJsApcFailure#39,"""……나도 참 꼴사납군.<br>미안하지만 먼저 물러나겠다."""
IncidentJsApcSuccess#42,"""/ci2 1 역시 대단하군. 소문 이상이다.<br>너에게 부탁하길 잘했군."""
IncidentJsApcBeginEvo#41,"""/ci1 1 끝났나……?<br>……아니, 아직 더 오는군.<br>조금만 더 어울려 주겠나?"""
EnemyWeak#40,"""이 정도 녀석이라면!"""
EnemyLarge#40,"""쳇, 대형인가!"""
EnemyBoss#40,"""상대가 강적이라도!"""
EnemyRare#40,"""오, 희귀한 녀석이잖아!"""
EnemyBoost#40,"""이 녀석……보통이 아니야!"""
DestroyEnemy1#40,"""우선 하나!"""
DestroyEnemy2#40,"""방해하지 마라!"""
DestroyEnemy3#38,"""다음!"""
CondFreeze#40,"""큭……동결인가……!"""
CondBurn#40,"""연소……!?"""
CondShock#40,"""몸이 저려서……!"""
CondPoison#40,"""이런 독 따위에……!"""
CondPanic#40,"""안 돼. 머리가 혼란스러워……"""
CondStan#40,"""큭, 몸이……움직이지 않아……"""
CondMirage#40,"""시야가 이상해……!?"""
Die#40,"""꼴이 말이 아니네……<br>내가 할 수밖에 없다니……하하"""
ThankHeal#40,"""감사해!"""
ThankBuff#40,"""고마워!"""
ThankCure#40,"""후우, 살았다!"""
DefeatEnemy#40,"""자, 다음으로 가자!"""
LevelUp#40,"""축하한다!"""
InvokeSkill1#38,"""이거라면!"""
InvokeSkill2#36,"""어림없어!"""
InvokeSkill3#34,"""어떠냐!"""
TechFire#15,"""받아라!"""
TechIce#16,"""가라!"""
TechThunder#17,"""이거라면!"""
TechWind#15,"""어떠냐!"""
TechLight#18,"""그렇게 둘까 보냐!"""
TechDark#16,"""어림없어!"""
PBFull#39,"""이 기회는 놓치지 않아!"""
PBRelease#40,"""우오오!!"""
Avoid#40,"""흥!"""
HealSelf#40,"""위험했어!"""
BuffSelf#40,"""만전의 상태로 도전해야 해!"""
HealOther#40,"""무리하면 안 돼!"""
BuffOther#40,"""지금 엄호할게!"""
QuestStart1#40,"""좋아, 힘내자!"""
QuestEnd1#40,"""잘된 것 같아!"""
IncidentStart#40,"""이 기척……뭔가 온다!"""
IncidentSuccess#40,"""후우, 다행이다.<br>어떻게든 해결된 모양이야."""
IncidentFailure#40,"""……으음, 뭐가 잘못됐을까."""
PSE#40,"""이건……PSE?"""
PSELevelUp#40,"""좀 더 계속하자!"""
PSEBurst#40,"""왔다……!<br>PSE 버스트다!"""
HP30#40,"""이대로는……위험해"""
HP10#40,"""아직 당할 수는……"""
ItemRare#40,"""오, 좋은 걸 찾았네!"""
DamageSmall#40,"""윽"""
DamageMiddle#40,"""크윽!"""
DamageLarge#40,"""우왓!"""
Trap#40,"""뭐, 함정!?"""
ThankTrapRescue#40,"""아, 고마워, 살았어"""
TrapRescueOther#40,"""조심해서 가자!"""
MemberDamaged#40,"""무리하면 안 돼!"""
MemberDead#40,"""……감히 내 동료를!"""
AbilityExe#40,"""슬슬 기세가 오르는 느낌이야!"""
AbilitySpecial#40,"""이 기세로 밀어붙인다!"""
Resurrect#40,"""……미안, 방심했어"""
PartyJoin#49,"""/ci2 1 잘 부탁드립니다!"""
Marvelous#40,"""역시 대단해!"""
IncidentJsApcBegin#43,"""/ci2 1 앗, 죄송합니다!<br>적이 조금 많아서<br>도와주시겠어요?"""
IncidentJsApcFailure#40,"""아야……저질렀다……<br>먼저 물러날게요, 죄송합니다!"""
IncidentJsApcSuccess#43,"""/ci2 1 좋아, 대성공!<br>정말 감사합니다!"""
IncidentJsApcBeginEvo#42,"""/ci5 2 이걸로 끝……날 것 같은<br>분위기는 아닌 것 같아……!"""
EnemyWeak#41,"""약한 녀석 괴롭히는 건 싫은데."""
EnemyLarge#41,"""크기만 한 거라면 무섭지 않아."""
EnemyBoss#41,"""제법 상대할 맛 나겠네."""
EnemyRare#41,"""흐음, 이런 곳에도<br>있는 거구나."""
EnemyBoost#41,"""저 형태는… 광폭화?"""
DestroyEnemy1#41,"""다음으로 가자."""
DestroyEnemy2#41,"""이 정도야?"""
DestroyEnemy3#39,"""끝이야."""
CondFreeze#41,"""동결 따위…!"""
CondBurn#41,"""이 정도 열은…!"""
CondShock#41,"""큭, 몸이 저려도…!"""
CondPoison#41,"""윽… 독이라 해도…!"""
CondPanic#41,"""으으, 시야가 빙빙 돌아…<br>그래도…!"""
CondStan#41,"""움직임 봉쇄…?<br>귀찮은 짓을…!"""
CondMirage#41,"""시각을 봉쇄했어…!"""
Die#41,"""결국… 나는…"""
ThankHeal#41,"""감사는 해 둘게."""
ThankBuff#41,"""좋은 판단이네."""
ThankCure#41,"""이제야 진정됐어."""
DefeatEnemy#41,"""대충 다 정리됐나?"""
LevelUp#41,"""뭐, 괜찮지 않아?"""
InvokeSkill1#39,"""난 만만하지 않아."""
InvokeSkill2#37,"""방해되는 건 날려 버릴 뿐."""
InvokeSkill3#35,"""얼른 거기서 비켜."""
PBFull#40,"""정말, 무모하다고 해야 할지…"""
PBRelease#41,"""자, 같이 가자."""
TacticsFree#20,"""내 마음대로 할게."""
TacticsGuard#20,"""공격할 기회를 노리는 거네."""
TacticsMassedAttack#20,"""집중해서 노린다…<br>합리적인 전술이네."""
TacticsAttack#20,"""어디를 보고 있는 거야?<br>난 여기야."""
Avoid#41,"""느려."""
HealSelf#41,"""아쉬웠네."""
BuffSelf#41,"""빈틈없이 갈게."""
HealOther#41,"""회복을 잊지 마."""
BuffOther#41,"""보조도 무시할 순 없어."""
QuestStart1#41,"""자, 가자."""
QuestStart2#14,"""또 함께네.<br>뭐, 너와 함께라면<br>편하니까 괜찮지만."""
QuestEnd1#41,"""이 정도지?"""
QuestEnd2#18,"""뭐, 나랑 함께였으니까.<br>나름 열심히 했다고는 생각해."""
IncidentStart#41,"""뭔가 오는 건가?"""
IncidentSuccess#41,"""흐음, 성공한 모양이네."""
IncidentFailure#41,"""난 상관없으니까."""
PSE#41,"""이게 PSE라는 거야?"""
PSELevelUp#41,"""뭔가 계속되고 있지 않아?"""
PSEBurst#41,"""흐음… 이게 버스트.<br>포톤이 활성화된 상태구나."""
HP30#41,"""이제부터 진심이야."""
HP10#41,"""…이 정도까지 몰리다니."""
ItemRare#41,"""난 딱히 갖고 싶지 않아."""
DamageSmall#41,"""큭!"""
DamageMiddle#41,"""으윽"""
DamageLarge#41,"""으악!"""
Trap#41,"""이 정도 함정에…<br>바보 같아."""
ThankTrapRescue#41,"""감사는 할게."""
TrapRescueOther#41,"""번거롭게 하지 마."""
MemberDamaged#41,"""무리는 금물.<br>일단 물러나는 게 어때?"""
MemberDead#41,"""…난 상관없어.<br>그래도…!"""
AbilityExe#41,"""/toge 이 기세라면… 할 수 있어."""
AbilitySpecial#41,"""/toge 나한테 맡겨."""
Resurrect#41,"""…아직 죽을 순 없어."""
PartyJoin#50,"""/ci1 1 한가했으니까."""
Marvelous#41,"""……마리아가 좋아하겠군"""
IncidentJsApcBegin#44,"""/toge /ci3 1 ...정말 못 봐주겠네!<br>도와줄 테니 얼른<br>이 녀석들을 처리하자!"""
IncidentJsApcFailure#41,"""으음... 나도 아직 미숙한가 봐.<br>미안해, 먼저 물러날게."""
IncidentJsApcSuccess#44,"""/ci2 2 한 건 끝났네.<br>...난 이제 갈 테니까<br>너무 무리하지 마."""
IncidentJsApcBeginEvo#43,"""/ci1 1 응……?\u3000이런, 이런<br>아무래도 아직 끝난 건<br>아닌 모양이네."""
EnemyWeak#42,"""우리의 적은 아니군"""
EnemyLarge#42,"""대형인가"""
EnemyBoss#42,"""강적인 것 같군"""
EnemyRare#42,"""저 유형은……희귀한 녀석인가"""
EnemyBoost#42,"""……조심해.<br>불길한 포톤이다"""
DestroyEnemy1#42,"""다음."""
DestroyEnemy2#42,"""별것 아니군요."""
CondFreeze#42,"""동결 상태라고……"""
CondBurn#42,"""아무래도 뜨겁군……"""
CondShock#42,"""흐음……<br>이렇게 감전되면 성가시군"""
CondPoison#42,"""쳇, 독인가……!"""
CondPanic#42,"""의식이 혼탁해진다……"""
CondStan#42,"""움직임이 봉쇄됐어……!?"""
CondMirage#42,"""조준이 흔들리는군……"""
Die#42,"""이런 곳에서 쓰러질 수는……"""
ThankHeal#42,"""도움이 되는군"""
ThankBuff#42,"""고맙다."""
ThankCure#42,"""번거롭게 했군."""
DefeatEnemy#42,"""이 일대는 정리됐나"""
LevelUp#42,"""느낌 좋군"""
InvokeSkill1#40,"""놓치지 않는다"""
InvokeSkill2#38,"""단숨에 끝낸다!"""
InvokeSkill3#36,"""라피, 부탁한다!"""
TechFire#16,"""불타라."""
TechIce#17,"""얼음이여"""
TechThunder#18,"""번개여."""
TechWind#16,"""바람이여."""
TechLight#19,"""빛이여."""
TechDark#17,"""어둠이여."""
PBFull#41,"""힘을 쓸 때가 왔나"""
PBRelease#42,"""모두를 지킨다. 그것이 내 사명이다"""
Avoid#42,"""핫!"""
HealSelf#42,"""아슬아슬했군."""
BuffSelf#42,"""봐주지 않는다"""
HealOther#42,"""방심하지 마라"""
BuffOther#42,"""태세를 정비해라"""
QuestStart1#42,"""임무를 시작한다."""
QuestEnd1#42,"""역시 대단하군."""
IncidentStart#42,"""이 기척……무엇이 오지"""
IncidentSuccess#42,"""적절한 대응이었군"""
IncidentFailure#42,"""……반성할 점이 많군"""
PSE#42,"""이건……PSE인가"""
PSELevelUp#42,"""포톤이 활성화되고 있다"""
PSEBurst#42,"""이것이 PSE의 최종 단계인가"""
HP30#42,"""대미지를 너무 많이 받았나"""
HP10#42,"""이 이상은 아무래도 위험해……"""
ItemRare#42,"""흐음, 희귀한 물건인 듯하군"""
DamageSmall#42,"""큿"""
DamageMiddle#42,"""위험해"""
DamageLarge#42,"""꺄악!"""
Trap#42,"""함정이라고!"""
ThankTrapRescue#42,"""번거롭게 했군."""
TrapRescueOther#42,"""괜찮나?"""
MemberDamaged#42,"""무리하지 마라."""
MemberDead#42,"""……내가 한심한 탓에"""
AbilityExe#42,"""흐음, 몸이 가볍군"""
AbilitySpecial#42,"""포톤이 몸에 익는군"""
Resurrect#42,"""……멈춰 설 수는 없어"""
PartyJoin#51,"""/ci2 1 잘 부탁한다"""
Marvelous#42,"""이것이 네 힘인가"""
IncidentJsApcBegin#45,"""/ci2 1 <%me>.<br>미안하지만 도와줄 수 있나?"""
IncidentJsApcFailure#42,"""……나도 참 꼴사납군.<br>미안하지만 먼저 물러나겠다."""
IncidentJsApcSuccess#45,"""/ci2 1 역시 대단하군. 소문 이상이다.<br>너에게 부탁하길 잘했군."""
IncidentJsApcBeginEvo#44,"""/ci1 1 끝났나……?<br>……아니, 아직 더 오는군.<br>조금만 더 어울려 주겠나?"""
EnemyWeak#43,"""이 정도 녀석이라면!"""
EnemyLarge#43,"""쳇, 대형인가!"""
EnemyBoss#43,"""상대가 강적이라도!"""
EnemyRare#43,"""오, 희귀한 녀석이잖아!"""
EnemyBoost#43,"""이 녀석……보통이 아니야!"""
DestroyEnemy1#43,"""우선 하나!"""
DestroyEnemy2#43,"""방해하지 마라!"""
DestroyEnemy3#40,"""다음!"""
CondFreeze#43,"""큭……동결인가……!"""
CondBurn#43,"""연소……!?"""
CondShock#43,"""몸이 저려서……!"""
CondPoison#43,"""이런 독 따위에……!"""
CondPanic#43,"""안 돼. 머리가 혼란스러워……"""
CondStan#43,"""큭, 몸이……움직이지 않아……"""
CondMirage#43,"""시야가 이상해……!?"""
Die#43,"""꼴이 말이 아니네……<br>내가 할 수밖에 없다니……하하"""
ThankHeal#43,"""감사해!"""
ThankBuff#43,"""고마워!"""
ThankCure#43,"""후우, 살았다!"""
DefeatEnemy#43,"""자, 다음으로 가자!"""
LevelUp#43,"""축하한다!"""
InvokeSkill1#41,"""이거라면!"""
InvokeSkill2#39,"""어림없어!"""
InvokeSkill3#37,"""어떠냐!"""
TechFire#17,"""받아라!"""
TechIce#18,"""가라!"""
TechThunder#19,"""이거라면!"""
TechWind#17,"""어떠냐!"""
TechLight#20,"""그렇게 둘까 보냐!"""
TechDark#18,"""어림없어!"""
PBFull#42,"""이 기회는 놓치지 않아!"""
PBRelease#43,"""우오오!!"""
Avoid#43,"""흥!"""
HealSelf#43,"""위험했어!"""
BuffSelf#43,"""만전의 상태로 도전해야 해!"""
HealOther#43,"""무리하면 안 돼!"""
BuffOther#43,"""지금 엄호할게!"""
QuestStart1#43,"""좋아, 힘내자!"""
QuestEnd1#43,"""잘된 것 같아!"""
IncidentStart#43,"""이 기척……뭔가 온다!"""
IncidentSuccess#43,"""후우, 다행이다.<br>어떻게든 해결된 모양이야."""
IncidentFailure#43,"""……으음, 뭐가 잘못됐을까."""
PSE#43,"""이건……PSE?"""
PSELevelUp#43,"""좀 더 계속하자!"""
PSEBurst#43,"""왔다……!<br>PSE 버스트다!"""
HP30#43,"""이대로는……위험해"""
HP10#43,"""아직 당할 수는……"""
ItemRare#43,"""오, 좋은 걸 찾았네!"""
DamageSmall#43,"""윽"""
DamageMiddle#43,"""크윽!"""
DamageLarge#43,"""우왓!"""
Trap#43,"""뭐, 함정!?"""
ThankTrapRescue#43,"""아, 고마워, 살았어"""
TrapRescueOther#43,"""조심해서 가자!"""
MemberDamaged#43,"""무리하면 안 돼!"""
MemberDead#43,"""……감히 내 동료를!"""
AbilityExe#43,"""슬슬 기세가 오르는 느낌이야!"""
AbilitySpecial#43,"""이 기세로 밀어붙인다!"""
Resurrect#43,"""……미안, 방심했어"""
PartyJoin#52,"""/ci2 1 잘 부탁드립니다!"""
Marvelous#43,"""역시 대단해!"""
IncidentJsApcBegin#46,"""/ci2 1 앗, 죄송합니다!<br>적이 조금 많아서<br>도와주시겠어요?"""
IncidentJsApcFailure#43,"""아야……저질렀다……<br>먼저 물러날게요, 죄송합니다!"""
IncidentJsApcSuccess#46,"""/ci2 1 좋아, 대성공!<br>정말 감사합니다!"""
IncidentJsApcBeginEvo#45,"""/ci5 2 이걸로 끝……날 것 같은<br>분위기는 아닌 것 같아……!"""
EnemyWeak#44,"""참치참치"""
EnemyLarge#44,"""주토로호의 먹이가 되어라, 참치!"""
EnemyBoss#44,"""/toge 거물이 왔다, 참치!<br>반드시 잡는다, 참치!"""
EnemyRare#44,"""별미 출현이다, 참치!"""
EnemyBoost#44,"""유전자 변형 참치인가?"""
DestroyEnemy1#44,"""회다, 참치!"""
DestroyEnemy2#44,"""조림이다, 참치!"""
DestroyEnemy3#41,"""머리 구이다, 참치!"""
CondFreeze#44,"""어, 언다, 참치……"""
CondBurn#44,"""너무 구웠다, 참치!<br>겉만 살짝 익히면 된다, 참치!"""
CondShock#44,"""전기 어업은 맛이 떨어진다, 참치……"""
CondPoison#44,"""독어의 동료가 됐다, 참치……"""
CondPanic#44,"""참치는 평생 계속 헤엄친다, 참치!<br>빙글빙글 빙글빙글 돈다, 참치~"""
CondStan#44,"""도마 위의 참치다, 참치"""
CondMirage#44,"""마구 휘두르면 언젠간 맞는다, 참치!"""
Die#44,"""아윽……신선도가 생명이다, 참치……"""
ThankHeal#44,"""팔팔하게 돌아왔다, 참치!"""
ThankBuff#44,"""주토로호도 기분 좋다, 참치!"""
ThankCure#44,"""고맙다, 참치!"""
DefeatEnemy#44,"""깨끗해졌다, 참치!"""
LevelUp#44,"""축하한다, 참치!\u3000주토로호도<br>“꾸준히 노력한 결실, 자랑해도 좋다”고<br>말한다, 참치!"""
InvokeSkill1#42,"""생선 완자가 되어라, 참치!"""
InvokeSkill2#40,"""참치 어택!"""
InvokeSkill3#38,"""외줄낚시다, 참치!"""
PBFull#43,"""준비는 순조롭다, 참치!"""
PBRelease#44,"""오라!\u3000참치 대명신!"""
Avoid#44,"""참칫!?"""
HealSelf#44,"""맛있어져라, 참치참치"""
BuffSelf#44,"""주토로호, 파워 업이다, 참치!"""
HealOther#44,"""기운이 난다, 참치!"""
BuffOther#44,"""한몫해 줘야겠다, 참치!"""
QuestStart1#44,"""환상의 참치 통조림을 찾으러 가나, 참치?"""
QuestEnd1#44,"""보상은 뭘 받나, 참치?"""
IncidentStart#44,"""주토로호가 경고한다, 참치!<br>조심해라, 참치"""
IncidentSuccess#44,"""참치 전사에게 걸리면<br>별것 아니다, 참치"""
IncidentFailure#44,"""참치이이……"""
PSE#44,"""주토로호가 “PSE가 도래했다”고<br>말한다, 참치"""
PSELevelUp#44,"""PSE가 뭐 어쨌나, 참치?"""
PSEBurst#44,"""PSE 버스트다, 참치!<br>그거 맛있나, 참치?"""
HP30#44,"""흐물흐물해지기 시작했다, 참치……"""
HP10#44,"""주토로호의 방패도 이제 한계다, 참치!"""
ItemRare#44,"""레어레어, 참치참치, 참치이♪"""
DamageSmall#44,"""파 참치 꼬치!"""
DamageMiddle#44,"""속이 나온다, 참치!"""
DamageLarge#44,"""/toge 너무하다, 참치!"""
Trap#44,"""주토로호……<br>먹혀 버리는 건가, 참치?"""
ThankTrapRescue#44,"""주토로호의 생명의 은인이다, 참치!"""
TrapRescueOther#44,"""괜찮나, 참치?<br>함정은 무섭구나, 참치……"""
MemberDamaged#44,"""/toge 정신 차려라, 참치!"""
MemberDead#44,"""주토로호가<br>“죽다니 한심하군”이라고<br>말한다, 참치……"""
AbilityExe#44,"""오늘 신선도는 최고다, 참치!"""
AbilitySpecial#44,"""/toge 참치 전사의 진심……<br>보여 주겠다, 참치!"""
Resurrect#44,"""참치 전사는<br>몇 번이고 되살아난다, 참치!"""
PartyJoin#53,"""/ci1 1 바닷속은 맡겨라, 참치!"""
Marvelous#44,"""물 만난 참치 같다, 참치!"""
IncidentJsApcBegin#47,"""/ci2 2 때마침 배가 왔다, 참치!<br>조금 애먹는 임무를<br>도와줬으면 한다, 참치!"""
IncidentJsApcFailure#44,"""참치 대명신에게<br>버림받은 건가, 참치……?"""
IncidentJsApcSuccess#47,"""/ci2 1 역시 나와 주토로호가 인정한<br>참치 전사다, 참치!"""
IncidentJsApcBeginEvo#46,"""/ci3 2 으음?<br>참치 전사의 싸움은 계속되나, 참치……"""
EnemyWeak#45,"""이 정도라면 괜찮아……!"""
EnemyLarge#45,"""힘내야 해……!"""
EnemyBoss#45,"""저런 건 무리야……<br>피지, 지스, 부탁해!"""
EnemyRare#45,"""저기 피지, 이것 좀 봐!<br>지스, 저거 레어 맞지?"""
EnemyBoost#45,"""강해 보여……<br>피지와 지스도 도와줘!"""
DestroyEnemy1#45,"""이걸로 끝!"""
DestroyEnemy2#45,"""쓰러뜨려서 다행이야"""
DestroyEnemy3#42,"""이제 없지……?"""
CondFreeze#45,"""도, 도와……뭐!?<br>피지와 지스도 얼어 버렸어?"""
CondBurn#45,"""싫어!\u3000뜨거워!"""
CondShock#45,"""저, 저려서……아앗!"""
CondPoison#45,"""괴로워……"""
CondPanic#45,"""여기가 저기고, 저기가……<br>똑바로 갈 수가 없어"""
CondStan#45,"""움직일 수 없게 된 것 같아요……"""
CondMirage#45,"""제대로 맞힐 수 없어……"""
Die#45,"""여기까지인가……"""
ThankHeal#45,"""감사합니다.<br>살았습니다"""
ThankBuff#45,"""저 같은 사람에게 줘도 되나요?"""
ThankCure#45,"""피지가 재촉한 것 같아서<br>죄송해요……"""
DefeatEnemy#45,"""이걸로 한시름 놓았네요"""
LevelUp#45,"""축하드려요!"""
InvokeSkill1#43,"""노리겠습니다!"""
InvokeSkill2#41,"""떨어지세요!"""
InvokeSkill3#39,"""미안해!"""
PBFull#44,"""준비됐습니다"""
PBRelease#45,"""힘을 빌려줘!"""
Avoid#45,"""꺄악!"""
HealSelf#45,"""피지도 지스도 걱정하지 마.<br>봐, 괜찮으니까"""
BuffSelf#45,"""피지, 도와줘"""
HealOther#45,"""지금 치료할게요"""
BuffOther#45,"""저는 이 정도밖에<br>할 수 없지만……"""
QuestStart1#45,"""빠뜨린 물건은 없는지<br>걱정되기 시작해……"""
QuestEnd1#45,"""수고하셨습니다."""
IncidentStart#45,"""무슨 일이죠?<br>지스를 보내 살펴볼까요?"""
IncidentSuccess#45,"""아무 일 없이 끝나서 다행이야……"""
IncidentFailure#45,"""죄송해요, 죄송해요!<br>제가 발목을 잡아서……!"""
PSE#45,"""PSE예요!"""
PSELevelUp#45,"""PSE 레벨이 올랐습니다!"""
PSEBurst#45,"""PSE 버스트가 일어났어요!<br>리더, 어떻게 할까요?"""
HP30#45,"""조금 위험할지도……<br>지스, 지원 부탁해!"""
HP10#45,"""안 돼, 당하고 말 거야……"""
ItemRare#45,"""저……그 레어 아이템<br>만져 봐도 될까요?"""
DamageSmall#45,"""왓"""
DamageMiddle#45,"""으윽……!"""
DamageLarge#45,"""꺄악!"""
Trap#45,"""거짓말……왜 저만?<br>피지도 지스도 함정인 걸<br>알았다면 말해 줬어야지!"""
ThankTrapRescue#45,"""저, 정말 안 되죠……"""
TrapRescueOther#45,"""다친 곳은 없나요?<br>도움이 되어 다행입니다"""
MemberDamaged#45,"""괜찮으세요!?"""
MemberDead#45,"""제가……제가 제대로<br>지원했더라면……!"""
AbilityExe#45,"""후후, 오늘은 잘할 수 있을 것 같아요"""
AbilitySpecial#45,"""우리의 삼위일체 파워……<br>피지, 지스, 간다!"""
Resurrect#45,"""응……이제 괜찮아"""
PartyJoin#54,"""/ci1 1 최, 최선을 다하겠습니다……!"""
Marvelous#45,"""와……!<br>눈을 빼앗길 것 같아"""
IncidentJsApcBegin#48,"""/ci4 2 죄송해요, 조금 고전 중이라……<br>리더가 도와주신다면<br>정말 든든할 것 같은데……"""
IncidentJsApcFailure#45,"""잘하지 못해서 죄송해요……"""
IncidentJsApcSuccess#48,"""/ci2 1 감사합니다!<br>리더를 만나서 다행이에요……"""
IncidentJsApcBeginEvo#47,"""/ci3 1 증원……?<br>죄송하지만 계속 부탁드려요!"""
EnemyWeak#46,"""맡겨 주십시오!"""
EnemyLarge#46,"""크군요"""
EnemyBoss#46,"""/toge 돌격을 감행하겠습니다!"""
EnemyRare#46,"""으음?<br>저건 뭡니까?"""
EnemyBoost#46,"""강적이군요……<br>경계하며 돌격하겠습니다!"""
DestroyEnemy1#46,"""대상의 침묵을 확인!"""
DestroyEnemy2#46,"""훈련조차 되지 않는군요"""
DestroyEnemy3#43,"""저는 하면 되는 아이입니다!"""
CondFreeze#46,"""추, 추운 것입니닷……"""
CondBurn#46,"""아야!\u3000불타고 있어!"""
CondShock#46,"""찌릿찌릿합니다!"""
CondPoison#46,"""모, 몸이 무겁습니다……"""
CondPanic#46,"""빙글빙글 도는 것입니닷"""
CondStan#46,"""아야, 움직일 수 없습니다……"""
CondMirage#46,"""조준이 맞지 않습니다……!"""
Die#46,"""야스미노코프 8000C……<br>격파됐습니다……"""
ThankHeal#46,"""감사합니다!"""
ThankBuff#46,"""힘이 솟아납니다!"""
ThankCure#46,"""야스미노코프 8000C<br>이상 없습니다!"""
DefeatEnemy#46,"""제압 완료했습니다!"""
LevelUp#46,"""축하드립니다!<br>저도 힘내야겠군요!"""
InvokeSkill1#44,"""탄 걸림이 없기를!"""
InvokeSkill2#42,"""쏘겠습니다!"""
InvokeSkill3#40,"""파이어!"""
PBFull#45,"""충전 완료했습니다!"""
PBRelease#46,"""원군을 투입하겠습니다!"""
Avoid#46,"""아야!"""
HealSelf#46,"""응급 처치를……"""
BuffSelf#46,"""갑니다!"""
HealOther#46,"""이제 괜찮습니다"""
BuffOther#46,"""엄호하겠습니다!"""
QuestStart1#46,"""Sir, yes sir입니다!"""
QuestEnd1#46,"""임무 완료했습니다!"""
IncidentStart#46,"""으음!\u3000긴급 사태입니까?<br>급행하겠습니다!"""
IncidentSuccess#46,"""처리 완료군요.<br>무사해서 다행입니다!"""
IncidentFailure#46,"""상황, 개선되지 않음……<br>다음엔 꼭 성공시키죠!"""
PSE#46,"""PSE 같아요"""
PSELevelUp#46,"""PSE가 오고 있어요……!"""
PSEBurst#46,"""PSE 버스트!<br>이 틈에 돌격하겠습니다!"""
HP30#46,"""손상 레벨, 옐로……<br>위험 영역입니다……!"""
HP10#46,"""소, 손상 레벨, 레드……<br>도와주세요……"""
ItemRare#46,"""보물을 얻었습니다!"""
DamageSmall#46,"""아얏!"""
DamageMiddle#46,"""아프잖아요!"""
DamageLarge#46,"""아, 아직 멀었습니다!"""
Trap#46,"""붙잡혀 버렸습니다……"""
ThankTrapRescue#46,"""번거롭게 해 드려<br>죄송합니다……"""
TrapRescueOther#46,"""함정 해제는<br>병사의 기본 기술입니다!"""
MemberDamaged#46,"""위험한 상태라면<br>대피하십시오!"""
MemberDead#46,"""으으, 상황 판단을 잘못했습니다……"""
AbilityExe#46,"""왠지 상태가 좋습니다!"""
AbilitySpecial#46,"""전력으로 갈게요!"""
Resurrect#46,"""야스미노코프 8000C<br>전선에 복귀합니다!"""
PartyJoin#55,"""/ci1 1 야스미노코프 8000C<br>정위치에 착임니닷!<br>……앗. 또 실수했습니다……"""
Marvelous#46,"""아야!\u3000너무 대단합니다!"""
IncidentJsApcBegin#49,"""/ci2 2 저기, 리더님께 부탁이 있습니다!<br>조금 도와주셨으면 합니다!"""
IncidentJsApcFailure#46,"""으으, 이 이상은 위험합니다……<br>이탈하죠……"""
IncidentJsApcSuccess#49,"""/ci2 1 살았습니다!<br>역시 리더님입니다!"""
IncidentJsApcBeginEvo#48,"""/ci3 2 아직 끝나지 않은 모양이군요……<br>이대로 돌격하겠습니다!"""
EnemyWeak#47,"""놓칠 수도 없겠군"""
EnemyLarge#47,"""방심하지 말고 가자"""
EnemyBoss#47,"""마음 단단히 먹고 덤벼라!"""
EnemyRare#47,"""희귀종인가"""
EnemyBoost#47,"""성가신 상대다"""
DestroyEnemy1#47,"""용서해라"""
DestroyEnemy2#47,"""편히 쉬어라"""
DestroyEnemy3#44,"""생명의 순환으로 돌아가라"""
CondFreeze#47,"""크윽……추위에는 약하다……"""
CondBurn#47,"""/toge 누구냐!\u3000닭구이라고 한 놈은!"""
CondShock#47,"""저려서 뜻대로 움직일 수 없다……"""
CondPoison#47,"""독을 먹다니, 방심했군"""
CondPanic#47,"""시야가 잡히지 않는다……"""
CondStan#47,"""주술인가?\u3000움직일 수 없어……"""
CondMirage#47,"""맞지 않는다……"""
Die#47,"""방심……했나……<br>나도 아직 미숙하군……"""
ThankHeal#47,"""도움이 됐다"""
ThankBuff#47,"""고맙군"""
ThankCure#47,"""이 은혜는 활약으로 갚겠다"""
DefeatEnemy#47,"""안전은 확보한 모양이군"""
LevelUp#47,"""오오, 또 몰라보게 달라졌군!"""
InvokeSkill1#45,"""창이여, 베어라!"""
InvokeSkill2#43,"""땅에 떨어져라!"""
InvokeSkill3#41,"""내 창에서 벗어날 순 없다!"""
PBFull#46,"""힘은 가득 차고 때가 왔다!"""
PBRelease#47,"""강림하라!"""
Avoid#47,"""이런"""
HealSelf#47,"""치료는 일찍 해야 하니"""
BuffSelf#47,"""유비무환!"""
HealOther#47,"""지금 구하겠다"""
BuffOther#47,"""네게 가호를 내리겠다"""
QuestStart1#47,"""전사인 나의 피가 끓어오른다!"""
QuestEnd1#47,"""임무는 이걸로 끝인가?"""
IncidentStart#47,"""긴급 사태인가……<br>당황하지 말고 대처를 생각해라"""
IncidentSuccess#47,"""훌륭한 지휘였다!"""
IncidentFailure#47,"""예상 밖의 사태에 대처하는 법을<br>배워야겠군"""
PSE#47,"""PSE가 시작됐다"""
PSELevelUp#47,"""PSE가 순조롭게 오르고 있군"""
PSEBurst#47,"""/toge PSE 버스트다!<br>몰아붙이자!"""
HP30#47,"""피로가 쌓이기 시작했나……"""
HP10#47,"""아니, 아직 견딜 수 있다!"""
ItemRare#47,"""그걸 팔아 호화로운 연회를 열자!<br>하하, 농담이다"""
DamageSmall#47,"""으음!"""
DamageMiddle#47,"""방심했다"""
DamageLarge#47,"""이 정도쯤!"""
Trap#47,"""함정에 빠지다니, 나답지 않군……"""
ThankTrapRescue#47,"""살았다, 감사한다"""
TrapRescueOther#47,"""정말, 함정은 죄 많은 물건이군"""
MemberDamaged#47,"""내 뒤로 대피해서<br>태세를 정비해라!"""
MemberDead#47,"""그 희생, 헛되게 하지 않겠다!"""
AbilityExe#47,"""이 날개에 넘치는 힘을<br>모두 일격에 담겠다!"""
AbilitySpecial#47,"""비상난무, 받아 보아라!"""
Resurrect#47,"""내 날개는 아직 꺾이지 않았다……<br>자, 재전이다!"""
PartyJoin#56,"""/ci1 1 알겠다, 힘이 되어 주지"""
Marvelous#47,"""하하, 상쾌하군<br>훌륭하다!"""
IncidentJsApcBegin#50,"""/ci2 2 하하하, 운이 좋군!<br>조금 고전 중이라……<br>토벌을 도와주지 않겠나?"""
IncidentJsApcFailure#47,"""물러날 때를 잘 살펴라.<br>이 이상은 무모하다"""
IncidentJsApcSuccess#50,"""/ci2 1 음, 훌륭했다!<br>협력에 감사한다"""
IncidentJsApcBeginEvo#49,"""/ci3 1 증원인 모양이다.<br>자, 다시 함께 싸우자!"""
EnemyWeak#48,"""귀찮게 구는군"""
EnemyLarge#48,"""조금은 할 줄 알겠지?"""
EnemyBoss#48,"""좋은데, 피가 끓어올라"""
EnemyRare#48,"""당연히 강하겠지?"""
EnemyBoost#48,"""칼날이 근질거리는군……!"""
DestroyEnemy1#48,"""별것 아니군요."""
DestroyEnemy2#48,"""방해야"""
DestroyEnemy3#45,"""좀 더 싸울 맛 나는 놈은 없나"""
CondFreeze#48,"""춥군……"""
CondBurn#48,"""집념에 몸을 불태운 나한텐<br>잘 어울리겠지"""
CondShock#48,"""이 정도 방해로<br>날 막을 수 있을 것 같나!"""
CondPoison#48,"""속이 안 좋군……"""
CondPanic#48,"""젠장!\u3000숙취인가……?"""
CondStan#48,"""멈춰 있을 수는 없어!"""
CondMirage#48,"""맞히지 못하는 건<br>내가 미숙해서인가……?"""
Die#48,"""큭……또인가……"""
ThankHeal#48,"""고맙다"""
ThankBuff#48,"""남의 힘에 기대는 건<br>내키지 않지만"""
ThankCure#48,"""내버려 둬도 됐는데?"""
DefeatEnemy#48,"""여긴 이제 볼일 없어<br>다음으로 가자"""
LevelUp#48,"""또 하나……강해진 모양이군"""
InvokeSkill1#46,"""부서져라!"""
InvokeSkill2#44,"""죽어라!"""
InvokeSkill3#42,"""받아라!"""
PBFull#47,"""오오오오오!\u3000왔다!"""
PBRelease#48,"""/toge 이게 내 힘이다!!"""
Avoid#48,"""맞을 것 같냐"""
HealSelf#48,"""뭐, 일단은"""
BuffSelf#48,"""내키진 않지만……"""
HealOther#48,"""넌 죽으면 끝이니까"""
BuffOther#48,"""너한텐 필요하겠지"""
QuestStart1#48,"""검을 휘두르는……<br>이 순간만은 무념이 될 수 있어"""
QuestEnd1#48,"""이 한 걸음이 목표로 가는 길이 된다"""
IncidentStart#48,"""성가신 일은 빨리 끝내자고"""
IncidentSuccess#48,"""질 리가 없잖아"""
IncidentFailure#48,"""한심하군……"""
PSE#48,"""PSE?\u3000그게 뭐야"""
PSELevelUp#48,"""아까부터 시끄럽군"""
PSEBurst#48,"""PSE인지 뭔진 몰라도<br>그런 건 아무래도 좋아!"""
HP30#48,"""문제없어"""
HP10#48,"""죽어도 다시 살아날 테니까"""
ItemRare#48,"""메세타로 바꿔서 한잔하자고"""
DamageSmall#48,"""큭!"""
DamageMiddle#48,"""젠장!"""
DamageLarge#48,"""으악!"""
Trap#48,"""함정이라고?"""
ThankTrapRescue#48,"""수고 끼쳤군"""
TrapRescueOther#48,"""실수하지 말라고"""
MemberDamaged#48,"""/toge 죽지 마!"""
MemberDead#48,"""멍청한 녀석……"""
AbilityExe#48,"""흐흐, 기분 나쁘진 않군"""
AbilitySpecial#48,"""몸이 녹슬어도 칼날은 무뎌지지 않는다!<br>일섬에 쓰러뜨려 주마!"""
Resurrect#48,"""또 살아나 버렸군……"""
PartyJoin#57,"""/ci1 1 몇 번이나 죽어 본 내가 알려 주지.<br>죽는 게 뭔지 말이야"""
Marvelous#48,"""솜씨가 좋군.<br>그 기세로 부탁하지"""
IncidentJsApcBegin#51,"""/ci2 2 난 혼자서도 문제없지만<br>같이 싸우고 싶다면<br>따라와도 상관없다"""
IncidentJsApcFailure#48,"""상태가 영 아니군……<br>오늘은 이만 끝이다."""
IncidentJsApcSuccess#51,"""/ci2 1 훗……제법이군.<br>나쁘지 않았어"""
IncidentJsApcBeginEvo#50,"""/ci3 1 이런, 또 온 모양이군.<br>정중히 맞아 주도록 하지"""
EnemyWeak#49,"""제거하겠습니다"""
EnemyLarge#49,"""크기는 문제되지 않습니다"""
EnemyBoss#49,"""표적 발견.<br>처리하겠습니다"""
EnemyRare#49,"""특수 표적입니다.<br>신중하게 대응하죠"""
EnemyBoost#49,"""다른 것들과 달라……<br>조심해서 대응하세요"""
DestroyEnemy1#49,"""대응 완료했습니다"""
DestroyEnemy2#49,"""배제 종료"""
DestroyEnemy3#46,"""끝이에요."""
CondFreeze#49,"""얼어붙다니……"""
CondBurn#49,"""크윽, 불길이……"""
CondShock#49,"""문제……없습니다"""
CondPoison#49,"""이런 독 정도로……"""
CondPanic#49,"""제가 혼란에 빠지다니……"""
CondStan#49,"""지금은 움직일 수 없어도……!"""
CondMirage#49,"""큭, 눈속임인가요……"""
Die#49,"""…이런 곳에서…"""
ThankHeal#49,"""감사합니다."""
ThankBuff#49,"""살았어요."""
ThankCure#49,"""도와주셔서<br>감사합니다"""
DefeatEnemy#49,"""이 일대의 장애물은<br>모두 제거한 모양이군요"""
LevelUp#49,"""더 강해져 주세요."""
InvokeSkill1#47,"""……거기입니다"""
InvokeSkill2#45,"""놓치지 않겠습니다……!"""
InvokeSkill3#43,"""끝내도록 할까요."""
TechFire#18,"""불타 버리세요"""
TechIce#19,"""얼어붙으세요"""
TechThunder#20,"""꿰뚫리세요"""
TechWind#18,"""산산이 베이세요"""
TechLight#21,"""빛에 삼켜지세요"""
TechDark#19,"""어둠 속에 가라앉으세요"""
PBFull#48,"""준비, 완료했습니다"""
PBRelease#49,"""해방합니다."""
Avoid#49,"""안일하네요"""
HealSelf#49,"""아직 할 수 있습니다"""
BuffSelf#49,"""전투에는 준비가 필요합니다"""
HealOther#49,"""방심하지 마세요"""
BuffOther#49,"""준비는 철저하게"""
QuestStart1#49,"""임무를 시작합니다."""
QuestEnd1#49,"""임무, 완료입니다"""
IncidentStart#49,"""옵니다……<br>방심은 금물입니다"""
IncidentSuccess#49,"""자, 다음으로 가죠"""
IncidentFailure#49,"""방심했습니다……<br>죄송합니다"""
PSE#49,"""PSE입니다"""
PSELevelUp#49,"""계속 이어 나가죠"""
PSEBurst#49,"""버스트가 일어났군요"""
HP30#49,"""아직, 할 수 있어……!"""
HP10#49,"""큭, 이제는……"""
ItemRare#49,"""좋은 물건인 것 같아요"""
DamageSmall#49,"""큿"""
DamageMiddle#49,"""이 정도쯤은"""
DamageLarge#49,"""크윽"""
Trap#49,"""이런 곳에 함정이……!?"""
ThankTrapRescue#49,"""한심하군요……"""
TrapRescueOther#49,"""주변을 더 잘 살펴 주세요"""
MemberDamaged#49,"""위험하면 물러나는 것도 중요합니다"""
MemberDead#49,"""…용서하지 않겠어요."""
AbilityExe#49,"""컨디션이 좋습니다"""
AbilitySpecial#49,"""/toge 몸이 가벼워……!"""
Resurrect#49,"""아직 끝나지 않았어."""
PartyJoin#58,"""/ci1 1 잘 부탁드려요오."""
Marvelous#49,"""예상 이상이에요."""
IncidentJsApcBegin#52,"""/ci1 3 늘 문제에<br>휘말리고 계시는군요.<br>도와드리겠습니다."""
IncidentJsApcFailure#49,"""죄송합니다.<br>판단을 잘못했습니다……<br>철수하겠습니다……"""
IncidentJsApcSuccess#52,"""/ci1 5 무사히 끝난 모양이군요.<br>수고하셨습니다."""
IncidentJsApcBeginEvo#51,"""/ci1 1 ……계속해서 오는 모양입니다.<br>방심하지 말고 처리하죠."""
EnemyWeak#50,"""쓸어버리자~"""
EnemyLarge#50,"""여유롭네"""
EnemyBoss#50,"""엄청 크잖아"""
EnemyRare#50,"""레어 에너미잖아!<br>좋았어~!"""
EnemyBoost#50,"""조금 센 녀석이네"""
DestroyEnemy1#50,"""식은 죽 먹기지~"""
DestroyEnemy2#50,"""자자"""
DestroyEnemy3#47,"""잡았다~!"""
CondFreeze#50,"""아, 진짜!\u3000얼었어!<br>안티 부탁해~"""
CondBurn#50,"""나한테 다가오면 화상 입는다!"""
CondShock#50,"""아~ 쇼크 걸렸어~"""
CondPoison#50,"""독이네~. 뭐, 됐나"""
CondPanic#50,"""으악, 조작이 반대야~!"""
CondStan#50,"""아아아!\u3000키 연타~!"""
CondMirage#50,"""아, 미라주인가"""
Die#50,"""바닥……맛있네요……"""
ThankHeal#50,"""아하~. 치유된다~"""
ThankBuff#50,"""오, 땡큐"""
ThankCure#50,"""이거 좋지~.<br>현실에서도 수면 부족이랑 피부 트러블을<br>치료하고 싶다~"""
DefeatEnemy#50,"""슬슬 돌아갈까~"""
LevelUp#50,"""오, 레벨 올랐어?<br>좋겠다, 좋겠어~"""
InvokeSkill1#48,"""영차"""
InvokeSkill2#46,"""이거나!"""
InvokeSkill3#44,"""이얏!"""
TechFire#19,"""자아"""
TechIce#20,"""자아"""
TechThunder#21,"""자아"""
TechWind#19,"""자아"""
TechLight#22,"""자아"""
TechDark#20,"""자아"""
PBFull#49,"""오, 블래스트 게이지 다 찼다"""
PBRelease#50,"""에잇~"""
Avoid#50,"""우왓!<br>아, 진짜 위험하잖아~"""
HealSelf#50,"""회복은 틈틈이 하자~"""
BuffSelf#50,"""버프 걸어 둬야지"""
HealOther#50,"""회복할게~"""
BuffOther#50,"""힘내 보자~"""
QuestStart1#50,"""맡겨!\u3000신나게 가 보자~!"""
QuestEnd1#50,"""좋았어~ 돌아갈까~"""
IncidentStart#50,"""후딱 해치우자"""
IncidentSuccess#50,"""좋았어, 이머전시 트라이얼 끝~"""
IncidentFailure#50,"""어라.<br>뭐, 신경 쓰지 말고 다음으로 가자"""
PSE#50,"""오, PSE다"""
PSELevelUp#50,"""느낌 좋은데~"""
PSEBurst#50,"""히야~!<br>왔다, 왔어!"""
HP30#50,"""HP가 줄어드네~"""
HP10#50,"""위험해, 죽겠어"""
ItemRare#50,"""레어 드롭 좋겠다!<br>나한테도 나와라~!"""
DamageSmall#50,"""아얏"""
DamageMiddle#50,"""잠깐, 잠깐"""
DamageLarge#50,"""위험해"""
Trap#50,"""큰일, 함정 밟았어<br>미안, 도와줘~"""
ThankTrapRescue#50,"""고마워!"""
TrapRescueOther#50,"""함정 조심해~"""
MemberDamaged#50,"""괜찮아?"""
MemberDead#50,"""이런……<br>문 아토마이저가 없어, 미안!"""
AbilityExe#50,"""어?<br>왠지 의욕이 생겼어!"""
AbilitySpecial#50,"""슈퍼 미타라시<br>여기에 등장!"""
Resurrect#50,"""후우~<br>다시 마음잡고 퀘스트나 깨야지……"""
PartyJoin#59,"""/ci1 1 좋아, 퀘스트 가자~!"""
Marvelous#50,"""오, 제법인데!"""
IncidentJsApcBegin#53,"""/ci2 2 안녕~ 도와줄까?<br>아니, 나도 끼워 줘!"""
IncidentJsApcFailure#50,"""어라, 실패했나~.<br>미안해~……"""
IncidentJsApcSuccess#53,"""/ci2 1 좋았어, 쓰러뜨렸다~!<br>너, 제법 하는데~.<br>또 만나면 잘 부탁해!"""
IncidentJsApcBeginEvo#52,"""/toge /ci3 2 어, 어어, 어어어!?<br>뭔가 온다, 오고 있어!"""
EnemyWeak#51,"""빠르게 가 보죠~"""
EnemyLarge#51,"""이제 겁먹지 않을 거니까요!"""
EnemyBoss#51,"""단숨에 해치우죠!"""
EnemyRare#51,"""희귀한 녀석이잖아요~!"""
EnemyBoost#51,"""조심해서 가죠!"""
DestroyEnemy1#51,"""영차"""
DestroyEnemy2#51,"""이얏~!"""
DestroyEnemy3#48,"""어때요!"""
CondFreeze#51,"""이러면 무조건 감기 걸려요!"""
CondBurn#51,"""타고 있어요!\u3000불타고 있다고요!"""
CondShock#51,"""저저저저릿해요오오오"""
CondPoison#51,"""우에에~……"""
CondPanic#51,"""똑바로 걸을 수가 없어요……"""
CondStan#51,"""머리가 빙빙 돌아요~"""
CondMirage#51,"""시야가 흐릿해요……"""
Die#51,"""으앗……죄송해요……"""
ThankHeal#51,"""감사합니다!"""
ThankBuff#51,"""살았어요~!"""
ThankCure#51,"""아, 감사합니다.<br>위험했어요……"""
DefeatEnemy#51,"""방금 녀석이 이 근처의<br>마지막이었죠~"""
LevelUp#51,"""축하드려요!"""
InvokeSkill1#49,"""갑니다!"""
InvokeSkill2#47,"""해 볼게요~!"""
InvokeSkill3#45,"""거기죠!"""
TechFire#20,"""쏠게요~!"""
TechIce#21,"""쏠게요~!"""
TechThunder#22,"""쏠게요~!"""
TechWind#20,"""쏠게요~!"""
TechLight#23,"""쏠게요~!"""
TechDark#21,"""쏠게요~!"""
PBFull#50,"""느낌 좋아요~!"""
PBRelease#51,"""자, 이걸로 끝내죠~!"""
Avoid#51,"""위험하잖아요!"""
HealSelf#51,"""회복, 회복!"""
BuffSelf#51,"""보조 걸어 둘게요"""
HealOther#51,"""회복할게요~"""
BuffOther#51,"""보조 걸어 드릴게요~"""
QuestStart1#51,"""시작됐네요~!"""
QuestEnd1#51,"""수고하셨어요~!"""
IncidentStart#51,"""뭔가 온 것 같아요"""
IncidentSuccess#51,"""해냈네요!"""
IncidentFailure#51,"""어라……<br>실패해 버렸네요"""
PSE#51,"""PSE 기둥이네요"""
PSELevelUp#51,"""PSE 레벨이 올랐어요"""
PSEBurst#51,"""버스트가 왔어요!"""
HP30#51,"""와와왓, 잠깐!?"""
HP10#51,"""위험해, 위험해.<br>이건 정말 위험하다고요!"""
ItemRare#51,"""오오~!<br>좋은 거 나왔나요?"""
DamageSmall#51,"""으윽!"""
DamageMiddle#51,"""아우우……"""
DamageLarge#51,"""아파!"""
Trap#51,"""잠깐, 함정이라니~!?"""
ThankTrapRescue#51,"""헉, 헉……<br>가, 감사합니다……"""
TrapRescueOther#51,"""위험했네요.<br>조심해 주세요~?"""
MemberDamaged#51,"""조심해서 가죠!"""
MemberDead#51,"""/toge 아앗!<br>괜찮으세요~!?"""
AbilityExe#51,"""기분 좋게 달아올랐어요!"""
AbilitySpecial#51,"""자, 진심을 보여 드릴게요!"""
Resurrect#51,"""부활입니다!\u3000다음엔 완벽할 거예요!"""
PartyJoin#60,"""/ci1 1 잘 부탁드려요~!"""
Marvelous#51,"""힘내고 계시네요!"""
IncidentJsApcBegin#54,"""/ci2 2 아, 안녕하세요~.<br>도와드릴까요?"""
IncidentJsApcFailure#51,"""어, 어라?<br>죄송해요, 실패해 버렸어요……<br>정말 죄송해요!"""
IncidentJsApcSuccess#54,"""/ci2 1 해냈네요. 수고하셨어요!"""
IncidentJsApcBeginEvo#53,"""/ci3 1 어떻게든 해냈네요~……<br>그런데, 어라?\u3000아직 뭔가<br>오는 건가요?"""
EnemyWeak#52,"""흥, 잡몹이!"""
EnemyLarge#52,"""네놈들 따윈<br>내 상대가 못 된다!"""
EnemyBoss#52,"""조금은 손맛이<br>있을 것 같잖아!"""
EnemyRare#52,"""오!\u3000희귀한 거 발견!"""
EnemyBoost#52,"""기합이 들어갔군.<br>그럼 이쪽도 조금은<br>진심을 내 볼까!"""
DestroyEnemy1#52,"""흥, 별거 아니군"""
DestroyEnemy2#52,"""두 번 다시 오지 마!"""
DestroyEnemy3#49,"""다음에 쓰러지고 싶은 놈은<br>누구냐?"""
CondFreeze#52,"""나를 빙옥에<br>가뒀다고?"""
CondBurn#52,"""불꽃의 사슬로 날 묶다니<br>제법이군……뜨거워!"""
CondShock#52,"""번개의 속박으로<br>내 움직임을 막은 건가……"""
CondPoison#52,"""큭, 독인가……<br>흐흐, 제법이군"""
CondPanic#52,"""우와아아!<br>세상이 빙글빙글 돈다아아!"""
CondStan#52,"""이 몸이 움직이지 못한다고……?"""
CondMirage#52,"""모든 게 흐릿해……<br>세계가 나를 속이려는 건가?"""
Die#52,"""젠장, 이 몸이……"""
ThankHeal#52,"""땡큐!<br>살았다!"""
ThankBuff#52,"""고맙다~.<br>좋아, 해치워 주지!"""
ThankCure#52,"""이야~ 진짜 살았다~"""
DefeatEnemy#52,"""나의 진정한 힘 앞에서는<br>모든 것이 무로 돌아간다.<br>나 자신조차 두려울 정도군……"""
LevelUp#52,"""오, 해냈군!"""
InvokeSkill1#50,"""이거나 먹어라!"""
InvokeSkill2#48,"""놓치지 않는다!"""
InvokeSkill3#46,"""각오해라!"""
TechFire#21,"""잘 가라"""
TechIce#22,"""잘 가라"""
TechThunder#23,"""잘 가라"""
TechWind#21,"""잘 가라"""
TechLight#24,"""잘 가라"""
TechDark#22,"""잘 가라"""
PBFull#51,"""각오는 됐겠지!?"""
PBRelease#52,"""/toge 내 진정한 힘을 똑똑히 봐라!"""
Avoid#52,"""맞을 것 같냐!"""
HealSelf#52,"""이런.<br>회복, 회복"""
BuffSelf#52,"""진정한 힘을 발휘하려면<br>보조도 중요하니까!"""
HealOther#52,"""쓰러지면 곤란하니까!"""
BuffOther#52,"""진정한 힘을 내려 주마……"""
QuestStart1#52,"""어쩔 수 없군.<br>내가 따라가 주지."""
QuestEnd1#52,"""수고했다!"""
IncidentStart#52,"""뭔가 나타났군"""
IncidentSuccess#52,"""이 정도는 내가 나서면<br>식은 죽 먹기라고!"""
IncidentFailure#52,"""쳇, 실수했군……미안."""
PSE#52,"""보아라, 저 어둠의 기둥을……!"""
PSELevelUp#52,"""어둠의 기둥이 더욱 강해진다……!"""
PSEBurst#52,"""자, 어둠의 향연이 시작된다……!"""
HP30#52,"""흥……아직 멀었어……"""
HP10#52,"""젠장……<br>이대로는 위험해!"""
ItemRare#52,"""오~!\u3000해냈잖아!"""
DamageSmall#52,"""흥, 이 정도냐"""
DamageMiddle#52,"""크윽……"""
DamageLarge#52,"""제법 하는군……"""
Trap#52,"""함정에 걸려 버렸군.<br>꼴사납게……"""
ThankTrapRescue#52,"""고맙다.<br>전부터 생각했는데<br>너 꽤 유능하구나!"""
TrapRescueOther#52,"""조심하라고!"""
MemberDamaged#52,"""무리하지 마!"""
MemberDead#52,"""/toge 아, 정말!<br>무리하지 말랬잖아!"""
AbilityExe#52,"""왠지 느낌이 좋은데"""
AbilitySpecial#52,"""내 진정한 힘을 보여 주지!"""
Resurrect#52,"""되살아난 나는 차원이 다르다고!"""
PartyJoin#61,"""/ci1 1 오, 잘 부탁한다!<br>어디로 가는 거야?"""
Marvelous#52,"""제법이군!<br>나도 질 수 없지!"""
IncidentJsApcBegin#55,"""/ci2 2 내가 도우러 왔다!<br>자, 얼른 해치우고<br>클리어해 버리자!"""
IncidentJsApcFailure#52,"""이런, 실패해 버렸군.<br>미안, 도움이 못 돼서."""
IncidentJsApcSuccess#55,"""/ci2 1 좋아!\u3000클리어!<br>너도 제법 하는군!<br>다음에도 잘 부탁한다!"""
IncidentJsApcBeginEvo#54,"""/ci3 2 좋아……응?<br>아직 긴장을 풀긴 이른 모양이군!"""
EnemyWeak#53,"""보잘것없군"""
EnemyLarge#53,"""크기는 제법인 듯하지만……<br>힘은 어느 정도일까?"""
EnemyBoss#53,"""흠, 이건 연구할 가치가 있겠군"""
EnemyRare#53,"""희귀종인 모양이군"""
EnemyBoost#53,"""이질적인 반응을 보이는군"""
DestroyEnemy1#53,"""별것 아니군"""
DestroyEnemy2#53,"""대략 이런 거지"""
DestroyEnemy3#50,"""이것도 연구의 성과다"""
CondFreeze#53,"""큭, 빙결 공격인가……!"""
CondBurn#53,"""화상이라니, 또 성가시군"""
CondShock#53,"""뭐, 팔다리가 저리다니……!"""
CondPoison#53,"""독이라……<br>큭, 제법 고통스럽군"""
CondPanic#53,"""/toge 무, 무슨 일이지!<br>대체 무슨 일이 벌어진 거야!?"""
CondStan#53,"""큭!\u3000방심했군"""
CondMirage#53,"""시각에 이상……?<br>이건 성가신 상황이군"""
Die#53,"""설마……이 내가……"""
ThankHeal#53,"""상처가 아물고 있어……<br>이거라면 아직 싸울 수 있겠군"""
ThankBuff#53,"""능력 향상 술식인가<br>이것도 편리한 힘이군"""
ThankCure#53,"""이상이 가라앉았군<br>감사하지"""
DefeatEnemy#53,"""너무 지나쳤나"""
LevelUp#53,"""아직 더 강해진다는 건가?"""
InvokeSkill1#51,"""이런 건 어떨까?"""
InvokeSkill2#49,"""얕보면 곤란해"""
InvokeSkill3#47,"""봐주진 않겠다"""
TechFire#22,"""불타라"""
TechIce#23,"""얼어붙어라"""
TechThunder#24,"""뇌격은 어떤가?"""
TechWind#22,"""갈기갈기 찢어 주지"""
TechLight#25,"""빛이여, 꿰뚫어라!"""
TechDark#23,"""어둠이여, 꿰뚫어라!"""
PBFull#52,"""슬슬 때가 됐나"""
PBRelease#53,"""연구 성과를 보여 주지"""
Avoid#53,"""위험하잖아"""
HealSelf#53,"""내 몸은 내가 지킨다"""
BuffSelf#53,"""대책은 마련해 둬야지"""
HealOther#53,"""무리하면 안 돼"""
BuffOther#53,"""힘을 빌려주지"""
QuestStart1#53,"""자, 실험을 시작하자"""
QuestEnd1#53,"""흠, 끝난 모양이군"""
IncidentStart#53,"""이 반응……<br>뭔가 오는 모양이군<br>조심해라"""
IncidentSuccess#53,"""정리된 모양이군"""
IncidentFailure#53,"""이 이상은 헛수고인가……<br>아쉽지만 포기하지"""
PSE#53,"""관측값에 변화가……<br>좋은 경향이군"""
PSELevelUp#53,"""호오, 아직 발전한다고?"""
PSEBurst#53,"""이건 흥미로운 현상이군!"""
HP30#53,"""이 내가 이토록<br>궁지에 몰리다니……"""
HP10#53,"""여기서 쓰러져 하리에트를<br>혼자 남기는 일만은 피해야 해……!"""
ItemRare#53,"""희귀한 걸 손에 넣은 모양이군"""
DamageSmall#53,"""큭"""
DamageMiddle#53,"""뭐!"""
DamageLarge#53,"""/toge 제법이잖아!"""
Trap#53,"""함정이라니, 비겁한 짓을 하는군"""
ThankTrapRescue#53,"""흠, 덕분에 살았어"""
TrapRescueOther#53,"""때아닌 재난이었군"""
MemberDamaged#53,"""조금 진정해라"""
MemberDead#53,"""내 힘이 미치지 못했나……"""
AbilityExe#53,"""새로운 해답을 끌어낼 수 있겠군!"""
AbilitySpecial#53,"""여긴 내게 맡기도록!"""
Resurrect#53,"""다시 시작해 보자고"""
PartyJoin#62,"""/ci1 1 수호휘사라 불리는 그 힘<br>내게 보여 주겠나"""
Marvelous#53,"""과연 수호휘사……<br>라고 해야겠군"""
IncidentJsApcBegin#56,"""/ci1 2 아, 너였나.<br>마침 잘 와 줬군.<br>조금 도와주지 않겠나?"""
IncidentJsApcFailure#53,"""더 이상 계속하기는 어렵겠군.<br>미안하지만 난 물러나지."""
IncidentJsApcSuccess#56,"""/ci2 1 끝난 모양이군.<br>도와줘서 고맙다."""
IncidentJsApcBeginEvo#55,"""/ci3 3 이 반응은……<br>긴장을 푸는 건 나중이다."""
EnemyWeak#54,"""어머, 귀엽네요"""
EnemyLarge#54,"""정말 크군요……<br>저분이 소문으로 듣던<br>산타님인가요?"""
EnemyBoss#54,"""강해 보이는 상대입니다.<br>마음을 다잡고 나아가죠!"""
EnemyRare#54,"""저건……<br>보기 드문 모습을 하고 있군요"""
EnemyBoost#54,"""새빨개요……<br>저분이 소문으로 듣던<br>순록님인가요?"""
DestroyEnemy1#54,"""그렇게는 못 합니다!"""
DestroyEnemy2#54,"""가겠습니다!"""
DestroyEnemy3#51,"""그렇게 쉽게 지진 않아요!"""
CondFreeze#54,"""차가워요!<br>움직일 수가 없어요……"""
CondBurn#54,"""뜨거워요!<br>화상을 입고 말았어요……"""
CondShock#54,"""저려요……"""
CondPoison#54,"""독이라니……"""
CondPanic#54,"""어머?<br>왠지 어질어질해요……"""
CondStan#54,"""우, 움직일 수가 없어요……"""
CondMirage#54,"""왠지 시야가<br>흐릿해졌어요……"""
Die#54,"""여기서 쓰러질 순……"""
ThankHeal#54,"""치유되는군요"""
ThankBuff#54,"""힘이 솟아나는 것 같아요"""
ThankCure#54,"""감사합니다!"""
DefeatEnemy#54,"""아무래도 이 근처 적은<br>모두 쓰러뜨린 것 같네요"""
LevelUp#54,"""정말 자랑스러운 모습입니다"""
InvokeSkill1#52,"""흥!"""
InvokeSkill2#50,"""지지 않겠습니다!"""
InvokeSkill3#48,"""거기입니다!"""
TechFire#23,"""타올라라!"""
TechIce#24,"""얼어붙으세요!"""
TechThunder#25,"""번개에 맞으세요!"""
TechWind#23,"""베여 쓰러지세요!"""
TechLight#26,"""빛이여, 나의 검이 되어라!"""
TechDark#24,"""어둠이여, 나의 화살이 되어라!"""
PBFull#53,"""자, 준비됐습니다!"""
PBRelease#54,"""/toge 이걸로 끝입니다!"""
Avoid#54,"""맞지 않습니다!"""
HealSelf#54,"""아직 쓰러질 수는 없습니다"""
BuffSelf#54,"""전력을 강화하겠습니다"""
HealOther#54,"""무사하십니까?"""
BuffOther#54,"""도움이 되기를"""
QuestStart1#54,"""가죠!\u3000수호휘사님!"""
QuestEnd1#54,"""훌륭했습니다. 역시 대단하군요"""
IncidentStart#54,"""뭔가 시작될 모양입니다……<br>조심하세요!"""
IncidentSuccess#54,"""끝났군요"""
IncidentFailure#54,"""방심했습니다……"""
PSE#54,"""공기가 술렁이고 있어요……"""
PSELevelUp#54,"""공기가 달라졌군요"""
PSEBurst#54,"""어머!<br>성야의 선물일까요?"""
HP30#54,"""이 정도쯤……"""
HP10#54,"""아직입니다……<br>아직 싸울 수 있어요……!"""
ItemRare#54,"""산타님이 주신<br>선물일까요?"""
DamageSmall#54,"""큭"""
DamageMiddle#54,"""큭!"""
DamageLarge#54,"""질 수는……!"""
Trap#54,"""이런 곳에 함정이……!"""
ThankTrapRescue#54,"""아, 감사합니다.<br>살았습니다"""
TrapRescueOther#54,"""무사하신가요?<br>지금 도와드리겠습니다!"""
MemberDamaged#54,"""무사하신가요!"""
MemberDead#54,"""죄송합니다……<br>제가 부족한 탓에……"""
AbilityExe#54,"""힘이 넘쳐흘러요!"""
AbilitySpecial#54,"""/toge 힘이 넘쳐흐릅니다!"""
Resurrect#54,"""저는 아직 싸울 수 있습니다!"""
PartyJoin#63,"""/ci1 1 도움이 될 수 있도록 최선을 다하겠습니다!"""
Marvelous#54,"""훌륭한 활약이시군요!"""
IncidentJsApcBegin#57,"""/ci1 2 <%me> 님!<br>죄송하지만<br>도와주시겠습니까?"""
IncidentJsApcFailure#54,"""죄송합니다……<br>여기서 물러나겠습니다."""
IncidentJsApcSuccess#57,"""/ci2 1 훌륭합니다!<br>앞으로 나아가죠"""
IncidentJsApcBeginEvo#56,"""/ci3 2 끝났습니다……<br>아뇨, 아직 뭔가 옵니다!<br>조심하세요!"""
EnemyWeak#55,"""응, 별거 아닌 것 같아"""
EnemyLarge#55,"""조금 강해 보이나?"""
EnemyBoss#55,"""강해 보이지만……<br>힘내자!"""
EnemyRare#55,"""앗, 희귀종인가 봐!"""
EnemyBoost#55,"""싫은 느낌이 들어……<br>조심하자!"""
DestroyEnemy1#55,"""좋아, 다음으로 가자!"""
DestroyEnemy2#55,"""제대로 들어갔네!"""
DestroyEnemy3#52,"""응, 느낌 좋아!"""
CondFreeze#55,"""눈사람이 되겠어!"""
CondBurn#55,"""녹아 버리겠어~!"""
CondShock#55,"""저, 저, 저려어……!"""
CondPoison#55,"""이건 독……?<br>기분 나빠……"""
CondPanic#55,"""어라?\u3000어라라?<br>여기 어디였지?<br>뭘 해야 했더라!?"""
CondStan#55,"""눈이 빙빙 돌아……"""
CondMirage#55,"""시야가 흐릿해……"""
Die#55,"""실패해 버렸어, 미안해……"""
ThankHeal#55,"""고마워!"""
ThankBuff#55,"""기쁘다!"""
ThankCure#55,"""컨디션이 좋아졌나 봐!"""
DefeatEnemy#55,"""정리됐네!"""
LevelUp#55,"""앗, 축하해!"""
InvokeSkill1#53,"""놓치지 않을 거야!"""
InvokeSkill2#51,"""이걸로 끝낼게!"""
InvokeSkill3#49,"""야아아아앗!"""
TechFire#24,"""불태워 버릴 거야!"""
TechIce#25,"""얼어 버려!"""
TechThunder#26,"""조금 따끔할 거야!"""
TechWind#24,"""베어 갈라라!"""
TechLight#27,"""빛이여!"""
TechDark#25,"""어둠의 일격!"""
PBFull#54,"""준비 완료야!"""
PBRelease#55,"""난 이제……혼자가 아니니까!"""
Avoid#55,"""어이쿠!"""
HealSelf#55,"""위험했어~"""
BuffSelf#55,"""준비는 중요하지"""
HealOther#55,"""메리 크리스마스~!"""
BuffOther#55,"""선물이야!"""
QuestStart1#55,"""좋아, 힘낼게!"""
QuestEnd1#55,"""응, 수고했어!"""
IncidentStart#55,"""뭔가 일어날 것 같아……"""
IncidentSuccess#55,"""후우, 어떻게든 해냈네"""
IncidentFailure#55,"""실패해 버렸네……<br>미안해……"""
PSE#55,"""응……?<br>포톤의 느낌이 달라졌어"""
PSELevelUp#55,"""앗, 대단해!<br>이 기세로 힘내자!"""
PSEBurst#55,"""성야의 기적이네!"""
HP30#55,"""괜찮아, 아직 싸울 수 있어!"""
HP10#55,"""으으……<br>조금 위험한가……"""
ItemRare#55,"""산타가 준<br>선물일지도 몰라!"""
DamageSmall#55,"""아야!"""
DamageMiddle#55,"""아얏!"""
DamageLarge#55,"""와와왓!"""
Trap#55,"""꺅!<br>이런 선물은 필요 없어~!"""
ThankTrapRescue#55,"""발목 잡아서 미안해<br>고마워"""
TrapRescueOther#55,"""위험했네<br>괜찮아?"""
MemberDamaged#55,"""무리하지 마!"""
MemberDead#55,"""그럴 수가……<br>나머지는 나한테 맡겨!"""
AbilityExe#55,"""좋아, 힘낼 거야!"""
AbilitySpecial#55,"""간다~!<br>나한테 맡겨!"""
Resurrect#55,"""이번엔 힘낼게!"""
PartyJoin#64,"""/ci1 1 잘 부탁해!"""
Marvelous#55,"""대단해!\u3000나도 힘내야겠어!"""
IncidentJsApcBegin#58,"""/ci1 2 아, <%me>!<br>잠깐 도와줄 수 있을까?"""
IncidentJsApcFailure#55,"""으으……미안해!<br>도와줬는데도……<br>다음엔 더 열심히 할게!"""
IncidentJsApcSuccess#58,"""/ci2 1 고마워!\u3000어떻게든 쓰러뜨렸네.<br>이런 옷도 입었으니, 모처럼……<br>에헤헤, 메리 크리스마스!"""
IncidentJsApcBeginEvo#57,"""/ci3 2 이 기척……<br>아직 끝나지 않은 것 같아.<br>방심하지 말고 가자!"""
EnemyWeak#56,"""작은 먼지네요"""
EnemyLarge#56,"""커다란 먼지군요"""
EnemyBoss#56,"""자……<br>청소를 시작할까요?"""
EnemyRare#56,"""분리수거가 고민되네요"""
EnemyBoost#56,"""환대해 드리겠습니다!"""
DestroyEnemy1#56,"""얍!"""
DestroyEnemy2#56,"""이얏!"""
DestroyEnemy3#53,"""어떤가요?"""
CondFreeze#56,"""얼어 버리겠어요……"""
CondBurn#56,"""불붙었어요!"""
CondShock#56,"""찌릿찌릿해요……"""
CondPoison#56,"""독을 맛보는 건 아무렇지도 않아요"""
CondPanic#56,"""아아아 스트라토스, 쿄 씨는<br>적이 아니에요!\u3000쿄 씨도<br>전 흑막이 아니라고요!"""
CondStan#56,"""후왓!?<br>별이……!"""
CondMirage#56,"""잘 보이지 않아요……"""
Die#56,"""죄, 죄송해요……"""
ThankHeal#56,"""고마워요"""
ThankBuff#56,"""감사드릴게요"""
ThankCure#56,"""정말 큰 도움이 됐어요"""
DefeatEnemy#56,"""청소 완료예요, 마스터!"""
LevelUp#56,"""아직 더 강해지시다니 훌륭해요!"""
InvokeSkill1#54,"""갑니다!"""
InvokeSkill2#52,"""해내고 말겠어요!"""
InvokeSkill3#50,"""거기예요!"""
PBRelease#56,"""성대하게 환대해 드릴게요!"""
Avoid#56,"""꺅!"""
HealSelf#56,"""몸단장도 중요해요"""
BuffSelf#56,"""준비 완료예요"""
HealOther#56,"""부디 몸조리 잘하세요"""
BuffOther#56,"""도움이 된다면 기쁘겠어요"""
QuestStart1#56,"""환대를 시작해 볼까요"""
QuestEnd1#56,"""수고하셨어요, 마스터.<br>훌륭하세요!"""
IncidentStart#56,"""불길한 예감이 들어요……"""
IncidentSuccess#56,"""역시 마스터세요!"""
IncidentFailure#56,"""실패하고 말았어요……"""
PSE#56,"""어머, 이 반응은……"""
PSELevelUp#56,"""이건 환대의 예감이네요"""
PSEBurst#56,"""훌륭한 환대예요!"""
HP30#56,"""전 아직 힘낼 수 있어요……!"""
HP10#56,"""으으, 마스터……<br>도와주세요"""
ItemRare#56,"""귀중한 물건인가요, 마스터?<br>축하드려요!"""
DamageSmall#56,"""꺅!"""
DamageMiddle#56,"""으윽!"""
DamageLarge#56,"""제법이군요……!"""
Trap#56,"""큰일이에요!\u3000함정이에요!"""
ThankTrapRescue#56,"""수고를 끼쳐 드려서……<br>고마워요"""
TrapRescueOther#56,"""무사하셔서 다행이에요"""
MemberDamaged#56,"""위험해요!<br>조심하세요!"""
MemberDead#56,"""아아……<br>제가 메이드로서<br>부족한 탓에……"""
AbilityExe#56,"""몸이 가벼워진 것 같아요"""
AbilitySpecial#56,"""/toge 메이드의 진수를 보여 드릴게요!"""
Resurrect#56,"""환대는 아직 끝나지 않았어요"""
PartyJoin#65,"""/ci1 1 함께 가겠습니다"""
Marvelous#56,"""보기만 해도 황홀해요"""
IncidentJsApcBegin#59,"""/ci2 2 마스터, 안녕하신가요.<br>괜찮으시다면 마스터도 함께<br>청소해요!"""
IncidentJsApcFailure#56,"""실패하고 말았어요……<br>힘이 부족해 죄송합니다.<br>물러나겠습니다."""
IncidentJsApcSuccess#59,"""/ci2 1 수고하셨어요, 마스터!<br>다음에도 함께 청소해요!"""
IncidentJsApcBeginEvo#58,"""/ci1 2 어머, 이런 곳에 먼지가……<br>좋아요, 이렇게 된 이상<br>전부 깨끗하게 청소하죠!"""
EnemyWeak#57,"""어떤 적이든 전력으로 갑니다!"""
EnemyLarge#57,"""손맛이 있을 것 같네요!"""
EnemyBoss#57,"""실력을 시험할 기회예요!"""
EnemyRare#57,"""좀처럼 보기 힘든 타입이네요"""
EnemyBoost#57,"""조금 강한 기운이 느껴집니다"""
DestroyEnemy1#57,"""지켜야 할 것을 지키겠습니다!"""
DestroyEnemy2#57,"""가만두지 않겠습니다!"""
DestroyEnemy3#54,"""히어로는 지지 않습니다!"""
CondFreeze#57,"""제 투지는 불타고 있는데……"""
CondBurn#57,"""아와와, 뜨거워요!<br>초콜릿이 녹아 버려요!"""
CondShock#57,"""저려도 상관없습니다!<br>끝까지 버티겠습니다!"""
CondPoison#57,"""이, 인내력을 기를 기회예요……"""
CondPanic#57,"""당황한 게 아닙니다!<br>이건 초콜릿 만들기에 필요한<br>템퍼링이에요!"""
CondStan#57,"""으으, 별이 보여요……"""
CondMirage#57,"""환각……!?<br>괜찮아요, 마음의 눈으로 때리겠습니다!"""
Die#57,"""이래서는……<br>그 사람의 등을 따라잡을 수 없어"""
ThankHeal#57,"""감사합니다!"""
ThankBuff#57,"""큰 도움이 됩니다!"""
ThankCure#57,"""정말 송구합니다!"""
DefeatEnemy#57,"""앞으로 나아가죠!"""
LevelUp#57,"""뒤처지지 않도록……<br>힘내겠습니다!"""
InvokeSkill1#55,"""갑니다!"""
InvokeSkill2#53,"""어떤가요!"""
InvokeSkill3#51,"""봐드리지 않겠습니다!"""
TechFire#25,"""폭염!"""
TechIce#26,"""빙아!"""
TechThunder#27,"""신뢰!"""
TechWind#25,"""질풍!"""
TechLight#28,"""광창!"""
TechDark#26,"""암탄!"""
PBFull#55,"""봐주는 건 못 합니다!<br>전 언제나 전력이니까요!"""
PBRelease#57,"""그분을 따라잡을 때까지……<br>전 멈추지 않습니다!"""
Avoid#57,"""어이쿠!"""
HealSelf#57,"""회복해야 합니다!"""
BuffSelf#57,"""유비무환!"""
HealOther#57,"""괜찮으신가요?"""
BuffOther#57,"""지원하겠습니다!"""
QuestStart1#57,"""히어로 클래스의 전투 방식……<br>보여 드리겠습니다!"""
QuestEnd1#57,"""퀘스트 종료군요!<br>수고하셨습니다!"""
IncidentStart#57,"""수상한 기척입니다!<br>조심하세요!"""
IncidentSuccess#57,"""대단해요!<br>멋졌습니다!"""
IncidentFailure#57,"""제가 미숙한 탓에……"""
PSE#57,"""이건… PSE군요."""
PSELevelUp#57,"""PSE가 강해졌군요"""
PSEBurst#57,"""대단해요!\u3000단숨에 몰아붙이죠!"""
HP30#57,"""지금이……버텨야 할 때입니다!"""
HP10#57,"""전황이 어렵습니다……"""
ItemRare#57,"""와, 희귀한 물건이네요!<br>축하드립니다!"""
DamageSmall#57,"""아얏!"""
DamageMiddle#57,"""으윽!"""
DamageLarge#57,"""아직……포기하지 않아요!"""
Trap#57,"""큭, 함정!?"""
ThankTrapRescue#57,"""후우……살았습니다"""
TrapRescueOther#57,"""무사하신가요?"""
MemberDamaged#57,"""여긴 제게 맡겨 주세요!"""
MemberDead#57,"""큭……<br>원수를 갚겠습니다!"""
AbilityExe#57,"""힘이 솟아납니다!"""
AbilitySpecial#57,"""히어로답게 끝내겠습니다!"""
Resurrect#57,"""목표가 있습니다……<br>그러니 쉴 수는 없어요!"""
PartyJoin#66,"""/ci2 1 전투부 소속!<br>스트라토스, 등장입니다!"""
Marvelous#57,"""움직임을 눈에 새기고 있습니다……!"""
IncidentJsApcBegin#60,"""/ci2 3 <%me> 씨!<br>송구합니다, 와 주셨군요!<br>함께 싸워요!"""
IncidentJsApcFailure#57,"""으으, 제가 미숙한 탓에……<br>죄송합니다, 철수하겠습니다.<br>아아, 모처럼 입은 옷이 엉망으로……"""
IncidentJsApcSuccess#60,"""/ci8 1 해냈군요!<br>모두 이벤트를 즐길 수 있게<br>나머지도 해치우죠!"""
IncidentJsApcBeginEvo#59,"""/ci1 3 아직 옵니다!<br>마음을 다잡고 맞서죠!"""
EnemyWeak#58,"""잡졸이군"""
EnemyLarge#58,"""보잘것없다"""
EnemyBoss#58,"""실력 시험도 안 되는군"""
EnemyRare#58,"""낯선 녀석이군"""
EnemyBoost#58,"""어둠의 힘을 손에 넣었나"""
DestroyEnemy1#58,"""……흥, 별것 아니군"""
DestroyEnemy2#58,"""어두운 그림자를 엿본 말로다"""
DestroyEnemy3#55,"""꺼져"""
CondFreeze#58,"""이 나를 얼음과자처럼<br>얼렸다고 생각하나"""
CondBurn#58,"""이 나를 구운 과자처럼<br>구워 낼 셈인가"""
CondShock#58,"""번개를 다루는 건 쉽다"""
CondPoison#58,"""독으로 독을 다스린다……인가"""
CondPanic#58,"""큭!\u3000머릿속에 직접……누구냐!?<br>빚을 갚으라고……?\u3000기다려!<br>넌 대체……뭐, 환영인가"""
CondStan#58,"""내겐……<br>멈춰 있을 시간이 없다"""
CondMirage#58,"""큭……내 왼눈이……!"""
Die#58,"""여기가 내가 죽을 곳이었나.<br>크크……"""
ThankHeal#58,"""고맙다."""
ThankBuff#58,"""힘을 빌려주지"""
ThankCure#58,"""미안하다"""
DefeatEnemy#58,"""이 근처에는 이제 볼일 없다"""
LevelUp#58,"""아직 더 강해진다고……?"""
InvokeSkill1#56,"""그림자여, 명부보다 깊은 어둠이여.<br>내게 맞서는 저자를 물어뜯어라!"""
InvokeSkill2#54,"""“검은 늑대”는 추적자.<br>네가 달아날 방법은 없다……!"""
InvokeSkill3#52,"""그림자에 가라앉아라……!"""
TechFire#26,"""업화여, 모두 태워라……!"""
TechIce#27,"""빙옥이여, 부서져라……!"""
TechThunder#28,"""신뢰여, 꿰뚫어라……!"""
TechWind#26,"""폭풍이여, 갈가리 찢어라……!"""
TechLight#29,"""빛이여, 나를 따르라……!"""
TechDark#27,"""어둠에 삼켜져라……!"""
PBFull#56,"""때가 찼다……"""
PBRelease#58,"""목적을 위해서라면 수단을 가리지 않는다……"""
Avoid#58,"""흥."""
HealSelf#58,"""걱정 마라"""
BuffSelf#58,"""간다"""
HealOther#58,"""무사한가"""
BuffOther#58,"""이 힘, 마음껏 써라"""
QuestStart1#58,"""모든 걸……어둠에 묻겠다"""
QuestEnd1#58,"""별것 아니군요."""
IncidentStart#58,"""조심해라"""
IncidentSuccess#58,"""당연하군"""
IncidentFailure#58,"""말도 안 돼……"""
PSE#58,"""진혼곡이 들린다……"""
PSELevelUp#58,"""마치 비명의 교향곡 같군"""
PSEBurst#58,"""마지막 악장을 시작하지"""
HP30#58,"""후회할 거다"""
HP10#58,"""이 내가……어둠에 삼켜진다고……?"""
ItemRare#58,"""행운의 여신이 미소 지었군"""
DamageSmall#58,"""안 통한다"""
DamageMiddle#58,"""큭"""
DamageLarge#58,"""칫……"""
Trap#58,"""……하찮은 수작을"""
ThankTrapRescue#58,"""……빚을 지고 말았군"""
TrapRescueOther#58,"""흥, 다음부터는 조심해라"""
MemberDamaged#58,"""무리할 필요 없다"""
MemberDead#58,"""나머지는 내게 맡기고<br>잠시 쉬어라"""
AbilityExe#58,"""가라앉아라, 어두운 불꽃이여……!"""
AbilitySpecial#58,"""어쩔 수 없군……<br>《망령》의 힘을 모두 해방한다"""
Resurrect#58,"""내겐 아직……해야 할 일이 있다……"""
PartyJoin#67,"""/ci1 1 꾸물대지 마라……두고 간다"""
Marvelous#58,"""흥……그 정도는 당연하다"""
IncidentJsApcBegin#61,"""/ci3 1 흥, 무슨 행사장인진 모르겠지만<br>《망령》의 진수를 보여 주지.<br>넌 거기서 보고 있어라!"""
IncidentJsApcFailure#58,"""칫. 실수했나……"""
IncidentJsApcSuccess#61,"""/ci3 4 죄를 짊어지고 어둠으로 돌아가라……!<br>놈들에겐 “빛”을 막을 자격이 없다.<br>잘 있어라."""
IncidentJsApcBeginEvo#60,"""/ci3 2 아직 방심하긴 이른 모양이군……<br>온다, 준비해라."""
EnemyWeak#59,"""이 정도라면"""
EnemyLarge#59,"""방해되는군……"""
EnemyBoss#59,"""기합 넣고 가자, 선배"""
EnemyRare#59,"""별로 못 보던 녀석이군"""
EnemyBoost#59,"""성가신 게 왔군……조심하자"""
DestroyEnemy1#59,"""내 적수는 아니네."""
DestroyEnemy2#59,"""자, 다음."""
DestroyEnemy3#56,"""뭐, 이 정도인가."""
CondFreeze#59,"""동결인가, 젠장……"""
CondBurn#59,"""연소인가, 젠장……"""
CondShock#59,"""감전인가, 젠장……"""
CondPoison#59,"""독인가, 젠장……"""
CondPanic#59,"""……누굴 노려야 하지?"""
CondStan#59,"""……몸이 움직이지 않아도<br>할 수 있는 일은 있을 거야."""
CondMirage#59,"""젠장…… 조준이 안 돼."""
Die#59,"""쳇, 여기까지인가……"""
ThankHeal#59,"""고마워, 선배"""
ThankBuff#59,"""살았어."""
ThankCure#59,"""위험할 뻔했어……"""
DefeatEnemy#59,"""이 근처는 대충 정리된 것 같군"""
LevelUp#59,"""나도 질 수는 없지."""
InvokeSkill1#57,"""쏴!"""
InvokeSkill2#55,"""이 거리…… 잡았어!"""
InvokeSkill3#53,"""내 사거리야!"""
TechLight#30,"""테크닉도 쓸 줄 안다고?"""
TechDark#28,"""이런 것도 할 수 있어."""
PBFull#57,"""준비 완료, 뭐 그런 거지."""
PBRelease#59,"""우릴 방해한 네가<br>잘못한 거야."""
Avoid#59,"""어딜 노리는 거야?"""
HealSelf#59,"""여기서 회복해 둘까."""
BuffSelf#59,"""쓸 수 있는 건 다 쓸 거야."""
HealOther#59,"""회복은 자주 해 둬."""
BuffOther#59,"""보조를 잊으면 위험하다니까."""
QuestStart1#59,"""할 거면 전력으로 해야지."""
QuestEnd1#59,"""수고했어, 선배"""
IncidentStart#59,"""뭔가 온 모양이군"""
IncidentSuccess#59,"""해치웠나!"""
IncidentFailure#59,"""젠장, 난 아직 멀었어……"""
PSE#59,"""포톤 활성화가 시작됐나.<br>이용하지 않을 수 없겠군"""
PSELevelUp#59,"""기세가 더해지는 것 같군"""
PSEBurst#59,"""단숨에 해치우자!"""
HP30#59,"""쳇, 밀리고 있는 건가……?"""
HP10#59,"""젠장, 이렇게까지 당하다니……!"""
ItemRare#59,"""운이 좋군, 선배"""
DamageSmall#59,"""칫"""
DamageMiddle#59,"""크윽"""
DamageLarge#59,"""꺄악!"""
Trap#59,"""이런 곳에 트랩이!?"""
ThankTrapRescue#59,"""미안, 폐를 끼쳤네."""
TrapRescueOther#59,"""괜찮나?"""
MemberDamaged#59,"""무리하지 마!"""
MemberDead#59,"""내가 원수를 갚아 주지……!"""
AbilityExe#59,"""/toge 컨디션 좋아!<br>계속 가자!"""
AbilitySpecial#59,"""/toge 내게 맡겨 줘!"""
Resurrect#59,"""당한 만큼은 돌려줘야지."""
PartyJoin#68,"""/ci1 1 잘 부탁해, 선배."""
Marvelous#59,"""이게 경험의 차이인가……"""
IncidentJsApcBegin#62,"""/ci2 2 선배, 마침 잘 왔어!<br>조금만 도와줘!"""
IncidentJsApcFailure#59,"""선배, 미안해……<br>모처럼 도와줬는데.<br>다음엔 더 힘낼게."""
IncidentJsApcSuccess#62,"""/ci2 1 선배 덕분에 살았어.<br>그, 그런데 이 옷……<br>아니, 아무것도 아냐!\u3000그럼!"""
IncidentJsApcBeginEvo#61,"""/ci2 2 쳇, 아직도 정신을 못 차렸나"""
EnemyWeak#60,"""이 정도면 괜찮아"""
EnemyLarge#60,"""와, 크다!"""
EnemyBoss#60,"""강해 보여……그래도 안 져!"""
EnemyRare#60,"""와왓, 희귀종이다!"""
EnemyBoost#60,"""……정말 불길한 느낌의 적이야"""
WeatherChange#6,"""대기의 포톤이 술렁이는 건가?"""
DestroyEnemy1#60,"""응, 잘됐어!"""
DestroyEnemy2#60,"""좋아, 느낌 좋아!"""
DestroyEnemy3#57,"""해냈다!"""
CondFreeze#60,"""어, 얼어붙었어!?"""
CondBurn#60,"""뜨거, 뜨거워!"""
CondShock#60,"""모, 몸이 저려어어……!"""
CondPoison#60,"""으으……독인가, 속이 안 좋아……"""
CondPanic#60,"""어, 어, 어떡하지이이!<br>뭘 어떻게 해야 했더라!<br>보이는 대로 날려 버릴까?"""
CondStan#60,"""모, 몸을 마음대로 못 움직이겠어……!"""
CondMirage#60,"""뭔가 시야가 몽롱해……"""
Die#60,"""실패해 버렸어, 미안해……"""
ThankHeal#60,"""아……고마워"""
ThankBuff#60,"""후훗, 고마워"""
ThankCure#60,"""으으, 미안해, 고마워"""
DefeatEnemy#60,"""끝난 것 같네"""
LevelUp#60,"""앗, 축하해!"""
InvokeSkill1#58,"""전력으로, 간다!"""
InvokeSkill2#56,"""하아아아앗!"""
InvokeSkill3#54,"""이걸로 끝낼게!"""
TechFire#27,"""내가 할 수 있는 걸, 최선을 다해!"""
TechIce#28,"""지지 않을 거야!"""
TechThunder#29,"""봐주지 않을 거야!"""
TechWind#27,"""베어 버려!"""
TechLight#31,"""빛이여."""
TechDark#29,"""꿰뚫어!"""
PBFull#58,"""<%me>!<br>우리도 준비됐어!"""
PBRelease#60,"""난 이제……혼자가 아니니까!"""
TacticsFree#21,"""응, 알겠어!<br>자유롭게 움직여 볼게!"""
TacticsGuard#21,"""여긴 참아야 할 때란 거지<br>맡겨 줘, 기다리는 건 잘해!"""
TacticsMassedAttack#21,"""공격을 한곳에 집중하자……<br>응, 알겠어!"""
TacticsAttack#21,"""내가 미끼가 될 테니까<br>그 틈에 부탁해!"""
Avoid#60,"""얏!"""
HealSelf#60,"""회복, 회복!"""
BuffSelf#60,"""보조도 잊으면 안 되지"""
HealOther#60,"""괜찮아?<br>무리하지 마"""
BuffOther#60,"""아, 잠깐 기다려<br>보조도 걸어 줄게"""
QuestStart1#60,"""좋아, 힘낼게!"""
QuestStart2#15,"""너와 함께라면……응<br>분명 괜찮을 거야!"""
QuestEnd1#60,"""정말 든든했어!"""
QuestEnd2#19,"""정말 대단해!\u3000대단해!"""
IncidentStart#60,"""어, 뭐야, 무슨 일이 일어난 거야?"""
IncidentSuccess#60,"""다행이다, 어떻게든 해냈네"""
IncidentFailure#60,"""으으……미안해……<br>발목만 잡았어……"""
PSE#60,"""포톤의 느낌이 변했어……<br>PSE라는 건가?"""
PSELevelUp#60,"""계속 이어지는 것 같아!<br>더욱더 힘내자!"""
PSEBurst#60,"""와아……이게 PSE 버스트라는<br>거구나, 굉장해!"""
HP30#60,"""윽……아, 아직 멀었어<br>난 아직 괜찮아!"""
HP10#60,"""……으윽!<br>미안, 조금 위험할지도……"""
ItemRare#60,"""앗, 그거<br>희귀한 물건이지?"""
DamageSmall#60,"""아야!"""
DamageMiddle#60,"""아야!"""
DamageLarge#60,"""와와왓!"""
Trap#60,"""어, 어, 함정!?"""
ThankTrapRescue#60,"""미안해……<br>정말 큰 도움 됐어"""
TrapRescueOther#60,"""괜찮아?<br>함정은 조심해"""
MemberDamaged#60,"""무리하지 말고 물러나!<br>괜찮아, 나도 있으니까!"""
MemberDead#60,"""이럴 수가!<br>이렇게 될 줄은……!"""
AbilityExe#60,"""응, 힘낼 테니까!"""
AbilitySpecial#60,"""좋아, 힘내 볼까!"""
Resurrect#60,"""이번엔 힘낼게!"""
PartyJoin#69,"""/ci1 1 잘 부탁해!"""
Marvelous#60,"""대단해!\u3000나도 힘내야겠어!"""
IncidentJsApcBegin#63,"""/mn2 /ci1 2 아, <%me>!<br>잠깐 도와줄 수 있을까?<br>같이 행사장을 지키자!"""
IncidentJsApcFailure#60,"""/mn5 으으……<br>이렇게 될 줄은 몰랐어.<br>나, 한심하네……"""
IncidentJsApcSuccess#63,"""/mn37 /ci2 1 고마워, 살았어!<br>끝까지 행사장을 지키도록 힘낼게.<br>이벤트, 같이 즐기자!"""
IncidentJsApcBeginEvo#62,"""/mn2 /ci4 2 이 분위기……<br>아직 더 올까?"""
EnemyWeak#61,"""이 정도면 괜찮아"""
EnemyLarge#61,"""와, 크다!"""
EnemyBoss#61,"""강해 보여……그래도 안 져!"""
EnemyRare#61,"""와왓, 희귀종이다!"""
EnemyBoost#61,"""……정말 불길한 느낌의 적이야"""
WeatherChange#7,"""대기의 포톤이 술렁이는 건가?"""
DestroyEnemy1#61,"""응, 잘됐어!"""
DestroyEnemy2#61,"""좋아, 느낌 좋아!"""
DestroyEnemy3#58,"""해냈다!"""
CondFreeze#61,"""어, 얼어붙었어!?"""
CondBurn#61,"""뜨거, 뜨거워!"""
CondShock#61,"""모, 몸이 저려어어……!"""
CondPoison#61,"""으으……독인가, 속이 안 좋아……"""
CondPanic#61,"""어, 어, 어떡하지이이!<br>뭘 어떻게 해야 했더라!<br>보이는 대로 날려 버릴까?"""
CondStan#61,"""모, 몸을 마음대로 못 움직이겠어……!"""
CondMirage#61,"""뭔가 시야가 몽롱해……"""
Die#61,"""실패해 버렸어, 미안해……"""
ThankHeal#61,"""아……고마워"""
ThankBuff#61,"""후훗, 고마워"""
ThankCure#61,"""으으, 미안해, 고마워"""
DefeatEnemy#61,"""끝난 것 같네"""
LevelUp#61,"""앗, 축하해!"""
InvokeSkill1#59,"""전력으로, 간다!"""
InvokeSkill2#57,"""하아아아앗!"""
InvokeSkill3#55,"""이걸로 끝낼게!"""
TechFire#28,"""내가 할 수 있는 걸, 최선을 다해!"""
TechIce#29,"""지지 않을 거야!"""
TechThunder#30,"""봐주지 않을 거야!"""
TechWind#28,"""베어 버려!"""
TechLight#32,"""빛이여."""
TechDark#30,"""꿰뚫어!"""
PBFull#59,"""<%me>!<br>우리도 준비됐어!"""
PBRelease#61,"""난 이제……혼자가 아니니까!"""
TacticsFree#22,"""응, 알겠어!<br>자유롭게 움직여 볼게!"""
TacticsGuard#22,"""여긴 참아야 할 때란 거지<br>맡겨 줘, 기다리는 건 잘해!"""
TacticsMassedAttack#22,"""공격을 한곳에 집중하자……<br>응, 알겠어!"""
TacticsAttack#22,"""내가 미끼가 될 테니까<br>그 틈에 부탁해!"""
Avoid#61,"""얏!"""
HealSelf#61,"""회복, 회복!"""
BuffSelf#61,"""보조도 잊으면 안 되지"""
HealOther#61,"""괜찮아?<br>무리하지 마"""
BuffOther#61,"""아, 잠깐 기다려<br>보조도 걸어 줄게"""
QuestStart1#61,"""좋아, 힘낼게!"""
QuestStart2#16,"""너와 함께라면……응<br>분명 괜찮을 거야!"""
QuestEnd1#61,"""정말 든든했어!"""
QuestEnd2#20,"""정말 대단해!\u3000대단해!"""
IncidentStart#61,"""어, 뭐야, 무슨 일이 일어난 거야?"""
IncidentSuccess#61,"""다행이다, 어떻게든 해냈네"""
IncidentFailure#61,"""으으……미안해……<br>발목만 잡았어……"""
PSE#61,"""포톤의 느낌이 변했어……<br>PSE라는 건가?"""
PSELevelUp#61,"""계속 이어지는 것 같아!<br>더욱더 힘내자!"""
PSEBurst#61,"""와아……이게 PSE 버스트라는<br>거구나, 굉장해!"""
HP30#61,"""윽……아, 아직 멀었어<br>난 아직 괜찮아!"""
HP10#61,"""……으윽!<br>미안, 조금 위험할지도……"""
ItemRare#61,"""앗, 그거<br>희귀한 물건이지?"""
DamageSmall#61,"""아야!"""
DamageMiddle#61,"""아야!"""
DamageLarge#61,"""와와왓!"""
Trap#61,"""어, 어, 함정!?"""
ThankTrapRescue#61,"""미안해……<br>정말 큰 도움 됐어"""
TrapRescueOther#61,"""괜찮아?<br>함정은 조심해"""
MemberDamaged#61,"""무리하지 말고 물러나!<br>괜찮아, 나도 있으니까!"""
MemberDead#61,"""이럴 수가!<br>이렇게 될 줄은……!"""
AbilityExe#61,"""응, 힘낼 테니까!"""
AbilitySpecial#61,"""좋아, 힘내 볼까!"""
Resurrect#61,"""이번엔 힘낼게!"""
PartyJoin#70,"""/ci1 1 잘 부탁해!"""
Marvelous#61,"""대단해!\u3000나도 힘내야겠어!"""
IncidentJsApcBegin#64,"""/mn2 /ci4 2 아, <%me>!<br>갑자기 적이 잔뜩 나타나서<br>큰일이야. 도와줄 수 있을까?"""
IncidentJsApcSuccess#64,"""/mn37 /ci2 2 후우, 어떻게든 끝난 것 같아.<br>도와줘서 고마워.<br>이 기세로 행사장을 지키자!"""
EnemyWeak#62,"""뭐야, 맥 빠지는군."""
EnemyLarge#62,"""모습은 큰 것 같지만<br>힘은 어떨까…?"""
EnemyBoss#62,"""칫, 귀찮은 적이 나타났군!"""
EnemyRare#62,"""오, 희귀한 녀석이군."""
EnemyBoost#62,"""뭐지, 이 분위기는…"""
DestroyEnemy1#62,"""제대로 들어갔다!"""
DestroyEnemy2#62,"""끝이다!"""
DestroyEnemy3#59,"""다음!"""
CondFreeze#62,"""동결이라고… 이놈!"""
CondBurn#62,"""연소라고… 이놈!"""
CondShock#62,"""감전이라고… 이놈!"""
CondPoison#62,"""독이라고… 이놈!"""
CondPanic#62,"""혼란이라고… 이놈!"""
CondStan#62,"""꼼짝도 못 한다고… 이놈!"""
CondMirage#62,"""환혹이라고… 이놈!"""
Die#62,"""이… 내가…"""
ThankHeal#62,"""살았다!"""
ThankBuff#62,"""좋은 판단이다!"""
ThankCure#62,"""감사한다!"""
DefeatEnemy#62,"""좋아, 일단락됐군!"""
LevelUp#62,"""노력이 결실을 맺었군."""
InvokeSkill1#60,"""이걸로 끝이다!"""
InvokeSkill2#58,"""이 일격으로!"""
InvokeSkill3#56,"""마무리다!"""
PBFull#60,"""이제 적당히 해!"""
PBRelease#62,"""힘을 해방한다!"""
TacticsFree#23,"""자유롭게 하겠다!"""
TacticsGuard#23,"""방어를 굳힌다!"""
TacticsMassedAttack#23,"""한 점 돌파다!"""
TacticsAttack#23,"""내가 적을 끌어들이겠다!"""
Avoid#62,"""이얏!"""
HealSelf#62,"""회복한다!"""
BuffSelf#62,"""대충하진 않는다."""
HealOther#62,"""위험할 뻔했군."""
BuffOther#62,"""지원한다!"""
QuestStart1#62,"""자, 가 볼까."""
QuestStart2#17,"""네가 함께라면 안심이다."""
QuestEnd1#62,"""이걸로 끝이군."""
QuestEnd2#21,"""역시, 안심되는군."""
IncidentStart#62,"""뭔가 일어난다!"""
IncidentSuccess#62,"""성공한 모양이다."""
IncidentFailure#62,"""…미안하다."""
PSE#62,"""음, 시작된 모양이군."""
PSELevelUp#62,"""계속 이어 간다!"""
PSEBurst#62,"""이 정도 효과가 나오다니!"""
HP30#62,"""아직이다!"""
HP10#62,"""이대로는…"""
ItemRare#62,"""좋은 물건을 찾았군!"""
DamageSmall#62,"""큭"""
DamageMiddle#62,"""으악"""
DamageLarge#62,"""크악"""
Trap#62,"""이 정도 함정에…!"""
ThankTrapRescue#62,"""살았다!"""
TrapRescueOther#62,"""조심해라!"""
MemberDamaged#62,"""괜찮나?"""
MemberDead#62,"""이놈… 용서 못 한다!"""
AbilityExe#62,"""/toge 이제 감이 잡히는군!"""
AbilitySpecial#62,"""/toge 내게 맡겨라!"""
Resurrect#62,"""…아직 할 수 있다!"""
PartyJoin#71,"""/ci1 1 잘 부탁한다."""
Marvelous#62,"""역시 대단하군!"""
IncidentJsApcBegin#65,"""/ci2 1 오, 마침 잘 와 주었군!<br>적의 수가 조금 많아서<br>도와주지 않겠나."""
IncidentJsApcFailure#61,"""...큭, 이렇게 될 줄이야.<br>미안하다. 먼저 후퇴하겠다."""
IncidentJsApcSuccess#65,"""/ci2 1 좋아, 다 처리한 모양이군!<br>고맙다. 네 덕분에<br>어떻게든 해냈어."""
IncidentJsApcBeginEvo#63,"""/ci3 1 이 공기...<br>증원이 올지도 모르겠군.<br>준비와 경계를 잊지 마라."""
EnemyWeak#63,"""…약해 보여."""
EnemyLarge#63,"""…크네."""
EnemyBoss#63,"""…조금 귀찮아."""
EnemyRare#63,"""…아, 희귀하네."""
EnemyBoost#63,"""…뭐야, 이 분위기."""
DestroyEnemy1#63,"""…끝."""
DestroyEnemy2#63,"""……다음"""
DestroyEnemy3#60,"""…이걸로 끝."""
CondFreeze#63,"""…큭, 동결.<br>움직일 수 없어…"""
CondBurn#63,"""…너무 뜨거워."""
CondShock#63,"""…몸이 저려."""
CondPoison#63,"""…큭, 이거 독이야."""
CondPanic#63,"""…어질어질해서 시야가…"""
CondStan#63,"""…움직여, 내 몸."""
CondMirage#63,"""…눈앞이 흐려."""
Die#63,"""이런 건… 싫어…"""
ThankHeal#63,"""…고마워."""
ThankBuff#63,"""…좋은 판단이네."""
ThankCure#63,"""…감사할게."""
DefeatEnemy#63,"""…일단락됐네."""
LevelUp#63,"""…노력한 결과네."""
TechFire#29,"""…불타라."""
TechIce#30,"""…얼어붙어."""
TechThunder#31,"""…감전돼."""
TechWind#29,"""…날아가."""
TechLight#33,"""…빛이여."""
TechDark#31,"""…어둠이여."""
PBFull#61,"""…이제 적당히 해."""
PBRelease#63,"""…해방할게."""
TacticsFree#24,"""…자유롭게 할게."""
TacticsGuard#24,"""…방어를 확실히."""
TacticsMassedAttack#24,"""…집중해서 노릴게."""
TacticsAttack#24,"""…내가 미끼가 될게."""
Avoid#63,"""…위험했네."""
HealSelf#63,"""…회복해야지."""
BuffSelf#63,"""…대충하진 않을 거야."""
HealOther#63,"""…회복, 잊지 마."""
BuffOther#63,"""…보조할게."""
QuestStart1#63,"""…가자."""
QuestStart2#18,"""…네가 함께라면 안심이야."""
QuestEnd1#63,"""…수고했어."""
QuestEnd2#22,"""…안심감이 다르네."""
IncidentStart#63,"""…뭔가 일어날 것 같아."""
IncidentSuccess#63,"""…성공한 모양이야."""
IncidentFailure#63,"""……미안해"""
PSE#63,"""…뭔가 시작됐어."""
PSELevelUp#63,"""…계속 이어 가자."""
PSEBurst#63,"""…이 정도 효과가 있다니."""
HP30#63,"""…아직은."""
HP10#63,"""…이대로는."""
ItemRare#63,"""…그거 좋은 물건이야."""
DamageSmall#63,"""…윽."""
DamageMiddle#63,"""…크윽."""
DamageLarge#63,"""…아윽!"""
Trap#63,"""…함정에 걸리다니."""
ThankTrapRescue#63,"""…고마워."""
TrapRescueOther#63,"""…조심해."""
MemberDamaged#63,"""……괜찮아?"""
MemberDead#63,"""…용서 못 해."""
AbilityExe#63,"""/toge …감이 잡히기 시작했어."""
AbilitySpecial#63,"""/toge …나한테 맡겨."""
Resurrect#63,"""…아직 할 수 있으니까."""
PartyJoin#72,"""/ci1 1 …잘 부탁해."""
Marvelous#63,"""…역시 대단해."""
IncidentJsApcBegin#66,"""/ci4 5 ...마침 잘 왔어.<br>적이 너무 많으니 도와줘."""
IncidentJsApcFailure#62,"""...미안해, 더는<br>싸울 수 없어. 후퇴할게."""
IncidentJsApcSuccess#66,"""/ci1 5 ...나 혼자였으면 위험했어.<br>그러니까 제대로 말할게.<br>...고마워."""
IncidentJsApcBeginEvo#64,"""/ci4 5 ...증원이 올 것 같아.<br>주의하고 단단히 준비해."""
EnemyWeak#64,"""후후후…… 이 정도 상대라면<br>저 혼자서도 충분하답니다!"""
EnemyLarge#64,"""크다고 다 좋은 건<br>아니라고요!"""
EnemyBoss#64,"""으으…… 왠지 강해 보여요……<br>못 본 척하고 싶네요."""
EnemyRare#64,"""어머?\u3000저기 계신 건<br>희귀종이라는 녀석 아닌가요?"""
EnemyBoost#64,"""으으음……<br>정말 기분 나쁜 기운을 풍기는<br>에너미네요……"""
WeatherChange#8,"""환경 변화도 아무 문제 없답니다!"""
DestroyEnemy1#64,"""해냈어요!"""
DestroyEnemy2#64,"""어떤가요!"""
DestroyEnemy3#61,"""보셨나요?"""
CondFreeze#64,"""물에 젖은 미녀……<br>가 아니라, 얼었잖아!\u3000차가워!"""
CondBurn#64,"""불타오르는 듯한 열정……<br>이 아니라, 너무 뜨겁잖아요!"""
CondShock#64,"""저릴 만큼 자극적……<br>이 아니라, 진짜 저려 와요……!"""
CondPoison#64,"""후훗, 미녀는 독을 품는 법……<br>……저, 미녀 안 해도 되니까<br>해독을, 해독을 해 주세요!"""
CondPanic#64,"""후후후……<br>지금이라면 아무것도 못 할 것 같은<br>그런 기분이 들어요!"""
CondStan#64,"""뭐라 하셔도<br>전 여기서 한 발짝도 안 움직여요!<br>랄까, 움직일 수가 없어요!"""
CondMirage#64,"""늘 꿈에 빠져 사는 제게 환각이라니!<br>……어머?\u3000저기에<br>아주 맛있어 보이는 케이크가……"""
Die#64,"""이젠 안 돼…… 쉬게 해 주세요……"""
ThankHeal#64,"""감사드려요!"""
ThankBuff#64,"""강해진 기분이에요!"""
ThankCure#64,"""기분 상쾌하다는 게 이런 거군요!"""
DefeatEnemy#64,"""이걸로 한 건 해결이에요!<br>자자, 다음 장소로 가죠."""
LevelUp#64,"""저한테도 나눠 주시겠어요?"""
InvokeSkill1#61,"""넋을 놓고 보셔도 돼요?"""
InvokeSkill2#59,"""이걸로 끝이에요!"""
InvokeSkill3#57,"""할 때는 한답니다!"""
PBFull#62,"""이쪽은 준비 완료랍니다!"""
PBRelease#64,"""힘을 빌려주세요."""
TacticsFree#25,"""맡겨 주세요!<br>지금보다 더 자유롭게<br>움직여 보이겠어요!"""
TacticsGuard#25,"""맡겨 주세요!<br>확실히 버텨 보이겠어요!"""
TacticsMassedAttack#25,"""맡겨 주세요!<br>집중 공격으로 가죠!"""
TacticsAttack#25,"""맡겨 주세요!<br>그런데 제가 미끼인가요!?"""
Avoid#64,"""화려하게 회피!"""
HealSelf#64,"""아직 죽고 싶지는 않으니까요."""
BuffSelf#64,"""부족한 힘은 보조로 보충!"""
HealOther#64,"""무리하지 마세요!"""
BuffOther#64,"""능력 강화도 잊지 마세요!"""
QuestStart1#64,"""잘 부탁드리겠습니다."""
QuestStart2#19,"""당신과 함께라면<br>저, 뭐든 할 수 있을 것 같아요!<br>뭐, 아마 기분 탓이겠지만요!"""
QuestEnd1#64,"""계속 당신에게<br>업혀 가기만 했지만……<br>끝이 좋으면 된 거예요!"""
QuestEnd2#23,"""이걸로 임무 완료네요!"""
IncidentStart#64,"""장애물을 넘어야 성장하는 법!<br>뭐든 덤비라고 하세요!"""
IncidentSuccess#64,"""해냈네요!<br>당신과 함께여서 편했……<br>아니, 당신 덕분이에요!"""
IncidentFailure#64,"""으으……<br>제가 발목을 잡았네요……"""
PSE#64,"""으음, 으으음!<br>이건 PSE의 느낌이에요!"""
PSELevelUp#64,"""해냈어요!<br>계속해서 이어 가죠!"""
PSEBurst#64,"""훌륭해요!<br>이게 PSE 버스트예요!"""
HP30#64,"""왠지 엄청 집중적으로<br>노려지는 기분이……"""
HP10#64,"""전력 분석, 제대로 했네요.<br>가장 약한 저부터 공격하다니<br>……사, 살려주세요!"""
ItemRare#64,"""좋은 물건 주우셨나요?"""
DamageSmall#64,"""아야!"""
DamageMiddle#64,"""와와왓!"""
DamageLarge#64,"""너무해요……"""
Trap#64,"""잠깐, 함정이라니!<br>왜 이런 게 있는 거예요!?"""
ThankTrapRescue#64,"""사, 살았어요……"""
TrapRescueOther#64,"""함정을 조심하세요!<br>저도 아까 걸릴 뻔<br>했으니까요!"""
MemberDamaged#64,"""무리하지 마세요!"""
MemberDead#64,"""……용서 못 해요.<br>절대로 용서 못 해요!"""
AbilityExe#64,"""후후후, 지금부터는<br>제 차례랍니다!"""
AbilitySpecial#64,"""제게 맡겨 주세요!"""
Resurrect#64,"""슬슬 일어날까요."""
PartyJoin#73,"""/ci1 1 제가 등장했답니다!"""
Marvelous#64,"""훌륭한 솜씨예요!"""
IncidentJsApcBegin#67,"""/toge /ci3 2 아, 아, 당신은!<br>정말 좋은 타이밍이에요!<br>도와주시겠어요!"""
IncidentJsApcFailure#63,"""으윽…… 더는 무리예요……<br>죄송하지만 철수할게요."""
IncidentJsApcSuccess#67,"""/ci2 2 아니, 한때는 어찌 되나 했는데……<br>정말 정말 감사해요!<br>고맙습니다!"""
IncidentJsApcBeginEvo#65,"""/ci1 2 후우, 어떻게든 돼서 다행……<br>……이라고 할 수 없겠네요.<br>조금 더 함께해 주시겠어요?"""
EnemyWeak#65,"""힘 시험조차 안 되는군."""
EnemyLarge#65,"""조금은 손맛이 있겠군."""
EnemyBoss#65,"""시험 상대로는 충분하다."""
EnemyRare#65,"""……희귀종인가."""
EnemyBoost#65,"""불길한 기운을 내뿜는군."""
WeatherChange#9,"""바람의 방향이 바뀌었나."""
DestroyEnemy1#65,"""다음."""
DestroyEnemy2#65,"""좋은 데이터를 얻었군."""
DestroyEnemy3#62,"""다음 목표로 이동한다."""
CondFreeze#65,"""동결 상태인가……"""
CondBurn#65,"""연소 상태인가……"""
CondShock#65,"""감전 상태인가……"""
CondPoison#65,"""이건…… 독인가……"""
CondPanic#65,"""쳇, 정상적인 판단을 할 수 없다……"""
CondStan#65,"""몸을 자유롭게 움직일 수 없다……"""
CondMirage#65,"""쳇, 환각이……"""
Die#65,"""전투 지속은 불가능……한가."""
ThankHeal#65,"""미안하다."""
ThankBuff#65,"""고맙다."""
ThankCure#65,"""번거롭게 했군."""
DefeatEnemy#65,"""제압 완료"""
LevelUp#65,"""강해지는 건 좋은 일이다."""
InvokeSkill1#62,"""이걸로 끝이다."""
InvokeSkill2#60,"""여기서 끝낸다."""
InvokeSkill3#58,"""놓치지 않는다."""
TechFire#30,"""불타라."""
TechIce#31,"""얼어붙어라."""
TechThunder#32,"""번개여."""
TechWind#30,"""바람이여."""
TechLight#34,"""빛이여."""
TechDark#32,"""어둠이여."""
PBFull#63,"""준비가 된 모양이군."""
PBRelease#65,"""포톤 블래스트를 기동한다."""
TacticsFree#26,"""그럼, 자유롭게 움직이도록 하지."""
TacticsGuard#26,"""그럼, 수비를 굳히도록 하지."""
TacticsMassedAttack#26,"""그럼, 한 점을 돌파하지."""
TacticsAttack#26,"""미끼는 내게 맡겨라."""
Avoid#65,"""느려."""
HealSelf#65,"""아슬아슬했군."""
BuffSelf#65,"""봐주지 않겠다."""
HealOther#65,"""방심이 지나치다."""
BuffOther#65,"""엄호한다."""
QuestStart1#65,"""임무를 시작한다."""
QuestStart2#20,"""네게 의지하지."""
QuestEnd1#65,"""역시 대단하군."""
QuestEnd2#24,"""이 결과는 네 덕분이다."""
IncidentStart#65,"""분위기가 바뀌었군……<br>뭔가 일어난다. 조심해라."""
IncidentSuccess#65,"""훌륭한 결과군."""
IncidentFailure#65,"""……아쉬운 결과다."""
PSE#65,"""포톤이 흔들리고 있다……<br>PSE의 전조인가."""
PSELevelUp#65,"""PSE…… 아직 계속되는 모양이군."""
PSEBurst#65,"""이게 소문으로 듣던<br>PSE 버스트라는 건가."""
HP30#65,"""칫"""
HP10#65,"""위험하군……"""
ItemRare#65,"""그건 좋은 물건이다."""
DamageSmall#65,"""손상 경미……"""
DamageMiddle#65,"""크윽."""
DamageLarge#65,"""……손상이 크군."""
Trap#65,"""트랩인가!"""
ThankTrapRescue#65,"""……미안하다, 살았다."""
TrapRescueOther#65,"""괜찮나?"""
MemberDamaged#65,"""일단 물러나라."""
MemberDead#65,"""……내 역량 부족이다."""
AbilityExe#65,"""이제부터가 진짜다."""
AbilitySpecial#65,"""이 상태라면…… 할 수 있다."""
Resurrect#65,"""……빚은 갚도록 하지."""
PartyJoin#74,"""/ci1 1 기대에는 전력으로 부응하지."""
Marvelous#65,"""상상 이상이군."""
IncidentJsApcBegin#68,"""/ci3 2 마침 잘 와 줬군.<br>조금 애먹고 있다.<br>도와주지 않겠나?"""
IncidentJsApcFailure#64,"""……내가 미숙했다.<br>물러나도록 하지."""
IncidentJsApcSuccess#68,"""/ci1 2 임무 완료.<br>협력에 감사한다."""
IncidentJsApcBeginEvo#66,"""/ci1 2 임무 완료…… 아니,<br>이 반응은 아무래도 아직<br>더 오는 모양이군."""
EnemyWeak#66,"""오, 이 녀석은 약해 보이네."""
EnemyLarge#66,"""우와, 엄청 크네…"""
EnemyBoss#66,"""야, 잠깐만.<br>이런 게 있단 말은 못 들었어!"""
EnemyRare#66,"""음, 뭐야 저건?<br>별로 못 보던 녀석 아니야?"""
EnemyBoost#66,"""…뭔가 위험한 분위기야!"""
DestroyEnemy1#66,"""좋았어!"""
DestroyEnemy2#66,"""해냈어!"""
DestroyEnemy3#63,"""제대로 들어갔다!"""
CondFreeze#66,"""추추추추, 추워!"""
CondBurn#66,"""뜨거, 뜨거워!"""
CondShock#66,"""저, 저저저저려!"""
CondPoison#66,"""으으… 독…?<br>속이 안 좋아…"""
CondPanic#66,"""세, 세상이 빙빙 돌아아아"""
CondStan#66,"""몸이 안 움직여…<br>이게 뭐야!"""
CondMirage#66,"""뭐야?<br>세상이 흐릿해졌어?"""
Die#66,"""겨우 찾아냈는데……"""
ThankHeal#66,"""후, 살았다."""
ThankBuff#66,"""좋아, 힘내 보자!"""
ThankCure#66,"""이제 개운하네.<br>고마워."""
DefeatEnemy#66,"""후, 어떻게든 해냈나?"""
LevelUp#66,"""나도 질 순 없지!"""
InvokeSkill1#63,"""움직이지 마!"""
InvokeSkill2#61,"""나도 한다고!"""
InvokeSkill3#59,"""보였다, 거기다!"""
TechThunder#33,"""견제 정도는 되겠지!"""
PBFull#64,"""이제 적당히 좀 하라고!"""
PBRelease#66,"""비장의 수 발동!"""
TacticsFree#27,"""자유롭게 해도 되는 거지!"""
TacticsGuard#27,"""도망치는 건 자신 있어!"""
TacticsMassedAttack#27,"""집중 포화다!"""
TacticsAttack#27,"""내, 내가 시선을 끌게!<br>…빨리 도와주는 거지?"""
Avoid#66,"""우왓!"""
HealSelf#66,"""죽는 줄 알았네."""
BuffSelf#66,"""준비는 확실히 해야지!"""
HealOther#66,"""야, 괜찮아?"""
BuffOther#66,"""보조하는 거 잊지 마!"""
QuestStart1#66,"""좋아, 가자!"""
QuestStart2#21,"""같이 힘내자, 파트너!"""
QuestEnd1#66,"""끝났다!"""
QuestEnd2#25,"""해냈다, 파트너!<br>완벽했지!"""
IncidentStart#66,"""뭐, 뭐야?"""
IncidentSuccess#66,"""좋았어!"""
IncidentFailure#66,"""이런…"""
PSE#66,"""좋아, 시작됐다!"""
PSELevelUp#66,"""계속 이어 가자!"""
PSEBurst#66,"""왔다, 왔다, 왔어!"""
HP30#66,"""잠깐, 진정하라고!<br>진짜 아프다니까!"""
HP10#66,"""이제 도망치고 싶어…"""
ItemRare#66,"""나도 갖고 싶네."""
DamageSmall#66,"""큭"""
DamageMiddle#66,"""큭"""
DamageLarge#66,"""이런……!"""
Trap#66,"""함정이잖아!?"""
ThankTrapRescue#66,"""고, 고마워."""
TrapRescueOther#66,"""위험할 뻔했네!"""
MemberDamaged#66,"""무리하지 마!"""
MemberDead#66,"""…어떻게 된 거야?<br>젠장!"""
AbilityExe#66,"""/toge 헤헤, 감이 좋아지기 시작했어!"""
AbilitySpecial#66,"""/toge 맡겨 두라니까!"""
Resurrect#66,"""……아직 멀었어, 지금부터라고!"""
PartyJoin#75,"""/ci1 1 늘 하던 대로 부탁한다, 파트너"""
Marvelous#66,"""역시 대단하군!"""
IncidentJsApcBegin#69,"""/toge /ci2 2 파트너!\u3000마침 잘 왔어!<br>나 혼자선 감당 못 할 수야……<br>미안하지만 도와줘!"""
IncidentJsApcFailure#65,"""이, 이 이상은 힘들어...<br>미안, 파트너. 난 후퇴할게."""
IncidentJsApcSuccess#69,"""/ci2 1 일단 정리된 모양이네.<br>역시 네가 있으니 천군만마야!<br>고마워, 파트너!"""
IncidentJsApcBeginEvo#67,"""/toge /ci3 2 뭐, 뭐야!<br>엄청 거대한 적성 반응이야!?<br>파트너, 조심해!"""
EnemyWeak#67,"""후후, 귀여워요{whi}<pict cute_icon>{def}"""
EnemyLarge#67,"""조금 강해 보이네요~"""
EnemyBoss#67,"""꺄{whi}<pict cute_icon>{def}\u3000엄청 커요{whi}<pict cute_icon>{def}"""
EnemyRare#67,"""레어인 아이가 있어요{whi}<pict cute_icon>{def}"""
EnemyBoost#67,"""새빨개져서 귀여워요{whi}<pict cute_icon>{def}"""
DestroyEnemy1#67,"""어때요~?"""
DestroyEnemy2#67,"""에잇{whi}<pict cute_icon>{def}"""
DestroyEnemy3#64,"""해치웠어요{whi}<pict cute_icon>{def}"""
CondFreeze#67,"""꽁꽁 얼었어요……{whi}<pict cute_icon>{def}"""
CondBurn#67,"""몸이 뜨거워요……{whi}<pict cute_icon>{def}"""
CondShock#67,"""몸속 깊이까지 저려요……{whi}<pict cute_icon>{def}"""
CondPoison#67,"""귀여운 것에는<br>독이 있답니다……{whi}<pict cute_icon>{def}"""
CondPanic#67,"""어머, 저를 비틀거리게 해서<br>어쩔 셈인가요{whi}<pict cute_icon>{def}"""
CondStan#67,"""어질어질해요{whi}<pict cute_icon>{def}"""
CondMirage#67,"""어머~ 공격이 안 맞아요~{whi}<pict cute_icon>{def}"""
Die#67,"""미안해요~"""
ThankHeal#67,"""회복 감사합니다{whi}<pict cute_icon>{def}"""
ThankBuff#67,"""보조, 기뻐요{whi}<pict cute_icon>{def}"""
ThankCure#67,"""살았어요{whi}<pict cute_icon>{def}"""
DefeatEnemy#67,"""이걸로 방해되는 벌레는<br>없어졌네요……{whi}<pict cute_icon>{def}"""
LevelUp#67,"""어머, 축하드려요~"""
InvokeSkill1#64,"""에잇{whi}<pict cute_icon>{def}"""
InvokeSkill2#62,"""자~{whi}<pict cute_icon>{def}"""
InvokeSkill3#60,"""봐 주세요{whi}<pict cute_icon>{def}"""
TechFire#31,"""불타올라 보죠{whi}<pict cute_icon>{def}"""
TechIce#32,"""딱딱하게 만들어 드릴게요……{whi}<pict cute_icon>{def}"""
TechThunder#34,"""찌릿하게 만들어 드릴게요……{whi}<pict cute_icon>{def}"""
TechWind#31,"""마구 휘저어 드릴게요……{whi}<pict cute_icon>{def}"""
TechLight#35,"""광원으로 쓰기 좋겠어요{whi}<pict cute_icon>{def}"""
TechDark#33,"""어둡게 하고 즐겨요{whi}<pict cute_icon>{def}"""
PBFull#65,"""저……차올라 버렸어요……{whi}<pict cute_icon>{def}"""
PBRelease#67,"""포톤 블래스트~!"""
Avoid#67,"""안 맞아요{whi}<pict cute_icon>{def}"""
HealSelf#67,"""제가 직접 할게요{whi}<pict cute_icon>{def}"""
BuffSelf#67,"""파워 업이에요{whi}<pict cute_icon>{def}"""
HealOther#67,"""잔뜩 치유받으세요{whi}<pict cute_icon>{def}"""
BuffOther#67,"""기운 내세요{whi}<pict cute_icon>{def}"""
QuestStart1#67,"""그렇게 긴장하지 않아도<br>괜찮아요~{whi}<pict cute_icon>{def}"""
QuestEnd1#67,"""수고하셨어요~{whi}<pict cute_icon>{def}"""
IncidentStart#67,"""뭔가……와 버릴 것 같아요……"""
IncidentSuccess#67,"""후후, 멋졌어요{whi}<pict cute_icon>{def}"""
IncidentFailure#67,"""아쉬워요……다음엔 힘내요{whi}<pict cute_icon>{def}"""
PSE#67,"""PSE네요~"""
PSELevelUp#67,"""PSE가 강해지고 있어요{whi}<pict cute_icon>{def}"""
PSEBurst#67,"""버스트해 버렸어요{whi}<pict cute_icon>{def}"""
HP30#67,"""아직 괜찮아요"""
HP10#67,"""이제……안 돼……{whi}<pict cute_icon>{def}"""
ItemRare#67,"""축하드려요~{whi}<pict cute_icon>{def}"""
DamageSmall#67,"""꺅"""
DamageMiddle#67,"""아앙……"""
DamageLarge#67,"""아파요!"""
Trap#67,"""어머……움직일 수 없어요{whi}<pict cute_icon>{def}"""
ThankTrapRescue#67,"""감사합니다.<br>답례하게 해 주세요……{whi}<pict cute_icon>{def}"""
TrapRescueOther#67,"""후후, 위험할 뻔했네요~"""
MemberDamaged#67,"""무리하지 마세요{whi}<pict cute_icon>{def}"""
MemberDead#67,"""괜찮으세요~?"""
AbilityExe#67,"""왠지 몸이 달아올라서……{whi}<pict cute_icon>{def}"""
AbilitySpecial#67,"""후훗{whi}<pict cute_icon>{def}\u3000넷카마의 진심……<br>보여 드릴게요{whi}<pict cute_icon>{def}"""
Resurrect#67,"""아직 더 힘낼게요"""
PartyJoin#76,"""/ci2 1 잘 부탁드려요{whi}<pict cute_icon>{def}"""
Marvelous#67,"""정말 두근거렸어요{whi}<pict cute_icon>{def}"""
IncidentJsApcBegin#70,"""/ci2 2 어머……이런 곳에서 만나다니<br>우연이네요~. 모처럼이니<br>조금 도와주시겠어요?"""
IncidentJsApcFailure#66,"""아아, 실패했네요……<br>발목 잡아서 죄송해요……<br>다음에 기회가 있으면 부탁드려요."""
IncidentJsApcSuccess#70,"""/ci8 1 정말 큰 도움이 됐어요.<br>답례로 나중에 제 방에 오실래요{whi}<pict cute_icon>{def}"""
IncidentJsApcBeginEvo#68,"""/ci1 1 아직 더 하시려고요……?<br>어쩔 수 없네요{whi}<pict cute_icon>{def}"""
EnemyWeak#68,"""빨리 해치우죠"""
EnemyLarge#68,"""부츠의 녹이 되어 주시죠"""
EnemyBoss#68,"""크면 설레네요"""
EnemyRare#68,"""레어 에너미예요!"""
EnemyBoost#68,"""조심하세요!"""
DestroyEnemy1#68,"""이쪽은 끝났습니다"""
DestroyEnemy2#68,"""손맛, 있었어요"""
DestroyEnemy3#65,"""부츠의 녹으로 만들어 드렸습니다"""
CondFreeze#68,"""얼어붙은 메카도 아름다워……"""
CondBurn#68,"""캐스트도 가연성 물질이에요!"""
CondShock#68,"""전기 두른 모습은 그럴듯해서 좋아요.<br>조금 움직이기 어렵지만요"""
CondPoison#68,"""관절 틈새로 독이 스며든다……!<br>같은 느낌이네요."""
CondPanic#68,"""온몸의 파츠가<br>산산이 흩어질 것 같아요……!<br>아, 엄청 흥분되기 시작했어"""
CondStan#68,"""머리가 울리네요……"""
CondMirage#68,"""시야가 번쩍거려서……<br>실수로 차 버리면 죄송해요!"""
Die#68,"""수면 부족이 쌓였나 봅니다……"""
ThankHeal#68,"""회복, 살았습니다!"""
ThankBuff#68,"""보조, 감사합니다!"""
ThankCure#68,"""좋은 상태로 돌아왔습니다!"""
DefeatEnemy#68,"""이 근처는 쓸어버린 것 같네요"""
LevelUp#68,"""오, 해냈군요!"""
InvokeSkill1#65,"""갑니다"""
InvokeSkill2#63,"""이건 어떻습니까?"""
InvokeSkill3#61,"""이얏"""
TechFire#32,"""이런 것도 할 수 있어요!"""
TechIce#33,"""얼려 드리죠!"""
TechThunder#35,"""번개와 로봇……좋죠……"""
TechWind#32,"""폭풍을 일으킬게요!"""
TechLight#36,"""빛이 넘치는 캐스트……<br>야하다……"""
TechDark#34,"""어둠을 두른 캐스트……<br>야하다……"""
PBFull#66,"""이쪽은 준비 만전이에요"""
PBRelease#68,"""엄청 진심으로 갑니다!"""
Avoid#68,"""이런"""
HealSelf#68,"""체력 관리는 중요합니다"""
BuffSelf#68,"""준비는 중요하니까요"""
HealOther#68,"""괜찮으신가요?"""
BuffOther#68,"""보조도 확실히 하죠"""
QuestStart1#68,"""그럼 시작할까요"""
QuestEnd1#68,"""해냈네요!"""
IncidentStart#68,"""오, 뭔가 왔군요"""
IncidentSuccess#68,"""해냈네요~"""
IncidentFailure#68,"""괜찮아요. 다음에 힘내죠"""
PSE#68,"""PSE가 시작됐군요"""
PSELevelUp#68,"""레벨을 더 올리고 싶네요~"""
PSEBurst#68,"""자, 버스트가 왔어요~!"""
HP30#68,"""아직 괜찮을 겁니다"""
HP10#68,"""망가져 가는 캐스트……<br>로망이 있어서 좋네요!"""
ItemRare#68,"""/toge 설마, ★15 부츠인가요!?"""
DamageSmall#68,"""큭"""
DamageMiddle#68,"""아아아아……"""
DamageLarge#68,"""파, 파츠가……!"""
Trap#68,"""함정에 걸려 버렸네요"""
ThankTrapRescue#68,"""감사합니다."""
TrapRescueOther#68,"""조심하세요~"""
MemberDamaged#68,"""무사하신가요?"""
MemberDead#68,"""아~. 당해 버렸네요"""
AbilityExe#68,"""왠지 상태가 좋아요.<br>구체적으로는 관절부가 더 부드럽게!"""
AbilitySpecial#68,"""느낌 좋아졌어요!<br>엄청 기이이잉거릴 거예요~!"""
Resurrect#68,"""지금부터가 캐스트의<br>진정한 실력입니다!"""
PartyJoin#77,"""/ci1 1 마침 한가했어요.<br>어디로 가나요?"""
Marvelous#68,"""오~ 기합이 들어갔군요!"""
IncidentJsApcBegin#71,"""/ci1 2 이런 곳에서 만나다니 우연이네요~.<br>괜찮으시다면<br>조금 도와주실 수 있을까요?"""
IncidentJsApcFailure#67,"""아~ 실패해 버렸네요.<br>뭐, 어쩔 수 없죠.<br>신경 쓰지 마세요~."""
IncidentJsApcSuccess#71,"""/ci2 1 도와주셔서 감사합니다~.<br>이야~ 대단하시네요~.<br>정말 큰 도움이 됐습니다."""
IncidentJsApcBeginEvo#69,"""/ci3 1 이걸로 끝……이 아니군요.<br>추가 주문이 오는 모양이에요.<br>계속 부탁드릴게요~."""
EnemyWeak#69,"""힘내 볼게요!"""
EnemyLarge#69,"""조금 강해 보이네요……"""
EnemyBoss#69,"""큰 게 와 버렸어요~!"""
EnemyRare#69,"""저거, 희귀한 아이 맞죠?"""
EnemyBoost#69,"""와와와, 조금 위험해요~!"""
DestroyEnemy1#69,"""해냈어요~"""
DestroyEnemy2#69,"""후우"""
DestroyEnemy3#66,"""어때요~!"""
CondFreeze#69,"""꽁꽁 얼어 버렸어요……"""
CondBurn#69,"""와왓, 불타고 있어요~!"""
CondShock#69,"""저려 버렸어요오~……"""
CondPoison#69,"""독에 걸려 버렸네요……"""
CondPanic#69,"""와아~ 조작이sdw이상해졌어요ghjk<br>키보드가kku멋대로qwe냥ghj<br>도와주세kltejkyuds요!"""
CondStan#69,"""아아아, 별이 빙빙 돌아요~"""
CondMirage#69,"""공격이 잘 맞지 않아요~"""
Die#69,"""죄송해요……"""
ThankHeal#69,"""감사합니다!"""
ThankBuff#69,"""보조, 기뻐요~!"""
ThankCure#69,"""도와줘서 고마워요~!"""
DefeatEnemy#69,"""열심히 했네요!"""
LevelUp#69,"""와아, 부러워요"""
InvokeSkill1#66,"""이얏"""
InvokeSkill2#64,"""해치울게요~!"""
InvokeSkill3#62,"""이건 어떤가요?"""
TechFire#33,"""불타 버리세요~"""
TechIce#34,"""얼어붙어 버리세요~"""
TechThunder#36,"""저려 버려라~"""
TechWind#33,"""날아가 버리세요~"""
TechLight#37,"""빛이 되어라~"""
TechDark#35,"""새까매져라~"""
PBFull#67,"""준비됐어요~!"""
PBRelease#69,"""굉장한 걸 꺼낼게요~!"""
Avoid#69,"""후와~ 위험했어요~"""
HealSelf#69,"""회복, 회복~"""
BuffSelf#69,"""보조도 해야겠죠~"""
HealOther#69,"""네, 회복 받으세요~"""
BuffOther#69,"""보조 걸어 드릴게요~"""
QuestStart1#69,"""기대돼요~"""
QuestEnd1#69,"""수고하셨어요~"""
IncidentStart#69,"""우왓, 뭔가 온 것 같아요!"""
IncidentSuccess#69,"""해냈네요~!"""
IncidentFailure#69,"""실패는 성공의 어머니니까<br>신경 쓰지 마세요"""
PSE#69,"""PSE가 시작됐네요~"""
PSELevelUp#69,"""PSE 파워 업!"""
PSEBurst#69,"""버스트 왔어요~!"""
HP30#69,"""아직 괜찮으니까요!"""
HP10#69,"""으으, 위험할지도 몰라요……"""
ItemRare#69,"""와아, 축하드려요~"""
DamageSmall#69,"""윽"""
DamageMiddle#69,"""하웃"""
DamageLarge#69,"""아야야"""
Trap#69,"""와아!?\u3000깜짝 놀랐어요……"""
ThankTrapRescue#69,"""도와줘서 고마워요~"""
TrapRescueOther#69,"""와와, 위험해요~"""
MemberDamaged#69,"""무리하지 마세요~"""
MemberDead#69,"""와왓!\u3000큰일이에요, 큰일~!"""
AbilityExe#69,"""왠지 컨디션이 좋은 것 같아요~"""
AbilitySpecial#69,"""저, 뭐든지 할 수 있을 것 같아요!"""
Resurrect#69,"""아직 더 힘낼게요!"""
PartyJoin#78,"""/ci1 1 불러 주셔서 기뻐요~"""
Marvelous#69,"""멋있어요~!"""
IncidentJsApcBegin#72,"""/ci1 2 이런 곳에서 만나다니 신기하네요~.<br>괜찮으면 함께 어떠세요?<br>도와주시면 기쁠 거예요~."""
IncidentJsApcFailure#68,"""실패해 버렸네요……<br>아, 신경 쓰지 않으셔도 돼요~.<br>다음에도 함께해요~."""
IncidentJsApcSuccess#72,"""/ci2 1 도와주셔서 감사합니다~!<br>당신 덕분에 대성공이었어요.<br>다음에도 부탁드릴게요~!"""
IncidentJsApcBeginEvo#70,"""/ci1 2 이걸로 끝인가……했는데, 어라?<br>아직 오는 것 같네요~.<br>조금만 더 함께해 주세요~."""
EnemyWeak#70,"""빨리 해치우죠"""
EnemyLarge#70,"""마음을 다잡고 가죠"""
EnemyBoss#70,"""크지만 문제없습니다"""
EnemyRare#70,"""저건 희귀한 개체군요"""
EnemyBoost#70,"""강한 상대예요. 조심하세요"""
DestroyEnemy1#70,"""별것 아니군요"""
DestroyEnemy2#70,"""이쪽은 쓰러뜨렸습니다"""
DestroyEnemy3#67,"""괜찮으세요?"""
CondFreeze#70,"""……얼어붙고 말았습니다"""
CondBurn#70,"""……불타고 있군요"""
CondShock#70,"""……저리고 말았습니다"""
CondPoison#70,"""……독인가요"""
CondPanic#70,"""제대로 움직일 수 없습니다……"""
CondStan#70,"""죄, 죄송합니다, 움직일 수 없습니다……"""
CondMirage#70,"""공격이 제대로 맞지 않습니다……"""
Die#70,"""방심했습니다"""
ThankHeal#70,"""회복 감사합니다"""
ThankBuff#70,"""보조, 감사합니다"""
ThankCure#70,"""도움이 됐습니다"""
DefeatEnemy#70,"""아무래도 정리된 모양이군요"""
LevelUp#70,"""축하드려요오."""
InvokeSkill1#67,"""갑니다"""
InvokeSkill2#65,"""이건 어떤가요"""
InvokeSkill3#63,"""각오하세요"""
PBFull#68,"""비장의 수 준비, 완료입니다"""
PBRelease#70,"""장난은 여기까지입니다"""
Avoid#70,"""맞지 않습니다"""
HealSelf#70,"""회복해 두겠습니다"""
BuffSelf#70,"""준비해 두겠습니다"""
HealOther#70,"""회복합니다"""
BuffOther#70,"""준비는 중요하니까요"""
QuestStart1#70,"""가죠"""
QuestEnd1#70,"""수고하셨습니다."""
IncidentStart#70,"""이머전시 트라이얼입니다"""
IncidentSuccess#70,"""성공이군요. 수고하셨습니다"""
IncidentFailure#70,"""실패입니다. 다음엔 힘내죠"""
PSE#70,"""PSE가 시작됐군요"""
PSELevelUp#70,"""PSE 레벨 업입니다"""
PSEBurst#70,"""버스트가 일어났군요.<br>모이죠"""
HP30#70,"""전 아직 괜찮습니다"""
HP10#70,"""크윽……"""
ItemRare#70,"""레어 드롭 축하드립니다"""
DamageSmall#70,"""윽"""
DamageMiddle#70,"""아직입니다……"""
DamageLarge#70,"""큭"""
Trap#70,"""……함정에 걸리고 말았습니다"""
ThankTrapRescue#70,"""감사합니다. 살았습니다"""
TrapRescueOther#70,"""함정을 조심하세요"""
MemberDamaged#70,"""HP를 조심하세요"""
MemberDead#70,"""괜찮으신가요?"""
AbilityExe#70,"""컨디션이 좋은 것 같습니다"""
AbilitySpecial#70,"""제게 맡기셔도 괜찮습니다"""
Resurrect#70,"""지금부터입니다"""
PartyJoin#79,"""/ci1 1 잘 부탁드립니다"""
Marvelous#70,"""역시 대단하군요"""
IncidentJsApcBegin#73,"""/ci1 3 안녕하세요. 마침 잘 만났군요.<br>죄송하지만 조금 도와주실 수<br>있을까요?\u3000부탁드립니다."""
IncidentJsApcFailure#69,"""실패하고 말았군요.<br>다음엔 성공하도록 힘내죠."""
IncidentJsApcSuccess#73,"""/ci2 1 협력해 주셔서 감사합니다.<br>도와주신 덕분에<br>무사히 성공했습니다. 그럼 이만."""
IncidentJsApcBeginEvo#71,"""/ci3 1 아무래도 다음이 오는 모양이군요.<br>계속 부탁드립니다."""
EnemyWeak#71,"""어라어라아, 잡몹 씨가<br>길을 잃고 들어왔나요오?"""
EnemyLarge#71,"""큰 건 좋은 일이죠오.<br>어디를 노려도 맞으니까요오."""
EnemyBoss#71,"""굉장히 강해 보이네요오.<br>재미있을 것 같은 상대예요오."""
EnemyRare#71,"""어라어라어라아?<br>희귀한 게 어슬렁거리네요오.<br>한번 쏴 보고 싶네요오."""
EnemyBoost#71,"""저건… 뭘까요오?<br>불길하고 기묘해서<br>무서운 느낌이에요오?"""
DestroyEnemy1#71,"""후후후후훗."""
DestroyEnemy2#71,"""다음 장난감은 어디 있나요오?"""
DestroyEnemy3#68,"""좋네요오.<br>정말 즐거워요오."""
CondFreeze#71,"""꽁꽁 단단하게<br>얼어 버렸네요오.<br>지금 리사는 아주 차가워요오."""
CondBurn#71,"""후훗, 불타는 리사는 어떤가요오?"""
CondShock#71,"""좋네요오, 저릴 때마다<br>방아쇠를 쥐는 게<br>참을 수가 없어요오…"""
CondPoison#71,"""독의 기분 나쁜 느낌도<br>제법 괜찮네요오."""
CondPanic#71,"""혼란스러워도 똑같아요오.<br>리사는 늘 혼란스러운 거나<br>마찬가지니까요오."""
CondStan#71,"""짧은 시간이긴 해도<br>꼼짝할 수 없다니…<br>흥분되네요오."""
CondMirage#71,"""잘 보이지는 않지만<br>뭐, 마구 쏘면 똑같아요오."""
Die#71,"""…나쁘지… 않네요오."""
ThankHeal#71,"""후훗, 살았어요오."""
ThankBuff#71,"""그럼 더더욱 힘내 볼게요오."""
ThankCure#71,"""개운해졌으니<br>더 죽이고 올게요오."""
DefeatEnemy#71,"""다른 적들은 없나요오?"""
LevelUp#71,"""더 강해졌네요오."""
InvokeSkill1#68,"""움직이지 말아 주세요오."""
InvokeSkill2#66,"""기분 좋지 않나요오?"""
InvokeSkill3#64,"""후후훗, 춤춰 주세요오."""
PBFull#69,"""더 재미있는 걸<br>알고 싶나요오?"""
PBRelease#71,"""지금부터 재미있어져요오."""
TacticsFree#28,"""마음대로 하게 해 주세요오."""
TacticsGuard#28,"""수비를 굳힌 다음<br>나중에 백배로 갚아 줘야죠오."""
TacticsMassedAttack#28,"""집중적으로 괴롭혀 드리죠오."""
TacticsAttack#28,"""적 씨, 총소리 나는 이쪽으로요오."""
Avoid#71,"""어라라아?"""
HealSelf#71,"""슬슬 회복이라도 해 볼까요오."""
BuffSelf#71,"""보조가 있으면<br>더 즐길 수 있겠네요오."""
HealOther#71,"""제대로 회복해 주세요오."""
BuffOther#71,"""보조도 잊으면 안 돼요오?"""
QuestStart1#71,"""후훗, 우후후훗."""
QuestStart2#22,"""좋아요오.<br>함께 즐겨 보자고요오."""
QuestEnd1#71,"""끝나 버렸네요오."""
QuestEnd2#26,"""좀 더 오래오래<br>즐기고 싶었는데요오."""
IncidentStart#71,"""후훗, 뭔가 일어나겠네요오."""
IncidentSuccess#71,"""잘된 것 같네요오."""
IncidentFailure#71,"""욕구 불만이네요오."""
PSE#71,"""어머어머어머어머.<br>이건 혹시 그거 아닌가요오?"""
PSELevelUp#71,"""네네네네.<br>계속 이어 가 보자고요오."""
PSEBurst#71,"""후훗, 황홀할 만큼<br>멋지네요오."""
HP30#71,"""기분 좋아지기 시작했어요오."""
HP10#71,"""좋네요오…<br>이 아슬아슬한 느낌."""
ItemRare#71,"""그거 좋은 물건이죠오.<br>좋네요오, 후훗."""
DamageSmall#71,"""윽"""
DamageMiddle#71,"""후훗."""
DamageLarge#71,"""아파."""
Trap#71,"""함정에 걸리는 것도<br>꽤 신선하네요오."""
ThankTrapRescue#71,"""함정에 걸린 놀이는<br>이제 끝인가요오?"""
TrapRescueOther#71,"""함정, 어땠나요오?<br>기분 좋았나요오?"""
MemberDamaged#71,"""무리해도 되는 건<br>리사뿐이에요오?"""
MemberDead#71,"""흐응, 흠흠…<br>이런이런, 오랜만에<br>화가 나 버렸네요."""
AbilityExe#71,"""/toge 우후훗, 후후후훗.<br>감이 살아났어요오."""
AbilitySpecial#71,"""/toge 리사에게 맡겨 주세요오!"""
Resurrect#71,"""좋은 아침이에요."""
PartyJoin#80,"""/ci1 1 조심해 주세요오."""
Marvelous#71,"""사냥감을 빼앗겼네요오."""
IncidentJsApcBegin#74,"""/ci5 2 어머나, 어머나아?<br>먹잇감이 이렇게 많은데<br>왜 리사를 안 불렀나요오?"""
IncidentJsApcFailure#70,"""...으음, 리사는 어쩐지<br>질려 버렸어요. 돌아갈게요오.<br>그럼 안녕히, 안녕히."""
IncidentJsApcSuccess#74,"""/ci4 3 벌써 끝난 건가요오?<br>으음... 더 싸우고 싶은데요오.<br>리사는 슬쩍 떠날게요오."""
IncidentJsApcBeginEvo#72,"""/ci2 4 어라어라어라아?<br>아직 더 오는 모양이에요오?"""
EnemyWeak#72,"""작다고 해서<br>봐주지는 않겠습니다"""
EnemyLarge#72,"""갑옷을 벗어 던진 저를<br>따라올 수 있겠습니까!"""
EnemyBoss#72,"""조금 강해 보입니다.<br>조심하세요"""
EnemyRare#72,"""희귀한 적인 모양입니다"""
EnemyBoost#72,"""붉군요……<br>그러고 보니 히츠기 씨에게 들은<br>딸기 빙수…… 궁금합니다"""
DestroyEnemy1#72,"""방심은 금물입니다!"""
DestroyEnemy2#72,"""거기입니다!"""
DestroyEnemy3#69,"""더위에는 지지 않습니다!"""
CondFreeze#72,"""맨살에 이 냉기는<br>너무 가혹합니다……!"""
CondBurn#72,"""이 몸이 불타듯 뜨거운 건<br>여름 때문일까요?"""
CondShock#72,"""저, 저리고 말았습니다……"""
CondPoison#72,"""이, 이건…… 독……?<br>방심했습니다……"""
CondPanic#72,"""후후, 태양이 내리쬐는 여름 해변에서<br>오라버니께서 수영복을 즐기며…… 앗!?<br>제가 환각을 본 건가요……!?"""
CondStan#72,"""큭, 죄송합니다.<br>움직일 수 없게 되어서……"""
CondMirage#72,"""윽, 시야가……<br>여름 햇빛에 눈이 부신<br>모양입니다……"""
Die#72,"""저는……<br>여기서 죽을 수 없습니다……"""
ThankHeal#72,"""감사합니다!"""
ThankBuff#72,"""도와주셔서 감사합니다!"""
ThankCure#72,"""감사합니다.<br>이제 완벽합니다!"""
DefeatEnemy#72,"""불길한 기척은 이제 없습니다……<br>이 근처의 적은 전멸한 것 같군요"""
LevelUp#72,"""그 빛, 이 눈에 새기겠습니다!"""
InvokeSkill1#69,"""어떻습니까!"""
InvokeSkill2#67,"""방해는 용납하지 않습니다!"""
InvokeSkill3#65,"""제게 맡겨 주세요!"""
TechFire#34,"""새까맣게 타세요!"""
TechIce#35,"""시원해지세요!"""
TechThunder#37,"""번개여, 나의 발톱이 되어라!"""
TechWind#34,"""바람이여, 나의 검이 되어라!"""
TechLight#38,"""빛이여, 나의 칼날이 되어라!"""
TechDark#36,"""어둠이여, 나의 창이 되어라!"""
PBFull#70,"""여름을 즐기는 모두의 목소리가 들립니다.<br>제가 지켜야 할 생명의 목소리입니다!"""
PBRelease#72,"""이 몸과 목숨……!<br>백성을 위해 바치겠습니다!"""
Avoid#72,"""이쪽입니다!"""
HealSelf#72,"""걱정하지 마세요"""
BuffSelf#72,"""반드시 도움이 되겠습니다!"""
HealOther#72,"""이걸로 회복하세요!"""
BuffOther#72,"""이 힘을 사용해 주세요"""
QuestStart1#72,"""하리에트, 갑니다……!"""
QuestEnd1#72,"""여름을 만끽한다는 건<br>이런 것이군요"""
IncidentStart#72,"""밀려드는 이 기척은……!<br>경계하세요!"""
IncidentSuccess#72,"""도움이 되어 영광입니다!"""
IncidentFailure#72,"""죄송합니다.<br>제가 부족했던 탓입니다……"""
PSE#72,"""열의가 고조되는 게 느껴집니다……<br>우리를 이끄는 듯합니다!"""
PSELevelUp#72,"""열의가 더욱 고조되고……<br>이 기세로 계속하죠!"""
PSEBurst#72,"""대단합니다……!<br>이것이 소문으로 들은<br>여름 축제군요!"""
HP30#72,"""큭……<br>이 정도로는<br>저를 막을 수 없습니다……!"""
HP10#72,"""이 목숨이 다할 때까지……<br>저는 계속 싸우겠습니다!"""
ItemRare#72,"""한여름의 눈처럼 희귀한 것이군요"""
DamageSmall#72,"""큭……"""
DamageMiddle#72,"""아앗!"""
DamageLarge#72,"""꺄악……!"""
Trap#72,"""설마 함정이라니……!"""
ThankTrapRescue#72,"""……살았습니다.<br>불찰을 보이고 말았습니다"""
TrapRescueOther#72,"""함정에……!<br>잠시 기다리세요. 지금 구하겠습니다!"""
MemberDamaged#72,"""물러나세요!<br>여기는 제가!"""
MemberDead#72,"""아아…… 이럴 수가……<br>도움이 되지 못했습니다……"""
AbilityExe#72,"""아아, 힘이 넘쳐흐릅니다……!"""
AbilitySpecial#72,"""지금이라면 무엇이든 할 수 있습니다!"""
Resurrect#72,"""이 혼이 사라지지 않는 한<br>저는 죽지 않습니다!"""
PartyJoin#81,"""/ci1 1 온 힘을 다하겠습니다!"""
Marvelous#72,"""역시 수호휘사님입니다……!"""
IncidentJsApcBegin#75,"""/ci1 2 <%me> 님!<br>여름을 만끽하던 중에<br>갑자기 습격당했습니다…… 도와주세요!"""
IncidentJsApcFailure#71,"""낯선 수영복에 정신이 팔렸습니다……<br>죄송합니다, 퇴각하겠습니다."""
IncidentJsApcSuccess#75,"""/ci2 1 훌륭합니다!<br>수호휘사님도 한숨 돌리시면<br>저희와 여름을 만끽하죠."""
IncidentJsApcBeginEvo#73,"""/ci3 2 아무래도 끝난 것…… 아니군요!<br>아직 옵니다, <%me> 님!<br>조심하세요!"""
EnemyWeak#73,"""수영복이어도 여유롭네!"""
EnemyLarge#73,"""와, 굉장해.<br>큰 녀석이 나왔어!"""
EnemyBoss#73,"""<%me>!<br>함께 있으니까 어떤 적도<br>무섭지 않아!"""
EnemyRare#73,"""봐, 희귀한 거야!<br>……수영복 입은 내가 아니라<br>에너미 말이야!"""
EnemyBoost#73,"""……저 적, 여름 백사장처럼<br>뜨거워졌어. 조심해!"""
DestroyEnemy1#73,"""봐, 잘 쓰러뜨렸어!"""
DestroyEnemy2#73,"""수영복 덕분인가?\u3000느낌 좋아!"""
DestroyEnemy3#70,"""해냈다!"""
CondFreeze#73,"""으아아앗, 너무 차가워!"""
CondBurn#73,"""뜨, 뜨거워어!<br>이 이상 얇게 입을 순 없어!"""
CondShock#73,"""저, 저려어……"""
CondPoison#73,"""독인가……<br>뭔가 속이 안 좋아……"""
CondPanic#73,"""뭐어, <%me>!?<br>그, 그 수영복은 뭐야……!?<br>어디를 봐야 할지 모르겠어……"""
CondStan#73,"""더위를 먹었나, 어질어질해……"""
CondMirage#73,"""몽롱해서 잘 안 보여……"""
Die#73,"""실수했어.<br>미안해……"""
ThankHeal#73,"""항상 고마워"""
ThankBuff#73,"""고마워. 후훗"""
ThankCure#73,"""이제 괜찮아. 살았어"""
DefeatEnemy#73,"""이 근처는 다 쓰러뜨렸네.<br>빨리 앞으로 가자?"""
LevelUp#73,"""앗,<br>축하해!"""
InvokeSkill1#70,"""열심히 할게!"""
InvokeSkill2#68,"""이야아앗!"""
InvokeSkill3#66,"""이걸로!"""
TechFire#35,"""한여름 태양보다 뜨거우니까!"""
TechIce#36,"""놓치지 않아!"""
TechThunder#38,"""봐주지 않을 거야!"""
TechWind#35,"""바람이여, 베어 버려!"""
TechLight#39,"""빛나라, 빛이여!"""
TechDark#37,"""어둠이여, 꿰뚫어라!"""
PBFull#71,"""수영복 덕분인가?<br>평소보다 빨리 준비됐어!"""
PBRelease#73,"""나는 이제……<br>혼자가 아니니까!"""
Avoid#73,"""얍!"""
HealSelf#73,"""회복해야지"""
BuffSelf#73,"""더 강해져서<br>모두를 지켜야 해"""
HealOther#73,"""무리하지 않아도 돼.<br>내가 곁에 있으니까!"""
BuffOther#73,"""보조할게…… 후훗.<br>더 든든해졌네"""
QuestStart1#73,"""좋았어!<br>힘내자!"""
QuestEnd1#73,"""수고했어!<br>자, 함께 여름을 즐기자!"""
IncidentStart#73,"""트러블이 생겼네!"""
IncidentSuccess#73,"""앗, 잘됐네!"""
IncidentFailure#73,"""으으, 미안해……<br>폐를 끼쳤네……"""
PSE#73,"""앗, 포톤의 느낌이……<br>뭔가 시작되려나 봐!"""
PSELevelUp#73,"""대단해!\u3000또야……<br>더더욱 힘내자!"""
PSEBurst#73,"""해냈다!<br>PSE 버스트네!"""
HP30#73,"""윽…… 괘, 괜찮아!<br>아직 더 할 수 있으니까!"""
HP10#73,"""아윽……!<br>조금 위험하려나……"""
ItemRare#73,"""앗, 희귀한 거 맞지?<br>여름 추억으로 남기자!"""
DamageSmall#73,"""아야……!"""
DamageMiddle#73,"""꺄악!"""
DamageLarge#73,"""와아앗!!"""
Trap#73,"""뭐, 함정!?"""
ThankTrapRescue#73,"""고마워……<br>정말 살았어"""
TrapRescueOther#73,"""이제 괜찮아.<br>조심해!"""
MemberDamaged#73,"""무리하지 말고 물러나!<br>내가 어떻게든 할게!"""
MemberDead#73,"""미안해……<br>내 힘이 부족해서……"""
AbilityExe#73,"""응, 힘낼게!"""
AbilitySpecial#73,"""더 열심히 할 거야!"""
Resurrect#73,"""이번엔 힘낼게!"""
PartyJoin#82,"""/ci1 1 잘 부탁해!"""
Marvelous#73,"""대단해!<br>나도 힘내야겠어!"""
IncidentJsApcBegin#76,"""/ci4 5 앗, <%me>!<br>으아아, 잠깐만!<br>수영복이……!"""
IncidentJsApcFailure#72,"""으으…… 미안해……<br>수영복이 신경 쓰여서 실수했어."""
IncidentJsApcSuccess#76,"""/ci8 2 후우, 어떻게든 해냈네!<br>그런데…… 이 수영복 말인데……<br>여, 역시 부끄러우니까 다음에!"""
IncidentJsApcBeginEvo#74,"""/ci3 2 또 왔어!<br>힘내자, <%me>!"""
EnemyWeak#74,"""빨리 해치우자!"""
EnemyLarge#74,"""별거 아니잖아"""
EnemyBoss#74,"""좋아, 전력으로…… 잠깐<br>이 차림으로 전력으로 움직여도<br>괜찮겠지?"""
EnemyRare#74,"""앗, 희귀한 녀석이야!<br>저기 있어, 봐!"""
EnemyBoost#74,"""불길한 기운……<br>내가 정화할게!"""
DestroyEnemy1#74,"""다음 간다!"""
DestroyEnemy2#74,"""여름은 아직 안 끝났어!"""
DestroyEnemy3#71,"""해냈다!"""
CondFreeze#74,"""잠깐, 수영복에 그건……<br>꺄아아앗!?"""
CondBurn#74,"""부, 불타고 있어!?\u3000뜨거워!"""
CondShock#74,"""찌…… 찌릿찌릿해애애……!"""
CondPoison#74,"""이건 독……?\u3000큭……"""
CondPanic#74,"""아핫, 아하하하하!\u3000<br>세상이 빙글빙글 대회전이야!"""
CondStan#74,"""우, 움직일 수 없어……!"""
CondMirage#74,"""누, 눈앞이 번쩍거려……!<br>불꽃놀이처럼……"""
Die#74,"""실수했어……<br>다들 미안해……!"""
ThankHeal#74,"""고마워!\u3000살았어"""
ThankBuff#74,"""보조 고마워!\u3000이제 할 만해!"""
ThankCure#74,"""후우, 고마워"""
DefeatEnemy#74,"""이 근처는 이제 괜찮아 보여"""
LevelUp#74,"""질 수 없지……!"""
InvokeSkill1#71,"""맞으면 아프다고!"""
InvokeSkill2#69,"""이게 아메노무라쿠모의 힘이야!"""
InvokeSkill3#67,"""거기!"""
PBFull#72,"""여름 태양처럼 뜨거워졌어……<br>준비 완료야!"""
PBRelease#74,"""이게 나의 선택이야!"""
Avoid#74,"""이얏!"""
HealSelf#74,"""회복했으니 아직 괜찮아!"""
BuffSelf#74,"""최대한의 힘으로……!"""
HealOther#74,"""아파 보여…… 괜찮아?"""
BuffOther#74,"""이걸로 준비는 완벽해!"""
QuestStart1#74,"""가자…… 아메노무라쿠모"""
QuestEnd1#74,"""역시, 훌륭해.<br>수고했어!"""
IncidentStart#74,"""이 기척…… 온다!"""
IncidentSuccess#74,"""좋았어, 순조롭네!"""
IncidentFailure#74,"""에이…… 조금만 더 하면 됐는데……"""
PSE#74,"""PSE가 발생했네!"""
PSELevelUp#74,"""더 갈 수 있어!"""
PSEBurst#74,"""왔다, PSE 버스트!<br>여름 수영장처럼 만원이네!"""
HP30#74,"""아야야…… 그래도 아직 할 수 있어!"""
HP10#74,"""나는 아직 포기하지 않아……!"""
ItemRare#74,"""어, 레어 나왔어?\u3000좋겠다!"""
DamageSmall#74,"""큭……!"""
DamageMiddle#74,"""아야!"""
DamageLarge#74,"""위험한데……!"""
Trap#74,"""거짓말, 함정이야!?"""
ThankTrapRescue#74,"""위험했어…… 고마워!"""
TrapRescueOther#74,"""금방 구해 줄게!"""
MemberDamaged#74,"""아직 할 수 있어?\u3000무리하지 마"""
MemberDead#74,"""……지키지 못했어.<br>하지만 아직 안 끝났어!"""
AbilityExe#74,"""왠지 몸이 엄청 가벼워……<br>혹시 수영복 덕분인가?"""
AbilitySpecial#74,"""여름이 나를 강하게 만들었어!<br>뭐, 농담이지만!"""
Resurrect#74,"""……쉬고 있을<br>때가 아니라니까!"""
PartyJoin#83,"""/ci2 1 좋았어.<br>힘내 볼까."""
Marvelous#74,"""여전히 대단하네……!"""
IncidentJsApcBegin#77,"""/ci1 2 앗, 마침 잘 왔어!<br>놀던 중에 습격당했거든……<br>이 녀석들 처리하는 것 좀 도와줘!"""
IncidentJsApcFailure#73,"""나도 아직 멀었네……<br>놀고 있을 때가 아니었어.<br>미안, 먼저 퇴각할게."""
IncidentJsApcSuccess#77,"""/ci2 1 끝났다, 끝났어!<br>좋아!\u3000여름을 만끽하자!<br>괜찮으면 나중에 합류해!"""
IncidentJsApcBeginEvo#75,"""/ci3 2 이걸로 끝…… 인 줄 알았는데<br>또……!?"""
EnemyWeak#75,"""방심하지 마라"""
EnemyLarge#75,"""내게 맡겨라!"""
EnemyBoss#75,"""연계해서 격파한다. 나를 따라라!"""
EnemyRare#75,"""호오…… 희귀하군<br>좋은 전투 데이터를 얻겠어"""
EnemyBoost#75,"""무슨 짓을 할지 모른다<br>경계를 늦추지 마라!!"""
DestroyEnemy1#75,"""목표를 격파했다"""
DestroyEnemy2#75,"""다음 표적은 어디냐!"""
DestroyEnemy3#72,"""긴장을 풀지 마라!"""
CondFreeze#75,"""이런 자세로<br>얼어붙다니……"""
CondBurn#75,"""큭……!<br>얇은 장갑이 화근이었나……"""
CondShock#75,"""저, 저려…… 으읏!"""
CondPoison#75,"""독인가……<br>으윽…… 잠식당한다……"""
CondPanic#75,"""위험해…… 이건 환각인가!?"""
CondStan#75,"""큭……<br>몸이 말을 듣지 않는다……!"""
CondMirage#75,"""공격 정확도가 떨어진 모양이다.<br>엄호를 부탁한다"""
Die#75,"""나도…… 감이 떨어졌나……"""
ThankHeal#75,"""도움이 됐다"""
ThankBuff#75,"""그 기대에 부응하지"""
ThankCure#75,"""좋은 판단이야."""
DefeatEnemy#75,"""제압 완료. 다음 전장으로 간다"""
LevelUp#75,"""실력이 늘었군"""
InvokeSkill1#72,"""전부 파괴한다!"""
InvokeSkill2#70,"""끝이다!"""
InvokeSkill3#68,"""칼날의 녹이 되어라!"""
PBFull#73,"""발동 준비 완료!"""
PBRelease#75,"""/toge 내 모든 것을…… 쏟아붓겠다!!"""
Avoid#75,"""이런"""
HealSelf#75,"""피해 관리도 작전의 일부다"""
BuffSelf#75,"""만전을 기한다"""
HealOther#75,"""자, 일어나라"""
BuffOther#75,"""너에겐 지원이 필요하다"""
QuestStart1#75,"""내가 나선 이상<br>승리 외의 길은 없다"""
QuestEnd1#75,"""내가 지나간 뒤에 남는 것은……<br>시체의 산과 피의 강뿐이다"""
IncidentStart#75,"""긴급 사태인가…… 문제없다.<br>임무엔 예상 밖의 전개가 따르는 법이다"""
IncidentSuccess#75,"""음, 문제없이 대처했군"""
IncidentFailure#75,"""실패인가……<br>대응책을 세울 필요가 있군"""
PSE#75,"""PSE 발생이다"""
PSELevelUp#75,"""PSE 레벨이 올랐다"""
PSEBurst#75,"""PSE 버스트다!<br>이 기회를 놓칠 것 같으냐!"""
HP30#75,"""상당한 피해를 입었군"""
HP10#75,"""피해가 심각하다……<br>임무 속행에 지장이 생길지도 모르겠군"""
ItemRare#75,"""한몫 챙길 수 있겠군.<br>……뜯어내려는 건 아니다"""
DamageSmall#75,"""크윽……"""
DamageMiddle#75,"""크윽……"""
DamageLarge#75,"""커헉……"""
Trap#75,"""함정에 걸리다니…… 불찰이군……"""
ThankTrapRescue#75,"""미안하다……<br>창피해서 죽을 것 같군……"""
TrapRescueOther#75,"""이번엔 구해 주지만<br>함정 정도는 간파해야 하지 않겠나"""
MemberDamaged#75,"""일단 물러나라!"""
MemberDead#75,"""큭……<br>전황을 오판한 내 책임이다……"""
AbilityExe#75,"""아직 더 할 수 있다!"""
AbilitySpecial#75,"""전쟁 청부업자의 진가…… 보여 주지!"""
Resurrect#75,"""아직도…… 싸우라는 건가……"""
PartyJoin#84,"""/ci1 1 일인가.<br>그래, 적은 수백인가?\u3000수천인가?"""
Marvelous#75,"""너라면 등을 맡길 수 있겠군"""
IncidentJsApcBegin#78,"""/ci1 3 훗, 전장에서 만나다니 우리답군……<br>여기서는 함께 싸우도록 하지.<br>리더가 있으면 속전속결이겠군"""
IncidentJsApcFailure#74,"""여기까지인가……<br>내가 이럴 줄이야……"""
IncidentJsApcSuccess#78,"""/ci2 1 고맙다, 리더.<br>후후, 널 만난 행운에 감사하지"""
IncidentJsApcBeginEvo#76,"""/ci1 2 이런, 작전 속행인가……<br>계속 부탁한다, 리더!"""
EnemyWeak#76,"""나타나셨군요!"""
EnemyLarge#76,"""걱정 없습니다!"""
EnemyBoss#76,"""히, 힘내겠습니다!!"""
EnemyRare#76,"""희귀종이에요!<br>좋은 수련이 되겠네요!!"""
EnemyBoost#76,"""와앗!<br>강한 기척이 마구 느껴집니다!"""
DestroyEnemy1#76,"""해냈습니다!!"""
DestroyEnemy2#76,"""여유롭습니다!"""
DestroyEnemy3#73,"""제 검 앞에…… 적은 없습니다!!"""
CondFreeze#76,"""어, 얼어 버렸습니다……<br>보고만 계시지 말고 도와주시면……"""
CondBurn#76,"""뜨거!\u3000뜨거워!!<br>옷이 불타요!!"""
CondShock#76,"""크으으으……!<br>이 저림을 견디는 것도 수련입니다……!"""
CondPoison#76,"""도, 독을 계속 맞으면<br>내성이 생기니까……<br>했는데 역시 무리이이이!"""
CondPanic#76,"""에, 에너미는 어디에……<br>빙글빙글 돌아요오~……"""
CondStan#76,"""뀨우……"""
CondMirage#76,"""마, 맞지 않아……<br>수련 부족이라 죄송합니다!"""
Die#76,"""이런 곳에서…… 무념……"""
ThankHeal#76,"""아아, 아팠어요오……<br>덕분에 살았습니다"""
ThankBuff#76,"""배려해 주셔서 감사합니다"""
ThankCure#76,"""와아, 나았습니다!"""
DefeatEnemy#76,"""이제 안전하겠네요"""
LevelUp#76,"""오오!\u3000실력이 느셨군요!"""
InvokeSkill1#73,"""각오하세요!"""
InvokeSkill2#71,"""바람처럼 빠르게!<br>바위처럼 무겁게!"""
InvokeSkill3#69,"""머리, 허리, 손목, 찌르기!"""
PBFull#74,"""……때가 왔습니다"""
PBRelease#76,"""제 검기, 똑똑히 보십시오!"""
Avoid#76,"""이얍!"""
HealSelf#76,"""바로 치료하고 복귀하겠습니다"""
BuffSelf#76,"""끌어올리겠습니다……!"""
HealOther#76,"""부상을 내버려 두면 안 됩니다"""
BuffOther#76,"""함께 힘내죠!"""
QuestStart1#76,"""발목을 잡지 않도록<br>힘내겠습니다!"""
QuestEnd1#76,"""제 검으로 베지 못할 것은 없습니다!<br>……그렇게 될 예정입니다!"""
IncidentStart#76,"""긴급 사태인가요……<br>카자미노타치, 언제든 나서겠습니다"""
IncidentSuccess#76,"""대처할 수 있어서 다행입니다!<br>사실 조금 불안했어요…… 에헤헤"""
IncidentFailure#76,"""죄, 죄송합니다!!<br>제가 부족했던 탓입니다……"""
PSE#76,"""PSE가 왔습니다!"""
PSELevelUp#76,"""ＰＳＥ！\u3000ＰＳＥ！"""
PSEBurst#76,"""/toge 절호의 기회입니다!!<br>PSE 버스트예요!"""
HP30#76,"""윽…… 슬슬 회복해야……"""
HP10#76,"""한 번 더 견딜 수 있을까……"""
ItemRare#76,"""레어가 나오면<br>꿈이 부풀어 오르네요!"""
DamageSmall#76,"""큭!"""
DamageMiddle#76,"""아야!"""
DamageLarge#76,"""꺄악!!"""
Trap#76,"""함정에 걸리다니……<br>아직 멀었군요……"""
ThankTrapRescue#76,"""면목 없습니다……"""
TrapRescueOther#76,"""다친 곳은 없으신가요?"""
MemberDamaged#76,"""제 뒤로!"""
MemberDead#76,"""늦고 말았습니다……"""
AbilityExe#76,"""컨디션 최고입니다!!"""
AbilitySpecial#76,"""카자미노타치…… 갑니다!"""
Resurrect#76,"""패자 부활전입니다!!"""
PartyJoin#85,"""/ci1 1 수련 중인 몸이나 최선을 다하겠습니다"""
Marvelous#76,"""역시 대단합니다!!<br>본받겠습니다!!"""
IncidentJsApcBegin#79,"""/ci1 2 부끄럽지만<br>조금 고전하고 있습니다……<br>스승님, 가세를 부탁드립니다!"""
IncidentJsApcFailure#75,"""깊이 쫓으면 위험하겠네요……<br>어쩔 수 없습니다"""
IncidentJsApcSuccess#79,"""/ci2 1 역시 스승님이십니다!!<br>앞으로도 의지하겠습니다!"""
IncidentJsApcBeginEvo#77,"""/ci1 3 임무 변경인가요?<br>알겠습니다, 맡겨 주세요!"""
EnemyWeak#77,"""나한테 맡겨!"""
EnemyLarge#77,"""방심은 금물이야!"""
EnemyBoss#77,"""내가 나설 차례네!"""
EnemyRare#77,"""위기는 곧 기회야!"""
EnemyBoost#77,"""아아……<br>침식당해 버렸네……"""
DestroyEnemy1#77,"""어떠냐!"""
DestroyEnemy2#77,"""미안해!"""
DestroyEnemy3#74,"""나쁜 아이는 혼내 줘야지!"""
CondFreeze#77,"""아하하!<br>나, 꽁꽁 얼었어!"""
CondBurn#77,"""투지의 불꽃이 타오른다!<br>아니, 역시 거짓말!\u3000뜨겁고 아파!!"""
CondShock#77,"""노, 놀리는 게 아니야!<br>쇼크 상태라니까!"""
CondPoison#77,"""내, 내가 독 맛은 봐 뒀으니까……<br>으으…… 저려……"""
CondPanic#77,"""돌고~ 도는~<br>우주가 돌아~…… 으아아"""
CondStan#77,"""삐약삐약…… 삐약삐약……"""
CondMirage#77,"""맞지 않아도<br>기합으로 맞힌다!!"""
Die#77,"""시, 싫어……<br>이, 이런 곳에서……"""
ThankHeal#77,"""고마워!!<br>이걸로 더 싸울 수 있어!"""
ThankBuff#77,"""파워 전개!!"""
ThankCure#77,"""후우…… 살았어!"""
DefeatEnemy#77,"""이제 위험은 없는 것 같네!<br>자, 다음으로 가자!"""
LevelUp#77,"""오오!!\u3000<br>역시 내가 눈여겨본 아크스야!!"""
InvokeSkill1#74,"""간다!\u3000필살기다!!"""
InvokeSkill2#72,"""스페셜 필살기야!<br>받아라!!"""
InvokeSkill3#70,"""피니이시!!"""
PBFull#75,"""차지 완료야!"""
PBRelease#77,"""이게 나의…… 힘이다!!"""
Avoid#77,"""히얏!"""
HealSelf#77,"""꿀꺽!<br>잘 먹었습니다!!"""
BuffSelf#77,"""파워 업!!"""
HealOther#77,"""아픈 거 아픈 거<br>날아가라!!"""
BuffOther#77,"""너의 전력을 보여 줘!"""
QuestStart1#77,"""자, 가자!<br>우리를 필요로 하는<br>사람들을 위해!!"""
QuestEnd1#77,"""우리의 싸움은<br>이제 막 시작됐어!"""
IncidentStart#77,"""도움을 청하는 목소리가 들려!!"""
IncidentSuccess#77,"""에헤헤!<br>도움이 돼서 다행이야!"""
IncidentFailure#77,"""괜찮아!\u3000괜찮아!!<br>실패는 성공의 어머니니까!"""
PSE#77,"""PSE의 시작이야!"""
PSELevelUp#77,"""PSE가 우리 편을 들고 있어!"""
PSEBurst#77,"""/toge 왔다, 왔어어!!<br>몰아붙이자!"""
HP30#77,"""이 정도는 아무렇지도 않아!"""
HP10#77,"""솔직히 말하면 위기야아!"""
ItemRare#77,"""열심히 한 보상이네!!<br>부, 부럽지는 않거든!"""
DamageSmall#77,"""아야!!"""
DamageMiddle#77,"""아파~……"""
DamageLarge#77,"""으갹!!"""
Trap#77,"""이런 비겁한 짓을!!<br>부들부들부들……"""
ThankTrapRescue#77,"""후우, 당황했어……<br>고마워!"""
TrapRescueOther#77,"""비겁한 수단으로<br>너를 빼앗기게 두지 않아!"""
MemberDamaged#77,"""내가 너의 방패가 될게!!<br>자, 물러나!"""
MemberDead#77,"""너의 희생을<br>헛되게 하지 않겠어……!"""
AbilityExe#77,"""/toge 뜨거운 마음이 넘쳐흘러!!"""
AbilitySpecial#77,"""우주의 희망은 여기에 있어!!"""
Resurrect#77,"""희망의 전사 옵트레이온<br>부활이다!"""
PartyJoin#86,"""/ci1 2 준비됐어!<br>자, 사람을 도우러 가자!!"""
Marvelous#77,"""제법인데!<br>나도 질 수 없겠어!!"""
IncidentJsApcBegin#80,"""/ci2 3 안녕, 리더!<br>나와 함께 희망을 지키자!!<br>물론 도와줄 거지!"""
IncidentJsApcFailure#76,"""어쩔 수 없네……<br>목숨을 소중히!!"""
IncidentJsApcSuccess#80,"""/ci2 1 리더 덕분에 희망을 지켰어!<br>고마워!\u3000다음에도 부탁해!"""
IncidentJsApcBeginEvo#78,"""/ci3 4 새로운 위기다……<br>하지만 우리는 지지 않아!!"""
EnemyWeak#78,"""여기에도 투쟁을 원하는 자가 있나"""
EnemyLarge#78,"""외형에 압도되지 마라!"""
EnemyBoss#78,"""넘쳐흐르는 투지를 느끼는구나!"""
EnemyRare#78,"""네놈도 파괴를 원하는가!"""
EnemyBoost#78,"""짐을 만족시켜 보아라!!"""
DestroyEnemy1#78,"""아직 부수기 부족하다!"""
DestroyEnemy2#78,"""스러져라!!"""
DestroyEnemy3#75,"""아직!\u3000아직 멀었다!!"""
CondFreeze#78,"""움직임을 멈춘들<br>짐의 충동은 가라앉지 않는다!!"""
CondBurn#78,"""짐을 안에서부터 파괴할 셈인가.<br>……재미있군!!"""
CondShock#78,"""/toge 누오오오오!!<br>이 성가심은 견딜 수 없다!"""
CondPoison#78,"""독 따위 쓰지 말고<br>정면에서 덤벼라!"""
CondPanic#78,"""정신이 혼미하다……!"""
CondStan#78,"""누우…… 짐을 멈추기에는<br>효과적인 수단이군……"""
CondMirage#78,"""어째서 파괴할 수 없느냐!!"""
Die#78,"""여기까지인가……<br>좋은 싸움이었다……"""
ThankHeal#78,"""감사를 표하지!"""
ThankBuff#78,"""투지가 넘쳐흐른다!!"""
ThankCure#78,"""이제야 제대로 싸울 수 있겠군"""
DefeatEnemy#78,"""이 정도로 만족할 것 같으냐!!"""
LevelUp#78,"""그래, 그것이야말로 투쟁이다!\u3000<br>싸움을 잊은 어리석은 자는 되지 마라!!"""
InvokeSkill1#75,"""모조리 파괴해 주마!!"""
InvokeSkill2#73,"""견뎌 보아라!!"""
InvokeSkill3#71,"""아직 끝나선 안 된다!"""
PBFull#76,"""오오오오오! 해방하라!"""
PBRelease#78,"""우둔하도다……!!"""
Avoid#78,"""흥!"""
HealSelf#78,"""아직 무릎 꿇을 수는 없다!"""
BuffSelf#78,"""/toge 우오오오오!!"""
HealOther#78,"""일어나 싸워라!"""
BuffOther#78,"""투쟁이다!\u3000짐을 따르라!!"""
QuestStart1#78,"""자, 시작하자!<br>두려워하고 전율하라!!"""
QuestEnd1#78,"""좋은 싸움이었다"""
IncidentStart#78,"""싸움이라면 가도록 하지"""
IncidentSuccess#78,"""음, 훌륭하다"""
IncidentFailure#78,"""과거를 돌아볼 여유는 없다"""
PSE#78,"""투쟁심이 솟구치는군……<br>PSE가 발생했나!"""
PSELevelUp#78,"""PSE로 인해<br>짐의 충동도 날뛰고 있다!!"""
PSEBurst#78,"""/toge 우오오오오오!!<br>부숴라, 부숴라, 부수는 것이다!!"""
HP30#78,"""움직임이 둔해지는가……"""
HP10#78,"""쓰러질 때까지 싸울 뿐이다!!"""
ItemRare#78,"""아이템에는 관심 없다.<br>전부 가져가라!"""
DamageSmall#78,"""큭……"""
DamageMiddle#78,"""후훗……"""
DamageLarge#78,"""제법이구나!!"""
Trap#78,"""이 정도로 짐을 멈출 수 있다고……<br>누으으읏!!"""
ThankTrapRescue#78,"""이 빚은…… 투쟁으로 갚겠다!"""
TrapRescueOther#78,"""짐의 손을 번거롭게 하지 마라"""
MemberDamaged#78,"""견뎌라!!"""
MemberDead#78,"""네놈의 싸움은 끝났다"""
AbilityExe#78,"""힘이 솟구친다……!"""
AbilitySpecial#78,"""짐의 힘을……<br>남김없이 받아 보아라!!"""
Resurrect#78,"""끓어오른다!!<br>이 충동대로 계속 싸울 뿐이다!"""
PartyJoin#87,"""/ci1 2 좋다.<br>짐의 파괴 앞에 전율하라"""
Marvelous#78,"""훌륭하다!<br>그 무용은 칭송할 만하다!!"""
IncidentJsApcBegin#81,"""/ci1 4 짐의 싸움에 끼어드는 자는<br>에너미와 함께 베어 버리겠지만……<br>리더라면…… 함께 오너라!"""
IncidentJsApcFailure#77,"""있을 수 없다!!"""
IncidentJsApcSuccess#81,"""/ci2 2 짐의 눈은 틀리지 않았다<br>좋은 투쟁이었다!<br>아하하하!"""
IncidentJsApcBeginEvo#79,"""/ci3 1 전투 속행…… 바라던 바다!!"""
EnemyWeak#79,"""미안하지만 놓아줄 수는 없다……"""
EnemyLarge#79,"""저만한 표적이다.<br>눈을 감아도 공격이 맞겠군"""
EnemyBoss#79,"""강적이다, 조심해"""
EnemyRare#79,"""베기엔 마음이 걸리지만……"""
EnemyBoost#79,"""가엾군"""
DestroyEnemy1#79,"""미안하다."""
DestroyEnemy2#79,"""편히 잠들어라"""
DestroyEnemy3#76,"""원망하려면 나를 원망해라"""
CondFreeze#79,"""이것은 벌……<br>아마 팔한지옥의 형벌……"""
CondBurn#79,"""이것은 벌……<br>아마 초열지옥의 형벌……"""
CondShock#79,"""이것은 벌……<br>아마 등활지옥의 형벌……"""
CondPoison#79,"""독…… 이건 나를 향한 증오겠지……"""
CondPanic#79,"""이것은 벌……<br>아마 규환지옥의 형벌……"""
CondStan#79,"""이것은 벌……<br>아마 흑승지옥의 형벌……"""
CondMirage#79,"""이것은 벌……<br>아마 암명지옥의 형벌……"""
Die#79,"""이게 내가 저지른 일의 속죄인가……"""
ThankHeal#79,"""내겐 과분한 자비다.<br>하지만…… 고맙다"""
ThankBuff#79,"""네 기대는 저버리지 않겠다.<br>내 검술만큼은 믿어도 돼"""
ThankCure#79,"""자애로운 천사 같군……"""
DefeatEnemy#79,"""에너미를 쓸어버린 정도로는<br>내 죄를 다 갚을 수 없어……"""
LevelUp#79,"""너라면……<br>나를 이해해 줄지도 모르겠군……"""
InvokeSkill1#76,"""멸해라!"""
InvokeSkill2#74,"""참회해라!"""
InvokeSkill3#72,"""내 영혼에 감춰진 단죄의 칼날!!"""
PBFull#77,"""지금이 해방할 때다"""
PBRelease#79,"""목숨을 구걸해도 소용없다!!"""
Avoid#79,"""피한다!"""
HealSelf#79,"""죄를 다 갚을 때까지<br>나는 계속 싸워야 한다"""
BuffSelf#79,"""쓸 수 있는 수단은 써야지"""
HealOther#79,"""정신 차려"""
BuffOther#79,"""신경 쓰지 마, 이것도 속죄의 일부다"""
QuestStart1#79,"""이것은 내 속죄이자 죄를 씻는 싸움……"""
QuestEnd1#79,"""조금은 죄를 갚았을까……"""
IncidentStart#79,"""긴급 사태인가?<br>응하지 않을 이유는 없군"""
IncidentSuccess#79,"""작은 일부터 차근차근 해야지"""
IncidentFailure#79,"""실패인가……"""
PSE#79,"""PSE다"""
PSELevelUp#79,"""PSE가 올랐다"""
PSEBurst#79,"""/toge PSE 버스트……!<br>공세로 나간다!"""
HP30#79,"""속죄를 위해서다.<br>몸을 깎는 것도 마다하지 않겠다"""
HP10#79,"""애초부터 목숨을 바칠 각오였다……"""
ItemRare#79,"""덕을 쌓을수록 운이 따른다는군.<br>네 공적이다, 자랑스러워해도 돼"""
DamageSmall#79,"""크윽……"""
DamageMiddle#79,"""이 정도는……"""
DamageLarge#79,"""커헉……"""
Trap#79,"""무슨 일이 일어난 거지……"""
ThankTrapRescue#79,"""잘 모르겠지만 살았다"""
TrapRescueOther#79,"""괜찮나?"""
MemberDamaged#79,"""이런!"""
MemberDead#79,"""이것도 내가 짊어져야 할 죄……"""
AbilityExe#79,"""한계를 넘는다!"""
AbilitySpecial#79,"""/toge 이것이 내 죄의 무게다!!"""
Resurrect#79,"""아직…… 더 싸우라는 건가……"""
PartyJoin#88,"""/ci1 1 다시 한번……<br>싸울 기회를 주는 건가"""
Marvelous#79,"""눈부셔……<br>네 영혼은…… 내겐 너무 눈부시군"""
IncidentJsApcBegin#82,"""/ci1 2 리더, 토벌에 협력해 줬으면 한다.<br>이대로는 피해가 커지고 만다.<br>무슨 수를 써서라도 막고 싶다……"""
IncidentJsApcFailure#78,"""괜히 리더까지 끌어들이다니<br>나는 또 죄를 짓고 말았군……"""
IncidentJsApcSuccess#82,"""/ci2 1 토벌할 수 있어 다행이다.<br>리더 덕분이야, 고맙다"""
IncidentJsApcBeginEvo#80,"""/ci3 2 증원인가…… 계속 힘을 빌려줘!<br>정말 끌어들여서 미안하다……"""
EnemyWeak#80,"""빨리 쓸어버리자"""
EnemyLarge#80,"""큰 녀석이 왔군"""
EnemyBoss#80,"""상대할 맛이 나겠군"""
EnemyRare#80,"""좀처럼 보기 힘든 녀석이군"""
EnemyBoost#80,"""성가신 녀석이다. 방심하지 마"""
DestroyEnemy1#80,"""비켜!"""
DestroyEnemy2#80,"""잡았다!"""
DestroyEnemy3#77,"""그렇게 둘까 보냐!"""
CondFreeze#80,"""크, 동결인가……"""
CondBurn#80,"""이 정도 화상쯤……!"""
CondShock#80,"""저려서…… 몸이……"""
CondPoison#80,"""도, 독인가…… 위험한데……"""
CondPanic#80,"""여긴……?<br>대체 무슨 일이 벌어진 거야!"""
CondStan#80,"""여기서 발이 묶일 수는<br>없어!"""
CondMirage#80,"""시야가 흐려진 정도로는……!"""
Die#80,"""큭, 이런 곳에서……"""
ThankHeal#80,"""위험했군"""
ThankBuff#80,"""엄호를 부탁해"""
ThankCure#80,"""살았어."""
DefeatEnemy#80,"""자, 다음 사냥감으로 가 볼까"""
LevelUp#80,"""안전 마진은<br>확실히 확보해야지"""
InvokeSkill1#77,"""도망치지 마"""
InvokeSkill2#75,"""금방 끝내 주지"""
InvokeSkill3#73,"""이건 어떠냐!"""
PBFull#78,"""슬슬 진심으로 간다"""
PBRelease#80,"""/toge 싸우는 게 아니야!\u3000이기는 거야!"""
Avoid#80,"""흥!"""
HealSelf#80,"""당할 수는 없지"""
BuffSelf#80,"""준비는 완벽하게 해 둘게"""
HealOther#80,"""회복하는 거 잊지 마"""
BuffOther#80,"""엄호할게"""
QuestStart1#80,"""실력 발휘할 때군"""
QuestEnd1#80,"""후우. 다들 다친 데는 없어?"""
IncidentStart#80,"""이런.<br>뭐, 돌발 상황은 생기는 법이지"""
IncidentSuccess#80,"""좋아, 성공이다.<br>힘을 보태 줘서 살았어"""
IncidentFailure#80,"""젠장!<br>……더 강해져야겠군"""
PSE#80,"""오, 버프가 걸렸네"""
PSELevelUp#80,"""힘이 넘쳐흐르는데"""
PSEBurst#80,"""좋아, 지금이라면 몰아붙일 수 있어!"""
HP30#80,"""아직 버틸 수 있어"""
HP10#80,"""위험하군……"""
ItemRare#80,"""오, 레어 아이템이잖아"""
DamageSmall#80,"""큭"""
DamageMiddle#80,"""큭!"""
DamageLarge#80,"""크악"""
Trap#80,"""쳇!\u3000트랩인가!!"""
ThankTrapRescue#80,"""후우, 살았어"""
TrapRescueOther#80,"""조심하라고"""
MemberDamaged#80,"""괜찮아?\u3000다친 데는?"""
MemberDead#80,"""물러나!\u3000여긴 내가 맡을게!"""
AbilityExe#80,"""몸이…… 가벼워!"""
AbilitySpecial#80,"""/toge 단숨에 밀어붙인다!"""
Resurrect#80,"""아직이야…… 아직 끝낼 수 없어"""
PartyJoin#89,"""/ci1 1 당분간 잘 부탁해"""
Marvelous#80,"""훌륭하군!"""
IncidentJsApcBegin#83,"""/ci1 2 오, <%me>!<br>네 실력을 믿고 부탁할 게 있어.<br>가세해 줄 수 있을까?"""
IncidentJsApcFailure#79,"""이대로는 불리해……<br>일단 물러나자!"""
IncidentJsApcSuccess#83,"""/ci2 1 좋아, 성공이다!<br>고마워, 역시 대단하네."""
IncidentJsApcBeginEvo#81,"""/ci3 4 이 기척은…… 아직 더 온다!"""
EnemyWeak#81,"""빨리 해치우죠"""
EnemyLarge#81,"""대형이야, 조심해"""
EnemyBoss#81,"""다들, 준비됐어?"""
EnemyRare#81,"""어머, 희귀한 에너미네"""
EnemyBoost#81,"""부스트됐어, 조심해!"""
DestroyEnemy1#81,"""처리했어!"""
DestroyEnemy2#81,"""이 정도라면!"""
DestroyEnemy3#78,"""이야앗!!"""
CondFreeze#81,"""으으…… 추워"""
CondBurn#81,"""꺅, 뜨거워"""
CondShock#81,"""몸이 저려서……"""
CondPoison#81,"""빨리…… 해독해야 해"""
CondPanic#81,"""……키리토, 어디 있어!<br>부탁이야…… 혼자 두지 마!"""
CondStan#81,"""움직여, 내 몸!"""
CondMirage#81,"""시야를 빼앗겨도…… 싸울 거야!"""
Die#81,"""……방심했어"""
ThankHeal#81,"""고마워, 살았어!"""
ThankBuff#81,"""타이밍 완벽했어"""
ThankCure#81,"""후우, 이걸로 몸이 자유로워졌어……"""
DefeatEnemy#81,"""서두르자"""
LevelUp#81,"""해냈다!"""
InvokeSkill1#78,"""지지 않아!"""
InvokeSkill2#76,"""도망칠 수 있을까?"""
InvokeSkill3#74,"""마무리야!"""
PBFull#79,"""자, 승부를 걸자!"""
PBRelease#81,"""지금 내가 할 수 있는 일"""
Avoid#81,"""그렇게는 안 돼!"""
HealSelf#81,"""회복도 중요하지"""
BuffSelf#81,"""강화도 잊지 마"""
HealOther#81,"""이제 괜찮아"""
BuffOther#81,"""지원할게!"""
QuestStart1#81,"""나한테 맡겨!"""
QuestEnd1#81,"""좋아, 공략 완료야!"""
IncidentStart#81,"""뭔가가 온다……!\u3000대비해!"""
IncidentSuccess#81,"""잘된 모양이네!"""
IncidentFailure#81,"""아쉽지만 신경 쓰지 마"""
PSE#81,"""와, 힘이 솟아올라……!"""
PSELevelUp#81,"""힘이 더 강해지고 있어!"""
PSEBurst#81,"""응, 이걸로 완벽해!"""
HP30#81,"""아직 갈 수 있어……"""
HP10#81,"""당할 것 같아!"""
ItemRare#81,"""좋겠다, 축하해!"""
DamageSmall#81,"""윽"""
DamageMiddle#81,"""크윽"""
DamageLarge#81,"""꺄악!"""
Trap#81,"""이런!\u3000트랩이야!"""
ThankTrapRescue#81,"""으으…… 구해 줘서 고마워"""
TrapRescueOther#81,"""정말, 발밑을 조심해"""
MemberDamaged#81,"""무리하지 마!"""
MemberDead#81,"""나머지는 맡겨!\u3000"""
AbilityExe#81,"""좋은 흐름으로 바뀌고 있어"""
AbilitySpecial#81,"""/toge 이 기세로 밀어붙일게!"""
Resurrect#81,"""더 힘내야 해!"""
PartyJoin#90,"""/ci1 2 퀘스트 공략이 기대돼!"""
Marvelous#81,"""제법이네!"""
IncidentJsApcBegin#84,"""/ci1 1 마침 잘 왔어!<br>끌어들여서 미안하지만<br>괜찮다면 도와줄래?"""
IncidentJsApcFailure#80,"""도움이 못 돼서 미안해……<br>더 실력을 키워야겠어."""
IncidentJsApcSuccess#84,"""/ci2 1 이걸로 일단락됐네.<br>협력해 줘서 든든했어.<br>고마워."""
IncidentJsApcBeginEvo#82,"""/ci3 4 아직 끝난 게 아니야…… 온다!"""
EnemyWeak#82,"""어리석군."""
EnemyLarge#82,"""이건…… 크군"""
EnemyBoss#82,"""초대받지 않은 손님이군<br>정중히 돌아가게 해 주지"""
EnemyRare#82,"""좀처럼 보지 못한 적이군"""
EnemyBoost#82,"""저항할 셈인가"""
DestroyEnemy1#82,"""날아가 버렸나"""
DestroyEnemy2#82,"""흩어져라"""
DestroyEnemy3#79,"""먼지가 되어라"""
CondFreeze#82,"""춥군"""
CondBurn#82,"""뜨겁군"""
CondShock#82,"""몸이 저리는군"""
CondPoison#82,"""조금 속이 좋지 않군"""
CondPanic#82,"""히츠기, 코오리, 아루. 그 모습은?<br>왜 셋이 하늘을 날아…… 기다려!<br>나도 데려가…… 핫, 환각인가"""
CondStan#82,"""호오, 나를 붙잡아 두다니……"""
CondMirage#82,"""윽…… 시야에 영향이 생겼군"""
Die#82,"""내 부덕함을 용서해 줬으면 한다"""
ThankHeal#82,"""고맙다."""
ThankBuff#82,"""기대에 부응하지"""
ThankCure#82,"""회복한 모양이군.<br>미안하다"""
DefeatEnemy#82,"""적은 쓸어버렸다. 가자"""
LevelUp#82,"""이러다 뒤처지겠군"""
InvokeSkill1#79,"""소용없다"""
InvokeSkill2#77,"""멈춰라"""
InvokeSkill3#75,"""사라져라"""
TechFire#36,"""춤춰라, 겁화여"""
TechIce#37,"""얼어붙은 칼날이여"""
TechThunder#39,"""쓸어버려라, 번개여"""
TechWind#36,"""바람이여, 내달려라"""
TechLight#40,"""모든 것을 소멸할 빛이여"""
TechDark#38,"""모든 것을 무로 돌릴 어둠이여"""
PBFull#80,"""후회해도 늦었다"""
PBRelease#82,"""보아라"""
Avoid#82,"""내게 닿는 것은 불가능하다"""
HealSelf#82,"""이 정도 상처는 금세 낫는다"""
BuffSelf#82,"""준비는 끝났다"""
HealOther#82,"""신경 쓰지 마라"""
BuffOther#82,"""제법 그럴듯하군"""
QuestStart1#82,"""시작하지"""
QuestEnd1#82,"""이걸로 끝인가"""
IncidentStart#82,"""불온한 기척이 느껴진다"""
IncidentSuccess#82,"""해냈군"""
IncidentFailure#82,"""정신 바짝 차려라"""
PSE#82,"""이건 에테르……?<br>아니, 포톤의 술렁임인가"""
PSELevelUp#82,"""포톤의 목소리가 강해졌다"""
PSEBurst#82,"""드디어 왔나"""
HP30#82,"""방심했나"""
HP10#82,"""나를 여기까지 몰아붙이다니"""
ItemRare#82,"""잘됐군"""
DamageSmall#82,"""뭐……"""
DamageMiddle#82,"""윽……!"""
DamageLarge#82,"""예상을 뛰어넘는군……"""
Trap#82,"""이런 단순한 함정에……"""
ThankTrapRescue#82,"""감사를 표하지"""
TrapRescueOther#82,"""감사는 필요 없다"""
MemberDamaged#82,"""무리하지 마라."""
MemberDead#82,"""조금 쉬고 있어라"""
AbilityExe#82,"""아주 순조롭군"""
AbilitySpecial#82,"""내가 직접 처리하지"""
Resurrect#82,"""아직 내게는 해야 할 일이 있다"""
PartyJoin#91,"""/ci1 1 자, 가자…… 끝내기 위해서 말이지"""
Marvelous#82,"""훌륭하다"""
IncidentJsApcBegin#85,"""/ci1 2 아아, 그대인가.<br>현 상황에 애를 먹고 있다.<br>함께 싸워 주지 않겠나?"""
IncidentJsApcFailure#81,"""설마 이 정도일 줄은……<br>퇴각한다."""
IncidentJsApcSuccess#85,"""/ci2 1 저 적을 물리치다니 훌륭하다.<br>그대의 도움에 감사한다."""
IncidentJsApcBeginEvo#83,"""/ci3 3 더 온다. 긴장을 풀지 마라."""
EnemyWeak#83,"""하찮군요"""
EnemyLarge#83,"""짓뭉개 드리죠"""
EnemyBoss#83,"""저를 방해할 셈인가요"""
EnemyRare#83,"""좀처럼 보기 힘든 종인 것 같군요"""
EnemyBoost#83,"""조금은 즐길 수 있겠군요"""
DestroyEnemy1#83,"""잠드세요"""
DestroyEnemy2#83,"""덧없는 것이군요"""
DestroyEnemy3#80,"""싱겁군요"""
CondFreeze#83,"""큭…… 이 제가 속박당하다니"""
CondBurn#83,"""이 정도 불꽃에 호들갑 떨 필요는 없습니다"""
CondShock#83,"""제 힘을 약화시켰다고 생각하나요?"""
CondPoison#83,"""제게 통하는 독이라니 놀랍군요"""
CondPanic#83,"""미트라!\u3000왜 크리스마스 케이크를<br>네 등분한 겁니까!\u3000바르나도 의리를<br>보여 제게 두 조각을…… 핫, 무슨 말을?"""
CondStan#83,"""어지럽군요"""
CondMirage#83,"""환각인가요"""
Die#83,"""이런 일은 있어서는 안 됩니다……"""
ThankHeal#83,"""당신의 충심이 느껴집니다"""
ThankBuff#83,"""제 힘을 보여 드리죠"""
ThankCure#83,"""도움이 됐습니다"""
DefeatEnemy#83,"""조용해졌군요"""
LevelUp#83,"""제법 볼만한 점이 있군요"""
InvokeSkill1#80,"""거기인가요"""
InvokeSkill2#78,"""얌전히 계세요"""
InvokeSkill3#76,"""사라지세요"""
TechFire#37,"""불꽃이여, 삼키세요"""
TechIce#38,"""얼음이여, 부서뜨리세요"""
TechThunder#40,"""번개여, 꿰뚫으세요"""
TechWind#37,"""바람이여, 새기세요"""
TechLight#41,"""빛이여, 멸하세요"""
TechDark#39,"""어둠이여, 가라앉히세요"""
PBFull#81,"""좋습니다<br>이쪽에도 생각이 있습니다"""
PBRelease#83,"""조금 진심을 내 볼까요"""
Avoid#83,"""안일하네요"""
HealSelf#83,"""문제없습니다"""
BuffSelf#83,"""철저히 해 두죠"""
HealOther#83,"""잘 버텼군요"""
BuffOther#83,"""힘을 드리죠"""
QuestStart1#83,"""그럼 전부 끝내도록 하죠"""
QuestEnd1#83,"""아무것도 아닌 일입니다"""
IncidentStart#83,"""시작되는 모양이군요"""
IncidentSuccess#83,"""당연한 결과군요"""
IncidentFailure#83,"""너무 방심했나요"""
PSE#83,"""포톤이 흔들렸군요"""
PSELevelUp#83,"""강한 파동이 느껴졌습니다"""
PSEBurst#83,"""포톤이 이토록 환희하다니"""
HP30#83,"""예상 이상이군요"""
HP10#83,"""먼지 주제에 잔꾀를……"""
ItemRare#83,"""귀중한 물건인가 보군요"""
DamageSmall#83,"""호오."""
DamageMiddle#83,"""윽……"""
DamageLarge#83,"""……재미있어지는군요"""
Trap#83,"""붙잡았다고 생각하나요?"""
ThankTrapRescue#83,"""감사드려요오."""
TrapRescueOther#83,"""조심하세요"""
MemberDamaged#83,"""물러나셔도 괜찮습니다"""
MemberDead#83,"""푹 쉬도록 하세요"""
AbilityExe#83,"""가슴이 뛰는군요"""
AbilitySpecial#83,"""유린하겠습니다"""
Resurrect#83,"""그럼 다시 가도록 하죠"""
PartyJoin#92,"""/ci1 1 좋습니다, 마침 지루하던 참입니다"""
Marvelous#83,"""훌륭한 활약입니다"""
IncidentJsApcBegin#86,"""/ci1 2 어머, 우연이군요.<br>괜찮다면 당신도 함께<br>파괴를 즐기지 않겠습니까?"""
IncidentJsApcFailure#82,"""아쉽지만 어쩔 수 없군요.<br>여기서는 물러나죠."""
IncidentJsApcSuccess#86,"""/ci2 1 적은 전부 짓뭉갰습니다.<br>이는 당신이 도와주신 덕분에<br>얻은 결과입니다. 감사드리죠."""
IncidentJsApcBeginEvo#84,"""/ci3 2 추격자가 온 모양입니다."""
EnemyWeak#84,"""장난하는 거야?"""
EnemyLarge#84,"""덩치만 커서는 말이야"""
EnemyBoss#84,"""슬슬 의욕을 보여 줄까"""
EnemyRare#84,"""희귀한 녀석이야?<br>좋네, 해치워 버리자!"""
EnemyBoost#84,"""새빨개져 버렸네"""
DestroyEnemy1#84,"""뭘 하고 싶었던 거야?"""
DestroyEnemy2#84,"""한눈을 파니까 그렇지"""
DestroyEnemy3#81,"""메리 크리스마스, 라고 말이야"""
CondFreeze#84,"""나, 추운 건 싫단 말이지"""
CondBurn#84,"""아, 이 더위는 힘드네"""
CondShock#84,"""나를 마비시키다니 말이지"""
CondPoison#84,"""우웩, 독이야?"""
CondPanic#84,"""히하하!\u3000산타 차림의 선배가<br>잔뜩 있어!<br>나쁜 아이한테도 오는 거야?"""
CondStan#84,"""나를 막다니, 제법이잖아"""
CondMirage#84,"""꽤 괜찮은 광경을<br>보여 주는걸"""
Die#84,"""큭, 건방진……"""
ThankHeal#84,"""괜찮아?\u3000나 같은 걸 도와도"""
ThankBuff#84,"""별로 기대하지 마"""
ThankCure#84,"""정상인지 아닌지는<br>알 수 없겠지만 말이야"""
DefeatEnemy#84,"""어라?\u3000벌써 사라졌네<br>다음으로 가자, 다음"""
LevelUp#84,"""아-직도 강해지는 거야?"""
InvokeSkill1#81,"""자"""
InvokeSkill2#79,"""좋은 비명을 들려줘"""
InvokeSkill3#77,"""선배가 하라고 했으니까 말이야"""
TechFire#38,"""한번 불타 봐"""
TechIce#39,"""얼어붙는 맛을 봐"""
TechThunder#41,"""감전돼 보라고"""
TechWind#38,"""바람에 갈기갈기 찢겨 봐"""
TechLight#42,"""증발해 버려"""
TechDark#40,"""어둠에 끌려가 버려"""
PBFull#82,"""해도 되지, 선배?"""
PBRelease#84,"""추하네, 그렇게 발버둥 쳐 봤자!"""
Avoid#84,"""소용없다니까"""
HealSelf#84,"""동정은 사양할게"""
BuffSelf#84,"""당하면 곤란하니까"""
HealOther#84,"""가끔은 선물도 괜찮을까 해서"""
BuffOther#84,"""화려한 파티로 만들어 보자"""
QuestStart1#84,"""자, 나도 가 볼까"""
QuestEnd1#84,"""끝난 거야?\u3000아쉬운데"""
IncidentStart#84,"""신나기 시작했네"""
IncidentSuccess#84,"""꽤 즐거웠어"""
IncidentFailure#84,"""말해 두지만, 난 힘을<br>뺀 게 아니니까"""
PSE#84,"""하핫, 오는 거지?"""
PSELevelUp#84,"""더 해 버리자"""
PSEBurst#84,"""하하하!\u3000이래야<br>성야에 어울리지!"""
HP30#84,"""그렇게 필사적으로 굴다니<br>정말 방해된다니까!"""
HP10#84,"""선배, 이제 돌아가도 돼?"""
ItemRare#84,"""좋은 걸 찾은 모양이네!"""
DamageSmall#84,"""하핫"""
DamageMiddle#84,"""……쳇"""
DamageLarge#84,"""그래야지!"""
Trap#84,"""함정이라니 고전적이네"""
ThankTrapRescue#84,"""혼자서도 나올 수 있었지만 말이야"""
TrapRescueOther#84,"""고마운 줄 알아"""
MemberDamaged#84,"""방금 맞았지?\u3000아팠어?"""
MemberDead#84,"""날 더 즐겁게 한 뒤에 쓰러지라고"""
AbilityExe#84,"""나, 꽤 신나기 시작했어"""
AbilitySpecial#84,"""보고 있어, 선배"""
Resurrect#84,"""조금 더 즐겨 볼까"""
PartyJoin#93,"""/ci1 2 실력 좀 구경해 볼까, 선배?"""
Marvelous#84,"""제법이네, 선배"""
IncidentJsApcBegin#87,"""/ci1 3 어라, 선배잖아.<br>마침 지금 파티 중이라서 말이야.<br>선배도 참가해 줄 거지?"""
IncidentJsApcFailure#83,"""앗…… 급한 일이 생겨서 돌아갈게.<br>그럼 안녕, 선배."""
IncidentJsApcSuccess#87,"""/ci2 1 끝났다, 끝났어. 역시 선배야.<br>다음에도 부탁할 테니 잘해 줘."""
IncidentJsApcBeginEvo#85,"""/ci3 2 아직도 오는 거야?<br>크리스마스 선물인 걸까?"""
EnemyWeak#85,"""이쯤이야!"""
EnemyLarge#85,"""방심하지 말자"""
EnemyBoss#85,"""정신 바짝차리고 가자"""
EnemyRare#85,"""어라, 보기 드문 녀석인가?"""
EnemyBoost#85,"""이 녀석 만만치 않은 것 같아"""
DestroyEnemy1#85,"""좋았어!"""
DestroyEnemy2#85,"""자 그럼"""
DestroyEnemy3#82,"""다음은 누구냐!"""
CondFreeze#85,"""우왓 동결인가"""
CondBurn#85,"""뜨, 뜨거워!"""
CondShock#85,"""큿 이건…… 감전?"""
CondPoison#85,"""젠장, 독인가……<br>안티도트 챙겼었나"""
CondPanic#85,"""위, 위험해! 의뢰받은<br>조사 결과가 담긴 데이터<br>디스크가 없어! 어디 떨어트린 거……<br>아아 꿈이였나."""
CondStan#85,"""움직여라, 움직여라!……!"""
CondMirage#85,"""위험해, 시야가 왜곡되어 있어"""
Die#85,"""제길……<br>분하다"""
ThankHeal#85,"""미안해"""
ThankBuff#85,"""고마워"""
ThankCure#85,"""고마워. 덕분에 살았어"""
DefeatEnemy#85,"""이제 여긴 볼 일 없네"""
LevelUp#85,"""너 꽤나 하는데"""
InvokeSkill1#82,"""이건 어떻냐!"""
InvokeSkill2#80,"""거깄군!"""
InvokeSkill3#78,"""받아가마!"""
TechFire#39,"""받아라!"""
TechIce#40,"""받아라!"""
TechThunder#42,"""받아라!"""
TechWind#39,"""받아라!"""
TechLight#43,"""받아라!"""
TechDark#41,"""받아라!"""
PBFull#83,"""/toge 전력으로 가주마!"""
PBRelease#85,"""나에게 맡겨줘!"""
Avoid#85,"""영차"""
HealSelf#85,"""회복할게"""
BuffSelf#85,"""대비해야겠네"""
HealOther#85,"""방심하지 마"""
BuffOther#85,"""서로 돕자구"""
QuestStart1#85,"""네 등을 지킬 수 있도록 노력할게!"""
QuestEnd1#85,"""후우, 어떻게든 해냈네"""
IncidentStart#85,"""뭐, 뭐야?"""
IncidentSuccess#85,"""좋아, 성공이야"""
IncidentFailure#85,"""젠장, 나도 아직 멀었군……"""
PSE#85,"""어라, 이상한 힘이 솟아났다?"""
PSELevelUp#85,"""강해지고 있어!"""
PSEBurst#85,"""이 기회를 놓칠 순 없지"""
HP30#85,"""이대로는 곤란해……"""
HP10#85,"""아직 버틸 수 있어……"""
ItemRare#85,"""좋은 횡재 했구나"""
DamageSmall#85,"""큭"""
DamageMiddle#85,"""이 자식!"""
DamageLarge#85,"""크핫"""
Trap#85,"""하 한심하지만 도와줘!"""
ThankTrapRescue#85,"""미안해……"""
TrapRescueOther#85,"""다친 데는 없어?"""
MemberDamaged#85,"""멀리 떨어져"""
MemberDead#85,"""/toge 원수는 내가 갚고 말겠어!"""
AbilityExe#85,"""몸이 가벼워……"""
AbilitySpecial#85,"""기세가 올랐어"""
Resurrect#85,"""……큭……면목없어……"""
PartyJoin#94,"""/ci1 1 잘 부탁해.<br>도움이 될 수 있도록 노력할게"""
Marvelous#85,"""너 굉장하네"""
IncidentJsApcBegin#88,"""/ci1 2 적절할때 와줬네!<br>좀 애먹고 있어.<br>힘을 보태주지 않을래?"""
IncidentJsApcFailure#84,"""으…… 내가 미숙한 탓에.<br>미안, 철수할게."""
IncidentJsApcSuccess#88,"""/ci2 1 한 건 해결이네!<br>네 덕분이야."""
IncidentJsApcBeginEvo#86,"""/ci3 3 이 낌새는…… 아직 남았어.<br>조심하자구."""
EnemyWeak#86,"""애송이 녀석"""
EnemyLarge#86,"""상대가 안 되는군"""
EnemyBoss#86,"""영혼까지 먹어 주마"""
EnemyRare#86,"""호오…… 놓치지 마라"""
EnemyBoost#86,"""크크크큭……"""
DestroyEnemy1#86,"""크하하핫！"""
DestroyEnemy2#86,"""덤벼라"""
DestroyEnemy3#83,"""이 잡것이."""
CondFreeze#86,"""건방지군"""
CondBurn#86,"""뭐, 뭐냐 이 상태 이상은"""
CondShock#86,"""큭, 감전인가…… 분하군"""
CondPoison#86,"""이럴수가……<br>안드로이드에게 독은 들지 않을텐데"""
CondPanic#86,"""큭……그 남자는 파이오니아 1에서<br>시체가 되었을 리가…… 없어!"""
CondStan#86,"""불찰이다……"""
CondMirage#86,"""큭 명중률이……<br>헤비 어택도 아닌데<br>공격이 빗나간다고……!?"""
Die#86,"""큭……임무 속행은……<br>불가능……한가"""
ThankHeal#86,"""이 감사함은 행동으로 갚지"""
ThankBuff#86,"""크크큭……힘이 넘쳐난다"""
ThankCure#86,"""감사를 표하지"""
DefeatEnemy#86,"""여긴 아무 것도 없군……"""
LevelUp#86,"""좀 더, 좀 더 강해져라.<br>너에겐 가능성이 있다.<br>크크큭……"""
InvokeSkill1#83,"""이쪽이냐"""
InvokeSkill2#81,"""시시하군"""
InvokeSkill3#79,"""받아라"""
TechFire#40,"""받아라"""
TechIce#41,"""받아라"""
TechThunder#43,"""받아라"""
TechWind#40,"""받아라"""
TechLight#44,"""받아라"""
TechDark#42,"""받아라"""
PBFull#84,"""크하하, 힘이 차오른다!"""
PBRelease#86,"""크크큭…… 시작하지"""
Avoid#86,"""무슨 일이지? 공격이 빗나가서?"""
HealSelf#86,"""회복해 두지"""
BuffSelf#86,"""싸움을 즐길 준비를 하자"""
HealOther#86,"""정신 차려라"""
BuffOther#86,"""이거면 되겠지"""
QuestStart1#86,"""……이 전쟁터의 긴장감을<br>참을 수 없다……"""
QuestEnd1#86,"""이걸로 의뢰 종료다"""
IncidentStart#86,"""온다……"""
IncidentSuccess#86,"""문제없다"""
IncidentFailure#86,"""…………"""
PSE#86,"""라골에선 본 적 없는 현상이군"""
PSELevelUp#86,"""호오, 이 녀석은……"""
PSEBurst#86,"""/toge 크하하핫! 좋다!"""
HP30#86,"""무슨 일이지, 고작 이정도냐?"""
HP10#86,"""크크큭, 재밌어 지는군."""
ItemRare#86,"""너를 더 맛있게 해줄 것 같군"""
DamageSmall#86,"""칫……"""
DamageMiddle#86,"""큭"""
DamageLarge#86,"""……크아앗……！"""
Trap#86,"""안드로이드인 내가<br>볼 수 없는 트랩이라고!?"""
ThankTrapRescue#86,"""고맙다"""
TrapRescueOther#86,"""트랩은 내게 맡겨 두어라"""
MemberDamaged#86,"""배후에는 좀처럼<br>신경이 쓰이지 않는다."""
MemberDead#86,"""혼자일 땐 자주 시점을 바꾸어<br>주변을 주변하며 싸우는게 좋다."""
AbilityExe#86,"""……뭐지……이 감각……은……"""
AbilitySpecial#86,"""크크큭…… 두고봐라"""
Resurrect#86,"""크크크큭……<br>자, 다시 날뛰도록 하지."""
PartyJoin#95,"""/ci1 1 난 싸우는 것 말곤 살아가는 의미를<br>찾을 수 없다……<br>최대한 즐기도록 해줘."""
Marvelous#86,"""그런 식이다"""
IncidentJsApcBegin#89,"""/ci1 2 네놈도 의뢰 때문에 온 건가?<br>하지만 이 녀석은 내가 먼저다.<br>양보할 생각은 없다."""
IncidentJsApcFailure#85,"""크크큭……<br>이 내가 실수할 줄이야."""
IncidentJsApcSuccess#89,"""/ci3 4 승리는 투쟁 본능을 자극한다.<br>좀 더. 좀 더 전투를……"""
IncidentJsApcBeginEvo#87,"""/ci3 3 한 무리를 쓰러뜨려도<br>숨어 있던 녀석들이<br>또 나올 때가 있지."""
EnemyWeak#87,"""해치워 버릴 거야-!"""
EnemyLarge#87,"""엄청 크다!"""
EnemyBoss#87,"""나도 진심을 낼 테니까!"""
EnemyRare#87,"""해냈다!\u3000희귀종이야!<br>오늘은 운이 좋을지도!!"""
EnemyBoost#87,"""지, 지지 않을 거야!"""
DestroyEnemy1#87,"""에헤헤!\u3000해냈다!"""
DestroyEnemy2#87,"""아직 더 할 수 있어!"""
DestroyEnemy3#84,"""좋아, 이 기세로 가자!"""
CondFreeze#87,"""뭐야!\u3000이게 뭐야!?<br>전혀 움직일 수가 없어!"""
CondBurn#87,"""뜨거워!\u3000앗 뜨거워!!<br>이대로면 통구이가 되겠어!"""
CondShock#87,"""뭔가 저릿저릿…… 찌릿찌릿해……"""
CondPoison#87,"""으으, 뭔가 속이 안 좋아.<br>이거…… 독이야?"""
CondPanic#87,"""뭐야, 뭐야!\u3000이건 또 뭐야!?"""
CondStan#87,"""으갸악!?"""
CondMirage#87,"""정말!\u3000전혀 안 맞잖아!"""
Die#87,"""그럴 수가…… 거짓말……"""
ThankHeal#87,"""고마워!\u3000살았어!"""
ThankBuff#87,"""에헤헤!\u3000파워 업!"""
ThankCure#87,"""아, 왠지 힘이 난 것 같아!"""
DefeatEnemy#87,"""여기는 이제 안전한 것 같네.<br>슬슬 한번 쉴까?"""
LevelUp#87,"""와, 강해졌구나!<br>축하해!"""
InvokeSkill1#84,"""가라-!"""
InvokeSkill2#82,"""얏!"""
InvokeSkill3#80,"""이야-!"""
PBFull#85,"""할 수 있어, 풀 차지!"""
PBRelease#87,"""/toge 전력을 다할 거야!"""
Avoid#87,"""와앗!?"""
HealSelf#87,"""기운이 넘치게 됐어!"""
BuffSelf#87,"""파워 업할 거야!"""
HealOther#87,"""아프탈에게 맡겨 줘!"""
BuffOther#87,"""이걸로 완벽하지?"""
QuestStart1#87,"""두근두근하네!\u3000힘내자-!"""
QuestEnd1#87,"""해냈다!<br>에헷, 잘됐어!"""
IncidentStart#87,"""뭐야, 뭐야?<br>긴급 사태라니 무슨 말이야!?"""
IncidentSuccess#87,"""에헤헤, 잘된 것 같네!"""
IncidentFailure#87,"""으갸악!?\u3000이거…… 실패야?"""
PSE#87,"""PSE가 시작됐대!"""
PSELevelUp#87,"""PSE 레벨이 올랐어!"""
PSEBurst#87,"""PSE 버스트야!"""
HP30#87,"""아, 아직 괜찮아!"""
HP10#87,"""으으…… 배고파서 힘이……"""
ItemRare#87,"""굉장해!\u3000운이 좋네!<br>다른 것도 떨어져 있지 않을까?"""
DamageSmall#87,"""윽……"""
DamageMiddle#87,"""꺅!"""
DamageLarge#87,"""꺄악!"""
Trap#87,"""이게 뭐야!?\u3000너무해!"""
ThankTrapRescue#87,"""고마워, 살았어!"""
TrapRescueOther#87,"""괜찮아?\u3000안 다쳤어?"""
MemberDamaged#87,"""기다려!\u3000지금 도와줄게!"""
MemberDead#87,"""그럴 수가…… 늦어 버린 거야?"""
AbilityExe#87,"""좋아, 절호조야!"""
AbilitySpecial#87,"""내 진심을 받아 봐!"""
Resurrect#87,"""부활-!<br>에헤헤, 이제 괜찮아!"""
PartyJoin#96,"""/ci1 1 아프탈·아르알레프야!<br>잘 부탁합니닷!"""
Marvelous#87,"""엄청나다-!"""
IncidentJsApcBegin#90,"""/ci1 2 있잖아, 리더.<br>지금 임무가 좀 힘들어.<br>그러니까 도와주지 않을래!"""
IncidentJsApcFailure#86,"""미안해, 실패한 것 같아."""
IncidentJsApcSuccess#90,"""/ci2 1 해냈네, 리더!<br>도와줘서 고마워!"""
IncidentJsApcBeginEvo#88,"""/ci3 3 또 왔어, 리더!<br>조금만 더 힘내자!"""
EnemyWeak#88,"""방심하지 마라"""
EnemyLarge#88,"""거물이다, 조심해라!"""
EnemyBoss#88,"""강적이군. 연계해서 쓰러뜨리자!"""
EnemyRare#88,"""희귀종을 발견했다!<br>이대로 포위해 섬멸한다!"""
EnemyBoost#88,"""침식당한 건가…… 가엾군"""
DestroyEnemy1#88,"""이것이 다크닉스의 힘이다!"""
DestroyEnemy2#88,"""주변 탐색을 잊지 마라!"""
DestroyEnemy3#85,"""격파 확인…… 이 정도인가"""
CondFreeze#88,"""뭐, 몸이 움직이지…… 않는다고?<br>이런 꼴사나운 모습을 보이다니……"""
CondBurn#88,"""보디 표면 온도 상승……<br>큭, 냉각이 따라가지 못한다"""
CondShock#88,"""이 정도 저림쯤은…… 윽"""
CondPoison#88,"""설마 다크닉스의 내성을<br>능가하는 독이 있을 줄이야……"""
CondPanic#88,"""이런, 이건 환각인가!?"""
CondStan#88,"""윽!\u3000몸을 제어할 수가……"""
CondMirage#88,"""공격 정밀도가 떨어진 건가?<br>큭, 성가시군……"""
Die#88,"""이런…… 실수를……"""
ThankHeal#88,"""포톤 보급 완료…… 감사한다"""
ThankBuff#88,"""이건, 힘이 솟아나는군……"""
ThankCure#88,"""살았다. 고맙다"""
DefeatEnemy#88,"""제압 완료군. 다음은 어쩔 텐가?"""
LevelUp#88,"""단련의 결실이군"""
InvokeSkill1#85,"""받아라!"""
InvokeSkill2#83,"""섬멸한다!"""
InvokeSkill3#81,"""놓치지 않는다!"""
PBFull#86,"""차지 완료!"""
PBRelease#88,"""/toge 내 일격을 그 몸에 새겨라!"""
Avoid#88,"""음!"""
HealSelf#88,"""포톤 에너지 보급 완료!"""
BuffSelf#88,"""만전을 기하자"""
HealOther#88,"""정신 차려라!\u3000상처는 얕다!"""
BuffOther#88,"""감사는 필요 없다. 가자!"""
QuestStart1#88,"""간다!"""
QuestEnd1#88,"""당연하다. 나와 그대가 있으니 말이지"""
IncidentStart#88,"""긴급 사태라는 건가…… 알겠다.<br>바로 대응하지"""
IncidentSuccess#88,"""훗, 당연한 결과군"""
IncidentFailure#88,"""설마 실패하다니…… 실책이군"""
PSE#88,"""PSE가 발생한 모양이다!"""
PSELevelUp#88,"""좋아, PSE 레벨이 올랐다!"""
PSEBurst#88,"""PSE 버스트다!<br>이대로 밀어붙이자!"""
HP30#88,"""아직이다!\u3000난 아직 싸울 수 있다!"""
HP10#88,"""큭, 이대로는……"""
ItemRare#88,"""그건 레어 아이템인가.<br>훗, 운이 좋은 녀석이군"""
DamageSmall#88,"""큭"""
DamageMiddle#88,"""윽!"""
DamageLarge#88,"""으악!"""
Trap#88,"""방심했다!<br>이 정도 함정에 걸리다니!"""
ThankTrapRescue#88,"""미안하다. 번거롭게 했군"""
TrapRescueOther#88,"""정말 손이 많이 가는 녀석이군"""
MemberDamaged#88,"""지금은 버텨라!\u3000멈추지 마라!"""
MemberDead#88,"""큭……<br>그대의 희생을 헛되이 하지 않겠다!"""
AbilityExe#88,"""훗, 몸이 가볍군!"""
AbilitySpecial#88,"""/toge 보여 주지!<br>다크닉스의 진정한 힘을!"""
Resurrect#88,"""이 정도로는!!"""
PartyJoin#97,"""/ci1 1 내 힘이 필요하다면 도와주지"""
Marvelous#88,"""훗, 훌륭하다"""
IncidentJsApcBegin#91,"""/ci1 3 여기서는 함께 싸우는 게 좋겠군.<br>등은 맡기겠다, 리더!"""
IncidentJsApcFailure#87,"""이 이상은 위험한가.<br>그만, 이탈한다."""
IncidentJsApcSuccess#91,"""/ci2 1 역시 대단하군, 리더.<br>협력에 감사한다."""
IncidentJsApcBeginEvo#89,"""/ci3 4 증원인가……<br>이대로 간다, 리더!"""
