EnemyWeak#0,"""단숨에 쓸어 버린다"""
EnemyLarge#0,"""제법 크군"""
EnemyBoss#0,"""강적 등장, 이란 건가"""
EnemyRare#0,"""흐음, 희귀한 에너미군"""
EnemyBoost#0,"""조심해라.<br>지금까지와는 다르다"""
DestroyEnemy1#0,"""다음."""
DestroyEnemy2#0,"""끝났네."""
DestroyEnemy3#0,"""처치했다"""
CondFreeze#0,"""칫, 동결인가…!"""
CondBurn#0,"""큭, 연소 상태인가……!"""
CondShock#0,"""몸이 저려 와……!"""
CondPoison#0,"""독이 퍼지고 있나……!"""
CondPanic#0,"""으음……생각이 정리되지 않는군……"""
CondStan#0,"""몸이 움직이지 않는군……!"""
CondMirage#0,"""시각 방해인가……!"""
Die#0,"""미숙한 건 나 자신인가……"""
ThankHeal#0,"""미안하군"""
ThankBuff#0,"""살았다"""
ThankCure#0,"""좋아, 이걸로 괜찮다"""
DefeatEnemy#0,"""자, 다음으로 나아가자"""
LevelUp#0,"""축하한다!"""
InvokeSkill1#0,"""날아가라!"""
InvokeSkill2#0,"""마지막 일격이다!"""
InvokeSkill3#0,"""방해하지 마라!"""
TechFire#0,"""불꽃이여!"""
TechIce#0,"""얼음이여!"""
TechThunder#0,"""번개여!"""
TechWind#0,"""바람이여!"""
TechLight#0,"""빛이여!"""
TechDark#0,"""어둠이여!"""
PBFull#0,"""지금부터는 봐주지 않는다!"""
PBRelease#0,"""나와라, 포톤 블래스트!"""
Avoid#0,"""흥!"""
HealSelf#0,"""어림없군"""
BuffSelf#0,"""만전의 태세를 갖춘다"""
HealOther#0,"""방심하지 마라"""
BuffOther#0,"""잠깐, 보조도 필요하다"""
QuestStart1#0,"""파티……오랜만이군"""
QuestEnd1#0,"""훌륭한 결과군"""
IncidentStart#0,"""이 기척……뭔가 온다!"""
IncidentSuccess#0,"""잘된 모양이군"""
IncidentFailure#0,"""미안하다, 내가 미숙했다……"""
PSE#0,"""이 포톤의 활성화……<br>PSE라는 건가!"""
PSELevelUp#0,"""계속 이어 간다!"""
PSEBurst#0,"""이게 PSE 버스트로군……!"""
HP30#0,"""이대로는…"""
HP10#0,"""아직 쓰러질 수는……!"""
ItemRare#0,"""그건 좋은 물건이다."""
DamageSmall#0,"""칫"""
DamageMiddle#0,"""크악!"""
DamageLarge#0,"""이런!"""
Trap#0,"""뭐!\u3000함정이라고!"""
ThankTrapRescue#0,"""살았다!"""
TrapRescueOther#0,"""함정을 조심해라!"""
MemberDamaged#0,"""무리하지 마라!"""
MemberDead#0,"""……너무 우쭐대지 마라!"""
AbilityExe#0,"""지금이라면 적수가 없다!"""
AbilitySpecial#0,"""이 기세를 유지하고 싶군"""
Resurrect#0,"""내가 뿌린 씨는 내가 거둔다!"""
PartyJoin#0,"""/ci2 1 나와 한 팀이 되어 주는 건가"""
Marvelous#0,"""훌륭하다!"""
IncidentJsApcBegin#0,"""/ci2 2 미안하지만 힘을 빌려줘.<br>……몰래 온 거니까<br>이츠키 일행에겐 비밀로 해 줘."""
IncidentJsApcFailure#0,"""미숙함을 핑계 삼고 싶진 않지만……<br>미안하다, 먼저 물러나겠다"""
IncidentJsApcSuccess#0,"""/ci2 2 도와줘서 고맙다.<br>그만 상황이 신경 쓰여서……<br>다들에겐 꼭 비밀로 부탁한다!"""
IncidentJsApcBeginEvo#0,"""/ci2 2 음, 새로운 적인가……!<br>모두가 애먹을 상대일지도 몰라.<br>우리끼리 대처하도록 하지!"""
EnemyWeak#1,"""이 정도 녀석이라면!"""
EnemyLarge#1,"""쳇, 대형인가!"""
EnemyBoss#1,"""상대가 강적이라도!"""
EnemyRare#1,"""오, 희귀한 녀석이잖아!"""
EnemyBoost#1,"""이 녀석……보통이 아니야!"""
DestroyEnemy1#1,"""우선 하나!"""
DestroyEnemy2#1,"""방해하지 마라!"""
DestroyEnemy3#1,"""다음!"""
CondFreeze#1,"""큭……동결인가……!"""
CondBurn#1,"""연소……!?"""
CondShock#1,"""몸이 저려서……!"""
CondPoison#1,"""이런 독 따위에……!"""
CondPanic#1,"""안 돼. 머리가 혼란스러워……"""
CondStan#1,"""큭, 몸이……움직이지 않아……"""
CondMirage#1,"""시야가 이상해……!?"""
Die#1,"""꼴이 말이 아니네……<br>내가 할 수밖에 없다니……하하"""
ThankHeal#1,"""감사해!"""
ThankBuff#1,"""고마워!"""
ThankCure#1,"""후우, 살았다!"""
DefeatEnemy#1,"""자, 다음으로 가자!"""
LevelUp#1,"""축하한다!"""
InvokeSkill1#1,"""이거라면!"""
InvokeSkill2#1,"""어림없어!"""
InvokeSkill3#1,"""어떠냐!"""
TechFire#1,"""받아라!"""
TechIce#1,"""가라!"""
TechThunder#1,"""이거라면!"""
TechWind#1,"""어떠냐!"""
TechLight#1,"""그렇게 둘까 보냐!"""
TechDark#1,"""어림없어!"""
PBFull#1,"""이 기회는 놓치지 않아!"""
PBRelease#1,"""우오오!!"""
Avoid#1,"""흥!"""
HealSelf#1,"""위험했어!"""
BuffSelf#1,"""만전의 상태로 도전해야 해!"""
HealOther#1,"""무리하면 안 돼!"""
BuffOther#1,"""지금 엄호할게!"""
QuestStart1#1,"""좋아, 힘내자!"""
QuestEnd1#1,"""잘된 것 같아!"""
IncidentStart#1,"""이 기척……뭔가 온다!"""
IncidentSuccess#1,"""후우, 다행이다.<br>어떻게든 해결된 모양이야."""
IncidentFailure#1,"""……으음, 뭐가 잘못됐을까."""
PSE#1,"""이건……PSE?"""
PSELevelUp#1,"""좀 더 계속하자!"""
PSEBurst#1,"""왔다……!<br>PSE 버스트다!"""
HP30#1,"""이대로는……위험해"""
HP10#1,"""아직 당할 수는……"""
ItemRare#1,"""오, 좋은 걸 찾았네!"""
DamageSmall#1,"""윽"""
DamageMiddle#1,"""크윽!"""
DamageLarge#1,"""우왓!"""
Trap#1,"""뭐, 함정!?"""
ThankTrapRescue#1,"""아, 고마워, 살았어"""
TrapRescueOther#1,"""조심해서 가자!"""
MemberDamaged#1,"""무리하면 안 돼!"""
MemberDead#1,"""……감히 내 동료를!"""
AbilityExe#1,"""슬슬 기세가 오르는 느낌이야!"""
AbilitySpecial#1,"""이 기세로 밀어붙인다!"""
Resurrect#1,"""……미안, 방심했어"""
PartyJoin#1,"""/ci2 1 잘 부탁드립니다!"""
Marvelous#1,"""역시 대단해!"""
IncidentJsApcBegin#1,"""/ci2 2 죄송하지만 도와주세요!<br>답례 선물로 고민하다가<br>적에게 포위됐어요...!"""
IncidentJsApcFailure#1,"""아야……<br>집중하지 못해서 안 되겠네요.<br>죄송해요, 다시 준비해 올게요!"""
IncidentJsApcSuccess#1,"""/ci2 2 정말 감사합니다!<br>답례로 뭘 주면<br>기뻐할까요...?"""
IncidentJsApcBeginEvo#1,"""/ci5 2 선물을 생각한 건 맞지만……<br>아무래도 거북이 인형은 좀……"""
EnemyWeak#2,"""이 정도 녀석이라면!"""
EnemyLarge#2,"""쳇, 대형인가!"""
EnemyBoss#2,"""상대가 강적이라도!"""
EnemyRare#2,"""오, 희귀한 녀석이잖아!"""
EnemyBoost#2,"""이 녀석……보통이 아니야!"""
DestroyEnemy1#2,"""우선 하나!"""
DestroyEnemy2#2,"""방해하지 마라!"""
DestroyEnemy3#2,"""다음!"""
CondFreeze#2,"""큭……동결인가……!"""
CondBurn#2,"""연소……!?"""
CondShock#2,"""몸이 저려서……!"""
CondPoison#2,"""이런 독 따위에……!"""
CondPanic#2,"""안 돼. 머리가 혼란스러워……"""
CondStan#2,"""큭, 몸이……움직이지 않아……"""
CondMirage#2,"""시야가 이상해……!?"""
Die#2,"""꼴이 말이 아니네……<br>내가 할 수밖에 없다니……하하"""
ThankHeal#2,"""감사해!"""
ThankBuff#2,"""고마워!"""
ThankCure#2,"""후우, 살았다!"""
DefeatEnemy#2,"""자, 다음으로 가자!"""
LevelUp#2,"""축하한다!"""
InvokeSkill1#2,"""이거라면!"""
InvokeSkill2#2,"""어림없어!"""
InvokeSkill3#2,"""어떠냐!"""
TechFire#2,"""받아라!"""
TechIce#2,"""가라!"""
TechThunder#2,"""이거라면!"""
TechWind#2,"""어떠냐!"""
TechLight#2,"""그렇게 둘까 보냐!"""
TechDark#2,"""어림없어!"""
PBFull#2,"""이 기회는 놓치지 않아!"""
PBRelease#2,"""우오오!!"""
Avoid#2,"""흥!"""
HealSelf#2,"""위험했어!"""
BuffSelf#2,"""만전의 상태로 도전해야 해!"""
HealOther#2,"""무리하면 안 돼!"""
BuffOther#2,"""지금 엄호할게!"""
QuestStart1#2,"""좋아, 힘내자!"""
QuestEnd1#2,"""잘된 것 같아!"""
IncidentStart#2,"""이 기척……뭔가 온다!"""
IncidentSuccess#2,"""후우, 다행이다.<br>어떻게든 해결된 모양이야."""
IncidentFailure#2,"""……으음, 뭐가 잘못됐을까."""
PSE#2,"""이건……PSE?"""
PSELevelUp#2,"""좀 더 계속하자!"""
PSEBurst#2,"""왔다……!<br>PSE 버스트다!"""
HP30#2,"""이대로는……위험해"""
HP10#2,"""아직 당할 수는……"""
ItemRare#2,"""오, 좋은 걸 찾았네!"""
DamageSmall#2,"""윽"""
DamageMiddle#2,"""크윽!"""
DamageLarge#2,"""우왓!"""
Trap#2,"""뭐, 함정!?"""
ThankTrapRescue#2,"""아, 고마워, 살았어"""
TrapRescueOther#2,"""조심해서 가자!"""
MemberDamaged#2,"""무리하면 안 돼!"""
MemberDead#2,"""……감히 내 동료를!"""
AbilityExe#2,"""슬슬 기세가 오르는 느낌이야!"""
AbilitySpecial#2,"""이 기세로 밀어붙인다!"""
Resurrect#2,"""……미안, 방심했어"""
PartyJoin#2,"""/ci2 1 잘 부탁드립니다!"""
Marvelous#2,"""역시 대단해!"""
IncidentJsApcBegin#2,"""/ci2 2 저 용, 온몸이 엄청 반짝여.<br>답례는 반짝이는 게<br>좋으려나……아니, 이럴 때가 아니지!"""
IncidentJsApcFailure#2,"""아야……저질렀다……<br>먼저 물러날게요, 죄송합니다!"""
IncidentJsApcSuccess#2,"""/ci2 2 협력해 주셔서 감사합니다!<br>음, 반짝이는 거라면<br>기뻐해 주려나……"""
IncidentJsApcBeginEvo#2,"""/ci2 2 대, 대단해……!<br>아까보다 더 반짝여……!"""
EnemyWeak#3,"""후……잡병이 등장했나"""
EnemyLarge#3,"""쓸모없이 거대한 몸을 지닌 자인가"""
EnemyBoss#3,"""이 기척……그 녀석인가!"""
EnemyRare#3,"""이건……!<br>희귀한 존재가 느껴진다!"""
EnemyBoost#3,"""이 얼마나 불길한 기척인가……!"""
DestroyEnemy1#3,"""우선 하나!"""
DestroyEnemy2#3,"""내 길을 막는 자에겐<br>자비를 베풀지 않는다!"""
DestroyEnemy3#3,"""이것이 영원한 이별이다"""
CondFreeze#3,"""빙폭의 결계인가……!"""
CondBurn#3,"""지옥불의 침식인가……!"""
CondShock#3,"""뇌쇄의 계율인가……!"""
CondPoison#3,"""심독의 바늘인가……!"""
CondPanic#3,"""괴란의 계단인가……!"""
CondStan#3,"""속박의 그물인가……!"""
CondMirage#3,"""몽환의 미로인가……!"""
Die#3,"""엮여 있던 힘이……<br>무너진다……"""
ThankHeal#3,"""은혜는 잊지 않겠다!"""
ThankBuff#3,"""살았다!"""
ThankCure#3,"""수고를 끼쳤군!"""
DefeatEnemy#3,"""잠시나마 평화가 엮였군……<br>다음 전장으로 향하도록 하지"""
LevelUp#3,"""……더욱 강해졌나"""
InvokeSkill1#3,"""참!"""
InvokeSkill2#3,"""이것이 종언이다"""
InvokeSkill3#3,"""멸망을 내려 주지!"""
PBFull#3,"""유희는 종언을 맞이한다……"""
PBRelease#3,"""나의 벗이여! 부름에 응하라!"""
Avoid#3,"""후……"""
HealSelf#3,"""한 수가 미치지 못했군"""
BuffSelf#3,"""세계의 가호를 받자"""
HealOther#3,"""평안을 내려 주지!"""
BuffOther#3,"""힘을 나누어 주지!"""
QuestStart1#3,"""자, 끝없는 모험으로……!"""
QuestEnd1#3,"""더 높은 곳을 노려 보자!"""
IncidentStart#3,"""세계의 왜곡이……느껴진다!"""
IncidentSuccess#3,"""왜곡은 끊어 낸 모양이군!"""
IncidentFailure#3,"""이 얼마나 꼴사나운가……!"""
PSE#3,"""포톤이……울고 있다!"""
PSELevelUp#3,"""응답한 건가……우리의 마음에!"""
PSEBurst#3,"""들리는군……세계의 환희가!"""
HP30#3,"""궁지에서야말로 힘이 솟는다!"""
HP10#3,"""큭……<br>황천의 부름이 들린다……"""
ItemRare#3,"""귀중한 유물이군"""
DamageSmall#3,"""칫"""
DamageMiddle#3,"""크윽!"""
DamageLarge#3,"""제법이군!"""
Trap#3,"""비겁한 수를!"""
ThankTrapRescue#3,"""감사를 말로 다할 수 없군!"""
TrapRescueOther#3,"""방심은 금물이다."""
MemberDamaged#3,"""무리하지 마라"""
MemberDead#3,"""……용서하지 않는다"""
AbilityExe#3,"""그 누구도 날 막을 수 없다!"""
AbilitySpecial#3,"""지금의 나를 막을 수 있다 생각 마!"""
Resurrect#3,"""……종언의 때는 아직 먼 모양이군"""
PartyJoin#3,"""/toge /ci2 1 유구한 모험을 향해 떠나자!"""
Marvelous#3,"""훌륭하다!"""
IncidentJsApcBegin#3,"""/ci2 2 내 영혼의 동지여, 잘 왔다!<br>귀한 보물을 찾는 나와 함께<br>이 싸움에 참여해 다오!"""
IncidentJsApcFailure#3,"""큭……너무 방심했나……!<br>참으로 꼴사납군……!<br>미안하다, 먼저 물러나겠다!"""
IncidentJsApcSuccess#3,"""/toge /ci2 2 살았다, 감사하지!<br>미궁을 풀 주옥같은 보물은<br>반드시 찾아내겠다!"""
IncidentJsApcBeginEvo#3,"""/ci5 2 새로운 적의 기척……!<br>동지들과의 연회에 초대받은 건가!"""
EnemyWeak#4,"""이 정도 적이라면<br>한꺼번에 쓸어 버리겠소!"""
EnemyLarge#4,"""음, 제법 거물이오!"""
EnemyBoss#4,"""강적 등장인가……<br>정신 바짝 차려야겠소!"""
EnemyRare#4,"""오, 희귀한 기척이오!"""
EnemyBoost#4,"""이질적인 기척……방심하지 마시오!"""
DestroyEnemy1#4,"""베어도 원망 마시오!"""
DestroyEnemy2#4,"""끝이오!"""
DestroyEnemy3#4,"""처치했소!"""
CondFreeze#4,"""으음, 동결이오……!"""
CondBurn#4,"""으음, 연소이오……!"""
CondShock#4,"""음, 감전이오……!"""
CondPoison#4,"""으음……독이오……!"""
CondPanic#4,"""이건……뭐가 뭔지<br>모르겠소……!"""
CondStan#4,"""몸이 움직이지 않소……!"""
CondMirage#4,"""시야가……이상하오……"""
Die#4,"""당하고 말았소……"""
ThankHeal#4,"""고맙소!"""
ThankBuff#4,"""은혜 잊지 않겠소!"""
ThankCure#4,"""수고를 끼쳤소!"""
DefeatEnemy#4,"""정리됐군"""
LevelUp#4,"""경사로군!"""
InvokeSkill1#4,"""일섬!"""
InvokeSkill2#4,"""처치하겠소!"""
InvokeSkill3#4,"""거기군!"""
PBFull#4,"""전력으로 상대하겠소!"""
PBRelease#4,"""진정한 주역의 등장이오!"""
Avoid#4,"""흥!"""
HealSelf#4,"""어림없소!"""
BuffSelf#4,"""보조를 잊고 있었소"""
HealOther#4,"""방심은 금물이오"""
BuffOther#4,"""우선 보조부터 하겠소"""
QuestStart1#4,"""자, 가겠소!"""
QuestEnd1#4,"""역시 대단하오!"""
IncidentStart#4,"""이 기척……뭔가 오는 것이오?"""
IncidentSuccess#4,"""잘 대처할 수 있어<br>다행이오"""
IncidentFailure#4,"""미안하오, 소인이 미숙했소……<br>먼저 물러나겠소"""
PSE#4,"""포톤이 반응하는 것이오?"""
PSELevelUp#4,"""아직 멀었소!<br>계속 가겠소!"""
PSEBurst#4,"""정말 아름다운 상태로군……!"""
HP30#4,"""아직 멀었소!"""
HP10#4,"""이, 이 이상은 위험하오……!"""
ItemRare#4,"""오, 그건 희귀한 물건이오"""
DamageSmall#4,"""큭!"""
DamageMiddle#4,"""크악!"""
DamageLarge#4,"""이럴 수가……!"""
Trap#4,"""뭐!\u3000함정이오!?"""
ThankTrapRescue#4,"""살았소"""
TrapRescueOther#4,"""조심하시오!"""
MemberDamaged#4,"""괜찮소!?"""
MemberDead#4,"""……원수는 갚겠소!"""
AbilityExe#4,"""몸이 가벼워졌소!"""
AbilitySpecial#4,"""기세가 오르기 시작했소!"""
Resurrect#4,"""이런, 호되게 당했소"""
PartyJoin#4,"""/toge /ci2 1 잘 부탁하오!"""
Marvelous#4,"""훌륭하오!"""
IncidentJsApcBegin#4,"""/ci2 2 오오!\u3000마침 잘 왔소!<br>이 소동에 벗을 놓치고 말았소.<br>부디 힘을 보태 주시오."""
IncidentJsApcFailure#4,"""설마 실패로 끝날 줄이야……<br>벗들을 지켜보기 위해 소인은<br>한번 퇴각하겠소."""
IncidentJsApcSuccess#4,"""/ci2 2 도움에 감사드리오!<br>소인은 벗을 찾으러 가겠소.<br>그럼 또 만나시오!"""
IncidentJsApcBeginEvo#4,"""/ci3 2 젊은 벗들을 지키기 위해서라도<br>방해하는 무뢰배는 용서 못 하오!"""
EnemyWeak#5,"""쳇, 잡졸뿐이냐!"""
EnemyLarge#5,"""핫, 덩치만 큰 모양이군!"""
EnemyBoss#5,"""조금은 손맛이 있을 녀석이<br>나왔잖아!"""
EnemyRare#5,"""응?<br>저건 희귀한 녀석인가?"""
EnemyBoost#5,"""쳇, 성가신 느낌의<br>녀석이 나왔군……!"""
DestroyEnemy1#5,"""잡졸이!"""
DestroyEnemy2#5,"""방해돼!"""
DestroyEnemy3#5,"""짜증 나게 하지 마!"""
CondFreeze#5,"""동결이라고……장난하냐!"""
CondBurn#5,"""연소라고……장난하냐!"""
CondShock#5,"""감전이라고……장난하냐!"""
CondPoison#5,"""독이라고……장난하냐!"""
CondPanic#5,"""젠장!\u3000머리가 어질어질해!"""
CondStan#5,"""움직일 수 없다니……장난하냐!"""
CondMirage#5,"""젠장!\u3000조준이 흔들리잖아!"""
Die#5,"""어떻게 된 거야, 이건……!"""
ThankHeal#5,"""……고맙긴 하다"""
ThankBuff#5,"""센스 있잖아"""
ThankCure#5,"""……나쁘진 않군"""
DefeatEnemy#5,"""자, 얼른 다음으로 간다!"""
LevelUp#5,"""기껏해야 힘내 봐라"""
TechFire#3,"""사라져라, 잡졸!"""
TechIce#3,"""사라져라, 잡졸!"""
TechThunder#3,"""사라져라, 잡졸!"""
TechWind#3,"""사라져라, 잡졸!"""
TechLight#3,"""사라져라, 잡졸!"""
TechDark#3,"""사라져라, 잡졸!"""
PBFull#5,"""이 몸이 전부 해치워 주마!"""
PBRelease#5,"""이 몸에게 거역하는 놈은……박살 낸다!"""
Avoid#5,"""흥!"""
HealSelf#5,"""안됐구나!"""
BuffSelf#5,"""진심으로 박살 내 주마!"""
HealOther#5,"""물러나 있어, 굼벵이!"""
BuffOther#5,"""무리하지 말라고!"""
QuestStart1#5,"""얼른 끝낸다!"""
QuestEnd1#5,"""당연하잖아, 이 정도는"""
IncidentStart#5,"""뭐야, 뭐가 오는 거냐!"""
IncidentSuccess#5,"""헷, 이 정도냐!<br>시시하군!"""
IncidentFailure#5,"""뭐야 이건……<br>더럽게 재미없군!"""
PSE#5,"""오, 이게 PSE란 건가?"""
PSELevelUp#5,"""자, 자, 더 계속 간다!"""
PSEBurst#5,"""헷, 하면 되잖아!"""
HP30#5,"""우쭐대지 마라……!"""
HP10#5,"""이 몸이 몰리고 있다고……?<br>……장난하지 마!"""
ItemRare#5,"""아, 어이!<br>그거 희귀한 거잖아!"""
DamageSmall#5,"""쳇!"""
DamageMiddle#5,"""뭐라고……!"""
DamageLarge#5,"""젠장!"""
Trap#5,"""함정이라고!"""
ThankTrapRescue#5,"""……정말, 장난질이군"""
TrapRescueOther#5,"""시시한 것에<br>걸려들지 말라고!"""
MemberDamaged#5,"""나서지 마라!"""
MemberDead#5,"""그러니까 말했잖아!<br>……젠장!"""
AbilityExe#5,"""자, 어느 놈부터 사라지고 싶냐?"""
AbilitySpecial#5,"""전부 한꺼번에 날려 버리마!"""
Resurrect#5,"""제법이잖아, 벌레 같은 놈이!"""
PartyJoin#5,"""/ci1 1 도와줘도 좋다"""
Marvelous#5,"""흥, 제법이군"""
IncidentJsApcBegin#5,"""/ci2 1 이벤트 같은 건 정말 귀찮군……<br>마침 잘 왔어!<br>이 몸의 화풀이에 어울려라!"""
IncidentJsApcFailure#5,"""쳇, 너무 고민해서 산만해진 결과가<br>이 꼴이냐……!<br>못 해 먹겠군, 먼저 돌아가겠다!"""
IncidentJsApcSuccess#5,"""/ci2 2 끝났군!<br>그럼 이제 답례를 생각해야 하나...<br>대체 뭘 주면 되지?"""
IncidentJsApcBeginEvo#5,"""/ci3 2 어이!\u3000뭐든 덤벼라!<br>한꺼번에 쓰러뜨려 주마!"""
EnemyWeak#6,"""좋아, 약한 녀석이 왔군!"""
EnemyLarge#6,"""/toge 저런 건 덩치만 큰 놈이야<br>박살 내면 그만이다!"""
EnemyBoss#6,"""/toge 강적 등장이라는 거군!<br>조심해!"""
EnemyRare#6,"""좀처럼 보기 힘든 녀석이군!"""
EnemyBoost#6,"""어이, 어이, 저건 뭐야?<br>기합부터 다르잖아!"""
DestroyEnemy1#6,"""어떠냐!"""
DestroyEnemy2#6,"""좋아, 다음!"""
DestroyEnemy3#6,"""계속 간다!"""
CondFreeze#6,"""젠장, 동결이냐……!"""
CondBurn#6,"""우왓!<br>불타고 있잖아!"""
CondShock#6,"""큭……몸이 저려 버렸어!"""
CondPoison#6,"""독 따윈 시시해!"""
CondPanic#6,"""어이쿠, 어떻게 해야 하지!?"""
CondStan#6,"""뭐!\u3000몸이 안 움직여!"""
CondMirage#6,"""시야를 빼앗다니 비겁하잖아!<br>정정당당하게 싸워!"""
Die#6,"""젠장, 당해 버렸어!"""
ThankHeal#6,"""회복, 고맙다!"""
ThankBuff#6,"""좋아, 센스 있네!"""
ThankCure#6,"""고마워, 개운해졌어!"""
DefeatEnemy#6,"""여긴 정리됐군!<br>앞으로 나아가자!"""
LevelUp#6,"""또 레벨이 오른 모양이군!"""
InvokeSkill1#5,"""/toge 여기서 끝내 주마!"""
InvokeSkill2#5,"""해치워 주마!"""
InvokeSkill3#5,"""/toge 전력으로 간다!"""
PBFull#6,"""진심으로 간다!"""
PBRelease#6,"""/toge 상대로 부족함이 없어!"""
Avoid#6,"""흥!"""
HealSelf#6,"""회복도 필요하지!"""
BuffSelf#6,"""준비도 잊으면 안 되지!"""
HealOther#6,"""무리하지 말라니까!"""
BuffOther#6,"""이걸로 완벽해!"""
QuestStart1#6,"""자, 해치우자!"""
QuestEnd1#6,"""/toge 즐거웠어!<br>다음에 또 같이 가자!"""
IncidentStart#6,"""음!?\u3000뭔가 온다!"""
IncidentSuccess#6,"""최고의 결과군!"""
IncidentFailure#6,"""이런……<br>납득할 수 없는 결과야."""
PSE#6,"""오, 포톤이<br>활성화되기 시작했군!"""
PSELevelUp#6,"""이대로 계속 날뛰라는 거야!<br>계속한다!"""
PSEBurst#6,"""/toge 굉장하군, 이거!<br>우오오오!\u3000뜨거워지는데!"""
HP30#6,"""제법이잖아……!"""
HP10#6,"""젠장……!\u3000아직 멀었어!"""
ItemRare#6,"""/toge 그거 좋은 물건이야!<br>소중히 간직해!"""
DamageSmall#6,"""큭!"""
DamageMiddle#6,"""우왓!"""
DamageLarge#6,"""제법 하는군!"""
Trap#6,"""성가신 것을……!"""
ThankTrapRescue#6,"""미안, 폐를 끼쳤어!"""
TrapRescueOther#6,"""괜찮아!?"""
MemberDamaged#6,"""무리하지 마!<br>뒤로 물러나 있어!"""
MemberDead#6,"""/toge 날 화나게 했군!"""
AbilityExe#6,"""/toge 불타오르는데!"""
AbilitySpecial#6,"""/toge 좋아!\u3000나한테 맡겨!"""
Resurrect#6,"""/toge 난 아직 더 할 수 있어!"""
PartyJoin#6,"""/toge /ci2 1 잘 부탁한다!"""
Marvelous#6,"""역시 대단하군!"""
IncidentJsApcBegin#6,"""/toge /ci2 2 오, 마침 잘 왔어!<br>도와줄래!<br>동료와 떨어져 버렸거든!"""
IncidentJsApcFailure#6,"""실수했군……!<br>미안, 다시 준비해 올게……!"""
IncidentJsApcSuccess#6,"""/toge /ci2 2 이야, 싸움에 너무 열중해서<br>동료와 떨어져 버렸군!<br>고맙다, 살았어!"""
IncidentJsApcBeginEvo#6,"""/toge /ci3 2 아직 뭔가 더 일어나는 건가!<br>좋아, 즐겨 보자!"""
EnemyWeak#7,"""이 정도면 여유롭겠어요!"""
EnemyLarge#7,"""납작하게 깔리지 않도록<br>조심해서 가요……!"""
EnemyBoss#7,"""만만치 않은 상대 같네요!<br>기운 내서 가요!"""
EnemyRare#7,"""와, 희귀한 에너미네요!"""
EnemyBoost#7,"""이 분위기……<br>평범한 에너미가 아니에요……!"""
DestroyEnemy1#7,"""해냈어요!"""
DestroyEnemy2#7,"""아직 더 할 수 있어요!"""
DestroyEnemy3#7,"""깔끔하게 쓰러뜨렸어요!"""
CondFreeze#7,"""에취!<br>너, 너무 추워요!"""
CondBurn#7,"""뜨, 뜨거워!<br>뜨거워요!"""
CondShock#7,"""저, 저려……요……!"""
CondPoison#7,"""으으<br>기, 기분이 안 좋아요……"""
CondPanic#7,"""어라라……?<br>시야가 빙글빙글 돌아요~"""
CondStan#7,"""우, 움직일 수 없어……!"""
CondMirage#7,"""호오오……!<br>뭔가 세상이<br>흐릿하게 보여요!"""
Die#7,"""해야 할 일이……<br>있는데……"""
ThankHeal#7,"""감사합니다!"""
ThankBuff#7,"""살았어요!"""
ThankCure#7,"""후우……진정됐어요……"""
DefeatEnemy#7,"""계속 나아가요!"""
LevelUp#7,"""와아!<br>축하합니다!"""
InvokeSkill1#6,"""갑니다!"""
InvokeSkill2#6,"""이 일격으로!"""
InvokeSkill3#6,"""/toge 비장의……갑니다!!"""
PBFull#7,"""언제든 갈 수 있어요!"""
PBRelease#7,"""/toge 제 포톤……받아 주세요!!"""
Avoid#7,"""히얏!"""
HealSelf#7,"""아직 더 할 수 있어요!"""
BuffSelf#7,"""준비 완료예요!"""
HealOther#7,"""괜찮으신가요?"""
BuffOther#7,"""이걸로 완벽하네요!"""
QuestStart1#7,"""기운 내서 가요!"""
QuestEnd1#7,"""퀘스트 클리어예요!<br>에헤헷, 해냈네요!"""
IncidentStart#7,"""왠지 불길한 예감이 들어요……!"""
IncidentSuccess#7,"""하아……하아……<br>리더 덕분에<br>어떻게든 해냈어요!"""
IncidentFailure#7,"""죄송해요……제가<br>리더의 발목을 잡아서……"""
PSE#7,"""이건……PSE일까요?"""
PSELevelUp#7,"""레벨이 올랐어요!"""
PSEBurst#7,"""PSE 버스트!<br>몇 번을 봐도 아름답네요……!"""
HP30#7,"""하아……하아……<br>조금 지치기 시작했어요……"""
HP10#7,"""이제……쓰러질 것 같아요……"""
ItemRare#7,"""희귀한 아이템이네요!<br>축하합니다!"""
DamageSmall#7,"""으윽……!"""
DamageMiddle#7,"""꺅!"""
DamageLarge#7,"""우와아앗!!"""
Trap#7,"""으악!<br>함정에 걸렸어요!"""
ThankTrapRescue#7,"""살았어요!<br>감사합니다!"""
TrapRescueOther#7,"""괘, 괜찮으세요?"""
MemberDamaged#7,"""저에게 맡겨 주세요!"""
MemberDead#7,"""용서 못 해요……!"""
AbilityExe#7,"""힘이 넘쳐흘러요!"""
AbilitySpecial#7,"""왠지 저,<br>지금이라면 뭐든<br>할 수 있을 것 같아요!"""
Resurrect#7,"""저……아직 죽을 수 없어요."""
PartyJoin#7,"""/toge /ci2 1 잘 부탁드립니다!"""
Marvelous#7,"""역시 대단하세요!"""
IncidentJsApcBegin#7,"""/ci1 1 죄송합니다!<br>적이 너무 많아서 애먹고 있어요.<br>도와주시겠어요?"""
IncidentJsApcFailure#7,"""으윽, 죄송합니다.<br>제 힘이 부족한 탓에……"""
IncidentJsApcSuccess#7,"""/ci2 2 에헤헷, 해냈네요!<br>도와주셔서<br>감사합니다!"""
IncidentJsApcBeginEvo#7,"""/ci2 1 새로운 에너미군요.<br>방심하지 말고 가요!"""
EnemyWeak#8,"""후딱 해치우자."""
EnemyLarge#8,"""음, 이 녀석 크네."""
EnemyBoss#8,"""성가신 녀석이 나왔군……<br>침착하게 덤벼."""
EnemyRare#8,"""오?\u3000이 녀석은 희귀하군!"""
EnemyBoost#8,"""얕보지 마.<br>저 녀석, 보기보다 강해."""
DestroyEnemy1#8,"""좋아!"""
DestroyEnemy2#8,"""다음으로 간다!"""
DestroyEnemy3#8,"""자, 끝……이군."""
CondFreeze#8,"""으악!?\u3000차가워!"""
CondBurn#8,"""앗뜨뜨뜨!"""
CondShock#8,"""찌리릿……저려어어어……"""
CondPoison#8,"""우웩……독이냐……"""
CondPanic#8,"""우와, 세상이 돌고 있어……"""
CondStan#8,"""이런……안 움직여……"""
CondMirage#8,"""젠장!<br>눈이 흐려서 잘 안 보여……"""
Die#8,"""쳇……이 정도일 줄이야……"""
ThankHeal#8,"""좋아, 고맙다!"""
ThankBuff#8,"""오, 이건 고맙군."""
ThankCure#8,"""후우……기분 상쾌하군."""
DefeatEnemy#8,"""근처 에너미는<br>전부 쓰러뜨렸나?"""
LevelUp#8,"""오오!\u3000제법인데!"""
InvokeSkill1#7,"""오랏!"""
InvokeSkill2#7,"""보여 주마!"""
InvokeSkill3#7,"""자, 간다!"""
PBFull#8,"""그럼……준비는 됐어."""
PBRelease#8,"""자, 해치울까."""
Avoid#8,"""어이쿠!"""
HealSelf#8,"""한숨 돌렸군……"""
BuffSelf#8,"""좋아, 단숨에 가 볼까."""
HealOther#8,"""무사해!?"""
BuffOther#8,"""자, 받아라!"""
QuestStart1#8,"""정신 바짝 차려!"""
QuestEnd1#8,"""퀘스트 클리어!<br>이야, 수고했다."""
IncidentStart#8,"""뭐야, 뭐야?"""
IncidentSuccess#8,"""후우……어떻게든 됐나?"""
IncidentFailure#8,"""이런……<br>뭐, 신경 쓰지 마.<br>기분 전환하고 가자!"""
PSE#8,"""PSE다!<br>이왕이면 버스트를 노려 볼까?"""
PSELevelUp#8,"""PSE 레벨이<br>오른 모양이네."""
PSEBurst#8,"""좋아, 왔다!<br>PSE 버스트다!"""
HP30#8,"""아직 괜찮지만<br>도와주면 기쁘겠는데."""
HP10#8,"""큭……<br>아무래도 너무 많이 맞았나……"""
ItemRare#8,"""희귀한 걸 주웠어?"""
DamageSmall#8,"""어이쿠!"""
DamageMiddle#8,"""왓!"""
DamageLarge#8,"""우왓!?"""
Trap#8,"""아야, 이건 안 되겠군.<br>함정에 걸렸어."""
ThankTrapRescue#8,"""위험해, 위험해……<br>정말 살았어."""
TrapRescueOther#8,"""무사해?"""
MemberDamaged#8,"""괜찮아!?"""
MemberDead#8,"""자, 이 상황을<br>어떻게 헤쳐 나갈까……"""
AbilityExe#8,"""절호조다!<br>나, 활약해도 되지?"""
AbilitySpecial#8,"""나도 할 땐 한다고!"""
Resurrect#8,"""누워 있을 때가 아니군."""
PartyJoin#8,"""/ci1 1 그럼, 가 볼까."""
Marvelous#8,"""제법이네!"""
IncidentJsApcBegin#8,"""/ci1 1 오, 마침 잘 왔네!<br>조금 성가신 일이 생겨서<br>편하게……아니, 협력해 줘!"""
IncidentJsApcFailure#8,"""이런, 안 되나……<br>어쩔 수 없지, 물러날게."""
IncidentJsApcSuccess#8,"""/ci2 1 이야, 역시 제법이네.<br>덕분에 살았어!"""
IncidentJsApcBeginEvo#8,"""/ci1 1 어라, 아직 더 오는 건가.<br>우리 엄청 인기 많네……"""
EnemyWeak#9,"""잡졸이, 방해하지 마!"""
EnemyLarge#9,"""덩치 큰 놈인가, 좋은 표적이군!"""
EnemyBoss#9,"""제법 뼈대 있는 녀석이잖아"""
EnemyRare#9,"""응, 저건 뭐야?<br>희귀한 녀석 아니야?"""
EnemyBoost#9,"""위험한 분위기를 풍기는군……"""
DestroyEnemy1#9,"""한 놈 해치웠다!"""
DestroyEnemy2#9,"""자, 다음으로 가자!"""
DestroyEnemy3#9,"""상대가 안 되는군"""
CondFreeze#9,"""쳇, 동결이냐……!"""
CondBurn#9,"""이름처럼 불타고 있다곤 하지 마!"""
CondShock#9,"""몸이 저려 오잖아……!"""
CondPoison#9,"""젠장, 독인가……!"""
CondPanic#9,"""머리가 뒤죽박죽이 되는데……!"""
CondStan#9,"""몸이 안 움직여……뭐라고……!?"""
CondMirage#9,"""쳇, 시야가 흔들려……!"""
Die#9,"""진짜냐……말도 안 되잖아……이런 건"""
ThankHeal#9,"""미안하다!"""
ThankBuff#9,"""오, 센스 있네!"""
ThankCure#9,"""살았다!"""
DefeatEnemy#9,"""이 근처는 끝났군"""
LevelUp#9,"""이거 질 수 없겠는데!"""
InvokeSkill1#8,"""자, 자, 날아가라!"""
InvokeSkill2#8,"""놓치지 않아!"""
InvokeSkill3#8,"""안됐구나!"""
PBFull#9,"""아낌없이 간다!\u3000전부 받아라!"""
PBRelease#9,"""이건 내가 고른 길이다, 방해하지 마!"""
Avoid#9,"""여어!"""
HealSelf#9,"""위험해, 위험해"""
BuffSelf#9,"""준비는 게을리하지 않는 성격이라"""
HealOther#9,"""방심은 금물이다!"""
BuffOther#9,"""단숨에 끝내자!"""
QuestStart1#9,"""빠르게 끝내자"""
QuestEnd1#9,"""역시 보통이 아니군"""
IncidentStart#9,"""이 기척……뭔가 오는군!"""
IncidentSuccess#9,"""좋아, 나쁘지 않아!"""
IncidentFailure#9,"""아, 젠장, 실수했어!"""
PSE#9,"""이건……PSE라는 건가?"""
PSELevelUp#9,"""계속 가자!"""
PSEBurst#9,"""좋아, 잘됐군!"""
HP30#9,"""정말, 성가셔지는군"""
HP10#9,"""아직 끝이 아니야"""
ItemRare#9,"""오, 그거 좋은 물건 아니야?"""
DamageSmall#9,"""칫"""
DamageMiddle#9,"""크악!"""
DamageLarge#9,"""제법이잖아……!"""
Trap#9,"""이런, 함정이냐!"""
ThankTrapRescue#9,"""미안, 방심했어"""
TrapRescueOther#9,"""요즘 세상에 함정이라니 별나군!<br>지금 도와줄게!"""
MemberDamaged#9,"""괜찮아?\u3000무리하지 마!"""
MemberDead#9,"""……네놈, 감히 그랬겠다!"""
AbilityExe#9,"""자, 죽고 싶은 놈은 누구냐?"""
AbilitySpecial#9,"""어디부터 정리해 줄까?"""
Resurrect#9,"""……정말, 성가신 일이 됐군!"""
PartyJoin#9,"""/ci2 1 잘 부탁한다"""
Marvelous#9,"""휘유, 제법인데"""
IncidentJsApcBegin#9,"""/ci1 1 오, 마침 잘 왔군!<br>성가신 일에 휘말려서 말이야!<br>미안하지만 도와줄래!"""
IncidentJsApcFailure#9,"""진짜냐……꼴사납군……<br>미안, 먼저 물러날게."""
IncidentJsApcSuccess#9,"""/ci1 1 좋아, 어떻게든 해결했군!<br>도와준 덕분이야<br>고맙다!"""
IncidentJsApcBeginEvo#9,"""/ci1 1 이걸로 끝……날 분위기는 아니군<br>다음부터 다음까지 질리지도 않나 봐!<br>미안, 조금만 더 어울려 줘!"""
EnemyWeak#10,"""이 정도 상대는<br>얼른 해치우죠!"""
EnemyLarge#10,"""우와……조금 클지도……"""
EnemyBoss#10,"""가, 강해 보여……<br>그래도 어떻게든 되겠죠!"""
EnemyRare#10,"""앗, 보세요!<br>희귀한 게 있어요!"""
EnemyBoost#10,"""뭔가 위험해 보이는 분위기가<br>엄청나게 느껴지는데요……"""
DestroyEnemy1#10,"""잘됐나요?"""
DestroyEnemy2#10,"""해냈다!\u3000해냈다!"""
DestroyEnemy3#10,"""후우, 어떻게든!"""
CondFreeze#10,"""코오리가 꽁꽁 얼었어……<br>아니, 이럴 때가 아니지!"""
CondBurn#10,"""코오리가 불타고 있다니……<br>아니, 아니, 도와주세요!"""
CondShock#10,"""모모모몸이이이이<br>저저저저려어어어……!"""
CondPoison#10,"""으으……독은 아픈 걸 떠나서<br>일단 기분 나빠……!"""
CondPanic#10,"""뭔가 엄청<br>빙글빙글 몽글몽글해"""
CondStan#10,"""모, 몸이 안 움직여……?<br>앗!\u3000이거 정말 위험한 상황이야!"""
CondMirage#10,"""와아, 알 군이 잔뜩 보여……!<br>꿈만 같아……그런데 이거<br>정상은 아니란 거지!"""
Die#10,"""아우……당해 버렸어……"""
ThankHeal#10,"""앗, 감사합니다!"""
ThankBuff#10,"""왠지 힘이 솟아나요!"""
ThankCure#10,"""후우, 기분 상쾌해!"""
DefeatEnemy#10,"""대충 다 쓰러뜨린 것 같나요?"""
LevelUp#10,"""엣, 아직 더 강해지는 건가요!"""
InvokeSkill1#9,"""싹둑!"""
InvokeSkill2#9,"""와와왓!"""
InvokeSkill3#9,"""싹 베어 버릴게!"""
TechIce#4,"""얼어 버려!"""
PBFull#10,"""좋아, 비장의 수단 같은 걸<br>써 버릴게!"""
PBRelease#10,"""에잇, 이젠 될 대로 돼라!"""
Avoid#10,"""네!"""
HealSelf#10,"""이 틈에 바로 회복!"""
BuffSelf#10,"""만전의 상태로 맞서겠어!"""
HealOther#10,"""틈을 찾아 회복할게요!"""
BuffOther#10,"""이런 것도 있어요!"""
QuestStart1#10,"""발목 잡지 마, 발목 잡지 마<br>발목 잡지 마……좋아!"""
QuestEnd1#10,"""힘낸 보람이 있을지도!"""
IncidentStart#10,"""음, 뭔가 이상한 분위기……<br>이거, 무슨 일 생기는 거죠?"""
IncidentSuccess#10,"""잘돼서 다행이다……!"""
IncidentFailure#10,"""……이거 실패네요.<br>뭐, 뭐, 기분 전환하죠!"""
PSE#10,"""뭔가 세상이 술렁술렁<br>하지 않나요?\u3000그렇죠?"""
PSELevelUp#10,"""오오오!\u3000술렁임이 커지고 있어요!"""
PSEBurst#10,"""우와, 정말 예뻐……<br>그런데 이게 뭐죠?"""
HP30#10,"""으으, 흔히 말하는 위기일지도……"""
HP10#10,"""이, 이건 너무하잖아요!"""
ItemRare#10,"""앗, 그거 알아요!<br>레어 아이템이죠, 좋겠다!"""
DamageSmall#10,"""아파!"""
DamageMiddle#10,"""꺄악!"""
DamageLarge#10,"""너무해!"""
Trap#10,"""어라……혹시 나<br>함정에 걸린 건가……?"""
ThankTrapRescue#10,"""사, 살았다……"""
TrapRescueOther#10,"""괜찮아요? 지금 도와줄게요!"""
MemberDamaged#10,"""무리는 금물!"""
MemberDead#10,"""……아, 저질렀네.<br>그람은 분노의 검이라고?"""
AbilityExe#10,"""왠지 나, 절호조일지도!"""
AbilitySpecial#10,"""지금이라면 뭐든 잘 풀릴 것<br>같기도 해!"""
Resurrect#10,"""……조금만 더,<br>힘내 볼까……<br>싶기도 하고."""
PartyJoin#10,"""/ci2 1 잘 부탁드립니다"""
Marvelous#10,"""우와……대단하다……"""
IncidentJsApcBegin#10,"""/ci2 1 앗, 마침 잘 왔어요!<br>갑자기 적에게 포위돼서<br>도와주시겠어요!"""
IncidentJsApcFailure#10,"""으으……발목 잡고 싶진 않았는데<br>……미안해요, 먼저 물러날게요."""
IncidentJsApcSuccess#10,"""/ci2 1 해냈다, 해냈어요!<br>완전무결한 승리라는 거예요!<br>감사합니다!"""
IncidentJsApcBeginEvo#10,"""/ci1 1 이걸로 일단락!<br>……이란 느낌은 아닌 것 같네요.<br>조금만 더 도와주시겠어요?"""
EnemyWeak#11,"""한꺼번에 쓸어 버린다!"""
EnemyLarge#11,"""덩치만 큰 녀석 따위!"""
EnemyBoss#11,"""아무리 강대한 상대라도<br>난 절대 포기하지 않아!"""
EnemyRare#11,"""저거, 희귀한 녀석이지!"""
EnemyBoost#11,"""정말 불길한 기운이야……<br>내가 정화하겠어!"""
DestroyEnemy1#11,"""다음!"""
DestroyEnemy2#11,"""이 정도론 멈추지 않아!"""
DestroyEnemy3#11,"""고마워, 아메노무라쿠모!"""
CondFreeze#11,"""차, 차가워!\u3000잠깐, 이게 뭐야!"""
CondBurn#11,"""부, 불타고 있어!?\u3000불 꺼, 불 꺼!"""
CondShock#11,"""저, 저려어어어……!"""
CondPoison#11,"""도, 독……?\u3000기분 나빠……"""
CondPanic#11,"""아하하하!<br>저기가 여기고 여기가 어디지?"""
CondStan#11,"""모, 몸이 안 움직여……!"""
CondMirage#11,"""누, 눈이……번쩍거려서……!"""
Die#11,"""실수했어……모두 미안해……!"""
ThankHeal#11,"""고마워!"""
ThankBuff#11,"""살았어!"""
ThankCure#11,"""후우, 진정됐어."""
DefeatEnemy#11,"""자, 다음 장소로 가자!"""
LevelUp#11,"""질 수 없지!"""
InvokeSkill1#10,"""망설임을 끊어 낸다!"""
InvokeSkill2#10,"""나와 아메노무라쿠모라면!"""
InvokeSkill3#10,"""일섬!"""
PBFull#11,"""난 이제 자신을 속이지 않아!"""
PBRelease#11,"""이것이 나의……선택이다!"""
Avoid#11,"""흥!"""
HealSelf#11,"""회복은 제대로 해야지"""
BuffSelf#11,"""봐주기도, 사정도 일절 없어!"""
HealOther#11,"""괜찮아?\u3000회복할게!"""
BuffOther#11,"""만전의 상태로 맞서자!"""
QuestStart1#11,"""가자, 아메노무라쿠모"""
QuestEnd1#11,"""제법 잘된 것 같아?"""
IncidentStart#11,"""이 기척……뭔가 올 것 같아!"""
IncidentSuccess#11,"""좋아, 잘됐네!"""
IncidentFailure#11,"""으음……안 됐나"""
PSE#11,"""이 느낌……PSE 아니야?"""
PSELevelUp#11,"""계속 가자!"""
PSEBurst#11,"""우와, 예뻐……!<br>이게 PSE 버스트구나……"""
HP30#11,"""이 정도론 꺾이지 않아!"""
HP10#11,"""아직 난 포기하지 않아!"""
ItemRare#11,"""레어 드롭이다, 좋겠다!"""
DamageSmall#11,"""큭!"""
DamageMiddle#11,"""아직 멀었어!"""
DamageLarge#11,"""위험한가……!"""
Trap#11,"""헉, 함정!?"""
ThankTrapRescue#11,"""살았다, 고마워!"""
TrapRescueOther#11,"""함정이라니 고전적이네……!<br>금방 도와줄게!"""
MemberDamaged#11,"""무리하지 마!"""
MemberDead#11,"""……지키지 못했지만<br>아직 끝이 아니야!"""
AbilityExe#11,"""힘이 넘쳐흘러……<br>이건 에테르?\u3000포톤?"""
AbilitySpecial#11,"""지금이라면 뭐든 일도양단!<br>농담이야!"""
Resurrect#11,"""……쉬고 있을 때가 아니라니까!"""
PartyJoin#11,"""/ci2 1 좋아, 힘내 볼까."""
Marvelous#11,"""여전하네!"""
IncidentJsApcBegin#11,"""/ci2 1 앗, <%me>!<br>마침 잘 왔어!<br>조금 실수했는데 도와줄래?"""
IncidentJsApcFailure#11,"""으음……실수투성이라 미안해.<br>많이 반성해야겠네……<br>미안, 먼저 퇴각할게."""
IncidentJsApcSuccess#11,"""/ci2 1 끝났다, 끝났어!<br><%me>!<br>도와줘서 고마워!"""
IncidentJsApcBeginEvo#11,"""/ci5 1 끝났다……고 믿고 싶지만<br>그런 분위기는 아닌 것 같네.<br>미안, 조금만 더 도와줘!"""
EnemyWeak#12,"""하찮은 놈들에게 볼일 없어!"""
EnemyLarge#12,"""덩치만 큰 놈이!"""
EnemyBoss#12,"""흥, 상대로 부족함은 없겠네!"""
EnemyRare#12,"""저건 보기 드문 녀석 아닌가?"""
EnemyBoost#12,"""불길한 기운이 드는군"""
DestroyEnemy1#12,"""다음!"""
DestroyEnemy2#12,"""별것 아니었네!"""
DestroyEnemy3#12,"""방해한 네 탓이다!"""
CondFreeze#12,"""크윽……동결……!"""
CondBurn#12,"""크윽……연소인가……!"""
CondShock#12,"""몸이 저려서……!"""
CondPoison#12,"""크윽, 독인가……!"""
CondPanic#12,"""생각을 정리할 수가 없어……!"""
CondStan#12,"""몸이 움직이지 않아……!"""
CondMirage#12,"""시야가 이상해……!"""
Die#12,"""이럴 수가……!"""
ThankHeal#12,"""살았어!"""
ThankBuff#12,"""미안하네!"""
ThankCure#12,"""다시 시작이다!"""
DefeatEnemy#12,"""자, 다음으로 가자!"""
LevelUp#12,"""오, 괜찮잖아"""
InvokeSkill1#11,"""이얏!"""
InvokeSkill2#11,"""이건 어떠냐!"""
InvokeSkill3#11,"""날아가 버려!"""
PBFull#12,"""격의 차이를 보여 주지!"""
PBRelease#12,"""모조리 날려 버리겠어!"""
Avoid#12,"""여어"""
HealSelf#12,"""어림없다!"""
BuffSelf#12,"""그렇게는 안 돼!"""
HealOther#12,"""방심하지 마!"""
BuffOther#12,"""엄호하겠어!"""
QuestStart1#12,"""어서 임무를 끝내자"""
QuestEnd1#12,"""뭐, 훌륭하네"""
IncidentStart#12,"""뭔가 올 것 같군……"""
IncidentSuccess#12,"""좋아, 잘 해냈잖아!"""
IncidentFailure#12,"""제길, 한심하군……"""
PSE#12,"""이 기척, 포톤이 술렁이나?"""
PSELevelUp#12,"""계속 간다!"""
PSEBurst#12,"""제법이잖아"""
HP30#12,"""우쭐대지 마"""
HP10#12,"""……내가 포기할 것 같았나?"""
ItemRare#12,"""보기 드문 물건이겠지<br>챙겨 둬!"""
DamageSmall#12,"""큭"""
DamageMiddle#12,"""위험한가……?"""
DamageLarge#12,"""우왓!"""
Trap#12,"""함정이라고!?"""
ThankTrapRescue#12,"""미안하군, 수고를 끼쳤어"""
TrapRescueOther#12,"""수고를 끼치게 하지 마"""
MemberDamaged#12,"""물러서!"""
MemberDead#12,"""……감히 이런 짓을!"""
AbilityExe#12,"""감이 살아났어!"""
AbilitySpecial#12,"""기분 나쁘지 않군!"""
Resurrect#12,"""난 질 수 없다고!"""
PartyJoin#12,"""/ci2 1 발목 잡지 마"""
Marvelous#12,"""상태 좋잖아"""
IncidentJsApcBegin#12,"""/ci2 1 <%me>!<br>마침 잘 왔군!<br>조금 도와주고 가!"""
IncidentJsApcFailure#12,"""제길……꼴사납군……<br>미안해, 먼저 물러나겠어."""
IncidentJsApcSuccess#12,"""/ci2 1 좋아, 끝난 모양이군!<br>도와줘서 살았어!"""
IncidentJsApcBeginEvo#12,"""/ci1 1 이걸로 끝……난 분위기는<br>아닌 것 같군!\u3000미안하지만 조금만 더<br>어울려 주겠나?"""
EnemyWeak#13,"""한꺼번에 쓸어 버린다!"""
EnemyLarge#13,"""덩치만 큰 녀석 따위!"""
EnemyBoss#13,"""아무리 강대한 상대라도<br>난 절대 포기하지 않아!"""
EnemyRare#13,"""저거, 희귀한 녀석이지!"""
EnemyBoost#13,"""정말 불길한 기운이야……<br>내가 정화하겠어!"""
DestroyEnemy1#13,"""다음!"""
DestroyEnemy2#13,"""이 정도론 멈추지 않아!"""
DestroyEnemy3#13,"""고마워, 아메노무라쿠모!"""
CondFreeze#13,"""차, 차가워!\u3000잠깐, 이게 뭐야!"""
CondBurn#13,"""부, 불타고 있어!?\u3000불 꺼, 불 꺼!"""
CondShock#13,"""저, 저려어어어……!"""
CondPoison#13,"""도, 독……?\u3000기분 나빠……"""
CondPanic#13,"""아하하하!<br>저기가 여기고 여기가 어디지?"""
CondStan#13,"""모, 몸이 안 움직여……!"""
CondMirage#13,"""누, 눈이……번쩍거려서……!"""
Die#13,"""실수했어……모두 미안해……!"""
ThankHeal#13,"""고마워!"""
ThankBuff#13,"""살았어!"""
ThankCure#13,"""후우, 진정됐어."""
DefeatEnemy#13,"""자, 다음 장소로 가자!"""
LevelUp#13,"""질 수 없지!"""
InvokeSkill1#12,"""망설임을 끊어 낸다!"""
InvokeSkill2#12,"""나와 아메노무라쿠모라면!"""
InvokeSkill3#12,"""일섬!"""
PBFull#13,"""난 이제 자신을 속이지 않아!"""
PBRelease#13,"""이것이 나의……선택이다!"""
Avoid#13,"""흥!"""
HealSelf#13,"""회복은 제대로 해야지"""
BuffSelf#13,"""봐주기도, 사정도 일절 없어!"""
HealOther#13,"""괜찮아?\u3000회복할게!"""
BuffOther#13,"""만전의 상태로 맞서자!"""
QuestStart1#13,"""가자, 아메노무라쿠모"""
QuestEnd1#13,"""제법 잘된 것 같아?"""
IncidentStart#13,"""이 기척……뭔가 올 것 같아!"""
IncidentSuccess#13,"""좋아, 잘됐네!"""
IncidentFailure#13,"""으음……안 됐나"""
PSE#13,"""이 느낌……PSE 아니야?"""
PSELevelUp#13,"""계속 가자!"""
PSEBurst#13,"""우와, 예뻐……!<br>이게 PSE 버스트구나……"""
HP30#13,"""이 정도론 꺾이지 않아!"""
HP10#13,"""아직 난 포기하지 않아!"""
ItemRare#13,"""레어 드롭이다, 좋겠다!"""
DamageSmall#13,"""큭!"""
DamageMiddle#13,"""아직 멀었어!"""
DamageLarge#13,"""위험한가……!"""
Trap#13,"""헉, 함정!?"""
ThankTrapRescue#13,"""살았다, 고마워!"""
TrapRescueOther#13,"""함정이라니 고전적이네……!<br>금방 도와줄게!"""
MemberDamaged#13,"""무리하지 마!"""
MemberDead#13,"""……지키지 못했지만<br>아직 끝이 아니야!"""
AbilityExe#13,"""힘이 넘쳐흘러……<br>이건 에테르?\u3000포톤?"""
AbilitySpecial#13,"""지금이라면 뭐든 일도양단!<br>농담이야!"""
Resurrect#13,"""……쉬고 있을 때가 아니라니까!"""
PartyJoin#13,"""/ci2 1 좋아, 힘내 볼까."""
Marvelous#13,"""여전하네!"""
IncidentJsApcBegin#13,"""/ci2 2 오빠와 코오리를 찾다가<br>어느새 포위당해 버렸어……<br>미안하지만, 도와줄래?"""
IncidentJsApcFailure#13,"""/ci4 2 아차……익숙해졌다고<br>우쭐댄 탓일까……<br>미안해, 먼저 물러날게."""
IncidentJsApcSuccess#13,"""/ci8 2 좋아, 다 해치웠어!<br>도와줘서 고마워!<br>그럼 난 두 사람을 찾으러 갈게!"""
IncidentJsApcBeginEvo#13,"""/ci5 2 이 기척은……<br>아직 더 올 것 같아, 조심해!"""
EnemyWeak#14,"""잡졸이, 방해하지 마!"""
EnemyLarge#14,"""덩치 큰 놈인가, 좋은 표적이군!"""
EnemyBoss#14,"""제법 뼈대 있는 녀석이잖아"""
EnemyRare#14,"""응, 저건 뭐야?<br>희귀한 녀석 아니야?"""
EnemyBoost#14,"""위험한 분위기를 풍기는군……"""
DestroyEnemy1#14,"""한 놈 해치웠다!"""
DestroyEnemy2#14,"""자, 다음으로 가자!"""
DestroyEnemy3#14,"""상대가 안 되는군"""
CondFreeze#14,"""쳇, 동결이냐……!"""
CondBurn#14,"""이름처럼 불타고 있다곤 하지 마!"""
CondShock#14,"""몸이 저려 오잖아……!"""
CondPoison#14,"""젠장, 독인가……!"""
CondPanic#14,"""머리가 뒤죽박죽이 되는데……!"""
CondStan#14,"""몸이 안 움직여……뭐라고……!?"""
CondMirage#14,"""쳇, 시야가 흔들려……!"""
Die#14,"""진짜냐……말도 안 되잖아……이런 건"""
ThankHeal#14,"""미안하다!"""
ThankBuff#14,"""오, 센스 있네!"""
ThankCure#14,"""살았다!"""
DefeatEnemy#14,"""이 근처는 끝났군"""
LevelUp#14,"""이거 질 수 없겠는데!"""
InvokeSkill1#13,"""자, 자, 날아가라!"""
InvokeSkill2#13,"""놓치지 않아!"""
InvokeSkill3#13,"""안됐구나!"""
PBFull#14,"""아낌없이 간다!\u3000전부 받아라!"""
PBRelease#14,"""이건 내가 고른 길이다, 방해하지 마!"""
Avoid#14,"""여어!"""
HealSelf#14,"""위험해, 위험해"""
BuffSelf#14,"""준비는 게을리하지 않는 성격이라"""
HealOther#14,"""방심은 금물이다!"""
BuffOther#14,"""단숨에 끝내자!"""
QuestStart1#14,"""빠르게 끝내자"""
QuestEnd1#14,"""역시 보통이 아니군"""
IncidentStart#14,"""이 기척……뭔가 오는군!"""
IncidentSuccess#14,"""좋아, 나쁘지 않아!"""
IncidentFailure#14,"""아, 젠장, 실수했어!"""
PSE#14,"""이건……PSE라는 건가?"""
PSELevelUp#14,"""계속 가자!"""
PSEBurst#14,"""좋아, 잘됐군!"""
HP30#14,"""정말, 성가셔지는군"""
HP10#14,"""아직 끝이 아니야"""
ItemRare#14,"""오, 그거 좋은 물건 아니야?"""
DamageSmall#14,"""칫"""
DamageMiddle#14,"""크악!"""
DamageLarge#14,"""제법이잖아……!"""
Trap#14,"""이런, 함정이냐!"""
ThankTrapRescue#14,"""미안, 방심했어"""
TrapRescueOther#14,"""요즘 세상에 함정이라니 별나군!<br>지금 도와줄게!"""
MemberDamaged#14,"""괜찮아?\u3000무리하지 마!"""
MemberDead#14,"""……네놈, 감히 그랬겠다!"""
AbilityExe#14,"""자, 죽고 싶은 놈은 누구냐?"""
AbilitySpecial#14,"""어디부터 정리해 줄까?"""
Resurrect#14,"""……정말, 성가신 일이 됐군!"""
PartyJoin#14,"""/ci2 1 잘 부탁한다"""
Marvelous#14,"""휘유, 제법인데"""
IncidentJsApcBegin#14,"""/ci1 2 오, 마침 잘 왔군.<br>히츠기 일행과 떨어져 버렸거든.<br>이 녀석들 처리 좀 도와줄래?"""
IncidentJsApcFailure#14,"""/ci4 2 ……미안, 실수했어.<br>먼저 물러날게."""
IncidentJsApcSuccess#14,"""/ci2 2 이걸로 일단락됐겠지?<br>도와줘서 고맙다.<br>……자, 길 잃은 녀석들을 찾을까."""
IncidentJsApcBeginEvo#14,"""/ci3 2 젠장, 계속 몰려오네……<br>어서 사람 찾으러 돌아가게 해 줘!"""
EnemyWeak#15,"""이 정도 상대는<br>얼른 해치우죠!"""
EnemyLarge#15,"""우와……조금 클지도……"""
EnemyBoss#15,"""가, 강해 보여……<br>그래도 어떻게든 되겠죠!"""
EnemyRare#15,"""앗, 보세요!<br>희귀한 게 있어요!"""
EnemyBoost#15,"""뭔가 위험해 보이는 분위기가<br>엄청나게 느껴지는데요……"""
DestroyEnemy1#15,"""잘됐나요?"""
DestroyEnemy2#15,"""해냈다!\u3000해냈다!"""
DestroyEnemy3#15,"""후우, 어떻게든!"""
CondFreeze#15,"""코오리가 꽁꽁 얼었어……<br>아니, 이럴 때가 아니지!"""
CondBurn#15,"""코오리가 불타고 있다니……<br>아니, 아니, 도와주세요!"""
CondShock#15,"""모모모몸이이이이<br>저저저저려어어어……!"""
CondPoison#15,"""으으……독은 아픈 걸 떠나서<br>일단 기분 나빠……!"""
CondPanic#15,"""뭔가 엄청<br>빙글빙글 몽글몽글해"""
CondStan#15,"""모, 몸이 안 움직여……?<br>앗!\u3000이거 정말 위험한 상황이야!"""
CondMirage#15,"""와아, 알 군이 잔뜩 보여……!<br>꿈만 같아……그런데 이거<br>정상은 아니란 거지!"""
Die#15,"""아우……당해 버렸어……"""
ThankHeal#15,"""앗, 감사합니다!"""
ThankBuff#15,"""왠지 힘이 솟아나요!"""
ThankCure#15,"""후우, 기분 상쾌해!"""
DefeatEnemy#15,"""대충 다 쓰러뜨린 것 같나요?"""
LevelUp#15,"""엣, 아직 더 강해지는 건가요!"""
InvokeSkill1#14,"""싹둑!"""
InvokeSkill2#14,"""와와왓!"""
InvokeSkill3#14,"""싹 베어 버릴게!"""
TechIce#5,"""얼어 버려!"""
PBFull#15,"""좋아, 비장의 수단 같은 걸<br>써 버릴게!"""
PBRelease#15,"""에잇, 이젠 될 대로 돼라!"""
Avoid#15,"""네!"""
HealSelf#15,"""이 틈에 바로 회복!"""
BuffSelf#15,"""만전의 상태로 맞서겠어!"""
HealOther#15,"""틈을 찾아 회복할게요!"""
BuffOther#15,"""이런 것도 있어요!"""
QuestStart1#15,"""발목 잡지 마, 발목 잡지 마<br>발목 잡지 마……좋아!"""
QuestEnd1#15,"""힘낸 보람이 있을지도!"""
IncidentStart#15,"""음, 뭔가 이상한 분위기……<br>이거, 무슨 일 생기는 거죠?"""
IncidentSuccess#15,"""잘돼서 다행이다……!"""
IncidentFailure#15,"""……이거 실패네요.<br>뭐, 뭐, 기분 전환하죠!"""
PSE#15,"""뭔가 세상이 술렁술렁<br>하지 않나요?\u3000그렇죠?"""
PSELevelUp#15,"""오오오!\u3000술렁임이 커지고 있어요!"""
PSEBurst#15,"""우와, 정말 예뻐……<br>그런데 이게 뭐죠?"""
HP30#15,"""으으, 흔히 말하는 위기일지도……"""
HP10#15,"""이, 이건 너무하잖아요!"""
ItemRare#15,"""앗, 그거 알아요!<br>레어 아이템이죠, 좋겠다!"""
DamageSmall#15,"""아파!"""
DamageMiddle#15,"""꺄악!"""
DamageLarge#15,"""너무해!"""
Trap#15,"""어라……혹시 나<br>함정에 걸린 건가……?"""
ThankTrapRescue#15,"""사, 살았다……"""
TrapRescueOther#15,"""괜찮아요? 지금 도와줄게요!"""
MemberDamaged#15,"""무리는 금물!"""
MemberDead#15,"""……아, 저질렀네.<br>그람은 분노의 검이라고?"""
AbilityExe#15,"""왠지 나, 절호조일지도!"""
AbilitySpecial#15,"""지금이라면 뭐든 잘 풀릴 것<br>같기도 해!"""
Resurrect#15,"""……조금만 더,<br>힘내 볼까……<br>싶기도 하고."""
PartyJoin#15,"""/ci2 1 잘 부탁드립니다"""
Marvelous#15,"""우와……대단하다……"""
IncidentJsApcBegin#15,"""/ci4 2 아……도, 도와주세요!<br>히츠기 일행을 찾다가<br>적에게 포위당했어요……!"""
IncidentJsApcFailure#15,"""/ci4 2 으으, 죄송해요……<br>히츠기 일행과 떨어진 데다<br>실패까지, 되는 일이 없네요……"""
IncidentJsApcSuccess#15,"""/ci2 2 저기, 정말 고맙습니다!<br>이대로 히츠기 일행을<br>찾으러 다녀올게요!\u3000그럼!"""
IncidentJsApcBeginEvo#15,"""/ci5 2 네에, 아직도 오는 건가요!<br>조금만 더 도와주시겠어요?"""
EnemyWeak#16,"""이 정도면 괜찮아"""
EnemyLarge#16,"""와, 크다!"""
EnemyBoss#16,"""강해 보여……그래도 안 져!"""
EnemyRare#16,"""와왓, 희귀종이다!"""
EnemyBoost#16,"""……정말 불길한 느낌의 적이야"""
WeatherChange#0,"""대기의 포톤이 술렁이는 건가?"""
DestroyEnemy1#16,"""응, 잘됐어!"""
DestroyEnemy2#16,"""좋아, 느낌 좋아!"""
DestroyEnemy3#16,"""해냈다!"""
CondFreeze#16,"""어, 얼어붙었어!?"""
CondBurn#16,"""뜨거, 뜨거워!"""
CondShock#16,"""모, 몸이 저려어어……!"""
CondPoison#16,"""으으……독인가, 속이 안 좋아……"""
CondPanic#16,"""어, 어, 어떡하지이이!<br>뭘 어떻게 해야 했더라!<br>보이는 대로 날려 버릴까?"""
CondStan#16,"""모, 몸을 마음대로 못 움직이겠어……!"""
CondMirage#16,"""뭔가 시야가 몽롱해……"""
Die#16,"""실패해 버렸어, 미안해……"""
ThankHeal#16,"""아……고마워"""
ThankBuff#16,"""후훗, 고마워"""
ThankCure#16,"""으으, 미안해, 고마워"""
DefeatEnemy#16,"""끝난 것 같네"""
LevelUp#16,"""앗, 축하해!"""
InvokeSkill1#15,"""전력으로, 간다!"""
InvokeSkill2#15,"""하아아아앗!"""
InvokeSkill3#15,"""이걸로 끝낼게!"""
TechFire#4,"""내가 할 수 있는 걸, 최선을 다해!"""
TechIce#6,"""지지 않을 거야!"""
TechThunder#4,"""봐주지 않을 거야!"""
TechWind#4,"""베어 버려!"""
TechLight#4,"""빛이여."""
TechDark#4,"""꿰뚫어!"""
PBFull#16,"""<%me>!<br>우리도 준비됐어!"""
PBRelease#16,"""난 이제……혼자가 아니니까!"""
TacticsFree#0,"""응, 알겠어!<br>자유롭게 움직여 볼게!"""
TacticsGuard#0,"""여긴 참아야 할 때란 거지<br>맡겨 줘, 기다리는 건 잘해!"""
TacticsMassedAttack#0,"""공격을 한곳에 집중하자……<br>응, 알겠어!"""
TacticsAttack#0,"""내가 미끼가 될 테니까<br>그 틈에 부탁해!"""
Avoid#16,"""얏!"""
HealSelf#16,"""회복, 회복!"""
BuffSelf#16,"""보조도 잊으면 안 되지"""
HealOther#16,"""괜찮아?<br>무리하지 마"""
BuffOther#16,"""아, 잠깐 기다려<br>보조도 걸어 줄게"""
QuestStart1#16,"""좋아, 힘낼게!"""
QuestStart2#0,"""너와 함께라면……응<br>분명 괜찮을 거야!"""
QuestEnd1#16,"""정말 든든했어!"""
QuestEnd2#0,"""정말 대단해!\u3000대단해!"""
IncidentStart#16,"""어, 뭐야, 무슨 일이 일어난 거야?"""
IncidentSuccess#16,"""다행이다, 어떻게든 해냈네"""
IncidentFailure#16,"""으으……미안해……<br>발목만 잡았어……"""
PSE#16,"""포톤의 느낌이 변했어……<br>PSE라는 건가?"""
PSELevelUp#16,"""계속 이어지는 것 같아!<br>더욱더 힘내자!"""
PSEBurst#16,"""와아……이게 PSE 버스트라는<br>거구나, 굉장해!"""
HP30#16,"""윽……아, 아직 멀었어<br>난 아직 괜찮아!"""
HP10#16,"""……으윽!<br>미안, 조금 위험할지도……"""
ItemRare#16,"""앗, 그거<br>희귀한 물건이지?"""
DamageSmall#16,"""아야!"""
DamageMiddle#16,"""아야!"""
DamageLarge#16,"""와와왓!"""
Trap#16,"""어, 어, 함정!?"""
ThankTrapRescue#16,"""미안해……<br>정말 큰 도움 됐어"""
TrapRescueOther#16,"""괜찮아?<br>함정은 조심해"""
MemberDamaged#16,"""무리하지 말고 물러나!<br>괜찮아, 나도 있으니까!"""
MemberDead#16,"""이럴 수가!<br>이렇게 될 줄은……!"""
AbilityExe#16,"""응, 힘낼 테니까!"""
AbilitySpecial#16,"""좋아, 힘내 볼까!"""
Resurrect#16,"""이번엔 힘낼게!"""
PartyJoin#16,"""/ci1 1 잘 부탁해!"""
Marvelous#16,"""대단해!\u3000나도 힘내야겠어!"""
IncidentJsApcBegin#16,"""/ci2 2 아, <%me>!<br>뭔가 큰일이 나 버려서……<br>도와줄 수 있을까?"""
IncidentJsApcFailure#16,"""/ci4 2 으으……미안해……<br>아직 완전히 회복되지 않았나 봐.<br>먼저 물러날게."""
IncidentJsApcSuccess#16,"""/ci2 2 후우, 어떻게든 해결했네!<br>도와줘서 고마워<br><%me>!"""
IncidentJsApcBeginEvo#16,"""/ci3 2 아직 더 올 것 같네.<br>조금만 더, 함께 힘내자!"""
EnemyWeak#17,"""우리 상대가 아니군!"""
EnemyLarge#17,"""이런, 꽤 큰 녀석이군<br>하지만 우리라면!"""
EnemyBoss#17,"""힘이 전부는 아니야……<br>우리가 그걸 가르쳐 주자!"""
EnemyRare#17,"""보게나!<br>저건 희귀한 녀석이야!"""
EnemyBoost#17,"""상당히 의욕적인 것 같지만<br>우리의 유대를 이길 수 있을까?"""
DestroyEnemy1#17,"""아름다워!"""
DestroyEnemy2#17,"""잘했어!"""
DestroyEnemy3#17,"""믿고 있었어!"""
CondFreeze#17,"""몸은 얼어붙었지만<br>내 애정은 불타오르고 있어!"""
CondBurn#17,"""하하하, 엄청난 열기군……<br>마치 내 애정 같아!"""
CondShock#17,"""이 정도 감전으로는<br>우리의 유대를 막을 수 없어!"""
CondPoison#17,"""이 몸이 독에 당하더라도<br>사랑하는 아이들은 지켜 내겠어!"""
CondPanic#17,"""세상이 빙글빙글 돌지만<br>이 아이들이 있으니 문제없어!"""
CondStan#17,"""움직일 수 없더라도……<br>내 곁에는 이 아이가 있어!"""
CondMirage#17,"""후후, 환각이라니 소용없어……<br>원래 이 아이들밖에 안 보니까!"""
Die#17,"""내가 사랑하는 아이들……만은……!"""
ThankHeal#17,"""감사해!"""
ThankBuff#17,"""살았어!"""
ThankCure#17,"""후우, 진정됐어"""
DefeatEnemy#17,"""자, 나아가자!"""
LevelUp#17,"""/toge 든든하군, 마이 프렌드!"""
InvokeSkill1#16,"""맡길게, 내가 사랑하는 아이야!"""
InvokeSkill2#16,"""유대의 힘을 보여 줘!"""
InvokeSkill3#16,"""자, 끝내 버리자!"""
PBFull#17,"""자, 준비는 끝났어!"""
PBRelease#17,"""/toge 온 힘을 다한 앙상블을 들려주자!"""
TacticsFree#1,"""자유롭게 할게, 마이 프렌드!"""
TacticsGuard#1,"""지금은 버틸 때야, 마이 프렌드!"""
TacticsMassedAttack#1,"""집중 공격이군, 알겠어, 마이 프렌드!"""
TacticsAttack#1,"""미끼는 내게 맡겨!"""
Avoid#17,"""흥!"""
HealSelf#17,"""당할 수는 없지"""
BuffSelf#17,"""만반의 태세로 도전할까"""
HealOther#17,"""괜찮아?"""
BuffOther#17,"""방심은 금물이야"""
QuestStart1#17,"""자, 시작한다, 사랑하는 아이들아"""
QuestEnd1#17,"""해냈군, 마이 프렌드!<br>우리 유대의 승리야!"""
QuestEnd2#1,"""역시 대단해, 마이 프렌드!"""
IncidentStart#17,"""마이 프렌드, 뭔가 일어날 것 같아!"""
IncidentSuccess#17,"""이런, 놀라긴 했지만<br>어떻게든 해냈어!"""
IncidentFailure#17,"""……내 대응이 잘못됐어"""
PSE#17,"""내 아이들이 술렁이고 있어……<br>이건 PSE인가?"""
PSELevelUp#17,"""더욱 계속해 나가자"""
PSEBurst#17,"""보이니, 모두……<br>정말 아름다운 PSE 버스트야……!"""
HP30#17,"""이런 꼴사나운 모습으론<br>아이들에게 버림받겠어……"""
HP10#17,"""내가 사랑하는 아이들을 위해<br>아직 쓰러질 수는 없어!"""
ItemRare#17,"""오, 그거 좋은 물건이군!<br>축하해, 마이 프렌드!"""
DamageSmall#17,"""윽"""
DamageMiddle#17,"""제법이군"""
DamageLarge#17,"""이럴 수가!"""
Trap#17,"""이런!\u3000내 아이들만 보느라<br>함정을 못 봤어……!"""
ThankTrapRescue#17,"""살았어, 마이 프렌드!"""
TrapRescueOther#17,"""마이 프렌드!\u3000괜찮아?"""
MemberDamaged#17,"""물러나게, 마이 프렌드!"""
MemberDead#17,"""……감히 내 친구를!"""
AbilityExe#17,"""하하핫!\u3000나도 아이들도<br>텐션 최고!\u3000절호조야!"""
AbilitySpecial#17,"""지금이라면 뭐든 할 수 있어!"""
Resurrect#17,"""……후우, 걱정 끼쳤군, 마이 프렌드!"""
PartyJoin#17,"""/toge /ci2 1 잘 부탁해, 마이 프렌드!"""
Marvelous#17,"""/toge 우리도 질 수는 없지!"""
IncidentJsApcBegin#17,"""/ci2 2 기다렸어, 마이 프렌드!<br>우리의 사랑하는 아이들을 위해<br>도와주면 정말 고맙겠어!"""
IncidentJsApcFailure#17,"""/ci4 2 미안해, 마이 프렌드……<br>내가 부족해서 너와 아이들에게<br>폐를 끼쳤어……정말 미안해……!"""
IncidentJsApcSuccess#17,"""/ci2 2 살았어, 마이 프렌드!<br>아이들도 신나서 날 깨물 정도로<br>좋아해!\u3000하하하, 아파앗!"""
IncidentJsApcBeginEvo#17,"""/ci3 2 이런, 아이들이 경계하고 있어.<br>아무래도 그렇게 쉽게는<br>끝내 주지 않을 모양이야."""
EnemyWeak#18,"""별것 아닌 상대네요"""
EnemyLarge#18,"""덩치만 크다면!"""
EnemyBoss#18,"""상대로 부족함은 없습니다!"""
EnemyRare#18,"""보기 드문 적이네요"""
EnemyBoost#18,"""불길한 기운이네요……"""
DestroyEnemy1#18,"""다음은 어디죠!"""
DestroyEnemy2#18,"""목표, 행동 정지!"""
DestroyEnemy3#18,"""이걸로 끝입니다!"""
CondFreeze#18,"""어, 얼어 버렸어……!?"""
CondBurn#18,"""부, 불타고 있어……!?"""
CondShock#18,"""모, 몸이 저려어……!"""
CondPoison#18,"""크윽, 독……!?"""
CondPanic#18,"""머리가, 이상해……!"""
CondStan#18,"""몸이 움직이지 않아……!"""
CondMirage#18,"""시야가 이상해……!?"""
Die#18,"""…이런 곳에서…"""
ThankHeal#18,"""회복, 감사합니다"""
ThankBuff#18,"""지원, 감사합니다."""
ThankCure#18,"""살았어요."""
DefeatEnemy#18,"""다음 장소로 가시죠!"""
LevelUp#18,"""저도 질 수는 없겠네요"""
InvokeSkill1#17,"""이이이이얏!"""
InvokeSkill2#17,"""지금!"""
InvokeSkill3#17,"""전력을 다하겠습니다!"""
TechFire#5,"""타올라라!"""
TechIce#7,"""얼어붙어라!"""
TechThunder#5,"""번개여!"""
TechWind#5,"""바람이여!"""
TechLight#5,"""빛이여!"""
TechDark#5,"""어둠이여!"""
PBFull#18,"""이런 곳에서<br>멈춰 설 수는 없어!"""
PBRelease#18,"""이것이, 저희의 힘입니다!"""
Avoid#18,"""흥!"""
HealSelf#18,"""아쉬웠네."""
BuffSelf#18,"""봐주지 않고 가겠어요"""
HealOther#18,"""회복을 잊지 마세요!"""
BuffOther#18,"""모두, 가까이 모이세요!"""
QuestStart1#18,"""임무를 시작하겠습니다"""
QuestEnd1#18,"""흠잡을 데 없는 활약입니다."""
IncidentStart#18,"""이 기척……뭔가 옵니다!"""
IncidentSuccess#18,"""잘 해냈네요!"""
IncidentFailure#18,"""크윽……한심해……!"""
PSE#18,"""포톤이 술렁이고 있어……?"""
PSELevelUp#18,"""계속 이어 가자!"""
PSEBurst#18,"""대단해……예뻐……!"""
HP30#18,"""이런 곳에서……!"""
HP10#18,"""당할 수는……!"""
ItemRare#18,"""레어 아이템이네요!"""
DamageSmall#18,"""큭"""
DamageMiddle#18,"""꺄악!"""
DamageLarge#18,"""제법……!"""
Trap#18,"""함정!?"""
ThankTrapRescue#18,"""아, 감사합니다."""
TrapRescueOther#18,"""함정을 조심해 주세요"""
MemberDamaged#18,"""무리하지 말고 물러나세요!"""
MemberDead#18,"""……용서할 수 없습니다!"""
AbilityExe#18,"""감이 살아났습니다!"""
AbilitySpecial#18,"""제게 맡겨 주세요!"""
Resurrect#18,"""빚은 갚겠습니다!"""
PartyJoin#18,"""/ci2 1 잘 부탁드립니다"""
Marvelous#18,"""……대단합니다"""
IncidentJsApcBegin#18,"""/ci2 2 아, 죄송합니다!<br>생각보다 애를 먹고 있어서<br>도와주시겠습니까!"""
IncidentJsApcFailure#18,"""죄송합니다, 제 역량 부족입니다……<br>먼저 물러나겠습니다."""
IncidentJsApcSuccess#18,"""/ci2 1 후우, 어떻게든 해냈습니다.<br>협력해 주셔서 감사합니다."""
IncidentJsApcBeginEvo#18,"""/ci4 1 이걸로 끝은 아닌 것 같습니다……<br>죄송하지만, 조금만 더<br>함께해 주시겠습니까?"""
EnemyWeak#19,"""어머나, 꽤 약해 보이는 게<br>나와 버렸네요"""
EnemyLarge#19,"""어머, 크네요<br>덩치만 큰 게 아니면 좋겠지만요"""
EnemyBoss#19,"""꽤 즐거울 것 같지 않나요"""
EnemyRare#19,"""어머나 세상에, 어머나 세상에!<br>당신, 보기 드문 아이네요!"""
EnemyBoost#19,"""이 기척……마음에 들지 않네요"""
DestroyEnemy1#19,"""싱겁기 그지없네요"""
DestroyEnemy2#19,"""어떤 속임수도 없답니다"""
DestroyEnemy3#19,"""어머, 벌써 망가졌나요?"""
CondFreeze#19,"""얼어 버렸네요, 후후후"""
CondBurn#19,"""어머나, 타고 있네요"""
CondShock#19,"""무척 저릿해서 자극적이네요"""
CondPoison#19,"""독은 기분 나쁘기만 하네요"""
CondPanic#19,"""왠지 기분 좋네요<br>온 세상이, 아무래도 좋아"""
CondStan#19,"""몸이 움직이지 않아요……"""
CondMirage#19,"""시야가 이상해지다니<br>꽤 재미있는 마술이네요"""
Die#19,"""어머나, 당해 버렸네요……"""
ThankHeal#19,"""감사드릴게요"""
ThankBuff#19,"""후후, 과보호하시네요"""
ThankCure#19,"""개운해졌어요"""
DefeatEnemy#19,"""자, 다음 무대로 가죠"""
LevelUp#19,"""좋네요, 좋아요♪"""
InvokeSkill1#18,"""쇼 타임, 이라는 거네요"""
InvokeSkill2#18,"""이제 놓치지 않겠어요"""
InvokeSkill3#18,"""찾았다♪"""
PBFull#19,"""짜증이 꽤나<br>쌓여 버렸답니다"""
PBRelease#19,"""자, 선보일 차례예요<br>마음껏 날뛰세요"""
Avoid#19,"""아쉽네"""
HealSelf#19,"""회복할까요"""
BuffSelf#19,"""준비는 끝났답니다"""
HealOther#19,"""감사 대신 미소를 주세요"""
BuffOther#19,"""유비무환이라고 하던가요"""
QuestStart1#19,"""비장의 마술 쇼를<br>보여 드릴게요"""
QuestEnd1#19,"""어머나 세상에<br>어머나 세상에"""
IncidentStart#19,"""후후후후<br>사고가 날 것 같은 향기네요"""
IncidentSuccess#19,"""잘됐네요"""
IncidentFailure#19,"""한심하네요"""
PSE#19,"""어머나, 멋진 일이<br>일어날 것 같네요"""
PSELevelUp#19,"""꾸준함이 힘이라던가요"""
PSEBurst#19,"""어머나 세상에<br>정말 아름답네요"""
HP30#19,"""난폭한 분은 미움받아요?"""
HP10#19,"""당해 버릴 것 같네요"""
ItemRare#19,"""어머나 세상에<br>그거, 레어 아이템이죠?"""
DamageSmall#19,"""꺄악"""
DamageMiddle#19,"""좋지 않은 느낌이네요"""
DamageLarge#19,"""아파아……"""
Trap#19,"""마술사가 속아 넘어가다니"""
ThankTrapRescue#19,"""후우, 드디어 자유네요"""
TrapRescueOther#19,"""조심하세요"""
MemberDamaged#19,"""무리는 금물이에요"""
MemberDead#19,"""충고를 들었더라면……"""
AbilityExe#19,"""그럼 쇼를 시작하죠"""
AbilitySpecial#19,"""지금부터가 제 쇼예요"""
Resurrect#19,"""농담이에요!"""
PartyJoin#19,"""/ci2 1 실례할게요"""
Marvelous#19,"""어머나 세상에"""
IncidentJsApcBegin#19,"""/ci2 4 부르면 나타나는 법이죠!<br>조금 도와드릴까요?"""
IncidentJsApcFailure#19,"""으음……잘 안 풀리는 날도<br>있는 법이에요.<br>그럼 먼저 실례할게요."""
IncidentJsApcSuccess#19,"""/ci8 2 이것으로 쇼는 막을 내립니다.<br>보고 싶어지면 언제든 또 오세요."""
IncidentJsApcBeginEvo#19,"""/ci3 2 어머나, 앙코르 요청이<br>많은 모양이네요"""
EnemyWeak#20,"""헤헤, 여유 만만!"""
EnemyLarge#20,"""헉, 생각보다 큰데……?"""
EnemyBoss#20,"""강해 보인다고<br>우쭐대지 말라고!"""
EnemyRare#20,"""앗, 저거 보기 드문 녀석이다!"""
EnemyBoost#20,"""우와……싫은 기운……"""
DestroyEnemy1#20,"""한 놈 해치웠다!"""
DestroyEnemy2#20,"""어떠냐!"""
DestroyEnemy3#20,"""어때, 항복할래!"""
CondFreeze#20,"""헉, 동결!?"""
CondBurn#20,"""헉, 연소!?"""
CondShock#20,"""모, 몸이 저려 버렸어……!"""
CondPoison#20,"""헉, 독!?"""
CondPanic#20,"""으으, 머리가 둥실둥실해……"""
CondStan#20,"""몸이 안 움직여!?"""
CondMirage#20,"""헉, 환혹!?"""
Die#20,"""이제 무리야……몸이 안 움직여……"""
ThankHeal#20,"""고마워!"""
ThankBuff#20,"""살았다!"""
ThankCure#20,"""후우, 개운하다!"""
DefeatEnemy#20,"""자, 다음으로 가자!"""
LevelUp#20,"""축하해!"""
InvokeSkill1#19,"""간다아!"""
InvokeSkill2#19,"""비켜, 비켜!"""
InvokeSkill3#19,"""이걸로 끝이다아!"""
TechFire#6,"""타 버려!"""
TechIce#8,"""얼어 버려!"""
TechThunder#6,"""저려라!"""
TechWind#6,"""슈웅!"""
TechLight#6,"""빛이여!"""
TechDark#6,"""어둠이여!"""
PBFull#20,"""필살기 쓸 시간입니다!"""
PBRelease#20,"""보여 줄게!<br>내 비장의 수단!"""
Avoid#20,"""흥!"""
HealSelf#20,"""회복, 회복!"""
BuffSelf#20,"""준비, 준비!"""
HealOther#20,"""회복할게!"""
BuffOther#20,"""엄호할게!"""
QuestStart1#20,"""게임 스타트, 네!"""
QuestEnd1#20,"""신난다!\u3000게임 클리어!"""
IncidentStart#20,"""심상치 않은 분위기!?"""
IncidentSuccess#20,"""좋아, 대성공!<br>느낌 좋았지!"""
IncidentFailure#20,"""으으으……미안해"""
PSE#20,"""공기가 술렁거리지 않아?"""
PSELevelUp#20,"""계속 쭉쭉 가자!"""
PSEBurst#20,"""우와, 엄청난 일이<br>돼 버렸네!\u3000아하하!"""
HP30#20,"""으엑, 조금 위험한가……?"""
HP10#20,"""자, 잠깐만!"""
ItemRare#20,"""앗, 레어 아이템이다!<br>잘됐다!"""
DamageSmall#20,"""큭!"""
DamageMiddle#20,"""와와왓!?"""
DamageLarge#20,"""꺄악!"""
Trap#20,"""헉, 함정!?"""
ThankTrapRescue#20,"""후우, 살았다……!"""
TrapRescueOther#20,"""괜찮아!?"""
MemberDamaged#20,"""위험해, 물러서!"""
MemberDead#20,"""……절대 용서 안 해!"""
AbilityExe#20,"""감이 살아났어!"""
AbilitySpecial#20,"""텐션 최고조!"""
Resurrect#20,"""기운 회복!\u3000힘내 볼게!"""
PartyJoin#20,"""/ci2 1 힘낼게!"""
Marvelous#20,"""질 수 없지!"""
IncidentJsApcBegin#20,"""/ci2 2 앗, 마침 잘 왔어!<br>적에게 포위당했거든!<br>도와줄 수 있을까!"""
IncidentJsApcFailure#20,"""으으으……한심해.<br>미안해, 난 먼저<br>퇴각할게……"""
IncidentJsApcSuccess#20,"""/ci8 1 좋아, 잘 해냈다!<br>도와준 덕분이야!<br>고마워!"""
IncidentJsApcBeginEvo#20,"""/ci3 2 끝……인 줄 알았지!<br>적이 다가오는 기척이야!<br>미안, 조금만 더 함께해 줘!"""
EnemyWeak#21,"""하찮은 상대네요"""
EnemyLarge#21,"""덩치만 크네요"""
EnemyBoss#21,"""조금은 강해 보이는 게<br>나온 모양이네요"""
EnemyRare#21,"""저건……!<br>보기 드문 녀석이에요, 보세요!"""
EnemyBoost#21,"""이건……<br>위험한 느낌이 듭니다"""
DestroyEnemy1#21,"""시시하네요"""
DestroyEnemy2#21,"""기대에 못 미치네요"""
DestroyEnemy3#21,"""자, 가시죠"""
CondFreeze#21,"""과연, 이것이 동결인가요<br>딱히 차갑지는 않습니다, 네"""
CondBurn#21,"""과연, 이것이 연소인가요<br>딱히 뜨겁지는 않습니다, 네"""
CondShock#21,"""과연, 이것이 감전인가요<br>딱히 저리지는 않습니다, 네"""
CondPoison#21,"""과연, 이것이 독인가요<br>딱히 기분 나쁘진 않습니다, 네"""
CondPanic#21,"""과연, 이것이 혼란인가요<br>그런데 당신은 적인가요?"""
CondStan#21,"""과연, 몸이 움직이지 않네요<br>딱히 곤란하진 않습니다, 네"""
CondMirage#21,"""과연, 시야가 이상하네요<br>뭐, 적당히 공격해 볼까요"""
Die#21,"""이런 결말도 나름의 운치"""
ThankHeal#21,"""감사합니다."""
ThankBuff#21,"""지원, 감사합니다."""
ThankCure#21,"""도움이 됐습니다"""
DefeatEnemy#21,"""청소가 끝났네요"""
LevelUp#21,"""성장은 아름다운 법입니다"""
InvokeSkill1#20,"""저항은 무의미합니다"""
InvokeSkill2#20,"""이미 늦었습니다"""
InvokeSkill3#20,"""끈질기네요, 죽으세요"""
TechFire#7,"""불꽃이여, 가라"""
TechIce#9,"""얼음이여, 춤춰라"""
TechThunder#7,"""번개여, 내달려라"""
TechWind#7,"""바람이여, 불어라"""
TechLight#7,"""빛이여, 빛나라"""
TechDark#7,"""어둠이여, 좀먹어라"""
PBFull#21,"""참회하시겠어요?<br>뭐, 이미 늦었지만요"""
PBRelease#21,"""자, 줄을 서 주세요<br>차례로 죽여 드리겠습니다"""
Avoid#21,"""핫!"""
HealSelf#21,"""안일하네요"""
BuffSelf#21,"""방심은 금물이네요"""
HealOther#21,"""회복하죠"""
BuffOther#21,"""엄호하겠습니다"""
QuestStart1#21,"""그럼, 가시죠"""
QuestEnd1#21,"""그래야죠"""
IncidentStart#21,"""이 기척……<br>무슨 일이 생길 것 같네요"""
IncidentSuccess#21,"""잘돼서 다행이네요"""
IncidentFailure#21,"""……실패 원인을<br>빨리 규명해야 합니다"""
PSE#21,"""이 기척은……<br>PSE라는 걸까요"""
PSELevelUp#21,"""계속 가시죠"""
PSEBurst#21,"""아름답네요……"""
HP30#21,"""곤란하네요……"""
HP10#21,"""……위험합니다"""
ItemRare#21,"""보기 드문 걸 얻으셨네요<br>……나중에 보여 주시겠어요?"""
DamageSmall#21,"""어라?"""
DamageMiddle#21,"""꺄악"""
DamageLarge#21,"""제법이네요……"""
Trap#21,"""함정이라니……고전적이군요……!"""
ThankTrapRescue#21,"""…수고를 끼쳤습니다."""
TrapRescueOther#21,"""조심하세요"""
MemberDamaged#21,"""무리하지 마세요"""
MemberDead#21,"""……원수는 갚겠습니다"""
AbilityExe#21,"""감이 살아났습니다"""
AbilitySpecial#21,"""지금이라면……적수가 없습니다"""
Resurrect#21,"""자, 다음엔 어떻게 죽어 볼까요"""
PartyJoin#21,"""/ci2 2 그 힘을 보여 주세요"""
Marvelous#21,"""잘 부탁드려요"""
IncidentJsApcBegin#21,"""/ci2 3 마침 잘 오셨습니다<br>번거롭게 해 드려 죄송하지만<br>도움을 부탁드려도 될까요?"""
IncidentJsApcFailure#21,"""죄송합니다, 퇴각하겠습니다<br>……이 어긋남의 원인은 대체"""
IncidentJsApcSuccess#21,"""/ci2 1 충분한 결과입니다<br>도와주셔서 감사합니다"""
IncidentJsApcBeginEvo#21,"""/ci3 2 끝난 줄 알았습니다만……<br>아무래도 아직 더 올 모양입니다"""
EnemyWeak#22,"""어떤 상대라도 방심하지 않아요!"""
EnemyLarge#22,"""상대로 부족함은 없습니다!"""
EnemyBoss#22,"""이런 상대를 이겨야 가치가 있죠!"""
EnemyRare#22,"""응?\u3000어라?<br>엄청 보기 드문 녀석 아닌가요……?"""
EnemyBoost#22,"""……이 기운, 위험합니다!"""
DestroyEnemy1#22,"""다음!"""
DestroyEnemy2#22,"""한 건 해결했습니다!"""
DestroyEnemy3#22,"""아직 더 할 수 있어요!"""
CondFreeze#22,"""머리도 조금 식히겠습니다!"""
CondBurn#22,"""후후후, 불타오릅니다!<br>그런데 정말 불타고 있어요!"""
CondShock#22,"""적당한 저림은<br>몸에도 좋다고 들었어요!<br>……이건 다르지만요"""
CondPoison#22,"""이독제독!<br>……그런 능력은 없지만요"""
CondPanic#22,"""괜찮아요, 혼란해도 압니다!<br>말하는 건 전부 적이에요!"""
CondStan#22,"""몸이 안 움직여……!?<br>쉬라는 뜻일까요!"""
CondMirage#22,"""시야를 봉쇄당해도……!<br>기척을 때리면 어떻게든 됩니다!"""
Die#22,"""이래서는<br>그분의 등을 따라잡을 수 없어……"""
ThankHeal#22,"""황송합니다!"""
ThankBuff#22,"""감사합니다!"""
ThankCure#22,"""번거롭게 해 드려 죄송해요!"""
DefeatEnemy#22,"""자, 다음으로 가시죠!"""
LevelUp#22,"""뒤처지지 않도록 힘내겠습니다!"""
InvokeSkill1#21,"""일의전심!"""
InvokeSkill2#21,"""단숨에 몰아붙이겠습니다!"""
InvokeSkill3#21,"""언제나 전력입니다!"""
TechFire#8,"""폭염!"""
TechIce#10,"""빙아!"""
TechThunder#8,"""신뢰!"""
TechWind#8,"""질풍!"""
TechLight#8,"""광창!"""
TechDark#8,"""암탄!"""
PBFull#22,"""봐주는 건 못 합니다!<br>전 언제나 전력이니까요!"""
PBRelease#22,"""그분을 따라잡을 때까지……<br>전 멈추지 않습니다!"""
Avoid#22,"""흥!"""
HealSelf#22,"""빈틈은 보이지 않아요!"""
BuffSelf#22,"""방심하지 않아요!"""
HealOther#22,"""회복하겠습니다!"""
BuffOther#22,"""엄호하겠습니다!"""
QuestStart1#22,"""히어로 클래스의 전투법을<br>보여 드리겠습니다!"""
QuestEnd1#22,"""이렇게, 이렇게……인가?<br>그보다 먼저, 수고하셨습니다!"""
IncidentStart#22,"""무슨 일이 생길 듯한 기척입니다……!"""
IncidentSuccess#22,"""역시 대단합니다!<br>잘 해냈네요!"""
IncidentFailure#22,"""이, 이럴 리가<br>없었는데요……"""
PSE#22,"""포톤이 술렁이는 건가……?<br>조심해서 가시죠!"""
PSELevelUp#22,"""계속 이어 가자!"""
PSEBurst#22,"""이것이, PSE 버스트군요!"""
HP30#22,"""밀리고 있습니다……!"""
HP10#22,"""사지에서 활로를……!"""
ItemRare#22,"""앗, 레어 아이템이네요!"""
DamageSmall#22,"""아얏!"""
DamageMiddle#22,"""크윽!"""
DamageLarge#22,"""아직……포기하지 않아요!"""
Trap#22,"""함정!?\u3000이런 곳에!?"""
ThankTrapRescue#22,"""살았습니다……황송합니다!"""
TrapRescueOther#22,"""괜찮으세요!?"""
MemberDamaged#22,"""무리하지 말고 물러나세요!"""
MemberDead#22,"""……동료조차 지키지 못하는<br>제 한심함이 가장 용서가 안 돼요!"""
AbilityExe#22,"""좋아, 감이 살아났어요!"""
AbilitySpecial#22,"""지금이라면 뭐든 할 수 있습니다!"""
Resurrect#22,"""이루고 싶은 목표가 있어요!<br>그러니 쉴 수 없습니다!"""
PartyJoin#22,"""/ci2 2 전투부 소속, 스트라토스!<br>등장했습니다!"""
Marvelous#22,"""움직임을 눈에 새기고 있습니다!"""
IncidentJsApcBegin#22,"""/ci2 3 <%me> 님!<br>번거로우시겠지만<br>도와주시겠습니까!"""
IncidentJsApcFailure#22,"""으으……이 얼마나 한심한 모습인지……<br>죄송합니다, 먼저 물러나겠습니다……!"""
IncidentJsApcSuccess#22,"""/ci8 1 감사합니다!<br>협력해 주셔서, 뭐랄까<br>정말 황송합니다!"""
IncidentJsApcBeginEvo#22,"""/ci1 3 <%me> 님<br>눈치채셨겠지만<br>아직 더 올 것 같습니다!\u3000경계를!"""
EnemyWeak#23,"""우리 적수가 못 되는군"""
EnemyLarge#23,"""뭐, 덩치만 클 뿐이지"""
EnemyBoss#23,"""상대로 부족함이 없구나"""
EnemyRare#23,"""허허, 보기 드문 상대구나"""
EnemyBoost#23,"""흠……불길한 상대구나"""
DestroyEnemy1#23,"""별것 아닌 상대였나"""
DestroyEnemy2#23,"""싱겁구나!"""
DestroyEnemy3#23,"""방해하게 두지 않겠다"""
CondFreeze#23,"""동결이라니……!"""
CondBurn#23,"""연소로 나오는가……!"""
CondShock#23,"""감전은 힘들구나……"""
CondPoison#23,"""음……독인가……"""
CondPanic#23,"""시야가 잡히지 않아!"""
CondStan#23,"""자유를 빼앗겼나!"""
CondMirage#23,"""시야를 빼앗다니 제법이군……!"""
Die#23,"""이런……나를 부술 셈인가……"""
ThankHeal#23,"""신세를 졌군"""
ThankBuff#23,"""살았다"""
ThankCure#23,"""오오, 한결 편해졌어"""
DefeatEnemy#23,"""다음으로 가자"""
LevelUp#23,"""허허, 강해졌구나"""
InvokeSkill1#22,"""깨어나라, 파괴의 뇌추!"""
InvokeSkill2#22,"""부술 뿐이다!"""
InvokeSkill3#22,"""내 힘을 보여 주마!"""
PBFull#23,"""내 의지와 오기를 받아 보아라!"""
PBRelease#23,"""멀리 있는 자는 소문으로 듣고!<br>가까이 있는 자는 눈으로 보아라!"""
Avoid#23,"""안일하구나!"""
HealSelf#23,"""아직 쓰러질 수는 없지"""
BuffSelf#23,"""방심은 목숨을 앗아가니 말이야"""
HealOther#23,"""무리는 금물이다"""
BuffOther#23,"""보조도 필요하단다"""
QuestStart1#23,"""가 볼까"""
QuestEnd1#23,"""음, 무사히 끝난 모양이군"""
IncidentStart#23,"""오오, 무슨 일이 생길 것 같구나"""
IncidentSuccess#23,"""음, 좋은 결과구나"""
IncidentFailure#23,"""반성할 수밖에 없군"""
PSE#23,"""허허, 이것이 PSE인가"""
PSELevelUp#23,"""이 기세로 가자"""
PSEBurst#23,"""과연 훌륭하구나……!<br>눈부시게 아름답군"""
HP30#23,"""아직은 괜찮다"""
HP10#23,"""늙은 몸에는 조금 힘겹구나"""
ItemRare#23,"""귀한 물건이군, 잘됐구나"""
DamageSmall#23,"""호오!"""
DamageMiddle#23,"""음!"""
DamageLarge#23,"""제법이구나!"""
Trap#23,"""함정이라니 잔꾀를 부리는군!"""
ThankTrapRescue#23,"""수고를 끼쳤구나"""
TrapRescueOther#23,"""조심하거라"""
MemberDamaged#23,"""물러서 있거라!"""
MemberDead#23,"""이런……!<br>내가 반드시 원수를 갚으마!"""
AbilityExe#23,"""허허, 몸이 가볍구나!"""
AbilitySpecial#23,"""늙은이에게 뒤처지지 마라!"""
Resurrect#23,"""허허, 나는 아직 건재하다네?"""
PartyJoin#23,"""잘 부탁하네"""
Marvelous#23,"""역시 대단하구나!"""
IncidentJsApcBegin#23,"""/ci2 2 /mn18 ……오, 자네인가. 내 가짜를<br>찾고 있었더니 이 녀석이 나타났네.<br>한번 힘을 빌려주지 않겠나?"""
IncidentJsApcFailure#23,"""유감스러운 결과지만<br>이럴 때도 있는 법이지."""
IncidentJsApcSuccess#23,"""/ci2 1 음, 고맙네. 계속 부탁해 미안하지만<br>내 가짜를 함께 찾아주지 않겠나?<br>난 저쪽을 볼 테니, 이 앞을 부탁하네."""
IncidentJsApcBeginEvo#23,"""/ci1 3 이런, 아직 끝나지 않은 모양이군.<br>조금만 더 어울려 주게."""
EnemyWeak#24,"""좋아, 한꺼번에<br>해치울까!"""
EnemyLarge#24,"""크, 크다……"""
EnemyBoss#24,"""강적 등장, 이란 건가!"""
EnemyRare#24,"""응?\u3000저건 뭐지?<br>뭔가 희귀한 게 있어."""
EnemyBoost#24,"""이 녀석……뭔가 달라!"""
DestroyEnemy1#24,"""좋아!"""
DestroyEnemy2#24,"""해냈다!"""
DestroyEnemy3#24,"""어떠냐!"""
CondFreeze#24,"""헉, 동결인가!"""
CondBurn#24,"""우왓, 연소!?"""
CondShock#24,"""저, 저려어어어……"""
CondPoison#24,"""큭……독이냐……!"""
CondPanic#24,"""머리가 빙빙 돌아……"""
CondStan#24,"""모, 몸이 안 움직여……!"""
CondMirage#24,"""뭐, 뭐야, 시야가……!"""
Die#24,"""아, 당해 버렸나……"""
ThankHeal#24,"""고마워!"""
ThankBuff#24,"""고맙다!"""
ThankCure#24,"""후우, 살았다……!"""
DefeatEnemy#24,"""이걸로 전부지!"""
LevelUp#24,"""축하한다!"""
InvokeSkill1#23,"""받아라!"""
InvokeSkill2#23,"""이건 어떠냐!"""
InvokeSkill3#23,"""이건 어때!"""
TechFire#9,"""가라!"""
TechIce#11,"""이건 어때!"""
TechThunder#9,"""이거라면!"""
TechWind#9,"""그렇게 둘까 보냐!"""
TechLight#9,"""받아라!"""
TechDark#9,"""이건 어떠냐!"""
PBFull#24,"""너무 제멋대로잖아!"""
PBRelease#24,"""오……느낌 좋잖아!"""
Avoid#24,"""흥!"""
HealSelf#24,"""위험해, 위험해!"""
BuffSelf#24,"""보조도 중요하지"""
HealOther#24,"""위험해!"""
BuffOther#24,"""서로 도와야지!"""
QuestStart1#24,"""좋아, 힘내자!"""
QuestEnd1#24,"""후우, 어떻게든 클리어했나"""
IncidentStart#24,"""뭔가 이상한 느낌이야"""
IncidentSuccess#24,"""잘돼서 다행이다"""
IncidentFailure#24,"""이런……실패인가……"""
PSE#24,"""뭐, 뭔가 포톤이 엄청나!"""
PSELevelUp#24,"""좀 더 계속해 보자!"""
PSEBurst#24,"""우와……<br>이게 PSE 버스트인가……"""
HP30#24,"""위, 위험해……"""
HP10#24,"""더는 무리야!"""
ItemRare#24,"""앗, 그거<br>희귀한 거 아니에요?"""
DamageSmall#24,"""큭"""
DamageMiddle#24,"""위험해!"""
DamageLarge#24,"""우와앗!"""
Trap#24,"""뭐, 함정!?"""
ThankTrapRescue#24,"""후우, 고마워!"""
TrapRescueOther#24,"""괘, 괜찮아!?"""
MemberDamaged#24,"""물러나 있어!"""
MemberDead#24,"""……감히 이런 짓을!"""
AbilityExe#24,"""이 기세라면 할 수 있어!"""
AbilitySpecial#24,"""지금이라면 뭐든 할 수 있어!"""
Resurrect#24,"""후우, 다음엔 당하지 말아야지!"""
PartyJoin#24,"""/ci2 1 잘 부탁드립니다!"""
Marvelous#24,"""역시 대단해!"""
IncidentJsApcBegin#24,"""/ci2 1 /mn9 아, 안녕하세요!\u3000누가 싸우나<br>했더니 당신이었군요!<br>저도 돕겠습니다!"""
IncidentJsApcFailure#24,"""아야……저질렀다……<br>먼저 물러날게요, 죄송합니다!"""
IncidentJsApcSuccess#24,"""/ci8 1 /mn15 좋아, 격파 성공!\u3000……네?<br>금빛 거인이요?\u3000보진 못했지만<br>찾으면 연락드릴게요!"""
IncidentJsApcBeginEvo#24,"""/ci5 2 이걸로 끝……날 것 같은<br>분위기는 아닌 것 같아……!"""
EnemyWeak#25,"""이 정도 에너미라면!"""
EnemyLarge#25,"""대형이네……!"""
EnemyBoss#25,"""만만치 않은 상대 같네!"""
EnemyRare#25,"""어라, 저건 뭘까?<br>희귀한 에너미 같아"""
EnemyBoost#25,"""정말……위험한 느낌이야"""
DestroyEnemy1#25,"""우선 하나!"""
DestroyEnemy2#25,"""잘 가"""
DestroyEnemy3#25,"""방해하니까!"""
CondFreeze#25,"""큭……동결 상태야……!"""
CondBurn#25,"""윽, 이건……연소 상태……!"""
CondShock#25,"""모, 몸이 저려서……!"""
CondPoison#25,"""기분 나빠……이거, 독……?"""
CondPanic#25,"""뭐, 뭐가 어떻게 된 거야?"""
CondStan#25,"""몸을 마음대로 움직일 수 없어……!"""
CondMirage#25,"""환각?\u3000시야가 이상해……!"""
Die#25,"""쓰러져 있을……수는 없는데……"""
ThankHeal#25,"""고마워!"""
ThankBuff#25,"""살았어!"""
ThankCure#25,"""미안해!"""
DefeatEnemy#25,"""자, 가자!"""
LevelUp#25,"""믿고 있으니까"""
InvokeSkill1#24,"""받아라!"""
InvokeSkill2#24,"""어림없어!"""
InvokeSkill3#24,"""맡겨!"""
TechFire#10,"""타올라라!"""
TechIce#12,"""얼어붙어라!"""
TechThunder#10,"""번개여!"""
TechWind#10,"""바람이여!"""
TechLight#10,"""빛이여!"""
TechDark#10,"""어둠이여!"""
PBFull#25,"""이번엔 이쪽 차례야!"""
PBRelease#25,"""여긴 나에게 맡겨!"""
Avoid#25,"""흥!"""
HealSelf#25,"""유감이네"""
BuffSelf#25,"""이걸로 만전이야"""
HealOther#25,"""방심하지 마"""
BuffOther#25,"""신중하게 가자"""
QuestStart1#25,"""그럼, 가 볼까"""
QuestEnd1#25,"""이걸로 끝, 이란 거지"""
IncidentStart#25,"""뭔가 이상한 기척이……"""
IncidentSuccess#25,"""어떻게든 해결돼서 다행이야"""
IncidentFailure#25,"""미안해……내 실수야"""
PSE#25,"""포톤이 술렁이고 있어<br>……이건!"""
PSELevelUp#25,"""계속 이어 가자!"""
PSEBurst#25,"""대단해……포톤이 이렇게나<br>활성화되다니……!"""
HP30#25,"""이대로는……"""
HP10#25,"""어떻게든……어떻게든 해야 해……!"""
ItemRare#25,"""앗!<br>그, 그거 희귀한 거……맞지?"""
DamageSmall#25,"""윽!"""
DamageMiddle#25,"""꺄악!"""
DamageLarge#25,"""꺄아악!"""
Trap#25,"""트랩!?"""
ThankTrapRescue#25,"""……수고를 끼쳐서 미안해"""
TrapRescueOther#25,"""괜찮아?"""
MemberDamaged#25,"""너무 앞으로 나가지 마!"""
MemberDead#25,"""절대로……절대로 용서 못 해!"""
AbilityExe#25,"""몸이 가벼워……!"""
AbilitySpecial#25,"""이거라면……할 수 있어!"""
Resurrect#25,"""내가 좀 더 정신 차려야 해……!"""
PartyJoin#25,"""/ci2 1 함께 힘내자!"""
Marvelous#25,"""그래, 그 기세야!"""
IncidentJsApcBegin#25,"""/mn9 /ci2 1 당신도 오셨군요!<br>운 좋게 만났으니<br>여기선 저도 돕겠습니다!"""
IncidentJsApcFailure#25,"""...여기까지인 거야?<br>미안해, 후퇴할게."""
IncidentJsApcSuccess#25,"""/mn19 /ci2 1 쓰러뜨렸네요!<br>네, 금빛 거인을 찾는다고요?\u3000안쪽에서<br>본 것 같으니, 다시 보면 알려드릴게요!"""
IncidentJsApcBeginEvo#25,"""/ci3 2 아직 더 오는 것 같네.<br>조금은 쉬게 해 줘."""
IncidentJsMultiApcBegin#0,"""둘만으로는 손이 모자라!<br>조금 도와줄래?"""
IncidentJsMultiApcSuccess#0,"""도와줘서 고마워!<br>……누구 씨도 이만큼<br>든든하면 좋을 텐데?"""
EnemyWeak#26,"""우리의 적은 아니군"""
EnemyLarge#26,"""대형인가"""
EnemyBoss#26,"""강적인 것 같군"""
EnemyRare#26,"""저 유형은……희귀한 녀석인가"""
EnemyBoost#26,"""……조심해.<br>불길한 포톤이다"""
DestroyEnemy1#26,"""다음."""
DestroyEnemy2#26,"""별것 아니군요."""
CondFreeze#26,"""동결 상태라고……"""
CondBurn#26,"""아무래도 뜨겁군……"""
CondShock#26,"""흐음……<br>이렇게 감전되면 성가시군"""
CondPoison#26,"""쳇, 독인가……!"""
CondPanic#26,"""의식이 혼탁해진다……"""
CondStan#26,"""움직임이 봉쇄됐어……!?"""
CondMirage#26,"""조준이 흔들리는군……"""
Die#26,"""이런 곳에서 쓰러질 수는……"""
ThankHeal#26,"""도움이 되는군"""
ThankBuff#26,"""고맙다."""
ThankCure#26,"""번거롭게 했군."""
DefeatEnemy#26,"""이 일대는 정리됐나"""
LevelUp#26,"""느낌 좋군"""
InvokeSkill1#25,"""놓치지 않는다"""
InvokeSkill2#25,"""단숨에 끝낸다!"""
InvokeSkill3#25,"""라피, 부탁한다!"""
TechFire#11,"""불타라."""
TechIce#13,"""얼음이여"""
TechThunder#11,"""번개여."""
TechWind#11,"""바람이여."""
TechLight#11,"""빛이여."""
TechDark#11,"""어둠이여."""
PBFull#26,"""힘을 쓸 때가 왔나"""
PBRelease#26,"""모두를 지킨다. 그것이 내 사명이다"""
Avoid#26,"""핫!"""
HealSelf#26,"""아슬아슬했군."""
BuffSelf#26,"""봐주지 않는다"""
HealOther#26,"""방심하지 마라"""
BuffOther#26,"""태세를 정비해라"""
QuestStart1#26,"""임무를 시작한다."""
QuestEnd1#26,"""역시 대단하군."""
IncidentStart#26,"""이 기척……무엇이 오지"""
IncidentSuccess#26,"""적절한 대응이었군"""
IncidentFailure#26,"""……반성할 점이 많군"""
PSE#26,"""이건……PSE인가"""
PSELevelUp#26,"""포톤이 활성화되고 있다"""
PSEBurst#26,"""이것이 PSE의 최종 단계인가"""
HP30#26,"""대미지를 너무 많이 받았나"""
HP10#26,"""이 이상은 아무래도 위험해……"""
ItemRare#26,"""흐음, 희귀한 물건인 듯하군"""
DamageSmall#26,"""큿"""
DamageMiddle#26,"""위험해"""
DamageLarge#26,"""흐읍!"""
Trap#26,"""함정이라고!"""
ThankTrapRescue#26,"""번거롭게 했군."""
TrapRescueOther#26,"""괜찮나?"""
MemberDamaged#26,"""무리하지 마라."""
MemberDead#26,"""……내가 한심한 탓에"""
AbilityExe#26,"""흐음, 몸이 가볍군"""
AbilitySpecial#26,"""포톤이 몸에 익는군"""
Resurrect#26,"""……멈춰 설 수는 없어"""
PartyJoin#26,"""/ci2 1 잘 부탁한다"""
Marvelous#26,"""이것이 네 힘인가"""
IncidentJsApcBegin#26,"""/ci1 1 당신인가.<br>성가신 에너미에게 고전 중이다.<br>미안하지만 힘을 빌려주겠나?"""
IncidentJsApcFailure#26,"""……나도 참 꼴사납군.<br>미안하지만 먼저 물러나겠다."""
IncidentJsApcSuccess#26,"""/mn18 /ci1 2 에너미의 침묵을 확인. 지원에 감사한다.<br>흠, 금빛 거인을 못 봤냐고?<br>못 봤지만, 찾으면 연락하지."""
IncidentJsApcBeginEvo#26,"""/ci1 1 끝났나……?<br>……아니, 아직 더 오는군.<br>조금만 더 어울려 주겠나?"""
EnemyWeak#27,"""한꺼번에 쓸어 버린다!"""
EnemyLarge#27,"""덩치만 큰 녀석 따위!"""
EnemyBoss#27,"""아무리 강대한 상대라도<br>난 절대 포기하지 않아!"""
EnemyRare#27,"""저거, 희귀한 녀석이지!"""
EnemyBoost#27,"""정말 불길한 기운이야……<br>내가 정화하겠어!"""
DestroyEnemy1#27,"""다음!"""
DestroyEnemy2#27,"""이 정도론 멈추지 않아!"""
DestroyEnemy3#26,"""고마워, 아메노무라쿠모!"""
CondFreeze#27,"""차, 차가워!\u3000잠깐, 이게 뭐야!"""
CondBurn#27,"""부, 불타고 있어!?\u3000불 꺼, 불 꺼!"""
CondShock#27,"""저, 저려어어어……!"""
CondPoison#27,"""도, 독……?\u3000기분 나빠……"""
CondPanic#27,"""아하하하!<br>저기가 여기고 여기가 어디지?"""
CondStan#27,"""모, 몸이 안 움직여……!"""
CondMirage#27,"""누, 눈이……번쩍거려서……!"""
Die#27,"""실수했어……모두 미안해……!"""
ThankHeal#27,"""고마워!"""
ThankBuff#27,"""살았어!"""
ThankCure#27,"""후우, 진정됐어."""
DefeatEnemy#27,"""자, 다음 장소로 가자!"""
LevelUp#27,"""질 수 없지!"""
InvokeSkill1#26,"""망설임을 끊어 낸다!"""
InvokeSkill2#26,"""나와 아메노무라쿠모라면!"""
InvokeSkill3#26,"""일섬!"""
PBFull#27,"""난 이제 자신을 속이지 않아!"""
PBRelease#27,"""이것이 나의……선택이다!"""
Avoid#27,"""흥!"""
HealSelf#27,"""회복은 제대로 해야지"""
BuffSelf#27,"""봐주기도, 사정도 일절 없어!"""
HealOther#27,"""괜찮아?\u3000회복할게!"""
BuffOther#27,"""만전의 상태로 맞서자!"""
QuestStart1#27,"""가자, 아메노무라쿠모"""
QuestEnd1#27,"""제법 잘된 것 같아?"""
IncidentStart#27,"""이 기척……뭔가 올 것 같아!"""
IncidentSuccess#27,"""좋아, 잘됐네!"""
IncidentFailure#27,"""으음……안 됐나"""
PSE#27,"""이 느낌……PSE 아니야?"""
PSELevelUp#27,"""계속 가자!"""
PSEBurst#27,"""우와, 예뻐……!<br>이게 PSE 버스트구나……"""
HP30#27,"""이 정도론 꺾이지 않아!"""
HP10#27,"""아직 난 포기하지 않아!"""
ItemRare#27,"""레어 드롭이다, 좋겠다!"""
DamageSmall#27,"""큭!"""
DamageMiddle#27,"""아직 멀었어!"""
DamageLarge#27,"""위험한가……!"""
Trap#27,"""헉, 함정!?"""
ThankTrapRescue#27,"""살았다, 고마워!"""
TrapRescueOther#27,"""함정이라니 고전적이네……!<br>금방 도와줄게!"""
MemberDamaged#27,"""무리하지 마!"""
MemberDead#27,"""……지키지 못했지만<br>아직 끝이 아니야!"""
AbilityExe#27,"""힘이 넘쳐흘러……<br>이건 에테르?\u3000포톤?"""
AbilitySpecial#27,"""지금이라면 뭐든 일도양단!<br>농담이야!"""
Resurrect#27,"""……쉬고 있을 때가 아니라니까!"""
PartyJoin#27,"""/ci2 1 좋아, 힘내 볼까."""
Marvelous#27,"""여전하네!"""
IncidentJsApcBegin#27,"""/mn18 /ci2 2 아, <%me>!<br>전투 중인 것 같네!<br>그럼 나도 도와줄게!"""
IncidentJsApcFailure#27,"""/ci4 2 아차……익숙해졌다고<br>우쭐댄 탓일까……<br>미안해, 먼저 물러날게."""
IncidentJsApcSuccess#27,"""/mn15 /ci8 1 좋아, 격파!<br>아라트론 씨의 가짜를 찾는 거야?<br>보이면 연락할게!"""
IncidentJsApcBeginEvo#27,"""/ci5 2 이 기척은……<br>아직 더 올 것 같아, 조심해!"""
EnemyWeak#28,"""이 정도 상대는<br>얼른 해치우죠!"""
EnemyLarge#28,"""우와……조금 클지도……"""
EnemyBoss#28,"""가, 강해 보여……<br>그래도 어떻게든 되겠죠!"""
EnemyRare#28,"""앗, 보세요!<br>희귀한 게 있어요!"""
EnemyBoost#28,"""뭔가 위험해 보이는 분위기가<br>엄청나게 느껴지는데요……"""
DestroyEnemy1#28,"""잘됐나요?"""
DestroyEnemy2#28,"""해냈다!\u3000해냈다!"""
DestroyEnemy3#27,"""후우, 어떻게든!"""
CondFreeze#28,"""코오리가 꽁꽁 얼었어……<br>아니, 이럴 때가 아니지!"""
CondBurn#28,"""코오리가 불타고 있다니……<br>아니, 아니, 도와주세요!"""
CondShock#28,"""모모모몸이이이이<br>저저저저려어어어……!"""
CondPoison#28,"""으으……독은 아픈 걸 떠나서<br>일단 기분 나빠……!"""
CondPanic#28,"""뭔가 엄청<br>빙글빙글 몽글몽글해"""
CondStan#28,"""모, 몸이 안 움직여……?<br>앗!\u3000이거 정말 위험한 상황이야!"""
CondMirage#28,"""와아, 알 군이 잔뜩 보여……!<br>꿈만 같아……그런데 이거<br>정상은 아니란 거지!"""
Die#28,"""아우……당해 버렸어……"""
ThankHeal#28,"""앗, 감사합니다!"""
ThankBuff#28,"""왠지 힘이 솟아나요!"""
ThankCure#28,"""후우, 기분 상쾌해!"""
DefeatEnemy#28,"""대충 다 쓰러뜨린 것 같나요?"""
LevelUp#28,"""엣, 아직 더 강해지는 건가요!"""
InvokeSkill1#27,"""싹둑!"""
InvokeSkill2#27,"""와와왓!"""
InvokeSkill3#27,"""싹 베어 버릴게!"""
TechIce#14,"""얼어 버려!"""
PBFull#28,"""좋아, 비장의 수단 같은 걸<br>써 버릴게!"""
PBRelease#28,"""에잇, 이젠 될 대로 돼라!"""
Avoid#28,"""네!"""
HealSelf#28,"""이 틈에 바로 회복!"""
BuffSelf#28,"""만전의 상태로 맞서겠어!"""
HealOther#28,"""틈을 찾아 회복할게요!"""
BuffOther#28,"""이런 것도 있어요!"""
QuestStart1#28,"""발목 잡지 마, 발목 잡지 마<br>발목 잡지 마……좋아!"""
QuestEnd1#28,"""힘낸 보람이 있을지도!"""
IncidentStart#28,"""음, 뭔가 이상한 분위기……<br>이거, 무슨 일 생기는 거죠?"""
IncidentSuccess#28,"""잘돼서 다행이다……!"""
IncidentFailure#28,"""……이거 실패네요.<br>뭐, 뭐, 기분 전환하죠!"""
PSE#28,"""뭔가 세상이 술렁술렁<br>하지 않나요?\u3000그렇죠?"""
PSELevelUp#28,"""오오오!\u3000술렁임이 커지고 있어요!"""
PSEBurst#28,"""우와, 정말 예뻐……<br>그런데 이게 뭐죠?"""
HP30#28,"""으으, 흔히 말하는 위기일지도……"""
HP10#28,"""이, 이건 너무하잖아요!"""
ItemRare#28,"""앗, 그거 알아요!<br>레어 아이템이죠, 좋겠다!"""
DamageSmall#28,"""아파!"""
DamageMiddle#28,"""꺄악!"""
DamageLarge#28,"""너무해!"""
Trap#28,"""어라……혹시 나<br>함정에 걸린 건가……?"""
ThankTrapRescue#28,"""사, 살았다……"""
TrapRescueOther#28,"""괜찮아요? 지금 도와줄게요!"""
MemberDamaged#28,"""무리는 금물!"""
MemberDead#28,"""……아, 저질렀네.<br>그람은 분노의 검이라고?"""
AbilityExe#28,"""왠지 나, 절호조일지도!"""
AbilitySpecial#28,"""지금이라면 뭐든 잘 풀릴 것<br>같기도 해!"""
Resurrect#28,"""……조금만 더,<br>힘내 볼까……<br>싶기도 하고."""
PartyJoin#28,"""/ci2 1 잘 부탁드립니다"""
Marvelous#28,"""우와……대단하다……"""
IncidentJsApcBegin#28,"""/mn18 /ci8 1 죄송하지만, 도와주세요!<br>뭔가 이상한 것과 마주쳐서……"""
IncidentJsApcFailure#28,"""으으……발목 잡고 싶진 않았는데<br>……미안해요, 먼저 물러날게요."""
IncidentJsApcSuccess#28,"""/mn5 /ci4 1 쓰러뜨렸네요, 감사합니다!<br>네, 아라트론 씨의 가짜요?<br>죄송해요, 보진 못했어요……"""
IncidentJsApcBeginEvo#28,"""/ci1 1 이걸로 일단락!<br>……이란 느낌은 아닌 것 같네요.<br>조금만 더 도와주시겠어요?"""
EnemyWeak#29,"""잡졸이, 방해하지 마!"""
EnemyLarge#29,"""덩치 큰 놈인가, 좋은 표적이군!"""
EnemyBoss#29,"""제법 뼈대 있는 녀석이잖아"""
EnemyRare#29,"""응, 저건 뭐야?<br>희귀한 녀석 아니야?"""
EnemyBoost#29,"""위험한 분위기를 풍기는군……"""
DestroyEnemy1#29,"""한 놈 해치웠다!"""
DestroyEnemy2#29,"""자, 다음으로 가자!"""
DestroyEnemy3#28,"""상대가 안 되는군"""
CondFreeze#29,"""쳇, 동결이냐……!"""
CondBurn#29,"""이름처럼 불타고 있다곤 하지 마!"""
CondShock#29,"""몸이 저려 오잖아……!"""
CondPoison#29,"""젠장, 독인가……!"""
CondPanic#29,"""머리가 뒤죽박죽이 되는데……!"""
CondStan#29,"""몸이 안 움직여……뭐라고……!?"""
CondMirage#29,"""쳇, 시야가 흔들려……!"""
Die#29,"""진짜냐……말도 안 되잖아……이런 건"""
ThankHeal#29,"""미안하다!"""
ThankBuff#29,"""오, 센스 있네!"""
ThankCure#29,"""살았다!"""
DefeatEnemy#29,"""이 근처는 끝났군"""
LevelUp#29,"""이거 질 수 없겠는데!"""
InvokeSkill1#28,"""자, 자, 날아가라!"""
InvokeSkill2#28,"""놓치지 않아!"""
InvokeSkill3#28,"""안됐구나!"""
PBFull#29,"""아낌없이 간다!\u3000전부 받아라!"""
PBRelease#29,"""이건 내가 고른 길이다, 방해하지 마!"""
Avoid#29,"""여어!"""
HealSelf#29,"""위험해, 위험해"""
BuffSelf#29,"""준비는 게을리하지 않는 성격이라"""
HealOther#29,"""방심은 금물이다!"""
BuffOther#29,"""단숨에 끝내자!"""
QuestStart1#29,"""빠르게 끝내자"""
QuestEnd1#29,"""역시 보통이 아니군"""
IncidentStart#29,"""이 기척……뭔가 오는군!"""
IncidentSuccess#29,"""좋아, 나쁘지 않아!"""
IncidentFailure#29,"""아, 젠장, 실수했어!"""
PSE#29,"""이건……PSE라는 건가?"""
PSELevelUp#29,"""계속 가자!"""
PSEBurst#29,"""좋아, 잘됐군!"""
HP30#29,"""정말, 성가셔지는군"""
HP10#29,"""아직 끝이 아니야"""
ItemRare#29,"""오, 그거 좋은 물건 아니야?"""
DamageSmall#29,"""칫"""
DamageMiddle#29,"""크악!"""
DamageLarge#29,"""제법이잖아……!"""
Trap#29,"""이런, 함정이냐!"""
ThankTrapRescue#29,"""미안, 방심했어"""
TrapRescueOther#29,"""요즘 세상에 함정이라니 별나군!<br>지금 도와줄게!"""
MemberDamaged#29,"""괜찮아?\u3000무리하지 마!"""
MemberDead#29,"""……네놈, 감히 그랬겠다!"""
AbilityExe#29,"""자, 죽고 싶은 놈은 누구냐?"""
AbilitySpecial#29,"""어디부터 정리해 줄까?"""
Resurrect#29,"""……정말, 성가신 일이 됐군!"""
PartyJoin#29,"""/ci2 1 잘 부탁한다"""
Marvelous#29,"""휘유, 제법인데"""
IncidentJsApcBegin#29,"""/mn18 /ci3 2 오, 너였나!\u3000마침 잘 왔어!<br>돌아다니다 휘말렸거든.<br>미안하지만 지원을 부탁한다!"""
IncidentJsApcFailure#29,"""진짜냐……꼴사납군……<br>미안, 먼저 물러날게."""
IncidentJsApcSuccess#29,"""/mn15 /ci2 2 이 정도인가. 지원 고맙다!<br>응, 할아버지의 가짜를 못 봤냐고?<br>보이면 알려 줄게. 그럼!"""
IncidentJsApcBeginEvo#29,"""/ci1 1 이걸로 끝……날 분위기는 아니군<br>다음부터 다음까지 질리지도 않나 봐!<br>미안, 조금만 더 어울려 줘!"""
EnemyWeak#30,"""약자를 상대할 취미는 없지만<br>어쩔 수 없나."""
EnemyLarge#30,"""상대로 부족함은 없다!"""
EnemyBoss#30,"""이 녀석은 여기서 끝낸다!"""
EnemyRare#30,"""음……<br>저건 희귀한 녀석 아닌가?"""
EnemyBoost#30,"""불길한 기운을 지닌 상대군……!"""
DestroyEnemy1#30,"""우선 하나."""
DestroyEnemy2#30,"""다음은 어느 놈이지."""
DestroyEnemy3#29,"""방해한 네 탓이야."""
CondFreeze#30,"""큭…… 동결인가……!"""
CondBurn#30,"""이 정도 열쯤은<br>아무것도 아니다!"""
CondShock#30,"""몸이 저려 힘이……"""
CondPoison#30,"""이 정도 독으로<br>나는 멈추지 않는다!"""
CondPanic#30,"""모든 게 거꾸로 보이지만<br>상관없다!\u3000벤다!"""
CondStan#30,"""몸이 움직이지 않는다……!"""
CondMirage#30,"""시야가 막혔나……<br>그렇다면 모조리 벨 뿐이다!"""
Die#30,"""나는…… 아직……"""
ThankHeal#30,"""감사한다!"""
ThankBuff#30,"""은혜는 잊지 않겠다!"""
ThankCure#30,"""수고를 끼쳐 미안하다!"""
DefeatEnemy#30,"""별것 아니군요."""
LevelUp#30,"""역시 대단하군!"""
InvokeSkill1#29,"""아마네센!"""
InvokeSkill2#29,"""카사네바!"""
InvokeSkill3#29,"""츠라네마이!"""
TechFire#12,"""이건 어떠냐!"""
TechIce#15,"""이건 어떠냐!"""
TechThunder#12,"""이건 어떠냐!"""
TechWind#12,"""이건 어떠냐!"""
TechLight#12,"""이건 어떠냐!"""
TechDark#12,"""이건 어떠냐!"""
PBFull#30,"""별로 쓰고 싶진 않았지만……"""
PBRelease#30,"""방해하는 건 쓸어 버린다!"""
TacticsFree#2,"""알았다, 내게 맡겨라!"""
TacticsGuard#2,"""모두는 내가 지켜 내겠다!"""
TacticsMassedAttack#2,"""단숨에 끝낸다!"""
TacticsAttack#2,"""내가 미끼가 되겠다!"""
Avoid#30,"""흥!"""
HealSelf#30,"""방심했군."""
BuffSelf#30,"""거기까지다."""
HealOther#30,"""이제 괜찮을 거다."""
BuffOther#30,"""무리하지 마라."""
QuestStart1#30,"""임무를 시작한다!"""
QuestStart2#1,"""너와 함께라면 안심이군."""
QuestEnd1#30,"""역시 대단하군.<br>흠잡을 데가 없다."""
QuestEnd2#2,"""이런 결과까지는<br>예상하지 못했다, 응."""
IncidentStart#30,"""……무언가 일어난다."""
IncidentSuccess#30,"""어떻게든 해결된 모양이군."""
IncidentFailure#30,"""……미안하다.<br>내가 조금 더 잘했더라면……"""
PSE#30,"""이게 PSE라는 건가?"""
PSELevelUp#30,"""그렇군.<br>PSE는 계속 이어지는 거구나."""
PSEBurst#30,"""이게 PSE 버스트……<br>아름답군."""
HP30#30,"""밀리고 있군……"""
HP10#30,"""큭…… 위험해……<br>하지만 아직 포기할 수는 없다!"""
ItemRare#30,"""내가 가치를 알진 못하지만<br>그거, 희귀한 물건이지?"""
DamageSmall#30,"""읏!"""
DamageMiddle#30,"""제법 하는군!"""
DamageLarge#30,"""크윽!"""
Trap#30,"""쳇, 트랩인가!"""
ThankTrapRescue#30,"""미안하다, 덕분에 살았다!"""
TrapRescueOther#30,"""조심해라!"""
MemberDamaged#30,"""무리하지 마라."""
MemberDead#30,"""나는 지키지 못한 건가……!"""
AbilityExe#30,"""내게 맡겨라!"""
AbilitySpecial#30,"""나를 막을 수 있다고 생각 마라!"""
Resurrect#30,"""번거롭게 했군!"""
PartyJoin#30,"""/ci1 1 그럼, 잘 부탁한다."""
Marvelous#30,"""감탄이 나오는 움직임이군."""
IncidentJsApcBegin#30,"""/mn18 /ci1 1 시끄럽다 했더니, 당신이었나.<br>전투 중인 모양이군, 돕겠다."""
IncidentJsApcFailure#30,"""한심한 모습을<br>보이고 말았군……"""
IncidentJsApcSuccess#30,"""/mn19 /ci2 2 좋아, 쓰러뜨렸군.<br>……응, 금빛 거인이라고?<br>본 기억은 있지만……장소는 잊었다."""
IncidentJsApcBeginEvo#30,"""/ci3 1 ……기척이 사라지지 않는다.<br>아무래도 아직 더 오는 모양이군."""
EnemyWeak#31,"""잡졸인가"""
EnemyLarge#31,"""덩치만 큰 거구인가?"""
EnemyBoss#31,"""나의 위엄을 마음껏 보이리라"""
EnemyRare#31,"""호오, 처음 보는 적이군"""
EnemyBoost#31,"""강렬한 살기가 느껴진다……<br>저자가 근원인가"""
DestroyEnemy1#31,"""흥."""
DestroyEnemy2#31,"""무르군"""
DestroyEnemy3#30,"""이제 움직이지 않는가"""
CondFreeze#31,"""얼어서……<br>움직일 수 없다……!"""
CondBurn#31,"""이 육신이 불타도<br>단련되지는 않는군……"""
CondShock#31,"""저림이……"""
CondPoison#31,"""몸이 좀먹혀 간다……"""
CondPanic#31,"""검이 뜻대로 움직이지 않는다……!"""
CondStan#31,"""몸이, 움직이지 않는다……"""
CondMirage#31,"""교란인가.<br>제법이군……"""
Die#31,"""나의 힘이……미치지 못하는가……"""
ThankHeal#31,"""고맙군"""
ThankBuff#31,"""힘이 느껴진다"""
ThankCure#31,"""이걸로 제대로 싸울 수 있겠군……"""
DefeatEnemy#31,"""주변에 적의 기척은 더 없군"""
LevelUp#31,"""더 큰 힘을 얻었나"""
InvokeSkill1#30,"""가라앉아라"""
InvokeSkill2#30,"""저주받아라"""
InvokeSkill3#30,"""미쳐 죽어라"""
PBFull#31,"""후후……<br>투기가 더욱 예리해진다……!"""
PBRelease#31,"""내달려라……지고의 힘이여!"""
Avoid#31,"""어림없다!"""
HealSelf#31,"""아직 멀었다"""
BuffSelf#31,"""어둠이여 모여라……내 저주가 되어라"""
HealOther#31,"""아직 쓰러지기엔 이르다"""
BuffOther#31,"""그대 안에 잠든 힘을<br>깨워 주마……"""
QuestStart1#31,"""자, 가 보자……"""
QuestEnd1#31,"""임무 완료인가"""
IncidentStart#31,"""무슨 일인가"""
IncidentSuccess#31,"""해결됐나.<br>임무로 돌아가도록 하지."""
IncidentFailure#31,"""실패에 우연 따윈 없다……<br>이 결과는 미숙함의 결실일 뿐이다"""
PSE#31,"""피에스이……라고?"""
PSELevelUp#31,"""흠, 피에스이라는 것이<br>강화된 모양이다"""
PSEBurst#31,"""피에스이라는 게<br>버스트한 모양이군"""
HP30#31,"""배려는 필요 없다, 하고 싶지만<br>그럴 수만도 없나"""
HP10#31,"""크윽……!<br>아직, 나는 싸울 수 있다……!"""
ItemRare#31,"""그건 희귀한 물건 아닌가?"""
DamageSmall#31,"""크윽……"""
DamageMiddle#31,"""아앗……!"""
DamageLarge#31,"""으윽……!"""
Trap#31,"""함정이라고!?<br>방심했나!"""
ThankTrapRescue#31,"""미안하다……"""
TrapRescueOther#31,"""건방진 함정이군……"""
MemberDamaged#31,"""……설 수 있나?<br>그럼 됐다"""
MemberDead#31,"""이대로는…"""
AbilityExe#31,"""묘하게 상태가 좋군.<br>이럴 때도 있는 건가……"""
AbilitySpecial#31,"""전부, 여기까지다"""
Resurrect#31,"""후후……악운은 다하지 않았군"""
PartyJoin#31,"""/ci1 3 도와주도록 하지"""
Marvelous#31,"""호오. 역시 대단하군"""
IncidentJsApcBegin#31,"""/ci1 1 ……그대인가.<br>상황은 보는 바와 같다.<br>괜찮다면 도움을 청하고 싶군."""
IncidentJsApcFailure#31,"""열세인가……퇴각한다.<br>여기서 더 싸워도<br>얻을 것은 없어 보인다."""
IncidentJsApcSuccess#31,"""/ci2 5 고맙군.<br>……도움을 받는 것도<br>나쁜 기분은 아니군."""
IncidentJsApcBeginEvo#31,"""/ci3 3 ……새로운 적인가.<br>전투의 기척을 맡고 찾아왔나."""
EnemyWeak#32,"""이 정도면 괜찮아"""
EnemyLarge#32,"""와, 크다!"""
EnemyBoss#32,"""강해 보여……그래도 안 져!"""
EnemyRare#32,"""와왓, 희귀종이다!"""
EnemyBoost#32,"""……정말 불길한 느낌의 적이야"""
WeatherChange#1,"""대기의 포톤이 술렁이는 건가?"""
DestroyEnemy1#32,"""응, 잘됐어!"""
DestroyEnemy2#32,"""좋아, 느낌 좋아!"""
DestroyEnemy3#31,"""해냈다!"""
CondFreeze#32,"""어, 얼어붙었어!?"""
CondBurn#32,"""뜨거, 뜨거워!"""
CondShock#32,"""모, 몸이 저려어어……!"""
CondPoison#32,"""으으……독인가, 속이 안 좋아……"""
CondPanic#32,"""어, 어, 어떡하지이이!<br>뭘 어떻게 해야 했더라!<br>보이는 대로 날려 버릴까?"""
CondStan#32,"""모, 몸을 마음대로 못 움직이겠어……!"""
CondMirage#32,"""뭔가 시야가 몽롱해……"""
Die#32,"""실패해 버렸어, 미안해……"""
ThankHeal#32,"""아……고마워"""
ThankBuff#32,"""후훗, 고마워"""
ThankCure#32,"""으으, 미안해, 고마워"""
DefeatEnemy#32,"""끝난 것 같네"""
LevelUp#32,"""앗, 축하해!"""
InvokeSkill1#31,"""전력으로, 간다!"""
InvokeSkill2#31,"""하아아아앗!"""
InvokeSkill3#31,"""이걸로 끝낼게!"""
TechFire#13,"""내가 할 수 있는 걸, 최선을 다해!"""
TechIce#16,"""지지 않을 거야!"""
TechThunder#13,"""봐주지 않을 거야!"""
TechWind#13,"""베어 버려!"""
TechLight#13,"""빛이여."""
TechDark#13,"""꿰뚫어!"""
PBFull#32,"""<%me>!<br>우리도 준비됐어!"""
PBRelease#32,"""난 이제……혼자가 아니니까!"""
TacticsFree#3,"""응, 알겠어!<br>자유롭게 움직여 볼게!"""
TacticsGuard#3,"""여긴 참아야 할 때란 거지<br>맡겨 줘, 기다리는 건 잘해!"""
TacticsMassedAttack#3,"""공격을 한곳에 집중하자……<br>응, 알겠어!"""
TacticsAttack#3,"""내가 미끼가 될 테니까<br>그 틈에 부탁해!"""
Avoid#32,"""얏!"""
HealSelf#32,"""회복, 회복!"""
BuffSelf#32,"""보조도 잊으면 안 되지"""
HealOther#32,"""괜찮아?<br>무리하지 마"""
BuffOther#32,"""아, 잠깐 기다려<br>보조도 걸어 줄게"""
QuestStart1#32,"""좋아, 힘낼게!"""
QuestStart2#2,"""너와 함께라면……응<br>분명 괜찮을 거야!"""
QuestEnd1#32,"""후후, 수고했어!<br>다음에도 의지할 수 있으면<br>기쁠 것 같아"""
QuestEnd2#3,"""정말 대단해!\u3000대단해!"""
IncidentStart#32,"""어, 무슨 일이 벌어진 거야?<br>떠, 떨어지지 말아 줘?"""
IncidentSuccess#32,"""깜짝 놀랐네……!<br>그래도 네 덕분에<br>잘됐어"""
IncidentFailure#32,"""아, 미안해.<br>내가 발목을 잡았네……"""
PSE#32,"""포톤의 느낌이 변했어……<br>PSE라는 건가?"""
PSELevelUp#32,"""계속 이어지는 것 같아!<br>더욱더 힘내자!"""
PSEBurst#32,"""와아……이게 PSE 버스트라는<br>거구나, 굉장해!"""
HP30#32,"""윽……아, 아직 멀었어<br>난 아직 괜찮아!"""
HP10#32,"""……으윽!<br>미안, 조금 위험할지도……"""
ItemRare#32,"""와. 그거 보기 드문 물건이지?<br>축하해. 잘됐네"""
DamageSmall#32,"""아야!"""
DamageMiddle#32,"""아야!"""
DamageLarge#32,"""와와왓!"""
Trap#32,"""어, 어, 함정!?"""
ThankTrapRescue#32,"""미안해……<br>정말 큰 도움 됐어"""
TrapRescueOther#32,"""괜찮아?<br>함정은 조심해"""
MemberDamaged#32,"""무리하지 말고 물러나!<br>괜찮아, 나도 있으니까!"""
MemberDead#32,"""이럴 수가!<br>이렇게 될 줄은……!"""
AbilityExe#32,"""응, 힘낼 테니까!"""
AbilitySpecial#32,"""좋아, 힘내 볼까!"""
Resurrect#32,"""이번엔 힘낼게!"""
PartyJoin#32,"""/ci1 1 잘 부탁해!"""
Marvelous#32,"""대단해!\u3000나도 힘내야겠어!"""
IncidentJsApcBegin#32,"""/ci2 2 가, 가오오!<br>과자를 주거나 도와주지 않으면<br>귀신으로 나올 거야. 농담이야……"""
IncidentJsApcFailure#32,"""/ci4 2 으으……미안해……<br>발목을 잡았네……"""
IncidentJsApcSuccess#32,"""/ci2 2 도와줘서 고마워!<br>후후, 귀여운 옷도 입을 수 있고……<br>할로윈은 정말 즐겁네!"""
IncidentJsApcBeginEvo#32,"""/ci3 2 어떻게든 끝났……나 했더니<br>아직 이상한 기척이<br>남아 있어……!"""
EnemyWeak#33,"""한꺼번에 쓸어 버린다!"""
EnemyLarge#33,"""덩치만 큰 녀석 따위!"""
EnemyBoss#33,"""아무리 강대한 상대라도<br>난 절대 포기하지 않아!"""
EnemyRare#33,"""저거, 희귀한 녀석이지!"""
EnemyBoost#33,"""정말 불길한 기운이야……<br>내가 정화하겠어!"""
DestroyEnemy1#33,"""다음!"""
DestroyEnemy2#33,"""이 정도론 멈추지 않아!"""
DestroyEnemy3#32,"""고마워, 아메노무라쿠모!"""
CondFreeze#33,"""차, 차가워!\u3000잠깐, 이게 뭐야!"""
CondBurn#33,"""부, 불타고 있어!?\u3000불 꺼, 불 꺼!"""
CondShock#33,"""저, 저려어어어……!"""
CondPoison#33,"""도, 독……?\u3000기분 나빠……"""
CondPanic#33,"""아하하하!<br>저기가 여기고 여기가 어디지?"""
CondStan#33,"""모, 몸이 안 움직여……!"""
CondMirage#33,"""누, 눈이……번쩍거려서……!"""
Die#33,"""실수했어……모두 미안해……!"""
ThankHeal#33,"""고마워!"""
ThankBuff#33,"""살았어!"""
ThankCure#33,"""후우, 진정됐어."""
DefeatEnemy#33,"""자, 다음 장소로 가자!"""
LevelUp#33,"""질 수 없지!"""
InvokeSkill1#32,"""망설임을 끊어 낸다!"""
InvokeSkill2#32,"""나와 아메노무라쿠모라면!"""
InvokeSkill3#32,"""일섬!"""
PBFull#33,"""난 이제 자신을 속이지 않아!"""
PBRelease#33,"""이것이 나의……선택이다!"""
Avoid#33,"""흥!"""
HealSelf#33,"""회복은 제대로 해야지"""
BuffSelf#33,"""봐주기도, 사정도 일절 없어!"""
HealOther#33,"""괜찮아?\u3000회복할게!"""
BuffOther#33,"""만전의 상태로 맞서자!"""
QuestStart1#33,"""가자, 아메노무라쿠모"""
QuestEnd1#33,"""제법 잘된 것 같아?"""
IncidentStart#33,"""이 기척……뭔가 올 것 같아!"""
IncidentSuccess#33,"""좋아, 잘됐네!"""
IncidentFailure#33,"""으음……안 됐나"""
PSE#33,"""이 느낌……PSE 아니야?"""
PSELevelUp#33,"""계속 가자!"""
PSEBurst#33,"""우와, 예뻐……!<br>이게 PSE 버스트구나……"""
HP30#33,"""이 정도론 꺾이지 않아!"""
HP10#33,"""아직 난 포기하지 않아!"""
ItemRare#33,"""레어 드롭이다, 좋겠다!"""
DamageSmall#33,"""큭!"""
DamageMiddle#33,"""아직 멀었어!"""
DamageLarge#33,"""위험한가……!"""
Trap#33,"""헉, 함정!?"""
ThankTrapRescue#33,"""살았다, 고마워!"""
TrapRescueOther#33,"""함정이라니 고전적이네……!<br>금방 도와줄게!"""
MemberDamaged#33,"""무리하지 마!"""
MemberDead#33,"""……지키지 못했지만<br>아직 끝이 아니야!"""
AbilityExe#33,"""힘이 넘쳐흘러……<br>이건 에테르?\u3000포톤?"""
AbilitySpecial#33,"""지금이라면 뭐든 일도양단!<br>농담이야!"""
Resurrect#33,"""……쉬고 있을 때가 아니라니까!"""
PartyJoin#33,"""/ci2 1 좋아, 힘내 볼까."""
Marvelous#33,"""여전하네!"""
IncidentJsApcBegin#33,"""/ci2 2 앗!\u3000트릭 오어 트리트!<br>라고 할 때가 아니지.<br>조금만 도와줄래?"""
IncidentJsApcFailure#33,"""/ci4 2 으으……미안, 실패했어……<br>코오리와도 떨어져 버렸고……<br>난 먼저 물러날게."""
IncidentJsApcSuccess#33,"""/ci8 2 좋아!\u3000전부 쓰러뜨렸네. 고마워!<br>그럼 난 헤어진<br>코오리를 찾으러 갈게!"""
IncidentJsApcBeginEvo#33,"""/ci5 2 이 기척은……<br>아직 더 올 것 같아, 조심해!"""
EnemyWeak#34,"""이 정도 상대는<br>얼른 해치우죠!"""
EnemyLarge#34,"""우와……조금 클지도……"""
EnemyBoss#34,"""가, 강해 보여……<br>그래도 어떻게든 되겠죠!"""
EnemyRare#34,"""앗, 보세요!<br>희귀한 게 있어요!"""
EnemyBoost#34,"""뭔가 위험해 보이는 분위기가<br>엄청나게 느껴지는데요……"""
DestroyEnemy1#34,"""잘됐나요?"""
DestroyEnemy2#34,"""해냈다!\u3000해냈다!"""
DestroyEnemy3#33,"""후우, 어떻게든!"""
CondFreeze#34,"""코오리가 꽁꽁 얼었어……<br>아니, 이럴 때가 아니지!"""
CondBurn#34,"""코오리가 불타고 있다니……<br>아니, 아니, 도와주세요!"""
CondShock#34,"""모모모몸이이이이<br>저저저저려어어어……!"""
CondPoison#34,"""으으……독은 아픈 걸 떠나서<br>일단 기분 나빠……!"""
CondPanic#34,"""뭔가 엄청<br>빙글빙글 몽글몽글해"""
CondStan#34,"""모, 몸이 안 움직여……?<br>앗!\u3000이거 정말 위험한 상황이야!"""
CondMirage#34,"""와아, 알 군이 잔뜩 보여……!<br>꿈만 같아……그런데 이거<br>정상은 아니란 거지!"""
Die#34,"""아우……당해 버렸어……"""
ThankHeal#34,"""앗, 감사합니다!"""
ThankBuff#34,"""왠지 힘이 솟아나요!"""
ThankCure#34,"""후우, 기분 상쾌해!"""
DefeatEnemy#34,"""대충 다 쓰러뜨린 것 같나요?"""
LevelUp#34,"""엣, 아직 더 강해지는 건가요!"""
InvokeSkill1#33,"""싹둑!"""
InvokeSkill2#33,"""와와왓!"""
InvokeSkill3#33,"""싹 베어 버릴게!"""
TechIce#17,"""얼어 버려!"""
PBFull#34,"""좋아, 비장의 수단 같은 걸<br>써 버릴게!"""
PBRelease#34,"""에잇, 이젠 될 대로 돼라!"""
Avoid#34,"""네!"""
HealSelf#34,"""이 틈에 바로 회복!"""
BuffSelf#34,"""만전의 상태로 맞서겠어!"""
HealOther#34,"""틈을 찾아 회복할게요!"""
BuffOther#34,"""이런 것도 있어요!"""
QuestStart1#34,"""발목 잡지 마, 발목 잡지 마<br>발목 잡지 마……좋아!"""
QuestEnd1#34,"""힘낸 보람이 있을지도!"""
IncidentStart#34,"""음, 뭔가 이상한 분위기……<br>이거, 무슨 일 생기는 거죠?"""
IncidentSuccess#34,"""잘돼서 다행이다……!"""
IncidentFailure#34,"""……이거 실패네요.<br>뭐, 뭐, 기분 전환하죠!"""
PSE#34,"""뭔가 세상이 술렁술렁<br>하지 않나요?\u3000그렇죠?"""
PSELevelUp#34,"""오오오!\u3000술렁임이 커지고 있어요!"""
PSEBurst#34,"""우와, 정말 예뻐……<br>그런데 이게 뭐죠?"""
HP30#34,"""으으, 흔히 말하는 위기일지도……"""
HP10#34,"""이, 이건 너무하잖아요!"""
ItemRare#34,"""앗, 그거 알아요!<br>레어 아이템이죠, 좋겠다!"""
DamageSmall#34,"""아파!"""
DamageMiddle#34,"""꺄악!"""
DamageLarge#34,"""너무해!"""
Trap#34,"""어라……혹시 나<br>함정에 걸린 건가……?"""
ThankTrapRescue#34,"""사, 살았다……"""
TrapRescueOther#34,"""괜찮아요? 지금 도와줄게요!"""
MemberDamaged#34,"""무리는 금물!"""
MemberDead#34,"""……아, 저질렀네.<br>그람은 분노의 검이라고?"""
AbilityExe#34,"""왠지 나, 절호조일지도!"""
AbilitySpecial#34,"""지금이라면 뭐든 잘 풀릴 것<br>같기도 해!"""
Resurrect#34,"""……조금만 더,<br>힘내 볼까……<br>싶기도 하고."""
PartyJoin#34,"""/ci2 1 잘 부탁드립니다"""
Marvelous#34,"""우와……대단하다……"""
IncidentJsApcBegin#34,"""/ci4 2 히츠기이!\u3000어디 간 거야!<br>앗, 저기요!\u3000히츠기를<br>못 보셨나요?"""
IncidentJsApcFailure#34,"""/ci4 2 발목 잡아서 죄송해요……<br>으으, 히츠기도 찾지 못했고<br>히츠기를 만나고 싶어……!"""
IncidentJsApcSuccess#34,"""/ci2 2 도와주셔서 감사합니다!<br>하지만 히츠기는 못 찾았어요……<br>찾으러 가야 해!\u3000히츠기야아!"""
IncidentJsApcBeginEvo#34,"""/ci5 2 네에, 아직도 오는 건가요!<br>조금만 더 도와주시겠어요?"""
EnemyWeak#35,"""이 정도면 여유롭지!"""
EnemyLarge#35,"""크, 크다고 우쭐대지 마!"""
EnemyBoss#35,"""강적이야. 물론 쓰러뜨릴 수 있지!"""
EnemyRare#35,"""별로 본 적 없는 녀석이 왔어!"""
EnemyBoost#35,"""이 녀석 위험해 보여!?<br>괜찮아?\u3000정말 괜찮은 거야!?"""
DestroyEnemy1#35,"""해냈다!"""
DestroyEnemy2#35,"""어떠냐!<br>나도 제법이지!"""
DestroyEnemy3#34,"""좋았어!"""
CondFreeze#35,"""추, 추워……<br>잠깐, 나 얼었잖아!?"""
CondBurn#35,"""우와!\u3000불타, 불타고 있어!<br>뜨거워어!"""
CondShock#35,"""우오오……<br>저, 저려어어어……"""
CondPoison#35,"""으아악!?<br>으윽, 독에 걸렸어……"""
CondPanic#35,"""오오오!?<br>눈이 빙빙 돌아아……"""
CondStan#35,"""모, 몸이 안 움직여……"""
CondMirage#35,"""앞이 잘 안 보여……<br>그래도 눈은 제대로 떴다고!"""
Die#35,"""이럴 수가……<br>이 내가 당하다니……"""
ThankHeal#35,"""오, 회복 고마워!"""
ThankBuff#35,"""역시 대단하네.<br>덕분에 살았어"""
ThankCure#35,"""치료해 줘서 살았어"""
DefeatEnemy#35,"""이 근처 적은 다 쓰러뜨렸나 봐"""
LevelUp#35,"""강해졌구나, 축하해!"""
InvokeSkill1#34,"""나도 멋진 활약을 보여 주겠어!"""
InvokeSkill2#34,"""받아라!"""
InvokeSkill3#34,"""큰 거, 간다아!"""
PBFull#35,"""뭐야, 뭐야?<br>힘이 솟아나!<br>지금이라면 굉장한 걸 쓸 수 있겠어!"""
PBRelease#35,"""우오오오!<br>내 잠든 힘이 깨어난다!"""
Avoid#35,"""오오오!?<br>위, 위험했어……"""
HealSelf#35,"""체력이 없으면 싸울 수 없으니까"""
BuffSelf#35,"""좋아!<br>이걸로 더 힘낼 수 있어!"""
HealOther#35,"""괜찮아?<br>이걸로 힘내 줘!"""
BuffOther#35,"""지원할게!"""
QuestStart1#35,"""너무 내 발목을<br>잡지는 말라고?"""
QuestEnd1#35,"""해냈다!\u3000이걸로 끝이네!<br>역시 대단했어!"""
IncidentStart#35,"""뭐지?\u3000무슨 일이 생기나!?"""
IncidentSuccess#35,"""일단 어떻게든 됐네"""
IncidentFailure#35,"""아, 실수했네……"""
PSE#35,"""이게 PSE라는 건가?"""
PSELevelUp#35,"""오오, PSE가 계속 이어진다!"""
PSEBurst#35,"""PSE 버스트가 왔어!"""
HP30#35,"""아, 아직 힘낼 수 있을 거야……"""
HP10#35,"""이건 꽤 위험해……"""
ItemRare#35,"""오오, 그거 레어 아이템이네!<br>운이 좋구나!"""
DamageSmall#35,"""아야!"""
DamageMiddle#35,"""아파, 아프다니까!"""
DamageLarge#35,"""으아악!?"""
Trap#35,"""우와악!?<br>도와줘어!"""
ThankTrapRescue#35,"""살았다……<br>함정과 나는 궁합이 안 좋거든……"""
TrapRescueOther#35,"""누나처럼 보이는데……<br>의외로 덜렁이인가?"""
MemberDamaged#35,"""괜찮아!?"""
MemberDead#35,"""이봐……농담이지?"""
AbilityExe#35,"""좋아, 힘차게 가자!"""
AbilitySpecial#35,"""왠지 해낼 수 있을 것 같아!<br>나한테 맡겨 줘!"""
Resurrect#35,"""아직 멀었어!<br>멋없는 채로 끝낼 순 없으니까!"""
PartyJoin#35,"""/ci2 1 나머지는 전부 내게 맡겨!<br>……아니, 절반 정도일까?<br>내가 다 가져가면 미안하잖아?"""
Marvelous#35,"""역시 대단해!\u3000이 기세로 가자!"""
IncidentJsApcBegin#35,"""/ci2 2 나는 폴리탄!<br>마침 잘 왔어!<br>적이 많으니 도와줘!"""
IncidentJsApcFailure#35,"""으음, 조금 어려웠네.<br>도와달라고 해 놓고 미안하지만<br>난 이쯤에서 도망갈게!"""
IncidentJsApcSuccess#35,"""/ci2 3 좋아!\u3000이걸로 끝이네.<br>도와줘서 살았어!<br>다시 만나면 잘 부탁해!"""
IncidentJsApcBeginEvo#35,"""/ci5 3 좋아!\u3000이걸로 끝……<br>응?\u3000뭐야, 뭐야!?<br>이상한 느낌이야, 조심해!"""
EnemyWeak#36,"""잡졸이냐!<br>쓸어 버리겠어!"""
EnemyLarge#36,"""하하!<br>커다란 표적이군!"""
EnemyBoss#36,"""벌집으로 만들어 주마!"""
EnemyRare#36,"""이런, 희귀한 녀석이 상대인가.<br>뭐, 내가 할 일은 똑같지만."""
EnemyBoost#36,"""이 감각……!<br>저건 만만치 않은 사냥감이다!"""
DestroyEnemy1#36,"""나한테서 도망칠 순 없어!"""
DestroyEnemy2#36,"""흥.<br>시시한 녀석이군."""
DestroyEnemy3#35,"""손맛도 없는 녀석들이야."""
CondFreeze#36,"""크윽……<br>얼었어……!"""
CondBurn#36,"""뜨겁다니까!"""
CondShock#36,"""제, 제길……<br>저려서 손이 안 움직여……"""
CondPoison#36,"""위험하군, 독에 걸렸어……"""
CondPanic#36,"""제길, 눈이 돌아……"""
CondStan#36,"""방심했다!<br>움직일 수가 없어……!"""
CondMirage#36,"""안 돼……<br>이래선 조준이 안 돼……"""
Die#36,"""망할……\u3000이 내가!"""
ThankHeal#36,"""고맙다!"""
ThankBuff#36,"""신세 졌다!"""
ThankCure#36,"""후우, 살았군."""
DefeatEnemy#36,"""소탕 완료다.<br>이 근처엔 이제 적이 없어."""
LevelUp#36,"""오, 레벨 업인가!"""
InvokeSkill1#35,"""꿰뚫어 주마!"""
InvokeSkill2#35,"""새빨간 꽃을 피워 주지!"""
InvokeSkill3#35,"""원한은 없지만, 이건 임무다."""
PBFull#36,"""장전 완료……<br>이건 비장의 한 발이다!"""
PBRelease#36,"""잘 봐, 비장의 한 발이다!"""
Avoid#36,"""위험해!"""
HealSelf#36,"""후우, 위험했군."""
BuffSelf#36,"""자, 승부는 지금부터다!"""
HealOther#36,"""어이, 괜찮아?"""
BuffOther#36,"""받아 둬!"""
QuestStart1#36,"""자……일할 시간이군."""
QuestEnd1#36,"""임무 완료, 대충 이런 거지."""
IncidentStart#36,"""전장에는 예상 밖의 일이 따르는 법인가."""
IncidentSuccess#36,"""처리 완료다.<br>그럼 임무를 계속하지."""
IncidentFailure#36,"""실수했나……제길."""
PSE#36,"""PSE인가.<br>가능하면 버스트를 노려 볼까."""
PSELevelUp#36,"""PSE 강화군."""
PSEBurst#36,"""좋군!<br>PSE 버스트인가!"""
HP30#36,"""아파……<br>귀찮게 하네, 정말."""
HP10#36,"""심한 농담이군……"""
ItemRare#36,"""오.<br>뭔가 좋은 게 나온 모양이군."""
DamageSmall#36,"""쳇!"""
DamageMiddle#36,"""젠장!"""
DamageLarge#36,"""으악!"""
Trap#36,"""실수해 버렸군.<br>이 나답지 않게……"""
ThankTrapRescue#36,"""미안해, 살았다."""
TrapRescueOther#36,"""자, 받아.<br>다음부터 조심해."""
MemberDamaged#36,"""이봐, 정신 차려!"""
MemberDead#36,"""이런 젠장!<br>하지만 이대로 끝내진 않겠어!"""
AbilityExe#36,"""흐흐흐……지금이라면<br>어떤 공격도 놓칠 것 같지 않아!"""
AbilitySpecial#36,"""한 방 먹여 주마.<br>이거나 받아라!"""
Resurrect#36,"""반격 개시다!\u3000저 자식, 그냥 안 둬!"""
PartyJoin#36,"""/ci1 2 일이군. 흥, 팔이 근질거려!"""
Marvelous#36,"""무리하지 마"""
IncidentJsApcBegin#36,"""/ci1 1 이런 곳에서 만나다니 우연이군.<br>보다시피 난 바쁘거든.<br>도와주면 고맙겠어."""
IncidentJsApcFailure#36,"""칫, 이건 안 되겠어.<br>이봐, 일단 물러난다!"""
IncidentJsApcSuccess#36,"""/ci2 2 ……정리됐나.<br>살았다, 이 빚은 언젠가 갚지."""
IncidentJsApcBeginEvo#36,"""/ci3 3 새로운 적인가……<br>좋아, 닥치는 대로 꿰뚫어 주마!"""
EnemyWeak#37,"""어머, 귀여워라.<br>가볍게 놀아 줄게."""
EnemyLarge#37,"""어머나, 크네.<br>짜릿해지는걸."""
EnemyBoss#37,"""흐음……좋잖아.<br>날 만족시킬 수 있을까?"""
EnemyRare#37,"""이건……희귀종이라는 건가?"""
EnemyBoost#37,"""어머나, 훌륭하네……<br>후후후……뜨거워지기 시작했어……"""
DestroyEnemy1#37,"""이 정도라니, 한심하네."""
DestroyEnemy2#37,"""어머나?<br>벌써 일어설 수 없게 됐어?"""
DestroyEnemy3#36,"""이 아이는 이제 됐어……<br>다음으로 가자."""
CondFreeze#37,"""추워!\u3000차가워!<br>정말!\u3000부탁이니 체온으로 데워 줘!"""
CondBurn#37,"""아직 더 뜨거워질 수 있어……<br>잠깐, 진짜 타고 있잖아!?"""
CondShock#37,"""자……자극이 너무 강해!<br>나, 저리고 있어……!"""
CondPoison#37,"""싫어, 독이잖아?<br>이런 건……좋아하지 않거든."""
CondPanic#37,"""아아아아아앙!<br>정말……머릿속이 새하얘져……"""
CondStan#37,"""우……움직일 수 없어……<br>이런 플레이는 싫은데……"""
CondMirage#37,"""후후후……<br>귀여운 아이들이……잔뜩……"""
Die#37,"""아아……이제……일어설 수 없어……"""
ThankHeal#37,"""고마워!<br>이걸로 아직 할 수 있어!"""
ThankBuff#37,"""후후……고마워.<br>답례는……나중에 천천히 해 줄게."""
ThankCure#37,"""꺄앙!\u3000살았어!<br>네 덕분에 개운해졌어!"""
DefeatEnemy#37,"""날 만족시킬 사냥감은<br>이 근처에 없는 모양이네……아쉬워."""
LevelUp#37,"""어머나, 또 튼튼해졌네"""
InvokeSkill1#36,"""괜찮아.<br>아픈 건 처음뿐이니까!"""
InvokeSkill2#36,"""후후……<br>실컷 즐겁게……해 줄게!"""
InvokeSkill3#36,"""나쁜 아이네……<br>어디를 괴롭혀 주길 바라?"""
PBFull#37,"""난 벌써 준비됐어……<br>나머지는……네게 달렸어."""
PBRelease#37,"""좋은 걸 보여 줄게!"""
Avoid#37,"""정말!\u3000무리하지 마!"""
HealSelf#37,"""아앙……기분 좋아……"""
BuffSelf#37,"""짜릿해지기 시작했어……"""
HealOther#37,"""끝내기엔 아직 일러."""
BuffOther#37,"""후후후……<br>쾌락을 나눠 줄게."""
QuestStart1#37,"""즐거운 시간이야."""
QuestEnd1#37,"""벌써, 끝이야……?<br>좀 더 격렬했으면 좋았을 텐데……"""
IncidentStart#37,"""정말……뭐야?<br>기분 좋게 해 줄 거지?"""
IncidentSuccess#37,"""제법이잖아!<br>나중에 상을……줄게."""
IncidentFailure#37,"""정말……안 되겠네.<br>벌을……줘 볼까."""
PSE#37,"""PSE야.<br>터뜨려 버리자."""
PSELevelUp#37,"""PSE, 레벨 업!<br>아앙……엑스터시……"""
PSEBurst#37,"""왔다, 왔어!\u3000왔다고!<br>PSE 버스트!\u3000가 버려어어엇!"""
HP30#37,"""하앗……<br>정말……이러다 망가져……"""
HP10#37,"""싫어엇!<br>그렇게 하면!"""
ItemRare#37,"""어머?\u3000좋은 걸 얻었네.<br>나한테 선물해 줘도<br>괜찮은데?"""
DamageSmall#37,"""싫어엉."""
DamageMiddle#37,"""아아앙……!"""
DamageLarge#37,"""하아앙!"""
Trap#37,"""싫어, 구속당해 버렸네.<br>후후후……<br>가끔은 이런 플레이도 괜찮아……"""
ThankTrapRescue#37,"""정말, 이제부터였는데……<br>책임……져 줘."""
TrapRescueOther#37,"""네가 걸려도 되는 건……<br>내 달콤한 함정뿐이야."""
MemberDamaged#37,"""정말, 뭐 하는 거야.<br>걱정시키지 마."""
MemberDead#37,"""어……<br>그, 그럴 수가……"""
AbilityExe#37,"""하아앙……<br>아……넘쳐 버려어어엇!"""
AbilitySpecial#37,"""자, 모여라, 늑대들아.<br>지금부터는 나만의 무대야!<br>내 모든 걸……보여 줄게!"""
Resurrect#37,"""끓어올라……넘쳐흘러……!<br>아직 더 할 수 있어……!"""
PartyJoin#37,"""/ci9 2 지명 고마워. 힘내 볼게"""
Marvelous#37,"""후후……먹어 버리고 싶을 만큼 매력적이야."""
IncidentJsApcBegin#37,"""/ci2 2 어머, 안녕.<br>너도 함께 놀다 가지 않을래?<br>나 혼자서는 전부 상대할 수가 없어."""
IncidentJsApcFailure#37,"""정말, 싫다.<br>다들 너무 거칠다니까."""
IncidentJsApcSuccess#37,"""/ci9 4 후후후……대만족이야.<br>이렇게 느낀 건 처음일지도……"""
IncidentJsApcBeginEvo#37,"""/ci2 2 2회전 돌입?\u3000활기차서 좋네.<br>후후……상대해 줘도 괜찮아.<br>하지만 이번엔……내가 몰아붙일 차례야."""
EnemyWeak#38,"""어떤 상대라도 방심하지 않아요!"""
EnemyLarge#38,"""상대로 부족함은 없습니다!"""
EnemyBoss#38,"""이런 상대를 이겨야 가치가 있죠!"""
EnemyRare#38,"""응?\u3000어라?<br>엄청 보기 드문 녀석 아닌가요……?"""
EnemyBoost#38,"""……이 기운, 위험합니다!"""
DestroyEnemy1#38,"""다음!"""
DestroyEnemy2#38,"""한 건 해결했습니다!"""
DestroyEnemy3#37,"""아직 더 할 수 있어요!"""
CondFreeze#38,"""머리도 조금 식히겠습니다!"""
CondBurn#38,"""후후후, 불타오릅니다!<br>그런데 정말 불타고 있어요!"""
CondShock#38,"""적당한 저림은<br>몸에도 좋다고 들었어요!<br>……이건 다르지만요"""
CondPoison#38,"""이독제독!<br>……그런 능력은 없지만요"""
CondPanic#38,"""괜찮아요, 혼란해도 압니다!<br>말하는 건 전부 적이에요!"""
CondStan#38,"""몸이 안 움직여……!?<br>쉬라는 뜻일까요!"""
CondMirage#38,"""시야를 봉쇄당해도……!<br>기척을 때리면 어떻게든 됩니다!"""
Die#38,"""이래서는<br>그분의 등을 따라잡을 수 없어……"""
ThankHeal#38,"""황송합니다!"""
ThankBuff#38,"""감사합니다!"""
ThankCure#38,"""번거롭게 해 드려 죄송해요!"""
DefeatEnemy#38,"""자, 다음으로 가시죠!"""
LevelUp#38,"""뒤처지지 않도록 힘내겠습니다!"""
InvokeSkill1#37,"""일의전심!"""
InvokeSkill2#37,"""단숨에 몰아붙이겠습니다!"""
InvokeSkill3#37,"""언제나 전력입니다!"""
TechFire#14,"""폭염!"""
TechIce#18,"""빙아!"""
TechThunder#14,"""신뢰!"""
TechWind#14,"""질풍!"""
TechLight#14,"""광창!"""
TechDark#14,"""암탄!"""
PBFull#38,"""봐주는 건 못 합니다!<br>전 언제나 전력이니까요!"""
PBRelease#38,"""그분을 따라잡을 때까지……<br>전 멈추지 않습니다!"""
Avoid#38,"""흥!"""
HealSelf#38,"""빈틈은 보이지 않아요!"""
BuffSelf#38,"""방심하지 않아요!"""
HealOther#38,"""회복하겠습니다!"""
BuffOther#38,"""엄호하겠습니다!"""
QuestStart1#38,"""히어로 클래스의 전투법을<br>보여 드리겠습니다!"""
QuestEnd1#38,"""이렇게, 이렇게……인가?<br>그보다 먼저, 수고하셨습니다!"""
IncidentStart#38,"""무슨 일이 생길 듯한 기척입니다……!"""
IncidentSuccess#38,"""역시 대단합니다!<br>잘 해냈네요!"""
IncidentFailure#38,"""이, 이럴 리가<br>없었는데요……"""
PSE#38,"""포톤이 술렁이는 건가……?<br>조심해서 가시죠!"""
PSELevelUp#38,"""계속 이어 가자!"""
PSEBurst#38,"""이것이, PSE 버스트군요!"""
HP30#38,"""밀리고 있습니다……!"""
HP10#38,"""사지에서 활로를……!"""
ItemRare#38,"""앗, 레어 아이템이네요!"""
DamageSmall#38,"""아얏!"""
DamageMiddle#38,"""크윽!"""
DamageLarge#38,"""아직……포기하지 않아요!"""
Trap#38,"""함정!?\u3000이런 곳에!?"""
ThankTrapRescue#38,"""살았습니다……황송합니다!"""
TrapRescueOther#38,"""괜찮으세요!?"""
MemberDamaged#38,"""무리하지 말고 물러나세요!"""
MemberDead#38,"""……동료조차 지키지 못하는<br>제 한심함이 가장 용서가 안 돼요!"""
AbilityExe#38,"""좋아, 감이 살아났어요!"""
AbilitySpecial#38,"""지금이라면 뭐든 할 수 있습니다!"""
Resurrect#38,"""이루고 싶은 목표가 있어요!<br>그러니 쉴 수 없습니다!"""
PartyJoin#38,"""/ci2 2 전투부 소속, 스트라토스!<br>등장했습니다!"""
Marvelous#38,"""움직임을 눈에 새기고 있습니다!"""
IncidentJsApcBegin#38,"""/ci2 3 당신의 히어로, 스트라토스 등장!<br>회장의 평화를 위해 돕겠습니다!"""
IncidentJsApcFailure#38,"""와와와와……!<br>죄, 죄송합니다, 죄송합니다!<br>다음에는 더 힘내겠습니다!"""
IncidentJsApcSuccess#38,"""/ci8 1 협력해 주셔서 감사합니다!<br>계속해서 평화를 위해 힘쓰겠습니다!<br>그럼, 트릭 오어 트리트!"""
IncidentJsApcBeginEvo#38,"""/ci1 3 <%me> 님<br>눈치채셨겠지만<br>아직 더 올 것 같습니다!\u3000경계를!"""
EnemyWeak#39,"""어이, 겁도 없는 녀석이군!<br>그저 무모한 건가?"""
EnemyLarge#39,"""난 덩치 큰 녀석이 좋다!<br>쓰러뜨리는 보람이 있으니까!"""
EnemyBoss#39,"""지금부터가 진짜다!<br>끓어오르는군, 후하하하핫!"""
EnemyRare#39,"""오오오오오!<br>저건 엄청 희귀한 녀석이다!"""
EnemyBoost#39,"""뭐냐, 뭐냐!<br>이상한 녀석이 왔군!<br>쓰러뜨리는 건 변함없지만!"""
DestroyEnemy1#39,"""다음이다, 다음!"""
DestroyEnemy2#39,"""후하하하핫!<br>역시 나는 강하다!"""
DestroyEnemy3#38,"""제대로 들어갔군!"""
CondFreeze#39,"""동결됐지만, 뭐 괜찮아!<br>곧 어떻게든 되겠지!"""
CondBurn#39,"""연소됐지만, 뭐 괜찮아!<br>곧 어떻게든 되겠지!"""
CondShock#39,"""감전됐지만, 뭐 괜찮아!<br>곧 어떻게든 되겠지!"""
CondPoison#39,"""독에 걸렸지만, 뭐 괜찮아!<br>곧 어떻게든 되겠지!"""
CondPanic#39,"""혼란에 빠졌지만, 뭐 괜찮아!<br>곧 어떻게든 되겠지!"""
CondStan#39,"""움직일 수 없지만, 뭐 괜찮아!<br>곧 어떻게든 되겠지!"""
CondMirage#39,"""환혹에 빠졌지만, 뭐 괜찮아!<br>곧 어떻게든 되겠지!"""
Die#39,"""이 내가……!?"""
ThankHeal#39,"""고마워!"""
ThankBuff#39,"""난 절호조다!"""
ThankCure#39,"""난 회복했다!"""
DefeatEnemy#39,"""흥, 별것 아니군!"""
LevelUp#39,"""성장은 아름답다!"""
InvokeSkill1#38,"""내게서 도망칠 순 없다!"""
InvokeSkill2#38,"""하하하하하!"""
InvokeSkill3#38,"""멋지게 끝내 주마!"""
PBFull#39,"""훗!<br>불타오르는 상황이다!"""
PBRelease#39,"""좋았어, 불타오르기 시작했다!"""
TacticsFree#4,"""난 평소대로 움직이겠다!"""
TacticsGuard#4,"""지키기보다 공격하고 싶다!"""
TacticsMassedAttack#4,"""효율적인 작전이군!"""
TacticsAttack#4,"""내 이름은 휴이!<br>두렵지 않다면 어디서든<br>덤벼라!\u3000하하하!"""
Avoid#39,"""훤히 보인다!"""
HealSelf#39,"""근성으로 회복!"""
BuffSelf#39,"""기합으로 보조!"""
HealOther#39,"""자네도 근성으로 회복하게!"""
BuffOther#39,"""자네도 이 보조를 활용하게!"""
QuestStart1#39,"""내게 맡겨 둬!"""
QuestStart2#3,"""자네와 함께하면 감이 좋다!"""
QuestEnd1#39,"""끝났다!"""
QuestEnd2#4,"""힘차게 움직였군!"""
IncidentStart#39,"""음, 뭔가 일어날 예감!"""
IncidentSuccess#39,"""대성공이군!"""
IncidentFailure#39,"""아직도 미숙하군…"""
PSE#39,"""음, 포톤이 시끄럽다!<br>이건 PSE의 예감이다!"""
PSELevelUp#39,"""좋아, 더 이어 간다!"""
PSEBurst#39,"""제대로 들어갔다!<br>이게 최종 단계다!"""
HP30#39,"""이 정도 상처는 핥으면 낫는다!"""
HP10#39,"""죽음 속에서 살길을 찾는다!"""
ItemRare#39,"""오, 좋은 물건 아닌가!<br>가져라, 가져!"""
DamageSmall#39,"""큭"""
DamageMiddle#39,"""뭐라고!"""
DamageLarge#39,"""으윽!"""
Trap#39,"""함정이라니 비겁하군!"""
ThankTrapRescue#39,"""감사한다!"""
TrapRescueOther#39,"""기다리게 했군!"""
MemberDamaged#39,"""내게 맡기고 물러서 있어!"""
MemberDead#39,"""…용서하지 않겠다, 절대로!"""
AbilityExe#39,"""/toge 나, 절호조!"""
AbilitySpecial#39,"""/toge 후하하!\u3000나한테 맡겨 둬라!"""
Resurrect#39,"""근성으로 부활!"""
PartyJoin#39,"""/ci1 1 맡겨만 주게!"""
Marvelous#39,"""바로 그 기세다!"""
IncidentJsApcBegin#39,"""/toge /ci2 2 곤란해하는 포톤을 감지하고!<br>착한 아이들의 편, 여기 등장!<br>이 순록 아저씨에게 맡겨 둬!"""
IncidentJsApcFailure#39,"""/toge /ci4 2 인형옷은 움직이기 힘……아니지!<br>순록 아저씨는 상태가 안 좋아서<br>미안하지만 먼저 물러나겠다!"""
IncidentJsApcSuccess#39,"""/toge /ci2 2 순록 아저씨에겐 식은 죽 먹기지!<br>또 다른 순록 아저씨를 만나면<br>안부 전해 줘!"""
IncidentJsApcBeginEvo#39,"""하하하!\u3000아직 더 오는가!<br>역시 난……아니지!<br>순록 아저씨는 인기 만점이군!"""
EnemyWeak#40,"""후후후!<br>이 정도면 식은 죽 먹기야!"""
EnemyLarge#40,"""싫은 녀석이 와 버렸어!"""
EnemyBoss#40,"""우오오……!<br>커다란 선물……이 아니잖아!"""
EnemyRare#40,"""어라, 보기 드문 녀석이야!<br>운이 좋네!"""
EnemyBoost#40,"""에에에……!<br>뭔가 강해 보이는 게……!"""
DestroyEnemy1#40,"""영차!"""
DestroyEnemy2#40,"""어떠냐!"""
DestroyEnemy3#39,"""화려하게 성공!"""
CondFreeze#40,"""꽁꽁 얼었다!"""
CondBurn#40,"""활활 타오른다!<br>뜨거, 뜨거워!"""
CondShock#40,"""저저저저려어어어!"""
CondPoison#40,"""으으, 기부니 나빠…"""
CondPanic#40,"""빙글빙글, 어질어질!<br>아하하하!"""
CondStan#40,"""몸이 잘 안 움직여!"""
CondMirage#40,"""흐릿하고 뿌예서<br>시야가 엄청나!"""
Die#40,"""티아…"""
ThankHeal#40,"""와아, 고마워!"""
ThankBuff#40,"""센스 있는 사람, 사랑해!"""
ThankCure#40,"""개운해졌어!<br>고마워!"""
DefeatEnemy#40,"""끝났어?"""
LevelUp#40,"""좋겠다!\u3000좋겠네!"""
InvokeSkill1#39,"""하나, 둘, 얍!"""
InvokeSkill2#39,"""날아가 버려!"""
InvokeSkill3#39,"""해치워 버릴 거야!"""
TechLight#15,"""티아 흉내 내기!"""
PBFull#40,"""열받아!<br>화나기 시작했어!"""
PBRelease#40,"""1번, 패티!\u3000갑니다!"""
TacticsFree#5,"""자유분방하게 가 보자!"""
TacticsGuard#5,"""방어는 최고의 공격이라고<br>누군가 그랬어!"""
TacticsMassedAttack#5,"""미안하지만 이건 싸움이니까…<br>집중 공격이야!"""
TacticsAttack#5,"""자, 자, 이쪽으로 와!"""
Avoid#40,"""영차!"""
HealSelf#40,"""해낼 줄 알았어?<br>아쉽지만 회복이었어!"""
BuffSelf#40,"""이래 보여도<br>준비는 빠뜨리지 않아!"""
HealOther#40,"""빠르게 회복!"""
BuffOther#40,"""나눠 줄게!"""
QuestStart1#40,"""그럼 가 보자!"""
QuestEnd1#40,"""네, 끝!<br>수고했어!"""
IncidentStart#40,"""이런, 문제 발생!"""
IncidentSuccess#40,"""멋졌어!<br>뭐, 내가 있으니 당연하지만"""
IncidentFailure#40,"""뭐, 기죽지 말고 다음으로 가자!"""
PSE#40,"""오, 뭔가 시작됐다!"""
PSELevelUp#40,"""계속 이어 가 보자!"""
PSEBurst#40,"""오오!<br>산타도 같이 나와라!"""
HP30#40,"""아직 쌩쌩해!"""
HP10#40,"""허, 허세 부리기도 힘들어…"""
ItemRare#40,"""그건 설마<br>산타가 준 선물!?"""
DamageSmall#40,"""아야!"""
DamageMiddle#40,"""히얏!"""
DamageLarge#40,"""아프다니까!"""
Trap#40,"""함정에 걸린 여자애라니<br>제법 자극적… 아니,<br>그게 아니라 살려 줘!"""
ThankTrapRescue#40,"""후, 고마워."""
TrapRescueOther#40,"""화려하게 구출 완료!"""
MemberDamaged#40,"""무리하면 안 돼!"""
MemberDead#40,"""용서 안 해!"""
AbilityExe#40,"""/toge 감이 살아났어!"""
AbilitySpecial#40,"""/toge 맡겨 둬!"""
Resurrect#40,"""후, 저승길이 보였어!"""
PartyJoin#40,"""/ci1 1 네네!\u3000힘낼게!"""
Marvelous#40,"""이야, 편하다, 편해."""
IncidentJsApcBegin#40,"""/ci2 2 사랑과 미소녀의 전사<br>산타 파티, 여기 등장!<br>착한 아이는 없느냐!"""
IncidentJsApcFailure#40,"""/ci4 2 산타 파티, 퇴장!<br>당했다!"""
IncidentJsApcSuccess#40,"""/ci2 2 역시 믿음직하다니까!<br>그럼 이 기세로 이번엔 꼭 산타를<br>붙잡자!\u3000기다려, 산타!"""
IncidentJsApcBeginEvo#40,"""/ci3 2 좋아, 이걸로 끝……이 아니야!?<br>설마……이게 선물!?"""
EnemyWeak#41,"""응?<br>별로 강해 보이지는 않을지도"""
EnemyLarge#41,"""으으, 힘들 것 같아……"""
EnemyBoss#41,"""보스 에너미네<br>조심해!"""
EnemyRare#41,"""엄청 희귀한 종이야……<br>운이 좋네"""
EnemyBoost#41,"""부스트 에너미인가?<br>주의하자"""
DestroyEnemy1#41,"""해치워 버렸어요."""
DestroyEnemy2#41,"""끝내 버렸어요."""
DestroyEnemy3#40,"""우아하게 성공!"""
CondFreeze#41,"""차갑네…"""
CondBurn#41,"""뜨거울지도…"""
CondShock#41,"""찌릿찌릿해…"""
CondPoison#41,"""속이 안 좋아…"""
CondPanic#41,"""빙글빙글 돌아서…<br>뭐지, 이거…"""
CondStan#41,"""힘이 쭉 빠졌어…"""
CondMirage#41,"""시야가 뭔가 이상해…"""
Die#41,"""언니…"""
ThankHeal#41,"""감사합니다!"""
ThankBuff#41,"""널 위해 힘낼게"""
ThankCure#41,"""도움이 됐습니다"""
DefeatEnemy#41,"""끝난… 건가?"""
LevelUp#41,"""강해지는 건 좋은 일이야."""
InvokeSkill1#40,"""이런 건<br>패티 언니 역할이야."""
TechFire#15,"""낭비는 싫어."""
TechIce#19,"""놓치지 않아."""
TechThunder#15,"""다 보이는데?"""
TechWind#15,"""여러 가지 할 수 있거든?"""
TechLight#16,"""테크닉이라면 맡겨."""
TechDark#15,"""끝내 줄게."""
PBFull#41,"""나도 화날 때는 화나니까."""
PBRelease#41,"""2번, 티아. 갑니다."""
TacticsFree#6,"""그럼 자유롭게 할게요."""
TacticsGuard#6,"""방어를 굳히고 빈틈을 노린다.<br>정석 전술이네."""
TacticsMassedAttack#6,"""한곳에 집중…<br>합리적이라고 생각해."""
TacticsAttack#6,"""내가 시선을 끌게요."""
Avoid#41,"""아쉽네"""
HealSelf#41,"""그렇게 쉽게 쓰러지진 않을 테니까."""
BuffSelf#41,"""보조도 잊지 않아요."""
HealOther#41,"""일찍 회복하는 걸 명심해."""
BuffOther#41,"""기운 내"""
QuestStart1#41,"""그럼 잘 부탁해."""
QuestEnd1#41,"""끝난 모양이야.<br>수고했어!"""
IncidentStart#41,"""침착하게 대처하자"""
IncidentSuccess#41,"""역시 대단해. 성공이야"""
IncidentFailure#41,"""실패해 버렸네.<br>다음엔 힘내자"""
PSE#41,"""포톤 활성화…?<br>시작된 모양이야."""
PSELevelUp#41,"""계속 더 이어 가 보자."""
PSEBurst#41,"""와, 대단해……!<br>왠지 예쁘네"""
HP30#41,"""아직 쌩쌩해요."""
HP10#41,"""조금… 힘들지도."""
ItemRare#41,"""레어 아이템이 나온 모양이야.<br>산타가 준 선물일지도"""
DamageSmall#41,"""큿"""
DamageMiddle#41,"""꺅"""
DamageLarge#41,"""아야!"""
Trap#41,"""큭… 이런 함정 따위에."""
ThankTrapRescue#41,"""살았어요."""
TrapRescueOther#41,"""괜찮으신가요?"""
MemberDamaged#41,"""괜찮으신가요?"""
MemberDead#41,"""원수는 갚을게"""
AbilityExe#41,"""/toge 상태가 좋은 것 같아"""
AbilitySpecial#41,"""/toge 내게 맡겨 줘"""
Resurrect#41,"""너무 방심했나."""
PartyJoin#41,"""/ci1 1 적당히 힘낼게."""
Marvelous#41,"""…정말 편하네."""
IncidentJsApcBegin#41,"""/ci2 2 산타와 파티를 찾다가<br>어느새 에너미들이……<br>죄송하지만 도와주세요!"""
IncidentJsApcFailure#41,"""/ci4 2 죄송해요, 실패해 버렸어요……"""
IncidentJsApcSuccess#41,"""/ci2 2 도와주셔서 감사합니다!<br>살았어요!"""
IncidentJsApcBeginEvo#41,"""/ci3 2 후우, 이걸로 끝일까……?<br>아니, 아직 더 오는 것 같아!"""
EnemyWeak#42,"""우리 상대가 아니군!"""
EnemyLarge#42,"""이런, 꽤 큰 녀석이군<br>하지만 우리라면!"""
EnemyBoss#42,"""힘이 전부는 아니야……<br>우리가 그걸 가르쳐 주자!"""
EnemyRare#42,"""보게나!<br>저건 희귀한 녀석이야!"""
EnemyBoost#42,"""상당히 의욕적인 것 같지만<br>우리의 유대를 이길 수 있을까?"""
DestroyEnemy1#42,"""아름다워!"""
DestroyEnemy2#42,"""잘했어!"""
DestroyEnemy3#41,"""믿고 있었어!"""
CondFreeze#42,"""몸은 얼어붙었지만<br>내 애정은 불타오르고 있어!"""
CondBurn#42,"""하하하, 엄청난 열기군……<br>마치 내 애정 같아!"""
CondShock#42,"""이 정도 감전으로는<br>우리의 유대를 막을 수 없어!"""
CondPoison#42,"""이 몸이 독에 당하더라도<br>사랑하는 아이들은 지켜 내겠어!"""
CondPanic#42,"""세상이 빙글빙글 돌지만<br>이 아이들이 있으니 문제없어!"""
CondStan#42,"""움직일 수 없더라도……<br>내 곁에는 이 아이가 있어!"""
CondMirage#42,"""후후, 환각이라니 소용없어……<br>원래 이 아이들밖에 안 보니까!"""
Die#42,"""내가 사랑하는 아이들……만은……!"""
ThankHeal#42,"""감사해!"""
ThankBuff#42,"""살았어!"""
ThankCure#42,"""후우, 진정됐어"""
DefeatEnemy#42,"""자, 나아가자!"""
LevelUp#42,"""/toge 든든하군, 마이 프렌드!"""
InvokeSkill1#41,"""맡길게, 내가 사랑하는 아이야!"""
InvokeSkill2#40,"""유대의 힘을 보여 줘!"""
InvokeSkill3#40,"""자, 끝내 버리자!"""
PBFull#42,"""자, 준비는 끝났어!"""
PBRelease#42,"""/toge 온 힘을 다한 앙상블을 들려주자!"""
TacticsFree#7,"""자유롭게 할게, 마이 프렌드!"""
TacticsGuard#7,"""지금은 버틸 때야, 마이 프렌드!"""
TacticsMassedAttack#7,"""집중 공격이군, 알겠어, 마이 프렌드!"""
TacticsAttack#7,"""미끼는 내게 맡겨!"""
Avoid#42,"""흥!"""
HealSelf#42,"""당할 수는 없지"""
BuffSelf#42,"""만반의 태세로 도전할까"""
HealOther#42,"""괜찮아?"""
BuffOther#42,"""방심은 금물이야"""
QuestStart1#42,"""자, 시작한다, 사랑하는 아이들아"""
QuestEnd1#42,"""해냈군, 마이 프렌드!<br>우리 유대의 승리야!"""
QuestEnd2#5,"""역시 대단해, 마이 프렌드!"""
IncidentStart#42,"""마이 프렌드, 뭔가 일어날 것 같아!"""
IncidentSuccess#42,"""이런, 놀라긴 했지만<br>어떻게든 해냈어!"""
IncidentFailure#42,"""……내 대응이 잘못됐어"""
PSE#42,"""내 아이들이 술렁이고 있어……<br>이건 PSE인가?"""
PSELevelUp#42,"""더욱 계속해 나가자"""
PSEBurst#42,"""보이니, 모두……<br>정말 아름다운 PSE 버스트야……!"""
HP30#42,"""이런 꼴사나운 모습으론<br>아이들에게 버림받겠어……"""
HP10#42,"""내가 사랑하는 아이들을 위해<br>아직 쓰러질 수는 없어!"""
ItemRare#42,"""오, 그거 좋은 물건이군!<br>축하해, 마이 프렌드!"""
DamageSmall#42,"""윽"""
DamageMiddle#42,"""제법이군"""
DamageLarge#42,"""이럴 수가!"""
Trap#42,"""이런!\u3000내 아이들만 보느라<br>함정을 못 봤어……!"""
ThankTrapRescue#42,"""살았어, 마이 프렌드!"""
TrapRescueOther#42,"""마이 프렌드!\u3000괜찮아?"""
MemberDamaged#42,"""물러나게, 마이 프렌드!"""
MemberDead#42,"""……감히 내 친구를!"""
AbilityExe#42,"""하하핫!\u3000나도 아이들도<br>텐션 최고!\u3000절호조야!"""
AbilitySpecial#42,"""지금이라면 뭐든 할 수 있어!"""
Resurrect#42,"""……후우, 걱정 끼쳤군, 마이 프렌드!"""
PartyJoin#42,"""/toge /ci2 1 잘 부탁해, 마이 프렌드!"""
Marvelous#42,"""/toge 우리도 질 수는 없지!"""
IncidentJsApcBegin#42,"""/ci2 2 메리 크리스마스, 마이 프렌드!<br>사랑하는 아이들과 성야를 즐기도록<br>힘을 빌려주지 않겠나?"""
IncidentJsApcFailure#42,"""/ci4 2 사랑하는 아이들을 더는 위험에<br>빠뜨릴 수는 없어...<br>미안하지만 먼저 후퇴하겠네."""
IncidentJsApcSuccess#42,"""/ci2 2 고맙네, 마이 프렌드!<br>이제 사랑하는 아이들과 성야를<br>마음껏 즐길 수 있겠군!"""
EnemyWeak#43,"""별것 아닌 상대야"""
EnemyLarge#43,"""커서 눈에 거슬리네"""
EnemyBoss#43,"""방심하지 않는 게 좋겠어"""
EnemyRare#43,"""어머, 희귀한 녀석이잖아"""
EnemyBoost#43,"""조금 성가신 게 왔네"""
DestroyEnemy1#43,"""방해야!"""
DestroyEnemy2#43,"""비켜!"""
DestroyEnemy3#42,"""다음!"""
CondFreeze#43,"""큭……얼어붙다니!"""
CondBurn#43,"""뜨거워……!"""
CondShock#43,"""큭, 감전되다니!"""
CondPoison#43,"""독이네……제법이잖아"""
CondPanic#43,"""큭, 시야가 흔들려……!"""
CondStan#43,"""움직이지 않아……!"""
CondMirage#43,"""시야를 빼앗다니……"""
Die#43,"""미안……해……"""
ThankHeal#43,"""빚은 갚을게"""
ThankBuff#43,"""현명한 판단이네"""
ThankCure#43,"""고맙다는 말은 해 둘게"""
DefeatEnemy#43,"""다음으로 가자"""
LevelUp#43,"""아직 더 강해질 생각이야?"""
InvokeSkill1#42,"""놓치지 않아"""
InvokeSkill2#41,"""이건 어때?"""
InvokeSkill3#41,"""끝낸다!"""
PBFull#43,"""모든 걸 꿰뚫고, 미친 듯 춤춰라……!"""
PBRelease#43,"""날 만난 불운을 한탄해"""
TacticsFree#8,"""알았어, 내 마음대로 할게"""
TacticsGuard#8,"""방어지, 맡겨 둬"""
TacticsMassedAttack#8,"""한곳에 집중하는 건가, 나쁘지 않네"""
TacticsAttack#8,"""자, 난 여기야"""
Avoid#43,"""느리다!"""
HealSelf#43,"""질 수 없다고"""
BuffSelf#43,"""봐주지 않을 거야"""
HealOther#43,"""너무 방심했어"""
BuffOther#43,"""보조, 잊은 거 아니야?"""
QuestStart1#43,"""……불렀으니 열심히 할게"""
QuestEnd1#43,"""끝난 것 같네"""
QuestEnd2#6,"""나쁘지 않았어, 편하기도 했고"""
IncidentStart#43,"""뭔가 올 것 같네<br>……정신 바짝 차려"""
IncidentSuccess#43,"""잘된 것 같네"""
IncidentFailure#43,"""……미안했어"""
PSE#43,"""포톤이 활성화되고 있어"""
PSELevelUp#43,"""더 계속할 거야"""
PSEBurst#43,"""이건……<br>상상 이상이네, 대단해"""
HP30#43,"""조금 너무 방심했나 봐"""
HP10#43,"""……위험하네"""
ItemRare#43,"""그거, 좋은 물건 아니야?"""
DamageSmall#43,"""큭!"""
DamageMiddle#43,"""큭……"""
DamageLarge#43,"""제법이잖아……!"""
Trap#43,"""함정 따위에 걸리다니……"""
ThankTrapRescue#43,"""오명은 씻겠어"""
TrapRescueOther#43,"""그냥 내버려 둘 수 없었을 뿐이야"""
MemberDamaged#43,"""무리해 봐야 좋을 것 없어<br>일단 물러나"""
MemberDead#43,"""이럴 수가……용서 못 해"""
AbilityExe#43,"""기세가 오르고 있어"""
AbilitySpecial#43,"""단숨에 가자, 아우로라!"""
Resurrect#43,"""아직 쉬기엔 이르니까"""
PartyJoin#43,"""/ci1 2 가자, 아우로라"""
Marvelous#43,"""정말……보통이 아니네"""
IncidentJsApcBegin#43,"""/ci2 2 아우로라가 졸라서 왔다가<br>귀찮은 일에 휘말렸어.<br>알았으면 얼른 도와주지 않을래?"""
IncidentJsApcFailure#43,"""/ci4 2  크윽, 더는 의미 없겠네……<br>여기선 물러날게."""
IncidentJsApcSuccess#43,"""/ci2 2 이 옷이 뭐 어쨌다고?<br>아우로라가 꼭 입으라고 해서...<br>왜, 뭐 불만이라도 있어!?"""
EnemyWeak#44,"""이 정도면 괜찮아"""
EnemyLarge#44,"""와, 크다!"""
EnemyBoss#44,"""강해 보여……그래도 안 져!"""
EnemyRare#44,"""와왓, 희귀종이다!"""
EnemyBoost#44,"""……정말 불길한 느낌의 적이야"""
WeatherChange#2,"""대기의 포톤이 술렁이는 건가?"""
DestroyEnemy1#44,"""응, 잘됐어!"""
DestroyEnemy2#44,"""좋아, 느낌 좋아!"""
DestroyEnemy3#43,"""해냈다!"""
CondFreeze#44,"""어, 얼어붙었어!?"""
CondBurn#44,"""뜨거, 뜨거워!"""
CondShock#44,"""모, 몸이 저려어어……!"""
CondPoison#44,"""으으……독인가, 속이 안 좋아……"""
CondPanic#44,"""어, 어, 어떡하지이이!<br>뭘 어떻게 해야 했더라!<br>보이는 대로 날려 버릴까?"""
CondStan#44,"""모, 몸을 마음대로 못 움직이겠어……!"""
CondMirage#44,"""뭔가 시야가 몽롱해……"""
Die#44,"""실패해 버렸어, 미안해……"""
ThankHeal#44,"""아……고마워"""
ThankBuff#44,"""후훗, 고마워"""
ThankCure#44,"""으으, 미안해, 고마워"""
DefeatEnemy#44,"""끝난 것 같네"""
LevelUp#44,"""앗, 축하해!"""
InvokeSkill1#43,"""전력으로, 간다!"""
InvokeSkill2#42,"""하아아아앗!"""
InvokeSkill3#42,"""이걸로 끝낼게!"""
TechFire#16,"""내가 할 수 있는 걸, 최선을 다해!"""
TechIce#20,"""지지 않을 거야!"""
TechThunder#16,"""봐주지 않을 거야!"""
TechWind#16,"""베어 버려!"""
TechLight#17,"""빛이여."""
TechDark#16,"""꿰뚫어!"""
PBFull#44,"""<%me>!<br>우리도 준비됐어!"""
PBRelease#44,"""난 이제……혼자가 아니니까!"""
TacticsFree#9,"""응, 알겠어!<br>자유롭게 움직여 볼게!"""
TacticsGuard#9,"""여긴 참아야 할 때란 거지<br>맡겨 줘, 기다리는 건 잘해!"""
TacticsMassedAttack#9,"""공격을 한곳에 집중하자……<br>응, 알겠어!"""
TacticsAttack#9,"""내가 미끼가 될 테니까<br>그 틈에 부탁해!"""
Avoid#44,"""얏!"""
HealSelf#44,"""회복, 회복!"""
BuffSelf#44,"""보조도 잊으면 안 되지"""
HealOther#44,"""괜찮아?<br>무리하지 마"""
BuffOther#44,"""아, 잠깐 기다려<br>보조도 걸어 줄게"""
QuestStart1#44,"""좋아, 힘낼게!"""
QuestStart2#4,"""너와 함께라면……응<br>분명 괜찮을 거야!"""
QuestEnd1#44,"""정말 든든했어!"""
QuestEnd2#7,"""정말 대단해!\u3000대단해!"""
IncidentStart#44,"""어, 뭐야, 무슨 일이 일어난 거야?"""
IncidentSuccess#44,"""다행이다, 어떻게든 해냈네"""
IncidentFailure#44,"""으으……미안해……<br>발목만 잡았어……"""
PSE#44,"""포톤의 느낌이 변했어……<br>PSE라는 건가?"""
PSELevelUp#44,"""계속 이어지는 것 같아!<br>더욱더 힘내자!"""
PSEBurst#44,"""와아……이게 PSE 버스트라는<br>거구나, 굉장해!"""
HP30#44,"""윽……아, 아직 멀었어<br>난 아직 괜찮아!"""
HP10#44,"""……으윽!<br>미안, 조금 위험할지도……"""
ItemRare#44,"""앗, 그거<br>희귀한 물건이지?"""
DamageSmall#44,"""아야!"""
DamageMiddle#44,"""아야!"""
DamageLarge#44,"""와와왓!"""
Trap#44,"""어, 어, 함정!?"""
ThankTrapRescue#44,"""미안해……<br>정말 큰 도움 됐어"""
TrapRescueOther#44,"""괜찮아?<br>함정은 조심해"""
MemberDamaged#44,"""무리하지 말고 물러나!<br>괜찮아, 나도 있으니까!"""
MemberDead#44,"""이럴 수가!<br>이렇게 될 줄은……!"""
AbilityExe#44,"""응, 힘낼 테니까!"""
AbilitySpecial#44,"""좋아, 힘내 볼까!"""
Resurrect#44,"""이번엔 힘낼게!"""
PartyJoin#44,"""/ci1 1 잘 부탁해!"""
Marvelous#44,"""대단해!\u3000나도 힘내야겠어!"""
IncidentJsApcBegin#44,"""/mn38 /ci2 2 아, 다행이다. 순록 모자를 쓴<br>클라리스 크레이스를 못 봤어?<br>...아니, 우선 싸워야지!"""
IncidentJsApcFailure#44,"""으으……미안해……<br>먼저 퇴각할게"""
IncidentJsApcSuccess#44,"""/mn37 /ci2 2 사실은 너와 함께 보내고 싶지만<br>같이 온 아이를 찾아야 해서……<br>그러니까, 메리 크리스마스!"""
IncidentJsApcBeginEvo#42,"""/mn37 /ci2 2 아직 더 오는 모양이네.<br>성야에 너와 함께 싸울 수 있다면<br>더 와도 괜찮을지도...?"""
IncidentJsApcSuccessEvo#0,"""/mn37 /ci2 2 사실은 너와 함께 보내고 싶지만<br>같이 온 아이를 찾아야 해서……<br>그러니까, 메리 크리스마스!"""
EnemyWeak#45,"""한꺼번에 날려 버리겠어!"""
EnemyLarge#45,"""크기 따윈 상관없어!<br>한꺼번에 날려 버린다!"""
EnemyBoss#45,"""강적이군!<br>나에게 맡겨 둬!"""
EnemyRare#45,"""응, 저 녀석……희귀한 놈이야!"""
EnemyBoost#45,"""이 기척……위험한 녀석이다.<br>무리하지 말고 연계하자!"""
DestroyEnemy1#45,"""제대로 들어갔다!"""
DestroyEnemy2#45,"""아름답지!"""
DestroyEnemy3#44,"""넋을 잃고 봐도 좋다고!"""
CondFreeze#45,"""차가워, 차갑다고!<br>이 녀석!"""
CondBurn#45,"""뜨거워!\u3000뜨겁다고!\u3000젠장!"""
CondShock#45,"""저리잖아!\u3000뭐야, 이건!"""
CondPoison#45,"""독인가… 으윽, 기분 나빠."""
CondPanic#45,"""혼란스러워도<br>전부 날려 버리면 문제없다!"""
CondStan#45,"""으, 움직일 수 없어… 뭐야, 이건!"""
CondMirage#45,"""시야가 이상하다고!<br>뭐야, 이건!"""
Die#45,"""아직 모두 싸우고 있는데……나는……"""
ThankHeal#45,"""고마워, 살았어!"""
ThankBuff#45,"""고마워, 감사한다!"""
ThankCure#45,"""오, 기분 상쾌한데!"""
DefeatEnemy#45,"""후훗, 이걸로 끝이군!"""
LevelUp#45,"""흥, 난 더 강하다!"""
TechFire#17,"""전부 한꺼번에 불태워 주마!"""
PBFull#45,"""그 정도로 해 둬라, 네놈!"""
PBRelease#45,"""난 지지 않아!<br>내가 지닌 이 이름을 걸고!"""
TacticsFree#10,"""그럼 난 자유롭게 하겠다!"""
TacticsGuard#10,"""에이, 방어만 하는 건 재미없어…"""
TacticsMassedAttack#10,"""집중적으로, 집요하게, 불태워 주마!"""
Avoid#45,"""훤히 보인다!"""
HealSelf#45,"""단숨에 회복이다!"""
BuffSelf#45,"""보조도 할 수 있다고!"""
HealOther#45,"""네놈, 회복을 잊어서 어쩌려고!"""
BuffOther#45,"""네놈, 보조를 잊지 마라!"""
QuestStart1#45,"""좋아, 간다. 따라와라!"""
QuestStart2#5,"""네놈이 꼭 부탁한다고 해서다!"""
QuestEnd1#45,"""흐흥, 이 정도는 평범하다."""
QuestEnd2#8,"""뭐, 움직이기 편했다는 건<br>인정해 주마!"""
IncidentStart#45,"""…응?<br>뭔가 일어나는 건가?"""
IncidentSuccess#45,"""대성공이지!"""
IncidentFailure#45,"""에이…"""
PSE#45,"""오오, 뭐야 이건!<br>포톤이 술렁이고 있다고!"""
PSELevelUp#45,"""왠지 두근거리기 시작했다!<br>자, 더 이어 가자!"""
PSEBurst#45,"""오오, 이건 굉장하군!<br>소문 이상인 상태다!"""
HP30#45,"""나중에 배로 갚아 주마!"""
HP10#45,"""…이 내가, 이렇게!"""
ItemRare#45,"""원하는 만큼 가져가라!"""
DamageSmall#45,"""아야!"""
DamageMiddle#45,"""으윽"""
DamageLarge#45,"""으으윽……!"""
Trap#45,"""함정?\u3000치사하잖아, 뭐야 그건!"""
ThankTrapRescue#45,"""미안하다, 덕분에 살았다!"""
TrapRescueOther#45,"""함정을 조심해!"""
MemberDamaged#45,"""나한테 맡기고 물러나라!"""
MemberDead#45,"""…용서하지 않겠다, 절대로!"""
AbilityExe#45,"""/toge 흐흥, 절호조다!"""
AbilitySpecial#45,"""/toge 좋아, 내가 하겠다!"""
Resurrect#45,"""……나에게도 지키고 싶은 게 생겼어!"""
PartyJoin#45,"""/ci1 1 네놈이 꼭 부탁한다고 해서다!"""
Marvelous#45,"""흥, 제법 움직이잖아."""
IncidentJsApcBegin#45,"""/mn38 /ci2 2 휴이!\u3000선대!\u3000어디 갔어?<br>오, 네놈인가!\u3000마침 잘 왔다!<br>이 녀석들을 쓰러뜨리게 도와라!"""
IncidentJsApcFailure#45,"""/mn10  큭……한심하군……<br>미안하다, 난 물러나겠다."""
IncidentJsApcSuccess#45,"""/mn37 /ci2 2 이 모습이 신경 쓰이나?<br>성야의 수호수, 순록 아저씨다!<br>모두의 성야는 내가 지킨다!\u3000또 보자!"""
EnemyWeak#46,"""이런 녀석들은<br>실력의 10%도 필요 없어"""
EnemyLarge#46,"""덩치만 클 뿐이잖아!"""
EnemyBoss#46,"""꽤 상대할 맛이 나겠네.<br>가끔은 50% 정도로<br>상대해 줄까!"""
EnemyRare#46,"""저건 100% 보기 드문 녀석이야!"""
EnemyBoost#46,"""부스트 에너미네.<br>110% 정도 강한 녀석인가?"""
DestroyEnemy1#46,"""별것도 아니네"""
DestroyEnemy2#46,"""자, 정리됐어!"""
DestroyEnemy3#45,"""이걸로 100% 끝이야!"""
CondFreeze#46,"""거짓말!?\u3000차가워……!"""
CondBurn#46,"""잠깐, 왜 불타는 거야!?<br>이런 건 계산에 없었다고!"""
CondShock#46,"""꺅!?\u3000저, 저려서……"""
CondPoison#46,"""으윽, 기분 나빠……<br>왜 내가 이런 꼴을……"""
CondPanic#46,"""이 내가 혼란에 빠질<br>리가 없잖아!<br>1 더하기 1은 당연히 5지!"""
CondStan#46,"""으으, 움직일 수 없어!"""
CondMirage#46,"""눈앞이 흐려서 안 보여!"""
Die#46,"""이런 결말……<br>100% 있을 수 없어……!"""
ThankHeal#46,"""고, 고마워……"""
ThankBuff#46,"""제법 센스 있잖아!"""
ThankCure#46,"""살았어!"""
DefeatEnemy#46,"""뭐, 이 정도는 여유랄까?"""
LevelUp#46,"""120% 강해졌단 뜻이야?"""
InvokeSkill1#44,"""내 적수가 아니야!"""
InvokeSkill2#43,"""100% 날아가 버려!"""
InvokeSkill3#43,"""200%로 맞서 주겠어!"""
TechFire#18,"""간다!"""
TechIce#21,"""부서져라!"""
TechThunder#17,"""터져라!"""
TechWind#17,"""날아가!"""
TechLight#18,"""사라져!"""
TechDark#17,"""가라앉아!"""
PBFull#46,"""각오는 됐어?"""
PBRelease#46,"""여기까지 전부 100%, 계산대로야!"""
Avoid#46,"""안 맞는다니까!"""
HealSelf#46,"""후우, 계산이 어긋날 뻔했네"""
BuffSelf#46,"""후훗. 이걸로 빈틈은 없어!"""
HealOther#46,"""회복했으면 바로 움직여!"""
BuffOther#46,"""내가 이만큼 해 줬으니<br>그에 맞는 결과를 보여 줘!"""
QuestStart1#46,"""그럼 시작할게!"""
QuestEnd1#46,"""뭐, 내가 함께하니까<br>이 정도는 당연하지"""
IncidentStart#46,"""예상 범위 안이야"""
IncidentSuccess#46,"""해냈네!"""
IncidentFailure#46,"""잠깐, 제대로 하라고!"""
PSE#46,"""이게 뭐지?\u3000이상한 감각……"""
PSELevelUp#46,"""아직 더 이어 갈 수 있겠네"""
PSEBurst#46,"""왔다, 왔어!<br>파티 시작이야!"""
HP30#46,"""나보다<br>네 걱정부터 하는 게 낫지 않아?"""
HP10#46,"""90% 위험할지도……"""
ItemRare#46,"""앗, 보기 드문 게 나왔어?<br>초콜릿 재료로 쓰자!"""
DamageSmall#46,"""아파"""
DamageMiddle#46,"""아프다니까!"""
DamageLarge#46,"""내가 밀리고 있어……!"""
Trap#46,"""함정이라니, 치사한 수를 쓰네……"""
ThankTrapRescue#46,"""좀 더 빨리 구하라니까!<br>농담이야. 고마워"""
TrapRescueOther#46,"""정말, 뭐 하는 거야!"""
MemberDamaged#46,"""조심해!"""
MemberDead#46,"""이럴 수가……<br>거짓말이지……?"""
AbilityExe#46,"""기합이 들어가기 시작했어!<br>각오하고 덤벼!"""
AbilitySpecial#46,"""지금이라면 120% 힘을 낼 수 있겠어!"""
Resurrect#46,"""100%……용서하지 않을 거야!"""
PartyJoin#46,"""/ci2 4 내가 있으면 180% 괜찮아!"""
Marvelous#46,"""질 수 없지!"""
IncidentJsApcBegin#46,"""/ci2 2 자, 얼른 정리하자!"""
IncidentJsApcFailure#46,"""잠깐!<br>발목 잡지 말라고!"""
IncidentJsApcSuccess#46,"""/ci2 1 제법이잖아.<br>30% 정도는 인정해 줄게"""
IncidentJsApcBeginEvo#43,"""/ci2 2 100% 다음이 올 것 같은 느낌이야.<br>내 계산은 틀림없어!"""
EnemyWeak#47,"""……방해될 뿐이야. 쓸어 버릴게"""
EnemyLarge#47,"""……크네, 하지만 그뿐이야"""
EnemyBoss#47,"""……조금 조심하는 게 좋겠어"""
EnemyRare#47,"""……보기 드문 적. 잘 관찰하자"""
EnemyBoost#47,"""……저 적은 위험해. 조심해"""
DestroyEnemy1#47,"""……이 정도는 여유로워"""
DestroyEnemy2#47,"""……자, 정리 끝이야"""
DestroyEnemy3#46,"""……내 동화에서 벗어날 순 없어"""
CondFreeze#47,"""……몸이 얼어붙으면 이렇게 되는구나.<br>메모……하고 싶은데 손이 안 움직여……"""
CondBurn#47,"""……뜨거워, 메모가 타 버려"""
CondShock#47,"""……몸에 전류가 흘러, 으응!"""
CondPoison#47,"""……이게 독이 퍼지는 경험.<br>기분 나쁘네, 메모 메모……"""
CondPanic#47,"""……나, 전혀 혼란스럽지 않은걸"""
CondStan#47,"""……움직일 수 없어. 큰 위기야"""
CondMirage#47,"""……시야 이상. 흐릿해.<br>이 경험을 메모하고……<br>쓴 글자가 삐뚤어지네"""
Die#47,"""……경험이야말로 최고의 창작이니까……"""
ThankHeal#47,"""……회복, 고마워"""
ThankBuff#47,"""……보조는 중요해. 살았어"""
ThankCure#47,"""……나았어. 고마워"""
DefeatEnemy#47,"""……전부 쓰러뜨린 것 같아"""
LevelUp#47,"""……주인공을 너무 강하게 만들었나?"""
InvokeSkill1#45,"""……거기. 놓치지 않아"""
InvokeSkill2#44,"""……이건, 어때?"""
InvokeSkill3#44,"""……네 이야기는 여기서 연재 중단이야"""
TechFire#19,"""……터져라, 불꽃"""
TechIce#22,"""……얼어붙어라, 얼음"""
TechThunder#18,"""……울려 퍼져라, 번개"""
TechWind#18,"""……휘몰아쳐라, 바람"""
TechLight#19,"""……꿰뚫어라, 빛"""
TechDark#18,"""……물들여라, 어둠"""
PBFull#47,"""……준비 완료"""
PBRelease#47,"""……창작 의욕이 꺾이니까, 사라져"""
Avoid#47,"""……앞이 읽히는 전개네"""
HealSelf#47,"""……아쉽게 됐네"""
BuffSelf#47,"""……이건 다음 공격을 위한 복선"""
HealOther#47,"""……회복해 뒀으니까"""
BuffOther#47,"""……자. 강해졌어"""
QuestStart1#47,"""……새로운 이야기가 지금 시작돼"""
QuestEnd1#47,"""……좋은 글이 써질 것 같아"""
IncidentStart#47,"""……이게 이야기라면<br>이제 무슨 일이 생길 때인데……<br>아, 정말 왔네"""
IncidentSuccess#47,"""……훌륭해"""
IncidentFailure#47,"""……실패는 성공의 어머니. 다음이 있어"""
PSE#47,"""……왠지 이상한 감각"""
PSELevelUp#47,"""……계속될 것 같아"""
PSEBurst#47,"""……대단해. 이 경험, 메모해야 해"""
HP30#47,"""……이 정도로<br>내 창작을 멈출 순 없어"""
HP10#47,"""……아직 창작을 멈출 순……"""
ItemRare#47,"""……그걸 초콜릿 재료로 쓴다거나<br>쿠우라면 정말 그럴 것 같네……"""
DamageSmall#47,"""큿"""
DamageMiddle#47,"""……방해하지 마"""
DamageLarge#47,"""……생생한 아픔"""
Trap#47,"""……여기서 함정이라, 고전적이네"""
ThankTrapRescue#47,"""……조금 더 경험해도 괜찮았지만<br>도와줘서 고마워"""
TrapRescueOther#47,"""……조금 더 관찰하고 싶었을지도"""
MemberDamaged#47,"""……방심하고 있어?"""
MemberDead#47,"""……용납할 수 없는 결말이야"""
AbilityExe#47,"""……상태 좋아. 몸이 가벼워.<br>기분이 오르기 시작했어"""
AbilitySpecial#47,"""……지금이라면 대단한 작품을 쓸 것 같아"""
Resurrect#47,"""……재미있는 꿈을 꾸고 있었는데"""
PartyJoin#47,"""/ci2 2 ……너와 함께 엮어 갈 이야기, 기대돼"""
Marvelous#47,"""……창작 의욕이 솟아나네.<br>질 수 없지"""
IncidentJsApcBegin#47,"""/ci1 3 ……어제의 적은 오늘의 친구.<br>이 정석적인 느낌, 싫지 않아"""
IncidentJsApcFailure#47,"""……어라, 잘 안 됐어.<br>뭐, 누구나 상태가 안 좋을 때는 있어"""
IncidentJsApcSuccess#47,"""/ci2 3 ……역시 대단해. 이견 없어.<br>이야기라면 조금 고전하는 편이<br>재미있었을지도?"""
IncidentJsApcBeginEvo#44,"""/ci5 2 ……이걸로 끝.<br>이라고 하긴 어려운 모양이네"""
EnemyWeak#48,"""이 정도면 괜찮아"""
EnemyLarge#48,"""와, 크다!"""
EnemyBoss#48,"""강해 보여……그래도 안 져!"""
EnemyRare#48,"""와왓, 희귀종이다!"""
EnemyBoost#48,"""……정말 불길한 느낌의 적이야"""
WeatherChange#3,"""대기의 포톤이 술렁이는 건가?"""
DestroyEnemy1#48,"""응, 잘됐어!"""
DestroyEnemy2#48,"""좋아, 느낌 좋아!"""
DestroyEnemy3#47,"""해냈다!"""
CondFreeze#48,"""어, 얼어붙었어!?"""
CondBurn#48,"""뜨거, 뜨거워!"""
CondShock#48,"""모, 몸이 저려어어……!"""
CondPoison#48,"""으으……독인가, 속이 안 좋아……"""
CondPanic#48,"""어, 어, 어떡하지이이!<br>뭘 어떻게 해야 했더라!<br>보이는 대로 날려 버릴까?"""
CondStan#48,"""모, 몸을 마음대로 못 움직이겠어……!"""
CondMirage#48,"""뭔가 시야가 몽롱해……"""
Die#48,"""실패해 버렸어, 미안해……"""
ThankHeal#48,"""아……고마워"""
ThankBuff#48,"""후훗, 고마워"""
ThankCure#48,"""으으, 미안해, 고마워"""
DefeatEnemy#48,"""끝난 것 같네"""
LevelUp#48,"""앗, 축하해!"""
InvokeSkill1#46,"""전력으로, 간다!"""
InvokeSkill2#45,"""하아아아앗!"""
InvokeSkill3#45,"""이걸로 끝낼게!"""
TechFire#20,"""내가 할 수 있는 걸, 최선을 다해!"""
TechIce#23,"""지지 않을 거야!"""
TechThunder#19,"""봐주지 않을 거야!"""
TechWind#19,"""베어 버려!"""
TechLight#20,"""빛이여."""
TechDark#19,"""꿰뚫어!"""
PBFull#48,"""<%me>!<br>우리도 준비됐어!"""
PBRelease#48,"""난 이제……혼자가 아니니까!"""
TacticsFree#11,"""응, 알겠어!<br>자유롭게 움직여 볼게!"""
TacticsGuard#11,"""여긴 참아야 할 때란 거지<br>맡겨 줘, 기다리는 건 잘해!"""
TacticsMassedAttack#11,"""공격을 한곳에 집중하자……<br>응, 알겠어!"""
TacticsAttack#10,"""내가 미끼가 될 테니까<br>그 틈에 부탁해!"""
Avoid#48,"""얏!"""
HealSelf#48,"""회복, 회복!"""
BuffSelf#48,"""보조도 잊으면 안 되지"""
HealOther#48,"""괜찮아?<br>무리하지 마"""
BuffOther#48,"""아, 잠깐 기다려<br>보조도 걸어 줄게"""
QuestStart1#48,"""좋아, 힘낼게!"""
QuestStart2#6,"""너와 함께라면……응<br>분명 괜찮을 거야!"""
QuestEnd1#48,"""정말 든든했어!"""
QuestEnd2#9,"""정말 대단해!\u3000대단해!"""
IncidentStart#48,"""어, 뭐야, 무슨 일이 일어난 거야?"""
IncidentSuccess#48,"""다행이다, 어떻게든 해냈네"""
IncidentFailure#48,"""으으……미안해……<br>발목만 잡았어……"""
PSE#48,"""포톤의 느낌이 변했어……<br>PSE라는 건가?"""
PSELevelUp#48,"""계속 이어지는 것 같아!<br>더욱더 힘내자!"""
PSEBurst#48,"""와아……이게 PSE 버스트라는<br>거구나, 굉장해!"""
HP30#48,"""윽……아, 아직 멀었어<br>난 아직 괜찮아!"""
HP10#48,"""……으윽!<br>미안, 조금 위험할지도……"""
ItemRare#48,"""앗, 그거<br>희귀한 물건이지?"""
DamageSmall#48,"""아야!"""
DamageMiddle#48,"""아야!"""
DamageLarge#48,"""와와왓!"""
Trap#48,"""어, 어, 함정!?"""
ThankTrapRescue#48,"""미안해……<br>정말 큰 도움 됐어"""
TrapRescueOther#48,"""괜찮아?<br>함정은 조심해"""
MemberDamaged#48,"""무리하지 말고 물러나!<br>괜찮아, 나도 있으니까!"""
MemberDead#48,"""이럴 수가!<br>이렇게 될 줄은……!"""
AbilityExe#48,"""응, 힘낼 테니까!"""
AbilitySpecial#48,"""좋아, 힘내 볼까!"""
Resurrect#48,"""이번엔 힘낼게!"""
PartyJoin#48,"""/ci1 1 잘 부탁해!"""
Marvelous#48,"""대단해!\u3000나도 힘내야겠어!"""
IncidentJsApcBegin#48,"""/ci1 1 아, <%me>!<br>이 아이, 조금 말썽꾸러기야!<br>도와줄 수 있을까?"""
IncidentJsApcFailure#48,"""/mn1 으으, 실패해 버렸어……<br>모처럼 도와줬는데……"""
IncidentJsApcSuccess#48,"""/ci1 2 도와줘서 고마워!<br>이거, 초콜릿을 만들어 봤는데……<br>답례로 받아 주면 기쁠 것 같아."""
IncidentJsApcBeginEvo#45,"""/mn4 미안, 해……"""
EnemyWeak#49,"""어떤 상대라도 방심하지 않아요!"""
EnemyLarge#49,"""상대로 부족함은 없습니다!"""
EnemyBoss#49,"""이런 상대를 이겨야 가치가 있죠!"""
EnemyRare#49,"""응?\u3000어라?<br>엄청 보기 드문 녀석 아닌가요……?"""
EnemyBoost#49,"""……이 기운, 위험합니다!"""
DestroyEnemy1#49,"""다음!"""
DestroyEnemy2#49,"""한 건 해결했습니다!"""
DestroyEnemy3#48,"""아직 더 할 수 있어요!"""
CondFreeze#49,"""머리도 조금 식히겠습니다!"""
CondBurn#49,"""후후후, 불타오릅니다!<br>그런데 정말 불타고 있어요!"""
CondShock#49,"""적당한 저림은<br>몸에도 좋다고 들었어요!<br>……이건 다르지만요"""
CondPoison#49,"""이독제독!<br>……그런 능력은 없지만요"""
CondPanic#49,"""괜찮아요, 혼란해도 압니다!<br>말하는 건 전부 적이에요!"""
CondStan#49,"""몸이 안 움직여……!?<br>쉬라는 뜻일까요!"""
CondMirage#49,"""시야를 봉쇄당해도……!<br>기척을 때리면 어떻게든 됩니다!"""
Die#49,"""이래서는<br>그분의 등을 따라잡을 수 없어……"""
ThankHeal#49,"""황송합니다!"""
ThankBuff#49,"""감사합니다!"""
ThankCure#49,"""번거롭게 해 드려 죄송해요!"""
DefeatEnemy#49,"""자, 다음으로 가시죠!"""
LevelUp#49,"""뒤처지지 않도록 힘내겠습니다!"""
InvokeSkill1#47,"""일의전심!"""
InvokeSkill2#46,"""단숨에 몰아붙이겠습니다!"""
InvokeSkill3#46,"""언제나 전력입니다!"""
TechFire#21,"""폭염!"""
TechIce#24,"""빙아!"""
TechThunder#20,"""신뢰!"""
TechWind#20,"""질풍!"""
TechLight#21,"""광창!"""
TechDark#20,"""암탄!"""
PBFull#49,"""봐주는 건 못 합니다!<br>전 언제나 전력이니까요!"""
PBRelease#49,"""그분을 따라잡을 때까지……<br>전 멈추지 않습니다!"""
Avoid#49,"""흥!"""
HealSelf#49,"""빈틈은 보이지 않아요!"""
BuffSelf#49,"""방심하지 않아요!"""
HealOther#49,"""회복하겠습니다!"""
BuffOther#49,"""엄호하겠습니다!"""
QuestStart1#49,"""히어로 클래스의 전투법을<br>보여 드리겠습니다!"""
QuestEnd1#49,"""이렇게, 이렇게……인가?<br>그보다 먼저, 수고하셨습니다!"""
IncidentStart#49,"""무슨 일이 생길 듯한 기척입니다……!"""
IncidentSuccess#49,"""역시 대단합니다!<br>잘 해냈네요!"""
IncidentFailure#49,"""이, 이럴 리가<br>없었는데요……"""
PSE#49,"""포톤이 술렁이는 건가……?<br>조심해서 가시죠!"""
PSELevelUp#49,"""계속 이어 가자!"""
PSEBurst#49,"""이것이, PSE 버스트군요!"""
HP30#49,"""밀리고 있습니다……!"""
HP10#49,"""사지에서 활로를……!"""
ItemRare#49,"""앗, 레어 아이템이네요!"""
DamageSmall#49,"""아얏!"""
DamageMiddle#49,"""크윽!"""
DamageLarge#49,"""아직……포기하지 않아요!"""
Trap#49,"""함정!?\u3000이런 곳에!?"""
ThankTrapRescue#49,"""살았습니다……황송합니다!"""
TrapRescueOther#49,"""괜찮으세요!?"""
MemberDamaged#49,"""무리하지 말고 물러나세요!"""
MemberDead#49,"""……동료조차 지키지 못하는<br>제 한심함이 가장 용서가 안 돼요!"""
AbilityExe#49,"""좋아, 감이 살아났어요!"""
AbilitySpecial#49,"""지금이라면 뭐든 할 수 있습니다!"""
Resurrect#49,"""이루고 싶은 목표가 있어요!<br>그러니 쉴 수 없습니다!"""
PartyJoin#49,"""/ci2 2 전투부 소속, 스트라토스!<br>등장했습니다!"""
Marvelous#49,"""움직임을 눈에 새기고 있습니다!"""
IncidentJsApcBegin#49,"""/mn9 /ci1 2 이 환창종, 폭주하는 건가……?<br>아니, 신경 쓸 때가 아니군요!<br>신속히 진압하겠습니다!"""
IncidentJsApcFailure#49,"""/mn2 죄송합니다.<br>너무 방심한 것 같아요……"""
IncidentJsApcSuccess#49,"""/mn17 /ci2 1 도와주셔서 황송합니다!<br>답례로 초콜릿을 드리는 모양이니<br>이걸 받으세요!\u3000그럼 실례하겠습니다!"""
EnemyWeak#50,"""한꺼번에 쓸어 버린다!"""
EnemyLarge#50,"""덩치만 큰 녀석 따위!"""
EnemyBoss#50,"""아무리 강대한 상대라도<br>난 절대 포기하지 않아!"""
EnemyRare#50,"""저거, 희귀한 녀석이지!"""
EnemyBoost#50,"""정말 불길한 기운이야……<br>내가 정화하겠어!"""
DestroyEnemy1#50,"""다음!"""
DestroyEnemy2#50,"""이 정도론 멈추지 않아!"""
DestroyEnemy3#49,"""고마워, 아메노무라쿠모!"""
CondFreeze#50,"""차, 차가워!\u3000잠깐, 이게 뭐야!"""
CondBurn#50,"""부, 불타고 있어!?\u3000불 꺼, 불 꺼!"""
CondShock#50,"""저, 저려어어어……!"""
CondPoison#50,"""도, 독……?\u3000기분 나빠……"""
CondPanic#50,"""아하하하!<br>저기가 여기고 여기가 어디지?"""
CondStan#50,"""모, 몸이 안 움직여……!"""
CondMirage#50,"""누, 눈이……번쩍거려서……!"""
Die#50,"""실수했어……모두 미안해……!"""
ThankHeal#50,"""고마워!"""
ThankBuff#50,"""살았어!"""
ThankCure#50,"""후우, 진정됐어."""
DefeatEnemy#50,"""자, 다음 장소로 가자!"""
LevelUp#50,"""질 수 없지!"""
InvokeSkill1#48,"""망설임을 끊어 낸다!"""
InvokeSkill2#47,"""나와 아메노무라쿠모라면!"""
InvokeSkill3#47,"""일섬!"""
PBFull#50,"""난 이제 자신을 속이지 않아!"""
PBRelease#50,"""이것이 나의……선택이다!"""
Avoid#50,"""흥!"""
HealSelf#50,"""회복은 제대로 해야지"""
BuffSelf#50,"""봐주기도, 사정도 일절 없어!"""
HealOther#50,"""괜찮아?\u3000회복할게!"""
BuffOther#50,"""만전의 상태로 맞서자!"""
QuestStart1#50,"""가자, 아메노무라쿠모"""
QuestEnd1#50,"""제법 잘된 것 같아?"""
IncidentStart#50,"""이 기척……뭔가 올 것 같아!"""
IncidentSuccess#50,"""좋아, 잘됐네!"""
IncidentFailure#50,"""으음……안 됐나"""
PSE#50,"""이 느낌……PSE 아니야?"""
PSELevelUp#50,"""계속 가자!"""
PSEBurst#50,"""우와, 예뻐……!<br>이게 PSE 버스트구나……"""
HP30#50,"""이 정도론 꺾이지 않아!"""
HP10#50,"""아직 난 포기하지 않아!"""
ItemRare#50,"""레어 드롭이다, 좋겠다!"""
DamageSmall#50,"""큭!"""
DamageMiddle#50,"""아직 멀었어!"""
DamageLarge#50,"""위험한가……!"""
Trap#50,"""헉, 함정!?"""
ThankTrapRescue#50,"""살았다, 고마워!"""
TrapRescueOther#50,"""함정이라니 고전적이네……!<br>금방 도와줄게!"""
MemberDamaged#50,"""무리하지 마!"""
MemberDead#50,"""……지키지 못했지만<br>아직 끝이 아니야!"""
AbilityExe#50,"""힘이 넘쳐흘러……<br>이건 에테르?\u3000포톤?"""
AbilitySpecial#50,"""지금이라면 뭐든 일도양단!<br>농담이야!"""
Resurrect#50,"""……쉬고 있을 때가 아니라니까!"""
PartyJoin#50,"""/ci2 1 좋아, 힘내 볼까."""
Marvelous#50,"""여전하네!"""
EnemyWeak#51,"""이 정도 상대는<br>얼른 해치우죠!"""
EnemyLarge#51,"""우와……조금 클지도……"""
EnemyBoss#51,"""가, 강해 보여……<br>그래도 어떻게든 되겠죠!"""
EnemyRare#51,"""앗, 보세요!<br>희귀한 게 있어요!"""
EnemyBoost#51,"""뭔가 위험해 보이는 분위기가<br>엄청나게 느껴지는데요……"""
DestroyEnemy1#51,"""잘됐나요?"""
DestroyEnemy2#51,"""해냈다!\u3000해냈다!"""
DestroyEnemy3#50,"""후우, 어떻게든!"""
CondFreeze#51,"""코오리가 꽁꽁 얼었어……<br>아니, 이럴 때가 아니지!"""
CondBurn#51,"""코오리가 불타고 있다니……<br>아니, 아니, 도와주세요!"""
CondShock#51,"""모모모몸이이이이<br>저저저저려어어어……!"""
CondPoison#51,"""으으……독은 아픈 걸 떠나서<br>일단 기분 나빠……!"""
CondPanic#51,"""뭔가 엄청<br>빙글빙글 몽글몽글해"""
CondStan#51,"""모, 몸이 안 움직여……?<br>앗!\u3000이거 정말 위험한 상황이야!"""
CondMirage#51,"""와아, 알 군이 잔뜩 보여……!<br>꿈만 같아……그런데 이거<br>정상은 아니란 거지!"""
Die#51,"""아우……당해 버렸어……"""
ThankHeal#51,"""앗, 감사합니다!"""
ThankBuff#51,"""왠지 힘이 솟아나요!"""
ThankCure#51,"""후우, 기분 상쾌해!"""
DefeatEnemy#51,"""대충 다 쓰러뜨린 것 같나요?"""
LevelUp#51,"""엣, 아직 더 강해지는 건가요!"""
InvokeSkill1#49,"""싹둑!"""
InvokeSkill2#48,"""와와왓!"""
InvokeSkill3#48,"""싹 베어 버릴게!"""
TechIce#25,"""얼어 버려!"""
PBFull#51,"""좋아, 비장의 수단 같은 걸<br>써 버릴게!"""
PBRelease#51,"""에잇, 이젠 될 대로 돼라!"""
Avoid#51,"""네!"""
HealSelf#51,"""이 틈에 바로 회복!"""
BuffSelf#51,"""만전의 상태로 맞서겠어!"""
HealOther#51,"""틈을 찾아 회복할게요!"""
BuffOther#51,"""이런 것도 있어요!"""
QuestStart1#51,"""발목 잡지 마, 발목 잡지 마<br>발목 잡지 마……좋아!"""
QuestEnd1#51,"""힘낸 보람이 있을지도!"""
IncidentStart#51,"""음, 뭔가 이상한 분위기……<br>이거, 무슨 일 생기는 거죠?"""
IncidentSuccess#51,"""잘돼서 다행이다……!"""
IncidentFailure#51,"""……이거 실패네요.<br>뭐, 뭐, 기분 전환하죠!"""
PSE#51,"""뭔가 세상이 술렁술렁<br>하지 않나요?\u3000그렇죠?"""
PSELevelUp#51,"""오오오!\u3000술렁임이 커지고 있어요!"""
PSEBurst#51,"""우와, 정말 예뻐……<br>그런데 이게 뭐죠?"""
HP30#51,"""으으, 흔히 말하는 위기일지도……"""
HP10#51,"""이, 이건 너무하잖아요!"""
ItemRare#51,"""앗, 그거 알아요!<br>레어 아이템이죠, 좋겠다!"""
DamageSmall#51,"""아파!"""
DamageMiddle#51,"""꺄악!"""
DamageLarge#51,"""너무해!"""
Trap#51,"""어라……혹시 나<br>함정에 걸린 건가……?"""
ThankTrapRescue#51,"""사, 살았다……"""
TrapRescueOther#51,"""괜찮아요? 지금 도와줄게요!"""
MemberDamaged#51,"""무리는 금물!"""
MemberDead#51,"""……아, 저질렀네.<br>그람은 분노의 검이라고?"""
AbilityExe#51,"""왠지 나, 절호조일지도!"""
AbilitySpecial#51,"""지금이라면 뭐든 잘 풀릴 것<br>같기도 해!"""
Resurrect#51,"""……조금만 더,<br>힘내 볼까……<br>싶기도 하고."""
PartyJoin#51,"""/ci2 1 잘 부탁드립니다"""
Marvelous#51,"""우와……대단하다……"""
EnemyWeak#52,"""어떤 적이더라도<br>백성의 평안을 위해 지지 않겠습니다!"""
EnemyLarge#52,"""적이 아무리 크더라도<br>백성을 위해 물러설 수는 없습니다!"""
EnemyBoss#52,"""아무래도 강적인 듯하군요……<br>마음을 다잡고 가시죠!"""
EnemyRare#52,"""보기 드문 적이네요……<br>주의해서 가시죠"""
EnemyBoost#52,"""이 적……<br>무척 불길한 느낌이 듭니다."""
DestroyEnemy1#52,"""그렇게는 못 합니다!"""
DestroyEnemy2#52,"""저도 조금은 싸울 줄 압니다!"""
DestroyEnemy3#51,"""백성에게 해를 끼치는 자는<br>누구든 용서하지 않겠습니다!"""
CondFreeze#52,"""크윽, 얼어붙어 움직일 수가……"""
CondBurn#52,"""이 몸이 불타더라도<br>백성을 위해서라면……!"""
CondShock#52,"""으윽, 저, 저려서……!"""
CondPoison#52,"""독이 퍼져서……<br>하지만 이 정도로 쓰러질 수는……"""
CondPanic#52,"""혼란에 빠지면 모두를<br>불안하게 만들고 말아요……!"""
CondStan#52,"""우, 움직일 수 없게 됐습니다……"""
CondMirage#52,"""시야가……!<br>하지만 우리가 나아갈 내일은<br>보지 않아도 마음에 새겨져 있습니다!"""
Die#52,"""저는……여기서 죽을 수 없습니다……"""
ThankHeal#52,"""상처가 아물어 가요……!<br>살았습니다!"""
ThankBuff#52,"""도와주셔서 감사합니다!"""
ThankCure#52,"""이상이 사라지고 있어요……<br>이걸로 저도 아직 싸울 수 있습니다!"""
DefeatEnemy#52,"""아무래도 이 근처 적은<br>모두 쓰러뜨린 것 같네요"""
LevelUp#52,"""그 빛, 이 눈에 새기겠습니다."""
InvokeSkill1#50,"""이걸로!"""
InvokeSkill2#49,"""미약한 힘이나마 보탬이 되기를!"""
InvokeSkill3#49,"""제가 해야 합니다!"""
TechFire#22,"""타올라라!"""
TechIce#26,"""얼어붙으세요!"""
TechThunder#21,"""꿰뚫리세요!"""
TechWind#21,"""베여 쓰러지세요!"""
TechLight#22,"""빛이여, 나의 검이 되어라!"""
TechDark#21,"""어둠이여, 나의 화살이 되어라!"""
PBFull#52,"""백성의 뜻이 있는 한 물러서지 않습니다!"""
PBRelease#52,"""이 몸과 목숨!<br>백성을 위해 바치겠습니다!"""
Avoid#52,"""맞지 않습니다!"""
HealSelf#52,"""쓰러지는 건 용납되지 않으니까요!"""
BuffSelf#52,"""이걸로 조금은 도움이 될 겁니다!"""
HealOther#52,"""괜찮으신가요?"""
BuffOther#52,"""유용하게 써 주세요"""
QuestStart1#52,"""하리에트, 갑니다!"""
QuestEnd1#52,"""훌륭했습니다. 역시 대단하군요"""
IncidentStart#52,"""이 기척은……!<br>뭔가 옵니다!\u3000<br>조심하세요!"""
IncidentSuccess#52,"""어떻게든 해냈군요"""
IncidentFailure#52,"""죄송합니다.<br>실수했습니다……"""
PSE#52,"""공기가 술렁입니다만……<br>나쁜 느낌은 아닙니다. 계속 가시죠!"""
PSELevelUp#52,"""술렁임이 커져서……?<br>마치 등을 밀어 주는 것 같아요……"""
PSEBurst#52,"""대단해……!<br>축복의 노래가 들리는 것 같습니다!"""
HP30#52,"""크윽……<br>이 정도로 멈춰 설 수는……"""
HP10#52,"""이 몸이 썩어 사라지더라도<br>백성을 위해……"""
ItemRare#52,"""좋은 물건을 얻으셨군요"""
DamageSmall#52,"""큿"""
DamageMiddle#52,"""크윽!"""
DamageLarge#52,"""꺄악!"""
Trap#52,"""이런 곳에 함정이……!"""
ThankTrapRescue#52,"""아, 감사합니다.<br>살았습니다"""
TrapRescueOther#52,"""무사하신가요?<br>지금 도와드리겠습니다!"""
MemberDamaged#52,"""무리하지 마세요!"""
MemberDead#52,"""아아……그럴 수가……<br>제가 부족한 탓에……"""
AbilityExe#52,"""왠지 힘이 넘쳐흐르는 것 같아요!"""
AbilitySpecial#52,"""힘이 차오릅니다!"""
Resurrect#52,"""이 영혼이 남아 있는 한 죽지 않습니다!"""
PartyJoin#52,"""온 힘을 다하겠습니다!"""
Marvelous#52,"""역시 수호휘사입니다!"""
IncidentJsApcBegin#50,"""/ci2 1 <%me> 님!<br>기다리고 있었습니다!<br>먼저 마물부터 쓰러뜨리죠!"""
IncidentJsApcFailure#50,"""…죄송해요오.<br>먼저 물러나겠습니다."""
IncidentJsApcSuccess#50,"""/ci2 2 역시 훌륭하십니다!<br>강력한 반응은 이 앞에 있습니다.<br>둘로 나뉘어 나아가시죠!"""
IncidentJsApcBeginEvo#46,"""이걸로 끝이군요, 살았……<br>아니, 아직 뭔가 옵니다!<br>조심하세요!"""
EnemyWeak#53,"""어떤 적이더라도<br>백성의 평안을 위해 지지 않겠습니다!"""
EnemyLarge#53,"""적이 아무리 크더라도<br>백성을 위해 물러설 수는 없습니다!"""
EnemyBoss#53,"""아무래도 강적인 듯하군요……<br>마음을 다잡고 가시죠!"""
EnemyRare#53,"""보기 드문 적이네요……<br>주의해서 가시죠"""
EnemyBoost#53,"""이 적……<br>무척 불길한 느낌이 듭니다."""
DestroyEnemy1#53,"""그렇게는 못 합니다!"""
DestroyEnemy2#53,"""저도 조금은 싸울 줄 압니다!"""
DestroyEnemy3#52,"""백성에게 해를 끼치는 자는<br>누구든 용서하지 않겠습니다!"""
CondFreeze#53,"""크윽, 얼어붙어 움직일 수가……"""
CondBurn#53,"""이 몸이 불타더라도<br>백성을 위해서라면……!"""
CondShock#53,"""으윽, 저, 저려서……!"""
CondPoison#53,"""독이 퍼져서……<br>하지만 이 정도로 쓰러질 수는……"""
CondPanic#53,"""혼란에 빠지면 모두를<br>불안하게 만들고 말아요……!"""
CondStan#53,"""우, 움직일 수 없게 됐습니다……"""
CondMirage#53,"""시야가……!<br>하지만 우리가 나아갈 내일은<br>보지 않아도 마음에 새겨져 있습니다!"""
Die#53,"""저는……여기서 죽을 수 없습니다……"""
ThankHeal#53,"""상처가 아물어 가요……!<br>살았습니다!"""
ThankBuff#53,"""도와주셔서 감사합니다!"""
ThankCure#53,"""이상이 사라지고 있어요……<br>이걸로 저도 아직 싸울 수 있습니다!"""
DefeatEnemy#53,"""아무래도 이 근처 적은<br>모두 쓰러뜨린 것 같네요"""
LevelUp#53,"""그 빛, 이 눈에 새기겠습니다."""
InvokeSkill1#51,"""이걸로!"""
InvokeSkill2#50,"""미약한 힘이나마 보탬이 되기를!"""
InvokeSkill3#50,"""제가 해야 합니다!"""
TechFire#23,"""타올라라!"""
TechIce#27,"""얼어붙으세요!"""
TechThunder#22,"""꿰뚫리세요!"""
TechWind#22,"""베여 쓰러지세요!"""
TechLight#23,"""빛이여, 나의 검이 되어라!"""
TechDark#22,"""어둠이여, 나의 화살이 되어라!"""
PBFull#53,"""백성의 뜻이 있는 한 물러서지 않습니다!"""
PBRelease#53,"""이 몸과 목숨!<br>백성을 위해 바치겠습니다!"""
Avoid#53,"""맞지 않습니다!"""
HealSelf#53,"""쓰러지는 건 용납되지 않으니까요!"""
BuffSelf#53,"""이걸로 조금은 도움이 될 겁니다!"""
HealOther#53,"""괜찮으신가요?"""
BuffOther#53,"""유용하게 써 주세요"""
QuestStart1#53,"""하리에트, 갑니다!"""
QuestEnd1#53,"""훌륭했습니다. 역시 대단하군요"""
IncidentStart#53,"""이 기척은……!<br>뭔가 옵니다!\u3000<br>조심하세요!"""
IncidentSuccess#53,"""어떻게든 해냈군요"""
IncidentFailure#53,"""죄송합니다.<br>실수했습니다……"""
PSE#53,"""공기가 술렁입니다만……<br>나쁜 느낌은 아닙니다. 계속 가시죠!"""
PSELevelUp#53,"""술렁임이 커져서……?<br>마치 등을 밀어 주는 것 같아요……"""
PSEBurst#53,"""대단해……!<br>축복의 노래가 들리는 것 같습니다!"""
HP30#53,"""크윽……<br>이 정도로 멈춰 설 수는……"""
HP10#53,"""이 몸이 썩어 사라지더라도<br>백성을 위해……"""
ItemRare#53,"""좋은 물건을 얻으셨군요"""
DamageSmall#53,"""큿"""
DamageMiddle#53,"""크윽!"""
DamageLarge#53,"""꺄악!"""
Trap#53,"""이런 곳에 함정이……!"""
ThankTrapRescue#53,"""아, 감사합니다.<br>살았습니다"""
TrapRescueOther#53,"""무사하신가요?<br>지금 도와드리겠습니다!"""
MemberDamaged#53,"""무리하지 마세요!"""
MemberDead#53,"""아아……그럴 수가……<br>제가 부족한 탓에……"""
AbilityExe#53,"""왠지 힘이 넘쳐흐르는 것 같아요!"""
AbilitySpecial#53,"""힘이 차오릅니다!"""
Resurrect#53,"""이 영혼이 남아 있는 한 죽지 않습니다!"""
PartyJoin#53,"""온 힘을 다하겠습니다!"""
Marvelous#53,"""역시 수호휘사입니다!"""
IncidentJsApcBegin#51,"""/ci1 3 크윽, 죄송합니다!<br>포위당하고 말았습니다……!<br>한쪽을 무너뜨려 포위를 뚫으시죠!"""
IncidentJsApcFailure#51,"""…죄송해요오.<br>먼저 물러나겠습니다."""
IncidentJsApcSuccess#51,"""/ci5 2 이 마물들, 뭔가를 두려워하나……?<br>조사할 곳이 있어 먼저 실례하겠습니다."""
IncidentJsApcBeginEvo#47,"""이걸로 끝이군요, 살았……<br>아니, 아직 뭔가 옵니다!<br>조심하세요!"""
EnemyWeak#54,"""어떤 적이더라도<br>백성의 평안을 위해 지지 않겠습니다!"""
EnemyLarge#54,"""적이 아무리 크더라도<br>백성을 위해 물러설 수는 없습니다!"""
EnemyBoss#54,"""아무래도 강적인 듯하군요……<br>마음을 다잡고 가시죠!"""
EnemyRare#54,"""보기 드문 적이네요……<br>주의해서 가시죠"""
EnemyBoost#54,"""이 적……<br>무척 불길한 느낌이 듭니다."""
DestroyEnemy1#54,"""그렇게는 못 합니다!"""
DestroyEnemy2#54,"""저도 조금은 싸울 줄 압니다!"""
DestroyEnemy3#53,"""백성에게 해를 끼치는 자는<br>누구든 용서하지 않겠습니다!"""
CondFreeze#54,"""크윽, 얼어붙어 움직일 수가……"""
CondBurn#54,"""이 몸이 불타더라도<br>백성을 위해서라면……!"""
CondShock#54,"""으윽, 저, 저려서……!"""
CondPoison#54,"""독이 퍼져서……<br>하지만 이 정도로 쓰러질 수는……"""
CondPanic#54,"""혼란에 빠지면 모두를<br>불안하게 만들고 말아요……!"""
CondStan#54,"""우, 움직일 수 없게 됐습니다……"""
CondMirage#54,"""시야가……!<br>하지만 우리가 나아갈 내일은<br>보지 않아도 마음에 새겨져 있습니다!"""
Die#54,"""저는……여기서 죽을 수 없습니다……"""
ThankHeal#54,"""상처가 아물어 가요……!<br>살았습니다!"""
ThankBuff#54,"""도와주셔서 감사합니다!"""
ThankCure#54,"""이상이 사라지고 있어요……<br>이걸로 저도 아직 싸울 수 있습니다!"""
DefeatEnemy#54,"""아무래도 이 근처 적은<br>모두 쓰러뜨린 것 같네요"""
LevelUp#54,"""그 빛, 이 눈에 새기겠습니다."""
InvokeSkill1#52,"""이걸로!"""
InvokeSkill2#51,"""미약한 힘이나마 보탬이 되기를!"""
InvokeSkill3#51,"""제가 해야 합니다!"""
TechFire#24,"""타올라라!"""
TechIce#28,"""얼어붙으세요!"""
TechThunder#23,"""꿰뚫리세요!"""
TechWind#23,"""베여 쓰러지세요!"""
TechLight#24,"""빛이여, 나의 검이 되어라!"""
TechDark#23,"""어둠이여, 나의 화살이 되어라!"""
PBFull#54,"""백성의 뜻이 있는 한 물러서지 않습니다!"""
PBRelease#54,"""이 몸과 목숨!<br>백성을 위해 바치겠습니다!"""
Avoid#54,"""맞지 않습니다!"""
HealSelf#54,"""쓰러지는 건 용납되지 않으니까요!"""
BuffSelf#54,"""이걸로 조금은 도움이 될 겁니다!"""
HealOther#54,"""괜찮으신가요?"""
BuffOther#54,"""유용하게 써 주세요"""
QuestStart1#54,"""하리에트, 갑니다!"""
QuestEnd1#54,"""훌륭했습니다. 역시 대단하군요"""
IncidentStart#54,"""이 기척은……!<br>뭔가 옵니다!\u3000<br>조심하세요!"""
IncidentSuccess#54,"""어떻게든 해냈군요"""
IncidentFailure#54,"""죄송합니다.<br>실수했습니다……"""
PSE#54,"""공기가 술렁입니다만……<br>나쁜 느낌은 아닙니다. 계속 가시죠!"""
PSELevelUp#54,"""술렁임이 커져서……?<br>마치 등을 밀어 주는 것 같아요……"""
PSEBurst#54,"""대단해……!<br>축복의 노래가 들리는 것 같습니다!"""
HP30#54,"""크윽……<br>이 정도로 멈춰 설 수는……"""
HP10#54,"""이 몸이 썩어 사라지더라도<br>백성을 위해……"""
ItemRare#54,"""좋은 물건을 얻으셨군요"""
DamageSmall#54,"""큿"""
DamageMiddle#54,"""크윽!"""
DamageLarge#54,"""꺄악!"""
Trap#54,"""이런 곳에 함정이……!"""
ThankTrapRescue#54,"""아, 감사합니다.<br>살았습니다"""
TrapRescueOther#54,"""무사하신가요?<br>지금 도와드리겠습니다!"""
MemberDamaged#54,"""무리하지 마세요!"""
MemberDead#54,"""아아……그럴 수가……<br>제가 부족한 탓에……"""
AbilityExe#54,"""왠지 힘이 넘쳐흐르는 것 같아요!"""
AbilitySpecial#54,"""힘이 차오릅니다!"""
Resurrect#54,"""이 영혼이 남아 있는 한 죽지 않습니다!"""
PartyJoin#54,"""온 힘을 다하겠습니다!"""
Marvelous#54,"""역시 수호휘사입니다!"""
IncidentJsApcBegin#52,"""/ci2 2 <%me> 님!<br>무사하신가요!?<br>미약하나마 도와드리겠습니다!"""
IncidentJsApcFailure#52,"""…죄송해요오.<br>먼저 물러나겠습니다."""
IncidentJsApcSuccess#52,"""/ci1 3 조금 앞에 오래된 저택이 있습니다.<br>이 강대하고 불길한 기운은 그곳에서……<br>함께 가시죠!"""
EnemyWeak#55,"""어떤 적이더라도<br>백성의 평안을 위해 지지 않겠습니다!"""
EnemyLarge#55,"""적이 아무리 크더라도<br>백성을 위해 물러설 수는 없습니다!"""
EnemyBoss#55,"""아무래도 강적인 듯하군요……<br>마음을 다잡고 가시죠!"""
EnemyRare#55,"""보기 드문 적이네요……<br>주의해서 가시죠"""
EnemyBoost#55,"""이 적……<br>무척 불길한 느낌이 듭니다."""
DestroyEnemy1#55,"""그렇게는 못 합니다!"""
DestroyEnemy2#55,"""저도 조금은 싸울 줄 압니다!"""
DestroyEnemy3#54,"""백성에게 해를 끼치는 자는<br>누구든 용서하지 않겠습니다!"""
CondFreeze#55,"""크윽, 얼어붙어 움직일 수가……"""
CondBurn#55,"""이 몸이 불타더라도<br>백성을 위해서라면……!"""
CondShock#55,"""으윽, 저, 저려서……!"""
CondPoison#55,"""독이 퍼져서……<br>하지만 이 정도로 쓰러질 수는……"""
CondPanic#55,"""혼란에 빠지면 모두를<br>불안하게 만들고 말아요……!"""
CondStan#55,"""우, 움직일 수 없게 됐습니다……"""
CondMirage#55,"""시야가……!<br>하지만 우리가 나아갈 내일은<br>보지 않아도 마음에 새겨져 있습니다!"""
Die#55,"""저는……여기서 죽을 수 없습니다……"""
ThankHeal#55,"""상처가 아물어 가요……!<br>살았습니다!"""
ThankBuff#55,"""도와주셔서 감사합니다!"""
ThankCure#55,"""이상이 사라지고 있어요……<br>이걸로 저도 아직 싸울 수 있습니다!"""
DefeatEnemy#55,"""아무래도 이 근처 적은<br>모두 쓰러뜨린 것 같네요"""
LevelUp#55,"""그 빛, 이 눈에 새기겠습니다."""
InvokeSkill1#53,"""이걸로!"""
InvokeSkill2#52,"""미약한 힘이나마 보탬이 되기를!"""
InvokeSkill3#52,"""제가 해야 합니다!"""
TechFire#25,"""타올라라!"""
TechIce#29,"""얼어붙으세요!"""
TechThunder#24,"""꿰뚫리세요!"""
TechWind#24,"""베여 쓰러지세요!"""
TechLight#25,"""빛이여, 나의 검이 되어라!"""
TechDark#24,"""어둠이여, 나의 화살이 되어라!"""
PBFull#55,"""백성의 뜻이 있는 한 물러서지 않습니다!"""
PBRelease#55,"""이 몸과 목숨!<br>백성을 위해 바치겠습니다!"""
Avoid#55,"""맞지 않습니다!"""
HealSelf#55,"""쓰러지는 건 용납되지 않으니까요!"""
BuffSelf#55,"""이걸로 조금은 도움이 될 겁니다!"""
HealOther#55,"""괜찮으신가요?"""
BuffOther#55,"""유용하게 써 주세요"""
QuestStart1#55,"""하리에트, 갑니다!"""
QuestEnd1#55,"""훌륭했습니다. 역시 대단하군요"""
IncidentStart#55,"""이 기척은……!<br>뭔가 옵니다!\u3000<br>조심하세요!"""
IncidentSuccess#55,"""어떻게든 해냈군요"""
IncidentFailure#55,"""죄송합니다.<br>실수했습니다……"""
PSE#55,"""공기가 술렁입니다만……<br>나쁜 느낌은 아닙니다. 계속 가시죠!"""
PSELevelUp#55,"""술렁임이 커져서……?<br>마치 등을 밀어 주는 것 같아요……"""
PSEBurst#55,"""대단해……!<br>축복의 노래가 들리는 것 같습니다!"""
HP30#55,"""크윽……<br>이 정도로 멈춰 설 수는……"""
HP10#55,"""이 몸이 썩어 사라지더라도<br>백성을 위해……"""
ItemRare#55,"""좋은 물건을 얻으셨군요"""
DamageSmall#55,"""큿"""
DamageMiddle#55,"""크윽!"""
DamageLarge#55,"""꺄악!"""
Trap#55,"""이런 곳에 함정이……!"""
ThankTrapRescue#55,"""아, 감사합니다.<br>살았습니다"""
TrapRescueOther#55,"""무사하신가요?<br>지금 도와드리겠습니다!"""
MemberDamaged#55,"""무리하지 마세요!"""
MemberDead#55,"""아아……그럴 수가……<br>제가 부족한 탓에……"""
AbilityExe#55,"""왠지 힘이 넘쳐흐르는 것 같아요!"""
AbilitySpecial#55,"""힘이 차오릅니다!"""
Resurrect#55,"""이 영혼이 남아 있는 한 죽지 않습니다!"""
PartyJoin#55,"""온 힘을 다하겠습니다!"""
Marvelous#55,"""역시 수호휘사입니다!"""
IncidentJsApcBegin#53,"""/ci2 1 와 주셨군요!<br>백성을 위해 저 마물을 쓰러뜨려야 해요!<br>부디 힘을 빌려주세요!"""
IncidentJsApcFailure#53,"""…죄송해요오.<br>먼저 물러나겠습니다."""
IncidentJsApcSuccess#53,"""/ci2 2 협력해 주셔서 감사드립니다.<br>백성을 구할 수 있었습니다.<br>이 은혜는 언젠가 꼭 갚겠습니다."""
EnemyWeak#56,"""잡졸이, 방해하지 마!"""
EnemyLarge#56,"""덩치 큰 놈인가, 좋은 표적이군!"""
EnemyBoss#56,"""제법 뼈대 있는 녀석이잖아"""
EnemyRare#56,"""응, 저건 뭐야?<br>희귀한 녀석 아니야?"""
EnemyBoost#56,"""위험한 분위기를 풍기는군……"""
DestroyEnemy1#56,"""한 놈 해치웠다!"""
DestroyEnemy2#56,"""자, 다음으로 가자!"""
DestroyEnemy3#55,"""상대가 안 되는군"""
CondFreeze#56,"""쳇, 동결이냐……!"""
CondBurn#56,"""이름처럼 불타고 있다곤 하지 마!"""
CondShock#56,"""몸이 저려 오잖아……!"""
CondPoison#56,"""젠장, 독인가……!"""
CondPanic#56,"""머리가 뒤죽박죽이 되는데……!"""
CondStan#56,"""몸이 안 움직여……뭐라고……!?"""
CondMirage#56,"""쳇, 시야가 흔들려……!"""
Die#56,"""진짜냐……말도 안 되잖아……이런 건"""
ThankHeal#56,"""미안하다!"""
ThankBuff#56,"""오, 센스 있네!"""
ThankCure#56,"""살았다!"""
DefeatEnemy#56,"""이 근처는 끝났군"""
LevelUp#56,"""이거 질 수 없겠는데!"""
InvokeSkill1#54,"""자, 자, 날아가라!"""
InvokeSkill2#53,"""놓치지 않아!"""
InvokeSkill3#53,"""안됐구나!"""
PBFull#56,"""아낌없이 간다!\u3000전부 받아라!"""
PBRelease#56,"""이건 내가 고른 길이다, 방해하지 마!"""
Avoid#56,"""여어!"""
HealSelf#56,"""위험해, 위험해"""
BuffSelf#56,"""준비는 게을리하지 않는 성격이라"""
HealOther#56,"""방심은 금물이다!"""
BuffOther#56,"""단숨에 끝내자!"""
QuestStart1#56,"""빠르게 끝내자"""
QuestEnd1#56,"""여전히 믿음직하네"""
IncidentStart#56,"""이런. 뭔가 오는 모양이군"""
IncidentSuccess#56,"""뭐, 이 정도겠지.<br>일단 수고했어"""
IncidentFailure#56,"""뭐야, 실패했잖아!"""
PSE#56,"""이건……PSE라는 건가?"""
PSELevelUp#56,"""계속 가자!"""
PSEBurst#56,"""좋아, 잘됐군!"""
HP30#56,"""정말, 성가셔지는군"""
HP10#56,"""아직 끝이 아니야"""
ItemRare#56,"""그거 레어 아이템 아냐?<br>잘됐네!"""
DamageSmall#56,"""칫"""
DamageMiddle#56,"""크악!"""
DamageLarge#56,"""제법이잖아……!"""
Trap#56,"""이런, 함정이냐!"""
ThankTrapRescue#56,"""미안, 방심했어"""
TrapRescueOther#56,"""요즘 세상에 함정이라니 별나군!<br>지금 도와줄게!"""
MemberDamaged#56,"""괜찮아?\u3000무리하지 마!"""
MemberDead#56,"""……네놈, 감히 그랬겠다!"""
AbilityExe#56,"""자, 죽고 싶은 놈은 누구냐?"""
AbilitySpecial#56,"""어디부터 정리해 줄까?"""
Resurrect#56,"""……정말, 귀찮게 됐군!"""
PartyJoin#56,"""/ci2 1 잘 부탁한다"""
Marvelous#56,"""휘유, 제법인데"""
IncidentJsApcBegin#54,"""/ci1 1 오, 마침 잘 왔군!<br>성가신 일에 휘말려서 말이야!<br>미안하지만 도와줄래!"""
IncidentJsApcFailure#54,"""진짜냐……꼴사납군……<br>미안, 먼저 물러날게"""
IncidentJsApcSuccess#54,"""/ci1 1 결과만 좋으면 됐지!<br>도와준 덕분이야<br>고맙다!"""
IncidentJsApcBeginEvo#48,"""/ci1 1 이걸로 끝……날 분위기는 아니군<br>다음부터 다음까지 질리지도 않나 봐!<br>미안, 조금만 더 어울려 줘!"""
EnemyWeak#57,"""이 정도면 괜찮아"""
EnemyLarge#57,"""와, 크다!"""
EnemyBoss#57,"""강해 보여……그래도 안 져!"""
EnemyRare#57,"""와왓, 희귀종이다!"""
EnemyBoost#57,"""……정말 불길한 느낌의 적이야"""
WeatherChange#4,"""대기의 포톤이 술렁이는 건가?"""
DestroyEnemy1#57,"""응, 잘됐어!"""
DestroyEnemy2#57,"""좋아, 느낌 좋아!"""
DestroyEnemy3#56,"""해냈다!"""
CondFreeze#57,"""어, 얼어붙었어!?"""
CondBurn#57,"""뜨거, 뜨거워!"""
CondShock#57,"""모, 몸이 저려어어……!"""
CondPoison#57,"""으으……독인가, 속이 안 좋아……"""
CondPanic#57,"""어, 어, 어떡하지이이!<br>뭘 어떻게 해야 했더라!<br>보이는 대로 날려 버릴까?"""
CondStan#57,"""모, 몸을 마음대로 못 움직이겠어……!"""
CondMirage#57,"""뭔가 시야가 몽롱해……"""
Die#57,"""실패해 버렸어, 미안해……"""
ThankHeal#57,"""아……고마워"""
ThankBuff#57,"""후훗, 고마워"""
ThankCure#57,"""으으, 미안해, 고마워"""
DefeatEnemy#57,"""끝난 것 같네"""
LevelUp#57,"""앗, 축하해!"""
InvokeSkill1#55,"""전력으로, 간다!"""
InvokeSkill2#54,"""하아아아앗!"""
InvokeSkill3#54,"""이걸로 끝낼게!"""
TechFire#26,"""내가 할 수 있는 걸, 최선을 다해!"""
TechIce#30,"""지지 않을 거야!"""
TechThunder#25,"""봐주지 않을 거야!"""
TechWind#25,"""베어 버려!"""
TechLight#26,"""빛이여."""
TechDark#25,"""꿰뚫어!"""
PBFull#57,"""<%me>!<br>우리도 준비됐어!"""
PBRelease#57,"""난 이제……혼자가 아니니까!"""
TacticsFree#12,"""응, 알겠어!<br>자유롭게 움직여 볼게!"""
TacticsGuard#12,"""여긴 참아야 할 때란 거지<br>맡겨 줘, 기다리는 건 잘해!"""
TacticsMassedAttack#12,"""공격을 한곳에 집중하자……<br>응, 알겠어!"""
TacticsAttack#11,"""내가 미끼가 될 테니까<br>그 틈에 부탁해!"""
Avoid#57,"""얏!"""
HealSelf#57,"""회복, 회복!"""
BuffSelf#57,"""보조도 잊으면 안 되지"""
HealOther#57,"""괜찮아?<br>무리하지 마"""
BuffOther#57,"""아, 잠깐 기다려<br>보조도 걸어 줄게"""
QuestStart1#57,"""좋아, 힘낼게!"""
QuestStart2#7,"""너와 함께라면……응<br>분명 괜찮을 거야!"""
QuestEnd1#57,"""정말 든든했어!"""
QuestEnd2#10,"""정말 대단해!\u3000대단해!"""
IncidentStart#57,"""어, 뭐야, 무슨 일이 일어난 거야?"""
IncidentSuccess#57,"""다행이다, 어떻게든 해냈네"""
IncidentFailure#57,"""으으……미안해……<br>발목만 잡았어……"""
PSE#57,"""포톤의 느낌이 변했어……<br>PSE라는 건가?"""
PSELevelUp#57,"""계속 이어지는 것 같아!<br>더욱더 힘내자!"""
PSEBurst#57,"""와아……이게 PSE 버스트라는<br>거구나, 굉장해!"""
HP30#57,"""윽……아, 아직 멀었어<br>난 아직 괜찮아!"""
HP10#57,"""……으윽!<br>미안, 조금 위험할지도……"""
ItemRare#57,"""앗, 그거<br>희귀한 물건이지?"""
DamageSmall#57,"""아야!"""
DamageMiddle#57,"""아야!"""
DamageLarge#57,"""와와왓!"""
Trap#57,"""어, 어, 함정!?"""
ThankTrapRescue#57,"""미안해……<br>정말 큰 도움 됐어"""
TrapRescueOther#57,"""괜찮아?<br>함정은 조심해"""
MemberDamaged#57,"""무리하지 말고 물러나!<br>괜찮아, 나도 있으니까!"""
MemberDead#57,"""이럴 수가!<br>이렇게 될 줄은……!"""
AbilityExe#57,"""응, 힘낼 테니까!"""
AbilitySpecial#57,"""좋아, 힘내 볼까!"""
Resurrect#57,"""이번엔 힘낼게!"""
PartyJoin#57,"""/ci1 1 잘 부탁해!"""
Marvelous#57,"""대단해!\u3000나도 힘내야겠어!"""
IncidentJsApcBegin#55,"""/ci4 2 <%me>!<br>생각에 잠겼다가 포위됐어!<br>좀 의지해도 될까?"""
IncidentJsApcFailure#55,"""으으, 미안해……<br>다음엔 집중력이 흐트러지지 않게<br>조심할게."""
IncidentJsApcSuccess#55,"""/ci2 2 고마워, 덕분에 살았어.<br>화이트데이라고 들떠서<br>미안해……정신 차려야지!"""
IncidentJsApcBeginEvo#49,"""/ci3 2 어떻게든 끝났……나 했더니<br>아직 이상한 기척이<br>남아 있어……!"""
EnemyWeak#58,"""좋아, 한꺼번에<br>해치울까!"""
EnemyLarge#58,"""크, 크다……"""
EnemyBoss#58,"""강적 등장, 이란 건가!"""
EnemyRare#58,"""응?\u3000저건 뭐지?<br>뭔가 희귀한 게 있어."""
EnemyBoost#58,"""이 녀석……뭔가 달라!"""
DestroyEnemy1#58,"""좋아!"""
DestroyEnemy2#58,"""해냈다!"""
DestroyEnemy3#57,"""어떠냐!"""
CondFreeze#58,"""헉, 동결인가!"""
CondBurn#58,"""우왓, 연소!?"""
CondShock#58,"""저, 저려어어어……"""
CondPoison#58,"""큭……독이냐……!"""
CondPanic#58,"""머리가 빙빙 돌아……"""
CondStan#58,"""모, 몸이 안 움직여……!"""
CondMirage#58,"""뭐, 뭐야, 시야가……!"""
Die#58,"""아, 당해 버렸나……"""
ThankHeal#58,"""고마워!"""
ThankBuff#58,"""고맙다!"""
ThankCure#58,"""후우, 살았다……!"""
DefeatEnemy#58,"""이걸로 전부지!"""
LevelUp#58,"""축하한다!"""
InvokeSkill1#56,"""받아라!"""
InvokeSkill2#55,"""이건 어떠냐!"""
InvokeSkill3#55,"""이건 어때!"""
TechFire#27,"""가라!"""
TechIce#31,"""이건 어때!"""
TechThunder#26,"""이거라면!"""
TechWind#26,"""그렇게 둘까 보냐!"""
TechLight#27,"""받아라!"""
TechDark#26,"""이건 어떠냐!"""
PBFull#58,"""너무 제멋대로잖아!"""
PBRelease#58,"""오……느낌 좋잖아!"""
Avoid#58,"""흥!"""
HealSelf#58,"""위험해, 위험해!"""
BuffSelf#58,"""보조도 중요하지"""
HealOther#58,"""위험해!"""
BuffOther#58,"""서로 도와야지!"""
QuestStart1#58,"""좋아, 힘내자!"""
QuestEnd1#58,"""후우, 어떻게든 클리어했나"""
IncidentStart#58,"""뭔가 이상한 느낌이야"""
IncidentSuccess#58,"""잘돼서 다행이다"""
IncidentFailure#58,"""이런……실패인가……"""
PSE#58,"""뭐, 뭔가 포톤이 엄청나!"""
PSELevelUp#58,"""좀 더 계속해 보자!"""
PSEBurst#58,"""우와……<br>이게 PSE 버스트인가……"""
HP30#58,"""위, 위험해……"""
HP10#58,"""더는 무리야!"""
ItemRare#58,"""앗, 그거<br>희귀한 거 아니에요?"""
DamageSmall#58,"""큭"""
DamageMiddle#58,"""위험해!"""
DamageLarge#58,"""우와앗!"""
Trap#58,"""뭐, 함정!?"""
ThankTrapRescue#58,"""후우, 고마워!"""
TrapRescueOther#58,"""괘, 괜찮아!?"""
MemberDamaged#58,"""물러나 있어!"""
MemberDead#58,"""……감히 이런 짓을!"""
AbilityExe#58,"""이 기세라면 할 수 있어!"""
AbilitySpecial#58,"""지금이라면 뭐든 할 수 있어!"""
Resurrect#58,"""후우, 다음엔 당하지 말아야지!"""
PartyJoin#58,"""/ci2 1 잘 부탁드립니다!"""
Marvelous#58,"""역시 대단해!"""
IncidentJsApcBegin#56,"""/ci2 1 앗, 마침 잘 왔어!<br>적이 조금 많아서<br>도와줄 수 있을까?"""
IncidentJsApcFailure#56,"""아야……저질렀네……<br>미안, 먼저 물러날게."""
IncidentJsApcSuccess#56,"""/ci2 1 좋아, 대성공!<br>정말 감사합니다!"""
IncidentJsApcBeginEvo#50,"""/ci5 2 이걸로 끝……날 것 같은<br>분위기는 아닌 것 같아……!"""
EnemyWeak#59,"""이 정도 에너미라면!"""
EnemyLarge#59,"""대형이네……!"""
EnemyBoss#59,"""만만치 않은 상대 같네!"""
EnemyRare#59,"""어라, 저건 뭘까?<br>희귀한 에너미 같아"""
EnemyBoost#59,"""정말……위험한 느낌이야"""
DestroyEnemy1#59,"""우선 하나!"""
DestroyEnemy2#59,"""잘 가"""
DestroyEnemy3#58,"""방해하니까!"""
CondFreeze#59,"""큭……동결 상태야……!"""
CondBurn#59,"""윽, 이건……연소 상태……!"""
CondShock#59,"""모, 몸이 저려서……!"""
CondPoison#59,"""기분 나빠……이거, 독……?"""
CondPanic#59,"""뭐, 뭐가 어떻게 된 거야?"""
CondStan#59,"""몸을 마음대로 움직일 수 없어……!"""
CondMirage#59,"""환각?\u3000시야가 이상해……!"""
Die#59,"""쓰러져 있을……수는 없는데……"""
ThankHeal#59,"""고마워!"""
ThankBuff#59,"""살았어!"""
ThankCure#59,"""미안해!"""
DefeatEnemy#59,"""자, 가자!"""
LevelUp#59,"""믿고 있으니까"""
InvokeSkill1#57,"""받아라!"""
InvokeSkill2#56,"""어림없어!"""
InvokeSkill3#56,"""맡겨!"""
TechFire#28,"""타올라라!"""
TechIce#32,"""얼어붙어라!"""
TechThunder#27,"""번개여!"""
TechWind#27,"""바람이여!"""
TechLight#28,"""빛이여!"""
TechDark#27,"""어둠이여!"""
PBFull#59,"""이번엔 이쪽 차례야!"""
PBRelease#59,"""여긴 나에게 맡겨!"""
Avoid#59,"""흥!"""
HealSelf#59,"""유감이네"""
BuffSelf#59,"""이걸로 만전이야"""
HealOther#59,"""방심하지 마"""
BuffOther#59,"""신중하게 가자"""
QuestStart1#59,"""그럼, 가 볼까"""
QuestEnd1#59,"""이걸로 끝, 이란 거지"""
IncidentStart#59,"""뭔가 이상한 기척이……"""
IncidentSuccess#59,"""어떻게든 해결돼서 다행이야"""
IncidentFailure#59,"""미안해……내 실수야"""
PSE#59,"""포톤이 술렁이고 있어<br>……이건!"""
PSELevelUp#59,"""계속 이어 가자!"""
PSEBurst#59,"""대단해……포톤이 이렇게나<br>활성화되다니……!"""
HP30#59,"""이대로는……"""
HP10#59,"""어떻게든……어떻게든 해야 해……!"""
ItemRare#59,"""앗!<br>그, 그거 희귀한 거……맞지?"""
DamageSmall#59,"""윽!"""
DamageMiddle#59,"""꺄악!"""
DamageLarge#59,"""꺄아악!"""
Trap#59,"""트랩!?"""
ThankTrapRescue#59,"""……수고를 끼쳐서 미안해"""
TrapRescueOther#59,"""괜찮아?"""
MemberDamaged#59,"""너무 앞으로 나가지 마!"""
MemberDead#59,"""절대로……절대로 용서 못 해!"""
AbilityExe#59,"""몸이 가벼워……!"""
AbilitySpecial#59,"""이거라면……할 수 있어!"""
Resurrect#59,"""내가 좀 더 정신 차려야 해……!"""
PartyJoin#59,"""/ci2 1 함께 힘내자!"""
Marvelous#59,"""그래, 그 기세야!"""
IncidentJsApcBegin#57,"""/ci1 1 아, 미안해!<br>적이 너무 많아서……<br>도와줄래?"""
IncidentJsApcFailure#57,"""……미안해.<br>먼저 물러날게."""
IncidentJsApcSuccess#57,"""/ci2 1 고마워.<br>덕분에 어떻게든 해결했어."""
IncidentJsApcBeginEvo#51,"""/ci1 2 어떻게든 해결했네……<br>응?\u3000이 기척, 아직 더 와……!"""
EnemyWeak#60,"""단숨에 쓸어 버린다"""
EnemyLarge#60,"""제법 크군"""
EnemyBoss#60,"""강적 등장, 이란 건가"""
EnemyRare#60,"""흐음, 희귀한 에너미군"""
EnemyBoost#60,"""조심해라.<br>지금까지와는 다르다"""
DestroyEnemy1#60,"""다음."""
DestroyEnemy2#60,"""끝났네."""
DestroyEnemy3#59,"""처치했다"""
CondFreeze#60,"""칫, 동결인가…!"""
CondBurn#60,"""큭, 연소 상태인가……!"""
CondShock#60,"""몸이 저려 와……!"""
CondPoison#60,"""독이 퍼지고 있나……!"""
CondPanic#60,"""으음……생각이 정리되지 않는군……"""
CondStan#60,"""몸이 움직이지 않는군……!"""
CondMirage#60,"""시각 방해인가……!"""
Die#60,"""미숙한 건 나 자신인가……"""
ThankHeal#60,"""미안하군"""
ThankBuff#60,"""살았다"""
ThankCure#60,"""좋아, 이걸로 괜찮다"""
DefeatEnemy#60,"""자, 다음으로 나아가자"""
LevelUp#60,"""축하한다!"""
InvokeSkill1#58,"""날아가라!"""
InvokeSkill2#57,"""마지막 일격이다!"""
InvokeSkill3#57,"""방해하지 마라!"""
TechFire#29,"""불꽃이여!"""
TechIce#33,"""얼음이여!"""
TechThunder#28,"""번개여!"""
TechWind#28,"""바람이여!"""
TechLight#29,"""빛이여!"""
TechDark#28,"""어둠이여!"""
PBFull#60,"""지금부터는 봐주지 않는다!"""
PBRelease#60,"""나와라, 포톤 블래스트!"""
Avoid#60,"""흥!"""
HealSelf#60,"""어림없군"""
BuffSelf#60,"""만전의 태세를 갖춘다"""
HealOther#60,"""방심하지 마라"""
BuffOther#60,"""잠깐, 보조도 필요하다"""
QuestStart1#60,"""파티……오랜만이군"""
QuestEnd1#60,"""훌륭한 결과군"""
IncidentStart#60,"""이 기척……뭔가 온다!"""
IncidentSuccess#60,"""잘된 모양이군"""
IncidentFailure#60,"""미안하다, 내가 미숙했다……"""
PSE#60,"""이 포톤의 활성화……<br>PSE라는 건가!"""
PSELevelUp#60,"""계속 이어 간다!"""
PSEBurst#60,"""이게 PSE 버스트로군……!"""
HP30#60,"""이대로는…"""
HP10#60,"""아직 쓰러질 수는……!"""
ItemRare#60,"""그건 좋은 물건이다."""
DamageSmall#60,"""칫"""
DamageMiddle#60,"""크악!"""
DamageLarge#60,"""이런!"""
Trap#60,"""뭐!\u3000함정이라고!"""
ThankTrapRescue#60,"""살았다!"""
TrapRescueOther#60,"""함정을 조심해라!"""
MemberDamaged#60,"""무리하지 마라!"""
MemberDead#60,"""……너무 우쭐대지 마라!"""
AbilityExe#60,"""지금이라면 적수가 없다!"""
AbilitySpecial#60,"""이 기세를 유지하고 싶군"""
Resurrect#60,"""내가 뿌린 씨는 내가 거둔다!"""
PartyJoin#60,"""/ci2 1 나와 한 팀이 되어 주는 건가"""
Marvelous#60,"""훌륭하다!"""
IncidentJsApcBegin#58,"""/ci2 1 음, 마침 잘 왔다!<br>적이 너무 많아서 말이지<br>도와주면 고맙겠다!"""
IncidentJsApcFailure#58,"""미숙함을 핑계 삼고 싶진 않지만……<br>미안하다, 먼저 물러나겠다"""
IncidentJsApcSuccess#58,"""/ci2 1 좋아, 어떻게든 해결했군.<br>갑작스러운 부탁을 들어줘서<br>고맙다. 감사한다."""
IncidentJsApcBeginEvo#52,"""/ci2 2 이 자리는 넘겼나……?<br>아니, 아직 뭔가 오는 모양이다.<br>조심해라!"""
EnemyWeak#61,"""우리의 적은 아니군"""
EnemyLarge#61,"""대형인가"""
EnemyBoss#61,"""강적인 것 같군"""
EnemyRare#61,"""저 유형은……희귀한 녀석인가"""
EnemyBoost#61,"""……조심해.<br>불길한 포톤이다"""
DestroyEnemy1#61,"""다음."""
DestroyEnemy2#61,"""별것 아니군요."""
CondFreeze#61,"""동결 상태라고……"""
CondBurn#61,"""아무래도 뜨겁군……"""
CondShock#61,"""흐음……<br>이렇게 감전되면 성가시군"""
CondPoison#61,"""쳇, 독인가……!"""
CondPanic#61,"""의식이 혼탁해진다……"""
CondStan#61,"""움직임이 봉쇄됐어……!?"""
CondMirage#61,"""조준이 흔들리는군……"""
Die#61,"""이런 곳에서 쓰러질 수는……"""
ThankHeal#61,"""도움이 되는군"""
ThankBuff#61,"""고맙다."""
ThankCure#61,"""번거롭게 했군."""
DefeatEnemy#61,"""이 일대는 정리됐나"""
LevelUp#61,"""느낌 좋군"""
InvokeSkill1#59,"""놓치지 않는다"""
InvokeSkill2#58,"""단숨에 끝낸다!"""
InvokeSkill3#58,"""라피, 부탁한다!"""
TechFire#30,"""불타라."""
TechIce#34,"""얼음이여"""
TechThunder#29,"""번개여."""
TechWind#29,"""바람이여."""
TechLight#30,"""빛이여."""
TechDark#29,"""어둠이여."""
PBFull#61,"""힘을 쓸 때가 왔나"""
PBRelease#61,"""모두를 지킨다. 그것이 내 사명이다"""
Avoid#61,"""핫!"""
HealSelf#61,"""아슬아슬했군."""
BuffSelf#61,"""봐주지 않는다"""
HealOther#61,"""방심하지 마라"""
BuffOther#61,"""태세를 정비해라"""
QuestStart1#61,"""임무를 시작한다."""
QuestEnd1#61,"""역시 대단하군."""
IncidentStart#61,"""이 기척……무엇이 오지"""
IncidentSuccess#61,"""적절한 대응이었군"""
IncidentFailure#61,"""……반성할 점이 많군"""
PSE#61,"""이건……PSE인가"""
PSELevelUp#61,"""포톤이 활성화되고 있다"""
PSEBurst#61,"""이것이 PSE의 최종 단계인가"""
HP30#61,"""대미지를 너무 많이 받았나"""
HP10#61,"""이 이상은 아무래도 위험해……"""
ItemRare#61,"""흐음, 희귀한 물건인 듯하군"""
DamageSmall#61,"""큿"""
DamageMiddle#61,"""위험해"""
DamageLarge#61,"""꺄악!"""
Trap#61,"""함정이라고!"""
ThankTrapRescue#61,"""번거롭게 했군."""
TrapRescueOther#61,"""괜찮나?"""
MemberDamaged#61,"""무리하지 마라."""
MemberDead#61,"""……내가 한심한 탓에"""
AbilityExe#61,"""흐음, 몸이 가볍군"""
AbilitySpecial#61,"""포톤이 몸에 익는군"""
Resurrect#61,"""……멈춰 설 수는 없어"""
PartyJoin#61,"""/ci2 1 잘 부탁한다"""
Marvelous#61,"""이것이 네 힘인가"""
IncidentJsApcBegin#59,"""/ci2 1 <%me>!<br>미안하지만 지원을 부탁한다!"""
IncidentJsApcFailure#59,"""힘이 모자랐나. 미안하다……<br>퇴각하겠다."""
IncidentJsApcSuccess#59,"""/ci2 1 지원에 감사한다.<br>받은 과자의 달콤한 향이 적을<br>끌어들였을 가능성은 없을까?"""
IncidentJsApcBeginEvo#53,"""/ci1 1 끝났나……?<br>……아니, 아직 더 오는군.<br>조금만 더 어울려 주겠나?"""
EnemyWeak#62,"""냥!"""
EnemyLarge#62,"""크다냥!"""
EnemyBoss#62,"""음, 요주의다냥!"""
EnemyRare#62,"""냥냥?<br>희귀한 녀석이다냥!"""
EnemyBoost#62,"""기합이 너무 들어갔다냥!"""
DestroyEnemy1#62,"""해치웠다냥!"""
DestroyEnemy2#62,"""낙승이다냥!"""
DestroyEnemy3#60,"""순조롭다냥!"""
CondFreeze#62,"""차갑다냥!"""
CondBurn#62,"""뜨겁다냥!"""
CondShock#62,"""저려어어어냥……!"""
CondPoison#62,"""기분 나쁘다냥……"""
CondPanic#62,"""빙글빙글 돈다냥……"""
CondStan#62,"""움직일 수 없다냥……"""
CondMirage#62,"""흐물흐물하다냥……"""
Die#62,"""당하고 말았다냥……"""
ThankHeal#62,"""고맙다냥!"""
ThankBuff#62,"""살았다냥!"""
ThankCure#62,"""개운하고 쾌적하다냥!"""
DefeatEnemy#62,"""다음으로 간다냥!"""
LevelUp#62,"""레벨 업이다냥!"""
InvokeSkill1#60,"""깔끔하게 끝낸다냥!"""
InvokeSkill2#59,"""받아라냥!"""
InvokeSkill3#59,"""각오해라냥!"""
PBFull#62,"""준비 만전, 완벽하다냥!"""
PBRelease#62,"""이젠 사과해도 용서 안 한다냥!"""
Avoid#62,"""냐앗!"""
HealSelf#62,"""좋아, 회복이다냥!"""
BuffSelf#62,"""만전으로 해 둔다냥!"""
HealOther#62,"""회복은 중요하다냥!"""
BuffOther#62,"""보조도 잊으면 안 된다냥!"""
QuestStart1#62,"""자, 간다냥!"""
QuestEnd1#62,"""해냈다냥!\u3000"""
IncidentStart#62,"""뭔가 일어날 것 같다냥!"""
IncidentSuccess#62,"""해냈다냥!\u3000성공이다냥!"""
IncidentFailure#62,"""냐아아……미안하다냥"""
PSE#62,"""포톤이 술렁이고 있다냥!"""
PSELevelUp#62,"""이 기세로 계속 간다냥!"""
PSEBurst#62,"""굉장하다냥……<br>포톤이 반짝인다냥!"""
HP30#62,"""너무 방심했나냥?"""
HP10#62,"""위, 위기일지도 모른다냥……"""
ItemRare#62,"""그거 좋은 물건이다냥!"""
DamageSmall#62,"""냥!?"""
DamageMiddle#62,"""아프다냥!"""
DamageLarge#62,"""위, 위험하다냥……!"""
Trap#62,"""꺄아아냥!\u3000함정이다냥!"""
ThankTrapRescue#62,"""구해 줘서 고맙다냥!"""
TrapRescueOther#62,"""다행이다, 괜찮냥?"""
MemberDamaged#62,"""무리는 금물이다냥!"""
MemberDead#62,"""감히 그랬겠다냥……!"""
AbilityExe#62,"""기세가 오르고 있다냥!"""
AbilitySpecial#62,"""좋아, 절호조다냥!"""
Resurrect#62,"""기운 가득!\u3000부활이다냥!"""
PartyJoin#62,"""/ci2 1 잘 부탁한다냥!"""
Marvelous#62,"""대단하다냥!"""
IncidentJsApcBegin#60,"""/toge /ci2 1 냣, 마침 잘 왔다냥!<br>강한 적에게 포위돼서 곤란하다냥!<br>도와줬으면 한다냥!"""
IncidentJsApcFailure#60,"""그, 그럴 수가냥……<br>실패다냥, 미안하다냥……"""
IncidentJsApcSuccess#60,"""/ci2 1 고맙다냥!\u3000이 기세로<br>에너미를 퇴치하고 화이트데이에는<br>3배로 답례받을 거다냥!"""
IncidentJsApcBeginEvo#54,"""/ci5 2 이 기척……<br>아직 더 온다냥!"""
EnemyWeak#63,"""편하게 가자!"""
EnemyLarge#63,"""뜨거운 세션을 할 수 있겠어!"""
EnemyBoss#63,"""기합 넣고 가자!"""
EnemyRare#63,"""운이 좋군!"""
EnemyBoost#63,"""위험하군……!"""
DestroyEnemy1#63,"""그레이트!"""
DestroyEnemy2#63,"""해치웠나!?"""
DestroyEnemy3#61,"""끝내 주지!"""
CondFreeze#63,"""열기가 부족했나!?"""
CondBurn#63,"""너무 뜨거워졌나!"""
CondShock#63,"""쇼크!"""
CondPoison#63,"""독이 대수냐!"""
CondPanic#63,"""진정해!"""
CondStan#63,"""스턴!"""
CondMirage#63,"""보이지 않아도 노래는 닿아!"""
Die#63,"""모두……나머지는 맡긴다……"""
ThankHeal#63,"""생큐!!"""
ThankBuff#63,"""살았어!"""
ThankCure#63,"""최악의 상태에서 최고조다!"""
DefeatEnemy#63,"""좋아, 다음으로 가자!"""
LevelUp#63,"""퍼펙트!"""
InvokeSkill1#61,"""받아라!"""
InvokeSkill2#60,"""끝내 주지!"""
InvokeSkill3#60,"""버닝!"""
PBFull#63,"""준비됐나!"""
PBRelease#63,"""JUST\u3000DO\u3000IT！"""
Avoid#63,"""이얏!"""
HealSelf#63,"""셀프 회복이다!"""
BuffSelf#63,"""셀프 보조다!"""
HealOther#63,"""괜찮나?"""
BuffOther#63,"""보조도 필요해!"""
QuestEnd1#63,"""최고다!\u3000생큐!"""
IncidentStart#63,"""분위기가 달아오를 것 같은 예감이야!"""
IncidentSuccess#63,"""그레이트!\u3000대성공이다!"""
IncidentFailure#63,"""다음엔 성공시키자!"""
PSE#63,"""분위기가 달아올랐군!!"""
PSELevelUp#63,"""이대로 계속 간다!"""
PSEBurst#63,"""PSE 버어어스트으으!"""
HP30#63,"""아직은 괜찮아!"""
HP10#63,"""SOS!\u3000헬프 미!"""
ItemRare#63,"""좋은 걸 손에 넣었군!"""
DamageSmall#63,"""아직 멀었어!"""
DamageMiddle#63,"""이 정도쯤!"""
DamageLarge#63,"""제법 하는군!"""
Trap#63,"""트래애애앱!"""
ThankTrapRescue#63,"""친구여, 수고를 끼쳤군!"""
TrapRescueOther#63,"""친구여, 조심해!"""
MemberDamaged#63,"""무리는 금물이다!"""
MemberDead#63,"""죽지 마!\u3000넌<br>이런 곳에서 쓰러질 녀석이 아니야!<br>나와 함께 세계를 노리기로 했잖아!?"""
AbilityExe#63,"""분위기가 달아오른다!"""
AbilitySpecial#63,"""맡겨 둬!"""
Resurrect#63,"""생큐우우우우우!<br>베리 머치!"""
Marvelous#63,"""마블러스!"""
IncidentJsApcBegin#61,"""/toge /ci2 1 예에이!<br>다들, 신나게 즐기고 있나!?<br>내 노래도 듣고 가라고!"""
IncidentJsApcFailure#61,"""HEY!\u3000HEY!<br>열기가 부족했던 모양이군!<br>다음엔 더 뜨거워지자!"""
IncidentJsApcSuccess#61,"""/ci2 1 모두 생큐!\u3000베리 머치!<br>화이트데이도, 내 라이브도!<br>마음껏 즐기고 가!"""
IncidentJsApcBeginEvo#55,"""더 뜨거워질 것 같군!<br>신나게 달아올라 보자!"""
EnemyWeak#64,"""좋아, 한꺼번에<br>해치울까!"""
EnemyLarge#64,"""크, 크다……"""
EnemyBoss#64,"""강적 등장, 이란 건가!"""
EnemyRare#64,"""응?\u3000저건 뭐지?<br>뭔가 희귀한 게 있어."""
EnemyBoost#64,"""이 녀석……뭔가 달라!"""
DestroyEnemy1#64,"""좋아!"""
DestroyEnemy2#64,"""해냈다!"""
DestroyEnemy3#62,"""어떠냐!"""
CondFreeze#64,"""헉, 동결인가!"""
CondBurn#64,"""우왓, 연소!?"""
CondShock#64,"""저, 저려어어어……"""
CondPoison#64,"""큭……독이냐……!"""
CondPanic#64,"""머리가 빙빙 돌아……"""
CondStan#64,"""모, 몸이 안 움직여……!"""
CondMirage#64,"""뭐, 뭐야, 시야가……!"""
Die#64,"""아, 당해 버렸나……"""
ThankHeal#64,"""고마워!"""
ThankBuff#64,"""고맙다!"""
ThankCure#64,"""후우, 살았다……!"""
DefeatEnemy#64,"""이걸로 전부지!"""
LevelUp#64,"""축하한다!"""
InvokeSkill1#62,"""받아라!"""
InvokeSkill2#61,"""이건 어떠냐!"""
InvokeSkill3#61,"""이건 어때!"""
TechFire#31,"""가라!"""
TechIce#35,"""이건 어때!"""
TechThunder#30,"""이거라면!"""
TechWind#30,"""그렇게 둘까 보냐!"""
TechLight#31,"""받아라!"""
TechDark#30,"""이건 어떠냐!"""
PBFull#64,"""너무 제멋대로잖아!"""
PBRelease#64,"""오……느낌 좋잖아!"""
Avoid#64,"""흥!"""
HealSelf#64,"""위험해, 위험해!"""
BuffSelf#64,"""보조도 중요하지"""
HealOther#64,"""위험해!"""
BuffOther#64,"""서로 도와야지!"""
QuestStart1#63,"""좋아, 힘내자!"""
QuestEnd1#64,"""후우, 어떻게든 클리어했나"""
IncidentStart#64,"""뭔가 이상한 느낌이야"""
IncidentSuccess#64,"""잘돼서 다행이다"""
IncidentFailure#64,"""이런……실패인가……"""
PSE#64,"""뭐, 뭔가 포톤이 엄청나!"""
PSELevelUp#64,"""좀 더 계속해 보자!"""
PSEBurst#64,"""우와……<br>이게 PSE 버스트인가……"""
HP30#64,"""위, 위험해……"""
HP10#64,"""더는 무리야!"""
ItemRare#64,"""앗, 그거<br>희귀한 거 아니에요?"""
DamageSmall#64,"""큭"""
DamageMiddle#64,"""위험해!"""
DamageLarge#64,"""우와앗!"""
Trap#64,"""뭐, 함정!?"""
ThankTrapRescue#64,"""후우, 고마워!"""
TrapRescueOther#64,"""괘, 괜찮아!?"""
MemberDamaged#64,"""물러나 있어!"""
MemberDead#64,"""……감히 이런 짓을!"""
AbilityExe#64,"""이 기세라면 할 수 있어!"""
AbilitySpecial#64,"""지금이라면 뭐든 할 수 있어!"""
Resurrect#64,"""후우, 다음엔 당하지 말아야지!"""
PartyJoin#63,"""/ci2 1 잘 부탁드립니다!"""
Marvelous#64,"""역시 대단해!"""
IncidentJsApcBegin#62,"""/ci2 1 앗, 마침 잘 왔어!<br>적이 조금 많아서<br>도와줄 수 있을까?"""
IncidentJsApcFailure#62,"""아야……저질렀네……<br>미안, 먼저 물러날게."""
IncidentJsApcSuccess#62,"""/ci2 1 좋아, 대성공!<br>정말 감사합니다!"""
IncidentJsApcBeginEvo#56,"""/ci5 2 이걸로 끝……날 것 같은<br>분위기는 아닌 것 같아……!"""
EnemyWeak#65,"""이 정도면 여유롭겠어요!"""
EnemyLarge#65,"""납작하게 깔리지 않도록<br>조심해서 가요……!"""
EnemyBoss#65,"""만만치 않은 상대 같네요!<br>기운 내서 가요!"""
EnemyRare#65,"""와, 희귀한 에너미네요!"""
EnemyBoost#65,"""이 분위기……<br>평범한 에너미가 아니에요……!"""
DestroyEnemy1#65,"""해냈어요!"""
DestroyEnemy2#65,"""아직 더 할 수 있어요!"""
DestroyEnemy3#63,"""깔끔하게 쓰러뜨렸어요!"""
CondFreeze#65,"""에취!<br>너, 너무 추워요!"""
CondBurn#65,"""뜨, 뜨거워!<br>뜨거워요!"""
CondShock#65,"""저, 저려……요……!"""
CondPoison#65,"""으으<br>기, 기분이 안 좋아요……"""
CondPanic#65,"""어라라……?<br>시야가 빙글빙글 돌아요~"""
CondStan#65,"""우, 움직일 수 없어……!"""
CondMirage#65,"""호오오……!<br>뭔가 세상이<br>흐릿하게 보여요!"""
Die#65,"""해야 할 일이……<br>있는데……"""
ThankHeal#65,"""감사합니다!"""
ThankBuff#65,"""살았어요!"""
ThankCure#65,"""후우……진정됐어요……"""
DefeatEnemy#65,"""계속 나아가요!"""
LevelUp#65,"""와아!<br>축하합니다!"""
InvokeSkill1#63,"""갑니다!"""
InvokeSkill2#62,"""이 일격으로!"""
InvokeSkill3#62,"""/toge 비장의……갑니다!!"""
PBFull#65,"""언제든 갈 수 있어요!"""
PBRelease#65,"""/toge 제 포톤……받아 주세요!!"""
Avoid#65,"""히얏!"""
HealSelf#65,"""아직 더 할 수 있어요!"""
BuffSelf#65,"""준비 완료예요!"""
HealOther#65,"""괜찮으신가요?"""
BuffOther#65,"""이걸로 완벽하네요!"""
QuestStart1#64,"""기운 내서 가요!"""
QuestEnd1#65,"""퀘스트 클리어예요!<br>에헤헷, 해냈네요!"""
IncidentStart#65,"""왠지 불길한 예감이 들어요……!"""
IncidentSuccess#65,"""하아……하아……<br>리더 덕분에<br>어떻게든 해냈어요!"""
IncidentFailure#65,"""죄송해요……제가<br>리더의 발목을 잡아서……"""
PSE#65,"""이건……PSE일까요?"""
PSELevelUp#65,"""레벨이 올랐어요!"""
PSEBurst#65,"""PSE 버스트!<br>몇 번을 봐도 아름답네요……!"""
HP30#65,"""하아……하아……<br>조금 지치기 시작했어요……"""
HP10#65,"""이제……쓰러질 것 같아요……"""
ItemRare#65,"""희귀한 아이템이네요!<br>축하합니다!"""
DamageSmall#65,"""으윽……!"""
DamageMiddle#65,"""꺅!"""
DamageLarge#65,"""우와아앗!!"""
Trap#65,"""으악!<br>함정에 걸렸어요!"""
ThankTrapRescue#65,"""살았어요!<br>감사합니다!"""
TrapRescueOther#65,"""괘, 괜찮으세요?"""
MemberDamaged#65,"""저에게 맡겨 주세요!"""
MemberDead#65,"""용서 못 해요……!"""
AbilityExe#65,"""힘이 넘쳐흘러요!"""
AbilitySpecial#65,"""왠지 저,<br>지금이라면 뭐든<br>할 수 있을 것 같아요!"""
Resurrect#65,"""저……아직 죽을 수 없어요."""
PartyJoin#64,"""/toge /ci2 1 잘 부탁드립니다!"""
Marvelous#65,"""역시 대단하세요!"""
IncidentJsApcBegin#63,"""/ci1 1 죄송합니다!<br>적이 너무 많아서 애먹고 있어요.<br>도와주시겠어요?"""
IncidentJsApcFailure#63,"""으윽, 죄송합니다.<br>제 힘이 부족한 탓에……"""
IncidentJsApcSuccess#63,"""/ci2 2 에헤헷, 해냈네요!<br>도와주셔서<br>감사합니다!"""
IncidentJsApcBeginEvo#57,"""/ci2 1 새로운 에너미군요.<br>방심하지 말고 가요!"""
EnemyWeak#66,"""어떤 적이더라도<br>백성의 평안을 위해 지지 않겠습니다!"""
EnemyLarge#66,"""적이 아무리 크더라도<br>백성을 위해 물러설 수는 없습니다!"""
EnemyBoss#66,"""아무래도 강적인 듯하군요……<br>마음을 다잡고 가시죠!"""
EnemyRare#66,"""보기 드문 적이네요……<br>주의해서 가시죠"""
EnemyBoost#66,"""이 적……<br>무척 불길한 느낌이 듭니다."""
DestroyEnemy1#66,"""그렇게는 못 합니다!"""
DestroyEnemy2#66,"""저도 조금은 싸울 줄 압니다!"""
DestroyEnemy3#64,"""백성에게 해를 끼치는 자는<br>누구든 용서하지 않겠습니다!"""
CondFreeze#66,"""크윽, 얼어붙어 움직일 수가……"""
CondBurn#66,"""이 몸이 불타더라도<br>백성을 위해서라면……!"""
CondShock#66,"""으윽, 저, 저려서……!"""
CondPoison#66,"""독이 퍼져서……<br>하지만 이 정도로 쓰러질 수는……"""
CondPanic#66,"""혼란에 빠지면 모두를<br>불안하게 만들고 말아요……!"""
CondStan#66,"""우, 움직일 수 없게 됐습니다……"""
CondMirage#66,"""시야가……!<br>하지만 우리가 나아갈 내일은<br>보지 않아도 마음에 새겨져 있습니다!"""
Die#66,"""저는……여기서 죽을 수 없습니다……"""
ThankHeal#66,"""상처가 아물어 가요……!<br>살았습니다!"""
ThankBuff#66,"""도와주셔서 감사합니다!"""
ThankCure#66,"""이상이 사라지고 있어요……<br>이걸로 저도 아직 싸울 수 있습니다!"""
DefeatEnemy#66,"""아무래도 이 근처 적은<br>모두 쓰러뜨린 것 같네요"""
LevelUp#66,"""그 빛, 이 눈에 새기겠습니다."""
InvokeSkill1#64,"""이걸로!"""
InvokeSkill2#63,"""미약한 힘이나마 보탬이 되기를!"""
InvokeSkill3#63,"""제가 해야 합니다!"""
TechFire#32,"""타올라라!"""
TechIce#36,"""얼어붙으세요!"""
TechThunder#31,"""꿰뚫리세요!"""
TechWind#31,"""베여 쓰러지세요!"""
TechLight#32,"""빛이여, 나의 검이 되어라!"""
TechDark#31,"""어둠이여, 나의 화살이 되어라!"""
PBFull#66,"""백성의 뜻이 있는 한 물러서지 않습니다!"""
PBRelease#66,"""이 몸과 목숨!<br>백성을 위해 바치겠습니다!"""
Avoid#66,"""맞지 않습니다!"""
HealSelf#66,"""쓰러지는 건 용납되지 않으니까요!"""
BuffSelf#66,"""이걸로 조금은 도움이 될 겁니다!"""
HealOther#66,"""괜찮으신가요?"""
BuffOther#66,"""유용하게 써 주세요"""
QuestStart1#65,"""하리에트, 갑니다!"""
QuestEnd1#66,"""훌륭했습니다. 역시 대단하군요"""
IncidentStart#66,"""이 기척은……!<br>뭔가 옵니다!\u3000<br>조심하세요!"""
IncidentSuccess#66,"""어떻게든 해냈군요"""
IncidentFailure#66,"""죄송합니다.<br>실수했습니다……"""
PSE#66,"""공기가 술렁입니다만……<br>나쁜 느낌은 아닙니다. 계속 가시죠!"""
PSELevelUp#66,"""술렁임이 커져서……?<br>마치 등을 밀어 주는 것 같아요……"""
PSEBurst#66,"""대단해……!<br>축복의 노래가 들리는 것 같습니다!"""
HP30#66,"""크윽……<br>이 정도로 멈춰 설 수는……"""
HP10#66,"""이 몸이 썩어 사라지더라도<br>백성을 위해……"""
ItemRare#66,"""좋은 물건을 얻으셨군요"""
DamageSmall#66,"""큿"""
DamageMiddle#66,"""크윽!"""
DamageLarge#66,"""꺄악!"""
Trap#66,"""이런 곳에 함정이……!"""
ThankTrapRescue#66,"""아, 감사합니다.<br>살았습니다"""
TrapRescueOther#66,"""무사하신가요?<br>지금 도와드리겠습니다!"""
MemberDamaged#66,"""무리하지 마세요!"""
MemberDead#66,"""아아……그럴 수가……<br>제가 부족한 탓에……"""
AbilityExe#66,"""왠지 힘이 넘쳐흐르는 것 같아요!"""
AbilitySpecial#66,"""힘이 차오릅니다!"""
Resurrect#66,"""이 영혼이 남아 있는 한 죽지 않습니다!"""
PartyJoin#65,"""온 힘을 다하겠습니다!"""
Marvelous#66,"""역시 수호휘사입니다!"""
IncidentJsApcBegin#64,"""/ci2 1 <%me> 님!<br>기다리고 있었습니다!<br>먼저 마물부터 쓰러뜨리죠!"""
IncidentJsApcFailure#64,"""…죄송해요오.<br>먼저 물러나겠습니다."""
IncidentJsApcSuccess#64,"""/ci2 2 역시 훌륭하십니다!<br>강력한 반응은 이 앞에 있습니다.<br>둘로 나뉘어 나아가시죠!"""
IncidentJsApcBeginEvo#58,"""이걸로 끝이군요, 살았……<br>아니, 아직 뭔가 옵니다!<br>조심하세요!"""
EnemyWeak#67,"""어이, 겁도 없는 녀석이군!<br>그저 무모한 건가?"""
EnemyLarge#67,"""난 덩치 큰 녀석이 좋다!<br>쓰러뜨리는 보람이 있으니까!"""
EnemyBoss#67,"""이제부터가 진짜다!<br>신나기 시작했군, 하하하!"""
EnemyRare#67,"""오오!?<br>엄청 보기 드문 녀석이다!"""
EnemyBoost#67,"""이상한 게 왔지만<br>쓰러뜨리는 건 똑같다!"""
DestroyEnemy1#67,"""다음, 다음!<br>계속 가자!"""
DestroyEnemy2#67,"""후하하하핫!<br>역시 나는 강하다!"""
DestroyEnemy3#65,"""제대로 들어갔군!"""
CondFreeze#67,"""동결됐지만, 뭐 괜찮아!<br>곧 어떻게든 되겠지!"""
CondBurn#67,"""연소됐지만, 뭐 괜찮아!<br>곧 어떻게든 되겠지!"""
CondShock#67,"""감전됐지만, 뭐 괜찮아!<br>곧 어떻게든 되겠지!"""
CondPoison#67,"""독에 걸렸지만, 뭐 괜찮아!<br>곧 어떻게든 되겠지!"""
CondPanic#67,"""혼란에 빠졌지만, 뭐 괜찮아!<br>곧 어떻게든 되겠지!"""
CondStan#67,"""움직일 수 없지만, 뭐 괜찮아!<br>곧 어떻게든 되겠지!"""
CondMirage#67,"""환혹에 빠졌지만, 뭐 괜찮아!<br>곧 어떻게든 되겠지!"""
Die#67,"""이 내가……!?"""
ThankHeal#67,"""고마워!"""
ThankBuff#67,"""난 절호조다!"""
ThankCure#67,"""난 회복했다!"""
DefeatEnemy#67,"""나, 초최강!"""
LevelUp#67,"""성장은 아름답다!"""
InvokeSkill1#65,"""내게서 도망칠 순 없다!"""
InvokeSkill2#64,"""하하하하하!"""
InvokeSkill3#64,"""멋지게!\u3000끝낸다!"""
PBFull#67,"""훗!<br>불타오르는 상황이다!"""
Avoid#67,"""훤히 보인다!"""
HealSelf#67,"""근성으로 회복!"""
BuffSelf#67,"""기합으로 보조!"""
HealOther#67,"""괜찮아!?"""
BuffOther#67,"""자, 간다!"""
QuestStart1#66,"""내게 맡겨 둬!"""
QuestEnd1#67,"""좋아!\u3000끝이다!"""
IncidentStart#67,"""음, 뭔가 일어날 예감!"""
IncidentSuccess#67,"""대성공이군!"""
IncidentFailure#67,"""아직도 미숙하군…"""
PSE#67,"""음, 포톤이 시끄럽다!<br>이건 PSE의 예감이다!"""
PSELevelUp#67,"""PSE의 힘이 올랐다!"""
PSEBurst#67,"""PSE 버스트다!"""
HP30#67,"""이 정도 상처는 핥으면 낫는다!"""
HP10#67,"""죽음 속에서 살길을 찾는다!"""
ItemRare#67,"""오, 좋은 물건 아닌가!<br>가져라, 가져!"""
DamageSmall#67,"""큭"""
DamageMiddle#67,"""뭐라고!"""
DamageLarge#67,"""으윽!"""
Trap#67,"""함정이라니 비겁하군!"""
ThankTrapRescue#67,"""감사한다!"""
TrapRescueOther#67,"""기다리게 했군!"""
MemberDamaged#67,"""내게 맡기고 물러서 있어!"""
MemberDead#67,"""…용서하지 않겠다, 절대로!"""
AbilityExe#67,"""/toge 나, 절호조!"""
AbilitySpecial#67,"""/toge 후하하!\u3000나한테 맡겨 둬라!"""
Resurrect#67,"""근성으로 부활!"""
PartyJoin#66,"""/ci1 1 맡겨만 주게!"""
Marvelous#67,"""바로 그 기세다!"""
IncidentJsApcBegin#65,"""/toge /ci2 1 곤란해하는 포톤을 감지하고!<br>나, 수영복 차림으로 화려하게 등장!<br>나머지는 이 휴이에게 맡겨라!"""
IncidentJsApcFailure#65,"""/toge /ci2 1 조금 너무 신났나!<br>잘 들어!\u3000방심은 금물이다!"""
IncidentJsApcSuccess#65,"""/toge /ci2 1 훗… 나를 막고 싶다면<br>지금의 백 배는 데려오도록!"""
IncidentJsApcBeginEvo#59,"""/toge /ci2 아직도 오는가!<br>하하하, 제법 근성 있는 녀석들이군!<br>…하지만 난 멈추지 않는다!"""
EnemyWeak#68,"""한꺼번에 쓸어 버린다!"""
EnemyLarge#68,"""덩치만 큰 녀석 따위!"""
EnemyBoss#68,"""아무리 강대한 상대라도<br>난 절대 포기하지 않아!"""
EnemyRare#68,"""저거, 희귀한 녀석이지!"""
EnemyBoost#68,"""정말 불길한 기운이야……<br>내가 정화하겠어!"""
DestroyEnemy1#68,"""다음!"""
DestroyEnemy2#68,"""이 정도론 멈추지 않아!"""
DestroyEnemy3#66,"""고마워, 아메노무라쿠모!"""
CondFreeze#68,"""차, 차가워!\u3000잠깐, 이게 뭐야!"""
CondBurn#68,"""부, 불타고 있어!?\u3000불 꺼, 불 꺼!"""
CondShock#68,"""저, 저려어어어……!"""
CondPoison#68,"""도, 독……?\u3000기분 나빠……"""
CondPanic#68,"""아하하하!<br>저기가 여기고 여기가 어디지?"""
CondStan#68,"""모, 몸이 안 움직여……!"""
CondMirage#68,"""누, 눈이……번쩍거려서……!"""
Die#68,"""실수했어……모두 미안해……!"""
ThankHeal#68,"""고마워!"""
ThankBuff#68,"""살았어!"""
ThankCure#68,"""후우, 진정됐어."""
DefeatEnemy#68,"""자, 다음 장소로 가자!"""
LevelUp#68,"""질 수 없지!"""
InvokeSkill1#66,"""망설임을 끊어 낸다!"""
InvokeSkill2#65,"""나와 아메노무라쿠모라면!"""
InvokeSkill3#65,"""일섬!"""
PBFull#68,"""난 이제 자신을 속이지 않아!"""
PBRelease#67,"""이것이 나의……선택이다!"""
Avoid#68,"""흥!"""
HealSelf#68,"""회복은 제대로 해야지"""
BuffSelf#68,"""봐주기도, 사정도 일절 없어!"""
HealOther#68,"""괜찮아?\u3000회복할게!"""
BuffOther#68,"""만전의 상태로 맞서자!"""
QuestStart1#67,"""가자, 아메노무라쿠모"""
QuestEnd1#68,"""제법 잘된 것 같아?"""
IncidentStart#68,"""이 기척……뭔가 올 것 같아!"""
IncidentSuccess#68,"""좋아, 잘됐네!"""
IncidentFailure#68,"""으음……안 됐나"""
PSE#68,"""이 느낌……PSE 아니야?"""
PSELevelUp#68,"""계속 가자!"""
PSEBurst#68,"""우와, 예뻐……!<br>이게 PSE 버스트구나……"""
HP30#68,"""이 정도론 꺾이지 않아!"""
HP10#68,"""아직 난 포기하지 않아!"""
ItemRare#68,"""레어 드롭이다, 좋겠다!"""
DamageSmall#68,"""큭!"""
DamageMiddle#68,"""아직 멀었어!"""
DamageLarge#68,"""위험한가……!"""
Trap#68,"""헉, 함정!?"""
ThankTrapRescue#68,"""살았다, 고마워!"""
TrapRescueOther#68,"""함정이라니 고전적이네……!<br>금방 도와줄게!"""
MemberDamaged#68,"""무리하지 마!"""
MemberDead#68,"""……지키지 못했지만<br>아직 끝이 아니야!"""
AbilityExe#68,"""힘이 넘쳐흘러……<br>이건 에테르?\u3000포톤?"""
AbilitySpecial#68,"""지금이라면 뭐든 일도양단!<br>농담이야!"""
Resurrect#68,"""……쉬고 있을 때가 아니라니까!"""
PartyJoin#67,"""/ci2 1 좋아, 힘내 볼까."""
Marvelous#68,"""여전하네!"""
IncidentJsApcBegin#66,"""/ci2 1 앗, <%me>!<br>마침 잘 왔어!<br>조금 실수했는데 도와줄래?"""
IncidentJsApcFailure#66,"""으음……실수투성이라 미안해.<br>많이 반성해야겠네……<br>미안, 먼저 퇴각할게."""
IncidentJsApcSuccess#66,"""/ci2 1 끝났다, 끝났어!<br><%me>!<br>도와줘서 고마워!"""
IncidentJsApcBeginEvo#60,"""/ci5 1 끝났다……고 믿고 싶지만<br>그런 분위기는 아닌 것 같네.<br>미안, 조금만 더 도와줘!"""
EnemyWeak#69,"""이 정도 상대는<br>얼른 해치우죠!"""
EnemyLarge#69,"""우와……조금 클지도……"""
EnemyBoss#69,"""가, 강해 보여……<br>그래도 어떻게든 되겠죠!"""
EnemyRare#69,"""앗, 보세요!<br>희귀한 게 있어요!"""
EnemyBoost#69,"""뭔가 위험해 보이는 분위기가<br>엄청나게 느껴지는데요……"""
DestroyEnemy1#69,"""잘됐나요?"""
DestroyEnemy2#69,"""해냈다!\u3000해냈다!"""
DestroyEnemy3#67,"""후우, 어떻게든!"""
CondFreeze#69,"""코오리가 꽁꽁 얼었어……<br>아니, 이럴 때가 아니지!"""
CondBurn#69,"""코오리가 불타고 있다니……<br>아니, 아니, 도와주세요!"""
CondShock#69,"""모모모몸이이이이<br>저저저저려어어어……!"""
CondPoison#69,"""으으……독은 아픈 걸 떠나서<br>일단 기분 나빠……!"""
CondPanic#69,"""뭔가 엄청<br>빙글빙글 몽글몽글해"""
CondStan#69,"""모, 몸이 안 움직여……?<br>앗!\u3000이거 정말 위험한 상황이야!"""
CondMirage#69,"""와아, 알 군이 잔뜩 보여……!<br>꿈만 같아……그런데 이거<br>정상은 아니란 거지!"""
Die#69,"""아우……당해 버렸어……"""
ThankHeal#69,"""앗, 감사합니다!"""
ThankBuff#69,"""왠지 힘이 솟아나요!"""
ThankCure#69,"""후우, 기분 상쾌해!"""
DefeatEnemy#69,"""대충 다 쓰러뜨린 것 같나요?"""
LevelUp#69,"""엣, 아직 더 강해지는 건가요!"""
InvokeSkill1#67,"""싹둑!"""
InvokeSkill2#66,"""와와왓!"""
InvokeSkill3#66,"""싹 베어 버릴게!"""
TechIce#37,"""얼어 버려!"""
PBFull#69,"""좋아, 비장의 수단 같은 걸<br>써 버릴게!"""
PBRelease#68,"""에잇, 이젠 될 대로 돼라!"""
Avoid#69,"""네!"""
HealSelf#69,"""이 틈에 바로 회복!"""
BuffSelf#69,"""만전의 상태로 맞서겠어!"""
HealOther#69,"""틈을 찾아 회복할게요!"""
BuffOther#69,"""이런 것도 있어요!"""
QuestStart1#68,"""발목 잡지 마, 발목 잡지 마<br>발목 잡지 마……좋아!"""
QuestEnd1#69,"""힘낸 보람이 있을지도!"""
IncidentStart#69,"""음, 뭔가 이상한 분위기……<br>이거, 무슨 일 생기는 거죠?"""
IncidentSuccess#69,"""잘돼서 다행이다……!"""
IncidentFailure#69,"""……이거 실패네요.<br>뭐, 뭐, 기분 전환하죠!"""
PSE#69,"""뭔가 세상이 술렁술렁<br>하지 않나요?\u3000그렇죠?"""
PSELevelUp#69,"""오오오!\u3000술렁임이 커지고 있어요!"""
PSEBurst#69,"""우와, 정말 예뻐……<br>그런데 이게 뭐죠?"""
HP30#69,"""으으, 흔히 말하는 위기일지도……"""
HP10#69,"""이, 이건 너무하잖아요!"""
ItemRare#69,"""앗, 그거 알아요!<br>레어 아이템이죠, 좋겠다!"""
DamageSmall#69,"""아파!"""
DamageMiddle#69,"""꺄악!"""
DamageLarge#69,"""너무해!"""
Trap#69,"""어라……혹시 나<br>함정에 걸린 건가……?"""
ThankTrapRescue#69,"""사, 살았다……"""
TrapRescueOther#69,"""괜찮아요? 지금 도와줄게요!"""
MemberDamaged#69,"""무리는 금물!"""
MemberDead#69,"""……아, 저질렀네.<br>그람은 분노의 검이라고?"""
AbilityExe#69,"""왠지 나, 절호조일지도!"""
AbilitySpecial#69,"""지금이라면 뭐든 잘 풀릴 것<br>같기도 해!"""
Resurrect#69,"""……조금만 더,<br>힘내 볼까……<br>싶기도 하고."""
PartyJoin#68,"""/ci2 1 잘 부탁드립니다"""
Marvelous#69,"""우와……대단하다……"""
IncidentJsApcBegin#67,"""/ci2 1 앗, 마침 잘 왔어요!<br>갑자기 적에게 포위돼서<br>도와주시겠어요!"""
IncidentJsApcFailure#67,"""으으……발목 잡고 싶진 않았는데<br>……미안해요, 먼저 물러날게요."""
IncidentJsApcSuccess#67,"""/ci2 1 해냈다, 해냈어요!<br>완전무결한 승리라는 거예요!<br>감사합니다!"""
IncidentJsApcBeginEvo#61,"""/ci1 1 이걸로 일단락!<br>……이란 느낌은 아닌 것 같네요.<br>조금만 더 도와주시겠어요?"""
EnemyWeak#70,"""이 정도면 여유롭겠어요!"""
EnemyLarge#70,"""납작하게 깔리지 않도록<br>조심해서 가요……!"""
EnemyBoss#70,"""만만치 않은 상대 같네요!<br>기운 내서 가요!"""
EnemyRare#70,"""와, 희귀한 에너미네요!"""
EnemyBoost#70,"""이 분위기……<br>평범한 에너미가 아니에요……!"""
DestroyEnemy1#70,"""해냈어요!"""
DestroyEnemy2#70,"""아직 더 할 수 있어요!"""
DestroyEnemy3#68,"""깔끔하게 쓰러뜨렸어요!"""
CondFreeze#70,"""에취!<br>너, 너무 추워요!"""
CondBurn#70,"""뜨, 뜨거워!<br>뜨거워요!"""
CondShock#70,"""저, 저려……요……!"""
CondPoison#70,"""으으<br>기, 기분이 안 좋아요……"""
CondPanic#70,"""어라라……?<br>시야가 빙글빙글 돌아요~"""
CondStan#70,"""우, 움직일 수 없어……!"""
CondMirage#70,"""호오오……!<br>뭔가 세상이<br>흐릿하게 보여요!"""
Die#70,"""해야 할 일이……<br>있는데……"""
ThankHeal#70,"""감사합니다!"""
ThankBuff#70,"""살았어요!"""
ThankCure#70,"""후우……진정됐어요……"""
DefeatEnemy#70,"""계속 나아가요!"""
LevelUp#70,"""와아!<br>축하합니다!"""
InvokeSkill1#68,"""갑니다!"""
InvokeSkill2#67,"""이 일격으로!"""
InvokeSkill3#67,"""/toge 비장의……갑니다!!"""
PBFull#70,"""언제든 갈 수 있어요!"""
PBRelease#69,"""/toge 제 포톤……받아 주세요!!"""
Avoid#70,"""히얏!"""
HealSelf#70,"""아직 더 할 수 있어요!"""
BuffSelf#70,"""준비 완료예요!"""
HealOther#70,"""괜찮으신가요?"""
BuffOther#70,"""이걸로 완벽하네요!"""
QuestStart1#69,"""기운 내서 가요!"""
QuestEnd1#70,"""퀘스트 클리어예요!<br>에헤헷, 해냈네요!"""
IncidentStart#70,"""왠지 불길한 예감이 들어요……!"""
IncidentSuccess#70,"""하아……하아……<br>리더 덕분에<br>어떻게든 해냈어요!"""
IncidentFailure#70,"""죄송해요……제가<br>리더의 발목을 잡아서……"""
PSE#70,"""이건……PSE일까요?"""
PSELevelUp#70,"""레벨이 올랐어요!"""
PSEBurst#70,"""PSE 버스트!<br>몇 번을 봐도 아름답네요……!"""
HP30#70,"""하아……하아……<br>조금 지치기 시작했어요……"""
HP10#70,"""이제……쓰러질 것 같아요……"""
ItemRare#70,"""희귀한 아이템이네요!<br>축하합니다!"""
DamageSmall#70,"""으윽……!"""
DamageMiddle#70,"""꺅!"""
DamageLarge#70,"""우와아앗!!"""
Trap#70,"""으악!<br>함정에 걸렸어요!"""
ThankTrapRescue#70,"""살았어요!<br>감사합니다!"""
TrapRescueOther#70,"""괘, 괜찮으세요?"""
MemberDamaged#70,"""저에게 맡겨 주세요!"""
MemberDead#70,"""용서 못 해요……!"""
AbilityExe#70,"""힘이 넘쳐흘러요!"""
AbilitySpecial#70,"""왠지 저,<br>지금이라면 뭐든<br>할 수 있을 것 같아요!"""
Resurrect#70,"""저……아직 죽을 수 없어요."""
PartyJoin#69,"""/toge /ci2 1 잘 부탁드립니다!"""
Marvelous#70,"""역시 대단하세요!"""
IncidentJsApcBegin#68,"""/ci1 1 죄송합니다!<br>적이 너무 많아서 애먹고 있어요.<br>도와주시겠어요?"""
IncidentJsApcFailure#68,"""으윽, 죄송합니다.<br>제 힘이 부족한 탓에……"""
IncidentJsApcSuccess#68,"""/ci2 2 에헤헷, 해냈네요!<br>도와주셔서<br>감사합니다!"""
IncidentJsApcBeginEvo#62,"""/ci2 1 새로운 에너미군요.<br>방심하지 말고 가요!"""
EnemyWeak#71,"""빠르게 정리하죠."""
EnemyLarge#71,"""대형 에너미야.<br>조심해."""
EnemyBoss#71,"""상대의 움직임을 잘 봐.<br>반드시 빈틈이 있을 거야……"""
EnemyRare#71,"""희귀한 게 나왔네……"""
EnemyBoost#71,"""엄청난 위압감……<br>방심하면 위험해."""
DestroyEnemy1#71,"""이 정도네."""
DestroyEnemy2#71,"""끝이야."""
DestroyEnemy3#69,"""처치했어."""
CondFreeze#71,"""몸이 얼어붙어……!"""
CondBurn#71,"""윽……!<br>몸에 불이……!"""
CondShock#71,"""……윽!\u3000저, 저려……"""
CondPoison#71,"""독에 당한 것 같네……"""
CondPanic#71,"""방향 감각이 흐트러졌어……<br>성가시네……"""
CondStan#71,"""몸이 움직이지 않아……!?"""
CondMirage#71,"""시야를 방해받았어……"""
Die#71,"""끝……인 거야……?"""
ThankHeal#71,"""고마워."""
ThankBuff#71,"""살았어……"""
ThankCure#71,"""이거라면 만전이야."""
DefeatEnemy#71,"""이 일대의 안전은 확보된 것 같네."""
LevelUp#71,"""어머, 잘됐네."""
TechFire#33,"""모조리 태우겠어."""
TechIce#38,"""얼어붙어……"""
TechThunder#32,"""울려 퍼져라……!"""
TechWind#32,"""바람을 일으키겠어……!"""
TechLight#33,"""빛을 힘으로……"""
TechDark#32,"""어둠에……뒤덮여라."""
PBFull#71,"""힘이 차오르고 있어……"""
PBRelease#70,"""지금이라면 할 수 있어……!"""
Avoid#71,"""흥!"""
HealSelf#71,"""이걸로 괜찮아."""
BuffSelf#71,"""여기서부터 공격할게."""
HealOther#71,"""무리하지 마……"""
BuffOther#71,"""엄호할게."""
QuestStart1#70,"""침착하게 가자."""
QuestEnd1#71,"""임무 완료네."""
IncidentStart#71,"""우선 상황을 파악하자……"""
IncidentSuccess#71,"""잘된 모양이네."""
IncidentFailure#71,"""……실패네.<br>이번 반성을 다음에 살릴게……"""
PSE#71,"""PSE가 발생한 모양이네."""
PSELevelUp#71,"""PSE 수치가 높아지고 있어……"""
PSEBurst#71,"""PSE 버스트……<br>이 혜택을 잘 활용하자."""
HP30#71,"""걱정할 필요는 없어……"""
HP10#71,"""이건……힘들겠네……"""
ItemRare#71,"""희귀한 아이템이네.<br>……잘됐잖아."""
DamageSmall#71,"""크윽……!"""
DamageMiddle#71,"""윽……!"""
DamageLarge#71,"""으……윽……!"""
Trap#71,"""이런, 함정에……!"""
ThankTrapRescue#71,"""살았어……"""
TrapRescueOther#71,"""괜찮아?"""
MemberDamaged#71,"""괜찮아!?"""
MemberDead#71,"""큭……<br>어떻게 이런……!"""
AbilityExe#71,"""평소보다 몸 상태가 좋아……"""
AbilitySpecial#71,"""전력으로……간다!"""
Resurrect#71,"""아직 싸울 수 있어……!"""
PartyJoin#70,"""/ci1 잘 부탁해……"""
Marvelous#71,"""……대단하잖아."""
IncidentJsApcBegin#69,"""/ci1 1 나 혼자 감당하기엔<br>버거운 상황인데……<br>괜찮다면 도와줄래?"""
IncidentJsApcFailure#69,"""미안해……<br>난 퇴각할게……"""
IncidentJsApcSuccess#69,"""/ci1 1 고마워……<br>덕분에 헤쳐 나왔어."""
IncidentJsApcBeginEvo#63,"""/ci1 2 아직 더 나오는구나.<br>숨 돌릴 틈도 없어……"""
EnemyWeak#72,"""어떤 상대라도 방심하지 않아요!"""
EnemyLarge#72,"""상대로 부족함은 없습니다!"""
EnemyBoss#72,"""이런 상대를 이겨야 가치가 있죠!"""
EnemyRare#72,"""응?\u3000어라?<br>엄청 보기 드문 녀석 아닌가요……?"""
EnemyBoost#72,"""……이 기운, 위험합니다!"""
DestroyEnemy1#72,"""다음!"""
DestroyEnemy2#72,"""한 건 해결했습니다!"""
DestroyEnemy3#70,"""아직 더 할 수 있어요!"""
CondFreeze#72,"""머리도 조금 식히겠습니다!"""
CondBurn#72,"""후후후, 불타오릅니다!<br>그런데 정말 불타고 있어요!"""
CondShock#72,"""적당한 저림은<br>몸에도 좋다고 들었어요!<br>……이건 다르지만요"""
CondPoison#72,"""이독제독!<br>……그런 능력은 없지만요"""
CondPanic#72,"""괜찮아요, 혼란해도 압니다!<br>말하는 건 전부 적이에요!"""
CondStan#72,"""몸이 안 움직여……!?<br>쉬라는 뜻일까요!"""
CondMirage#72,"""시야를 봉쇄당해도……!<br>기척을 때리면 어떻게든 됩니다!"""
Die#72,"""이래서는<br>그분의 등을 따라잡을 수 없어……"""
ThankHeal#72,"""황송합니다!"""
ThankBuff#72,"""감사합니다!"""
ThankCure#72,"""번거롭게 해 드려 죄송해요!"""
DefeatEnemy#72,"""자, 다음으로 가시죠!"""
LevelUp#72,"""뒤처지지 않도록 힘내겠습니다!"""
InvokeSkill1#69,"""일의전심!"""
InvokeSkill2#68,"""단숨에 몰아붙이겠습니다!"""
InvokeSkill3#68,"""언제나 전력입니다!"""
TechFire#34,"""폭염!"""
TechIce#39,"""빙아!"""
TechThunder#33,"""신뢰!"""
TechWind#33,"""질풍!"""
TechLight#34,"""광창!"""
TechDark#33,"""암탄!"""
PBFull#72,"""봐주는 건 못 합니다!<br>전 언제나 전력이니까요!"""
PBRelease#71,"""그분을 따라잡을 때까지……<br>전 멈추지 않습니다!"""
Avoid#72,"""흥!"""
HealSelf#72,"""빈틈은 보이지 않아요!"""
BuffSelf#72,"""방심하지 않아요!"""
HealOther#72,"""회복하겠습니다!"""
BuffOther#72,"""엄호하겠습니다!"""
QuestStart1#71,"""히어로 클래스의 전투법을<br>보여 드리겠습니다!"""
QuestEnd1#72,"""이렇게, 이렇게……인가?<br>그보다 먼저, 수고하셨습니다!"""
IncidentStart#72,"""무슨 일이 생길 듯한 기척입니다……!"""
IncidentSuccess#72,"""역시 대단합니다!<br>잘 해냈네요!"""
IncidentFailure#72,"""이, 이럴 리가<br>없었는데요……"""
PSE#72,"""포톤이 술렁이는 건가……?<br>조심해서 가시죠!"""
PSELevelUp#72,"""계속 이어 가자!"""
PSEBurst#72,"""이것이, PSE 버스트군요!"""
HP30#72,"""밀리고 있습니다……!"""
HP10#72,"""사지에서 활로를……!"""
ItemRare#72,"""앗, 레어 아이템이네요!"""
DamageSmall#72,"""아얏!"""
DamageMiddle#72,"""크윽!"""
DamageLarge#72,"""아직……포기하지 않아요!"""
Trap#72,"""함정!?\u3000이런 곳에!?"""
ThankTrapRescue#72,"""살았습니다……황송합니다!"""
TrapRescueOther#72,"""괜찮으세요!?"""
MemberDamaged#72,"""무리하지 말고 물러나세요!"""
MemberDead#72,"""……동료조차 지키지 못하는<br>제 한심함이 가장 용서가 안 돼요!"""
AbilityExe#72,"""좋아, 감이 살아났어요!"""
AbilitySpecial#72,"""지금이라면 뭐든 할 수 있습니다!"""
Resurrect#72,"""이루고 싶은 목표가 있어요!<br>그러니 쉴 수 없습니다!"""
PartyJoin#71,"""/ci2 2 전투부 소속, 스트라토스!<br>등장했습니다!"""
Marvelous#72,"""움직임을 눈에 새기고 있습니다!"""
IncidentJsApcBegin#70,"""/ci2 3 <%me> 님!<br>번거로우시겠지만<br>도와주시겠습니까!"""
IncidentJsApcFailure#70,"""으으……이 얼마나 한심한 모습인지……<br>죄송합니다, 먼저 물러나겠습니다……!"""
IncidentJsApcSuccess#70,"""/ci8 1 감사합니다!<br>협력해 주셔서, 뭐랄까<br>정말 황송합니다!"""
IncidentJsApcBeginEvo#64,"""/ci1 3 <%me> 님<br>눈치채셨겠지만<br>아직 더 올 것 같습니다!\u3000경계를!"""
EnemyWeak#73,"""너 어느 중학교 나왔냐!"""
EnemyLarge#73,"""이 녀석도 가족이 있잖아!"""
EnemyBoss#73,"""신발 핥을 테니 용서해 주세요!"""
EnemyRare#73,"""옛날 여자 친구를 닮았네"""
EnemyBoost#73,"""이 녀석 인사도 안 하네!"""
CondFreeze#73,"""지금 저 예쁘죠"""
CondBurn#73,"""지금 저 맛있어 보이죠"""
CondShock#73,"""팔꿈치가 찌릿찌릿해요"""
CondPoison#73,"""구급차 불러 줘"""
CondPanic#73,"""진정할 겸 카페 안 갈래요?"""
CondStan#73,"""스턴 상태!!"""
CondMirage#73,"""옛날 추억이 보여!"""
Die#73,"""나카니시답네"""
ThankHeal#73,"""나카니시 칠드런이죠?"""
ThankBuff#73,"""그게 다정함입니다"""
ThankCure#73,"""열 내렸네"""
DefeatEnemy#73,"""조용해졌네요"""
LevelUp#73,"""늙었어요?"""
PBFull#73,"""블래스트 게이지랑 빨랫감이<br>쌓였어요"""
PBRelease#72,"""여러분, 빵 터지고 있습니까!?"""
Avoid#73,"""그만하세요"""
HealSelf#73,"""어른이니까 제가 할게요"""
BuffSelf#73,"""다음엔 부탁드릴게요"""
HealOther#73,"""이게 다정함이라는 거죠"""
BuffOther#73,"""답례는 필요 없습니다"""
QuestStart1#72,"""가스 밸브를 안 잠가서<br>돌아가도 될까요?"""
QuestEnd1#73,"""좋아, 만화 카페 가자"""
IncidentStart#73,"""시골에서 친구가 옵니다"""
IncidentSuccess#73,"""안아 주세요"""
IncidentFailure#73,"""나카니시가 잘못했어……"""
PSE#73,"""축제다아아아아!!"""
PSELevelUp#73,"""계속 쭉쭉 가 볼까!"""
PSEBurst#73,"""영어 발음이 예쁘네요"""
HP30#73,"""집에 가고 싶어"""
HP10#73,"""친척들 모아 주세요"""
ItemRare#73,"""전당포 소개해 드릴게요"""
DamageSmall#73,"""때리지 마!"""
DamageMiddle#73,"""주먹질하지 마!"""
DamageLarge#73,"""너 나 싫어하지"""
Trap#73,"""나 불쌍해"""
ThankTrapRescue#73,"""은혜 갚은 두루미가 생각나네"""
TrapRescueOther#73,"""두루미라면 은혜 갚으러 와요"""
MemberDamaged#73,"""친구가 아파 보여"""
MemberDead#73,"""고시엔의 꿈은 어쩔 거냐!!"""
AbilityExe#73,"""감이 살아나네!"""
AbilitySpecial#73,"""헌팅하러 가려면 오늘이야"""
Resurrect#73,"""문 나카니시가 나설 차례네요"""
PartyJoin#72,"""/ci1 1 안녕하세요, 나스나칸의<br>나카니시입니다!"""
Marvelous#73,"""널 원하는 회사는 많아!"""
IncidentJsApcBegin#71,"""/toge /ci2 1 안녕하세요, 나카니시입니다<br>오늘은 에너미만이라도<br>쓰러뜨리고 가 주세요"""
IncidentJsApcFailure#71,"""에너미의<br>기분이 나쁜 건 알겠습니다"""
IncidentJsApcSuccess#71,"""/ci1 1 이걸 사람 돕기라고 합니다"""
IncidentJsApcBeginEvo#65,"""/ci1 1 이 녀석들 화면에 나오고 싶은 거죠"""
EnemyWeak#74,"""가볍게 쓰러뜨리죠!"""
EnemyLarge#74,"""크니까 태클 걸 게 넘쳐나네!"""
EnemyBoss#74,"""꽤 강적 같네요!"""
EnemyRare#74,"""이거 레어한 녀석이에요!"""
EnemyBoost#74,"""이 녀석한텐 태클 걸기 싫은데……"""
CondFreeze#74,"""추운 건 라이브 중으로 충분해……<br>아니, 그것도 안 되잖아!"""
CondBurn#74,"""저, 불타고 있어요!?"""
CondShock#74,"""저려 버렸어……<br>죄송한데 어떻게 좀 해 주실래요?"""
CondPoison#74,"""으엑!\u3000기분 나빠!<br>독에 걸려 버렸네……"""
CondPanic#74,"""똑바로 못 걷겠어!?<br>이건 안 돼……"""
CondStan#74,"""안 되네, 전혀 움직일 수 없어……"""
CondMirage#74,"""눈앞이 캄캄해서 내일이 안 보여……<br>평소에도 안 보인다고? 시끄러워요!"""
Die#74,"""안 돼, 형님. 전 여기까지예요……"""
ThankHeal#74,"""감사합니다!"""
ThankBuff#74,"""좋아, 이걸로 할 수 있어!<br>제 태클, 잘 봐 주세요!"""
ThankCure#74,"""아, 살았다……<br>정말 감사합니다"""
DefeatEnemy#74,"""이 근처는 다 정리했네요<br>역시 강하네"""
LevelUp#74,"""레벨 업<br>축하드립니다!"""
PBFull#74,"""태클력이 넘쳐흐릅니다!"""
PBRelease#73,"""여러분, 빵 터지고 있습니까!?"""
Avoid#74,"""위험해!?"""
HealSelf#74,"""이 정도는 혼자 할 수 있어요!"""
BuffSelf#74,"""적어도 이 정도는 해야죠!"""
HealOther#74,"""이걸로 회복하세요!"""
BuffOther#74,"""보조 걸어 드릴게요!<br>받으세요!"""
QuestStart1#73,"""자, 우리 라이브를 향해 출발하죠!<br>네?\u3000라이브는 모른다고요?"""
QuestEnd1#74,"""역시 잘하시네요!"""
IncidentStart#74,"""뭔가 엄청 올 것 같은 예감이 들어!"""
IncidentSuccess#74,"""잘됐네요!"""
IncidentFailure#74,"""상태가 안 좋았던 걸까요……?"""
PSE#74,"""이게 소문의 PSE군요!"""
PSELevelUp#74,"""아직 더 계속할 수 있을 것 같아요!"""
PSEBurst#74,"""버스트 왔다!"""
HP30#74,"""저, 조금 위험할지도……"""
HP10#74,"""안 돼, 안 된다니까!"""
ItemRare#74,"""레어 드롭 축하드립니다!"""
DamageSmall#74,"""아파, 뭐 하는 거예요!"""
DamageMiddle#74,"""잠깐, 진짜 아프다니까!"""
DamageLarge#74,"""저보다 태클이 더 세잖아요!"""
Trap#74,"""우왓!?\u3000함정이야!\u3000안 돼!<br>이런 건 파트너 역할이라고요!"""
ThankTrapRescue#74,"""정말 살았습니다.<br>감사합니다!"""
TrapRescueOther#74,"""서로 돕고 사는 거죠!<br>다음엔 저도 도와주세요!"""
MemberDamaged#74,"""무리하면 안 돼요!"""
MemberDead#74,"""내게 지킬 힘이 있었다면……!"""
AbilityExe#74,"""오, 왠지 몸이 가벼워졌네"""
AbilitySpecial#74,"""뭐야 이거, 절호조야!<br>얼마든지 태클 걸 수 있겠어!"""
Resurrect#74,"""아니, 이게, 뭐가, 웃기냐고"""
PartyJoin#73,"""/ci1 1 안녕하세요, 나스나칸의<br>나스입니다!"""
Marvelous#74,"""좋은 태클이네요!"""
IncidentJsApcBegin#72,"""/toge /ci2 1 네, 안녕하세요!<br>나스나칸에서 태클 담당입니다!<br>아니, 에너미에게 포위됐잖아!"""
IncidentJsApcFailure#72,"""안 돼, 만담할 때가 아니네……<br>오늘은 이쯤에서 봐줄게!"""
IncidentJsApcSuccess#72,"""/ci1 1 도와주셔서 감사합니다!<br>이걸로 우리 야외 단독 라이브를<br>안전하게 열 수 있겠어요!"""
IncidentJsApcBeginEvo#66,"""/ci1 1 감사합니다!<br>아니……아직 뭔가 더 와!?<br>언제쯤 만담할 수 있는 거야!?"""
ThankHeal#75,"""회복 고마워!"""
ThankBuff#75,"""고마워!"""
ThankCure#75,"""개운해졌어!\u3000고마워!"""
HP30#75,"""아직 괜찮지만, 이 이상은……"""
HP10#75,"""슬슬 한계가 가까워……"""
DamageSmall#75,"""큭!"""
DamageMiddle#75,"""아야!"""
DamageLarge#75,"""으악!"""
ThankHeal#76,"""오오, 몸에 활력이!"""
ThankBuff#76,"""큰 도움이 됩니다!"""
ThankCure#76,"""오오, 살았습니다!"""
HP30#76,"""으윽……온몸이 아파……"""
HP10#76,"""다리가 움직이지 않기 시작했어……"""
DamageSmall#76,"""윽!"""
DamageMiddle#76,"""아파!"""
DamageLarge#76,"""우와!"""
ThankHeal#77,"""통증이 사라졌습니다……"""
ThankBuff#77,"""몸이 가벼워졌습니다……"""
ThankCure#77,"""감사합니다……"""
HP30#77,"""이제 싫어……여기저기 상처투성이야……"""
HP10#77,"""팔다리의 감각이 없어지기 시작했어……"""
DamageSmall#77,"""앗!"""
DamageMiddle#77,"""꺅!"""
DamageLarge#77,"""꺄아악!"""
ThankHeal#78,"""상처가 아물고 있어……"""
ThankBuff#78,"""감사합니다!"""
ThankCure#78,"""감사합니다!"""
HP30#78,"""이 아이만이라도 지켜야 해!"""
HP10#78,"""만약의 경우엔, 이 아이를……"""
DamageSmall#78,"""앗!"""
DamageMiddle#78,"""싫어!"""
DamageLarge#78,"""싫어어어!"""
ThankHeal#79,"""고마워!<br>아픈 게 사라졌어!"""
ThankBuff#79,"""힘이 나기 시작했어!"""
ThankCure#79,"""고마워!"""
HP30#79,"""집에 가고 싶어!"""
HP10#79,"""으앙, 엄마!"""
DamageSmall#79,"""아파"""
DamageMiddle#79,"""으아앙!"""
DamageLarge#79,"""아앙, 아파!"""
EnemyWeak#75,"""우리 적수가 못 되는군"""
EnemyLarge#75,"""뭐, 덩치만 클 뿐이지"""
EnemyBoss#75,"""상대로 부족함이 없구나"""
EnemyRare#75,"""허허, 보기 드문 상대구나"""
EnemyBoost#75,"""흠……불길한 상대구나"""
DestroyEnemy1#73,"""별것 아닌 상대였나"""
DestroyEnemy2#73,"""싱겁구나!"""
DestroyEnemy3#71,"""방해하게 두지 않겠다"""
CondFreeze#75,"""동결이라니……!"""
CondBurn#75,"""연소로 나오는가……!"""
CondShock#75,"""감전은 힘들구나……"""
CondPoison#75,"""음……독인가……"""
CondPanic#75,"""시야가 잡히지 않아!"""
CondStan#75,"""자유를 빼앗겼나!"""
CondMirage#75,"""시야를 빼앗다니 제법이군……!"""
Die#75,"""이런……나를 부술 셈인가……"""
ThankHeal#80,"""신세를 졌군"""
ThankBuff#80,"""살았다"""
ThankCure#80,"""오오, 한결 편해졌어"""
DefeatEnemy#75,"""다음으로 가자"""
LevelUp#75,"""허허, 강해졌구나"""
InvokeSkill1#70,"""깨어나라, 파괴의 뇌추!"""
InvokeSkill2#69,"""부술 뿐이다!"""
InvokeSkill3#69,"""내 힘을 보여 주마!"""
PBFull#75,"""내 의지와 오기를 받아 보아라!"""
PBRelease#74,"""멀리 있는 자는 소문으로 듣고!<br>가까이 있는 자는 눈으로 보아라!"""
Avoid#75,"""안일하구나!"""
HealSelf#75,"""아직 쓰러질 수는 없지"""
BuffSelf#75,"""방심은 목숨을 앗아가니 말이야"""
HealOther#75,"""무리는 금물이다"""
BuffOther#75,"""보조도 필요하단다"""
QuestStart1#74,"""가 볼까"""
QuestEnd1#75,"""음, 무사히 끝난 모양이군"""
IncidentStart#75,"""오오, 무슨 일이 생길 것 같구나"""
IncidentSuccess#75,"""음, 좋은 결과구나"""
IncidentFailure#75,"""반성할 수밖에 없군"""
PSE#75,"""허허, 이것이 PSE인가"""
PSELevelUp#75,"""이 기세로 가자"""
PSEBurst#75,"""과연 훌륭하구나……!<br>눈부시게 아름답군"""
HP30#80,"""아직은 괜찮다"""
HP10#80,"""늙은 몸에는 조금 힘겹구나"""
ItemRare#75,"""귀한 물건이군, 잘됐구나"""
DamageSmall#80,"""호오!"""
DamageMiddle#80,"""음!"""
DamageLarge#80,"""제법이구나!"""
Trap#75,"""함정이라니 잔꾀를 부리는군!"""
ThankTrapRescue#75,"""수고를 끼쳤구나"""
TrapRescueOther#75,"""조심하거라"""
MemberDamaged#75,"""물러서 있거라!"""
MemberDead#75,"""이런……!<br>내가 반드시 원수를 갚으마!"""
AbilityExe#75,"""허허, 몸이 가볍구나!"""
AbilitySpecial#75,"""늙은이에게 뒤처지지 마라!"""
Resurrect#75,"""허허, 나는 아직 건재하다네?"""
PartyJoin#74,"""잘 부탁하네"""
Marvelous#75,"""역시 대단하구나!"""
IncidentJsApcBegin#73,"""/ci2 2 /mn18 내 가짜가 날뛰는 모양이군.<br>미안하지만 에너미를 퇴치하는 김에<br>찾는 걸 도와주지 않겠나?"""
IncidentJsApcFailure#73,"""유감스러운 결과지만<br>이럴 때도 있는 법이지."""
IncidentJsApcSuccess#73,"""/ci2 1 신세를 졌군……참, 나스나칸이라는<br>내 오랜 친구를 만나면<br>힘을 빌려주게."""
IncidentJsApcBeginEvo#67,"""/ci1 3 이런, 아직 끝나지 않은 모양이군.<br>조금만 더 어울려 주게."""
PartyJoin#75,"""/toge /ci2 1 저, 열심히 할게요!"""
IncidentJsApcBegin#74,"""/ci3 1 저를 위해서……<br>죄송해요!\u3000잘 부탁드립니다!"""
IncidentJsApcFailure#74,"""……더, 더는 무리예요.<br>죄송해요, 전 퇴각할게요."""
IncidentJsApcSuccess#74,"""/ci2 1 이걸로 끝!<br>저기, 정말 감사합니다!<br>덕분에 살았어요!"""
IncidentJsApcBeginEvo#68,"""/ci3 1 /toge ……조심해 주세요.<br>아주 큰 반응이<br>가까워지고 있어요!"""
AbilityExeRareU#0,"""(임시) 레어 유닛 장비 시 잠재력 발동"""
EnemyLargeRareW#0,"""(임시) 레어 무기 장비 시 대형 적 출현"""
EnemyBossRareW#0,"""(임시) 레어 무기 장비 시 보스 출현"""
EnemyRareRareW#0,"""(임시) 레어 무기 장비 시 희귀 적 출현"""
EnemyBoostRareW#0,"""(임시) 레어 무기 장비 시 강화 적 출현"""
PartyJoin#76,"""/ci1 1 잘 부탁드려요오."""
IncidentJsApcBegin#75,"""/ci1 1 죄송합니다, 마스터.<br>상황이 불리하여 협력을 요청합니다."""
IncidentJsApcFailure#75,"""……전투 지속, 불가능.<br>죄송합니다. 퇴각합니다."""
IncidentJsApcSuccess#75,"""/ci1 1 상황, 종료.<br>협력, 감사합니다."""
IncidentJsApcBeginEvo#69,"""/ci1 4 더욱 거대한 반응을 확인.<br>……옵니다."""
AbilityExeRareU#1,"""좋은 장비를 착용하니<br>평소보다 상태가 좋군요!"""
EnemyLargeRareW#1,"""마스터가 주신<br><weapon><br>이 무기라면 이길 수 있습니다!"""
EnemyBossRareW#1,"""마스터가 주신<br><weapon><br>이 무기로 결판내겠습니다!"""
EnemyRareRareW#1,"""희귀종을 발견했습니다.<br>제 무기와 어느 쪽이 더 희귀할까요?"""
EnemyBoostRareW#1,"""분위기가 다른 것 같습니다……<br><weapon><br>이 무기라면 해낼 수 있습니다!"""
PartyJoin#77,"""/ci2 1 그럼, 잘 부탁해"""
IncidentJsApcBegin#76,"""/ci2 2 미안해, 너에게 폐를<br>끼치고 싶진 않았는데……!"""
IncidentJsApcFailure#76,"""……더는 버틸 수 없어.<br>먼저 퇴각할게."""
IncidentJsApcSuccess#76,"""/ci2 1 ……어떻게든 해결했네.<br>고마워, 네 덕분이야."""
IncidentJsApcBeginEvo#70,"""/ci5 2 ……조심해.<br>아직 큰 반응이 있어."""
AbilityExeRareU#2,"""(임시) 레어 유닛 장비 시 잠재력 발동"""
EnemyLargeRareW#2,"""(임시) 레어 무기 장비 시 대형 적 출현"""
EnemyBossRareW#2,"""(임시) 레어 무기 장비 시 보스 출현"""
EnemyRareRareW#2,"""(임시) 레어 무기 장비 시 희귀 적 출현"""
EnemyBoostRareW#2,"""(임시) 레어 무기 장비 시 강화 적 출현"""
PartyJoin#78,"""/ci2 1 자, 잘 부탁드립니다!"""
IncidentJsApcBegin#77,"""/toge /ci4 1 ……앗, 당신은!<br>도, 도와주세요!<br>적에게 포위돼서……!"""
IncidentJsApcFailure#77,"""……더는 무리예요.<br>죄송해요, 먼저 퇴각할게요."""
IncidentJsApcSuccess#77,"""/ci2 1 가, 감사합니다!<br>덕분에 살았어요!<br>정말 정말 감사해요!"""
IncidentJsApcBeginEvo#71,"""/moya /ci4 4 이게 뭐지……<br>엄청 큰 반응이……!"""
AbilityExeRareU#3,"""(임시) 레어 유닛 장비 시 잠재력 발동"""
EnemyLargeRareW#3,"""(임시) 레어 무기 장비 시 대형 적 출현"""
EnemyBossRareW#3,"""(임시) 레어 무기 장비 시 보스 출현"""
EnemyRareRareW#3,"""(임시) 레어 무기 장비 시 희귀 적 출현"""
EnemyBoostRareW#3,"""(임시) 레어 무기 장비 시 강화 적 출현"""
PartyJoin#79,"""/ci1 4 그럼, 잘 부탁한다"""
IncidentJsApcBegin#78,"""/ci1 2 미안하다, 너에게<br>늘 신세만 지는군."""
IncidentJsApcFailure#78,"""……여기까지인가.<br>미안하다, 먼저 퇴각하겠다."""
IncidentJsApcSuccess#78,"""/ci2 5 제압……완료.<br>네 덕분이다. 감사한다."""
IncidentJsApcBeginEvo#72,"""/ci3 2 ……긴장 풀지 마라.<br>엄청난 녀석이 오는 모양이다."""
AbilityExeRareU#4,"""(임시) 레어 유닛 장비 시 잠재력 발동"""
EnemyLargeRareW#4,"""(임시) 레어 무기 장비 시 대형 적 출현"""
EnemyBossRareW#4,"""(임시) 레어 무기 장비 시 보스 출현"""
EnemyRareRareW#4,"""(임시) 레어 무기 장비 시 희귀 적 출현"""
EnemyBoostRareW#4,"""(임시) 레어 무기 장비 시 강화 적 출현"""
PartyJoin#80,"""/toge /ci2 1 잘 부탁해!"""
IncidentJsApcBegin#79,"""/ci2 3 /toge 오, 너 마침 잘 왔어!<br>적이 너무 많으니까<br>좀 도와줘!"""
IncidentJsApcFailure#79,"""……으윽, 젠장!<br>미안, 먼저 퇴각할게!"""
IncidentJsApcSuccess#79,"""/mn15 /ci2 1 좋아, 좋아!\u3000<br>끝났다!<br>도와줘서 고마워!"""
IncidentJsApcBeginEvo#73,"""/ci5 2 헉, 이 거대한 반응<br>아직 더 온다는 거야!"""
AbilityExeRareU#5,"""(임시) 레어 유닛 장비 시 잠재력 발동"""
EnemyLargeRareW#5,"""(임시) 레어 무기 장비 시 대형 적 출현"""
EnemyBossRareW#5,"""(임시) 레어 무기 장비 시 보스 출현"""
EnemyRareRareW#5,"""(임시) 레어 무기 장비 시 희귀 적 출현"""
EnemyBoostRareW#5,"""(임시) 레어 무기 장비 시 강화 적 출현"""
PartyJoin#81,"""/ci2 3 그럼, 잘 부탁드립니다"""
IncidentJsApcBegin#80,"""/ci4 1 죄송합니다……<br>당신에게 의지하기만 해서……"""
IncidentJsApcFailure#80,"""……더는 버틸 수 없습니다.<br>죄송합니다. 이만<br>퇴각하겠습니다."""
IncidentJsApcSuccess#80,"""/ci2 1 후우……무사히 끝났군요.<br>당신 덕분입니다<br>감사합니다."""
IncidentJsApcBeginEvo#74,"""/ci5 3 ……아직 끝나지 않은 듯합니다.<br>거대한 반응이 다가오고 있습니다."""
AbilityExeRareU#6,"""(임시) 레어 유닛 장비 시 잠재력 발동"""
EnemyLargeRareW#6,"""(임시) 레어 무기 장비 시 대형 적 출현"""
EnemyBossRareW#6,"""(임시) 레어 무기 장비 시 보스 출현"""
EnemyRareRareW#6,"""(임시) 레어 무기 장비 시 희귀 적 출현"""
EnemyBoostRareW#6,"""(임시) 레어 무기 장비 시 강화 적 출현"""
PartyJoin#82,"""/mn16 /ci2 1 네, 잘 부탁해!"""
IncidentJsApcBegin#81,"""/mn17 /ci2 1 와 줬구나!<br>고마워, 이젠 어떻게든 되겠어!"""
IncidentJsApcFailure#81,"""……으으, 나 너무 미숙해.<br>미안, 먼저 퇴각할게."""
IncidentJsApcSuccess#81,"""/ci2 2 해냈다!\u3000어떻게든 버텼어!<br>네 덕분이야!\u3000고마워!"""
IncidentJsApcBeginEvo#75,"""/mn19 /ci2 1 어라, 어라라?<br>뭔가 큰 반응이<br>다가오고 있어!"""
AbilityExeRareU#7,"""(임시) 레어 유닛 장비 시 잠재력 발동"""
EnemyLargeRareW#7,"""(임시) 레어 무기 장비 시 대형 적 출현"""
EnemyBossRareW#7,"""(임시) 레어 무기 장비 시 보스 출현"""
EnemyRareRareW#7,"""(임시) 레어 무기 장비 시 희귀 적 출현"""
EnemyBoostRareW#7,"""(임시) 레어 무기 장비 시 강화 적 출현"""
PartyJoin#83,"""/ci1 2 ……얼른 끝내자"""
IncidentJsApcBegin#82,"""/ci4 3 ……폐를 끼쳐서<br>미안해."""
IncidentJsApcFailure#82,"""……젠장, 폐만 끼치고 있어.<br>난 물러날게……미안해!"""
IncidentJsApcSuccess#82,"""/ci2 5 ……그게, 뭐라고 해야 하나<br>미안해. 그리고 고마워."""
IncidentJsApcBeginEvo#76,"""/moya /ci5 2 ……아직이야.<br>아직 끝나지 않았어."""
AbilityExeRareU#8,"""(임시) 레어 유닛 장비 시 잠재력 발동"""
EnemyLargeRareW#8,"""(임시) 레어 무기 장비 시 대형 적 출현"""
EnemyBossRareW#8,"""(임시) 레어 무기 장비 시 보스 출현"""
EnemyRareRareW#8,"""(임시) 레어 무기 장비 시 희귀 적 출현"""
EnemyBoostRareW#8,"""(임시) 레어 무기 장비 시 강화 적 출현"""
