EnemyWeak#0,"""이, 이 정도 적이라면<br>저라도 어떻게든…"""
EnemyLarge#0,"""크, 크다…<br>이게 진짜 박력…"""
EnemyBoss#0,"""와, 와앗, 굉장한 게<br>나왔어요!"""
EnemyRare#0,"""저건 희귀한 종류예요.<br>자료에서 본 적 있어요."""
EnemyBoost#0,"""…왠지 무서운 느낌이에요."""
DestroyEnemy1#0,"""해냈어요!"""
DestroyEnemy2#0,"""저도 해냈어요!"""
DestroyEnemy3#0,"""선배 덕분이에요!"""
CondFreeze#0,"""으으… 추워요…"""
CondBurn#0,"""으으… 뜨거워요…"""
CondShock#0,"""으으… 몸이 저려요…"""
CondPoison#0,"""으으… 독이…"""
CondPanic#0,"""으으… 세상이 빙글빙글 돌아요."""
CondStan#0,"""으으… 몸이 안 움직여요…"""
CondMirage#0,"""으으… 눈앞이 번쩍거려요…"""
Die#0,"""싫어… 이건…"""
ThankHeal#0,"""감사합니다!"""
ThankBuff#0,"""살았어요!"""
ThankCure#0,"""번거롭게 해 드려 죄송해요!"""
DefeatEnemy#0,"""어, 어떻게든 해냈어요…"""
LevelUp#0,"""선배는 정말 대단해요…"""
InvokeSkill1#0,"""이걸로!"""
InvokeSkill2#0,"""저도 할 수 있을 거예요!"""
InvokeSkill3#0,"""해치울게요!"""
TechFire#0,"""불타 주세요!"""
TechIce#0,"""얼어 주세요!"""
TechThunder#0,"""감전돼 버리세요!"""
TechWind#0,"""날아가 버려요!"""
TechLight#0,"""부탁해요!"""
TechDark#0,"""이거라면 어때요!"""
PBFull#0,"""비장의 수를 쓸 차례예요!"""
PBRelease#0,"""힘내 줘!"""
TacticsFree#0,"""자유롭게라니… 어, 그러니까<br>아, 알겠습니다!"""
TacticsGuard#0,"""수비라니… 저기, 그러니까<br>아, 알겠습니다!"""
TacticsMassedAttack#0,"""집중이라니… 어, 저기<br>아, 알겠습니다!"""
TacticsAttack#0,"""미끼라니… 네, 네엣!?<br>제, 제가요!?"""
Avoid#0,"""얍!"""
HealSelf#0,"""위험했어…"""
BuffSelf#0,"""보, 보조해야 해…"""
HealOther#0,"""괘, 괜찮으세요!?"""
BuffOther#0,"""보조할게요!"""
QuestStart1#0,"""서, 선배!<br>저, 열심히 할게요!"""
QuestStart2#0,"""선배가 함께라면<br>저, 괜찮아요!"""
QuestEnd1#0,"""해, 해냈어요!"""
QuestEnd2#0,"""선배 덕분이에요!"""
IncidentStart#0,"""이, 이게 뭘까요?"""
IncidentSuccess#0,"""서, 선배가 함께여서 다행이에요.<br>혼자였다면 어떻게 됐을지…"""
IncidentFailure#0,"""죄, 죄송해요…<br>제가 서툴러서…"""
PSE#0,"""저기, 이게 혹시<br>PSE라는 건가요?"""
PSELevelUp#0,"""대단해요, 대단해요!<br>자료에서 본 그대로예요!"""
PSEBurst#0,"""이게 PSE 버스트…<br>대단해… 상상 이상이에요!"""
HP30#0,"""으윽, 아, 아직이에요…"""
HP10#0,"""…더는 무리예요."""
ItemRare#0,"""그거 좋은 물건이죠!"""
DamageSmall#0,"""꺅!"""
DamageMiddle#0,"""아야!"""
DamageLarge#0,"""싫어엇!"""
Trap#0,"""그, 그럴 수가…<br>이런 곳에 함정이라니…!"""
ThankTrapRescue#0,"""아, 감사합니다!"""
TrapRescueOther#0,"""괘, 괜찮으세요!?"""
MemberDamaged#0,"""회, 회복을!"""
MemberDead#0,"""그, 그럴 수가…<br>이런 일이…!"""
AbilityExe#0,"""/toge 몸이 가벼워요.<br>지금이라면 저도!"""
AbilitySpecial#0,"""/toge 맡겨 주세요!"""
Resurrect#0,"""조금만 더 힘낼게요!"""
PartyJoin#0,"""/ci1 1 와앗, 힘내야 해요…!"""
Marvelous#0,"""저도 힘낼게요, 선배!"""
IncidentJsApcBegin#0,"""/mn2 /ci4 3 서, 선배님!<br>죄송하지만 도와주세요!<br>적이 잔뜩 몰려왔어요...!"""
IncidentJsApcFailure#0,"""/mn7 으으... 죄송해요...<br>더는 무리예요..."""
IncidentJsApcSuccess#0,"""/mn15 /ci2 1 휴, 어떻게든 해냈어요...<br>선배님, 정말 감사합니다!"""
IncidentJsApcBeginEvo#0,"""/mn2 /ci4 3 와앗, 와와앗…!<br>왠지 또 나타날 기척이…"""
EnemyWeak#1,"""이 정도라면 저도<br>어떻게든 할 수 있습니다!"""
EnemyLarge#1,"""엄청… 큽니다!"""
EnemyBoss#1,"""이 박력!<br>진짜가 등장했군요!"""
EnemyRare#1,"""아앗, 저건!<br>스승님, 희귀한 녀석입니다!"""
EnemyBoost#1,"""이 분위기는…<br>위험한 녀석일까요!"""
DestroyEnemy1#1,"""제대로 들어갔다!"""
DestroyEnemy2#1,"""해냈어요!"""
DestroyEnemy3#1,"""자, 다음입니다!"""
CondFreeze#1,"""윽… 동결…!?"""
CondBurn#1,"""윽… 연소…!?"""
CondShock#1,"""윽… 감전…!?"""
CondPoison#1,"""윽… 독…!?"""
CondPanic#1,"""윽… 머리가…"""
CondStan#1,"""윽… 몸이…"""
CondMirage#1,"""윽… 시야가…"""
Die#1,"""아직 끝날 수는…"""
ThankHeal#1,"""감사합니다!"""
ThankBuff#1,"""훌륭한 판단입니다!"""
ThankCure#1,"""번거롭게 해 드려 죄송해요!"""
DefeatEnemy#1,"""휴…<br>어떻게든 해냈군요, 스승님!"""
LevelUp#1,"""저는 평생 따라가겠습니다!"""
InvokeSkill1#1,"""필!\u3000살!"""
InvokeSkill2#1,"""우오랴아아아앗!"""
InvokeSkill3#1,"""제가 끝내 보이겠습니다!"""
PBFull#1,"""준비 완료, 지금이 기회입니다!"""
PBRelease#1,"""힘이 솟는다아앗!"""
TacticsFree#1,"""저, 자유롭게 싸우겠습니다!"""
TacticsGuard#1,"""저, 수비를 굳히겠습니다!"""
TacticsMassedAttack#1,"""저, 한곳에 집중해 공격하겠습니다!"""
TacticsAttack#1,"""제가 적을 끌어들이겠습니다!"""
Avoid#1,"""하앗!"""
HealSelf#1,"""회복해야 합니다!"""
BuffSelf#1,"""보조를 잊었습니다!"""
HealOther#1,"""회복하겠습니다!"""
BuffOther#1,"""제가 보조하겠습니다!"""
QuestStart1#1,"""불타오릅니다!<br>갑시다!"""
QuestStart2#1,"""저, 최선을 다하겠습니다!"""
QuestEnd1#1,"""스승님, 끝났습니다!"""
QuestEnd2#1,"""역시 스승님!<br>훌륭하다는 말밖에 안 나옵니다!"""
IncidentStart#1,"""오오옷!?<br>뭔가 일어날 것 같습니다!"""
IncidentSuccess#1,"""해냈습니다, 스승님!<br>성공입니다!"""
IncidentFailure#1,"""…죄송합니다.<br>제가 한심한 탓에…"""
PSE#1,"""오오!<br>이게 혹시 PSE…!"""
PSELevelUp#1,"""스승님!<br>이 기세로 계속 이어 갑시다!"""
PSEBurst#1,"""이게 최종 단계…<br>설마 직접 보게 될 줄이야!"""
HP30#1,"""아직입니다!"""
HP10#1,"""이, 이 이상은 아무래도…"""
ItemRare#1,"""스승님, 그거 좋은 물건이군요!"""
DamageSmall#1,"""큭, 제법입니다!"""
DamageMiddle#1,"""크윽!"""
DamageLarge#1,"""우앗!"""
Trap#1,"""방심했습니다!<br>이런 곳에 함정이라니!"""
ThankTrapRescue#1,"""큰 도움이 됩니다!"""
TrapRescueOther#1,"""괜찮으세요!"""
MemberDamaged#1,"""무리하지 마십시오!"""
MemberDead#1,"""…이런 일은<br>용납할 수 없습니다!"""
AbilityExe#1,"""/toge 몸이 가볍습니다!"""
AbilitySpecial#1,"""/toge 제가 가겠습니다!"""
Resurrect#1,"""근성이다아아앗!"""
PartyJoin#1,"""/ci1 1 맡겨 주십시오, 스승님!"""
Marvelous#1,"""스승님, 역시 대단하십니다!"""
IncidentJsApcBegin#1,"""/ci2 1 서, 스승님!<br>혼자서는 버티기 힘듭니다!<br>죄송하지만 도와주십시오!"""
IncidentJsApcFailure#1,"""……스승님, 죄송합니다.<br>저는 먼저 물러나겠습니다."""
IncidentJsApcSuccess#1,"""/ci2 1 해냈습니다!<br>어떻게든 격퇴했습니다!<br>스승님 덕분입니다!"""
IncidentJsApcBeginEvo#1,"""으음, 오오옷!<br>새로운 기척입니다!<br>스승님, 아직 안 끝난 것 같습니다!"""
EnemyWeak#2,"""한꺼번에 날려 버리겠어!"""
EnemyLarge#2,"""크기 따윈 상관없어!<br>한꺼번에 날려 버린다!"""
EnemyBoss#2,"""강적이군!<br>나에게 맡겨 둬!"""
EnemyRare#2,"""응, 저 녀석……희귀한 놈이야!"""
EnemyBoost#2,"""이 기척……위험한 녀석이다.<br>무리하지 말고 연계하자!"""
DestroyEnemy1#2,"""제대로 들어갔다!"""
DestroyEnemy2#2,"""아름답지!"""
DestroyEnemy3#2,"""넋을 잃고 봐도 좋다고!"""
CondFreeze#2,"""차가워, 차갑다고!<br>이 녀석!"""
CondBurn#2,"""뜨거워!\u3000뜨겁다고!\u3000젠장!"""
CondShock#2,"""저리잖아!\u3000뭐야, 이건!"""
CondPoison#2,"""독인가… 으윽, 기분 나빠."""
CondPanic#2,"""혼란스러워도<br>전부 날려 버리면 문제없다!"""
CondStan#2,"""으, 움직일 수 없어… 뭐야, 이건!"""
CondMirage#2,"""시야가 이상하다고!<br>뭐야, 이건!"""
Die#2,"""아직 모두 싸우고 있는데……나는……"""
ThankHeal#2,"""고마워, 살았어!"""
ThankBuff#2,"""고마워, 감사한다!"""
ThankCure#2,"""오, 기분 상쾌한데!"""
DefeatEnemy#2,"""후훗, 이걸로 끝이군!"""
LevelUp#2,"""흥, 난 더 강하다!"""
TechFire#1,"""전부 한꺼번에 불태워 주마!"""
PBFull#2,"""그 정도로 해 둬라, 네놈!"""
PBRelease#2,"""난 지지 않아!<br>내가 지닌 이 이름을 걸고!"""
TacticsFree#2,"""그럼 난 자유롭게 하겠다!"""
TacticsGuard#2,"""에이, 방어만 하는 건 재미없어…"""
TacticsMassedAttack#2,"""집중적으로, 집요하게, 불태워 주마!"""
Avoid#2,"""훤히 보인다!"""
HealSelf#2,"""단숨에 회복이다!"""
BuffSelf#2,"""보조도 할 수 있다고!"""
HealOther#2,"""네놈, 회복을 잊어서 어쩌려고!"""
BuffOther#2,"""네놈, 보조를 잊지 마라!"""
QuestStart1#2,"""좋아, 간다. 따라와라!"""
QuestStart2#2,"""네놈이 꼭 부탁한다고 해서다!"""
QuestEnd1#2,"""흐흥, 이 정도는 평범하다."""
QuestEnd2#2,"""뭐, 움직이기 편했다는 건<br>인정해 주마!"""
IncidentStart#2,"""…응?<br>뭔가 일어나는 건가?"""
IncidentSuccess#2,"""대성공이지!"""
IncidentFailure#2,"""에이…"""
PSE#2,"""오오, 뭐야 이건!<br>포톤이 술렁이고 있다고!"""
PSELevelUp#2,"""왠지 두근거리기 시작했다!<br>자, 더 이어 가자!"""
PSEBurst#2,"""오오, 이건 굉장하군!<br>소문 이상인 상태다!"""
HP30#2,"""나중에 배로 갚아 주마!"""
HP10#2,"""…이 내가, 이렇게!"""
ItemRare#2,"""원하는 만큼 가져가라!"""
DamageSmall#2,"""아야!"""
DamageMiddle#2,"""으윽"""
DamageLarge#2,"""으으윽……!"""
Trap#2,"""함정?\u3000치사하잖아, 뭐야 그건!"""
ThankTrapRescue#2,"""미안하다, 덕분에 살았다!"""
TrapRescueOther#2,"""함정을 조심해!"""
MemberDamaged#2,"""나한테 맡기고 물러나라!"""
MemberDead#2,"""…용서하지 않겠다, 절대로!"""
AbilityExe#2,"""/toge 흐흥, 절호조다!"""
AbilitySpecial#2,"""/toge 좋아, 내가 하겠다!"""
Resurrect#2,"""……나에게도 지키고 싶은 게 생겼어!"""
PartyJoin#2,"""/ci1 1 네놈이 꼭 부탁한다고 해서다!"""
Marvelous#2,"""흥, 제법 움직이잖아."""
IncidentJsApcBegin#2,"""/toge /ci2 2 어이, 네놈!\u3000괜찮나!<br>나도 돕겠다!\u3000맡겨 둬!"""
IncidentJsApcFailure#2,"""/mn10  큭……한심하군……<br>미안하다, 난 물러나겠다."""
IncidentJsApcSuccess#2,"""/mn15 /ci2 1 후후후, 제대로 들어갔군!<br>곤란할 땐 언제든 불러라!<br>그럼 또 보자!"""
IncidentJsApcBeginEvo#2,"""/mn15 /ci2 1 음, 아직 더 오는 건가!<br>저것도 폭파해 버려도 되겠지?"""
IncidentJsMultiApcBegin#0,"""/toge /ci2 1 육망균형 클라리스 크레이스,<br>화려하게 등장이다!<br>자, 적군 아군 가리지 말고 경배해라!"""
IncidentJsMultiApcSuccess#0,"""/mn19 /ci2 4 응!\u3000난 전혀, 조금도<br>아무것도 모르겠지만<br>따라가겠다!\u3000그럼 안녕, 네놈!"""
EnemyWeak#3,"""약한 녀석 괴롭히는 건 싫은데."""
EnemyLarge#3,"""크기만 한 거라면 무섭지 않아."""
EnemyBoss#3,"""제법 상대할 맛 나겠네."""
EnemyRare#3,"""흐음, 이런 곳에도<br>있는 거구나."""
EnemyBoost#3,"""저 형태는… 광폭화?"""
DestroyEnemy1#3,"""다음으로 가자."""
DestroyEnemy2#3,"""이 정도야?"""
DestroyEnemy3#3,"""끝이야."""
CondFreeze#3,"""동결 따위…!"""
CondBurn#3,"""이 정도 열은…!"""
CondShock#3,"""큭, 몸이 저려도…!"""
CondPoison#3,"""윽… 독이라 해도…!"""
CondPanic#3,"""으으, 시야가 빙빙 돌아…<br>그래도…!"""
CondStan#3,"""움직임 봉쇄…?<br>귀찮은 짓을…!"""
CondMirage#3,"""시각을 봉쇄했어…!"""
Die#3,"""결국… 나는…"""
ThankHeal#3,"""감사는 해 둘게."""
ThankBuff#3,"""좋은 판단이네."""
ThankCure#3,"""이제야 진정됐어."""
DefeatEnemy#3,"""대충 다 정리됐나?"""
LevelUp#3,"""뭐, 괜찮지 않아?"""
InvokeSkill1#2,"""난 만만하지 않아."""
InvokeSkill2#2,"""방해되는 건 날려 버릴 뿐."""
InvokeSkill3#2,"""얼른 거기서 비켜."""
PBFull#3,"""정말, 무모하다고 해야 할지…"""
PBRelease#3,"""자, 같이 가자."""
TacticsFree#3,"""내 마음대로 할게."""
TacticsGuard#3,"""공격할 기회를 노리는 거네."""
TacticsMassedAttack#3,"""집중해서 노린다…<br>합리적인 전술이네."""
TacticsAttack#2,"""어디를 보고 있는 거야?<br>난 여기야."""
Avoid#3,"""느려."""
HealSelf#3,"""아쉬웠네."""
BuffSelf#3,"""빈틈없이 갈게."""
HealOther#3,"""회복을 잊지 마."""
BuffOther#3,"""보조도 무시할 순 없어."""
QuestStart1#3,"""자, 가자."""
QuestStart2#3,"""또 함께네.<br>뭐, 너와 함께라면<br>편하니까 괜찮지만."""
QuestEnd1#3,"""이 정도지?"""
QuestEnd2#3,"""뭐, 나랑 함께였으니까.<br>나름 열심히 했다고는 생각해."""
IncidentStart#3,"""뭔가 오는 건가?"""
IncidentSuccess#3,"""흐음, 성공한 모양이네."""
IncidentFailure#3,"""난 상관없으니까."""
PSE#3,"""이게 PSE라는 거야?"""
PSELevelUp#3,"""뭔가 계속되고 있지 않아?"""
PSEBurst#3,"""흐음… 이게 버스트.<br>포톤이 활성화된 상태구나."""
HP30#3,"""이제부터 진심이야."""
HP10#3,"""…이 정도까지 몰리다니."""
ItemRare#3,"""난 딱히 갖고 싶지 않아."""
DamageSmall#3,"""큭!"""
DamageMiddle#3,"""으윽"""
DamageLarge#3,"""으악!"""
Trap#3,"""이 정도 함정에…<br>바보 같아."""
ThankTrapRescue#3,"""감사는 할게."""
TrapRescueOther#3,"""번거롭게 하지 마."""
MemberDamaged#3,"""무리는 금물.<br>일단 물러나는 게 어때?"""
MemberDead#3,"""…난 상관없어.<br>그래도…!"""
AbilityExe#3,"""/toge 이 기세라면… 할 수 있어."""
AbilitySpecial#3,"""/toge 나한테 맡겨."""
Resurrect#3,"""…아직 죽을 순 없어."""
PartyJoin#3,"""/ci1 1 한가했으니까."""
Marvelous#3,"""……마리아가 좋아하겠군"""
IncidentJsApcBegin#3,"""/toge /ci3 1 ...정말 못 봐주겠네!<br>도와줄 테니 얼른<br>이 녀석들을 처리하자!"""
IncidentJsApcFailure#3,"""으음... 나도 아직 미숙한가 봐.<br>미안해, 먼저 물러날게."""
IncidentJsApcSuccess#3,"""/ci2 2 한 건 끝났네.<br>...난 이제 갈 테니까<br>너무 무리하지 마."""
IncidentJsApcBeginEvo#3,"""/ci1 1 응……?\u3000이런, 이런<br>아무래도 아직 끝난 건<br>아닌 모양이네."""
EnemyWeak#4,"""쉽네 쉬워!"""
EnemyLarge#4,"""꽤 큰 녀석이네"""
EnemyBoss#4,"""만만치 않은 녀석 같네"""
EnemyRare#4,"""저건 드문 녀석이네"""
EnemyBoost#4,"""이 적은……위험하네"""
WeatherChange#0,"""어라, 날씨 변화인가"""
DestroyEnemy1#4,"""이얍!"""
DestroyEnemy2#4,"""날려버려!"""
DestroyEnemy3#4,"""반응이 없네"""
CondFreeze#4,"""큿…… 실수했네……"""
CondBurn#4,"""윽…… 아뿔싸……"""
CondShock#4,"""크윽……"""
CondPoison#4,"""으윽…… 독인가……"""
CondPanic#4,"""으으…… 안되겠어……"""
CondStan#4,"""크윽…… 몸의 자유가……"""
CondMirage#4,"""시야가 이상해……"""
Die#4,"""방심해 버렸……어"""
ThankHeal#4,"""고마워!"""
ThankBuff#4,"""좋은 느낌이네!"""
ThankCure#4,"""고마워!"""
DefeatEnemy#4,"""이걸로 끝인가"""
LevelUp#4,"""믿음직 하네"""
InvokeSkill1#3,"""받아랏!"""
InvokeSkill2#3,"""간닷!"""
InvokeSkill3#3,"""이걸로 끝내주지!"""
TechFire#2,"""이얍 이얍!！"""
TechIce#1,"""이얍 이얍!！"""
TechThunder#1,"""이얍 이얍!！"""
TechWind#1,"""이얍 이얍!！"""
TechLight#1,"""이얍 이얍!！"""
TechDark#1,"""이얍 이얍!！"""
PBFull#4,"""그럼…… 가볼까!"""
PBRelease#4,"""각오는 됐겠지!"""
TacticsFree#4,"""알겠어!"""
TacticsGuard#4,"""우선을 상황을 봐야겠네"""
TacticsMassedAttack#4,"""단숨에 밀어붇여 볼까"""
TacticsAttack#3,"""미끼는 맡겨둬"""
Avoid#4,"""얍"""
HealSelf#4,"""좋아. 이걸로 아직 할만하겠어."""
BuffSelf#4,"""이제 시작이야"""
HealOther#4,"""괜찮아?"""
BuffOther#4,"""원호는 맡겨둬"""
QuestStart1#4,"""자, 가볼까"""
QuestEnd1#4,"""좋아, 이제 끝이야"""
QuestEnd2#4,"""좋은 느낌이였지?"""
IncidentStart#4,"""어라. 아무래도 뭔가<br>일어날 것 같네."""
IncidentSuccess#4,"""좋아 좋아. 잘됐네!"""
IncidentFailure#4,"""실패의 원인을 밝혀내야만 해……"""
PSE#4,"""포톤이 들떴어?<br>신기한 현상이네"""
PSELevelUp#4,"""조금만 더 계속해보고 싶네"""
PSEBurst#4,"""이게 최종 단계인가"""
HP30#4,"""꽤 하네"""
HP10#4,"""슬슬 위험하지 않나……?"""
ItemRare#4,"""그거 보기 드문 녀석이야"""
DamageSmall#4,"""윽!"""
DamageMiddle#4,"""큭!"""
DamageLarge#4,"""아얏!"""
Trap#4,"""함정!? 이런 곳에 있을 줄이야!"""
ThankTrapRescue#4,"""와, 덕분에 살았어"""
TrapRescueOther#4,"""괜찮아?"""
MemberDamaged#4,"""무리해선 안돼"""
MemberDead#4,"""……용서못해"""
AbilityExe#4,"""/toge 타오르기 시작했니"""
AbilitySpecial#4,"""가슴이 타오르기 시작했어!"""
Resurrect#4,"""휴. 죽는 줄 알았네"""
PartyJoin#4,"""/toge /ci2 1 그럼 잘 부탁해!"""
Marvelous#4,"""역시 엄청나네"""
IncidentJsApcBegin#4,"""/toge /ci2 1 고전하는 것 같네<br>이것도 인연인데 도와줄게!"""
IncidentJsApcFailure#4,"""아이구 당해버렸네…<br>미안, 후퇴할게."""
IncidentJsApcSuccess#4,"""/ci2 2 좋아 대충 정리됐나<br>그럼 수고해."""
IncidentJsApcBeginEvo#4,"""/ci2 1 어라, 아직 더 오는 것 같네."""
EnemyWeak#5,"""미숙한 놈"""
EnemyLarge#5,"""덩치만 큰 건가?"""
EnemyBoss#5,"""이 녀석은 강한 모양이군"""
EnemyRare#5,"""희귀한 녀석이 있군"""
EnemyBoost#5,"""……이 기척은 위험하다"""
WeatherChange#1,"""공기가 변했군"""
DestroyEnemy1#5,"""세잇!"""
DestroyEnemy2#5,"""흥!"""
DestroyEnemy3#5,"""끝이다!"""
CondFreeze#5,"""동결인가……!"""
CondBurn#5,"""연소인가……!"""
CondShock#5,"""감전인가……!"""
CondPoison#5,"""독인가……!"""
CondPanic#5,"""혼란인가……!"""
CondStan#5,"""행동 불능인가……!"""
CondMirage#5,"""시야가……!"""
Die#5,"""큭……방심했군……!"""
ThankHeal#5,"""고맙다."""
ThankBuff#5,"""신세를 졌군"""
ThankCure#5,"""수고를 끼쳤군"""
DefeatEnemy#5,"""이 정도인가"""
LevelUp#5,"""흐음……느낌 좋군"""
InvokeSkill1#4,"""우랴앗!"""
InvokeSkill2#4,"""거기다!"""
InvokeSkill3#4,"""분쇄한다!"""
PBFull#5,"""각오는 됐나……"""
PBRelease#5,"""놀이는 끝이다!"""
TacticsFree#5,"""알겠다"""
TacticsGuard#5,"""방어 중시인가"""
TacticsMassedAttack#5,"""집중해서 간다"""
TacticsAttack#4,"""적을 끌어들이겠다!"""
Avoid#5,"""흥!"""
HealSelf#5,"""위험했군"""
BuffSelf#5,"""아직 지금부터다"""
HealOther#5,"""방심은 금물이다."""
BuffOther#5,"""엄호는 맡겨라"""
QuestStart1#5,"""시작하도록 하지"""
QuestEnd1#5,"""나쁘지 않은 결과다"""
QuestEnd2#5,"""역시 대단하다고 해야 하나"""
IncidentStart#5,"""뭔가 일어난다, 조심해라"""
IncidentSuccess#5,"""버텨 낸 모양이군"""
IncidentFailure#5,"""예상이 안일했나……"""
PSE#5,"""포톤의 활성화인가?"""
PSELevelUp#5,"""아직 계속되는 모양이군."""
PSEBurst#5,"""그렇군, 이것이 최종 단계인가"""
HP30#5,"""제법이잖아……!"""
HP10#5,"""위험하군……"""
ItemRare#5,"""희귀한 물품이군, 챙겨 둬라"""
DamageSmall#5,"""큭!"""
DamageMiddle#5,"""제법이군!"""
DamageLarge#5,"""크악!"""
Trap#5,"""함정이라고!"""
ThankTrapRescue#5,"""폐를 끼쳤군"""
TrapRescueOther#5,"""위험할 뻔했군."""
MemberDamaged#5,"""물러나 있어라"""
MemberDead#5,"""……용서하지 않겠다"""
AbilityExe#5,"""이제야 몸이 풀리는군"""
Resurrect#5,"""누워 있을 때가 아니다!"""
PartyJoin#5,"""/ci1 4 잘 부탁한다"""
Marvelous#5,"""역시 대단하다고 해야 하나"""
IncidentJsApcBegin#5,"""/ci1 4 이렇게 만난 것도 인연이니<br>도와주도록 하지"""
IncidentJsApcFailure#5,"""큭……방심했군……<br>미안하지만 물러나겠다"""
IncidentJsApcSuccess#5,"""/ci1 4 인연이 있다면 또 만나겠지.<br>잘 있어라."""
IncidentJsApcBeginEvo#5,"""/ci3 4 아직 더 온다\u3000긴장 풀지 마라"""
EnemyWeak#6,"""이 정도면 여유롭겠어요!"""
EnemyLarge#6,"""납작하게 깔리지 않도록<br>조심해서 가요……!"""
EnemyBoss#6,"""만만치 않은 상대 같네요!<br>기운 내서 가요!"""
EnemyRare#6,"""와, 희귀한 에너미네요!"""
EnemyBoost#6,"""이 분위기……<br>평범한 에너미가 아니에요……!"""
DestroyEnemy1#6,"""해냈어요!"""
DestroyEnemy2#6,"""아직 더 할 수 있어요!"""
DestroyEnemy3#6,"""깔끔하게 쓰러뜨렸어요!"""
CondFreeze#6,"""에취!<br>너, 너무 추워요!"""
CondBurn#6,"""뜨, 뜨거워!<br>뜨거워요!"""
CondShock#6,"""저, 저려……요……!"""
CondPoison#6,"""으으<br>기, 기분이 안 좋아요……"""
CondPanic#6,"""어라라……?<br>시야가 빙글빙글 돌아요~"""
CondStan#6,"""우, 움직일 수 없어……!"""
CondMirage#6,"""호오오……!<br>뭔가 세상이<br>흐릿하게 보여요!"""
Die#6,"""해야 할 일이……<br>있는데……"""
ThankHeal#6,"""감사합니다!"""
ThankBuff#6,"""살았어요!"""
ThankCure#6,"""후우……진정됐어요……"""
DefeatEnemy#6,"""계속 나아가요!"""
LevelUp#6,"""와아!<br>축하합니다!"""
InvokeSkill1#5,"""갑니다!"""
InvokeSkill2#5,"""이 일격으로!"""
InvokeSkill3#5,"""/toge 비장의……갑니다!!"""
PBFull#6,"""언제든 갈 수 있어요!"""
PBRelease#6,"""/toge 제 포톤……받아 주세요!!"""
Avoid#6,"""히얏!"""
HealSelf#6,"""아직 더 할 수 있어요!"""
BuffSelf#6,"""준비 완료예요!"""
HealOther#6,"""괜찮으신가요?"""
BuffOther#6,"""이걸로 완벽하네요!"""
QuestStart1#6,"""기운 내서 가요!"""
QuestEnd1#6,"""퀘스트 클리어예요!<br>에헤헷, 해냈네요!"""
IncidentStart#6,"""왠지 불길한 예감이 들어요……!"""
IncidentSuccess#6,"""하아……하아……<br>리더 덕분에<br>어떻게든 해냈어요!"""
IncidentFailure#6,"""죄송해요……제가<br>리더의 발목을 잡아서……"""
PSE#6,"""이건……PSE일까요?"""
PSELevelUp#6,"""레벨이 올랐어요!"""
PSEBurst#6,"""PSE 버스트!<br>몇 번을 봐도 아름답네요……!"""
HP30#6,"""하아……하아……<br>조금 지치기 시작했어요……"""
HP10#6,"""이제……쓰러질 것 같아요……"""
ItemRare#6,"""희귀한 아이템이네요!<br>축하합니다!"""
DamageSmall#6,"""으윽……!"""
DamageMiddle#6,"""꺅!"""
DamageLarge#6,"""우와아앗!!"""
Trap#6,"""으악!<br>함정에 걸렸어요!"""
ThankTrapRescue#6,"""살았어요!<br>감사합니다!"""
TrapRescueOther#6,"""괘, 괜찮으세요?"""
MemberDamaged#6,"""저에게 맡겨 주세요!"""
MemberDead#6,"""용서 못 해요……!"""
AbilityExe#6,"""힘이 넘쳐흘러요!"""
AbilitySpecial#5,"""왠지 저,<br>지금이라면 뭐든<br>할 수 있을 것 같아요!"""
Resurrect#6,"""저……아직 죽을 수 없어요."""
PartyJoin#6,"""/toge /ci2 1 잘 부탁드립니다!"""
Marvelous#6,"""역시 대단하세요!"""
IncidentJsApcBegin#6,"""/ci1 1 죄송합니다!<br>적이 너무 많아서 애먹고 있어요.<br>도와주시겠어요?"""
IncidentJsApcFailure#6,"""으윽, 죄송합니다.<br>제 힘이 부족한 탓에……"""
IncidentJsApcSuccess#6,"""/ci2 2 에헤헷, 해냈네요!<br>도와주셔서<br>감사합니다!"""
IncidentJsApcBeginEvo#6,"""/ci2 1 새로운 에너미군요.<br>방심하지 말고 가요!"""
EnemyWeak#7,"""이 정도 에너미라면!"""
EnemyLarge#7,"""대형이네……!"""
EnemyBoss#7,"""만만치 않은 상대 같네!"""
EnemyRare#7,"""어라, 저건 뭘까?<br>희귀한 에너미 같아"""
EnemyBoost#7,"""정말……위험한 느낌이야"""
DestroyEnemy1#7,"""우선 하나!"""
DestroyEnemy2#7,"""잘 가"""
DestroyEnemy3#7,"""방해하니까!"""
CondFreeze#7,"""큭……동결 상태야……!"""
CondBurn#7,"""윽, 이건……연소 상태……!"""
CondShock#7,"""모, 몸이 저려서……!"""
CondPoison#7,"""기분 나빠……이거, 독……?"""
CondPanic#7,"""뭐, 뭐가 어떻게 된 거야?"""
CondStan#7,"""몸을 마음대로 움직일 수 없어……!"""
CondMirage#7,"""환각?\u3000시야가 이상해……!"""
Die#7,"""쓰러져 있을……수는 없는데……"""
ThankHeal#7,"""고마워!"""
ThankBuff#7,"""살았어!"""
ThankCure#7,"""미안해!"""
DefeatEnemy#7,"""자, 가자!"""
LevelUp#7,"""믿고 있으니까"""
InvokeSkill1#6,"""받아라!"""
InvokeSkill2#6,"""어림없어!"""
InvokeSkill3#6,"""맡겨!"""
TechFire#3,"""타올라라!"""
TechIce#2,"""얼어붙어라!"""
TechThunder#2,"""번개여!"""
TechWind#2,"""바람이여!"""
TechLight#2,"""빛이여!"""
TechDark#2,"""어둠이여!"""
PBFull#7,"""이번엔 이쪽 차례야!"""
PBRelease#7,"""여긴 나에게 맡겨!"""
Avoid#7,"""흥!"""
HealSelf#7,"""유감이네"""
BuffSelf#7,"""이걸로 만전이야"""
HealOther#7,"""방심하지 마"""
BuffOther#7,"""신중하게 가자"""
QuestStart1#7,"""그럼, 가 볼까"""
QuestEnd1#7,"""이걸로 끝, 이란 거지"""
IncidentStart#7,"""뭔가 이상한 기척이……"""
IncidentSuccess#7,"""어떻게든 해결돼서 다행이야"""
IncidentFailure#7,"""미안해……내 실수야"""
PSE#7,"""포톤이 술렁이고 있어<br>……이건!"""
PSELevelUp#7,"""계속 이어 가자!"""
PSEBurst#7,"""대단해……포톤이 이렇게나<br>활성화되다니……!"""
HP30#7,"""이대로는……"""
HP10#7,"""어떻게든……어떻게든 해야 해……!"""
ItemRare#7,"""앗!<br>그, 그거 희귀한 거……맞지?"""
DamageSmall#7,"""윽!"""
DamageMiddle#7,"""꺄악!"""
DamageLarge#7,"""꺄아악!"""
Trap#7,"""트랩!?"""
ThankTrapRescue#7,"""……수고를 끼쳐서 미안해"""
TrapRescueOther#7,"""괜찮아?"""
MemberDamaged#7,"""너무 앞으로 나가지 마!"""
MemberDead#7,"""절대로……절대로 용서 못 해!"""
AbilityExe#7,"""몸이 가벼워……!"""
AbilitySpecial#6,"""이거라면……할 수 있어!"""
Resurrect#7,"""내가 좀 더 정신 차려야 해……!"""
PartyJoin#7,"""/ci2 1 함께 힘내자!"""
Marvelous#7,"""그래, 그 기세야!"""
IncidentJsApcBegin#7,"""/ci1 1 아, 미안해!<br>적이 너무 많아서……<br>도와줄래?"""
IncidentJsApcFailure#7,"""……미안해.<br>먼저 물러날게."""
IncidentJsApcSuccess#7,"""/ci2 1 고마워.<br>덕분에 어떻게든 해결했어."""
IncidentJsApcBeginEvo#7,"""/ci1 2 어떻게든 해결했네……<br>응?\u3000이 기척, 아직 더 와……!"""
EnemyWeak#8,"""단숨에 쓸어 버린다"""
EnemyLarge#8,"""제법 크군"""
EnemyBoss#8,"""강적 등장, 이란 건가"""
EnemyRare#8,"""흐음, 희귀한 에너미군"""
EnemyBoost#8,"""조심해라.<br>지금까지와는 다르다"""
DestroyEnemy1#8,"""다음."""
DestroyEnemy2#8,"""끝났네."""
DestroyEnemy3#8,"""처치했다"""
CondFreeze#8,"""칫, 동결인가…!"""
CondBurn#8,"""큭, 연소 상태인가……!"""
CondShock#8,"""몸이 저려 와……!"""
CondPoison#8,"""독이 퍼지고 있나……!"""
CondPanic#8,"""으음……생각이 정리되지 않는군……"""
CondStan#8,"""몸이 움직이지 않는군……!"""
CondMirage#8,"""시각 방해인가……!"""
Die#8,"""미숙한 건 나 자신인가……"""
ThankHeal#8,"""미안하군"""
ThankBuff#8,"""살았다"""
ThankCure#8,"""좋아, 이걸로 괜찮다"""
DefeatEnemy#8,"""자, 다음으로 나아가자"""
LevelUp#8,"""축하한다!"""
InvokeSkill1#7,"""날아가라!"""
InvokeSkill2#7,"""마지막 일격이다!"""
InvokeSkill3#7,"""방해하지 마라!"""
TechFire#4,"""불꽃이여!"""
TechIce#3,"""얼음이여!"""
TechThunder#3,"""번개여!"""
TechWind#3,"""바람이여!"""
TechLight#3,"""빛이여!"""
TechDark#3,"""어둠이여!"""
PBFull#8,"""지금부터는 봐주지 않는다!"""
PBRelease#8,"""나와라, 포톤 블래스트!"""
Avoid#8,"""흥!"""
HealSelf#8,"""어림없군"""
BuffSelf#8,"""만전의 태세를 갖춘다"""
HealOther#8,"""방심하지 마라"""
BuffOther#8,"""잠깐, 보조도 필요하다"""
QuestStart1#8,"""파티……오랜만이군"""
QuestEnd1#8,"""훌륭한 결과군"""
IncidentStart#8,"""이 기척……뭔가 온다!"""
IncidentSuccess#8,"""잘된 모양이군"""
IncidentFailure#8,"""미안하다, 내가 미숙했다……"""
PSE#8,"""이 포톤의 활성화……<br>PSE라는 건가!"""
PSELevelUp#8,"""계속 이어 간다!"""
PSEBurst#8,"""이게 PSE 버스트로군……!"""
HP30#8,"""이대로는…"""
HP10#8,"""아직 쓰러질 수는……!"""
ItemRare#8,"""그건 좋은 물건이다."""
DamageSmall#8,"""칫"""
DamageMiddle#8,"""크악!"""
DamageLarge#8,"""이런!"""
Trap#8,"""뭐!\u3000함정이라고!"""
ThankTrapRescue#8,"""살았다!"""
TrapRescueOther#8,"""함정을 조심해라!"""
MemberDamaged#8,"""무리하지 마라!"""
MemberDead#8,"""……너무 우쭐대지 마라!"""
AbilityExe#8,"""지금이라면 적수가 없다!"""
AbilitySpecial#7,"""이 기세를 유지하고 싶군"""
Resurrect#8,"""내가 뿌린 씨는 내가 거둔다!"""
PartyJoin#8,"""/ci2 1 나와 한 팀이 되어 주는 건가"""
Marvelous#8,"""훌륭하다!"""
IncidentJsApcBegin#8,"""/ci2 1 음, 마침 잘 왔다!<br>적이 너무 많아서 말이지<br>도와주면 고맙겠다!"""
IncidentJsApcFailure#8,"""미숙함을 핑계 삼고 싶진 않지만……<br>미안하다, 먼저 물러나겠다"""
IncidentJsApcSuccess#8,"""/ci2 1 좋아, 어떻게든 해결했군.<br>갑작스러운 부탁을 들어줘서<br>고맙다. 감사한다."""
IncidentJsApcBeginEvo#8,"""/ci2 2 이 자리는 넘겼나……?<br>아니, 아직 뭔가 오는 모양이다.<br>조심해라!"""
EnemyWeak#9,"""이 정도 녀석이라면!"""
EnemyLarge#9,"""쳇, 대형인가!"""
EnemyBoss#9,"""상대가 강적이라도!"""
EnemyRare#9,"""오, 희귀한 녀석이잖아!"""
EnemyBoost#9,"""이 녀석……보통이 아니야!"""
DestroyEnemy1#9,"""우선 하나!"""
DestroyEnemy2#9,"""방해하지 마라!"""
DestroyEnemy3#9,"""다음!"""
CondFreeze#9,"""큭……동결인가……!"""
CondBurn#9,"""연소……!?"""
CondShock#9,"""몸이 저려서……!"""
CondPoison#9,"""이런 독 따위에……!"""
CondPanic#9,"""안 돼. 머리가 혼란스러워……"""
CondStan#9,"""큭, 몸이……움직이지 않아……"""
CondMirage#9,"""시야가 이상해……!?"""
Die#9,"""꼴이 말이 아니네……<br>내가 할 수밖에 없다니……하하"""
ThankHeal#9,"""감사해!"""
ThankBuff#9,"""고마워!"""
ThankCure#9,"""후우, 살았다!"""
DefeatEnemy#9,"""자, 다음으로 가자!"""
LevelUp#9,"""축하한다!"""
InvokeSkill1#8,"""이거라면!"""
InvokeSkill2#8,"""어림없어!"""
InvokeSkill3#8,"""어떠냐!"""
TechFire#5,"""받아라!"""
TechIce#4,"""가라!"""
TechThunder#4,"""이거라면!"""
TechWind#4,"""어떠냐!"""
TechLight#4,"""그렇게 둘까 보냐!"""
TechDark#4,"""어림없어!"""
PBFull#9,"""이 기회는 놓치지 않아!"""
PBRelease#9,"""우오오!!"""
Avoid#9,"""흥!"""
HealSelf#9,"""위험했어!"""
BuffSelf#9,"""만전의 상태로 도전해야 해!"""
HealOther#9,"""무리하면 안 돼!"""
BuffOther#9,"""지금 엄호할게!"""
QuestStart1#9,"""좋아, 힘내자!"""
QuestEnd1#9,"""잘된 것 같아!"""
IncidentStart#9,"""이 기척……뭔가 온다!"""
IncidentSuccess#9,"""후우, 다행이다.<br>어떻게든 해결된 모양이야."""
IncidentFailure#9,"""……으음, 뭐가 잘못됐을까."""
PSE#9,"""이건……PSE?"""
PSELevelUp#9,"""좀 더 계속하자!"""
PSEBurst#9,"""왔다……!<br>PSE 버스트다!"""
HP30#9,"""이대로는……위험해"""
HP10#9,"""아직 당할 수는……"""
ItemRare#9,"""오, 좋은 걸 찾았네!"""
DamageSmall#9,"""윽"""
DamageMiddle#9,"""크윽!"""
DamageLarge#9,"""우왓!"""
Trap#9,"""뭐, 함정!?"""
ThankTrapRescue#9,"""아, 고마워, 살았어"""
TrapRescueOther#9,"""조심해서 가자!"""
MemberDamaged#9,"""무리하면 안 돼!"""
MemberDead#9,"""……감히 내 동료를!"""
AbilityExe#9,"""슬슬 기세가 오르는 느낌이야!"""
AbilitySpecial#8,"""이 기세로 밀어붙인다!"""
Resurrect#9,"""……미안, 방심했어"""
PartyJoin#9,"""/ci2 1 잘 부탁드립니다!"""
Marvelous#9,"""역시 대단해!"""
IncidentJsApcBegin#9,"""/ci2 1 앗, 죄송합니다!<br>적이 조금 많아서<br>도와주시겠어요?"""
IncidentJsApcFailure#9,"""아야……저질렀다……<br>먼저 물러날게요, 죄송합니다!"""
IncidentJsApcSuccess#9,"""/ci2 1 좋아, 대성공!<br>정말 감사합니다!"""
IncidentJsApcBeginEvo#9,"""/ci5 2 이걸로 끝……날 것 같은<br>분위기는 아닌 것 같아……!"""
EnemyWeak#10,"""좋아, 한꺼번에<br>해치울까!"""
EnemyLarge#10,"""크, 크다……"""
EnemyBoss#10,"""강적 등장, 이란 건가!"""
EnemyRare#10,"""응?\u3000저건 뭐지?<br>뭔가 희귀한 게 있어."""
EnemyBoost#10,"""이 녀석……뭔가 달라!"""
DestroyEnemy1#10,"""좋아!"""
DestroyEnemy2#10,"""해냈다!"""
DestroyEnemy3#10,"""어떠냐!"""
CondFreeze#10,"""헉, 동결인가!"""
CondBurn#10,"""우왓, 연소!?"""
CondShock#10,"""저, 저려어어어……"""
CondPoison#10,"""큭……독이냐……!"""
CondPanic#10,"""머리가 빙빙 돌아……"""
CondStan#10,"""모, 몸이 안 움직여……!"""
CondMirage#10,"""뭐, 뭐야, 시야가……!"""
Die#10,"""아, 당해 버렸나……"""
ThankHeal#10,"""고마워!"""
ThankBuff#10,"""고맙다!"""
ThankCure#10,"""후우, 살았다……!"""
DefeatEnemy#10,"""이걸로 전부지!"""
LevelUp#10,"""축하한다!"""
InvokeSkill1#9,"""받아라!"""
InvokeSkill2#9,"""이건 어떠냐!"""
InvokeSkill3#9,"""이건 어때!"""
TechFire#6,"""가라!"""
TechIce#5,"""이건 어때!"""
TechThunder#5,"""이거라면!"""
TechWind#5,"""그렇게 둘까 보냐!"""
TechLight#5,"""받아라!"""
TechDark#5,"""이건 어떠냐!"""
PBFull#10,"""너무 제멋대로잖아!"""
PBRelease#10,"""오……느낌 좋잖아!"""
Avoid#10,"""흥!"""
HealSelf#10,"""위험해, 위험해!"""
BuffSelf#10,"""보조도 중요하지"""
HealOther#10,"""위험해!"""
BuffOther#10,"""서로 도와야지!"""
QuestStart1#10,"""좋아, 힘내자!"""
QuestEnd1#10,"""후우, 어떻게든 클리어했나"""
IncidentStart#10,"""뭔가 이상한 느낌이야"""
IncidentSuccess#10,"""잘돼서 다행이다"""
IncidentFailure#10,"""이런……실패인가……"""
PSE#10,"""뭐, 뭔가 포톤이 엄청나!"""
PSELevelUp#10,"""좀 더 계속해 보자!"""
PSEBurst#10,"""우와……<br>이게 PSE 버스트인가……"""
HP30#10,"""위, 위험해……"""
HP10#10,"""더는 무리야!"""
ItemRare#10,"""앗, 그거<br>희귀한 거 아니에요?"""
DamageSmall#10,"""큭"""
DamageMiddle#10,"""위험해!"""
DamageLarge#10,"""우와앗!"""
Trap#10,"""뭐, 함정!?"""
ThankTrapRescue#10,"""후우, 고마워!"""
TrapRescueOther#10,"""괘, 괜찮아!?"""
MemberDamaged#10,"""물러나 있어!"""
MemberDead#10,"""……감히 이런 짓을!"""
AbilityExe#10,"""이 기세라면 할 수 있어!"""
AbilitySpecial#9,"""지금이라면 뭐든 할 수 있어!"""
Resurrect#10,"""후우, 다음엔 당하지 말아야지!"""
PartyJoin#10,"""/ci2 1 잘 부탁드립니다!"""
Marvelous#10,"""역시 대단해!"""
IncidentJsApcBegin#10,"""/ci2 1 앗, 마침 잘 왔어!<br>적이 조금 많아서<br>도와줄 수 있을까?"""
IncidentJsApcFailure#10,"""아야……저질렀네……<br>미안, 먼저 물러날게."""
IncidentJsApcSuccess#10,"""/ci2 1 좋아, 대성공!<br>정말 감사합니다!"""
IncidentJsApcBeginEvo#10,"""/ci5 2 이걸로 끝……날 것 같은<br>분위기는 아닌 것 같아……!"""
EnemyWeak#11,"""약한 녀석은 비켜!"""
EnemyLarge#11,"""덩치만 큰 녀석 따위!"""
EnemyBoss#11,"""헉, 꽤 강해 보이는 녀석……!"""
EnemyRare#11,"""앗, 저거 희귀한 녀석이야!"""
EnemyBoost#11,"""……이 기척, 뭔가 무서워"""
DestroyEnemy1#11,"""한 건 처리했고!"""
DestroyEnemy2#11,"""이걸로 끝!"""
DestroyEnemy3#11,"""방해하니까!"""
CondFreeze#11,"""차가워……!\u3000도, 동결!?"""
CondBurn#11,"""뜨거워!\u3000잠깐, 뭐 하는 거야!"""
CondShock#11,"""모, 몸이 저려서 안 움직여!?"""
CondPoison#11,"""으으……기분 나빠……<br>이거, 독……?"""
CondPanic#11,"""뭐, 뭐가 뭔지 모르겠어!"""
CondStan#11,"""모, 몸이 안 움직여……!"""
CondMirage#11,"""눈이 흐려져서……뭔가 이상해……"""
Die#11,"""마, 말도 안 돼……이런 곳에서……?"""
ThankHeal#11,"""아……고마워……"""
ThankBuff#11,"""……살았을지도"""
ThankCure#11,"""그……고맙다는 말은 해 둘게"""
DefeatEnemy#11,"""얼른 다음으로 가자!"""
LevelUp#11,"""벼, 별로 부럽진 않거든……!"""
InvokeSkill1#10,"""놓치지 않을 거야!"""
InvokeSkill2#10,"""아, 정말 짜증 나!"""
InvokeSkill3#10,"""우쭐대지 마!"""
PBFull#11,"""적당히 좀 해!"""
PBRelease#11,"""전부 한꺼번에 상대해 줄게!"""
Avoid#11,"""흥!"""
HealSelf#11,"""위험했어……"""
BuffSelf#11,"""준비는 제대로"""
HealOther#11,"""조심하라고!"""
BuffOther#11,"""방심하면 안 돼!"""
QuestStart1#11,"""얼른 끝내자"""
QuestEnd1#11,"""제법 깔끔하게 해내잖아"""
IncidentStart#11,"""뭔가 올 것 같아……조심해!"""
IncidentSuccess#11,"""뭐, 그럭저럭이네!<br>이 정도는 당연하지!"""
IncidentFailure#11,"""하아……난 정말 형편없네……"""
PSE#11,"""뭐야 이거……?<br>포톤이 반응하는 거야?"""
PSELevelUp#11,"""좀 더 계속하자!"""
PSEBurst#11,"""대단해……예뻐……!"""
HP30#11,"""이, 이 정도쯤이야!"""
HP10#11,"""뭐, 어떻게 된 거야!"""
ItemRare#11,"""앗, 그거……희귀한 거……<br>소, 소중히 다루라고!?"""
DamageSmall#11,"""아얏!"""
DamageMiddle#11,"""꺄아악!"""
DamageLarge#11,"""이대로는……!"""
Trap#11,"""잠깐, 왜 함정이야!"""
ThankTrapRescue#11,"""……수고를 끼쳐서 미안해"""
TrapRescueOther#11,"""잠깐, 조심하라고!"""
MemberDamaged#11,"""물러나 있어!"""
MemberDead#11,"""……절대 용서 안 해!"""
AbilityExe#11,"""이 기세라면……할 수 있어!"""
AbilitySpecial#10,"""이렇게 되면 이쪽이 유리해!"""
Resurrect#11,"""아, 정말 화났어!<br>되갚아 주겠어!"""
PartyJoin#11,"""/ci2 1 /moya ……잘 부탁해"""
Marvelous#11,"""제, 제법이잖아!"""
IncidentJsApcBegin#11,"""/toge /ci2 1 앗, 마침 잘 왔어!<br>수가 많아서 손 하나라도 더 필요해!<br>좀 도와줘!"""
IncidentJsApcFailure#11,"""조금 더 버틸 수 있을 줄 알았는데……<br>……미안해, 물러날게!"""
IncidentJsApcSuccess#11,"""/ci2 1 뭐, 제법 연계한 거 아니야?<br>그……고마워."""
IncidentJsApcBeginEvo#11,"""/ci1 2 ……헉, 아직 뭔가 나올 것 같아.<br>대체 뭐냐고, 정말!"""
EnemyWeak#12,"""후……잡병이 등장했나"""
EnemyLarge#12,"""쓸모없이 거대한 몸을 지닌 자인가"""
EnemyBoss#12,"""이 기척……그 녀석인가!"""
EnemyRare#12,"""이건……!<br>희귀한 존재가 느껴진다!"""
EnemyBoost#12,"""이 얼마나 불길한 기척인가……!"""
DestroyEnemy1#12,"""우선 하나!"""
DestroyEnemy2#12,"""내 길을 막는 자에겐<br>자비를 베풀지 않는다!"""
DestroyEnemy3#12,"""이것이 영원한 이별이다"""
CondFreeze#12,"""빙폭의 결계인가……!"""
CondBurn#12,"""지옥불의 침식인가……!"""
CondShock#12,"""뇌쇄의 계율인가……!"""
CondPoison#12,"""심독의 바늘인가……!"""
CondPanic#12,"""괴란의 계단인가……!"""
CondStan#12,"""속박의 그물인가……!"""
CondMirage#12,"""몽환의 미로인가……!"""
Die#12,"""엮여 있던 힘이……<br>무너진다……"""
ThankHeal#12,"""은혜는 잊지 않겠다!"""
ThankBuff#12,"""살았다!"""
ThankCure#12,"""수고를 끼쳤군!"""
DefeatEnemy#12,"""잠시나마 평화가 엮였군……<br>다음 전장으로 향하도록 하지"""
LevelUp#12,"""……더욱 강해졌나"""
InvokeSkill1#11,"""참!"""
InvokeSkill2#11,"""이것이 종언이다"""
InvokeSkill3#11,"""멸망을 내려 주지!"""
PBFull#12,"""유희는 종언을 맞이한다……"""
PBRelease#12,"""나의 벗이여! 부름에 응하라!"""
Avoid#12,"""후……"""
HealSelf#12,"""한 수가 미치지 못했군"""
BuffSelf#12,"""세계의 가호를 받자"""
HealOther#12,"""평안을 내려 주지!"""
BuffOther#12,"""힘을 나누어 주지!"""
QuestStart1#12,"""자, 끝없는 모험으로……!"""
QuestEnd1#12,"""더 높은 곳을 노려 보자!"""
IncidentStart#12,"""세계의 왜곡이……느껴진다!"""
IncidentSuccess#12,"""왜곡은 끊어 낸 모양이군!"""
IncidentFailure#12,"""이 얼마나 꼴사나운가……!"""
PSE#12,"""포톤이……울고 있다!"""
PSELevelUp#12,"""응답한 건가……우리의 마음에!"""
PSEBurst#12,"""들리는군……세계의 환희가!"""
HP30#12,"""궁지에서야말로 힘이 솟는다!"""
HP10#12,"""큭……<br>황천의 부름이 들린다……"""
ItemRare#12,"""귀중한 유물이군"""
DamageSmall#12,"""칫"""
DamageMiddle#12,"""크윽!"""
DamageLarge#12,"""제법이군!"""
Trap#12,"""비겁한 수를!"""
ThankTrapRescue#12,"""감사를 말로 다할 수 없군!"""
TrapRescueOther#12,"""방심은 금물이다."""
MemberDamaged#12,"""무리하지 마라"""
MemberDead#12,"""……용서하지 않는다"""
AbilityExe#12,"""그 누구도 날 막을 수 없다!"""
AbilitySpecial#11,"""지금의 나를 막을 수 있다 생각 마!"""
Resurrect#12,"""……종언의 때는 아직 먼 모양이군"""
PartyJoin#12,"""/toge /ci2 1 유구한 모험을 향해 떠나자!"""
Marvelous#12,"""훌륭하다!"""
IncidentJsApcBegin#12,"""/toge /ci2 1 오, 거기 나의 동지여!<br>함께 이 싸움을 헤쳐 나가자!"""
IncidentJsApcFailure#12,"""이 얼마나 꼴사나운가……원통하군……<br>미안하다, 먼저 물러나겠다!"""
IncidentJsApcSuccess#12,"""/toge /ci2 1 살았다, 감사하지!<br>이것이야말로 협력의 묘미로군!"""
IncidentJsApcBeginEvo#12,"""/ci5 2 이걸로 끝……?<br>아니, 새로운 적의 기척인가……!"""
EnemyWeak#13,"""단숨에 쓸어 버리죠!"""
EnemyLarge#13,"""그 크기, 좋은 표적이군요!"""
EnemyBoss#13,"""상당한 실력자인 듯하군요"""
EnemyRare#13,"""희귀한 상대군요"""
EnemyBoost#13,"""이 기척……주의가 필요하겠군요"""
DestroyEnemy1#13,"""끝이에요."""
DestroyEnemy2#13,"""작별입니다"""
DestroyEnemy3#13,"""다음은 어느 쪽이죠"""
CondFreeze#13,"""동결이라니……방심했습니다"""
CondBurn#13,"""연소라니……방심했습니다"""
CondShock#13,"""감전이라니……방심했습니다"""
CondPoison#13,"""독이라니……방심했습니다"""
CondPanic#13,"""머릿속이 몽롱해서……<br>뭐가 뭔지 모르겠어요……"""
CondStan#13,"""몸이 움직이지 않아요……"""
CondMirage#13,"""이건……환상인가요?"""
Die#13,"""도중에 쓰러지다니……방심했군요……"""
ThankHeal#13,"""감사드립니다"""
ThankBuff#13,"""감사드립니다"""
ThankCure#13,"""수고를 끼쳤습니다"""
DefeatEnemy#13,"""다음으로 가 볼까요"""
LevelUp#13,"""축하드려요오."""
InvokeSkill1#12,"""보였습니다"""
InvokeSkill2#12,"""각오하세요"""
InvokeSkill3#12,"""돌파구를 열겠습니다"""
PBFull#13,"""마음대로 하게 두지 않겠습니다"""
PBRelease#13,"""저희에게 맡겨 주세요!"""
Avoid#13,"""흥!"""
HealSelf#13,"""위험할 뻔했군요……"""
BuffSelf#13,"""준비는 만전입니다"""
HealOther#13,"""회복하겠습니다"""
BuffOther#13,"""엄호하겠습니다"""
QuestStart1#13,"""그럼, 가시죠"""
QuestEnd1#13,"""무사히 끝나서 다행입니다"""
IncidentStart#13,"""조심하세요……<br>무언가의 기척이 느껴집니다"""
IncidentSuccess#13,"""잘된 모양이군요<br>훌륭한 솜씨였습니다"""
IncidentFailure#13,"""한심한 결과……<br>죄송합니다"""
PSE#13,"""이건 포톤이<br>술렁이는 건가요?"""
PSELevelUp#13,"""아직 더 계속하죠"""
PSEBurst#13,"""이것이 PSE 버스트……<br>어쩜 이리 아름다울까요"""
HP30#13,"""아직 포기하지 않습니다"""
HP10#13,"""이런……!"""
ItemRare#13,"""어머, 그건 희귀품 아닌가요?"""
DamageSmall#13,"""큿"""
DamageMiddle#13,"""이대로는…"""
DamageLarge#13,"""꺄악!"""
Trap#13,"""이런 곳에 함정이라니……"""
ThankTrapRescue#13,"""도움이 됐습니다"""
TrapRescueOther#13,"""무사하십니까?"""
MemberDamaged#13,"""무리하지 마세요"""
MemberDead#13,"""……사과해도 용서하지 않겠습니다"""
AbilityExe#13,"""제게 맡겨 주시겠어요?"""
AbilitySpecial#12,"""지금이 공격할 때입니다!"""
Resurrect#13,"""두 번은 반복하지 않겠어요"""
PartyJoin#13,"""/ci1 1 잘 부탁드립니다"""
Marvelous#13,"""훌륭합니다!"""
IncidentJsApcBegin#13,"""/ci1 1 적을 상대하는 데 애를 먹고 있습니다.<br>잠시 도와주시면 감사하겠습니다"""
IncidentJsApcFailure#13,"""죄송합니다……<br>먼저 물러나겠습니다"""
IncidentJsApcSuccess#13,"""/ci2 1 감사합니다.<br>정말 큰 도움이 됐어요"""
IncidentJsApcBeginEvo#13,"""/ci1 2 이걸로 끝……이라고 할 수는<br>없는 모양이군요"""
EnemyWeak#14,"""이 정도 적이라면<br>한꺼번에 쓸어 버리겠소!"""
EnemyLarge#14,"""음, 제법 거물이오!"""
EnemyBoss#14,"""강적 등장인가……<br>정신 바짝 차려야겠소!"""
EnemyRare#14,"""오, 희귀한 기척이오!"""
EnemyBoost#14,"""이질적인 기척……방심하지 마시오!"""
DestroyEnemy1#14,"""베어도 원망 마시오!"""
DestroyEnemy2#14,"""끝이오!"""
DestroyEnemy3#14,"""처치했소!"""
CondFreeze#14,"""으음, 동결이오……!"""
CondBurn#14,"""으음, 연소이오……!"""
CondShock#14,"""음, 감전이오……!"""
CondPoison#14,"""으음……독이오……!"""
CondPanic#14,"""이건……뭐가 뭔지<br>모르겠소……!"""
CondStan#14,"""몸이 움직이지 않소……!"""
CondMirage#14,"""시야가……이상하오……"""
Die#14,"""당하고 말았소……"""
ThankHeal#14,"""고맙소!"""
ThankBuff#14,"""은혜 잊지 않겠소!"""
ThankCure#14,"""수고를 끼쳤소!"""
DefeatEnemy#14,"""정리됐군"""
LevelUp#14,"""경사로군!"""
InvokeSkill1#13,"""일섬!"""
InvokeSkill2#13,"""처치하겠소!"""
InvokeSkill3#13,"""거기군!"""
PBFull#14,"""전력으로 상대하겠소!"""
PBRelease#14,"""진정한 주역의 등장이오!"""
Avoid#14,"""흥!"""
HealSelf#14,"""어림없소!"""
BuffSelf#14,"""보조를 잊고 있었소"""
HealOther#14,"""방심은 금물이오"""
BuffOther#14,"""우선 보조부터 하겠소"""
QuestStart1#14,"""자, 가겠소!"""
QuestEnd1#14,"""역시 대단하오!"""
IncidentStart#14,"""이 기척……뭔가 오는 것이오?"""
IncidentSuccess#14,"""잘 대처할 수 있어<br>다행이오"""
IncidentFailure#14,"""미안하오, 소인이 미숙했소……<br>먼저 물러나겠소"""
PSE#14,"""포톤이 반응하는 것이오?"""
PSELevelUp#14,"""아직 멀었소!<br>계속 가겠소!"""
PSEBurst#14,"""정말 아름다운 상태로군……!"""
HP30#14,"""아직 멀었소!"""
HP10#14,"""이, 이 이상은 위험하오……!"""
ItemRare#14,"""오, 그건 희귀한 물건이오"""
DamageSmall#14,"""큭!"""
DamageMiddle#14,"""크악!"""
DamageLarge#14,"""이럴 수가……!"""
Trap#14,"""뭐!\u3000함정이오!?"""
ThankTrapRescue#14,"""살았소"""
TrapRescueOther#14,"""조심하시오!"""
MemberDamaged#14,"""괜찮소!?"""
MemberDead#14,"""……원수는 갚겠소!"""
AbilityExe#14,"""몸이 가벼워졌소!"""
AbilitySpecial#13,"""기세가 오르기 시작했소!"""
Resurrect#14,"""이런, 호되게 당했소"""
PartyJoin#14,"""/toge /ci2 1 잘 부탁하오!"""
Marvelous#14,"""훌륭하오!"""
IncidentJsApcBegin#14,"""/ci1 1 오, 마침 잘 왔소!<br>미안하지만 적을 흩어 놓는 걸<br>도와줄 수 있겠소?"""
IncidentJsApcFailure#14,"""모든 건 소인의 힘이 부족한 탓……<br>먼저 물러나겠소"""
IncidentJsApcSuccess#14,"""/ci2 1 이걸로 일단락됐군.<br>도와줘서 감사하오"""
IncidentJsApcBeginEvo#14,"""/ci1 2 이걸로 끝……일 수는<br>없는 모양이오"""
EnemyWeak#15,"""쳇, 잡졸뿐이냐!"""
EnemyLarge#15,"""핫, 덩치만 큰 모양이군!"""
EnemyBoss#15,"""조금은 손맛이 있을 녀석이<br>나왔잖아!"""
EnemyRare#15,"""응?<br>저건 희귀한 녀석인가?"""
EnemyBoost#15,"""쳇, 성가신 느낌의<br>녀석이 나왔군……!"""
DestroyEnemy1#15,"""잡졸이!"""
DestroyEnemy2#15,"""방해돼!"""
DestroyEnemy3#15,"""짜증 나게 하지 마!"""
CondFreeze#15,"""동결이라고……장난하냐!"""
CondBurn#15,"""연소라고……장난하냐!"""
CondShock#15,"""감전이라고……장난하냐!"""
CondPoison#15,"""독이라고……장난하냐!"""
CondPanic#15,"""젠장!\u3000머리가 어질어질해!"""
CondStan#15,"""움직일 수 없다니……장난하냐!"""
CondMirage#15,"""젠장!\u3000조준이 흔들리잖아!"""
Die#15,"""어떻게 된 거야, 이건……!"""
ThankHeal#15,"""……고맙긴 하다"""
ThankBuff#15,"""센스 있잖아"""
ThankCure#15,"""……나쁘진 않군"""
DefeatEnemy#15,"""자, 얼른 다음으로 간다!"""
LevelUp#15,"""기껏해야 힘내 봐라"""
TechFire#7,"""사라져라, 잡졸!"""
TechIce#6,"""사라져라, 잡졸!"""
TechThunder#6,"""사라져라, 잡졸!"""
TechWind#6,"""사라져라, 잡졸!"""
TechLight#6,"""사라져라, 잡졸!"""
TechDark#6,"""사라져라, 잡졸!"""
PBFull#15,"""이 몸이 전부 해치워 주마!"""
PBRelease#15,"""이 몸에게 거역하는 놈은……박살 낸다!"""
Avoid#15,"""흥!"""
HealSelf#15,"""안됐구나!"""
BuffSelf#15,"""진심으로 박살 내 주마!"""
HealOther#15,"""물러나 있어, 굼벵이!"""
BuffOther#15,"""무리하지 말라고!"""
QuestStart1#15,"""얼른 끝낸다!"""
QuestEnd1#15,"""당연하잖아, 이 정도는"""
IncidentStart#15,"""뭐야, 뭐가 오는 거냐!"""
IncidentSuccess#15,"""헷, 이 정도냐!<br>시시하군!"""
IncidentFailure#15,"""뭐야 이건……<br>더럽게 재미없군!"""
PSE#15,"""오, 이게 PSE란 건가?"""
PSELevelUp#15,"""자, 자, 더 계속 간다!"""
PSEBurst#15,"""헷, 하면 되잖아!"""
HP30#15,"""우쭐대지 마라……!"""
HP10#15,"""이 몸이 몰리고 있다고……?<br>……장난하지 마!"""
ItemRare#15,"""아, 어이!<br>그거 희귀한 거잖아!"""
DamageSmall#15,"""쳇!"""
DamageMiddle#15,"""뭐라고……!"""
DamageLarge#15,"""젠장!"""
Trap#15,"""함정이라고!"""
ThankTrapRescue#15,"""……정말, 장난질이군"""
TrapRescueOther#15,"""시시한 것에<br>걸려들지 말라고!"""
MemberDamaged#15,"""나서지 마라!"""
MemberDead#15,"""그러니까 말했잖아!<br>……젠장!"""
AbilityExe#15,"""자, 어느 놈부터 사라지고 싶냐?"""
AbilitySpecial#14,"""전부 한꺼번에 날려 버리마!"""
Resurrect#15,"""제법이잖아, 벌레 같은 놈이!"""
PartyJoin#15,"""/ci1 1 도와줘도 좋다"""
Marvelous#15,"""흥, 제법이군"""
IncidentJsApcBegin#15,"""/ci1 1 오, 마침 잘 왔군!<br>잡졸을 쓸어 버리는 중이니 도와라!"""
IncidentJsApcFailure#15,"""장난하지 마……이 몸이……<br>……쳇, 더는 못 어울리겠군!<br>이 몸은 먼저 돌아가겠다!"""
IncidentJsApcSuccess#15,"""/ci1 2 이 몸도 있으니까.<br>이 정도는 당연한 결과잖아?<br>그럼 간다!"""
IncidentJsApcBeginEvo#15,"""/ci1 2 이걸로 끝……이 아닌가.<br>정말, 잡졸이 우글거리는군……!"""
EnemyWeak#16,"""이 정도 에너미라면!"""
EnemyLarge#16,"""대형이네……!"""
EnemyBoss#16,"""만만치 않은 상대 같네!"""
EnemyRare#16,"""어라, 저건 뭘까?<br>희귀한 에너미 같아"""
EnemyBoost#16,"""정말……위험한 느낌이야"""
DestroyEnemy1#16,"""우선 하나!"""
DestroyEnemy2#16,"""잘 가"""
DestroyEnemy3#16,"""방해하니까!"""
CondFreeze#16,"""큭……동결 상태야……!"""
CondBurn#16,"""윽, 이건……연소 상태……!"""
CondShock#16,"""모, 몸이 저려서……!"""
CondPoison#16,"""기분 나빠……이거, 독……?"""
CondPanic#16,"""뭐, 뭐가 어떻게 된 거야?"""
CondStan#16,"""몸을 마음대로 움직일 수 없어……!"""
CondMirage#16,"""환각?\u3000시야가 이상해……!"""
Die#16,"""쓰러져 있을……수는 없는데……"""
ThankHeal#16,"""고마워!"""
ThankBuff#16,"""살았어!"""
ThankCure#16,"""미안해!"""
DefeatEnemy#16,"""자, 가자!"""
LevelUp#16,"""믿고 있으니까"""
InvokeSkill1#14,"""받아라!"""
InvokeSkill2#14,"""어림없어!"""
InvokeSkill3#14,"""맡겨!"""
TechFire#8,"""타올라라!"""
TechIce#7,"""얼어붙어라!"""
TechThunder#7,"""번개여!"""
TechWind#7,"""바람이여!"""
TechLight#7,"""빛이여!"""
TechDark#7,"""어둠이여!"""
PBFull#16,"""이번엔 이쪽 차례야!"""
PBRelease#16,"""여긴 나에게 맡겨!"""
Avoid#16,"""흥!"""
HealSelf#16,"""유감이네"""
BuffSelf#16,"""이걸로 만전이야"""
HealOther#16,"""방심하지 마"""
BuffOther#16,"""신중하게 가자"""
QuestStart1#16,"""그럼, 가 볼까"""
QuestEnd1#16,"""이걸로 끝, 이란 거지"""
IncidentStart#16,"""뭔가 이상한 기척이……"""
IncidentSuccess#16,"""어떻게든 해결돼서 다행이야"""
IncidentFailure#16,"""미안해……내 실수야"""
PSE#16,"""포톤이 술렁이고 있어<br>……이건!"""
PSELevelUp#16,"""계속 이어 가자!"""
PSEBurst#16,"""대단해……포톤이 이렇게나<br>활성화되다니……!"""
HP30#16,"""이대로는……"""
HP10#16,"""어떻게든……어떻게든 해야 해……!"""
ItemRare#16,"""앗!<br>그, 그거 희귀한 거……맞지?"""
DamageSmall#16,"""윽!"""
DamageMiddle#16,"""꺄악!"""
DamageLarge#16,"""꺄아악!"""
Trap#16,"""트랩!?"""
ThankTrapRescue#16,"""……수고를 끼쳐서 미안해"""
TrapRescueOther#16,"""괜찮아?"""
MemberDamaged#16,"""너무 앞으로 나가지 마!"""
MemberDead#16,"""절대로……절대로 용서 못 해!"""
AbilityExe#16,"""몸이 가벼워……!"""
AbilitySpecial#15,"""이거라면……할 수 있어!"""
Resurrect#16,"""내가 좀 더 정신 차려야 해……!"""
PartyJoin#16,"""/ci2 1 함께 힘내자!"""
Marvelous#16,"""그래, 그 기세야!"""
IncidentJsApcBegin#16,"""/ci1 1 아, 미안해!<br>적이 너무 많아서……<br>도와줄래?"""
IncidentJsApcFailure#16,"""……미안해.<br>먼저 물러날게."""
IncidentJsApcSuccess#16,"""/ci2 1 고마워.<br>덕분에 어떻게든 해결했어."""
IncidentJsApcBeginEvo#16,"""/ci1 2 어떻게든 해결했네……<br>응?\u3000이 기척, 아직 더 와……!"""
EnemyWeak#17,"""단숨에 쓸어 버리죠!"""
EnemyLarge#17,"""그 크기, 좋은 표적이군요!"""
EnemyBoss#17,"""상당한 실력자인 듯하군요"""
EnemyRare#17,"""희귀한 상대군요"""
EnemyBoost#17,"""이 기척……주의가 필요하겠군요"""
DestroyEnemy1#17,"""끝이에요."""
DestroyEnemy2#17,"""작별입니다"""
DestroyEnemy3#17,"""다음은 어느 쪽이죠"""
CondFreeze#17,"""동결이라니……방심했습니다"""
CondBurn#17,"""연소라니……방심했습니다"""
CondShock#17,"""감전이라니……방심했습니다"""
CondPoison#17,"""독이라니……방심했습니다"""
CondPanic#17,"""머릿속이 몽롱해서……<br>뭐가 뭔지 모르겠어요……"""
CondStan#17,"""몸이 움직이지 않아요……"""
CondMirage#17,"""이건……환상인가요?"""
Die#17,"""도중에 쓰러지다니……방심했군요……"""
ThankHeal#17,"""감사드립니다"""
ThankBuff#17,"""감사드립니다"""
ThankCure#17,"""수고를 끼쳤습니다"""
DefeatEnemy#17,"""다음으로 가 볼까요"""
LevelUp#17,"""축하드려요오."""
InvokeSkill1#15,"""보였습니다"""
InvokeSkill2#15,"""각오하세요"""
InvokeSkill3#15,"""돌파구를 열겠습니다"""
PBFull#17,"""마음대로 하게 두지 않겠습니다"""
PBRelease#17,"""저희에게 맡겨 주세요!"""
Avoid#17,"""흥!"""
HealSelf#17,"""위험할 뻔했군요……"""
BuffSelf#17,"""준비는 만전입니다"""
HealOther#17,"""회복하겠습니다"""
BuffOther#17,"""엄호하겠습니다"""
QuestStart1#17,"""그럼, 가시죠"""
QuestEnd1#17,"""무사히 끝나서 다행입니다"""
IncidentStart#17,"""조심하세요……<br>무언가의 기척이 느껴집니다"""
IncidentSuccess#17,"""잘된 모양이군요<br>훌륭한 솜씨였습니다"""
IncidentFailure#17,"""한심한 결과……<br>죄송합니다"""
PSE#17,"""이건 포톤이<br>술렁이는 건가요?"""
PSELevelUp#17,"""아직 더 계속하죠"""
PSEBurst#17,"""이것이 PSE 버스트……<br>어쩜 이리 아름다울까요"""
HP30#17,"""아직 포기하지 않습니다"""
HP10#17,"""이런……!"""
ItemRare#17,"""어머, 그건 희귀품 아닌가요?"""
DamageSmall#17,"""큿"""
DamageMiddle#17,"""이대로는…"""
DamageLarge#17,"""꺄악!"""
Trap#17,"""이런 곳에 함정이라니……"""
ThankTrapRescue#17,"""도움이 됐습니다"""
TrapRescueOther#17,"""무사하십니까?"""
MemberDamaged#17,"""무리하지 마세요"""
MemberDead#17,"""……사과해도 용서하지 않겠습니다"""
AbilityExe#17,"""제게 맡겨 주시겠어요?"""
AbilitySpecial#16,"""지금이 공격할 때입니다!"""
Resurrect#17,"""두 번은 반복하지 않겠어요"""
PartyJoin#17,"""/ci1 1 잘 부탁드립니다"""
Marvelous#17,"""훌륭합니다!"""
IncidentJsApcBegin#17,"""/ci1 1 적을 상대하는 데 애를 먹고 있습니다.<br>잠시 도와주시면 감사하겠습니다"""
IncidentJsApcFailure#17,"""죄송합니다……<br>먼저 물러나겠습니다"""
IncidentJsApcSuccess#17,"""/ci2 1 감사합니다.<br>정말 큰 도움이 됐어요"""
IncidentJsApcBeginEvo#17,"""/ci1 2 이걸로 끝……이라고 할 수는<br>없는 모양이군요"""
EnemyWeak#18,"""우리 상대가 아니군!"""
EnemyLarge#18,"""이런, 꽤 큰 녀석이군<br>하지만 우리라면!"""
EnemyBoss#18,"""힘이 전부는 아니야……<br>우리가 그걸 가르쳐 주자!"""
EnemyRare#18,"""보게나!<br>저건 희귀한 녀석이야!"""
EnemyBoost#18,"""상당히 의욕적인 것 같지만<br>우리의 유대를 이길 수 있을까?"""
DestroyEnemy1#18,"""아름다워!"""
DestroyEnemy2#18,"""잘했어!"""
DestroyEnemy3#18,"""믿고 있었어!"""
CondFreeze#18,"""몸은 얼어붙었지만<br>내 애정은 불타오르고 있어!"""
CondBurn#18,"""하하하, 엄청난 열기군……<br>마치 내 애정 같아!"""
CondShock#18,"""이 정도 감전으로는<br>우리의 유대를 막을 수 없어!"""
CondPoison#18,"""이 몸이 독에 당하더라도<br>사랑하는 아이들은 지켜 내겠어!"""
CondPanic#18,"""세상이 빙글빙글 돌지만<br>이 아이들이 있으니 문제없어!"""
CondStan#18,"""움직일 수 없더라도……<br>내 곁에는 이 아이가 있어!"""
CondMirage#18,"""후후, 환각이라니 소용없어……<br>원래 이 아이들밖에 안 보니까!"""
Die#18,"""내가 사랑하는 아이들……만은……!"""
ThankHeal#18,"""감사해!"""
ThankBuff#18,"""살았어!"""
ThankCure#18,"""후우, 진정됐어"""
DefeatEnemy#18,"""자, 나아가자!"""
LevelUp#18,"""/toge 든든하군, 마이 프렌드!"""
InvokeSkill1#16,"""맡길게, 내가 사랑하는 아이야!"""
InvokeSkill2#16,"""유대의 힘을 보여 줘!"""
InvokeSkill3#16,"""자, 끝내 버리자!"""
PBFull#18,"""자, 준비는 끝났어!"""
PBRelease#18,"""/toge 온 힘을 다한 앙상블을 들려주자!"""
TacticsFree#6,"""자유롭게 할게, 마이 프렌드!"""
TacticsGuard#6,"""지금은 버틸 때야, 마이 프렌드!"""
TacticsMassedAttack#6,"""집중 공격이군, 알겠어, 마이 프렌드!"""
TacticsAttack#5,"""미끼는 내게 맡겨!"""
Avoid#18,"""흥!"""
HealSelf#18,"""당할 수는 없지"""
BuffSelf#18,"""만반의 태세로 도전할까"""
HealOther#18,"""괜찮아?"""
BuffOther#18,"""방심은 금물이야"""
QuestStart1#18,"""자, 시작한다, 사랑하는 아이들아"""
QuestEnd1#18,"""해냈군, 마이 프렌드!<br>우리 유대의 승리야!"""
QuestEnd2#6,"""역시 대단해, 마이 프렌드!"""
IncidentStart#18,"""마이 프렌드, 뭔가 일어날 것 같아!"""
IncidentSuccess#18,"""이런, 놀라긴 했지만<br>어떻게든 해냈어!"""
IncidentFailure#18,"""……내 대응이 잘못됐어"""
PSE#18,"""내 아이들이 술렁이고 있어……<br>이건 PSE인가?"""
PSELevelUp#18,"""더욱 계속해 나가자"""
PSEBurst#18,"""보이니, 모두……<br>정말 아름다운 PSE 버스트야……!"""
HP30#18,"""이런 꼴사나운 모습으론<br>아이들에게 버림받겠어……"""
HP10#18,"""내가 사랑하는 아이들을 위해<br>아직 쓰러질 수는 없어!"""
ItemRare#18,"""오, 그거 좋은 물건이군!<br>축하해, 마이 프렌드!"""
DamageSmall#18,"""윽"""
DamageMiddle#18,"""제법이군"""
DamageLarge#18,"""이럴 수가!"""
Trap#18,"""이런!\u3000내 아이들만 보느라<br>함정을 못 봤어……!"""
ThankTrapRescue#18,"""살았어, 마이 프렌드!"""
TrapRescueOther#18,"""마이 프렌드!\u3000괜찮아?"""
MemberDamaged#18,"""물러나게, 마이 프렌드!"""
MemberDead#18,"""……감히 내 친구를!"""
AbilityExe#18,"""하하핫!\u3000나도 아이들도<br>텐션 최고!\u3000절호조야!"""
AbilitySpecial#17,"""지금이라면 뭐든 할 수 있어!"""
Resurrect#18,"""……후우, 걱정 끼쳤군, 마이 프렌드!"""
PartyJoin#18,"""/toge /ci2 1 잘 부탁해, 마이 프렌드!"""
Marvelous#18,"""/toge 우리도 질 수는 없지!"""
IncidentJsApcBegin#18,"""/ci2 2 안녕, 마이 프렌드!<br>내가 사랑하는 아이들이 힘내고 있어!<br>괜찮다면 힘을 빌려주겠어?"""
IncidentJsApcFailure#18,"""미안해, 마이 프렌드……<br>난 먼저 물러날게"""
IncidentJsApcSuccess#18,"""/ci2 1 고마워, 마이 프렌드!<br>내 아이들도 정말 기뻐하고 있어!"""
IncidentJsApcBeginEvo#18,"""/ci1  ……아무래도 아직 더 올 모양이군."""
EnemyWeak#19,"""오, 이 녀석은 약해 보이네."""
EnemyLarge#19,"""우와, 엄청 크네…"""
EnemyBoss#19,"""야, 잠깐만.<br>이런 게 있단 말은 못 들었어!"""
EnemyRare#19,"""음, 뭐야 저건?<br>별로 못 보던 녀석 아니야?"""
EnemyBoost#19,"""…뭔가 위험한 분위기야!"""
DestroyEnemy1#19,"""좋았어!"""
DestroyEnemy2#19,"""해냈어!"""
DestroyEnemy3#19,"""제대로 들어갔다!"""
CondFreeze#19,"""추추추추, 추워!"""
CondBurn#19,"""뜨거, 뜨거워!"""
CondShock#19,"""저, 저저저저려!"""
CondPoison#19,"""으으… 독…?<br>속이 안 좋아…"""
CondPanic#19,"""세, 세상이 빙빙 돌아아아"""
CondStan#19,"""몸이 안 움직여…<br>이게 뭐야!"""
CondMirage#19,"""뭐야?<br>세상이 흐릿해졌어?"""
Die#19,"""겨우 찾아냈는데……"""
ThankHeal#19,"""후, 살았다."""
ThankBuff#19,"""좋아, 힘내 보자!"""
ThankCure#19,"""이제 개운하네.<br>고마워."""
DefeatEnemy#19,"""후, 어떻게든 해냈나?"""
LevelUp#19,"""나도 질 순 없지!"""
InvokeSkill1#17,"""움직이지 마!"""
InvokeSkill2#17,"""나도 한다고!"""
InvokeSkill3#17,"""보였다, 거기다!"""
TechThunder#8,"""견제 정도는 되겠지!"""
PBFull#19,"""이제 적당히 좀 하라고!"""
PBRelease#19,"""비장의 수 발동!"""
TacticsFree#7,"""자유롭게 해도 되는 거지!"""
TacticsGuard#7,"""도망치는 건 자신 있어!"""
TacticsMassedAttack#7,"""집중 포화다!"""
TacticsAttack#6,"""내, 내가 시선을 끌게!<br>…빨리 도와주는 거지?"""
Avoid#19,"""우왓!"""
HealSelf#19,"""죽는 줄 알았네."""
BuffSelf#19,"""준비는 확실히 해야지!"""
HealOther#19,"""야, 괜찮아?"""
BuffOther#19,"""보조하는 거 잊지 마!"""
QuestStart1#19,"""좋아, 가자!"""
QuestStart2#4,"""같이 힘내자, 파트너!"""
QuestEnd1#19,"""끝났다!"""
QuestEnd2#7,"""해냈다, 파트너!<br>완벽했지!"""
IncidentStart#19,"""뭐, 뭐야?"""
IncidentSuccess#19,"""좋았어!"""
IncidentFailure#19,"""이런…"""
PSE#19,"""좋아, 시작됐다!"""
PSELevelUp#19,"""계속 이어 가자!"""
PSEBurst#19,"""왔다, 왔다, 왔어!"""
HP30#19,"""잠깐, 진정하라고!<br>진짜 아프다니까!"""
HP10#19,"""이제 도망치고 싶어…"""
ItemRare#19,"""나도 갖고 싶네."""
DamageSmall#19,"""큭"""
DamageMiddle#19,"""큭"""
DamageLarge#19,"""이런……!"""
Trap#19,"""함정이잖아!?"""
ThankTrapRescue#19,"""고, 고마워."""
TrapRescueOther#19,"""위험할 뻔했네!"""
MemberDamaged#19,"""무리하지 마!"""
MemberDead#19,"""…어떻게 된 거야?<br>젠장!"""
AbilityExe#19,"""/toge 헤헤, 감이 좋아지기 시작했어!"""
AbilitySpecial#18,"""/toge 맡겨 두라니까!"""
Resurrect#19,"""……아직 멀었어, 지금부터라고!"""
PartyJoin#19,"""/ci1 1 늘 하던 대로 부탁한다, 파트너"""
Marvelous#19,"""역시 대단하군!"""
IncidentJsApcBegin#19,"""/ci2 1 파트너, 마침 잘 왔어!<br>느긋하게 있다가 포위됐거든.<br>미안, 도와줘."""
IncidentJsApcFailure#19,"""아야야……<br>파트너, 이 이상은 힘들 것 같아.<br>미안하지만 먼저 돌아갈게."""
IncidentJsApcSuccess#19,"""/mn38 /ci2 1 해냈다!<br>이제 해변을 만끽할 수 있겠어!<br>그럼 또 보자, 파트너!"""
IncidentJsApcBeginEvo#19,"""/toge /ci3 2 뭐, 뭐야!<br>엄청 거대한 적성 반응이야!?<br>파트너, 조심해!"""
EnemyWeak#20,"""좋아, 한꺼번에<br>해치울까!"""
EnemyLarge#20,"""크, 크다……"""
EnemyBoss#20,"""강적 등장, 이란 건가!"""
EnemyRare#20,"""응?\u3000저건 뭐지?<br>뭔가 희귀한 게 있어."""
EnemyBoost#20,"""이 녀석……뭔가 달라!"""
DestroyEnemy1#20,"""좋아!"""
DestroyEnemy2#20,"""해냈다!"""
DestroyEnemy3#20,"""어떠냐!"""
CondFreeze#20,"""헉, 동결인가!"""
CondBurn#20,"""우왓, 연소!?"""
CondShock#20,"""저, 저려어어어……"""
CondPoison#20,"""큭……독이냐……!"""
CondPanic#20,"""머리가 빙빙 돌아……"""
CondStan#20,"""모, 몸이 안 움직여……!"""
CondMirage#20,"""뭐, 뭐야, 시야가……!"""
Die#20,"""아, 당해 버렸나……"""
ThankHeal#20,"""고마워!"""
ThankBuff#20,"""고맙다!"""
ThankCure#20,"""후우, 살았다……!"""
DefeatEnemy#20,"""이걸로 전부지!"""
LevelUp#20,"""축하한다!"""
InvokeSkill1#18,"""받아라!"""
InvokeSkill2#18,"""이건 어떠냐!"""
InvokeSkill3#18,"""이건 어때!"""
TechFire#9,"""가라!"""
TechIce#8,"""이건 어때!"""
TechThunder#9,"""이거라면!"""
TechWind#8,"""그렇게 둘까 보냐!"""
TechLight#8,"""받아라!"""
TechDark#8,"""이건 어떠냐!"""
PBFull#20,"""너무 제멋대로잖아!"""
PBRelease#20,"""오……느낌 좋잖아!"""
Avoid#20,"""흥!"""
HealSelf#20,"""위험해, 위험해!"""
BuffSelf#20,"""보조도 중요하지"""
HealOther#20,"""위험해!"""
BuffOther#20,"""서로 도와야지!"""
QuestStart1#20,"""좋아, 힘내자!"""
QuestEnd1#20,"""후우, 어떻게든 클리어했나"""
IncidentStart#20,"""뭔가 이상한 느낌이야"""
IncidentSuccess#20,"""잘돼서 다행이다"""
IncidentFailure#20,"""이런……실패인가……"""
PSE#20,"""뭐, 뭔가 포톤이 엄청나!"""
PSELevelUp#20,"""좀 더 계속해 보자!"""
PSEBurst#20,"""우와……<br>이게 PSE 버스트인가……"""
HP30#20,"""위, 위험해……"""
HP10#20,"""더는 무리야!"""
ItemRare#20,"""앗, 그거<br>희귀한 거 아니에요?"""
DamageSmall#20,"""큭"""
DamageMiddle#20,"""위험해!"""
DamageLarge#20,"""우와앗!"""
Trap#20,"""뭐, 함정!?"""
ThankTrapRescue#20,"""후우, 고마워!"""
TrapRescueOther#20,"""괘, 괜찮아!?"""
MemberDamaged#20,"""물러나 있어!"""
MemberDead#20,"""……감히 이런 짓을!"""
AbilityExe#20,"""이 기세라면 할 수 있어!"""
AbilitySpecial#19,"""지금이라면 뭐든 할 수 있어!"""
Resurrect#20,"""후우, 다음엔 당하지 말아야지!"""
PartyJoin#20,"""/ci2 1 잘 부탁드립니다!"""
Marvelous#20,"""역시 대단해!"""
IncidentJsApcBegin#20,"""/ci2 1 앗, 마침 잘 왔어!<br>적이 조금 많아서<br>도와줄 수 있을까?"""
IncidentJsApcFailure#20,"""아야……저질렀네……<br>미안, 먼저 물러날게."""
IncidentJsApcSuccess#20,"""/ci2 1 좋아, 대성공!<br>정말 감사합니다!"""
IncidentJsApcBeginEvo#20,"""/ci5 2 이걸로 끝……날 것 같은<br>분위기는 아닌 것 같아……!"""
EnemyWeak#21,"""이 정도 녀석이라면!"""
EnemyLarge#21,"""쳇, 대형인가!"""
EnemyBoss#21,"""상대가 강적이라도!"""
EnemyRare#21,"""오, 희귀한 녀석이잖아!"""
EnemyBoost#21,"""이 녀석……보통이 아니야!"""
DestroyEnemy1#21,"""우선 하나!"""
DestroyEnemy2#21,"""방해하지 마라!"""
DestroyEnemy3#21,"""다음!"""
CondFreeze#21,"""큭……동결인가……!"""
CondBurn#21,"""연소……!?"""
CondShock#21,"""몸이 저려서……!"""
CondPoison#21,"""이런 독 따위에……!"""
CondPanic#21,"""안 돼. 머리가 혼란스러워……"""
CondStan#21,"""큭, 몸이……움직이지 않아……"""
CondMirage#21,"""시야가 이상해……!?"""
Die#21,"""꼴이 말이 아니네……<br>내가 할 수밖에 없다니……하하"""
ThankHeal#21,"""감사해!"""
ThankBuff#21,"""고마워!"""
ThankCure#21,"""후우, 살았다!"""
DefeatEnemy#21,"""자, 다음으로 가자!"""
LevelUp#21,"""축하한다!"""
InvokeSkill1#19,"""이거라면!"""
InvokeSkill2#19,"""어림없어!"""
InvokeSkill3#19,"""어떠냐!"""
TechFire#10,"""받아라!"""
TechIce#9,"""가라!"""
TechThunder#10,"""이거라면!"""
TechWind#9,"""어떠냐!"""
TechLight#9,"""그렇게 둘까 보냐!"""
TechDark#9,"""어림없어!"""
PBFull#21,"""이 기회는 놓치지 않아!"""
PBRelease#21,"""우오오!!"""
Avoid#21,"""흥!"""
HealSelf#21,"""위험했어!"""
BuffSelf#21,"""만전의 상태로 도전해야 해!"""
HealOther#21,"""무리하면 안 돼!"""
BuffOther#21,"""지금 엄호할게!"""
QuestStart1#21,"""좋아, 힘내자!"""
QuestEnd1#21,"""잘된 것 같아!"""
IncidentStart#21,"""이 기척……뭔가 온다!"""
IncidentSuccess#21,"""후우, 다행이다.<br>어떻게든 해결된 모양이야."""
IncidentFailure#21,"""……으음, 뭐가 잘못됐을까."""
PSE#21,"""이건……PSE?"""
PSELevelUp#21,"""좀 더 계속하자!"""
PSEBurst#21,"""왔다……!<br>PSE 버스트다!"""
HP30#21,"""이대로는……위험해"""
HP10#21,"""아직 당할 수는……"""
ItemRare#21,"""오, 좋은 걸 찾았네!"""
DamageSmall#21,"""윽"""
DamageMiddle#21,"""크윽!"""
DamageLarge#21,"""우왓!"""
Trap#21,"""뭐, 함정!?"""
ThankTrapRescue#21,"""아, 고마워, 살았어"""
TrapRescueOther#21,"""조심해서 가자!"""
MemberDamaged#21,"""무리하면 안 돼!"""
MemberDead#21,"""……감히 내 동료를!"""
AbilityExe#21,"""슬슬 기세가 오르는 느낌이야!"""
AbilitySpecial#20,"""이 기세로 밀어붙인다!"""
Resurrect#21,"""……미안, 방심했어"""
PartyJoin#21,"""/ci2 1 잘 부탁드립니다!"""
Marvelous#21,"""역시 대단해!"""
IncidentJsApcBegin#21,"""/ci2 1 앗, 죄송합니다!<br>적이 조금 많아서<br>도와주시겠어요?"""
IncidentJsApcFailure#21,"""아야……저질렀다……<br>먼저 물러날게요, 죄송합니다!"""
IncidentJsApcSuccess#21,"""/ci2 1 좋아, 대성공!<br>정말 감사합니다!"""
IncidentJsApcBeginEvo#21,"""/ci5 2 이걸로 끝……날 것 같은<br>분위기는 아닌 것 같아……!"""
EnemyWeak#22,"""단숨에 쓸어 버린다"""
EnemyLarge#22,"""제법 크군"""
EnemyBoss#22,"""강적 등장, 이란 건가"""
EnemyRare#22,"""흐음, 희귀한 에너미군"""
EnemyBoost#22,"""조심해라.<br>지금까지와는 다르다"""
DestroyEnemy1#22,"""다음."""
DestroyEnemy2#22,"""끝났네."""
DestroyEnemy3#22,"""처치했다"""
CondFreeze#22,"""칫, 동결인가…!"""
CondBurn#22,"""큭, 연소 상태인가……!"""
CondShock#22,"""몸이 저려 와……!"""
CondPoison#22,"""독이 퍼지고 있나……!"""
CondPanic#22,"""으음……생각이 정리되지 않는군……"""
CondStan#22,"""몸이 움직이지 않는군……!"""
CondMirage#22,"""시각 방해인가……!"""
Die#22,"""미숙한 건 나 자신인가……"""
ThankHeal#22,"""미안하군"""
ThankBuff#22,"""살았다"""
ThankCure#22,"""좋아, 이걸로 괜찮다"""
DefeatEnemy#22,"""자, 다음으로 나아가자"""
LevelUp#22,"""축하한다!"""
InvokeSkill1#20,"""날아가라!"""
InvokeSkill2#20,"""마지막 일격이다!"""
InvokeSkill3#20,"""방해하지 마라!"""
TechFire#11,"""불꽃이여!"""
TechIce#10,"""얼음이여!"""
TechThunder#11,"""번개여!"""
TechWind#10,"""바람이여!"""
TechLight#10,"""빛이여!"""
TechDark#10,"""어둠이여!"""
PBFull#22,"""지금부터는 봐주지 않는다!"""
PBRelease#22,"""나와라, 포톤 블래스트!"""
Avoid#22,"""흥!"""
HealSelf#22,"""어림없군"""
BuffSelf#22,"""만전의 태세를 갖춘다"""
HealOther#22,"""방심하지 마라"""
BuffOther#22,"""잠깐, 보조도 필요하다"""
QuestStart1#22,"""파티……오랜만이군"""
QuestEnd1#22,"""훌륭한 결과군"""
IncidentStart#22,"""이 기척……뭔가 온다!"""
IncidentSuccess#22,"""잘된 모양이군"""
IncidentFailure#22,"""미안하다, 내가 미숙했다……"""
PSE#22,"""이 포톤의 활성화……<br>PSE라는 건가!"""
PSELevelUp#22,"""계속 이어 간다!"""
PSEBurst#22,"""이게 PSE 버스트로군……!"""
HP30#22,"""이대로는…"""
HP10#22,"""아직 쓰러질 수는……!"""
ItemRare#22,"""그건 좋은 물건이다."""
DamageSmall#22,"""칫"""
DamageMiddle#22,"""크악!"""
DamageLarge#22,"""이런!"""
Trap#22,"""뭐!\u3000함정이라고!"""
ThankTrapRescue#22,"""살았다!"""
TrapRescueOther#22,"""함정을 조심해라!"""
MemberDamaged#22,"""무리하지 마라!"""
MemberDead#22,"""……너무 우쭐대지 마라!"""
AbilityExe#22,"""지금이라면 적수가 없다!"""
AbilitySpecial#21,"""이 기세를 유지하고 싶군"""
Resurrect#22,"""내가 뿌린 씨는 내가 거둔다!"""
PartyJoin#22,"""/ci2 1 나와 한 팀이 되어 주는 건가"""
Marvelous#22,"""훌륭하다!"""
IncidentJsApcBegin#22,"""/ci2 1 음, 마침 잘 왔다!<br>적이 너무 많아서 말이지<br>도와주면 고맙겠다!"""
IncidentJsApcFailure#22,"""미숙함을 핑계 삼고 싶진 않지만……<br>미안하다, 먼저 물러나겠다"""
IncidentJsApcSuccess#22,"""/ci2 1 좋아, 어떻게든 해결했군.<br>갑작스러운 부탁을 들어줘서<br>고맙다. 감사한다."""
IncidentJsApcBeginEvo#22,"""/ci2 2 이 자리는 넘겼나……?<br>아니, 아직 뭔가 오는 모양이다.<br>조심해라!"""
EnemyWeak#23,"""이 정도 적이라면<br>한꺼번에 쓸어 버리겠소!"""
EnemyLarge#23,"""음, 제법 거물이오!"""
EnemyBoss#23,"""강적 등장인가……<br>정신 바짝 차려야겠소!"""
EnemyRare#23,"""오, 희귀한 기척이오!"""
EnemyBoost#23,"""이질적인 기척……방심하지 마시오!"""
DestroyEnemy1#23,"""베어도 원망 마시오!"""
DestroyEnemy2#23,"""끝이오!"""
DestroyEnemy3#23,"""처치했소!"""
CondFreeze#23,"""으음, 동결이오……!"""
CondBurn#23,"""으음, 연소이오……!"""
CondShock#23,"""음, 감전이오……!"""
CondPoison#23,"""으음……독이오……!"""
CondPanic#23,"""이건……뭐가 뭔지<br>모르겠소……!"""
CondStan#23,"""몸이 움직이지 않소……!"""
CondMirage#23,"""시야가……이상하오……"""
Die#23,"""당하고 말았소……"""
ThankHeal#23,"""고맙소!"""
ThankBuff#23,"""은혜 잊지 않겠소!"""
ThankCure#23,"""수고를 끼쳤소!"""
DefeatEnemy#23,"""정리됐군"""
LevelUp#23,"""경사로군!"""
InvokeSkill1#21,"""일섬!"""
InvokeSkill2#21,"""처치하겠소!"""
InvokeSkill3#21,"""거기군!"""
PBFull#23,"""전력으로 상대하겠소!"""
PBRelease#23,"""진정한 주역의 등장이오!"""
Avoid#23,"""흥!"""
HealSelf#23,"""어림없소!"""
BuffSelf#23,"""보조를 잊고 있었소"""
HealOther#23,"""방심은 금물이오"""
BuffOther#23,"""우선 보조부터 하겠소"""
QuestStart1#23,"""자, 가겠소!"""
QuestEnd1#23,"""역시 대단하오!"""
IncidentStart#23,"""이 기척……뭔가 오는 것이오?"""
IncidentSuccess#23,"""잘 대처할 수 있어<br>다행이오"""
IncidentFailure#23,"""미안하오, 소인이 미숙했소……<br>먼저 물러나겠소"""
PSE#23,"""포톤이 반응하는 것이오?"""
PSELevelUp#23,"""아직 멀었소!<br>계속 가겠소!"""
PSEBurst#23,"""정말 아름다운 상태로군……!"""
HP30#23,"""아직 멀었소!"""
HP10#23,"""이, 이 이상은 위험하오……!"""
ItemRare#23,"""오, 그건 희귀한 물건이오"""
DamageSmall#23,"""큭!"""
DamageMiddle#23,"""크악!"""
DamageLarge#23,"""이럴 수가……!"""
Trap#23,"""뭐!\u3000함정이오!?"""
ThankTrapRescue#23,"""살았소"""
TrapRescueOther#23,"""조심하시오!"""
MemberDamaged#23,"""괜찮소!?"""
MemberDead#23,"""……원수는 갚겠소!"""
AbilityExe#23,"""몸이 가벼워졌소!"""
AbilitySpecial#22,"""기세가 오르기 시작했소!"""
Resurrect#23,"""이런, 호되게 당했소"""
PartyJoin#23,"""/toge /ci2 1 잘 부탁하오!"""
Marvelous#23,"""훌륭하오!"""
IncidentJsApcBegin#23,"""/ci1 1 오, 마침 잘 왔소!<br>미안하지만 적을 흩어 놓는 걸<br>도와줄 수 있겠소?"""
IncidentJsApcFailure#23,"""모든 건 소인의 힘이 부족한 탓……<br>먼저 물러나겠소"""
IncidentJsApcSuccess#23,"""/ci2 1 이걸로 일단락됐군.<br>도와줘서 감사하오"""
IncidentJsApcBeginEvo#23,"""/ci1 2 이걸로 끝……일 수는<br>없는 모양이오"""
EnemyWeak#24,"""후후후…… 이 정도 상대라면<br>저 혼자서도 충분하답니다!"""
EnemyLarge#24,"""크다고 다 좋은 건<br>아니라고요!"""
EnemyBoss#24,"""으으…… 왠지 강해 보여요……<br>못 본 척하고 싶네요."""
EnemyRare#24,"""어머?\u3000저기 계신 건<br>희귀종이라는 녀석 아닌가요?"""
EnemyBoost#24,"""으으음……<br>정말 기분 나쁜 기운을 풍기는<br>에너미네요……"""
WeatherChange#2,"""환경 변화도 아무 문제 없답니다!"""
DestroyEnemy1#24,"""해냈어요!"""
DestroyEnemy2#24,"""어떤가요!"""
DestroyEnemy3#24,"""보셨나요?"""
CondFreeze#24,"""물에 젖은 미녀……<br>가 아니라, 얼었잖아!\u3000차가워!"""
CondBurn#24,"""불타오르는 듯한 열정……<br>이 아니라, 너무 뜨겁잖아요!"""
CondShock#24,"""저릴 만큼 자극적……<br>이 아니라, 진짜 저려 와요……!"""
CondPoison#24,"""후훗, 미녀는 독을 품는 법……<br>……저, 미녀 안 해도 되니까<br>해독을, 해독을 해 주세요!"""
CondPanic#24,"""후후후……<br>지금이라면 아무것도 못 할 것 같은<br>그런 기분이 들어요!"""
CondStan#24,"""뭐라 하셔도<br>전 여기서 한 발짝도 안 움직여요!<br>랄까, 움직일 수가 없어요!"""
CondMirage#24,"""늘 꿈에 빠져 사는 제게 환각이라니!<br>……어머?\u3000저기에<br>아주 맛있어 보이는 케이크가……"""
Die#24,"""이젠 안 돼…… 쉬게 해 주세요……"""
ThankHeal#24,"""감사드려요!"""
ThankBuff#24,"""강해진 기분이에요!"""
ThankCure#24,"""기분 상쾌하다는 게 이런 거군요!"""
DefeatEnemy#24,"""이걸로 한 건 해결이에요!<br>자자, 다음 장소로 가죠."""
LevelUp#24,"""저한테도 나눠 주시겠어요?"""
InvokeSkill1#22,"""넋을 놓고 보셔도 돼요?"""
InvokeSkill2#22,"""이걸로 끝이에요!"""
InvokeSkill3#22,"""할 때는 한답니다!"""
PBFull#24,"""이쪽은 준비 완료랍니다!"""
PBRelease#24,"""힘을 빌려주세요."""
TacticsFree#8,"""맡겨 주세요!<br>지금보다 더 자유롭게<br>움직여 보이겠어요!"""
TacticsGuard#8,"""맡겨 주세요!<br>확실히 버텨 보이겠어요!"""
TacticsMassedAttack#8,"""맡겨 주세요!<br>집중 공격으로 가죠!"""
TacticsAttack#7,"""맡겨 주세요!<br>그런데 제가 미끼인가요!?"""
Avoid#24,"""화려하게 회피!"""
HealSelf#24,"""아직 죽고 싶지는 않으니까요."""
BuffSelf#24,"""부족한 힘은 보조로 보충!"""
HealOther#24,"""무리하지 마세요!"""
BuffOther#24,"""능력 강화도 잊지 마세요!"""
QuestStart1#24,"""잘 부탁드리겠습니다."""
QuestStart2#5,"""당신과 함께라면<br>저, 뭐든 할 수 있을 것 같아요!<br>뭐, 아마 기분 탓이겠지만요!"""
QuestEnd1#24,"""계속 당신에게<br>업혀 가기만 했지만……<br>끝이 좋으면 된 거예요!"""
QuestEnd2#8,"""이걸로 임무 완료네요!"""
IncidentStart#24,"""장애물을 넘어야 성장하는 법!<br>뭐든 덤비라고 하세요!"""
IncidentSuccess#24,"""해냈네요!<br>당신과 함께여서 편했……<br>아니, 당신 덕분이에요!"""
IncidentFailure#24,"""으으……<br>제가 발목을 잡았네요……"""
PSE#24,"""으음, 으으음!<br>이건 PSE의 느낌이에요!"""
PSELevelUp#24,"""해냈어요!<br>계속해서 이어 가죠!"""
PSEBurst#24,"""훌륭해요!<br>이게 PSE 버스트예요!"""
HP30#24,"""왠지 엄청 집중적으로<br>노려지는 기분이……"""
HP10#24,"""전력 분석, 제대로 했네요.<br>가장 약한 저부터 공격하다니<br>……사, 살려주세요!"""
ItemRare#24,"""좋은 물건 주우셨나요?"""
DamageSmall#24,"""아야!"""
DamageMiddle#24,"""와와왓!"""
DamageLarge#24,"""너무해요……"""
Trap#24,"""잠깐, 함정이라니!<br>왜 이런 게 있는 거예요!?"""
ThankTrapRescue#24,"""사, 살았어요……"""
TrapRescueOther#24,"""함정을 조심하세요!<br>저도 아까 걸릴 뻔<br>했으니까요!"""
MemberDamaged#24,"""무리하지 마세요!"""
MemberDead#24,"""……용서 못 해요.<br>절대로 용서 못 해요!"""
AbilityExe#24,"""후후후, 지금부터는<br>제 차례랍니다!"""
AbilitySpecial#23,"""제게 맡겨 주세요!"""
Resurrect#24,"""슬슬 일어날까요."""
PartyJoin#24,"""/ci1 1 제가 등장했답니다!"""
Marvelous#24,"""훌륭한 솜씨예요!"""
IncidentJsApcBegin#24,"""/ci2 2 아아, 당신이시군요!<br>특훈에서 도망……아니, 특훈을 마친<br>저에게 부디 힘을 빌려주세요……!"""
IncidentJsApcFailure#24,"""더, 더는 무리예요……<br>저는 이만 퇴각하겠어요."""
IncidentJsApcSuccess#24,"""/mn15 /ci2 벌써 해결하시다니<br>역시 당신이세요!<br>감사합니다!"""
IncidentJsApcBeginEvo#24,"""/ci1 2 후우, 어떻게든 돼서 다행……<br>……이라고 할 수 없겠네요.<br>조금 더 함께해 주시겠어요?"""
EnemyWeak#25,"""잡몹은 관심 없는데."""
EnemyLarge#25,"""크네…… 올려다보니 목 아파."""
EnemyBoss#25,"""이런……<br>귀찮은 녀석이 나왔네."""
EnemyRare#25,"""선배, 저거<br>희귀한 녀석 아니야?"""
EnemyBoost#25,"""불길한 느낌이 드는 적이네……"""
DestroyEnemy1#25,"""내 적수는 아니네."""
DestroyEnemy2#25,"""자, 다음."""
DestroyEnemy3#25,"""뭐, 이 정도인가."""
CondFreeze#25,"""동결인가, 젠장……"""
CondBurn#25,"""연소인가, 젠장……"""
CondShock#25,"""감전인가, 젠장……"""
CondPoison#25,"""독인가, 젠장……"""
CondPanic#25,"""……누굴 노려야 하지?"""
CondStan#25,"""……몸이 움직이지 않아도<br>할 수 있는 일은 있을 거야."""
CondMirage#25,"""젠장…… 조준이 안 돼."""
Die#25,"""쳇, 여기까지인가……"""
ThankHeal#25,"""미안, 덕분에 살았어."""
ThankBuff#25,"""이거면…… 할 수 있어."""
ThankCure#25,"""어떻게든 진정됐어."""
DefeatEnemy#25,"""둘러봐도 적은 안 보이네."""
LevelUp#25,"""나도 질 수는 없지."""
InvokeSkill1#23,"""쏴!"""
InvokeSkill2#23,"""이 거리…… 잡았어!"""
InvokeSkill3#23,"""내 사거리야!"""
TechLight#11,"""테크닉도 쓸 줄 안다고?"""
TechDark#11,"""이런 것도 할 수 있어."""
PBFull#25,"""준비 완료, 뭐 그런 거지."""
PBRelease#25,"""우릴 방해한 네가<br>잘못한 거야."""
TacticsFree#9,"""그럼 마음대로 해 볼까."""
TacticsGuard#9,"""여긴 버텨야 할 때네."""
TacticsMassedAttack#9,"""집중 공격인가.<br>엄호는 맡겨 줘."""
TacticsAttack#8,"""행동을 봉쇄하는 건<br>사수의 특기야. 맡겨 줘."""
Avoid#25,"""어딜 노리는 거야?"""
HealSelf#25,"""여기서 회복해 둘까."""
BuffSelf#25,"""쓸 수 있는 건 다 쓸 거야."""
HealOther#25,"""회복은 자주 해 둬."""
BuffOther#25,"""보조를 잊으면 위험하다니까."""
QuestStart1#25,"""할 거면 전력으로 해야지."""
QuestStart2#6,"""잘 배울게, 선배."""
QuestEnd1#25,"""끝났네."""
QuestEnd2#9,"""역시 선배네.<br>빈말 아니라 진심이야."""
IncidentStart#25,"""뭔가 온다, 선배."""
IncidentSuccess#25,"""좋아!"""
IncidentFailure#25,"""……미안, 선배."""
PSE#25,"""포톤이 활성화되고 있어……<br>그렇구나, 이게 PSE인가."""
PSELevelUp#25,"""좀 더 이어 보고 싶네."""
PSEBurst#25,"""이만큼 활성화됐으면<br>마음껏 해도 되겠네."""
HP30#25,"""쳇, 밀리고 있는 건가……?"""
HP10#25,"""젠장, 이렇게까지 당하다니……!"""
ItemRare#25,"""선배는 운도 따라 주네."""
DamageSmall#25,"""칫"""
DamageMiddle#25,"""젠장."""
DamageLarge#25,"""꺄악!"""
Trap#25,"""이런 곳에 트랩이!?"""
ThankTrapRescue#25,"""미안, 폐를 끼쳤네."""
TrapRescueOther#25,"""괜찮나?"""
MemberDamaged#25,"""너무 앞에 나가면 위험해!"""
MemberDead#25,"""…………감히."""
AbilityExe#25,"""/toge 몸이 풀리기 시작했어……<br>이 기분, 나쁘지 않아!"""
AbilitySpecial#24,"""/toge 내가 갈게!"""
Resurrect#25,"""당한 만큼은 돌려줘야지."""
PartyJoin#25,"""/ci1 1 잘 부탁해, 선배."""
Marvelous#25,"""이게 경험의 차이인가……"""
IncidentJsApcBegin#25,"""/mn6 /ci2 1 선배, 마침 잘 왔어!<br>잠깐 도와줄래?<br>……가급적 이쪽은 보지 말고."""
IncidentJsApcFailure#25,"""더는 조금 무리일 것 같아……<br>선배, 미안해. 먼저 물러날게."""
IncidentJsApcSuccess#25,"""/mn38 /ci2 1 늘 도와줘서<br>고마워, 선배.<br>그럼 또 보자."""
IncidentJsApcBeginEvo#25,"""/ci2 2 칫, 아직 더 오는 모양이야."""
EnemyWeak#26,"""이 정도 상대라면 나도…!"""
EnemyLarge#26,"""어, 어쩌다 그렇게 커진 거야!"""
EnemyBoss#26,"""도망치면 안 되겠지?"""
EnemyRare#26,"""아, 저거 희귀한 녀석 아니야?"""
EnemyBoost#26,"""…뭐, 뭔가 엄청난 박력이야."""
DestroyEnemy1#26,"""해냈다!"""
DestroyEnemy2#26,"""쓰러뜨렸어!\u3000…맞지?"""
DestroyEnemy3#26,"""나도<br>할 수 있거든!"""
CondFreeze#26,"""차가워!"""
CondBurn#26,"""뜨겁다니까!"""
CondShock#26,"""가, 감전됐어!?"""
CondPoison#26,"""윽… 이거, 독…?"""
CondPanic#26,"""뭔가 어질어질해…"""
CondStan#26,"""우, 움직여, 내 몸아!"""
CondMirage#26,"""어, 어? 적은 어디에?"""
Die#26,"""아직… 나는…"""
ThankHeal#26,"""고마워!"""
ThankBuff#26,"""보조 고마워!"""
ThankCure#26,"""후, 이제야 개운해졌어."""
DefeatEnemy#26,"""어떻게든 버텼어… 맞지?"""
LevelUp#26,"""앗, 좋겠다!"""
InvokeSkill1#24,"""할 수 있는 데까지 해 볼게!"""
InvokeSkill2#24,"""이렇게 하면 되는 거지!"""
InvokeSkill3#24,"""아마 이런 느낌이었지!"""
TechIce#11,"""발만이라도 묶어 둘게!"""
TechThunder#12,"""아무것도 못 할 줄 알았다면 착각이야!"""
PBFull#26,"""이제 적당히 좀 해!"""
PBRelease#26,"""날 화나게 했겠다!"""
TacticsFree#10,"""그럼 난 자유롭게 할게!"""
TacticsGuard#10,"""몸부터 지켜! 기회를 기다리는 거야!"""
TacticsMassedAttack#10,"""다 같이 하면 반드시 해낼 수 있어!"""
TacticsAttack#9,"""저, 적을 끌어들이라고?<br>어쩔 수 없네…"""
Avoid#26,"""어디를 노리는 거야?"""
HealSelf#26,"""아직 죽고 싶지 않으니까!"""
BuffSelf#26,"""보조 없이는 위험하니까."""
HealOther#26,"""괜찮아?\u3000회복시켜 줄게."""
BuffOther#26,"""부스트 완료!<br>이것만큼은 자신 있거든."""
QuestStart1#26,"""간다!"""
QuestStart2#7,"""우리 같이 힘내자.<br><%me>, 알겠지?"""
QuestEnd1#26,"""끝난… 건가?"""
QuestEnd2#10,"""나와 <%me>, 둘 다<br>멀쩡해.<br>응, 다행이야!"""
IncidentStart#26,"""무, 무슨 일이 일어나는 거야?"""
IncidentSuccess#26,"""해냈다!"""
IncidentFailure#26,"""뭐야아…"""
PSE#26,"""슬슬 왔나?"""
PSELevelUp#26,"""계속 이어 가자!"""
PSEBurst#26,"""해냈다, 대성공!<br>이제 단숨에 몰아붙이자!"""
HP30#26,"""아프다니까!"""
HP10#26,"""으으… 이건 위험해…"""
ItemRare#26,"""앗, 그거 좋겠다!"""
DamageSmall#26,"""꺅"""
DamageMiddle#26,"""으윽"""
DamageLarge#26,"""꺄악!"""
Trap#26,"""하, 함정!?"""
ThankTrapRescue#26,"""고, 고마워…"""
TrapRescueOther#26,"""괜찮아?"""
MemberDamaged#26,"""조심해!"""
MemberDead#26,"""…용, 용서 못 해!"""
AbilityExe#26,"""/toge 좋아, 감이 잡히기 시작했어!"""
AbilitySpecial#25,"""/toge 맡겨 줘!"""
Resurrect#26,"""아, 아직 더 할 수 있거든!"""
PartyJoin#26,"""/ci1 1 나한테 맡겨!"""
Marvelous#26,"""…굉장하다."""
IncidentJsApcBegin#26,"""/mn18 /ci2 2 앗, 마침 잘 왔어!<br>바다에서 느긋하게 있다가 포위됐어.<br>도와줄래!"""
IncidentJsApcFailure#26,"""이, 이제 한계야……<br>미안, 난 퇴각할게.<br>너도 너무 무리하지 마."""
IncidentJsApcSuccess#26,"""/ci2 1 후우, 어떻게든 해결했네……<br>네 덕분이야, 고마워.<br>그럼 난 갈게."""
IncidentJsApcBeginEvo#26,"""/mn18 /ci3 1<br>우왓……뭔가 위험해 보이는 반응이<br>아주 가까이 있어……조심하자!"""
EnemyWeak#27,"""약자를 상대할 취미는 없지만<br>어쩔 수 없나."""
EnemyLarge#27,"""상대로 부족함은 없다!"""
EnemyBoss#27,"""이 녀석은 여기서 끝낸다!"""
EnemyRare#27,"""음……<br>저건 희귀한 녀석 아닌가?"""
EnemyBoost#27,"""불길한 기운을 지닌 상대군……!"""
DestroyEnemy1#27,"""우선 하나."""
DestroyEnemy2#27,"""다음은 어느 놈이지."""
DestroyEnemy3#27,"""방해한 네 탓이야."""
CondFreeze#27,"""큭…… 동결인가……!"""
CondBurn#27,"""이 정도 열쯤은<br>아무것도 아니다!"""
CondShock#27,"""몸이 저려 힘이……"""
CondPoison#27,"""이 정도 독으로<br>나는 멈추지 않는다!"""
CondPanic#27,"""모든 게 거꾸로 보이지만<br>상관없다!\u3000벤다!"""
CondStan#27,"""몸이 움직이지 않는다……!"""
CondMirage#27,"""시야가 막혔나……<br>그렇다면 모조리 벨 뿐이다!"""
Die#27,"""나는…… 아직……"""
ThankHeal#27,"""감사한다!"""
ThankBuff#27,"""은혜는 잊지 않겠다!"""
ThankCure#27,"""수고를 끼쳐 미안하다!"""
DefeatEnemy#27,"""별것 아니군요."""
LevelUp#27,"""역시 대단하군!"""
InvokeSkill1#25,"""아마네센!"""
InvokeSkill2#25,"""카사네바!"""
InvokeSkill3#25,"""츠라네마이!"""
TechFire#12,"""이건 어떠냐!"""
TechIce#12,"""이건 어떠냐!"""
TechThunder#13,"""이건 어떠냐!"""
TechWind#11,"""이건 어떠냐!"""
TechLight#12,"""이건 어떠냐!"""
TechDark#12,"""이건 어떠냐!"""
PBFull#27,"""별로 쓰고 싶진 않았지만……"""
PBRelease#27,"""한순간에 끝낸다!"""
TacticsFree#11,"""알았다, 내게 맡겨라!"""
TacticsGuard#11,"""모두는 내가 지켜 내겠다!"""
TacticsMassedAttack#11,"""단숨에 끝낸다!"""
TacticsAttack#10,"""내가 미끼가 되겠다!"""
Avoid#27,"""흥!"""
HealSelf#27,"""방심했군."""
BuffSelf#27,"""거기까지다."""
HealOther#27,"""이제 괜찮을 거다."""
BuffOther#27,"""무리하지 마라."""
QuestStart1#27,"""임무를 시작한다!"""
QuestStart2#8,"""너와 함께라면 안심이군."""
QuestEnd1#27,"""역시 대단하군.<br>흠잡을 데가 없다."""
QuestEnd2#11,"""이런 결과까지는<br>예상하지 못했다, 응."""
IncidentStart#27,"""……무언가 일어난다."""
IncidentSuccess#27,"""어떻게든 해결된 모양이군."""
IncidentFailure#27,"""……미안하다.<br>내가 조금 더 잘했더라면……"""
PSE#27,"""이게 PSE라는 건가?"""
PSELevelUp#27,"""그렇군.<br>PSE는 계속 이어지는 거구나."""
PSEBurst#27,"""이게 PSE 버스트……<br>아름답군."""
HP30#27,"""밀리고 있군……"""
HP10#27,"""큭…… 위험해……<br>하지만 아직 포기할 수는 없다!"""
ItemRare#27,"""내가 가치를 알진 못하지만<br>그거, 희귀한 물건이지?"""
DamageSmall#27,"""읏!"""
DamageMiddle#27,"""제법 하는군!"""
DamageLarge#27,"""크윽!"""
Trap#27,"""쳇, 트랩인가!"""
ThankTrapRescue#27,"""미안하다, 덕분에 살았다!"""
TrapRescueOther#27,"""조심해라!"""
MemberDamaged#27,"""무리하지 마라."""
MemberDead#27,"""나는 지키지 못한 건가……!"""
AbilityExe#27,"""내게 맡겨라!"""
AbilitySpecial#26,"""나를 막을 수 있다고 생각 마라!"""
Resurrect#27,"""번거롭게 했군!"""
PartyJoin#27,"""/ci1 1 그럼, 잘 부탁한다."""
Marvelous#27,"""감탄이 나오는 움직임이군."""
IncidentJsApcBegin#27,"""/ci2 2 전투에 휘말린 모양이군.<br>나도 돕도록 하지.<br>차림은 신경 쓰지 마."""
IncidentJsApcFailure#27,"""……큭, 제법이군.<br>미안하지만 다시 준비해 오겠다."""
IncidentJsApcSuccess#27,"""/ci2 1 좋아, 이걸로 진정됐군.<br>도와줘서 감사한다."""
IncidentJsApcBeginEvo#27,"""/ci3 1 ……기척이 사라지지 않는다.<br>아무래도 아직 더 오는 모양이군."""
EnemyWeak#28,"""상대가 약해도 방심은 금물이야.<br>긴장 풀지 마!"""
EnemyLarge#28,"""쓸데없이 크게 진화했군!"""
EnemyBoss#28,"""헤, 드디어 진짜가 나왔군!"""
EnemyRare#28,"""오, 저 녀석 뭐야?<br>희귀한 녀석 아니야?"""
EnemyBoost#28,"""…평소 녀석들과는<br>분위기가 달라. 조심해."""
DestroyEnemy1#28,"""한 건 처리했고!"""
DestroyEnemy2#28,"""다음 간다!"""
DestroyEnemy3#28,"""자, 다음이다!"""
CondFreeze#28,"""추워!"""
CondBurn#28,"""뜨거, 뜨거워!"""
CondShock#28,"""젠장, 몸이 저려…"""
CondPoison#28,"""칫… 독인가…!"""
CondPanic#28,"""시야가 안 잡혀…!"""
CondStan#28,"""몸이 안 움직여… 뭐야!"""
CondMirage#28,"""눈이 흐려지는군…"""
Die#28,"""이럴 수가…"""
ThankHeal#28,"""살았다!"""
ThankBuff#28,"""오, 고마워!"""
ThankCure#28,"""이제야…<br>마음 놓고 싸울 수 있겠군."""
DefeatEnemy#28,"""이걸로 일단락인가?"""
LevelUp#28,"""넌 아직 더 성장할 거야."""
InvokeSkill1#26,"""이걸로 끝이다!"""
InvokeSkill2#26,"""노린 대로 움직이는군!"""
InvokeSkill3#26,"""뻔히 보인다고!"""
PBFull#28,"""슬슬 내가 나설 차례인가?"""
PBRelease#28,"""비장의 수, 간다!"""
TacticsFree#12,"""내 방식대로 해 보지!"""
TacticsGuard#12,"""방어를 굳히고 다시 가자."""
TacticsMassedAttack#12,"""한곳에 집중한다!"""
TacticsAttack#11,"""자, 이쪽으로 와라!"""
Avoid#28,"""이얏!"""
HealSelf#28,"""위험했군."""
BuffSelf#28,"""방심하지 말고 간다."""
HealOther#28,"""위험할 뻔했군."""
BuffOther#28,"""너무 방심하지 마."""
QuestStart1#28,"""시작해 볼까!"""
QuestStart2#9,"""좋아, 가자.<br><%me>!"""
QuestEnd1#28,"""이걸로 끝!"""
QuestEnd2#12,"""끝났군!<br>너도 수고했어!"""
IncidentStart#28,"""예상 밖의 상황인가.<br>뭐, 전장에선 흔한 일이지!"""
IncidentSuccess#28,"""좋았어!"""
IncidentFailure#28,"""아차…"""
PSE#28,"""시작됐나!"""
PSELevelUp#28,"""계속 몰아붙이자!"""
PSEBurst#28,"""좋아!<br>이쪽도 기세를 올려 볼까!"""
HP30#28,"""이런, 제법 맞았나?"""
HP10#28,"""이 이상은 위험해…"""
ItemRare#28,"""오, 좋은 걸 주웠군!"""
DamageSmall#28,"""윽"""
DamageMiddle#28,"""칫"""
DamageLarge#28,"""크악"""
Trap#28,"""이런 곳에 함정이라고!?"""
ThankTrapRescue#28,"""후, 살았다."""
TrapRescueOther#28,"""어이, 괜찮아?"""
MemberDamaged#28,"""괜찮아!?"""
MemberDead#28,"""…감히 해치웠겠다!<br>내 눈앞에서!!"""
AbilityExe#28,"""/toge 이제 감이 잡히는군!"""
AbilitySpecial#27,"""/toge 맡겨 둬!"""
Resurrect#28,"""…너무 우쭐대지 마."""
PartyJoin#28,"""/ci1 1 그럼, 잘 부탁한다."""
Marvelous#28,"""좋은 움직임이야!"""
IncidentJsApcBegin#28,"""/ci2 1 오, 마침 잘 왔다!<br>미안하지만 이쪽을 도와주겠나?<br>적의 수가 조금 많아서 말이지."""
IncidentJsApcFailure#28,"""어이쿠……조금 너무 당했군.<br>아무래도 너무 방심했어.<br>미안하지만 먼저 돌아갈게."""
IncidentJsApcSuccess#28,"""/mn38 /ci2 1 역시 대단하군!<br>서로 더위에 지지 말고 힘내자!<br>그럼 또 보자!"""
IncidentJsApcBeginEvo#28,"""/mn18 /ci2 1 오, 새로운 녀석들이 오나.<br>기세 탄 우릴 막을 수 있으려나?"""
EnemyWeak#29,"""어라, 어라라?<br>이건 쉽게 끝나겠는데!"""
EnemyLarge#29,"""엄청… 크다…"""
EnemyBoss#29,"""골치 아픈 상대가 왔어!"""
EnemyRare#29,"""오오!<br>저거 봐, 희귀한 녀석이야!"""
EnemyBoost#29,"""우왓, 우와앗!<br>불길한 예감이 팍팍 들어…!"""
DestroyEnemy1#29,"""영차!"""
DestroyEnemy2#29,"""어떠냐!"""
DestroyEnemy3#29,"""화려하게 성공!"""
CondFreeze#29,"""꽁꽁 얼었다!"""
CondBurn#29,"""활활 타오른다!<br>뜨거, 뜨거워!"""
CondShock#29,"""저저저저려어어어!"""
CondPoison#29,"""으으, 기부니 나빠…"""
CondPanic#29,"""빙글빙글, 어질어질!<br>아하하하!"""
CondStan#29,"""몸이 잘 안 움직여!"""
CondMirage#29,"""흐릿하고 뿌예서<br>시야가 엄청나!"""
Die#29,"""티아…"""
ThankHeal#29,"""고마워!"""
ThankBuff#29,"""센스 있는 사람, 정말 좋아!"""
ThankCure#29,"""기분 상쾌, 힘내자!"""
DefeatEnemy#29,"""음, 끝났나?"""
LevelUp#29,"""좋겠다!\u3000좋겠네!"""
InvokeSkill1#27,"""하나, 둘, 얍!"""
InvokeSkill2#27,"""날아가 버려!"""
InvokeSkill3#27,"""해치워 버릴 거야!"""
TechLight#13,"""티아 흉내 내기!"""
PBFull#29,"""열받아!<br>화나기 시작했어!"""
PBRelease#29,"""1번, 패티!\u3000갑니다!"""
TacticsFree#13,"""자유분방하게 가 보자!"""
TacticsGuard#13,"""방어는 최고의 공격이라고<br>누군가 그랬어!"""
TacticsMassedAttack#13,"""미안하지만 이건 싸움이니까…<br>집중 공격이야!"""
TacticsAttack#12,"""자, 자, 이쪽으로 와!"""
Avoid#29,"""영차!"""
HealSelf#29,"""해낼 줄 알았어?<br>아쉽지만 회복이었어!"""
BuffSelf#29,"""이래 보여도<br>준비는 빠뜨리지 않아!"""
HealOther#29,"""빠르게 회복!"""
BuffOther#29,"""나눠 줄게!"""
QuestStart1#29,"""그럼 가 보자!"""
QuestEnd1#29,"""이걸로 끝!"""
IncidentStart#29,"""음, 문제의 예감!"""
IncidentSuccess#29,"""대성공!"""
IncidentFailure#29,"""뭐, 이럴 때도 있지!"""
PSE#29,"""오, 뭔가 시작됐다!"""
PSELevelUp#29,"""계속 이어 가 보자!"""
PSEBurst#29,"""우와!<br>이거 정말 굉장한데!"""
HP30#29,"""아직 쌩쌩해!"""
HP10#29,"""허, 허세 부리기도 힘들어…"""
ItemRare#29,"""아, 치사해!<br>좋겠다!"""
DamageSmall#29,"""아야!"""
DamageMiddle#29,"""꺄악!"""
DamageLarge#29,"""아프다니까!"""
Trap#29,"""함정에 걸린 여자애라니<br>제법 자극적… 아니,<br>그게 아니라 살려 줘!"""
ThankTrapRescue#29,"""후, 고마워."""
TrapRescueOther#29,"""화려하게 구출 완료!"""
MemberDamaged#29,"""괜찮아?\u3000무리하면 안 돼!"""
MemberDead#29,"""나도 화날 때는 난다고…!"""
AbilityExe#29,"""/toge 좋아, 감도 잡혔으니<br>언니가 힘내 볼게!"""
AbilitySpecial#28,"""/toge 나한테 맡겨!"""
Resurrect#29,"""후, 저승길이 보였어!"""
PartyJoin#29,"""/ci1 1 네네!\u3000힘낼게!"""
Marvelous#29,"""이야, 편하다, 편해."""
EnemyWeak#30,"""응?<br>별로 강하지 않은… 건가?"""
EnemyLarge#30,"""엄청… 크네…"""
EnemyBoss#30,"""귀찮은 상대가 와 버렸네…"""
EnemyRare#30,"""엄청 희귀한 종이네.<br>운이 좋을지도…"""
EnemyBoost#30,"""이 느낌은…<br>좋지 않은 분위기예요."""
DestroyEnemy1#30,"""해치워 버렸어요."""
DestroyEnemy2#30,"""끝내 버렸어요."""
DestroyEnemy3#30,"""우아하게 성공!"""
CondFreeze#30,"""차갑네…"""
CondBurn#30,"""뜨거울지도…"""
CondShock#30,"""찌릿찌릿해…"""
CondPoison#30,"""속이 안 좋아…"""
CondPanic#30,"""빙글빙글 돌아서…<br>뭐지, 이거…"""
CondStan#30,"""힘이 쭉 빠졌어…"""
CondMirage#30,"""시야가 뭔가 이상해…"""
Die#30,"""언니…"""
ThankHeal#30,"""고마워."""
ThankBuff#30,"""더 힘낼게."""
ThankCure#30,"""기분이 개운해졌어."""
DefeatEnemy#30,"""일단, 끝난 걸까?"""
LevelUp#30,"""강해지는 건 좋은 일이야."""
InvokeSkill1#28,"""이런 건<br>패티 언니 역할이야."""
TechFire#13,"""낭비는 싫어."""
TechIce#13,"""놓치지 않아."""
TechThunder#14,"""다 보이는데?"""
TechWind#12,"""여러 가지 할 수 있거든?"""
TechLight#14,"""테크닉이라면 맡겨."""
TechDark#13,"""끝내 줄게."""
PBFull#30,"""나도 화날 때는 화나니까."""
PBRelease#30,"""2번, 티아. 갑니다."""
TacticsFree#14,"""그럼 자유롭게 할게요."""
TacticsGuard#14,"""방어를 굳히고 빈틈을 노린다.<br>정석 전술이네."""
TacticsMassedAttack#14,"""한곳에 집중…<br>합리적이라고 생각해."""
TacticsAttack#13,"""내가 시선을 끌게요."""
Avoid#30,"""아쉽네"""
HealSelf#30,"""그렇게 쉽게 쓰러지진 않을 테니까."""
BuffSelf#30,"""보조도 잊지 않아요."""
HealOther#30,"""일찍 회복하는 걸 명심해."""
BuffOther#30,"""능력 강화를 잊지 마."""
QuestStart1#30,"""그럼 잘 부탁해."""
QuestEnd1#30,"""끝난… 건가?"""
IncidentStart#30,"""뭔가 일어날 것 같은 예감이…"""
IncidentSuccess#30,"""성공한 모양이야."""
IncidentFailure#30,"""실패는 성공의 어머니."""
PSE#30,"""포톤 활성화…?<br>시작된 모양이야."""
PSELevelUp#30,"""계속 더 이어 가 보자."""
PSEBurst#30,"""여기까지<br>활성화되기도 하는구나."""
HP30#30,"""아직 쌩쌩해요."""
HP10#30,"""조금… 힘들지도."""
ItemRare#30,"""그거, 좋은 물건 같네."""
DamageSmall#30,"""큿"""
DamageMiddle#30,"""꺄악"""
DamageLarge#30,"""아야!"""
Trap#30,"""큭… 이런 함정 따위에."""
ThankTrapRescue#30,"""살았어요."""
TrapRescueOther#30,"""괜찮으신가요?"""
MemberDamaged#30,"""무리는 금물이에요."""
MemberDead#30,"""…용서하지 않겠어요."""
AbilityExe#30,"""/toge 감이 잡히기 시작했으니<br>나도 힘내 버릴지도."""
AbilitySpecial#29,"""/toge 나한테 맡겨 주세요."""
Resurrect#30,"""너무 방심했나."""
PartyJoin#30,"""/ci1 1 적당히 힘낼게."""
Marvelous#30,"""…정말 편하네."""
EnemyWeak#31,"""우리의 적은 아니군"""
EnemyLarge#31,"""대형인가"""
EnemyBoss#31,"""강적인 것 같군"""
EnemyRare#31,"""저 유형은……희귀한 녀석인가"""
EnemyBoost#31,"""……조심해.<br>불길한 포톤이다"""
DestroyEnemy1#31,"""다음."""
DestroyEnemy2#31,"""별것 아니군요."""
CondFreeze#31,"""동결 상태라고……"""
CondBurn#31,"""아무래도 뜨겁군……"""
CondShock#31,"""흐음……<br>이렇게 감전되면 성가시군"""
CondPoison#31,"""쳇, 독인가……!"""
CondPanic#31,"""의식이 혼탁해진다……"""
CondStan#31,"""움직임이 봉쇄됐어……!?"""
CondMirage#31,"""조준이 흔들리는군……"""
Die#31,"""이런 곳에서 쓰러질 수는……"""
ThankHeal#31,"""도움이 되는군"""
ThankBuff#31,"""고맙다."""
ThankCure#31,"""번거롭게 했군."""
DefeatEnemy#31,"""이 일대는 정리됐나"""
LevelUp#31,"""느낌 좋군"""
InvokeSkill1#29,"""놓치지 않는다"""
InvokeSkill2#28,"""단숨에 끝낸다!"""
InvokeSkill3#28,"""라피, 부탁한다!"""
TechFire#14,"""불타라."""
TechIce#14,"""얼음이여"""
TechThunder#15,"""번개여."""
TechWind#13,"""바람이여."""
TechLight#15,"""빛이여."""
TechDark#14,"""어둠이여."""
PBFull#31,"""힘을 쓸 때가 왔나"""
PBRelease#31,"""모두를 지킨다. 그것이 내 사명이다"""
Avoid#31,"""핫!"""
HealSelf#31,"""아슬아슬했군."""
BuffSelf#31,"""봐주지 않는다"""
HealOther#31,"""방심하지 마라"""
BuffOther#31,"""태세를 정비해라"""
QuestStart1#31,"""임무를 시작한다."""
QuestEnd1#31,"""역시 대단하군."""
IncidentStart#31,"""이 기척……무엇이 오지"""
IncidentSuccess#31,"""적절한 대응이었군"""
IncidentFailure#31,"""……반성할 점이 많군"""
PSE#31,"""이건……PSE인가"""
PSELevelUp#31,"""포톤이 활성화되고 있다"""
PSEBurst#31,"""이것이 PSE의 최종 단계인가"""
HP30#31,"""대미지를 너무 많이 받았나"""
HP10#31,"""이 이상은 아무래도 위험해……"""
ItemRare#31,"""흐음, 희귀한 물건인 듯하군"""
DamageSmall#31,"""큿"""
DamageMiddle#31,"""위험해"""
DamageLarge#31,"""꺄악!"""
Trap#31,"""함정이라고!"""
ThankTrapRescue#31,"""번거롭게 했군."""
TrapRescueOther#31,"""괜찮나?"""
MemberDamaged#31,"""무리하지 마라."""
MemberDead#31,"""……내가 한심한 탓에"""
AbilityExe#31,"""흐음, 몸이 가볍군"""
AbilitySpecial#30,"""포톤이 몸에 익는군"""
Resurrect#31,"""……멈춰 설 수는 없어"""
PartyJoin#31,"""/ci2 1 잘 부탁한다"""
Marvelous#31,"""이것이 네 힘인가"""
IncidentJsApcBegin#29,"""/ci2 1 <%me>.<br>미안하지만 도와줄 수 있나?"""
IncidentJsApcFailure#29,"""……나도 참 꼴사납군.<br>미안하지만 먼저 물러나겠다."""
IncidentJsApcSuccess#29,"""/ci2 1 역시 대단하군. 소문 이상이다.<br>너에게 부탁하길 잘했군."""
IncidentJsApcBeginEvo#29,"""/ci1 1 끝났나……?<br>……아니, 아직 더 오는군.<br>조금만 더 어울려 주겠나?"""
EnemyWeak#32,"""어이, 겁도 없는 녀석이군!<br>그저 무모한 건가?"""
EnemyLarge#32,"""난 덩치 큰 녀석이 좋다!<br>쓰러뜨리는 보람이 있으니까!"""
EnemyBoss#32,"""지금부터가 진짜다!<br>끓어오르는군, 후하하하핫!"""
EnemyRare#32,"""오오오오오!<br>저건 엄청 희귀한 녀석이다!"""
EnemyBoost#32,"""뭐냐, 뭐냐!<br>이상한 녀석이 왔군!<br>쓰러뜨리는 건 변함없지만!"""
DestroyEnemy1#32,"""다음이다, 다음!"""
DestroyEnemy2#32,"""후하하하핫!<br>역시 나는 강하다!"""
DestroyEnemy3#31,"""제대로 들어갔군!"""
CondFreeze#32,"""동결됐지만, 뭐 괜찮아!<br>곧 어떻게든 되겠지!"""
CondBurn#32,"""연소됐지만, 뭐 괜찮아!<br>곧 어떻게든 되겠지!"""
CondShock#32,"""감전됐지만, 뭐 괜찮아!<br>곧 어떻게든 되겠지!"""
CondPoison#32,"""독에 걸렸지만, 뭐 괜찮아!<br>곧 어떻게든 되겠지!"""
CondPanic#32,"""혼란에 빠졌지만, 뭐 괜찮아!<br>곧 어떻게든 되겠지!"""
CondStan#32,"""움직일 수 없지만, 뭐 괜찮아!<br>곧 어떻게든 되겠지!"""
CondMirage#32,"""환혹에 빠졌지만, 뭐 괜찮아!<br>곧 어떻게든 되겠지!"""
Die#32,"""이 내가…!?"""
ThankHeal#32,"""고마워!"""
ThankBuff#32,"""난 절호조야!"""
ThankCure#32,"""난 완전히 회복했어!"""
DefeatEnemy#32,"""흥, 별것 아니군!"""
LevelUp#32,"""성장은 아름답다!"""
InvokeSkill1#30,"""내게서는 도망칠 수 없다!"""
InvokeSkill2#29,"""하하하하하!"""
InvokeSkill3#29,"""멋지게 끝내 주마!"""
PBFull#32,"""훗!<br>불타오르는 상황이다!"""
PBRelease#32,"""좋았어, 불타오르기 시작했다!"""
TacticsFree#15,"""난 평소대로 움직이겠다!"""
TacticsGuard#15,"""지키기보다 공격하고 싶다!"""
TacticsMassedAttack#15,"""효율적인 작전이군!"""
TacticsAttack#14,"""내 이름은 휴이!<br>두렵지 않다면 어디서든<br>덤벼라!\u3000하하하!"""
Avoid#32,"""훤히 보인다!"""
HealSelf#32,"""근성으로 회복!"""
BuffSelf#32,"""기합으로 보조!"""
HealOther#32,"""자네도 근성으로 회복하게!"""
BuffOther#32,"""자네도 이 보조를 활용하게!"""
QuestStart1#32,"""나한테 맡겨 둬라!"""
QuestStart2#10,"""자네와 함께하면 감이 좋다!"""
QuestEnd1#32,"""끝났다!"""
QuestEnd2#13,"""힘차게 움직였군!"""
IncidentStart#32,"""음, 뭔가 일어날 예감!"""
IncidentSuccess#32,"""대성공이군!"""
IncidentFailure#32,"""아직도 미숙하군…"""
PSE#32,"""음, 포톤이 시끄럽다!<br>이건 PSE의 예감이다!"""
PSELevelUp#32,"""좋아, 더 이어 간다!"""
PSEBurst#32,"""해냈다!<br>이게 최종 단계다!"""
HP30#32,"""이 정도 상처는 핥으면 낫는다!"""
HP10#32,"""죽음 속에서 살길을 찾는다!"""
ItemRare#32,"""오, 좋은 물건 아닌가!<br>가져라, 가져!"""
DamageSmall#32,"""큭"""
DamageMiddle#32,"""뭐라고!"""
DamageLarge#32,"""으윽!"""
Trap#32,"""함정이라니 비겁하군!"""
ThankTrapRescue#32,"""감사한다!"""
TrapRescueOther#32,"""기다리게 했군!"""
MemberDamaged#32,"""나한테 맡기고 물러나라!"""
MemberDead#32,"""…용서하지 않겠다, 절대로!"""
AbilityExe#32,"""/toge 나, 절호조!"""
AbilitySpecial#31,"""/toge 후하하!\u3000나한테 맡겨 둬라!"""
Resurrect#32,"""근성으로 부활!"""
PartyJoin#32,"""/ci1 1 맡겨만 주게!"""
Marvelous#32,"""바로 그 기세다!"""
IncidentJsApcBegin#30,"""/toge /ci2 1 곤란해하는 포톤을 감지하고!<br>전투부 사령관 휴이, 화려하게 등장!<br>이제 나한테 맡겨라!"""
IncidentJsApcFailure#30,"""/toge 전투부 사령관이라도<br>방심하면 이 꼴이다!\u3000<br>방심은 금물이다!"""
IncidentJsApcSuccess#30,"""/toge /ci2 1 훗… 나를 막고 싶다면<br>지금의 백 배는 데려오도록!"""
IncidentJsApcBeginEvo#30,"""/toge /ci2 아직도 오는가!<br>하하하, 제법 근성 있는 녀석들이군!<br>…하지만 난 멈추지 않는다!"""
IncidentJsMultiApcBegin#1,"""/toge /ci2 1 /mn15 후하하하하핫!<br>전투부 사령관 휴이!\u3000화려하게 등장!<br>적에게 포위됐지만 신경 쓰지 마라!"""
IncidentJsMultiApcSuccess#1,"""/toge /ci2 1 /mn15 좋아, 좋아, 끝났군!<br>그럼 다음 포톤이 있는 곳으로<br>가 볼까, 클라리스 크레이스!"""
EnemyWeak#33,"""좋아, 약한 녀석이 왔군!"""
EnemyLarge#33,"""/toge 저런 건 덩치만 큰 놈이야<br>박살 내면 그만이다!"""
EnemyBoss#33,"""/toge 강적 등장이라는 거군!<br>조심해!"""
EnemyRare#33,"""좀처럼 보기 힘든 녀석이군!"""
EnemyBoost#33,"""어이, 어이, 저건 뭐야?<br>기합부터 다르잖아!"""
DestroyEnemy1#33,"""어떠냐!"""
DestroyEnemy2#33,"""좋아, 다음!"""
DestroyEnemy3#32,"""계속 간다!"""
CondFreeze#33,"""젠장, 동결이냐……!"""
CondBurn#33,"""우왓!<br>불타고 있잖아!"""
CondShock#33,"""큭……몸이 저려 버렸어!"""
CondPoison#33,"""독 따윈 시시해!"""
CondPanic#33,"""어이쿠, 어떻게 해야 하지!?"""
CondStan#33,"""뭐!\u3000몸이 안 움직여!"""
CondMirage#33,"""시야를 빼앗다니 비겁하잖아!<br>정정당당하게 싸워!"""
Die#33,"""젠장, 당해 버렸어!"""
ThankHeal#33,"""회복, 고맙다!"""
ThankBuff#33,"""좋아, 센스 있네!"""
ThankCure#33,"""고마워, 개운해졌어!"""
DefeatEnemy#33,"""여긴 정리됐군!<br>앞으로 나아가자!"""
LevelUp#33,"""또 레벨이 오른 모양이군!"""
InvokeSkill1#31,"""/toge 여기서 끝내 주마!"""
InvokeSkill2#30,"""해치워 주마!"""
InvokeSkill3#30,"""/toge 전력으로 간다!"""
PBFull#33,"""진심으로 간다!"""
PBRelease#33,"""/toge 상대로 부족함이 없어!"""
Avoid#33,"""흥!"""
HealSelf#33,"""회복도 필요하지!"""
BuffSelf#33,"""준비도 잊으면 안 되지!"""
HealOther#33,"""무리하지 말라니까!"""
BuffOther#33,"""이걸로 완벽해!"""
QuestStart1#33,"""자, 해치우자!"""
QuestEnd1#33,"""/toge 즐거웠어!<br>다음에 또 같이 가자!"""
IncidentStart#33,"""음!?\u3000뭔가 온다!"""
IncidentSuccess#33,"""최고의 결과군!"""
IncidentFailure#33,"""이런……<br>납득할 수 없는 결과야."""
PSE#33,"""오, 포톤이<br>활성화되기 시작했군!"""
PSELevelUp#33,"""이대로 계속 날뛰라는 거야!<br>계속한다!"""
PSEBurst#33,"""/toge 굉장하군, 이거!<br>우오오오!\u3000뜨거워지는데!"""
HP30#33,"""제법이잖아……!"""
HP10#33,"""젠장……!\u3000아직 멀었어!"""
ItemRare#33,"""/toge 그거 좋은 물건이야!<br>소중히 간직해!"""
DamageSmall#33,"""큭!"""
DamageMiddle#33,"""우왓!"""
DamageLarge#33,"""제법 하는군!"""
Trap#33,"""성가신 것을……!"""
ThankTrapRescue#33,"""미안, 폐를 끼쳤어!"""
TrapRescueOther#33,"""괜찮아!?"""
MemberDamaged#33,"""무리하지 마!<br>뒤로 물러나 있어!"""
MemberDead#33,"""/toge 날 화나게 했군!"""
AbilityExe#33,"""/toge 불타오르는데!"""
AbilitySpecial#32,"""/toge 좋아!\u3000나한테 맡겨!"""
Resurrect#33,"""/toge 난 아직 더 할 수 있어!"""
PartyJoin#33,"""/toge /ci2 1 잘 부탁한다!"""
Marvelous#33,"""역시 대단하군!"""
IncidentJsApcBegin#31,"""/toge /ci2 1 잠깐 도와줄래!<br>부탁해!"""
IncidentJsApcFailure#31,"""쳇……실수했어……!"""
IncidentJsApcSuccess#31,"""/toge /ci2 2 네 덕분에 살았어!<br>고맙다!"""
IncidentJsApcBeginEvo#31,"""/toge /ci2 1 아직 뭔가 더 일어나는 건가!<br>좋아, 즐겨 보자!"""
EnemyWeak#34,"""괜찮아, 별거 아니야"""
EnemyLarge#34,"""크기만 할 뿐이야"""
EnemyBoss#34,"""방심하면 안 돼"""
EnemyRare#34,"""희귀한 녀석이야"""
EnemyBoost#34,"""뭔가 불길해"""
DestroyEnemy1#34,"""이걸로 끝"""
DestroyEnemy2#34,"""명중"""
DestroyEnemy3#33,"""포착했어"""
CondFreeze#34,"""차가워……"""
CondBurn#34,"""뜨거워……"""
CondShock#34,"""저려……"""
CondPoison#34,"""속이 안 좋아…"""
CondPanic#34,"""빙글빙글 돌아……"""
CondStan#34,"""움직일 수 없을지도……"""
CondMirage#34,"""조준이 안 맞아……"""
Die#34,"""당해 버렸어……"""
ThankHeal#34,"""회복, 고마워"""
ThankBuff#34,"""보조, 고마워"""
ThankCure#34,"""개운해졌어, 고마워"""
DefeatEnemy#34,"""전부 쓰러뜨렸네<br>다음으로 가자"""
LevelUp#34,"""축하해"""
InvokeSkill1#32,"""이걸로 끝낼게"""
InvokeSkill2#31,"""반드시 맞힐게"""
InvokeSkill3#31,"""명중시킬게"""
PBFull#34,"""준비됐어"""
PBRelease#34,"""마음대로 하게 두지 않아"""
Avoid#34,"""어림없어"""
HealSelf#34,"""회복은 중요하니까"""
BuffSelf#34,"""보조도 필요해"""
HealOther#34,"""회복할게"""
BuffOther#34,"""엄호할게"""
QuestStart1#34,"""가자"""
QuestEnd1#34,"""끝났네, 수고했어"""
IncidentStart#34,"""뭔가 일어날 것 같아, 조심해"""
IncidentSuccess#34,"""성공했네"""
IncidentFailure#34,"""실패해 버렸네……"""
PSE#34,"""포톤이 활성화되고 있어?"""
PSELevelUp#34,"""계속할게"""
PSEBurst#34,"""이것이 PSE 버스트……<br>정말 예뻐"""
HP30#34,"""아직 괜찮아"""
HP10#34,"""위기일지도 몰라……"""
ItemRare#34,"""그거 아주 좋은 물건이야"""
DamageSmall#34,"""큿"""
DamageMiddle#34,"""으윽"""
DamageLarge#34,"""아얏!"""
Trap#34,"""함정……!"""
ThankTrapRescue#34,"""도와줘서 고마워"""
TrapRescueOther#34,"""괜찮아?"""
MemberDamaged#34,"""무리는 금물이야"""
MemberDead#34,"""…용서 못 해."""
AbilityExe#34,"""전부 명중시킬게"""
AbilitySpecial#33,"""지금이라면……!"""
Resurrect#34,"""조금만 더 힘낼게"""
PartyJoin#34,"""/ci1 1 잘 부탁해"""
Marvelous#34,"""……대단해."""
IncidentJsApcBegin#32,"""/ci1 1 미안해.<br>도와주면 좋겠어."""
IncidentJsApcFailure#32,"""힘이 부족했어, 미안해……"""
IncidentJsApcSuccess#32,"""/ci1 2 덕분에 살았어.<br>고마워."""
IncidentJsApcBeginEvo#32,"""/ci1 1 아직 끝나지 않은 모양이야.<br>조심해."""
EnemyWeak#35,"""냥!"""
EnemyLarge#35,"""크다냥!"""
EnemyBoss#35,"""음, 요주의다냥!"""
EnemyRare#35,"""냥냥?<br>희귀한 녀석이다냥!"""
EnemyBoost#35,"""기합이 너무 들어갔다냥!"""
DestroyEnemy1#35,"""해치웠다냥!"""
DestroyEnemy2#35,"""낙승이다냥!"""
DestroyEnemy3#34,"""순조롭다냥!"""
CondFreeze#35,"""차갑다냥!"""
CondBurn#35,"""뜨겁다냥!"""
CondShock#35,"""저려어어어냥……!"""
CondPoison#35,"""기분 나쁘다냥……"""
CondPanic#35,"""빙글빙글 돈다냥……"""
CondStan#35,"""움직일 수 없다냥……"""
CondMirage#35,"""흐물흐물하다냥……"""
Die#35,"""당하고 말았다냥……"""
ThankHeal#35,"""고맙다냥!"""
ThankBuff#35,"""살았다냥!"""
ThankCure#35,"""개운하고 쾌적하다냥!"""
DefeatEnemy#35,"""다음으로 간다냥!"""
LevelUp#35,"""레벨 업이다냥!"""
InvokeSkill1#33,"""깔끔하게 끝낸다냥!"""
InvokeSkill2#32,"""받아라냥!"""
InvokeSkill3#32,"""각오해라냥!"""
PBFull#35,"""준비 만전, 완벽하다냥!"""
PBRelease#35,"""이젠 사과해도 용서 안 한다냥!"""
Avoid#35,"""냐앗!"""
HealSelf#35,"""좋아, 회복이다냥!"""
BuffSelf#35,"""만전으로 해 둔다냥!"""
HealOther#35,"""회복은 중요하다냥!"""
BuffOther#35,"""보조도 잊으면 안 된다냥!"""
QuestStart1#35,"""자, 간다냥!"""
QuestEnd1#35,"""해냈다냥!\u3000"""
IncidentStart#35,"""뭔가 일어날 것 같다냥!"""
IncidentSuccess#35,"""해냈다냥!\u3000성공이다냥!"""
IncidentFailure#35,"""냐아아……미안하다냥"""
PSE#35,"""포톤이 술렁이고 있다냥!"""
PSELevelUp#35,"""이 기세로 계속 간다냥!"""
PSEBurst#35,"""굉장하다냥……<br>포톤이 반짝인다냥!"""
HP30#35,"""너무 방심했나냥?"""
HP10#35,"""위, 위기일지도 모른다냥……"""
ItemRare#35,"""그거 좋은 물건이다냥!"""
DamageSmall#35,"""냥!?"""
DamageMiddle#35,"""아프다냥!"""
DamageLarge#35,"""위, 위험하다냥……!"""
Trap#35,"""꺄아아냥!\u3000함정이다냥!"""
ThankTrapRescue#35,"""구해 줘서 고맙다냥!"""
TrapRescueOther#35,"""다행이다, 괜찮냥?"""
MemberDamaged#35,"""무리는 금물이다냥!"""
MemberDead#35,"""감히 그랬겠다냥……!"""
AbilityExe#35,"""기세가 오르고 있다냥!"""
AbilitySpecial#34,"""좋아, 절호조다냥!"""
Resurrect#35,"""기운 가득!\u3000부활이다냥!"""
PartyJoin#35,"""/ci2 1 잘 부탁한다냥!"""
Marvelous#35,"""대단하다냥!"""
IncidentJsApcBegin#33,"""/toge /ci2 1 정말 좋은 타이밍이다냥!<br>도와 달라냥!"""
IncidentJsApcFailure#33,"""더는 무리다냥……<br>퇴각한다냥."""
IncidentJsApcSuccess#33,"""/ci2 1 해냈다, 해냈다냥!<br>성공이다냥!"""
IncidentJsApcBeginEvo#33,"""/ci5 2 이 기척……<br>아직 더 온다냥!"""
EnemyWeak#36,"""잡졸이 왔군!"""
EnemyLarge#36,"""큰 놈이 왔군!"""
EnemyBoss#36,"""헤헷, 즐길 수 있겠어!"""
EnemyRare#36,"""희귀한 게 나왔나!"""
EnemyBoost#36,"""이상한 녀석이 있군……<br>조심해서 가자!"""
DestroyEnemy1#36,"""어떠냐!"""
DestroyEnemy2#36,"""한 건 해치웠다!"""
DestroyEnemy3#35,"""좋아, 다음은 어느 놈이냐?"""
CondFreeze#36,"""차, 차가워!"""
CondBurn#36,"""우왓, 뜨거워!"""
CondShock#36,"""저, 저려어어!"""
CondPoison#36,"""우웨엑, 기분 나빠!"""
CondPanic#36,"""젠장, 어지러워……!"""
CondStan#36,"""몸이……안 움직여……!"""
CondMirage#36,"""시야가 엉망이야……!"""
Die#36,"""어떻게 된 거야, 이거……"""
ThankHeal#36,"""미안하다!"""
ThankBuff#36,"""살았다!"""
ThankCure#36,"""감사해!"""
DefeatEnemy#36,"""좋아, 다음으로 가자!"""
LevelUp#36,"""축하한다!"""
InvokeSkill1#34,"""보여 주마!"""
InvokeSkill2#33,"""좋아, 간다!"""
InvokeSkill3#33,"""맡겨 두라니까!"""
PBFull#36,"""입 다물게 해 주마!"""
PBRelease#36,"""방해된다고 했잖아!"""
Avoid#36,"""이얏!"""
HealSelf#36,"""회복은 해야지!"""
BuffSelf#36,"""보조도 필요해!"""
HealOther#36,"""무리하지 말라니까!"""
BuffOther#36,"""엄호할게!"""
QuestStart1#36,"""자, 즐겨 보자!"""
QuestEnd1#36,"""즐거웠어!\u3000수고했다!"""
IncidentStart#36,"""오, 이건 위험해 보이는데!"""
IncidentSuccess#36,"""헤헷, 해냈군!"""
IncidentFailure#36,"""젠장, 아쉬운 결과군!"""
PSE#36,"""좋은 일이 생기지 않을까?"""
PSELevelUp#36,"""이 기세로 가자!"""
PSEBurst#36,"""/toge 굉장해!\u3000포톤이 엄청나게<br>활성화되고 있잖아!"""
HP30#36,"""아직 괜찮아!"""
HP10#36,"""조금 위험한가……"""
ItemRare#36,"""오, 좋은 걸 얻었군!"""
DamageSmall#36,"""큿"""
DamageMiddle#36,"""큭!"""
DamageLarge#36,"""아야!"""
Trap#36,"""젠장, 함정이냐!"""
ThankTrapRescue#36,"""미안, 폐를 끼쳤어!"""
TrapRescueOther#36,"""무리하지 마, 괜찮아?"""
MemberDamaged#36,"""너무 앞으로 나갔어!"""
MemberDead#36,"""/toge ……감히 그랬겠다!"""
AbilityExe#36,"""이 기세로 해 주마!"""
AbilitySpecial#35,"""좋아, 끝내 주마!"""
Resurrect#36,"""헷, 정신이 확 들었군!"""
PartyJoin#36,"""/ci2 1 헤헷, 맡겨 두라니까"""
Marvelous#36,"""제법 하잖아!"""
IncidentJsApcBegin#34,"""/ci2 1 오, 마침 잘 왔군!<br>힘을 빌려줘!"""
IncidentJsApcFailure#34,"""헉, 진짜냐……<br>미안, 퇴각할게!"""
IncidentJsApcSuccess#34,"""/ci2 2 끝난 모양이군!<br>즐거웠어, 또 보자!"""
IncidentJsApcBeginEvo#34,"""/ci2 1 아직 뭔가 더 있을 것 같군!<br>좋아, 즐겨 보자!"""
EnemyWeak#37,"""이 정도 적이라면"""
EnemyLarge#37,"""상당히 큰 상대군요"""
EnemyBoss#37,"""방심은 금물이군요"""
EnemyRare#37,"""희귀한 종인 것 같군요"""
EnemyBoost#37,"""이 기척……위험합니다"""
DestroyEnemy1#37,"""격파했습니다"""
DestroyEnemy2#37,"""다음 적에게로 향합니다"""
DestroyEnemy3#36,"""끝났습니다."""
CondFreeze#37,"""동결되고 말았습니다……"""
CondBurn#37,"""이거, 불타고 있는 거죠……?"""
CondShock#37,"""감전 상태인 것 같습니다……"""
CondPoison#37,"""이건……독일까요……?"""
CondPanic#37,"""사고 처리에 문제가……"""
CondStan#37,"""신체 기능에 이상이……"""
CondMirage#37,"""시각 정보에 노이즈가……"""
Die#37,"""저……망가져요……!"""
ThankHeal#37,"""감사드려요오."""
ThankBuff#37,"""살았어요."""
ThankCure#37,"""감사합니다."""
DefeatEnemy#37,"""섬멸 확인"""
LevelUp#37,"""와아, 대단하네요!"""
InvokeSkill1#35,"""도망쳐도 소용없어요!"""
InvokeSkill2#34,"""록 온!"""
InvokeSkill3#34,"""기회입니다!"""
PBFull#37,"""준비 완료했습니다"""
PBRelease#37,"""제게 맡겨 주세요"""
Avoid#37,"""핫!"""
HealSelf#37,"""회복합니다"""
BuffSelf#37,"""준비는 만전입니다"""
HealOther#37,"""괜찮으신가요?"""
BuffOther#37,"""엄호할게요"""
QuestStart1#37,"""힘내요!"""
QuestEnd1#37,"""많이 배웠습니다"""
IncidentStart#37,"""무언가의 기척이 있군요"""
IncidentSuccess#37,"""잘돼서 다행입니다!"""
IncidentFailure#37,"""죄송합니다……"""
PSE#37,"""포톤이 술렁이고 있습니다!"""
PSELevelUp#37,"""계속 이어 가자!"""
PSEBurst#37,"""대단해……<br>포톤이 기뻐하고 있어……!"""
HP30#37,"""이, 이대로는……"""
HP10#37,"""더는 무리입니다……"""
ItemRare#37,"""축하합니다.<br>그거 희귀한 물건이죠"""
DamageSmall#37,"""아윽!"""
DamageMiddle#37,"""이럴 수가!"""
DamageLarge#37,"""꺄악!"""
Trap#37,"""이런 함정 따위에……!"""
ThankTrapRescue#37,"""후우, 감사합니다"""
TrapRescueOther#37,"""괜찮으신가요?"""
MemberDamaged#37,"""물러나 주세요!"""
MemberDead#37,"""……용서하지 않을 거예요!"""
AbilityExe#37,"""몸이 가벼워요!"""
AbilitySpecial#36,"""지금이라면 뭐든 할 수 있어요!"""
Resurrect#37,"""실패는 반드시 만회하겠습니다"""
PartyJoin#37,"""/ci1 1 잘 부탁드립니다."""
Marvelous#37,"""역시 대단하네요!"""
IncidentJsApcBegin#35,"""/ci1 1 <%me>!<br>죄송해요, 적에게 포위돼서……<br>도와주시겠어요?"""
IncidentJsApcFailure#35,"""으으, 더는 무리입니다……<br>죄송합니다, 먼저 물러날게요"""
IncidentJsApcSuccess#35,"""/ci2 1 후우, 어떻게든 해결했네요!<br><%me><br>감사합니다!"""
IncidentJsApcBeginEvo#35,"""/ci1 1 이걸로 끝……은 아닌 모양이군요.<br>죄송하지만<br>조금만 더 도와주시겠어요?"""
EnemyWeak#38,"""어라, 어라라?<br>이건 쉽게 끝나겠는데!"""
EnemyLarge#38,"""엄청… 크다…"""
EnemyBoss#38,"""골치 아픈 상대가 왔어!"""
EnemyRare#38,"""오오!<br>저거 봐, 희귀한 녀석이야!"""
EnemyBoost#38,"""우왓, 우와앗!<br>불길한 예감이 팍팍 들어…!"""
DestroyEnemy1#38,"""영차!"""
DestroyEnemy2#38,"""어떠냐!"""
DestroyEnemy3#37,"""화려하게 성공!"""
CondFreeze#38,"""꽁꽁 얼었다!"""
CondBurn#38,"""활활 타오른다!<br>뜨거, 뜨거워!"""
CondShock#38,"""저저저저려어어어!"""
CondPoison#38,"""으으, 기부니 나빠…"""
CondPanic#38,"""빙글빙글, 어질어질!<br>아하하하!"""
CondStan#38,"""몸이 잘 안 움직여!"""
CondMirage#38,"""흐릿하고 뿌예서<br>시야가 엄청나!"""
Die#38,"""티아…"""
ThankHeal#38,"""고마워!"""
ThankBuff#38,"""센스 있는 사람, 정말 좋아!"""
ThankCure#38,"""기분 상쾌, 힘내자!"""
DefeatEnemy#38,"""음, 끝났나?"""
LevelUp#38,"""좋겠다!\u3000좋겠네!"""
InvokeSkill1#36,"""하나, 둘, 얍!"""
InvokeSkill2#35,"""날아가 버려!"""
InvokeSkill3#35,"""해치워 버릴 거야!"""
TechLight#16,"""티아 흉내 내기!"""
PBFull#38,"""열받아!<br>화나기 시작했어!"""
PBRelease#38,"""1번, 패티!\u3000갑니다!"""
TacticsFree#16,"""자유분방하게 가 보자!"""
TacticsGuard#16,"""방어는 최고의 공격이라고<br>누군가 그랬어!"""
TacticsMassedAttack#16,"""미안하지만 이건 싸움이니까…<br>집중 공격이야!"""
TacticsAttack#15,"""자, 자, 이쪽으로 와!"""
Avoid#38,"""영차!"""
HealSelf#38,"""해낼 줄 알았어?<br>아쉽지만 회복이었어!"""
BuffSelf#38,"""이래 보여도<br>준비는 빠뜨리지 않아!"""
HealOther#38,"""빠르게 회복!"""
BuffOther#38,"""나눠 줄게!"""
QuestStart1#38,"""그럼 가 보자!"""
QuestEnd1#38,"""이걸로 끝!"""
IncidentStart#38,"""음, 문제의 예감!"""
IncidentSuccess#38,"""대성공!"""
IncidentFailure#38,"""뭐, 이럴 때도 있지!"""
PSE#38,"""오, 뭔가 시작됐다!"""
PSELevelUp#38,"""계속 이어 가 보자!"""
PSEBurst#38,"""우와!<br>이거 정말 굉장한데!"""
HP30#38,"""아직 쌩쌩해!"""
HP10#38,"""허, 허세 부리기도 힘들어…"""
ItemRare#38,"""아, 치사해!<br>좋겠다!"""
DamageSmall#38,"""아야!"""
DamageMiddle#38,"""꺄악!"""
DamageLarge#38,"""아프다니까!"""
Trap#38,"""함정에 걸린 여자애라니<br>제법 자극적… 아니,<br>그게 아니라 살려 줘!"""
ThankTrapRescue#38,"""후, 고마워."""
TrapRescueOther#38,"""화려하게 구출 완료!"""
MemberDamaged#38,"""괜찮아?\u3000무리하면 안 돼!"""
MemberDead#38,"""나도 화날 때는 난다고…!"""
AbilityExe#38,"""/toge 좋아, 감도 잡혔으니<br>언니가 힘내 볼게!"""
AbilitySpecial#37,"""/toge 나한테 맡겨!"""
Resurrect#38,"""후, 저승길이 보였어!"""
PartyJoin#38,"""/ci1 1 네네!\u3000힘낼게!"""
Marvelous#38,"""이야, 편하다, 편해."""
EnemyWeak#39,"""응?<br>별로 강하지 않은… 건가?"""
EnemyLarge#39,"""엄청… 크네…"""
EnemyBoss#39,"""귀찮은 상대가 와 버렸네…"""
EnemyRare#39,"""엄청 희귀한 종이네.<br>운이 좋을지도…"""
EnemyBoost#39,"""이 느낌은…<br>좋지 않은 분위기예요."""
DestroyEnemy1#39,"""해치워 버렸어요."""
DestroyEnemy2#39,"""끝내 버렸어요."""
DestroyEnemy3#38,"""우아하게 성공!"""
CondFreeze#39,"""차갑네…"""
CondBurn#39,"""뜨거울지도…"""
CondShock#39,"""찌릿찌릿해…"""
CondPoison#39,"""속이 안 좋아…"""
CondPanic#39,"""빙글빙글 돌아서…<br>뭐지, 이거…"""
CondStan#39,"""힘이 쭉 빠졌어…"""
CondMirage#39,"""시야가 뭔가 이상해…"""
Die#39,"""언니…"""
ThankHeal#39,"""고마워."""
ThankBuff#39,"""더 힘낼게."""
ThankCure#39,"""기분이 개운해졌어."""
DefeatEnemy#39,"""일단, 끝난 걸까?"""
LevelUp#39,"""강해지는 건 좋은 일이야."""
InvokeSkill1#37,"""이런 건<br>패티 언니 역할이야."""
TechFire#15,"""낭비는 싫어."""
TechIce#15,"""놓치지 않아."""
TechThunder#16,"""다 보이는데?"""
TechWind#14,"""여러 가지 할 수 있거든?"""
TechLight#17,"""테크닉이라면 맡겨."""
TechDark#15,"""끝내 줄게."""
PBFull#39,"""나도 화날 때는 화나니까."""
PBRelease#39,"""2번, 티아. 갑니다."""
TacticsFree#17,"""그럼 자유롭게 할게요."""
TacticsGuard#17,"""방어를 굳히고 빈틈을 노린다.<br>정석 전술이네."""
TacticsMassedAttack#17,"""한곳에 집중…<br>합리적이라고 생각해."""
TacticsAttack#16,"""내가 시선을 끌게요."""
Avoid#39,"""아쉽네"""
HealSelf#39,"""그렇게 쉽게 쓰러지진 않을 테니까."""
BuffSelf#39,"""보조도 잊지 않아요."""
HealOther#39,"""일찍 회복하는 걸 명심해."""
BuffOther#39,"""능력 강화를 잊지 마."""
QuestStart1#39,"""그럼 잘 부탁해."""
QuestEnd1#39,"""끝난… 건가?"""
IncidentStart#39,"""뭔가 일어날 것 같은 예감이…"""
IncidentSuccess#39,"""성공한 모양이야."""
IncidentFailure#39,"""실패는 성공의 어머니."""
PSE#39,"""포톤 활성화…?<br>시작된 모양이야."""
PSELevelUp#39,"""계속 더 이어 가 보자."""
PSEBurst#39,"""여기까지<br>활성화되기도 하는구나."""
HP30#39,"""아직 쌩쌩해요."""
HP10#39,"""조금… 힘들지도."""
ItemRare#39,"""그거, 좋은 물건 같네."""
DamageSmall#39,"""큿"""
DamageMiddle#39,"""꺄악"""
DamageLarge#39,"""아야!"""
Trap#39,"""큭… 이런 함정 따위에."""
ThankTrapRescue#39,"""살았어요."""
TrapRescueOther#39,"""괜찮으신가요?"""
MemberDamaged#39,"""무리는 금물이에요."""
MemberDead#39,"""…용서하지 않겠어요."""
AbilityExe#39,"""/toge 감이 잡히기 시작했으니<br>나도 힘내 버릴지도."""
AbilitySpecial#38,"""/toge 나한테 맡겨 주세요."""
Resurrect#39,"""너무 방심했나."""
PartyJoin#39,"""/ci1 1 적당히 힘낼게."""
Marvelous#39,"""…정말 편하네."""
EnemyWeak#40,"""거슬려"""
EnemyLarge#40,"""그 정도 크기로…"""
EnemyBoss#40,"""대상을 확인했습니다."""
EnemyRare#40,"""특별 목표를 확인했습니다."""
EnemyBoost#40,"""…조금 다르군요."""
DestroyEnemy1#40,"""별것 아니군요."""
DestroyEnemy2#40,"""다음"""
DestroyEnemy3#39,"""끝났습니다."""
CondFreeze#40,"""큭… 동결이라니."""
CondBurn#40,"""가벼운 화상 정도로는…"""
CondShock#40,"""약간 저린 정도로는…"""
CondPoison#40,"""독에 침식됐다고 해도…"""
CondPanic#40,"""큭… 혼란?"""
CondStan#40,"""칫, 몸이 움직이지 않아…!"""
CondMirage#40,"""눈속임 따위에…!"""
Die#40,"""…이런 곳에서…"""
ThankHeal#40,"""살았어요."""
ThankBuff#40,"""감사드려요오."""
ThankCure#40,"""진정됐습니다."""
DefeatEnemy#40,"""처리, 완료했습니다."""
LevelUp#40,"""더 강해져 주세요."""
InvokeSkill1#38,"""…잡았다!"""
InvokeSkill2#36,"""일격필살……!"""
InvokeSkill3#36,"""틈을 보였군요."""
PBFull#40,"""끝내도록 할까요."""
PBRelease#40,"""해방합니다."""
TacticsFree#18,"""명령대로."""
TacticsGuard#18,"""적성에 맞진 않지만, 따르겠습니다."""
TacticsMassedAttack#18,"""노릴 대상은 알겠습니다."""
TacticsAttack#17,"""미끼는 서툴지만… 해 보죠."""
Avoid#40,"""후…"""
HealSelf#40,"""한 걸음이 모자랐군요."""
BuffSelf#40,"""준비하도록 할까요."""
HealOther#40,"""위험할 뻔했습니다."""
BuffOther#40,"""보조를 잊지 마세요."""
QuestStart1#40,"""임무를 시작합니다."""
QuestEnd1#40,"""임무 종료"""
IncidentStart#40,"""불온한 기운입니다…"""
IncidentSuccess#40,"""다음으로 가죠."""
IncidentFailure#40,"""이미 끝난 일입니다.<br>너무 신경 쓰지 마세요."""
PSE#40,"""이건… PSE군요."""
PSELevelUp#40,"""가능하다면 계속하죠."""
PSEBurst#40,"""버스트했군요. 역시 대단합니다."""
HP30#40,"""이 정도 위기쯤은…"""
HP10#40,"""…더는, 버틸 수 없어?"""
ItemRare#40,"""…그거, 좋은 물건이에요."""
DamageSmall#40,"""큿"""
DamageMiddle#40,"""앗."""
DamageLarge#40,"""크윽"""
Trap#40,"""이런 초보적인 함정에…"""
ThankTrapRescue#40,"""…수고를 끼쳤습니다."""
TrapRescueOther#40,"""조심해 주세요."""
MemberDamaged#40,"""무리하지 마세요."""
MemberDead#40,"""…용서 못 해."""
AbilityExe#40,"""/toge 흐름을 탄다…!"""
AbilitySpecial#39,"""/toge 이 흐름이라면, 할 수 있어…!"""
Resurrect#40,"""아직 끝나지 않았어."""
PartyJoin#40,"""/ci1 1 잘 부탁드려요오."""
Marvelous#40,"""예상 이상이에요."""
IncidentJsApcBegin#36,"""/ci1 3 ...임무 밖의 일이지만<br>그냥 두고 볼 수는 없습니다."""
IncidentJsApcFailure#36,"""죄송합니다...<br>저는 후퇴하겠습니다."""
IncidentJsApcSuccess#36,"""/ci1 5 ...서로 무사해서 다행입니다.<br>그럼 이만."""
IncidentJsApcBeginEvo#36,"""/ci1 1 …아직 더 오는 모양이군요.<br>어서 정리하죠."""
EnemyWeak#41,"""우리의 적은 아니군"""
EnemyLarge#41,"""대형인가"""
EnemyBoss#41,"""강적인 것 같군"""
EnemyRare#41,"""저 유형은……희귀한 녀석인가"""
EnemyBoost#41,"""……조심해.<br>불길한 포톤이다"""
DestroyEnemy1#41,"""다음."""
DestroyEnemy2#41,"""별것 아니군요."""
CondFreeze#41,"""동결 상태라고……"""
CondBurn#41,"""아무래도 뜨겁군……"""
CondShock#41,"""흐음……<br>이렇게 감전되면 성가시군"""
CondPoison#41,"""쳇, 독인가……!"""
CondPanic#41,"""의식이 혼탁해진다……"""
CondStan#41,"""움직임이 봉쇄됐어……!?"""
CondMirage#41,"""조준이 흔들리는군……"""
Die#41,"""이런 곳에서 쓰러질 수는……"""
ThankHeal#41,"""도움이 되는군"""
ThankBuff#41,"""고맙다."""
ThankCure#41,"""번거롭게 했군."""
DefeatEnemy#41,"""이 일대는 정리됐나"""
LevelUp#41,"""느낌 좋군"""
InvokeSkill1#39,"""놓치지 않는다"""
InvokeSkill2#37,"""단숨에 끝낸다!"""
InvokeSkill3#37,"""라피, 부탁한다!"""
TechFire#16,"""불타라."""
TechIce#16,"""얼음이여"""
TechThunder#17,"""번개여."""
TechWind#15,"""바람이여."""
TechLight#18,"""빛이여."""
TechDark#16,"""어둠이여."""
PBFull#41,"""힘을 쓸 때가 왔나"""
PBRelease#41,"""모두를 지킨다. 그것이 내 사명이다"""
Avoid#41,"""핫!"""
HealSelf#41,"""아슬아슬했군."""
BuffSelf#41,"""봐주지 않는다"""
HealOther#41,"""방심하지 마라"""
BuffOther#41,"""태세를 정비해라"""
QuestStart1#41,"""임무를 시작한다."""
QuestEnd1#41,"""역시 대단하군."""
IncidentStart#41,"""이 기척……무엇이 오지"""
IncidentSuccess#41,"""적절한 대응이었군"""
IncidentFailure#41,"""……반성할 점이 많군"""
PSE#41,"""이건……PSE인가"""
PSELevelUp#41,"""포톤이 활성화되고 있다"""
PSEBurst#41,"""이것이 PSE의 최종 단계인가"""
HP30#41,"""대미지를 너무 많이 받았나"""
HP10#41,"""이 이상은 아무래도 위험해……"""
ItemRare#41,"""흐음, 희귀한 물건인 듯하군"""
DamageSmall#41,"""큿"""
DamageMiddle#41,"""위험해"""
DamageLarge#41,"""꺄악!"""
Trap#41,"""함정이라고!"""
ThankTrapRescue#41,"""번거롭게 했군."""
TrapRescueOther#41,"""괜찮나?"""
MemberDamaged#41,"""무리하지 마라."""
MemberDead#41,"""……내가 한심한 탓에"""
AbilityExe#41,"""흐음, 몸이 가볍군"""
AbilitySpecial#40,"""포톤이 몸에 익는군"""
Resurrect#41,"""……멈춰 설 수는 없어"""
PartyJoin#41,"""/ci2 1 잘 부탁한다"""
Marvelous#41,"""이것이 네 힘인가"""
IncidentJsApcBegin#37,"""/ci2 1 <%me>.<br>미안하지만 도와줄 수 있나?"""
IncidentJsApcFailure#37,"""……나도 참 꼴사납군.<br>미안하지만 먼저 물러나겠다."""
IncidentJsApcSuccess#37,"""/ci2 1 역시 대단하군. 소문 이상이다.<br>너에게 부탁하길 잘했군."""
IncidentJsApcBeginEvo#37,"""/ci1 1 끝났나……?<br>……아니, 아직 더 오는군.<br>조금만 더 어울려 주겠나?"""
EnemyWeak#42,"""오, 이 녀석은 약해 보이네."""
EnemyLarge#42,"""우와, 엄청 크네…"""
EnemyBoss#42,"""야, 잠깐만.<br>이런 게 있단 말은 못 들었어!"""
EnemyRare#42,"""음, 뭐야 저건?<br>별로 못 보던 녀석 아니야?"""
EnemyBoost#42,"""…뭔가 위험한 분위기야!"""
DestroyEnemy1#42,"""좋았어!"""
DestroyEnemy2#42,"""해냈어!"""
DestroyEnemy3#40,"""제대로 들어갔다!"""
CondFreeze#42,"""추추추추, 추워!"""
CondBurn#42,"""뜨거, 뜨거워!"""
CondShock#42,"""저, 저저저저려!"""
CondPoison#42,"""으으… 독…?<br>속이 안 좋아…"""
CondPanic#42,"""세, 세상이 빙빙 돌아아아"""
CondStan#42,"""몸이 안 움직여…<br>이게 뭐야!"""
CondMirage#42,"""뭐야?<br>세상이 흐릿해졌어?"""
Die#42,"""겨우 찾아냈는데……"""
ThankHeal#42,"""후, 살았다."""
ThankBuff#42,"""좋아, 힘내 보자!"""
ThankCure#42,"""이제 개운하네.<br>고마워."""
DefeatEnemy#42,"""후, 어떻게든 해냈나?"""
LevelUp#42,"""나도 질 순 없지!"""
InvokeSkill1#40,"""움직이지 마!"""
InvokeSkill2#38,"""나도 한다고!"""
InvokeSkill3#38,"""보였다, 거기다!"""
TechThunder#18,"""견제 정도는 되겠지!"""
PBFull#42,"""이제 적당히 좀 하라고!"""
PBRelease#42,"""비장의 수 발동!"""
TacticsFree#19,"""자유롭게 해도 되는 거지!"""
TacticsGuard#19,"""도망치는 건 자신 있어!"""
TacticsMassedAttack#19,"""집중 포화다!"""
TacticsAttack#18,"""내, 내가 시선을 끌게!<br>…빨리 도와주는 거지?"""
Avoid#42,"""우왓!"""
HealSelf#42,"""죽는 줄 알았네."""
BuffSelf#42,"""준비는 확실히 해야지!"""
HealOther#42,"""야, 괜찮아?"""
BuffOther#42,"""보조하는 거 잊지 마!"""
QuestStart1#42,"""좋아, 가자!"""
QuestStart2#11,"""같이 힘내자, 파트너!"""
QuestEnd1#42,"""끝났다!"""
QuestEnd2#14,"""해냈다, 파트너!<br>완벽했지!"""
IncidentStart#42,"""뭐, 뭐야?"""
IncidentSuccess#42,"""좋았어!"""
IncidentFailure#42,"""이런…"""
PSE#42,"""좋아, 시작됐다!"""
PSELevelUp#42,"""계속 이어 가자!"""
PSEBurst#42,"""왔다, 왔다, 왔어!"""
HP30#42,"""잠깐, 진정하라고!<br>진짜 아프다니까!"""
HP10#42,"""이제 도망치고 싶어…"""
ItemRare#42,"""나도 갖고 싶네."""
DamageSmall#42,"""큭"""
DamageMiddle#42,"""큭"""
DamageLarge#42,"""이런……!"""
Trap#42,"""함정이잖아!?"""
ThankTrapRescue#42,"""고, 고마워."""
TrapRescueOther#42,"""위험할 뻔했네!"""
MemberDamaged#42,"""무리하지 마!"""
MemberDead#42,"""…어떻게 된 거야?<br>젠장!"""
AbilityExe#42,"""/toge 헤헤, 감이 좋아지기 시작했어!"""
AbilitySpecial#41,"""/toge 맡겨 두라니까!"""
Resurrect#42,"""……아직 멀었어, 지금부터라고!"""
PartyJoin#42,"""/ci1 1 늘 하던 대로 부탁한다, 파트너"""
Marvelous#42,"""역시 대단하군!"""
IncidentJsApcBegin#38,"""/toge /ci2 2 앗, 파트너!\u3000잘 왔어!<br>적이 엄청나게 많아!<br>잠깐만 도와줘!"""
IncidentJsApcFailure#38,"""이, 이 이상은 힘들어...<br>미안, 파트너. 난 후퇴할게."""
IncidentJsApcSuccess#38,"""/ci2 1 후, 어떻게든 끝났네.<br>고마워, 파트너. 네 덕분에<br>어떻게든 해냈어."""
IncidentJsApcBeginEvo#38,"""/toge /ci3 2 뭐, 뭐야!<br>엄청 거대한 적성 반응이야!?<br>파트너, 조심해!"""
EnemyWeak#43,"""별것 아닌 상대야"""
EnemyLarge#43,"""커서 눈에 거슬리네"""
EnemyBoss#43,"""방심하지 않는 게 좋겠어"""
EnemyRare#43,"""어머, 희귀한 녀석이잖아"""
EnemyBoost#43,"""조금 성가신 게 왔네"""
DestroyEnemy1#43,"""방해야!"""
DestroyEnemy2#43,"""비켜!"""
DestroyEnemy3#41,"""다음!"""
CondFreeze#43,"""큭……얼어붙다니!"""
CondBurn#43,"""뜨거워……!"""
CondShock#43,"""큭, 감전되다니!"""
CondPoison#43,"""독이네……제법이잖아"""
CondPanic#43,"""큭, 시야가 흔들려……!"""
CondStan#43,"""움직이지 않아……!"""
CondMirage#43,"""시야를 빼앗다니……"""
Die#43,"""미안……해……"""
ThankHeal#43,"""빚은 갚을게"""
ThankBuff#43,"""현명한 판단이네"""
ThankCure#43,"""고맙다는 말은 해 둘게"""
DefeatEnemy#43,"""다음으로 가자"""
LevelUp#43,"""아직 더 강해질 생각이야?"""
InvokeSkill1#41,"""놓치지 않아"""
InvokeSkill2#39,"""이건 어때?"""
InvokeSkill3#39,"""끝낸다!"""
PBFull#43,"""모든 걸 꿰뚫고, 미친 듯 춤춰라……!"""
PBRelease#43,"""날 만난 불운을 한탄해"""
TacticsFree#20,"""알았어, 내 마음대로 할게"""
TacticsGuard#20,"""방어지, 맡겨 둬"""
TacticsMassedAttack#20,"""한곳에 집중하는 건가, 나쁘지 않네"""
TacticsAttack#19,"""자, 난 여기야"""
Avoid#43,"""느리다!"""
HealSelf#43,"""질 수 없다고"""
BuffSelf#43,"""봐주지 않을 거야"""
HealOther#43,"""너무 방심했어"""
BuffOther#43,"""보조, 잊은 거 아니야?"""
QuestStart1#43,"""……불렀으니 열심히 할게"""
QuestEnd1#43,"""끝난 것 같네"""
QuestEnd2#15,"""나쁘지 않았어, 편하기도 했고"""
IncidentStart#43,"""뭔가 올 것 같네<br>……정신 바짝 차려"""
IncidentSuccess#43,"""잘된 것 같네"""
IncidentFailure#43,"""……미안했어"""
PSE#43,"""포톤이 활성화되고 있어"""
PSELevelUp#43,"""더 계속할 거야"""
PSEBurst#43,"""이건……<br>상상 이상이네, 대단해"""
HP30#43,"""조금 너무 방심했나 봐"""
HP10#43,"""……위험하네"""
ItemRare#43,"""그거, 좋은 물건 아니야?"""
DamageSmall#43,"""큭!"""
DamageMiddle#43,"""큭……"""
DamageLarge#43,"""제법이잖아……!"""
Trap#43,"""함정 따위에 걸리다니……"""
ThankTrapRescue#43,"""오명은 씻겠어"""
TrapRescueOther#43,"""그냥 내버려 둘 수 없었을 뿐이야"""
MemberDamaged#43,"""무리해 봐야 좋을 것 없어<br>일단 물러나"""
MemberDead#43,"""이럴 수가……용서 못 해"""
AbilityExe#43,"""기세가 오르고 있어"""
AbilitySpecial#42,"""단숨에 가자, 아우로라!"""
Resurrect#43,"""아직 쉬기엔 이르니까"""
PartyJoin#43,"""/ci1 2 가자, 아우로라"""
Marvelous#43,"""정말……보통이 아니네"""
IncidentJsApcBegin#39,"""/ci2 2 잠깐 도와주지 않을래?"""
IncidentJsApcFailure#39,"""한심한 결과네"""
IncidentJsApcSuccess#39,"""/ci8 2 그럭저럭이란 느낌이네"""
IncidentJsApcBeginEvo#39,"""/ci1 1 새로운 적 같네<br>긴장 풀지 말고 가자"""
EnemyWeak#44,"""약한 녀석 괴롭히는 건 싫은데."""
EnemyLarge#44,"""크기만 한 거라면 무섭지 않아."""
EnemyBoss#44,"""제법 상대할 맛 나겠네."""
EnemyRare#44,"""흐음, 이런 곳에도<br>있는 거구나."""
EnemyBoost#44,"""저 형태는… 광폭화?"""
DestroyEnemy1#44,"""다음으로 가자."""
DestroyEnemy2#44,"""이 정도야?"""
DestroyEnemy3#42,"""끝이야."""
CondFreeze#44,"""동결 따위…!"""
CondBurn#44,"""이 정도 열은…!"""
CondShock#44,"""큭, 몸이 저려도…!"""
CondPoison#44,"""윽… 독이라 해도…!"""
CondPanic#44,"""으으, 시야가 빙빙 돌아…<br>그래도…!"""
CondStan#44,"""움직임 봉쇄…?<br>귀찮은 짓을…!"""
CondMirage#44,"""시각을 봉쇄했어…!"""
Die#44,"""결국… 나는…"""
ThankHeal#44,"""감사는 해 둘게."""
ThankBuff#44,"""좋은 판단이네."""
ThankCure#44,"""이제야 진정됐어."""
DefeatEnemy#44,"""대충 다 정리됐나?"""
LevelUp#44,"""뭐, 괜찮지 않아?"""
InvokeSkill1#42,"""난 만만하지 않아."""
InvokeSkill2#40,"""방해되는 건 날려 버릴 뿐."""
InvokeSkill3#40,"""얼른 거기서 비켜."""
PBFull#44,"""정말, 무모하다고 해야 할지…"""
PBRelease#44,"""자, 같이 가자."""
TacticsFree#21,"""내 마음대로 할게."""
TacticsGuard#21,"""공격할 기회를 노리는 거네."""
TacticsMassedAttack#21,"""집중해서 노린다…<br>합리적인 전술이네."""
TacticsAttack#20,"""어디를 보고 있는 거야?<br>난 여기야."""
Avoid#44,"""느려."""
HealSelf#44,"""아쉬웠네."""
BuffSelf#44,"""빈틈없이 갈게."""
HealOther#44,"""회복을 잊지 마."""
BuffOther#44,"""보조도 무시할 순 없어."""
QuestStart1#44,"""자, 가자."""
QuestStart2#12,"""또 함께네.<br>뭐, 너와 함께라면<br>편하니까 괜찮지만."""
QuestEnd1#44,"""이 정도지?"""
QuestEnd2#16,"""뭐, 나랑 함께였으니까.<br>나름 열심히 했다고는 생각해."""
IncidentStart#44,"""뭔가 오는 건가?"""
IncidentSuccess#44,"""흐음, 성공한 모양이네."""
IncidentFailure#44,"""난 상관없으니까."""
PSE#44,"""이게 PSE라는 거야?"""
PSELevelUp#44,"""뭔가 계속되고 있지 않아?"""
PSEBurst#44,"""흐음… 이게 버스트.<br>포톤이 활성화된 상태구나."""
HP30#44,"""이제부터 진심이야."""
HP10#44,"""…이 정도까지 몰리다니."""
ItemRare#44,"""난 딱히 갖고 싶지 않아."""
DamageSmall#44,"""큭!"""
DamageMiddle#44,"""으윽"""
DamageLarge#44,"""으악!"""
Trap#44,"""이 정도 함정에…<br>바보 같아."""
ThankTrapRescue#44,"""감사는 할게."""
TrapRescueOther#44,"""번거롭게 하지 마."""
MemberDamaged#44,"""무리는 금물.<br>일단 물러나는 게 어때?"""
MemberDead#44,"""…난 상관없어.<br>그래도…!"""
AbilityExe#44,"""/toge 이 기세라면… 할 수 있어."""
AbilitySpecial#43,"""/toge 나한테 맡겨."""
Resurrect#44,"""…아직 죽을 순 없어."""
PartyJoin#44,"""/ci1 1 한가했으니까."""
Marvelous#44,"""……마리아가 좋아하겠군"""
IncidentJsApcBegin#40,"""/toge /ci3 1 ...정말 못 봐주겠네!<br>도와줄 테니 얼른<br>이 녀석들을 처리하자!"""
IncidentJsApcFailure#40,"""으음... 나도 아직 미숙한가 봐.<br>미안해, 먼저 물러날게."""
IncidentJsApcSuccess#40,"""/ci2 2 한 건 끝났네.<br>...난 이제 갈 테니까<br>너무 무리하지 마."""
IncidentJsApcBeginEvo#40,"""/ci1 1 응……?\u3000이런, 이런<br>아무래도 아직 끝난 건<br>아닌 모양이네."""
EnemyWeak#45,"""한꺼번에 날려 버리겠어!"""
EnemyLarge#45,"""크기 따윈 상관없어!<br>한꺼번에 날려 버린다!"""
EnemyBoss#45,"""강적이군!<br>나에게 맡겨 둬!"""
EnemyRare#45,"""응, 저 녀석……희귀한 놈이야!"""
EnemyBoost#45,"""이 기척……위험한 녀석이다.<br>무리하지 말고 연계하자!"""
DestroyEnemy1#45,"""제대로 들어갔다!"""
DestroyEnemy2#45,"""아름답지!"""
DestroyEnemy3#43,"""넋을 잃고 봐도 좋다고!"""
CondFreeze#45,"""차가워, 차갑다고!<br>이 녀석!"""
CondBurn#45,"""뜨거워!\u3000뜨겁다고!\u3000젠장!"""
CondShock#45,"""저리잖아!\u3000뭐야, 이건!"""
CondPoison#45,"""독인가… 으윽, 기분 나빠."""
CondPanic#45,"""혼란스러워도<br>전부 날려 버리면 문제없다!"""
CondStan#45,"""으, 움직일 수 없어… 뭐야, 이건!"""
CondMirage#45,"""시야가 이상하다고!<br>뭐야, 이건!"""
Die#45,"""아직 모두 싸우고 있는데……나는……"""
ThankHeal#45,"""고마워, 살았어!"""
ThankBuff#45,"""고마워, 감사한다!"""
ThankCure#45,"""오, 기분 상쾌한데!"""
DefeatEnemy#45,"""후훗, 이걸로 끝이군!"""
LevelUp#45,"""흥, 난 더 강하다!"""
TechFire#17,"""전부 한꺼번에 불태워 주마!"""
PBFull#45,"""그 정도로 해 둬라, 네놈!"""
PBRelease#45,"""난 지지 않아!<br>내가 지닌 이 이름을 걸고!"""
TacticsFree#22,"""그럼 난 자유롭게 하겠다!"""
TacticsGuard#22,"""에이, 방어만 하는 건 재미없어…"""
TacticsMassedAttack#22,"""집중적으로, 집요하게, 불태워 주마!"""
Avoid#45,"""훤히 보인다!"""
HealSelf#45,"""단숨에 회복이다!"""
BuffSelf#45,"""보조도 할 수 있다고!"""
HealOther#45,"""네놈, 회복을 잊어서 어쩌려고!"""
BuffOther#45,"""네놈, 보조를 잊지 마라!"""
QuestStart1#45,"""좋아, 간다. 따라와라!"""
QuestStart2#13,"""네놈이 꼭 부탁한다고 해서다!"""
QuestEnd1#45,"""흐흥, 이 정도는 평범하다."""
QuestEnd2#17,"""뭐, 움직이기 편했다는 건<br>인정해 주마!"""
IncidentStart#45,"""…응?<br>뭔가 일어나는 건가?"""
IncidentSuccess#45,"""대성공이지!"""
IncidentFailure#45,"""에이…"""
PSE#45,"""오오, 뭐야 이건!<br>포톤이 술렁이고 있다고!"""
PSELevelUp#45,"""왠지 두근거리기 시작했다!<br>자, 더 이어 가자!"""
PSEBurst#45,"""오오, 이건 굉장하군!<br>소문 이상인 상태다!"""
HP30#45,"""나중에 배로 갚아 주마!"""
HP10#45,"""…이 내가, 이렇게!"""
ItemRare#45,"""원하는 만큼 가져가라!"""
DamageSmall#45,"""아야!"""
DamageMiddle#45,"""으윽"""
DamageLarge#45,"""으으윽……!"""
Trap#45,"""함정?\u3000치사하잖아, 뭐야 그건!"""
ThankTrapRescue#45,"""미안하다, 덕분에 살았다!"""
TrapRescueOther#45,"""함정을 조심해!"""
MemberDamaged#45,"""나한테 맡기고 물러나라!"""
MemberDead#45,"""…용서하지 않겠다, 절대로!"""
AbilityExe#45,"""/toge 흐흥, 절호조다!"""
AbilitySpecial#44,"""/toge 좋아, 내가 하겠다!"""
Resurrect#45,"""……나에게도 지키고 싶은 게 생겼어!"""
PartyJoin#45,"""/ci1 1 네놈이 꼭 부탁한다고 해서다!"""
Marvelous#45,"""흥, 제법 움직이잖아."""
IncidentJsApcBegin#41,"""/toge /ci2 2 어이, 네놈!\u3000괜찮나!<br>나도 돕겠다!\u3000맡겨 둬!"""
IncidentJsApcFailure#41,"""/mn10  큭……한심하군……<br>미안하다, 난 물러나겠다."""
IncidentJsApcSuccess#41,"""/mn15 /ci2 1 후후후, 제대로 들어갔군!<br>곤란할 땐 언제든 불러라!<br>그럼 또 보자!"""
IncidentJsApcBeginEvo#41,"""/mn15 /ci2 1 음, 아직 더 오는 건가!<br>저것도 폭파해 버려도 되겠지?"""
EnemyWeak#46,"""우리 상대가 아니군!"""
EnemyLarge#46,"""이런, 꽤 큰 녀석이군<br>하지만 우리라면!"""
EnemyBoss#46,"""힘이 전부는 아니야……<br>우리가 그걸 가르쳐 주자!"""
EnemyRare#46,"""보게나!<br>저건 희귀한 녀석이야!"""
EnemyBoost#46,"""상당히 의욕적인 것 같지만<br>우리의 유대를 이길 수 있을까?"""
DestroyEnemy1#46,"""아름다워!"""
DestroyEnemy2#46,"""잘했어!"""
DestroyEnemy3#44,"""믿고 있었어!"""
CondFreeze#46,"""몸은 얼어붙었지만<br>내 애정은 불타오르고 있어!"""
CondBurn#46,"""하하하, 엄청난 열기군……<br>마치 내 애정 같아!"""
CondShock#46,"""이 정도 감전으로는<br>우리의 유대를 막을 수 없어!"""
CondPoison#46,"""이 몸이 독에 당하더라도<br>사랑하는 아이들은 지켜 내겠어!"""
CondPanic#46,"""세상이 빙글빙글 돌지만<br>이 아이들이 있으니 문제없어!"""
CondStan#46,"""움직일 수 없더라도……<br>내 곁에는 이 아이가 있어!"""
CondMirage#46,"""후후, 환각이라니 소용없어……<br>원래 이 아이들밖에 안 보니까!"""
Die#46,"""내가 사랑하는 아이들……만은……!"""
ThankHeal#46,"""감사해!"""
ThankBuff#46,"""살았어!"""
ThankCure#46,"""후우, 진정됐어"""
DefeatEnemy#46,"""자, 나아가자!"""
LevelUp#46,"""/toge 든든하군, 마이 프렌드!"""
InvokeSkill1#43,"""맡길게, 내가 사랑하는 아이야!"""
InvokeSkill2#41,"""유대의 힘을 보여 줘!"""
InvokeSkill3#41,"""자, 끝내 버리자!"""
PBFull#46,"""자, 준비는 끝났어!"""
PBRelease#46,"""/toge 온 힘을 다한 앙상블을 들려주자!"""
TacticsFree#23,"""자유롭게 할게, 마이 프렌드!"""
TacticsGuard#23,"""지금은 버틸 때야, 마이 프렌드!"""
TacticsMassedAttack#23,"""집중 공격이군, 알겠어, 마이 프렌드!"""
TacticsAttack#21,"""미끼는 내게 맡겨!"""
Avoid#46,"""흥!"""
HealSelf#46,"""당할 수는 없지"""
BuffSelf#46,"""만반의 태세로 도전할까"""
HealOther#46,"""괜찮아?"""
BuffOther#46,"""방심은 금물이야"""
QuestStart1#46,"""자, 시작한다, 사랑하는 아이들아"""
QuestEnd1#46,"""해냈군, 마이 프렌드!<br>우리 유대의 승리야!"""
QuestEnd2#18,"""역시 대단해, 마이 프렌드!"""
IncidentStart#46,"""마이 프렌드, 뭔가 일어날 것 같아!"""
IncidentSuccess#46,"""이런, 놀라긴 했지만<br>어떻게든 해냈어!"""
IncidentFailure#46,"""……내 대응이 잘못됐어"""
PSE#46,"""내 아이들이 술렁이고 있어……<br>이건 PSE인가?"""
PSELevelUp#46,"""더욱 계속해 나가자"""
PSEBurst#46,"""보이니, 모두……<br>정말 아름다운 PSE 버스트야……!"""
HP30#46,"""이런 꼴사나운 모습으론<br>아이들에게 버림받겠어……"""
HP10#46,"""내가 사랑하는 아이들을 위해<br>아직 쓰러질 수는 없어!"""
ItemRare#46,"""오, 그거 좋은 물건이군!<br>축하해, 마이 프렌드!"""
DamageSmall#46,"""윽"""
DamageMiddle#46,"""제법이군"""
DamageLarge#46,"""이럴 수가!"""
Trap#46,"""이런!\u3000내 아이들만 보느라<br>함정을 못 봤어……!"""
ThankTrapRescue#46,"""살았어, 마이 프렌드!"""
TrapRescueOther#46,"""마이 프렌드!\u3000괜찮아?"""
MemberDamaged#46,"""물러나게, 마이 프렌드!"""
MemberDead#46,"""……감히 내 친구를!"""
AbilityExe#46,"""하하핫!\u3000나도 아이들도<br>텐션 최고!\u3000절호조야!"""
AbilitySpecial#45,"""지금이라면 뭐든 할 수 있어!"""
Resurrect#46,"""……후우, 걱정 끼쳤군, 마이 프렌드!"""
PartyJoin#46,"""/toge /ci2 1 잘 부탁해, 마이 프렌드!"""
Marvelous#46,"""/toge 우리도 질 수는 없지!"""
IncidentJsApcBegin#42,"""/ci2 2 마침 잘 왔어, 마이 프렌드!<br>사랑하는 아이들과 할로윈을 즐기게<br>조금 힘을 빌려주겠어?"""
IncidentJsApcFailure#42,"""내가 쓰러지면 아이들이……!<br>미안하지만 먼저 퇴각할게."""
IncidentJsApcSuccess#42,"""/ci2 1 고마워, 마이 프렌드!<br>내 아이들도 무척 기뻐하고 있어!"""
IncidentJsApcBeginEvo#42,"""/ci1 과자는 아직 기다려야 하나 보군.<br>아직 더 올 것 같아."""
EnemyWeak#47,"""어라어라아, 잡몹 씨가<br>길을 잃고 들어왔나요오?"""
EnemyLarge#47,"""큰 건 좋은 일이죠오.<br>어디를 노려도 맞으니까요오."""
EnemyBoss#47,"""굉장히 강해 보이네요오.<br>재미있을 것 같은 상대예요오."""
EnemyRare#47,"""어라어라어라아?<br>희귀한 게 어슬렁거리네요오.<br>한번 쏴 보고 싶네요오."""
EnemyBoost#47,"""저건… 뭘까요오?<br>불길하고 기묘해서<br>무서운 느낌이에요오?"""
DestroyEnemy1#47,"""후후후후훗."""
DestroyEnemy2#47,"""다음 장난감은 어디 있나요오?"""
DestroyEnemy3#45,"""좋네요오.<br>정말 즐거워요오."""
CondFreeze#47,"""꽁꽁 단단하게<br>얼어 버렸네요오.<br>지금 리사는 아주 차가워요오."""
CondBurn#47,"""후훗, 불타는 리사는 어떤가요오?"""
CondShock#47,"""좋네요오, 저릴 때마다<br>방아쇠를 쥐는 게<br>참을 수가 없어요오…"""
CondPoison#47,"""독의 기분 나쁜 느낌도<br>제법 괜찮네요오."""
CondPanic#47,"""혼란스러워도 똑같아요오.<br>리사는 늘 혼란스러운 거나<br>마찬가지니까요오."""
CondStan#47,"""짧은 시간이긴 해도<br>꼼짝할 수 없다니…<br>흥분되네요오."""
CondMirage#47,"""잘 보이지는 않지만<br>뭐, 마구 쏘면 똑같아요오."""
Die#47,"""…나쁘지… 않네요오."""
ThankHeal#47,"""후훗, 살았어요오."""
ThankBuff#47,"""그럼 더더욱 힘내 볼게요오."""
ThankCure#47,"""개운해졌으니<br>더 죽이고 올게요오."""
DefeatEnemy#47,"""다른 적들은 없나요오?"""
LevelUp#47,"""더 강해졌네요오."""
InvokeSkill1#44,"""움직이지 말아 주세요오."""
InvokeSkill2#42,"""기분 좋지 않나요오?"""
InvokeSkill3#42,"""후후훗, 춤춰 주세요오."""
PBFull#47,"""더 재미있는 걸<br>알고 싶나요오?"""
PBRelease#47,"""지금부터 재미있어져요오."""
TacticsFree#24,"""마음대로 하게 해 주세요오."""
TacticsGuard#24,"""수비를 굳힌 다음<br>나중에 백배로 갚아 줘야죠오."""
TacticsMassedAttack#24,"""집중적으로 괴롭혀 드리죠오."""
TacticsAttack#22,"""적 씨, 총소리 나는 이쪽으로요오."""
Avoid#47,"""어라라아?"""
HealSelf#47,"""슬슬 회복이라도 해 볼까요오."""
BuffSelf#47,"""보조가 있으면<br>더 즐길 수 있겠네요오."""
HealOther#47,"""제대로 회복해 주세요오."""
BuffOther#47,"""보조도 잊으면 안 돼요오?"""
QuestStart1#47,"""후훗, 우후후훗."""
QuestStart2#14,"""좋아요오.<br>함께 즐겨 보자고요오."""
QuestEnd1#47,"""끝나 버렸네요오."""
QuestEnd2#19,"""좀 더 오래오래<br>즐기고 싶었는데요오."""
IncidentStart#47,"""후훗, 뭔가 일어나겠네요오."""
IncidentSuccess#47,"""잘된 것 같네요오."""
IncidentFailure#47,"""욕구 불만이네요오."""
PSE#47,"""어머어머어머어머.<br>이건 혹시 그거 아닌가요오?"""
PSELevelUp#47,"""네네네네.<br>계속 이어 가 보자고요오."""
PSEBurst#47,"""후훗, 황홀할 만큼<br>멋지네요오."""
HP30#47,"""기분 좋아지기 시작했어요오."""
HP10#47,"""좋네요오…<br>이 아슬아슬한 느낌."""
ItemRare#47,"""그거 좋은 물건이죠오.<br>좋네요오, 후훗."""
DamageSmall#47,"""윽"""
DamageMiddle#47,"""후훗."""
DamageLarge#47,"""아파."""
Trap#47,"""함정에 걸리는 것도<br>꽤 신선하네요오."""
ThankTrapRescue#47,"""함정에 걸린 놀이는<br>이제 끝인가요오?"""
TrapRescueOther#47,"""함정, 어땠나요오?<br>기분 좋았나요오?"""
MemberDamaged#47,"""무리해도 되는 건<br>리사뿐이에요오?"""
MemberDead#47,"""흐응, 흠흠…<br>이런이런, 오랜만에<br>화가 나 버렸네요."""
AbilityExe#47,"""/toge 우후훗, 후후후훗.<br>감이 살아났어요오."""
AbilitySpecial#46,"""/toge 리사에게 맡겨 주세요오!"""
Resurrect#47,"""좋은 아침이에요."""
PartyJoin#47,"""/ci1 1 조심해 주세요오."""
Marvelous#47,"""사냥감을 빼앗겼네요오."""
IncidentJsApcBegin#43,"""/mn9 /ci2 4 어라라라?<br>당신도 적을 쏘러 왔나요.<br>축제판이니까요."""
IncidentJsApcFailure#43,"""……음음음?<br>뭔가 질리기도 했으니<br>리사는 먼저 돌아갈게요. 그럼, 그럼."""
IncidentJsApcSuccess#43,"""/ci2 4 축제는 좋네요.<br>오발 같은 건 신경 쓰지 않아도 되니까요.<br>리사는 더 놀다 갈게요."""
IncidentJsApcBeginEvo#43,"""/ci2 4 어라어라어라아?<br>아직 더 오는 모양이에요오?"""
EnemyWeak#48,"""이 정도면 저 혼자서도<br>여유로울지도 몰라요!"""
EnemyLarge#48,"""정말 크네요!"""
EnemyBoss#48,"""저, 정말 강해 보이네요.<br>정신 바짝 차려야겠어요."""
EnemyRare#48,"""아, 저기 보세요.<br>희귀한 종이 있어요!"""
EnemyBoost#48,"""…불길한 박력이 느껴지네요."""
DestroyEnemy1#48,"""해냈어요!"""
DestroyEnemy2#48,"""잘 해냈어요!"""
DestroyEnemy3#46,"""다음으로 가요!"""
CondFreeze#48,"""추운 건 싫어요오."""
CondBurn#48,"""회로가 타 버려요!"""
CondShock#48,"""쇼, 쇼트 나 버려어어어!"""
CondPoison#48,"""생체 부분에 간섭…<br>이게 독인가요?"""
CondPanic#48,"""시, 시야가 빙빙 돌아요…!"""
CondStan#48,"""몸이 안 움직여요!"""
CondMirage#48,"""시각 영역에 장애가?"""
Die#48,"""이럴 리가…"""
ThankHeal#48,"""고마워요!"""
ThankBuff#48,"""정말 감사해요!"""
ThankCure#48,"""번거롭게 해 드렸네요!"""
DefeatEnemy#48,"""끝난 모양이네요."""
LevelUp#48,"""축하드려요!"""
InvokeSkill1#45,"""노릴게요!"""
InvokeSkill2#43,"""쏴 버릴게요!"""
InvokeSkill3#43,"""강하게 한 방 먹일게요!"""
PBFull#48,"""슬슬 큰 걸<br>날리고 싶어졌어요!"""
PBRelease#48,"""좋아, 갑니다!"""
TacticsFree#25,"""제 판단대로 힘낼게요!"""
TacticsGuard#25,"""방어를 중심으로 힘낼게요!"""
TacticsMassedAttack#25,"""다 같이 단번에 공격해요!"""
TacticsAttack#23,"""여기요, 저를 노리세요!<br>저를 노려 주세요!"""
Avoid#48,"""어어엇!"""
HealSelf#48,"""힘이 백 배예요!"""
BuffSelf#48,"""준비는 확실히 해야죠!"""
HealOther#48,"""괜찮으세요?<br>상처는 다 나았나요?"""
BuffOther#48,"""방심하지 말고 가요!"""
QuestStart1#48,"""가요!"""
QuestStart2#15,"""잘 부탁드려요.<br><%me> 님!"""
QuestEnd1#48,"""순조롭네요, 순조로워요!"""
QuestEnd2#20,"""저… 감동했어요!"""
IncidentStart#48,"""무, 무슨 일이 일어나는 거죠!?"""
IncidentSuccess#48,"""해냈어요!<br>어떻게든 해냈어요!"""
IncidentFailure#48,"""실패했네요…"""
PSE#48,"""시작됐어요!"""
PSELevelUp#48,"""계속 더 이어 가고 싶어요!"""
PSEBurst#48,"""해냈어요!<br>이거 정말 굉장해요!"""
HP30#48,"""아직 더 할 수 있어요!"""
HP10#48,"""…역시 이 이상은…"""
ItemRare#48,"""아, 좋은 물건이네요!"""
DamageSmall#48,"""앗"""
DamageMiddle#48,"""으윽"""
DamageLarge#48,"""아얏!"""
Trap#48,"""아차…<br>함정에 걸려 버렸어요…"""
ThankTrapRescue#48,"""정말 감사합니다!"""
TrapRescueOther#48,"""괜찮으세요!"""
MemberDamaged#48,"""다치셨나요!"""
MemberDead#48,"""…저, 화났어요!"""
AbilityExe#48,"""/toge 뭐든지 할 수 있을 것 같은<br>그런 기분이에요!"""
AbilitySpecial#47,"""/toge 맡겨 주세요!"""
Resurrect#48,"""아직 더 힘낼게요!"""
PartyJoin#48,"""/ci1 1 힘낼게요!"""
Marvelous#48,"""역시 대단하세요!"""
IncidentJsApcBegin#44,"""/ci1 2 앗!\u3000도와주시겠어요?<br>그 아이들과 함께 왔다가<br>휘말려 버려서……!"""
IncidentJsApcFailure#44,"""할로윈에는 참가하고 싶지만<br>무리하지 않고 일단 귀환할게요.<br>죄송합니다……"""
IncidentJsApcSuccess#44,"""/ci2 1 살았어요!<br>이제 그 아이들과 느긋하게<br>할로윈을 즐길 수 있겠어요."""
IncidentJsApcBeginEvo#44,"""/ci1 1 와왓!<br>아직 더 올 것 같아요!"""
EnemyWeak#49,"""냥!"""
EnemyLarge#49,"""크다냥!"""
EnemyBoss#49,"""음, 요주의다냥!"""
EnemyRare#49,"""냥냥?<br>희귀한 녀석이다냥!"""
EnemyBoost#49,"""기합이 너무 들어갔다냥!"""
DestroyEnemy1#49,"""해치웠다냥!"""
DestroyEnemy2#49,"""낙승이다냥!"""
DestroyEnemy3#47,"""순조롭다냥!"""
CondFreeze#49,"""차갑다냥!"""
CondBurn#49,"""뜨겁다냥!"""
CondShock#49,"""저려어어어냥……!"""
CondPoison#49,"""기분 나쁘다냥……"""
CondPanic#49,"""빙글빙글 돈다냥……"""
CondStan#49,"""움직일 수 없다냥……"""
CondMirage#49,"""흐물흐물하다냥……"""
Die#49,"""당하고 말았다냥……"""
ThankHeal#49,"""고맙다냥!"""
ThankBuff#49,"""살았다냥!"""
ThankCure#49,"""개운하고 쾌적하다냥!"""
DefeatEnemy#49,"""다음으로 간다냥!"""
LevelUp#49,"""레벨 업이다냥!"""
InvokeSkill1#46,"""깔끔하게 끝낸다냥!"""
InvokeSkill2#44,"""받아라냥!"""
InvokeSkill3#44,"""각오해라냥!"""
PBFull#49,"""준비 만전, 완벽하다냥!"""
PBRelease#49,"""이젠 사과해도 용서 안 한다냥!"""
Avoid#49,"""냐앗!"""
HealSelf#49,"""좋아, 회복이다냥!"""
BuffSelf#49,"""만전으로 해 둔다냥!"""
HealOther#49,"""회복은 중요하다냥!"""
BuffOther#49,"""보조도 잊으면 안 된다냥!"""
QuestStart1#49,"""자, 간다냥!"""
QuestEnd1#49,"""해냈다냥!\u3000"""
IncidentStart#49,"""뭔가 일어날 것 같다냥!"""
IncidentSuccess#49,"""해냈다냥!\u3000성공이다냥!"""
IncidentFailure#49,"""냐아아……미안하다냥"""
PSE#49,"""포톤이 술렁이고 있다냥!"""
PSELevelUp#49,"""이 기세로 계속 간다냥!"""
PSEBurst#49,"""굉장하다냥……<br>포톤이 반짝인다냥!"""
HP30#49,"""너무 방심했나냥?"""
HP10#49,"""위, 위기일지도 모른다냥……"""
ItemRare#49,"""그거 좋은 물건이다냥!"""
DamageSmall#49,"""냥!?"""
DamageMiddle#49,"""아프다냥!"""
DamageLarge#49,"""위, 위험하다냥……!"""
Trap#49,"""꺄아아냥!\u3000함정이다냥!"""
ThankTrapRescue#49,"""구해 줘서 고맙다냥!"""
TrapRescueOther#49,"""다행이다, 괜찮냥?"""
MemberDamaged#49,"""무리는 금물이다냥!"""
MemberDead#49,"""감히 그랬겠다냥……!"""
AbilityExe#49,"""기세가 오르고 있다냥!"""
AbilitySpecial#48,"""좋아, 절호조다냥!"""
Resurrect#49,"""기운 가득!\u3000부활이다냥!"""
PartyJoin#49,"""/ci2 1 잘 부탁한다냥!"""
Marvelous#49,"""대단하다냥!"""
IncidentJsApcBegin#45,"""/toge /ci2 1 정말 좋은 타이밍이다냥!<br>도와 달라냥!"""
IncidentJsApcFailure#45,"""더는 무리다냥……<br>퇴각한다냥."""
IncidentJsApcSuccess#45,"""/ci2 1 해냈다, 해냈다냥!<br>성공이다냥!"""
IncidentJsApcBeginEvo#45,"""/ci5 2 이 기척……<br>아직 더 온다냥!"""
EnemyWeak#50,"""잡졸이 왔군!"""
EnemyLarge#50,"""큰 놈이 왔군!"""
EnemyBoss#50,"""헤헷, 즐길 수 있겠어!"""
EnemyRare#50,"""희귀한 게 나왔나!"""
EnemyBoost#50,"""이상한 녀석이 있군……<br>조심해서 가자!"""
DestroyEnemy1#50,"""어떠냐!"""
DestroyEnemy2#50,"""한 건 해치웠다!"""
DestroyEnemy3#48,"""좋아, 다음은 어느 놈이냐?"""
CondFreeze#50,"""차, 차가워!"""
CondBurn#50,"""우왓, 뜨거워!"""
CondShock#50,"""저, 저려어어!"""
CondPoison#50,"""우웨엑, 기분 나빠!"""
CondPanic#50,"""젠장, 어지러워……!"""
CondStan#50,"""몸이……안 움직여……!"""
CondMirage#50,"""시야가 엉망이야……!"""
Die#50,"""어떻게 된 거야, 이거……"""
ThankHeal#50,"""미안하다!"""
ThankBuff#50,"""살았다!"""
ThankCure#50,"""감사해!"""
DefeatEnemy#50,"""좋아, 다음으로 가자!"""
LevelUp#50,"""축하한다!"""
InvokeSkill1#47,"""보여 주마!"""
InvokeSkill2#45,"""좋아, 간다!"""
InvokeSkill3#45,"""맡겨 두라니까!"""
PBFull#50,"""입 다물게 해 주마!"""
PBRelease#50,"""방해된다고 했잖아!"""
Avoid#50,"""이얏!"""
HealSelf#50,"""회복은 해야지!"""
BuffSelf#50,"""보조도 필요해!"""
HealOther#50,"""무리하지 말라니까!"""
BuffOther#50,"""엄호할게!"""
QuestStart1#50,"""자, 즐겨 보자!"""
QuestEnd1#50,"""즐거웠어!\u3000수고했다!"""
IncidentStart#50,"""오, 이건 위험해 보이는데!"""
IncidentSuccess#50,"""헤헷, 해냈군!"""
IncidentFailure#50,"""젠장, 아쉬운 결과군!"""
PSE#50,"""좋은 일이 생기지 않을까?"""
PSELevelUp#50,"""이 기세로 가자!"""
PSEBurst#50,"""/toge 굉장해!\u3000포톤이 엄청나게<br>활성화되고 있잖아!"""
HP30#50,"""아직 괜찮아!"""
HP10#50,"""조금 위험한가……"""
ItemRare#50,"""오, 좋은 걸 얻었군!"""
DamageSmall#50,"""큿"""
DamageMiddle#50,"""큭!"""
DamageLarge#50,"""아야!"""
Trap#50,"""젠장, 함정이냐!"""
ThankTrapRescue#50,"""미안, 폐를 끼쳤어!"""
TrapRescueOther#50,"""무리하지 마, 괜찮아?"""
MemberDamaged#50,"""너무 앞으로 나갔어!"""
MemberDead#50,"""/toge ……감히 그랬겠다!"""
AbilityExe#50,"""이 기세로 해 주마!"""
AbilitySpecial#49,"""좋아, 끝내 주마!"""
Resurrect#50,"""헷, 정신이 확 들었군!"""
PartyJoin#50,"""/ci2 1 헤헷, 맡겨 두라니까"""
Marvelous#50,"""제법 하잖아!"""
IncidentJsApcBegin#46,"""/ci2 1 오, 마침 잘 왔군!<br>힘을 빌려줘!"""
IncidentJsApcFailure#46,"""헉, 진짜냐……<br>미안, 퇴각할게!"""
IncidentJsApcSuccess#46,"""/ci2 2 끝난 모양이군!<br>즐거웠어, 또 보자!"""
IncidentJsApcBeginEvo#46,"""/ci2 1 아직 뭔가 더 있을 것 같군!<br>좋아, 즐겨 보자!"""
EnemyWeak#51,"""우리의 적은 아니군"""
EnemyLarge#51,"""대형인가"""
EnemyBoss#51,"""강적인 것 같군"""
EnemyRare#51,"""저 유형은……희귀한 녀석인가"""
EnemyBoost#51,"""……조심해.<br>불길한 포톤이다"""
DestroyEnemy1#51,"""다음."""
DestroyEnemy2#51,"""별것 아니군요."""
CondFreeze#51,"""동결 상태라고……"""
CondBurn#51,"""아무래도 뜨겁군……"""
CondShock#51,"""흐음……<br>이렇게 감전되면 성가시군"""
CondPoison#51,"""쳇, 독인가……!"""
CondPanic#51,"""의식이 혼탁해진다……"""
CondStan#51,"""움직임이 봉쇄됐어……!?"""
CondMirage#51,"""조준이 흔들리는군……"""
Die#51,"""이런 곳에서 쓰러질 수는……"""
ThankHeal#51,"""도움이 되는군"""
ThankBuff#51,"""고맙다."""
ThankCure#51,"""번거롭게 했군."""
DefeatEnemy#51,"""이 일대는 정리됐나"""
LevelUp#51,"""느낌 좋군"""
InvokeSkill1#48,"""놓치지 않는다"""
InvokeSkill2#46,"""단숨에 끝낸다!"""
InvokeSkill3#46,"""라피, 부탁한다!"""
TechFire#18,"""불타라."""
TechIce#17,"""얼음이여"""
TechThunder#19,"""번개여."""
TechWind#16,"""바람이여."""
TechLight#19,"""빛이여."""
TechDark#17,"""어둠이여."""
PBFull#51,"""힘을 쓸 때가 왔나"""
PBRelease#51,"""모두를 지킨다. 그것이 내 사명이다"""
Avoid#51,"""핫!"""
HealSelf#51,"""아슬아슬했군."""
BuffSelf#51,"""봐주지 않는다"""
HealOther#51,"""방심하지 마라"""
BuffOther#51,"""태세를 정비해라"""
QuestStart1#51,"""임무를 시작한다."""
QuestEnd1#51,"""역시 대단하군."""
IncidentStart#51,"""이 기척……무엇이 오지"""
IncidentSuccess#51,"""적절한 대응이었군"""
IncidentFailure#51,"""……반성할 점이 많군"""
PSE#51,"""이건……PSE인가"""
PSELevelUp#51,"""포톤이 활성화되고 있다"""
PSEBurst#51,"""이것이 PSE의 최종 단계인가"""
HP30#51,"""대미지를 너무 많이 받았나"""
HP10#51,"""이 이상은 아무래도 위험해……"""
ItemRare#51,"""흐음, 희귀한 물건인 듯하군"""
DamageSmall#51,"""큿"""
DamageMiddle#51,"""위험해"""
DamageLarge#51,"""꺄악!"""
Trap#51,"""함정이라고!"""
ThankTrapRescue#51,"""번거롭게 했군."""
TrapRescueOther#51,"""괜찮나?"""
MemberDamaged#51,"""무리하지 마라."""
MemberDead#51,"""……내가 한심한 탓에"""
AbilityExe#51,"""흐음, 몸이 가볍군"""
AbilitySpecial#50,"""포톤이 몸에 익는군"""
Resurrect#51,"""……멈춰 설 수는 없어"""
PartyJoin#51,"""/ci2 1 잘 부탁한다"""
Marvelous#51,"""이것이 네 힘인가"""
IncidentJsApcBegin#47,"""/ci1 3 잘 왔다. 힘을 빌려다오.<br>음, 왜 그러지...?\u3000이 옷 말인가?<br>이 시기의 정장이라 들었다만..."""
IncidentJsApcFailure#47,"""미안하다...<br>더는 싸울 수 없을 것 같군.<br>내키지 않지만 먼저 물러나겠다."""
IncidentJsApcSuccess#47,"""/ci1 1 힘을 빌려줘서 고맙다.<br>아니... 이럴 때는 분명<br>메리 크리스마스, 였던가?"""
IncidentJsApcBeginEvo#47,"""/ci1 1 끝났나……?<br>……아니, 아직 더 오는군.<br>조금만 더 어울려 주겠나?"""
EnemyWeak#52,"""후후후…… 이 정도 상대라면<br>저 혼자서도 충분하답니다!"""
EnemyLarge#52,"""크다고 다 좋은 건<br>아니라고요!"""
EnemyBoss#52,"""으으…… 왠지 강해 보여요……<br>못 본 척하고 싶네요."""
EnemyRare#52,"""어머?\u3000저기 계신 건<br>희귀종이라는 녀석 아닌가요?"""
EnemyBoost#52,"""으으음……<br>정말 기분 나쁜 기운을 풍기는<br>에너미네요……"""
WeatherChange#3,"""환경 변화도 아무 문제 없답니다!"""
DestroyEnemy1#52,"""해냈어요!"""
DestroyEnemy2#52,"""어떤가요!"""
DestroyEnemy3#49,"""보셨나요?"""
CondFreeze#52,"""물에 젖은 미녀……<br>가 아니라, 얼었잖아!\u3000차가워!"""
CondBurn#52,"""불타오르는 듯한 열정……<br>이 아니라, 너무 뜨겁잖아요!"""
CondShock#52,"""저릴 만큼 자극적……<br>이 아니라, 진짜 저려 와요……!"""
CondPoison#52,"""후훗, 미녀는 독을 품는 법……<br>……저, 미녀 안 해도 되니까<br>해독을, 해독을 해 주세요!"""
CondPanic#52,"""후후후……<br>지금이라면 아무것도 못 할 것 같은<br>그런 기분이 들어요!"""
CondStan#52,"""뭐라 하셔도<br>전 여기서 한 발짝도 안 움직여요!<br>랄까, 움직일 수가 없어요!"""
CondMirage#52,"""늘 꿈에 빠져 사는 제게 환각이라니!<br>……어머?\u3000저기에<br>아주 맛있어 보이는 케이크가……"""
Die#52,"""이젠 안 돼…… 쉬게 해 주세요……"""
ThankHeal#52,"""감사드려요!"""
ThankBuff#52,"""강해진 기분이에요!"""
ThankCure#52,"""기분 상쾌하다는 게 이런 거군요!"""
DefeatEnemy#52,"""이걸로 한 건 해결이에요!<br>자자, 다음 장소로 가죠."""
LevelUp#52,"""저한테도 나눠 주시겠어요?"""
InvokeSkill1#49,"""넋을 놓고 보셔도 돼요?"""
InvokeSkill2#47,"""이걸로 끝이에요!"""
InvokeSkill3#47,"""할 때는 한답니다!"""
PBFull#52,"""이쪽은 준비 완료랍니다!"""
PBRelease#52,"""힘을 빌려주세요."""
TacticsFree#26,"""맡겨 주세요!<br>지금보다 더 자유롭게<br>움직여 보이겠어요!"""
TacticsGuard#26,"""맡겨 주세요!<br>확실히 버텨 보이겠어요!"""
TacticsMassedAttack#26,"""맡겨 주세요!<br>집중 공격으로 가죠!"""
TacticsAttack#24,"""맡겨 주세요!<br>그런데 제가 미끼인가요!?"""
Avoid#52,"""화려하게 회피!"""
HealSelf#52,"""아직 죽고 싶지는 않으니까요."""
BuffSelf#52,"""부족한 힘은 보조로 보충!"""
HealOther#52,"""무리하지 마세요!"""
BuffOther#52,"""능력 강화도 잊지 마세요!"""
QuestStart1#52,"""잘 부탁드리겠습니다."""
QuestStart2#16,"""당신과 함께라면<br>저, 뭐든 할 수 있을 것 같아요!<br>뭐, 아마 기분 탓이겠지만요!"""
QuestEnd1#52,"""계속 당신에게<br>업혀 가기만 했지만……<br>끝이 좋으면 된 거예요!"""
QuestEnd2#21,"""이걸로 임무 완료네요!"""
IncidentStart#52,"""장애물을 넘어야 성장하는 법!<br>뭐든 덤비라고 하세요!"""
IncidentSuccess#52,"""해냈네요!<br>당신과 함께여서 편했……<br>아니, 당신 덕분이에요!"""
IncidentFailure#52,"""으으……<br>제가 발목을 잡았네요……"""
PSE#52,"""으음, 으으음!<br>이건 PSE의 느낌이에요!"""
PSELevelUp#52,"""해냈어요!<br>계속해서 이어 가죠!"""
PSEBurst#52,"""훌륭해요!<br>이게 PSE 버스트예요!"""
HP30#52,"""왠지 엄청 집중적으로<br>노려지는 기분이……"""
HP10#52,"""전력 분석, 제대로 했네요.<br>가장 약한 저부터 공격하다니<br>……사, 살려주세요!"""
ItemRare#52,"""좋은 물건 주우셨나요?"""
DamageSmall#52,"""아야!"""
DamageMiddle#52,"""와와왓!"""
DamageLarge#52,"""너무해요……"""
Trap#52,"""잠깐, 함정이라니!<br>왜 이런 게 있는 거예요!?"""
ThankTrapRescue#52,"""사, 살았어요……"""
TrapRescueOther#52,"""함정을 조심하세요!<br>저도 아까 걸릴 뻔<br>했으니까요!"""
MemberDamaged#52,"""무리하지 마세요!"""
MemberDead#52,"""……용서 못 해요.<br>절대로 용서 못 해요!"""
AbilityExe#52,"""후후후, 지금부터는<br>제 차례랍니다!"""
AbilitySpecial#51,"""제게 맡겨 주세요!"""
Resurrect#52,"""슬슬 일어날까요."""
PartyJoin#52,"""/ci1 1 제가 등장했답니다!"""
Marvelous#52,"""훌륭한 솜씨예요!"""
IncidentJsApcBegin#48,"""/mn15 /ci1 2 아, 마침 잘 오셨어요!<br>이 모습을 보여드리고 싶어서<br>...그럴 때가 아닌가 보군요!"""
IncidentJsApcFailure#48,"""으으... 더는 조금...<br>죄송하지만<br>먼저 후퇴하겠습니다..."""
IncidentJsApcSuccess#48,"""/mn15 /ci2 1 이 모습이라면 무적이에요!<br>감상, 기다리고 있을게요!<br>그리고 메리 크리스마스예요!"""
IncidentJsApcBeginEvo#48,"""/ci1 2 후, 이제야 진정됐...<br>...다고 하긴 어려운 모양이네요!"""
EnemyWeak#53,"""이 정도면 괜찮아"""
EnemyLarge#53,"""와, 크다!"""
EnemyBoss#53,"""강해 보여……그래도 안 져!"""
EnemyRare#53,"""와왓, 희귀종이다!"""
EnemyBoost#53,"""……정말 불길한 느낌의 적이야"""
WeatherChange#4,"""대기의 포톤이 술렁이는 건가?"""
DestroyEnemy1#53,"""응, 잘됐어!"""
DestroyEnemy2#53,"""좋아, 느낌 좋아!"""
DestroyEnemy3#50,"""해냈다!"""
CondFreeze#53,"""어, 얼어붙었어!?"""
CondBurn#53,"""뜨거, 뜨거워!"""
CondShock#53,"""모, 몸이 저려어어……!"""
CondPoison#53,"""으으……독인가, 속이 안 좋아……"""
CondPanic#53,"""어, 어, 어떡하지이이!<br>뭘 어떻게 해야 했더라!<br>보이는 대로 날려 버릴까?"""
CondStan#53,"""모, 몸을 마음대로 못 움직이겠어……!"""
CondMirage#53,"""뭔가 시야가 몽롱해……"""
Die#53,"""실패해 버렸어, 미안해……"""
ThankHeal#53,"""아……고마워"""
ThankBuff#53,"""후훗, 고마워"""
ThankCure#53,"""으으, 미안해, 고마워"""
DefeatEnemy#53,"""끝난 것 같네"""
LevelUp#53,"""앗, 축하해!"""
InvokeSkill1#50,"""전력으로, 간다!"""
InvokeSkill2#48,"""하아아아앗!"""
InvokeSkill3#48,"""이걸로 끝낼게!"""
TechFire#19,"""내가 할 수 있는 걸, 최선을 다해!"""
TechIce#18,"""지지 않을 거야!"""
TechThunder#20,"""봐주지 않을 거야!"""
TechWind#17,"""베어 버려!"""
TechLight#20,"""빛이여."""
TechDark#18,"""꿰뚫어!"""
PBFull#53,"""<%me>!<br>우리도 준비됐어!"""
PBRelease#53,"""난 이제……혼자가 아니니까!"""
TacticsFree#27,"""응, 알겠어!<br>자유롭게 움직여 볼게!"""
TacticsGuard#27,"""여긴 참아야 할 때란 거지<br>맡겨 줘, 기다리는 건 잘해!"""
TacticsMassedAttack#27,"""공격을 한곳에 집중하자……<br>응, 알겠어!"""
TacticsAttack#25,"""내가 미끼가 될 테니까<br>그 틈에 부탁해!"""
Avoid#53,"""얏!"""
HealSelf#53,"""회복, 회복!"""
BuffSelf#53,"""보조도 잊으면 안 되지"""
HealOther#53,"""괜찮아?<br>무리하지 마"""
BuffOther#53,"""아, 잠깐 기다려<br>보조도 걸어 줄게"""
QuestStart1#53,"""좋아, 힘낼게!"""
QuestStart2#17,"""너와 함께라면……응<br>분명 괜찮을 거야!"""
QuestEnd1#53,"""정말 든든했어!"""
QuestEnd2#22,"""정말 대단해!\u3000대단해!"""
IncidentStart#53,"""어, 뭐야, 무슨 일이 일어난 거야?"""
IncidentSuccess#53,"""다행이다, 어떻게든 해냈네"""
IncidentFailure#53,"""으으……미안해……<br>발목만 잡았어……"""
PSE#53,"""포톤의 느낌이 변했어……<br>PSE라는 건가?"""
PSELevelUp#53,"""계속 이어지는 것 같아!<br>더욱더 힘내자!"""
PSEBurst#53,"""와아……이게 PSE 버스트라는<br>거구나, 굉장해!"""
HP30#53,"""윽……아, 아직 멀었어<br>난 아직 괜찮아!"""
HP10#53,"""……으윽!<br>미안, 조금 위험할지도……"""
ItemRare#53,"""앗, 그거<br>희귀한 물건이지?"""
DamageSmall#53,"""아야!"""
DamageMiddle#53,"""아야!"""
DamageLarge#53,"""와와왓!"""
Trap#53,"""어, 어, 함정!?"""
ThankTrapRescue#53,"""미안해……<br>정말 큰 도움 됐어"""
TrapRescueOther#53,"""괜찮아?<br>함정은 조심해"""
MemberDamaged#53,"""무리하지 말고 물러나!<br>괜찮아, 나도 있으니까!"""
MemberDead#53,"""이럴 수가!<br>이렇게 될 줄은……!"""
AbilityExe#53,"""응, 힘낼 테니까!"""
AbilitySpecial#52,"""좋아, 힘내 볼까!"""
Resurrect#53,"""이번엔 힘낼게!"""
PartyJoin#53,"""/ci1 1 잘 부탁해!"""
Marvelous#53,"""대단해!\u3000나도 힘내야겠어!"""
IncidentJsApcBegin#49,"""/mn9 /ci2 2 아, <%me>!<br>그게... 찾고 있었는데...<br>우, 우선 좀 도와줄래?"""
IncidentJsApcFailure#49,"""으으... 미안해...<br>함께 크리스마스를<br>축하하고 싶었는데..."""
IncidentJsApcSuccess#49,"""/mn6 /ci2 1 휴, 어떻게든 끝났네...<br>그래서 말인데... 이 옷 말이야.<br>저기... 메리 크리스마스!"""
IncidentJsApcBeginEvo#49,"""/ci3 2 휴, 이제야 겨우... 아니,<br>아직 이상한 기척이 남았어...!<br>...정말!\u3000할 일이 있는데!"""
EnemyWeak#54,"""좋아, 약한 녀석이 왔군!"""
EnemyLarge#54,"""/toge 저런 건 덩치만 큰 놈이야<br>박살 내면 그만이다!"""
EnemyBoss#54,"""/toge 강적 등장이라는 거군!<br>조심해!"""
EnemyRare#54,"""좀처럼 보기 힘든 녀석이군!"""
EnemyBoost#54,"""어이, 어이, 저건 뭐야?<br>기합부터 다르잖아!"""
DestroyEnemy1#54,"""어떠냐!"""
DestroyEnemy2#54,"""좋아, 다음!"""
DestroyEnemy3#51,"""계속 간다!"""
CondFreeze#54,"""젠장, 동결이냐……!"""
CondBurn#54,"""우왓!<br>불타고 있잖아!"""
CondShock#54,"""큭……몸이 저려 버렸어!"""
CondPoison#54,"""독 따윈 시시해!"""
CondPanic#54,"""어이쿠, 어떻게 해야 하지!?"""
CondStan#54,"""뭐!\u3000몸이 안 움직여!"""
CondMirage#54,"""시야를 빼앗다니 비겁하잖아!<br>정정당당하게 싸워!"""
Die#54,"""젠장, 당해 버렸어!"""
ThankHeal#54,"""회복, 고맙다!"""
ThankBuff#54,"""좋아, 센스 있네!"""
ThankCure#54,"""고마워, 개운해졌어!"""
DefeatEnemy#54,"""여긴 정리됐군!<br>앞으로 나아가자!"""
LevelUp#54,"""또 레벨이 오른 모양이군!"""
InvokeSkill1#51,"""/toge 여기서 끝내 주마!"""
InvokeSkill2#49,"""해치워 주마!"""
InvokeSkill3#49,"""/toge 전력으로 간다!"""
PBFull#54,"""진심으로 간다!"""
PBRelease#54,"""/toge 상대로 부족함이 없어!"""
Avoid#54,"""흥!"""
HealSelf#54,"""회복도 필요하지!"""
BuffSelf#54,"""준비도 잊으면 안 되지!"""
HealOther#54,"""무리하지 말라니까!"""
BuffOther#54,"""이걸로 완벽해!"""
QuestStart1#54,"""자, 해치우자!"""
QuestEnd1#54,"""/toge 즐거웠어!<br>다음에 또 같이 가자!"""
IncidentStart#54,"""음!?\u3000뭔가 온다!"""
IncidentSuccess#54,"""최고의 결과군!"""
IncidentFailure#54,"""이런……<br>납득할 수 없는 결과야."""
PSE#54,"""오, 포톤이<br>활성화되기 시작했군!"""
PSELevelUp#54,"""이대로 계속 날뛰라는 거야!<br>계속한다!"""
PSEBurst#54,"""/toge 굉장하군, 이거!<br>우오오오!\u3000뜨거워지는데!"""
HP30#54,"""제법이잖아……!"""
HP10#54,"""젠장……!\u3000아직 멀었어!"""
ItemRare#54,"""/toge 그거 좋은 물건이야!<br>소중히 간직해!"""
DamageSmall#54,"""큭!"""
DamageMiddle#54,"""우왓!"""
DamageLarge#54,"""제법 하는군!"""
Trap#54,"""성가신 것을……!"""
ThankTrapRescue#54,"""미안, 폐를 끼쳤어!"""
TrapRescueOther#54,"""괜찮아!?"""
MemberDamaged#54,"""무리하지 마!<br>뒤로 물러나 있어!"""
MemberDead#54,"""/toge 날 화나게 했군!"""
AbilityExe#54,"""/toge 불타오르는데!"""
AbilitySpecial#53,"""/toge 좋아!\u3000나한테 맡겨!"""
Resurrect#54,"""/toge 난 아직 더 할 수 있어!"""
PartyJoin#54,"""/toge /ci2 1 잘 부탁한다!"""
Marvelous#54,"""역시 대단하군!"""
IncidentJsApcBegin#50,"""/toge /ci2 1 잠깐 도와줄래!<br>부탁해!"""
IncidentJsApcFailure#50,"""쳇……실수했어……!"""
IncidentJsApcSuccess#50,"""/toge /ci2 2 네 덕분에 살았어!<br>고맙다!"""
IncidentJsApcBeginEvo#50,"""/toge /ci2 1 아직 뭔가 더 일어나는 건가!<br>좋아, 즐겨 보자!"""
EnemyWeak#55,"""단숨에 쓸어 버린다"""
EnemyLarge#55,"""제법 크군"""
EnemyBoss#55,"""강적 등장, 이란 건가"""
EnemyRare#55,"""흐음, 희귀한 에너미군"""
EnemyBoost#55,"""조심해라.<br>지금까지와는 다르다"""
DestroyEnemy1#55,"""다음."""
DestroyEnemy2#55,"""끝났네."""
DestroyEnemy3#52,"""처치했다"""
CondFreeze#55,"""칫, 동결인가…!"""
CondBurn#55,"""큭, 연소 상태인가……!"""
CondShock#55,"""몸이 저려 와……!"""
CondPoison#55,"""독이 퍼지고 있나……!"""
CondPanic#55,"""으음……생각이 정리되지 않는군……"""
CondStan#55,"""몸이 움직이지 않는군……!"""
CondMirage#55,"""시각 방해인가……!"""
Die#55,"""미숙한 건 나 자신인가……"""
ThankHeal#55,"""미안하군"""
ThankBuff#55,"""살았다"""
ThankCure#55,"""좋아, 이걸로 괜찮다"""
DefeatEnemy#55,"""자, 다음으로 나아가자"""
LevelUp#55,"""축하한다!"""
InvokeSkill1#52,"""날아가라!"""
InvokeSkill2#50,"""마지막 일격이다!"""
InvokeSkill3#50,"""방해하지 마라!"""
TechFire#20,"""불꽃이여!"""
TechIce#19,"""얼음이여!"""
TechThunder#21,"""번개여!"""
TechWind#18,"""바람이여!"""
TechLight#21,"""빛이여!"""
TechDark#19,"""어둠이여!"""
PBFull#55,"""지금부터는 봐주지 않는다!"""
PBRelease#55,"""나와라, 포톤 블래스트!"""
Avoid#55,"""흥!"""
HealSelf#55,"""어림없군"""
BuffSelf#55,"""만전의 태세를 갖춘다"""
HealOther#55,"""방심하지 마라"""
BuffOther#55,"""잠깐, 보조도 필요하다"""
QuestStart1#55,"""파티……오랜만이군"""
QuestEnd1#55,"""훌륭한 결과군"""
IncidentStart#55,"""이 기척……뭔가 온다!"""
IncidentSuccess#55,"""잘된 모양이군"""
IncidentFailure#55,"""미안하다, 내가 미숙했다……"""
PSE#55,"""이 포톤의 활성화……<br>PSE라는 건가!"""
PSELevelUp#55,"""계속 이어 간다!"""
PSEBurst#55,"""이게 PSE 버스트로군……!"""
HP30#55,"""이대로는…"""
HP10#55,"""아직 쓰러질 수는……!"""
ItemRare#55,"""그건 좋은 물건이다."""
DamageSmall#55,"""칫"""
DamageMiddle#55,"""크악!"""
DamageLarge#55,"""이런!"""
Trap#55,"""뭐!\u3000함정이라고!"""
ThankTrapRescue#55,"""살았다!"""
TrapRescueOther#55,"""함정을 조심해라!"""
MemberDamaged#55,"""무리하지 마라!"""
MemberDead#55,"""……너무 우쭐대지 마라!"""
AbilityExe#55,"""지금이라면 적수가 없다!"""
AbilitySpecial#54,"""이 기세를 유지하고 싶군"""
Resurrect#55,"""내가 뿌린 씨는 내가 거둔다!"""
PartyJoin#55,"""/ci2 1 나와 한 팀이 되어 주는 건가"""
Marvelous#55,"""훌륭하다!"""
IncidentJsApcBegin#51,"""/ci2 1 음, 마침 잘 왔다!<br>적이 너무 많아서 말이지<br>도와주면 고맙겠다!"""
IncidentJsApcFailure#51,"""미숙함을 핑계 삼고 싶진 않지만……<br>미안하다, 먼저 물러나겠다"""
IncidentJsApcSuccess#51,"""/ci2 1 좋아, 어떻게든 해결했군.<br>갑작스러운 부탁을 들어줘서<br>고맙다. 감사한다."""
IncidentJsApcBeginEvo#51,"""/ci2 2 이 자리는 넘겼나……?<br>아니, 아직 뭔가 오는 모양이다.<br>조심해라!"""
EnemyWeak#56,"""약한 녀석은 비켜!"""
EnemyLarge#56,"""덩치만 큰 녀석 따위!"""
EnemyBoss#56,"""헉, 꽤 강해 보이는 녀석……!"""
EnemyRare#56,"""앗, 저거 희귀한 녀석이야!"""
EnemyBoost#56,"""……이 기척, 뭔가 무서워"""
DestroyEnemy1#56,"""한 건 처리했고!"""
DestroyEnemy2#56,"""이걸로 끝!"""
DestroyEnemy3#53,"""방해하니까!"""
CondFreeze#56,"""차가워……!\u3000도, 동결!?"""
CondBurn#56,"""뜨거워!\u3000잠깐, 뭐 하는 거야!"""
CondShock#56,"""모, 몸이 저려서 안 움직여!?"""
CondPoison#56,"""으으……기분 나빠……<br>이거, 독……?"""
CondPanic#56,"""뭐, 뭐가 뭔지 모르겠어!"""
CondStan#56,"""모, 몸이 안 움직여……!"""
CondMirage#56,"""눈이 흐려져서……뭔가 이상해……"""
Die#56,"""마, 말도 안 돼……이런 곳에서……?"""
ThankHeal#56,"""아……고마워……"""
ThankBuff#56,"""……살았을지도"""
ThankCure#56,"""그……고맙다는 말은 해 둘게"""
DefeatEnemy#56,"""얼른 다음으로 가자!"""
LevelUp#56,"""벼, 별로 부럽진 않거든……!"""
InvokeSkill1#53,"""놓치지 않을 거야!"""
InvokeSkill2#51,"""아, 정말 짜증 나!"""
InvokeSkill3#51,"""우쭐대지 마!"""
PBFull#56,"""적당히 좀 해!"""
PBRelease#56,"""전부 한꺼번에 상대해 줄게!"""
Avoid#56,"""흥!"""
HealSelf#56,"""위험했어……"""
BuffSelf#56,"""준비는 제대로"""
HealOther#56,"""조심하라고!"""
BuffOther#56,"""방심하면 안 돼!"""
QuestStart1#56,"""얼른 끝내자"""
QuestEnd1#56,"""제법 깔끔하게 해내잖아"""
IncidentStart#56,"""뭔가 올 것 같아……조심해!"""
IncidentSuccess#56,"""뭐, 그럭저럭이네!<br>이 정도는 당연하지!"""
IncidentFailure#56,"""하아……난 정말 형편없네……"""
PSE#56,"""뭐야 이거……?<br>포톤이 반응하는 거야?"""
PSELevelUp#56,"""좀 더 계속하자!"""
PSEBurst#56,"""대단해……예뻐……!"""
HP30#56,"""이, 이 정도쯤이야!"""
HP10#56,"""뭐, 어떻게 된 거야!"""
ItemRare#56,"""앗, 그거……희귀한 거……<br>소, 소중히 다루라고!?"""
DamageSmall#56,"""아얏!"""
DamageMiddle#56,"""꺄아악!"""
DamageLarge#56,"""이대로는……!"""
Trap#56,"""잠깐, 왜 함정이야!"""
ThankTrapRescue#56,"""……수고를 끼쳐서 미안해"""
TrapRescueOther#56,"""잠깐, 조심하라고!"""
MemberDamaged#56,"""물러나 있어!"""
MemberDead#56,"""……절대 용서 안 해!"""
AbilityExe#56,"""이 기세라면……할 수 있어!"""
AbilitySpecial#55,"""이렇게 되면 이쪽이 유리해!"""
Resurrect#56,"""아, 정말 화났어!<br>되갚아 주겠어!"""
PartyJoin#56,"""/ci2 1 /moya ……잘 부탁해"""
Marvelous#56,"""제, 제법이잖아!"""
IncidentJsApcBegin#52,"""/toge /ci2 1 앗, 마침 잘 왔어!<br>수가 많아서 손 하나라도 더 필요해!<br>좀 도와줘!"""
IncidentJsApcFailure#52,"""조금 더 버틸 수 있을 줄 알았는데……<br>……미안해, 물러날게!"""
IncidentJsApcSuccess#52,"""/ci2 1 뭐, 제법 연계한 거 아니야?<br>그……고마워."""
IncidentJsApcBeginEvo#52,"""/ci1 2 ……헉, 아직 뭔가 나올 것 같아.<br>대체 뭐냐고, 정말!"""
EnemyWeak#57,"""쳇, 잡졸뿐이냐!"""
EnemyLarge#57,"""핫, 덩치만 큰 모양이군!"""
EnemyBoss#57,"""조금은 손맛이 있을 녀석이<br>나왔잖아!"""
EnemyRare#57,"""응?<br>저건 희귀한 녀석인가?"""
EnemyBoost#57,"""쳇, 성가신 느낌의<br>녀석이 나왔군……!"""
DestroyEnemy1#57,"""잡졸이!"""
DestroyEnemy2#57,"""방해돼!"""
DestroyEnemy3#54,"""짜증 나게 하지 마!"""
CondFreeze#57,"""동결이라고……장난하냐!"""
CondBurn#57,"""연소라고……장난하냐!"""
CondShock#57,"""감전이라고……장난하냐!"""
CondPoison#57,"""독이라고……장난하냐!"""
CondPanic#57,"""젠장!\u3000머리가 어질어질해!"""
CondStan#57,"""움직일 수 없다니……장난하냐!"""
CondMirage#57,"""젠장!\u3000조준이 흔들리잖아!"""
Die#57,"""어떻게 된 거야, 이건……!"""
ThankHeal#57,"""……고맙긴 하다"""
ThankBuff#57,"""센스 있잖아"""
ThankCure#57,"""……나쁘진 않군"""
DefeatEnemy#57,"""자, 얼른 다음으로 간다!"""
LevelUp#57,"""기껏해야 힘내 봐라"""
TechFire#21,"""사라져라, 잡졸!"""
TechIce#20,"""사라져라, 잡졸!"""
TechThunder#22,"""사라져라, 잡졸!"""
TechWind#19,"""사라져라, 잡졸!"""
TechLight#22,"""사라져라, 잡졸!"""
TechDark#20,"""사라져라, 잡졸!"""
PBFull#57,"""이 몸이 전부 해치워 주마!"""
PBRelease#57,"""이 몸에게 거역하는 놈은……박살 낸다!"""
Avoid#57,"""흥!"""
HealSelf#57,"""안됐구나!"""
BuffSelf#57,"""진심으로 박살 내 주마!"""
HealOther#57,"""물러나 있어, 굼벵이!"""
BuffOther#57,"""무리하지 말라고!"""
QuestStart1#57,"""얼른 끝낸다!"""
QuestEnd1#57,"""당연하잖아, 이 정도는"""
IncidentStart#57,"""뭐야, 뭐가 오는 거냐!"""
IncidentSuccess#57,"""헷, 이 정도냐!<br>시시하군!"""
IncidentFailure#57,"""뭐야 이건……<br>더럽게 재미없군!"""
PSE#57,"""오, 이게 PSE란 건가?"""
PSELevelUp#57,"""자, 자, 더 계속 간다!"""
PSEBurst#57,"""헷, 하면 되잖아!"""
HP30#57,"""우쭐대지 마라……!"""
HP10#57,"""이 몸이 몰리고 있다고……?<br>……장난하지 마!"""
ItemRare#57,"""아, 어이!<br>그거 희귀한 거잖아!"""
DamageSmall#57,"""쳇!"""
DamageMiddle#57,"""뭐라고……!"""
DamageLarge#57,"""젠장!"""
Trap#57,"""함정이라고!"""
ThankTrapRescue#57,"""……정말, 장난질이군"""
TrapRescueOther#57,"""시시한 것에<br>걸려들지 말라고!"""
MemberDamaged#57,"""나서지 마라!"""
MemberDead#57,"""그러니까 말했잖아!<br>……젠장!"""
AbilityExe#57,"""자, 어느 놈부터 사라지고 싶냐?"""
AbilitySpecial#56,"""전부 한꺼번에 날려 버리마!"""
Resurrect#57,"""제법이잖아, 벌레 같은 놈이!"""
PartyJoin#57,"""/ci1 1 도와줘도 좋다"""
Marvelous#57,"""흥, 제법이군"""
IncidentJsApcBegin#53,"""/ci1 1 오, 마침 잘 왔군!<br>잡졸을 쓸어 버리는 중이니 도와라!"""
IncidentJsApcFailure#53,"""장난하지 마……이 몸이……<br>……쳇, 더는 못 어울리겠군!<br>이 몸은 먼저 돌아가겠다!"""
IncidentJsApcSuccess#53,"""/ci1 2 이 몸도 있으니까.<br>이 정도는 당연한 결과잖아?<br>그럼 간다!"""
IncidentJsApcBeginEvo#53,"""/ci1 2 이걸로 끝……이 아닌가.<br>정말, 잡졸이 우글거리는군……!"""
EnemyWeak#58,"""후……잡병이 등장했나"""
EnemyLarge#58,"""쓸모없이 거대한 몸을 지닌 자인가"""
EnemyBoss#58,"""이 기척……그 녀석인가!"""
EnemyRare#58,"""이건……!<br>희귀한 존재가 느껴진다!"""
EnemyBoost#58,"""이 얼마나 불길한 기척인가……!"""
DestroyEnemy1#58,"""우선 하나!"""
DestroyEnemy2#58,"""내 길을 막는 자에겐<br>자비를 베풀지 않는다!"""
DestroyEnemy3#55,"""이것이 영원한 이별이다"""
CondFreeze#58,"""빙폭의 결계인가……!"""
CondBurn#58,"""지옥불의 침식인가……!"""
CondShock#58,"""뇌쇄의 계율인가……!"""
CondPoison#58,"""심독의 바늘인가……!"""
CondPanic#58,"""괴란의 계단인가……!"""
CondStan#58,"""속박의 그물인가……!"""
CondMirage#58,"""몽환의 미로인가……!"""
Die#58,"""엮여 있던 힘이……<br>무너진다……"""
ThankHeal#58,"""은혜는 잊지 않겠다!"""
ThankBuff#58,"""살았다!"""
ThankCure#58,"""수고를 끼쳤군!"""
DefeatEnemy#58,"""잠시나마 평화가 엮였군……<br>다음 전장으로 향하도록 하지"""
LevelUp#58,"""……더욱 강해졌나"""
InvokeSkill1#54,"""참!"""
InvokeSkill2#52,"""이것이 종언이다"""
InvokeSkill3#52,"""멸망을 내려 주지!"""
PBFull#58,"""유희는 종언을 맞이한다……"""
PBRelease#58,"""나의 벗이여! 부름에 응하라!"""
Avoid#58,"""후……"""
HealSelf#58,"""한 수가 미치지 못했군"""
BuffSelf#58,"""세계의 가호를 받자"""
HealOther#58,"""평안을 내려 주지!"""
BuffOther#58,"""힘을 나누어 주지!"""
QuestStart1#58,"""자, 끝없는 모험으로……!"""
QuestEnd1#58,"""더 높은 곳을 노려 보자!"""
IncidentStart#58,"""세계의 왜곡이……느껴진다!"""
IncidentSuccess#58,"""왜곡은 끊어 낸 모양이군!"""
IncidentFailure#58,"""이 얼마나 꼴사나운가……!"""
PSE#58,"""포톤이……울고 있다!"""
PSELevelUp#58,"""응답한 건가……우리의 마음에!"""
PSEBurst#58,"""들리는군……세계의 환희가!"""
HP30#58,"""궁지에서야말로 힘이 솟는다!"""
HP10#58,"""큭……<br>황천의 부름이 들린다……"""
ItemRare#58,"""귀중한 유물이군"""
DamageSmall#58,"""칫"""
DamageMiddle#58,"""크윽!"""
DamageLarge#58,"""제법이군!"""
Trap#58,"""비겁한 수를!"""
ThankTrapRescue#58,"""감사를 말로 다할 수 없군!"""
TrapRescueOther#58,"""방심은 금물이다."""
MemberDamaged#58,"""무리하지 마라"""
MemberDead#58,"""……용서하지 않는다"""
AbilityExe#58,"""그 누구도 날 막을 수 없다!"""
AbilitySpecial#57,"""지금의 나를 막을 수 있다 생각 마!"""
Resurrect#58,"""……종언의 때는 아직 먼 모양이군"""
PartyJoin#58,"""/toge /ci2 1 유구한 모험을 향해 떠나자!"""
Marvelous#58,"""훌륭하다!"""
IncidentJsApcBegin#54,"""/toge /ci2 1 오, 거기 나의 동지여!<br>함께 이 싸움을 헤쳐 나가자!"""
IncidentJsApcFailure#54,"""이 얼마나 꼴사나운가……원통하군……<br>미안하다, 먼저 물러나겠다!"""
IncidentJsApcSuccess#54,"""/toge /ci2 1 살았다, 감사하지!<br>이것이야말로 협력의 묘미로군!"""
IncidentJsApcBeginEvo#54,"""/ci5 2 이걸로 끝……?<br>아니, 새로운 적의 기척인가……!"""
EnemyWeak#59,"""좋아, 한꺼번에<br>해치울까!"""
EnemyLarge#59,"""크, 크다……"""
EnemyBoss#59,"""강적 등장, 이란 건가!"""
EnemyRare#59,"""응?\u3000저건 뭐지?<br>뭔가 희귀한 게 있어."""
EnemyBoost#59,"""이 녀석……뭔가 달라!"""
DestroyEnemy1#59,"""좋아!"""
DestroyEnemy2#59,"""해냈다!"""
DestroyEnemy3#56,"""어떠냐!"""
CondFreeze#59,"""헉, 동결인가!"""
CondBurn#59,"""우왓, 연소!?"""
CondShock#59,"""저, 저려어어어……"""
CondPoison#59,"""큭……독이냐……!"""
CondPanic#59,"""머리가 빙빙 돌아……"""
CondStan#59,"""모, 몸이 안 움직여……!"""
CondMirage#59,"""뭐, 뭐야, 시야가……!"""
Die#59,"""아, 당해 버렸나……"""
ThankHeal#59,"""고마워!"""
ThankBuff#59,"""고맙다!"""
ThankCure#59,"""후우, 살았다……!"""
DefeatEnemy#59,"""이걸로 전부지!"""
LevelUp#59,"""축하한다!"""
InvokeSkill1#55,"""받아라!"""
InvokeSkill2#53,"""이건 어떠냐!"""
InvokeSkill3#53,"""이건 어때!"""
TechFire#22,"""가라!"""
TechIce#21,"""이건 어때!"""
TechThunder#23,"""이거라면!"""
TechWind#20,"""그렇게 둘까 보냐!"""
TechLight#23,"""받아라!"""
TechDark#21,"""이건 어떠냐!"""
PBFull#59,"""너무 제멋대로잖아!"""
PBRelease#59,"""오……느낌 좋잖아!"""
Avoid#59,"""흥!"""
HealSelf#59,"""위험해, 위험해!"""
BuffSelf#59,"""보조도 중요하지"""
HealOther#59,"""위험해!"""
BuffOther#59,"""서로 도와야지!"""
QuestStart1#59,"""좋아, 힘내자!"""
QuestEnd1#59,"""후우, 어떻게든 클리어했나"""
IncidentStart#59,"""뭔가 이상한 느낌이야"""
IncidentSuccess#59,"""잘돼서 다행이다"""
IncidentFailure#59,"""이런……실패인가……"""
PSE#59,"""뭐, 뭔가 포톤이 엄청나!"""
PSELevelUp#59,"""좀 더 계속해 보자!"""
PSEBurst#59,"""우와……<br>이게 PSE 버스트인가……"""
HP30#59,"""위, 위험해……"""
HP10#59,"""더는 무리야!"""
ItemRare#59,"""앗, 그거<br>희귀한 거 아니에요?"""
DamageSmall#59,"""큭"""
DamageMiddle#59,"""위험해!"""
DamageLarge#59,"""우와앗!"""
Trap#59,"""뭐, 함정!?"""
ThankTrapRescue#59,"""후우, 고마워!"""
TrapRescueOther#59,"""괘, 괜찮아!?"""
MemberDamaged#59,"""물러나 있어!"""
MemberDead#59,"""……감히 이런 짓을!"""
AbilityExe#59,"""이 기세라면 할 수 있어!"""
AbilitySpecial#58,"""지금이라면 뭐든 할 수 있어!"""
Resurrect#59,"""후우, 다음엔 당하지 말아야지!"""
PartyJoin#59,"""/ci2 1 잘 부탁드립니다!"""
Marvelous#59,"""역시 대단해!"""
IncidentJsApcBegin#55,"""/ci2 1 앗, 마침 잘 왔어!<br>적이 조금 많아서<br>도와줄 수 있을까?"""
IncidentJsApcFailure#55,"""아야……저질렀네……<br>미안, 먼저 물러날게."""
IncidentJsApcSuccess#55,"""/ci2 1 좋아, 대성공!<br>정말 감사합니다!"""
IncidentJsApcBeginEvo#55,"""/ci5 2 이걸로 끝……날 것 같은<br>분위기는 아닌 것 같아……!"""
EnemyWeak#60,"""빠르게 정리하죠."""
EnemyLarge#60,"""대형 에너미야.<br>조심해."""
EnemyBoss#60,"""상대의 움직임을 잘 봐.<br>반드시 빈틈이 있을 거야……"""
EnemyRare#60,"""희귀한 게 나왔네……"""
EnemyBoost#60,"""엄청난 위압감……<br>방심하면 위험해."""
DestroyEnemy1#60,"""이 정도네."""
DestroyEnemy2#60,"""끝이야."""
DestroyEnemy3#57,"""처치했어."""
CondFreeze#60,"""몸이 얼어붙어……!"""
CondBurn#60,"""윽……!<br>몸에 불이……!"""
CondShock#60,"""……윽!\u3000저, 저려……"""
CondPoison#60,"""독에 당한 것 같네……"""
CondPanic#60,"""방향 감각이 흐트러졌어……<br>성가시네……"""
CondStan#60,"""몸이 움직이지 않아……!?"""
CondMirage#60,"""시야를 방해받았어……"""
Die#60,"""끝……인 거야……?"""
ThankHeal#60,"""고마워."""
ThankBuff#60,"""살았어……"""
ThankCure#60,"""이거라면 만전이야."""
DefeatEnemy#60,"""이 일대의 안전은 확보된 것 같네."""
LevelUp#60,"""어머, 잘됐네."""
TechFire#23,"""모조리 태우겠어."""
TechIce#22,"""얼어붙어……"""
TechThunder#24,"""울려 퍼져라……!"""
TechWind#21,"""바람을 일으키겠어……!"""
TechLight#24,"""빛을 힘으로……"""
TechDark#22,"""어둠에……뒤덮여라."""
PBFull#60,"""힘이 차오르고 있어……"""
PBRelease#60,"""지금이라면 할 수 있어……!"""
Avoid#60,"""흥!"""
HealSelf#60,"""이걸로 괜찮아."""
BuffSelf#60,"""여기서부터 공격할게."""
HealOther#60,"""무리하지 마……"""
BuffOther#60,"""엄호할게."""
QuestStart1#60,"""침착하게 가자."""
QuestEnd1#60,"""임무 완료네."""
IncidentStart#60,"""우선 상황을 파악하자……"""
IncidentSuccess#60,"""잘된 모양이네."""
IncidentFailure#60,"""……실패네.<br>이번 반성을 다음에 살릴게……"""
PSE#60,"""PSE가 발생한 모양이네."""
PSELevelUp#60,"""PSE 수치가 높아지고 있어……"""
PSEBurst#60,"""PSE 버스트……<br>이 혜택을 잘 활용하자."""
HP30#60,"""걱정할 필요는 없어……"""
HP10#60,"""이건……힘들겠네……"""
ItemRare#60,"""희귀한 아이템이네.<br>……잘됐잖아."""
DamageSmall#60,"""크윽……!"""
DamageMiddle#60,"""윽……!"""
DamageLarge#60,"""으……윽……!"""
Trap#60,"""이런, 함정에……!"""
ThankTrapRescue#60,"""살았어……"""
TrapRescueOther#60,"""괜찮아?"""
MemberDamaged#60,"""괜찮아!?"""
MemberDead#60,"""큭……<br>어떻게 이런……!"""
AbilityExe#60,"""평소보다 몸 상태가 좋아……"""
AbilitySpecial#59,"""전력으로……간다!"""
Resurrect#60,"""아직 싸울 수 있어……!"""
PartyJoin#60,"""/ci1 잘 부탁해……"""
Marvelous#60,"""……대단하잖아."""
IncidentJsApcBegin#56,"""/ci1 1 나 혼자 감당하기엔<br>버거운 상황인데……<br>괜찮다면 도와줄래?"""
IncidentJsApcFailure#56,"""미안해……<br>난 퇴각할게……"""
IncidentJsApcSuccess#56,"""/ci1 1 고마워……<br>덕분에 헤쳐 나왔어."""
IncidentJsApcBeginEvo#56,"""/ci1 2 아직 더 나오는구나.<br>숨 돌릴 틈도 없어……"""
PartyJoin#61,"""/toge /ci2 1 저, 열심히 할게요!"""
IncidentJsApcBegin#57,"""/ci3 1 저를 위해서……<br>죄송해요!\u3000잘 부탁드립니다!"""
IncidentJsApcFailure#57,"""……더, 더는 무리예요.<br>죄송해요, 전 퇴각할게요."""
IncidentJsApcSuccess#57,"""/ci2 1 이걸로 끝!<br>저기, 정말 감사합니다!<br>덕분에 살았어요!"""
IncidentJsApcBeginEvo#57,"""/ci3 1 /toge ……조심해 주세요.<br>아주 큰 반응이<br>가까워지고 있어요!"""
AbilityExeRareU#0,"""(임시) 레어 유닛 장비 시 잠재력 발동"""
EnemyLargeRareW#0,"""(임시) 레어 무기 장비 시 대형 적 출현"""
EnemyBossRareW#0,"""(임시) 레어 무기 장비 시 보스 출현"""
EnemyRareRareW#0,"""(임시) 레어 무기 장비 시 희귀 적 출현"""
EnemyBoostRareW#0,"""(임시) 레어 무기 장비 시 강화 적 출현"""
PartyJoin#62,"""/ci1 1 잘 부탁드려요오."""
IncidentJsApcBegin#58,"""/ci1 1 죄송합니다, 마스터.<br>상황이 불리하여 협력을 요청합니다."""
IncidentJsApcFailure#58,"""……전투 지속, 불가능.<br>죄송합니다. 퇴각합니다."""
IncidentJsApcSuccess#58,"""/ci1 1 상황, 종료.<br>협력, 감사합니다."""
IncidentJsApcBeginEvo#58,"""/ci1 4 더욱 거대한 반응을 확인.<br>……옵니다."""
AbilityExeRareU#1,"""좋은 장비를 착용하니<br>평소보다 상태가 좋군요!"""
EnemyLargeRareW#1,"""마스터가 주신<br><weapon><br>이 무기라면 이길 수 있습니다!"""
EnemyBossRareW#1,"""마스터가 주신<br><weapon><br>이 무기로 결판내겠습니다!"""
EnemyRareRareW#1,"""희귀종을 발견했습니다.<br>제 무기와 어느 쪽이 더 희귀할까요?"""
EnemyBoostRareW#1,"""분위기가 다른 것 같습니다……<br><weapon><br>이 무기라면 해낼 수 있습니다!"""
PartyJoin#63,"""/ci2 1 그럼, 잘 부탁해"""
IncidentJsApcBegin#59,"""/ci2 2 미안해, 너에게 폐를<br>끼치고 싶진 않았는데……!"""
IncidentJsApcFailure#59,"""……더는 버틸 수 없어.<br>먼저 퇴각할게."""
IncidentJsApcSuccess#59,"""/ci2 1 ……어떻게든 해결했네.<br>고마워, 네 덕분이야."""
IncidentJsApcBeginEvo#59,"""/ci5 2 ……조심해.<br>아직 큰 반응이 있어."""
AbilityExeRareU#2,"""(임시) 레어 유닛 장비 시 잠재력 발동"""
EnemyLargeRareW#2,"""(임시) 레어 무기 장비 시 대형 적 출현"""
EnemyBossRareW#2,"""(임시) 레어 무기 장비 시 보스 출현"""
EnemyRareRareW#2,"""(임시) 레어 무기 장비 시 희귀 적 출현"""
EnemyBoostRareW#2,"""(임시) 레어 무기 장비 시 강화 적 출현"""
PartyJoin#64,"""/ci2 1 자, 잘 부탁드립니다!"""
IncidentJsApcBegin#60,"""/toge /ci4 1 ……앗, 당신은!<br>도, 도와주세요!<br>적에게 포위돼서……!"""
IncidentJsApcFailure#60,"""……더는 무리예요.<br>죄송해요, 먼저 퇴각할게요."""
IncidentJsApcSuccess#60,"""/ci2 1 가, 감사합니다!<br>덕분에 살았어요!<br>정말 정말 감사해요!"""
IncidentJsApcBeginEvo#60,"""/moya /ci4 4 이게 뭐지……<br>엄청 큰 반응이……!"""
AbilityExeRareU#3,"""(임시) 레어 유닛 장비 시 잠재력 발동"""
EnemyLargeRareW#3,"""(임시) 레어 무기 장비 시 대형 적 출현"""
EnemyBossRareW#3,"""(임시) 레어 무기 장비 시 보스 출현"""
EnemyRareRareW#3,"""(임시) 레어 무기 장비 시 희귀 적 출현"""
EnemyBoostRareW#3,"""(임시) 레어 무기 장비 시 강화 적 출현"""
PartyJoin#65,"""/ci1 4 그럼, 잘 부탁한다"""
IncidentJsApcBegin#61,"""/ci1 2 미안하다, 너에게<br>늘 신세만 지는군."""
IncidentJsApcFailure#61,"""……여기까지인가.<br>미안하다, 먼저 퇴각하겠다."""
IncidentJsApcSuccess#61,"""/ci2 5 제압……완료.<br>네 덕분이다. 감사한다."""
IncidentJsApcBeginEvo#61,"""/ci3 2 ……긴장 풀지 마라.<br>엄청난 녀석이 오는 모양이다."""
AbilityExeRareU#4,"""(임시) 레어 유닛 장비 시 잠재력 발동"""
EnemyLargeRareW#4,"""(임시) 레어 무기 장비 시 대형 적 출현"""
EnemyBossRareW#4,"""(임시) 레어 무기 장비 시 보스 출현"""
EnemyRareRareW#4,"""(임시) 레어 무기 장비 시 희귀 적 출현"""
EnemyBoostRareW#4,"""(임시) 레어 무기 장비 시 강화 적 출현"""
PartyJoin#66,"""/toge /ci2 1 잘 부탁해!"""
IncidentJsApcBegin#62,"""/ci2 3 /toge 오, 너 마침 잘 왔어!<br>적이 너무 많으니까<br>좀 도와줘!"""
IncidentJsApcFailure#62,"""……으윽, 젠장!<br>미안, 먼저 퇴각할게!"""
IncidentJsApcSuccess#62,"""/mn15 /ci2 1 좋아, 좋아!\u3000<br>끝났다!<br>도와줘서 고마워!"""
IncidentJsApcBeginEvo#62,"""/ci5 2 헉, 이 거대한 반응<br>아직 더 온다는 거야!"""
AbilityExeRareU#5,"""(임시) 레어 유닛 장비 시 잠재력 발동"""
EnemyLargeRareW#5,"""(임시) 레어 무기 장비 시 대형 적 출현"""
EnemyBossRareW#5,"""(임시) 레어 무기 장비 시 보스 출현"""
EnemyRareRareW#5,"""(임시) 레어 무기 장비 시 희귀 적 출현"""
EnemyBoostRareW#5,"""(임시) 레어 무기 장비 시 강화 적 출현"""
PartyJoin#67,"""/ci2 3 그럼, 잘 부탁드립니다"""
IncidentJsApcBegin#63,"""/ci4 1 죄송합니다……<br>당신에게 의지하기만 해서……"""
IncidentJsApcFailure#63,"""……더는 버틸 수 없습니다.<br>죄송합니다. 이만<br>퇴각하겠습니다."""
IncidentJsApcSuccess#63,"""/ci2 1 후우……무사히 끝났군요.<br>당신 덕분입니다<br>감사합니다."""
IncidentJsApcBeginEvo#63,"""/ci5 3 ……아직 끝나지 않은 듯합니다.<br>거대한 반응이 다가오고 있습니다."""
AbilityExeRareU#6,"""(임시) 레어 유닛 장비 시 잠재력 발동"""
EnemyLargeRareW#6,"""(임시) 레어 무기 장비 시 대형 적 출현"""
EnemyBossRareW#6,"""(임시) 레어 무기 장비 시 보스 출현"""
EnemyRareRareW#6,"""(임시) 레어 무기 장비 시 희귀 적 출현"""
EnemyBoostRareW#6,"""(임시) 레어 무기 장비 시 강화 적 출현"""
PartyJoin#68,"""/mn16 /ci2 1 네, 잘 부탁해!"""
IncidentJsApcBegin#64,"""/mn17 /ci2 1 와 줬구나!<br>고마워, 이젠 어떻게든 되겠어!"""
IncidentJsApcFailure#64,"""……으으, 나 너무 미숙해.<br>미안, 먼저 퇴각할게."""
IncidentJsApcSuccess#64,"""/ci2 2 해냈다!\u3000어떻게든 버텼어!<br>네 덕분이야!\u3000고마워!"""
IncidentJsApcBeginEvo#64,"""/mn19 /ci2 1 어라, 어라라?<br>뭔가 큰 반응이<br>다가오고 있어!"""
AbilityExeRareU#7,"""(임시) 레어 유닛 장비 시 잠재력 발동"""
EnemyLargeRareW#7,"""(임시) 레어 무기 장비 시 대형 적 출현"""
EnemyBossRareW#7,"""(임시) 레어 무기 장비 시 보스 출현"""
EnemyRareRareW#7,"""(임시) 레어 무기 장비 시 희귀 적 출현"""
EnemyBoostRareW#7,"""(임시) 레어 무기 장비 시 강화 적 출현"""
PartyJoin#69,"""/ci1 2 ……얼른 끝내자"""
IncidentJsApcBegin#65,"""/ci4 3 ……폐를 끼쳐서<br>미안해."""
IncidentJsApcFailure#65,"""……젠장, 폐만 끼치고 있어.<br>난 물러날게……미안해!"""
IncidentJsApcSuccess#65,"""/ci2 5 ……그게, 뭐라고 해야 하나<br>미안해. 그리고 고마워."""
IncidentJsApcBeginEvo#65,"""/moya /ci5 2 ……아직이야.<br>아직 끝나지 않았어."""
AbilityExeRareU#8,"""(임시) 레어 유닛 장비 시 잠재력 발동"""
EnemyLargeRareW#8,"""(임시) 레어 무기 장비 시 대형 적 출현"""
EnemyBossRareW#8,"""(임시) 레어 무기 장비 시 보스 출현"""
EnemyRareRareW#8,"""(임시) 레어 무기 장비 시 희귀 적 출현"""
EnemyBoostRareW#8,"""(임시) 레어 무기 장비 시 강화 적 출현"""
