EnemyWeak#0,"""상대가 약해도 방심은 금물이야.<br>긴장 풀지 마!"""
EnemyLarge#0,"""쓸데없이 크게 진화했군!"""
EnemyBoss#0,"""헤, 드디어 진짜가 나왔군!"""
EnemyRare#0,"""오, 저 녀석 뭐야?<br>희귀한 녀석 아니야?"""
EnemyBoost#0,"""…평소 녀석들과는<br>분위기가 달라. 조심해."""
DestroyEnemy1#0,"""한 건 처리했고!"""
DestroyEnemy2#0,"""다음 간다!"""
DestroyEnemy3#0,"""자, 다음이다!"""
CondFreeze#0,"""추워!"""
CondBurn#0,"""뜨거, 뜨거워!"""
CondShock#0,"""젠장, 몸이 저려…"""
CondPoison#0,"""칫… 독인가…!"""
CondPanic#0,"""시야가 안 잡혀…!"""
CondStan#0,"""몸이 안 움직여… 뭐야!"""
CondMirage#0,"""눈이 흐려지는군…"""
Die#0,"""이럴 수가…"""
ThankHeal#0,"""살았다!"""
ThankBuff#0,"""오, 고마워!"""
ThankCure#0,"""이제야…<br>마음 놓고 싸울 수 있겠군."""
DefeatEnemy#0,"""이걸로 일단락인가?"""
LevelUp#0,"""넌 아직 더 성장할 거야."""
InvokeSkill1#0,"""이걸로 끝이다!"""
InvokeSkill2#0,"""노린 대로 움직이는군!"""
InvokeSkill3#0,"""뻔히 보인다고!"""
PBFull#0,"""슬슬 내가 나설 차례인가?"""
PBRelease#0,"""비장의 수, 간다!"""
TacticsFree#0,"""내 방식대로 해 보지!"""
TacticsGuard#0,"""방어를 굳히고 다시 가자."""
TacticsMassedAttack#0,"""한곳에 집중한다!"""
TacticsAttack#0,"""자, 이쪽으로 와라!"""
Avoid#0,"""이얏!"""
HealSelf#0,"""위험했군."""
BuffSelf#0,"""방심하지 말고 간다."""
HealOther#0,"""위험할 뻔했군."""
BuffOther#0,"""너무 방심하지 마."""
QuestStart1#0,"""시작해 볼까!"""
QuestStart2#0,"""좋아, 가자.<br><%me>!"""
QuestEnd1#0,"""이걸로 끝!"""
QuestEnd2#0,"""끝났군!<br>너도 수고했어!"""
IncidentStart#0,"""예상 밖의 상황인가.<br>뭐, 전장에선 흔한 일이지!"""
IncidentSuccess#0,"""좋았어!"""
IncidentFailure#0,"""아차…"""
PSE#0,"""시작됐나!"""
PSELevelUp#0,"""계속 몰아붙이자!"""
PSEBurst#0,"""좋아!<br>이쪽도 기세를 올려 볼까!"""
HP30#0,"""이런, 제법 맞았나?"""
HP10#0,"""역시 전위는 힘들군…"""
ItemRare#0,"""오, 좋은 걸 주웠군!"""
DamageSmall#0,"""윽"""
DamageMiddle#0,"""칫"""
DamageLarge#0,"""크악"""
Trap#0,"""이런 곳에 함정이라고!?"""
ThankTrapRescue#0,"""후, 살았다."""
TrapRescueOther#0,"""어이, 괜찮아?"""
MemberDamaged#0,"""괜찮아!?"""
MemberDead#0,"""…감히 해치웠겠다!<br>내 눈앞에서!!"""
AbilityExe#0,"""/toge 이제 감이 잡히는군!"""
AbilitySpecial#0,"""/toge 맡겨 둬!"""
Resurrect#0,"""…너무 우쭐대지 마."""
PartyJoin#0,"""/ci1 1 그럼, 잘 부탁한다."""
Marvelous#0,"""좋은 움직임이야!"""
IncidentJsApcBegin#0,"""/ci2 2 어이, 고전 중인 모양이군!<br>잠깐 도와주러 왔다!"""
IncidentJsApcFailure#0,"""이런, 이 정도로 당하면<br>좀 버티기 힘들겠군…<br>미안하지만 난 귀환하겠다."""
IncidentJsApcSuccess#0,"""/ci2 1 좋아, 이걸로 끝이다!<br>괜한 참견이었을지도 모르지만<br>끝이 좋으면 다 좋은 법이지."""
IncidentJsApcBeginEvo#0,"""/ci1 2 …이런, 아직 긴장 풀지 마.<br>적들은 아무래도 아직<br>싸울 생각이 가득한 모양이야!"""
EnemyWeak#1,"""이 정도 상대라면 나도…!"""
EnemyLarge#1,"""어, 어쩌다 그렇게 커진 거야!"""
EnemyBoss#1,"""도망치면 안 되겠지?"""
EnemyRare#1,"""아, 저거 희귀한 녀석 아니야?"""
EnemyBoost#1,"""…뭐, 뭔가 엄청난 박력이야."""
DestroyEnemy1#1,"""해냈다!"""
DestroyEnemy2#1,"""쓰러뜨렸어!\u3000…맞지?"""
DestroyEnemy3#1,"""나도<br>할 수 있거든!"""
CondFreeze#1,"""차가워!"""
CondBurn#1,"""뜨겁다니까!"""
CondShock#1,"""가, 감전됐어!?"""
CondPoison#1,"""윽… 이거, 독…?"""
CondPanic#1,"""뭔가 어질어질해…"""
CondStan#1,"""우, 움직여, 내 몸아!"""
CondMirage#1,"""어, 어? 적은 어디에?"""
Die#1,"""아직… 나는…"""
ThankHeal#1,"""고마워!"""
ThankBuff#1,"""보조 고마워!"""
ThankCure#1,"""후, 이제야 개운해졌어."""
DefeatEnemy#1,"""어떻게든 버텼어… 맞지?"""
LevelUp#1,"""앗, 좋겠다!"""
InvokeSkill1#1,"""이건 자신 없는데!"""
TechIce#0,"""발만이라도 묶어 둘게!"""
TechThunder#0,"""아무것도 못 할 줄 알았다면 착각이야!"""
PBFull#1,"""이제 적당히 좀 해!"""
PBRelease#1,"""날 화나게 했겠다!"""
TacticsFree#1,"""그럼 난 자유롭게 할게!"""
TacticsGuard#1,"""몸부터 지켜! 기회를 기다리는 거야!"""
TacticsMassedAttack#1,"""다 같이 하면 반드시 해낼 수 있어!"""
TacticsAttack#1,"""시, 시선을 끌라고? 어쩔 수 없네…"""
Avoid#1,"""어디를 노리는 거야?"""
HealSelf#1,"""아직 죽고 싶지 않으니까!"""
BuffSelf#1,"""보조 없이는 위험하니까."""
HealOther#1,"""괜찮아?\u3000회복시켜 줄게."""
BuffOther#1,"""부스트 완료!<br>이것만큼은 자신 있거든."""
QuestStart1#1,"""간다!"""
QuestStart2#1,"""같이 힘내자, <%me>"""
QuestEnd1#1,"""끝난… 건가?"""
QuestEnd2#1,"""나도, <%me> 역시 무사해. 응, 다행이다!"""
IncidentStart#1,"""무, 무슨 일이 일어나는 거야?"""
IncidentSuccess#1,"""해냈다!"""
IncidentFailure#1,"""뭐야아…"""
PSE#1,"""슬슬 왔나?"""
PSELevelUp#1,"""계속 이어 가자!"""
PSEBurst#1,"""해냈다, 대성공! 이 기세로 힘내자!"""
HP30#1,"""아프다니까!"""
HP10#1,"""으으… 이건 위험해…"""
ItemRare#1,"""앗, 그거 좋겠다!"""
DamageSmall#1,"""꺅"""
DamageMiddle#1,"""으윽"""
DamageLarge#1,"""꺄악!"""
Trap#1,"""하, 함정!?"""
ThankTrapRescue#1,"""고, 고마워…"""
TrapRescueOther#1,"""괜찮아?"""
MemberDamaged#1,"""조심해!"""
MemberDead#1,"""…용, 용서 못 해!"""
AbilityExe#1,"""/toge 좋아, 감이 잡히기 시작했어!"""
AbilitySpecial#1,"""/toge 맡겨 줘!"""
Resurrect#1,"""아, 아직 더 할 수 있거든!"""
PartyJoin#1,"""/ci1 1 나한테 맡겨!"""
Marvelous#1,"""…굉장하다."""
IncidentJsApcBegin#1,"""/ci2 1 아, 마침 잘 왔어!<br>수가 너무 많아서 힘든데<br>좀 도와주지 않을래?"""
IncidentJsApcFailure#1,"""으으... 더는 무리야...<br>미안하지만 난 먼저<br>후퇴할게..."""
IncidentJsApcSuccess#1,"""/ci2 3 휴, 어떻게든 끝났네...<br>정말 고마워, 덕분에 살았어.<br>그럼 또 보자!"""
IncidentJsApcBeginEvo#1,"""/ci3 1 우왓... 위험해 보이는<br>반응이 아주 가까이에 있어...<br>조심하자!"""
EnemyWeak#2,"""오, 이 녀석은 약해 보이네."""
EnemyLarge#2,"""우와, 엄청 크네…"""
EnemyBoss#2,"""야, 잠깐만.<br>이런 게 있단 말은 못 들었어!"""
EnemyRare#2,"""음, 뭐야 저건?<br>별로 못 보던 녀석 아니야?"""
EnemyBoost#2,"""…뭔가 위험한 분위기야!"""
DestroyEnemy1#2,"""좋았어!"""
DestroyEnemy2#2,"""해냈어!"""
DestroyEnemy3#2,"""제대로 들어갔다!"""
CondFreeze#2,"""추추추추, 추워!"""
CondBurn#2,"""뜨거, 뜨거워!"""
CondShock#2,"""저, 저저저저려!"""
CondPoison#2,"""으으… 독…?<br>속이 안 좋아…"""
CondPanic#2,"""세, 세상이 빙빙 돌아아아"""
CondStan#2,"""몸이 안 움직여…<br>이게 뭐야!"""
CondMirage#2,"""뭐야?<br>세상이 흐릿해졌어?"""
Die#2,"""이런 곳에서…"""
ThankHeal#2,"""후, 살았다."""
ThankBuff#2,"""좋아, 힘내 보자!"""
ThankCure#2,"""이제 개운하네.<br>고마워."""
DefeatEnemy#2,"""후, 어떻게든 해냈나?"""
LevelUp#2,"""먼저 해 버렸네!"""
InvokeSkill1#2,"""움직이지 마!"""
InvokeSkill2#1,"""나도 한다고!"""
InvokeSkill3#1,"""보였다, 거기다!"""
TechThunder#1,"""견제 정도는 되겠지!"""
PBFull#2,"""이제 적당히 좀 하라고!"""
PBRelease#2,"""비장의 수 발동!"""
TacticsFree#2,"""자유롭게 해도 되는 거지!"""
TacticsGuard#2,"""도망치는 건 자신 있어!"""
TacticsMassedAttack#2,"""집중 포화다!"""
TacticsAttack#2,"""내, 내가 시선을 끌게!<br>…빨리 도와주는 거지?"""
Avoid#2,"""우왓!"""
HealSelf#2,"""죽는 줄 알았네."""
BuffSelf#2,"""준비는 확실히 해야지!"""
HealOther#2,"""야, 괜찮아?"""
BuffOther#2,"""보조하는 거 잊지 마!"""
QuestStart1#2,"""좋아, 가자!"""
QuestStart2#2,"""같이 힘내자, 파트너!"""
QuestEnd1#2,"""끝났다!"""
QuestEnd2#2,"""해냈다, 파트너!<br>완벽했지!"""
IncidentStart#2,"""뭐, 뭐야?"""
IncidentSuccess#2,"""좋았어!"""
IncidentFailure#2,"""이런…"""
PSE#2,"""좋아, 시작됐다!"""
PSELevelUp#2,"""계속 이어 가자!"""
PSEBurst#2,"""왔다, 왔다, 왔어!"""
HP30#2,"""잠깐, 진정하라고!<br>진짜 아프다니까!"""
HP10#2,"""이제 도망치고 싶어…"""
ItemRare#2,"""나도 갖고 싶네."""
DamageSmall#2,"""윽"""
DamageMiddle#2,"""큭"""
DamageLarge#2,"""으악!"""
Trap#2,"""함정이잖아!?"""
ThankTrapRescue#2,"""고, 고마워."""
TrapRescueOther#2,"""위험할 뻔했네!"""
MemberDamaged#2,"""무리하지 마!"""
MemberDead#2,"""…어떻게 된 거야?<br>젠장!"""
AbilityExe#2,"""/toge 헤헤, 감이 좋아지기 시작했어!"""
AbilitySpecial#2,"""/toge 맡겨 두라니까!"""
Resurrect#2,"""포기할 수 있겠냐!"""
PartyJoin#2,"""/ci1 1 잘 부탁해, 파트너."""
Marvelous#2,"""제법인데!"""
IncidentJsApcBegin#2,"""/toge /ci2 2 앗, 파트너!\u3000잘 왔어!<br>적이 엄청나게 많아!<br>잠깐만 도와줘!"""
IncidentJsApcFailure#2,"""이, 이 이상은 힘들어...<br>미안, 파트너. 난 후퇴할게."""
IncidentJsApcSuccess#2,"""/ci2 1 후, 어떻게든 끝났네.<br>고마워, 파트너. 네 덕분에<br>어떻게든 해냈어."""
IncidentJsApcBeginEvo#2,"""/toge /ci3 2 뭐, 뭐야!<br>엄청 거대한 적성 반응이야!?<br>파트너, 조심해!"""
IncidentJsMultiApcBegin#0,"""/ci2 1 /mn9 오, 푸리에 씨, 저기 봐!<br>파트너가 와 줬어!<br>헤헤, 타이밍 딱 좋네!"""
IncidentJsMultiApcSuccess#0,"""/ci2 1 /mn15 좋아, 좋아!<br>어떻게든 해냈다!<br>고마워, 파트너. 살았어."""
EnemyWeak#3,"""잡몹이네요오."""
EnemyLarge#3,"""목이 아프네요오."""
EnemyBoss#3,"""이걸 쓰러뜨리면 되는 거군요오."""
EnemyRare#3,"""이런 곳에 있다니, 희귀하네요오."""
EnemyBoost#3,"""…이 분위기는…"""
DestroyEnemy1#3,"""끝이에요."""
DestroyEnemy2#3,"""죽어 주세요."""
DestroyEnemy3#3,"""사라져 주세요."""
CondFreeze#3,"""서늘하네요…"""
CondBurn#3,"""뜨끈뜨끈하네요…"""
CondShock#3,"""찌릿찌릿하네요…"""
CondPoison#3,"""독이 퍼지네요…"""
CondPanic#3,"""빙글빙글 도네요…"""
CondStan#3,"""움직임이…"""
CondMirage#3,"""둥실둥실하네요…"""
Die#3,"""…당연한 결말이에요."""
ThankHeal#3,"""감사합니다."""
ThankBuff#3,"""지원, 감사합니다."""
ThankCure#3,"""번거롭게 해 드리네요."""
DefeatEnemy#3,"""대충 다 정리됐네요오."""
LevelUp#3,"""강함은 귀중하답니다."""
InvokeSkill1#3,"""잘하는 건 아니지만요오."""
InvokeSkill2#2,"""할 수 있는 만큼 해 보죠오."""
TechFire#0,"""이쪽이 본업이에요오."""
TechIce#1,"""움직임을 멈춰 볼까요오."""
TechThunder#2,"""놓치지 않을 거예요오."""
TechWind#0,"""죽어 주세요."""
TechLight#0,"""어떠신가요오?"""
TechDark#0,"""사라져 주세요."""
PBFull#3,"""화가 난 건 오랜만이에요오."""
PBRelease#3,"""전부 없어지면 좋을 텐데요오."""
TacticsFree#3,"""그럼 자유롭게 할게요오."""
TacticsGuard#3,"""오직 방어만 하는 건 서툴지만…"""
TacticsMassedAttack#3,"""한곳만 집중해서 노려 볼까요오."""
TacticsAttack#3,"""리사가 노려 줄 가치가<br>있다고는 생각되지 않지만요오…"""
Avoid#3,"""소용없어요오."""
HealSelf#3,"""아까웠네요오."""
BuffSelf#3,"""전투 준비는 빈틈없이."""
HealOther#3,"""괜찮으신가요?"""
BuffOther#3,"""방심하지 마세요."""
QuestStart1#3,"""가도록 하죠오."""
QuestStart2#3,"""<%me> 님<br>잘 부탁드릴게요오."""
QuestEnd1#3,"""상황 종료네요오."""
QuestEnd2#3,"""역시 대단하시네요오."""
IncidentStart#3,"""돌발 상황인가요오.<br>흔한 일이네요오."""
IncidentSuccess#3,"""무사히 끝났네요오."""
IncidentFailure#3,"""죄송합니다."""
PSE#3,"""포톤이 여기되고 있네요오."""
PSELevelUp#3,"""포톤이 더욱 활성화됐나요오."""
PSEBurst#3,"""이건…<br>굉장한 효과네요오."""
HP30#3,"""별로 아프지 않아요오."""
HP10#3,"""…리사는 아직 살아 있어요오."""
ItemRare#3,"""축하드려요오."""
DamageSmall#3,"""큿"""
DamageMiddle#3,"""으윽"""
DamageLarge#3,"""아얏"""
Trap#3,"""함정이라니 고풍스럽네요오…"""
ThankTrapRescue#3,"""감사드려요오."""
TrapRescueOther#3,"""무사하신가요?"""
MemberDamaged#3,"""살아 계신가요?"""
MemberDead#3,"""…절대로 용서 못 해요오."""
AbilityExe#3,"""/toge 몸이 가볍네요오."""
AbilitySpecial#3,"""/toge 맡겨 주세요오."""
Resurrect#3,"""…죽기엔 아직 이른가 봐요오."""
PartyJoin#3,"""/ci1 1 잘 부탁드려요오."""
Marvelous#3,"""훌륭해요오."""
IncidentJsApcBegin#3,"""/ci1 3 <%me> 님.<br>번거로우시겠지만<br>협력해 주시겠어요오?"""
IncidentJsApcFailure#3,"""…죄송해요오.<br>먼저 물러나겠습니다."""
IncidentJsApcSuccess#3,"""/ci1 5 협력에 감사드려요오.<br>정말 고맙습니다."""
IncidentJsApcBeginEvo#3,"""/ci1 3 …아무래도, 새로운 적 같네요오."""
EnemyWeak#4,"""이 정도면 저 혼자서도<br>여유로울지도 몰라요!"""
EnemyLarge#4,"""정말 크네요!"""
EnemyBoss#4,"""저, 정말 강해 보이네요.<br>정신 바짝 차려야겠어요."""
EnemyRare#4,"""아, 저기 보세요.<br>희귀한 종이 있어요!"""
EnemyBoost#4,"""…불길한 박력이 느껴지네요."""
DestroyEnemy1#4,"""해냈어요!"""
DestroyEnemy2#4,"""잘 해냈어요!"""
DestroyEnemy3#4,"""다음으로 가요!"""
CondFreeze#4,"""추운 건 싫어요오."""
CondBurn#4,"""회로가 타 버려요!"""
CondShock#4,"""쇼, 쇼트 나 버려어어어!"""
CondPoison#4,"""생체 부분에 간섭…<br>이게 독인가요?"""
CondPanic#4,"""시, 시야가 빙빙 돌아요…!"""
CondStan#4,"""몸이 안 움직여요!"""
CondMirage#4,"""시각 영역에 장애가?"""
Die#4,"""이럴 리가…"""
ThankHeal#4,"""고마워요!"""
ThankBuff#4,"""정말 감사해요!"""
ThankCure#4,"""번거롭게 해 드렸네요!"""
DefeatEnemy#4,"""끝난 모양이네요."""
LevelUp#4,"""축하드려요!"""
InvokeSkill1#4,"""노릴게요!"""
InvokeSkill2#3,"""쏴 버릴게요!"""
InvokeSkill3#2,"""강하게 한 방 먹일게요!"""
PBFull#4,"""슬슬 큰 걸<br>날리고 싶어졌어요!"""
PBRelease#4,"""좋아, 갑니다!"""
TacticsFree#4,"""제 판단대로 힘낼게요!"""
TacticsGuard#4,"""방어를 중심으로 힘낼게요!"""
TacticsMassedAttack#4,"""다 같이 단번에 공격해요!"""
TacticsAttack#4,"""여기요, 저를 노리세요!<br>저를 노려 주세요!"""
Avoid#4,"""어어엇!"""
HealSelf#4,"""힘이 백 배예요!"""
BuffSelf#4,"""준비는 확실히 해야죠!"""
HealOther#4,"""괜찮으세요?<br>상처는 다 나았나요?"""
BuffOther#4,"""방심하지 말고 가요!"""
QuestStart1#4,"""가요!"""
QuestStart2#4,"""잘 부탁드려요.<br><%me> 님!"""
QuestEnd1#4,"""순조롭네요, 순조로워요!"""
QuestEnd2#4,"""저… 감동했어요!"""
IncidentStart#4,"""무, 무슨 일이 일어나는 거죠!?"""
IncidentSuccess#4,"""해냈어요!<br>어떻게든 해냈어요!"""
IncidentFailure#4,"""실패했네요…"""
PSE#4,"""시작됐어요!"""
PSELevelUp#4,"""계속 더 이어 가고 싶어요!"""
PSEBurst#4,"""해냈어요!<br>이거 정말 굉장해요!"""
HP30#4,"""아직 더 할 수 있어요!"""
HP10#4,"""…역시 이 이상은…"""
ItemRare#4,"""아, 좋은 물건이네요!"""
DamageSmall#4,"""앗"""
DamageMiddle#4,"""으윽"""
DamageLarge#4,"""아얏!"""
Trap#4,"""아차…<br>함정에 걸려 버렸어요…"""
ThankTrapRescue#4,"""정말 감사합니다!"""
TrapRescueOther#4,"""괜찮으세요!"""
MemberDamaged#4,"""다치셨나요!"""
MemberDead#4,"""…저, 화났어요!"""
AbilityExe#4,"""/toge 뭐든지 할 수 있을 것 같은<br>그런 기분이에요!"""
AbilitySpecial#4,"""/toge 맡겨 주세요!"""
Resurrect#4,"""아직 더 힘낼게요!"""
PartyJoin#4,"""/ci1 1 힘낼게요!"""
Marvelous#4,"""역시 대단하세요!"""
IncidentJsApcBegin#4,"""/mn6 /ci2 2 저, 죄송해요.<br>여긴 적이 너무 많아요.<br>도와주시겠어요?"""
IncidentJsApcFailure#4,"""/mn7 죄송해요... 전투 지속은<br>불가능해요. 먼저 후퇴할게요.<br>정말 죄송해요..."""
IncidentJsApcSuccess#4,"""/mn15 /ci2 1 해냈어요!\u3000해냈네요!<br>정말 감사합니다!<br>큰 도움이 됐어요!"""
IncidentJsApcBeginEvo#4,"""/mn2 /ci2 2 우와앗, 엄청난 반응이에요!<br>아주 큰 적이<br>나타날 것 같아요!"""
IncidentJsMultiApcBegin#1,"""/ci2 2 /mn15 <%me> 님!<br>아핀 씨도 함께 있으니<br>어떻게든 될 것 같아요!"""
IncidentJsMultiApcSuccess#1,"""/ci2 1 /mn6 두 분 모두, 늘<br>폐를 끼쳐서 죄송해요.<br>정말 감사합니다."""
EnemyWeak#5,"""유난히 미약한 반응이군."""
EnemyLarge#5,"""그 거대한 크기는 놀랍군."""
EnemyBoss#5,"""그렇군, 덩치에 걸맞은<br>박력이야."""
EnemyRare#5,"""오, 희귀한 종이 있군.<br>잠시 관찰해 볼까?"""
EnemyBoost#5,"""…위험해.<br>저건 광폭화됐어."""
DestroyEnemy1#5,"""이 정도인가."""
DestroyEnemy2#5,"""흠, 어떻지?"""
DestroyEnemy3#5,"""나도 제법 하지?"""
CondFreeze#5,"""동결인가… 제법 잔재주를 부리는군."""
CondBurn#5,"""뭐, 마그마에 담그는 것보단<br>낫다고 해야 하나?"""
CondShock#5,"""그렇군, 이게 감전인가."""
CondPoison#5,"""흠… 역시 독은<br>기분 나쁜 것이군."""
CondPanic#5,"""재미있는 시야군…"""
CondStan#5,"""몸이 마음대로 안 움직이나?<br>그렇군, 성가시네."""
CondMirage#5,"""시각에 간섭하는 건가…"""
Die#5,"""예상… 이상이군…"""
ThankHeal#5,"""고마워."""
ThankBuff#5,"""세심하군."""
ThankCure#5,"""기분이 상쾌해졌다고 해야 하나."""
DefeatEnemy#5,"""자, 이 정도인가."""
LevelUp#5,"""기쁜 일이군."""
InvokeSkill1#5,"""낭비는 싫어서 말이야."""
InvokeSkill2#4,"""단숨에 끝내지."""
InvokeSkill3#3,"""놓치지 않아."""
TechIce#2,"""뭐, 교양 삼아 익힌 정도야."""
TechDark#1,"""방해는 특기라서 말이야."""
PBFull#5,"""나도 격정에 휩싸일 때는 있어."""
PBRelease#5,"""자, 각오해."""
TacticsFree#5,"""자유롭게 하도록 할게."""
TacticsGuard#5,"""방어를 조금 굳혀 볼까."""
TacticsMassedAttack#5,"""집중해서 노리는 편이<br>효율이 좋겠군."""
TacticsAttack#5,"""자, 왜 그러지, 오합지졸들.<br>이쪽을 노려 봐."""
Avoid#5,"""훗"""
HealSelf#5,"""아직 연구하고 싶은 게 있어서 말이야."""
BuffSelf#5,"""부족한 실력은 변칙적인 수로<br>보완해 볼까."""
HealOther#5,"""무리하지 마."""
BuffOther#5,"""지원할게.<br>힘내도록 해."""
QuestStart1#5,"""자, 갈까."""
QuestStart2#5,"""<%me> 군.<br>이번에도 잘 부탁할게."""
QuestEnd1#5,"""잘된 모양이군."""
QuestEnd2#5,"""역시 네게 부탁하길<br>잘한 모양이야."""
IncidentStart#5,"""흠, 무슨 일이 생기겠군."""
IncidentSuccess#5,"""잘됐군."""
IncidentFailure#5,"""실패는 모든 일에 따르는 법이야."""
PSE#5,"""PSE가 시작됐나…"""
PSELevelUp#5,"""PSE는 아직 계속될 거야.<br>더욱 활성화시켜 봐."""
PSEBurst#5,"""여기까지 활성화시키다니.<br>훌륭하군."""
HP30#5,"""내 연구 의욕은<br>이 정도로 멈추지 않아."""
HP10#5,"""거짓말이지…"""
ItemRare#5,"""난 관심 없지만<br>그거, 귀중한 물건이지?"""
DamageSmall#5,"""칫"""
DamageMiddle#5,"""큭"""
DamageLarge#5,"""으악!"""
Trap#5,"""그렇군, 이게 함정인가."""
ThankTrapRescue#5,"""살았어."""
TrapRescueOther#5,"""무사한가?"""
MemberDamaged#5,"""무리는 금물이야."""
MemberDead#5,"""정말이지, 용서하기 어렵군…!"""
AbilityExe#5,"""/toge 머리가 맑아진 것 같군."""
AbilitySpecial#5,"""/toge 맡겨 둬."""
Resurrect#5,"""포기는 잘 못 해서 말이야."""
PartyJoin#5,"""/ci1 1 잘 부탁할게."""
Marvelous#5,"""감탄이 절로 나는군."""
IncidentJsApcBegin#5,"""/ci4 5 아, 너였군.<br>괜찮다면 좀 도와줄래?<br>수가 많아 번거로워서 말이야."""
IncidentJsApcFailure#5,"""미안하지만 먼저 후퇴할게.<br>여기서 무리해 봐야<br>아무 득도 없을 테니까."""
IncidentJsApcSuccess#5,"""/ci2 1 좋아, 이걸로 끝이군.<br>좋은 데이터도 얻었어. 고마워."""
IncidentJsApcBeginEvo#5,"""/ci4 5 흠…… 이 반응은 증원인가.<br>뭐, 조심해서 가자."""
IncidentJsMultiApcBegin#2,"""/ci4 2 아, 너였군.<br>마침 잘됐어. 좀 도와줄래?<br>조수가 믿음직하지 못해서 말이야."""
IncidentJsMultiApcSuccess#2,"""/ci1 1 흠, 이 정도인가.<br>역시 내 예상은 틀리지 않았군.<br>고마워, 덕분에 살았어."""
EnemyWeak#6,"""아, 별거 아닌 적이네요."""
EnemyLarge#6,"""큰 적은 강하다는 게<br>예로부터 정해진 법이라…"""
EnemyBoss#6,"""아니, 아니, 아니.<br>이런 걸 상대하는 건 무리예요!"""
EnemyRare#6,"""어, 희귀하네요.<br>저런 적이 여기에 있다니."""
EnemyBoost#6,"""…위, 위험해요!<br>저 적, 광폭화됐어요!"""
DestroyEnemy1#6,"""어라?"""
DestroyEnemy2#6,"""쓰, 쓰러뜨린 건가?"""
DestroyEnemy3#6,"""거짓말 같네요…"""
CondFreeze#6,"""어, 얼어붙었어요!?<br>도와주세요!"""
CondBurn#6,"""부, 불붙었어요!"""
CondShock#6,"""저, 저려서 힘이…"""
CondPoison#6,"""으윽, 몸에 독이…<br>속이 안 좋아…"""
CondPanic#6,"""어, 어질어질해요!"""
CondStan#6,"""몸이 말을 듣지 않아요."""
CondMirage#6,"""누, 눈이!"""
Die#6,"""왜 제가…"""
ThankHeal#6,"""사, 살았어요."""
ThankBuff#6,"""아, 감사합니다."""
ThankCure#6,"""개운해졌어요.<br>감사합니다."""
DefeatEnemy#6,"""이, 이제 없겠죠?"""
LevelUp#6,"""축하드려요!"""
InvokeSkill1#6,"""그만해 주세요!"""
InvokeSkill2#5,"""위험하다니까요!"""
InvokeSkill3#4,"""히익!"""
TechIce#3,"""히익!"""
TechThunder#3,"""그만해 주세요!"""
PBFull#6,"""아아… 이제 싫어요…"""
PBRelease#6,"""왜 이런 일이…"""
TacticsFree#6,"""자유롭게요?"""
TacticsGuard#6,"""어, 어떻게든 제 몸부터 지켜야…"""
TacticsMassedAttack#6,"""집중해서 노려<br>우선 수부터 줄여요!"""
TacticsAttack#6,"""네, 네에!?<br>제가 미끼가 되는 건가요!?"""
Avoid#6,"""으아악!"""
HealSelf#6,"""아, 아직 죽고 싶지 않아서요."""
BuffSelf#6,"""밑 빠진 독에 물 붓기지만…"""
HealOther#6,"""조, 조심하세요!"""
BuffOther#6,"""지원 정도라면!"""
QuestStart1#6,"""네, 저도요!?"""
QuestStart2#6,"""<%me> 씨와<br>함께라면… 어떻게든…"""
QuestEnd1#6,"""다행이다…<br>어떻게든 끝났네요."""
QuestEnd2#6,"""역시<br><%me> 씨.<br>믿길 잘했어요."""
IncidentStart#6,"""뭐뭐뭐, 뭐예요!?"""
IncidentSuccess#6,"""해냈네요!"""
IncidentFailure#6,"""제 탓이죠…"""
PSE#6,"""이건 PSE인가요?"""
PSELevelUp#6,"""계속 이어지네요."""
PSEBurst#6,"""우와, 굉장해…<br>이게 버스트 상태…"""
HP30#6,"""으으, 그래서 저는<br>참가하고 싶지 않았어요."""
HP10#6,"""이, 이제는 정말<br>도망쳐도 되죠…?"""
ItemRare#6,"""앗, 좋은 물건이네요.<br>자, 받으세요!"""
DamageSmall#6,"""큭"""
DamageMiddle#6,"""으윽"""
DamageLarge#6,"""크악"""
Trap#6,"""하, 함정인가요!?"""
ThankTrapRescue#6,"""살았어요!"""
TrapRescueOther#6,"""괘, 괜찮았나요?"""
MemberDamaged#6,"""괘, 괜찮으세요?"""
MemberDead#6,"""이럴 수가… 어떡해야…"""
AbilityExe#6,"""/toge 아, 왠지 몸 상태가<br>좋아지기 시작했어요."""
AbilitySpecial#6,"""/toge 마, 맡겨도 괜찮아요?"""
Resurrect#6,"""…구사일생했네요."""
PartyJoin#6,"""/ci1 1 저, 저도 가는 건가요?"""
Marvelous#6,"""굉장한 움직임…!"""
IncidentJsApcBegin#6,"""/ci2 1 아, 아아!<br>정말 잘 와 주셨어요!<br>도와주세요, 살려 주세요!"""
IncidentJsApcFailure#6,"""으으... 선생님을 찾았을 뿐인데<br>왜 이런 일이...<br>먼저 후퇴할게요..."""
IncidentJsApcSuccess#6,"""/ci2 1 후... 어, 어떻게든 무사히<br>끝난 것 같아 다행이에요.<br>감사합니다. 살았어요."""
IncidentJsApcBeginEvo#6,"""/ci4 1 이, 이 반응은... 증원!?<br>으으, 빨리 도망치고 싶어요...<br>그냥 도망가요..."""
IncidentJsMultiApcBegin#3,"""/toge /ci4 1 무리예요, 무리, 무리라고요!<br>이렇게 많은 적을 상대하는 건<br>무리라니까요!"""
IncidentJsMultiApcSuccess#3,"""/mn1 /ci1 1 …어, 어라?<br>끝난 건가요?<br>저, 정말 감사합니다!"""
EnemyWeak#7,"""어라, 어라라?<br>이건 쉽게 끝나겠는데!"""
EnemyLarge#7,"""엄청… 크다…"""
EnemyBoss#7,"""골치 아픈 상대가 왔어!"""
EnemyRare#7,"""오오!<br>저거 봐, 희귀한 녀석이야!"""
EnemyBoost#7,"""우왓, 우와앗!<br>불길한 예감이 팍팍 들어…!"""
DestroyEnemy1#7,"""영차!"""
DestroyEnemy2#7,"""어떠냐!"""
DestroyEnemy3#7,"""화려하게 성공!"""
CondFreeze#7,"""꽁꽁 얼었다!"""
CondBurn#7,"""활활 타오른다!<br>뜨거, 뜨거워!"""
CondShock#7,"""저저저저려어어어!"""
CondPoison#7,"""으으, 기부니 나빠…"""
CondPanic#7,"""빙글빙글, 어질어질!<br>아하하하!"""
CondStan#7,"""몸이 잘 안 움직여!"""
CondMirage#7,"""흐릿하고 뿌예서<br>시야가 엄청나!"""
Die#7,"""티아…"""
ThankHeal#7,"""고마워!"""
ThankBuff#7,"""센스 있는 사람, 정말 좋아!"""
ThankCure#7,"""기분 상쾌, 힘내자!"""
DefeatEnemy#7,"""음, 끝났나?"""
LevelUp#7,"""좋겠다!\u3000좋겠네!"""
InvokeSkill1#7,"""하나, 둘, 얍!"""
InvokeSkill2#6,"""날아가 버려!"""
InvokeSkill3#5,"""해치워 버릴 거야!"""
TechLight#1,"""티아 흉내 내기!"""
PBFull#7,"""열받아!<br>화나기 시작했어!"""
PBRelease#7,"""1번, 패티!\u3000갑니다!"""
TacticsFree#7,"""자유분방하게 가 보자!"""
TacticsGuard#7,"""방어는 최고의 공격이라고<br>누군가 그랬어!"""
TacticsMassedAttack#7,"""미안하지만 이건 싸움이니까…<br>집중 공격이야!"""
TacticsAttack#7,"""자, 자, 이쪽으로 와!"""
Avoid#7,"""영차!"""
HealSelf#7,"""해낼 줄 알았어?<br>아쉽지만 회복이었어!"""
BuffSelf#7,"""이래 보여도<br>준비는 빠뜨리지 않아!"""
HealOther#7,"""빠르게 회복!"""
BuffOther#7,"""나눠 줄게!"""
QuestStart1#7,"""그럼 가 보자!"""
QuestEnd1#7,"""이걸로 끝!"""
IncidentStart#7,"""음, 문제의 예감!"""
IncidentSuccess#7,"""대성공!"""
IncidentFailure#7,"""뭐, 이럴 때도 있지!"""
PSE#7,"""오, 뭔가 시작됐다!"""
PSELevelUp#7,"""계속 이어 가 보자!"""
PSEBurst#7,"""우와!<br>이거 정말 굉장한데!"""
HP30#7,"""아직 쌩쌩해!"""
HP10#7,"""허, 허세 부리기도 힘들어…"""
ItemRare#7,"""아, 치사해!<br>좋겠다!"""
DamageSmall#7,"""아야!"""
DamageMiddle#7,"""꺄악!"""
DamageLarge#7,"""아프다니까!"""
Trap#7,"""함정에 걸린 여자애라니<br>제법 자극적… 아니,<br>그게 아니라 살려 줘!"""
ThankTrapRescue#7,"""후, 고마워."""
TrapRescueOther#7,"""화려하게 구출 완료!"""
MemberDamaged#7,"""괜찮아?\u3000무리하면 안 돼!"""
MemberDead#7,"""나도 화날 때는 난다고…!"""
AbilityExe#7,"""/toge 좋아, 감도 잡혔으니<br>언니가 힘내 볼게!"""
AbilitySpecial#7,"""/toge 나한테 맡겨!"""
Resurrect#7,"""후, 저승길이 보였어!"""
PartyJoin#7,"""/ci1 1 네네!\u3000힘낼게!"""
Marvelous#7,"""이야, 편하다, 편해."""
IncidentJsMultiApcBegin#4,"""/mn15 /toge /ci2 1 사랑과 용기의 미소녀 전사<br>패티, 등장!<br>우는 아이는 없느냐!"""
IncidentJsMultiApcSuccess#4,"""/mn15 /toge /ci2 1 헤헹, 어때? 어때?<br>나 강하지!\u3000최강이지!<br>칭찬해 줘도 된다고!"""
EnemyWeak#8,"""응?<br>별로 강하지 않은… 건가?"""
EnemyLarge#8,"""엄청… 크네…"""
EnemyBoss#8,"""귀찮은 상대가 와 버렸네…"""
EnemyRare#8,"""엄청 희귀한 종이네.<br>운이 좋을지도…"""
EnemyBoost#8,"""이 느낌은…<br>좋지 않은 분위기예요."""
DestroyEnemy1#8,"""해치워 버렸어요."""
DestroyEnemy2#8,"""끝내 버렸어요."""
DestroyEnemy3#8,"""우아하게 성공!"""
CondFreeze#8,"""차갑네…"""
CondBurn#8,"""뜨거울지도…"""
CondShock#8,"""찌릿찌릿해…"""
CondPoison#8,"""속이 안 좋아…"""
CondPanic#8,"""빙글빙글 돌아서…<br>뭐지, 이거…"""
CondStan#8,"""힘이 쭉 빠졌어…"""
CondMirage#8,"""시야가 뭔가 이상해…"""
Die#8,"""언니…"""
ThankHeal#8,"""고마워."""
ThankBuff#8,"""더 힘낼게."""
ThankCure#8,"""기분이 개운해졌어."""
DefeatEnemy#8,"""일단, 끝난 걸까?"""
LevelUp#8,"""강해지는 건 좋은 일이야."""
InvokeSkill1#8,"""이런 건<br>패티 언니 역할이야."""
TechFire#1,"""낭비는 싫어."""
TechIce#4,"""놓치지 않아."""
TechThunder#4,"""다 보이는데?"""
TechWind#1,"""여러 가지 할 수 있거든?"""
TechLight#2,"""테크닉이라면 맡겨."""
TechDark#2,"""끝내 줄게."""
PBFull#8,"""나도 화날 때는 화나니까."""
PBRelease#8,"""2번, 티아. 갑니다."""
TacticsFree#8,"""그럼 자유롭게 할게요."""
TacticsGuard#8,"""방어를 굳히고 빈틈을 노린다.<br>정석 전술이네."""
TacticsMassedAttack#8,"""한곳에 집중…<br>합리적이라고 생각해."""
TacticsAttack#8,"""내가 시선을 끌게요."""
Avoid#8,"""아쉽네"""
HealSelf#8,"""그렇게 쉽게 쓰러지진 않을 테니까."""
BuffSelf#8,"""보조도 잊지 않아요."""
HealOther#8,"""일찍 회복하는 걸 명심해."""
BuffOther#8,"""능력 강화를 잊지 마."""
QuestStart1#8,"""그럼 잘 부탁해."""
QuestEnd1#8,"""끝난… 건가?"""
IncidentStart#8,"""뭔가 일어날 것 같은 예감이…"""
IncidentSuccess#8,"""성공한 모양이야."""
IncidentFailure#8,"""실패는 성공의 어머니."""
PSE#8,"""포톤 활성화…?<br>시작된 모양이야."""
PSELevelUp#8,"""계속 더 이어 가 보자."""
PSEBurst#8,"""여기까지<br>활성화되기도 하는구나."""
HP30#8,"""아직 쌩쌩해요."""
HP10#8,"""조금… 힘들지도."""
ItemRare#8,"""그거, 좋은 물건 같네."""
DamageSmall#8,"""큿"""
DamageMiddle#8,"""꺄악"""
DamageLarge#8,"""아야!"""
Trap#8,"""큭… 이런 함정 따위에."""
ThankTrapRescue#8,"""살았어요."""
TrapRescueOther#8,"""괜찮으신가요?"""
MemberDamaged#8,"""무리는 금물이에요."""
MemberDead#8,"""…용서하지 않겠어요."""
AbilityExe#8,"""/toge 감이 잡히기 시작했으니<br>나도 힘내 버릴지도."""
AbilitySpecial#8,"""/toge 나한테 맡겨 주세요."""
Resurrect#8,"""너무 방심했나."""
PartyJoin#8,"""/ci1 1 적당히 힘낼게."""
Marvelous#8,"""…정말 편하네."""
IncidentJsMultiApcBegin#5,"""/mn19 /ci5 1 아까까지 적에게 둘러싸여<br>울 것 같던 애가<br>내 옆에 있는데."""
IncidentJsMultiApcSuccess#5,"""/ci2 1 네, 네. 짐만 되니까<br>빨리 돌아가자, 패티 언니.<br>도와줘서 고마워."""
EnemyWeak#9,"""잡몹에게 볼일은 없어."""
EnemyLarge#9,"""덩치만 커 봐야 소용없지."""
EnemyBoss#9,"""조금은 즐겁게 해 주려나?"""
EnemyRare#9,"""오, 이런 곳에도<br>나타나는 녀석이구나."""
EnemyBoost#9,"""이 공기…<br>귀찮은 게 왔네."""
DestroyEnemy1#9,"""자, 다음."""
DestroyEnemy2#9,"""성에 안 차네."""
DestroyEnemy3#9,"""다음은 어느 녀석이지?"""
CondFreeze#9,"""동결?\u3000시원하고 좋네."""
CondBurn#9,"""연소?\u3000미지근해, 미지근해."""
CondShock#9,"""감전?\u3000마사지로 딱 좋네."""
CondPoison#9,"""독?\u3000별거 아니야."""
CondPanic#9,"""혼란?\u3000기척만 알면 충분해."""
CondStan#9,"""행동 불능?<br>뭐, 딱 좋은 핸디캡이네."""
CondMirage#9,"""환혹?\u3000재미있잖아."""
Die#9,"""나도 나이를 먹었네…"""
ThankHeal#9,"""살았어."""
ThankBuff#9,"""좋은 판단이야."""
ThankCure#9,"""뭐, 내버려 둬도<br>됐지만 말이야."""
DefeatEnemy#9,"""뭐야, 벌써 끝이야?"""
LevelUp#9,"""젊다는 건 좋네."""
InvokeSkill1#9,"""버텨 봐."""
InvokeSkill2#7,"""가로막는다면 부술 뿐."""
InvokeSkill3#6,"""자, 길을 비켜."""
TechLight#3,"""쓸 수 있을 뿐이야."""
TechDark#3,"""서툴지만 말이야."""
PBFull#9,"""조금 너무 우쭐댔네."""
PBRelease#9,"""자, 네 차례야. 눈을 떠."""
TacticsFree#9,"""평소처럼 자유롭게 할게."""
TacticsGuard#9,"""그런 성격은 아니지만<br>뭐, 따를게."""
TacticsMassedAttack#9,"""같은 목표에 공격을 집중한다.<br>올바른 전술이야."""
TacticsAttack#9,"""원한다면 전부 맡아 줄까?"""
Avoid#9,"""어디를 보고 있지?"""
HealSelf#9,"""마무리가 허술해."""
BuffSelf#9,"""쓸 수 있는 수는 쓸 뿐이야."""
HealOther#9,"""회복을 소홀히 하면 안 돼."""
BuffOther#9,"""보조를 잊으면 안 돼."""
QuestStart1#9,"""실력 좀 볼까."""
QuestStart2#7,"""오늘은 편하게 가도 되겠지?"""
QuestEnd1#9,"""제법이네, 당신."""
QuestEnd2#7,"""역시 좋네.<br>당신과 함께라 편해."""
IncidentStart#9,"""어머, 무슨 일이 생기려나?"""
IncidentSuccess#9,"""좋은 결과라고 생각해."""
IncidentFailure#9,"""너무 신경 쓰는 것도 좋지 않아."""
PSE#9,"""포톤이 술렁이네."""
PSELevelUp#9,"""이건 아직 더 이어질 거야."""
PSEBurst#9,"""여기까지 온 건 오랜만이네."""
HP30#9,"""조금 너무 힘을 뺐나?"""
HP10#9,"""좋아, 이 감각. 오랜만이야."""
ItemRare#9,"""오, 좋은 물건이네."""
DamageSmall#9,"""큭"""
DamageMiddle#9,"""으악"""
DamageLarge#9,"""제법이네."""
Trap#9,"""아차, 이런 함정을<br>놓치고 있었네."""
ThankTrapRescue#9,"""후, 살았어."""
TrapRescueOther#9,"""괜찮아?"""
MemberDamaged#9,"""일단 물러날래?"""
MemberDead#9,"""…제법 하는구나!"""
AbilityExe#9,"""/toge 이런, 이제야 좀<br>감이 돌아오는 것 같네."""
AbilitySpecial#9,"""/toge 내게 맡겨."""
Resurrect#9,"""제법 하는구나."""
PartyJoin#9,"""/ci1 1 자, 편하게 해 줘."""
Marvelous#9,"""좋아, 그 움직임!"""
IncidentJsApcBegin#7,"""/ci2 1 정말 못 봐주겠네.<br>이미 발을 들였으니<br>조금은 도와줄게."""
IncidentJsApcFailure#7,"""음... 몸이 말을 안 듣네.<br>한번 돌아가서 몸 상태를<br>확인하는 게 낫겠어..."""
IncidentJsApcSuccess#7,"""/ci2 3 뭐, 이 정도려나.<br>나름 재미있게 즐겼어.<br>그럼 이만."""
IncidentJsApcBeginEvo#7,"""/ci1 2 이런, 이만큼 당하고도<br>정신을 못 차렸나 보네."""
EnemyWeak#10,"""약한 녀석 괴롭히는 건 싫은데."""
EnemyLarge#10,"""크기만 한 거라면 무섭지 않아."""
EnemyBoss#10,"""제법 상대할 맛 나겠네."""
EnemyRare#10,"""흐음, 이런 곳에도<br>있는 거구나."""
EnemyBoost#10,"""저 형태는… 광폭화?"""
DestroyEnemy1#10,"""다음으로 가자."""
DestroyEnemy2#10,"""이 정도야?"""
DestroyEnemy3#10,"""끝이야."""
CondFreeze#10,"""동결 따위…!"""
CondBurn#10,"""이 정도 열은…!"""
CondShock#10,"""큭, 몸이 저려도…!"""
CondPoison#10,"""윽… 독이라 해도…!"""
CondPanic#10,"""으으, 시야가 빙빙 돌아…<br>그래도…!"""
CondStan#10,"""움직임 봉쇄…?<br>귀찮은 짓을…!"""
CondMirage#10,"""시각을 봉쇄했어…!"""
Die#10,"""결국… 나는…"""
ThankHeal#10,"""감사는 해 둘게."""
ThankBuff#10,"""좋은 판단이네."""
ThankCure#10,"""이제야 진정됐어."""
DefeatEnemy#10,"""대충 다 정리됐나?"""
LevelUp#10,"""뭐, 괜찮지 않아?"""
InvokeSkill1#10,"""난 만만하지 않아."""
InvokeSkill2#8,"""방해되는 건 날려 버릴 뿐."""
InvokeSkill3#7,"""얼른 거기서 비켜."""
PBFull#10,"""정말, 무모하다고 해야 할지…"""
PBRelease#10,"""자, 같이 가자."""
TacticsFree#10,"""내 마음대로 할게."""
TacticsGuard#10,"""공격할 기회를 노리는 거네."""
TacticsMassedAttack#10,"""집중해서 노린다…<br>합리적인 전술이네."""
TacticsAttack#10,"""어디를 보고 있는 거야?<br>난 여기야."""
Avoid#10,"""느려."""
HealSelf#10,"""아쉬웠네."""
BuffSelf#10,"""빈틈없이 갈게."""
HealOther#10,"""회복을 잊지 마."""
BuffOther#10,"""보조도 무시할 순 없어."""
QuestStart1#10,"""자, 가자."""
QuestStart2#8,"""또 함께네.<br>뭐, 너와 함께라면<br>편하니까 괜찮지만."""
QuestEnd1#10,"""이 정도지?"""
QuestEnd2#8,"""뭐, 나랑 함께였으니까.<br>나름 열심히 했다고는 생각해."""
IncidentStart#10,"""뭔가 오는 건가?"""
IncidentSuccess#10,"""흐음, 성공한 모양이네."""
IncidentFailure#10,"""난 상관없으니까."""
PSE#10,"""이게 PSE라는 거야?"""
PSELevelUp#10,"""뭔가 계속되고 있지 않아?"""
PSEBurst#10,"""흐음… 이게 버스트.<br>포톤이 활성화된 상태구나."""
HP30#10,"""이제부터 진심이야."""
HP10#10,"""…이 정도까지 몰리다니."""
ItemRare#10,"""난 딱히 갖고 싶지 않아."""
DamageSmall#10,"""큭!"""
DamageMiddle#10,"""으윽"""
DamageLarge#10,"""으악!"""
Trap#10,"""이 정도 함정에…<br>바보 같아."""
ThankTrapRescue#10,"""감사는 할게."""
TrapRescueOther#10,"""번거롭게 하지 마."""
MemberDamaged#10,"""무리는 금물.<br>일단 물러나는 게 어때?"""
MemberDead#10,"""…난 상관없어.<br>그래도…!"""
AbilityExe#10,"""/toge 이 기세라면… 할 수 있어."""
AbilitySpecial#10,"""/toge 나한테 맡겨."""
Resurrect#10,"""…아직 죽을 순 없어."""
PartyJoin#10,"""/ci1 1 한가했으니까."""
Marvelous#10,"""뭐, 괜찮지 않아?"""
IncidentJsApcBegin#8,"""/toge /ci3 1 ...정말 못 봐주겠네!<br>도와줄 테니 얼른<br>이 녀석들을 처리하자!"""
IncidentJsApcFailure#8,"""으음... 나도 아직 미숙한가 봐.<br>미안해, 먼저 물러날게."""
IncidentJsApcSuccess#8,"""/ci2 2 한 건 끝났네.<br>...난 이제 갈 테니까<br>너무 무리하지 마."""
IncidentJsApcBeginEvo#8,"""/ci3 1 ...아직 더 오는 모양이네.<br>자, 얼른 처리하자!"""
EnemyWeak#11,"""약한 녀석이라면 대환영."""
EnemyLarge#11,"""표적으로는 커서<br>도움이 되긴 하지만…"""
EnemyBoss#11,"""자, 슬슬 진심을 내지 않으면<br>조금 위험하려나?"""
EnemyRare#11,"""아, 저건 희귀한 녀석이네.<br>보기 힘들다고, 저거."""
EnemyBoost#11,"""음… 왠지 불길한 분위기."""
DestroyEnemy1#11,"""어때?"""
DestroyEnemy2#11,"""이 정도인가?"""
DestroyEnemy3#11,"""제대로 들어간 것 같은데?"""
CondFreeze#11,"""얼어 버렸네."""
CondBurn#11,"""뜨거, 뜨거워!"""
CondShock#11,"""감전이라는 것도<br>꽤 신기한 감각이네."""
CondPoison#11,"""이런, 이건 독인가?"""
CondPanic#11,"""음, 이거 참 빙글빙글<br>시야가 도네."""
CondStan#11,"""움직임을 봉쇄당했나."""
CondMirage#11,"""이런, 시야가<br>제법 재미있어졌네."""
Die#11,"""너무 힘을 뺐나."""
ThankHeal#11,"""고마워."""
ThankBuff#11,"""고맙네."""
ThankCure#11,"""이야, 살았어."""
DefeatEnemy#11,"""다 정리된 건가?"""
LevelUp#11,"""좋은 느낌이네."""
InvokeSkill1#11,"""이런 건 어때?"""
InvokeSkill2#9,"""끝내 버릴까."""
InvokeSkill3#8,"""얼른얼른."""
TechFire#2,"""이런 것도 있어."""
TechIce#5,"""어디 갈 생각이야?"""
TechThunder#5,"""뭐, 교양 삼아 익힌 정도는 돼."""
TechWind#2,"""재미있는 걸 해 볼까."""
PBFull#11,"""흐음, 그런 태도로 나오겠다?"""
PBRelease#11,"""자, 드디어 진짜가 나설 차례야."""
TacticsFree#11,"""자유롭게, 자유롭게."""
TacticsGuard#11,"""방어를 굳힐까."""
TacticsMassedAttack#11,"""집중 포화는 특기지."""
TacticsAttack#11,"""자, 자, 이쪽이야."""
Avoid#11,"""안 보이나?"""
HealSelf#11,"""자, 여기까지."""
BuffSelf#11,"""조금 치사하게 갈게."""
HealOther#11,"""회복은 잊지 마."""
BuffOther#11,"""지원할게. 자, 자."""
QuestStart1#11,"""자, 상황 개시인가."""
QuestEnd1#11,"""네, 수고했어."""
IncidentStart#11,"""이런, 뭔가 일어나겠네."""
IncidentSuccess#11,"""잘됐나?"""
IncidentFailure#11,"""이런…"""
PSE#11,"""오, 포톤이 활발해졌네.<br>이거 시작된 건가?"""
PSELevelUp#11,"""자, 계속 이어 가 보자."""
PSEBurst#11,"""좋아, 이걸로 완벽해.<br>봐, 굉장하지?"""
HP30#11,"""귀찮아지기 시작했네."""
HP10#11,"""…슬슬 돌아가자."""
ItemRare#11,"""오, 축하해."""
DamageSmall#11,"""윽"""
DamageMiddle#11,"""크윽"""
DamageLarge#11,"""아얏!"""
Trap#11,"""오, 함정인가."""
ThankTrapRescue#11,"""아, 고마워."""
TrapRescueOther#11,"""괜찮으려나?"""
MemberDamaged#11,"""그래, 나머지는 맡겨."""
MemberDead#11,"""화내는 건 내 성격이 아닌데."""
AbilityExe#11,"""/toge 자, 감도 잡혔으니<br>조금 힘내 볼까?"""
AbilitySpecial#11,"""/toge 나한테 맡길래?"""
Resurrect#11,"""후, 살았어."""
PartyJoin#11,"""/ci1 1 적당히 힘낼게."""
Marvelous#11,"""좋은 움직임이네."""
IncidentJsApcBegin#9,"""/ci2 2 오, 마침 잘 왔네.<br>조금 도와줄래?"""
IncidentJsApcFailure#9,"""이런...<br>더는 버티기 힘들겠네.<br>먼저 후퇴할게."""
IncidentJsApcSuccess#9,"""/ci2 2 좋아, 끝났다.<br>고마워. 덕분에 살았어."""
IncidentJsApcBeginEvo#9,"""/ci4 5 이런, 이런?<br>아직 더 오려나 보네."""
EnemyWeak#12,"""…약해 보여."""
EnemyLarge#12,"""…크네."""
EnemyBoss#12,"""…조금 귀찮아."""
EnemyRare#12,"""…아, 희귀하네."""
EnemyBoost#12,"""…뭐야, 이 분위기."""
DestroyEnemy1#12,"""…끝."""
DestroyEnemy2#12,"""……다음"""
DestroyEnemy3#12,"""…이걸로 끝."""
CondFreeze#12,"""…큭, 동결.<br>움직일 수 없어…"""
CondBurn#12,"""…너무 뜨거워."""
CondShock#12,"""…몸이 저려."""
CondPoison#12,"""…큭, 이거 독이야."""
CondPanic#12,"""…어질어질해서 시야가…"""
CondStan#12,"""…움직여, 내 몸."""
CondMirage#12,"""…눈앞이 흐려."""
Die#12,"""이런 건… 싫어…"""
ThankHeal#12,"""…고마워."""
ThankBuff#12,"""…좋은 판단이네."""
ThankCure#12,"""…감사할게."""
DefeatEnemy#12,"""…일단락됐네."""
LevelUp#12,"""…노력한 결과네."""
TechFire#3,"""…불타라."""
TechIce#6,"""…얼어붙어."""
TechThunder#6,"""…감전돼."""
TechWind#3,"""…날아가."""
TechLight#4,"""…빛이여."""
TechDark#4,"""…어둠이여."""
PBFull#12,"""…이제 적당히 해."""
PBRelease#12,"""…해방할게."""
TacticsFree#12,"""…자유롭게 할게."""
TacticsGuard#12,"""…방어를 확실히."""
TacticsMassedAttack#12,"""…집중해서 노릴게."""
TacticsAttack#12,"""…내가 미끼가 될게."""
Avoid#12,"""…위험했네."""
HealSelf#12,"""…회복해야지."""
BuffSelf#12,"""…대충하진 않을 거야."""
HealOther#12,"""…회복, 잊지 마."""
BuffOther#12,"""…보조할게."""
QuestStart1#12,"""…가자."""
QuestStart2#9,"""…네가 함께라면 안심이야."""
QuestEnd1#12,"""…수고했어."""
QuestEnd2#9,"""…안심감이 다르네."""
IncidentStart#12,"""…뭔가 일어날 것 같아."""
IncidentSuccess#12,"""…성공한 모양이야."""
IncidentFailure#12,"""……미안해"""
PSE#12,"""…뭔가 시작됐어."""
PSELevelUp#12,"""…계속 이어 가자."""
PSEBurst#12,"""…이 정도 효과가 있다니."""
HP30#12,"""…아직은."""
HP10#12,"""…이대로는."""
ItemRare#12,"""…그거 좋은 물건이야."""
DamageSmall#12,"""…윽."""
DamageMiddle#12,"""…크윽."""
DamageLarge#12,"""…아윽!"""
Trap#12,"""…함정에 걸리다니."""
ThankTrapRescue#12,"""…고마워."""
TrapRescueOther#12,"""…조심해."""
MemberDamaged#12,"""……괜찮아?"""
MemberDead#12,"""…용서 못 해."""
AbilityExe#12,"""/toge …감이 잡히기 시작했어."""
AbilitySpecial#12,"""/toge …나한테 맡겨."""
Resurrect#12,"""…아직 할 수 있으니까."""
PartyJoin#12,"""/ci1 1 …잘 부탁해."""
Marvelous#12,"""…역시 대단해."""
IncidentJsApcBegin#10,"""/ci4 5 ...마침 잘 왔어.<br>적이 너무 많으니 도와줘."""
IncidentJsApcFailure#10,"""...미안해, 더는<br>싸울 수 없어. 후퇴할게."""
IncidentJsApcSuccess#10,"""/ci1 5 ...나 혼자였으면 위험했어.<br>그러니까 제대로 말할게.<br>...고마워."""
IncidentJsApcBeginEvo#10,"""/ci4 5 ...증원이 올 것 같아.<br>주의하고 단단히 준비해."""
IncidentJsMultiApcBegin#6,"""/ci4 1 …지켜 달라고<br>부탁한 적 없는데."""
IncidentJsMultiApcSuccess#6,"""/ci1 2  …이 부근은 생각보다<br>적이 많은 모양이야.<br>조심해서 나아가."""
EnemyWeak#13,"""뭐야, 맥 빠지는군."""
EnemyLarge#13,"""모습은 큰 것 같지만<br>힘은 어떨까…?"""
EnemyBoss#13,"""칫, 귀찮은 적이 나타났군!"""
EnemyRare#13,"""오, 희귀한 녀석이군."""
EnemyBoost#13,"""뭐지, 이 분위기는…"""
DestroyEnemy1#13,"""제대로 들어갔다!"""
DestroyEnemy2#13,"""끝이다!"""
DestroyEnemy3#13,"""다음!"""
CondFreeze#13,"""동결이라고… 이놈!"""
CondBurn#13,"""연소라고… 이놈!"""
CondShock#13,"""감전이라고… 이놈!"""
CondPoison#13,"""독이라고… 이놈!"""
CondPanic#13,"""혼란이라고… 이놈!"""
CondStan#13,"""꼼짝도 못 한다고… 이놈!"""
CondMirage#13,"""환혹이라고… 이놈!"""
Die#13,"""이… 내가…"""
ThankHeal#13,"""살았다!"""
ThankBuff#13,"""좋은 판단이다!"""
ThankCure#13,"""감사한다!"""
DefeatEnemy#13,"""좋아, 일단락됐군!"""
LevelUp#13,"""노력이 결실을 맺었군."""
InvokeSkill1#12,"""이걸로 끝이다!"""
InvokeSkill2#10,"""이 일격으로!"""
InvokeSkill3#9,"""마무리다!"""
PBFull#13,"""이제 적당히 해!"""
PBRelease#13,"""힘을 해방한다!"""
TacticsFree#13,"""자유롭게 하겠다!"""
TacticsGuard#13,"""방어를 굳힌다!"""
TacticsMassedAttack#13,"""한 점 돌파다!"""
TacticsAttack#13,"""내가 적을 끌어들이겠다!"""
Avoid#13,"""이얏!"""
HealSelf#13,"""회복한다!"""
BuffSelf#13,"""대충하진 않는다."""
HealOther#13,"""위험할 뻔했군."""
BuffOther#13,"""지원한다!"""
QuestStart1#13,"""자, 가 볼까."""
QuestStart2#10,"""네가 함께라면 안심이다."""
QuestEnd1#13,"""이걸로 끝이군."""
QuestEnd2#10,"""역시, 안심되는군."""
IncidentStart#13,"""뭔가 일어난다!"""
IncidentSuccess#13,"""성공한 모양이다."""
IncidentFailure#13,"""…미안하다."""
PSE#13,"""음, 시작된 모양이군."""
PSELevelUp#13,"""계속 이어 간다!"""
PSEBurst#13,"""이 정도 효과가 나오다니!"""
HP30#13,"""아직이다!"""
HP10#13,"""이대로는…"""
ItemRare#13,"""좋은 물건을 찾았군!"""
DamageSmall#13,"""큭"""
DamageMiddle#13,"""으악"""
DamageLarge#13,"""크악"""
Trap#13,"""이 정도 함정에…!"""
ThankTrapRescue#13,"""살았다!"""
TrapRescueOther#13,"""조심해라!"""
MemberDamaged#13,"""괜찮나?"""
MemberDead#13,"""이놈… 용서 못 한다!"""
AbilityExe#13,"""/toge 이제 감이 잡히는군!"""
AbilitySpecial#13,"""/toge 내게 맡겨라!"""
Resurrect#13,"""…아직 할 수 있다!"""
PartyJoin#13,"""/ci1 1 잘 부탁한다."""
Marvelous#13,"""역시 대단하군!"""
IncidentJsApcBegin#11,"""/ci2 1 오, 마침 잘 와 주었군!<br>적의 수가 조금 많아서<br>도와주지 않겠나."""
IncidentJsApcFailure#11,"""...큭, 이렇게 될 줄이야.<br>미안하다. 먼저 후퇴하겠다."""
IncidentJsApcSuccess#11,"""/ci2 1 좋아, 다 처리한 모양이군!<br>고맙다. 네 덕분에<br>어떻게든 해냈어."""
IncidentJsApcBeginEvo#11,"""/ci3 1 이 공기...<br>증원이 올지도 모르겠군.<br>준비와 경계를 잊지 마라."""
IncidentJsMultiApcBegin#7,"""/ci3 1 /toge 마침 잘 왔군!<br>도와줘!\u3000나 혼자서는<br>지켜 내지 못할지도 모른다!"""
IncidentJsMultiApcSuccess#7,"""/ci2 1 어떻게든 해낸 모양이군.<br>살았다, 감사한다."""
EnemyWeak#14,"""상대가 한 수 아래라도<br>방심하면 안 된다."""
EnemyLarge#14,"""거대한 체격에 현혹되지 마라."""
EnemyBoss#14,"""강적이 온다.<br>평정심을 잃지 마라."""
EnemyRare#14,"""음?<br>저건… 희귀종 아닌가?"""
EnemyBoost#14,"""음…<br>불길한 예감이 드는군. 뭐지?"""
DestroyEnemy1#14,"""어떠냐!"""
DestroyEnemy2#14,"""성에 안 차는군!"""
DestroyEnemy3#14,"""미지근하다!"""
CondFreeze#14,"""동결은 일정 시간 움직일 수 없지만<br>공격을 받으면 해제된다.<br>…빨리 구해 다오!"""
CondBurn#14,"""연소는 일정 시간 피해를 주고<br>주변에도 옮겨붙는 성가신 상태다.<br>그러니 빨리 구해 다오!"""
CondShock#14,"""감전은 저림 때문에 주기적으로<br>자기 움직임을 방해하는 상태다.<br>그러니 빨리 구해 다오!"""
CondPoison#14,"""독은 피해를 줄 뿐 아니라<br>움직임도 약간 방해한다.<br>그러니 빨리 구해 다오!"""
CondPanic#14,"""혼란은 몸을 제대로 제어할 수 없어<br>움직임이 비틀거리는 상태다.<br>그러니 빨리 구해 다오!"""
CondStan#14,"""이건… 짧은 시간이지만<br>움직일 수 없는 상태다…<br>…빨리 구해 다오!"""
CondMirage#14,"""환혹은 시야를 흐리게 해<br>맞을 공격도 빗나가게 한다.<br>그러니 빨리 구해 다오!"""
Die#14,"""이… 내가…!"""
ThankHeal#14,"""살았다!"""
ThankBuff#14,"""좋은 판단이다!"""
ThankCure#14,"""주변을 잘 보고 있구나!<br>감사한다!"""
DefeatEnemy#14,"""대충 정리됐지만<br>함부로 긴장을 풀지 마라!"""
LevelUp#14,"""잘했다!"""
InvokeSkill1#13,"""숙련된 기술을 보아라!"""
InvokeSkill2#11,"""일격에 끝내겠다!"""
InvokeSkill3#10,"""내게서는 도망칠 수 없다!"""
PBFull#14,"""거기까지 하도록 해라!"""
PBRelease#14,"""비장의 수를 맛보아라!"""
TacticsFree#14,"""재량껏 움직이도록 하지."""
TacticsGuard#14,"""방어는 중요하다."""
TacticsMassedAttack#14,"""우선 한 마리부터란 거군!"""
TacticsAttack#14,"""잠시 내가 적을 끌어들이겠다!"""
Avoid#14,"""느리다!"""
HealSelf#14,"""회복은 미리미리 해야 한다."""
BuffSelf#14,"""보조의 중요성은 잘 알고 있다."""
HealOther#14,"""절대로 방심하지 마라."""
BuffOther#14,"""내 지원을 받도록 해라."""
QuestStart1#14,"""그럼 간다!\u3000따라와라!"""
QuestStart2#11,"""자네라면 안심이다!<br>선두는 맡기겠다!"""
QuestEnd1#14,"""끝난 모양이군."""
QuestEnd2#11,"""그래야지!"""
IncidentStart#14,"""뭔가 일어난다. 주의해라!"""
IncidentSuccess#14,"""해결됐군. 좋아, 좋아."""
IncidentFailure#14,"""이런 실패를 하다니…"""
PSE#14,"""PSE가 시작된 모양이군."""
PSELevelUp#14,"""이대로 계속 간다."""
PSEBurst#14,"""버스트 상태에 도달했군."""
HP30#14,"""아직 할 수 있다!"""
HP10#14,"""크윽… 위험해…!"""
ItemRare#14,"""그건 희귀한 물건이지?<br>잘됐구나. 그래, 그래."""
DamageSmall#14,"""큭"""
DamageMiddle#14,"""으윽"""
DamageLarge#14,"""크악!"""
Trap#14,"""내가 함정 따위에…!?"""
ThankTrapRescue#14,"""번거롭게 했군."""
TrapRescueOther#14,"""주의가 산만하구나."""
MemberDamaged#14,"""무사하냐?\u3000무리하지 마라."""
MemberDead#14,"""감히 해냈겠다…!"""
AbilityExe#14,"""/toge 좋아, 이제야<br>감이 잡히기 시작했다!"""
AbilitySpecial#14,"""/toge 내게 맡겨라!"""
Resurrect#14,"""아직 멀었다!"""
PartyJoin#14,"""/ci1 1 내게 맡겨라!"""
Marvelous#14,"""제법 하는구나!"""
IncidentJsApcBegin#12,"""/toge /ci1 1 오, 자네는 아크스로군!<br>그럼 조금 도와주지 않겠나.<br>수가 많아 늙은 몸엔 벅차군."""
IncidentJsApcFailure#12,"""크윽... 역시<br>세월은 이길 수 없는 건가...<br>먼저 후퇴하겠네."""
IncidentJsApcSuccess#12,"""/toge /ci2 1 음, 이걸로 끝났을 게다.<br>수고했다. 덕분에 살았구나."""
IncidentJsApcBeginEvo#12,"""/toge /ci3 1 이런, 증원의 기척이!<br>늙은 몸을 더 혹사할 셈이냐!"""
IncidentJsMultiApcBegin#8,"""/ci4 3 남의 힘에 의지하다니 한심하군.<br>내가 젊었을 때는 이 정도 적쯤<br>단 일격에 해치우고…"""
IncidentJsMultiApcSuccess#8,"""/ci2 1 빠른 구원에 감사한다.<br>하지만 내가 젊었을 때라면<br>위기에 빠지기 전의 동료를…"""
EnemyWeak#15,"""오, 운 좋네!<br>잡몹이 와 줬어!"""
EnemyLarge#15,"""자, 잠깐만!<br>너무 큰 거 아니야?"""
EnemyBoss#15,"""이야, 엄청 강해 보이는데!<br>이 근처 보스인가?"""
EnemyRare#15,"""오, 굉장한데!<br>저거 희귀종이야!"""
EnemyBoost#15,"""뭐뭐, 뭐야 저건!<br>엄청 기분 나쁘잖아!"""
DestroyEnemy1#15,"""좋았어!"""
DestroyEnemy2#15,"""제대로 들어갔다!"""
DestroyEnemy3#15,"""어떠냐!"""
CondFreeze#15,"""이런, 프리즈잖아!"""
CondBurn#15,"""앗 뜨거, 번인가!"""
CondShock#15,"""우와와, 쇼크잖아!"""
CondPoison#15,"""으으… 포이즌이야…"""
CondPanic#15,"""우와앗… 패닉이야."""
CondStan#15,"""큭… 스턴이라니."""
CondMirage#15,"""으에… 미라지야."""
Die#15,"""…여기까지인 거야…"""
ThankHeal#15,"""고마워."""
ThankBuff#15,"""오, 센스 있잖아."""
ThankCure#15,"""이제야 개운해졌네."""
DefeatEnemy#15,"""후, 이제야 정리됐네."""
LevelUp#15,"""오, 좋겠다!"""
InvokeSkill1#14,"""자자, 안 놓친다고!"""
InvokeSkill2#12,"""거기지? 다 보인다고!"""
InvokeSkill3#11,"""이거나 먹어라!"""
PBFull#15,"""그 이상은 안 된다고!"""
PBRelease#15,"""이건 어떠냐!"""
TacticsFree#15,"""마음대로 해 버릴게!"""
TacticsGuard#15,"""그럼 뭐, 아주 단단히<br>방어를 굳혀 버릴게!"""
TacticsMassedAttack#15,"""좋아, 집중 포화다!"""
TacticsAttack#15,"""어, 미끼라니, 내가?"""
Avoid#15,"""이얏!"""
HealSelf#15,"""위험했다! 회복, 회복!"""
BuffSelf#15,"""보조도 잊지 말아야지!"""
HealOther#15,"""어이, 회복 잊지 마!"""
BuffOther#15,"""어이, 보조 잊지 마!"""
QuestStart1#15,"""좋아, 간다!"""
QuestStart2#12,"""이번엔 편하겠네."""
QuestEnd1#15,"""자, 끝!"""
QuestEnd2#12,"""이야, 역시 함께하니까<br>편해서 살겠네."""
IncidentStart#15,"""오, 오, 뭐야?<br>뭔가 일어나는 거야?"""
IncidentSuccess#15,"""대성공이네!"""
IncidentFailure#15,"""그건 너무하잖아…"""
PSE#15,"""오, 왠지 굉장한데.<br>포톤이 술렁이는 건가?"""
PSELevelUp#15,"""좋아, 계속 이어 가자!"""
PSEBurst#15,"""왔다!<br>이거야, 이거!"""
HP30#15,"""아직 더 할 수 있다고!"""
HP10#15,"""이, 이제는 위험하려나…"""
ItemRare#15,"""오, 좋은 걸 주웠군!"""
DamageSmall#15,"""윽"""
DamageMiddle#15,"""으악"""
DamageLarge#15,"""아파!"""
Trap#15,"""잠깐, 함정이라니!"""
ThankTrapRescue#15,"""이야, 진짜 살았어."""
TrapRescueOther#15,"""어이, 괜찮아?"""
MemberDamaged#15,"""너무 무리하지 마."""
MemberDead#15,"""잠깐… 장난으로 끝날 일이 아니잖아."""
AbilityExe#15,"""/toge 절호조로 가 보자고!"""
AbilitySpecial#15,"""/toge 나한테 맡기라니까!\u3000응?"""
Resurrect#15,"""위험할 뻔했네…"""
PartyJoin#15,"""/ci1 1 잘 부탁해!"""
Marvelous#15,"""휘유, 제법인데!"""
IncidentJsApcBegin#13,"""/toge /mn9 /ci2 1 오오, 어이, 어이!<br>마침 잘 왔잖아!<br>조금만 도와줘, 응?"""
IncidentJsApcFailure#13,"""크으... 이게 뭐야...<br>정말 못 해 먹겠네.<br>난 먼저 후퇴할게."""
IncidentJsApcSuccess#13,"""/mn15 /ci2 4 좋아, 한 건 끝냈다!<br>헤헷, 어때, 어때?<br>나도 제법 하지, 그렇지?"""
IncidentJsApcBeginEvo#13,"""/mn2 /ci2 1 잠깐, 이게 뭐야!<br>증원 반응이 마구 느껴지잖아!"""
IncidentJsMultiApcBegin#9,"""/ci2 1 어, 어이, 영감님!<br>퍼져 있지 말고 저기 봐!<br>도와주러 왔어!"""
IncidentJsMultiApcSuccess#9,"""/mn1 /ci2 2 이야, 진짜 살았어.<br>영감님은 일찌감치 퍼져 버려서<br>고생 좀 했다고."""
EnemyWeak#16,"""어라어라아, 잡몹 씨가<br>길을 잃고 들어왔나요오?"""
EnemyLarge#16,"""큰 건 좋은 일이죠오.<br>어디를 노려도 맞으니까요오."""
EnemyBoss#16,"""굉장히 강해 보이네요오.<br>재미있을 것 같은 상대예요오."""
EnemyRare#16,"""어라어라어라아?<br>희귀한 게 어슬렁거리네요오.<br>한번 쏴 보고 싶네요오."""
EnemyBoost#16,"""저건… 뭘까요오?<br>불길하고 기묘해서<br>무서운 느낌이에요오?"""
DestroyEnemy1#16,"""후후후후훗."""
DestroyEnemy2#16,"""다음 장난감은 어디 있나요오?"""
DestroyEnemy3#16,"""좋네요오.<br>정말 즐거워요오."""
CondFreeze#16,"""꽁꽁 단단하게<br>얼어 버렸네요오.<br>지금 리사는 아주 차가워요오."""
CondBurn#16,"""후훗, 불타는 리사는 어떤가요오?"""
CondShock#16,"""좋네요오, 저릴 때마다<br>방아쇠를 쥐는 게<br>참을 수가 없어요오…"""
CondPoison#16,"""독의 기분 나쁜 느낌도<br>제법 괜찮네요오."""
CondPanic#16,"""혼란스러워도 똑같아요오.<br>리사는 늘 혼란스러운 거나<br>마찬가지니까요오."""
CondStan#16,"""짧은 시간이긴 해도<br>꼼짝할 수 없다니…<br>흥분되네요오."""
CondMirage#16,"""잘 보이지는 않지만<br>뭐, 마구 쏘면 똑같아요오."""
Die#16,"""…나쁘지… 않네요오."""
ThankHeal#16,"""후훗, 살았어요오."""
ThankBuff#16,"""그럼 더더욱 힘내 볼게요오."""
ThankCure#16,"""개운해졌으니<br>더 죽이고 올게요오."""
DefeatEnemy#16,"""다른 적들은 없나요오?"""
LevelUp#16,"""더 강해졌네요오."""
InvokeSkill1#15,"""움직이지 말아 주세요오."""
InvokeSkill2#13,"""기분 좋지 않나요오?"""
InvokeSkill3#12,"""후후훗, 춤춰 주세요오."""
PBFull#16,"""더 재미있는 걸<br>알고 싶나요오?"""
PBRelease#16,"""지금부터 재미있어져요오."""
TacticsFree#16,"""마음대로 하게 해 주세요오."""
TacticsGuard#16,"""수비를 굳힌 다음<br>나중에 백배로 갚아 줘야죠오."""
TacticsMassedAttack#16,"""집중적으로 괴롭혀 드리죠오."""
TacticsAttack#16,"""적 씨, 총소리 나는 이쪽으로요오."""
Avoid#16,"""어라라아?"""
HealSelf#16,"""슬슬 회복이라도 해 볼까요오."""
BuffSelf#16,"""보조가 있으면<br>더 즐길 수 있겠네요오."""
HealOther#16,"""제대로 회복해 주세요오."""
BuffOther#16,"""보조도 잊으면 안 돼요오?"""
QuestStart1#16,"""후훗, 우후후훗."""
QuestStart2#13,"""좋아요오.<br>함께 즐겨 보자고요오."""
QuestEnd1#16,"""끝나 버렸네요오."""
QuestEnd2#13,"""좀 더 오래오래<br>즐기고 싶었는데요오."""
IncidentStart#16,"""후훗, 뭔가 일어나겠네요오."""
IncidentSuccess#16,"""잘된 것 같네요오."""
IncidentFailure#16,"""욕구 불만이네요오."""
PSE#16,"""어머어머어머어머.<br>이건 혹시 그거 아닌가요오?"""
PSELevelUp#16,"""네네네네.<br>계속 이어 가 보자고요오."""
PSEBurst#16,"""후훗, 황홀할 만큼<br>멋지네요오."""
HP30#16,"""기분 좋아지기 시작했어요오."""
HP10#16,"""좋네요오…<br>이 아슬아슬한 느낌."""
ItemRare#16,"""그거 좋은 물건이죠오.<br>좋네요오, 후훗."""
DamageSmall#16,"""윽"""
DamageMiddle#16,"""후훗."""
DamageLarge#16,"""아파."""
Trap#16,"""함정에 걸리는 것도<br>꽤 신선하네요오."""
ThankTrapRescue#16,"""함정에 걸린 놀이는<br>이제 끝인가요오?"""
TrapRescueOther#16,"""함정, 어땠나요오?<br>기분 좋았나요오?"""
MemberDamaged#16,"""무리해도 되는 건<br>리사뿐이에요오?"""
MemberDead#16,"""흐응, 흠흠…<br>이런이런, 오랜만에<br>화가 나 버렸네요."""
AbilityExe#16,"""/toge 우후훗, 후후후훗.<br>감이 살아났어요오."""
AbilitySpecial#16,"""/toge 리사에게 맡겨 주세요오!"""
Resurrect#16,"""좋은 아침이에요."""
PartyJoin#16,"""/ci1 1 조심해 주세요오."""
Marvelous#16,"""사냥감을 빼앗겼네요오."""
IncidentJsApcBegin#14,"""/ci5 2 어머나, 어머나아?<br>먹잇감이 이렇게 많은데<br>왜 리사를 안 불렀나요오?"""
IncidentJsApcFailure#14,"""...으음, 리사는 어쩐지<br>질려 버렸어요. 돌아갈게요오.<br>그럼 안녕히, 안녕히."""
IncidentJsApcSuccess#14,"""/ci4 3 벌써 끝난 건가요오?<br>으음... 더 싸우고 싶은데요오.<br>리사는 슬쩍 떠날게요오."""
IncidentJsApcBeginEvo#14,"""/ci2 4 어라어라어라아?<br>아직 더 오는 모양이에요오?"""
EnemyWeak#17,"""휴…<br>이, 이 정도라면…"""
EnemyLarge#17,"""조, 조금 너무 크지 않나요?"""
EnemyBoss#17,"""우와, 이 위압감…<br>도망쳐도 될까요?"""
EnemyRare#17,"""아… 저건 분명<br>희귀종이었던 것 같은데…"""
EnemyBoost#17,"""…잠깐만요.<br>이 느낌, 위험해요."""
DestroyEnemy1#17,"""이, 이제 됐죠?"""
DestroyEnemy2#17,"""다, 다음도 하는 건가요?"""
DestroyEnemy3#17,"""해냈어요… 그렇죠?"""
CondFreeze#17,"""도, 동결…?"""
CondBurn#17,"""여, 연소…?"""
CondShock#17,"""가, 감전…?"""
CondPoison#17,"""으윽… 독…?"""
CondPanic#17,"""시야가 이상해…<br>뭐지, 머리가 빙글빙글…"""
CondStan#17,"""모, 몸이 안 움직여…?"""
CondMirage#17,"""우왓, 우와와…<br>시야가 뭔가 이상해요…!"""
Die#17,"""…역시, 이렇게 되는구나."""
ThankHeal#17,"""아, 감사합니다."""
ThankBuff#17,"""그런… 저한테 이렇게까지…"""
ThankCure#17,"""후, 덕분에<br>개운해졌어요."""
DefeatEnemy#17,"""…이, 이제 끝난 거죠?"""
LevelUp#17,"""조금 부럽네요."""
TechFire#4,"""저, 저리 가!"""
TechIce#7,"""어, 얼어 주세요."""
TechThunder#7,"""마, 맞아라!"""
TechWind#4,"""어디 좀 가 주시겠어요?"""
TechLight#5,"""이 정도라면 어떻게든!"""
TechDark#5,"""이, 이 정도라면…"""
PBFull#17,"""이쯤에서 그만하면 안 될까요…?"""
PBRelease#17,"""날아드는 불똥은 막아야 해…"""
TacticsFree#17,"""그, 그럼 쉬어야…<br>가 아니라, 네, 자유롭게 움직일게요."""
TacticsGuard#17,"""방어를 굳히는…<br>것보다 도망쳐도 될까요?"""
TacticsMassedAttack#17,"""다 같이 노리는 거라면<br>제가 열심히 안 해도…"""
TacticsAttack#17,"""제, 제가 미끼로…!?"""
Avoid#17,"""우, 우왓!"""
HealSelf#17,"""회, 회복, 회복을…!"""
BuffSelf#17,"""보, 보조를 잊고 있었어…!"""
HealOther#17,"""회, 회복하지 않으면 안 돼요!"""
BuffOther#17,"""보, 보조 잊지 않았나요!"""
QuestStart1#17,"""너무 기대하지는 마세요."""
QuestStart2#14,"""당신과 함께니까<br>조금 노력해 볼게요."""
QuestEnd1#17,"""끄, 끝난 거죠…?"""
QuestEnd2#14,"""저, 열심히 했나요?"""
IncidentStart#17,"""뭐지…<br>뭔가 일어날 것 같은데요."""
IncidentSuccess#17,"""자, 잘된 건가?"""
IncidentFailure#17,"""…제 탓이야."""
PSE#17,"""포톤이… 뭐랄까<br>술렁인다기보다 활발해져서…"""
PSELevelUp#17,"""이거, 계속하면 되는 거죠?"""
PSEBurst#17,"""우와… 엄청 활성화됐어요.<br>소문보다 더 굉장하네요."""
HP30#17,"""아, 아직 괜찮지만…"""
HP10#17,"""이제 돌아가도 되죠?"""
ItemRare#17,"""아, 그거 좋네요."""
DamageSmall#17,"""윽"""
DamageMiddle#17,"""큭"""
DamageLarge#17,"""으윽!"""
Trap#17,"""함정에 걸리다니<br>역시 전 둔하군요…"""
ThankTrapRescue#17,"""…죄송해요.<br>번거롭게 해 드려서."""
TrapRescueOther#17,"""조, 조심하세요."""
MemberDamaged#17,"""괘, 괜찮으세요?"""
MemberDead#17,"""그런…<br>전 어떻게 해야…"""
AbilityExe#17,"""/toge 상태가 좋아져 버렸어…<br>싸워야 하게 되니까<br>싫은데…"""
AbilitySpecial#17,"""/toge 마, 맡겨 주셔도 되지만…"""
Resurrect#17,"""…또 싸우는 거군요."""
PartyJoin#17,"""/ci1 1 저 같은 사람도 괜찮나요?"""
Marvelous#17,"""싸우는 거, 잘하시네요."""
IncidentJsApcBegin#15,"""/mn10 /ci4 5 아, 죄송한데... 괜찮다면<br>조금 도와주시겠어요?<br>...위험하다기보다 귀찮아서요."""
IncidentJsApcFailure#15,"""...무리는 금물이니까요.<br>죄송하지만 전 귀환할게요."""
IncidentJsApcSuccess#15,"""/ci4 1 ...어, 끝났나요?<br>휴... 아, 그게, 살았어요.<br>전 되도록 싸우기 싫어서요..."""
IncidentJsApcBeginEvo#15,"""/mn10 /ci4 5 하아... 아직 더 오나 보네요.<br>왜 이렇게 끊임없이<br>나타나는 건지..."""
EnemyWeak#18,"""잡병은 물러가라."""
EnemyLarge#18,"""베어 볼 만한 몸집이군."""
EnemyBoss#18,"""진짜 실력자가 등장한 건가."""
EnemyRare#18,"""호오, 희귀종인가!"""
EnemyBoost#18,"""…음, 이건…"""
DestroyEnemy1#18,"""우선 하나!"""
DestroyEnemy2#18,"""하하하!<br>감이 살아나는군!"""
DestroyEnemy3#18,"""아직 벤 것이 부족하다!"""
CondFreeze#18,"""동결이라니… 잔재주를!"""
CondBurn#18,"""연소인가… 번거롭군!"""
CondShock#18,"""감전이라고… 성가시군!"""
CondPoison#18,"""독에 침식되더라도<br>내 검이 무뎌지진 않는다."""
CondPanic#18,"""혼란에 빠지더라도<br>내 칼끝에는 망설임이 없다."""
CondStan#18,"""칫… 몸을 움직일 수 없군."""
CondMirage#18,"""환혹 상태인가… 하지만!"""
Die#18,"""본보기가 되지 못하겠군…"""
ThankHeal#18,"""감사하지."""
ThankBuff#18,"""기대에 부응해야겠군."""
ThankCure#18,"""이걸로 만전이다."""
DefeatEnemy#18,"""아직 베는 맛이 부족하군."""
LevelUp#18,"""음, 더욱 정진하도록 해라."""
InvokeSkill1#16,"""내 일도에 쓰러져라!"""
InvokeSkill2#14,"""찰나에 잘게 베어 주마!"""
InvokeSkill3#13,"""단!"""
PBFull#18,"""이런, 아무래도 할 생각이군."""
PBRelease#18,"""자, 결판을 내도록 하지."""
TacticsFree#18,"""그럼, 각자 뜻대로 움직이지."""
TacticsGuard#18,"""반격할 기회를 기다리지."""
TacticsMassedAttack#18,"""노릴 대상을 하나로 모은다."""
TacticsAttack#18,"""내게 베이고 싶은 자는<br>천천히 앞으로 나오도록."""
Avoid#18,"""느리다!"""
HealSelf#18,"""마무리가 허술했군."""
BuffSelf#18,"""쓸 수 있는 수단은 쓰도록 하지."""
HealOther#18,"""회복을 소홀히 하지 마라."""
BuffOther#18,"""보조도 중요하다."""
QuestStart1#18,"""선봉에서 베며 나아가겠다."""
QuestStart2#15,"""자네의 실력을 기대하고 있다."""
QuestEnd1#18,"""이걸로 끝이군."""
QuestEnd2#15,"""좋은 움직임이었다."""
IncidentStart#18,"""…음, 뭔가 온다."""
IncidentSuccess#18,"""나무랄 데 없는 결과다."""
IncidentFailure#18,"""때로는 실패할 수도 있다."""
PSE#18,"""PSE가 일어나는가."""
PSELevelUp#18,"""더욱 이어 간다."""
PSEBurst#18,"""이 정도 상황은 오랜만이군."""
HP30#18,"""전투 기동에는 문제없다."""
HP10#18,"""…방심이 지나쳤나."""
ItemRare#18,"""좋은 물건을 찾은 모양이군."""
DamageSmall#18,"""호오."""
DamageMiddle#18,"""제법이군."""
DamageLarge#18,"""제법 하는군!"""
Trap#18,"""이 내가 함정에…?"""
ThankTrapRescue#18,"""번거롭게 했군."""
TrapRescueOther#18,"""어떤 때에도 방심하지 마라."""
MemberDamaged#18,"""무리하지 말고 물러나라."""
MemberDead#18,"""…그 한은 풀어 주마."""
AbilityExe#18,"""/toge 음, 몸이 풀리기 시작하는군."""
AbilitySpecial#18,"""/toge 내게 맡겨라."""
Resurrect#18,"""아직 은퇴하기엔 이르다."""
PartyJoin#18,"""/ci1 1 내가 나서지."""
Marvelous#18,"""훌륭한 움직임이다!"""
IncidentJsApcBegin#16,"""/toge /ci1 3 아크스가 위기라면<br>내가 달려오지 않을 이유가 없다.<br>힘을 보태도록 하지."""
IncidentJsApcFailure#16,"""서류 작업만 해 몸이 굳었나.<br>여러모로 생각해 봐야겠군...<br>미안하지만 물러나겠다."""
IncidentJsApcSuccess#16,"""/ci1 3 음, 좋은 운동이었다.<br>그럼 나는 가 보겠다.<br>수련을 게을리하지 마라."""
IncidentJsApcBeginEvo#16,"""/ci5 3 아직도 오는 건가...<br>목숨이 아깝지 않은 모양이군."""
EnemyWeak#19,"""흥!<br>잡몹은 폭발해 버려라!"""
EnemyLarge#19,"""그 큰 몸집, 불쾌하군.<br>폭발시켜 주마!"""
EnemyBoss#19,"""이 적을 쓰러뜨리고<br>내 힘을 보여 주마!"""
EnemyRare#19,"""아앗!\u3000저건!<br>어이, 네놈은 알고 있나?<br>저거, 희귀한 거라고!"""
EnemyBoost#19,"""물러서라, 조심해.<br>저건 위험한 상대다."""
DestroyEnemy1#19,"""제대로 들어갔다!"""
DestroyEnemy2#19,"""아름답지!"""
DestroyEnemy3#19,"""넋을 잃고 봐도 좋다고!"""
CondFreeze#19,"""차가워, 차갑다고!<br>이 녀석!"""
CondBurn#19,"""뜨거워!\u3000뜨겁다고!\u3000젠장!"""
CondShock#19,"""저리잖아!\u3000뭐야, 이건!"""
CondPoison#19,"""독인가… 으윽, 기분 나빠."""
CondPanic#19,"""혼란스러워도<br>전부 날려 버리면 문제없다!"""
CondStan#19,"""으, 움직일 수 없어… 뭐야, 이건!"""
CondMirage#19,"""시야가 이상하다고!<br>뭐야, 이건!"""
Die#19,"""내… 내가…"""
ThankHeal#19,"""흐, 흥, 당연한 일 아니냐?"""
ThankBuff#19,"""벼, 별로 기쁘지 않다고."""
ThankCure#19,"""쓸, 쓸데없는 짓을!"""
DefeatEnemy#19,"""흥, 별것 아니군!"""
LevelUp#19,"""흥, 난 더 강하다!"""
TechFire#5,"""전부 한꺼번에 불태워 주마!"""
PBFull#19,"""그 정도로 해 둬라, 네놈!"""
PBRelease#19,"""자, 간다!\u3000내 힘을 보여 주마!"""
TacticsFree#19,"""그럼 난 자유롭게 하겠다!"""
TacticsGuard#19,"""에이, 방어만 하는 건 재미없어…"""
TacticsMassedAttack#19,"""집중적으로, 집요하게, 불태워 주마!"""
Avoid#19,"""훤히 보인다!"""
HealSelf#19,"""단숨에 회복이다!"""
BuffSelf#19,"""보조도 할 수 있다고!"""
HealOther#19,"""네놈, 회복을 잊어서 어쩌려고!"""
BuffOther#19,"""네놈, 보조를 잊지 마라!"""
QuestStart1#19,"""좋아, 간다. 따라와라!"""
QuestStart2#16,"""네놈이 꼭 부탁한다고 해서다!"""
QuestEnd1#19,"""흐흥, 이 정도는 평범하다."""
QuestEnd2#16,"""뭐, 움직이기 편했다는 건<br>인정해 주마!"""
IncidentStart#19,"""…응?<br>뭔가 일어나는 건가?"""
IncidentSuccess#19,"""대성공이지!"""
IncidentFailure#19,"""에이…"""
PSE#19,"""오오, 뭐야 이건!<br>포톤이 술렁이고 있다고!"""
PSELevelUp#19,"""왠지 두근거리기 시작했다!<br>자, 더 이어 가자!"""
PSEBurst#19,"""오오, 이건 굉장하군!<br>소문 이상인 상태다!"""
HP30#19,"""나중에 배로 갚아 주마!"""
HP10#19,"""…이 내가, 이렇게!"""
ItemRare#19,"""흥, 난 그런 거 필요 없으니까<br>원하는 만큼 가져가라!"""
DamageSmall#19,"""칫"""
DamageMiddle#19,"""으윽"""
DamageLarge#19,"""으악!"""
Trap#19,"""함정?\u3000치사하잖아, 뭐야 그건!"""
ThankTrapRescue#19,"""흐, 흥, 쓸데없는 짓을."""
TrapRescueOther#19,"""조심해라, 네놈."""
MemberDamaged#19,"""나한테 맡기고 물러나라!"""
MemberDead#19,"""…용서하지 않겠다, 절대로!"""
AbilityExe#19,"""/toge 흐흥, 절호조다!"""
AbilitySpecial#19,"""/toge 좋아, 내가 하겠다!"""
Resurrect#19,"""…흥!\u3000우연이다!"""
PartyJoin#19,"""/ci1 1 네놈이 꼭 부탁한다고 해서다!"""
Marvelous#19,"""흥, 제법 움직이잖아."""
IncidentJsApcBegin#17,"""/toge /ci2 2 어이, 네놈!\u3000바로 네놈 말이다!<br>뭔가 재미있는 일을<br>하고 있군!\u3000나도 끼워 줘라!"""
IncidentJsApcFailure#17,"""/mn10  흐음... 왠지 재미없군.<br>졸리기도 하니 난 돌아가겠다!"""
IncidentJsApcSuccess#17,"""/mn15 /ci2 1 후후후, 봤나, 네놈?<br>내 실력을 봤지?\u3000봤잖아!<br>음, 좋아. 만족했다!"""
IncidentJsApcBeginEvo#17,"""/mn15 /ci2 1 오오, 봐라, 네놈!<br>적이 또 나타났다!<br>저것도 폭파해도 되겠지?"""
IncidentJsMultiApcBegin#10,"""/toge /ci2 1 육망균형 클라리스 크레이스,<br>화려하게 등장이다!<br>자, 적군 아군 가리지 말고 경배해라!"""
IncidentJsMultiApcSuccess#10,"""/mn19 /ci2 4 응!\u3000난 전혀, 조금도<br>아무것도 모르겠지만<br>따라가겠다!\u3000그럼 안녕, 네놈!"""
EnemyWeak#20,"""이런이런.<br>그 정도로 제 앞에 서다니요?"""
EnemyLarge#20,"""훌륭한 몸집이군요.<br>강한지는 둘째 치고요."""
EnemyBoss#20,"""자, 이제부터가 본격이군요."""
EnemyRare#20,"""이런?<br>이런 곳에서 희귀종을<br>마주치다니, 운이 좋군요."""
EnemyBoost#20,"""…이런이런, 이건."""
WeatherChange#0,"""저는 빗소리를 좋아합니다만<br>과연 어떤 날씨가 되려나요."""
DestroyEnemy1#20,"""끝났습니다."""
DestroyEnemy2#20,"""다음은 어느 쪽입니까?"""
DestroyEnemy3#20,"""별것도 아닙니다."""
CondFreeze#20,"""이런… 제가 동결되다니?"""
CondBurn#20,"""흠, 연소는 뜨겁군요."""
CondShock#20,"""이런, 감전돼 버렸군요."""
CondPoison#20,"""독입니까…<br>기분 나쁜 것이군요."""
CondPanic#20,"""이런, 혼란에 빠진 건 저인가요?"""
CondStan#20,"""흠, 몸이 움직이지 않는군요…"""
CondMirage#20,"""흠, 환영이 보이는군요."""
Die#20,"""…실수했군요."""
ThankHeal#20,"""감사합니다."""
ThankBuff#20,"""이런, 이건 참."""
ThankCure#20,"""감사드립니다."""
DefeatEnemy#20,"""한차례 정리됐군요."""
LevelUp#20,"""좋군요."""
InvokeSkill1#17,"""자, 마무리할까요."""
InvokeSkill2#15,"""봐주지 않겠습니다."""
InvokeSkill3#14,"""느리군요, 하품이 나옵니다."""
TechWind#5,"""이런 건 어떻습니까?"""
PBFull#20,"""아무래도 놀아 달라는 겁니까?"""
PBRelease#20,"""자, 어울려 드릴까요."""
TacticsFree#20,"""그럼 자유롭게 움직이겠습니다."""
TacticsGuard#20,"""흠, 방어를 굳힐까요."""
TacticsMassedAttack#20,"""그렇군요, 공격을 집중합니까."""
TacticsAttack#19,"""적의 유도는 맡겨 주십시오."""
Avoid#20,"""느리군요."""
HealSelf#20,"""회복이라도 해 둘까요."""
BuffSelf#20,"""보조라도 해 둘까요."""
HealOther#20,"""회복을 잊고 계십니다만?"""
BuffOther#20,"""보조를 잊고 계십니다만?"""
QuestStart1#20,"""자, 가 볼까요."""
QuestStart2#17,"""잘 부탁드립니다.<br><%me> 씨."""
QuestEnd1#20,"""끝난 모양이군요."""
QuestEnd2#17,"""역시 대단하다고 해야겠군요."""
IncidentStart#20,"""뭔가 일어나려는 모양이군요."""
IncidentSuccess#20,"""잘됐군요."""
IncidentFailure#20,"""실패의 원인은, 어디…"""
PSE#20,"""흠, 포톤이 술렁이는군요."""
PSELevelUp#20,"""더 이어 가 보시겠습니까?"""
PSEBurst#20,"""그렇군요, 이게 소문의…<br>정말이지, 대단한 것이군요."""
HP30#20,"""제법이군요."""
HP10#20,"""…방심이 지나쳤나요."""
ItemRare#20,"""이런, 좋은 물건 아닙니까?"""
DamageSmall#20,"""칫"""
DamageMiddle#20,"""큭"""
DamageLarge#20,"""으악!"""
Trap#20,"""이런이런…<br>함정에 걸리고 말다니."""
ThankTrapRescue#20,"""번거롭게 해 드렸습니다."""
TrapRescueOther#20,"""무사하십니까?"""
MemberDamaged#20,"""무리는 금물입니다."""
MemberDead#20,"""…이런이런.<br>번거롭게 됐군요."""
AbilityExe#20,"""/toge 감도 살아났으니<br>제대로 해 볼까요."""
AbilitySpecial#20,"""/toge 제게 맡기셔도 좋습니다."""
Resurrect#20,"""후훗, 아직입니다만?"""
PartyJoin#20,"""/ci1 1 잘 부탁드립니다."""
Marvelous#20,"""예상 이상이군요."""
IncidentJsApcBegin#18,"""/ci2 2 이런, 마침 잘 오셨습니다.<br>조금 번거로운 일이 생겨서요.<br>손을 빌려주시겠습니까?"""
IncidentJsApcFailure#18,"""본의는 아닙니다만<br>여기서는 물러날 수밖에 없겠군요."""
IncidentJsApcSuccess#18,"""/ci2 1 정말이지, 살았습니다.<br>역시 대단하다고밖에 할 말이 없군요."""
IncidentJsApcBeginEvo#18,"""/ci3 2 더 강력한 적성 반응입니까.<br>재미있어지는군요."""
EnemyWeak#21,"""거슬려"""
EnemyLarge#21,"""그 정도 크기로…"""
EnemyBoss#21,"""대상을 확인했습니다."""
EnemyRare#21,"""특별 목표를 확인했습니다."""
EnemyBoost#21,"""…조금 다르군요."""
DestroyEnemy1#21,"""별것 아니군요."""
DestroyEnemy2#21,"""다음"""
DestroyEnemy3#21,"""끝났습니다."""
CondFreeze#21,"""큭… 동결이라니."""
CondBurn#21,"""가벼운 화상 정도로는…"""
CondShock#21,"""약간 저린 정도로는…"""
CondPoison#21,"""독에 침식됐다고 해도…"""
CondPanic#21,"""큭… 혼란?"""
CondStan#21,"""칫, 몸이 움직이지 않아…!"""
CondMirage#21,"""눈속임 따위에…!"""
Die#21,"""…이런 곳에서…"""
ThankHeal#21,"""살았어요."""
ThankBuff#21,"""감사드려요오."""
ThankCure#21,"""진정됐습니다."""
DefeatEnemy#21,"""처리, 완료했습니다."""
LevelUp#21,"""더 강해져 주세요."""
InvokeSkill1#18,"""…잡았다!"""
InvokeSkill2#16,"""일격필살……!"""
InvokeSkill3#15,"""틈을 보였군요."""
PBFull#21,"""끝내도록 할까요."""
PBRelease#21,"""해방합니다."""
TacticsFree#21,"""명령대로."""
TacticsGuard#21,"""적성에 맞진 않지만, 따르겠습니다."""
TacticsMassedAttack#21,"""노릴 대상은 알겠습니다."""
TacticsAttack#20,"""미끼는 서툴지만… 해 보죠."""
Avoid#21,"""후…"""
HealSelf#21,"""한 걸음이 모자랐군요."""
BuffSelf#21,"""준비하도록 할까요."""
HealOther#21,"""위험할 뻔했습니다."""
BuffOther#21,"""보조를 잊지 마세요."""
QuestStart1#21,"""임무를 시작합니다."""
QuestEnd1#21,"""임무 종료"""
IncidentStart#21,"""불온한 기운입니다…"""
IncidentSuccess#21,"""다음으로 가죠."""
IncidentFailure#21,"""이미 끝난 일입니다.<br>너무 신경 쓰지 마세요."""
PSE#21,"""이건… PSE군요."""
PSELevelUp#21,"""가능하다면 계속하죠."""
PSEBurst#21,"""버스트했군요. 역시 대단합니다."""
HP30#21,"""이 정도 위기쯤은…"""
HP10#21,"""…더는, 버틸 수 없어?"""
ItemRare#21,"""…그거, 좋은 물건이에요."""
DamageSmall#21,"""큿"""
DamageMiddle#21,"""앗."""
DamageLarge#21,"""크윽"""
Trap#21,"""이런 초보적인 함정에…"""
ThankTrapRescue#21,"""…수고를 끼쳤습니다."""
TrapRescueOther#21,"""조심해 주세요."""
MemberDamaged#21,"""무리하지 마세요."""
MemberDead#21,"""…용서 못 해."""
AbilityExe#21,"""/toge 흐름을 탄다…!"""
AbilitySpecial#21,"""/toge 이 흐름이라면, 할 수 있어…!"""
Resurrect#21,"""아직 끝나지 않았어."""
PartyJoin#21,"""/ci1 1 잘 부탁드려요오."""
Marvelous#21,"""예상 이상이에요."""
IncidentJsApcBegin#19,"""/ci1 3 ...임무 밖의 일이지만<br>그냥 두고 볼 수는 없습니다."""
IncidentJsApcFailure#19,"""죄송합니다...<br>저는 후퇴하겠습니다."""
IncidentJsApcSuccess#19,"""/ci1 5 ...서로 무사해서 다행입니다.<br>그럼 이만."""
IncidentJsApcBeginEvo#19,"""/ci1 1 …아직 더 오는 모양이군요.<br>어서 정리하죠."""
EnemyWeak#22,"""어이, 겁도 없는 녀석이군!<br>그저 무모한 건가?"""
EnemyLarge#22,"""난 덩치 큰 녀석이 좋다!<br>쓰러뜨리는 보람이 있으니까!"""
EnemyBoss#22,"""지금부터가 진짜다!<br>끓어오르는군, 후하하하핫!"""
EnemyRare#22,"""오오오오오!<br>저건 엄청 희귀한 녀석이다!"""
EnemyBoost#22,"""뭐냐, 뭐냐!<br>이상한 녀석이 왔군!<br>쓰러뜨리는 건 변함없지만!"""
DestroyEnemy1#22,"""다음이다, 다음!"""
DestroyEnemy2#22,"""후하하하핫!<br>역시 나는 강하다!"""
DestroyEnemy3#22,"""제대로 들어갔군!"""
CondFreeze#22,"""동결됐지만, 뭐 괜찮아!<br>곧 어떻게든 되겠지!"""
CondBurn#22,"""연소됐지만, 뭐 괜찮아!<br>곧 어떻게든 되겠지!"""
CondShock#22,"""감전됐지만, 뭐 괜찮아!<br>곧 어떻게든 되겠지!"""
CondPoison#22,"""독에 걸렸지만, 뭐 괜찮아!<br>곧 어떻게든 되겠지!"""
CondPanic#22,"""혼란에 빠졌지만, 뭐 괜찮아!<br>곧 어떻게든 되겠지!"""
CondStan#22,"""움직일 수 없지만, 뭐 괜찮아!<br>곧 어떻게든 되겠지!"""
CondMirage#22,"""환혹에 빠졌지만, 뭐 괜찮아!<br>곧 어떻게든 되겠지!"""
Die#22,"""이 내가…!?"""
ThankHeal#22,"""고마워!"""
ThankBuff#22,"""난 절호조야!"""
ThankCure#22,"""난 완전히 회복했어!"""
DefeatEnemy#22,"""흥, 별것 아니군!"""
LevelUp#22,"""성장은 아름답다!"""
InvokeSkill1#19,"""내게서는 도망칠 수 없다!"""
InvokeSkill2#17,"""하하하하하!"""
InvokeSkill3#16,"""멋지게 끝내 주마!"""
PBFull#22,"""훗!<br>불타오르는 상황이다!"""
PBRelease#22,"""좋았어, 불타오르기 시작했다!"""
TacticsFree#22,"""난 평소대로 움직이겠다!"""
TacticsGuard#22,"""지키기보다 공격하고 싶다!"""
TacticsMassedAttack#22,"""효율적인 작전이군!"""
TacticsAttack#21,"""내 이름은 휴이!<br>두렵지 않다면 어디서든<br>덤벼라!\u3000하하하!"""
Avoid#22,"""훤히 보인다!"""
HealSelf#22,"""근성으로 회복!"""
BuffSelf#22,"""기합으로 보조!"""
HealOther#22,"""자네도 근성으로 회복하게!"""
BuffOther#22,"""자네도 이 보조를 활용하게!"""
QuestStart1#22,"""나한테 맡겨 둬라!"""
QuestStart2#18,"""자네와 함께하면 감이 좋다!"""
QuestEnd1#22,"""끝났다!"""
QuestEnd2#18,"""힘차게 움직였군!"""
IncidentStart#22,"""음, 뭔가 일어날 예감!"""
IncidentSuccess#22,"""대성공이군!"""
IncidentFailure#22,"""아직도 미숙하군…"""
PSE#22,"""음, 포톤이 시끄럽다!<br>이건 PSE의 예감이다!"""
PSELevelUp#22,"""좋아, 더 이어 간다!"""
PSEBurst#22,"""해냈다!<br>이게 최종 단계다!"""
HP30#22,"""이 정도 상처는 핥으면 낫는다!"""
HP10#22,"""죽음 속에서 살길을 찾는다!"""
ItemRare#22,"""오, 좋은 물건 아닌가!<br>가져라, 가져!"""
DamageSmall#22,"""큭"""
DamageMiddle#22,"""뭐라고!"""
DamageLarge#22,"""으윽!"""
Trap#22,"""함정이라니 비겁하군!"""
ThankTrapRescue#22,"""감사한다!"""
TrapRescueOther#22,"""기다리게 했군!"""
MemberDamaged#22,"""나한테 맡기고 물러나라!"""
MemberDead#22,"""…용서하지 않겠다, 절대로!"""
AbilityExe#22,"""/toge 나, 절호조!"""
AbilitySpecial#22,"""/toge 후하하!\u3000나한테 맡겨 둬라!"""
Resurrect#22,"""근성으로 부활!"""
PartyJoin#22,"""/ci1 1 맡겨만 주게!"""
Marvelous#22,"""바로 그 기세다!"""
IncidentJsApcBegin#20,"""/toge /ci2 1 곤란에 빠진 포톤을 감지하고!<br>육망균형 휴이, 화려하게 등장!<br>나한테 맡겨 둬라!"""
IncidentJsApcFailure#20,"""/toge /ci2 1 육망균형이라도 방심하면<br>이 꼴이다!\u3000방심은 금물이다!"""
IncidentJsApcSuccess#20,"""/toge /ci2 1 훗… 나를 막고 싶다면<br>지금의 백 배는 데려오도록!"""
IncidentJsApcBeginEvo#20,"""/toge /ci2 아직도 오는가!<br>하하하, 제법 근성 있는 녀석들이군!<br>…하지만 난 멈추지 않는다!"""
IncidentJsMultiApcBegin#11,"""/toge /ci2 1 /mn15 후하하하하핫!<br>육망균형 휴이!\u3000화려하게 등장!<br>적에게 포위됐지만 신경 쓰지 마라!"""
IncidentJsMultiApcSuccess#11,"""/toge /ci2 1 /mn15 좋아, 좋아, 끝났군!<br>그럼 다음 포톤이 있는 곳으로<br>가 볼까, 클라리스 크레이스!"""
Die#23,"""리이... 리리리..."""
DamageSmall#23,"""리잇!"""
DamageMiddle#23,"""리잇!"""
DamageLarge#23,"""리잇!"""
IncidentEscortFear#0,"""/mn2 리리리… 리리리…!"""
IncidentEscortStartMove#0,"""/mn17 리리릿!\u3000리리릿!"""
IncidentEscortSuccess#0,"""/ci2 1 /mn38 리리!\u3000리리리!"""
EnemyWeak#23,"""이 정도 실력으로 덤벼오다니…!"""
EnemyLarge#23,"""덩치는 큰 모양이다만<br>과연 실력은 어떨까."""
EnemyBoss#23,"""진짜가 등장했다는 건가."""
EnemyRare#23,"""음, 저건 희귀종이군."""
EnemyBoost#23,"""이 분위기는… 조심하게."""
DestroyEnemy1#23,"""자, 다음이다!"""
DestroyEnemy2#23,"""이 정도인가!"""
DestroyEnemy3#23,"""별것 아니군!"""
CondFreeze#23,"""칫, 동결인가…!"""
CondBurn#23,"""칫, 연소인가…!"""
CondShock#23,"""칫, 감전인가…!"""
CondPoison#23,"""칫, 독이라고…!"""
CondPanic#23,"""칫, 혼란인가…!"""
CondStan#23,"""칫, 움직일 수 없군…!"""
CondMirage#23,"""칫, 환혹인가…!"""
Die#24,"""지도자 실격이군…"""
ThankHeal#23,"""살았다!"""
ThankBuff#23,"""좋은 판단이다."""
ThankCure#23,"""수고를 끼치는군."""
DefeatEnemy#23,"""제압을 완료했다."""
LevelUp#23,"""더 높은 곳을 목표로 하게!"""
InvokeSkill1#20,"""단숨에 간다!"""
InvokeSkill2#18,"""확실히 끝낸다!"""
InvokeSkill3#17,"""방심이 지나쳤군!"""
PBFull#23,"""제멋대로 날뛰는군!"""
PBRelease#23,"""자, 끝내도록 하지…!"""
TacticsFree#23,"""그럼 자유롭게 움직이겠다."""
TacticsGuard#23,"""각자 방어를 굳혀라!"""
TacticsMassedAttack#23,"""집중해서 수를 줄인다."""
TacticsAttack#22,"""이쪽으로 끌어들이겠다!"""
Avoid#23,"""느리다!"""
HealSelf#23,"""슬슬 회복해 둘까."""
BuffSelf#23,"""무슨 일이든 준비는 필요하다."""
HealOther#23,"""회복을 잊어선 안 된다."""
BuffOther#23,"""능력 강화도 중요하다."""
QuestStart1#23,"""마음을 다잡고 가도록 하게!"""
QuestEnd1#23,"""좋아, 임무 완료다!"""
IncidentStart#23,"""예기치 못한 사태에 대비하라!"""
IncidentSuccess#23,"""좋아, 잘했다!"""
IncidentFailure#23,"""어쩔 수 없군."""
PSE#23,"""PSE가 시작되는 모양이군."""
PSELevelUp#23,"""더 이어 간다!"""
PSEBurst#23,"""이걸로 완료다!"""
HP30#23,"""제법 하는군…"""
HP10#23,"""이대로는…"""
ItemRare#23,"""오, 좋은 물건을 얻었군."""
DamageSmall#24,"""큭!"""
DamageMiddle#24,"""젠장!"""
DamageLarge#24,"""크악!"""
Trap#23,"""내가 함정에 걸리고 말다니…"""
ThankTrapRescue#23,"""감사하지."""
TrapRescueOther#23,"""곧 구해 주겠다."""
MemberDamaged#23,"""무리하지 마라!"""
MemberDead#23,"""…용서하지 않겠다!"""
AbilityExe#23,"""/toge 몸이 가벼워지는군!"""
AbilitySpecial#23,"""/toge 내게 맡기도록!"""
Resurrect#23,"""아직 끝나지 않았다!"""
PartyJoin#23,"""/ci1 1 자네의 힘을 보여 주게!"""
Marvelous#23,"""좋은 움직임이야!"""
IncidentJsApcBegin#21,"""/toge /ci3 2 포위된 모양이군.<br>도와주겠다!"""
IncidentJsApcFailure#21,"""이 정도 교전으로...<br>나도 쇠약해졌군..."""
IncidentJsApcSuccess#21,"""/ci2 2 좋아, 잘 해냈다!<br>그럼 나는 가 보겠다!"""
IncidentJsApcBeginEvo#21,"""음, 증원인가!<br>방심하지 마라!"""
EnemyWeak#24,"""내 상대는 못 되겠네."""
EnemyLarge#24,"""쓰러뜨릴 맛은 있겠네."""
EnemyBoss#24,"""자, 이제부터가 본격이야."""
EnemyRare#24,"""희귀한 녀석이 있나 보네."""
EnemyBoost#24,"""이 분위기… 조심해."""
DestroyEnemy1#24,"""자, 다음이야."""
DestroyEnemy2#24,"""준비 운동도 안 되겠네."""
DestroyEnemy3#24,"""너무 세게 했나?"""
CondFreeze#24,"""큭… 동결?"""
CondBurn#24,"""큭… 연소?"""
CondShock#24,"""큭… 감전?"""
CondPoison#24,"""큭… 독?"""
CondPanic#24,"""큭… 혼란?"""
CondStan#24,"""큭… 몸이…!"""
CondMirage#24,"""큭… 환혹?"""
Die#25,"""이 내가…?"""
ThankHeal#24,"""감사는 하지."""
ThankBuff#24,"""좋은 판단이야."""
ThankCure#24,"""살았어."""
DefeatEnemy#24,"""제압 완료야."""
LevelUp#24,"""넌 더 강해질 거야."""
InvokeSkill1#21,"""단숨에 끝낼 거야!"""
TechFire#6,"""불타라!"""
TechIce#8,"""얼어붙게 해 주지."""
TechThunder#8,"""도망칠 수 없어."""
TechWind#6,"""갈기갈기 찢어 주지."""
TechLight#6,"""빛에 꿰뚫려라."""
TechDark#6,"""어둠을 이 손에."""
PBFull#24,"""우쭐대는 것도 여기까지야."""
PBRelease#24,"""자, 다녀오렴."""
TacticsFree#24,"""알았어, 자유롭게 움직일게."""
TacticsGuard#24,"""지금은 버틸 때야."""
TacticsMassedAttack#24,"""이치에 맞는 작전이네."""
TacticsAttack#23,"""미끼는 내게 맡겨."""
Avoid#24,"""느려."""
HealSelf#24,"""위기에 빠지지 않는 게 중요해."""
BuffSelf#24,"""할 수 있는 일은 해야지."""
HealOther#24,"""회복을 잊지 마."""
BuffOther#24,"""보조를 소홀히 하지 마."""
QuestStart1#24,"""힘을 보여 봐."""
QuestEnd1#24,"""수고했어, 임무 완료야."""
IncidentStart#24,"""이건… 뭔가 일어나겠네."""
IncidentSuccess#24,"""성공한 모양이네, 잘했어."""
IncidentFailure#24,"""뭐, 어쩔 수 없지."""
PSE#24,"""PSE가 시작될 거야."""
PSELevelUp#24,"""더 이어 갈 거야."""
PSEBurst#24,"""이걸로 끝이야."""
HP30#24,"""방심한 건 나였나…"""
HP10#24,"""이대로는…"""
ItemRare#24,"""어머, 좋은 걸 주웠나 보네."""
DamageSmall#25,"""큿"""
DamageMiddle#25,"""큭."""
DamageLarge#25,"""크윽!"""
Trap#24,"""내가 함정에 걸리다니…"""
ThankTrapRescue#24,"""살았어."""
TrapRescueOther#24,"""괜찮아?"""
MemberDamaged#24,"""무리는 금물이야."""
MemberDead#24,"""…용서하지 않겠어."""
AbilityExe#24,"""/toge 몸 상태가 좋은 것 같네."""
AbilitySpecial#24,"""/toge 나한테 맡겨."""
Resurrect#24,"""누워 있을 때가 아니지."""
PartyJoin#24,"""/ci1 1 특별 수업을 시작해 볼까."""
Marvelous#24,"""좋은 움직임이야."""
IncidentJsApcBegin#22,"""/ci3 2 포위된 모양이네. 협력할게."""
IncidentJsApcFailure#22,"""내가 이 정도 일로...?<br>미안해, 후퇴할게."""
IncidentJsApcSuccess#22,"""/ci2 2 끝난 모양이네.<br>그럼 난 가 볼게."""
IncidentJsApcBeginEvo#22,"""/ci3 1 아직 끝날 것 같지 않네.<br>방심하지 말고 가자."""
EnemyWeak#25,"""잡졸은 꺼져."""
EnemyLarge#25,"""덩치만 큰 무능한 놈이."""
EnemyBoss#25,"""행차하셨나…"""
EnemyRare#25,"""…희귀하든 말든 적은 적이야."""
EnemyBoost#25,"""이 분위기는…!"""
DestroyEnemy1#25,"""흥…"""
DestroyEnemy2#25,"""방해한 네 탓이야."""
DestroyEnemy3#25,"""…다음으로 가."""
CondFreeze#25,"""동결…인가."""
CondBurn#25,"""연소…인가."""
CondShock#25,"""감전…인가."""
CondPoison#25,"""독…인가."""
CondPanic#25,"""혼란 정도로…"""
CondStan#25,"""움직일 수 없어도…"""
CondMirage#25,"""환혹…인가."""
Die#26,"""젠장… 이런 곳에서…"""
ThankHeal#25,"""…감사는 할게."""
ThankBuff#25,"""…쓸데없는 짓이라고는 안 할게."""
ThankCure#25,"""…판단은 옳았어."""
DefeatEnemy#25,"""다음 목표는 어디지?"""
LevelUp#25,"""흥, 계속 힘써 줘."""
InvokeSkill1#22,"""사라져!"""
InvokeSkill2#19,"""놓치지 않아!"""
InvokeSkill3#18,"""내 앞에서 사라져!"""
PBFull#25,"""잘도 해 줬겠다… 응?"""
PBRelease#25,"""비켜, 간다!"""
TacticsFree#25,"""자유롭게 할게."""
TacticsGuard#25,"""칫, 버티는 건 성미에 안 맞아."""
TacticsMassedAttack#25,"""집중해서 짓뭉갠다."""
TacticsAttack#24,"""전부 한꺼번에 상대해 주지."""
Avoid#25,"""흥!"""
HealSelf#25,"""회복 좀 할게."""
BuffSelf#25,"""확실히 끝낼 준비야."""
HealOther#25,"""흥, 회복을 잊지 마."""
BuffOther#25,"""흥, 준비를 잊지 마."""
QuestStart1#25,"""빨리 시작하자."""
QuestEnd1#25,"""이 정도로 해 둘까."""
IncidentStart#25,"""…뭔가 일어난다."""
IncidentSuccess#25,"""당연한 결과야."""
IncidentFailure#25,"""칫… 실패라니."""
PSE#25,"""PSE가 발생할 거야."""
PSELevelUp#25,"""계속할 생각이야?"""
PSEBurst#25,"""이걸로 활성화 완료."""
HP30#25,"""아직 할 수 있어…!"""
HP10#25,"""크윽… 아직, 아직이야…!"""
ItemRare#25,"""관심 없어.<br>원하는 만큼 가져가."""
DamageSmall#26,"""칫"""
DamageMiddle#26,"""으악"""
DamageLarge#26,"""크윽!"""
Trap#25,"""함정 따위에…!"""
ThankTrapRescue#25,"""…수고를 끼쳤네."""
TrapRescueOther#25,"""손이 많이 가네…!"""
MemberDamaged#25,"""무리하지 마."""
MemberDead#25,"""…또 나는…!"""
AbilityExe#25,"""/toge 나쁘지 않은 상태야."""
AbilitySpecial#25,"""/toge 이대로 전부…!"""
Resurrect#25,"""…흥, 문제없어."""
PartyJoin#25,"""/ci1 1 어쩔 수 없네."""
Marvelous#25,"""이대로 간다."""
IncidentJsApcBegin#23,"""/ci4 2 마침 잘 만났네.<br>조금 도와줘."""
IncidentJsApcFailure#23,"""...너무 욕심을 부렸나.<br>난 먼저 후퇴할게."""
IncidentJsApcSuccess#23,"""/ci2 2 ...일단 고맙다는 말은 해 둘게."""
IncidentJsApcBeginEvo#23,"""/ci5 2 ...이 기척은...<br>칫, 아직 더 오는 건가."""
EnemyWeak#26,"""이, 이 정도 적이라면<br>저라도 어떻게든…"""
EnemyLarge#26,"""크, 크다…<br>이게 진짜 박력…"""
EnemyBoss#26,"""와, 와앗, 굉장한 게<br>나왔어요!"""
EnemyRare#26,"""저건 희귀한 종류예요.<br>자료에서 본 적 있어요."""
EnemyBoost#26,"""…왠지 무서운 느낌이에요."""
DestroyEnemy1#26,"""해냈어요!"""
DestroyEnemy2#26,"""저도 해냈어요!"""
DestroyEnemy3#26,"""선배 덕분이에요!"""
CondFreeze#26,"""으으… 추워요…"""
CondBurn#26,"""으으… 뜨거워요…"""
CondShock#26,"""으으… 몸이 저려요…"""
CondPoison#26,"""으으… 독이…"""
CondPanic#26,"""으으… 세상이 빙글빙글 돌아요."""
CondStan#26,"""으으… 몸이 안 움직여요…"""
CondMirage#26,"""으으… 눈앞이 번쩍거려요…"""
Die#27,"""싫어… 이건…"""
ThankHeal#26,"""감사합니다!"""
ThankBuff#26,"""살았어요!"""
ThankCure#26,"""번거롭게 해 드려 죄송해요!"""
DefeatEnemy#26,"""어, 어떻게든 해냈어요…"""
LevelUp#26,"""선배는 정말 대단해요…"""
InvokeSkill1#23,"""이걸로!"""
InvokeSkill2#20,"""저도 할 수 있을 거예요!"""
InvokeSkill3#19,"""해치울게요!"""
TechFire#7,"""불타 주세요!"""
TechIce#9,"""얼어 주세요!"""
TechThunder#9,"""감전돼 버리세요!"""
TechWind#7,"""날아가 버려요!"""
TechLight#7,"""부탁해요!"""
TechDark#7,"""이거라면 어때요!"""
PBFull#26,"""비장의 수를 쓸 차례예요!"""
PBRelease#26,"""힘내 줘!"""
TacticsFree#26,"""자유롭게라니… 어, 그러니까<br>아, 알겠습니다!"""
TacticsGuard#26,"""수비라니… 저기, 그러니까<br>아, 알겠습니다!"""
TacticsMassedAttack#26,"""집중이라니… 어, 저기<br>아, 알겠습니다!"""
TacticsAttack#25,"""미끼라니… 네, 네엣!?<br>제, 제가요!?"""
Avoid#26,"""얍!"""
HealSelf#26,"""위험했어…"""
BuffSelf#26,"""보, 보조해야 해…"""
HealOther#26,"""괘, 괜찮으세요!?"""
BuffOther#26,"""보조할게요!"""
QuestStart1#26,"""서, 선배!<br>저, 열심히 할게요!"""
QuestStart2#19,"""선배가 함께라면<br>저, 괜찮아요!"""
QuestEnd1#26,"""해, 해냈어요!"""
QuestEnd2#19,"""선배 덕분이에요!"""
IncidentStart#26,"""이, 이게 뭘까요?"""
IncidentSuccess#26,"""서, 선배가 함께여서 다행이에요.<br>혼자였다면 어떻게 됐을지…"""
IncidentFailure#26,"""죄, 죄송해요…<br>제가 서툴러서…"""
PSE#26,"""저기, 이게 혹시<br>PSE라는 건가요?"""
PSELevelUp#26,"""대단해요, 대단해요!<br>자료에서 본 그대로예요!"""
PSEBurst#26,"""이게 PSE 버스트…<br>대단해… 상상 이상이에요!"""
HP30#26,"""으윽, 아, 아직이에요…"""
HP10#26,"""…더는 무리예요."""
ItemRare#26,"""그거 좋은 물건이죠!"""
DamageSmall#27,"""꺅!"""
DamageMiddle#27,"""아야!"""
DamageLarge#27,"""싫어엇!"""
Trap#26,"""그, 그럴 수가…<br>이런 곳에 함정이라니…!"""
ThankTrapRescue#26,"""아, 감사합니다!"""
TrapRescueOther#26,"""괘, 괜찮으세요!?"""
MemberDamaged#26,"""회, 회복을!"""
MemberDead#26,"""그, 그럴 수가…<br>이런 일이…!"""
AbilityExe#26,"""/toge 몸이 가벼워요.<br>지금이라면 저도!"""
AbilitySpecial#26,"""/toge 맡겨 주세요!"""
Resurrect#26,"""조금만 더 힘낼게요!"""
PartyJoin#26,"""/ci1 1 와앗, 힘내야 해요…!"""
Marvelous#26,"""저도 힘낼게요, 선배!"""
IncidentJsApcBegin#24,"""/mn2 /ci4 3 서, 선배님!<br>죄송하지만 도와주세요!<br>적이 잔뜩 몰려왔어요...!"""
IncidentJsApcFailure#24,"""/mn7 으으... 죄송해요...<br>더는 무리예요..."""
IncidentJsApcSuccess#24,"""/mn15 /ci2 1 휴, 어떻게든 해냈어요...<br>선배님, 정말 감사합니다!"""
IncidentJsApcBeginEvo#24,"""/mn2 /ci4 3 와앗, 와와앗…!<br>왠지 또 나타날 기척이…"""
EnemyWeak#27,"""이 정도라면 저도<br>어떻게든 할 수 있습니다!"""
EnemyLarge#27,"""엄청… 큽니다!"""
EnemyBoss#27,"""이 박력!<br>진짜가 등장했군요!"""
EnemyRare#27,"""아앗, 저건!<br>스승님, 희귀한 녀석입니다!"""
EnemyBoost#27,"""이 분위기는…<br>위험한 녀석일까요!"""
DestroyEnemy1#27,"""제대로 들어갔다!"""
DestroyEnemy2#27,"""해냈어요!"""
DestroyEnemy3#27,"""자, 다음입니다!"""
CondFreeze#27,"""윽… 동결…!?"""
CondBurn#27,"""윽… 연소…!?"""
CondShock#27,"""윽… 감전…!?"""
CondPoison#27,"""윽… 독…!?"""
CondPanic#27,"""윽… 머리가…"""
CondStan#27,"""윽… 몸이…"""
CondMirage#27,"""윽… 시야가…"""
Die#28,"""아직 끝날 수는…"""
ThankHeal#27,"""감사합니다!"""
ThankBuff#27,"""훌륭한 판단입니다!"""
ThankCure#27,"""번거롭게 해 드려 죄송해요!"""
DefeatEnemy#27,"""휴…<br>어떻게든 해냈군요, 스승님!"""
LevelUp#27,"""저는 평생 따라가겠습니다!"""
InvokeSkill1#24,"""필!\u3000살!"""
InvokeSkill2#21,"""우오랴아아아앗!"""
InvokeSkill3#20,"""제가 끝내 보이겠습니다!"""
PBFull#27,"""준비 완료, 지금이 기회입니다!"""
PBRelease#27,"""힘이 솟는다아앗!"""
TacticsFree#27,"""저, 자유롭게 싸우겠습니다!"""
TacticsGuard#27,"""저, 수비를 굳히겠습니다!"""
TacticsMassedAttack#27,"""저, 한곳에 집중해 공격하겠습니다!"""
TacticsAttack#26,"""제가 적을 끌어들이겠습니다!"""
Avoid#27,"""하앗!"""
HealSelf#27,"""회복해야 합니다!"""
BuffSelf#27,"""보조를 잊었습니다!"""
HealOther#27,"""회복하겠습니다!"""
BuffOther#27,"""제가 보조하겠습니다!"""
QuestStart1#27,"""불타오릅니다!<br>갑시다!"""
QuestStart2#20,"""저, 최선을 다하겠습니다!"""
QuestEnd1#27,"""스승님, 끝났습니다!"""
QuestEnd2#20,"""역시 스승님!<br>훌륭하다는 말밖에 안 나옵니다!"""
IncidentStart#27,"""오오옷!?<br>뭔가 일어날 것 같습니다!"""
IncidentSuccess#27,"""해냈습니다, 스승님!<br>성공입니다!"""
IncidentFailure#27,"""…죄송합니다.<br>제가 한심한 탓에…"""
PSE#27,"""오오!<br>이게 혹시 PSE…!"""
PSELevelUp#27,"""스승님!<br>이 기세로 계속 이어 갑시다!"""
PSEBurst#27,"""이게 최종 단계…<br>설마 직접 보게 될 줄이야!"""
HP30#27,"""아직입니다!"""
HP10#27,"""이, 이 이상은 아무래도…"""
ItemRare#27,"""스승님, 그거 좋은 물건이군요!"""
DamageSmall#28,"""큭, 제법입니다!"""
DamageMiddle#28,"""크윽!"""
DamageLarge#28,"""우앗!"""
Trap#27,"""방심했습니다!<br>이런 곳에 함정이라니!"""
ThankTrapRescue#27,"""큰 도움이 됩니다!"""
TrapRescueOther#27,"""괜찮으세요!"""
MemberDamaged#27,"""무리하지 마십시오!"""
MemberDead#27,"""…이런 일은<br>용납할 수 없습니다!"""
AbilityExe#27,"""/toge 몸이 가볍습니다!"""
AbilitySpecial#27,"""/toge 제가 가겠습니다!"""
Resurrect#27,"""근성이다아아앗!"""
PartyJoin#27,"""/ci1 1 맡겨 주십시오, 스승님!"""
Marvelous#27,"""스승님, 역시 대단하십니다!"""
IncidentJsApcBegin#25,"""/ci2 1 서, 스승님!<br>혼자서는 버티기 힘듭니다!<br>죄송하지만 도와주십시오!"""
IncidentJsApcFailure#25,"""……스승님, 죄송합니다.<br>저는 먼저 물러나겠습니다."""
IncidentJsApcSuccess#25,"""/ci2 1 해냈습니다!<br>어떻게든 격퇴했습니다!<br>스승님 덕분입니다!"""
IncidentJsApcBeginEvo#25,"""으음, 오오옷!<br>새로운 기척입니다!<br>스승님, 아직 안 끝난 것 같습니다!"""
EnemyWeak#28,"""거슬려"""
EnemyLarge#28,"""그 정도 크기로…"""
EnemyBoss#28,"""대상을 확인했습니다."""
EnemyRare#28,"""특별 목표를 확인했습니다."""
EnemyBoost#28,"""…조금 다르군요."""
DestroyEnemy1#28,"""별것 아니군요."""
DestroyEnemy2#28,"""다음"""
DestroyEnemy3#28,"""끝났습니다."""
CondFreeze#28,"""큭… 동결이라니."""
CondBurn#28,"""가벼운 화상 정도로는…"""
CondShock#28,"""약간 저린 정도로는…"""
CondPoison#28,"""독에 침식됐다고 해도…"""
CondPanic#28,"""큭… 혼란?"""
CondStan#28,"""칫, 몸이 움직이지 않아…!"""
CondMirage#28,"""눈속임 따위에…!"""
Die#29,"""…이런 곳에서…"""
ThankHeal#28,"""살았어요."""
ThankBuff#28,"""감사드려요오."""
ThankCure#28,"""진정됐습니다."""
DefeatEnemy#28,"""처리, 완료했습니다."""
LevelUp#28,"""더 강해져 주세요."""
InvokeSkill1#25,"""…잡았다!"""
InvokeSkill2#22,"""일격필살……!"""
InvokeSkill3#21,"""틈을 보였군요."""
PBFull#28,"""끝내도록 할까요."""
PBRelease#28,"""해방합니다."""
TacticsFree#28,"""명령대로."""
TacticsGuard#28,"""적성에 맞진 않지만, 따르겠습니다."""
TacticsMassedAttack#28,"""노릴 대상은 알겠습니다."""
TacticsAttack#27,"""미끼는 서툴지만… 해 보죠."""
Avoid#28,"""후…"""
HealSelf#28,"""한 걸음이 모자랐군요."""
BuffSelf#28,"""준비하도록 할까요."""
HealOther#28,"""위험할 뻔했습니다."""
BuffOther#28,"""보조를 잊지 마세요."""
QuestStart1#28,"""임무를 시작합니다."""
QuestEnd1#28,"""임무 종료"""
IncidentStart#28,"""불온한 기운입니다…"""
IncidentSuccess#28,"""다음으로 가죠."""
IncidentFailure#28,"""이미 끝난 일입니다.<br>너무 신경 쓰지 마세요."""
PSE#28,"""이건… PSE군요."""
PSELevelUp#28,"""가능하다면 계속하죠."""
PSEBurst#28,"""버스트했군요. 역시 대단합니다."""
HP30#28,"""이 정도 위기쯤은…"""
HP10#28,"""…더는, 버틸 수 없어?"""
ItemRare#28,"""…그거, 좋은 물건이에요."""
DamageSmall#29,"""큿"""
DamageMiddle#29,"""앗."""
DamageLarge#29,"""크윽"""
Trap#28,"""이런 초보적인 함정에…"""
ThankTrapRescue#28,"""…수고를 끼쳤습니다."""
TrapRescueOther#28,"""조심해 주세요."""
MemberDamaged#28,"""무리하지 마세요."""
MemberDead#28,"""…용서 못 해."""
AbilityExe#28,"""/toge 흐름을 탄다…!"""
AbilitySpecial#28,"""/toge 이 흐름이라면, 할 수 있어…!"""
Resurrect#28,"""아직 끝나지 않았어."""
PartyJoin#28,"""/ci1 1 잘 부탁드려요오."""
Marvelous#28,"""예상 이상이에요."""
IncidentJsApcBegin#26,"""/ci1 3 ...임무 밖의 일이지만<br>그냥 두고 볼 수는 없습니다."""
IncidentJsApcFailure#26,"""죄송합니다...<br>저는 후퇴하겠습니다."""
IncidentJsApcSuccess#26,"""/ci1 5 ...서로 무사해서 다행입니다.<br>그럼 이만."""
IncidentJsApcBeginEvo#26,"""/ci1 1 …아직 더 오는 모양이군요.<br>어서 정리하죠."""
EnemyWeak#29,"""아, 사라지고 싶은 거구나."""
EnemyLarge#29,"""크고 거슬리네."""
EnemyBoss#29,"""상대가 누구든 달라질 건 없어."""
EnemyRare#29,"""희귀종이라도 상관없어."""
EnemyBoost#29,"""…!<br>너는 내가 없애겠어!"""
DestroyEnemy1#29,"""다음"""
DestroyEnemy2#29,"""다음 적은 어디지?"""
DestroyEnemy3#29,"""이놈이고 저놈이고…"""
CondFreeze#29,"""동결 따위로…"""
CondBurn#29,"""연소 따위로…"""
CondShock#29,"""감전 따위로…"""
CondPoison#29,"""독 따위로…"""
CondPanic#29,"""누구든 전부<br>없애면 되는 거지?"""
CondStan#29,"""몸이 움직이지 않아도…"""
CondMirage#29,"""시야가 이상해도<br>싸울 수는 있어…!"""
Die#30,"""난 아직… 그녀에게…"""
ThankHeal#29,"""감사드려요오."""
ThankBuff#29,"""고마워요."""
ThankCure#29,"""원래대로 돌아왔어요.<br>이제 괜찮습니다."""
DefeatEnemy#29,"""아직, 아직 부족해…"""
LevelUp#29,"""힘은 많을수록 좋아."""
TechFire#8,"""소각!"""
TechIce#10,"""얼어붙어라!"""
TechThunder#10,"""달려라, 번개여!"""
TechWind#8,"""휘몰아쳐라, 바람이여!"""
TechLight#8,"""빛 속에서 사라져라!"""
TechDark#8,"""어둠과 함께 스러져라!"""
PBFull#29,"""전부 다 거슬려."""
PBRelease#29,"""내 적을 쳐부숴라…!"""
TacticsFree#29,"""그럼 자유롭게 할게요오."""
TacticsGuard#29,"""…방어군요, 따르겠습니다."""
TacticsMassedAttack#29,"""한 점에 집중…<br>확실히 효율적이군요."""
TacticsAttack#28,"""모든 적은 제가 맡겠습니다."""
Avoid#29,"""느려."""
HealSelf#29,"""그렇게는 안 돼."""
BuffSelf#29,"""전력으로 짓뭉갠다."""
HealOther#29,"""너무 방심하셨군요."""
BuffOther#29,"""보조를 잊지 말아 주세요."""
QuestStart1#29,"""닥치는 대로 없애 버린다."""
QuestEnd1#29,"""이 기세로 더 많은<br>적을 없애 가죠."""
IncidentStart#29,"""뭔가 옵니다."""
IncidentSuccess#29,"""끝난 모양입니다."""
IncidentFailure#29,"""…너무 신경 쓰지 마세요."""
PSE#29,"""PSE가 시작됐나…"""
PSELevelUp#29,"""적을 없애는 김에<br>계속해 볼까요?"""
PSEBurst#29,"""여기까지 왔군요."""
HP30#29,"""아직 할 수 있는데요?"""
HP10#29,"""…그래서요?"""
ItemRare#29,"""그거 좋은 물건이군요."""
DamageSmall#30,"""칫"""
DamageMiddle#30,"""윽!"""
DamageLarge#30,"""젠장!"""
Trap#29,"""함정 따위에…!"""
ThankTrapRescue#29,"""…감사합니다."""
TrapRescueOther#29,"""무사하신가요?"""
MemberDamaged#29,"""제가 앞으로 나가겠습니다.<br>물러나 주세요."""
MemberDead#29,"""…또 내 앞에서!"""
AbilityExe#29,"""/toge 내 뜻을 따르라, 대기여!"""
AbilitySpecial#29,"""/toge 전부 내 손으로…!"""
Resurrect#29,"""아직 끝나지 않았어…!"""
PartyJoin#29,"""/ci1 1 자, 섬멸하러 가죠."""
Marvelous#29,"""역시 당신은 대단한 분이군요."""
IncidentJsApcBegin#27,"""/ci1 3 ...적이 아주 많군요.<br>섬멸을 도와드리겠습니다."""
IncidentJsApcFailure#27,"""...이런, 제가...?<br>이 얼마나 추한 모습인지..."""
IncidentJsApcSuccess#27,"""/ci1 5 그럼 저는 다음<br>전장으로 가 보겠습니다..."""
IncidentJsApcBeginEvo#27,"""/ci1 2 …아직 오는 모양이군요.<br>빨리 섬멸하죠."""
EnemyWeak#30,"""하후~<br>토로도 이길 수 있냐?"""
EnemyLarge#30,"""토, 토로는<br>뒤에서 응원하겠다냐!"""
EnemyBoss#30,"""와와앗,<br>강해 보인다냐~!"""
EnemyRare#30,"""앗, 저기 봐!<br>희귀한 게 나왔다냐!"""
EnemyBoost#30,"""뭔가 불길한 예감이 든다냐…"""
DestroyEnemy1#30,"""해냈다냐~!<br>토로들 강하다냐~!!"""
DestroyEnemy2#30,"""토로도 도움이 됐냐?"""
DestroyEnemy3#30,"""후냐~<br>어떻게든 이겼다냐~"""
CondFreeze#30,"""부들부들…<br>추워서 꽁꽁 얼었다냐."""
CondBurn#30,"""앗 뜨거!<br>뜨겁다냐~"""
CondShock#30,"""찌~릿찌~릿하다냐~"""
CondPoison#30,"""왠지 가슴이 답답하다냐…<br>이건 사랑이랑 다른 거겠지~"""
CondPanic#30,"""눈앞이 빙글빙글 돈다냐~"""
CondStan#30,"""왠지 움직일 수 없다냐~!"""
CondMirage#30,"""으아앙!<br>앞이 안 보인다냐~!!"""
Die#31,"""아읏…<br>잠깐 눈 좀 붙이겠다냐…"""
ThankHeal#30,"""와아!<br>살았다냐~"""
ThankBuff#30,"""에헤헤♪<br>고맙다냐~"""
ThankCure#30,"""후냐~<br>괴로웠다냐~"""
DefeatEnemy#30,"""토로 열심히 했다냐~<br>칭찬해 줘, 칭찬해 줘!"""
LevelUp#30,"""와아~!<br>축하한다냐~"""
InvokeSkill1#26,"""토로의 스킬을<br>보여 주겠다냐~"""
InvokeSkill2#23,"""쾅~!!"""
InvokeSkill3#22,"""잘 모르겠지만<br>굉장한 스킬을 쓰겠다냐!!"""
TechFire#9,"""화르륵~!<br>모닥불에 군고구마 먹고 싶다냐~"""
TechIce#11,"""꽁꽁,<br>얼음으로 아이스크림을 만들겠다냐."""
TechThunder#11,"""찌릿찌릿,<br>번개에 감전된다냐~"""
TechWind#9,"""쌩쌩,<br>바람으로 날려 버리겠다냐~!"""
TechLight#9,"""반짝반짝,<br>빛은 눈부시다냐."""
TechDark#9,"""다크한<br>어둠은 깜깜하다냐."""
PBFull#30,"""우냐?<br>왠지 힘이<br>솟아난다냐!"""
PBRelease#30,"""얍!<br>토로의 필살기다냐~!"""
TacticsFree#30,"""토로에게 맡겨 달라냐!<br>좋아, 힘내겠다냐!"""
TacticsGuard#30,"""와앗!<br>가드, 가드다냐~"""
TacticsMassedAttack#30,"""와아~!<br>다 같이 돌격이다냐!"""
TacticsAttack#29,"""와와앗~<br>여, 열심히 해 보겠다냐~!"""
Avoid#30,"""우냣!?"""
HealSelf#30,"""상처를 치료한다냐~"""
BuffSelf#30,"""좋아~!<br>더 힘내겠다냐~!"""
HealOther#30,"""아픈 거 아픈 거<br>날아가라냐~"""
BuffOther#30,"""토로가 응원해 주겠다냐!"""
QuestStart1#30,"""다 함께 모험하니<br>기대된다냐~!"""
QuestEnd1#30,"""해냈다냐~!<br>모두 열심히 했다냐!"""
IncidentStart#30,"""와앗!<br>무슨 일이 일어난 거냐?"""
IncidentSuccess#30,"""우와아~!<br>대성공이다냐~!"""
IncidentFailure#30,"""뭐어?<br>토로 열심히 했는데~!"""
PSE#30,"""어라~?<br>뭔가 시작되려나 보다냐~?"""
PSELevelUp#30,"""와아~!<br>계속 가겠다냐~!"""
PSEBurst#30,"""와앗! 이게 뭐냐!<br>굉장하다냐~!"""
HP30#30,"""우냐~<br>조금 위험할지도 모른다냐?"""
HP10#30,"""으아앙!\u3000으아앙!<br>어떡한다냐~!"""
ItemRare#30,"""그거 멋진 아이템이다냐.<br>토로도 갖고 싶다냐~"""
DamageSmall#31,"""냣!"""
DamageMiddle#31,"""아프다냐~!"""
DamageLarge#31,"""으아앙!!"""
Trap#30,"""으아앙!<br>도와 달라냐~!!"""
ThankTrapRescue#30,"""정말 고맙다냐♪"""
TrapRescueOther#30,"""괜찮냐?<br>토로가 도와주겠다냐!"""
MemberDamaged#30,"""와와앗,<br>괜찮냐!?"""
MemberDead#30,"""으아앙,<br>사라지면 싫다냐~"""
AbilityExe#30,"""/toge 좋아, 토로<br>힘내겠다냐!"""
AbilitySpecial#30,"""/toge 토로에게 맡겨 달라냐!<br>아픈 거 아픈 거<br>날아가라~!"""
Resurrect#30,"""아직 아직<br>지지 않는다냐~!!"""
PartyJoin#30,"""/mn17 /ci1 1 토로가 힘내겠다냐!<br>잘 부탁한다냐~"""
Marvelous#30,"""와아~<br>굉장해, 굉장하다냐~!!"""
IncidentJsApcBegin#28,"""/toge /ci1 1 함께 힘내면<br>분명 이길 수 있다냐!"""
IncidentJsApcFailure#28,"""/mn2 /ci4 1 으아앙!<br>실패했다냐~!!"""
IncidentJsApcSuccess#28,"""/toge /mn37 /ci2 4 해냈다냐!<br>고맙다냐~!!"""
EnemyWeak#31,"""이 몸이라면 식은 죽 먹기다먀!"""
EnemyLarge#31,"""후오오오!<br>여긴 모두에게<br>맡기겠다먀~!"""
EnemyBoss#31,"""이 몸의<br>진정한 힘을 보여 줄 때가<br>온 모양이다먀…"""
EnemyRare#31,"""희귀한 녀석 떴다먀!"""
EnemyBoost#31,"""이, 이 녀석, 움직인다먀!?"""
DestroyEnemy1#31,"""이 몸을 이기겠다는 건<br>생각이 너무 안일하다먀."""
DestroyEnemy2#31,"""아크스를 대신해<br>벌을 주겠다먀!"""
DestroyEnemy3#31,"""우햐호!<br>이 몸의 대승리다먀!"""
CondFreeze#31,"""덜덜덜덜,<br>고양이는 추위에 약하다먀…"""
CondBurn#31,"""후오오오!!<br>이 몸에게 반하면 화상 입는다먀~!!"""
CondShock#31,"""우효~<br>이건 짜릿하다먀~"""
CondPoison#31,"""할 말도 못 하는<br>이런 세상이라니…"""
CondPanic#31,"""지금 일어난 일을 그대로 말하겠다먀!<br>몸이 말을 듣지 않아서<br>머리가 어떻게 될 것 같다먀!"""
CondStan#31,"""움직일 수 없잖습니까~!<br>싫다먀~!"""
CondMirage#31,"""크먀~!<br>눈이~ 눈이이~!!"""
Die#32,"""나, 이 싸움이 끝나면……<br>크윽……"""
ThankHeal#31,"""땡큐다먀!<br>진짜 천사다먀!"""
ThankBuff#31,"""나이스 어시스트!<br>전력으로 간다먀!!"""
ThankCure#31,"""벼, 별로<br>치료해 달라고<br>말한 적 없다먀!"""
DefeatEnemy#31,"""패배를 알고 싶다먀~"""
LevelUp#31,"""후후후,<br>이 몸이 키웠다고 해도<br>과언이 아니다먀~"""
InvokeSkill1#27,"""이 몸의 필살기!<br>파트 2!"""
InvokeSkill2#24,"""이 몸의 이 손이<br>새빨갛게 불탄다먀~!!"""
InvokeSkill3#23,"""받아 봐라!\u3000이 몸의<br>이터널 포스 블리자드!!"""
TechFire#10,"""적은 소독이다먀~!!"""
TechIce#12,"""아이스 아이스 아이스다먀!"""
TechThunder#12,"""크크크…<br>이 몸의 매력에<br>감전되라먀~"""
TechWind#10,"""받아라!<br>이 몸의 사랑의 폭풍!!"""
TechLight#10,"""이 몸이 빛을 쓰면<br>빛에 어둠이 더해져 최강…!"""
TechDark#10,"""후하하하하!<br>가르쳐 주겠다먀!\u3000진정한 어둠을!!"""
PBFull#31,"""후오오오오오…!<br>힘이 넘쳐난다먀~!!"""
PBRelease#31,"""파이널 포톤 블래스트!<br>발동이다먀앗!!"""
TacticsFree#31,"""응?\u3000마음대로 해도 되냐?<br>좋아, 마구 간다먀~!"""
TacticsGuard#31,"""이 몸이 지키는 동안<br>먼저 가라먀~!"""
TacticsMassedAttack#31,"""알겠다먀!<br>두들겨 패 주겠다먀~!"""
TacticsAttack#30,"""진흙배에 탄 셈 치고<br>이 몸에게 맡겨라먀!"""
Avoid#31,"""맞지 않으면<br>아무것도 아니다먀!"""
HealSelf#31,"""이쯤에서 회복해 둘까먀~"""
BuffSelf#31,"""이 몸의 실력은<br>이 정도가 아니다먀?"""
HealOther#31,"""상처는 얕다먀.<br>이걸로 기운 내라먀~"""
BuffOther#31,"""더욱!<br>뜨거워져라먀!!"""
QuestStart1#31,"""좋아, 이 몸<br>힘내겠다먀~!"""
QuestEnd1#31,"""히야하~!<br>임무 완료다먀!"""
IncidentStart#31,"""고양이 통조림 먹을 때가 아니다먀!"""
IncidentSuccess#31,"""해냈다먀!<br>굉장한 일체감이 느껴진다먀!"""
IncidentFailure#31,"""뭐…라고…"""
PSE#31,"""대체 뭐가 시작되는 거냐먀?"""
PSELevelUp#31,"""포톤이 찌릿찌릿하다먀!"""
PSEBurst#31,"""탈 수밖에 없다먀!<br>이 빅 웨이브에!"""
HP30#31,"""설마, 이 몸의 체력이 너무 낮다먀…?"""
HP10#31,"""그만해 주십시오.<br>죽어 버린다먀!"""
ItemRare#31,"""우오오!<br>이건 좋은 물건이다먀~!!"""
DamageSmall#32,"""아얏!"""
DamageMiddle#32,"""히데붓!"""
DamageLarge#32,"""너무 아픈 것도<br>정도가 있다먀!!"""
Trap#31,"""우왓, 뭐 하는 거냐, 그만!"""
ThankTrapRescue#31,"""사, 살았다먀~!<br>당신이 신인가먀!"""
TrapRescueOther#31,"""사례금은 이 몸의 계좌로<br>입금해 두라먀."""
MemberDamaged#31,"""정신 차려라먀~!"""
MemberDead#31,"""굉장히 운이 없었군 먀!"""
AbilityExe#31,"""/toge 포톤이 이 몸에게<br>더욱 빛나라고 속삭인다먀!"""
AbilitySpecial#31,"""/toge 어이쿠, 아가씨.<br>이 몸과 함께<br>파티를 빠져나가지 않겠냐먀?"""
Resurrect#31,"""이 몸은 멸망하지 않는다먀!<br>몇 번이고 되살아난다먀!"""
PartyJoin#31,"""/mn9 /ci1 1 40초 안에 준비하라먀!!"""
Marvelous#31,"""좋아,<br>더 해라먀~!"""
IncidentJsApcBegin#29,"""/toge /ci1 1 아군이 왔다!<br>이걸로 이긴다먀!"""
IncidentJsApcFailure#29,"""/mn30 /ci4 1 이것이…<br>세계의 선택인가먀…"""
IncidentJsApcSuccess#29,"""/toge /mn17 /ci2 4 해냈다먀~!<br>내가 다 울었다먀!"""
EnemyWeak#32,"""상대가 약해도 방심은 금물이야.<br>긴장 풀지 마!"""
EnemyLarge#32,"""쓸데없이 크게 진화했군!"""
EnemyBoss#32,"""헤, 드디어 진짜가 나왔군!"""
EnemyRare#32,"""오, 저 녀석 뭐야?<br>희귀한 녀석 아니야?"""
EnemyBoost#32,"""…평소 녀석들과는<br>분위기가 달라. 조심해."""
DestroyEnemy1#32,"""한 건 처리했고!"""
DestroyEnemy2#32,"""다음 간다!"""
DestroyEnemy3#32,"""자, 다음이다!"""
CondFreeze#32,"""추워!"""
CondBurn#32,"""뜨거, 뜨거워!"""
CondShock#32,"""젠장, 몸이 저려…"""
CondPoison#32,"""칫… 독인가…!"""
CondPanic#32,"""시야가 안 잡혀…!"""
CondStan#32,"""몸이 안 움직여… 뭐야!"""
CondMirage#32,"""눈이 흐려지는군…"""
Die#33,"""이럴 수가…"""
ThankHeal#32,"""살았다!"""
ThankBuff#32,"""오, 고마워!"""
ThankCure#32,"""이제야…<br>마음 놓고 싸울 수 있겠군."""
DefeatEnemy#32,"""이걸로 일단락인가?"""
LevelUp#32,"""넌 아직 더 성장할 거야."""
InvokeSkill1#28,"""이걸로 끝이다!"""
InvokeSkill2#25,"""노린 대로 움직이는군!"""
InvokeSkill3#24,"""뻔히 보인다고!"""
PBFull#32,"""슬슬 내가 나설 차례인가?"""
PBRelease#32,"""비장의 수, 간다!"""
TacticsFree#32,"""내 방식대로 해 보지!"""
TacticsGuard#32,"""방어를 굳히고 다시 가자."""
TacticsMassedAttack#32,"""한곳에 집중한다!"""
TacticsAttack#31,"""자, 이쪽으로 와라!"""
Avoid#32,"""이얏!"""
HealSelf#32,"""위험했군."""
BuffSelf#32,"""방심하지 말고 간다."""
HealOther#32,"""위험할 뻔했군."""
BuffOther#32,"""너무 방심하지 마."""
QuestStart1#32,"""시작해 볼까!"""
QuestStart2#21,"""좋아, 가자.<br><%me>!"""
QuestEnd1#32,"""이걸로 끝!"""
QuestEnd2#21,"""끝났군!<br>너도 수고했어!"""
IncidentStart#32,"""예상 밖의 상황인가.<br>뭐, 전장에선 흔한 일이지!"""
IncidentSuccess#32,"""좋았어!"""
IncidentFailure#32,"""아차…"""
PSE#32,"""시작됐나!"""
PSELevelUp#32,"""계속 몰아붙이자!"""
PSEBurst#32,"""좋아!<br>이쪽도 기세를 올려 볼까!"""
HP30#32,"""이런, 제법 맞았나?"""
HP10#32,"""이 이상은 위험해…"""
ItemRare#32,"""오, 좋은 걸 주웠군!"""
DamageSmall#33,"""윽"""
DamageMiddle#33,"""칫"""
DamageLarge#33,"""크악"""
Trap#32,"""이런 곳에 함정이라고!?"""
ThankTrapRescue#32,"""후, 살았다."""
TrapRescueOther#32,"""어이, 괜찮아?"""
MemberDamaged#32,"""괜찮아!?"""
MemberDead#32,"""…감히 해치웠겠다!<br>내 눈앞에서!!"""
AbilityExe#32,"""/toge 이제 감이 잡히는군!"""
AbilitySpecial#32,"""/toge 맡겨 둬!"""
Resurrect#32,"""…너무 우쭐대지 마."""
PartyJoin#32,"""/ci1 1 그럼, 잘 부탁한다."""
Marvelous#32,"""좋은 움직임이야!"""
IncidentJsApcBegin#30,"""/ci2 2 어이, 고전 중인 모양이군!<br>잠깐 도와주러 왔다!"""
IncidentJsApcFailure#30,"""이런, 이 정도로 당하면<br>좀 버티기 힘들겠군…<br>미안하지만 난 귀환하겠다."""
IncidentJsApcSuccess#30,"""/ci2 1 좋아, 이걸로 끝이다!<br>괜한 참견이었을지도 모르지만<br>끝이 좋으면 다 좋은 법이지."""
IncidentJsApcBeginEvo#28,"""/ci1 2 …이런, 아직 긴장 풀지 마.<br>적들은 아무래도 아직<br>싸울 생각이 가득한 모양이야!"""
EnemyWeak#33,"""이 정도 상대라면 나도…!"""
EnemyLarge#33,"""어, 어쩌다 그렇게 커진 거야!"""
EnemyBoss#33,"""도망치면 안 되겠지?"""
EnemyRare#33,"""아, 저거 희귀한 녀석 아니야?"""
EnemyBoost#33,"""…뭐, 뭔가 엄청난 박력이야."""
DestroyEnemy1#33,"""해냈다!"""
DestroyEnemy2#33,"""쓰러뜨렸어!\u3000…맞지?"""
DestroyEnemy3#33,"""나도<br>할 수 있거든!"""
CondFreeze#33,"""차가워!"""
CondBurn#33,"""뜨겁다니까!"""
CondShock#33,"""가, 감전됐어!?"""
CondPoison#33,"""윽… 이거, 독…?"""
CondPanic#33,"""뭔가 어질어질해…"""
CondStan#33,"""우, 움직여, 내 몸아!"""
CondMirage#33,"""어, 어? 적은 어디에?"""
Die#34,"""아직… 나는…"""
ThankHeal#33,"""고마워!"""
ThankBuff#33,"""보조 고마워!"""
ThankCure#33,"""후, 이제야 개운해졌어."""
DefeatEnemy#33,"""어떻게든 버텼어… 맞지?"""
LevelUp#33,"""앗, 좋겠다!"""
InvokeSkill1#29,"""할 수 있는 데까지 해 볼게!"""
InvokeSkill2#26,"""이렇게 하면 되는 거지!"""
InvokeSkill3#25,"""아마 이런 느낌이었지!"""
TechIce#13,"""발만이라도 묶어 둘게!"""
TechThunder#13,"""아무것도 못 할 줄 알았다면 착각이야!"""
PBFull#33,"""이제 적당히 좀 해!"""
PBRelease#33,"""날 화나게 했겠다!"""
TacticsFree#33,"""그럼 난 자유롭게 할게!"""
TacticsGuard#33,"""몸부터 지켜! 기회를 기다리는 거야!"""
TacticsMassedAttack#33,"""다 같이 하면 반드시 해낼 수 있어!"""
TacticsAttack#32,"""저, 적을 끌어들이라고?<br>어쩔 수 없네…"""
Avoid#33,"""어디를 노리는 거야?"""
HealSelf#33,"""아직 죽고 싶지 않으니까!"""
BuffSelf#33,"""보조 없이는 위험하니까."""
HealOther#33,"""괜찮아?\u3000회복시켜 줄게."""
BuffOther#33,"""부스트 완료!<br>이것만큼은 자신 있거든."""
QuestStart1#33,"""간다!"""
QuestStart2#22,"""우리 같이 힘내자.<br><%me>, 알겠지?"""
QuestEnd1#33,"""끝난… 건가?"""
QuestEnd2#22,"""나와 <%me>, 둘 다<br>멀쩡해.<br>응, 다행이야!"""
IncidentStart#33,"""무, 무슨 일이 일어나는 거야?"""
IncidentSuccess#33,"""해냈다!"""
IncidentFailure#33,"""뭐야아…"""
PSE#33,"""슬슬 왔나?"""
PSELevelUp#33,"""계속 이어 가자!"""
PSEBurst#33,"""해냈다, 대성공!<br>이제 단숨에 몰아붙이자!"""
HP30#33,"""아프다니까!"""
HP10#33,"""으으… 이건 위험해…"""
ItemRare#33,"""앗, 그거 좋겠다!"""
DamageSmall#34,"""꺅"""
DamageMiddle#34,"""으윽"""
DamageLarge#34,"""꺄악!"""
Trap#33,"""하, 함정!?"""
ThankTrapRescue#33,"""고, 고마워…"""
TrapRescueOther#33,"""괜찮아?"""
MemberDamaged#33,"""조심해!"""
MemberDead#33,"""…용, 용서 못 해!"""
AbilityExe#33,"""/toge 좋아, 감이 잡히기 시작했어!"""
AbilitySpecial#33,"""/toge 맡겨 줘!"""
Resurrect#33,"""아, 아직 더 할 수 있거든!"""
PartyJoin#33,"""/ci1 1 나한테 맡겨!"""
Marvelous#33,"""…굉장하다."""
IncidentJsApcBegin#31,"""/ci2 1 아, 마침 잘 왔어!<br>수가 너무 많아서 힘든데<br>좀 도와주지 않을래?"""
IncidentJsApcFailure#31,"""으으... 더는 무리야...<br>미안하지만 난 먼저<br>후퇴할게..."""
IncidentJsApcSuccess#31,"""/ci2 3 휴, 어떻게든 끝났네...<br>정말 고마워, 덕분에 살았어.<br>그럼 또 보자!"""
IncidentJsApcBeginEvo#29,"""/ci3 1 우왓... 위험해 보이는<br>반응이 아주 가까이에 있어...<br>조심하자!"""
EnemyWeak#34,"""오, 이 정도 상대라면<br>나도 여유롭겠는데?"""
EnemyLarge#34,"""이야, 또 엄청 크네~"""
EnemyBoss#34,"""진짜가 등장했다는 건가?"""
EnemyRare#34,"""오, 뭔가 희귀한 게 있다~!"""
EnemyBoost#34,"""…엄청 날카로운 기운이네.<br>저 녀석, 느낌이 안 좋아."""
DestroyEnemy1#34,"""한 건 처리!"""
DestroyEnemy2#34,"""이 정도지."""
DestroyEnemy3#34,"""자, 다음, 다음! 계속 가자."""
CondFreeze#34,"""차, 차가워…"""
CondBurn#34,"""이 불타오르는 열정은 멈추지 않아.<br>…가 아니라, 뜨거워 뜨거워 뜨거워!"""
CondShock#34,"""감전은 사양할게!"""
CondPoison#34,"""독에 걸려도 허세로 버틴다!<br>…는 건 역시 무리야."""
CondPanic#34,"""눈앞이 빙글빙글 돌지만<br>일단 전부 베어 버리자!"""
CondStan#34,"""움직일 수 없으니 어쩔 수 없지.<br>침착하게 주변이나 볼까~"""
CondMirage#34,"""환혹…?<br>이럴 땐 마음의 눈으로 벤다!"""
Die#35,"""아차, 미안. 실수했어…"""
ThankHeal#34,"""감사, 감사!"""
ThankBuff#34,"""땡큐~!"""
ThankCure#34,"""좋아, 이제 개운해!<br>고마워!"""
DefeatEnemy#34,"""대충 정리된 것 같지?"""
LevelUp#34,"""강해지는 건 좋은 일이지!"""
InvokeSkill1#30,"""일섬 집중!"""
InvokeSkill2#27,"""잘게 썰어 줄게!"""
InvokeSkill3#26,"""잡았다!"""
PBFull#34,"""자, 슬슬 끝내 볼까?"""
PBRelease#34,"""이치 모르는 자도 여기 있나니!\u3000나와라!"""
TacticsFree#34,"""네네, 자유롭게 할게~!"""
TacticsGuard#34,"""단단히 방어를 굳히자~!"""
TacticsMassedAttack#34,"""한 녀석에게 집중!<br>수를 줄이는 게 최우선이야!"""
TacticsAttack#33,"""자자, 이쪽이야~!<br>손뼉 소리를 따라 이리 와~!"""
Avoid#34,"""아쉽네!"""
HealSelf#34,"""위험했어~"""
BuffSelf#34,"""전투 준비는 확실히!"""
HealOther#34,"""네네,<br>회복을 게을리하지 마!"""
BuffOther#34,"""보조를 잊으면<br>가끔 호되게 당한다고~!"""
QuestStart1#34,"""그럼 시작해 볼까!"""
QuestStart2#23,"""<%me>!<br>이번에도 또 잘 부탁해!"""
QuestEnd1#34,"""역시 대단하네~"""
QuestEnd2#23,"""내가 몰라봤네!<br>…농담 아니라 진짜야?"""
IncidentStart#34,"""자, 뭐가 나오려나~?"""
IncidentSuccess#34,"""좋았어!"""
IncidentFailure#34,"""아차…"""
PSE#34,"""왔다, 왔어!"""
PSELevelUp#34,"""아직 더 이어 간다~!"""
PSEBurst#34,"""대・성・공!"""
HP30#34,"""와앗, 위기야 위기!<br>좀 도와주면 좋겠어~!"""
HP10#34,"""노, 농담할 때가 아니라 위기야…!"""
ItemRare#34,"""오, 좋은 걸 주웠네!"""
DamageSmall#35,"""아얏!"""
DamageMiddle#35,"""우와앗!"""
DamageLarge#35,"""제법인데!"""
Trap#34,"""정말 치사하네!"""
ThankTrapRescue#34,"""이야, 살았어!"""
TrapRescueOther#34,"""어이, 무사해?"""
MemberDamaged#34,"""무리는 금물이야~!<br>자자, 뒤로 빠져!"""
MemberDead#34,"""…잘도 해 줬겠다!"""
AbilityExe#34,"""/toge 나, 절호조!"""
AbilitySpecial#34,"""/toge 나한테 맡겨도 돼!"""
Resurrect#34,"""2라운드로 가 볼까."""
PartyJoin#34,"""/ci1 1 네, 잘 부탁해~"""
Marvelous#34,"""소문보다 더 대단하다는 게 이런 거구나."""
IncidentJsApcBegin#32,"""/mn15 /toge /ci2 1 타이밍 좋네!<br>조금 도와주지 않을래?"""
IncidentJsApcFailure#32,"""당했다...!<br>미안, 먼저 후퇴할게..."""
IncidentJsApcSuccess#32,"""/toge /ci2 1 이야, 정말 고마워!<br>덕분에 어떻게든 해냈어!<br>감사, 감사, 정말 감사!"""
IncidentJsApcBeginEvo#30,"""/ci4 5 이런, 아직 더 오려나 보네?"""
EnemyWeak#35,"""약한 녀석 괴롭히는 건 싫은데."""
EnemyLarge#35,"""크기만 한 거라면 무섭지 않아."""
EnemyBoss#35,"""제법 상대할 맛 나겠네."""
EnemyRare#35,"""흐음, 이런 곳에도<br>있는 거구나."""
EnemyBoost#35,"""저 형태는… 광폭화?"""
DestroyEnemy1#35,"""다음으로 가자."""
DestroyEnemy2#35,"""이 정도야?"""
DestroyEnemy3#35,"""끝이야."""
CondFreeze#35,"""동결 따위…!"""
CondBurn#35,"""이 정도 열은…!"""
CondShock#35,"""큭, 몸이 저려도…!"""
CondPoison#35,"""윽… 독이라 해도…!"""
CondPanic#35,"""으으, 시야가 빙빙 돌아…<br>그래도…!"""
CondStan#35,"""움직임 봉쇄…?<br>귀찮은 짓을…!"""
CondMirage#35,"""시각을 봉쇄했어…!"""
Die#36,"""결국… 나는…"""
ThankHeal#35,"""감사는 해 둘게."""
ThankBuff#35,"""좋은 판단이네."""
ThankCure#35,"""이제야 진정됐어."""
DefeatEnemy#35,"""대충 다 정리됐나?"""
LevelUp#35,"""뭐, 괜찮지 않아?"""
InvokeSkill1#31,"""난 만만하지 않아."""
InvokeSkill2#28,"""방해되는 건 날려 버릴 뿐."""
InvokeSkill3#27,"""얼른 거기서 비켜."""
PBFull#35,"""정말, 무모하다고 해야 할지…"""
PBRelease#35,"""자, 같이 가자."""
TacticsFree#35,"""내 마음대로 할게."""
TacticsGuard#35,"""공격할 기회를 노리는 거네."""
TacticsMassedAttack#35,"""집중해서 노린다…<br>합리적인 전술이네."""
TacticsAttack#34,"""어디를 보고 있는 거야?<br>난 여기야."""
Avoid#35,"""느려."""
HealSelf#35,"""아쉬웠네."""
BuffSelf#35,"""빈틈없이 갈게."""
HealOther#35,"""회복을 잊지 마."""
BuffOther#35,"""보조도 무시할 순 없어."""
QuestStart1#35,"""자, 가자."""
QuestStart2#24,"""또 함께네.<br>뭐, 너와 함께라면<br>편하니까 괜찮지만."""
QuestEnd1#35,"""이 정도지?"""
QuestEnd2#24,"""뭐, 나랑 함께였으니까.<br>나름 열심히 했다고는 생각해."""
IncidentStart#35,"""뭔가 오는 건가?"""
IncidentSuccess#35,"""흐음, 성공한 모양이네."""
IncidentFailure#35,"""난 상관없으니까."""
PSE#35,"""이게 PSE라는 거야?"""
PSELevelUp#35,"""뭔가 계속되고 있지 않아?"""
PSEBurst#35,"""흐음… 이게 버스트.<br>포톤이 활성화된 상태구나."""
HP30#35,"""이제부터 진심이야."""
HP10#35,"""…이 정도까지 몰리다니."""
ItemRare#35,"""난 딱히 갖고 싶지 않아."""
DamageSmall#36,"""큭!"""
DamageMiddle#36,"""으윽"""
DamageLarge#36,"""으악!"""
Trap#35,"""이 정도 함정에…<br>바보 같아."""
ThankTrapRescue#35,"""감사는 할게."""
TrapRescueOther#35,"""번거롭게 하지 마."""
MemberDamaged#35,"""무리는 금물.<br>일단 물러나는 게 어때?"""
MemberDead#35,"""…난 상관없어.<br>그래도…!"""
AbilityExe#35,"""/toge 이 기세라면… 할 수 있어."""
AbilitySpecial#35,"""/toge 나한테 맡겨."""
Resurrect#35,"""…아직 죽을 순 없어."""
PartyJoin#35,"""/ci1 1 한가했으니까."""
Marvelous#35,"""뭐, 괜찮지 않아?"""
IncidentJsApcBegin#33,"""/toge /ci3 1 ...정말 못 봐주겠네!<br>도와줄 테니 얼른<br>이 녀석들을 처리하자!"""
IncidentJsApcFailure#33,"""으음... 나도 아직 미숙한가 봐.<br>미안해, 먼저 물러날게."""
IncidentJsApcSuccess#33,"""/ci2 2 한 건 끝났네.<br>...난 이제 갈 테니까<br>너무 무리하지 마."""
IncidentJsApcBeginEvo#31,"""/ci3 1 ...아직 더 오는 모양이네.<br>자, 얼른 처리하자!"""
EnemyWeak#36,"""잡몹은 관심 없는데."""
EnemyLarge#36,"""크네…… 올려다보니 목 아파."""
EnemyBoss#36,"""이런……<br>귀찮은 녀석이 나왔네."""
EnemyRare#36,"""선배, 저거<br>희귀한 녀석 아니야?"""
EnemyBoost#36,"""불길한 느낌이 드는 적이네……"""
DestroyEnemy1#36,"""내 적수는 아니네."""
DestroyEnemy2#36,"""자, 다음."""
DestroyEnemy3#36,"""뭐, 이 정도인가."""
CondFreeze#36,"""동결인가, 젠장……"""
CondBurn#36,"""연소인가, 젠장……"""
CondShock#36,"""감전인가, 젠장……"""
CondPoison#36,"""독인가, 젠장……"""
CondPanic#36,"""……누굴 노려야 하지?"""
CondStan#36,"""……몸이 움직이지 않아도<br>할 수 있는 일은 있을 거야."""
CondMirage#36,"""젠장…… 조준이 안 돼."""
Die#37,"""쳇, 여기까지인가……"""
ThankHeal#36,"""미안, 덕분에 살았어."""
ThankBuff#36,"""이거면…… 할 수 있어."""
ThankCure#36,"""어떻게든 진정됐어."""
DefeatEnemy#36,"""둘러봐도 적은 안 보이네."""
LevelUp#36,"""나도 질 수는 없지."""
InvokeSkill1#32,"""쏴!"""
InvokeSkill2#29,"""이 거리…… 잡았어!"""
InvokeSkill3#28,"""내 사거리야!"""
TechLight#11,"""테크닉도 쓸 줄 안다고?"""
TechDark#11,"""이런 것도 할 수 있어."""
PBFull#36,"""준비 완료, 뭐 그런 거지."""
PBRelease#36,"""우릴 방해한 네가<br>잘못한 거야."""
TacticsFree#36,"""그럼 마음대로 해 볼까."""
TacticsGuard#36,"""여긴 버텨야 할 때네."""
TacticsMassedAttack#36,"""집중 공격인가.<br>엄호는 맡겨 줘."""
TacticsAttack#35,"""행동을 봉쇄하는 건<br>사수의 특기야. 맡겨 줘."""
Avoid#36,"""어딜 노리는 거야?"""
HealSelf#36,"""여기서 회복해 둘까."""
BuffSelf#36,"""쓸 수 있는 건 다 쓸 거야."""
HealOther#36,"""회복은 자주 해 둬."""
BuffOther#36,"""보조를 잊으면 위험하다니까."""
QuestStart1#36,"""할 거면 전력으로 해야지."""
QuestStart2#25,"""잘 배울게, 선배."""
QuestEnd1#36,"""끝났네."""
QuestEnd2#25,"""역시 선배네.<br>빈말 아니라 진심이야."""
IncidentStart#36,"""뭔가 온다, 선배."""
IncidentSuccess#36,"""좋아!"""
IncidentFailure#36,"""……미안, 선배."""
PSE#36,"""포톤이 활성화되고 있어……<br>그렇구나, 이게 PSE인가."""
PSELevelUp#36,"""좀 더 이어 보고 싶네."""
PSEBurst#36,"""이만큼 활성화됐으면<br>마음껏 해도 되겠네."""
HP30#36,"""쳇, 밀리고 있는 건가……?"""
HP10#36,"""젠장, 이렇게까지 당하다니……!"""
ItemRare#36,"""선배는 운도 따라 주네."""
DamageSmall#37,"""칫"""
DamageMiddle#37,"""젠장."""
DamageLarge#37,"""꺄악!"""
Trap#36,"""이런 곳에 트랩이!?"""
ThankTrapRescue#36,"""미안, 폐를 끼쳤네."""
TrapRescueOther#36,"""괜찮나?"""
MemberDamaged#36,"""너무 앞에 나가면 위험해!"""
MemberDead#36,"""…………감히."""
AbilityExe#36,"""/toge 몸이 풀리기 시작했어……<br>이 기분, 나쁘지 않아!"""
AbilitySpecial#36,"""/toge 내가 갈게!"""
Resurrect#36,"""당한 만큼은 돌려줘야지."""
PartyJoin#36,"""/ci1 1 잘 부탁해, 선배."""
Marvelous#36,"""이게 경험의 차이인가……"""
IncidentJsApcBegin#34,"""/ci2 2 아, 선배!<br>미안한데 조금 도와줘!"""
IncidentJsApcFailure#34,"""...더는 무리야.<br>미안, 선배. 난 후퇴할게."""
IncidentJsApcSuccess#34,"""/ci2 1 선배... 그게, 살았어.<br>와 줘서 고마워."""
IncidentJsApcBeginEvo#32,"""/ci2 2 칫, 아직 더 오는 모양이야."""
EnemyWeak#37,"""아, 사라지고 싶은 거구나."""
EnemyLarge#37,"""크고 거슬리네."""
EnemyBoss#37,"""상대가 누구든 달라질 건 없어."""
EnemyRare#37,"""희귀종이라도 상관없어."""
EnemyBoost#37,"""…!<br>너는 내가 없애겠어!"""
DestroyEnemy1#37,"""다음"""
DestroyEnemy2#37,"""다음 적은 어디지?"""
DestroyEnemy3#37,"""이놈이고 저놈이고…"""
CondFreeze#37,"""동결 따위로…"""
CondBurn#37,"""연소 따위로…"""
CondShock#37,"""감전 따위로…"""
CondPoison#37,"""독 따위로…"""
CondPanic#37,"""누구든 전부<br>없애면 되는 거지?"""
CondStan#37,"""몸이 움직이지 않아도…"""
CondMirage#37,"""시야가 이상해도<br>싸울 수는 있어…!"""
Die#38,"""난 아직… 그녀에게…"""
ThankHeal#37,"""감사드려요오."""
ThankBuff#37,"""고마워요."""
ThankCure#37,"""원래대로 돌아왔어요.<br>이제 괜찮습니다."""
DefeatEnemy#37,"""아직, 아직 부족해…"""
LevelUp#37,"""힘은 많을수록 좋아."""
TechFire#11,"""소각!"""
TechIce#14,"""얼어붙어라!"""
TechThunder#14,"""달려라, 번개여!"""
TechWind#11,"""휘몰아쳐라, 바람이여!"""
TechLight#12,"""빛 속에서 사라져라!"""
TechDark#12,"""어둠과 함께 스러져라!"""
PBFull#37,"""전부 다 거슬려."""
PBRelease#37,"""내 적을 쳐부숴라…!"""
TacticsFree#37,"""그럼 자유롭게 할게요오."""
TacticsGuard#37,"""…방어군요, 따르겠습니다."""
TacticsMassedAttack#37,"""한 점에 집중…<br>확실히 효율적이군요."""
TacticsAttack#36,"""모든 적은 제가 맡겠습니다."""
Avoid#37,"""느려."""
HealSelf#37,"""그렇게는 안 돼."""
BuffSelf#37,"""전력으로 짓뭉갠다."""
HealOther#37,"""너무 방심하셨군요."""
BuffOther#37,"""보조를 잊지 말아 주세요."""
QuestStart1#37,"""닥치는 대로 없애 버린다."""
QuestEnd1#37,"""이 기세로 더 많은<br>적을 없애 가죠."""
IncidentStart#37,"""뭔가 옵니다."""
IncidentSuccess#37,"""끝난 모양입니다."""
IncidentFailure#37,"""…너무 신경 쓰지 마세요."""
PSE#37,"""PSE가 시작됐나…"""
PSELevelUp#37,"""적을 없애는 김에<br>계속해 볼까요?"""
PSEBurst#37,"""여기까지 왔군요."""
HP30#37,"""아직 할 수 있는데요?"""
HP10#37,"""…그래서요?"""
ItemRare#37,"""그거 좋은 물건이군요."""
DamageSmall#38,"""칫"""
DamageMiddle#38,"""윽!"""
DamageLarge#38,"""젠장!"""
Trap#37,"""함정 따위에…!"""
ThankTrapRescue#37,"""…감사합니다."""
TrapRescueOther#37,"""무사하신가요?"""
MemberDamaged#37,"""제가 앞으로 나가겠습니다.<br>물러나 주세요."""
MemberDead#37,"""…또 내 앞에서!"""
AbilityExe#37,"""/toge 내 뜻을 따르라, 대기여!"""
AbilitySpecial#37,"""/toge 전부 내 손으로…!"""
Resurrect#37,"""아직 끝나지 않았어…!"""
PartyJoin#37,"""/ci1 1 자, 섬멸하러 가죠."""
Marvelous#37,"""역시 당신은 대단한 분이군요."""
IncidentJsApcBegin#35,"""/ci1 3 ...적이 아주 많군요.<br>섬멸을 도와드리겠습니다."""
IncidentJsApcFailure#35,"""...이런, 제가...?<br>이 얼마나 추한 모습인지..."""
IncidentJsApcSuccess#35,"""/ci1 5 그럼 저는 다음<br>전장으로 가 보겠습니다..."""
IncidentJsApcBeginEvo#33,"""/ci1 2 …아직 오는 모양이군요.<br>빨리 섬멸하죠."""
EnemyWeak#38,"""약자를 상대할 취미는 없지만<br>어쩔 수 없나."""
EnemyLarge#38,"""상대로 부족함은 없다!"""
EnemyBoss#38,"""이 녀석은 여기서 끝낸다!"""
EnemyRare#38,"""음……<br>저건 희귀한 녀석 아닌가?"""
EnemyBoost#38,"""불길한 기운을 지닌 상대군……!"""
DestroyEnemy1#38,"""우선 하나."""
DestroyEnemy2#38,"""다음은 어느 놈이지."""
DestroyEnemy3#38,"""방해한 네 탓이야."""
CondFreeze#38,"""큭…… 동결인가……!"""
CondBurn#38,"""이 정도 열쯤은<br>아무것도 아니다!"""
CondShock#38,"""몸이 저려 힘이……"""
CondPoison#38,"""이 정도 독으로<br>나는 멈추지 않는다!"""
CondPanic#38,"""모든 게 거꾸로 보이지만<br>상관없다!\u3000벤다!"""
CondStan#38,"""몸이 움직이지 않는다……!"""
CondMirage#38,"""시야가 막혔나……<br>그렇다면 모조리 벨 뿐이다!"""
Die#39,"""나는…… 아직……"""
ThankHeal#38,"""감사한다!"""
ThankBuff#38,"""은혜는 잊지 않겠다!"""
ThankCure#38,"""수고를 끼쳐 미안하다!"""
DefeatEnemy#38,"""별것 아니군요."""
LevelUp#38,"""역시 대단하군!"""
InvokeSkill1#33,"""아마네센!"""
InvokeSkill2#30,"""카사네바!"""
InvokeSkill3#29,"""츠라네마이!"""
TechFire#12,"""이건 어떠냐!"""
TechIce#15,"""이건 어떠냐!"""
TechThunder#15,"""이건 어떠냐!"""
TechWind#12,"""이건 어떠냐!"""
TechLight#13,"""이건 어떠냐!"""
TechDark#13,"""이건 어떠냐!"""
PBFull#38,"""별로 쓰고 싶진 않았지만……"""
PBRelease#38,"""한순간에 끝낸다!"""
TacticsFree#38,"""알았다, 내게 맡겨라!"""
TacticsGuard#38,"""모두는 내가 지켜 내겠다!"""
TacticsMassedAttack#38,"""단숨에 끝낸다!"""
TacticsAttack#37,"""내가 미끼가 되겠다!"""
Avoid#38,"""흥!"""
HealSelf#38,"""방심했군."""
BuffSelf#38,"""거기까지다."""
HealOther#38,"""이제 괜찮을 거다."""
BuffOther#38,"""무리하지 마라."""
QuestStart1#38,"""임무를 시작한다!"""
QuestStart2#26,"""너와 함께라면 안심이군."""
QuestEnd1#38,"""역시 대단하군.<br>흠잡을 데가 없다."""
QuestEnd2#26,"""이런 결과까지는<br>예상하지 못했다, 응."""
IncidentStart#38,"""……무언가 일어난다."""
IncidentSuccess#38,"""어떻게든 해결된 모양이군."""
IncidentFailure#38,"""……미안하다.<br>내가 조금 더 잘했더라면……"""
PSE#38,"""이게 PSE라는 건가?"""
PSELevelUp#38,"""그렇군.<br>PSE는 계속 이어지는 거구나."""
PSEBurst#38,"""이게 PSE 버스트……<br>아름답군."""
HP30#38,"""밀리고 있군……"""
HP10#38,"""큭…… 위험해……<br>하지만 아직 포기할 수는 없다!"""
ItemRare#38,"""내가 가치를 알진 못하지만<br>그거, 희귀한 물건이지?"""
DamageSmall#39,"""읏!"""
DamageMiddle#39,"""제법 하는군!"""
DamageLarge#39,"""크윽!"""
Trap#38,"""쳇, 트랩인가!"""
ThankTrapRescue#38,"""미안하다, 덕분에 살았다!"""
TrapRescueOther#38,"""조심해라!"""
MemberDamaged#38,"""무리하지 마라."""
MemberDead#38,"""나는 지키지 못한 건가……!"""
AbilityExe#38,"""내게 맡겨라!"""
AbilitySpecial#38,"""나를 막을 수 있다고 생각 마라!"""
Resurrect#38,"""번거롭게 했군!"""
PartyJoin#38,"""/ci1 1 그럼, 잘 부탁한다."""
Marvelous#38,"""감탄이 나오는 움직임이군."""
IncidentJsApcBegin#36,"""/ci1 1 마침 좋은 때에<br>지나가 주었군.<br>조금 도와줄 수 있겠나?"""
IncidentJsApcFailure#36,"""한심한 모습을<br>보이고 말았군……"""
IncidentJsApcSuccess#36,"""/ci2 2 흥, 이 정도 적은<br>수에도 들지 않는군."""
IncidentJsApcBeginEvo#34,"""/ci3 1 ……기척이 사라지지 않는다.<br>아무래도 아직 더 오는 모양이군."""
EnemyWeak#39,"""이 정도 상대라면."""
EnemyLarge#39,"""제법 쓰러뜨릴 맛이 나겠네."""
EnemyBoss#39,"""강적 등장, 이런 건가?"""
EnemyRare#39,"""희귀종을 확인했어."""
EnemyBoost#39,"""침식핵이 붙은 에너미가 있어."""
WeatherChange#1,"""뭔가 분위기가 바뀐 걸까?"""
DestroyEnemy1#39,"""좋아!"""
DestroyEnemy2#39,"""다음!"""
DestroyEnemy3#39,"""좋은 흐름이야."""
CondFreeze#39,"""싫어, 얼어붙었어?"""
CondBurn#39,"""뜨거워, 뜨거워!"""
CondShock#39,"""몸이 저리잖아!"""
CondPoison#39,"""설마, 독이야!?"""
CondPanic#39,"""큭, 제대로 걸을 수가 없어."""
CondStan#39,"""휘청거리네……"""
CondMirage#39,"""잘 안 보여……"""
Die#40,"""거짓말!?\u3000이럴 수가……"""
ThankHeal#39,"""고마워."""
ThankBuff#39,"""좋은 지원이네."""
ThankCure#39,"""살았어."""
DefeatEnemy#39,"""슬슬 다음으로 가자."""
LevelUp#39,"""아직 더 강해지는 거야?"""
InvokeSkill1#34,"""간다!"""
TechFire#13,"""불타올라!"""
TechIce#16,"""얼어붙어!"""
TechThunder#16,"""감전돼라!"""
TechWind#13,"""휘몰아쳐라!"""
TechLight#14,"""빛나라!"""
TechDark#14,"""어둠에 삼켜져라!"""
PBFull#39,"""각오는 됐을까?"""
PBRelease#39,"""포톤 블래스트!"""
TacticsFree#39,"""내 마음대로 할게."""
TacticsGuard#39,"""수비를 굳힐게."""
TacticsMassedAttack#39,"""표적을 정할게."""
TacticsAttack#38,"""어머, 내가 할 수 있을까?"""
Avoid#39,"""훗"""
HealSelf#39,"""위험해, 위험해."""
BuffSelf#39,"""하아아앗!"""
HealOther#39,"""어디 좀 보자."""
BuffOther#39,"""도움이 됐을까?"""
QuestStart1#39,"""왠지<br>두근거리기 시작했어."""
QuestStart2#27,"""후후, 뭔가<br>멋진 일이 생길 것 같아."""
QuestEnd1#39,"""이제 끝난 걸까?"""
QuestEnd2#27,"""고마워.<br>귀중한 경험이 됐어."""
IncidentStart#39,"""뭔가…… 온다!?"""
IncidentSuccess#39,"""후우…… 어떻게든 끝났네."""
IncidentFailure#39,"""끝난 일은<br>신경 쓰지 말고 가자."""
PSE#39,"""이게 PSE야!?"""
PSELevelUp#39,"""아직도 이어지는 거야?"""
PSEBurst#39,"""이게 최종 단계구나."""
HP30#39,"""슬슬 위험하려나……"""
HP10#39,"""큭, 이렇게까지<br>궁지에 몰리다니."""
ItemRare#39,"""나중에 나한테도<br>보여 주지 않을래?"""
DamageSmall#40,"""큭"""
DamageMiddle#40,"""거짓말!"""
DamageLarge#40,"""꺄아악!"""
Trap#39,"""트랩!?"""
ThankTrapRescue#39,"""살았어."""
TrapRescueOther#39,"""너무 방심한 거 아니야?"""
MemberDamaged#39,"""괜찮아?"""
MemberDead#39,"""설마, 당한 거야?"""
AbilityExe#39,"""/toge 이게 포톤의 힘이야!?"""
AbilitySpecial#39,"""/toge 슬슬 진심을 내 볼까?"""
Resurrect#39,"""나도 긍지가 있어!"""
PartyJoin#39,"""/ci1 1 파티전인가……<br>후후, 기대되네."""
Marvelous#39,"""당신, 정말 멋지네."""
IncidentJsApcBegin#37,"""/ci3 2 저기, 괜찮다면<br>도와주면<br>기쁠 것 같은데."""
IncidentJsApcFailure#37,"""미안해, 한계인 것 같아.<br>먼저 후퇴할게."""
IncidentJsApcSuccess#37,"""/ci2 2 고마워.<br>로비에서 또 만나자."""
IncidentJsApcBeginEvo#35,"""/ci3 2 어머, 새로운 적인가?"""
EnemyWeak#40,"""상대도 안 되는군."""
EnemyLarge#40,"""좋은 표적이군."""
EnemyBoss#40,"""조금은 상대할 맛이 나겠군."""
EnemyRare#40,"""희귀종인 모양이군."""
EnemyBoost#40,"""저게 소문으로 듣던<br>침식핵이 붙은 녀석인가."""
WeatherChange#2,"""공기의 흐름이 바뀌었군."""
DestroyEnemy1#40,"""다음."""
DestroyEnemy2#40,"""어리석군."""
DestroyEnemy3#40,"""도망칠 수 있을 줄 알았나?"""
CondFreeze#40,"""쳇, 동결인가……"""
CondBurn#40,"""쳇, 연소인가……"""
CondShock#40,"""쳇, 감전인가……"""
CondPoison#40,"""쳇, 독인가……"""
CondPanic#40,"""제대로 걸을 수가 없군……"""
CondStan#40,"""쳇, 움직일 수가……"""
CondMirage#40,"""환혹에 당하다니……"""
Die#41,"""이럴 수가……"""
ThankHeal#40,"""고맙군."""
ThankBuff#40,"""미안하군."""
ThankCure#40,"""번거롭게 했군."""
DefeatEnemy#40,"""다음 목표로 간다."""
LevelUp#40,"""더 강해져야 한다."""
InvokeSkill1#35,"""이걸로 끝낸다."""
InvokeSkill2#31,"""멈춰 있는 것처럼 보이는군."""
InvokeSkill3#30,"""느리다!"""
TechFire#14,"""불타라."""
TechIce#17,"""얼어붙어라."""
TechThunder#17,"""뇌격"""
TechWind#14,"""바람이여."""
TechLight#15,"""빛나라."""
TechDark#15,"""어둠에 먹혀라."""
PBFull#40,"""때가 됐군."""
PBRelease#40,"""힘을 빌리도록 하지."""
TacticsFree#40,"""내 마음대로 하겠다."""
TacticsGuard#40,"""수비를 굳히도록 하지."""
TacticsMassedAttack#40,"""표적을 좁혀라."""
TacticsAttack#39,"""미끼는 내게 맡겨라."""
Avoid#40,"""흥."""
HealSelf#40,"""아슬아슬했군."""
BuffSelf#40,"""정말이지."""
HealOther#40,"""방심하지 마라."""
BuffOther#40,"""방심은 금물이다."""
QuestStart1#40,"""빨리 끝내자."""
QuestStart2#28,"""그럼, 함께 갈까."""
QuestEnd1#40,"""끝난 모양이군."""
QuestEnd2#28,"""내 등을 맡길 사람은<br>너밖에 없군."""
IncidentStart#40,"""……방심하지 마라.<br>아직 뭔가 온다."""
IncidentSuccess#40,"""일단은 버텨 냈나."""
IncidentFailure#40,"""정신 차려라.<br>싸움은 아직 끝나지 않았다."""
PSE#40,"""PSE라는 건가."""
PSELevelUp#40,"""아직 계속되는 모양이군."""
PSEBurst#40,"""……그렇군.<br>이게 최종 단계인가."""
HP30#40,"""쳇…… 제법이군."""
HP10#40,"""여기까지 몰리다니."""
ItemRare#40,"""그런 물건엔 관심 없다.<br>마음대로 가져가라."""
DamageSmall#41,"""칫"""
DamageMiddle#41,"""꽤 하는군."""
DamageLarge#41,"""크헉."""
Trap#40,"""이런!"""
ThankTrapRescue#40,"""고맙다."""
TrapRescueOther#40,"""주위를 잘 봐라."""
MemberDamaged#40,"""무리하지 마라"""
MemberDead#40,"""……네놈."""
AbilityExe#40,"""/toge 이제야 손에 익는군."""
AbilitySpecial#40,"""/toge 미안하지만, 이제 진심으로 간다."""
Resurrect#40,"""이제부터가 진짜다."""
PartyJoin#40,"""/ci1 1 발목이나 잡지 마라."""
Marvelous#40,"""상상 이상이군."""
IncidentJsApcBegin#38,"""/ci3 2 미안하지만 도와주겠나?<br>생각보다 시간이 걸리는군."""
IncidentJsApcFailure#38,"""큭... 이런 추태를 보이다니...<br>후퇴하겠다. 뒤를 부탁한다."""
IncidentJsApcSuccess#38,"""/ci2 2 도와줘서 고맙다.<br>이 은혜는 나중에 갚지."""
IncidentJsApcBeginEvo#36,"""/ci3 2 아직 더 오는 모양이군."""
IncidentJsMultiApcBegin#12,"""마침 잘 왔다.<br>둘이서도 애먹던 참이다.<br>도와줄 수 있나?"""
IncidentJsMultiApcSuccess#12,"""협력에 감사하지.<br>……역시 돌보는 건 귀찮군."""
EnemyWeak#41,"""상대도 안 되네!"""
EnemyLarge#41,"""덤벼, 덩치!"""
EnemyBoss#41,"""쓰러뜨릴 맛이 날 것 같은<br>녀석이 나왔네!"""
EnemyRare#41,"""희귀종이라도 상관없어!"""
EnemyBoost#41,"""저게 침식핵이 붙은 녀석!"""
WeatherChange#3,"""환경 파라미터에 변동이?"""
DestroyEnemy1#41,"""해냈다!"""
DestroyEnemy2#41,"""느낌 좋아!"""
DestroyEnemy3#41,"""너무 얕봤네!"""
CondFreeze#41,"""어, 얼어붙었어!?"""
CondBurn#41,"""으아앗, 뜨거워, 뜨거워!"""
CondShock#41,"""모, 몸이 저려 와!"""
CondPoison#41,"""큭, 이거 독이야?"""
CondPanic#41,"""왜, 왜 이렇게 어지럽지?"""
CondStan#41,"""몸이 움직이지 않아……!"""
CondMirage#41,"""시야가 엉망이야……!"""
Die#42,"""아직…… 포기하고 싶지 않은데……!"""
ThankHeal#41,"""고마워!"""
ThankBuff#41,"""좋은 판단이야!"""
ThankCure#41,"""후우, 진정됐어."""
DefeatEnemy#41,"""자, 다음, 다음!"""
LevelUp#41,"""점점 강해지는구나."""
InvokeSkill1#36,"""이걸로 끝낼게!"""
InvokeSkill2#32,"""이건 어때!"""
InvokeSkill3#31,"""놓치지 않아!\u3000여기서 끝낼게!"""
TechFire#15,"""불꽃이여!"""
TechIce#18,"""얼음이여!"""
TechThunder#18,"""번개여!"""
TechWind#15,"""바람이여!"""
TechLight#16,"""빛이여!"""
TechDark#16,"""어둠이여!"""
PBFull#41,"""부탁이야…… 내게 힘을……!"""
PBRelease#41,"""힘을 빌려줘, 포톤 블래스트!"""
TacticsFree#41,"""자유롭게 움직일게!"""
TacticsGuard#41,"""수비도 중요해!"""
TacticsMassedAttack#41,"""타깃을 하나로 집중해!"""
TacticsAttack#40,"""내가 미끼가 될게!"""
Avoid#41,"""핫!"""
HealSelf#41,"""큰일 날 뻔했어."""
BuffSelf#41,"""이제부터 진심이야!"""
HealOther#41,"""괜찮아?"""
BuffOther#41,"""방심하지 마!"""
QuestStart1#41,"""자, 가자!"""
QuestStart2#29,"""너와 함께라면<br>뭐든 할 수 있을 것 같아."""
QuestEnd1#41,"""임무 완료, 이런 거지."""
QuestEnd2#29,"""어라?\u3000벌써 끝난 거야?<br>좀 더 함께하고 싶었는데."""
IncidentStart#41,"""……뭔가 오는 것 같아."""
IncidentSuccess#41,"""어떻게든 된 것 같네."""
IncidentFailure#41,"""마음 다잡고 가자."""
PSE#41,"""PSE라는 건가?"""
PSELevelUp#41,"""아직 계속되는 것 같네."""
PSEBurst#41,"""이게 PSE의 최종 단계……"""
HP30#41,"""이렇게까지 밀리다니……!"""
HP10#41,"""얕본 건 아니지만……!"""
ItemRare#41,"""그거 좋은 물건이야?"""
DamageSmall#42,"""큭!"""
DamageMiddle#42,"""그럴 수가!"""
DamageLarge#42,"""꺄악!"""
Trap#41,"""이런 곳에 함정이!?"""
ThankTrapRescue#41,"""고, 고마워."""
TrapRescueOther#41,"""조심해!"""
MemberDamaged#41,"""무리하지 마!"""
MemberDead#41,"""……내 탓이야."""
AbilityExe#41,"""/toge 흐름에 몸을 맡길게."""
AbilitySpecial#41,"""/toge 날 막아 봐!"""
Resurrect#41,"""몇 번이고 다시 일어설 거야!"""
PartyJoin#41,"""/ci1 1 함께 힘내자!"""
Marvelous#41,"""……대단해."""
IncidentJsApcBegin#39,"""/ci3 2 마침 잘 왔어!<br>애먹고 있으니 협력해 줘!"""
IncidentJsApcFailure#39,"""...여기까지인 거야?<br>미안해, 후퇴할게."""
IncidentJsApcSuccess#39,"""/ci2 2 덕분에 살았어.<br>그게... 고마워."""
IncidentJsApcBeginEvo#37,"""/ci3 2 아직 더 오는 것 같네.<br>조금은 쉬게 해 줘."""
IncidentJsMultiApcBegin#13,"""둘만으로는 손이 모자라!<br>조금 도와줄래?"""
IncidentJsMultiApcSuccess#13,"""도와줘서 고마워!<br>……누구 씨도 이만큼<br>든든하면 좋을 텐데?"""
EnemyWeak#42,"""약한 상대라도 방심하지 않아요."""
EnemyLarge#42,"""대형…… 귀찮네요."""
EnemyBoss#42,"""진짜가 등장했다는 거군요."""
EnemyRare#42,"""저건…… 희귀종인가요?"""
EnemyBoost#42,"""침식핵이 붙었군요."""
WeatherChange#4,"""날씨가 변한 건가요?"""
DestroyEnemy1#42,"""끝입니다!"""
DestroyEnemy2#42,"""자, 다음입니다!"""
DestroyEnemy3#42,"""계속하겠습니다!"""
CondFreeze#42,"""어, 얼어붙었어요……"""
CondBurn#42,"""모, 몸에 불이 붙었어요……"""
CondShock#42,"""모, 몸이 저려서……"""
CondPoison#42,"""으윽, 독이……"""
CondPanic#42,"""어, 어지러워요……"""
CondStan#42,"""몸이 움직이지 않아요……"""
CondMirage#42,"""초점이 잡히지 않아요……"""
Die#43,"""그럴 수가…… 아직……"""
ThankHeal#42,"""큰 도움이 됩니다!"""
ThankBuff#42,"""엄호, 감사합니다."""
ThankCure#42,"""기분이 상쾌해졌어요."""
DefeatEnemy#42,"""다음으로 가죠!"""
LevelUp#42,"""감탄이 나오는 솜씨네요."""
InvokeSkill1#37,"""갑니다!"""
InvokeSkill2#33,"""놓치지 않겠습니다!"""
InvokeSkill3#32,"""보입니다!"""
TechFire#16,"""뜨거운 걸로 갑니다!"""
TechIce#19,"""차가운 걸로 갑니다!"""
TechThunder#19,"""짜릿한 걸로 갑니다!"""
TechWind#16,"""날아가 주세요!"""
TechLight#17,"""눈부신 걸로 갑니다!"""
TechDark#17,"""새까만 걸로 갑니다!"""
PBFull#42,"""이제 충분해요."""
PBRelease#42,"""이걸로 끝내죠!"""
TacticsFree#42,"""자유롭게 움직일게요!"""
TacticsGuard#42,"""수비를 굳힐게요!"""
TacticsMassedAttack#42,"""집중 공격이군요!"""
TacticsAttack#41,"""제가 미끼가 될게요!"""
Avoid#42,"""앗!"""
HealSelf#42,"""위험할 뻔했어요."""
BuffSelf#42,"""방심하지 말고, 빈틈없이……"""
HealOther#42,"""치료할게요!"""
BuffOther#42,"""강화할게요!"""
QuestStart1#42,"""그럼, 잘 부탁드립니다."""
QuestStart2#30,"""도움이 되도록 힘낼게요!"""
QuestEnd1#42,"""끝난 모양이네요."""
QuestEnd2#30,"""감사합니다.<br>좋은 경험을 했어요."""
IncidentStart#42,"""무언가…… 일어날 것 같아요."""
IncidentSuccess#42,"""어떻게든 해결됐네요."""
IncidentFailure#42,"""실패는 성공의 어머니.<br>마음 다잡고 가죠."""
PSE#42,"""혹시……<br>이게 PSE인가요?"""
PSELevelUp#42,"""아직 계속되는 모양이네요."""
PSEBurst#42,"""이게 PSE의<br>최종 단계인가요……"""
HP30#42,"""큰일이네요."""
HP10#42,"""더, 더는……"""
ItemRare#42,"""그거 좋은 물건인가요?<br>부럽네요."""
DamageSmall#43,"""윽"""
DamageMiddle#43,"""아앗!"""
DamageLarge#43,"""꺄악!"""
Trap#42,"""이런 함정 따위에……!"""
ThankTrapRescue#42,"""살았어요!"""
TrapRescueOther#42,"""조심하세요!"""
MemberDamaged#42,"""무리하지 마세요!"""
MemberDead#42,"""……제 책임이에요."""
AbilityExe#42,"""/toge 양보할 수 없는 게 있어요!"""
AbilitySpecial#42,"""/toge 몸이 가벼워요……<br>단숨에 끝낼게요!"""
Resurrect#42,"""……위험할 뻔했어요."""
PartyJoin#42,"""/ci1 1 미숙하지만<br>잘 부탁드립니다."""
Marvelous#42,"""훌륭한 솜씨네요."""
IncidentJsApcBegin#40,"""/ci3 2 죄송합니다.<br>조금 애를 먹고 있어서<br>협력해 주시겠습니까?"""
IncidentJsApcFailure#40,"""여기까지인가 보네요...<br>죄송합니다. 후퇴하겠습니다."""
IncidentJsApcSuccess#40,"""/ci2 2 감사합니다.<br>덕분에 살았습니다."""
IncidentJsApcBeginEvo#38,"""/ci3 2 ……아직 더 오는 모양이네요."""
EnemyWeak#43,"""적이라면 봐주지 않아."""
EnemyLarge#43,"""큰 표적이네."""
EnemyBoss#43,"""어떤 상대든 상관없어."""
EnemyRare#43,"""아, 희귀한 녀석이네."""
EnemyBoost#43,"""반응이 좀 강하지만……<br>뭐, 상관없으려나."""
WeatherChange#5,"""포톤이 흔들리고 있어?"""
DestroyEnemy1#43,"""방해했으니까."""
DestroyEnemy2#43,"""자, 다음으로 가자."""
DestroyEnemy3#43,"""뭔가 부족하네."""
CondFreeze#43,"""동결로 발이 묶였나."""
CondBurn#43,"""연소는 꽤 뜨겁구나."""
CondShock#43,"""저려서 움직이기 힘드네."""
CondPoison#43,"""기분 나빠……<br>이런 게 독이구나."""
CondPanic#43,"""이제 그냥<br>전부 한꺼번에 날려 버리고 싶어."""
CondStan#43,"""으음, 움직일 수 없나."""
CondMirage#43,"""초점이 안 잡혀……<br>그럼 전부 날려 버리면……!"""
Die#44,"""……모두를 지켜야 하는데."""
ThankHeal#43,"""나를 회복해 준 거야?"""
ThankBuff#43,"""나를 엄호해 준 거야?"""
ThankCure#43,"""나를 위해서?"""
DefeatEnemy#43,"""좋아, 대충 다 죽였나."""
LevelUp#43,"""아, 강해진 느낌이 들어."""
InvokeSkill1#38,"""쓸데없는 저항은 그만해."""
InvokeSkill2#34,"""최대한 빨리 끝낼 테니까."""
InvokeSkill3#33,"""가볍게 쓰러뜨릴게."""
TechFire#17,"""폭염이여."""
TechIce#20,"""빙아여."""
TechThunder#20,"""뇌인이여."""
TechWind#17,"""천풍이여."""
TechLight#18,"""극광이여."""
TechDark#18,"""흑영이여."""
PBFull#43,"""난 준비됐어."""
PBRelease#43,"""너도 힘을 빌려줄래?"""
TacticsFree#43,"""그럼 자유롭게 할게."""
TacticsGuard#43,"""수비도 중요하다는 거지."""
TacticsMassedAttack#43,"""집중해서 쓰러뜨리는 거네."""
TacticsAttack#42,"""응, 나한테 맡겨."""
Avoid#43,"""소용없어"""
HealSelf#43,"""난 죽지 않아."""
BuffSelf#43,"""전력으로 갈게."""
HealOther#43,"""무리하지 마."""
BuffOther#43,"""엄호할게."""
QuestStart1#43,"""상황 개시"""
QuestStart2#31,"""함께 힘내자."""
QuestEnd1#43,"""적을 더 많이 쓰러뜨려야 해."""
QuestEnd2#31,"""모두를 위해<br>나도 더 힘내야 해."""
IncidentStart#43,"""분위기가 바뀌었어?<br>뭔가 온다."""
IncidentSuccess#43,"""잘된 것 같네."""
IncidentFailure#43,"""으음, 뭐가 잘못된 걸까."""
PSE#43,"""포톤이 모이기 시작했어……<br>이게 PSE인가?"""
PSELevelUp#43,"""이대로 계속 이어 가면<br>조금 재미있을 것 같아."""
PSEBurst#43,"""흐응, 이게<br>PSE 버스트라는 거구나."""
HP30#43,"""조금 밀리는 것 같아."""
HP10#43,"""……아직 안 끝났어."""
ItemRare#43,"""아, 그거 희귀한 거지?"""
DamageSmall#44,"""윽"""
DamageMiddle#44,"""아야!"""
DamageLarge#44,"""아얏!"""
Trap#43,"""성가시네."""
ThankTrapRescue#43,"""고마워."""
TrapRescueOther#43,"""조심해서 가"""
MemberDamaged#43,"""안 돼, 물러나!"""
MemberDead#43,"""모두를 지키는 게<br>내 사명인데……!"""
AbilityExe#43,"""좋아, 힘내 볼까!"""
AbilitySpecial#43,"""내가 어떻게든 할게!"""
Resurrect#43,"""다음엔 제대로 해야 해."""
PartyJoin#43,"""/ci1 1 그럼, 잘 부탁해."""
Marvelous#43,"""나도 질 수는 없지."""
EnemyWeak#44,"""후후후…… 이 정도 상대라면<br>저 혼자서도 충분하답니다!"""
EnemyLarge#44,"""크다고 다 좋은 건<br>아니라고요!"""
EnemyBoss#44,"""으으…… 왠지 강해 보여요……<br>못 본 척하고 싶네요."""
EnemyRare#44,"""어머?\u3000저기 계신 건<br>희귀종이라는 녀석 아닌가요?"""
EnemyBoost#44,"""으으음……<br>정말 기분 나쁜 기운을 풍기는<br>에너미네요……"""
WeatherChange#6,"""환경 변화도 아무 문제 없답니다!"""
DestroyEnemy1#44,"""해냈어요!"""
DestroyEnemy2#44,"""어떤가요!"""
DestroyEnemy3#44,"""보셨나요?"""
CondFreeze#44,"""물에 젖은 미녀……<br>가 아니라, 얼었잖아!\u3000차가워!"""
CondBurn#44,"""불타오르는 듯한 열정……<br>이 아니라, 너무 뜨겁잖아요!"""
CondShock#44,"""저릴 만큼 자극적……<br>이 아니라, 진짜 저려 와요……!"""
CondPoison#44,"""후훗, 미녀는 독을 품는 법……<br>……저, 미녀 안 해도 되니까<br>해독을, 해독을 해 주세요!"""
CondPanic#44,"""후후후……<br>지금이라면 아무것도 못 할 것 같은<br>그런 기분이 들어요!"""
CondStan#44,"""뭐라 하셔도<br>전 여기서 한 발짝도 안 움직여요!<br>랄까, 움직일 수가 없어요!"""
CondMirage#44,"""늘 꿈에 빠져 사는 제게 환각이라니!<br>……어머?\u3000저기에<br>아주 맛있어 보이는 케이크가……"""
Die#45,"""이젠 안 돼…… 쉬게 해 주세요……"""
ThankHeal#44,"""감사드려요!"""
ThankBuff#44,"""강해진 기분이에요!"""
ThankCure#44,"""기분 상쾌하다는 게 이런 거군요!"""
DefeatEnemy#44,"""이걸로 한 건 해결이에요!<br>자자, 다음 장소로 가죠."""
LevelUp#44,"""저한테도 나눠 주시겠어요?"""
InvokeSkill1#39,"""넋을 놓고 보셔도 돼요?"""
InvokeSkill2#35,"""이걸로 끝이에요!"""
InvokeSkill3#34,"""할 때는 한답니다!"""
PBFull#44,"""이쪽은 준비 완료랍니다!"""
PBRelease#44,"""힘을 빌려주세요."""
TacticsFree#44,"""맡겨 주세요!<br>지금보다 더 자유롭게<br>움직여 보이겠어요!"""
TacticsGuard#44,"""맡겨 주세요!<br>확실히 버텨 보이겠어요!"""
TacticsMassedAttack#44,"""맡겨 주세요!<br>집중 공격으로 가죠!"""
TacticsAttack#43,"""맡겨 주세요!<br>그런데 제가 미끼인가요!?"""
Avoid#44,"""화려하게 회피!"""
HealSelf#44,"""아직 죽고 싶지는 않으니까요."""
BuffSelf#44,"""부족한 힘은 보조로 보충!"""
HealOther#44,"""무리하지 마세요!"""
BuffOther#44,"""능력 강화도 잊지 마세요!"""
QuestStart1#44,"""잘 부탁드리겠습니다."""
QuestStart2#32,"""당신과 함께라면<br>저, 뭐든 할 수 있을 것 같아요!<br>뭐, 아마 기분 탓이겠지만요!"""
QuestEnd1#44,"""계속 당신에게<br>업혀 가기만 했지만……<br>끝이 좋으면 된 거예요!"""
QuestEnd2#32,"""이걸로 임무 완료네요!"""
IncidentStart#44,"""장애물을 넘어야 성장하는 법!<br>뭐든 덤비라고 하세요!"""
IncidentSuccess#44,"""해냈네요!<br>당신과 함께여서 편했……<br>아니, 당신 덕분이에요!"""
IncidentFailure#44,"""으으……<br>제가 발목을 잡았네요……"""
PSE#44,"""으음, 으으음!<br>이건 PSE의 느낌이에요!"""
PSELevelUp#44,"""해냈어요!<br>계속해서 이어 가죠!"""
PSEBurst#44,"""훌륭해요!<br>이게 PSE 버스트예요!"""
HP30#44,"""왠지 엄청 집중적으로<br>노려지는 기분이……"""
HP10#44,"""전력 분석, 제대로 했네요.<br>가장 약한 저부터 공격하다니<br>……사, 살려주세요!"""
ItemRare#44,"""좋은 물건 주우셨나요?"""
DamageSmall#45,"""아야!"""
DamageMiddle#45,"""와와왓!"""
DamageLarge#45,"""너무해요……"""
Trap#44,"""잠깐, 함정이라니!<br>왜 이런 게 있는 거예요!?"""
ThankTrapRescue#44,"""사, 살았어요……"""
TrapRescueOther#44,"""함정을 조심하세요!<br>저도 아까 걸릴 뻔<br>했으니까요!"""
MemberDamaged#44,"""무리하지 마세요!"""
MemberDead#44,"""……용서 못 해요.<br>절대로 용서 못 해요!"""
AbilityExe#44,"""후후후, 지금부터는<br>제 차례랍니다!"""
AbilitySpecial#44,"""제게 맡겨 주세요!"""
Resurrect#44,"""슬슬 일어날까요."""
PartyJoin#44,"""/ci1 1 제가 등장했답니다!"""
Marvelous#44,"""훌륭한 솜씨예요!"""
IncidentJsApcBegin#41,"""/toge /ci3 2 아, 아, 당신은!<br>정말 좋은 타이밍이에요!<br>도와주시겠어요!"""
IncidentJsApcFailure#41,"""으윽…… 더는 무리예요……<br>죄송하지만 철수할게요."""
IncidentJsApcSuccess#41,"""/ci2 2 아니, 한때는 어찌 되나 했는데……<br>정말 정말 감사해요!<br>고맙습니다!"""
IncidentJsApcBeginEvo#39,"""/ci1 2 후우, 어떻게든 돼서 다행……<br>……이라고 할 수 없겠네요.<br>조금 더 함께해 주시겠어요?"""
EnemyWeak#45,"""힘 시험조차 안 되는군."""
EnemyLarge#45,"""조금은 손맛이 있겠군."""
EnemyBoss#45,"""시험 상대로는 충분하다."""
EnemyRare#45,"""……희귀종인가."""
EnemyBoost#45,"""불길한 기운을 내뿜는군."""
WeatherChange#7,"""바람의 방향이 바뀌었나."""
DestroyEnemy1#45,"""다음."""
DestroyEnemy2#45,"""좋은 데이터를 얻었군."""
DestroyEnemy3#45,"""다음 목표로 이동한다."""
CondFreeze#45,"""동결 상태인가……"""
CondBurn#45,"""연소 상태인가……"""
CondShock#45,"""감전 상태인가……"""
CondPoison#45,"""이건…… 독인가……"""
CondPanic#45,"""쳇, 정상적인 판단을 할 수 없다……"""
CondStan#45,"""몸을 자유롭게 움직일 수 없다……"""
CondMirage#45,"""쳇, 환각이……"""
Die#46,"""전투 지속은 불가능……한가."""
ThankHeal#45,"""미안하다."""
ThankBuff#45,"""고맙다."""
ThankCure#45,"""번거롭게 했군."""
DefeatEnemy#45,"""제압 완료"""
LevelUp#45,"""강해지는 건 좋은 일이다."""
InvokeSkill1#40,"""이걸로 끝이다."""
InvokeSkill2#36,"""여기서 끝낸다."""
InvokeSkill3#35,"""놓치지 않는다."""
TechFire#18,"""불타라."""
TechIce#21,"""얼어붙어라."""
TechThunder#21,"""번개여."""
TechWind#18,"""바람이여."""
TechLight#19,"""빛이여."""
TechDark#19,"""어둠이여."""
PBFull#45,"""준비가 된 모양이군."""
PBRelease#45,"""포톤 블래스트를 기동한다."""
TacticsFree#45,"""그럼, 자유롭게 움직이도록 하지."""
TacticsGuard#45,"""그럼, 수비를 굳히도록 하지."""
TacticsMassedAttack#45,"""그럼, 한 점을 돌파하지."""
TacticsAttack#44,"""미끼는 내게 맡겨라."""
Avoid#45,"""느려."""
HealSelf#45,"""아슬아슬했군."""
BuffSelf#45,"""봐주지 않겠다."""
HealOther#45,"""방심이 지나치다."""
BuffOther#45,"""엄호한다."""
QuestStart1#45,"""임무를 시작한다."""
QuestStart2#33,"""네게 의지하지."""
QuestEnd1#45,"""역시 대단하군."""
QuestEnd2#33,"""이 결과는 네 덕분이다."""
IncidentStart#45,"""분위기가 바뀌었군……<br>뭔가 일어난다. 조심해라."""
IncidentSuccess#45,"""훌륭한 결과군."""
IncidentFailure#45,"""……아쉬운 결과다."""
PSE#45,"""포톤이 흔들리고 있다……<br>PSE의 전조인가."""
PSELevelUp#45,"""PSE…… 아직 계속되는 모양이군."""
PSEBurst#45,"""이게 소문으로 듣던<br>PSE 버스트라는 건가."""
HP30#45,"""칫"""
HP10#45,"""위험하군……"""
ItemRare#45,"""그건 좋은 물건이다."""
DamageSmall#46,"""손상 경미……"""
DamageMiddle#46,"""크윽."""
DamageLarge#46,"""……손상이 크군."""
Trap#45,"""트랩인가!"""
ThankTrapRescue#45,"""……미안하다, 살았다."""
TrapRescueOther#45,"""괜찮나?"""
MemberDamaged#45,"""일단 물러나라."""
MemberDead#45,"""……내 역량 부족이다."""
AbilityExe#45,"""이제부터가 진짜다."""
AbilitySpecial#45,"""이 상태라면…… 할 수 있다."""
Resurrect#45,"""……빚은 갚도록 하지."""
PartyJoin#45,"""/ci1 1 기대에는 전력으로 부응하지."""
Marvelous#45,"""상상 이상이군."""
IncidentJsApcBegin#42,"""/ci3 2 마침 잘 와 줬군.<br>조금 애먹고 있다.<br>도와주지 않겠나?"""
IncidentJsApcFailure#42,"""……내가 미숙했다.<br>물러나도록 하지."""
IncidentJsApcSuccess#42,"""/ci1 2 임무 완료.<br>협력에 감사한다."""
IncidentJsApcBeginEvo#40,"""/ci1 2 임무 완료…… 아니,<br>이 반응은 아무래도 아직<br>더 오는 모양이군."""
EnemyWeak#46,"""이 정도 상대라면……"""
EnemyLarge#46,"""조금 크네요……"""
EnemyBoss#46,"""엄청난 위압감이네요.<br>방심하지 말고 가죠."""
EnemyRare#46,"""아, 저건 분명<br>희귀종이었을 거예요."""
EnemyBoost#46,"""……이 느낌,<br>위험한 상대인 것 같네요."""
WeatherChange#8,"""분위기가 바뀌었네요."""
DestroyEnemy1#46,"""잘됐어요."""
DestroyEnemy2#46,"""다음에도 힘낼게요."""
DestroyEnemy3#46,"""해냈어요… 그렇죠?"""
CondFreeze#46,"""도, 동결…?"""
CondBurn#46,"""여, 연소…?"""
CondShock#46,"""가, 감전…?"""
CondPoison#46,"""으윽… 독…?"""
CondPanic#46,"""시야가 이상해…<br>뭐지, 머리가 빙글빙글…"""
CondStan#46,"""모, 몸이 안 움직여…?"""
CondMirage#46,"""우왓, 우와와…<br>시야가 뭔가 이상해요…!"""
Die#47,"""……미안해, 우르크."""
ThankHeal#46,"""감사합니다."""
ThankBuff#46,"""살았어요."""
ThankCure#46,"""덕분에 개운해졌어요."""
DefeatEnemy#46,"""끝난 모양이네요."""
LevelUp#46,"""저도 질 수는 없어요."""
TechFire#19,"""불타라!"""
TechIce#22,"""얼어 주세요!"""
TechThunder#22,"""맞아라!"""
TechWind#19,"""방해하지 마세요!"""
TechLight#20,"""이건 어때요!"""
TechDark#20,"""갑니다!"""
PBFull#46,"""우리의 힘을 모두를 위해……"""
PBRelease#46,"""날아드는 불똥은 이 손으로 막는다!"""
TacticsFree#46,"""그럼 자유롭게 움직일게요."""
TacticsGuard#46,"""수비를 굳히는 것도 중요하죠."""
TacticsMassedAttack#46,"""집중 공격으로 돌파하죠."""
TacticsAttack#45,"""미끼 역할이군요. 맡겨 주세요."""
Avoid#46,"""흥!"""
HealSelf#46,"""아직 당하지 않아요."""
BuffSelf#46,"""이걸로 준비 완료."""
HealOther#46,"""회복하겠습니다!"""
BuffOther#46,"""보조를 잊지 마세요!"""
QuestStart1#46,"""기대에 부응하도록 힘낼게요."""
QuestStart2#34,"""제가 할 수 있는 일을 전력으로……!"""
QuestEnd1#46,"""이걸로 임무 완료네요."""
QuestEnd2#34,"""수고하셨습니다."""
IncidentStart#46,"""뭐지…<br>뭔가 일어날 것 같은데요."""
IncidentSuccess#46,"""잘됐어요!"""
IncidentFailure#46,"""……실패했네요."""
PSE#46,"""포톤이… 뭐랄까<br>술렁인다기보다 활발해져서…"""
PSELevelUp#46,"""이거, 계속하면 되는 거죠?"""
PSEBurst#46,"""포톤의 활성화가 굉장해……"""
HP30#46,"""아, 아직 괜찮아요!"""
HP10#46,"""이 이상은 힘들어요……!"""
ItemRare#46,"""아, 그거 좋네요."""
DamageSmall#47,"""큭"""
DamageMiddle#47,"""으윽!"""
DamageLarge#47,"""그럴 수가!?"""
Trap#46,"""이런 곳에 함정이!?"""
ThankTrapRescue#46,"""…죄송해요.<br>번거롭게 해 드려서."""
TrapRescueOther#46,"""괜찮으세요?"""
MemberDamaged#46,"""괘, 괜찮으세요?"""
MemberDead#46,"""……용서 못 해요, 절대로!"""
AbilityExe#46,"""기세가 오르기 시작했어요."""
AbilitySpecial#46,"""이 기세라면 할 수 있어요!"""
Resurrect#46,"""포기하지 않아…… 그녀를 위해서도."""
PartyJoin#46,"""/ci1 1 최선을 다해 힘낼게요."""
Marvelous#46,"""역시 대단하네요."""
IncidentJsApcBegin#43,"""/mn10 /ci4 5 아, 죄송합니다.<br>수가 좀 많아서<br>괜찮다면 도와주시겠어요?"""
IncidentJsApcFailure#43,"""여기서 무리할 수는……<br>죄송합니다. 먼저 귀환할게요."""
IncidentJsApcSuccess#43,"""/ci4 1 후우…… 끝난 모양이네요.<br>덕분에 살았어요. 감사합니다."""
IncidentJsApcBeginEvo#41,"""/mn10 /ci4 5 아직 더 올 기척이네요……<br>……그렇다면 이쪽도 맞설 뿐!"""
EnemyWeak#47,"""잡몹은 관심 없는데."""
EnemyLarge#47,"""크네…… 올려다보니 목 아파."""
EnemyBoss#47,"""이런……<br>귀찮은 녀석이 나왔네."""
EnemyRare#47,"""선배, 저거<br>희귀한 녀석 아니야?"""
EnemyBoost#47,"""불길한 느낌이 드는 적이네……"""
DestroyEnemy1#47,"""내 적수는 아니네."""
DestroyEnemy2#47,"""자, 다음."""
DestroyEnemy3#47,"""뭐, 이 정도인가."""
CondFreeze#47,"""동결인가, 젠장……"""
CondBurn#47,"""연소인가, 젠장……"""
CondShock#47,"""감전인가, 젠장……"""
CondPoison#47,"""독인가, 젠장……"""
CondPanic#47,"""……누굴 노려야 하지?"""
CondStan#47,"""……몸이 움직이지 않아도<br>할 수 있는 일은 있을 거야."""
CondMirage#47,"""젠장…… 조준이 안 돼."""
Die#48,"""쳇, 여기까지인가……"""
ThankHeal#47,"""미안, 덕분에 살았어."""
ThankBuff#47,"""이거면…… 할 수 있어."""
ThankCure#47,"""어떻게든 진정됐어."""
DefeatEnemy#47,"""둘러봐도 적은 안 보이네."""
LevelUp#47,"""나도 질 수는 없지."""
InvokeSkill1#41,"""쏴!"""
InvokeSkill2#37,"""이 거리…… 잡았어!"""
InvokeSkill3#36,"""내 사거리야!"""
TechLight#21,"""테크닉도 쓸 줄 안다고?"""
TechDark#21,"""이런 것도 할 수 있어."""
PBFull#47,"""준비 완료, 뭐 그런 거지."""
PBRelease#47,"""우릴 방해한 네가<br>잘못한 거야."""
TacticsFree#47,"""그럼 마음대로 해 볼까."""
TacticsGuard#47,"""여긴 버텨야 할 때네."""
TacticsMassedAttack#47,"""집중 공격인가.<br>엄호는 맡겨 줘."""
TacticsAttack#46,"""행동을 봉쇄하는 건<br>사수의 특기야. 맡겨 줘."""
Avoid#47,"""어딜 노리는 거야?"""
HealSelf#47,"""여기서 회복해 둘까."""
BuffSelf#47,"""쓸 수 있는 건 다 쓸 거야."""
HealOther#47,"""회복은 자주 해 둬."""
BuffOther#47,"""보조를 잊으면 위험하다니까."""
QuestStart1#47,"""할 거면 전력으로 해야지."""
QuestStart2#35,"""잘 배울게, 선배."""
QuestEnd1#47,"""끝났네."""
QuestEnd2#35,"""역시 선배네.<br>빈말 아니라 진심이야."""
IncidentStart#47,"""뭔가 온다, 선배."""
IncidentSuccess#47,"""좋아!"""
IncidentFailure#47,"""……미안, 선배."""
PSE#47,"""포톤이 활성화되고 있어……<br>그렇구나, 이게 PSE인가."""
PSELevelUp#47,"""좀 더 이어 보고 싶네."""
PSEBurst#47,"""이만큼 활성화됐으면<br>마음껏 해도 되겠네."""
HP30#47,"""쳇, 밀리고 있는 건가……?"""
HP10#47,"""젠장, 이렇게까지 당하다니……!"""
ItemRare#47,"""선배는 운도 따라 주네."""
DamageSmall#48,"""칫"""
DamageMiddle#48,"""젠장."""
DamageLarge#48,"""꺄악!"""
Trap#47,"""이런 곳에 트랩이!?"""
ThankTrapRescue#47,"""미안, 폐를 끼쳤네."""
TrapRescueOther#47,"""괜찮나?"""
MemberDamaged#47,"""너무 앞에 나가면 위험해!"""
MemberDead#47,"""…………감히."""
AbilityExe#47,"""/toge 몸이 풀리기 시작했어……<br>이 기분, 나쁘지 않아!"""
AbilitySpecial#47,"""/toge 내가 갈게!"""
Resurrect#47,"""당한 만큼은 돌려줘야지."""
PartyJoin#47,"""/ci1 1 잘 부탁해, 선배."""
Marvelous#47,"""이게 경험의 차이인가……"""
IncidentJsApcBegin#44,"""/mn24 /ci2 2 아, 선배!<br>미안한데 조금 도와줘!<br>...그리고 너무 쳐다보지 마."""
IncidentJsApcFailure#44,"""...더는 무리야.<br>미안, 선배. 난 후퇴할게."""
IncidentJsApcSuccess#44,"""/ci2 1 선배... 그게, 살았어.<br>와 줘서 고마워."""
IncidentJsApcBeginEvo#42,"""/ci2 2 칫, 아직 더 오는 모양이야."""
EnemyWeak#48,"""어라, 어라라?<br>이건 쉽게 끝나겠는데!"""
EnemyLarge#48,"""엄청… 크다…"""
EnemyBoss#48,"""골치 아픈 상대가 왔어!"""
EnemyRare#48,"""오오!<br>저거 봐, 희귀한 녀석이야!"""
EnemyBoost#48,"""우왓, 우와앗!<br>불길한 예감이 팍팍 들어…!"""
DestroyEnemy1#48,"""영차!"""
DestroyEnemy2#48,"""어떠냐!"""
DestroyEnemy3#48,"""화려하게 성공!"""
CondFreeze#48,"""꽁꽁 얼었다!"""
CondBurn#48,"""활활 타오른다!<br>뜨거, 뜨거워!"""
CondShock#48,"""저저저저려어어어!"""
CondPoison#48,"""으으, 기부니 나빠…"""
CondPanic#48,"""빙글빙글, 어질어질!<br>아하하하!"""
CondStan#48,"""몸이 잘 안 움직여!"""
CondMirage#48,"""흐릿하고 뿌예서<br>시야가 엄청나!"""
Die#49,"""티아…"""
ThankHeal#48,"""고마워!"""
ThankBuff#48,"""센스 있는 사람, 정말 좋아!"""
ThankCure#48,"""기분 상쾌, 힘내자!"""
DefeatEnemy#48,"""음, 끝났나?"""
LevelUp#48,"""좋겠다!\u3000좋겠네!"""
InvokeSkill1#42,"""하나, 둘, 얍!"""
InvokeSkill2#38,"""날아가 버려!"""
InvokeSkill3#37,"""해치워 버릴 거야!"""
TechLight#22,"""티아 흉내 내기!"""
PBFull#48,"""열받아!<br>화나기 시작했어!"""
PBRelease#48,"""1번, 패티!\u3000갑니다!"""
TacticsFree#48,"""자유분방하게 가 보자!"""
TacticsGuard#48,"""방어는 최고의 공격이라고<br>누군가 그랬어!"""
TacticsMassedAttack#48,"""미안하지만 이건 싸움이니까…<br>집중 공격이야!"""
TacticsAttack#47,"""자, 자, 이쪽으로 와!"""
Avoid#48,"""영차!"""
HealSelf#48,"""해낼 줄 알았어?<br>아쉽지만 회복이었어!"""
BuffSelf#48,"""이래 보여도<br>준비는 빠뜨리지 않아!"""
HealOther#48,"""빠르게 회복!"""
BuffOther#48,"""나눠 줄게!"""
QuestStart1#48,"""그럼 가 보자!"""
QuestEnd1#48,"""이걸로 끝!"""
IncidentStart#48,"""음, 문제의 예감!"""
IncidentSuccess#48,"""대성공!"""
IncidentFailure#48,"""뭐, 이럴 때도 있지!"""
PSE#48,"""오, 뭔가 시작됐다!"""
PSELevelUp#48,"""계속 이어 가 보자!"""
PSEBurst#48,"""우와!<br>이거 정말 굉장한데!"""
HP30#48,"""아직 쌩쌩해!"""
HP10#48,"""허, 허세 부리기도 힘들어…"""
ItemRare#48,"""아, 치사해!<br>좋겠다!"""
DamageSmall#49,"""아야!"""
DamageMiddle#49,"""꺄악!"""
DamageLarge#49,"""아프다니까!"""
Trap#48,"""함정에 걸린 여자애라니<br>제법 자극적… 아니,<br>그게 아니라 살려 줘!"""
ThankTrapRescue#48,"""후, 고마워."""
TrapRescueOther#48,"""화려하게 구출 완료!"""
MemberDamaged#48,"""괜찮아?\u3000무리하면 안 돼!"""
MemberDead#48,"""나도 화날 때는 난다고…!"""
AbilityExe#48,"""/toge 좋아, 감도 잡혔으니<br>언니가 힘내 볼게!"""
AbilitySpecial#48,"""/toge 나한테 맡겨!"""
Resurrect#48,"""후, 저승길이 보였어!"""
PartyJoin#48,"""/ci1 1 네네!\u3000힘낼게!"""
Marvelous#48,"""이야, 편하다, 편해."""
EnemyWeak#49,"""응?<br>별로 강하지 않은… 건가?"""
EnemyLarge#49,"""엄청… 크네…"""
EnemyBoss#49,"""귀찮은 상대가 와 버렸네…"""
EnemyRare#49,"""엄청 희귀한 종이네.<br>운이 좋을지도…"""
EnemyBoost#49,"""이 느낌은…<br>좋지 않은 분위기예요."""
DestroyEnemy1#49,"""해치워 버렸어요."""
DestroyEnemy2#49,"""끝내 버렸어요."""
DestroyEnemy3#49,"""우아하게 성공!"""
CondFreeze#49,"""차갑네…"""
CondBurn#49,"""뜨거울지도…"""
CondShock#49,"""찌릿찌릿해…"""
CondPoison#49,"""속이 안 좋아…"""
CondPanic#49,"""빙글빙글 돌아서…<br>뭐지, 이거…"""
CondStan#49,"""힘이 쭉 빠졌어…"""
CondMirage#49,"""시야가 뭔가 이상해…"""
Die#50,"""언니…"""
ThankHeal#49,"""고마워."""
ThankBuff#49,"""더 힘낼게."""
ThankCure#49,"""기분이 개운해졌어."""
DefeatEnemy#49,"""일단, 끝난 걸까?"""
LevelUp#49,"""강해지는 건 좋은 일이야."""
InvokeSkill1#43,"""이런 건<br>패티 언니 역할이야."""
TechFire#20,"""낭비는 싫어."""
TechIce#23,"""놓치지 않아."""
TechThunder#23,"""다 보이는데?"""
TechWind#20,"""여러 가지 할 수 있거든?"""
TechLight#23,"""테크닉이라면 맡겨."""
TechDark#22,"""끝내 줄게."""
PBFull#49,"""나도 화날 때는 화나니까."""
PBRelease#49,"""2번, 티아. 갑니다."""
TacticsFree#49,"""그럼 자유롭게 할게요."""
TacticsGuard#49,"""방어를 굳히고 빈틈을 노린다.<br>정석 전술이네."""
TacticsMassedAttack#49,"""한곳에 집중…<br>합리적이라고 생각해."""
TacticsAttack#48,"""내가 시선을 끌게요."""
Avoid#49,"""아쉽네"""
HealSelf#49,"""그렇게 쉽게 쓰러지진 않을 테니까."""
BuffSelf#49,"""보조도 잊지 않아요."""
HealOther#49,"""일찍 회복하는 걸 명심해."""
BuffOther#49,"""능력 강화를 잊지 마."""
QuestStart1#49,"""그럼 잘 부탁해."""
QuestEnd1#49,"""끝난… 건가?"""
IncidentStart#49,"""뭔가 일어날 것 같은 예감이…"""
IncidentSuccess#49,"""성공한 모양이야."""
IncidentFailure#49,"""실패는 성공의 어머니."""
PSE#49,"""포톤 활성화…?<br>시작된 모양이야."""
PSELevelUp#49,"""계속 더 이어 가 보자."""
PSEBurst#49,"""여기까지<br>활성화되기도 하는구나."""
HP30#49,"""아직 쌩쌩해요."""
HP10#49,"""조금… 힘들지도."""
ItemRare#49,"""그거, 좋은 물건 같네."""
DamageSmall#50,"""큿"""
DamageMiddle#50,"""꺄악"""
DamageLarge#50,"""아야!"""
Trap#49,"""큭… 이런 함정 따위에."""
ThankTrapRescue#49,"""살았어요."""
TrapRescueOther#49,"""괜찮으신가요?"""
MemberDamaged#49,"""무리는 금물이에요."""
MemberDead#49,"""…용서하지 않겠어요."""
AbilityExe#49,"""/toge 감이 잡히기 시작했으니<br>나도 힘내 버릴지도."""
AbilitySpecial#49,"""/toge 나한테 맡겨 주세요."""
Resurrect#49,"""너무 방심했나."""
PartyJoin#49,"""/ci1 1 적당히 힘낼게."""
Marvelous#49,"""…정말 편하네."""
EnemyWeak#50,"""오, 이 정도 상대라면<br>나도 여유롭겠는데?"""
EnemyLarge#50,"""이야, 또 엄청 크네~"""
EnemyBoss#50,"""진짜가 등장했다는 건가?"""
EnemyRare#50,"""오, 뭔가 희귀한 게 있다~!"""
EnemyBoost#50,"""…엄청 날카로운 기운이네.<br>저 녀석, 느낌이 안 좋아."""
DestroyEnemy1#50,"""한 건 처리!"""
DestroyEnemy2#50,"""이 정도지."""
DestroyEnemy3#50,"""자, 다음, 다음! 계속 가자."""
CondFreeze#50,"""차, 차가워…"""
CondBurn#50,"""이 불타오르는 열정은 멈추지 않아.<br>…가 아니라, 뜨거워 뜨거워 뜨거워!"""
CondShock#50,"""감전은 사양할게!"""
CondPoison#50,"""독에 걸려도 허세로 버틴다!<br>…는 건 역시 무리야."""
CondPanic#50,"""눈앞이 빙글빙글 돌지만<br>일단 전부 베어 버리자!"""
CondStan#50,"""움직일 수 없으니 어쩔 수 없지.<br>침착하게 주변이나 볼까~"""
CondMirage#50,"""환혹…?<br>이럴 땐 마음의 눈으로 벤다!"""
Die#51,"""아차, 미안. 실수했어…"""
ThankHeal#50,"""감사, 감사!"""
ThankBuff#50,"""땡큐~!"""
ThankCure#50,"""좋아, 이제 개운해!<br>고마워!"""
DefeatEnemy#50,"""대충 정리된 것 같지?"""
LevelUp#50,"""강해지는 건 좋은 일이지!"""
InvokeSkill1#44,"""일섬 집중!"""
InvokeSkill2#39,"""잘게 썰어 줄게!"""
InvokeSkill3#38,"""잡았다!"""
PBFull#50,"""자, 슬슬 끝내 볼까?"""
PBRelease#50,"""이치 모르는 자도 여기 있나니!\u3000나와라!"""
TacticsFree#50,"""네네, 자유롭게 할게~!"""
TacticsGuard#50,"""단단히 방어를 굳히자~!"""
TacticsMassedAttack#50,"""한 녀석에게 집중!<br>수를 줄이는 게 최우선이야!"""
TacticsAttack#49,"""자자, 이쪽이야~!<br>손뼉 소리를 따라 이리 와~!"""
Avoid#50,"""아쉽네!"""
HealSelf#50,"""위험했어~"""
BuffSelf#50,"""전투 준비는 확실히!"""
HealOther#50,"""네네,<br>회복을 게을리하지 마!"""
BuffOther#50,"""보조를 잊으면<br>가끔 호되게 당한다고~!"""
QuestStart1#50,"""그럼 시작해 볼까!"""
QuestStart2#36,"""<%me>!<br>이번에도 또 잘 부탁해!"""
QuestEnd1#50,"""역시 대단하네~"""
QuestEnd2#36,"""내가 몰라봤네!<br>…농담 아니라 진짜야?"""
IncidentStart#50,"""자, 뭐가 나오려나~?"""
IncidentSuccess#50,"""좋았어!"""
IncidentFailure#50,"""아차…"""
PSE#50,"""왔다, 왔어!"""
PSELevelUp#50,"""아직 더 이어 간다~!"""
PSEBurst#50,"""대・성・공!"""
HP30#50,"""와앗, 위기야 위기!<br>좀 도와주면 좋겠어~!"""
HP10#50,"""노, 농담할 때가 아니라 위기야…!"""
ItemRare#50,"""오, 좋은 걸 주웠네!"""
DamageSmall#51,"""아얏!"""
DamageMiddle#51,"""우와앗!"""
DamageLarge#51,"""제법인데!"""
Trap#50,"""정말 치사하네!"""
ThankTrapRescue#50,"""이야, 살았어!"""
TrapRescueOther#50,"""어이, 무사해?"""
MemberDamaged#50,"""무리는 금물이야~!<br>자자, 뒤로 빠져!"""
MemberDead#50,"""…잘도 해 줬겠다!"""
AbilityExe#50,"""/toge 나, 절호조!"""
AbilitySpecial#50,"""/toge 나한테 맡겨도 돼!"""
Resurrect#50,"""2라운드로 가 볼까."""
PartyJoin#50,"""/ci1 1 네, 잘 부탁해~"""
Marvelous#50,"""소문보다 더 대단하다는 게 이런 거구나."""
IncidentJsApcBegin#45,"""/mn38 /ci2 1 마침 잘 왔어!\u3000이런,<br>장난감을 들고 있다가<br>습격당했어. 좀 도와줄래?"""
IncidentJsApcFailure#45,"""당했다...!<br>미안, 먼저 후퇴할게..."""
IncidentJsApcSuccess#45,"""/mn38 /ci2 1 이야, 정말 고마워!<br>덕분에 어떻게든 해결했어!<br>감사, 감사, 정말 감사!"""
IncidentJsApcBeginEvo#43,"""/ci4 5 이런, 아직 더 오려나 보네?"""
EnemyWeak#51,"""이, 이 정도 적이라면<br>저라도 어떻게든…"""
EnemyLarge#51,"""크, 크다…<br>이게 진짜 박력…"""
EnemyBoss#51,"""와, 와앗, 굉장한 게<br>나왔어요!"""
EnemyRare#51,"""저건 희귀한 종류예요.<br>자료에서 본 적 있어요."""
EnemyBoost#51,"""…왠지 무서운 느낌이에요."""
DestroyEnemy1#51,"""해냈어요!"""
DestroyEnemy2#51,"""저도 해냈어요!"""
DestroyEnemy3#51,"""선배 덕분이에요!"""
CondFreeze#51,"""으으… 추워요…"""
CondBurn#51,"""으으… 뜨거워요…"""
CondShock#51,"""으으… 몸이 저려요…"""
CondPoison#51,"""으으… 독이…"""
CondPanic#51,"""으으… 세상이 빙글빙글 돌아요."""
CondStan#51,"""으으… 몸이 안 움직여요…"""
CondMirage#51,"""으으… 눈앞이 번쩍거려요…"""
Die#52,"""싫어… 이건…"""
ThankHeal#51,"""감사합니다!"""
ThankBuff#51,"""살았어요!"""
ThankCure#51,"""번거롭게 해 드려 죄송해요!"""
DefeatEnemy#51,"""어, 어떻게든 해냈어요…"""
LevelUp#51,"""선배는 정말 대단해요…"""
InvokeSkill1#45,"""이걸로!"""
InvokeSkill2#40,"""저도 할 수 있을 거예요!"""
InvokeSkill3#39,"""해치울게요!"""
TechFire#21,"""불타 주세요!"""
TechIce#24,"""얼어 주세요!"""
TechThunder#24,"""감전돼 버리세요!"""
TechWind#21,"""날아가 버려요!"""
TechLight#24,"""부탁해요!"""
TechDark#23,"""이거라면 어때요!"""
PBFull#51,"""비장의 수를 쓸 차례예요!"""
PBRelease#51,"""힘내 줘!"""
TacticsFree#51,"""자유롭게라니… 어, 그러니까<br>아, 알겠습니다!"""
TacticsGuard#51,"""수비라니… 저기, 그러니까<br>아, 알겠습니다!"""
TacticsMassedAttack#51,"""집중이라니… 어, 저기<br>아, 알겠습니다!"""
TacticsAttack#50,"""미끼라니… 네, 네엣!?<br>제, 제가요!?"""
Avoid#51,"""얍!"""
HealSelf#51,"""위험했어…"""
BuffSelf#51,"""보, 보조해야 해…"""
HealOther#51,"""괘, 괜찮으세요!?"""
BuffOther#51,"""보조할게요!"""
QuestStart1#51,"""서, 선배!<br>저, 열심히 할게요!"""
QuestStart2#37,"""선배가 함께라면<br>저, 괜찮아요!"""
QuestEnd1#51,"""해, 해냈어요!"""
QuestEnd2#37,"""선배 덕분이에요!"""
IncidentStart#51,"""이, 이게 뭘까요?"""
IncidentSuccess#51,"""서, 선배가 함께여서 다행이에요.<br>혼자였다면 어떻게 됐을지…"""
IncidentFailure#51,"""죄, 죄송해요…<br>제가 서툴러서…"""
PSE#51,"""저기, 이게 혹시<br>PSE라는 건가요?"""
PSELevelUp#51,"""대단해요, 대단해요!<br>자료에서 본 그대로예요!"""
PSEBurst#51,"""이게 PSE 버스트…<br>대단해… 상상 이상이에요!"""
HP30#51,"""으윽, 아, 아직이에요…"""
HP10#51,"""…더는 무리예요."""
ItemRare#51,"""그거 좋은 물건이죠!"""
DamageSmall#52,"""꺅!"""
DamageMiddle#52,"""아야!"""
DamageLarge#52,"""싫어엇!"""
Trap#51,"""그, 그럴 수가…<br>이런 곳에 함정이라니…!"""
ThankTrapRescue#51,"""아, 감사합니다!"""
TrapRescueOther#51,"""괘, 괜찮으세요!?"""
MemberDamaged#51,"""회, 회복을!"""
MemberDead#51,"""그, 그럴 수가…<br>이런 일이…!"""
AbilityExe#51,"""/toge 몸이 가벼워요.<br>지금이라면 저도!"""
AbilitySpecial#51,"""/toge 맡겨 주세요!"""
Resurrect#51,"""조금만 더 힘낼게요!"""
PartyJoin#51,"""/ci1 1 와앗, 힘내야 해요…!"""
Marvelous#51,"""저도 힘낼게요, 선배!"""
IncidentJsApcBegin#46,"""/mn6 /ci2 2 서, 선배님!\u3000도와주세요!<br>하지만 너무 보지는 마세요!<br>...으으, 부끄러워요."""
IncidentJsApcFailure#46,"""/mn7 으으... 죄송해요...<br>더는 무리예요..."""
IncidentJsApcSuccess#46,"""/mn15 /ci2 1 휴, 어떻게든 해냈어요...<br>선배님, 정말 감사합니다!"""
IncidentJsApcBeginEvo#44,"""/mn35 /ci1 1 와왓, 와와왓……!<br>뭔가 또 나올 것 같은 기척이……"""
EnemyWeak#52,"""이 정도 상대라면 나도…!"""
EnemyLarge#52,"""어, 어쩌다 그렇게 커진 거야!"""
EnemyBoss#52,"""도망치면 안 되겠지?"""
EnemyRare#52,"""아, 저거 희귀한 녀석 아니야?"""
EnemyBoost#52,"""…뭐, 뭔가 엄청난 박력이야."""
DestroyEnemy1#52,"""해냈다!"""
DestroyEnemy2#52,"""쓰러뜨렸어!\u3000…맞지?"""
DestroyEnemy3#52,"""나도<br>할 수 있거든!"""
CondFreeze#52,"""차가워!"""
CondBurn#52,"""뜨겁다니까!"""
CondShock#52,"""가, 감전됐어!?"""
CondPoison#52,"""윽… 이거, 독…?"""
CondPanic#52,"""뭔가 어질어질해…"""
CondStan#52,"""우, 움직여, 내 몸아!"""
CondMirage#52,"""어, 어? 적은 어디에?"""
Die#53,"""아직… 나는…"""
ThankHeal#52,"""고마워!"""
ThankBuff#52,"""보조 고마워!"""
ThankCure#52,"""후, 이제야 개운해졌어."""
DefeatEnemy#52,"""어떻게든 버텼어… 맞지?"""
LevelUp#52,"""앗, 좋겠다!"""
InvokeSkill1#46,"""할 수 있는 데까지 해 볼게!"""
InvokeSkill2#41,"""이렇게 하면 되는 거지!"""
InvokeSkill3#40,"""아마 이런 느낌이었지!"""
TechIce#25,"""발만이라도 묶어 둘게!"""
TechThunder#25,"""아무것도 못 할 줄 알았다면 착각이야!"""
PBFull#52,"""이제 적당히 좀 해!"""
PBRelease#52,"""날 화나게 했겠다!"""
TacticsFree#52,"""그럼 난 자유롭게 할게!"""
TacticsGuard#52,"""몸부터 지켜! 기회를 기다리는 거야!"""
TacticsMassedAttack#52,"""다 같이 하면 반드시 해낼 수 있어!"""
TacticsAttack#51,"""저, 적을 끌어들이라고?<br>어쩔 수 없네…"""
Avoid#52,"""어디를 노리는 거야?"""
HealSelf#52,"""아직 죽고 싶지 않으니까!"""
BuffSelf#52,"""보조 없이는 위험하니까."""
HealOther#52,"""괜찮아?\u3000회복시켜 줄게."""
BuffOther#52,"""부스트 완료!<br>이것만큼은 자신 있거든."""
QuestStart1#52,"""간다!"""
QuestStart2#38,"""우리 같이 힘내자.<br><%me>, 알겠지?"""
QuestEnd1#52,"""끝난… 건가?"""
QuestEnd2#38,"""나와 <%me>, 둘 다<br>멀쩡해.<br>응, 다행이야!"""
IncidentStart#52,"""무, 무슨 일이 일어나는 거야?"""
IncidentSuccess#52,"""해냈다!"""
IncidentFailure#52,"""뭐야아…"""
PSE#52,"""슬슬 왔나?"""
PSELevelUp#52,"""계속 이어 가자!"""
PSEBurst#52,"""해냈다, 대성공!<br>이제 단숨에 몰아붙이자!"""
HP30#52,"""아프다니까!"""
HP10#52,"""으으… 이건 위험해…"""
ItemRare#52,"""앗, 그거 좋겠다!"""
DamageSmall#53,"""꺅"""
DamageMiddle#53,"""으윽"""
DamageLarge#53,"""꺄악!"""
Trap#52,"""하, 함정!?"""
ThankTrapRescue#52,"""고, 고마워…"""
TrapRescueOther#52,"""괜찮아?"""
MemberDamaged#52,"""조심해!"""
MemberDead#52,"""…용, 용서 못 해!"""
AbilityExe#52,"""/toge 좋아, 감이 잡히기 시작했어!"""
AbilitySpecial#52,"""/toge 맡겨 줘!"""
Resurrect#52,"""아, 아직 더 할 수 있거든!"""
PartyJoin#52,"""/ci1 1 나한테 맡겨!"""
Marvelous#52,"""…굉장하다."""
IncidentJsApcBegin#47,"""/ci2 1 정말, 이럴 때 제노는<br>왜 없는 거야!\u3000...아, 너!<br>마침 잘 왔어. 도와줘!"""
IncidentJsApcFailure#47,"""으으... 더는 무리야...<br>미안하지만 난 먼저<br>후퇴할게..."""
IncidentJsApcSuccess#47,"""/mn15 /ci2 3 후우, 어떻게든 해결했네……<br>이번엔 솔직히 고마워, 덕분에 살았어<br>그럼 또 보자!"""
IncidentJsApcBeginEvo#45,"""/mn18 /ci3 1 우왓……뭔가 심상치 않은<br>반응이 아주 가까이 있어……<br>조심하자!"""
EnemyWeak#53,"""상대가 약해도 방심은 금물이야.<br>긴장 풀지 마!"""
EnemyLarge#53,"""쓸데없이 크게 진화했군!"""
EnemyBoss#53,"""헤, 드디어 진짜가 나왔군!"""
EnemyRare#53,"""오, 저 녀석 뭐야?<br>희귀한 녀석 아니야?"""
EnemyBoost#53,"""…평소 녀석들과는<br>분위기가 달라. 조심해."""
DestroyEnemy1#53,"""한 건 처리했고!"""
DestroyEnemy2#53,"""다음 간다!"""
DestroyEnemy3#53,"""자, 다음이다!"""
CondFreeze#53,"""추워!"""
CondBurn#53,"""뜨거, 뜨거워!"""
CondShock#53,"""젠장, 몸이 저려…"""
CondPoison#53,"""칫… 독인가…!"""
CondPanic#53,"""시야가 안 잡혀…!"""
CondStan#53,"""몸이 안 움직여… 뭐야!"""
CondMirage#53,"""눈이 흐려지는군…"""
Die#54,"""이럴 수가…"""
ThankHeal#53,"""살았다!"""
ThankBuff#53,"""오, 고마워!"""
ThankCure#53,"""이제야…<br>마음 놓고 싸울 수 있겠군."""
DefeatEnemy#53,"""이걸로 일단락인가?"""
LevelUp#53,"""넌 아직 더 성장할 거야."""
InvokeSkill1#47,"""이걸로 끝이다!"""
InvokeSkill2#42,"""노린 대로 움직이는군!"""
InvokeSkill3#41,"""뻔히 보인다고!"""
PBFull#53,"""슬슬 내가 나설 차례인가?"""
PBRelease#53,"""비장의 수, 간다!"""
TacticsFree#53,"""내 방식대로 해 보지!"""
TacticsGuard#53,"""방어를 굳히고 다시 가자."""
TacticsMassedAttack#53,"""한곳에 집중한다!"""
TacticsAttack#52,"""자, 이쪽으로 와라!"""
Avoid#53,"""이얏!"""
HealSelf#53,"""위험했군."""
BuffSelf#53,"""방심하지 말고 간다."""
HealOther#53,"""위험할 뻔했군."""
BuffOther#53,"""너무 방심하지 마."""
QuestStart1#53,"""시작해 볼까!"""
QuestStart2#39,"""좋아, 가자.<br><%me>!"""
QuestEnd1#53,"""이걸로 끝!"""
QuestEnd2#39,"""끝났군!<br>너도 수고했어!"""
IncidentStart#53,"""예상 밖의 상황인가.<br>뭐, 전장에선 흔한 일이지!"""
IncidentSuccess#53,"""좋았어!"""
IncidentFailure#53,"""아차…"""
PSE#53,"""시작됐나!"""
PSELevelUp#53,"""계속 몰아붙이자!"""
PSEBurst#53,"""좋아!<br>이쪽도 기세를 올려 볼까!"""
HP30#53,"""이런, 제법 맞았나?"""
HP10#53,"""이 이상은 위험해…"""
ItemRare#53,"""오, 좋은 걸 주웠군!"""
DamageSmall#54,"""윽"""
DamageMiddle#54,"""칫"""
DamageLarge#54,"""크악"""
Trap#53,"""이런 곳에 함정이라고!?"""
ThankTrapRescue#53,"""후, 살았다."""
TrapRescueOther#53,"""어이, 괜찮아?"""
MemberDamaged#53,"""괜찮아!?"""
MemberDead#53,"""…감히 해치웠겠다!<br>내 눈앞에서!!"""
AbilityExe#53,"""/toge 이제 감이 잡히는군!"""
AbilitySpecial#53,"""/toge 맡겨 둬!"""
Resurrect#53,"""…너무 우쭐대지 마."""
PartyJoin#53,"""/ci1 1 그럼, 잘 부탁한다."""
Marvelous#53,"""좋은 움직임이야!"""
IncidentJsApcBegin#48,"""/ci2 2 어, 괜찮아?<br>이런 차림으로 할 말은 아니지만<br>나도 거들게!"""
IncidentJsApcFailure#48,"""어이쿠, 여기까지인가……<br>파도를 제대로 못 탔단 느낌이네.<br>미안하지만 먼저 귀환할게."""
IncidentJsApcSuccess#48,"""/ci2 1 좋아, 이걸로 끝이다!<br>뭐, 이 정도려나.<br>끝이 좋으면 다 좋은 법이지."""
IncidentJsApcBeginEvo#46,"""/mn18 /ci2 1 오, 새로운 녀석들이 오나.<br>기세 탄 우릴 막을 수 있으려나?"""
EnemyWeak#54,"""어이, 겁도 없는 녀석이군!<br>그저 무모한 건가?"""
EnemyLarge#54,"""난 덩치 큰 녀석이 좋다!<br>쓰러뜨리는 보람이 있으니까!"""
EnemyBoss#54,"""지금부터가 진짜다!<br>끓어오르는군, 후하하하핫!"""
EnemyRare#54,"""오오오오오!<br>저건 엄청 희귀한 녀석이다!"""
EnemyBoost#54,"""뭐냐, 뭐냐!<br>이상한 녀석이 왔군!<br>쓰러뜨리는 건 변함없지만!"""
DestroyEnemy1#54,"""다음이다, 다음!"""
DestroyEnemy2#54,"""후하하하핫!<br>역시 나는 강하다!"""
DestroyEnemy3#54,"""제대로 들어갔군!"""
CondFreeze#54,"""동결됐지만, 뭐 괜찮아!<br>곧 어떻게든 되겠지!"""
CondBurn#54,"""연소됐지만, 뭐 괜찮아!<br>곧 어떻게든 되겠지!"""
CondShock#54,"""감전됐지만, 뭐 괜찮아!<br>곧 어떻게든 되겠지!"""
CondPoison#54,"""독에 걸렸지만, 뭐 괜찮아!<br>곧 어떻게든 되겠지!"""
CondPanic#54,"""혼란에 빠졌지만, 뭐 괜찮아!<br>곧 어떻게든 되겠지!"""
CondStan#54,"""움직일 수 없지만, 뭐 괜찮아!<br>곧 어떻게든 되겠지!"""
CondMirage#54,"""환혹에 빠졌지만, 뭐 괜찮아!<br>곧 어떻게든 되겠지!"""
Die#55,"""이 내가…!?"""
ThankHeal#54,"""고마워!"""
ThankBuff#54,"""난 절호조야!"""
ThankCure#54,"""난 완전히 회복했어!"""
DefeatEnemy#54,"""흥, 별것 아니군!"""
LevelUp#54,"""성장은 아름답다!"""
InvokeSkill1#48,"""내게서는 도망칠 수 없다!"""
InvokeSkill2#43,"""하하하하하!"""
InvokeSkill3#42,"""멋지게 끝내 주마!"""
PBFull#54,"""훗!<br>불타오르는 상황이다!"""
PBRelease#54,"""좋았어, 불타오르기 시작했다!"""
TacticsFree#54,"""난 평소대로 움직이겠다!"""
TacticsGuard#54,"""지키기보다 공격하고 싶다!"""
TacticsMassedAttack#54,"""효율적인 작전이군!"""
TacticsAttack#53,"""내 이름은 휴이!<br>두렵지 않다면 어디서든<br>덤벼라!\u3000하하하!"""
Avoid#54,"""훤히 보인다!"""
HealSelf#54,"""근성으로 회복!"""
BuffSelf#54,"""기합으로 보조!"""
HealOther#54,"""자네도 근성으로 회복하게!"""
BuffOther#54,"""자네도 이 보조를 활용하게!"""
QuestStart1#54,"""나한테 맡겨 둬라!"""
QuestStart2#40,"""자네와 함께하면 감이 좋다!"""
QuestEnd1#54,"""끝났다!"""
QuestEnd2#40,"""힘차게 움직였군!"""
IncidentStart#54,"""음, 뭔가 일어날 예감!"""
IncidentSuccess#54,"""대성공이군!"""
IncidentFailure#54,"""아직도 미숙하군…"""
PSE#54,"""음, 포톤이 시끄럽다!<br>이건 PSE의 예감이다!"""
PSELevelUp#54,"""좋아, 더 이어 간다!"""
PSEBurst#54,"""해냈다!<br>이게 최종 단계다!"""
HP30#54,"""이 정도 상처는 핥으면 낫는다!"""
HP10#54,"""죽음 속에서 살길을 찾는다!"""
ItemRare#54,"""오, 좋은 물건 아닌가!<br>가져라, 가져!"""
DamageSmall#55,"""큭"""
DamageMiddle#55,"""뭐라고!"""
DamageLarge#55,"""으윽!"""
Trap#54,"""함정이라니 비겁하군!"""
ThankTrapRescue#54,"""감사한다!"""
TrapRescueOther#54,"""기다리게 했군!"""
MemberDamaged#54,"""나한테 맡기고 물러나라!"""
MemberDead#54,"""…용서하지 않겠다, 절대로!"""
AbilityExe#54,"""/toge 나, 절호조!"""
AbilitySpecial#54,"""/toge 후하하!\u3000나한테 맡겨 둬라!"""
Resurrect#54,"""근성으로 부활!"""
PartyJoin#54,"""/ci1 1 맡겨만 주게!"""
Marvelous#54,"""바로 그 기세다!"""
IncidentJsApcBegin#49,"""/ci2 1 후하하핫!\u3000한여름 차림으로<br>육망균형 휴이, 화려하게 등장!<br>이제 나한테 맡겨라!"""
IncidentJsApcFailure#49,"""/toge 육망균형이라도 방심하면<br>이 꼴이다!\u3000방심은 금물이다!"""
IncidentJsApcSuccess#49,"""/toge /ci2 1 훗… 나를 막고 싶다면<br>지금의 백 배는 데려오도록!"""
IncidentJsApcBeginEvo#47,"""/toge /mn36 /ci2 1 이런, 이런!\u3000이게 무슨 일인가!<br>적의 증원이 잔뜩 몰려오겠군!<br>바라던 바다, 덤벼라!"""
IncidentJsMultiApcBegin#14,"""/toge /ci2 1 /mn15 후하하하하핫!<br>육망균형 휴이!\u3000화려하게 등장!<br>적에게 포위됐지만 신경 쓰지 마라!"""
IncidentJsMultiApcSuccess#14,"""/toge /ci2 1 /mn15 좋아, 좋아, 끝났군!<br>그럼 다음 포톤이 있는 곳으로<br>가 볼까, 클라리스 크레이스!"""
EnemyWeak#55,"""이 정도 상대라면"""
EnemyLarge#55,"""나, 열심히 할게!"""
EnemyBoss#55,"""강해 보여……그래도 안 져!"""
EnemyRare#55,"""와왓, 희귀종이다!"""
EnemyBoost#55,"""……정말 불길한 느낌의 적이야"""
WeatherChange#9,"""대기의 포톤이 술렁이는 건가?"""
DestroyEnemy1#55,"""응, 잘됐어!"""
DestroyEnemy2#55,"""내가 모두를 지킬 거야!"""
DestroyEnemy3#55,"""해냈다!"""
CondFreeze#55,"""어, 얼어붙었어!?"""
CondBurn#55,"""뜨거, 뜨거워!"""
CondShock#55,"""모, 몸이 저려어어……!"""
CondPoison#55,"""으으……독인가, 속이 안 좋아……"""
CondPanic#55,"""어, 어, 어떡하지이이!<br>뭘 어떻게 해야 했더라!<br>보이는 대로 날려 버릴까?"""
CondStan#55,"""모, 몸을 마음대로 못 움직이겠어……!"""
CondMirage#55,"""뭔가 시야가 몽롱해……"""
Die#56,"""……이래선 아무도 못 지켜"""
ThankHeal#55,"""아……고마워"""
ThankBuff#55,"""후훗, 고마워"""
ThankCure#55,"""으으, 미안해, 고마워"""
DefeatEnemy#55,"""끝난 것 같네"""
LevelUp#55,"""해냈네, 축하해!"""
InvokeSkill1#49,"""전력으로, 간다!"""
InvokeSkill2#44,"""하아아아앗!"""
InvokeSkill3#43,"""이걸로 끝낼게!"""
TechFire#22,"""내가 할 수 있는 걸, 최선을 다해!"""
TechIce#26,"""나도 할 수 있는 일이 있어!"""
TechThunder#26,"""아무도 다치게 두지 않을 거야!"""
TechWind#22,"""반드시 지켜 낼 거야!"""
TechLight#25,"""내 뜻에 따르라!"""
TechDark#24,"""그 뜻을 꿰뚫어라!"""
PBFull#55,"""<%me>!<br>우리도 준비됐어!"""
PBRelease#55,"""모두의 힘을, 이곳에 엮어 내겠어!"""
TacticsFree#55,"""응, 알겠어!<br>자유롭게 움직여 볼게!"""
TacticsGuard#55,"""여긴 참아야 할 때란 거지<br>맡겨 줘, 기다리는 건 잘해!"""
TacticsMassedAttack#55,"""공격을 한곳에 집중하자……<br>응, 알겠어!"""
TacticsAttack#54,"""내가 미끼가 될 테니까<br>그 틈에 부탁해!"""
Avoid#55,"""얏!"""
HealSelf#55,"""회복, 회복!"""
BuffSelf#55,"""보조도 잊으면 안 되지"""
HealOther#55,"""괜찮아?<br>무리하지 마"""
BuffOther#55,"""아, 잠깐 기다려<br>보조도 걸어 줄게"""
QuestStart1#55,"""여, 열심히 할게!"""
QuestStart2#41,"""너와 함께라면……응<br>분명 괜찮을 거야!"""
QuestEnd1#55,"""정말 든든했어!"""
QuestEnd2#41,"""정말 대단해!\u3000대단해!"""
IncidentStart#55,"""어, 뭐야, 무슨 일이 일어난 거야?"""
IncidentSuccess#55,"""다행이다, 어떻게든 해냈네"""
IncidentFailure#55,"""으으……미안해……<br>발목만 잡았어……"""
PSE#55,"""포톤의 느낌이 변했어……<br>PSE라는 건가?"""
PSELevelUp#55,"""계속 이어지는 것 같아!<br>더욱더 힘내자!"""
PSEBurst#55,"""와아……이게 PSE 버스트라는<br>거구나, 굉장해!"""
HP30#55,"""윽……아, 아직 멀었어<br>난 아직 괜찮아!"""
HP10#55,"""……아직 내겐<br>지키고 싶은 게 있는데……!"""
ItemRare#55,"""앗, 그거<br>희귀한 물건이지?"""
DamageSmall#56,"""윽"""
DamageMiddle#56,"""아야!"""
DamageLarge#56,"""으으, 위험할지도……!"""
Trap#55,"""어, 어, 함정!?"""
ThankTrapRescue#55,"""미안해……<br>정말 큰 도움 됐어"""
TrapRescueOther#55,"""괜찮아?<br>함정은 조심해"""
MemberDamaged#55,"""무리하지 말고 물러나!<br>괜찮아, 내가 지킬게!"""
MemberDead#55,"""내가……<br>지켜 줬어야 했는데……!"""
AbilityExe#55,"""응, 힘낼 테니까!"""
AbilitySpecial#55,"""좋아, 힘내 볼까!"""
Resurrect#55,"""난 아직……싸울 수 있어!"""
PartyJoin#55,"""/ci1 1 자, 잘 부탁해!"""
Marvelous#55,"""역시 대단해!"""
IncidentJsApcBegin#50,"""/ci4 2 아, <%me>!<br>미안해, 길을 헤매다가<br>큰일이 벌어져 버렸어!"""
IncidentJsApcFailure#50,"""으으……미안해……<br>먼저 퇴각할게"""
IncidentJsApcSuccess#50,"""/ci2 2 후우, 어떻게든 해결했네!<br>도와줘서 고마워<br><%me>!"""
IncidentJsApcBeginEvo#48,"""/ci3 2 어떻게든 끝났……나 했더니<br>아직 이상한 기척이<br>남아 있어……!"""
EnemyWeak#56,"""흥!<br>잡몹은 폭발해 버려라!"""
EnemyLarge#56,"""그 큰 몸집, 불쾌하군.<br>폭발시켜 주마!"""
EnemyBoss#56,"""이 적을 쓰러뜨려<br>내 힘을 증명해 주마!"""
EnemyRare#56,"""아앗!\u3000저건!<br>어이, 네놈은 알고 있나?<br>저거, 희귀한 거라고!"""
EnemyBoost#56,"""물러서라, 조심해.<br>저건 위험한 상대다."""
DestroyEnemy1#56,"""제대로 들어갔다!"""
DestroyEnemy2#56,"""아름답지!"""
DestroyEnemy3#56,"""넋을 잃고 봐도 좋다고!"""
CondFreeze#56,"""차가워, 차갑다고!<br>이 녀석!"""
CondBurn#56,"""뜨거워!\u3000뜨겁다고!\u3000젠장!"""
CondShock#56,"""저리잖아!\u3000뭐야, 이건!"""
CondPoison#56,"""독인가… 으윽, 기분 나빠."""
CondPanic#56,"""혼란스러워도<br>전부 날려 버리면 문제없다!"""
CondStan#56,"""으, 움직일 수 없어… 뭐야, 이건!"""
CondMirage#56,"""시야가 이상하다고!<br>뭐야, 이건!"""
Die#57,"""내… 내가…"""
ThankHeal#56,"""흐, 흥, 당연한 일 아니냐?"""
ThankBuff#56,"""벼, 별로 기쁘지 않다고."""
ThankCure#56,"""쓸, 쓸데없는 짓을!"""
DefeatEnemy#56,"""흥, 별것 아니군!"""
LevelUp#56,"""흥, 난 더 강하다!"""
TechFire#23,"""전부 한꺼번에 불태워 주마!"""
PBFull#56,"""그 정도로 해 둬라, 네놈!"""
PBRelease#56,"""자, 간다!\u3000내 힘을 보여 주마!"""
TacticsFree#56,"""그럼 난 자유롭게 하겠다!"""
TacticsGuard#56,"""에이, 방어만 하는 건 재미없어…"""
TacticsMassedAttack#56,"""집중적으로, 집요하게, 불태워 주마!"""
Avoid#56,"""훤히 보인다!"""
HealSelf#56,"""단숨에 회복이다!"""
BuffSelf#56,"""보조도 할 수 있다고!"""
HealOther#56,"""네놈, 회복을 잊어서 어쩌려고!"""
BuffOther#56,"""네놈, 보조를 잊지 마라!"""
QuestStart1#56,"""좋아, 간다. 따라와라!"""
QuestStart2#42,"""네놈이 꼭 부탁한다고 해서다!"""
QuestEnd1#56,"""흐흥, 이 정도는 평범하다."""
QuestEnd2#42,"""뭐, 움직이기 편했다는 건<br>인정해 주마!"""
IncidentStart#56,"""…응?<br>뭔가 일어나는 건가?"""
IncidentSuccess#56,"""대성공이지!"""
IncidentFailure#56,"""에이…"""
PSE#56,"""오오, 뭐야 이건!<br>포톤이 술렁이고 있다고!"""
PSELevelUp#56,"""왠지 두근거리기 시작했다!<br>자, 더 이어 가자!"""
PSEBurst#56,"""오오, 이건 굉장하군!<br>소문 이상인 상태다!"""
HP30#56,"""나중에 배로 갚아 주마!"""
HP10#56,"""…이 내가, 이렇게!"""
ItemRare#56,"""원하는 만큼 가져가라!"""
DamageSmall#57,"""칫"""
DamageMiddle#57,"""으윽"""
DamageLarge#57,"""으악!"""
Trap#56,"""함정?\u3000치사하잖아, 뭐야 그건!"""
ThankTrapRescue#56,"""흐, 흥, 쓸데없는 짓을."""
TrapRescueOther#56,"""조심해라, 네놈."""
MemberDamaged#56,"""나한테 맡기고 물러나라!"""
MemberDead#56,"""…용서하지 않겠다, 절대로!"""
AbilityExe#56,"""/toge 흐흥, 절호조다!"""
AbilitySpecial#56,"""/toge 좋아, 내가 하겠다!"""
Resurrect#56,"""…흥!\u3000우연이다!"""
PartyJoin#56,"""/ci1 1 네놈이 꼭 부탁한다고 해서다!"""
Marvelous#56,"""흥, 제법 움직이잖아."""
IncidentJsApcBegin#51,"""/toge /ci2 2 어이, 네놈!\u3000바로 네놈 말이다!<br>뭔가 재미있는 일을<br>하고 있군!\u3000나도 끼워 줘라!"""
IncidentJsApcFailure#51,"""/mn10  흐음... 왠지 재미없군.<br>졸리기도 하니 난 돌아가겠다!"""
IncidentJsApcSuccess#51,"""/mn15 /ci2 1 후후후, 봤나, 네놈?<br>내 실력을 봤지?\u3000봤잖아!<br>음, 좋아. 만족했다!"""
IncidentJsApcBeginEvo#49,"""/mn15 /ci2 1 오오, 봐라, 네놈!<br>적이 또 나타났다!<br>저것도 폭파해도 되겠지?"""
IncidentJsMultiApcBegin#15,"""/toge /ci2 1 육망균형 클라리스 크레이스,<br>화려하게 등장이다!<br>자, 적군 아군 가리지 말고 경배해라!"""
IncidentJsMultiApcSuccess#15,"""/mn19 /ci2 4 응!\u3000난 전혀, 조금도<br>아무것도 모르겠지만<br>따라가겠다!\u3000그럼 안녕, 네놈!"""
EnemyWeak#57,"""약한 녀석 괴롭히는 건 싫은데."""
EnemyLarge#57,"""크기만 한 거라면 무섭지 않아."""
EnemyBoss#57,"""제법 상대할 맛 나겠네."""
EnemyRare#57,"""흐음, 이런 곳에도<br>있는 거구나."""
EnemyBoost#57,"""저 형태는… 광폭화?"""
DestroyEnemy1#57,"""다음으로 가자."""
DestroyEnemy2#57,"""이 정도야?"""
DestroyEnemy3#57,"""끝이야."""
CondFreeze#57,"""동결 따위…!"""
CondBurn#57,"""이 정도 열은…!"""
CondShock#57,"""큭, 몸이 저려도…!"""
CondPoison#57,"""윽… 독이라 해도…!"""
CondPanic#57,"""으으, 시야가 빙빙 돌아…<br>그래도…!"""
CondStan#57,"""움직임 봉쇄…?<br>귀찮은 짓을…!"""
CondMirage#57,"""시각을 봉쇄했어…!"""
Die#58,"""결국… 나는…"""
ThankHeal#57,"""감사는 해 둘게."""
ThankBuff#57,"""좋은 판단이네."""
ThankCure#57,"""이제야 진정됐어."""
DefeatEnemy#57,"""대충 다 정리됐나?"""
LevelUp#57,"""뭐, 괜찮지 않아?"""
InvokeSkill1#50,"""난 만만하지 않아."""
InvokeSkill2#45,"""방해되는 건 날려 버릴 뿐."""
InvokeSkill3#44,"""얼른 거기서 비켜."""
PBFull#57,"""정말, 무모하다고 해야 할지…"""
PBRelease#57,"""자, 같이 가자."""
TacticsFree#57,"""내 마음대로 할게."""
TacticsGuard#57,"""공격할 기회를 노리는 거네."""
TacticsMassedAttack#57,"""집중해서 노린다…<br>합리적인 전술이네."""
TacticsAttack#55,"""어디를 보고 있는 거야?<br>난 여기야."""
Avoid#57,"""느려."""
HealSelf#57,"""아쉬웠네."""
BuffSelf#57,"""빈틈없이 갈게."""
HealOther#57,"""회복을 잊지 마."""
BuffOther#57,"""보조도 무시할 순 없어."""
QuestStart1#57,"""자, 가자."""
QuestStart2#43,"""또 함께네.<br>뭐, 너와 함께라면<br>편하니까 괜찮지만."""
QuestEnd1#57,"""이 정도지?"""
QuestEnd2#43,"""뭐, 나랑 함께였으니까.<br>나름 열심히 했다고는 생각해."""
IncidentStart#57,"""뭔가 오는 건가?"""
IncidentSuccess#57,"""흐음, 성공한 모양이네."""
IncidentFailure#57,"""난 상관없으니까."""
PSE#57,"""이게 PSE라는 거야?"""
PSELevelUp#57,"""뭔가 계속되고 있지 않아?"""
PSEBurst#57,"""흐음… 이게 버스트.<br>포톤이 활성화된 상태구나."""
HP30#57,"""이제부터 진심이야."""
HP10#57,"""…이 정도까지 몰리다니."""
ItemRare#57,"""난 딱히 갖고 싶지 않아."""
DamageSmall#58,"""큭!"""
DamageMiddle#58,"""으윽"""
DamageLarge#58,"""으악!"""
Trap#57,"""이 정도 함정에…<br>바보 같아."""
ThankTrapRescue#57,"""감사는 할게."""
TrapRescueOther#57,"""번거롭게 하지 마."""
MemberDamaged#57,"""무리는 금물.<br>일단 물러나는 게 어때?"""
MemberDead#57,"""…난 상관없어.<br>그래도…!"""
AbilityExe#57,"""/toge 이 기세라면… 할 수 있어."""
AbilitySpecial#57,"""/toge 나한테 맡겨."""
Resurrect#57,"""…아직 죽을 순 없어."""
PartyJoin#57,"""/ci1 1 한가했으니까."""
Marvelous#57,"""뭐, 괜찮지 않아?"""
IncidentJsApcBegin#52,"""/toge /ci3 1 ...정말 못 봐주겠네!<br>도와줄 테니 얼른<br>이 녀석들을 처리하자!"""
IncidentJsApcFailure#52,"""으음... 나도 아직 미숙한가 봐.<br>미안해, 먼저 물러날게."""
IncidentJsApcSuccess#52,"""/ci2 2 한 건 끝났네.<br>...난 이제 갈 테니까<br>너무 무리하지 마."""
IncidentJsApcBeginEvo#50,"""/ci3 1 ...아직 더 오는 모양이네.<br>자, 얼른 처리하자!"""
EnemyWeak#58,"""이 정도 상대라면 나도…!"""
EnemyLarge#58,"""어, 어쩌다 그렇게 커진 거야!"""
EnemyBoss#58,"""도망치면 안 되겠지?"""
EnemyRare#58,"""아, 저거 희귀한 녀석 아니야?"""
EnemyBoost#58,"""…뭐, 뭔가 엄청난 박력이야."""
DestroyEnemy1#58,"""해냈다!"""
DestroyEnemy2#58,"""쓰러뜨렸어!\u3000…맞지?"""
DestroyEnemy3#58,"""나도<br>할 수 있거든!"""
CondFreeze#58,"""차가워!"""
CondBurn#58,"""뜨겁다니까!"""
CondShock#58,"""가, 감전됐어!?"""
CondPoison#58,"""윽… 이거, 독…?"""
CondPanic#58,"""뭔가 어질어질해…"""
CondStan#58,"""우, 움직여, 내 몸아!"""
CondMirage#58,"""어, 어? 적은 어디에?"""
Die#59,"""아직… 나는…"""
ThankHeal#58,"""고마워!"""
ThankBuff#58,"""보조 고마워!"""
ThankCure#58,"""후, 이제야 개운해졌어."""
DefeatEnemy#58,"""어떻게든 버텼어… 맞지?"""
LevelUp#58,"""앗, 좋겠다!"""
InvokeSkill1#51,"""할 수 있는 데까지 해 볼게!"""
InvokeSkill2#46,"""이렇게 하면 되는 거지!"""
InvokeSkill3#45,"""아마 이런 느낌이었지!"""
TechIce#27,"""발만이라도 묶어 둘게!"""
TechThunder#27,"""아무것도 못 할 줄 알았다면 착각이야!"""
PBFull#58,"""이제 적당히 좀 해!"""
PBRelease#58,"""날 화나게 했겠다!"""
TacticsFree#58,"""그럼 난 자유롭게 할게!"""
TacticsGuard#58,"""몸부터 지켜! 기회를 기다리는 거야!"""
TacticsMassedAttack#58,"""다 같이 하면 반드시 해낼 수 있어!"""
TacticsAttack#56,"""저, 적을 끌어들이라고?<br>어쩔 수 없네…"""
Avoid#58,"""어디를 노리는 거야?"""
HealSelf#58,"""아직 죽고 싶지 않으니까!"""
BuffSelf#58,"""보조 없이는 위험하니까."""
HealOther#58,"""괜찮아?\u3000회복시켜 줄게."""
BuffOther#58,"""부스트 완료!<br>이것만큼은 자신 있거든."""
QuestStart1#58,"""간다!"""
QuestStart2#44,"""우리 같이 힘내자.<br><%me>, 알겠지?"""
QuestEnd1#58,"""끝난… 건가?"""
QuestEnd2#44,"""나와 <%me>, 둘 다<br>멀쩡해.<br>응, 다행이야!"""
IncidentStart#58,"""무, 무슨 일이 일어나는 거야?"""
IncidentSuccess#58,"""해냈다!"""
IncidentFailure#58,"""뭐야아…"""
PSE#58,"""슬슬 왔나?"""
PSELevelUp#58,"""계속 이어 가자!"""
PSEBurst#58,"""해냈다, 대성공!<br>이제 단숨에 몰아붙이자!"""
HP30#58,"""아프다니까!"""
HP10#58,"""으으… 이건 위험해…"""
ItemRare#58,"""앗, 그거 좋겠다!"""
DamageSmall#59,"""꺅"""
DamageMiddle#59,"""으윽"""
DamageLarge#59,"""꺄악!"""
Trap#58,"""하, 함정!?"""
ThankTrapRescue#58,"""고, 고마워…"""
TrapRescueOther#58,"""괜찮아?"""
MemberDamaged#58,"""조심해!"""
MemberDead#58,"""…용, 용서 못 해!"""
AbilityExe#58,"""/toge 좋아, 감이 잡히기 시작했어!"""
AbilitySpecial#58,"""/toge 맡겨 줘!"""
Resurrect#58,"""아, 아직 더 할 수 있거든!"""
PartyJoin#58,"""/ci1 1 나한테 맡겨!"""
Marvelous#58,"""…굉장하다."""
IncidentJsApcBegin#53,"""/ci2 1 아, 마침 잘 왔어!<br>수가 너무 많아서 힘든데<br>좀 도와주지 않을래?"""
IncidentJsApcFailure#53,"""으으... 더는 무리야...<br>미안하지만 난 먼저<br>후퇴할게..."""
IncidentJsApcSuccess#53,"""/ci2 3 휴, 어떻게든 끝났네...<br>정말 고마워, 덕분에 살았어.<br>그럼 또 보자!"""
IncidentJsApcBeginEvo#51,"""/ci3 1 우왓... 위험해 보이는<br>반응이 아주 가까이에 있어...<br>조심하자!"""
EnemyWeak#59,"""약한 녀석 괴롭히는 건 싫은데."""
EnemyLarge#59,"""크기만 한 거라면 무섭지 않아."""
EnemyBoss#59,"""제법 상대할 맛 나겠네."""
EnemyRare#59,"""흐음, 이런 곳에도<br>있는 거구나."""
EnemyBoost#59,"""저 형태는… 광폭화?"""
DestroyEnemy1#59,"""다음으로 가자."""
DestroyEnemy2#59,"""이 정도야?"""
DestroyEnemy3#59,"""끝이야."""
CondFreeze#59,"""동결 따위…!"""
CondBurn#59,"""이 정도 열은…!"""
CondShock#59,"""큭, 몸이 저려도…!"""
CondPoison#59,"""윽… 독이라 해도…!"""
CondPanic#59,"""으으, 시야가 빙빙 돌아…<br>그래도…!"""
CondStan#59,"""움직임 봉쇄…?<br>귀찮은 짓을…!"""
CondMirage#59,"""시각을 봉쇄했어…!"""
Die#60,"""결국… 나는…"""
ThankHeal#59,"""감사는 해 둘게."""
ThankBuff#59,"""좋은 판단이네."""
ThankCure#59,"""이제야 진정됐어."""
DefeatEnemy#59,"""대충 다 정리됐나?"""
LevelUp#59,"""뭐, 괜찮지 않아?"""
InvokeSkill1#52,"""난 만만하지 않아."""
InvokeSkill2#47,"""방해되는 건 날려 버릴 뿐."""
InvokeSkill3#46,"""얼른 거기서 비켜."""
PBFull#59,"""정말, 무모하다고 해야 할지…"""
PBRelease#59,"""자, 같이 가자."""
TacticsFree#59,"""내 마음대로 할게."""
TacticsGuard#59,"""공격할 기회를 노리는 거네."""
TacticsMassedAttack#59,"""집중해서 노린다…<br>합리적인 전술이네."""
TacticsAttack#57,"""어디를 보고 있는 거야?<br>난 여기야."""
Avoid#59,"""느려."""
HealSelf#59,"""아쉬웠네."""
BuffSelf#59,"""빈틈없이 갈게."""
HealOther#59,"""회복을 잊지 마."""
BuffOther#59,"""보조도 무시할 순 없어."""
QuestStart1#59,"""자, 가자."""
QuestStart2#45,"""또 함께네.<br>뭐, 너와 함께라면<br>편하니까 괜찮지만."""
QuestEnd1#59,"""이 정도지?"""
QuestEnd2#45,"""뭐, 나랑 함께였으니까.<br>나름 열심히 했다고는 생각해."""
IncidentStart#59,"""뭔가 오는 건가?"""
IncidentSuccess#59,"""흐음, 성공한 모양이네."""
IncidentFailure#59,"""난 상관없으니까."""
PSE#59,"""이게 PSE라는 거야?"""
PSELevelUp#59,"""뭔가 계속되고 있지 않아?"""
PSEBurst#59,"""흐음… 이게 버스트.<br>포톤이 활성화된 상태구나."""
HP30#59,"""이제부터 진심이야."""
HP10#59,"""…이 정도까지 몰리다니."""
ItemRare#59,"""난 딱히 갖고 싶지 않아."""
DamageSmall#60,"""큭!"""
DamageMiddle#60,"""으윽"""
DamageLarge#60,"""으악!"""
Trap#59,"""이 정도 함정에…<br>바보 같아."""
ThankTrapRescue#59,"""감사는 할게."""
TrapRescueOther#59,"""번거롭게 하지 마."""
MemberDamaged#59,"""무리는 금물.<br>일단 물러나는 게 어때?"""
MemberDead#59,"""…난 상관없어.<br>그래도…!"""
AbilityExe#59,"""/toge 이 기세라면… 할 수 있어."""
AbilitySpecial#59,"""/toge 나한테 맡겨."""
Resurrect#59,"""…아직 죽을 순 없어."""
PartyJoin#59,"""/ci1 1 한가했으니까."""
Marvelous#59,"""뭐, 괜찮지 않아?"""
IncidentJsApcBegin#54,"""/toge /ci3 1 ...정말 못 봐주겠네!<br>도와줄 테니 얼른<br>이 녀석들을 처리하자!"""
IncidentJsApcFailure#54,"""으음... 나도 아직 미숙한가 봐.<br>미안해, 먼저 물러날게."""
IncidentJsApcSuccess#54,"""/ci2 2 한 건 끝났네.<br>...난 이제 갈 테니까<br>너무 무리하지 마."""
IncidentJsApcBeginEvo#52,"""/ci3 1 ...아직 더 오는 모양이네.<br>자, 얼른 처리하자!"""
EnemyWeak#60,"""이 정도 상대라면"""
EnemyLarge#60,"""나, 열심히 할게!"""
EnemyBoss#60,"""강해 보여……그래도 안 져!"""
EnemyRare#60,"""와왓, 희귀종이다!"""
EnemyBoost#60,"""……정말 불길한 느낌의 적이야"""
WeatherChange#10,"""대기의 포톤이 술렁이는 건가?"""
DestroyEnemy1#60,"""응, 잘됐어!"""
DestroyEnemy2#60,"""내가 모두를 지킬 거야!"""
DestroyEnemy3#60,"""해냈다!"""
CondFreeze#60,"""어, 얼어붙었어!?"""
CondBurn#60,"""뜨거, 뜨거워!"""
CondShock#60,"""모, 몸이 저려어어……!"""
CondPoison#60,"""으으……독인가, 속이 안 좋아……"""
CondPanic#60,"""어, 어, 어떡하지이이!<br>뭘 어떻게 해야 했더라!<br>보이는 대로 날려 버릴까?"""
CondStan#60,"""모, 몸을 마음대로 못 움직이겠어……!"""
CondMirage#60,"""뭔가 시야가 몽롱해……"""
Die#61,"""……이래선 아무도 못 지켜"""
ThankHeal#60,"""아……고마워"""
ThankBuff#60,"""후훗, 고마워"""
ThankCure#60,"""으으, 미안해, 고마워"""
DefeatEnemy#60,"""끝난 것 같네"""
LevelUp#60,"""해냈네, 축하해!"""
InvokeSkill1#53,"""전력으로, 간다!"""
InvokeSkill2#48,"""하아아아앗!"""
InvokeSkill3#47,"""이걸로 끝낼게!"""
TechFire#24,"""내가 할 수 있는 걸, 최선을 다해!"""
TechIce#28,"""나도 할 수 있는 일이 있어!"""
TechThunder#28,"""아무도 다치게 두지 않을 거야!"""
TechWind#23,"""반드시 지켜 낼 거야!"""
TechLight#26,"""내 뜻에 따르라!"""
TechDark#25,"""그 뜻을 꿰뚫어라!"""
PBFull#60,"""<%me>!<br>우리도 준비됐어!"""
PBRelease#60,"""모두의 힘을, 이곳에 엮어 내겠어!"""
TacticsFree#60,"""응, 알겠어!<br>자유롭게 움직여 볼게!"""
TacticsGuard#60,"""여긴 참아야 할 때란 거지<br>맡겨 줘, 기다리는 건 잘해!"""
TacticsMassedAttack#60,"""공격을 한곳에 집중하자……<br>응, 알겠어!"""
TacticsAttack#58,"""내가 미끼가 될 테니까<br>그 틈에 부탁해!"""
Avoid#60,"""얏!"""
HealSelf#60,"""회복, 회복!"""
BuffSelf#60,"""보조도 잊으면 안 되지"""
HealOther#60,"""괜찮아?<br>무리하지 마"""
BuffOther#60,"""아, 잠깐 기다려<br>보조도 걸어 줄게"""
QuestStart1#60,"""여, 열심히 할게!"""
QuestStart2#46,"""너와 함께라면……응<br>분명 괜찮을 거야!"""
QuestEnd1#60,"""정말 든든했어!"""
QuestEnd2#46,"""정말 대단해!\u3000대단해!"""
IncidentStart#60,"""어, 뭐야, 무슨 일이 일어난 거야?"""
IncidentSuccess#60,"""다행이다, 어떻게든 해냈네"""
IncidentFailure#60,"""으으……미안해……<br>발목만 잡았어……"""
PSE#60,"""포톤의 느낌이 변했어……<br>PSE라는 건가?"""
PSELevelUp#60,"""계속 이어지는 것 같아!<br>더욱더 힘내자!"""
PSEBurst#60,"""와아……이게 PSE 버스트라는<br>거구나, 굉장해!"""
HP30#60,"""윽……아, 아직 멀었어<br>난 아직 괜찮아!"""
HP10#60,"""……아직 내겐<br>지키고 싶은 게 있는데……!"""
ItemRare#60,"""앗, 그거<br>희귀한 물건이지?"""
DamageSmall#61,"""윽"""
DamageMiddle#61,"""아야!"""
DamageLarge#61,"""으으, 위험할지도……!"""
Trap#60,"""어, 어, 함정!?"""
ThankTrapRescue#60,"""미안해……<br>정말 큰 도움 됐어"""
TrapRescueOther#60,"""괜찮아?<br>함정은 조심해"""
MemberDamaged#60,"""무리하지 말고 물러나!<br>괜찮아, 내가 지킬게!"""
MemberDead#60,"""내가……<br>지켜 줬어야 했는데……!"""
AbilityExe#60,"""응, 힘낼 테니까!"""
AbilitySpecial#60,"""좋아, 힘내 볼까!"""
Resurrect#60,"""난 아직……싸울 수 있어!"""
PartyJoin#60,"""/ci1 1 자, 잘 부탁해!"""
Marvelous#60,"""역시 대단해!"""
IncidentJsApcBegin#55,"""/ci4 2 아, <%me>!<br>미안해, 길을 헤매다가<br>큰일이 벌어져 버렸어!"""
IncidentJsApcFailure#55,"""으으……미안해……<br>먼저 퇴각할게"""
IncidentJsApcSuccess#55,"""/ci2 2 후우, 어떻게든 해결했네!<br>도와줘서 고마워<br><%me>!"""
IncidentJsApcBeginEvo#53,"""/ci3 2 어떻게든 끝났……나 했더니<br>아직 이상한 기척이<br>남아 있어……!"""
EnemyWeak#61,"""상대가 되지 않는군요"""
EnemyLarge#61,"""조금 큰 것 같군요"""
EnemyBoss#61,"""상대로서 부족함이 없습니다"""
EnemyRare#61,"""희귀하군요……"""
EnemyBoost#61,"""평소와는 다르군요"""
DestroyEnemy1#61,"""별것 아니군요."""
DestroyEnemy2#61,"""멸하라!"""
DestroyEnemy3#61,"""다음!"""
CondFreeze#61,"""큭!\u3000동결 따위……!"""
CondBurn#61,"""큭!\u3000화상 따위……!"""
CondShock#61,"""가, 감전 따위로……"""
CondPoison#61,"""윽……독이라고요……"""
CondPanic#61,"""어지러워……"""
CondStan#61,"""몸이 움직이지 않아……그래도!"""
CondMirage#61,"""나를 현혹할 셈인가……!"""
Die#62,"""여기가 내 한계인가……"""
ThankHeal#61,"""도움이 됐습니다"""
ThankBuff#61,"""감사드립니다"""
ThankCure#61,"""수고를 끼쳤습니다"""
DefeatEnemy#61,"""그럼 다음 목표로 가시죠"""
LevelUp#61,"""더욱 정진하시길 바랍니다"""
InvokeSkill1#54,"""갑니다"""
InvokeSkill2#49,"""끝내겠습니다!"""
InvokeSkill3#48,"""이걸로 끝입니다!"""
TechFire#25,"""불타라!"""
TechIce#29,"""얼어붙어!"""
TechThunder#29,"""맞아라!"""
TechWind#24,"""갈기갈기 찢어라!"""
TechLight#27,"""빛이여!"""
TechDark#26,"""어둠이여!"""
PBFull#61,"""각오해!"""
PBRelease#61,"""우리의 힘이여, 지금 여기 나타나라!"""
TacticsFree#61,"""맡겨 주십시오"""
TacticsGuard#61,"""끝까지 지켜 내겠습니다"""
TacticsMassedAttack#61,"""조준하겠습니다"""
TacticsAttack#59,"""제가 미끼가 되겠습니다"""
Avoid#61,"""훗"""
HealSelf#61,"""위험할 뻔했어요."""
BuffSelf#61,"""보조도 중요하군요"""
HealOther#61,"""위기였군요"""
BuffOther#61,"""보조를 잊어서는 안 됩니다"""
QuestStart1#61,"""임무를 시작합니다."""
QuestStart2#47,"""잘 부탁드립니다"""
QuestEnd1#61,"""임무를 완료했습니다"""
QuestEnd2#47,"""역시 훌륭한 결과군요"""
IncidentStart#61,"""무슨 일이 일어날 것 같습니다!"""
IncidentSuccess#61,"""그럼 다음으로 가시죠"""
IncidentFailure#61,"""제 힘이 부족했습니다……"""
PSE#61,"""이것이 PSE로군요……"""
PSELevelUp#61,"""가능하다면 계속하시죠"""
PSEBurst#61,"""정말 훌륭합니다……!<br>소문 이상이군요"""
HP30#61,"""아직 저는 싸울 수 있습니다……"""
HP10#61,"""……포기하지 않겠습니다!"""
ItemRare#61,"""좋은 물건인 것 같군요"""
DamageSmall#62,"""큿"""
DamageMiddle#62,"""윽"""
DamageLarge#62,"""큭"""
Trap#61,"""함정이라니 비겁한……!"""
ThankTrapRescue#61,"""번거롭게 해 드렸습니다."""
TrapRescueOther#61,"""조심하십시오!"""
MemberDamaged#61,"""무리하지 마십시오!"""
MemberDead#61,"""……이럴 수가!\u3000용서하지 않겠습니다!"""
AbilityExe#61,"""/toge 지금이 기회입니다!"""
AbilitySpecial#61,"""/toge 이 흐름이라면 할 수 있습니다!"""
Resurrect#61,"""몸이 움직여……전 아직 할 수 있습니다!"""
PartyJoin#61,"""/ci1 1 충성을 다하겠습니다"""
Marvelous#61,"""훌륭한 솜씨입니다"""
IncidentJsApcBegin#56,"""/ci1 3 죄송합니다!<br>도와주시겠습니까?"""
IncidentJsApcFailure#56,"""큭……죄송합니다<br>……역부족이었습니다, 퇴각하겠습니다"""
IncidentJsApcSuccess#56,"""/ci1 5 무사하신 것 같군요<br>그럼 이만!"""
IncidentJsApcBeginEvo#54,"""/ci1 3 아직 더 옵니다!<br>방심하지 말고 가시죠"""
EnemyWeak#62,"""잡졸이군. 상대가 안 된다"""
EnemyLarge#62,"""덩치만 큰 녀석이군"""
EnemyBoss#62,"""호오……내 앞을 가로막는가"""
EnemyRare#62,"""흐음, 기묘한 적이로군"""
EnemyBoost#62,"""조금 애를 먹겠군"""
DestroyEnemy1#62,"""멸하라"""
DestroyEnemy2#62,"""다음!"""
DestroyEnemy3#62,"""끝이다!"""
CondFreeze#62,"""동결 따위로……"""
CondBurn#62,"""화상이라고……?"""
CondShock#62,"""감전 따위……!"""
CondPoison#62,"""독이라니 비겁한……"""
CondPanic#62,"""시야가 흐려지다니……"""
CondStan#62,"""몸이 움직이지 않는군"""
CondMirage#62,"""현혹할 셈인가……"""
Die#63,"""공덕이 부족했던 건가……"""
ThankHeal#62,"""신세를 졌군. 반드시 갚겠다"""
ThankBuff#62,"""도움이 됐다"""
ThankCure#62,"""번거롭게 했군."""
DefeatEnemy#62,"""다음으로 가자"""
LevelUp#62,"""오직 정진할 뿐이다"""
InvokeSkill1#55,"""이걸로 끝내겠다!"""
InvokeSkill2#50,"""내 힘을 보아라!"""
InvokeSkill3#49,"""내 길을 막게 두지 않겠다!"""
PBFull#62,"""준비는 끝난 것 같군"""
PBRelease#62,"""나와라!\u3000내게 맞서는 자에게 벌을!"""
TacticsFree#62,"""마음껏 휘둘러 주마!"""
TacticsGuard#62,"""수비에 전념하라는 건가, 알겠다!"""
TacticsMassedAttack#62,"""표적을 정하라는 거군<br>집중하지"""
TacticsAttack#60,"""미끼가 되라는 건가, 좋다!"""
Avoid#62,"""흥!"""
HealSelf#62,"""그리 쉽게 당해 주진 않겠다"""
BuffSelf#62,"""준비를 게을리해선 안 되겠군"""
HealOther#62,"""회복은 아껴선 안 된다"""
BuffOther#62,"""보조는 아껴선 안 된다"""
QuestStart1#62,"""임무 개시"""
QuestStart2#48,"""자네와 함께라면 든든하군"""
QuestEnd1#62,"""임무, 달성했군"""
QuestEnd2#48,"""이 결과는 예상 이상이군"""
IncidentStart#62,"""무슨 일이 일어나겠군"""
IncidentSuccess#62,"""모든 것이 문제없군"""
IncidentFailure#62,"""쳇, 방심했군!"""
PSE#62,"""이건……PSE인가"""
PSELevelUp#62,"""적을 쓰러뜨리는 김에<br>계속 이어 가면 되겠군"""
PSEBurst#62,"""과연, 훌륭하군"""
HP30#62,"""위험할지도 모르겠군……"""
HP10#62,"""이렇게까지 몰리다니……"""
ItemRare#62,"""그건 좋은 물건이군<br>챙겨 두도록 해라"""
DamageSmall#63,"""큭……"""
DamageMiddle#63,"""으윽……"""
DamageLarge#63,"""이 정도일 줄이야……"""
Trap#62,"""함정이라니 비겁하군!"""
ThankTrapRescue#62,"""구원에 감사한다"""
TrapRescueOther#62,"""방심하지 마라!"""
MemberDamaged#62,"""무리하지 마라"""
MemberDead#62,"""이놈……!"""
AbilityExe#62,"""정화해 주마!"""
AbilitySpecial#62,"""이 기세라면 할 수 있다!"""
Resurrect#62,"""이 몸은 아직 움직인다!"""
PartyJoin#62,"""/ci1 1 계약이다. 힘을 빌려주마"""
Marvelous#62,"""세련된 움직임이군"""
IncidentJsApcBegin#57,"""/ci1 3 좋은 때에 왔군<br>미안하지만 도와줄 수 있겠나"""
IncidentJsApcFailure#57,"""큭……아무래도 한계인 듯하군<br>후퇴하도록 하지"""
IncidentJsApcSuccess#57,"""/ci1 1 수고를 끼쳤군. 구원에 감사한다"""
IncidentJsApcBeginEvo#55,"""/ci1 3 새로운 적이 온 것 같군"""
EnemyWeak#63,"""상대가 되지 않는군요"""
EnemyLarge#63,"""조금 큰 것 같군요"""
EnemyBoss#63,"""상대로서 부족함이 없습니다"""
EnemyRare#63,"""희귀하군요……"""
EnemyBoost#63,"""평소와는 다르군요"""
DestroyEnemy1#63,"""응징!"""
DestroyEnemy2#63,"""멸!"""
DestroyEnemy3#63,"""끝내겠어!"""
CondFreeze#63,"""큭!\u3000동결 따위……!"""
CondBurn#63,"""큭!\u3000화상 따위……!"""
CondShock#63,"""가, 감전 따위로……"""
CondPoison#63,"""윽……독이라고요……"""
CondPanic#63,"""어지러워……"""
CondStan#63,"""몸이 움직이지 않아……그래도!"""
CondMirage#63,"""나를 현혹할 셈인가……!"""
Die#64,"""여기가 내 한계인가……"""
ThankHeal#63,"""도움이 됐습니다"""
ThankBuff#63,"""감사드립니다"""
ThankCure#63,"""수고를 끼쳤습니다"""
DefeatEnemy#63,"""그럼 다음 목표로 가시죠"""
LevelUp#63,"""더욱 정진하시길 바랍니다"""
InvokeSkill1#56,"""각오해!"""
InvokeSkill2#51,"""끝낸다!"""
InvokeSkill3#50,"""멸하라!"""
TechFire#26,"""불타올라!"""
TechIce#30,"""얼어라!"""
TechThunder#30,"""감전돼라!"""
TechWind#25,"""날뛰어라!"""
TechLight#28,"""사라져!"""
TechDark#27,"""이걸로 마지막이야!"""
PBFull#63,"""각오해!"""
PBRelease#63,"""우리의 힘이여, 지금 여기 나타나라!"""
TacticsFree#63,"""맡겨 주십시오"""
TacticsGuard#63,"""끝까지 지켜 내겠습니다"""
TacticsMassedAttack#63,"""조준하겠습니다"""
TacticsAttack#61,"""제가 미끼가 되겠습니다"""
Avoid#63,"""훗"""
HealSelf#63,"""위험할 뻔했어요."""
BuffSelf#63,"""보조도 중요하군요"""
HealOther#63,"""위기였군요"""
BuffOther#63,"""보조를 잊어서는 안 됩니다"""
QuestStart1#63,"""임무를 시작합니다."""
QuestStart2#49,"""잘 부탁드립니다"""
QuestEnd1#63,"""임무를 완료했습니다"""
QuestEnd2#49,"""역시 훌륭한 결과군요"""
IncidentStart#63,"""뭔가 일어나려는 모양이군요."""
IncidentSuccess#63,"""그럼 다음으로 가시죠"""
IncidentFailure#63,"""제 힘이 부족했는지도 모르겠습니다……"""
PSE#63,"""이것이 PSE입니까……"""
PSELevelUp#63,"""가능하다면 계속하시죠"""
PSEBurst#63,"""정말 훌륭합니다……!<br>소문 이상이군요"""
HP30#63,"""아직 저는 싸울 수 있습니다……"""
HP10#63,"""……포기하지 않겠습니다!"""
ItemRare#63,"""좋은 물건인 것 같군요"""
DamageSmall#64,"""큿"""
DamageMiddle#64,"""윽"""
DamageLarge#64,"""큭"""
Trap#63,"""함정이라니 비겁한……!"""
ThankTrapRescue#63,"""번거롭게 해 드렸습니다."""
TrapRescueOther#63,"""조심하십시오!"""
MemberDamaged#63,"""무리하지 마십시오!"""
MemberDead#63,"""……이럴 수가!\u3000용서하지 않겠습니다!"""
AbilityExe#63,"""/toge 지금이 기회입니다!"""
AbilitySpecial#63,"""/toge 이 흐름이라면 할 수 있습니다!"""
Resurrect#63,"""/ci1 1 몸이 움직여……전 아직 할 수 있습니다!"""
PartyJoin#63,"""/ci1 1 충성을 다하겠습니다"""
Marvelous#63,"""훌륭한 솜씨입니다"""
IncidentJsApcBegin#58,"""/ci1 3 죄송합니다!<br>도와주시겠습니까?"""
IncidentJsApcFailure#58,"""큭……죄송합니다<br>……역부족이었습니다, 퇴각하겠습니다"""
IncidentJsApcSuccess#58,"""/ci1 5 무사하신 것 같군요<br>그럼 이만!"""
IncidentJsApcBeginEvo#56,"""/ci1 3 아직 더 옵니다!<br>방심하지 말고 가시죠"""
EnemyWeak#64,"""잡졸이군. 상대가 안 된다"""
EnemyLarge#64,"""덩치만 큰 녀석이군"""
EnemyBoss#64,"""호오……내 앞을 가로막는가"""
EnemyRare#64,"""흐음, 기묘한 적이로군"""
EnemyBoost#64,"""조금 애를 먹겠군"""
DestroyEnemy1#64,"""멸하라!"""
DestroyEnemy2#64,"""사라져라!"""
DestroyEnemy3#64,"""이걸로 끝이다!"""
CondFreeze#64,"""동결 따위로……"""
CondBurn#64,"""화상이라고……?"""
CondShock#64,"""감전 따위……!"""
CondPoison#64,"""독이라니 비겁한……"""
CondPanic#64,"""시야가 흐려지다니……"""
CondStan#64,"""몸이 움직이지 않는군"""
CondMirage#64,"""현혹할 셈인가……"""
Die#65,"""공덕이 부족했던 건가……"""
ThankHeal#64,"""신세를 졌군. 반드시 갚겠다"""
ThankBuff#64,"""도움이 됐다"""
ThankCure#64,"""번거롭게 했군."""
DefeatEnemy#64,"""다음으로 가자"""
LevelUp#64,"""오직 정진할 뿐이다"""
InvokeSkill1#57,"""받아라!"""
InvokeSkill2#52,"""가라!"""
InvokeSkill3#51,"""처단해 주마!"""
PBFull#64,"""준비는 끝난 것 같군"""
PBRelease#64,"""나와라!\u3000내게 맞서는 자에게 벌을!"""
TacticsFree#64,"""마음껏 휘둘러 주마!"""
TacticsGuard#64,"""수비에 전념하라는 건가, 알겠다!"""
TacticsMassedAttack#64,"""표적을 정하라는 거군<br>집중하지"""
TacticsAttack#62,"""미끼가 되라는 건가, 좋다!"""
Avoid#64,"""흥!"""
HealSelf#64,"""그리 쉽게 당해 주진 않겠다"""
BuffSelf#64,"""준비를 게을리해선 안 되겠군"""
HealOther#64,"""회복은 아껴선 안 된다"""
BuffOther#64,"""보조는 아껴선 안 된다"""
QuestStart1#64,"""임무 개시"""
QuestStart2#50,"""자네와 함께라면 든든하군"""
QuestEnd1#64,"""임무, 달성했군"""
QuestEnd2#50,"""이 결과는 예상 이상이군"""
IncidentStart#64,"""……무슨 일이 일어날 것 같군"""
IncidentSuccess#64,"""모든 것이 문제없군"""
IncidentFailure#64,"""쳇, 방심했군!"""
PSE#64,"""이게 PSE인가……"""
PSELevelUp#64,"""적을 쓰러뜨리는 김에<br>계속 이어 가면 되겠군"""
PSEBurst#64,"""과연, 훌륭하군"""
HP30#64,"""위험할지도 모르겠군……"""
HP10#64,"""이렇게까지 몰리다니……"""
ItemRare#64,"""그건 좋은 물건이군<br>챙겨 두도록 해라"""
DamageSmall#65,"""큭……"""
DamageMiddle#65,"""으윽……"""
DamageLarge#65,"""이 정도일 줄이야……"""
Trap#64,"""함정이라니 비겁하군!"""
ThankTrapRescue#64,"""구원에 감사한다"""
TrapRescueOther#64,"""방심하지 마라!"""
MemberDamaged#64,"""무리하지 마라"""
MemberDead#64,"""이놈……!"""
AbilityExe#64,"""정화해 주마!"""
AbilitySpecial#64,"""이 기세라면 할 수 있다!"""
Resurrect#64,"""이 몸은 아직 움직인다!"""
PartyJoin#64,"""/ci1 1 계약이다. 힘을 빌려주마"""
Marvelous#64,"""세련된 움직임이군"""
IncidentJsApcBegin#59,"""/ci1 3 좋은 때에 왔군<br>미안하지만 도와줄 수 있겠나"""
IncidentJsApcFailure#59,"""큭……아무래도 한계인 듯하군<br>후퇴하도록 하지"""
IncidentJsApcSuccess#59,"""/ci1 1 수고를 끼쳤군. 구원에 감사한다"""
IncidentJsApcBeginEvo#57,"""/ci1 3 새로운 적이 온 것 같군"""
EnemyWeak#65,"""잡몹이네요오."""
EnemyLarge#65,"""목이 아프네요오."""
EnemyBoss#65,"""이걸 쓰러뜨리면 되는 거군요오."""
EnemyRare#65,"""이런 곳에 있다니, 희귀하네요오."""
EnemyBoost#65,"""…이 분위기는…"""
DestroyEnemy1#65,"""끝이에요."""
DestroyEnemy2#65,"""죽어 주세요."""
DestroyEnemy3#65,"""사라져 주세요."""
CondFreeze#65,"""서늘하네요…"""
CondBurn#65,"""뜨끈뜨끈하네요…"""
CondShock#65,"""찌릿찌릿하네요…"""
CondPoison#65,"""독이 퍼지네요…"""
CondPanic#65,"""빙글빙글 도네요…"""
CondStan#65,"""움직임이…"""
CondMirage#65,"""둥실둥실하네요…"""
Die#66,"""…당연한 결말이에요."""
ThankHeal#65,"""감사합니다."""
ThankBuff#65,"""지원, 감사합니다."""
ThankCure#65,"""번거롭게 해 드리네요."""
DefeatEnemy#65,"""대충 다 정리됐네요오."""
LevelUp#65,"""강함은 귀중하답니다."""
InvokeSkill1#58,"""잘하는 건 아니지만요오."""
InvokeSkill2#53,"""할 수 있는 만큼 해 보죠오."""
TechFire#27,"""이쪽이 본업이에요오."""
TechIce#31,"""움직임을 멈춰 볼까요오."""
TechThunder#31,"""놓치지 않을 거예요오."""
TechWind#26,"""죽어 주세요."""
TechLight#29,"""어떠신가요오?"""
TechDark#28,"""사라져 주세요."""
PBFull#65,"""화가 난 건 오랜만이에요오."""
PBRelease#65,"""전부 없어지면 좋을 텐데요오."""
TacticsFree#65,"""그럼 자유롭게 할게요오."""
TacticsGuard#65,"""오직 방어만 하는 건 서툴지만…"""
TacticsMassedAttack#65,"""한곳만 집중해서 노려 볼까요오."""
TacticsAttack#63,"""리사가 노려 줄 가치가<br>있다고는 생각되지 않지만요오…"""
Avoid#65,"""소용없어요오."""
HealSelf#65,"""아까웠네요오."""
BuffSelf#65,"""전투 준비는 빈틈없이."""
HealOther#65,"""괜찮으신가요?"""
BuffOther#65,"""방심하지 마세요."""
QuestStart1#65,"""가도록 하죠오."""
QuestStart2#51,"""<%me> 님<br>잘 부탁드릴게요오."""
QuestEnd1#65,"""상황 종료네요오."""
QuestEnd2#51,"""역시 대단하시네요오."""
IncidentStart#65,"""돌발 상황인가요오.<br>흔한 일이네요오."""
IncidentSuccess#65,"""무사히 끝났네요오."""
IncidentFailure#65,"""죄송합니다."""
PSE#65,"""포톤이 여기되고 있네요오."""
PSELevelUp#65,"""포톤이 더욱 활성화됐나요오."""
PSEBurst#65,"""이건…<br>굉장한 효과네요오."""
HP30#65,"""별로 아프지 않아요오."""
HP10#65,"""…리사는 아직 살아 있어요오."""
ItemRare#65,"""축하드려요오."""
DamageSmall#66,"""큿"""
DamageMiddle#66,"""으윽"""
DamageLarge#66,"""아얏"""
Trap#65,"""함정이라니 고풍스럽네요오…"""
ThankTrapRescue#65,"""감사드려요오."""
TrapRescueOther#65,"""무사하신가요?"""
MemberDamaged#65,"""살아 계신가요?"""
MemberDead#65,"""…절대로 용서 못 해요오."""
AbilityExe#65,"""/toge 몸이 가볍네요오."""
AbilitySpecial#65,"""/toge 맡겨 주세요오."""
Resurrect#65,"""…죽기엔 아직 이른가 봐요오."""
PartyJoin#65,"""/ci1 1 잘 부탁드려요오."""
Marvelous#65,"""훌륭해요오."""
IncidentJsApcBegin#60,"""/ci1 3 <%me> 님.<br>번거로우시겠지만<br>협력해 주시겠어요오?"""
IncidentJsApcFailure#60,"""…죄송해요오.<br>먼저 물러나겠습니다."""
IncidentJsApcSuccess#60,"""/ci1 5 협력에 감사드려요오.<br>정말 고맙습니다."""
IncidentJsApcBeginEvo#58,"""/ci1 3 …아무래도, 새로운 적 같네요오."""
EnemyWeak#66,"""오, 이 녀석은 약해 보이네."""
EnemyLarge#66,"""우와, 엄청 크네…"""
EnemyBoss#66,"""야, 잠깐만.<br>이런 게 있단 말은 못 들었어!"""
EnemyRare#66,"""음, 뭐야 저건?<br>별로 못 보던 녀석 아니야?"""
EnemyBoost#66,"""…뭔가 위험한 분위기야!"""
DestroyEnemy1#66,"""좋았어!"""
DestroyEnemy2#66,"""해냈어!"""
DestroyEnemy3#66,"""제대로 들어갔다!"""
CondFreeze#66,"""추추추추, 추워!"""
CondBurn#66,"""뜨거, 뜨거워!"""
CondShock#66,"""저, 저저저저려!"""
CondPoison#66,"""으으… 독…?<br>속이 안 좋아…"""
CondPanic#66,"""세, 세상이 빙빙 돌아아아"""
CondStan#66,"""몸이 안 움직여…<br>이게 뭐야!"""
CondMirage#66,"""뭐야?<br>세상이 흐릿해졌어?"""
Die#67,"""겨우 찾아냈는데……"""
ThankHeal#66,"""후, 살았다."""
ThankBuff#66,"""좋아, 힘내 보자!"""
ThankCure#66,"""이제 개운하네.<br>고마워."""
DefeatEnemy#66,"""후, 어떻게든 해냈나?"""
LevelUp#66,"""나도 질 순 없지!"""
InvokeSkill1#59,"""움직이지 마!"""
InvokeSkill2#54,"""나도 한다고!"""
InvokeSkill3#52,"""보였다, 거기다!"""
TechThunder#32,"""견제 정도는 되겠지!"""
PBFull#66,"""이제 적당히 좀 하라고!"""
PBRelease#66,"""비장의 수 발동!"""
TacticsFree#66,"""자유롭게 해도 되는 거지!"""
TacticsGuard#66,"""도망치는 건 자신 있어!"""
TacticsMassedAttack#66,"""집중 포화다!"""
TacticsAttack#64,"""내, 내가 시선을 끌게!<br>…빨리 도와주는 거지?"""
Avoid#66,"""우왓!"""
HealSelf#66,"""죽는 줄 알았네."""
BuffSelf#66,"""준비는 확실히 해야지!"""
HealOther#66,"""야, 괜찮아?"""
BuffOther#66,"""보조하는 거 잊지 마!"""
QuestStart1#66,"""좋아, 가자!"""
QuestStart2#52,"""같이 힘내자, 파트너!"""
QuestEnd1#66,"""끝났다!"""
QuestEnd2#52,"""해냈다, 파트너!<br>완벽했지!"""
IncidentStart#66,"""뭐, 뭐야?"""
IncidentSuccess#66,"""좋았어!"""
IncidentFailure#66,"""이런…"""
PSE#66,"""좋아, 시작됐다!"""
PSELevelUp#66,"""계속 이어 가자!"""
PSEBurst#66,"""왔다, 왔다, 왔어!"""
HP30#66,"""잠깐, 진정하라고!<br>진짜 아프다니까!"""
HP10#66,"""이제 도망치고 싶어…"""
ItemRare#66,"""나도 갖고 싶네."""
DamageSmall#67,"""큭"""
DamageMiddle#67,"""큭"""
DamageLarge#67,"""이런……!"""
Trap#66,"""함정이잖아!?"""
ThankTrapRescue#66,"""고, 고마워."""
TrapRescueOther#66,"""위험할 뻔했네!"""
MemberDamaged#66,"""무리하지 마!"""
MemberDead#66,"""…어떻게 된 거야?<br>젠장!"""
AbilityExe#66,"""/toge 헤헤, 감이 좋아지기 시작했어!"""
AbilitySpecial#66,"""/toge 맡겨 두라니까!"""
Resurrect#66,"""……아직 멀었어, 지금부터라고!"""
PartyJoin#66,"""/ci1 1 늘 하던 대로 부탁한다, 파트너"""
Marvelous#66,"""역시 대단하군!"""
IncidentJsApcBegin#61,"""/toge /ci2 2 앗, 파트너!\u3000잘 왔어!<br>적이 엄청나게 많아!<br>잠깐만 도와줘!"""
IncidentJsApcFailure#61,"""이, 이 이상은 힘들어...<br>미안, 파트너. 난 후퇴할게."""
IncidentJsApcSuccess#61,"""/ci2 1 후, 어떻게든 끝났네.<br>고마워, 파트너. 네 덕분에<br>어떻게든 해냈어."""
IncidentJsApcBeginEvo#59,"""/toge /ci3 2 뭐, 뭐야!<br>엄청 거대한 적성 반응이야!?<br>파트너, 조심해!"""
IncidentJsMultiApcBegin#16,"""/ci2 1 /mn9 오, 푸리에 씨, 저기 봐!<br>파트너가 와 줬어!<br>헤헤, 타이밍 딱 좋네!"""
IncidentJsMultiApcSuccess#16,"""/ci2 1 /mn15 좋아, 좋아!<br>어떻게든 해냈다!<br>고마워, 파트너. 살았어."""
EnemyWeak#67,"""이 정도면 괜찮아"""
EnemyLarge#67,"""와, 크다!"""
EnemyBoss#67,"""강해 보여……그래도 안 져!"""
EnemyRare#67,"""와왓, 희귀종이다!"""
EnemyBoost#67,"""……정말 불길한 느낌의 적이야"""
WeatherChange#11,"""대기의 포톤이 술렁이는 건가?"""
DestroyEnemy1#67,"""응, 잘됐어!"""
DestroyEnemy2#67,"""좋아, 느낌 좋아!"""
DestroyEnemy3#67,"""해냈다!"""
CondFreeze#67,"""어, 얼어붙었어!?"""
CondBurn#67,"""뜨거, 뜨거워!"""
CondShock#67,"""모, 몸이 저려어어……!"""
CondPoison#67,"""으으……독인가, 속이 안 좋아……"""
CondPanic#67,"""어, 어, 어떡하지이이!<br>뭘 어떻게 해야 했더라!<br>보이는 대로 날려 버릴까?"""
CondStan#67,"""모, 몸을 마음대로 못 움직이겠어……!"""
CondMirage#67,"""뭔가 시야가 몽롱해……"""
Die#68,"""실패해 버렸어, 미안해……"""
ThankHeal#67,"""아……고마워"""
ThankBuff#67,"""후훗, 고마워"""
ThankCure#67,"""으으, 미안해, 고마워"""
DefeatEnemy#67,"""끝난 것 같네"""
LevelUp#67,"""앗, 축하해!"""
InvokeSkill1#60,"""전력으로, 간다!"""
InvokeSkill2#55,"""하아아아앗!"""
InvokeSkill3#53,"""이걸로 끝낼게!"""
TechFire#28,"""내가 할 수 있는 걸, 최선을 다해!"""
TechIce#32,"""지지 않을 거야!"""
TechThunder#33,"""봐주지 않을 거야!"""
TechWind#27,"""베어 버려!"""
TechLight#30,"""빛이여."""
TechDark#29,"""꿰뚫어!"""
PBFull#67,"""<%me>!<br>우리도 준비됐어!"""
PBRelease#67,"""난 이제……혼자가 아니니까!"""
TacticsFree#67,"""응, 알겠어!<br>자유롭게 움직여 볼게!"""
TacticsGuard#67,"""여긴 참아야 할 때란 거지<br>맡겨 줘, 기다리는 건 잘해!"""
TacticsMassedAttack#67,"""공격을 한곳에 집중하자……<br>응, 알겠어!"""
TacticsAttack#65,"""내가 미끼가 될 테니까<br>그 틈에 부탁해!"""
Avoid#67,"""얏!"""
HealSelf#67,"""회복, 회복!"""
BuffSelf#67,"""보조도 잊으면 안 되지"""
HealOther#67,"""괜찮아?<br>무리하지 마"""
BuffOther#67,"""아, 잠깐 기다려<br>보조도 걸어 줄게"""
QuestStart1#67,"""좋아, 힘낼게!"""
QuestStart2#53,"""너와 함께라면……응<br>분명 괜찮을 거야!"""
QuestEnd1#67,"""정말 든든했어!"""
QuestEnd2#53,"""정말 대단해!\u3000대단해!"""
IncidentStart#67,"""어, 뭐야, 무슨 일이 일어난 거야?"""
IncidentSuccess#67,"""다행이다, 어떻게든 해냈네"""
IncidentFailure#67,"""으으……미안해……<br>발목만 잡았어……"""
PSE#67,"""포톤의 느낌이 변했어……<br>PSE라는 건가?"""
PSELevelUp#67,"""계속 이어지는 것 같아!<br>더욱더 힘내자!"""
PSEBurst#67,"""와아……이게 PSE 버스트라는<br>거구나, 굉장해!"""
HP30#67,"""윽……아, 아직 멀었어<br>난 아직 괜찮아!"""
HP10#67,"""……으윽!<br>미안, 조금 위험할지도……"""
ItemRare#67,"""앗, 그거<br>희귀한 물건이지?"""
DamageSmall#68,"""아야!"""
DamageMiddle#68,"""아야!"""
DamageLarge#68,"""와와왓!"""
Trap#67,"""어, 어, 함정!?"""
ThankTrapRescue#67,"""미안해……<br>정말 큰 도움 됐어"""
TrapRescueOther#67,"""괜찮아?<br>함정은 조심해"""
MemberDamaged#67,"""무리하지 말고 물러나!<br>괜찮아, 나도 있으니까!"""
MemberDead#67,"""이럴 수가!<br>이렇게 될 줄은……!"""
AbilityExe#67,"""응, 힘낼 테니까!"""
AbilitySpecial#67,"""좋아, 힘내 볼까!"""
Resurrect#67,"""이번엔 힘낼게!"""
PartyJoin#67,"""/ci1 1 잘 부탁해!"""
Marvelous#67,"""대단해!\u3000나도 힘내야겠어!"""
IncidentJsApcBegin#62,"""/ci4 2 아, <%me>!<br>미안해, 길을 헤매다가<br>큰일이 벌어져 버렸어!"""
IncidentJsApcFailure#62,"""으으……미안해……<br>먼저 퇴각할게"""
IncidentJsApcSuccess#62,"""/ci2 2 후우, 어떻게든 해결했네!<br>도와줘서 고마워<br><%me>!"""
IncidentJsApcBeginEvo#60,"""/ci3 2 어떻게든 끝났……나 했더니<br>아직 이상한 기척이<br>남아 있어……!"""
EnemyWeak#68,"""이 정도면 괜찮아"""
EnemyLarge#68,"""와, 크다!"""
EnemyBoss#68,"""강해 보여……그래도 안 져!"""
EnemyRare#68,"""와왓, 희귀종이다!"""
EnemyBoost#68,"""……정말 불길한 느낌의 적이야"""
WeatherChange#12,"""대기의 포톤이 술렁이는 건가?"""
DestroyEnemy1#68,"""응, 잘됐어!"""
DestroyEnemy2#68,"""좋아, 느낌 좋아!"""
DestroyEnemy3#68,"""해냈다!"""
CondFreeze#68,"""어, 얼어붙었어!?"""
CondBurn#68,"""뜨거, 뜨거워!"""
CondShock#68,"""모, 몸이 저려어어……!"""
CondPoison#68,"""으으……독인가, 속이 안 좋아……"""
CondPanic#68,"""어, 어, 어떡하지이이!<br>뭘 어떻게 해야 했더라!<br>보이는 대로 날려 버릴까?"""
CondStan#68,"""모, 몸을 마음대로 못 움직이겠어……!"""
CondMirage#68,"""뭔가 시야가 몽롱해……"""
Die#69,"""실패해 버렸어, 미안해……"""
ThankHeal#68,"""아……고마워"""
ThankBuff#68,"""후훗, 고마워"""
ThankCure#68,"""으으, 미안해, 고마워"""
DefeatEnemy#68,"""끝난 것 같네"""
LevelUp#68,"""앗, 축하해!"""
InvokeSkill1#61,"""전력으로, 간다!"""
InvokeSkill2#56,"""하아아아앗!"""
InvokeSkill3#54,"""이걸로 끝낼게!"""
TechFire#29,"""내가 할 수 있는 걸, 최선을 다해!"""
TechIce#33,"""지지 않을 거야!"""
TechThunder#34,"""봐주지 않을 거야!"""
TechWind#28,"""베어 버려!"""
TechLight#31,"""빛이여."""
TechDark#30,"""꿰뚫어!"""
PBFull#68,"""<%me>!<br>우리도 준비됐어!"""
PBRelease#68,"""난 이제……혼자가 아니니까!"""
TacticsFree#68,"""응, 알겠어!<br>자유롭게 움직여 볼게!"""
TacticsGuard#68,"""여긴 참아야 할 때란 거지<br>맡겨 줘, 기다리는 건 잘해!"""
TacticsMassedAttack#68,"""공격을 한곳에 집중하자……<br>응, 알겠어!"""
TacticsAttack#66,"""내가 미끼가 될 테니까<br>그 틈에 부탁해!"""
Avoid#68,"""얏!"""
HealSelf#68,"""회복, 회복!"""
BuffSelf#68,"""보조도 잊으면 안 되지"""
HealOther#68,"""괜찮아?<br>무리하지 마"""
BuffOther#68,"""아, 잠깐 기다려<br>보조도 걸어 줄게"""
QuestStart1#68,"""좋아, 힘낼게!"""
QuestStart2#54,"""너와 함께라면……응<br>분명 괜찮을 거야!"""
QuestEnd1#68,"""정말 든든했어!"""
QuestEnd2#54,"""정말 대단해!\u3000대단해!"""
IncidentStart#68,"""어, 뭐야, 무슨 일이 일어난 거야?"""
IncidentSuccess#68,"""다행이다, 어떻게든 해냈네"""
IncidentFailure#68,"""으으……미안해……<br>발목만 잡았어……"""
PSE#68,"""포톤의 느낌이 변했어……<br>PSE라는 건가?"""
PSELevelUp#68,"""계속 이어지는 것 같아!<br>더욱더 힘내자!"""
PSEBurst#68,"""와아……이게 PSE 버스트라는<br>거구나, 굉장해!"""
HP30#68,"""윽……아, 아직 멀었어<br>난 아직 괜찮아!"""
HP10#68,"""……으윽!<br>미안, 조금 위험할지도……"""
ItemRare#68,"""앗, 그거<br>희귀한 물건이지?"""
DamageSmall#69,"""아야!"""
DamageMiddle#69,"""아야!"""
DamageLarge#69,"""와와왓!"""
Trap#68,"""어, 어, 함정!?"""
ThankTrapRescue#68,"""미안해……<br>정말 큰 도움 됐어"""
TrapRescueOther#68,"""괜찮아?<br>함정은 조심해"""
MemberDamaged#68,"""무리하지 말고 물러나!<br>괜찮아, 나도 있으니까!"""
MemberDead#68,"""이럴 수가!<br>이렇게 될 줄은……!"""
AbilityExe#68,"""응, 힘낼 테니까!"""
AbilitySpecial#68,"""좋아, 힘내 볼까!"""
Resurrect#68,"""이번엔 힘낼게!"""
PartyJoin#68,"""/ci1 1 잘 부탁해!"""
Marvelous#68,"""대단해!\u3000나도 힘내야겠어!"""
IncidentJsApcBegin#63,"""/ci4 2 아, <%me>!<br>미안해, 길을 헤매다가<br>큰일이 벌어져 버렸어!"""
IncidentJsApcFailure#63,"""으으……미안해……<br>먼저 퇴각할게"""
IncidentJsApcSuccess#63,"""/ci2 2 후우, 어떻게든 해결했네!<br>도와줘서 고마워<br><%me>!"""
IncidentJsApcBeginEvo#61,"""/ci3 2 어떻게든 끝났……나 했더니<br>아직 이상한 기척이<br>남아 있어……!"""
EnemyWeak#69,"""잡졸에게 신경 쓸 시간은 없어"""
EnemyLarge#69,"""덩치만 큰 것 같군"""
EnemyBoss#69,"""강적인 것 같군"""
EnemyRare#69,"""음, 희귀한 녀석인가?"""
EnemyBoost#69,"""……이 기척, 위험하군"""
DestroyEnemy1#69,"""끝이다"""
DestroyEnemy2#69,"""처치했다"""
DestroyEnemy3#69,"""다음은 어느 놈이지."""
CondFreeze#69,"""큭, 동결인가……!"""
CondBurn#69,"""큭, 연소인가……!"""
CondShock#69,"""큭, 감전인가……!"""
CondPoison#69,"""큭, 독인가……!"""
CondPanic#69,"""머리가 어질어질해……!"""
CondStan#69,"""몸이 움직이지 않는다……!"""
CondMirage#69,"""큭, 시야가……!"""
Die#70,"""이런 곳에서……미안하다……"""
ThankHeal#69,"""살았다!"""
ThankBuff#69,"""감사한다!"""
ThankCure#69,"""미안하다!"""
DefeatEnemy#69,"""다음 장소로 간다"""
LevelUp#69,"""그래, 그 기세다"""
InvokeSkill1#62,"""/toge 마지막 일격이다!"""
InvokeSkill2#57,"""/toge 이야아아아앗!"""
InvokeSkill3#55,"""/toge 이걸로 끝이다!"""
TechFire#30,"""성령이여!"""
TechIce#34,"""성령이여!"""
TechThunder#35,"""성령이여!"""
TechWind#29,"""성령이여!"""
TechLight#32,"""성령이여!"""
TechDark#31,"""성령이여!"""
PBFull#69,"""/toge 전력으로 가겠다!"""
PBRelease#69,"""/toge 포톤의 분노를 받아라!"""
Avoid#69,"""핫!"""
HealSelf#69,"""안됐군"""
BuffSelf#69,"""이걸로 만전이다."""
HealOther#69,"""조심해라"""
BuffOther#69,"""방심하지 마라"""
QuestStart1#69,"""임무 시작이군"""
QuestEnd1#69,"""좋아, 제법 잘했군"""
IncidentStart#69,"""뭔가 올 것 같은 기척이군……"""
IncidentSuccess#69,"""일단 정리된 것 같군"""
IncidentFailure#69,"""정말 미숙하군……미안하다"""
PSE#69,"""성령이 술렁이는 건가……?"""
PSELevelUp#69,"""이대로 계속한다"""
PSEBurst#69,"""……좋아, 완벽하군"""
HP30#69,"""이대로는…"""
HP10#69,"""이런 곳에서<br>질 수는 없어……!"""
ItemRare#69,"""그건 희귀한 물건이군.<br>축하한다"""
DamageSmall#70,"""꺅"""
DamageMiddle#70,"""위험해……!"""
DamageLarge#70,"""꺄악!"""
Trap#69,"""함정이라고……!"""
ThankTrapRescue#69,"""미안하다, 수고를 끼쳤군"""
TrapRescueOther#69,"""함정을 조심해라"""
MemberDamaged#69,"""무리하지 마라"""
MemberDead#69,"""……잠시 쉬고 있어.<br>내가 끝내겠다"""
AbilityExe#69,"""몸이 가벼워……!"""
AbilitySpecial#69,"""이 기세라면 할 수 있어……!"""
Resurrect#69,"""/toge 아직 괜찮아!"""
PartyJoin#69,"""/ci1 1 잘 부탁한다"""
Marvelous#69,"""/toge 좋은 움직임이군"""
IncidentJsApcBegin#64,"""/ci1 1 여기서 단숨에<br>끝을 내고 싶군.<br>도와줄 수 있겠나."""
IncidentJsApcFailure#64,"""……참으로 꼴사납군.<br>미안하지만 먼저 물러나겠다."""
IncidentJsApcSuccess#64,"""/ci2 1 /toge 좋아, 이걸로 끝이군.<br>협력에 감사한다. 고맙다."""
IncidentJsApcBeginEvo#62,"""/ci5 1 이 기척은……아직 더 올 모양이군.<br>조금만 더 어울려 주겠나?"""
EnemyWeak#70,"""이 정도 상대라면!"""
EnemyLarge#70,"""거물이 등장했군!"""
EnemyBoss#70,"""강적인가, 방심하지 마!"""
EnemyRare#70,"""오, 이 녀석, 희귀한 놈이야!"""
EnemyBoost#70,"""……불길한 느낌이 들어.<br>조심해, 모두!"""
DestroyEnemy1#70,"""한 놈 해치웠다!"""
DestroyEnemy2#70,"""헤헷, 여유롭지!"""
DestroyEnemy3#70,"""다음은 누구냐!"""
CondFreeze#70,"""젠장, 동결이냐!"""
CondBurn#70,"""젠장, 연소냐!"""
CondShock#70,"""젠장, 감전이냐!"""
CondPoison#70,"""젠장, 독이냐……!"""
CondPanic#70,"""젠장, 판단력이……!"""
CondStan#70,"""젠장, 몸이 안 움직여……!"""
CondMirage#70,"""젠장, 시야가……!"""
Die#71,"""모두……미안해……"""
ThankHeal#70,"""미안, 미안!"""
ThankBuff#70,"""/toge 살았어!"""
ThankCure#70,"""/toge 고맙다!"""
DefeatEnemy#70,"""자, 다음으로 가자!"""
LevelUp#70,"""그래, 그 기세야!"""
InvokeSkill1#63,"""/toge 끝이다!"""
InvokeSkill2#58,"""/toge 우오랴앗!"""
InvokeSkill3#56,"""간다!"""
TechFire#31,"""받아라!"""
TechIce#35,"""받아라!"""
TechThunder#36,"""받아라!"""
TechWind#30,"""받아라!"""
TechLight#33,"""받아라!"""
TechDark#32,"""받아라!"""
PBFull#70,"""/toge 이 힘으로 지켜 내겠어!"""
PBRelease#70,"""/toge 우리 힘을 보여 주겠어!"""
Avoid#70,"""여어!"""
HealSelf#70,"""어림없어!"""
BuffSelf#70,"""마음대로 하게 둘까 보냐!"""
HealOther#70,"""괜찮나?"""
BuffOther#70,"""방심은 금물이다!"""
QuestStart1#70,"""단숨에 해치우자!"""
QuestEnd1#70,"""/toge 역시 대단해!<br>이 정도는 여유롭단 거구나!"""
IncidentStart#70,"""응?\u3000뭔가 일어날 것 같아!"""
IncidentSuccess#70,"""좋아, 이걸로 끝이겠지!"""
IncidentFailure#70,"""젠장, 실패해 버렸어……"""
PSE#70,"""포톤이 술렁이는 건가……?"""
PSELevelUp#70,"""/toge 계속 이어 가자!"""
PSEBurst#70,"""우와, 굉장한데……!"""
HP30#70,"""윽, 조금 위험한데……"""
HP10#70,"""당할 수는 없어……!"""
ItemRare#70,"""/toge 오, 좋은 물건이잖아!"""
DamageSmall#71,"""큭"""
DamageMiddle#71,"""제법 하는군!"""
DamageLarge#71,"""크악!"""
Trap#70,"""진짜냐!?"""
ThankTrapRescue#70,"""후우, 살았다……"""
TrapRescueOther#70,"""괜찮아!?"""
MemberDamaged#70,"""무리하지 마라"""
MemberDead#70,"""감히 이런 짓을……!"""
AbilityExe#70,"""헤헷, 기세가 오르는데!"""
AbilitySpecial#70,"""/toge 나한테 맡겨!"""
Resurrect#70,"""아직 더 할 수 있어!"""
PartyJoin#70,"""/ci2 1 /toge 나, 이산 웨버!<br>잘 부탁해!"""
Marvelous#70,"""제법 하잖아!"""
IncidentJsApcBegin#65,"""/ci2 1 /toge 앗, 마침 잘 왔어!<br>미안한데, 도와줄래?"""
IncidentJsApcFailure#65,"""젠장, 꼴이 말이 아니네……<br>미안, 먼저 물러날게!"""
IncidentJsApcSuccess#65,"""/ci2 1 /toge 좋아, 끝났네!<br>도와줘서 고마워!<br>그럼 또 보자!"""
IncidentJsApcBeginEvo#63,"""/ci2 1 좋아, 이걸로 끝……<br>……날 분위기는 아닌가.<br>이런, 인기인은 괴롭다니까."""
EnemyWeak#71,"""이 정도 상대면 낙승이지!"""
EnemyLarge#71,"""헉, 크다……"""
EnemyBoss#71,"""위험해 보이는 상대네……"""
EnemyRare#71,"""앗, 희귀한 녀석 아니야?"""
EnemyBoost#71,"""뭔가 불길한 느낌이……"""
DestroyEnemy1#71,"""한 놈 해치웠다!"""
DestroyEnemy2#71,"""어떠냐!"""
DestroyEnemy3#71,"""여유, 여유!"""
CondFreeze#71,"""추추추추워어어어!!"""
CondBurn#71,"""뜨거워!\u3000좀 뜨겁다니까!"""
CondShock#71,"""모, 몸이 저려어어어!"""
CondPoison#71,"""으으……독인가?\u3000속이 안 좋아"""
CondPanic#71,"""뭐가 뭔지 모르겠어!"""
CondStan#71,"""몸이 안 움직여……!?"""
CondMirage#71,"""으음, 이젠 정말<br>뭐가 보이는 건지도 모르겠어"""
Die#72,"""싫어……싫어어……"""
ThankHeal#71,"""고마워!"""
ThankBuff#71,"""좋아, 이거라면!"""
ThankCure#71,"""후우, 이제 안심이네"""
DefeatEnemy#71,"""이 정도면 됐지!"""
LevelUp#71,"""아, 좋겠다!"""
TechFire#32,"""타 버려!"""
TechIce#36,"""얼어 버려!"""
TechThunder#37,"""번개!"""
TechWind#31,"""이런 테크닉도 있어"""
TechLight#34,"""많이 쏘면 하나는 맞겠지!"""
TechDark#33,"""어둠이여!"""
PBFull#71,"""준비 완료!"""
PBRelease#71,"""자, 이제 슬슬 나와!"""
Avoid#71,"""얍!"""
HealSelf#71,"""후우, 죽는 줄 알았네……"""
BuffSelf#71,"""좋아, 이걸로 단숨에 끝낼게!"""
HealOther#71,"""정신 차려!"""
BuffOther#71,"""히, 힘내!"""
QuestStart1#71,"""자, 얼른 끝내 버리자!"""
QuestEnd1#71,"""해냈네!\u3000느낌 좋잖아!"""
IncidentStart#71,"""우왓, 뭔가 불길한 예감이……"""
IncidentSuccess#71,"""잘 풀려서 다행이야"""
IncidentFailure#71,"""발목만 잡았으려나……"""
PSE#71,"""포톤이 술렁이지 않아?"""
PSELevelUp#71,"""좀 더 계속해 보자!"""
PSEBurst#71,"""우와, 굉장해……!"""
HP30#71,"""헉, 이건 위험할지도……"""
HP10#71,"""자, 잠깐 너무 심하잖아……!"""
ItemRare#71,"""앗, 그거 좋은 거 아니야?<br>좋겠다, 좋겠어!"""
DamageSmall#72,"""아얏!"""
DamageMiddle#72,"""잠깐!"""
DamageLarge#72,"""꺄악!"""
Trap#71,"""왜 이런 곳에 함정이!"""
ThankTrapRescue#71,"""고마워, 살았어"""
TrapRescueOther#71,"""조심해!"""
MemberDamaged#71,"""조금 물러나는 게 좋겠어!"""
MemberDead#71,"""……절대 용서 안 해!"""
AbilityExe#71,"""슬슬 기세가 오르나 봐!"""
AbilitySpecial#71,"""단숨에 끝낼게!"""
Resurrect#71,"""후우, 살았다"""
PartyJoin#71,"""/ci2 1 너무 기대하진 마"""
Marvelous#71,"""멋지잖아!"""
IncidentJsApcBegin#66,"""/ci2 1 앗, <%me><br>마침 잘 왔어!<br>미안하지만 도와줄래?"""
IncidentJsApcFailure#66,"""으으……발목만 잡았네……<br>미안, 난 먼저 물러날게"""
IncidentJsApcSuccess#66,"""/ci2 1 좋아, 대성공!<br>도와줘서 고마워<br><%me>!"""
IncidentJsApcBeginEvo#64,"""/ci2 1 좋아, 이제 끝……인 줄 알았더니<br>아직 더 올 것 같잖아!"""
EnemyWeak#72,"""별것 아닌 상대야"""
EnemyLarge#72,"""커서 눈에 거슬리네"""
EnemyBoss#72,"""방심하지 않는 게 좋겠어"""
EnemyRare#72,"""어머, 희귀한 녀석이잖아"""
EnemyBoost#72,"""조금 성가신 게 왔네"""
DestroyEnemy1#72,"""방해야!"""
DestroyEnemy2#72,"""비켜!"""
DestroyEnemy3#72,"""다음!"""
CondFreeze#72,"""큭……얼어붙다니!"""
CondBurn#72,"""뜨거워……!"""
CondShock#72,"""큭, 감전되다니!"""
CondPoison#72,"""독이네……제법이잖아"""
CondPanic#72,"""큭, 시야가 흔들려……!"""
CondStan#72,"""움직이지 않아……!"""
CondMirage#72,"""시야를 빼앗다니……"""
Die#73,"""미안……해……"""
ThankHeal#72,"""빚은 갚을게"""
ThankBuff#72,"""현명한 판단이네"""
ThankCure#72,"""고맙다는 말은 해 둘게"""
DefeatEnemy#72,"""다음으로 가자"""
LevelUp#72,"""아직 더 강해질 생각이야?"""
InvokeSkill1#64,"""놓치지 않아"""
InvokeSkill2#59,"""이건 어때?"""
InvokeSkill3#57,"""끝낸다!"""
PBFull#72,"""모든 걸 꿰뚫고, 미친 듯 춤춰라……!"""
PBRelease#72,"""날 만난 불운을 한탄해"""
TacticsFree#69,"""알았어, 내 마음대로 할게"""
TacticsGuard#69,"""방어지, 맡겨 둬"""
TacticsMassedAttack#69,"""한곳에 집중하는 건가, 나쁘지 않네"""
TacticsAttack#67,"""자, 난 여기야"""
Avoid#72,"""느리다!"""
HealSelf#72,"""질 수 없다고"""
BuffSelf#72,"""봐주지 않을 거야"""
HealOther#72,"""너무 방심했어"""
BuffOther#72,"""보조, 잊은 거 아니야?"""
QuestStart1#72,"""……불렀으니 열심히 할게"""
QuestEnd1#72,"""끝난 것 같네"""
QuestEnd2#55,"""나쁘지 않았어, 편하기도 했고"""
IncidentStart#72,"""뭔가 올 것 같네<br>……정신 바짝 차려"""
IncidentSuccess#72,"""잘된 것 같네"""
IncidentFailure#72,"""……미안했어"""
PSE#72,"""포톤이 활성화되고 있어"""
PSELevelUp#72,"""더 계속할 거야"""
PSEBurst#72,"""이건……<br>상상 이상이네, 대단해"""
HP30#72,"""조금 너무 방심했나 봐"""
HP10#72,"""……위험하네"""
ItemRare#72,"""그거, 좋은 물건 아니야?"""
DamageSmall#73,"""큭!"""
DamageMiddle#73,"""큭……"""
DamageLarge#73,"""제법이잖아……!"""
Trap#72,"""함정 따위에 걸리다니……"""
ThankTrapRescue#72,"""오명은 씻겠어"""
TrapRescueOther#72,"""그냥 내버려 둘 수 없었을 뿐이야"""
MemberDamaged#72,"""무리해 봐야 좋을 것 없어<br>일단 물러나"""
MemberDead#72,"""이럴 수가……용서 못 해"""
AbilityExe#72,"""기세가 오르고 있어"""
AbilitySpecial#72,"""단숨에 가자, 아우로라!"""
Resurrect#72,"""아직 쉬기엔 이르니까"""
PartyJoin#72,"""/ci1 2 가자, 아우로라"""
Marvelous#72,"""정말……보통이 아니네"""
IncidentJsApcBegin#67,"""/ci2 2 잠깐 도와주지 않을래?"""
IncidentJsApcFailure#67,"""한심한 결과네"""
IncidentJsApcSuccess#67,"""/ci8 2 그럭저럭이란 느낌이네"""
IncidentJsApcBeginEvo#65,"""/ci1 1 새로운 적 같네<br>긴장 풀지 말고 가자"""
EnemyWeak#73,"""잡졸이니까 맡겨도 돼?"""
EnemyLarge#73,"""오, 크잖아"""
EnemyBoss#73,"""아, 정말 성가시네"""
EnemyRare#73,"""아, 희귀한 녀석이다"""
EnemyBoost#73,"""우와, 귀찮아 보이네……"""
DestroyEnemy1#73,"""이 정도면 되려나"""
DestroyEnemy2#73,"""영차"""
DestroyEnemy3#73,"""자, 끝"""
CondFreeze#73,"""아, 차갑네"""
CondBurn#73,"""오, 뜨거워, 뜨거워"""
CondShock#73,"""찌릿찌릿하네"""
CondPoison#73,"""아, 이건 독이네……"""
CondPanic#73,"""우와, 기분 나쁜 느낌……"""
CondStan#73,"""느긋하게 있을 거라면<br>안 움직이는 것도 괜찮으려나"""
CondMirage#73,"""뭔가 시야가 이상하네……"""
Die#74,"""뭐, 어디서 끝나느냐의<br>차이일 뿐이니까……"""
ThankHeal#73,"""고마워."""
ThankBuff#73,"""보조는 중요하니까"""
ThankCure#73,"""응, 쾌적하네"""
DefeatEnemy#73,"""끝났으려나?"""
LevelUp#73,"""오, 관측값 상승이다<br>대단해, 대단해"""
InvokeSkill1#65,"""얍"""
InvokeSkill2#60,"""영차"""
InvokeSkill3#58,"""자아"""
TechFire#33,"""펑, 하고"""
TechIce#37,"""꽁꽁, 하고"""
TechThunder#38,"""찌릿찌릿해 볼래?"""
TechWind#32,"""휙, 하고"""
TechLight#35,"""맞아라"""
TechDark#34,"""자, 사라져"""
PBFull#73,"""끝내도 되는 거지?"""
PBRelease#73,"""정말, 세상은 귀찮은 일투성이야"""
TacticsFree#70,"""그럼 자유롭게 할게"""
TacticsGuard#70,"""어, 방어는 귀찮은데"""
TacticsMassedAttack#70,"""그래, 그래, 집중, 집중"""
TacticsAttack#68,"""미끼를 하라고?\u3000귀찮네"""
Avoid#73,"""느려"""
HealSelf#73,"""회복, 회복"""
BuffSelf#73,"""보조도 해 둬야지"""
HealOther#73,"""회복 잊은 거 아니야?"""
BuffOther#73,"""보조 잊은 거 아니야?"""
QuestStart1#73,"""얼른 해치우자.<br>얼른"""
QuestStart2#55,"""후딱 할 수 있지?"""
QuestEnd1#73,"""오, 끝났네"""
QuestEnd2#56,"""낙승이었네, 역시 대단해"""
IncidentStart#73,"""마침 잘 왔어<br>뭔가 일어날 것 같거든"""
IncidentSuccess#73,"""성공했네"""
IncidentFailure#73,"""실패했네"""
PSE#73,"""어라, PSE?"""
PSELevelUp#73,"""계속하든 말든<br>어느 쪽이든 상관없어"""
PSEBurst#73,"""오, 버스트했네"""
HP30#73,"""조금 위험하려나"""
HP10#73,"""음, 위기일지도"""
ItemRare#73,"""좋은 물건이네, 축하해"""
DamageSmall#74,"""칫"""
DamageMiddle#74,"""아파……"""
DamageLarge#74,"""아프잖아……!"""
Trap#73,"""헉, 함정은 좀 그만둬"""
ThankTrapRescue#73,"""어머, 고마워"""
TrapRescueOther#73,"""조심하는 게 좋겠어"""
MemberDamaged#73,"""잠깐, 괜찮아?"""
MemberDead#73,"""귀찮은 짓을 해 줬네……"""
AbilityExe#73,"""음, 느낌 좋아"""
AbilitySpecial#73,"""조금 힘내 볼까"""
Resurrect#73,"""……은혜 정도는 갚아야<br>하겠지"""
PartyJoin#73,"""/ci1 1 자, 좋은 아침, 점심, 저녁!"""
Marvelous#73,"""더욱 활약해 주시길<br>기대하겠습니다, 라고."""
IncidentJsApcBegin#68,"""/ci1 2 오, 마침 잘 있었네.<br>도와줄래?"""
IncidentJsApcFailure#68,"""아, 실패인가"""
IncidentJsApcSuccess#68,"""/ci1 1 오, 성공했네"""
IncidentJsApcBeginEvo#66,"""/ci1 2 아직 뭔가 일어날 것 같아"""
IncidentJsMultiApcBegin#17,"""/ci1 1 아, 잠깐, 잠깐<br>도와줄래?"""
IncidentJsMultiApcSuccess#17,"""/ci1 1 그래, 그래, 고마워"""
EnemyWeak#74,"""약해 보이는 게 왔네!"""
EnemyLarge#74,"""덩치만 크잖아!"""
EnemyBoss#74,"""별거 아니라니까!"""
EnemyRare#74,"""조금 희귀한 녀석 아니야?"""
EnemyBoost#74,"""조심하는 게 좋을 것 같아!"""
DestroyEnemy1#74,"""좋아!"""
DestroyEnemy2#74,"""이 정도려나!"""
DestroyEnemy3#74,"""제대로 들어갔으려나!"""
CondFreeze#74,"""차, 차가워!"""
CondBurn#74,"""앗, 뜨거워!"""
CondShock#74,"""으으으, 찌릿해!"""
CondPoison#74,"""기, 기분 나빠……"""
CondPanic#74,"""어라?\u3000빙글빙글 돌아……"""
CondStan#74,"""움직일 수 없어!"""
CondMirage#74,"""뭐야 이거……어질어질해"""
Die#75,"""마, 말도 안 돼, 이 내가……!?"""
ThankHeal#74,"""고마워!"""
ThankBuff#74,"""살았다!"""
ThankCure#74,"""개운해!\u3000고마워!"""
DefeatEnemy#74,"""좋아, 다음으로 가자!"""
LevelUp#74,"""나도 질 수 없지!"""
InvokeSkill1#66,"""하나, 둘!"""
InvokeSkill2#61,"""방해돼!"""
InvokeSkill3#59,"""이걸로 끝낼게!"""
PBFull#74,"""준비 완료, 간다!"""
PBRelease#74,"""우리한테서<br>도망칠 수 있을 거라 생각 마!"""
TacticsFree#71,"""알았어, 맡겨!"""
TacticsGuard#71,"""수비지!\u3000알았어!"""
TacticsMassedAttack#71,"""저격이구나!<br>해치워 주겠어!"""
TacticsAttack#69,"""어?\u3000미끼인가……"""
Avoid#74,"""영차"""
HealSelf#74,"""좋아, 체력 회복!"""
BuffSelf#74,"""보조도 잊지 마!"""
HealOther#74,"""회복해야지!"""
BuffOther#74,"""보조도 꽤 중요해!"""
QuestStart1#74,"""미션 시작이네!"""
QuestStart2#56,"""함께 힘내자!"""
QuestEnd1#74,"""끝났네!"""
QuestEnd2#57,"""즐거웠어!"""
IncidentStart#74,"""오?\u3000뭔가 일어날 것 같아!"""
IncidentSuccess#74,"""해냈다!\u3000성공했어!"""
IncidentFailure#74,"""발목 잡았으려나……?"""
PSE#74,"""시작했네!"""
PSELevelUp#74,"""계속할 수 있으면 계속하자!"""
PSEBurst#74,"""좋아!\u3000기운 내서 가자!"""
HP30#74,"""아, 아직 괜찮아!"""
HP10#74,"""서, 설마 위기인가?"""
ItemRare#74,"""아, 좋겠다!\u3000그거 좋은 거야!"""
DamageSmall#75,"""잠깐"""
DamageMiddle#75,"""꺅"""
DamageLarge#75,"""자, 잠깐……!"""
Trap#74,"""최악이야!\u3000함정이라니!"""
ThankTrapRescue#74,"""나이스!\u3000고마워!"""
TrapRescueOther#74,"""괜찮았어?"""
MemberDamaged#74,"""괜찮아?\u3000조심해!"""
MemberDead#74,"""절대 용서 안 해!"""
AbilityExe#74,"""기세가 오르기 시작했어!"""
AbilitySpecial#74,"""나한테 맡겨!"""
Resurrect#74,"""아직이야, 아직!\u3000한 번 더!"""
PartyJoin#74,"""/toge /ci2 1 그럼, 잘 부탁해!"""
Marvelous#74,"""바로 그거야!"""
IncidentJsApcBegin#69,"""/toge /ci2 2 마침 잘 왔어!<br>부탁인데, 좀 도와줘!"""
IncidentJsApcFailure#69,"""미안해……!\u3000내 힘이 부족했어……"""
IncidentJsApcSuccess#69,"""/toge /ci2 2 해냈다!\u3000어떻게든 해결했어<br>고마워!"""
IncidentJsApcBeginEvo#67,"""/toge /ci1 2 어라, 아직 뭔가 남은 것 같아!<br>조심해서 가자!"""
EnemyWeak#75,"""우리 상대가 아니군!"""
EnemyLarge#75,"""이런, 꽤 큰 녀석이군<br>하지만 우리라면!"""
EnemyBoss#75,"""힘이 전부는 아니야……<br>우리가 그걸 가르쳐 주자!"""
EnemyRare#75,"""보게나!<br>저건 희귀한 녀석이야!"""
EnemyBoost#75,"""상당히 의욕적인 것 같지만<br>우리의 유대를 이길 수 있을까?"""
DestroyEnemy1#75,"""아름다워!"""
DestroyEnemy2#75,"""잘했어!"""
DestroyEnemy3#75,"""믿고 있었어!"""
CondFreeze#75,"""몸은 얼어붙었지만<br>내 애정은 불타오르고 있어!"""
CondBurn#75,"""하하하, 엄청난 열기군……<br>마치 내 애정 같아!"""
CondShock#75,"""이 정도 감전으로는<br>우리의 유대를 막을 수 없어!"""
CondPoison#75,"""이 몸이 독에 당하더라도<br>사랑하는 아이들은 지켜 내겠어!"""
CondPanic#75,"""세상이 빙글빙글 돌지만<br>이 아이들이 있으니 문제없어!"""
CondStan#75,"""움직일 수 없더라도……<br>내 곁에는 이 아이가 있어!"""
CondMirage#75,"""후후, 환각이라니 소용없어……<br>원래 이 아이들밖에 안 보니까!"""
Die#76,"""내가 사랑하는 아이들……만은……!"""
ThankHeal#75,"""감사해!"""
ThankBuff#75,"""살았어!"""
ThankCure#75,"""후우, 진정됐어"""
DefeatEnemy#75,"""자, 나아가자!"""
LevelUp#75,"""/toge 든든하군, 마이 프렌드!"""
InvokeSkill1#67,"""맡길게, 내가 사랑하는 아이야!"""
InvokeSkill2#62,"""유대의 힘을 보여 줘!"""
InvokeSkill3#60,"""자, 끝내 버리자!"""
PBFull#75,"""자, 준비는 끝났어!"""
PBRelease#75,"""/toge 온 힘을 다한 앙상블을 들려주자!"""
TacticsFree#72,"""자유롭게 할게, 마이 프렌드!"""
TacticsGuard#72,"""지금은 버틸 때야, 마이 프렌드!"""
TacticsMassedAttack#72,"""집중 공격이군, 알겠어, 마이 프렌드!"""
TacticsAttack#70,"""미끼는 내게 맡겨!"""
Avoid#75,"""흥!"""
HealSelf#75,"""당할 수는 없지"""
BuffSelf#75,"""만반의 태세로 도전할까"""
HealOther#75,"""괜찮아?"""
BuffOther#75,"""방심은 금물이야"""
QuestStart1#75,"""자, 시작한다, 사랑하는 아이들아"""
QuestEnd1#75,"""해냈군, 마이 프렌드!<br>우리 유대의 승리야!"""
QuestEnd2#58,"""역시 대단해, 마이 프렌드!"""
IncidentStart#75,"""마이 프렌드, 뭔가 일어날 것 같아!"""
IncidentSuccess#75,"""이런, 놀라긴 했지만<br>어떻게든 해냈어!"""
IncidentFailure#75,"""……내 대응이 잘못됐어"""
PSE#75,"""내 아이들이 술렁이고 있어……<br>이건 PSE인가?"""
PSELevelUp#75,"""더욱 계속해 나가자"""
PSEBurst#75,"""보이니, 모두……<br>정말 아름다운 PSE 버스트야……!"""
HP30#75,"""이런 꼴사나운 모습으론<br>아이들에게 버림받겠어……"""
HP10#75,"""내가 사랑하는 아이들을 위해<br>아직 쓰러질 수는 없어!"""
ItemRare#75,"""오, 그거 좋은 물건이군!<br>축하해, 마이 프렌드!"""
DamageSmall#76,"""윽"""
DamageMiddle#76,"""제법이군"""
DamageLarge#76,"""이럴 수가!"""
Trap#75,"""이런!\u3000내 아이들만 보느라<br>함정을 못 봤어……!"""
ThankTrapRescue#75,"""살았어, 마이 프렌드!"""
TrapRescueOther#75,"""마이 프렌드!\u3000괜찮아?"""
MemberDamaged#75,"""물러나게, 마이 프렌드!"""
MemberDead#75,"""……감히 내 친구를!"""
AbilityExe#75,"""하하핫!\u3000나도 아이들도<br>텐션 최고!\u3000절호조야!"""
AbilitySpecial#75,"""지금이라면 뭐든 할 수 있어!"""
Resurrect#75,"""……후우, 걱정 끼쳤군, 마이 프렌드!"""
PartyJoin#75,"""/toge /ci2 1 잘 부탁해, 마이 프렌드!"""
Marvelous#75,"""/toge 우리도 질 수는 없지!"""
IncidentJsApcBegin#70,"""/ci2 1 마이 프렌드!\u3000마침 잘 왔어!<br>조금 도와주지 않겠어?"""
IncidentJsApcFailure#70,"""미안해, 마이 프렌드……<br>난 먼저 물러날게"""
IncidentJsApcSuccess#70,"""/ci2 1 살았어, 마이 프렌드!<br>내 아이들도 고맙다고 하네!"""
IncidentJsApcBeginEvo#68,"""/ci1  ……아무래도 아직 더 올 모양이군."""
EnemyWeak#76,"""잡졸인가……"""
EnemyLarge#76,"""덩치만 클 뿐이다"""
EnemyBoss#76,"""별것 아닌 무리다"""
EnemyRare#76,"""희귀한 존재와 마주치다니……"""
EnemyBoost#76,"""강적인가, 재미있군……!"""
DestroyEnemy1#76,"""사라져라!"""
DestroyEnemy2#76,"""꺼져라!"""
DestroyEnemy3#76,"""흩어져라!"""
CondFreeze#76,"""큭!\u3000얼어붙는 얼음이라고……!"""
CondBurn#76,"""큭!\u3000홍련의 업화라고……!"""
CondShock#76,"""큭……날 막는 번개인가……!"""
CondPoison#76,"""큭……악의에 잠식됐나……!"""
CondPanic#76,"""……큭, 진정해라!"""
CondStan#76,"""큭, 움직여……!"""
CondMirage#76,"""감각에 간섭하다니……!"""
Die#77,"""여기가 내 종언인가……"""
ThankHeal#76,"""감사를 표하지"""
ThankBuff#76,"""나쁘지 않군"""
ThankCure#76,"""번거롭게 했군."""
DefeatEnemy#76,"""끝난 모양이군……"""
LevelUp#76,"""축복하지"""
InvokeSkill1#68,"""멸하라"""
InvokeSkill2#63,"""끝내 주마"""
InvokeSkill3#61,"""분수를 알아라"""
TechFire#34,"""진홍빛으로 물들여 주마"""
TechIce#38,"""떨면서 잠들어라"""
TechThunder#39,"""심판의 벼락을 받아라"""
TechWind#33,"""죽음을 두른 바람이다"""
TechLight#36,"""찬란함 속에서 사라져라"""
TechDark#35,"""어둠에 안겨라"""
PBFull#76,"""종언으로 이끌 때가 온 모양이군"""
PBRelease#76,"""함께 종언을 지켜보도록 하지"""
TacticsFree#73,"""내 마음대로 하지"""
TacticsGuard#73,"""견고한 수비를 보여 주지"""
TacticsMassedAttack#73,"""그렇군, 한곳을 노리겠다는 건가"""
TacticsAttack#71,"""누구보다 눈에 띄어 보이지"""
Avoid#76,"""느려."""
HealSelf#76,"""상처를 치유할까"""
BuffSelf#76,"""봐주지는 않는다"""
HealOther#76,"""종언으로 향하기엔 이르다"""
BuffOther#76,"""가호를 내려 주지"""
QuestStart1#76,"""좋은 바람이 부는군"""
QuestStart2#57,"""네 색으로 물들여 보아라"""
QuestEnd1#76,"""우리는 말하자면<br>멸망의 바람이라 할 수 있겠군"""
QuestEnd2#59,"""역시 대단하다고 해야 하나……"""
IncidentStart#76,"""뭔가 온다……"""
IncidentSuccess#76,"""당연한 결과다"""
IncidentFailure#76,"""칭찬할 만한 결과는 아니군……"""
PSE#76,"""해방되는 건가……?"""
PSELevelUp#76,"""빛이 강해졌군……"""
PSEBurst#76,"""해방됐나"""
HP30#76,"""위험한가……?"""
HP10#76,"""종언이 가까운가……?"""
ItemRare#76,"""행운이 이끌었군"""
DamageSmall#77,"""쳇……"""
DamageMiddle#77,"""큭"""
DamageLarge#77,"""위험하군"""
Trap#76,"""함정……이라고……"""
ThankTrapRescue#76,"""고맙군."""
TrapRescueOther#76,"""조심해라"""
MemberDamaged#76,"""조심해라"""
MemberDead#76,"""감히……원수는 갚겠다"""
AbilityExe#76,"""기세가 오르는군"""
AbilitySpecial#76,"""종언으로 이끌어 주마"""
Resurrect#76,"""……아직 끝날 수는 없어"""
PartyJoin#76,"""/ci1 2 종언 너머를 보여 다오"""
Marvelous#76,"""당연한 귀결이다"""
IncidentJsApcBegin#71,"""/ci1 2 종언 너머를 보도록 하지<br>힘을 빌려주마"""
IncidentJsApcFailure#71,"""스스로 자만한 결과인가……?"""
IncidentJsApcSuccess#71,"""/ci1 2 역시 대단하군"""
IncidentJsApcBeginEvo#69,"""/ci1 2 ……기다려라.<br>새로운 이야기가 펼쳐질 모양이군"""
EnemyWeak#77,"""약자를 상대할 취미는 없지만<br>어쩔 수 없나."""
EnemyLarge#77,"""상대로 부족함은 없다!"""
EnemyBoss#77,"""이 녀석은 여기서 끝낸다!"""
EnemyRare#77,"""음……<br>저건 희귀한 녀석 아닌가?"""
EnemyBoost#77,"""불길한 기운을 지닌 상대군……!"""
DestroyEnemy1#77,"""우선 하나."""
DestroyEnemy2#77,"""다음은 어느 놈이지."""
DestroyEnemy3#77,"""방해한 네 탓이야."""
CondFreeze#77,"""큭…… 동결인가……!"""
CondBurn#77,"""이 정도 열쯤은<br>아무것도 아니다!"""
CondShock#77,"""몸이 저려 힘이……"""
CondPoison#77,"""이 정도 독으로<br>나는 멈추지 않는다!"""
CondPanic#77,"""모든 게 거꾸로 보이지만<br>상관없다!\u3000벤다!"""
CondStan#77,"""몸이 움직이지 않는다……!"""
CondMirage#77,"""시야가 막혔나……<br>그렇다면 모조리 벨 뿐이다!"""
Die#78,"""나는…… 아직……"""
ThankHeal#77,"""감사한다!"""
ThankBuff#77,"""은혜는 잊지 않겠다!"""
ThankCure#77,"""수고를 끼쳐 미안하다!"""
DefeatEnemy#77,"""별것 아니군요."""
LevelUp#77,"""역시 대단하군!"""
InvokeSkill1#69,"""아마네센!"""
InvokeSkill2#64,"""카사네바!"""
InvokeSkill3#62,"""츠라네마이!"""
TechFire#35,"""이건 어떠냐!"""
TechIce#39,"""이건 어떠냐!"""
TechThunder#40,"""이건 어떠냐!"""
TechWind#34,"""이건 어떠냐!"""
TechLight#37,"""이건 어떠냐!"""
TechDark#36,"""이건 어떠냐!"""
PBFull#77,"""별로 쓰고 싶진 않았지만……"""
PBRelease#77,"""한순간에 끝낸다!"""
TacticsFree#74,"""알았다, 내게 맡겨라!"""
TacticsGuard#74,"""모두는 내가 지켜 내겠다!"""
TacticsMassedAttack#74,"""단숨에 끝낸다!"""
TacticsAttack#72,"""내가 미끼가 되겠다!"""
Avoid#77,"""흥!"""
HealSelf#77,"""방심했군."""
BuffSelf#77,"""거기까지다."""
HealOther#77,"""이제 괜찮을 거다."""
BuffOther#77,"""무리하지 마라."""
QuestStart1#77,"""임무를 시작한다!"""
QuestStart2#58,"""너와 함께라면 안심이군."""
QuestEnd1#77,"""역시 대단하군.<br>흠잡을 데가 없다."""
QuestEnd2#60,"""이런 결과까지는<br>예상하지 못했다, 응."""
IncidentStart#77,"""……무언가 일어난다."""
IncidentSuccess#77,"""어떻게든 해결된 모양이군."""
IncidentFailure#77,"""……미안하다.<br>내가 조금 더 잘했더라면……"""
PSE#77,"""이게 PSE라는 건가?"""
PSELevelUp#77,"""그렇군.<br>PSE는 계속 이어지는 거구나."""
PSEBurst#77,"""이게 PSE 버스트……<br>아름답군."""
HP30#77,"""밀리고 있군……"""
HP10#77,"""큭…… 위험해……<br>하지만 아직 포기할 수는 없다!"""
ItemRare#77,"""내가 가치를 알진 못하지만<br>그거, 희귀한 물건이지?"""
DamageSmall#78,"""읏!"""
DamageMiddle#78,"""제법 하는군!"""
DamageLarge#78,"""크윽!"""
Trap#77,"""쳇, 트랩인가!"""
ThankTrapRescue#77,"""미안하다, 덕분에 살았다!"""
TrapRescueOther#77,"""조심해라!"""
MemberDamaged#77,"""무리하지 마라."""
MemberDead#77,"""나는 지키지 못한 건가……!"""
AbilityExe#77,"""내게 맡겨라!"""
AbilitySpecial#77,"""나를 막을 수 있다고 생각 마라!"""
Resurrect#77,"""번거롭게 했군!"""
PartyJoin#77,"""/ci1 1 그럼, 잘 부탁한다."""
Marvelous#77,"""감탄이 나오는 움직임이군."""
IncidentJsApcBegin#72,"""/ci2 2 떠들썩하다 했더니 싸우고 있었나.<br>좋아, 나도 돕도록 하지.<br>……가벼운 차림이지만 신경 쓰지 마."""
IncidentJsApcFailure#72,"""……큭, 제법이군.<br>미안하지만 다시 준비해 오겠다."""
IncidentJsApcSuccess#72,"""/ci2 1 좋아, 이걸로 조금은 진정됐군.<br>그리고 괜찮다면 이것도 받아 줘.<br>선물이라는 거다. 맛은 보장한다."""
IncidentJsApcBeginEvo#70,"""/ci3 1 ……기척이 사라지지 않는다.<br>아무래도 아직 더 오는 모양이군."""
EnemyWeak#78,"""후후후…… 이 정도 상대라면<br>저 혼자서도 충분하답니다!"""
EnemyLarge#78,"""크다고 다 좋은 건<br>아니라고요!"""
EnemyBoss#78,"""으으…… 왠지 강해 보여요……<br>못 본 척하고 싶네요."""
EnemyRare#78,"""어머?\u3000저기 계신 건<br>희귀종이라는 녀석 아닌가요?"""
EnemyBoost#78,"""으으음……<br>정말 기분 나쁜 기운을 풍기는<br>에너미네요……"""
WeatherChange#13,"""환경 변화도 아무 문제 없답니다!"""
DestroyEnemy1#78,"""해냈어요!"""
DestroyEnemy2#78,"""어떤가요!"""
DestroyEnemy3#78,"""보셨나요?"""
CondFreeze#78,"""물에 젖은 미녀……<br>가 아니라, 얼었잖아!\u3000차가워!"""
CondBurn#78,"""불타오르는 듯한 열정……<br>이 아니라, 너무 뜨겁잖아요!"""
CondShock#78,"""저릴 만큼 자극적……<br>이 아니라, 진짜 저려 와요……!"""
CondPoison#78,"""후훗, 미녀는 독을 품는 법……<br>……저, 미녀 안 해도 되니까<br>해독을, 해독을 해 주세요!"""
CondPanic#78,"""후후후……<br>지금이라면 아무것도 못 할 것 같은<br>그런 기분이 들어요!"""
CondStan#78,"""뭐라 하셔도<br>전 여기서 한 발짝도 안 움직여요!<br>랄까, 움직일 수가 없어요!"""
CondMirage#78,"""늘 꿈에 빠져 사는 제게 환각이라니!<br>……어머?\u3000저기에<br>아주 맛있어 보이는 케이크가……"""
Die#79,"""이젠 안 돼…… 쉬게 해 주세요……"""
ThankHeal#78,"""감사드려요!"""
ThankBuff#78,"""강해진 기분이에요!"""
ThankCure#78,"""기분 상쾌하다는 게 이런 거군요!"""
DefeatEnemy#78,"""이걸로 한 건 해결이에요!<br>자자, 다음 장소로 가죠."""
LevelUp#78,"""저한테도 나눠 주시겠어요?"""
InvokeSkill1#70,"""넋을 놓고 보셔도 돼요?"""
InvokeSkill2#65,"""이걸로 끝이에요!"""
InvokeSkill3#63,"""할 때는 한답니다!"""
PBFull#78,"""이쪽은 준비 완료랍니다!"""
PBRelease#78,"""힘을 빌려주세요."""
TacticsFree#75,"""맡겨 주세요!<br>지금보다 더 자유롭게<br>움직여 보이겠어요!"""
TacticsGuard#75,"""맡겨 주세요!<br>확실히 버텨 보이겠어요!"""
TacticsMassedAttack#75,"""맡겨 주세요!<br>집중 공격으로 가죠!"""
TacticsAttack#73,"""맡겨 주세요!<br>그런데 제가 미끼인가요!?"""
Avoid#78,"""화려하게 회피!"""
HealSelf#78,"""아직 죽고 싶지는 않으니까요."""
BuffSelf#78,"""부족한 힘은 보조로 보충!"""
HealOther#78,"""무리하지 마세요!"""
BuffOther#78,"""능력 강화도 잊지 마세요!"""
QuestStart1#78,"""잘 부탁드리겠습니다."""
QuestStart2#59,"""당신과 함께라면<br>저, 뭐든 할 수 있을 것 같아요!<br>뭐, 아마 기분 탓이겠지만요!"""
QuestEnd1#78,"""계속 당신에게<br>업혀 가기만 했지만……<br>끝이 좋으면 된 거예요!"""
QuestEnd2#61,"""이걸로 임무 완료네요!"""
IncidentStart#78,"""장애물을 넘어야 성장하는 법!<br>뭐든 덤비라고 하세요!"""
IncidentSuccess#78,"""해냈네요!<br>당신과 함께여서 편했……<br>아니, 당신 덕분이에요!"""
IncidentFailure#78,"""으으……<br>제가 발목을 잡았네요……"""
PSE#78,"""으음, 으으음!<br>이건 PSE의 느낌이에요!"""
PSELevelUp#78,"""해냈어요!<br>계속해서 이어 가죠!"""
PSEBurst#78,"""훌륭해요!<br>이게 PSE 버스트예요!"""
HP30#78,"""왠지 엄청 집중적으로<br>노려지는 기분이……"""
HP10#78,"""전력 분석, 제대로 했네요.<br>가장 약한 저부터 공격하다니<br>……사, 살려주세요!"""
ItemRare#78,"""좋은 물건 주우셨나요?"""
DamageSmall#79,"""아야!"""
DamageMiddle#79,"""와와왓!"""
DamageLarge#79,"""너무해요……"""
Trap#78,"""잠깐, 함정이라니!<br>왜 이런 게 있는 거예요!?"""
ThankTrapRescue#78,"""사, 살았어요……"""
TrapRescueOther#78,"""함정을 조심하세요!<br>저도 아까 걸릴 뻔<br>했으니까요!"""
MemberDamaged#78,"""무리하지 마세요!"""
MemberDead#78,"""……용서 못 해요.<br>절대로 용서 못 해요!"""
AbilityExe#78,"""후후후, 지금부터는<br>제 차례랍니다!"""
AbilitySpecial#78,"""제게 맡겨 주세요!"""
Resurrect#78,"""슬슬 일어날까요."""
PartyJoin#78,"""/ci1 1 제가 등장했답니다!"""
Marvelous#78,"""훌륭한 솜씨예요!"""
IncidentJsApcBegin#73,"""/mn17 /ci2 2 아아!\u3000마침 잘 오셨어요!<br>이 멋진 모래사장을 함께 즐기고 싶……<br>그보다 먼저 도와주세요!"""
IncidentJsApcFailure#73,"""/mn2 으으……더는 무리예요……<br>바다의 물거품이 되고 말겠어요……<br>죄송하지만 퇴각할게요!"""
IncidentJsApcSuccess#73,"""/mn38 /ci2 1 훌륭해요!\u3000역시 대단해요!<br>답례로……부디 이걸 받아 주세요!<br>그럼 또 봬요!"""
IncidentJsApcBeginEvo#71,"""/ci1 2 후우, 어떻게든 돼서 다행……<br>……이라고 할 수 없겠네요.<br>조금 더 함께해 주시겠어요?"""
EnemyWeak#79,"""상대가 약해도 방심은 금물이야.<br>긴장 풀지 마!"""
EnemyLarge#79,"""쓸데없이 크게 진화했군!"""
EnemyBoss#79,"""헤, 드디어 진짜가 나왔군!"""
EnemyRare#79,"""오, 저 녀석 뭐야?<br>희귀한 녀석 아니야?"""
EnemyBoost#79,"""…평소 녀석들과는<br>분위기가 달라. 조심해."""
DestroyEnemy1#79,"""한 건 처리했고!"""
DestroyEnemy2#79,"""다음 간다!"""
DestroyEnemy3#79,"""자, 다음이다!"""
CondFreeze#79,"""추워!"""
CondBurn#79,"""뜨거, 뜨거워!"""
CondShock#79,"""젠장, 몸이 저려…"""
CondPoison#79,"""칫… 독인가…!"""
CondPanic#79,"""시야가 안 잡혀…!"""
CondStan#79,"""몸이 안 움직여… 뭐야!"""
CondMirage#79,"""눈이 흐려지는군…"""
Die#80,"""이럴 수가…"""
ThankHeal#79,"""살았다!"""
ThankBuff#79,"""오, 고마워!"""
ThankCure#79,"""이제야…<br>마음 놓고 싸울 수 있겠군."""
DefeatEnemy#79,"""이걸로 일단락인가?"""
LevelUp#79,"""넌 아직 더 성장할 거야."""
InvokeSkill1#71,"""이걸로 끝이다!"""
InvokeSkill2#66,"""노린 대로 움직이는군!"""
InvokeSkill3#64,"""뻔히 보인다고!"""
PBFull#79,"""슬슬 내가 나설 차례인가?"""
PBRelease#79,"""비장의 수, 간다!"""
TacticsFree#76,"""내 방식대로 해 보지!"""
TacticsGuard#76,"""방어를 굳히고 다시 가자."""
TacticsMassedAttack#76,"""한곳에 집중한다!"""
TacticsAttack#74,"""자, 이쪽으로 와라!"""
Avoid#79,"""이얏!"""
HealSelf#79,"""위험했군."""
BuffSelf#79,"""방심하지 말고 간다."""
HealOther#79,"""위험할 뻔했군."""
BuffOther#79,"""너무 방심하지 마."""
QuestStart1#79,"""시작해 볼까!"""
QuestStart2#60,"""좋아, 가자.<br><%me>!"""
QuestEnd1#79,"""이걸로 끝!"""
QuestEnd2#62,"""끝났군!<br>너도 수고했어!"""
IncidentStart#79,"""예상 밖의 상황인가.<br>뭐, 전장에선 흔한 일이지!"""
IncidentSuccess#79,"""좋았어!"""
IncidentFailure#79,"""아차…"""
PSE#79,"""시작됐나!"""
PSELevelUp#79,"""계속 몰아붙이자!"""
PSEBurst#79,"""좋아!<br>이쪽도 기세를 올려 볼까!"""
HP30#79,"""이런, 제법 맞았나?"""
HP10#79,"""이 이상은 위험해…"""
ItemRare#79,"""오, 좋은 걸 주웠군!"""
DamageSmall#80,"""윽"""
DamageMiddle#80,"""칫"""
DamageLarge#80,"""크악"""
Trap#79,"""이런 곳에 함정이라고!?"""
ThankTrapRescue#79,"""후, 살았다."""
TrapRescueOther#79,"""어이, 괜찮아?"""
MemberDamaged#79,"""괜찮아!?"""
MemberDead#79,"""…감히 해치웠겠다!<br>내 눈앞에서!!"""
AbilityExe#79,"""/toge 이제 감이 잡히는군!"""
AbilitySpecial#79,"""/toge 맡겨 둬!"""
Resurrect#79,"""…너무 우쭐대지 마."""
PartyJoin#79,"""/ci1 1 그럼, 잘 부탁한다."""
Marvelous#79,"""좋은 움직임이야!"""
IncidentJsApcBegin#74,"""/ci2 2 어, 뭔가 떠들썩하네!<br>마침 운동하고 싶던 참이야.<br>나도 거들게!"""
IncidentJsApcFailure#74,"""어이쿠……조금 너무 당했군.<br>아무래도 너무 방심했어.<br>미안하지만 먼저 돌아갈게."""
IncidentJsApcSuccess#74,"""/ci2 1 좋아!\u3000한 건 해치웠군!<br>아, 맞다. 이거 먹어 봐.<br>힘도 나고 맛있어!"""
IncidentJsApcBeginEvo#72,"""/mn18 /ci2 1 오, 새로운 녀석들이 오나.<br>기세 탄 우릴 막을 수 있으려나?"""
EnemyWeak#80,"""어이, 겁도 없는 녀석이군!<br>그저 무모한 건가?"""
EnemyLarge#80,"""난 덩치 큰 녀석이 좋다!<br>쓰러뜨리는 보람이 있으니까!"""
EnemyBoss#80,"""지금부터가 진짜다!<br>끓어오르는군, 후하하하핫!"""
EnemyRare#80,"""오오오오오!<br>저건 엄청 희귀한 녀석이다!"""
EnemyBoost#80,"""뭐냐, 뭐냐!<br>이상한 녀석이 왔군!<br>쓰러뜨리는 건 변함없지만!"""
DestroyEnemy1#80,"""다음이다, 다음!"""
DestroyEnemy2#80,"""후하하하핫!<br>역시 나는 강하다!"""
DestroyEnemy3#80,"""제대로 들어갔군!"""
CondFreeze#80,"""동결됐지만, 뭐 괜찮아!<br>곧 어떻게든 되겠지!"""
CondBurn#80,"""연소됐지만, 뭐 괜찮아!<br>곧 어떻게든 되겠지!"""
CondShock#80,"""감전됐지만, 뭐 괜찮아!<br>곧 어떻게든 되겠지!"""
CondPoison#80,"""독에 걸렸지만, 뭐 괜찮아!<br>곧 어떻게든 되겠지!"""
CondPanic#80,"""혼란에 빠졌지만, 뭐 괜찮아!<br>곧 어떻게든 되겠지!"""
CondStan#80,"""움직일 수 없지만, 뭐 괜찮아!<br>곧 어떻게든 되겠지!"""
CondMirage#80,"""환혹에 빠졌지만, 뭐 괜찮아!<br>곧 어떻게든 되겠지!"""
Die#81,"""이 내가…!?"""
ThankHeal#80,"""고마워!"""
ThankBuff#80,"""난 절호조야!"""
ThankCure#80,"""난 완전히 회복했어!"""
DefeatEnemy#80,"""흥, 별것 아니군!"""
LevelUp#80,"""성장은 아름답다!"""
InvokeSkill1#72,"""내게서는 도망칠 수 없다!"""
InvokeSkill2#67,"""하하하하하!"""
InvokeSkill3#65,"""멋지게 끝내 주마!"""
PBFull#80,"""훗!<br>불타오르는 상황이다!"""
PBRelease#80,"""좋았어, 불타오르기 시작했다!"""
TacticsFree#77,"""난 평소대로 움직이겠다!"""
TacticsGuard#77,"""지키기보다 공격하고 싶다!"""
TacticsMassedAttack#77,"""효율적인 작전이군!"""
TacticsAttack#75,"""내 이름은 휴이!<br>두렵지 않다면 어디서든<br>덤벼라!\u3000하하하!"""
Avoid#80,"""훤히 보인다!"""
HealSelf#80,"""근성으로 회복!"""
BuffSelf#80,"""기합으로 보조!"""
HealOther#80,"""자네도 근성으로 회복하게!"""
BuffOther#80,"""자네도 이 보조를 활용하게!"""
QuestStart1#80,"""나한테 맡겨 둬라!"""
QuestStart2#61,"""자네와 함께하면 감이 좋다!"""
QuestEnd1#80,"""끝났다!"""
QuestEnd2#63,"""힘차게 움직였군!"""
IncidentStart#80,"""음, 뭔가 일어날 예감!"""
IncidentSuccess#80,"""대성공이군!"""
IncidentFailure#80,"""아직도 미숙하군…"""
PSE#80,"""음, 포톤이 시끄럽다!<br>이건 PSE의 예감이다!"""
PSELevelUp#80,"""좋아, 더 이어 간다!"""
PSEBurst#80,"""해냈다!<br>이게 최종 단계다!"""
HP30#80,"""이 정도 상처는 핥으면 낫는다!"""
HP10#80,"""죽음 속에서 살길을 찾는다!"""
ItemRare#80,"""오, 좋은 물건 아닌가!<br>가져라, 가져!"""
DamageSmall#81,"""큭"""
DamageMiddle#81,"""뭐라고!"""
DamageLarge#81,"""으윽!"""
Trap#80,"""함정이라니 비겁하군!"""
ThankTrapRescue#80,"""감사한다!"""
TrapRescueOther#80,"""기다리게 했군!"""
MemberDamaged#80,"""나한테 맡기고 물러나라!"""
MemberDead#80,"""…용서하지 않겠다, 절대로!"""
AbilityExe#80,"""/toge 나, 절호조!"""
AbilitySpecial#80,"""/toge 후하하!\u3000나한테 맡겨 둬라!"""
Resurrect#80,"""근성으로 부활!"""
PartyJoin#80,"""/ci1 1 맡겨만 주게!"""
Marvelous#80,"""바로 그 기세다!"""
IncidentJsApcBegin#75,"""/toge /ci2 1 곤란해하는 포톤을 감지하고!<br>한여름의 육망균형 휴이, 등장!<br>내가 왔으니 이제 안심해라!"""
IncidentJsApcFailure#75,"""/toge 음……너무 방심했나!<br>미안하지만 물러나겠다!<br>너도 무리하지 마라!"""
IncidentJsApcSuccess#75,"""/toge /ci2 1 후하핫!\u3000어떠냐, 봤느냐!<br>좋아!\u3000이걸 네게 주마!<br>도움도 되고, 무엇보다 맛있다!"""
IncidentJsApcBeginEvo#73,"""/toge /mn36 /ci2 1 이런, 이런!\u3000이게 무슨 일인가!<br>적의 증원이 잔뜩 몰려오겠군!<br>바라던 바다, 덤벼라!"""
IncidentJsMultiApcBegin#18,"""/toge /ci2 1 /mn15 후하하하하핫!<br>육망균형 휴이!\u3000화려하게 등장!<br>적에게 포위됐지만 신경 쓰지 마라!"""
IncidentJsMultiApcSuccess#18,"""/toge /ci2 1 /mn15 좋아, 좋아, 끝났군!<br>그럼 다음 포톤이 있는 곳으로<br>가 볼까, 클라리스 크레이스!"""
EnemyWeak#81,"""이 정도 상대라면……"""
EnemyLarge#81,"""조금 크네요……"""
EnemyBoss#81,"""엄청난 위압감이네요.<br>방심하지 말고 가죠."""
EnemyRare#81,"""아, 저건 분명<br>희귀종이었을 거예요."""
EnemyBoost#81,"""……이 느낌,<br>위험한 상대인 것 같네요."""
WeatherChange#14,"""분위기가 바뀌었네요."""
DestroyEnemy1#81,"""잘됐어요."""
DestroyEnemy2#81,"""다음에도 힘낼게요."""
DestroyEnemy3#81,"""해냈어요… 그렇죠?"""
CondFreeze#81,"""도, 동결…?"""
CondBurn#81,"""여, 연소…?"""
CondShock#81,"""가, 감전…?"""
CondPoison#81,"""으윽… 독…?"""
CondPanic#81,"""시야가 이상해…<br>뭐지, 머리가 빙글빙글…"""
CondStan#81,"""모, 몸이 안 움직여…?"""
CondMirage#81,"""우왓, 우와와…<br>시야가 뭔가 이상해요…!"""
Die#82,"""……미안해, 우르크."""
ThankHeal#81,"""감사합니다."""
ThankBuff#81,"""살았어요."""
ThankCure#81,"""덕분에 개운해졌어요."""
DefeatEnemy#81,"""끝난 모양이네요."""
LevelUp#81,"""저도 질 수는 없어요."""
TechFire#36,"""불타라!"""
TechIce#40,"""얼어 주세요!"""
TechThunder#41,"""맞아라!"""
TechWind#35,"""방해하지 마세요!"""
TechLight#38,"""이건 어때요!"""
TechDark#37,"""갑니다!"""
PBFull#81,"""우리의 힘을 모두를 위해……"""
PBRelease#81,"""날아드는 불똥은 이 손으로 막는다!"""
TacticsFree#78,"""그럼 자유롭게 움직일게요."""
TacticsGuard#78,"""수비를 굳히는 것도 중요하죠."""
TacticsMassedAttack#78,"""집중 공격으로 돌파하죠."""
TacticsAttack#76,"""미끼 역할이군요. 맡겨 주세요."""
Avoid#81,"""흥!"""
HealSelf#81,"""아직 당하지 않아요."""
BuffSelf#81,"""이걸로 준비 완료."""
HealOther#81,"""회복하겠습니다!"""
BuffOther#81,"""보조를 잊지 마세요!"""
QuestStart1#81,"""기대에 부응하도록 힘낼게요."""
QuestStart2#62,"""제가 할 수 있는 일을 전력으로……!"""
QuestEnd1#81,"""이걸로 임무 완료네요."""
QuestEnd2#64,"""수고하셨습니다."""
IncidentStart#81,"""뭐지…<br>뭔가 일어날 것 같은데요."""
IncidentSuccess#81,"""잘됐어요!"""
IncidentFailure#81,"""……실패했네요."""
PSE#81,"""포톤이… 뭐랄까<br>술렁인다기보다 활발해져서…"""
PSELevelUp#81,"""이거, 계속하면 되는 거죠?"""
PSEBurst#81,"""포톤의 활성화가 굉장해……"""
HP30#81,"""아, 아직 괜찮아요!"""
HP10#81,"""이 이상은 힘들어요……!"""
ItemRare#81,"""아, 그거 좋네요."""
DamageSmall#82,"""큭"""
DamageMiddle#82,"""으윽!"""
DamageLarge#82,"""그럴 수가!?"""
Trap#81,"""이런 곳에 함정이!?"""
ThankTrapRescue#81,"""…죄송해요.<br>번거롭게 해 드려서."""
TrapRescueOther#81,"""괜찮으세요?"""
MemberDamaged#81,"""괘, 괜찮으세요?"""
MemberDead#81,"""……용서 못 해요, 절대로!"""
AbilityExe#81,"""기세가 오르기 시작했어요."""
AbilitySpecial#81,"""이 기세라면 할 수 있어요!"""
Resurrect#81,"""포기하지 않아…… 그녀를 위해서도."""
PartyJoin#81,"""/ci1 1 최선을 다해 힘낼게요."""
Marvelous#81,"""역시 대단하네요."""
IncidentJsApcBegin#76,"""/ci2 2 아, 죄송합니다.<br>잠깐 도와주시겠어요?<br>어느새 수가 늘어나서요."""
IncidentJsApcFailure#76,"""무리는 금물이군요……<br>죄송하지만 퇴각하겠습니다."""
IncidentJsApcSuccess#76,"""/ci2 1 감사합니다.<br>……맞다, 괜찮다면 이걸 받으세요.<br>작은 감사의 표시입니다."""
IncidentJsApcBeginEvo#74,"""/mn10 /ci4 5 아직 더 올 기척이네요……<br>……그렇다면 이쪽도 맞설 뿐!"""
EnemyWeak#82,"""이 정도 상대라면 나도…!"""
EnemyLarge#82,"""어, 어쩌다 그렇게 커진 거야!"""
EnemyBoss#82,"""도망치면 안 되겠지?"""
EnemyRare#82,"""아, 저거 희귀한 녀석 아니야?"""
EnemyBoost#82,"""…뭐, 뭔가 엄청난 박력이야."""
DestroyEnemy1#82,"""해냈다!"""
DestroyEnemy2#82,"""쓰러뜨렸어!\u3000…맞지?"""
DestroyEnemy3#82,"""나도<br>할 수 있거든!"""
CondFreeze#82,"""차가워!"""
CondBurn#82,"""뜨겁다니까!"""
CondShock#82,"""가, 감전됐어!?"""
CondPoison#82,"""윽… 이거, 독…?"""
CondPanic#82,"""뭔가 어질어질해…"""
CondStan#82,"""우, 움직여, 내 몸아!"""
CondMirage#82,"""어, 어? 적은 어디에?"""
Die#83,"""아직… 나는…"""
ThankHeal#82,"""고마워!"""
ThankBuff#82,"""보조 고마워!"""
ThankCure#82,"""후, 이제야 개운해졌어."""
DefeatEnemy#82,"""어떻게든 버텼어… 맞지?"""
LevelUp#82,"""앗, 좋겠다!"""
InvokeSkill1#73,"""할 수 있는 데까지 해 볼게!"""
InvokeSkill2#68,"""이렇게 하면 되는 거지!"""
InvokeSkill3#66,"""아마 이런 느낌이었지!"""
TechIce#41,"""발만이라도 묶어 둘게!"""
TechThunder#42,"""아무것도 못 할 줄 알았다면 착각이야!"""
PBFull#82,"""이제 적당히 좀 해!"""
PBRelease#82,"""날 화나게 했겠다!"""
TacticsFree#79,"""그럼 난 자유롭게 할게!"""
TacticsGuard#79,"""몸부터 지켜! 기회를 기다리는 거야!"""
TacticsMassedAttack#79,"""다 같이 하면 반드시 해낼 수 있어!"""
TacticsAttack#77,"""저, 적을 끌어들이라고?<br>어쩔 수 없네…"""
Avoid#82,"""어디를 노리는 거야?"""
HealSelf#82,"""아직 죽고 싶지 않으니까!"""
BuffSelf#82,"""보조 없이는 위험하니까."""
HealOther#82,"""괜찮아?\u3000회복시켜 줄게."""
BuffOther#82,"""부스트 완료!<br>이것만큼은 자신 있거든."""
QuestStart1#82,"""간다!"""
QuestStart2#63,"""우리 같이 힘내자.<br><%me>, 알겠지?"""
QuestEnd1#82,"""끝난… 건가?"""
QuestEnd2#65,"""나와 <%me>, 둘 다<br>멀쩡해.<br>응, 다행이야!"""
IncidentStart#82,"""무, 무슨 일이 일어나는 거야?"""
IncidentSuccess#82,"""해냈다!"""
IncidentFailure#82,"""뭐야아…"""
PSE#82,"""슬슬 왔나?"""
PSELevelUp#82,"""계속 이어 가자!"""
PSEBurst#82,"""해냈다, 대성공!<br>이제 단숨에 몰아붙이자!"""
HP30#82,"""아프다니까!"""
HP10#82,"""으으… 이건 위험해…"""
ItemRare#82,"""앗, 그거 좋겠다!"""
DamageSmall#83,"""꺅"""
DamageMiddle#83,"""으윽"""
DamageLarge#83,"""꺄악!"""
Trap#82,"""하, 함정!?"""
ThankTrapRescue#82,"""고, 고마워…"""
TrapRescueOther#82,"""괜찮아?"""
MemberDamaged#82,"""조심해!"""
MemberDead#82,"""…용, 용서 못 해!"""
AbilityExe#82,"""/toge 좋아, 감이 잡히기 시작했어!"""
AbilitySpecial#82,"""/toge 맡겨 줘!"""
Resurrect#82,"""아, 아직 더 할 수 있거든!"""
PartyJoin#82,"""/ci1 1 나한테 맡겨!"""
Marvelous#82,"""…굉장하다."""
IncidentJsApcBegin#77,"""/ci2 2 정말, 제노는 왜 늘 날<br>두고 가는 거야……!\u3000앗, 너!<br>부탁인데, 좀 도와줘!"""
IncidentJsApcFailure#77,"""미안……이제 한계인가 봐.<br>난 먼저 퇴각할게.<br>너도 무리하면 안 돼."""
IncidentJsApcSuccess#77,"""/mn15 /ci2 1 사, 살았다……고마워!<br>아, 맞다!\u3000괜찮다면 이거 먹어.<br>도와준 답례야. 맛있어."""
IncidentJsApcBeginEvo#75,"""/mn18 /ci3 1 우왓……뭔가 심상치 않은<br>반응이 아주 가까이 있어……<br>조심하자!"""
EnemyWeak#83,"""어라, 어라라?<br>이건 쉽게 끝나겠는데!"""
EnemyLarge#83,"""엄청… 크다…"""
EnemyBoss#83,"""골치 아픈 상대가 왔어!"""
EnemyRare#83,"""오오!<br>저거 봐, 희귀한 녀석이야!"""
EnemyBoost#83,"""우왓, 우와앗!<br>불길한 예감이 팍팍 들어…!"""
DestroyEnemy1#83,"""영차!"""
DestroyEnemy2#83,"""어떠냐!"""
DestroyEnemy3#83,"""화려하게 성공!"""
CondFreeze#83,"""꽁꽁 얼었다!"""
CondBurn#83,"""활활 타오른다!<br>뜨거, 뜨거워!"""
CondShock#83,"""저저저저려어어어!"""
CondPoison#83,"""으으, 기부니 나빠…"""
CondPanic#83,"""빙글빙글, 어질어질!<br>아하하하!"""
CondStan#83,"""몸이 잘 안 움직여!"""
CondMirage#83,"""흐릿하고 뿌예서<br>시야가 엄청나!"""
Die#84,"""티아…"""
ThankHeal#83,"""고마워!"""
ThankBuff#83,"""센스 있는 사람, 정말 좋아!"""
ThankCure#83,"""기분 상쾌, 힘내자!"""
DefeatEnemy#83,"""음, 끝났나?"""
LevelUp#83,"""좋겠다!\u3000좋겠네!"""
InvokeSkill1#74,"""하나, 둘, 얍!"""
InvokeSkill2#69,"""날아가 버려!"""
InvokeSkill3#67,"""해치워 버릴 거야!"""
TechLight#39,"""티아 흉내 내기!"""
PBFull#83,"""열받아!<br>화나기 시작했어!"""
PBRelease#83,"""1번, 패티!\u3000갑니다!"""
TacticsFree#80,"""자유분방하게 가 보자!"""
TacticsGuard#80,"""방어는 최고의 공격이라고<br>누군가 그랬어!"""
TacticsMassedAttack#80,"""미안하지만 이건 싸움이니까…<br>집중 공격이야!"""
TacticsAttack#78,"""자, 자, 이쪽으로 와!"""
Avoid#83,"""영차!"""
HealSelf#83,"""해낼 줄 알았어?<br>아쉽지만 회복이었어!"""
BuffSelf#83,"""이래 보여도<br>준비는 빠뜨리지 않아!"""
HealOther#83,"""빠르게 회복!"""
BuffOther#83,"""나눠 줄게!"""
QuestStart1#83,"""그럼 가 보자!"""
QuestEnd1#83,"""이걸로 끝!"""
IncidentStart#83,"""음, 문제의 예감!"""
IncidentSuccess#83,"""대성공!"""
IncidentFailure#83,"""뭐, 이럴 때도 있지!"""
PSE#83,"""오, 뭔가 시작됐다!"""
PSELevelUp#83,"""계속 이어 가 보자!"""
PSEBurst#83,"""우와!<br>이거 정말 굉장한데!"""
HP30#83,"""아직 쌩쌩해!"""
HP10#83,"""허, 허세 부리기도 힘들어…"""
ItemRare#83,"""아, 치사해!<br>좋겠다!"""
DamageSmall#84,"""아야!"""
DamageMiddle#84,"""꺄악!"""
DamageLarge#84,"""아프다니까!"""
Trap#83,"""함정에 걸린 여자애라니<br>제법 자극적… 아니,<br>그게 아니라 살려 줘!"""
ThankTrapRescue#83,"""후, 고마워."""
TrapRescueOther#83,"""화려하게 구출 완료!"""
MemberDamaged#83,"""괜찮아?\u3000무리하면 안 돼!"""
MemberDead#83,"""나도 화날 때는 난다고…!"""
AbilityExe#83,"""/toge 좋아, 감도 잡혔으니<br>언니가 힘내 볼게!"""
AbilitySpecial#83,"""/toge 나한테 맡겨!"""
Resurrect#83,"""후, 저승길이 보였어!"""
PartyJoin#83,"""/ci1 1 네네!\u3000힘낼게!"""
Marvelous#83,"""이야, 편하다, 편해."""
EnemyWeak#84,"""응?<br>별로 강하지 않은… 건가?"""
EnemyLarge#84,"""엄청… 크네…"""
EnemyBoss#84,"""귀찮은 상대가 와 버렸네…"""
EnemyRare#84,"""엄청 희귀한 종이네.<br>운이 좋을지도…"""
EnemyBoost#84,"""이 느낌은…<br>좋지 않은 분위기예요."""
DestroyEnemy1#84,"""해치워 버렸어요."""
DestroyEnemy2#84,"""끝내 버렸어요."""
DestroyEnemy3#84,"""우아하게 성공!"""
CondFreeze#84,"""차갑네…"""
CondBurn#84,"""뜨거울지도…"""
CondShock#84,"""찌릿찌릿해…"""
CondPoison#84,"""속이 안 좋아…"""
CondPanic#84,"""빙글빙글 돌아서…<br>뭐지, 이거…"""
CondStan#84,"""힘이 쭉 빠졌어…"""
CondMirage#84,"""시야가 뭔가 이상해…"""
Die#85,"""언니…"""
ThankHeal#84,"""고마워."""
ThankBuff#84,"""더 힘낼게."""
ThankCure#84,"""기분이 개운해졌어."""
DefeatEnemy#84,"""일단, 끝난 걸까?"""
LevelUp#84,"""강해지는 건 좋은 일이야."""
InvokeSkill1#75,"""이런 건<br>패티 언니 역할이야."""
TechFire#37,"""낭비는 싫어."""
TechIce#42,"""놓치지 않아."""
TechThunder#43,"""다 보이는데?"""
TechWind#36,"""여러 가지 할 수 있거든?"""
TechLight#40,"""테크닉이라면 맡겨."""
TechDark#38,"""끝내 줄게."""
PBFull#84,"""나도 화날 때는 화나니까."""
PBRelease#84,"""2번, 티아. 갑니다."""
TacticsFree#81,"""그럼 자유롭게 할게요."""
TacticsGuard#81,"""방어를 굳히고 빈틈을 노린다.<br>정석 전술이네."""
TacticsMassedAttack#81,"""한곳에 집중…<br>합리적이라고 생각해."""
TacticsAttack#79,"""내가 시선을 끌게요."""
Avoid#84,"""아쉽네"""
HealSelf#84,"""그렇게 쉽게 쓰러지진 않을 테니까."""
BuffSelf#84,"""보조도 잊지 않아요."""
HealOther#84,"""일찍 회복하는 걸 명심해."""
BuffOther#84,"""능력 강화를 잊지 마."""
QuestStart1#84,"""그럼 잘 부탁해."""
QuestEnd1#84,"""끝난… 건가?"""
IncidentStart#84,"""뭔가 일어날 것 같은 예감이…"""
IncidentSuccess#84,"""성공한 모양이야."""
IncidentFailure#84,"""실패는 성공의 어머니."""
PSE#84,"""포톤 활성화…?<br>시작된 모양이야."""
PSELevelUp#84,"""계속 더 이어 가 보자."""
PSEBurst#84,"""여기까지<br>활성화되기도 하는구나."""
HP30#84,"""아직 쌩쌩해요."""
HP10#84,"""조금… 힘들지도."""
ItemRare#84,"""그거, 좋은 물건 같네."""
DamageSmall#85,"""큿"""
DamageMiddle#85,"""꺄악"""
DamageLarge#85,"""아야!"""
Trap#84,"""큭… 이런 함정 따위에."""
ThankTrapRescue#84,"""살았어요."""
TrapRescueOther#84,"""괜찮으신가요?"""
MemberDamaged#84,"""무리는 금물이에요."""
MemberDead#84,"""…용서하지 않겠어요."""
AbilityExe#84,"""/toge 감이 잡히기 시작했으니<br>나도 힘내 버릴지도."""
AbilitySpecial#84,"""/toge 나한테 맡겨 주세요."""
Resurrect#84,"""너무 방심했나."""
PartyJoin#84,"""/ci1 1 적당히 힘낼게."""
Marvelous#84,"""…정말 편하네."""
EnemyWeak#85,"""잡몹은 관심 없는데."""
EnemyLarge#85,"""크네…… 올려다보니 목 아파."""
EnemyBoss#85,"""이런……<br>귀찮은 녀석이 나왔네."""
EnemyRare#85,"""선배, 저거<br>희귀한 녀석 아니야?"""
EnemyBoost#85,"""불길한 느낌이 드는 적이네……"""
DestroyEnemy1#85,"""내 적수는 아니네."""
DestroyEnemy2#85,"""자, 다음."""
DestroyEnemy3#85,"""뭐, 이 정도인가."""
CondFreeze#85,"""동결인가, 젠장……"""
CondBurn#85,"""연소인가, 젠장……"""
CondShock#85,"""감전인가, 젠장……"""
CondPoison#85,"""독인가, 젠장……"""
CondPanic#85,"""……누굴 노려야 하지?"""
CondStan#85,"""……몸이 움직이지 않아도<br>할 수 있는 일은 있을 거야."""
CondMirage#85,"""젠장…… 조준이 안 돼."""
Die#86,"""쳇, 여기까지인가……"""
ThankHeal#85,"""미안, 덕분에 살았어."""
ThankBuff#85,"""이거면…… 할 수 있어."""
ThankCure#85,"""어떻게든 진정됐어."""
DefeatEnemy#85,"""둘러봐도 적은 안 보이네."""
LevelUp#85,"""나도 질 수는 없지."""
InvokeSkill1#76,"""쏴!"""
InvokeSkill2#70,"""이 거리…… 잡았어!"""
InvokeSkill3#68,"""내 사거리야!"""
TechLight#41,"""테크닉도 쓸 줄 안다고?"""
TechDark#39,"""이런 것도 할 수 있어."""
PBFull#85,"""준비 완료, 뭐 그런 거지."""
PBRelease#85,"""우릴 방해한 네가<br>잘못한 거야."""
TacticsFree#82,"""그럼 마음대로 해 볼까."""
TacticsGuard#82,"""여긴 버텨야 할 때네."""
TacticsMassedAttack#82,"""집중 공격인가.<br>엄호는 맡겨 줘."""
TacticsAttack#80,"""행동을 봉쇄하는 건<br>사수의 특기야. 맡겨 줘."""
Avoid#85,"""어딜 노리는 거야?"""
HealSelf#85,"""여기서 회복해 둘까."""
BuffSelf#85,"""쓸 수 있는 건 다 쓸 거야."""
HealOther#85,"""회복은 자주 해 둬."""
BuffOther#85,"""보조를 잊으면 위험하다니까."""
QuestStart1#85,"""할 거면 전력으로 해야지."""
QuestStart2#64,"""잘 배울게, 선배."""
QuestEnd1#85,"""끝났네."""
QuestEnd2#66,"""역시 선배네.<br>빈말 아니라 진심이야."""
IncidentStart#85,"""뭔가 온다, 선배."""
IncidentSuccess#85,"""좋아!"""
IncidentFailure#85,"""……미안, 선배."""
PSE#85,"""포톤이 활성화되고 있어……<br>그렇구나, 이게 PSE인가."""
PSELevelUp#85,"""좀 더 이어 보고 싶네."""
PSEBurst#85,"""이만큼 활성화됐으면<br>마음껏 해도 되겠네."""
HP30#85,"""쳇, 밀리고 있는 건가……?"""
HP10#85,"""젠장, 이렇게까지 당하다니……!"""
ItemRare#85,"""선배는 운도 따라 주네."""
DamageSmall#86,"""칫"""
DamageMiddle#86,"""젠장."""
DamageLarge#86,"""꺄악!"""
Trap#85,"""이런 곳에 트랩이!?"""
ThankTrapRescue#85,"""미안, 폐를 끼쳤네."""
TrapRescueOther#85,"""괜찮나?"""
MemberDamaged#85,"""너무 앞에 나가면 위험해!"""
MemberDead#85,"""…………감히."""
AbilityExe#85,"""/toge 몸이 풀리기 시작했어……<br>이 기분, 나쁘지 않아!"""
AbilitySpecial#85,"""/toge 내가 갈게!"""
Resurrect#85,"""당한 만큼은 돌려줘야지."""
PartyJoin#85,"""/ci1 1 잘 부탁해, 선배."""
Marvelous#85,"""이게 경험의 차이인가……"""
IncidentJsApcBegin#78,"""/mn24 /ci2 2 선배, 마침 잘 왔어!<br>미안하지만 도와줄래?<br>……차, 차림은 신경 쓰지 마."""
IncidentJsApcFailure#78,"""아무래도 이 이상은 무리인가……<br>미안해, 선배.<br>분하지만 난 퇴각할게."""
IncidentJsApcSuccess#78,"""/mn38 /ci2 1 ……선배, 고마워.<br>괜찮다면 이거 받아 줘.<br>일단 답례니까."""
IncidentJsApcBeginEvo#76,"""/ci2 2 칫, 아직 더 오는 모양이야."""
EnemyWeak#86,"""우리의 적은 아니군"""
EnemyLarge#86,"""대형인가"""
EnemyBoss#86,"""강적인 것 같군"""
EnemyRare#86,"""저 유형은……희귀한 녀석인가"""
EnemyBoost#86,"""……조심해.<br>불길한 포톤이다"""
DestroyEnemy1#86,"""다음."""
DestroyEnemy2#86,"""별것 아니군요."""
CondFreeze#86,"""동결 상태라고……"""
CondBurn#86,"""아무래도 뜨겁군……"""
CondShock#86,"""흐음……<br>이렇게 감전되면 성가시군"""
CondPoison#86,"""쳇, 독인가……!"""
CondPanic#86,"""의식이 혼탁해진다……"""
CondStan#86,"""움직임이 봉쇄됐어……!?"""
CondMirage#86,"""조준이 흔들리는군……"""
Die#87,"""이런 곳에서 쓰러질 수는……"""
ThankHeal#86,"""도움이 되는군"""
ThankBuff#86,"""고맙다."""
ThankCure#86,"""번거롭게 했군."""
DefeatEnemy#86,"""이 일대는 정리됐나"""
LevelUp#86,"""느낌 좋군"""
InvokeSkill1#77,"""놓치지 않는다"""
InvokeSkill2#71,"""단숨에 끝낸다!"""
InvokeSkill3#69,"""라피, 부탁한다!"""
TechFire#38,"""불타라."""
TechIce#43,"""얼음이여"""
TechThunder#44,"""번개여."""
TechWind#37,"""바람이여."""
TechLight#42,"""빛이여."""
TechDark#40,"""어둠이여."""
PBFull#86,"""힘을 쓸 때가 왔나"""
PBRelease#86,"""모두를 지킨다. 그것이 내 사명이다"""
Avoid#86,"""핫!"""
HealSelf#86,"""아슬아슬했군."""
BuffSelf#86,"""봐주지 않는다"""
HealOther#86,"""방심하지 마라"""
BuffOther#86,"""태세를 정비해라"""
QuestStart1#86,"""임무를 시작한다."""
QuestEnd1#86,"""역시 대단하군."""
IncidentStart#86,"""이 기척……무엇이 오지"""
IncidentSuccess#86,"""적절한 대응이었군"""
IncidentFailure#86,"""……반성할 점이 많군"""
PSE#86,"""이건……PSE인가"""
PSELevelUp#86,"""포톤이 활성화되고 있다"""
PSEBurst#86,"""이것이 PSE의 최종 단계인가"""
HP30#86,"""대미지를 너무 많이 받았나"""
HP10#86,"""이 이상은 아무래도 위험해……"""
ItemRare#86,"""흐음, 희귀한 물건인 듯하군"""
DamageSmall#87,"""큿"""
DamageMiddle#87,"""위험해"""
DamageLarge#87,"""꺄악!"""
Trap#86,"""함정이라고!"""
ThankTrapRescue#86,"""번거롭게 했군."""
TrapRescueOther#86,"""괜찮나?"""
MemberDamaged#86,"""무리하지 마라."""
MemberDead#86,"""……내가 한심한 탓에"""
AbilityExe#86,"""흐음, 몸이 가볍군"""
AbilitySpecial#86,"""포톤이 몸에 익는군"""
Resurrect#86,"""……멈춰 설 수는 없어"""
PartyJoin#86,"""/ci2 1 잘 부탁한다"""
Marvelous#86,"""이것이 네 힘인가"""
IncidentJsApcBegin#79,"""/ci2 1 <%me>.<br>미안하지만 도와줄 수 있나?"""
IncidentJsApcFailure#79,"""……나도 참 꼴사납군.<br>미안하지만 먼저 물러나겠다."""
IncidentJsApcSuccess#79,"""/ci2 1 역시 대단하군. 소문 이상이다.<br>너에게 부탁하길 잘했군."""
IncidentJsApcBeginEvo#77,"""/ci1 1 끝났나……?<br>……아니, 아직 더 오는군.<br>조금만 더 어울려 주겠나?"""
EnemyWeak#87,"""잡병은 물러가라."""
EnemyLarge#87,"""베어 볼 만한 몸집이군."""
EnemyBoss#87,"""진짜 실력자가 등장한 건가."""
EnemyRare#87,"""호오, 희귀종인가!"""
EnemyBoost#87,"""…음, 이건…"""
DestroyEnemy1#87,"""우선 하나!"""
DestroyEnemy2#87,"""하하하!<br>감이 살아나는군!"""
DestroyEnemy3#86,"""아직 벤 것이 부족하다!"""
CondFreeze#87,"""동결이라니… 잔재주를!"""
CondBurn#87,"""연소인가… 번거롭군!"""
CondShock#87,"""감전이라고… 성가시군!"""
CondPoison#87,"""독에 침식되더라도<br>내 검이 무뎌지진 않는다."""
CondPanic#87,"""혼란에 빠지더라도<br>내 칼끝에는 망설임이 없다."""
CondStan#87,"""칫… 몸을 움직일 수 없군."""
CondMirage#87,"""환혹 상태인가… 하지만!"""
Die#88,"""본보기가 되지 못하겠군…"""
ThankHeal#87,"""감사하지."""
ThankBuff#87,"""기대에 부응해야겠군."""
ThankCure#87,"""이걸로 만전이다."""
DefeatEnemy#87,"""아직 베는 맛이 부족하군."""
LevelUp#87,"""음, 더욱 정진하도록 해라."""
InvokeSkill1#78,"""내 일도에 쓰러져라!"""
InvokeSkill2#72,"""찰나에 잘게 베어 주마!"""
InvokeSkill3#70,"""단!"""
PBFull#87,"""이런, 아무래도 할 생각이군."""
PBRelease#87,"""자, 결판을 내도록 하지."""
TacticsFree#83,"""그럼, 각자 뜻대로 움직이지."""
TacticsGuard#83,"""반격할 기회를 기다리지."""
TacticsMassedAttack#83,"""노릴 대상을 하나로 모은다."""
TacticsAttack#81,"""내게 베이고 싶은 자는<br>천천히 앞으로 나오도록."""
Avoid#87,"""느리다!"""
HealSelf#87,"""마무리가 허술했군."""
BuffSelf#87,"""쓸 수 있는 수단은 쓰도록 하지."""
HealOther#87,"""회복을 소홀히 하지 마라."""
BuffOther#87,"""보조도 중요하다."""
QuestStart1#87,"""선봉에서 베며 나아가겠다."""
QuestStart2#65,"""자네의 실력을 기대하고 있다."""
QuestEnd1#87,"""이걸로 끝이군."""
QuestEnd2#67,"""좋은 움직임이었다."""
IncidentStart#87,"""…음, 뭔가 온다."""
IncidentSuccess#87,"""나무랄 데 없는 결과다."""
IncidentFailure#87,"""때로는 실패할 수도 있다."""
PSE#87,"""PSE가 일어나는가."""
PSELevelUp#87,"""더욱 이어 간다."""
PSEBurst#87,"""이 정도 상황은 오랜만이군."""
HP30#87,"""전투 기동에는 문제없다."""
HP10#87,"""…방심이 지나쳤나."""
ItemRare#87,"""좋은 물건을 찾은 모양이군."""
DamageSmall#88,"""호오."""
DamageMiddle#88,"""제법이군."""
DamageLarge#88,"""제법 하는군!"""
Trap#87,"""이 내가 함정에…?"""
ThankTrapRescue#87,"""번거롭게 했군."""
TrapRescueOther#87,"""어떤 때에도 방심하지 마라."""
MemberDamaged#87,"""무리하지 말고 물러나라."""
MemberDead#87,"""…그 한은 풀어 주마."""
AbilityExe#87,"""/toge 음, 몸이 풀리기 시작하는군."""
AbilitySpecial#87,"""/toge 내게 맡겨라."""
Resurrect#87,"""아직 은퇴하기엔 이르다."""
PartyJoin#87,"""/ci1 1 내가 나서지."""
Marvelous#87,"""훌륭한 움직임이다!"""
IncidentJsApcBegin#80,"""/toge /ci1 3 아크스가 위기라면<br>내가 달려오지 않을 이유가 없다.<br>힘을 보태도록 하지."""
IncidentJsApcFailure#80,"""서류 작업만 해 몸이 굳었나.<br>여러모로 생각해 봐야겠군...<br>미안하지만 물러나겠다."""
IncidentJsApcSuccess#80,"""/ci1 3 음, 좋은 운동이었다.<br>그럼 나는 가 보겠다.<br>수련을 게을리하지 마라."""
IncidentJsApcBeginEvo#78,"""/ci5 3 아직도 오는 건가...<br>목숨이 아깝지 않은 모양이군."""
EnemyWeak#88,"""잡몹은 관심 없는데."""
EnemyLarge#88,"""크네…… 올려다보니 목 아파."""
EnemyBoss#88,"""이런……<br>귀찮은 녀석이 나왔네."""
EnemyRare#88,"""선배, 저거<br>희귀한 녀석 아니야?"""
EnemyBoost#88,"""불길한 느낌이 드는 적이네……"""
DestroyEnemy1#88,"""내 적수는 아니네."""
DestroyEnemy2#88,"""자, 다음."""
DestroyEnemy3#87,"""뭐, 이 정도인가."""
CondFreeze#88,"""동결인가, 젠장……"""
CondBurn#88,"""연소인가, 젠장……"""
CondShock#88,"""감전인가, 젠장……"""
CondPoison#88,"""독인가, 젠장……"""
CondPanic#88,"""……누굴 노려야 하지?"""
CondStan#88,"""……몸이 움직이지 않아도<br>할 수 있는 일은 있을 거야."""
CondMirage#88,"""젠장…… 조준이 안 돼."""
Die#89,"""쳇, 여기까지인가……"""
ThankHeal#88,"""미안, 덕분에 살았어."""
ThankBuff#88,"""이거면…… 할 수 있어."""
ThankCure#88,"""어떻게든 진정됐어."""
DefeatEnemy#88,"""둘러봐도 적은 안 보이네."""
LevelUp#88,"""나도 질 수는 없지."""
InvokeSkill1#79,"""쏴!"""
InvokeSkill2#73,"""이 거리…… 잡았어!"""
InvokeSkill3#71,"""내 사거리야!"""
TechLight#43,"""테크닉도 쓸 줄 안다고?"""
TechDark#41,"""이런 것도 할 수 있어."""
PBFull#88,"""준비 완료, 뭐 그런 거지."""
PBRelease#88,"""우릴 방해한 네가<br>잘못한 거야."""
TacticsFree#84,"""그럼 마음대로 해 볼까."""
TacticsGuard#84,"""여긴 버텨야 할 때네."""
TacticsMassedAttack#84,"""집중 공격인가.<br>엄호는 맡겨 줘."""
TacticsAttack#82,"""행동을 봉쇄하는 건<br>사수의 특기야. 맡겨 줘."""
Avoid#88,"""어딜 노리는 거야?"""
HealSelf#88,"""여기서 회복해 둘까."""
BuffSelf#88,"""쓸 수 있는 건 다 쓸 거야."""
HealOther#88,"""회복은 자주 해 둬."""
BuffOther#88,"""보조를 잊으면 위험하다니까."""
QuestStart1#88,"""할 거면 전력으로 해야지."""
QuestStart2#66,"""잘 배울게, 선배."""
QuestEnd1#88,"""끝났네."""
QuestEnd2#68,"""역시 선배네.<br>빈말 아니라 진심이야."""
IncidentStart#88,"""뭔가 온다, 선배."""
IncidentSuccess#88,"""좋아!"""
IncidentFailure#88,"""……미안, 선배."""
PSE#88,"""포톤이 활성화되고 있어……<br>그렇구나, 이게 PSE인가."""
PSELevelUp#88,"""좀 더 이어 보고 싶네."""
PSEBurst#88,"""이만큼 활성화됐으면<br>마음껏 해도 되겠네."""
HP30#88,"""쳇, 밀리고 있는 건가……?"""
HP10#88,"""젠장, 이렇게까지 당하다니……!"""
ItemRare#88,"""선배는 운도 따라 주네."""
DamageSmall#89,"""칫"""
DamageMiddle#89,"""젠장."""
DamageLarge#89,"""꺄악!"""
Trap#88,"""이런 곳에 트랩이!?"""
ThankTrapRescue#88,"""미안, 폐를 끼쳤네."""
TrapRescueOther#88,"""괜찮나?"""
MemberDamaged#88,"""너무 앞에 나가면 위험해!"""
MemberDead#88,"""…………감히."""
AbilityExe#88,"""/toge 몸이 풀리기 시작했어……<br>이 기분, 나쁘지 않아!"""
AbilitySpecial#88,"""/toge 내가 갈게!"""
Resurrect#88,"""당한 만큼은 돌려줘야지."""
PartyJoin#88,"""/ci1 1 잘 부탁해, 선배."""
Marvelous#88,"""이게 경험의 차이인가……"""
IncidentJsApcBegin#81,"""/ci2 2 아, 선배!<br>미안한데 조금 도와줘!"""
IncidentJsApcFailure#81,"""...더는 무리야.<br>미안, 선배. 난 후퇴할게."""
IncidentJsApcSuccess#81,"""/ci2 1 선배... 그게, 살았어.<br>와 줘서 고마워."""
IncidentJsApcBeginEvo#79,"""/ci2 2 칫, 아직 더 오는 모양이야."""
EnemyWeak#89,"""어라, 어라라?<br>이건 쉽게 끝나겠는데!"""
EnemyLarge#89,"""엄청… 크다…"""
EnemyBoss#89,"""골치 아픈 상대가 왔어!"""
EnemyRare#89,"""오오!<br>저거 봐, 희귀한 녀석이야!"""
EnemyBoost#89,"""우왓, 우와앗!<br>불길한 예감이 팍팍 들어…!"""
DestroyEnemy1#89,"""영차!"""
DestroyEnemy2#89,"""어떠냐!"""
DestroyEnemy3#88,"""화려하게 성공!"""
CondFreeze#89,"""꽁꽁 얼었다!"""
CondBurn#89,"""활활 타오른다!<br>뜨거, 뜨거워!"""
CondShock#89,"""저저저저려어어어!"""
CondPoison#89,"""으으, 기부니 나빠…"""
CondPanic#89,"""빙글빙글, 어질어질!<br>아하하하!"""
CondStan#89,"""몸이 잘 안 움직여!"""
CondMirage#89,"""흐릿하고 뿌예서<br>시야가 엄청나!"""
Die#90,"""티아…"""
ThankHeal#89,"""고마워!"""
ThankBuff#89,"""센스 있는 사람, 정말 좋아!"""
ThankCure#89,"""기분 상쾌, 힘내자!"""
DefeatEnemy#89,"""음, 끝났나?"""
LevelUp#89,"""좋겠다!\u3000좋겠네!"""
InvokeSkill1#80,"""하나, 둘, 얍!"""
InvokeSkill2#74,"""날아가 버려!"""
InvokeSkill3#72,"""해치워 버릴 거야!"""
TechLight#44,"""티아 흉내 내기!"""
PBFull#89,"""열받아!<br>화나기 시작했어!"""
PBRelease#89,"""1번, 패티!\u3000갑니다!"""
TacticsFree#85,"""자유분방하게 가 보자!"""
TacticsGuard#85,"""방어는 최고의 공격이라고<br>누군가 그랬어!"""
TacticsMassedAttack#85,"""미안하지만 이건 싸움이니까…<br>집중 공격이야!"""
TacticsAttack#83,"""자, 자, 이쪽으로 와!"""
Avoid#89,"""영차!"""
HealSelf#89,"""해낼 줄 알았어?<br>아쉽지만 회복이었어!"""
BuffSelf#89,"""이래 보여도<br>준비는 빠뜨리지 않아!"""
HealOther#89,"""빠르게 회복!"""
BuffOther#89,"""나눠 줄게!"""
QuestStart1#89,"""그럼 가 보자!"""
QuestEnd1#89,"""이걸로 끝!"""
IncidentStart#89,"""음, 문제의 예감!"""
IncidentSuccess#89,"""대성공!"""
IncidentFailure#89,"""뭐, 이럴 때도 있지!"""
PSE#89,"""오, 뭔가 시작됐다!"""
PSELevelUp#89,"""계속 이어 가 보자!"""
PSEBurst#89,"""우와!<br>이거 정말 굉장한데!"""
HP30#89,"""아직 쌩쌩해!"""
HP10#89,"""허, 허세 부리기도 힘들어…"""
ItemRare#89,"""아, 치사해!<br>좋겠다!"""
DamageSmall#90,"""아야!"""
DamageMiddle#90,"""꺄악!"""
DamageLarge#90,"""아프다니까!"""
Trap#89,"""함정에 걸린 여자애라니<br>제법 자극적… 아니,<br>그게 아니라 살려 줘!"""
ThankTrapRescue#89,"""후, 고마워."""
TrapRescueOther#89,"""화려하게 구출 완료!"""
MemberDamaged#89,"""괜찮아?\u3000무리하면 안 돼!"""
MemberDead#89,"""나도 화날 때는 난다고…!"""
AbilityExe#89,"""/toge 좋아, 감도 잡혔으니<br>언니가 힘내 볼게!"""
AbilitySpecial#89,"""/toge 나한테 맡겨!"""
Resurrect#89,"""후, 저승길이 보였어!"""
PartyJoin#89,"""/ci1 1 네네!\u3000힘낼게!"""
Marvelous#89,"""이야, 편하다, 편해."""
EnemyWeak#90,"""응?<br>별로 강하지 않은… 건가?"""
EnemyLarge#90,"""엄청… 크네…"""
EnemyBoss#90,"""귀찮은 상대가 와 버렸네…"""
EnemyRare#90,"""엄청 희귀한 종이네.<br>운이 좋을지도…"""
EnemyBoost#90,"""이 느낌은…<br>좋지 않은 분위기예요."""
DestroyEnemy1#90,"""해치워 버렸어요."""
DestroyEnemy2#90,"""끝내 버렸어요."""
DestroyEnemy3#89,"""우아하게 성공!"""
CondFreeze#90,"""차갑네…"""
CondBurn#90,"""뜨거울지도…"""
CondShock#90,"""찌릿찌릿해…"""
CondPoison#90,"""속이 안 좋아…"""
CondPanic#90,"""빙글빙글 돌아서…<br>뭐지, 이거…"""
CondStan#90,"""힘이 쭉 빠졌어…"""
CondMirage#90,"""시야가 뭔가 이상해…"""
Die#91,"""언니…"""
ThankHeal#90,"""고마워."""
ThankBuff#90,"""더 힘낼게."""
ThankCure#90,"""기분이 개운해졌어."""
DefeatEnemy#90,"""일단, 끝난 걸까?"""
LevelUp#90,"""강해지는 건 좋은 일이야."""
InvokeSkill1#81,"""이런 건<br>패티 언니 역할이야."""
TechFire#39,"""낭비는 싫어."""
TechIce#44,"""놓치지 않아."""
TechThunder#45,"""다 보이는데?"""
TechWind#38,"""여러 가지 할 수 있거든?"""
TechLight#45,"""테크닉이라면 맡겨."""
TechDark#42,"""끝내 줄게."""
PBFull#90,"""나도 화날 때는 화나니까."""
PBRelease#90,"""2번, 티아. 갑니다."""
TacticsFree#86,"""그럼 자유롭게 할게요."""
TacticsGuard#86,"""방어를 굳히고 빈틈을 노린다.<br>정석 전술이네."""
TacticsMassedAttack#86,"""한곳에 집중…<br>합리적이라고 생각해."""
TacticsAttack#84,"""내가 시선을 끌게요."""
Avoid#90,"""아쉽네"""
HealSelf#90,"""그렇게 쉽게 쓰러지진 않을 테니까."""
BuffSelf#90,"""보조도 잊지 않아요."""
HealOther#90,"""일찍 회복하는 걸 명심해."""
BuffOther#90,"""능력 강화를 잊지 마."""
QuestStart1#90,"""그럼 잘 부탁해."""
QuestEnd1#90,"""끝난… 건가?"""
IncidentStart#90,"""뭔가 일어날 것 같은 예감이…"""
IncidentSuccess#90,"""성공한 모양이야."""
IncidentFailure#90,"""실패는 성공의 어머니."""
PSE#90,"""포톤 활성화…?<br>시작된 모양이야."""
PSELevelUp#90,"""계속 더 이어 가 보자."""
PSEBurst#90,"""여기까지<br>활성화되기도 하는구나."""
HP30#90,"""아직 쌩쌩해요."""
HP10#90,"""조금… 힘들지도."""
ItemRare#90,"""그거, 좋은 물건 같네."""
DamageSmall#91,"""큿"""
DamageMiddle#91,"""꺄악"""
DamageLarge#91,"""아야!"""
Trap#90,"""큭… 이런 함정 따위에."""
ThankTrapRescue#90,"""살았어요."""
TrapRescueOther#90,"""괜찮으신가요?"""
MemberDamaged#90,"""무리는 금물이에요."""
MemberDead#90,"""…용서하지 않겠어요."""
AbilityExe#90,"""/toge 감이 잡히기 시작했으니<br>나도 힘내 버릴지도."""
AbilitySpecial#90,"""/toge 나한테 맡겨 주세요."""
Resurrect#90,"""너무 방심했나."""
PartyJoin#90,"""/ci1 1 적당히 힘낼게."""
Marvelous#90,"""…정말 편하네."""
EnemyWeak#91,"""뭐야, 맥 빠지는군."""
EnemyLarge#91,"""모습은 큰 것 같지만<br>힘은 어떨까…?"""
EnemyBoss#91,"""칫, 귀찮은 적이 나타났군!"""
EnemyRare#91,"""오, 희귀한 녀석이군."""
EnemyBoost#91,"""뭐지, 이 분위기는…"""
DestroyEnemy1#91,"""제대로 들어갔다!"""
DestroyEnemy2#91,"""끝이다!"""
DestroyEnemy3#90,"""다음!"""
CondFreeze#91,"""동결이라고… 이놈!"""
CondBurn#91,"""연소라고… 이놈!"""
CondShock#91,"""감전이라고… 이놈!"""
CondPoison#91,"""독이라고… 이놈!"""
CondPanic#91,"""혼란이라고… 이놈!"""
CondStan#91,"""꼼짝도 못 한다고… 이놈!"""
CondMirage#91,"""환혹이라고… 이놈!"""
Die#92,"""이… 내가…"""
ThankHeal#91,"""살았다!"""
ThankBuff#91,"""좋은 판단이다!"""
ThankCure#91,"""감사한다!"""
DefeatEnemy#91,"""좋아, 일단락됐군!"""
LevelUp#91,"""노력이 결실을 맺었군."""
InvokeSkill1#82,"""이걸로 끝이다!"""
InvokeSkill2#75,"""이 일격으로!"""
InvokeSkill3#73,"""마무리다!"""
PBFull#91,"""이제 적당히 해!"""
PBRelease#91,"""힘을 해방한다!"""
TacticsFree#87,"""자유롭게 하겠다!"""
TacticsGuard#87,"""방어를 굳힌다!"""
TacticsMassedAttack#87,"""한 점 돌파다!"""
TacticsAttack#85,"""내가 적을 끌어들이겠다!"""
Avoid#91,"""이얏!"""
HealSelf#91,"""회복한다!"""
BuffSelf#91,"""대충하진 않는다."""
HealOther#91,"""위험할 뻔했군."""
BuffOther#91,"""지원한다!"""
QuestStart1#91,"""자, 가 볼까."""
QuestStart2#67,"""네가 함께라면 안심이다."""
QuestEnd1#91,"""이걸로 끝이군."""
QuestEnd2#69,"""역시, 안심되는군."""
IncidentStart#91,"""뭔가 일어난다!"""
IncidentSuccess#91,"""성공한 모양이다."""
IncidentFailure#91,"""…미안하다."""
PSE#91,"""음, 시작된 모양이군."""
PSELevelUp#91,"""계속 이어 간다!"""
PSEBurst#91,"""이 정도 효과가 나오다니!"""
HP30#91,"""아직이다!"""
HP10#91,"""이대로는…"""
ItemRare#91,"""좋은 물건을 찾았군!"""
DamageSmall#92,"""큭"""
DamageMiddle#92,"""으악"""
DamageLarge#92,"""크악"""
Trap#91,"""이 정도 함정에…!"""
ThankTrapRescue#91,"""살았다!"""
TrapRescueOther#91,"""조심해라!"""
MemberDamaged#91,"""괜찮나?"""
MemberDead#91,"""이놈… 용서 못 한다!"""
AbilityExe#91,"""/toge 이제 감이 잡히는군!"""
AbilitySpecial#91,"""/toge 내게 맡겨라!"""
Resurrect#91,"""…아직 할 수 있다!"""
PartyJoin#91,"""/ci1 1 잘 부탁한다."""
Marvelous#91,"""역시 대단하군!"""
IncidentJsApcBegin#82,"""/ci2 1 오, 마침 잘 왔다!<br>선물을 준비하던 중에<br>적이 나왔어, 도와줘!"""
IncidentJsApcFailure#82,"""……큭, 선물이 엉망이 됐군.<br>미안하다, 먼저 퇴각하겠다."""
IncidentJsApcSuccess#82,"""/ci2 1 좋아, 정리된 모양이군!<br>감사한다, 네 덕분에<br>준비를 계속할 수 있겠군!"""
IncidentJsApcBeginEvo#80,"""/ci3 1 이 공기...<br>증원이 올지도 모르겠군.<br>준비와 경계를 잊지 마라."""
IncidentJsMultiApcBegin#19,"""/ci3 1 /toge 마침 잘 왔군!<br>도와줘!\u3000나 혼자서는<br>지켜 내지 못할지도 모른다!"""
IncidentJsMultiApcSuccess#19,"""/ci2 1 어떻게든 해낸 모양이군.<br>살았다, 감사한다."""
EnemyWeak#92,"""…약해 보여."""
EnemyLarge#92,"""…크네."""
EnemyBoss#92,"""…조금 귀찮아."""
EnemyRare#92,"""…아, 희귀하네."""
EnemyBoost#92,"""…뭐야, 이 분위기."""
DestroyEnemy1#92,"""…끝."""
DestroyEnemy2#92,"""……다음"""
DestroyEnemy3#91,"""…이걸로 끝."""
CondFreeze#92,"""…큭, 동결.<br>움직일 수 없어…"""
CondBurn#92,"""…너무 뜨거워."""
CondShock#92,"""…몸이 저려."""
CondPoison#92,"""…큭, 이거 독이야."""
CondPanic#92,"""…어질어질해서 시야가…"""
CondStan#92,"""…움직여, 내 몸."""
CondMirage#92,"""…눈앞이 흐려."""
Die#93,"""이런 건… 싫어…"""
ThankHeal#92,"""…고마워."""
ThankBuff#92,"""…좋은 판단이네."""
ThankCure#92,"""…감사할게."""
DefeatEnemy#92,"""…일단락됐네."""
LevelUp#92,"""…노력한 결과네."""
TechFire#40,"""…불타라."""
TechIce#45,"""…얼어붙어."""
TechThunder#46,"""…감전돼."""
TechWind#39,"""…날아가."""
TechLight#46,"""…빛이여."""
TechDark#43,"""…어둠이여."""
PBFull#92,"""…이제 적당히 해."""
PBRelease#92,"""…해방할게."""
TacticsFree#88,"""…자유롭게 할게."""
TacticsGuard#88,"""…방어를 확실히."""
TacticsMassedAttack#88,"""…집중해서 노릴게."""
TacticsAttack#86,"""…내가 미끼가 될게."""
Avoid#92,"""…위험했네."""
HealSelf#92,"""…회복해야지."""
BuffSelf#92,"""…대충하진 않을 거야."""
HealOther#92,"""…회복, 잊지 마."""
BuffOther#92,"""…보조할게."""
QuestStart1#92,"""…가자."""
QuestStart2#68,"""…네가 함께라면 안심이야."""
QuestEnd1#92,"""…수고했어."""
QuestEnd2#70,"""…안심감이 다르네."""
IncidentStart#92,"""…뭔가 일어날 것 같아."""
IncidentSuccess#92,"""…성공한 모양이야."""
IncidentFailure#92,"""……미안해"""
PSE#92,"""…뭔가 시작됐어."""
PSELevelUp#92,"""…계속 이어 가자."""
PSEBurst#92,"""…이 정도 효과가 있다니."""
HP30#92,"""…아직은."""
HP10#92,"""…이대로는."""
ItemRare#92,"""…그거 좋은 물건이야."""
DamageSmall#93,"""…윽."""
DamageMiddle#93,"""…크윽."""
DamageLarge#93,"""…아윽!"""
Trap#92,"""…함정에 걸리다니."""
ThankTrapRescue#92,"""…고마워."""
TrapRescueOther#92,"""…조심해."""
MemberDamaged#92,"""……괜찮아?"""
MemberDead#92,"""…용서 못 해."""
AbilityExe#92,"""/toge …감이 잡히기 시작했어."""
AbilitySpecial#92,"""/toge …나한테 맡겨."""
Resurrect#92,"""…아직 할 수 있으니까."""
PartyJoin#92,"""/ci1 1 …잘 부탁해."""
Marvelous#92,"""…역시 대단해."""
IncidentJsApcBegin#83,"""/ci4 5 ……마침 잘 왔네.<br>……파티를 준비하고 있었는데<br>적이 잔뜩 왔어. 도와줘."""
IncidentJsApcFailure#83,"""……미안해, 더는<br>싸울 수 없어. 퇴각할게.<br>……제대로 준비하고 싶었는데."""
IncidentJsApcSuccess#83,"""/ci1 5 ……나 혼자였으면 위험했을 거야.<br>그러니까 제대로 고맙다고 할게.<br>……그리고 메리 크리스마스."""
IncidentJsApcBeginEvo#81,"""/ci4 5 ...증원이 올 것 같아.<br>주의하고 단단히 준비해."""
IncidentJsMultiApcBegin#20,"""/ci4 1 …지켜 달라고<br>부탁한 적 없는데."""
IncidentJsMultiApcSuccess#20,"""/ci1 2  …이 부근은 생각보다<br>적이 많은 모양이야.<br>조심해서 나아가."""
EnemyWeak#93,"""흥!<br>잡몹은 폭발해 버려라!"""
EnemyLarge#93,"""그 큰 몸집, 불쾌하군.<br>폭발시켜 주마!"""
EnemyBoss#93,"""이 적을 쓰러뜨려<br>내 힘을 증명해 주마!"""
EnemyRare#93,"""아앗!\u3000저건!<br>어이, 네놈은 알고 있나?<br>저거, 희귀한 거라고!"""
EnemyBoost#93,"""물러서라, 조심해.<br>저건 위험한 상대다."""
DestroyEnemy1#93,"""제대로 들어갔다!"""
DestroyEnemy2#93,"""아름답지!"""
DestroyEnemy3#92,"""넋을 잃고 봐도 좋다고!"""
CondFreeze#93,"""차가워, 차갑다고!<br>이 녀석!"""
CondBurn#93,"""뜨거워!\u3000뜨겁다고!\u3000젠장!"""
CondShock#93,"""저리잖아!\u3000뭐야, 이건!"""
CondPoison#93,"""독인가… 으윽, 기분 나빠."""
CondPanic#93,"""혼란스러워도<br>전부 날려 버리면 문제없다!"""
CondStan#93,"""으, 움직일 수 없어… 뭐야, 이건!"""
CondMirage#93,"""시야가 이상하다고!<br>뭐야, 이건!"""
Die#94,"""내… 내가…"""
ThankHeal#93,"""흐, 흥, 당연한 일 아니냐?"""
ThankBuff#93,"""벼, 별로 기쁘지 않다고."""
ThankCure#93,"""쓸, 쓸데없는 짓을!"""
DefeatEnemy#93,"""흥, 별것 아니군!"""
LevelUp#93,"""흥, 난 더 강하다!"""
TechFire#41,"""전부 한꺼번에 불태워 주마!"""
PBFull#93,"""그 정도로 해 둬라, 네놈!"""
PBRelease#93,"""자, 간다!\u3000내 힘을 보여 주마!"""
TacticsFree#89,"""그럼 난 자유롭게 하겠다!"""
TacticsGuard#89,"""에이, 방어만 하는 건 재미없어…"""
TacticsMassedAttack#89,"""집중적으로, 집요하게, 불태워 주마!"""
Avoid#93,"""훤히 보인다!"""
HealSelf#93,"""단숨에 회복이다!"""
BuffSelf#93,"""보조도 할 수 있다고!"""
HealOther#93,"""네놈, 회복을 잊어서 어쩌려고!"""
BuffOther#93,"""네놈, 보조를 잊지 마라!"""
QuestStart1#93,"""좋아, 간다. 따라와라!"""
QuestStart2#69,"""네놈이 꼭 부탁한다고 해서다!"""
QuestEnd1#93,"""흐흥, 이 정도는 평범하다."""
QuestEnd2#71,"""뭐, 움직이기 편했다는 건<br>인정해 주마!"""
IncidentStart#93,"""…응?<br>뭔가 일어나는 건가?"""
IncidentSuccess#93,"""대성공이지!"""
IncidentFailure#93,"""에이…"""
PSE#93,"""오오, 뭐야 이건!<br>포톤이 술렁이고 있다고!"""
PSELevelUp#93,"""왠지 두근거리기 시작했다!<br>자, 더 이어 가자!"""
PSEBurst#93,"""오오, 이건 굉장하군!<br>소문 이상인 상태다!"""
HP30#93,"""나중에 배로 갚아 주마!"""
HP10#93,"""…이 내가, 이렇게!"""
ItemRare#93,"""원하는 만큼 가져가라!"""
DamageSmall#94,"""칫"""
DamageMiddle#94,"""으윽"""
DamageLarge#94,"""으악!"""
Trap#93,"""함정?\u3000치사하잖아, 뭐야 그건!"""
ThankTrapRescue#93,"""흐, 흥, 쓸데없는 짓을."""
TrapRescueOther#93,"""조심해라, 네놈."""
MemberDamaged#93,"""나한테 맡기고 물러나라!"""
MemberDead#93,"""…용서하지 않겠다, 절대로!"""
AbilityExe#93,"""/toge 흐흥, 절호조다!"""
AbilitySpecial#93,"""/toge 좋아, 내가 하겠다!"""
Resurrect#93,"""…흥!\u3000우연이다!"""
PartyJoin#93,"""/ci1 1 네놈이 꼭 부탁한다고 해서다!"""
Marvelous#93,"""흥, 제법 움직이잖아."""
IncidentJsApcBegin#84,"""/toge /ci2 2 어이, 네놈!\u3000네놈 말이다!<br>크리스마스 준비 중이다!<br>네놈도 도와라!"""
IncidentJsApcFailure#84,"""/mn10  음……뭔가 시시하군.<br>선물도 엉망이고, 난 돌아갈 거다!"""
IncidentJsApcSuccess#84,"""/mn15 /ci2 1 후후후, 봤느냐, 네놈?<br>내 실력을 봤느냐?\u3000봤겠지!<br>좋아, 이제 준비를 재개한다!"""
IncidentJsApcBeginEvo#82,"""/mn15 /ci2 1 오오, 봐라, 네놈!<br>적이 또 나타났다!<br>저것도 폭파해도 되겠지?"""
IncidentJsMultiApcBegin#21,"""/toge /ci2 1 육망균형 클라리스 크레이스,<br>화려하게 등장이다!<br>자, 적군 아군 가리지 말고 경배해라!"""
IncidentJsMultiApcSuccess#21,"""/mn19 /ci2 4 응!\u3000난 전혀, 조금도<br>아무것도 모르겠지만<br>따라가겠다!\u3000그럼 안녕, 네놈!"""
EnemyWeak#94,"""어이, 겁도 없는 녀석이군!<br>그저 무모한 건가?"""
EnemyLarge#94,"""난 덩치 큰 녀석이 좋다!<br>쓰러뜨리는 보람이 있으니까!"""
EnemyBoss#94,"""지금부터가 진짜다!<br>끓어오르는군, 후하하하핫!"""
EnemyRare#94,"""오오오오오!<br>저건 엄청 희귀한 녀석이다!"""
EnemyBoost#94,"""뭐냐, 뭐냐!<br>이상한 녀석이 왔군!<br>쓰러뜨리는 건 변함없지만!"""
DestroyEnemy1#94,"""다음이다, 다음!"""
DestroyEnemy2#94,"""후하하하핫!<br>역시 나는 강하다!"""
DestroyEnemy3#93,"""제대로 들어갔군!"""
CondFreeze#94,"""동결됐지만, 뭐 괜찮아!<br>곧 어떻게든 되겠지!"""
CondBurn#94,"""연소됐지만, 뭐 괜찮아!<br>곧 어떻게든 되겠지!"""
CondShock#94,"""감전됐지만, 뭐 괜찮아!<br>곧 어떻게든 되겠지!"""
CondPoison#94,"""독에 걸렸지만, 뭐 괜찮아!<br>곧 어떻게든 되겠지!"""
CondPanic#94,"""혼란에 빠졌지만, 뭐 괜찮아!<br>곧 어떻게든 되겠지!"""
CondStan#94,"""움직일 수 없지만, 뭐 괜찮아!<br>곧 어떻게든 되겠지!"""
CondMirage#94,"""환혹에 빠졌지만, 뭐 괜찮아!<br>곧 어떻게든 되겠지!"""
Die#95,"""이 내가…!?"""
ThankHeal#94,"""고마워!"""
ThankBuff#94,"""난 절호조야!"""
ThankCure#94,"""난 완전히 회복했어!"""
DefeatEnemy#94,"""흥, 별것 아니군!"""
LevelUp#94,"""성장은 아름답다!"""
InvokeSkill1#83,"""내게서는 도망칠 수 없다!"""
InvokeSkill2#76,"""하하하하하!"""
InvokeSkill3#74,"""멋지게 끝내 주마!"""
PBFull#94,"""훗!<br>불타오르는 상황이다!"""
PBRelease#94,"""좋았어, 불타오르기 시작했다!"""
TacticsFree#90,"""난 평소대로 움직이겠다!"""
TacticsGuard#90,"""지키기보다 공격하고 싶다!"""
TacticsMassedAttack#90,"""효율적인 작전이군!"""
TacticsAttack#87,"""내 이름은 휴이!<br>두렵지 않다면 어디서든<br>덤벼라!\u3000하하하!"""
Avoid#94,"""훤히 보인다!"""
HealSelf#94,"""근성으로 회복!"""
BuffSelf#94,"""기합으로 보조!"""
HealOther#94,"""자네도 근성으로 회복하게!"""
BuffOther#94,"""자네도 이 보조를 활용하게!"""
QuestStart1#94,"""나한테 맡겨 둬라!"""
QuestStart2#70,"""자네와 함께하면 감이 좋다!"""
QuestEnd1#94,"""끝났다!"""
QuestEnd2#72,"""힘차게 움직였군!"""
IncidentStart#94,"""음, 뭔가 일어날 예감!"""
IncidentSuccess#94,"""대성공이군!"""
IncidentFailure#94,"""아직도 미숙하군…"""
PSE#94,"""음, 포톤이 시끄럽다!<br>이건 PSE의 예감이다!"""
PSELevelUp#94,"""좋아, 더 이어 간다!"""
PSEBurst#94,"""해냈다!<br>이게 최종 단계다!"""
HP30#94,"""이 정도 상처는 핥으면 낫는다!"""
HP10#94,"""죽음 속에서 살길을 찾는다!"""
ItemRare#94,"""오, 좋은 물건 아닌가!<br>가져라, 가져!"""
DamageSmall#95,"""큭"""
DamageMiddle#95,"""뭐라고!"""
DamageLarge#95,"""으윽!"""
Trap#94,"""함정이라니 비겁하군!"""
ThankTrapRescue#94,"""감사한다!"""
TrapRescueOther#94,"""기다리게 했군!"""
MemberDamaged#94,"""나한테 맡기고 물러나라!"""
MemberDead#94,"""…용서하지 않겠다, 절대로!"""
AbilityExe#94,"""/toge 나, 절호조!"""
AbilitySpecial#94,"""/toge 후하하!\u3000나한테 맡겨 둬라!"""
Resurrect#94,"""근성으로 부활!"""
PartyJoin#94,"""/ci1 1 맡겨만 주게!"""
Marvelous#94,"""바로 그 기세다!"""
IncidentJsApcBegin#85,"""/toge /ci2 1 곤란해하는 포톤을 감지하고!<br>육망균형 휴이, 성야의 차림으로 등장!<br>순록이 왔으니 이제 안심해라!"""
IncidentJsApcFailure#85,"""/toge 음……너무 들떠 있었나!<br>미안하지만 물러나겠다!<br>너도 무리하지 마라!"""
IncidentJsApcSuccess#85,"""/toge /ci2 1 후하핫!\u3000어떠냐, 이 모습을 봤나!<br>성야의 주역이라면 순록이다!<br>메리 크리스마스!"""
IncidentJsApcBeginEvo#83,"""/toge /ci2 아직도 오는가!<br>하하하, 제법 근성 있는 녀석들이군!<br>…하지만 난 멈추지 않는다!"""
IncidentJsMultiApcBegin#22,"""/toge /ci2 1 /mn15 후하하하하핫!<br>육망균형 휴이!\u3000화려하게 등장!<br>적에게 포위됐지만 신경 쓰지 마라!"""
IncidentJsMultiApcSuccess#22,"""/toge /ci2 1 /mn15 좋아, 좋아, 끝났군!<br>그럼 다음 포톤이 있는 곳으로<br>가 볼까, 클라리스 크레이스!"""
PartyJoin#95,"""/toge /ci2 1 저, 열심히 할게요!"""
IncidentJsApcBegin#86,"""/ci3 1 저를 위해서……<br>죄송해요!\u3000잘 부탁드립니다!"""
IncidentJsApcFailure#86,"""……더, 더는 무리예요.<br>죄송해요, 전 퇴각할게요."""
IncidentJsApcSuccess#86,"""/ci2 1 이걸로 끝!<br>저기, 정말 감사합니다!<br>덕분에 살았어요!"""
IncidentJsApcBeginEvo#84,"""/ci3 1 /toge ……조심해 주세요.<br>아주 큰 반응이<br>가까워지고 있어요!"""
AbilityExeRareU#0,"""(임시) 레어 유닛 장비 시 잠재력 발동"""
EnemyLargeRareW#0,"""(임시) 레어 무기 장비 시 대형 적 출현"""
EnemyBossRareW#0,"""(임시) 레어 무기 장비 시 보스 출현"""
EnemyRareRareW#0,"""(임시) 레어 무기 장비 시 희귀 적 출현"""
EnemyBoostRareW#0,"""(임시) 레어 무기 장비 시 강화 적 출현"""
PartyJoin#96,"""/ci1 1 잘 부탁드려요오."""
IncidentJsApcBegin#87,"""/ci1 1 죄송합니다, 마스터.<br>상황이 불리하여 협력을 요청합니다."""
IncidentJsApcFailure#87,"""……전투 지속, 불가능.<br>죄송합니다. 퇴각합니다."""
IncidentJsApcSuccess#87,"""/ci1 1 상황, 종료.<br>협력, 감사합니다."""
IncidentJsApcBeginEvo#85,"""/ci1 4 더욱 거대한 반응을 확인.<br>……옵니다."""
AbilityExeRareU#1,"""좋은 장비를 착용하니<br>평소보다 상태가 좋군요!"""
EnemyLargeRareW#1,"""마스터가 주신<br><weapon><br>이 무기라면 이길 수 있습니다!"""
EnemyBossRareW#1,"""마스터가 주신<br><weapon><br>이 무기로 결판내겠습니다!"""
EnemyRareRareW#1,"""희귀종을 발견했습니다.<br>제 무기와 어느 쪽이 더 희귀할까요?"""
EnemyBoostRareW#1,"""분위기가 다른 것 같습니다……<br><weapon><br>이 무기라면 해낼 수 있습니다!"""
PartyJoin#97,"""/ci2 1 그럼, 잘 부탁해"""
IncidentJsApcBegin#88,"""/ci2 2 미안해, 너에게 폐를<br>끼치고 싶진 않았는데……!"""
IncidentJsApcFailure#88,"""……더는 버틸 수 없어.<br>먼저 퇴각할게."""
IncidentJsApcSuccess#88,"""/ci2 1 ……어떻게든 해결했네.<br>고마워, 네 덕분이야."""
IncidentJsApcBeginEvo#86,"""/ci5 2 ……조심해.<br>아직 큰 반응이 있어."""
AbilityExeRareU#2,"""(임시) 레어 유닛 장비 시 잠재력 발동"""
EnemyLargeRareW#2,"""(임시) 레어 무기 장비 시 대형 적 출현"""
EnemyBossRareW#2,"""(임시) 레어 무기 장비 시 보스 출현"""
EnemyRareRareW#2,"""(임시) 레어 무기 장비 시 희귀 적 출현"""
EnemyBoostRareW#2,"""(임시) 레어 무기 장비 시 강화 적 출현"""
PartyJoin#98,"""/ci2 1 자, 잘 부탁드립니다!"""
IncidentJsApcBegin#89,"""/toge /ci4 1 ……앗, 당신은!<br>도, 도와주세요!<br>적에게 포위돼서……!"""
IncidentJsApcFailure#89,"""……더는 무리예요.<br>죄송해요, 먼저 퇴각할게요."""
IncidentJsApcSuccess#89,"""/ci2 1 가, 감사합니다!<br>덕분에 살았어요!<br>정말 정말 감사해요!"""
IncidentJsApcBeginEvo#87,"""/moya /ci4 4 이게 뭐지……<br>엄청 큰 반응이……!"""
AbilityExeRareU#3,"""(임시) 레어 유닛 장비 시 잠재력 발동"""
EnemyLargeRareW#3,"""(임시) 레어 무기 장비 시 대형 적 출현"""
EnemyBossRareW#3,"""(임시) 레어 무기 장비 시 보스 출현"""
EnemyRareRareW#3,"""(임시) 레어 무기 장비 시 희귀 적 출현"""
EnemyBoostRareW#3,"""(임시) 레어 무기 장비 시 강화 적 출현"""
PartyJoin#99,"""/ci1 4 그럼, 잘 부탁한다"""
IncidentJsApcBegin#90,"""/ci1 2 미안하다, 너에게<br>늘 신세만 지는군."""
IncidentJsApcFailure#90,"""……여기까지인가.<br>미안하다, 먼저 퇴각하겠다."""
IncidentJsApcSuccess#90,"""/ci2 5 제압……완료.<br>네 덕분이다. 감사한다."""
IncidentJsApcBeginEvo#88,"""/ci3 2 ……긴장 풀지 마라.<br>엄청난 녀석이 오는 모양이다."""
AbilityExeRareU#4,"""(임시) 레어 유닛 장비 시 잠재력 발동"""
EnemyLargeRareW#4,"""(임시) 레어 무기 장비 시 대형 적 출현"""
EnemyBossRareW#4,"""(임시) 레어 무기 장비 시 보스 출현"""
EnemyRareRareW#4,"""(임시) 레어 무기 장비 시 희귀 적 출현"""
EnemyBoostRareW#4,"""(임시) 레어 무기 장비 시 강화 적 출현"""
PartyJoin#100,"""/toge /ci2 1 잘 부탁해!"""
IncidentJsApcBegin#91,"""/ci2 3 /toge 오, 너 마침 잘 왔어!<br>적이 너무 많으니까<br>좀 도와줘!"""
IncidentJsApcFailure#91,"""……으윽, 젠장!<br>미안, 먼저 퇴각할게!"""
IncidentJsApcSuccess#91,"""/mn15 /ci2 1 좋아, 좋아!\u3000<br>끝났다!<br>도와줘서 고마워!"""
IncidentJsApcBeginEvo#89,"""/ci5 2 헉, 이 거대한 반응<br>아직 더 온다는 거야!"""
AbilityExeRareU#5,"""(임시) 레어 유닛 장비 시 잠재력 발동"""
EnemyLargeRareW#5,"""(임시) 레어 무기 장비 시 대형 적 출현"""
EnemyBossRareW#5,"""(임시) 레어 무기 장비 시 보스 출현"""
EnemyRareRareW#5,"""(임시) 레어 무기 장비 시 희귀 적 출현"""
EnemyBoostRareW#5,"""(임시) 레어 무기 장비 시 강화 적 출현"""
PartyJoin#101,"""/ci2 3 그럼, 잘 부탁드립니다"""
IncidentJsApcBegin#92,"""/ci4 1 죄송합니다……<br>당신에게 의지하기만 해서……"""
IncidentJsApcFailure#92,"""……더는 버틸 수 없습니다.<br>죄송합니다. 이만<br>퇴각하겠습니다."""
IncidentJsApcSuccess#92,"""/ci2 1 후우……무사히 끝났군요.<br>당신 덕분입니다<br>감사합니다."""
IncidentJsApcBeginEvo#90,"""/ci5 3 ……아직 끝나지 않은 듯합니다.<br>거대한 반응이 다가오고 있습니다."""
AbilityExeRareU#6,"""(임시) 레어 유닛 장비 시 잠재력 발동"""
EnemyLargeRareW#6,"""(임시) 레어 무기 장비 시 대형 적 출현"""
EnemyBossRareW#6,"""(임시) 레어 무기 장비 시 보스 출현"""
EnemyRareRareW#6,"""(임시) 레어 무기 장비 시 희귀 적 출현"""
EnemyBoostRareW#6,"""(임시) 레어 무기 장비 시 강화 적 출현"""
PartyJoin#102,"""/mn16 /ci2 1 네, 잘 부탁해!"""
IncidentJsApcBegin#93,"""/mn17 /ci2 1 와 줬구나!<br>고마워, 이젠 어떻게든 되겠어!"""
IncidentJsApcFailure#93,"""……으으, 나 너무 미숙해.<br>미안, 먼저 퇴각할게."""
IncidentJsApcSuccess#93,"""/ci2 2 해냈다!\u3000어떻게든 버텼어!<br>네 덕분이야!\u3000고마워!"""
IncidentJsApcBeginEvo#91,"""/mn19 /ci2 1 어라, 어라라?<br>뭔가 큰 반응이<br>다가오고 있어!"""
AbilityExeRareU#7,"""(임시) 레어 유닛 장비 시 잠재력 발동"""
EnemyLargeRareW#7,"""(임시) 레어 무기 장비 시 대형 적 출현"""
EnemyBossRareW#7,"""(임시) 레어 무기 장비 시 보스 출현"""
EnemyRareRareW#7,"""(임시) 레어 무기 장비 시 희귀 적 출현"""
EnemyBoostRareW#7,"""(임시) 레어 무기 장비 시 강화 적 출현"""
PartyJoin#103,"""/ci1 2 ……얼른 끝내자"""
IncidentJsApcBegin#94,"""/ci4 3 ……폐를 끼쳐서<br>미안해."""
IncidentJsApcFailure#94,"""……젠장, 폐만 끼치고 있어.<br>난 물러날게……미안해!"""
IncidentJsApcSuccess#94,"""/ci2 5 ……그게, 뭐라고 해야 하나<br>미안해. 그리고 고마워."""
IncidentJsApcBeginEvo#92,"""/moya /ci5 2 ……아직이야.<br>아직 끝나지 않았어."""
AbilityExeRareU#8,"""(임시) 레어 유닛 장비 시 잠재력 발동"""
EnemyLargeRareW#8,"""(임시) 레어 무기 장비 시 대형 적 출현"""
EnemyBossRareW#8,"""(임시) 레어 무기 장비 시 보스 출현"""
EnemyRareRareW#8,"""(임시) 레어 무기 장비 시 희귀 적 출현"""
EnemyBoostRareW#8,"""(임시) 레어 무기 장비 시 강화 적 출현"""
