0#0,"""HP+5"""
1#0,"""HP+10"""
2#0,"""HP+15"""
3#0,"""HP+20"""
4#0,"""HP+25"""
5#0,"""PP+3"""
6#0,"""PP+4"""
7#0,"""PP+5"""
8#0,"""PP+6"""
9#0,"""PP+7"""
10#0,"""Strike Weapon Damage+1.0%"""
11#0,"""Strike Weapon Damage+1.5%"""
12#0,"""Strike Weapon Damage+2.0%"""
13#0,"""Strike Weapon Damage+3.0%"""
15#0,"""Ranged Weapon Damage+1.0%"""
16#0,"""Ranged Weapon Damage+1.5%"""
17#0,"""Ranged Weapon Damage+2.0%"""
18#0,"""Ranged Weapon Damage+3.0%"""
20#0,"""Tech Weapon Damage+1.0%"""
21#0,"""Tech Weapon Damage+1.5%"""
22#0,"""Tech Weapon Damage+2.0%"""
23#0,"""Tech Weapon Damage+3.0%"""
25#0,"""Damage Variance+1.0%"""
26#0,"""Damage Variance+1.5%"""
27#0,"""Damage Variance+2.0%"""
28#0,"""Damage Variance+3.0%"""
29#0,"""Damage Variance+4.0%"""
30#0,"""Damage Resist+1.0%"""
31#0,"""Damage Resist+1.5%"""
32#0,"""Damage Resist+2.0%"""
33#0,"""Damage Resist+3.0%"""
34#0,"""Damage Resist+4.0%"""
35#0,"""Damage+0.5% <br>Damage Variance+0.5% <br>Damage Resist+0.5%"""
36#0,"""Damage+1.0% <br>Damage Variance+1.0% <br>Damage Resist+1.0%"""
37#0,"""Damage+1.5% <br>Damage Variance+1.5% <br>Damage Resist+1.5%"""
38#0,"""Damage+2.5% <br>Damage Variance+2.5% <br>Damage Resist+2.5%"""
39#0,"""Damage+3.5%<br>Damage Variance+3.5%<br>Damage Resist+3.5%"""
40#0,"""Strike Weapon Damage+2.0%"""
41#0,"""Strike Weapon Damage+2.0% <br>Damage Resist+2.0%"""
42#0,"""HP+5"""
43#0,"""HP+10 <br>Damage Resist+2.0%"""
44#0,"""PP+5 <br>Damage Variance+1.0%"""
45#0,"""PP+5 <br>Damage Variance+2.0%"""
46#0,"""PP+5 <br>Strike Weapon Damage+1.0%"""
47#0,"""PP+5 <br>Strike Weapon Damage+2.0%"""
48#0,"""PP+5 <br>Ranged Weapon Damage+1.0%"""
49#0,"""PP+5 <br>Ranged Weapon Damage+2.0%"""
50#0,"""PP+5 <br>Tech Weapon Damage+1.0%"""
51#0,"""PP+5 <br>Tech Weapon Damage+2.0%"""
52#0,"""HP+5 PP+3"""
53#0,"""Strike Weapon Damage+1.0% <br>Ranged Weapon Damage+1.0%"""
54#0,"""Strike Weapon Damage+1.0% <br>Tech Weapon Damage+1.0%"""
55#0,"""Ranged Weapon Damage+1.0% <br>Tech Weapon Damage+1.0%"""
56#0,"""Strike Weapon Damage+1.5%"""
57#0,"""Ranged Weapon Damage+1.5%"""
58#0,"""Tech Weapon Damage+1.5%"""
60#0,"""HP+5 PP+3 <br>Damage+1.5%"""
61#0,"""HP+20<br>Strike Weapon Damage+2.5%"""
62#0,"""PP+6<br>Strike Weapon Damage+2.5%"""
63#0,"""Strike Weapon Damage+2.5%<br>Damage Variance+2.5%"""
64#0,"""Ranged Weapon Damage+2.5%<br>Damage Variance+2.5%"""
65#0,"""Tech Weapon Damage+2.5%<br>Damage Variance+2.5%"""
66#0,"""Tech Weapon Damage+2.5%<br>Damage Resist+2.5%"""
67#0,"""Tech Weapon Damage+2.5%<br>Down Resist+20.0%"""
68#0,"""Down Resist+25.0%"""
69#0,"""HP-10 <br>Damage+1.0% <br>Damage Variance+1.0% <br>Damage Resist-1.5%"""
70#0,"""HP-10 <br>Damage+1.5% <br>Damage Variance+1.5% <br>Damage Resist-1.5%"""
71#0,"""HP+5 <br>Strike Weapon Damage+1.5%"""
72#0,"""HP+10 <br>Strike Weapon Damage+2.0%"""
73#0,"""HP+5 <br>Ranged Weapon Damage+1.5%"""
74#0,"""HP+10 <br>Ranged Weapon Damage+2.0%"""
75#0,"""HP+5 <br>Tech Weapon Damage+1.5%"""
76#0,"""HP+10 <br>Tech Weapon Damage+2.0%"""
77#0,"""HP+10 PP+3 <br>Damage Variance+1.0% <br>Damage Resist+1.0%"""
78#0,"""HP+15 PP+4 <br>Damage Variance+1.5% <br>Damage Resist+1.5%"""
79#0,"""มอบ 400 Grind EXP เมื่อ<br>ใช้เป็นวัตถุดิบตีบวก"""
80#0,"""มอบ 450 Grind EXP เมื่อ<br>ใช้เป็นวัตถุดิบตีบวก"""
81#0,"""Strike Weapon Damage+0.75% <br>Ranged Weapon Damage+0.75%"""
82#0,"""Strike Weapon Damage+1.25% <br>Ranged Weapon Damage+1.25%"""
83#0,"""Strike Weapon Damage+1.75% <br>Ranged Weapon Damage+1.75%"""
84#0,"""Strike Weapon Damage+0.75% <br>Tech Weapon Damage+0.75%"""
85#0,"""Strike Weapon Damage+1.25% <br>Tech Weapon Damage+1.25%"""
86#0,"""Strike Weapon Damage+1.75% <br>Tech Weapon Damage+1.75%"""
87#0,"""Ranged Weapon Damage+0.75% <br>Tech Weapon Damage+0.75%"""
88#0,"""Ranged Weapon Damage+1.25% <br>Tech Weapon Damage+1.25%"""
89#0,"""Ranged Weapon Damage+1.75% <br>Tech Weapon Damage+1.75%"""
90#0,"""HP+15 <br>Ranged Weapon Damage+1.0%"""
91#0,"""HP+15 <br>Ranged Weapon Damage+2.0%"""
92#0,"""HP+15 <br>Ranged Weapon Damage+2.5%"""
93#0,"""PP+5 <br>Damage Variance+2.5%"""
94#0,"""HP+15 <br>Strike Weapon Damage+1.0%"""
95#0,"""HP+15 <br>Strike Weapon Damage+2.0%"""
96#0,"""HP+15 <br>Strike Weapon Damage+2.5%"""
97#0,"""HP+15 <br>Tech Weapon Damage+1.0%"""
98#0,"""HP+15 <br>Tech Weapon Damage+2.0%"""
99#0,"""HP+15 <br>Tech Weapon Damage+2.5%"""
100#0,"""HP+15 <br>Damage Resist+2.5%"""
101#0,"""HP-10 <br>Damage+2.0% <br>Damage Variance+2.0% <br>Damage Resist-1.5%"""
102#0,"""HP+10"""
103#0,"""HP+5 <br>Strike/Ranged Weapon Damage+0.75%"""
104#0,"""HP+5 <br>Strike/Tech Weapon Damage+0.75%"""
105#0,"""HP+5 <br>Ranged/Tech Weapon Damage+0.75%"""
106#0,"""HP+10 PP+3 <br>Damage Variance+2.0%"""
107#0,"""Damage+1.25%"""
108#0,"""HP+15 <br>Damage+1.5%"""
109#0,"""HP+15 <br>Strike Weapon Damage+2.5%"""
110#0,"""HP+15 <br>Ranged Weapon Damage+2.5%"""
111#0,"""HP+15 <br>Tech Weapon Damage+2.5%"""
112#0,"""HP+30 PP+7 <br>Damage Variance+2.0% <br>Damage Resist+2.0%"""
113#0,"""มอบ 5,000 Grind EXP เมื่อ<br>ใช้เป็นวัตถุดิบตีบวก"""
114#0,"""HP+10"""
115#0,"""PP+4"""
116#0,"""Strike Weapon Damage+1.5%"""
117#0,"""Ranged Weapon Damage+1.5%"""
118#0,"""Tech Weapon Damage+1.5%"""
119#0,"""Damage Variance+1.5%"""
120#0,"""Damage Resist+1.5%"""
121#0,"""Damage+0.5% <br>Damage Variance+0.5% <br>Damage Resist+0.5%"""
122#0,"""Strike Weapon Damage+2.0% <br>Damage Resist+2.0%"""
123#0,"""HP+10 <br>Damage Resist+2.0%"""
124#0,"""PP+5 <br>Damage Variance+2.0%"""
125#0,"""HP-10 <br>Damage+1.0% <br>Damage Variance+1.0% <br>Damage Resist-1.5%"""
126#0,"""Strike/Ranged Weapon Damage+1.25%"""
127#0,"""Strike/Tech Weapon Damage+1.25%"""
128#0,"""Ranged/Tech Weapon Damage+1.25%"""
129#0,"""HP+15"""
130#0,"""PP+5"""
131#0,"""Damage Variance+2.0%"""
132#0,"""Damage Resist+2.0%"""
133#0,"""PP+5 <br>Strike Weapon Damage+2.0%"""
134#0,"""Strike Weapon Damage+2.0%"""
135#0,"""Ranged Weapon Damage+2.0%"""
136#0,"""Tech Weapon Damage+2.0%"""
137#0,"""Damage+1.0% <br>Damage Variance+1.0% <br>Damage Resist+1.0%"""
138#0,"""PP+5 <br>Ranged Weapon Damage+2.0%"""
139#0,"""PP+5 <br>Tech Weapon Damage+2.0%"""
140#0,"""HP-10 <br>Damage+1.5% <br>Damage Variance+1.5% <br>Damage Resist-1.5%"""
141#0,"""HP+10 <br>Strike Weapon Damage+2.0%"""
142#0,"""HP+10 <br>Ranged Weapon Damage+2.0%"""
143#0,"""HP+10 <br>Tech Weapon Damage+2.0%"""
144#0,"""HP+15 PP+4 <br>Damage Variance+1.5% <br>Damage Resist+1.5%"""
145#0,"""Strike/Ranged Weapon Damage+1.75%"""
146#0,"""Strike/Tech Weapon Damage+1.75%"""
147#0,"""Ranged/Tech Weapon Damage+1.75%"""
148#0,"""Strike Weapon Damage+2.0% <br>Damage Resist+2.5%"""
149#0,"""Ranged Weapon Damage+2.0%"""
150#0,"""Ranged Weapon Damage+2.0% <br>Damage Resist+2.0%"""
151#0,"""Ranged Weapon Damage+2.0% <br>Damage Resist+2.5%"""
152#0,"""Tech Weapon Damage+2.0%"""
153#0,"""Tech Weapon Damage+2.0% <br>Damage Resist+2.0%"""
154#0,"""Tech Weapon Damage+2.0% <br>Damage Resist+2.5%"""
155#0,"""HP+20 <br>Ranged Weapon Damage+2.5%"""
156#0,"""HP+20 <br>Tech Weapon Damage+2.5%"""
157#0,"""HP+10 PP+3 <br>Strike Weapon Damage+2.5%"""
158#0,"""HP+10 PP+3 <br>Ranged Weapon Damage+2.5%"""
159#0,"""HP+10 PP+3 <br>Tech Weapon Damage+2.5%"""
160#0,"""PP+6 <br>Ranged Weapon Damage+2.5%"""
161#0,"""PP+6 <br>Tech Weapon Damage+2.5%"""
162#0,"""Strike Weapon Damage+2.5% <br>Damage Resist+2.5%"""
163#0,"""Ranged Weapon Damage+2.5% <br>Damage Resist+2.5%"""
164#0,"""Strike Weapon Damage+2.5% <br>Down Resist+20.0%"""
165#0,"""Ranged Weapon Damage+2.5% <br>Down Resist+20.0%"""
166#0,"""HP+10 PP+4<br>Damage+1.25%"""
167#0,"""HP+10 PP+4<br>Damage+1.75%"""
168#0,"""HP+10 PP+4<br>Damage+2.25%"""
169#0,"""PP+5<br>Strike Weapon Damage+2.5%"""
170#0,"""PP+5<br>Ranged Weapon Damage+2.5%"""
171#0,"""PP+5<br>Tech Weapon Damage+2.5%"""
172#0,"""HP+15<br>Strike Weapon Damage+2.0%"""
173#0,"""PP+5<br>Strike Weapon Damage+2.0%"""
174#0,"""Strike Weapon Damage+2.0%<br>Damage Variance+2.0%"""
175#0,"""Strike Weapon Damage+2.0%<br>Damage Resist+2.0%"""
176#0,"""HP+15<br>Ranged Weapon Damage+2.0%"""
177#0,"""PP+5<br>Ranged Weapon Damage+2.0%"""
178#0,"""Ranged Weapon Damage+2.0%<br>Damage Variance+2.0%"""
179#0,"""Ranged Weapon Damage+2.0%<br>Damage Resist+2.0%"""
180#0,"""HP+15<br>Tech Weapon Damage+2.0%"""
181#0,"""PP+5<br>Tech Weapon Damage+2.0%"""
182#0,"""Tech Weapon Damage+2.0%<br>Damage Variance+2.0%"""
183#0,"""Tech Weapon Damage+2.0%<br>Damage Resist+2.0%"""
184#0,"""Damage+1.0%"""
185#0,"""HP-5<br>Strike Weapon Damage+2.25%"""
186#0,"""PP-3<br>Strike Weapon Damage+2.25%"""
187#0,"""Strike Weapon Damage+2.25%<br>Damage Variance-1.0%"""
188#0,"""Strike Weapon Damage+2.25%<br>Damage Resist-1.0%"""
189#0,"""HP-5<br>Ranged Weapon Damage+2.25%"""
190#0,"""PP-3<br>Ranged Weapon Damage+2.25%"""
191#0,"""Ranged Weapon Damage+2.25%<br>Damage Variance-1.0%"""
192#0,"""Ranged Weapon Damage+2.25%<br>Damage Resist-1.0%"""
193#0,"""HP-5<br>Tech Weapon Damage+2.25%"""
194#0,"""PP-3<br>Tech Weapon Damage+2.25%"""
195#0,"""Tech Weapon Damage+2.25%<br>Damage Variance-1.0%"""
196#0,"""Tech Weapon Damage+2.25%<br>Damage Resist-1.0%"""
197#0,"""HP+10 PP+3<br>Strike Weapon Damage+1.0%"""
198#0,"""HP+10 PP+3<br>Strike Weapon Damage+2.0%"""
199#0,"""HP+10 PP+3<br>Strike Weapon Damage+2.5%"""
200#0,"""HP+10 PP+3<br>Ranged Weapon Damage+1.0%"""
201#0,"""HP+10 PP+3<br>Ranged Weapon Damage+2.0%"""
202#0,"""HP+10 PP+3<br>Ranged Weapon Damage+2.5%"""
203#0,"""HP+10 PP+3<br>Tech Weapon Damage+1.0%"""
204#0,"""HP+10 PP+3<br>Tech Weapon Damage+2.0%"""
205#0,"""HP+10 PP+3<br>Tech Weapon Damage+2.5%"""
206#0,"""HP+10 PP+5"""
207#0,"""Strike/Ranged Weapon Damage+2.0%<br>Damage Resist-2.0%"""
208#0,"""Strike/Tech Weapon Damage+2.0%<br>Damage Resist-2.0%"""
209#0,"""Ranged/Tech Weapon Damage+2.0%<br>Damage Resist-2.0%"""
210#0,"""HP+10<br>Damage+1.25%"""
211#0,"""PP+3<br>Damage+1.25%"""
212#0,"""PP+5<br>Damage+2.0%<br>Damage Resist-2.0%"""
213#0,"""PP+5<br>Strike/Ranged Weapon Damage+2.5%"""
214#0,"""PP+5<br>Strike/Tech Weapon Damage+2.5%"""
215#0,"""PP+5<br>Ranged/Tech Weapon Damage+2.5%"""
216#0,"""HP+15<br>Strike/Ranged Weapon Damage+2.5%"""
217#0,"""HP+15<br>Strike/Tech Weapon Damage+2.5%"""
218#0,"""HP+15<br>Ranged/Tech Weapon Damage+2.5%"""
219#0,"""HP+10 PP+3<br>Strike/Ranged Weapon Damage+2.5%"""
220#0,"""HP+10 PP+3<br>Strike/Tech Weapon Damage+2.5%"""
221#0,"""HP+10 PP+3<br>Ranged/Tech Weapon Damage+2.5%"""
222#0,"""Damage+2.0%"""
223#0,"""HP+15<br>Strike/Ranged Weapon Damage+2.5%"""
224#0,"""HP+15<br>Strike/Tech Weapon Damage+2.5%"""
225#0,"""HP+15<br>Ranged/Tech Weapon Damage+2.5%"""
226#0,"""HP+15<br>Strike Weapon Damage+2.0%"""
227#0,"""HP+15<br>Tech Weapon Damage+2.0%"""
228#0,"""Ranged Weapon Damage+2.0%<br>Damage Resist+2.0%"""
229#0,"""Tech Weapon Damage+2.0%<br>Damage Resist+2.0%"""
230#0,"""HP+15<br>Ranged Weapon Damage+2.0%"""
231#0,"""HP+10 PP+4<br>Damage+1.75%"""
232#0,"""HP+15<br>Strike Weapon Damage+2.0%"""
233#0,"""PP+5<br>Strike Weapon Damage+2.0%"""
234#0,"""Strike Weapon Damage+2.0%<br>Damage Variance+2.0%"""
235#0,"""Strike Weapon Damage+2.0%<br>Damage Resist+2.0%"""
236#0,"""HP+15<br>Ranged Weapon Damage+2.0%"""
237#0,"""PP+5<br>Ranged Weapon Damage+2.0%"""
238#0,"""Ranged Weapon Damage+2.0%<br>Damage Variance+2.0%"""
239#0,"""Ranged Weapon Damage+2.0%<br>Damage Resist+2.0%"""
240#0,"""HP+15<br>Tech Weapon Damage+2.0%"""
241#0,"""PP+5<br>Tech Weapon Damage+2.0%"""
242#0,"""Tech Weapon Damage+2.0%<br>Damage Variance+2.0%"""
243#0,"""Tech Weapon Damage+2.0%<br>Damage Resist+2.0%"""
244#0,"""Damage+1.5%<br>Damage Variance+1.5%<br>Damage Resist+1.5%"""
245#0,"""HP+15<br>Strike Weapon Damage+2.5%"""
246#0,"""HP+15<br>Ranged Weapon Damage+2.5%"""
247#0,"""HP+15<br>Tech Weapon Damage+2.5%"""
248#0,"""HP+15<br>Strike Weapon Damage+2.5%"""
249#0,"""HP+15<br>Tech Weapon Damage+2.5%"""
250#0,"""Ranged Weapon Damage+2.0%<br>Damage Resist+2.5%"""
251#0,"""Tech Weapon Damage+2.0%<br>Damage Resist+2.5%"""
252#0,"""HP+15<br>Ranged Weapon Damage+2.5%"""
253#0,"""PP+5<br>Damage+2.0%<br>Damage Resist-2.0%"""
254#0,"""Damage+2.5%<br>Damage Variance+2.5%<br>Damage Resist+2.5%"""
255#0,"""HP+10 PP+4<br>Damage+2.25%"""
256#0,"""PP+5<br>Strike Weapon Damage+2.5%"""
257#0,"""PP+5<br>Ranged Weapon Damage+2.5%"""
258#0,"""PP+5<br>Tech Weapon Damage+2.5%"""
259#0,"""HP-5<br>Strike Weapon Damage+2.25%"""
260#0,"""PP-3<br>Strike Weapon Damage+2.25%"""
261#0,"""Strike Weapon Damage+2.25%<br>Damage Variance-1.0%"""
262#0,"""Strike Weapon Damage+2.25%<br>Damage Resist-1.0%"""
263#0,"""HP-5<br>Ranged Weapon Damage+2.25%"""
264#0,"""PP-3<br>Ranged Weapon Damage+2.25%"""
265#0,"""Ranged Weapon Damage+2.25%<br>Damage Variance-1.0%"""
266#0,"""Ranged Weapon Damage+2.25%<br>Damage Resist-1.0%"""
267#0,"""HP-5<br>Tech Weapon Damage+2.25%"""
268#0,"""PP-3<br>Tech Weapon Damage+2.25%"""
269#0,"""Tech Weapon Damage+2.25%<br>Damage Variance-1.0%"""
270#0,"""Tech Weapon Damage+2.25%<br>Damage Resist-1.0%"""
271#0,"""HP+10 PP+3<br>Strike Weapon Damage+2.0%"""
272#0,"""HP+10 PP+3<br>Strike Weapon Damage+2.5%"""
273#0,"""HP+10 PP+3<br>Ranged Weapon Damage+2.0%"""
274#0,"""HP+10 PP+3<br>Ranged Weapon Damage+2.5%"""
275#0,"""HP+10 PP+3<br>Tech Weapon Damage+2.0%"""
276#0,"""HP+10 PP+3<br>Tech Weapon Damage+2.5%"""
277#0,"""HP+20<br>Strike Weapon Damage+2.5%"""
278#0,"""HP+20<br>Ranged Weapon Damage+2.5%"""
279#0,"""HP+20<br>Tech Weapon Damage+2.5%"""
280#0,"""HP+10 PP+3<br>Strike Weapon Damage+2.5%"""
281#0,"""HP+10 PP+3<br>Ranged Weapon Damage+2.5%"""
282#0,"""HP+10 PP+3<br>Tech Weapon Damage+2.5%"""
283#0,"""PP+6<br>Strike Weapon Damage+2.5%"""
284#0,"""PP+6<br>Ranged Weapon Damage+2.5%"""
285#0,"""PP+6<br>Tech Weapon Damage+2.5%"""
286#0,"""Strike Weapon Damage+2.5%<br>Damage Variance+2.5%"""
287#0,"""Ranged Weapon Damage+2.5%<br>Damage Variance+2.5%"""
288#0,"""Tech Weapon Damage+2.5%<br>Damage Variance+2.5%"""
289#0,"""Strike Weapon Damage+2.5%<br>Damage Resist+2.5%"""
290#0,"""Ranged Weapon Damage+2.5%<br>Damage Resist+2.5%"""
291#0,"""Tech Weapon Damage+2.5%<br>Damage Resist+2.5%"""
292#0,"""Strike Weapon Damage+2.5%<br>Down Resist+20.0%"""
293#0,"""Ranged Weapon Damage+2.5%<br>Down Resist+20.0%"""
294#0,"""Tech Weapon Damage+2.5%<br>Down Resist+20.0%"""
295#0,"""HP+15<br>Strike Weapon Damage+2.0%"""
296#0,"""HP+15<br>Ranged Weapon Damage+2.0%"""
297#0,"""HP+15<br>Tech Weapon Damage+2.0%"""
298#0,"""PP+5<br>Strike Weapon Damage+2.0%"""
299#0,"""PP+5<br>Ranged Weapon Damage+2.0%"""
300#0,"""PP+5<br>Tech Weapon Damage+2.0%"""
301#0,"""Strike Weapon Damage+2.25%"""
302#0,"""HP+20<br>Strike/Ranged Weapon Damage+3.0%<br>Damage Variance+1.0%"""
303#0,"""HP+20<br>Strike/Tech Weapon Damage+3.0%<br>Damage Variance+1.0%"""
304#0,"""HP+20<br>Ranged/Tech Weapon Damage+3.0%<br>Damage Variance+1.0%"""
305#0,"""HP+10 PP+3<br>Strike/Ranged Weapon Damage+3.0%<br>Damage Variance+1.0%"""
306#0,"""HP+10 PP+3<br>Strike/Tech Weapon Damage+3.0%<br>Damage Variance+1.0%"""
307#0,"""HP+10 PP+3<br>Ranged/Tech Weapon Damage+3.0%<br>Damage Variance+1.0%"""
308#0,"""PP+6<br>Strike/Ranged Weapon Damage+3.0%<br>Damage Variance+1.0%"""
309#0,"""PP+6<br>Strike/Tech Weapon Damage+3.0%<br>Damage Variance+1.0%"""
310#0,"""PP+6<br>Ranged/Tech Weapon Damage+3.0%<br>Damage Variance+1.0%"""
311#0,"""Strike/Ranged Weapon Damage+3.0%<br>Damage Variance+2.75%"""
312#0,"""Strike/Tech Weapon Damage+3.0%<br>Damage Variance+2.75%"""
313#0,"""Ranged/Tech Weapon Damage+3.0%<br>Damage Variance+2.75%"""
314#0,"""Strike/Ranged Weapon Damage+3.0%<br>Damage Resist+2.5%<br>Damage Variance+1.0%"""
315#0,"""Strike/Tech Weapon Damage+3.0%<br>Damage Resist+2.5%<br>Damage Variance+1.0%"""
316#0,"""Ranged/Tech Weapon Damage+3.0%<br>Damage Resist+2.5%<br>Damage Variance+1.0%"""
317#0,"""Strike/Ranged Weapon Damage+3.0%<br>Down Resist+20.0%<br>Damage Variance+1.0%"""
318#0,"""Strike/Tech Weapon Damage+3.0%<br>Down Resist+20.0%<br>Damage Variance+1.0%"""
319#0,"""Ranged/Tech Weapon Damage+3.0%<br>Down Resist+20.0%<br>Damage Variance+1.0%"""
320#0,"""HP+15<br>Strike Weapon Damage+2.0%"""
321#0,"""HP+15<br>Ranged Weapon Damage+2.0%"""
322#0,"""HP+15<br>Tech Weapon Damage+2.0%"""
323#0,"""PP+5<br>Strike Weapon Damage+2.0%"""
324#0,"""PP+5<br>Ranged Weapon Damage+2.0%"""
325#0,"""PP+5<br>Tech Weapon Damage+2.0%"""
326#0,"""Strike Weapon Damage+2.25%"""
327#0,"""HP+20<br>Strike/Ranged Weapon Damage+3.0%<br>Damage Variance+1.0%"""
328#0,"""HP+20<br>Strike/Tech Weapon Damage+3.0%<br>Damage Variance+1.0%"""
329#0,"""HP+20<br>Ranged/Tech Weapon Damage+3.0%<br>Damage Variance+1.0%"""
330#0,"""HP+10 PP+3<br>Strike/Ranged Weapon Damage+3.0%<br>Damage Variance+1.0%"""
331#0,"""HP+10 PP+3<br>Strike/Tech Weapon Damage+3.0%<br>Damage Variance+1.0%"""
332#0,"""HP+10 PP+3<br>Ranged/Tech Weapon Damage+3.0%<br>Damage Variance+1.0%"""
333#0,"""PP+6<br>Strike/Ranged Weapon Damage+3.0%<br>Damage Variance+1.0%%"""
334#0,"""PP+6<br>Strike/Tech Weapon Damage+3.0%<br>Damage Variance+1.0%"""
335#0,"""PP+6<br>Ranged/Tech Weapon Damage+3.0%<br>Damage Variance+1.0%"""
336#0,"""Strike/Ranged Weapon Damage+3.0%<br>Damage Variance+2.75%"""
337#0,"""Strike/Tech Weapon Damage+3.0%<br>Damage Variance+2.75%"""
338#0,"""Ranged/Tech Weapon Damage+3.0%<br>Damage Variance+2.75%"""
339#0,"""Strike/Ranged Weapon Damage+3.0%<br>Damage Resist+2.50%<br>Damage Variance+1.0%"""
340#0,"""Strike/Tech Weapon Damage+3.0%<br>Damage Resist+2.50%<br>Damage Variance+1.0%"""
341#0,"""Ranged/Tech Weapon Damage+3.0%<br>Damage Resist+2.50%<br>Damage Variance+1.0%"""
342#0,"""Strike/Ranged Weapon Damage+3.0%<br>Down Resist+20.0%<br>Damage Variance+1.0%"""
343#0,"""Strike/Tech Weapon Damage+3.0%<br>Down Resist+20.0%<br>Damage Variance+1.0%"""
344#0,"""Ranged/Tech Weapon Damage+3.0%<br>Down Resist+20.0%<br>Damage Variance+1.0%"""
345#0,"""HP+20<br>Strike Weapon Damage+2.5%<br>Cold Damage Resist+25.0%"""
346#0,"""HP+20<br>Ranged Weapon Damage+2.5%<br>Cold Damage Resist+25.0%"""
347#0,"""HP+20<br>Tech Weapon Damage+2.5%<br>Cold Damage Resist+25.0%"""
348#0,"""HP+10 PP+3<br>Strike Weapon Damage+2.5%<br>Cold Damage Resist+25.0%"""
349#0,"""HP+10 PP+3<br>Ranged Weapon Damage+2.5%<br>Cold Damage Resist+25.0%"""
350#0,"""HP+10 PP+3<br>Tech Weapon Damage+2.5%<br>Cold Damage Resist+25.0%"""
351#0,"""PP+6<br>Strike Weapon Damage+2.5%<br>Cold Damage Resist+25.0%"""
352#0,"""PP+6<br>Ranged Weapon Damage+2.5%<br>Cold Damage Resist+25.0%"""
353#0,"""PP+6<br>Tech Weapon Damage+2.5%<br>Cold Damage Resist+25.0%"""
354#0,"""Strike Weapon Damage+2.5%<br>Damage Variance+2.5%<br>Cold Damage Resist+25.0%"""
355#0,"""Ranged Weapon Damage+2.5%<br>Damage Variance+2.5%<br>Cold Damage Resist+25.0%"""
356#0,"""Tech Weapon Damage+2.5%<br>Damage Variance+2.5%<br>Cold Damage Resist+25.0%"""
357#0,"""Strike Weapon Damage+2.5%<br>Damage Resist+2.5%<br>Cold Damage Resist+25.0%"""
358#0,"""Ranged Weapon Damage+2.5%<br>Damage Resist+2.5%<br>Cold Damage Resist+25.0%"""
359#0,"""Tech Weapon Damage+2.5%<br>Damage Resist+2.5%<br>Cold Damage Resist+25.0%"""
360#0,"""Strike Weapon Damage+2.5%<br>Down Resist+20.0%<br>Cold Damage Resist+25.0%"""
361#0,"""Ranged Weapon Damage+2.5%<br>Down Resist+20.0%<br>Cold Damage Resist+25.0%"""
362#0,"""Tech Weapon Damage+2.5%<br>Down Resist+20.0%<br>Cold Damage Resist+25.0%"""
363#0,"""Ranged Weapon Damage+2.25%"""
364#0,"""Tech Weapon Damage+2.25%"""
365#0,"""HP+25<br>Damage+1.25%"""
366#0,"""HP+25<br>Damage+1.75%"""
367#0,"""HP+25<br>Damage+2.25%"""
368#0,"""Ranged Weapon Damage+2.25%"""
369#0,"""Tech Weapon Damage+2.25%"""
370#0,"""HP+25<br>Damage+1.25%"""
371#0,"""HP+25<br>Damage+1.75%"""
372#0,"""HP+25<br>Damage+2.25%"""
373#0,"""HP+20<br>Strike Weapon Damage+2.5%<br>Cold Damage Resist+25.0%"""
374#0,"""HP+20<br>Ranged Weapon Damage+2.5%<br>Cold Damage Resist+25.0%"""
375#0,"""HP+20<br>Tech Weapon Damage+2.5%<br>Cold Damage Resist+25.0%"""
376#0,"""HP+10 PP+3<br>Strike Weapon Damage+2.5%<br>Cold Damage Resist+25.0%"""
377#0,"""HP+10 PP+3<br>Ranged Weapon Damage+2.5%<br>Cold Damage Resist+25.0%"""
378#0,"""HP+10 PP+3<br>Tech Weapon Damage+2.5%<br>Cold Damage Resist+25.0%"""
379#0,"""PP+6<br>Strike Weapon Damage+2.5%<br>Cold Damage Resist+25.0%"""
380#0,"""PP+6<br>Ranged Weapon Damage+2.5%<br>Cold Damage Resist+25.0%"""
381#0,"""PP+6<br>Tech Weapon Damage+2.5%<br>Cold Damage Resist+25.0%"""
382#0,"""Strike Weapon Damage+2.5%<br>Damage Variance+2.5%<br>Cold Damage Resist+25.0%"""
383#0,"""Ranged Weapon Damage+2.5%<br>Damage Variance+2.5%<br>Cold Damage Resist+25.0%"""
384#0,"""Tech Weapon Damage+2.5%<br>Damage Variance+2.5%<br>Cold Damage Resist+25.0%"""
385#0,"""Strike Weapon Damage+2.5%<br>Damage Resist+2.5%<br>Cold Damage Resist+25.0%"""
386#0,"""Ranged Weapon Damage+2.5%<br>Damage Resist+2.5%<br>Cold Damage Resist+25.0%"""
387#0,"""Tech Weapon Damage+2.5%<br>Damage Resist+2.5%<br>Cold Damage Resist+25.0%"""
388#0,"""Strike Weapon Damage+2.5%<br>Down Resist+20.0%<br>Cold Damage Resist+25.0%"""
389#0,"""Ranged Weapon Damage+2.5%<br>Down Resist+20.0%<br>Cold Damage Resist+25.0%"""
390#0,"""Tech Weapon Damage+2.5%<br>Down Resist+20.0%<br>Cold Damage Resist+25.0%"""
394#0,"""Strike Weapon Damage+2.5%<br>Damage Resist+2.5%"""
395#0,"""Strike Weapon Damage+3.5%<br>Damage Resist+2.5%"""
396#0,"""Strike/Ranged Weapon Damage+2.75%"""
398#0,"""Strike/Tech Weapon Damage+2.75%"""
400#0,"""Ranged/Tech Weapon Damage+2.75%"""
402#0,"""HP+15<br>Ranged Weapon Damage+3.0%"""
403#0,"""HP+15<br>Ranged Weapon Damage+4.0%"""
404#0,"""PP+5<br>Damage Variance+3.0%"""
405#0,"""PP+5<br>Damage Variance+4.0%"""
406#0,"""HP+15<br>Strike Weapon Damage+3.0%"""
407#0,"""HP+15<br>Strike Weapon Damage+4.0%"""
408#0,"""HP+15<br>Tech Weapon Damage+3.0%"""
409#0,"""HP+15<br>Tech Weapon Damage+4.0%"""
410#0,"""HP+15<br>Damage Resist+2.5%"""
411#0,"""HP+20<br>Damage Resist+3.5%"""
412#0,"""HP-10<br>Damage+2.5%<br>Damage Variance+2.5%<br>Damage Resist-1.5%"""
413#0,"""HP-10<br>Damage+2.75%<br>Damage Variance+2.75%<br>Damage Resist-1.5%"""
414#0,"""HP+20<br>Strike Weapon Damage+3.0%"""
415#0,"""HP+25<br>Strike Weapon Damage+4.0%"""
416#0,"""HP+20<br>Ranged Weapon Damage+3.0%"""
417#0,"""HP+25<br>Ranged Weapon Damage+4.0%"""
418#0,"""HP+20<br>Tech Weapon Damage+3.0%"""
419#0,"""HP+25<br>Tech Weapon Damage+4.0%"""
420#0,"""HP+50 PP+10<br>Damage Variance+6.0%<br>Damage Resist+3.0%"""
421#0,"""HP+60 PP+12<br>Damage Variance+8.0%<br>Damage Resist+3.5%"""
422#0,"""Ranged Weapon Damage+2.5%<br>Damage Resist+2.5%"""
423#0,"""Ranged Weapon Damage+3.5%<br>Damage Resist+2.5%"""
424#0,"""Tech Weapon Damage+2.5%<br>Damage Resist+2.5%"""
425#0,"""Tech Weapon Damage+3.5%<br>Damage Resist+2.5%"""
426#0,"""HP+10 PP+4<br>Damage+2.75%"""
427#0,"""HP+10 PP+4<br>Damage+3.75%"""
428#0,"""PP+5<br>Strike Weapon Damage+3.0%"""
429#0,"""PP+5<br>Strike Weapon Damage+4.0%"""
430#0,"""PP+5<br>Ranged Weapon Damage+3.0%"""
431#0,"""PP+5<br>Ranged Weapon Damage+4.0%"""
432#0,"""PP+5<br>Tech Weapon Damage+3.0%"""
433#0,"""PP+5<br>Tech Weapon Damage+4.0%"""
434#0,"""HP+10 PP+3<br>Strike Weapon Damage+3.0%"""
435#0,"""HP+10 PP+3<br>Strike Weapon Damage+4.0%"""
436#0,"""HP+10 PP+3<br>Ranged Weapon Damage+3.0%"""
437#0,"""HP+10 PP+3<br>Ranged Weapon Damage+4.0%"""
438#0,"""HP+10 PP+3<br>Tech Weapon Damage+3.0%"""
439#0,"""HP+10 PP+3<br>Tech Weapon Damage+4.0%"""
440#0,"""HP+25<br>Damage+2.75%"""
441#0,"""HP+25<br>Damage+3.75%"""
442#0,"""HP+15 PP+5<br>Strike Weapon Damage+1.0%<br>Down Resist-10.0%"""
443#0,"""HP+15 PP+5<br>Strike Weapon Damage+2.0%<br>Down Resist-10.0%"""
444#0,"""HP+15 PP+5<br>Strike Weapon Damage+2.5%<br>Down Resist-10.0%"""
445#0,"""HP+15 PP+5<br>Strike Weapon Damage+3.0%<br>Down Resist-10.0%"""
446#0,"""HP+15 PP+5<br>Strike Weapon Damage+4.0%<br>Down Resist-10.0%"""
447#0,"""HP+15 PP+5<br>Ranged Weapon Damage+1.0%<br>Down Resist-10.0%"""
448#0,"""HP+15 PP+5<br>Ranged Weapon Damage+2.0%<br>Down Resist-10.0%"""
449#0,"""HP+15 PP+5<br>Ranged Weapon Damage+2.5%<br>Down Resist-10.0%"""
450#0,"""HP+15 PP+5<br>Ranged Weapon Damage+3.0%<br>Down Resist-10.0%"""
451#0,"""HP+15 PP+5<br>Ranged Weapon Damage+4.0%<br>Down Resist-10.0%"""
452#0,"""HP+15 PP+5<br>Tech Weapon Damage+1.0%<br>Down Resist-10.0%"""
453#0,"""HP+15 PP+5<br>Tech Weapon Damage+2.0%<br>Down Resist-10.0%"""
454#0,"""HP+15 PP+5<br>Tech Weapon Damage+2.5%<br>Down Resist-10.0%"""
455#0,"""HP+15 PP+5<br>Tech Weapon Damage+3.0%<br>Down Resist-10.0%"""
456#0,"""HP+15 PP+5<br>Tech Weapon Damage+4.0%<br>Down Resist-10.0%"""
457#0,"""HP+15 PP+5"""
458#0,"""Strike/Ranged Weapon Damage+2.0%<br>Down Resist-10.0%"""
459#0,"""Strike/Tech Weapon Damage+2.0%<br>Down Resist-10.0%"""
460#0,"""Ranged/Tech Weapon Damage+2.0%<br>Down Resist-10.0%"""
461#0,"""HP+10<br>Damage+2.0%<br>Down Resist-10.0%"""
462#0,"""PP+3<br>Damage+2.0%<br>Down Resist-10.0%"""
463#0,"""Damage+3.0%<br>Damage Resist-2.0%"""
464#0,"""Damage+4.0%<br>Damage Resist-2.0%"""
465#0,"""-"""
466#0,"""-"""
467#0,"""-"""
468#0,"""-"""
469#0,"""-"""
470#0,"""-"""
471#0,"""Strike Weapon Damage+3.0%"""
472#0,"""Ranged Weapon Damage+3.0%"""
473#0,"""Tech Weapon Damage+3.0%"""
474#0,"""Damage Variance+3.0%"""
475#0,"""HP+15<br>Ranged Weapon Damage+3.0%"""
476#0,"""HP+15<br>Strike Weapon Damage+3.0%"""
477#0,"""HP+15<br>Tech Weapon Damage+3.0%"""
478#0,"""HP+20<br>Strike Weapon Damage+3.0%"""
479#0,"""HP+20<br>Ranged Weapon Damage+3.0%"""
480#0,"""HP+20<br>Tech Weapon Damage+3.0%"""
481#0,"""HP+10 PP+4<br>Damage+2.75%"""
482#0,"""PP+5<br>Strike Weapon Damage+3.0%"""
483#0,"""PP+5<br>Ranged Weapon Damage+3.0%"""
484#0,"""PP+5<br>Tech Weapon Damage+3.0%"""
485#0,"""HP+10 PP+3<br>Strike Weapon Damage+3.0%"""
486#0,"""HP+10 PP+3<br>Ranged Weapon Damage+3.0%"""
487#0,"""HP+10 PP+3<br>Tech Weapon Damage+3.0%"""
488#0,"""HP+25<br>Damage+2.75%"""
489#0,"""HP+5 PP+2<br>Damage+1.0%"""
490#0,"""HP+5 PP+2<br>Damage+2.0%"""
491#0,"""HP+5 PP+2<br>Damage+2.5%"""
492#0,"""HP+5 PP+2<br>Damage+3.0%"""
493#0,"""HP+5 PP+2<br>Damage+4.0%"""
494#0,"""HP+15 PP+5<br>Damage+4.0%"""
495#0,"""HP-10<br>Damage+2.5%<br>Damage Variance+2.5%<br>Damage Resist-1.5%"""
496#0,"""HP+20<br>Damage+3.5%"""
497#0,"""Damage+3.0%"""
498#0,"""HP+15<br>Damage+3.0%"""
499#0,"""PP+5<br>Damage+3.0%"""
500#0,"""Damage+2.5%<br>Damage Variance+2.5%"""
501#0,"""Damage+3.0%<br>Damage Resist+3.0%"""
502#0,"""Damage+1.0%"""
503#0,"""HP+15 PP+5<br>Strike Weapon Damage+2.5%<br>Down Resist-10.0%"""
504#0,"""HP+15 PP+5<br>Strike Weapon Damage+3.0%<br>Down Resist-10.0%"""
505#0,"""HP+15 PP+5<br>Ranged Weapon Damage+2.5%<br>Down Resist-10.0%"""
506#0,"""HP+15 PP+5<br>Ranged Weapon Damage+3.0%<br>Down Resist-10.0%"""
507#0,"""HP+15 PP+5<br>Tech Weapon Damage+2.5%<br>Down Resist-10.0%"""
508#0,"""HP+15 PP+5<br>Tech Weapon Damage+3.0%<br>Down Resist-10.0%"""
509#0,"""HP+5 PP+2<br>Damage+2.5%"""
510#0,"""HP+5 PP+2<br>Damage+3.0%"""
511#0,"""Damage+2.0%"""
512#0,"""HP+20<br>Strike/Ranged Weapon Damage+4.0%<br>Damage Variance+1.5%"""
513#0,"""HP+20<br>Strike/Tech Weapon Damage+4.0%<br>Damage Variance+1.5%"""
514#0,"""HP+20<br>Ranged/Tech Weapon Damage+4.0%<br>Damage Variance+1.5%"""
515#0,"""HP+10 PP+3<br>Strike/Ranged Weapon Damage+4.0%<br>Damage Variance+1.5%"""
516#0,"""HP+10 PP+3<br>Strike/Tech Weapon Damage+4.0%<br>Damage Variance+1.5%"""
517#0,"""HP+10 PP+3<br>Ranged/Tech Weapon Damage+4.0%<br>Damage Variance+1.5%"""
518#0,"""PP+6<br>Strike/Ranged Weapon Damage+4.0%<br>Damage Variance+1.5%"""
519#0,"""PP+6<br>Strike/Tech Weapon Damage+4.0%<br>Damage Variance+1.5%"""
520#0,"""PP+6<br>Ranged/Tech Weapon Damage+4.0%<br>Damage Variance+1.5%"""
521#0,"""Strike/Ranged Weapon Damage+4.0%<br>Damage Variance+3.0%"""
522#0,"""Strike/Tech Weapon Damage+4.0%<br>Damage Variance+3.0%"""
523#0,"""Ranged/Tech Weapon Damage+4.0%<br>Damage Variance+3.0%"""
524#0,"""Strike/Ranged Weapon Damage+4.0%<br>Damage Resist+2.5%<br>Damage Variance+1.5%"""
525#0,"""Strike/Tech Weapon Damage+4.0%<br>Damage Resist+2.5%<br>Damage Variance+1.5%"""
526#0,"""Ranged/Tech Weapon Damage+4.0%<br>Damage Resist+2.5%<br>Damage Variance+1.5%"""
527#0,"""Strike/Ranged Weapon Damage+4.0%<br>Down Resist+20.0%<br>Damage Variance+1.5%"""
528#0,"""Strike/Tech Weapon Damage+4.0%<br>Down Resist+20.0%<br>Damage Variance+1.5%"""
529#0,"""Ranged/Tech Weapon Damage+4.0%<br>Down Resist+20.0%<br>Damage Variance+1.5%"""
530#0,"""Damage+1.0%"""
531#0,"""HP+10 PP+4<br>Damage+3.0%<br>Damage Variance+2.0%"""
532#0,"""Damage+3.0%"""
533#0,"""Damage+1.0%"""
534#0,"""HP+20 PP+6<br>Damage+3.75%"""
535#0,"""มอบ 100,000 Grind EXP เมื่อ<br>ใช้เป็นวัตถุดิบตีบวก"""
536#0,"""HP+20<br>Damage+4.0%<br>Damage Variance+1.5%"""
537#0,"""PP+6<br>Damage+4.0%<br>Damage Variance+1.5%"""
538#0,"""HP+10 PP+3<br>Damage+4.0%<br>Damage Variance+1.5%"""
539#0,"""Damage+4.0%<br>Damage Variance+3.0%"""
540#0,"""Damage+4.0%<br>Damage Resist+2.5%<br>Damage Variance+1.5%"""
541#0,"""Damage+4.0%<br>Down Resist+20.0%<br>Damage Variance+1.5%"""
542#0,"""HP+15 PP+5<br>Damage+4.0%"""
543#0,"""HP+20 PP+6<br>Damage+3.5%"""
544#0,"""HP+10 PP+4<br>Damage+2.75%<br>Damage Variance+2.0%"""
545#0,"""Damage+2.25%<br>Damage Variance+2.5%<br>Damage Resist+2.5%"""
546#0,"""HP+20<br>Damage+3.25%"""
547#0,"""HP+15 PP+5<br>Damage+3.75%"""
548#0,"""HP+20<br>Damage+3.5%"""
549#0,"""Damage+3.0%"""
550#0,"""HP+15<br>Damage+3.0%"""
551#0,"""PP+5<br>Damage+3.0%"""
552#0,"""Damage+2.5%<br>Damage Variance+2.5%"""
553#0,"""Damage+3.0%<br>Damage Resist+3.0%"""
554#0,"""HP+10 PP+4<br>Damage+3.0%<br>Damage Variance+2.0%"""
555#0,"""HP+20 PP+6<br>Damage+3.75%"""
556#0,"""Damage+1.0%"""
557#0,"""HP+30<br>Damage+3.0%<br>Damage Variance+2.25%"""
558#0,"""HP+15 PP+3<br>Damage+2.5%<br>Damage Variance+5.0%<br>Damage Resist+1.0%"""
559#0,"""HP+20 PP+6<br>Damage+3.5%"""
560#0,"""HP+10 PP+4<br>Damage+2.75%<br>Damage Variance+2.0%"""
561#0,"""Damage+2.25%<br>Damage Variance+2.5%<br>Damage Resist+2.5%"""
562#0,"""HP+20<br>Damage+3.25%"""
563#0,"""HP+15 PP+5<br>Damage+3.75%"""
564#0,"""Damage+1.0%"""
575#0,"""มอบ 1,000,000 Grind EXP เมื่อ<br>ใช้เป็นวัตถุดิบตีบวก"""
576#0,"""HP+20 PP+6<br>Damage+5.0%"""
565#0,"""HP+30<br>Damage+2.75%<br>Damage Variance+2.25%"""
566#0,"""HP+15 PP+3<br>Damage+2.25%<br>Damage Variance+5.0%<br>Damage Resist+1.0%"""
567#0,"""Damage+1.0%"""
568#0,"""HP+20 PP+6<br>Damage+5.0%"""
569#0,"""HP+15<br>Strike/Ranged Weapon Damage+3.5%"""
572#0,"""HP+30<br>Damage+3.0%<br>Damage Variance+2.25%"""
573#0,"""HP+15 PP+3<br>Damage+2.5%<br>Damage Variance+5.0%<br>Damage Resist+1.0%"""
574#0,"""มอบ 5,000,000 Grind EXP เมื่อ<br>ใช้เป็นวัตถุดิบตีบวก"""
577#0,"""PP-5<br>Damage+3.5%"""
578#0,"""Damage+3.5%<br>Down Resist-50.0%"""
579#0,"""Damage+3.5%<br>Damage Resist-5.0%"""
580#0,"""Damage+1.0%"""
581#0,"""PP+6<br>Damage+3.0%<br>Damage Variance+2.5%"""
582#0,"""Damage+1.0%"""
583#0,"""HP+15<br>Strike/Ranged Weapon Damage+3.5%"""
584#0,"""HP+15<br>Strike/Tech Damage+3.5%"""
585#0,"""HP+15<br>Ranged/Tech Damage+3.5%"""
586#0,"""HP+30<br>Damage+4.75%"""
570#0,"""HP+15<br>Strike/Tech Damage+3.5%"""
571#0,"""HP+15<br>Ranged/Tech Damage+3.5%"""
587#0,"""HP+30<br>Damage+2.75%<br>Damage Variance+2.25%"""
588#0,"""HP+15 PP+3<br>Damage+2.25%<br>Damage Variance+5.0%<br>Damage Resist+1.0%"""
589#0,"""Damage+1.0%"""
590#0,"""PP+2<br>Damage+3.5%<br>Damage Resist+1.0%<br>Down Resist+5.0%"""
591#0,"""-"""
592#0,"""-"""
593#0,"""-"""
594#0,"""PP+6<br>Damage+2.75%<br>Damage Variance+2.5%"""
595#0,"""PP+6<br>Damage+3.0%<br>Damage Variance+2.5%"""
596#0,"""HP+30<br>Damage+4.75%"""
597#0,"""HP+20<br>Damage+5.0%<br>Damage Variance+3.0%"""
598#0,"""PP+6<br>Damage+5.0%<br>Damage Variance+3.0%"""
599#0,"""HP+10 PP+3<br>Damage+5.0%<br>Damage Variance+3.0%"""
600#0,"""Damage+5.0%<br>Damage Variance+4.0%"""
601#0,"""Damage+5.0%<br>Damage Resist+2.5%<br>Damage Variance+3.0%"""
602#0,"""Damage+5.0%<br>Down Resist+20.0%<br>Damage Variance+3.0%"""
603#0,"""HP+20<br>Strike/Ranged Weapon Damage+5.0%<br>Damage Variance+3.0%"""
604#0,"""HP+20<br>Strike/Tech Weapon Damage+5.0%<br>Damage Variance+3.0%"""
605#0,"""HP+20<br>Ranged/Tech Weapon Damage+5.0%<br>Damage Variance+3.0%"""
606#0,"""HP+10 PP+3<br>Strike/Ranged Weapon Damage+5.0%<br>Damage Variance+3.0%"""
607#0,"""HP+10 PP+3<br>Strike/Tech Weapon Damage+5.0%<br>Damage Variance+3.0%"""
608#0,"""HP+10 PP+3<br>Ranged/Tech Weapon Damage+5.0%<br>Damage Variance+3.0%"""
609#0,"""PP+6<br>Strike/Ranged Weapon Damage+5.0%<br>Damage Variance+3.0%"""
610#0,"""PP+6<br>Strike/Tech Weapon Damage+5.0%<br>Damage Variance+3.0%"""
611#0,"""PP+6<br>Ranged/Tech Weapon Damage+5.0%<br>Damage Variance+3.0%"""
612#0,"""Strike/Ranged Weapon Damage+5.0%<br>Damage Variance+4.0%"""
613#0,"""Strike/Tech Weapon Damage+5.0%<br>Damage Variance+4.0%"""
614#0,"""Ranged/Tech Weapon Damage+5.0%<br>Damage Variance+4.0%"""
615#0,"""Strike/Ranged Weapon Damage+5.0%<br>Damage Resist+2.5%<br>Damage Variance+3.0%"""
616#0,"""Strike/Tech Weapon Damage+5.0%<br>Damage Resist+2.5%<br>Damage Variance+3.0%"""
617#0,"""Ranged/Tech Weapon Damage+5.0%<br>Damage Resist+2.5%<br>Damage Variance+3.0%"""
618#0,"""Strike/Ranged Weapon Damage+5.0%<br>Down Resist+20.0%<br>Damage Variance+3.0%"""
619#0,"""Strike/Tech Weapon Damage+5.0%<br>Down Resist+20.0%<br>Damage Variance+3.0%"""
620#0,"""Ranged/Tech Weapon Damage+5.0%<br>Down Resist+20.0%<br>Damage Variance+3.0%"""
621#0,"""PP+6<br>Damage+2.75%<br>Damage Variance+2.5%"""
622#0,"""Damage+1.0%"""
623#0,"""HP+25 PP+7<br>Damage+4.75%"""
624#0,"""PP+2<br>Damage+3.5%<br>Damage Resist+1.0%<br>Down Resist+5.0%"""
625#0,"""HP+25 PP+7<br>Damage+4.75%"""
626#0,"""สามารถสร้าง Multi-Weapon ได้<br>แม้อาวุธชิ้นนั้นจะไม่ได้อยู่<br>ในซีรีส์เดียวกับไอเทมหลัก"""
627#0,"""HP+40 PP+4<br>Damage+3.25%<br>Damage Variance+6.0%<br>Damage Resist+1.0%"""
628#0,"""PP+2<br>Damage+3.25%<br>Damage Resist+1.0%<br>Down Resist+5.0%"""
14#0,"""Strike Weapon Damage+3.5%"""
19#0,"""Ranged Weapon Damage+3.5%"""
24#0,"""Tech Weapon Damage+3.5%"""
397#0,"""Strike/Ranged Weapon Damage+3.5%"""
399#0,"""Strike/Tech Weapon Damage+3.5%"""
401#0,"""Ranged/Tech Weapon Damage+3.5%"""
634#0,"""Strike/Ranged Weapon Damage+3.5%"""
635#0,"""Strike/Tech Weapon Damage+3.5%"""
636#0,"""Ranged/Tech Weapon Damage+3.5%"""
637#0,"""Damage+3.5%<br>Damage Variance+2.75%<br>Damage Resist-1.0%"""
638#0,"""PP+3<br>Damage+4.5%<br>Damage Resist+1.0%<br>Down Resist+5.0%"""
629#0,"""Damage+1.0%"""
630#0,"""Damage+3.5%<br>Damage Variance+2.75%<br>Damage Resist-1.0%"""
631#0,"""PP+3<br>Damage+4.5%<br>Damage Resist+1.0%<br>Down Resist+5.0%"""
632#0,"""Damage+1.0%"""
633#0,"""HP+40 PP+4<br>Damage+3.25%<br>Damage Variance+6.0%<br>Damage Resist+1.0%"""
639#0,"""มอบ 500,000 Grind EXP เมื่อ<br>ใช้เป็นวัตถุดิบตีบวก"""
640#0,"""HP+25 PP+7<br>Damage+4.25%"""
641#0,"""HP+20 PP+6<br>Damage+4.5%"""
642#0,"""HP+30<br>Damage+4.25%"""
643#0,"""HP+40 PP+4<br>Damage+2.75%<br>Damage Variance+6.0%<br>Damage Resist+1.0%"""
644#0,"""PP+3<br>Damage+4.0%<br>Damage Resist+1.0%<br>Down Resist+5.0%"""
645#0,"""Damage+1.0%"""
646#0,"""HP+35 PP+5<br>Damage+4.75%"""
647#0,"""Damage+1.0%"""
648#0,"""HP+10 PP+8<br>Damage+5.0%"""
649#0,"""HP+20 PP+5<br>Strike/Ranged Weapon Damage+4.0%"""
650#0,"""HP+20 PP+5<br>Ranged/Tech Weapon Damage+4.0%"""
651#0,"""HP+20 PP+5<br>Strike/Tech Weapon Damage+4.0%"""
652#0,"""HP+20 PP+5<br>Strike Weapon Damage+4.0%"""
653#0,"""HP+20 PP+5<br>Ranged Weapon Damage+4.0%"""
654#0,"""HP+20 PP+5<br>Tech Weapon Damage+4.0%"""
655#0,"""HP+25 PP+7<br>Damage+4.25%"""
656#0,"""HP+20 PP+6<br>Damage+4.5%"""
657#0,"""HP+30<br>Damage+4.25%"""
658#0,"""HP+40 PP+4<br>Damage+2.75%<br>Damage Variance+6.0%<br>Damage Resist+1.0%"""
659#0,"""PP+3<br>Damage+4.0%<br>Damage Resist+1.0%<br>Down Resist+5.0%"""
660#0,"""HP+35 PP+5<br>Damage+4.75%"""
661#0,"""HP+10 PP+8<br>Damage+5.0%"""
662#0,"""HP+20 PP+5<br>Strike/Ranged Weapon Damage+4.0%"""
663#0,"""HP+20 PP+5<br>Ranged/Tech Weapon Damage+4.0%"""
664#0,"""HP+20 PP+5<br>Strike/Tech Weapon Damage+4.0%"""
665#0,"""HP+20 PP+5<br>Strike Weapon Damage+4.0%"""
666#0,"""HP+20 PP+5<br>Ranged Weapon Damage+4.0%"""
667#0,"""HP+20 PP+5<br>Tech Weapon Damage+4.0%"""
668#0,"""Damage+3.25%<br>Damage Variance+2.75%<br>Damage Resist-1.0%"""
669#0,"""Damage+3.25%<br>Damage Variance+2.75%<br>Damage Resist-1.0%"""
670#0,"""HP+20<br>Damage+6.5%"""
671#0,"""PP+6<br>Damage+6.5%"""
672#0,"""HP+10 PP+3<br>Damage+6.5%"""
673#0,"""Damage+6.5%<br>Damage Variance+1.0%"""
674#0,"""Damage+6.5%<br>Damage Resist+2.5%"""
675#0,"""Damage+6.5%<br>Down Resist+20.0%"""
676#0,"""HP+20<br>Strike/Ranged Weapon Damage+6.5%"""
677#0,"""HP+20<br>Strike/Tech Weapon Damage+6.5%"""
678#0,"""HP+20<br>Ranged/Tech Weapon Damage+6.5%"""
679#0,"""HP+10 PP+3<br>Strike/Ranged Weapon Damage+6.5%"""
680#0,"""HP+10 PP+3<br>Strike/Tech Weapon Damage+6.5%"""
681#0,"""HP+10 PP+3<br>Ranged/Tech Weapon Damage+6.5%"""
682#0,"""PP+6<br>Strike/Ranged Weapon Damage+6.5%"""
683#0,"""PP+6<br>Strike/Tech Weapon Damage+6.5%"""
684#0,"""PP+6<br>Ranged/Tech Weapon Damage+6.5%"""
685#0,"""Strike/Ranged Weapon Damage+6.5%<br>Damage Variance+1.0%"""
686#0,"""Strike/Tech Weapon Damage+6.5%<br>Damage Variance+1.0%"""
687#0,"""Ranged/Tech Weapon Damage+6.5%<br>Damage Variance+1.0%"""
688#0,"""Strike/Ranged Weapon Damage+6.5%<br>Damage Resist+2.5%"""
689#0,"""Strike/Tech Weapon Damage+6.5%<br>Damage Resist+2.5%"""
690#0,"""Ranged/Tech Weapon Damage+6.5%<br>Damage Resist+2.5%"""
691#0,"""Strike/Ranged Weapon Damage+6.5%<br>Down Resist+20.0%"""
692#0,"""Strike/Tech Weapon Damage+6.5%<br>Down Resist+20.0%"""
693#0,"""Ranged/Tech Weapon Damage+6.5%<br>Down Resist+20.0%"""
694#0,"""HP+20<br>Damage+6.0%<br>Damage Variance+3.5%"""
695#0,"""PP+6<br>Damage+6.0%<br>Damage Variance+3.5%"""
696#0,"""HP+10 PP+3<br>Damage+6.0%<br>Damage Variance+3.5%"""
697#0,"""Damage+6.0%<br>Damage Variance+4.5%"""
698#0,"""Damage+6.0%<br>Damage Resist+2.5%<br>Damage Variance+3.5%"""
699#0,"""Damage+6.0%<br>Down Resist+20.0%<br>Damage Variance+3.5%"""
700#0,"""HP+20<br>Strike/Ranged Weapon Damage+6.0%<br>Damage Variance+3.5%"""
701#0,"""HP+20<br>Strike/Tech Weapon Damage+6.0%<br>Damage Variance+3.5%"""
702#0,"""HP+20<br>Ranged/Tech Weapon Damage+6.0%<br>Damage Variance+3.5%"""
703#0,"""HP+10 PP+3<br>Strike/Ranged Weapon Damage+6.0%<br>Damage Variance+3.5%"""
704#0,"""HP+10 PP+3<br>Strike/Tech Weapon Damage+6.0%<br>Damage Variance+3.5%"""
705#0,"""HP+10 PP+3<br>Ranged/Tech Weapon Damage+6.0%<br>Damage Variance+3.5%"""
706#0,"""PP+6<br>Strike/Ranged Weapon Damage+6.0%<br>Damage Variance+3.5%"""
707#0,"""PP+6<br>Strike/Tech Weapon Damage+6.0%<br>Damage Variance+3.5%"""
708#0,"""PP+6<br>Ranged/Tech Weapon Damage+6.0%<br>Damage Variance+3.5%"""
709#0,"""Strike/Ranged Weapon Damage+6.0%<br>Damage Variance+4.5%"""
710#0,"""Strike/Tech Weapon Damage+6.0%<br>Damage Variance+4.5%"""
711#0,"""Ranged/Tech Weapon Damage+6.0%<br>Damage Variance+4.5%"""
712#0,"""Strike/Ranged Weapon Damage+6.0%<br>Damage Resist+2.5%<br>Damage Variance+3.5%"""
713#0,"""Strike/Tech Weapon Damage+6.0%<br>Damage Resist+2.5%<br>Damage Variance+3.5%"""
714#0,"""Ranged/Tech Weapon Damage+6.0%<br>Damage Resist+2.5%<br>Damage Variance+3.5%"""
715#0,"""Strike/Ranged Weapon Damage+6.0%<br>Down Resist+20.0%<br>Damage Variance+3.5%"""
716#0,"""Strike/Tech Weapon Damage+6.0%<br>Down Resist+20.0%<br>Damage Variance+3.5%"""
717#0,"""Ranged/Tech Weapon Damage+6.0%<br>Down Resist+20.0%<br>Damage Variance+3.5%"""
718#0,"""PP+4<br>Damage+4.75%"""
719#0,"""Damage+1.0%"""
720#0,"""HP+70<br>Damage+3.25%<br>Damage Variance+6.0%<br>Damage Resist+1.0%"""
721#0,"""Damage+1.0%"""
722#0,"""PP+4<br>Damage+4.75%"""
723#0,"""HP+70<br>Damage+3.25%<br>Damage Variance+6.0%<br>Damage Resist+1.0%"""
724#0,"""Damage+1.0%"""
725#0,"""HP+30 PP+6<br>Damage+4.25%<br>Damage Variance+3.0%"""
726#0,"""HP+30 PP+6<br>Damage+4.25%<br>Damage Variance+3.0%"""
727#0,"""Damage+3.0%<br>Damage Variance+3.0%<br>Damage Resist+3.0%"""
728#0,"""Damage+4.0%"""
729#0,"""HP+35 PP+7<br>Damage+6.0%"""
730#0,"""Damage+1.0%"""
731#0,"""HP+35 PP+7<br>Damage+6.0%"""
732#0,"""HP+40<br>Damage+5.75%"""
733#0,"""Damage+1.0%"""
734#0,"""HP+40<br>Damage+5.75%"""
735#0,"""PP+4<br>Damage+5.5%<br>Damage Resist+1.0%<br>Down Resist+5.0%"""
736#0,"""Damage+1.0%"""
737#0,"""PP+4<br>Damage+5.5%<br>Damage Resist+1.0%<br>Down Resist+5.0%"""
738#0,"""HP+30 PP+6<br>Damage+3.75%<br>Damage Variance+3.0%"""
739#0,"""HP+30 PP+6<br>Damage+3.75%<br>Damage Variance+3.0%"""
740#0,"""HP+50 PP+5<br>Damage+3.75%<br>Damage Variance+7.0%<br>Damage Resist+1.0%"""
741#0,"""Damage+1.0%"""
742#0,"""HP+50 PP+5<br>Damage+3.75%<br>Damage Variance+7.0%<br>Damage Resist+1.0%"""
743#0,"""HP+30 PP+8<br>Damage+5.75%"""
744#0,"""Damage+1.0%"""
745#0,"""HP+30 PP+8<br>Damage+5.75%"""
746#0,"""HP+35 PP+7<br>Damage+5.5%"""
747#0,"""HP+40<br>Damage+5.5%"""
748#0,"""PP+4<br>Damage+5.25%<br>Damage Resist+1.0%<br>Down Resist+5.0%"""
749#0,"""HP+50 PP+5<br>Damage+3.5%<br>Damage Variance+7.0%<br>Damage Resist+1.0%"""
750#0,"""HP+30 PP+8<br>Damage+5.5%"""
751#0,"""HP+35 PP+7<br>Damage+5.5%"""
752#0,"""HP+40<br>Damage+5.5%"""
753#0,"""PP+4<br>Damage+5.25%<br>Damage Resist+1.0%<br>Down Resist+5.0%"""
754#0,"""HP+50 PP+5<br>Damage+3.5%<br>Damage Variance+7.0%<br>Damage Resist+1.0%"""
755#0,"""HP+30 PP+8<br>Damage+5.5%"""
756#0,"""HP+20<br>Damage+7.5%"""
757#0,"""PP+6<br>Damage+7.5%"""
758#0,"""HP+10 PP+3<br>Damage+7.5%"""
759#0,"""Damage+7.5%<br>Damage Variance+1.0%"""
760#0,"""Damage+7.5%<br>Damage Resist+2.5%"""
761#0,"""Damage+7.5%<br>Down Resist+20.0%"""
762#0,"""HP+20<br>Strike/Ranged Weapon Damage+7.5%"""
763#0,"""HP+20<br>Strike/Tech Weapon Damage+7.5%"""
764#0,"""HP+20<br>Ranged/Tech Weapon Damage+7.5%"""
765#0,"""HP+10 PP+3<br>Strike/Ranged Weapon Damage+7.5%"""
766#0,"""HP+10 PP+3<br>Strike/Tech Weapon Damage+7.5%"""
767#0,"""HP+10 PP+3<br>Ranged/Tech Weapon Damage+7.5%"""
768#0,"""PP+6<br>Strike/Ranged Weapon Damage+7.5%"""
769#0,"""PP+6<br>Strike/Tech Weapon Damage+7.5%"""
770#0,"""PP+6<br>Ranged/Tech Weapon Damage+7.5%"""
771#0,"""Strike/Ranged Weapon Damage+7.5%<br>Damage Variance+1.0%"""
772#0,"""Strike/Tech Weapon Damage+7.5%<br>Damage Variance+1.0%"""
773#0,"""Ranged/Tech Weapon Damage+7.5%\u3000<br>Damage Variance+1.0%"""
774#0,"""Strike/Ranged Weapon Damage+7.5%<br>Damage Resist+2.5%"""
775#0,"""Strike/Tech Weapon Damage+7.5%<br>Damage Resist+2.5%"""
776#0,"""Ranged/Tech Weapon Damage+7.5%\u3000<br>Damage Resist+2.5%"""
777#0,"""Strike/Ranged Weapon Damage+7.5%<br>Down Resist+20.0%"""
778#0,"""Strike/Tech Weapon Damage+7.5%<br>Down Resist+20.0%"""
779#0,"""Ranged/Tech Weapon Damage+7.5%<br>Down Resist+20.0%"""
780#0,"""Damage+4.0%<br>Damage Variance+4.0%<br>Damage Resist+3.0%"""
781#0,"""Damage+5.25%"""
782#0,"""HP＋45 PP＋6<br>威力＋5.0%<br>威力下限補正＋3.0%"""
783#0,"""HP＋45 PP＋6<br>威力＋5.0%<br>威力下限補正＋3.0%"""
784#0,"""威力＋1.0%"""
785#0,"""HP＋15 PP＋10<br>威力＋6.0%"""
786#0,"""PP＋5<br>威力＋5.75%"""
787#0,"""HP＋50 PP＋5<br>威力＋5.75%"""
788#0,"""HP＋90<br>威力＋3.75%<br>威力下限補正＋7.0%<br>ダメージ耐性＋1.0%"""
789#0,"""HP＋15 PP＋10<br>威力＋6.0%"""
790#0,"""PP＋5<br>威力＋5.75%"""
791#0,"""HP＋50 PP＋5<br>威力＋5.75%"""
792#0,"""HP＋90<br>威力＋3.75%<br>威力下限補正＋7.0%<br>ダメージ耐性＋1.0%"""
793#0,"""威力＋1.0%"""
794#0,"""HP＋5 PP＋2<br>威力＋5.0%<br>威力下限補正＋3.0%"""
795#0,"""HP－5 PP＋3<br>威力＋6.0%"""
796#0,"""HP－40<br>威力＋5.5%<br>ダメージ耐性＋1.0%<br>全ダウン耐性＋5.0%"""
797#0,"""PP－4<br>威力＋5.75%"""
798#0,"""HP＋10 PP＋1<br>威力＋3.75%<br>威力下限補正＋7.0%<br>ダメージ耐性＋1.0%"""
799#0,"""HP－10 PP＋4<br>威力＋5.75%"""
800#0,"""HP＋5 PP＋2<br>威力＋5.0%<br>威力下限補正＋3.0%"""
801#0,"""HP－5 PP＋3<br>威力＋6.0%"""
802#0,"""HP－40<br>威力＋5.5%<br>ダメージ耐性＋1.0%<br>全ダウン耐性＋5.0%"""
803#0,"""PP－4<br>威力＋5.75%"""
804#0,"""HP＋10 PP＋1<br>威力＋3.75%<br>威力下限補正＋7.0%<br>ダメージ耐性＋1.0%"""
805#0,"""HP－10 PP＋4<br>威力＋5.75%"""
806#0,"""HP＋20<br>威力＋7.0%<br>威力下限補正＋4.0%"""
807#0,"""PP＋6<br>威力＋7.0%<br>威力下限補正＋4.0%"""
808#0,"""HP＋10 PP＋3<br>威力＋7.0%<br>威力下限補正＋4.0%"""
809#0,"""威力＋7.0%<br>威力下限補正＋5.0%"""
810#0,"""威力＋7.0%<br>威力下限補正＋4.0%<br>ダメージ耐性＋2.5%"""
811#0,"""威力＋7.0%<br>威力下限補正＋4.0%<br>全ダウン耐性＋20.0%"""
812#0,"""HP＋20<br>打・射撃武器威力＋7.0%<br>威力下限補正＋4.0%"""
813#0,"""HP＋20<br>打・法撃武器威力＋7.0%<br>威力下限補正＋4.0%"""
814#0,"""HP＋20<br>射・法撃武器威力＋7.0%<br>威力下限補正＋4.0%"""
815#0,"""HP＋10 PP＋3<br>打・射撃武器威力＋7.0%<br>威力下限補正＋4.0%"""
816#0,"""HP＋10 PP＋3<br>打・法撃武器威力＋7.0%<br>威力下限補正＋4.0%"""
817#0,"""HP＋10 PP＋3<br>射・法撃武器威力＋7.0%<br>威力下限補正＋4.0%"""
818#0,"""PP＋6<br>打・射撃武器威力＋7.0%<br>威力下限補正＋4.0%"""
819#0,"""PP＋6<br>打・法撃武器威力＋7.0%<br>威力下限補正＋4.0%"""
820#0,"""PP＋6<br>射・法撃武器威力＋7.0%<br>威力下限補正＋4.0%"""
821#0,"""打・射撃武器威力＋7.0%<br>威力下限補正＋5.0%"""
822#0,"""打・法撃武器威力＋7.0%<br>威力下限補正＋5.0%"""
823#0,"""射・法撃武器威力＋7.0%<br>威力下限補正＋5.0%"""
824#0,"""打・射撃武器威力＋7.0%<br>威力下限補正＋4.0%<br>ダメージ耐性＋2.5%"""
825#0,"""打・法撃武器威力＋7.0%<br>威力下限補正＋4.0%<br>ダメージ耐性＋2.5%"""
826#0,"""射・法撃武器威力＋7.0%<br>威力下限補正＋4.0%<br>ダメージ耐性＋2.5%"""
827#0,"""打・射撃武器威力＋7.0%<br>威力下限補正＋4.0%<br>全ダウン耐性＋20.0%"""
828#0,"""打・法撃武器威力＋7.0%<br>威力下限補正＋4.0%<br>全ダウン耐性＋20.0%"""
829#0,"""射・法撃武器威力＋7.0%<br>威力下限補正＋4.0%<br>全ダウン耐性＋20.0%"""
0#1,"""ダミー"""
1#1,"""ダミー"""
2#1,"""ダミー"""
3#1,"""ダミー"""
4#1,"""ダミー"""
0#2,"""Burn Resist+20.0%"""
1#2,"""Burn Resist+25.0%"""
2#2,"""Burn Resist+30.0%"""
3#2,"""Burn Resist+35.0%"""
4#2,"""Burn Resist+40.0%"""
5#1,"""Freeze Resist+20.0%"""
6#1,"""Freeze Resist+25.0%"""
7#1,"""Freeze Resist+30.0%"""
8#1,"""Freeze Resist+35.0%"""
9#1,"""Freeze Resist+40.0%"""
10#1,"""Shock Resist+20.0%"""
11#1,"""Shock Resist+25.0%"""
12#1,"""Shock Resist+30.0%"""
13#1,"""Shock Resist+35.0%"""
14#1,"""Shock Resist+40.0%"""
15#1,"""Mirage Resist+20.0%"""
16#1,"""Mirage Resist+25.0%"""
17#1,"""Mirage Resist+30.0%"""
18#1,"""Mirage Resist+35.0%"""
19#1,"""Mirage Resist+40.0%"""
20#1,"""Panic Resist+20.0%"""
21#1,"""Panic Resist+25.0%"""
22#1,"""Panic Resist+30.0%"""
23#1,"""Panic Resist+35.0%"""
24#1,"""Panic Resist+40.0%"""
25#1,"""Poison Resist+20.0%"""
26#1,"""Poison Resist+25.0%"""
27#1,"""Poison Resist+30.0%"""
28#1,"""Poison Resist+35.0%"""
29#1,"""Poison Resist+40.0%"""
30#1,"""Down Resist+20.0%"""
31#1,"""Down Resist+25.0%"""
32#1,"""Down Resist+30.0%"""
33#1,"""Down Resist+35.0%"""
34#1,"""Down Resist+40.0%"""
35#1,"""Physical Down Resist+20.0%"""
36#1,"""Physical Down Resist+25.0%"""
37#1,"""Physical Down Resist+30.0%"""
38#1,"""Physical Down Resist+35.0%"""
39#1,"""Physical Down Resist+40.0%"""
40#1,"""Burn Resist+30.0%"""
41#1,"""Freeze Resist+30.0%"""
42#1,"""Shock Resist+30.0%"""
43#1,"""Mirage Resist+30.0%"""
44#1,"""Panic Resist+30.0%"""
45#1,"""Poison Resist+30.0%"""
46#1,"""Physical Down Resist+30.0%"""
47#1,"""Down Resist+20.0%"""
48#1,"""Down Resist+25.0%"""
49#1,"""Cold Damage Resist+5.0%"""
50#1,"""Cold Damage Resist+15.0%"""
51#1,"""Cold Damage Resist+25.0%"""
52#1,"""Cold Damage Resist+25.0%<br>Strike Weapon Damage+2.5%"""
53#1,"""Cold Damage Resist+25.0%<br>Ranged Weapon Damage+2.5%"""
54#1,"""Cold Damage Resist+25.0%<br>Tech Weapon Damage+2.5%"""
55#1,"""Cold Damage Resist+5.0%"""
56#1,"""Cold Damage Resist+15.0%"""
57#1,"""Cold Damage Resist+25.0%"""
58#1,"""Cold Damage Resist+25.0%<br>Strike Weapon Damage+2.5%"""
59#0,"""Cold Damage Resist+25.0%<br>Ranged Weapon Damage+2.5%"""
60#1,"""Cold Damage Resist+25.0%<br>Tech Weapon Damage+2.5%"""
0#3,"""HP+2 PP+2 <br>Damage+0.5% <br>Damage Variance+0.5% <br>Damage Resist+0.5%"""
1#3,"""HP+5 PP+3 <br>Damage+1.0% <br>Damage Variance+1.0% <br>Damage Resist+1.0%"""
2#3,"""HP+1"""
3#3,"""HP+2"""
4#3,"""HP+3 PP+2"""
5#2,"""PP+3"""
6#2,"""PP+4"""
7#2,"""Damage+1.0% <br>Damage Variance+1.0%"""
8#2,"""PP+2 <br>Damage+1.0% <br>Damage Variance+1.0%"""
9#2,"""HP+1 PP+2 <br>Damage+1.0% <br>Damage Variance+1.0%"""
10#2,"""HP+1 PP+2 <br>Damage Variance+1.0% <br>Damage Resist+1.0%"""
11#2,"""Damage+0.5% <br>Damage Variance+0.5% <br>Damage Resist+0.5%"""
12#2,"""HP+1 PP+2 <br>Damage+0.5% <br>Damage Variance+0.5% <br>Damage Resist+0.5%"""
13#2,"""HP+1 PP+2 <br>Damage+0.5%"""
14#2,"""PP+3 <br>Damage Variance+1.0%"""
15#2,"""Damage+0.5%"""
16#2,"""Damage+1.0%"""
17#2,"""HP+1 PP+2 <br>Damage+1.0%"""
18#2,"""Damage+0.5%"""
19#2,"""HP+2 PP+3 <br>Damage+1.0%"""
20#2,"""HP+1 PP+2 <br>Damage+0.5% <br>Damage Variance+0.5% <br>Damage Resist+0.5%"""
21#2,"""HP+1 PP+2 <br>Damage+1.0% <br>Damage Variance+1.0% <br>Damage Resist+1.0%"""
22#2,"""Damage+0.5% <br>Damage Variance+0.5%"""
23#2,"""HP+1 PP+1"""
24#2,"""Damage+0.5%"""
25#2,"""HP+1"""
26#2,"""HP+2"""
27#2,"""HP+3"""
28#2,"""PP+1"""
29#2,"""PP+2"""
30#2,"""PP+3"""
31#2,"""Damage+0.25%"""
32#2,"""Damage+0.5%"""
33#2,"""Damage+1.0%"""
34#2,"""Damage Variance+0.25%"""
35#2,"""Damage Variance+0.5%"""
36#2,"""Damage Variance+1.0%"""
37#2,"""Damage Resist+0.25%"""
38#2,"""Damage Resist+0.5%"""
39#2,"""Damage Resist+1.0%"""
40#2,"""HP+1"""
41#2,"""HP+2"""
42#2,"""HP+3"""
43#2,"""PP+1"""
44#2,"""PP+2"""
45#2,"""PP+3"""
46#2,"""HP+1 PP+1 <br>Damage+0.5% <br>Damage Variance+0.5% <br>Damage Resist+0.5%"""
47#2,"""HP+2 PP+2 <br>Damage+0.5% <br>Damage Variance+0.5% <br>Damage Resist+0.5%"""
48#2,"""HP+3 PP+3 <br>Damage+0.75% <br>Damage Variance+0.75% <br>Damage Resist+0.75%"""
49#2,"""Damage+0.25% <br>Damage Variance+0.25% <br>Damage Resist+0.25%"""
50#2,"""Damage+0.5% <br>Damage Variance+0.5% <br>Damage Resist+0.5%"""
51#2,"""Damage+0.75% <br>Damage Variance+0.75% <br>Damage Resist+0.75%"""
52#2,"""HP+1 <br>Damage+0.5%"""
53#2,"""PP+3 <br>Damage+0.5%"""
54#2,"""PP+3 <br>Damage Variance+1.0%"""
55#2,"""PP+1 <br>Damage+0.5%"""
56#2,"""HP+1 PP+2 <br>Damage+0.5% <br>Damage Variance+0.5% <br>Damage Resist+0.5%"""
57#2,"""HP+1 PP+1 <br>Damage+0.5% <br>Damage Resist+0.5%"""
58#2,"""HP+2 PP+2 <br>Damage+0.5% <br>Damage Resist+0.5%"""
59#1,"""HP+3 PP+3 <br>Damage+1.0% <br>Damage Resist+1.0%"""
60#2,"""Damage Resist+0.25%"""
61#1,"""Damage Resist+0.5%"""
62#1,"""Damage Resist+1.0%"""
63#1,"""Burn Resist+10.0%"""
64#1,"""Burn Resist+15.0%"""
65#1,"""Burn Resist+20.0%"""
66#1,"""Freeze Resist+10.0%"""
67#1,"""Freeze Resist+15.0%"""
68#1,"""Freeze Resist+20.0%"""
69#1,"""Shock Resist+10.0%"""
70#1,"""Shock Resist+15.0%"""
71#1,"""Shock Resist+20.0%"""
72#1,"""Mirage Resist+10.0%"""
73#1,"""Mirage Resist+15.0%"""
74#1,"""Mirage Resist+20.0%"""
75#1,"""Panic Resist+10.0%"""
76#1,"""Panic Resist+15.0%"""
77#1,"""Panic Resist+20.0%"""
78#1,"""Poison Resist+10.0%"""
79#1,"""Poison Resist+15.0%"""
80#1,"""Poison Resist+20.0%"""
81#1,"""Damage Resist+0.25% <br>Down Resist+10.0%"""
82#1,"""Damage Resist+0.5% <br>Down Resist+15.0%"""
83#1,"""Damage Resist+1.0% <br>Down Resist+20.0%"""
84#1,"""PP+1 <br>Burn Resist+5.0%"""
85#1,"""PP+1 <br>Burn Resist+10.0%"""
86#1,"""PP+1 <br>Burn Resist+15.0%"""
87#1,"""PP+1 <br>Freeze Resist+5.0%"""
88#1,"""PP+1 <br>Freeze Resist+10.0%"""
89#1,"""PP+1 <br>Freeze Resist+15.0%"""
90#1,"""PP+1 <br>Shock Resist+5.0%"""
91#1,"""PP+1 <br>Shock Resist+10.0%"""
92#1,"""PP+1 <br>Shock Resist+15.0%"""
93#1,"""PP+1 <br>Mirage Resist+5.0%"""
94#1,"""PP+1 <br>Mirage Resist+10.0%"""
95#1,"""PP+1 <br>Mirage Resist+15.0%"""
96#1,"""PP+1 <br>Panic Resist+5.0%"""
97#1,"""PP+1 <br>Panic Resist+10.0%"""
98#1,"""PP+1 <br>Panic Resist+15.0%"""
99#1,"""PP+1 <br>Poison Resist+5.0%"""
100#1,"""PP+1 <br>Poison Resist+10.0%"""
101#1,"""PP+1 <br>Poison Resist+15.0%"""
102#1,"""HP+2 PP+3 <br>Damage+1.0%"""
103#1,"""HP+1 PP+1 <br>Damage+0.5% <br>Damage Resist+0.5%"""
104#1,"""HP+2 PP+2 <br>Damage+1.0% <br>Damage Resist+1.0%"""
105#1,"""Damage+0.5% <br>Damage Variance+0.5% <br>Damage Resist+0.5%"""
106#1,"""HP+2 PP+2 <br>Damage+1.0% <br>Damage Resist+1.0%"""
107#1,"""PP+3 <br>Damage+1.0%"""
108#1,"""Damage+1.0%"""
109#1,"""Damage+0.5%"""
110#1,"""Damage+0.5%"""
111#1,"""Damage+0.5%"""
112#1,"""Damage+0.5%"""
113#1,"""Damage+0.5%"""
114#1,"""Damage+0.5%"""
115#1,"""Damage+1.0%"""
116#1,"""Damage+0.5% <br>Damage Variance+0.5% <br>Damage Resist+0.5%"""
117#1,"""HP+1 PP+1 <br>Damage+0.5%"""
118#1,"""HP+1 PP+1"""
119#1,"""HP+1 PP+1"""
120#1,"""HP+1 PP+1"""
121#1,"""HP+1 PP+1"""
122#1,"""HP+1 PP+1"""
123#1,"""HP+1 PP+1"""
124#1,"""HP+1 PP+1"""
125#1,"""HP+1 PP+1"""
126#1,"""PP+5"""
0#4,"""เพิ่ม Damage 2.5% <br>เมื่อโจมตีศัตรู <br>ที่แพ้ทาง <br>ธาตุสายฟ้า (Lightning)"""
1#4,"""เพิ่ม Damage 2.5% <br>เมื่อโจมตีศัตรู <br>ที่แพ้ทาง <br>ธาตุน้ำแข็ง (Ice)"""
2#4,"""เพิ่ม Damage 2.5% <br>เมื่อโจมตีศัตรู <br>ที่แพ้ทาง <br>ธาตุไฟ (Fire)"""
3#4,"""เพิ่ม Damage 2.5% <br>เมื่อโจมตีศัตรู <br>ที่แพ้ทาง <br>ธาตุลม (Wind)"""
4#4,"""เพิ่ม Damage 2.5% <br>เมื่อโจมตีศัตรู <br>ที่แพ้ทาง <br>ธาตุแสง (Light)"""
5#3,"""เพิ่ม Damage 2.5% <br>เมื่อโจมตีศัตรู <br>ที่แพ้ทาง <br>ธาตุมืด (Dark)"""
6#3,"""ช่วงเวลากลางวัน: Damage+2.5%"""
7#3,"""ช่วงเวลากลางคืน: Damage+2.5%"""
8#3,"""เมื่อสู้กับศัตรู Seasonal<br>เทศกาล Tsukimi '22:<br>Damage+15%<br>Critical Rate+20%<br>Damage Resist+25%"""
9#3,"""เมื่อสู้กับศัตรู Seasonal<br>เทศกาลฤดูใบไม้ร่วง (Autumn) '22:<br>Damage+5%<br>Critical Rate+20%<br>Damage Resist+25%"""
10#3,"""เมื่อสู้กับศัตรู Seasonal<br>เทศกาลคริสต์มาส '22:<br>Damage+5%<br>Critical Rate+20%<br>Damage Resist+25%"""
11#3,"""￥5-11"""
12#3,"""เพิ่ม Damage 4% <br>เมื่อโจมตีศัตรู <br>ที่แพ้ทาง <br>ธาตุน้ำแข็ง (Ice)"""
13#3,"""เพิ่ม Damage 4% <br>เมื่อโจมตีศัตรู <br>ที่แพ้ทาง <br>ธาตุไฟ (Fire)"""
14#3,"""￥5-14"""
15#3,"""￥5-15"""
16#3,"""เพิ่ม Damage 4% <br>เมื่อโจมตีศัตรู <br>ที่แพ้ทาง <br>ธาตุมืด (Dark)"""
17#3,"""เมื่อสู้กับศัตรู Seasonal<br>เทศกาลฤดูใบไม้ผลิ (Spring) '23:<br>Damage+5%<br>Critical Rate+20%<br>Damage Resist+25%"""
18#3,"""เมื่อสู้กับศัตรู Seasonal<br>เทศกาลครบรอบ 2 ปี [NGS]:<br>Damage+5%<br>Critical Rate+20%<br>Damage Resist+25%"""
19#3,"""ใน Duel: Phase 1:<br>Damage+7%<br>Damage Resist+20%<br><yellow>※เฉพาะตอนที่ใช้อาวุธ<br>Main Class เท่านั้น<c>"""
20#3,"""ใน Duel: Phase 1:<br>Damage+7%<br>Attack PP Recovery+30%<br><yellow>※เฉพาะตอนที่ใช้อาวุธ<br>Main Class เท่านั้น<c>"""
21#3,"""ใน Duel: Phase 1:<br>Damage+7%<br>Critical Hit Rate+5%<br><yellow>※เฉพาะตอนที่ใช้อาวุธ<br>Main Class เท่านั้น<c>"""
22#3,"""ใน Duel: Phase 1:<br>Damage+7%<br>Damage Variance+20%<br><yellow>※เฉพาะตอนที่ใช้อาวุธ<br>Main Class เท่านั้น<c>"""
23#3,"""ใน Duel: Phase 1:<br>Damage+7%<br>Attack PB Gain+30%<br><yellow>※เฉพาะตอนที่ใช้อาวุธ<br>Main Class เท่านั้น<c>"""
24#3,"""ใน Duel: Phase 2:<br>Damage+7%<br>Damage Resist+25%<br><yellow>※เฉพาะตอนที่ใช้อาวุธ<br>Main Class เท่านั้น<c>"""
25#3,"""ใน Duel: Phase 2:<br>Damage+7%<br>Attack PP Recovery+30%<br><yellow>※เฉพาะตอนที่ใช้อาวุธ<br>Main Class เท่านั้น<c>"""
26#3,"""ใน Duel: Phase 2:<br>Damage+7%<br>Critical Rate+5%<br><yellow>※เฉพาะตอนที่ใช้อาวุธ<br>Main Class เท่านั้น<c>"""
27#3,"""ใน Duel: Phase 2:<br>Damage+7%<br>Damage Variance+20%<br><yellow>※เฉพาะตอนที่ใช้อาวุธ<br>Main Class เท่านั้น<c>"""
28#3,"""ใน Duel: Phase 2:<br>Damage+7%<br>Attack PB Gauge Gain+50%<br><yellow>※เฉพาะตอนที่ใช้อาวุธ<br>Main Class เท่านั้น<c>"""
29#3,"""ใน Duel: Phase 2:<br>Damage+7%<br>PB Cooldown-20%<br><yellow>※เฉพาะตอนที่ใช้อาวุธ<br>Main Class เท่านั้น<c>"""
30#3,"""เมื่อสู้กับศัตรู Seasonal<br>เทศกาลครบรอบ 11 ปี [PSO2]:<br>Damage+10%<br>Critical Rate+25%<br>Damage Resist+30%"""
31#3,"""ใน Duel: Phase 1:<br>Damage+7%<br>Damage Resist+20%<br><yellow>※เฉพาะตอนที่ใช้อาวุธ<br>Main Class เท่านั้น<c>"""
32#3,"""ใน Duel: Phase 1:<br>Damage+7%<br>Attack PP Recovery+30%<br><yellow>※เฉพาะตอนที่ใช้อาวุธ<br>Main Class เท่านั้น<c>"""
33#3,"""ใน Duel: Phase 1:<br>Damage+7%<br>Critical Rate+5%<br><yellow>※เฉพาะตอนที่ใช้อาวุธ<br>Main Class เท่านั้น<c>"""
34#3,"""ใน Duel: Phase 1:<br>Damage+7%<br>Damage Variance+20%<br><yellow>※เฉพาะตอนที่ใช้อาวุธ<br>Main Class เท่านั้น<c>"""
35#3,"""ใน Duel: Phase 1:<br>Damage+7%<br>Attack PB Gauge Gain+30%<br><yellow>※เฉพาะตอนที่ใช้อาวุธ<br>Main Class เท่านั้น<c>"""
36#3,"""ใน Duel: Phase 2:<br>Damage+7%<br>Damage Resist+25%<br><yellow>※เฉพาะตอนที่ใช้อาวุธ<br>Main Class เท่านั้น<c>"""
37#3,"""ใน Duel: Phase 2:<br>Damage+7%<br>Attack PP Recovery+30%<br><yellow>※เฉพาะตอนที่ใช้อาวุธ<br>Main Class เท่านั้น<c>"""
38#3,"""ใน Duel: Phase 2:<br>Damage+7%<br>Critical Rate+5%<br><yellow>※เฉพาะตอนที่ใช้อาวุธ<br>Main Class เท่านั้น<c>"""
39#3,"""ใน Duel: Phase 2:<br>Damage+7%<br>Damage Variance+20%<br><yellow>※เฉพาะตอนที่ใช้อาวุธ<br>Main Class เท่านั้น<c>"""
40#3,"""ใน Duel: Phase 2:<br>Damage+7%<br>Attack PB Gauge Gain+50%<br><yellow>※เฉพาะตอนที่ใช้อาวุธ<br>Main Class เท่านั้น<c>"""
41#3,"""ใน Duel: Phase 2:<br>Damage+7%<br>PB Cooldown-20%<br><yellow>※เฉพาะตอนที่ใช้อาวุธ<br>Main Class เท่านั้น<c>"""
42#3,"""เมื่อสู้กับศัตรู Seasonal<br>เทศกาลฤดูใบไม้ร่วง (Autumn) '23:<br>Damage+20%<br>Critical Rate+35%<br>Damage Resist+30%"""
43#3,"""ใน Duel: Phase 3:<br>Damage+7%<br>Damage Resist+25%<br><yellow>※เฉพาะตอนที่ใช้อาวุธ<br>Main Class เท่านั้น<c>"""
44#3,"""ใน Duel: Phase 3:<br>Damage+7%<br>Attack PP Recovery+30%<br><yellow>※เฉพาะตอนที่ใช้อาวุธ<br>Main Class เท่านั้น<c>"""
45#3,"""ใน Duel: Phase 3:<br>Damage+7%<br>Critical Rate+5%<br><yellow>※เฉพาะตอนที่ใช้อาวุธ<br>Main Class เท่านั้น<c>"""
46#3,"""ใน Duel: Phase 3:<br>Damage+7%<br>Damage Variance+20%<br><yellow>※เฉพาะตอนที่ใช้อาวุธ<br>Main Class เท่านั้น<c>"""
47#3,"""ใน Duel: Phase 3:<br>Damage+7%<br>Attack PB Gauge Gain+50%<br><yellow>※เฉพาะตอนที่ใช้อาวุธ<br>Main Class เท่านั้น<c>"""
48#3,"""ใน Duel: Phase 3:<br>Damage+7%<br>PB Cooldown-20%<br><yellow>※เฉพาะตอนที่ใช้อาวุธ<br>Main Class เท่านั้น<c>"""
49#3,"""เมื่อสู้กับศัตรู Seasonal<br>เทศกาลฮาโลวีน '23:<br>Damage+20%<br>Critical Rate+35%<br>Damage Resist+30%"""
50#3,"""ใน Duel: Phase 3:<br>Damage+7%<br>Damage Resist+25%<br><yellow>※เฉพาะตอนที่ใช้อาวุธ<br>Main Class เท่านั้น<c>"""
51#3,"""ใน Duel: Phase 3:<br>Damage+7%<br>Attack PP Recovery+30%<br><yellow>※เฉพาะตอนที่ใช้อาวุธ<br>Main Class เท่านั้น<c>"""
52#3,"""ใน Duel: Phase 3:<br>Damage+7%<br>Critical Rate+5%<br><yellow>※เฉพาะตอนที่ใช้อาวุธ<br>Main Class เท่านั้น<c>"""
53#3,"""ใน Duel: Phase 3:<br>Damage Variance+20%<br><yellow>※เฉพาะตอนที่ใช้อาวุธ<br>Main Class เท่านั้น<c>"""
54#3,"""ใน Duel: Phase 3:<br>Attack PB Gauge Gain+50%<br><yellow>※เฉพาะตอนที่ใช้อาวุธ<br>Main Class เท่านั้น<c>"""
55#3,"""ใน Duel: Phase 3:<br>Damage+7%<br>PB Cooldown-20%<br><yellow>※เฉพาะตอนที่ใช้อาวุธ<br>Main Class เท่านั้น<c>"""
56#3,"""Damage+3%<br>เมื่อสู้กับศัตรู Seasonal<br>เทศกาลคริสต์มาส '23, ปีใหม่ '24 และฤดูหนาว '24:<br>Damage+5%, Damage Resist+20%<br>Critical Rate+15%"""
57#3,"""ใน Duel: Phase 4:<br>Damage+7%<br>Damage Resist+25%<br><yellow>※เฉพาะตอนที่ใช้อาวุธ<br>Main Class เท่านั้น<c>"""
58#3,"""ใน Duel: Phase 4:<br>Damage+7%<br>Attack PP Recovery+30%<br><yellow>※เฉพาะตอนที่ใช้อาวุธ<br>Main Class เท่านั้น<c>"""
59#2,"""ใน Duel: Phase 4:<br>Damage+7%<br>Critical Rate+5%<br><yellow>※เฉพาะตอนที่ใช้อาวุธ<br>Main Class เท่านั้น<c>"""
60#3,"""ใน Duel: Phase 4:<br>Damage+7%<br>Damage Variance+20%<br><yellow>※เฉพาะตอนที่ใช้อาวุธ<br>Main Class เท่านั้น<c>"""
61#2,"""ใน Duel: Phase 4:<br>Damage+7%<br>Attack PB Gauge Gain+50%<br><yellow>※เฉพาะตอนที่ใช้อาวุธ<br>Main Class เท่านั้น<c>"""
62#2,"""ใน Duel: Phase 4:<br>Damage+7%<br>PB Cooldown-20%<br><yellow>※เฉพาะตอนที่ใช้อาวุธ<br>Main Class เท่านั้น<c>"""
63#2,"""Damage+3%<br>เมื่อสู้กับศัตรู Seasonal<br>เทศกาลฤดูใบไม้ผลิ (Spring) '24:<br>Damage+5%<br>Critical Rate+20%<br>Damage Resist+25%"""
64#2,"""Damage+3%<br>เมื่อสู้กับศัตรู Seasonal<br>เทศกาลครบรอบ 3 ปี NGS:<br>Damage+5%<br>Damage Resist+20%<br>Critical Rate+15%"""
65#2,"""ใน Duel: Phase 4:<br>Damage+7%<br>Damage Resist+30%<br><yellow>※เฉพาะตอนที่ใช้อาวุธ<br>Main Class เท่านั้น<c>"""
66#2,"""ใน Duel: Phase 4:<br>Damage+7%<br>Attack PP Recovery+50%<br><yellow>※เฉพาะตอนที่ใช้อาวุธ<br>Main Class เท่านั้น<c>"""
67#2,"""ใน Duel: Phase 4:<br>Damage+7%<br>Critical Rate+10%<br><yellow>※เฉพาะตอนที่ใช้อาวุธ<br>Main Class เท่านั้น<c>"""
68#2,"""ใน Duel: Phase 4:<br>Damage+7%<br>Damage Variance+20%<br><yellow>※เฉพาะตอนที่ใช้อาวุธ<br>Main Class เท่านั้น<c>"""
69#2,"""ใน Duel: Phase 4:<br>Damage+7%<br>Attack PB Gauge Gain+50%<br><yellow>※เฉพาะตอนที่ใช้อาวุธ<br>Main Class เท่านั้น<c>"""
70#2,"""ใน Duel: Phase 4:<br>Damage+7%<br>PB Cooldown-20%<br><yellow>※เฉพาะตอนที่ใช้อาวุธ<br>Main Class เท่านั้น<c>"""
71#2,"""ใน Duel: Phase 5:<br>Damage+7%<br>Damage Resist+30%<br><yellow>※เฉพาะตอนที่ใช้อาวุธ<br>Main Class เท่านั้น<c>"""
72#2,"""ใน Duel: Phase 5:<br>Damage+7%<br>Attack PP Recovery+50%<br><yellow>※เฉพาะตอนที่ใช้อาวุธ<br>Main Class เท่านั้น<c>"""
73#2,"""ใน Duel: Phase 5:<br>Damage+7%<br>Critical Rate+10%<br><yellow>※เฉพาะตอนที่ใช้อาวุธ<br>Main Class เท่านั้น<c>"""
74#2,"""ใน Duel: Phase 5:<br>Damage+7%<br>Damage Variance+20%<br><yellow>※เฉพาะตอนที่ใช้อาวุธ<br>Main Class เท่านั้น<c>"""
75#2,"""ใน Duel: Phase 5:<br>Damage+7%<br>Attack PB Gauge Gain+50%<br><yellow>※เฉพาะตอนที่ใช้อาวุธ<br>Main Class เท่านั้น<c>"""
76#2,"""ใน Duel: Phase 5:<br>Damage+7%<br>PB Cooldown-20%<br><yellow>※เฉพาะตอนที่ใช้อาวุธ<br>Main Class เท่านั้น<c>"""
77#2,"""Damage+3.5%<br>เมื่อสู้กับศัตรู Seasonal<br>เทศกาล Super Origin Festival:<br>Damage+10%、Damage Resist+20%<br>Critical Rate+10%"""
78#2,"""Damage+4.5%<br>Damage Variance+2%<br>HP+25<br>เมื่อสู้กับศัตรูที่ไม่ใช่ Boss:<br>Damage Resist+30%"""
79#2,"""Damage+4.5%<br>Damage Variance+2%<br>PP+3<br>เมื่อสู้กับศัตรูที่ไม่ใช่ Boss:<br>Damage Resist+30%"""
80#2,"""Damage+4.5%<br>Damage Variance+2%<br>HP+15 PP+2<br>เมื่อสู้กับศัตรูที่ไม่ใช่ Boss:<br>Damage Resist+30%"""
81#2,"""Damage+4.5%<br>Damage Variance+2%<br>Damage Resist+1%<br>เมื่อสู้กับศัตรูที่ไม่ใช่ Boss:<br>Damage Resist+30%"""
82#2,"""Damage+4.5%<br>Damage Variance+2%<br>Down Resist+5%<br>เมื่อสู้กับศัตรูที่ไม่ใช่ Boss:<br>Damage Resist+30%"""
83#2,"""Damage+4.5%<br>Damage Variance+2%<br>HP+25<br>เมื่อสู้กับศัตรูระดับ Boss:<br>Damage Resist+15%"""
84#2,"""Damage+4.5%<br>Damage Variance+2%<br>PP+3<br>เมื่อสู้กับศัตรูระดับ Boss:<br>Damage Resist+15%"""
85#2,"""Damage+4.5%<br>Damage Variance+2%<br>HP+15 PP+2<br>เมื่อสู้กับศัตรูระดับ Boss:<br>Damage Resist+15%"""
86#2,"""Damage+4.5%<br>Damage Variance+2%<br>Damage Resist+1%<br>เมื่อสู้กับศัตรูระดับ Boss:<br>Damage Resist+15%"""
87#2,"""Damage+4.5%<br>Damage Variance+2%<br>Down Resist+5%<br>เมื่อสู้กับศัตรูระดับ Boss:<br>Damage Resist+15%"""
88#2,"""Damage+4.5%<br>Damage Variance+2%<br>HP+25<br>ลดโอกาสที่ศัตรู<br>จะเล็งเป้าหมายมาที่คุณเมื่อคุณโจมตีโดน"""
89#2,"""Damage+4.5%<br>Damage Variance+2%<br>PP+3<br>ลดโอกาสที่ศัตรู<br>จะเล็งเป้าหมายมาที่คุณเมื่อคุณโจมตีโดน"""
90#2,"""Damage+4.5%<br>Damage Variance+2%<br>HP+15 PP+2<br>ลดโอกาสที่ศัตรู<br>จะเล็งเป้าหมายมาที่คุณเมื่อคุณโจมตีโดน"""
91#2,"""Damage+4.5%<br>Damage Variance+2%<br>Damage Resist+1%<br>ลดโอกาสที่ศัตรู<br>จะเล็งเป้าหมายมาที่คุณเมื่อคุณโจมตีโดน"""
92#2,"""Damage+4.5%<br>Damage Variance+2%<br>Down Resist+5%<br>ลดโอกาสที่ศัตรู<br>จะเล็งเป้าหมายมาที่คุณเมื่อคุณโจมตีโดน"""
93#2,"""Damage+4%<br>Damage Variance+2%<br>HP+25<br>เมื่อสู้กับศัตรูที่เล็งเป้าหมายมาที่คุณ:<br>Damage Resist+10%<br>เมื่อสู้กับศัตรูที่ไม่ได้เล็งเป้าหมายมาที่คุณ:<br>Damage+1.5%"""
94#2,"""Damage+4%<br>Damage Variance+2%<br>PP+3<br>เมื่อสู้กับศัตรูที่เล็งเป้าหมายมาที่คุณ:<br>Damage Resist+10%<br>เมื่อสู้กับศัตรูที่ไม่ได้เล็งเป้าหมายมาที่คุณ:<br>Damage+1.5%"""
95#2,"""Damage+4%<br>Damage Variance+2%<br>HP+15 PP+2<br>เมื่อสู้กับศัตรูที่เล็งเป้าหมายมาที่คุณ:<br>Damage Resist+10%<br>เมื่อสู้กับศัตรูที่ไม่ได้เล็งเป้าหมายมาที่คุณ:<br>Damage+1.5%"""
96#2,"""Damage+4%<br>Damage Variance+2%<br>Damage Resist+1%<br>เมื่อสู้กับศัตรูที่เล็งเป้าหมายมาที่คุณ:<br>Damage Resist+10%<br>เมื่อสู้กับศัตรูที่ไม่ได้เล็งเป้าหมายมาที่คุณ:<br>Damage+1.5%"""
97#2,"""Damage+4%<br>Damage Variance+2%<br>Down Resist+5%<br>เมื่อสู้กับศัตรูที่เล็งเป้าหมายมาที่คุณ:<br>Damage Resist+10%<br>เมื่อสู้กับศัตรูที่ไม่ได้เล็งเป้าหมายมาที่คุณ:<br>Damage+1.5%"""
98#2,"""Damage+4.5%<br>Damage Variance+2%<br>HP+25<br>เมื่อทำความเสียหาย:<br>มีโอกาส 30% ฟื้นฟู 10 PP<br>(คูลดาวน์ 5 วินาที)<br>และมีโอกาส 10% ที่จะ<br>ทำดาเมจใส่ตัวเอง 1 หน่วย<br>(คูลดาวน์ 10 วินาที)"""
99#2,"""Damage+4.5%<br>Damage Variance+2%<br>PP+3<br>เมื่อทำความเสียหาย:<br>มีโอกาส 30% ฟื้นฟู 10 PP<br>(คูลดาวน์ 5 วินาที)<br>และมีโอกาส 10% ที่จะ<br>ทำดาเมจใส่ตัวเอง 1 หน่วย<br>(คูลดาวน์ 10 วินาที)"""
100#2,"""Damage+4.5%<br>Damage Variance+2%<br>HP+15 PP+2<br>เมื่อทำความเสียหาย:<br>มีโอกาส 30% ฟื้นฟู 10 PP<br>(คูลดาวน์ 5 วินาที)<br>และมีโอกาส 10% ที่จะ<br>ทำดาเมจใส่ตัวเอง 1 หน่วย<br>(คูลดาวน์ 10 วินาที)"""
101#2,"""Damage+4.5%<br>Damage Variance+2%<br>Damage Resist+1%<br>เมื่อทำความเสียหาย:<br>มีโอกาส 30% ฟื้นฟู 10 PP<br>(คูลดาวน์ 5 วินาที)<br>และมีโอกาส 10% ที่จะ<br>ทำดาเมจใส่ตัวเอง 1 หน่วย<br>(คูลดาวน์ 10 วินาที)"""
102#2,"""Damage+4.5%<br>Damage Variance+2%<br>Down Resist+5%<br>เมื่อทำความเสียหาย:<br>มีโอกาส 30% ฟื้นฟู 10 PP<br>(คูลดาวน์ 5 วินาที)<br>และมีโอกาส 10% ที่จะ<br>ทำดาเมจใส่ตัวเอง 1 หน่วย<br>(คูลดาวน์ 10 วินาที)"""
103#2,"""Damage+4.5%<br>Damage Variance+2%<br>HP+25<br>เมื่อได้รับความเสียหาย:<br>Damage Resist+15%<br>ซ้อนทับกันได้สูงสุดถึง +25%<br>จะรีเซ็ตหลังจากผ่านไป 30 วินาที<br>โดยไม่ได้รับความเสียหาย"""
104#2,"""Damage+4.5%<br>Damage Variance+2%<br>PP+3<br>เมื่อได้รับความเสียหาย:<br>Damage Resist+15%<br>ซ้อนทับกันได้สูงสุดถึง +25%<br>จะรีเซ็ตหลังจากผ่านไป 30 วินาที<br>โดยไม่ได้รับความเสียหาย"""
105#2,"""Damage+4.5%<br>Damage Variance+2%<br>HP+15 PP+2<br>เมื่อได้รับความเสียหาย:<br>Damage Resist+15%<br>ซ้อนทับกันได้สูงสุดถึง +25%<br>จะรีเซ็ตหลังจากผ่านไป 30 วินาที<br>โดยไม่ได้รับความเสียหาย"""
106#2,"""Damage+4.5%<br>Damage Variance+2%<br>Damage Resist+1%<br>เมื่อได้รับความเสียหาย:<br>Damage Resist+15%<br>ซ้อนทับกันได้สูงสุดถึง +25%<br>จะรีเซ็ตหลังจากผ่านไป 30 วินาที<br>โดยไม่ได้รับความเสียหาย"""
107#2,"""Damage+4.5%<br>Damage Variance+2%<br>Down Resist+5%<br>เมื่อได้รับความเสียหาย:<br>Damage Resist+15%<br>ซ้อนทับกันได้สูงสุดถึง +25%<br>จะรีเซ็ตหลังจากผ่านไป 30 วินาที<br>โดยไม่ได้รับความเสียหาย"""
108#2,"""Damage+4.5%<br>Damage Variance+2%<br>HP+25<br>เมื่อสูญเสีย HP:<br>เพิ่มเกจ PB (PB Gauge) 2%<br>(คูลดาวน์ 10 วินาที)"""
109#2,"""Damage+4.5%<br>Damage Variance+2%<br>PP+3<br>เมื่อสูญเสีย HP:<br>เพิ่มเกจ PB (PB Gauge) 2%<br>(คูลดาวน์ 10 วินาที)"""
110#2,"""Damage+4.5%<br>Damage Variance+2%<br>HP+15 PP+2<br>เมื่อสูญเสีย HP:<br>เพิ่มเกจ PB (PB Gauge) 2%<br>(คูลดาวน์ 10 วินาที)"""
111#2,"""Damage+4.5%<br>Damage Variance+2%<br>Damage Resist+1%<br>เมื่อสูญเสีย HP:<br>เพิ่มเกจ PB (PB Gauge) 2%<br>(คูลดาวน์ 10 วินาที)"""
112#2,"""Damage+4.5%<br>Damage Variance+2%<br>Down Resist+5%<br>เมื่อสูญเสีย HP:<br>เพิ่มเกจ PB (PB Gauge) 2%<br>(คูลดาวน์ 10 วินาที)"""
113#2,"""Damage+4.5%<br>Damage Variance+2%<br>HP+25<br>เมื่อใช้ PP ครบ 100 จะติดสถานะ Burn<br>ระหว่างที่ติด Burn, PP Regen +30%<br>สถานะ Burn จะไม่ทำความเสียหายอีกต่อไป"""
114#2,"""Damage+4.5%<br>Damage Variance+2%<br>PP+3<br>เมื่อใช้ PP ครบ 100 จะติดสถานะ Burn<br>ระหว่างที่ติด Burn, PP Regen +30%<br>สถานะ Burn จะไม่ทำความเสียหายอีกต่อไป"""
115#2,"""Damage+4.5%<br>Damage Variance+2%<br>HP+15 PP+2<br>เมื่อใช้ PP ครบ 100 จะติดสถานะ Burn<br>ระหว่างที่ติด Burn, PP Regen +30%<br>สถานะ Burn จะไม่ทำความเสียหายอีกต่อไป"""
116#2,"""Damage+4.5%<br>Damage Variance+2%<br>Damage Resist+1%<br>เมื่อใช้ PP ครบ 100 จะติดสถานะ Burn<br>ระหว่างที่ติด Burn, PP Regen +30%<br>สถานะ Burn จะไม่ทำความเสียหายอีกต่อไป"""
117#2,"""Damage+4.5%<br>Damage Variance+2%<br>Down Resist+5%<br>เมื่อใช้ PP ครบ 100 จะติดสถานะ Burn<br>ระหว่างที่ติด Burn, PP Regen +30%<br>สถานะ Burn จะไม่ทำความเสียหายอีกต่อไป"""
118#2,"""Damage+4%<br>Damage Variance+2%<br>HP+25<br>ในขณะที่ติดสถานะผิดปกติ (Status):<br>Damage+2%<br>Attack PP Recovery+10%<br>Damage Resist+10%"""
119#2,"""Damage+4%<br>Damage Variance+2%<br>PP+3<br>ในขณะที่ติดสถานะผิดปกติ (Status):<br>Damage+2%<br>Attack PP Recovery+10%<br>Damage Resist+10%"""
120#2,"""Damage+4%<br>Damage Variance+2%<br>HP+15 PP+2<br>ในขณะที่ติดสถานะผิดปกติ (Status):<br>Damage+2%<br>Attack PP Recovery+10%<br>Damage Resist+10%"""
121#2,"""Damage+4%<br>Damage Variance+2%<br>Damage Resist+1%<br>ในขณะที่ติดสถานะผิดปกติ (Status):<br>Damage+2%<br>Attack PP Recovery+10%<br>Damage Resist+10%"""
122#2,"""Damage+4%<br>Damage Variance+2%<br>Down Resist+5%<br>ในขณะที่ติดสถานะผิดปกติ (Status):<br>Damage+2%<br>Attack PP Recovery+10%<br>Damage Resist+10%"""
123#2,"""Damage+4.5%<br>Damage Variance+2%<br>HP+25<br>ฟื้นฟู 7 PP ทุกๆ 5 วินาที"""
124#2,"""Damage+4.5%<br>Damage Variance+2%<br>PP+3<br>ฟื้นฟู 7 PP ทุกๆ 5 วินาที"""
125#2,"""Damage+4.5%<br>Damage Variance+2%<br>HP+15 PP+2<br>ฟื้นฟู 7 PP ทุกๆ 5 วินาที"""
126#2,"""Damage+4.5%<br>Damage Variance+2%<br>Damage Resist+1%<br>ฟื้นฟู 7 PP ทุกๆ 5 วินาที"""
127#1,"""Damage+4.5%<br>Damage Variance+2%<br>Down Resist+5%<br>ฟื้นฟู 7 PP ทุกๆ 5 วินาที"""
133#1,"""Damage+4.5%<br>Damage Variance+2%<br>HP+25<br>ใช้งานได้ครั้งเดียว หลังจากใช้<br>Resta Sign หรือ Reverser Sign:<br>Damage Resist+20%<br><yellow>※ทำให้สามารถใช้ Resta<br>Sign ได้แม้ HP จะเต็มอยู่<c>"""
134#1,"""Damage+4.5%<br>Damage Variance+2%<br>PP+3<br>ใช้งานได้ครั้งเดียว หลังจากใช้<br>Resta Sign หรือ Reverser Sign:<br>Damage Resist+20%<br><yellow>※ทำให้สามารถใช้ Resta<br>Sign ได้แม้ HP จะเต็มอยู่<c>"""
135#1,"""Damage+4.5%<br>Damage Variance+2%<br>HP+15 PP+2<br>ใช้งานได้ครั้งเดียว หลังจากใช้<br>Resta Sign หรือ Reverser Sign:<br>Damage Resist+20%<br><yellow>※ทำให้สามารถใช้ Resta<br>Sign ได้แม้ HP จะเต็มอยู่<c>"""
136#1,"""Damage+4.5%<br>Damage Variance+2%<br>Damage Resist+1%<br>ใช้งานได้ครั้งเดียว หลังจากใช้<br>Resta Sign หรือ Reverser Sign:<br>Damage Resist+20%<br><yellow>※ทำให้สามารถใช้ Resta<br>Sign ได้แม้ HP จะเต็มอยู่<c>"""
137#1,"""Damage+4.5%<br>Damage Variance+2%<br>Down Resist+5%<br>ใช้งานได้ครั้งเดียว หลังจากใช้<br>Resta Sign หรือ Reverser Sign:<br>Damage Resist+20%<br><yellow>※ทำให้สามารถใช้ Resta<br>Sign ได้แม้ HP จะเต็มอยู่<c>"""
138#1,"""Damage+4.5%<br>Damage Variance+2%<br>HP+25<br>เมื่อศัตรูใกล้เคียงถูกกำจัด:<br>PP+6"""
139#1,"""Damage+4.5%<br>Damage Variance+2%<br>PP+3<br>เมื่อศัตรูใกล้เคียงถูกกำจัด:<br>PP+6"""
140#1,"""Damage+4.5%<br>Damage Variance+2%<br>HP+15 PP+2<br>เมื่อศัตรูใกล้เคียงถูกกำจัด:<br>PP+6"""
141#1,"""Damage+4.5%<br>Damage Variance+2%<br>Damage Resist+1%<br>เมื่อศัตรูใกล้เคียงถูกกำจัด:<br>PP+6"""
142#1,"""Damage+4.5%<br>Damage Variance+2%<br>Down Resist+5%<br>เมื่อศัตรูใกล้เคียงถูกกำจัด:<br>PP+6"""
143#1,"""Damage+4.5%<br>Damage Variance+2%<br>HP+25<br>เมื่อศัตรูใกล้เคียงติดสถานะ Down:<br>ฟื้นฟู PP 50% ของ PP สูงสุด"""
144#1,"""Damage+4.5%<br>Damage Variance+2%<br>PP+3<br>เมื่อศัตรูใกล้เคียงติดสถานะ Down:<br>ฟื้นฟู PP 50% ของ PP สูงสุด"""
145#1,"""Damage+4.5%<br>Damage Variance+2%<br>HP+15 PP+2<br>เมื่อศัตรูใกล้เคียงติดสถานะ Down:<br>ฟื้นฟู PP 50% ของ PP สูงสุด"""
146#1,"""Damage+4.5%<br>Damage Variance+2%<br>Damage Resist+1%<br>เมื่อศัตรูใกล้เคียงติดสถานะ Down:<br>ฟื้นฟู PP 50% ของ PP สูงสุด"""
147#1,"""Damage+4.5%<br>Damage Variance+2%<br>Down Resist+5%<br>เมื่อศัตรูใกล้เคียงติดสถานะ Down:<br>ฟื้นฟู PP 50% ของ PP สูงสุด"""
148#1,"""Damage+4.5%<br>Damage Variance+2%<br>HP+25<br>เมื่อได้รับความเสียหายถึงตาย:<br>รอดชีวิตด้วย 1 HP<br>และได้รับสถานะอมตะชั่วคราว<br>(คูลดาวน์ 300 วินาที)<br>(เริ่มทำงาน 10 วินาทีหลังจากสวมใส่)"""
149#1,"""Damage+4.5%<br>Damage Variance+2%<br>PP+3<br>เมื่อได้รับความเสียหายถึงตาย:<br>รอดชีวิตด้วย 1 HP<br>และได้รับสถานะอมตะชั่วคราว<br>(คูลดาวน์ 300 วินาที)<br>(เริ่มทำงาน 10 วินาทีหลังจากสวมใส่)"""
150#1,"""Damage+4.5%<br>Damage Variance+2%<br>HP+15 PP+2<br>เมื่อได้รับความเสียหายถึงตาย:<br>รอดชีวิตด้วย 1 HP<br>และได้รับสถานะอมตะชั่วคราว<br>(คูลดาวน์ 300 วินาที)<br>(เริ่มทำงาน 10 วินาทีหลังจากสวมใส่)"""
151#1,"""Damage+4.5%<br>Damage Variance+2%<br>Damage Resist+1%<br>เมื่อได้รับความเสียหายถึงตาย:<br>รอดชีวิตด้วย 1 HP<br>และได้รับสถานะอมตะชั่วคราว<br>(คูลดาวน์ 300 วินาที)<br>(เริ่มทำงาน 10 วินาทีหลังจากสวมใส่)"""
152#1,"""Damage+4.5%<br>Damage Variance+2%<br>Down Resist+5%<br>เมื่อได้รับความเสียหายถึงตาย:<br>รอดชีวิตด้วย 1 HP<br>และได้รับสถานะอมตะชั่วคราว<br>(คูลดาวน์ 300 วินาที)<br>(เริ่มทำงาน 10 วินาทีหลังจากสวมใส่)"""
153#1,"""Damage+4.5%<br>Damage Variance+2%<br>HP+25<br>เมื่อ PP ลดลงต่ำกว่า 10%:<br>ฟื้นฟู 200 PP<br>(คูลดาวน์ 180 วินาที)<br>(เริ่มทำงาน 10 วินาทีหลังจากสวมใส่)"""
154#1,"""Damage+4.5%<br>Damage Variance+2%<br>PP+3<br>เมื่อ PP ลดลงต่ำกว่า 10%:<br>ฟื้นฟู 200 PP<br>(คูลดาวน์ 180 วินาที)<br>(เริ่มทำงาน 10 วินาทีหลังจากสวมใส่)"""
155#1,"""Damage+4.5%<br>Damage Variance+2%<br>HP+15 PP+2<br>เมื่อ PP ลดลงต่ำกว่า 10%:<br>ฟื้นฟู 200 PP<br>(คูลดาวน์ 180 วินาที)<br>(เริ่มทำงาน 10 วินาทีหลังจากสวมใส่)"""
156#1,"""Damage+4.5%<br>Damage Variance+2%<br>Damage Resist+1%<br>เมื่อ PP ลดลงต่ำกว่า 10%:<br>ฟื้นฟู 200 PP<br>(คูลดาวน์ 180 วินาที)<br>(เริ่มทำงาน 10 วินาทีหลังจากสวมใส่)"""
157#1,"""Damage+4.5%<br>Damage Variance+2%<br>Down Resist+5%<br>เมื่อ PP ลดลงต่ำกว่า 10%:<br>ฟื้นฟู 200 PP<br>(คูลดาวน์ 180 วินาที)<br>(เริ่มทำงาน 10 วินาทีหลังจากสวมใส่)"""
158#1,"""Damage+4.5%<br>Damage Variance+2%<br>HP+25<br>สร้างโล่ 3 ชั้นเพื่อ<br>บล็อกความเสียหายจากศัตรู<br>เมื่อโล่ทั้งหมดถูกทำลาย,<br>จะฟื้นฟูกลับมาใหม่ใน 120 วินาที"""
159#1,"""Damage+4.5%<br>Damage Variance+2%<br>PP+3<br>สร้างโล่ 3 ชั้นเพื่อ<br>บล็อกความเสียหายจากศัตรู<br>เมื่อโล่ทั้งหมดถูกทำลาย,<br>จะฟื้นฟูกลับมาใหม่ใน 120 วินาที"""
160#1,"""Damage+4.5%<br>Damage Variance+2%<br>HP+15 PP+2<br>สร้างโล่ 3 ชั้นเพื่อ<br>บล็อกความเสียหายจากศัตรู<br>เมื่อโล่ทั้งหมดถูกทำลาย,<br>จะฟื้นฟูกลับมาใหม่ใน 120 วินาที"""
161#1,"""Damage+4.5%<br>Damage Variance+2%<br>Damage Resist+1%<br>สร้างโล่ 3 ชั้นเพื่อ<br>บล็อกความเสียหายจากศัตรู<br>เมื่อโล่ทั้งหมดถูกทำลาย,<br>จะฟื้นฟูกลับมาใหม่ใน 120 วินาที"""
162#1,"""Damage+4.5%<br>Damage Variance+2%<br>Down Resist+5%<br>สร้างโล่ 3 ชั้นเพื่อ<br>บล็อกความเสียหายจากศัตรู<br>เมื่อโล่ทั้งหมดถูกทำลาย,<br>จะฟื้นฟูกลับมาใหม่ใน 120 วินาที"""
163#1,"""Damage+4.5%<br>Damage Variance+2%<br>HP+25<br>มีโอกาส 20% ที่จะไม่เสีย<br>Resta/Reverser Signs เมื่อกดใช้<br>(เริ่มทำงาน 10 วินาทีหลังจากสวมใส่)"""
164#1,"""Damage+4.5%<br>Damage Variance+2%<br>PP+3<br>มีโอกาส 20% ที่จะไม่เสีย<br>Resta/Reverser Signs เมื่อกดใช้<br>(เริ่มทำงาน 10 วินาทีหลังจากสวมใส่)"""
165#1,"""Damage+4.5%<br>Damage Variance+2%<br>HP+15 PP+2<br>มีโอกาส 20% ที่จะไม่เสีย<br>Resta/Reverser Signs เมื่อกดใช้<br>(เริ่มทำงาน 10 วินาทีหลังจากสวมใส่)"""
166#1,"""Damage+4.5%<br>Damage Variance+2%<br>Damage Resist+1%<br>มีโอกาส 20% ที่จะไม่เสีย<br>Resta/Reverser Signs เมื่อกดใช้<br>(เริ่มทำงาน 10 วินาทีหลังจากสวมใส่)"""
167#1,"""Damage+4.5%<br>Damage Variance+2%<br>Down Resist+5%<br>มีโอกาส 20% ที่จะไม่เสีย<br>Resta/Reverser Signs เมื่อกดใช้<br>(เริ่มทำงาน 10 วินาทีหลังจากสวมใส่)"""
168#1,"""Damage+4.5%<br>Damage Variance+2%<br>HP+25<br>เมื่อใช้ Just Reversal<br>เพื่อทรงตัวจากการถูกงัดลอย,<br>การกดโจมตีปกติ (Normal Attack) ทันที<br>จะเป็นการทำ Step Counter"""
169#1,"""Damage+4.5%<br>Damage Variance+2%<br>PP+3<br>เมื่อใช้ Just Reversal<br>เพื่อทรงตัวจากการถูกงัดลอย,<br>การกดโจมตีปกติ (Normal Attack) ทันที<br>จะเป็นการทำ Step Counter"""
170#1,"""Damage+4.5%<br>Damage Variance+2%<br>HP+15 PP+2<br>เมื่อใช้ Just Reversal<br>เพื่อทรงตัวจากการถูกงัดลอย,<br>การกดโจมตีปกติ (Normal Attack) ทันที<br>จะเป็นการทำ Step Counter"""
171#1,"""Damage+4.5%<br>Damage Variance+2%<br>Damage Resist+1%<br>เมื่อใช้ Just Reversal<br>เพื่อทรงตัวจากการถูกงัดลอย,<br>การกดโจมตีปกติ (Normal Attack) ทันที<br>จะเป็นการทำ Step Counter"""
172#1,"""Damage+4.5%<br>Damage Variance+2%<br>Down Resist+5%<br>เมื่อใช้ Just Reversal<br>เพื่อทรงตัวจากการถูกงัดลอย,<br>การกดโจมตีปกติ (Normal Attack) ทันที<br>จะเป็นการทำ Step Counter"""
173#1,"""Damage+4.5%<br>Damage Variance+2%<br>HP+25<br>เพิ่มอัตราการทำให้ศัตรู<br>ติด Down ขึ้น 5%<br>ทุกๆ 10 วินาที (สูงสุด 20%)"""
174#1,"""Damage+4.5%<br>Damage Variance+2%<br>PP+3<br>เพิ่มอัตราการทำให้ศัตรู<br>ติด Down ขึ้น 5%<br>ทุกๆ 10 วินาที (สูงสุด 20%)"""
175#1,"""Damage+4.5%<br>Damage Variance+2%<br>HP+15 PP+2<br>เพิ่มอัตราการทำให้ศัตรู<br>ติด Down ขึ้น 5%<br>ทุกๆ 10 วินาที (สูงสุด 20%)"""
176#1,"""Damage+4.5%<br>Damage Variance+2%<br>Damage Resist+1%<br>เพิ่มอัตราการทำให้ศัตรู<br>ติด Down ขึ้น 5%<br>ทุกๆ 10 วินาที (สูงสุด 20%)"""
177#1,"""Damage+4.5%<br>Damage Variance+2%<br>Down Resist+5%<br>เพิ่มอัตราการทำให้ศัตรู<br>ติด Down ขึ้น 5%<br>ทุกๆ 10 วินาที (สูงสุด 20%)"""
178#1,"""Damage+4.5%<br>Damage Variance+2%<br>HP+25<br>เมื่อใช้ PAs/Techs<br>ที่แตกต่างกันอย่างต่อเนื่อง:<br>PP Consumption -15%"""
179#1,"""Damage+4.5%<br>Damage Variance+2%<br>PP+3<br>เมื่อใช้ PAs/Techs<br>ที่แตกต่างกันอย่างต่อเนื่อง:<br>PP Consumption -15%"""
180#1,"""Damage+4.5%<br>Damage Variance+2%<br>HP+15 PP+2<br>เมื่อใช้ PAs/Techs<br>ที่แตกต่างกันอย่างต่อเนื่อง:<br>PP Consumption -15%"""
181#1,"""Damage+4.5%<br>Damage Variance+2%<br>Damage Resist+1%<br>เมื่อใช้ PAs/Techs<br>ที่แตกต่างกันอย่างต่อเนื่อง:<br>PP Consumption -15%"""
182#1,"""Damage+4.5%<br>Damage Variance+2%<br>Down Resist+5%<br>เมื่อใช้ PAs/Techs<br>ที่แตกต่างกันอย่างต่อเนื่อง:<br>PP Consumption -15%"""
183#1,"""Damage+4%<br>Damage Variance+2%<br>HP+25<br>เมื่อ HP สูงกว่า 95%:<br>Damage+1.5%<br>Damage Resist+5%"""
184#1,"""Damage+4%<br>Damage Variance+2%<br>PP+3<br>เมื่อ HP สูงกว่า 95%:<br>Damage+1.5%<br>Damage Resist+5%"""
185#1,"""Damage+4%<br>Damage Variance+2%<br>HP+15 PP+2<br>เมื่อ HP สูงกว่า 95%:<br>Damage+1.5%<br>Damage Resist+5%"""
186#1,"""Damage+4%<br>Damage Variance+2%<br>Damage Resist+1%<br>เมื่อ HP สูงกว่า 95%:<br>Damage+1.5%<br>Damage Resist+5%"""
187#1,"""Damage+4%<br>Damage Variance+2%<br>Down Resist+5%<br>เมื่อ HP สูงกว่า 95%:<br>Damage+1.5%<br>Damage Resist+5%"""
188#1,"""Damage+4.5%<br>Damage Variance+2%<br>HP+25<br>เมื่อ HP ต่ำกว่า 50%:<br>Damage+1.5%<br>Damage Resist+30%"""
189#1,"""Damage+4.5%<br>Damage Variance+2%<br>PP+3<br>เมื่อ HP ต่ำกว่า 50%:<br>Damage+1.5%<br>Damage Resist+30%"""
190#1,"""Damage+4.5%<br>Damage Variance+2%<br>HP+15 PP+2<br>เมื่อ HP ต่ำกว่า 50%:<br>Damage+1.5%<br>Damage Resist+30%"""
191#1,"""Damage+4.5%<br>Damage Variance+2%<br>Damage Resist+1%<br>เมื่อ HP ต่ำกว่า 50%:<br>Damage+1.5%<br>Damage Resist+30%"""
192#1,"""Damage+4.5%<br>Damage Variance+2%<br>Down Resist+5%<br>เมื่อ HP ต่ำกว่า 50%:<br>Damage+1.5%<br>Damage Resist+30%"""
193#1,"""ใน Duel: Phase 5:<br>Damage+7%<br>Damage Resist+30%<br><yellow>※เฉพาะตอนที่ใช้อาวุธ<br>Main Class เท่านั้น<c>"""
194#1,"""ใน Duel: Phase 5:<br>Damage+7%<br>Attack PP Recovery+50%<br><yellow>※เฉพาะตอนที่ใช้อาวุธ<br>Main Class เท่านั้น<c>"""
195#1,"""ใน Duel: Phase 5:<br>Damage+7%<br>Critical Rate+10%<br><yellow>※เฉพาะตอนที่ใช้อาวุธ<br>Main Class เท่านั้น<c>"""
196#1,"""ใน Duel: Phase 5:<br>Damage+7%<br>Damage Variance+20%<br><yellow>※เฉพาะตอนที่ใช้อาวุธ<br>Main Class เท่านั้น<c>"""
197#1,"""ใน Duel: Phase 5:<br>Damage+7%<br>Attack PB Gauge Gain+50%<br><yellow>※เฉพาะตอนที่ใช้อาวุธ<br>Main Class เท่านั้น<c>"""
198#1,"""ใน Duel: Phase 5:<br>Damage+7%<br>PB Cooldown-20%<br><yellow>※เฉพาะตอนที่ใช้อาวุธ<br>Main Class เท่านั้น<c>"""
199#1,"""Damage+4.25% Variance+2%<br>HP+25<br>HP Recovery+10%<br>หลังจากฟื้นฟู HP:<br>Damage+1.5% เป็นเวลา 20 วินาที"""
200#1,"""Damage+4.25% Variance+2%<br>PP+3<br>HP Recovery+10%<br>หลังจากฟื้นฟู HP:<br>Damage+1.5% เป็นเวลา 20 วินาที"""
201#1,"""Damage+4.25% Variance+2%<br>HP+15 PP+2<br>HP Recovery+10%<br>หลังจากฟื้นฟู HP:<br>Damage+1.5% เป็นเวลา 20 วินาที"""
202#1,"""Damage+4.25% Variance+2%<br>Damage Resist+1%<br>HP Recovery+10%<br>หลังจากฟื้นฟู HP:<br>Damage+1.5% เป็นเวลา 20 วินาที"""
203#1,"""Damage+4.25% Variance+2%<br>Down Resist+5%<br>HP Recovery+10%<br>หลังจากฟื้นฟู HP:<br>Damage+1.5% เป็นเวลา 20 วินาที"""
204#1,"""Damage+4.5% Variance+2%<br>HP+25<br>เมื่อป้องกันความเสียหายสำเร็จ<br>ด้วย Step หรือ Weapon Action<br>จะฟื้นฟู 1% ของ HP สูงสุด<br>(คูลดาวน์ 10 วินาที)"""
205#1,"""Damage+4.5% Variance+2%<br>PP+3<br>เมื่อป้องกันความเสียหายสำเร็จ<br>ด้วย Step หรือ Weapon Action<br>จะฟื้นฟู 1% ของ HP สูงสุด<br>(คูลดาวน์ 10 วินาที)"""
206#1,"""Damage+4.5% Variance+2%<br>HP+15 PP+2<br>เมื่อป้องกันความเสียหายสำเร็จ<br>ด้วย Step หรือ Weapon Action<br>จะฟื้นฟู 1% ของ HP สูงสุด<br>(คูลดาวน์ 10 วินาที)"""
207#1,"""Damage+4.5% Variance+2%<br>Damage Resist+1%<br>เมื่อป้องกันความเสียหายสำเร็จ<br>ด้วย Step หรือ Weapon Action<br>จะฟื้นฟู 1% ของ HP สูงสุด<br>(คูลดาวน์ 10 วินาที)"""
208#1,"""Damage+4.5% Variance+2%<br>Down Resist+5%<br>เมื่อป้องกันความเสียหายสำเร็จ<br>ด้วย Step หรือ Weapon Action<br>จะฟื้นฟู 1% ของ HP สูงสุด<br>(คูลดาวน์ 10 วินาที)"""
209#1,"""Damage+4.5% Variance+2%<br>HP+25<br>เมื่อโจมตีศัตรูที่ติด Down:<br>Damage +2%<br>(เริ่มทำงาน 10 วินาทีหลังจากสวมใส่)<br>เมื่อศัตรูใกล้เคียงติด Down:<br>เพิ่มเกจ PB (PB Gauge) 6%<br>(คูลดาวน์ 10 วินาที)<br>(เริ่มทำงาน 10 วินาทีหลังจากสวมใส่)"""
210#1,"""Damage+4.5% Variance+2%<br>PP+3<br>เมื่อโจมตีศัตรูที่ติด Down:<br>Damage +2%<br>(เริ่มทำงาน 10 วินาทีหลังจากสวมใส่)<br>เมื่อศัตรูใกล้เคียงติด Down:<br>เพิ่มเกจ PB (PB Gauge) 6%<br>(คูลดาวน์ 10 วินาที)<br>(เริ่มทำงาน 10 วินาทีหลังจากสวมใส่)"""
211#1,"""Damage+4.5% Variance+2%<br>HP+15 PP+2<br>เมื่อโจมตีศัตรูที่ติด Down:<br>Damage +2%<br>(เริ่มทำงาน 10 วินาทีหลังจากสวมใส่)<br>เมื่อศัตรูใกล้เคียงติด Down:<br>เพิ่มเกจ PB (PB Gauge) 6%<br>(คูลดาวน์ 10 วินาที)<br>(เริ่มทำงาน 10 วินาทีหลังจากสวมใส่)"""
212#1,"""Damage+4.5% Variance+2%<br>Damage Resist+1%<br>เมื่อโจมตีศัตรูที่ติด Down:<br>Damage +2%<br>(เริ่มทำงาน 10 วินาทีหลังจากสวมใส่)<br>เมื่อศัตรูใกล้เคียงติด Down:<br>เพิ่มเกจ PB (PB Gauge) 6%<br>(คูลดาวน์ 10 วินาที)<br>(เริ่มทำงาน 10 วินาทีหลังจากสวมใส่)"""
213#1,"""Damage+4.5% Variance+2%<br>Down Resist+5%<br>เมื่อโจมตีศัตรูที่ติด Down:<br>Damage +2%<br>(เริ่มทำงาน 10 วินาทีหลังจากสวมใส่)<br>เมื่อศัตรูใกล้เคียงติด Down:<br>เพิ่มเกจ PB (PB Gauge) 6%<br>(คูลดาวน์ 10 วินาที)<br>(เริ่มทำงาน 10 วินาทีหลังจากสวมใส่)"""
214#1,"""Damage+4.5% Variance+2%<br>HP+25<br>เมื่อโจมตีโดน,<br>ถ้า HP สูงกว่า 50%:<br>ทำดาเมจใส่ตัวเอง 10% ของ HP สูงสุด<br>(คูลดาวน์ 0.1 วินาที)<br>เมื่อโจมตีโดน,<br>ถ้า HP ต่ำกว่า 48%:<br>ฟื้นฟู 1% ของ HP สูงสุด<br>(คูลดาวน์ 0.5 วินาที)"""
215#1,"""Damage+4.5% Variance+2%<br>PP+3<br>เมื่อโจมตีโดน,<br>ถ้า HP สูงกว่า 50%:<br>ทำดาเมจใส่ตัวเอง 10% ของ HP สูงสุด<br>(คูลดาวน์ 0.1 วินาที)<br>เมื่อโจมตีโดน,<br>ถ้า HP ต่ำกว่า 48%:<br>ฟื้นฟู 1% ของ HP สูงสุด<br>(คูลดาวน์ 0.5 วินาที)"""
216#1,"""Damage+4.5% Variance+2%<br>HP+15 PP+2<br>เมื่อโจมตีโดน,<br>ถ้า HP สูงกว่า 50%:<br>ทำดาเมจใส่ตัวเอง 10% ของ HP สูงสุด<br>(คูลดาวน์ 0.1 วินาที)<br>เมื่อโจมตีโดน,<br>ถ้า HP ต่ำกว่า 48%:<br>ฟื้นฟู 1% ของ HP สูงสุด<br>(คูลดาวน์ 0.5 วินาที)"""
217#1,"""Damage+4.5% Variance+2%<br>Damage Resist+1%<br>เมื่อโจมตีโดน,<br>ถ้า HP สูงกว่า 50%:<br>ทำดาเมจใส่ตัวเอง 10% ของ HP สูงสุด<br>(คูลดาวน์ 0.1 วินาที)<br>เมื่อโจมตีโดน,<br>ถ้า HP ต่ำกว่า 48%:<br>ฟื้นฟู 1% ของ HP สูงสุด<br>(คูลดาวน์ 0.5 วินาที)"""
218#1,"""Damage+4.5% Variance+2%<br>Down Resist+5%<br>เมื่อโจมตีโดน,<br>ถ้า HP สูงกว่า 50%:<br>ทำดาเมจใส่ตัวเอง 10% ของ HP สูงสุด<br>(คูลดาวน์ 0.1 วินาที)<br>เมื่อโจมตีโดน,<br>ถ้า HP ต่ำกว่า 48%:<br>ฟื้นฟู 1% ของ HP สูงสุด<br>(คูลดาวน์ 0.5 วินาที)"""
219#1,"""ใน Duel: Phases 1~5<br>Damage ระหว่างทำเควสต์+7%<br>Damage Resist+30%<br><yellow>※เฉพาะตอนที่ใช้อาวุธ<br>Main Class เท่านั้น<c>"""
220#1,"""ใน Duel: Phases 1~5<br>Damage ระหว่างทำเควสต์+7%<br>Attack PP Recovery+50%<br><yellow>※เฉพาะตอนที่ใช้อาวุธ<br>Main Class เท่านั้น<c>"""
221#1,"""ใน Duel: Phases 1~5<br>Damage ระหว่างทำเควสต์+7%<br>Critical Rate+10%<br><yellow>※เฉพาะตอนที่ใช้อาวุธ<br>Main Class เท่านั้น<c>"""
222#1,"""ใน Duel: Phases 1~5<br>Damage ระหว่างทำเควสต์+7%<br>Damage Variance+20%<br><yellow>※เฉพาะตอนที่ใช้อาวุธ<br>Main Class เท่านั้น<c>"""
223#1,"""ใน Duel: Phases 1~5<br>Damage ระหว่างทำเควสต์+7%<br>Attack PB Gauge+50%<br><yellow>※เฉพาะตอนที่ใช้อาวุธ<br>Main Class เท่านั้น<c>"""
224#1,"""ใน Duel: Phases 1~5<br>Damage ระหว่างทำเควสต์+7%<br>PB Cooldown-20%<br><yellow>※เฉพาะตอนที่ใช้อาวุธ<br>Main Class เท่านั้น<c>"""
225#1,"""ใน Duel: Phases 1~5<br>Damage ระหว่างทำเควสต์+7%<br>Damage Resist+30%<br><yellow>※เฉพาะตอนที่ใช้อาวุธ<br>Main Class เท่านั้น<c>"""
226#1,"""ใน Duel: Phases 1~5<br>Damage ระหว่างทำเควสต์+7%<br>Attack PP Recovery+50%<br><yellow>※เฉพาะตอนที่ใช้อาวุธ<br>Main Class เท่านั้น<c>"""
227#1,"""ใน Duel: Phases 1~5<br>Damage ระหว่างทำเควสต์+7%<br>Critical Rate+10%<br><yellow>※เฉพาะตอนที่ใช้อาวุธ<br>Main Class เท่านั้น<c>"""
228#1,"""ใน Duel: Phases 1~5<br>Damage ระหว่างทำเควสต์+7%<br>Damage Variance+20%<br><yellow>※เฉพาะตอนที่ใช้อาวุธ<br>Main Class เท่านั้น<c>"""
229#1,"""ใน Duel: Phases 1~5<br>Damage ระหว่างทำเควสต์+7%<br>Attack PB Gauge+50%<br><yellow>※เฉพาะตอนที่ใช้อาวุธ<br>Main Class เท่านั้น<c>"""
230#1,"""ใน Duel: Phases 1~5<br>Damage ระหว่างทำเควสต์+7%<br>PB Cooldown-20%<br><yellow>※เฉพาะตอนที่ใช้อาวุธ<br>Main Class เท่านั้น<c>"""
231#1,"""Damage+5.5% Damage Variance+2%<br>HP+25<br>เมื่อสู้กับศัตรูที่ไม่ใช่ Boss:<br>Damage Resist+30%"""
232#1,"""Damage+5.5% Damage Variance+2%<br>PP+3<br>เมื่อสู้กับศัตรูที่ไม่ใช่ Boss:<br>Damage Resist+30%"""
233#1,"""Damage+5.5% Damage Variance+2%<br>HP+15 PP+2<br>เมื่อสู้กับศัตรูที่ไม่ใช่ Boss:<br>Damage Resist+30%"""
234#1,"""Damage+5.5% Damage Variance+2%<br>Damage Resist+1%<br>เมื่อสู้กับศัตรูที่ไม่ใช่ Boss:<br>Damage Resist+30%"""
235#1,"""Damage+5.5% Damage Variance+2%<br>Down Resist+5%<br>เมื่อสู้กับศัตรูที่ไม่ใช่ Boss:<br>Damage Resist+30%"""
236#1,"""Damage+5.5% Damage Variance+2%<br>HP+25<br>เมื่อสู้กับศัตรูระดับ Boss:<br>Damage Resist+15%"""
237#1,"""Damage+5.5% Damage Variance+2%<br>PP+3<br>เมื่อสู้กับศัตรูระดับ Boss:<br>Damage Resist+15%"""
238#1,"""Damage+5.5% Damage Variance+2%<br>HP+15 PP+2<br>เมื่อสู้กับศัตรูระดับ Boss:<br>Damage Resist+15%"""
239#1,"""Damage+5.5% Damage Variance+2%<br>Damage Resist+1%<br>เมื่อสู้กับศัตรูระดับ Boss:<br>Damage Resist+15%"""
240#1,"""Damage+5.5% Damage Variance+2%<br>Down Resist+5%<br>เมื่อสู้กับศัตรูระดับ Boss:<br>Damage Resist+15%"""
241#1,"""Damage+5.5% Damage Variance+2%<br>HP+25<br>ลดโอกาสที่ศัตรู<br>จะเล็งเป้าหมายมาที่คุณเมื่อคุณโจมตีโดน"""
242#1,"""Damage+5.5% Damage Variance+2%<br>PP+3<br>ลดโอกาสที่ศัตรู<br>จะเล็งเป้าหมายมาที่คุณเมื่อคุณโจมตีโดน"""
243#1,"""Damage+5.5% Damage Variance+2%<br>HP+15 PP+2<br>ลดโอกาสที่ศัตรู<br>จะเล็งเป้าหมายมาที่คุณเมื่อคุณโจมตีโดน"""
244#1,"""Damage+5.5% Damage Variance+2%<br>Damage Resist+1%<br>ลดโอกาสที่ศัตรู<br>จะเล็งเป้าหมายมาที่คุณเมื่อคุณโจมตีโดน"""
245#1,"""Damage+5.5% Damage Variance+2%<br>Down Resist+5%<br>ลดโอกาสที่ศัตรู<br>จะเล็งเป้าหมายมาที่คุณเมื่อคุณโจมตีโดน"""
246#1,"""Damage+5.0% Damage Variance+2%<br>HP+25<br>เมื่อสู้กับศัตรูที่เล็งเป้าหมายมาที่คุณ:<br>Damage Resist+10%<br>เมื่อสู้กับศัตรูที่ไม่ได้เล็งเป้าหมายมาที่คุณ:<br>Damage+1.5%"""
247#1,"""Damage+5.0% Damage Variance+2%<br>PP+3<br>เมื่อสู้กับศัตรูที่เล็งเป้าหมายมาที่คุณ:<br>Damage Resist+10%<br>เมื่อสู้กับศัตรูที่ไม่ได้เล็งเป้าหมายมาที่คุณ:<br>Damage+1.5%"""
248#1,"""Damage+5.0% Damage Variance+2%<br>HP+15 PP+2<br>เมื่อสู้กับศัตรูที่เล็งเป้าหมายมาที่คุณ:<br>Damage Resist+10%<br>เมื่อสู้กับศัตรูที่ไม่ได้เล็งเป้าหมายมาที่คุณ:<br>Damage+1.5%"""
249#1,"""Damage+5.0% Damage Variance+2%<br>Damage Resist+1%<br>เมื่อสู้กับศัตรูที่เล็งเป้าหมายมาที่คุณ:<br>Damage Resist+10%<br>เมื่อสู้กับศัตรูที่ไม่ได้เล็งเป้าหมายมาที่คุณ:<br>Damage+1.5%"""
250#1,"""Damage+5.0% Damage Variance+2%<br>Down Resist+5%<br>เมื่อสู้กับศัตรูที่เล็งเป้าหมายมาที่คุณ:<br>Damage Resist+10%<br>เมื่อสู้กับศัตรูที่ไม่ได้เล็งเป้าหมายมาที่คุณ:<br>Damage+1.5%"""
251#1,"""Damage+5.5% Damage Variance+2%<br>HP+25<br>เมื่อทำความเสียหาย:<br>มีโอกาส 30% ฟื้นฟู 10 PP<br>(คูลดาวน์ 5 วินาที)<br>และมีโอกาส 10% ที่จะ<br>ทำดาเมจใส่ตัวเอง 1 หน่วย<br>(คูลดาวน์ 10 วินาที)"""
252#1,"""Damage+5.5% Damage Variance+2%<br>PP+3<br>เมื่อทำความเสียหาย:<br>มีโอกาส 30% ฟื้นฟู 10 PP<br>(คูลดาวน์ 5 วินาที)<br>และมีโอกาส 10% ที่จะ<br>ทำดาเมจใส่ตัวเอง 1 หน่วย<br>(คูลดาวน์ 10 วินาที)"""
253#1,"""Damage+5.5% Damage Variance+2%<br>HP+15 PP+2<br>เมื่อทำความเสียหาย:<br>มีโอกาส 30% ฟื้นฟู 10 PP<br>(คูลดาวน์ 5 วินาที)<br>และมีโอกาส 10% ที่จะ<br>ทำดาเมจใส่ตัวเอง 1 หน่วย<br>(คูลดาวน์ 10 วินาที)"""
254#1,"""Damage+5.5% Damage Variance+2%<br>Damage Resist+1%<br>เมื่อทำความเสียหาย:<br>มีโอกาส 30% ฟื้นฟู 10 PP<br>(คูลดาวน์ 5 วินาที)<br>และมีโอกาส 10% ที่จะ<br>ทำดาเมจใส่ตัวเอง 1 หน่วย<br>(คูลดาวน์ 10 วินาที)"""
255#1,"""Damage+5.5% Damage Variance+2%<br>Down Resist+5%<br>เมื่อทำความเสียหาย:<br>มีโอกาส 30% ฟื้นฟู 10 PP<br>(คูลดาวน์ 5 วินาที)<br>และมีโอกาส 10% ที่จะ<br>ทำดาเมจใส่ตัวเอง 1 หน่วย<br>(คูลดาวน์ 10 วินาที)"""
256#1,"""Damage+5.5% Damage Variance+2%<br>HP+25<br>เมื่อได้รับความเสียหาย:<br>Damage Resist+15%<br>ซ้อนทับกันได้สูงสุดถึง +25%<br>จะรีเซ็ตหลังจากผ่านไป 30 วินาที<br>โดยไม่ได้รับความเสียหาย"""
257#1,"""Damage+5.5% Damage Variance+2%<br>PP+3<br>เมื่อได้รับความเสียหาย:<br>Damage Resist+15%<br>ซ้อนทับกันได้สูงสุดถึง +25%<br>จะรีเซ็ตหลังจากผ่านไป 30 วินาที<br>โดยไม่ได้รับความเสียหาย"""
258#1,"""Damage+5.5% Damage Variance+2%<br>HP+15 PP+2<br>เมื่อได้รับความเสียหาย:<br>Damage Resist+15%<br>ซ้อนทับกันได้สูงสุดถึง +25%<br>จะรีเซ็ตหลังจากผ่านไป 30 วินาที<br>โดยไม่ได้รับความเสียหาย"""
259#1,"""Damage+5.5% Damage Variance+2%<br>Damage Resist+1%<br>เมื่อได้รับความเสียหาย:<br>Damage Resist+15%<br>ซ้อนทับกันได้สูงสุดถึง +25%<br>จะรีเซ็ตหลังจากผ่านไป 30 วินาที<br>โดยไม่ได้รับความเสียหาย"""
260#1,"""Damage+5.5% Damage Variance+2%<br>Down Resist+5%<br>เมื่อได้รับความเสียหาย:<br>Damage Resist+15%<br>ซ้อนทับกันได้สูงสุดถึง +25%<br>จะรีเซ็ตหลังจากผ่านไป 30 วินาที<br>โดยไม่ได้รับความเสียหาย"""
261#1,"""Damage+5.5% Damage Variance+2%<br>HP+25<br>เมื่อสูญเสีย HP:<br>เพิ่มเกจ PB (PB Gauge) 2%<br>(คูลดาวน์ 10 วินาที)"""
262#1,"""Damage+5.5% Damage Variance+2%<br>PP+3<br>เมื่อสูญเสีย HP:<br>เพิ่มเกจ PB (PB Gauge) 2%<br>(คูลดาวน์ 10 วินาที)"""
263#1,"""Damage+5.5% Damage Variance+2%<br>HP+15 PP+2<br>เมื่อสูญเสีย HP:<br>เพิ่มเกจ PB (PB Gauge) 2%<br>(คูลดาวน์ 10 วินาที)"""
264#1,"""Damage+5.5% Damage Variance+2%<br>Damage Resist+1%<br>เมื่อสูญเสีย HP:<br>เพิ่มเกจ PB (PB Gauge) 2%<br>(คูลดาวน์ 10 วินาที)"""
265#1,"""Damage+5.5% Damage Variance+2%<br>Down Resist+5%<br>เมื่อสูญเสีย HP:<br>เพิ่มเกจ PB (PB Gauge) 2%<br>(คูลดาวน์ 10 วินาที)"""
266#1,"""Damage+5.5% Damage Variance+2%<br>HP+25<br>เมื่อใช้ PP ครบ 100 จะติดสถานะ Burn<br>ระหว่างที่ติด Burn, PP Regen +30%<br>สถานะ Burn จะไม่ทำความเสียหายอีกต่อไป"""
267#1,"""Damage+5.5% Damage Variance+2%<br>PP+3<br>เมื่อใช้ PP ครบ 100 จะติดสถานะ Burn<br>ระหว่างที่ติด Burn, PP Regen +30%<br>สถานะ Burn จะไม่ทำความเสียหายอีกต่อไป"""
268#1,"""Damage+5.5% Damage Variance+2%<br>HP+15 PP+2<br>เมื่อใช้ PP ครบ 100 จะติดสถานะ Burn<br>ระหว่างที่ติด Burn, PP Regen +30%<br>สถานะ Burn จะไม่ทำความเสียหายอีกต่อไป"""
269#1,"""Damage+5.5% Damage Variance+2%<br>Damage Resist+1%<br>เมื่อใช้ PP ครบ 100 จะติดสถานะ Burn<br>ระหว่างที่ติด Burn, PP Regen +30%<br>สถานะ Burn จะไม่ทำความเสียหายอีกต่อไป"""
270#1,"""Damage+5.5% Damage Variance+2%<br>Down Resist+5%<br>เมื่อใช้ PP ครบ 100 จะติดสถานะ Burn<br>ระหว่างที่ติด Burn, PP Regen +30%<br>สถานะ Burn จะไม่ทำความเสียหายอีกต่อไป"""
271#1,"""Damage+5.0% Damage Variance+2%<br>HP+25<br>ในขณะที่ติดสถานะผิดปกติ (Status):<br>Damage+2%<br>Attack PP Recovery+10%<br>Damage Resist+10%"""
272#1,"""Damage+5.0% Damage Variance+2%<br>PP+3<br>ในขณะที่ติดสถานะผิดปกติ (Status):<br>Damage+2%<br>Attack PP Recovery+10%<br>Damage Resist+10%"""
273#1,"""Damage+5.0% Damage Variance+2%<br>HP+15 PP+2<br>ในขณะที่ติดสถานะผิดปกติ (Status):<br>Damage+2%<br>Attack PP Recovery+10%<br>Damage Resist+10%"""
274#1,"""Damage+5.0% Damage Variance+2%<br>Damage Resist+1%<br>ในขณะที่ติดสถานะผิดปกติ (Status):<br>Damage+2%<br>Attack PP Recovery+10%<br>Damage Resist+10%"""
275#1,"""Damage+5.0% Damage Variance+2%<br>Down Resist+5%<br>ในขณะที่ติดสถานะผิดปกติ (Status):<br>Damage+2%<br>Attack PP Recovery+10%<br>Damage Resist+10%"""
276#1,"""Damage+5.5% Damage Variance+2%<br>HP+25<br>ฟื้นฟู 10 PP ทุกๆ 5 วินาที"""
277#1,"""Damage+5.5% Damage Variance+2%<br>PP+3<br>ฟื้นฟู 10 PP ทุกๆ 5 วินาที"""
278#1,"""Damage+5.5% Damage Variance+2%<br>HP+15 PP+2<br>ฟื้นฟู 10 PP ทุกๆ 5 วินาที"""
279#1,"""Damage+5.5% Damage Variance+2%<br>Damage Resist+1%<br>ฟื้นฟู 10 PP ทุกๆ 5 วินาที"""
280#1,"""Damage+5.5% Damage Variance+2%<br>Down Resist+5%<br>ฟื้นฟู 10 PP ทุกๆ 5 วินาที"""
281#1,"""Damage+5.5% Damage Variance+2%<br>HP+25<br>ใช้งานได้ครั้งเดียว หลังจากใช้<br>Resta Sign หรือ Reverser Sign:<br>Damage Resist+30%<br><yellow>※ทำให้สามารถใช้ Resta<br>Sign ได้แม้ HP จะเต็มอยู่<c>"""
282#1,"""Damage+5.5% Damage Variance+2%<br>PP+3<br>ใช้งานได้ครั้งเดียว หลังจากใช้<br>Resta Sign หรือ Reverser Sign:<br>Damage Resist+30%<br><yellow>※ทำให้สามารถใช้ Resta<br>Sign ได้แม้ HP จะเต็มอยู่<c>"""
283#1,"""Damage+5.5% Damage Variance+2%<br>HP+15 PP+2<br>ใช้งานได้ครั้งเดียว หลังจากใช้<br>Resta Sign หรือ Reverser Sign:<br>Damage Resist+30%<br><yellow>※ทำให้สามารถใช้ Resta<br>Sign ได้แม้ HP จะเต็มอยู่<c>"""
284#1,"""Damage+5.5% Damage Variance+2%<br>Damage Resist+1%<br>ใช้งานได้ครั้งเดียว หลังจากใช้<br>Resta Sign หรือ Reverser Sign:<br>Damage Resist+30%<br><yellow>※ทำให้สามารถใช้ Resta<br>Sign ได้แม้ HP จะเต็มอยู่<c>"""
285#1,"""Damage+5.5% Damage Variance+2%<br>Down Resist+5%<br>ใช้งานได้ครั้งเดียว หลังจากใช้<br>Resta Sign หรือ Reverser Sign:<br>Damage Resist+30%<br><yellow>※ทำให้สามารถใช้ Resta<br>Sign ได้แม้ HP จะเต็มอยู่<c>"""
286#1,"""Damage+5.5% Damage Variance+2%<br>HP+25<br>เมื่อศัตรูใกล้เคียงถูกกำจัด:<br>PP+6"""
287#1,"""Damage+5.5% Damage Variance+2%<br>PP+3<br>เมื่อศัตรูใกล้เคียงถูกกำจัด:<br>PP+6"""
288#1,"""Damage+5.5% Damage Variance+2%<br>HP+15 PP+2<br>เมื่อศัตรูใกล้เคียงถูกกำจัด:<br>PP+6"""
289#1,"""Damage+5.5% Damage Variance+2%<br>Damage Resist+1%<br>เมื่อศัตรูใกล้เคียงถูกกำจัด:<br>PP+6"""
290#1,"""Damage+5.5% Damage Variance+2%<br>Down Resist+5%<br>เมื่อศัตรูใกล้เคียงถูกกำจัด:<br>PP+6"""
291#1,"""Damage+5.5% Damage Variance+2%<br>HP+25<br>เมื่อศัตรูใกล้เคียงติดสถานะ Down:<br>ฟื้นฟู PP 50% ของ PP สูงสุด"""
292#1,"""Damage+5.5% Damage Variance+2%<br>PP+3<br>เมื่อศัตรูใกล้เคียงติดสถานะ Down:<br>ฟื้นฟู PP 50% ของ PP สูงสุด"""
293#1,"""Damage+5.5% Damage Variance+2%<br>HP+15 PP+2<br>เมื่อศัตรูใกล้เคียงติดสถานะ Down:<br>ฟื้นฟู PP 50% ของ PP สูงสุด"""
294#1,"""Damage+5.5% Damage Variance+2%<br>Damage Resist+1%<br>เมื่อศัตรูใกล้เคียงติดสถานะ Down:<br>ฟื้นฟู PP 50% ของ PP สูงสุด"""
295#1,"""Damage+5.5% Damage Variance+2%<br>Down Resist+5%<br>เมื่อศัตรูใกล้เคียงติดสถานะ Down:<br>ฟื้นฟู PP 50% ของ PP สูงสุด"""
296#1,"""Damage+5.5% Damage Variance+2%<br>HP+25<br>เมื่อได้รับความเสียหายถึงตาย:<br>รอดชีวิตด้วย 1 HP<br>และได้รับสถานะอมตะชั่วคราว<br>(คูลดาวน์ 300 วินาที)<br>(เริ่มทำงาน 10 วินาทีหลังจากสวมใส่)"""
297#1,"""Damage+5.5% Damage Variance+2%<br>PP+3<br>เมื่อได้รับความเสียหายถึงตาย:<br>รอดชีวิตด้วย 1 HP<br>และได้รับสถานะอมตะชั่วคราว<br>(คูลดาวน์ 300 วินาที)<br>(เริ่มทำงาน 10 วินาทีหลังจากสวมใส่)"""
298#1,"""Damage+5.5% Damage Variance+2%<br>HP+15 PP+2<br>เมื่อได้รับความเสียหายถึงตาย:<br>รอดชีวิตด้วย 1 HP<br>และได้รับสถานะอมตะชั่วคราว<br>(คูลดาวน์ 300 วินาที)<br>(เริ่มทำงาน 10 วินาทีหลังจากสวมใส่)"""
299#1,"""Damage+5.5% Damage Variance+2%<br>Damage Resist+1%<br>เมื่อได้รับความเสียหายถึงตาย:<br>รอดชีวิตด้วย 1 HP<br>และได้รับสถานะอมตะชั่วคราว<br>(คูลดาวน์ 300 วินาที)<br>(เริ่มทำงาน 10 วินาทีหลังจากสวมใส่)"""
300#1,"""Damage+5.5% Damage Variance+2%<br>Down Resist+5%<br>เมื่อได้รับความเสียหายถึงตาย:<br>รอดชีวิตด้วย 1 HP<br>และได้รับสถานะอมตะชั่วคราว<br>(คูลดาวน์ 300 วินาที)<br>(เริ่มทำงาน 10 วินาทีหลังจากสวมใส่)"""
301#1,"""Damage+5.5% Damage Variance+2%<br>HP+25<br>เมื่อ PP ลดลงต่ำกว่า 10%:<br>ฟื้นฟู 200 PP<br>(คูลดาวน์ 180 วินาที)<br>(เริ่มทำงาน 10 วินาทีหลังจากสวมใส่)"""
302#1,"""Damage+5.5% Damage Variance+2%<br>PP+3<br>เมื่อ PP ลดลงต่ำกว่า 10%:<br>ฟื้นฟู 200 PP<br>(คูลดาวน์ 180 วินาที)<br>(เริ่มทำงาน 10 วินาทีหลังจากสวมใส่)"""
303#1,"""Damage+5.5% Damage Variance+2%<br>HP+15 PP+2<br>เมื่อ PP ลดลงต่ำกว่า 10%:<br>ฟื้นฟู 200 PP<br>(คูลดาวน์ 180 วินาที)<br>(เริ่มทำงาน 10 วินาทีหลังจากสวมใส่)"""
304#1,"""Damage+5.5% Damage Variance+2%<br>Damage Resist+1%<br>เมื่อ PP ลดลงต่ำกว่า 10%:<br>ฟื้นฟู 200 PP<br>(คูลดาวน์ 180 วินาที)<br>(เริ่มทำงาน 10 วินาทีหลังจากสวมใส่)"""
305#1,"""Damage+5.5% Damage Variance+2%<br>Down Resist+5%<br>เมื่อ PP ลดลงต่ำกว่า 10%:<br>ฟื้นฟู 200 PP<br>(คูลดาวน์ 180 วินาที)<br>(เริ่มทำงาน 10 วินาทีหลังจากสวมใส่)"""
306#1,"""Damage+5.5% Damage Variance+2%<br>HP+25<br>สร้างโล่ 3 ชั้นเพื่อ<br>บล็อกความเสียหายจากศัตรู<br>เมื่อโล่ทั้งหมดถูกทำลาย,<br>จะฟื้นฟูกลับมาใหม่ใน 120 วินาที"""
307#1,"""Damage+5.5% Damage Variance+2%<br>PP+3<br>สร้างโล่ 3 ชั้นเพื่อ<br>บล็อกความเสียหายจากศัตรู<br>เมื่อโล่ทั้งหมดถูกทำลาย,<br>จะฟื้นฟูกลับมาใหม่ใน 120 วินาที"""
308#1,"""Damage+5.5% Damage Variance+2%<br>HP+15 PP+2<br>สร้างโล่ 3 ชั้นเพื่อ<br>บล็อกความเสียหายจากศัตรู<br>เมื่อโล่ทั้งหมดถูกทำลาย,<br>จะฟื้นฟูกลับมาใหม่ใน 120 วินาที"""
309#1,"""Damage+5.5% Damage Variance+2%<br>Damage Resist+1%<br>สร้างโล่ 3 ชั้นเพื่อ<br>บล็อกความเสียหายจากศัตรู<br>เมื่อโล่ทั้งหมดถูกทำลาย,<br>จะฟื้นฟูกลับมาใหม่ใน 120 วินาที"""
310#1,"""Damage+5.5% Damage Variance+2%<br>Down Resist+5%<br>สร้างโล่ 3 ชั้นเพื่อ<br>บล็อกความเสียหายจากศัตรู<br>เมื่อโล่ทั้งหมดถูกทำลาย,<br>จะฟื้นฟูกลับมาใหม่ใน 120 วินาที"""
311#1,"""Damage+5.5% Damage Variance+2%<br>HP+25<br>มีโอกาส 20% ที่จะไม่เสีย<br>Resta/Reverser Signs เมื่อกดใช้<br>(เริ่มทำงาน 10 วินาทีหลังจากสวมใส่)"""
312#1,"""Damage+5.5% Damage Variance+2%<br>PP+3<br>มีโอกาส 20% ที่จะไม่เสีย<br>Resta/Reverser Signs เมื่อกดใช้<br>(เริ่มทำงาน 10 วินาทีหลังจากสวมใส่)"""
313#1,"""Damage+5.5% Damage Variance+2%<br>HP+15 PP+2<br>มีโอกาส 20% ที่จะไม่เสีย<br>Resta/Reverser Signs เมื่อกดใช้<br>(เริ่มทำงาน 10 วินาทีหลังจากสวมใส่)"""
314#1,"""Damage+5.5% Damage Variance+2%<br>Damage Resist+1%<br>มีโอกาส 20% ที่จะไม่เสีย<br>Resta/Reverser Signs เมื่อกดใช้<br>(เริ่มทำงาน 10 วินาทีหลังจากสวมใส่)"""
315#1,"""Damage+5.5% Damage Variance+2%<br>Down Resist+5%<br>มีโอกาส 20% ที่จะไม่เสีย<br>Resta/Reverser Signs เมื่อกดใช้<br>(เริ่มทำงาน 10 วินาทีหลังจากสวมใส่)"""
316#1,"""Damage+5.5% Damage Variance+2%<br>HP+25<br>เมื่อใช้ Just Reversal<br>เพื่อทรงตัวจากการถูกงัดลอย,<br>การกดโจมตีปกติ (Normal Attack) ทันที<br>จะเป็นการทำ Step Counter"""
317#1,"""Damage+5.5% Damage Variance+2%<br>PP+3<br>เมื่อใช้ Just Reversal<br>เพื่อทรงตัวจากการถูกงัดลอย,<br>การกดโจมตีปกติ (Normal Attack) ทันที<br>จะเป็นการทำ Step Counter"""
318#1,"""Damage+5.5% Damage Variance+2%<br>HP+15 PP+2<br>เมื่อใช้ Just Reversal<br>เพื่อทรงตัวจากการถูกงัดลอย,<br>การกดโจมตีปกติ (Normal Attack) ทันที<br>จะเป็นการทำ Step Counter"""
319#1,"""Damage+5.5% Damage Variance+2%<br>Damage Resist+1%<br>เมื่อใช้ Just Reversal<br>เพื่อทรงตัวจากการถูกงัดลอย,<br>การกดโจมตีปกติ (Normal Attack) ทันที<br>จะเป็นการทำ Step Counter"""
320#1,"""Damage+5.5% Damage Variance+2%<br>Down Resist+5%<br>เมื่อใช้ Just Reversal<br>เพื่อทรงตัวจากการถูกงัดลอย,<br>การกดโจมตีปกติ (Normal Attack) ทันที<br>จะเป็นการทำ Step Counter"""
321#1,"""Damage+5.5% Damage Variance+2%<br>HP+25<br>เพิ่มอัตราการทำให้ศัตรู<br>ติด Down ขึ้น 5%<br>ทุกๆ 10 วินาที (สูงสุด 20%)"""
322#1,"""Damage+5.5% Damage Variance+2%<br>PP+3<br>เพิ่มอัตราการทำให้ศัตรู<br>ติด Down ขึ้น 5%<br>ทุกๆ 10 วินาที (สูงสุด 20%)"""
323#1,"""Damage+5.5% Damage Variance+2%<br>HP+15 PP+2<br>เพิ่มอัตราการทำให้ศัตรู<br>ติด Down ขึ้น 5%<br>ทุกๆ 10 วินาที (สูงสุด 20%)"""
324#1,"""Damage+5.5% Damage Variance+2%<br>Damage Resist+1%<br>เพิ่มอัตราการทำให้ศัตรู<br>ติด Down ขึ้น 5%<br>ทุกๆ 10 วินาที (สูงสุด 20%)"""
325#1,"""Damage+5.5% Damage Variance+2%<br>Down Resist+5%<br>เพิ่มอัตราการทำให้ศัตรู<br>ติด Down ขึ้น 5%<br>ทุกๆ 10 วินาที (สูงสุด 20%)"""
326#1,"""Damage+5.5% Damage Variance+2%<br>HP+25<br>เมื่อใช้ PAs/Techs<br>ที่แตกต่างกันอย่างต่อเนื่อง:<br>PP Consumption -25%"""
327#1,"""Damage+5.5% Damage Variance+2%<br>PP+3<br>เมื่อใช้ PAs/Techs<br>ที่แตกต่างกันอย่างต่อเนื่อง:<br>PP Consumption -25%"""
328#1,"""Damage+5.5% Damage Variance+2%<br>HP+15 PP+2<br>เมื่อใช้ PAs/Techs<br>ที่แตกต่างกันอย่างต่อเนื่อง:<br>PP Consumption -25%"""
329#1,"""Damage+5.5% Damage Variance+2%<br>Damage Resist+1%<br>เมื่อใช้ PAs/Techs<br>ที่แตกต่างกันอย่างต่อเนื่อง:<br>PP Consumption -25%"""
330#1,"""Damage+5.5% Damage Variance+2%<br>Down Resist+5%<br>เมื่อใช้ PAs/Techs<br>ที่แตกต่างกันอย่างต่อเนื่อง:<br>PP Consumption -25%"""
331#1,"""Damage+5.0% Damage Variance+2%<br>HP+25<br>เมื่อ HP สูงกว่า 95%:<br>Damage+1.5%<br>Damage Resist+5%"""
332#1,"""Damage+5.0% Damage Variance+2%<br>PP+3<br>เมื่อ HP สูงกว่า 95%:<br>Damage+1.5%<br>Damage Resist+5%"""
333#1,"""Damage+5.0% Damage Variance+2%<br>HP+15 PP+2<br>เมื่อ HP สูงกว่า 95%:<br>Damage+1.5%<br>Damage Resist+5%"""
334#1,"""Damage+5.0% Damage Variance+2%<br>Damage Resist+1%<br>เมื่อ HP สูงกว่า 95%:<br>Damage+1.5%<br>Damage Resist+5%"""
335#1,"""Damage+5.0% Damage Variance+2%<br>Down Resist+5%<br>เมื่อ HP สูงกว่า 95%:<br>Damage+1.5%<br>Damage Resist+5%"""
336#1,"""Damage+5.5% Damage Variance+2%<br>HP+25<br>เมื่อ HP ต่ำกว่า 50%:<br>Damage+1.5%<br>Damage Resist+30%"""
337#1,"""Damage+5.5% Damage Variance+2%<br>PP+3<br>เมื่อ HP ต่ำกว่า 50%:<br>Damage+1.5%<br>Damage Resist+30%"""
338#1,"""Damage+5.5% Damage Variance+2%<br>HP+15 PP+2<br>เมื่อ HP ต่ำกว่า 50%:<br>Damage+1.5%<br>Damage Resist+30%"""
339#1,"""Damage+5.5% Damage Variance+2%<br>Damage Resist+1%<br>เมื่อ HP ต่ำกว่า 50%:<br>Damage+1.5%<br>Damage Resist+30%"""
340#1,"""Damage+5.5% Damage Variance+2%<br>Down Resist+5%<br>เมื่อ HP ต่ำกว่า 50%:<br>Damage+1.5%<br>Damage Resist+30%"""
341#1,"""Damage+5.25% Damage Variance+2%<br>HP+25<br>HP Recovery+10%<br>หลังจากฟื้นฟู HP:<br>Damage+1.5% เป็นเวลา 20 วินาที"""
342#1,"""Damage+5.25% Damage Variance+2%<br>PP+3<br>HP Recovery+10%<br>หลังจากฟื้นฟู HP:<br>Damage+1.5% เป็นเวลา 20 วินาที"""
343#1,"""Damage+5.25% Damage Variance+2%<br>HP+15 PP+2<br>HP Recovery+10%<br>หลังจากฟื้นฟู HP:<br>Damage+1.5% เป็นเวลา 20 วินาที"""
344#1,"""Damage+5.25% Damage Variance+2%<br>Damage Resist+1%<br>HP Recovery+10%<br>หลังจากฟื้นฟู HP:<br>Damage+1.5% เป็นเวลา 20 วินาที"""
345#1,"""Damage+5.25% Damage Variance+2%<br>Down Resist+5%<br>HP Recovery+10%<br>หลังจากฟื้นฟู HP:<br>Damage+1.5% เป็นเวลา 20 วินาที"""
346#1,"""Damage+5.5% Damage Variance+2%<br>HP+25<br>เมื่อป้องกันความเสียหายสำเร็จ<br>ด้วย Step หรือ Weapon Action<br>จะฟื้นฟู 1% ของ HP สูงสุด<br>(คูลดาวน์ 10 วินาที)"""
347#1,"""Damage+5.5% Damage Variance+2%<br>PP+3<br>เมื่อป้องกันความเสียหายสำเร็จ<br>ด้วย Step หรือ Weapon Action<br>จะฟื้นฟู 1% ของ HP สูงสุด<br>(คูลดาวน์ 10 วินาที)"""
348#1,"""Damage+5.5% Damage Variance+2%<br>HP+15 PP+2<br>เมื่อป้องกันความเสียหายสำเร็จ<br>ด้วย Step หรือ Weapon Action<br>จะฟื้นฟู 1% ของ HP สูงสุด<br>(คูลดาวน์ 10 วินาที)"""
349#1,"""Damage+5.5% Damage Variance+2%<br>Damage Resist+1%<br>เมื่อป้องกันความเสียหายสำเร็จ<br>ด้วย Step หรือ Weapon Action<br>จะฟื้นฟู 1% ของ HP สูงสุด<br>(คูลดาวน์ 10 วินาที)"""
350#1,"""Damage+5.5% Damage Variance+2%<br>Down Resist+5%<br>เมื่อป้องกันความเสียหายสำเร็จ<br>ด้วย Step หรือ Weapon Action<br>จะฟื้นฟู 1% ของ HP สูงสุด<br>(คูลดาวน์ 10 วินาที)"""
351#1,"""Damage+5.5% Damage Variance+2%<br>HP+25<br>เมื่อโจมตีศัตรูที่ติด Down:<br>Damage +2%<br>(เริ่มทำงาน 10 วินาทีหลังจากสวมใส่)<br>เมื่อศัตรูใกล้เคียงติด Down:<br>เพิ่มเกจ PB (PB Gauge) 6%<br>(คูลดาวน์ 10 วินาที)<br>(เริ่มทำงาน 10 วินาทีหลังจากสวมใส่)"""
352#1,"""Damage+5.5% Damage Variance+2%<br>PP+3<br>เมื่อโจมตีศัตรูที่ติด Down:<br>Damage +2%<br>(เริ่มทำงาน 10 วินาทีหลังจากสวมใส่)<br>เมื่อศัตรูใกล้เคียงติด Down:<br>เพิ่มเกจ PB (PB Gauge) 6%<br>(คูลดาวน์ 10 วินาที)<br>(เริ่มทำงาน 10 วินาทีหลังจากสวมใส่)"""
353#1,"""Damage+5.5% Damage Variance+2%<br>HP+15 PP+2<br>เมื่อโจมตีศัตรูที่ติด Down:<br>Damage +2%<br>(เริ่มทำงาน 10 วินาทีหลังจากสวมใส่)<br>เมื่อศัตรูใกล้เคียงติด Down:<br>เพิ่มเกจ PB (PB Gauge) 6%<br>(คูลดาวน์ 10 วินาที)<br>(เริ่มทำงาน 10 วินาทีหลังจากสวมใส่)"""
354#1,"""Damage+5.5% Damage Variance+2%<br>Damage Resist+1%<br>เมื่อโจมตีศัตรูที่ติด Down:<br>Damage +2%<br>(เริ่มทำงาน 10 วินาทีหลังจากสวมใส่)<br>เมื่อศัตรูใกล้เคียงติด Down:<br>เพิ่มเกจ PB (PB Gauge) 6%<br>(คูลดาวน์ 10 วินาที)<br>(เริ่มทำงาน 10 วินาทีหลังจากสวมใส่)"""
355#1,"""Damage+5.5% Damage Variance+2%<br>Down Resist+5%<br>เมื่อโจมตีศัตรูที่ติด Down:<br>Damage +2%<br>(เริ่มทำงาน 10 วินาทีหลังจากสวมใส่)<br>เมื่อศัตรูใกล้เคียงติด Down:<br>เพิ่มเกจ PB (PB Gauge) 6%<br>(คูลดาวน์ 10 วินาที)<br>(เริ่มทำงาน 10 วินาทีหลังจากสวมใส่)"""
356#1,"""Damage+5.5% Damage Variance+2%<br>HP+25<br>เมื่อโจมตีโดน,<br>ถ้า HP สูงกว่า 50%:<br>ทำดาเมจใส่ตัวเอง 10% ของ HP สูงสุด<br>(คูลดาวน์ 0.1 วินาที)<br>เมื่อโจมตีโดน,<br>ถ้า HP ต่ำกว่า 48%:<br>ฟื้นฟู 1% ของ HP สูงสุด<br>(คูลดาวน์ 0.5 วินาที)"""
357#1,"""Damage+5.5% Damage Variance+2%<br>PP+3<br>เมื่อโจมตีโดน,<br>ถ้า HP สูงกว่า 50%:<br>ทำดาเมจใส่ตัวเอง 10% ของ HP สูงสุด<br>(คูลดาวน์ 0.1 วินาที)<br>เมื่อโจมตีโดน,<br>ถ้า HP ต่ำกว่า 48%:<br>ฟื้นฟู 1% ของ HP สูงสุด<br>(คูลดาวน์ 0.5 วินาที)"""
358#1,"""Damage+5.5% Damage Variance+2%<br>HP+15 PP+2<br>เมื่อโจมตีโดน,<br>ถ้า HP สูงกว่า 50%:<br>ทำดาเมจใส่ตัวเอง 10% ของ HP สูงสุด<br>(คูลดาวน์ 0.1 วินาที)<br>เมื่อโจมตีโดน,<br>ถ้า HP ต่ำกว่า 48%:<br>ฟื้นฟู 1% ของ HP สูงสุด<br>(คูลดาวน์ 0.5 วินาที)"""
359#1,"""Damage+5.5% Damage Variance+2%<br>Damage Resist+1%<br>เมื่อโจมตีโดน,<br>ถ้า HP สูงกว่า 50%:<br>ทำดาเมจใส่ตัวเอง 10% ของ HP สูงสุด<br>(คูลดาวน์ 0.1 วินาที)<br>เมื่อโจมตีโดน,<br>ถ้า HP ต่ำกว่า 48%:<br>ฟื้นฟู 1% ของ HP สูงสุด<br>(คูลดาวน์ 0.5 วินาที)"""
360#1,"""Damage+5.5% Damage Variance+2%<br>Down Resist+5%<br>เมื่อโจมตีโดน,<br>ถ้า HP สูงกว่า 50%:<br>ทำดาเมจใส่ตัวเอง 10% ของ HP สูงสุด<br>(คูลดาวน์ 0.1 วินาที)<br>เมื่อโจมตีโดน,<br>ถ้า HP ต่ำกว่า 48%:<br>ฟื้นฟู 1% ของ HP สูงสุด<br>(คูลดาวน์ 0.5 วินาที)"""
361#1,"""Damage+5.5% Damage Variance+2%<br>HP+25<br>ปล่อยการโจมตีคริติคอลเสริม<br>หลังจากที่ทำการโจมตีปกติ<br>การโจมตีเสริมนี้จะนับเป็น<br>การโจมตีปกติ<br>คูลดาวน์ 1 วินาที"""
362#1,"""Damage+5.5% Damage Variance+2%<br>PP+3<br>ปล่อยการโจมตีคริติคอลเสริม<br>หลังจากที่ทำการโจมตีปกติ<br>การโจมตีเสริมนี้จะนับเป็น<br>การโจมตีปกติ<br>คูลดาวน์ 1 วินาที"""
363#1,"""Damage+5.5% Damage Variance+2%<br>HP+15 PP+2<br>ปล่อยการโจมตีคริติคอลเสริม<br>หลังจากที่ทำการโจมตีปกติ<br>การโจมตีเสริมนี้จะนับเป็น<br>การโจมตีปกติ<br>คูลดาวน์ 1 วินาที"""
364#1,"""Damage+5.5% Damage Variance+2%<br>Damage Resist+1%<br>ปล่อยการโจมตีคริติคอลเสริม<br>หลังจากที่ทำการโจมตีปกติ<br>การโจมตีเสริมนี้จะนับเป็น<br>การโจมตีปกติ<br>คูลดาวน์ 1 วินาที"""
365#1,"""Damage+5.5% Damage Variance+2%<br>Down Resist+5%<br>ปล่อยการโจมตีคริติคอลเสริม<br>หลังจากที่ทำการโจมตีปกติ<br>การโจมตีเสริมนี้จะนับเป็น<br>การโจมตีปกติ<br>คูลดาวน์ 1 วินาที"""
366#1,"""Damage+5.25% Damage Variance+2%<br>HP+25<br>เมื่อโจมตีปกติ<br>ติดคริติคอล:<br>Damage+1% เป็นเวลา 30 วินาที<br>ผลของสกิลไม่ทับซ้อนกัน"""
367#1,"""Damage+5.25% Damage Variance+2%<br>PP+3<br>เมื่อโจมตีปกติ<br>ติดคริติคอล:<br>Damage+1% เป็นเวลา 30 วินาที<br>ผลของสกิลไม่ทับซ้อนกัน"""
368#1,"""Damage+5.25% Damage Variance+2%<br>HP+15 PP+2<br>เมื่อโจมตีปกติ<br>ติดคริติคอล:<br>Damage+1% เป็นเวลา 30 วินาที<br>ผลของสกิลไม่ทับซ้อนกัน"""
369#1,"""Damage+5.25% Damage Variance+2%<br>Damage Resist+1%<br>เมื่อโจมตีปกติ<br>ติดคริติคอล:<br>Damage+1% เป็นเวลา 30 วินาที<br>ผลของสกิลไม่ทับซ้อนกัน"""
370#1,"""Damage+5.25% Damage Variance+2%<br>Down Resist+5%<br>เมื่อโจมตีปกติ<br>ติดคริติคอล:<br>Damage+1% เป็นเวลา 30 วินาที<br>ผลของสกิลไม่ทับซ้อนกัน"""
371#1,"""Damage+5.5% Damage Variance+2%<br>HP+25<br>เมื่อ PP เหลือน้อยกว่า<br>หรือเท่ากับ 50%:<br>PP Consumption+20%<br>Damage+1%"""
372#1,"""Damage+5.5% Damage Variance+2%<br>PP+3<br>เมื่อ PP เหลือน้อยกว่า<br>หรือเท่ากับ 50%:<br>PP Consumption+20%<br>Damage+1%"""
373#1,"""Damage+5.5% Damage Variance+2%<br>HP+15 PP+2<br>เมื่อ PP เหลือน้อยกว่า<br>หรือเท่ากับ 50%:<br>PP Consumption+20%<br>Damage+1%"""
374#1,"""Damage+5.5% Damage Variance+2%<br>Damage Resist+1%<br>เมื่อ PP เหลือน้อยกว่า<br>หรือเท่ากับ 50%:<br>PP Consumption+20%<br>Damage+1%"""
375#1,"""Damage+5.5% Damage Variance+2%<br>Down Resist+5%<br>เมื่อ PP เหลือน้อยกว่า<br>หรือเท่ากับ 50%:<br>PP Consumption+20%<br>Damage+1%"""
376#1,"""Damage+5.5% Damage Variance+2%<br>HP+25<br>เมื่อ PP เหลือน้อยกว่า<br>หรือเท่ากับ 50%:<br>PP Consumption-20%<br>เป็นเวลา 20 วินาที<br>คูลดาวน์ 10 วินาที"""
377#1,"""Damage+5.5% Damage Variance+2%<br>PP+3<br>เมื่อ PP เหลือน้อยกว่า<br>หรือเท่ากับ 50%:<br>PP Consumption-20%<br>เป็นเวลา 20 วินาที<br>คูลดาวน์ 10 วินาที"""
378#1,"""Damage+5.5% Damage Variance+2%<br>HP+15 PP+2<br>เมื่อ PP เหลือน้อยกว่า<br>หรือเท่ากับ 50%:<br>PP Consumption-20%<br>เป็นเวลา 20 วินาที<br>คูลดาวน์ 10 วินาที"""
379#1,"""Damage+5.5% Damage Variance+2%<br>Damage Resist+1%<br>เมื่อ PP เหลือน้อยกว่า<br>หรือเท่ากับ 50%:<br>PP Consumption-20%<br>เป็นเวลา 20 วินาที<br>คูลดาวน์ 10 วินาที"""
380#1,"""Damage+5.5% Damage Variance+2%<br>Down Resist+5%<br>เมื่อ PP เหลือน้อยกว่า<br>หรือเท่ากับ 50%:<br>PP Consumption-20%<br>เป็นเวลา 20 วินาที<br>คูลดาวน์ 10 วินาที"""
381#1,"""Damage+5.5% Damage Variance+2%<br>HP+25<br>HP Recovery+10%<br>Damage Resist+5%<br>คูลดาวน์ของ EX Tri-Shield<br>ลดลงเหลือ 90 วินาที"""
382#1,"""Damage+5.5% Damage Variance+2%<br>PP+3<br>HP Recovery+10%<br>Damage Resist+5%<br>คูลดาวน์ของ EX Tri-Shield<br>ลดลงเหลือ 90 วินาที"""
383#1,"""Damage+5.5% Damage Variance+2%<br>HP+15 PP+2<br>HP Recovery+10%<br>Damage Resist+5%<br>คูลดาวน์ของ EX Tri-Shield<br>ลดลงเหลือ 90 วินาที"""
384#1,"""Damage+5.5% Damage Variance+2%<br>Damage Resist+1%<br>HP Recovery+10%<br>Damage Resist+5%<br>คูลดาวน์ของ EX Tri-Shield<br>ลดลงเหลือ 90 วินาที"""
385#1,"""Damage+5.5% Damage Variance+2%<br>Down Resist+5%<br>HP Recovery+10%<br>Damage Resist+5%<br>คูลดาวน์ของ EX Tri-Shield<br>ลดลงเหลือ 90 วินาที"""
128#1,"""Damage+5.5% Damage Variance+2%<br>HP+25<br>เมื่อ HP ลดลงต่ำกว่า 50%:<br>ใช้งาน Resta Sign อัตโนมัติ"""
129#1,"""Damage+5.5% Damage Variance+2%<br>PP+3<br>เมื่อ HP ลดลงต่ำกว่า 50%:<br>ใช้งาน Resta Sign อัตโนมัติ"""
130#1,"""Damage+5.5% Damage Variance+2%<br>HP+15 PP+2<br>เมื่อ HP ลดลงต่ำกว่า 50%:<br>ใช้งาน Resta Sign อัตโนมัติ"""
131#1,"""Damage+5.5% Damage Variance+2%<br>Damage Resist+1%<br>เมื่อ HP ลดลงต่ำกว่า 50%:<br>ใช้งาน Resta Sign อัตโนมัติ"""
132#1,"""Damage+5.5% Damage Variance+2%<br>Down Resist+5%<br>เมื่อ HP ลดลงต่ำกว่า 50%:<br>ใช้งาน Resta Sign อัตโนมัติ"""
386#1,"""Damage+5.5% Damage Variance+2%<br>HP+25<br>เพิ่มดาเมจขึ้น 1.5%<br>เป็นเวลา 20 วินาที เมื่อได้รับ<br>ความเสียหายเกิน 9% ของ<br>HP สูงสุด และฟื้นฟู HP 10%<br>ของ HP สูงสุดเมื่อผลสิ้นสุดลง"""
387#1,"""Damage+5.5% Damage Variance+2%<br>PP+3<br>เพิ่มดาเมจขึ้น 1.5%<br>เป็นเวลา 20 วินาที เมื่อได้รับ<br>ความเสียหายเกิน 9% ของ<br>HP สูงสุด และฟื้นฟู HP 10%<br>ของ HP สูงสุดเมื่อผลสิ้นสุดลง"""
388#1,"""Damage+5.5% Damage Variance+2%<br>HP+15 PP+2<br>เพิ่มดาเมจขึ้น 1.5%<br>เป็นเวลา 20 วินาที เมื่อได้รับ<br>ความเสียหายเกิน 9% ของ<br>HP สูงสุด และฟื้นฟู HP 10%<br>ของ HP สูงสุดเมื่อผลสิ้นสุดลง"""
389#1,"""Damage+5.5% Damage Variance+2%<br>Damage Resist+1%<br>เพิ่มดาเมจขึ้น 1.5%<br>เป็นเวลา 20 วินาที เมื่อได้รับ<br>ความเสียหายเกิน 9% ของ<br>HP สูงสุด และฟื้นฟู HP 10%<br>ของ HP สูงสุดเมื่อผลสิ้นสุดลง"""
390#1,"""Damage+5.5% Damage Variance+2%<br>Down Resist+5%<br>เพิ่มดาเมจขึ้น 1.5%<br>เป็นเวลา 20 วินาที เมื่อได้รับ<br>ความเสียหายเกิน 9% ของ<br>HP สูงสุด และฟื้นฟู HP 10%<br>ของ HP สูงสุดเมื่อผลสิ้นสุดลง"""
391#0,"""-"""
392#0,"""-"""
393#0,"""-"""
394#1,"""-"""
395#1,"""-"""
396#1,"""Damage+5.0% Damage Variance+2%<br>HP+25<br>จนกว่าจะได้รับความเสียหาย:<br>รับโบนัสดาเมจ 1%<br>(สูงสุด 3%) ทุกครั้ง<br>ที่หลบการโจมตีได้<br>ด้วย Step หรือ Weapon Action"""
397#1,"""Damage+5.0% Damage Variance+2%<br>PP+3<br>จนกว่าจะได้รับความเสียหาย:<br>รับโบนัสดาเมจ 1%<br>(สูงสุด 3%) ทุกครั้ง<br>ที่หลบการโจมตีได้<br>ด้วย Step หรือ Weapon Action"""
398#1,"""Damage+5.0% Damage Variance+2%<br>HP+15 PP+2<br>จนกว่าจะได้รับความเสียหาย:<br>รับโบนัสดาเมจ 1%<br>(สูงสุด 3%) ทุกครั้ง<br>ที่หลบการโจมตีได้<br>ด้วย Step หรือ Weapon Action"""
399#1,"""Damage+5.0% Damage Variance+2%<br>Damage Resist+1%<br>จนกว่าจะได้รับความเสียหาย:<br>รับโบนัสดาเมจ 1%<br>(สูงสุด 3%) ทุกครั้ง<br>ที่หลบการโจมตีได้<br>ด้วย Step หรือ Weapon Action"""
400#1,"""Damage+5.0% Damage Variance+2%<br>Down Resist+5%<br>จนกว่าจะได้รับความเสียหาย:<br>รับโบนัสดาเมจ 1%<br>(สูงสุด 3%) ทุกครั้ง<br>ที่หลบการโจมตีได้<br>ด้วย Step หรือ Weapon Action"""
401#1,"""-"""
402#1,"""-"""
403#1,"""-"""
404#1,"""-"""
405#1,"""-"""
406#1,"""Damage+6.25% Damage Variance+2%<br>HP+25 PP+3<br>HP Recovery +10%<br>หลังจากฟื้นฟู HP:<br>Damage+1.5% เป็นเวลา 20 วินาที"""
407#1,"""Damage+6.5% Damage Variance+2%<br>HP+25 PP+3<br>เมื่อทำความเสียหาย:<br>มีโอกาส 30% ฟื้นฟู 10 PP<br>(คูลดาวน์ 5 วินาที)<br>และมีโอกาส 10% ที่จะ<br>ทำดาเมจใส่ตัวเอง 1 หน่วย<br>(คูลดาวน์ 10 วินาที)"""
408#1,"""Damage+6.5% Damage Variance+2%<br>HP+25 PP+3<br>เมื่อใช้ PP ครบ 100 จะติดสถานะ Burn<br>ระหว่างที่ติด Burn, PP Regen +30%<br>สถานะ Burn จะไม่ทำความเสียหายอีกต่อไป"""
409#1,"""Damage+6.5% Damage Variance+2%<br>HP+25 PP+3<br>เมื่อโจมตีโดน,<br>ถ้า HP สูงกว่า 50%:<br>ทำดาเมจใส่ตัวเอง 10% ของ HP สูงสุด<br>(คูลดาวน์ 0.1 วินาที)<br>เมื่อโจมตีโดน,<br>ถ้า HP ต่ำกว่า 48%:<br>ฟื้นฟู 1% ของ HP สูงสุด<br>(คูลดาวน์ 0.5 วินาที)"""
410#1,"""Damage+6.25% Damage Variance+2%<br>HP+25 PP+3<br>เมื่อโจมตีปกติ<br>ติดคริติคอล:<br>เป็นเวลา 30 วินาที, Damage+1%<br>ผลของสกิลไม่ทับซ้อนกัน"""
411#1,"""Damage+6.5% Damage Variance+2%<br>HP+25 PP+3<br>เมื่อสู้กับศัตรูระดับ Boss:<br>Damage Resist+15%"""
412#1,"""Damage+6.5% Damage Variance+2%<br>HP+25 PP+3<br>เมื่อสู้กับศัตรูที่ไม่ใช่ Boss:<br>Damage Resist+30%"""
413#1,"""Damage+6.5% Damage Variance+2%<br>HP+25 PP+3<br>เมื่อใช้ PAs/Techs<br>ที่แตกต่างกันอย่างต่อเนื่อง:<br>PP Consumption -25%"""
414#1,"""Damage+6.5% Damage Variance+2%<br>HP+25 PP+3<br>เพิ่มอัตราการทำให้ศัตรู<br>ติด Down ขึ้น 5%<br>ทุกๆ 10 วินาที (สูงสุด 20%)"""
0#5,"""Damage+1.0%"""
1#5,"""Damage+1.0%"""
2#5,"""Damage+1.0%"""
3#5,"""Damage+1.0%"""
4#5,"""Damage+1.0%"""
5#4,"""Damage+1.0%"""
6#4,"""Damage+1.0%"""
7#4,"""Damage+1.0%"""
8#4,"""Damage Resist+1.0%"""
9#4,"""Damage Resist+1.0%"""
10#4,"""Damage Resist+1.0%"""
11#4,"""Damage Resist+1.0%"""
12#4,"""Damage Resist+1.0%"""
13#4,"""Damage Resist+1.0%"""
14#4,"""Damage Resist+1.0%"""
15#4,"""Damage Resist+1.0%"""
16#4,"""PP Cost Reduction+5.0%"""
17#4,"""PP Cost Reduction+5.0%"""
18#4,"""PP Cost Reduction+5.0%"""
19#4,"""PP Cost Reduction+5.0%"""
20#4,"""PP Cost Reduction+5.0%"""
21#4,"""PP Cost Reduction+5.0%"""
22#4,"""PP Cost Reduction+5.0%"""
23#4,"""PP Cost Reduction+5.0%"""
24#4,"""Airborne Attack Damage+2.0% <br>Damage Resist+2.0%"""
25#4,"""Damage+2.0%"""
26#4,"""เมื่อโจมตีโดน<br>ด้วย PA หรือ Technique,<br>PA/Technique Damage +50%<br>เป็นเวลา 5 วินาที"""
27#4,"""Damage+2.0%"""
28#4,"""Damage Resist+1.0% <br>PP Cost Reduction+5.0%"""
29#4,"""Damage Resist+1.0% <br>PP Cost Reduction+5.0%"""
30#4,"""Damage+1.0% <br>PP Cost Reduction+5.0%"""
31#4,"""Damage+1.0% <br>PP Cost Reduction+5.0%"""
32#4,"""Damage+1.0% <br>PP Cost Reduction+5.0%"""
33#4,"""Damage Resist+1.0% <br>PP Cost Reduction+5.0%"""
