TitleLogo_Enter#0,"""กดปุ่ม ENTER"""
TitleLogo_Start#0,"""กดปุ่ม START"""
TitleLogo_CopyRight#0,"""(C)SEGA"""
TitleLogo_PS4#0,"""กดปุ่มใดก็ได้"""
Title_IdSelect#0,"""เมนูล็อกอิน"""
Title_IdSelect_v#0,"""เมนูล็อกอิน"""
Title_Login#0,"""เลือก Ship"""
Title_StartMenuSelect#0,"""เมนูเริ่มต้น (Ship ปัจจุบัน: $(0))"""
Title_StartMenuSelect_Vita#0,"""เมนูเริ่มต้น"""
Title_CharacterSelect#0,"""เลือกตัวละคร (Ship ปัจจุบัน: $(0))"""
Title_CharacterSelect_Vita#0,"""เลือก/สร้างตัวละคร"""
Title_CharacterMake#0,"""สร้างตัวละคร"""
Title_BenchmarkMenu#0,"""ทดสอบประสิทธิภาพ"""
Title_ShipList#0,"""รายชื่อ Ship"""
Title_CharacterList#0,"""รายชื่อตัวละคร"""
Title_StartMenu#0,"""เมนูเริ่มต้น"""
Title_FirstPlay#0,"""สำหรับผู้เล่นใหม่"""
Title_RecommandShip#0,"""เริ่มเกมเป็นครั้งแรก"""
Title_IdSelect_cc#0,"""เมนูล็อกอิน"""
Title_IssueUserIdName#0,"""ออกชื่อ Player ID"""
Language_WindowTitle#0,"""ตั้งค่าภาษา"""
Title_hange#0,"""ย้ายข้อมูลไปยัง SEGA ID"""
Title_Xone_Invite#0,"""-"""
Title_IdSelect#1,"""เลือก \""เริ่มเกม\"" เพื่อเข้าเล่นเกม หรือเลือก \""เปลี่ยนข้อมูลผู้ใช้\"" เพื่อเปลี่ยนอีเมลและอื่นๆ"""
Title_IdSelect_v#1,"""<c f0df60>ในการเริ่มเกม คุณต้องล็อกอินเข้าสู่ PlayStation Network จาก \""เริ่มเกม\""<c>"""
Title_Login#1,"""กรุณาเลือก Ship"""
Title_StartMenuSelect#1,"""กรุณาเลือกตัวเลือก"""
Title_CharacterSelect#1,"""เลือกตัวละคร หรือเลือก \""สร้างตัวละครใหม่\"""
Title_CharacterMake#1,"""<c f0df60>กรุณาเลือกตัวเลือก<c>"""
Title_BenchmarkMenu#1,"""<c f0df60>กรุณาเลือกตัวเลือก<c>"""
Connecting#0,"""กรุณารอสักครู่"""
Title_IdSelect_cc#1,"""<c f0df60>เลือก \""เริ่มเกม\"" เพื่อเข้าเล่นเกม หรือเลือก \""เปลี่ยนข้อมูลผู้ใช้\"" เพื่อเปลี่ยนอีเมลและอื่นๆ<c>"""
Title_Login_v#0,"""<c f0df60>กรุณาเลือก Ship โดย SEGA ID ของคุณจะใช้เหมือนกันในทุกแพลตฟอร์ม<c>"""
Title_Login_Hangame#0,"""<c f0df60>กรุณาเลือกชื่อ Ship<c>"""
Title_ID#0,"""<c f0df60>สามารถใช้ SEGA ID เดียวกันได้ทั้งบนเวอร์ชัน PC, PlayStation®Vita และ PlayStation®4<c>"""
Language_Help#0,"""<c f0df60>เลือกภาษาของเสียงพากย์และข้อความในเกม<c>"""
hange_ID#0,"""<c f0df60>เลือก \""ใช่\"" เพื่อโอนย้ายข้อมูลการเล่นของคุณไปยัง SEGA ID หรือเลือก \""ไม่\"" เพื่อเล่นโดยไม่โอนย้ายข้อมูล<c>"""
IpEdit#0,"""กรุณาป้อน IP Address ปลายทาง"""
Disconnect#0,"""การเชื่อมต่อเซิร์ฟเวอร์หมดเวลา"""
PSN_Connect_Error#0,"""ไม่สามารถเชื่อมต่อกับ<br>\""PlayStation Network\"" ได้<br>กรุณารอสักครู่แล้วลองใหม่อีกครั้ง หากสถานการณ์ไม่ดีขึ้น ให้ลองตรวจสอบเว็บไซต์ผู้เล่น Phantasy Star Online 2 หรือเว็บไซต์ทางการของ PlayStation® เพื่อดูข้อมูลเพิ่มเติม"""
UseAgreement_Title#0,"""Phantasy Star Online 2 - ข้อตกลงการใช้งาน"""
UseAgreement_Message#0,"""ข้อตกลงการใช้งาน 『Phantasy Star Online 2』<br>1-1-1 นิชิชินากาวะ เขตชินากาวะ โตเกียว\u3000ซูมิโตโม ฟุโดซัง โอซากิ การ์เด้น ทาวเวอร์<br>บริษัท SEGA จำกัด<br>23 พฤษภาคม 2012<br><br>ก่อนใช้บริการซอฟต์แวร์ เครือข่าย และบริการที่เกี่ยวข้อง (รวมเรียกว่า \""บริการนี้\"") ของ 『Phantasy Star Online 2』 (รวมถึง 『Phantasy Star Online 2 New Genesis』 และ 『Phantasy Star Online 2』) (ต่อไปนี้เรียกว่า 『PSO2』) โปรดอ่านและยอมรับข้อตกลงต่อไปนี้ที่กำหนดโดยบริษัท SEGA จำกัด (ต่อไปนี้เรียกว่า \""บริษัท\"")<br>การยอมรับข้อตกลงนี้เป็นเงื่อนไขในการอนุญาตให้ท่านใช้บริการ หากพบว่าท่านละเมิดข้อตกลงแม้เพียงส่วนใดส่วนหนึ่ง บริษัทขอสงวนสิทธิ์ในการระงับการให้บริการโดยไม่ต้องแจ้งให้ทราบล่วงหน้า ในกรณีนี้ บริษัทจะไม่คืนเงินใดๆ ที่ท่านได้ชำระไปแล้ว<br>หากท่านเป็นผู้เยาว์ (อายุต่ำกว่า 18 ปี) กรุณาขอความยินยอมจากผู้แทนโดยชอบธรรม (ผู้ปกครอง) ก่อนยอมรับข้อตกลงนี้<br><br>ข้อ 1 (ข้อตกลงนี้)<br>1. ข้อตกลง กฎระเบียบ และนโยบายที่ประกาศบนเว็บไซต์ทางการของบริษัท (URL: https://pso2.jp/ ต่อไปนี้เรียกว่า \""เว็บไซต์นี้\"") ถือเป็นส่วนหนึ่งของข้อตกลงนี้<br>2. หากมีข้อขัดแย้งระหว่างข้อตกลงบนเว็บไซต์กับข้อตกลงฉบับนี้ ให้ยึดตามข้อกำหนดบนเว็บไซต์เป็นหลัก<br>3. บริษัทอาจเปลี่ยนแปลงข้อตกลงนี้ได้ตามความเหมาะสม โดยจะมีผลบังคับใช้หลังจากประกาศบนเว็บไซต์ 24 ชั่วโมง หรือเมื่อแจ้งไปยังอีเมลของท่าน การที่ท่านใช้บริการต่อไปจะถือว่ายอมรับการเปลี่ยนแปลงนั้น<br>4. หากท่านไม่ยอมรับการเปลี่ยนแปลง กรุณาหยุดใช้บริการทันที บริษัทจะไม่คืนเงินหรือค่าธรรมเนียมใดๆ ทั้งสิ้น<br>5. ท่านรับทราบว่าข้อตกลงนี้อาจมีการเปลี่ยนแปลงและตกลงที่จะตรวจสอบประกาศบนเว็บไซต์อย่างสม่ำเสมอ<br><br>ข้อ 2 (การใช้เกมเซิร์ฟเวอร์)<br>1. ในการใช้บริการนี้ ท่านต้องเชื่อมต่อกับเกมเซิร์ฟเวอร์ที่บริษัทกำหนด (ต่อไปนี้เรียกว่า \""เกมเซิร์ฟเวอร์\"") ผ่านอินเทอร์เน็ต<br>2. ในการเชื่อมต่อ ท่านต้องมี SEGA ID หรือ ID บริการจากบุคคลที่สามที่บริษัทกำหนด (รวมเรียกว่า \""ID\"") โดยระบบจะจัดการข้อมูลของท่านแยกตาม ID<br>3. การเชื่อมต่อต้องใช้การยืนยันตัวตนด้วย ID และรหัสผ่าน<br>4. ท่านต้องรับผิดชอบค่าใช้จ่ายในการเตรียมอุปกรณ์ การเชื่อมต่ออินเทอร์เน็ต และค่าบริการอื่นๆ ด้วยตนเอง<br>5. บริษัทจะไม่คืนเงินให้ไม่ว่าในกรณีใด หากท่านไม่สามารถเชื่อมต่อเซิร์ฟเวอร์ได้ ยกเว้นจะระบุไว้เป็นอย่างอื่นในข้อตกลง<br>6. เมื่อเชื่อมต่อเซิร์ฟเวอร์ ระบบอาจดาวน์โหลดข้อมูลอัปเดตอัตโนมัติ ซึ่งถือเป็นส่วนหนึ่งของการใช้บริการและท่านต้องรับผิดชอบกระบวนการดังกล่าว<br>7. ห้ามใช้การเชื่อมต่อที่ไม่ถูกต้อง หรือหลีกเลี่ยงระบบป้องกันเพื่อเข้าสู่เซิร์ฟเวอร์<br>8. การเชื่อมต่อต้องทำจากอุปกรณ์ที่อยู่ในประเทศญี่ปุ่นเท่านั้น ห้ามเชื่อมต่อจากต่างประเทศโดยตรง หรือผ่านอุปกรณ์ในญี่ปุ่นจากต่างประเทศ<br><br>ข้อ 3 (ค่าบริการพื้นฐาน)<br>การเข้าเล่นเกมและเชื่อมต่อเซิร์ฟเวอร์พื้นฐานให้บริการฟรี ยกเว้นบริการเสริมที่ระบุว่ามีค่าใช้จ่าย<br><br>ข้อ 4 (บริการเสริมแบบมีค่าใช้จ่าย)<br>1. บริษัทอาจมีบริการเสริมที่ต้องชำระเงิน (ต่อไปนี้เรียกว่า \""บริการเสริม\"") ซึ่งท่านต้องซื้อสกุลเงิน/วิธีการชำระเงินล่วงหน้า (ต่อไปนี้เรียกว่า \""สกุลเงินล่วงหน้า\"") ตามที่บริษัทกำหนด รายละเอียดจะประกาศบนเว็บไซต์<br>2. การชำระเงินจะเป็นไปตามกฎและช่องทางที่ผู้ให้บริการชำระเงินกำหนด<br>3. ข้อพิพาทใดๆ กับผู้ให้บริการชำระเงิน ท่านจะต้องแก้ไขด้วยตนเอง<br>4. ไอเทมหรือเนื้อหาที่ซื้อด้วยสกุลเงินล่วงหน้าจะถือว่าได้รับบริการแล้ว และไม่จัดเป็นสกุลเงินล่วงหน้าอีกต่อไป<br><br>ข้อ 5 (การใช้และข้อจำกัดของบริการเสริมและสกุลเงินล่วงหน้า)<br>1. บริษัทอาจกำหนดขีดจำกัดในการซื้อและถือครองสกุลเงินล่วงหน้าของท่าน<br>2. การใช้บริการเสริมจะหักลบจากสกุลเงินล่วงหน้าทันทีที่กดยืนยัน<br>3. สกุลเงินล่วงหน้ามีอายุการใช้งาน 1 ปีนับจากการซื้อครั้งล่าสุด และจะถูกลบโดยอัตโนมัติเมื่อหมดอายุ<br>4. ห้ามโอน ให้ยืม จำนำ หรือใช้สกุลเงินล่วงหน้าเป็นหลักประกันแก่บุคคลที่สาม<br>5. หากบัญชีถูกระงับถาวรตามข้อ 18 สกุลเงินล่วงหน้าทั้งหมดจะถือเป็นโมฆะ<br>6. บริษัทจะไม่รับคืนหรือคืนเงินค่าสกุลเงินล่วงหน้าไม่ว่าในกรณีใด เว้นแต่กฎหมายจะบังคับ<br><br>ข้อ 6 (การยกเลิกบริการเสริม)<br>บริษัทสามารถระงับหรือยกเลิกบริการเสริมและสกุลเงินล่วงหน้าได้ โดยจะแจ้งให้ทราบล่วงหน้า 60 วัน และหากเกมปิดให้บริการ บริการเสริมจะสิ้นสุดลงทันที<br><br>ข้อ 7 (การลงทะเบียนข้อมูล)<br>1. ท่านต้องลงทะเบียนข้อมูลที่ถูกต้อง (รวมถึงข้อมูลส่วนบุคคลเช่นอีเมล) ตามที่บริษัทกำหนด<br>2. ท่านต้องตรวจสอบและรับรองความถูกต้องของข้อมูลที่ให้ไว้<br>3. หากมีการเปลี่ยนแปลงข้อมูล ท่านต้องอัปเดตผ่านระบบที่กำหนดทันที<br>4. บริษัทอาจมอบหมายให้หน่วยงานภายนอกจัดการข้อมูลของท่าน ภายใต้มาตรการคุ้มครองข้อมูลส่วนบุคคล<br>5. บริษัทจะใช้ข้อมูลของท่านเพื่อวัตถุประสงค์ต่อไปนี้เท่านั้น:<br>หนึ่ง. เพื่อให้บริการ แจ้งข่าวสาร ส่งของรางวัล และแก้ไขปัญหา<br>สอง. เพื่อตรวจสอบการละเมิดสิทธิ์ของบริษัท<br>สาม. เพื่อทำการตลาดและวิเคราะห์ข้อมูล (โดยไม่ระบุตัวตน)<br>สี่. เพื่อบริการสนับสนุนลูกค้า<br>6. บริษัทจะไม่เปิดเผยข้อมูลให้บุคคลที่สาม เว้นแต่:<br>หนึ่ง. กฎหมายบังคับ<br>สอง. มีคำสั่งจากหน่วยงานที่มีอำนาจ<br>สาม. เพื่อปกป้องสิทธิ์ของบริษัทหรือบุคคลอื่นในกรณีฉุกเฉิน<br>สี่. มีความจำเป็นต่อผู้รับเหมาในทางธุรกิจ<br>ห้า. ในกรณีการโอนกิจการ<br>7. หากพบว่าข้อมูลเป็นเท็จหรือละเมิดสิทธิ์ บริษัทอาจลบหรือแก้ไขข้อมูลนั้นได้<br>8. การจัดการข้อมูลส่วนบุคคลจะเป็นไปตามนโยบายความเป็นส่วนตัวของบริษัท (http://sega.jp/privacypolicy/)<br>9. สำหรับ ID บุคคลที่สาม การจัดการข้อมูลจะขึ้นอยู่กับนโยบายของบุคคลที่สามนั้น<br><br>ข้อ 8 (ID และรหัสผ่าน)<br>1. โปรดเก็บรักษา ID และรหัสผ่านของท่านเป็นความลับ ห้ามเปิดเผยหรือให้ผู้อื่นใช้<br>2. บริษัทจะไม่รับผิดชอบต่อความเสียหายใดๆ ที่เกิดจากการถูกบุคคลที่สามขโมย ID เว้นแต่เกิดจากความประมาทเลินเล่ออย่างร้ายแรงของบริษัท<br>3. การกระทำใดๆ ผ่าน ID ของท่าน ถือเป็นความรับผิดชอบของท่านแต่เพียงผู้เดียว<br>4. หากพบการใช้หลาย ID เข้าสู่ระบบพร้อมกันในลักษณะผิดปกติ บริษัทอาจระงับการให้บริการกับ ID ทั้งหมดของท่าน<br><br>ข้อ 9 (การห้ามโกงและการกระทำผิด)<br>1. ห้ามกระทำการต่อไปนี้ (เรียกว่า \""การโกง (Cheat)\""):<br>หนึ่ง. ดัดแปลงข้อมูลตัวละคร ไอเทม หรือสร้างขึ้นอย่างผิดกฎหมาย<br>สอง. ใช้วิธีการเล่นที่อยู่นอกเหนือจากที่ออกแบบมาให้ใช้ปกติ<br>สาม. ใช้โปรแกรมช่วยเล่น (มาโคร) หรือเครื่องมือที่บริษัทไม่อนุญาต<br>สี่. วิเคราะห์ ทำวิศวกรรมย้อนกลับ หรือแก้ไขตัวเกม<br>ห้า. ดัดแปลงระบบ การดำเนินเกม หรือเนื้อหาของเกมออนไลน์<br>2. ห้ามแจกจ่าย ส่งต่อ หรือสนับสนุนการใช้โปรแกรมโกงแก่ผู้อื่น<br>3. ห้ามเจาะระบบ หรือก่อกวนการทำงานของเซิร์ฟเวอร์เกม<br>4. ห้ามฉวยโอกาสจากบั๊กหรือข้อผิดพลาดของเกมเพื่อสร้างความได้เปรียบ<br>5. ห้ามดักจับ แก้ไข หรือทำวิศวกรรมย้อนกลับข้อมูลที่รับส่งระหว่างเซิร์ฟเวอร์<br>6. หากพบบั๊ก กรุณาแจ้งฝ่ายสนับสนุนของบริษัทแทนการเผยแพร่ให้ผู้เล่นอื่นทราบ<br><br>ข้อ 10 (ข้อห้ามทั่วไป)<br>ห้ามกระทำการดังต่อไปนี้ในระหว่างการใช้บริการ:<br>หนึ่ง. กระทำการผิดกฎหมาย หรือสนับสนุนให้เกิดการกระทำผิดกฎหมาย<br>สอง. ละเมิดสิทธิ์ (เช่น ชื่อเสียง ความเป็นส่วนตัว ลิขสิทธิ์) ของผู้อื่น<br>สาม. ใช้ข้อความลามกอนาจาร เหยียดหยาม คุกคาม รุนแรง หรือขัดต่อศีลธรรมอันดี<br>สี่. ใช้เกมเพื่อการค้า การหาเสียง การระดมทุน หรือการเผยแผ่ศาสนา<br>ห้า. ชักชวนเพื่อการพบปะเชิงชู้สาวหรืออนาจาร<br>หก. ส่งจดหมายลูกโซ่ หรือชักชวนให้ทำธุรกิจลูกโซ่<br>เจ็ด. กล่าวร้าย คุกคาม หรือทำให้ผู้อื่นรู้สึกไม่สบายใจ<br>แปด. แอบอ้างเป็นพนักงานของบริษัท หรือทีมงานสนับสนุน<br>เก้า. ส่งไวรัส ข้อมูลขยะ หรือการกระทำที่สร้างภาระให้กับเซิร์ฟเวอร์และรบกวนผู้อื่น<br>สิบ. ให้ข้อมูลเท็จ หรือหลอกลวงบริษัท<br>สิบเอ็ด. การกระทำใดๆ ที่ขัดขวางการดำเนินงานของเกม<br>สิบสอง. ใส่ร้ายป้ายสีบริษัทหรือบริการของบริษัท<br>สิบสาม. ซื้อขายหรือโอนข้อมูลในเกมโดยไม่ได้รับอนุญาต<br>สิบสี่. ซื้อขายไอเทมหรือข้อมูลในเกมด้วยเงินจริง (RMT - Real Money Trading)<br>สิบห้า. ละเมิดลิขสิทธิ์ของบริการนี้<br>สิบหก. ใช้ซอฟต์แวร์ PSO2 เชื่อมต่อไปยังเซิร์ฟเวอร์อื่นที่ไม่ใช่ของทางการ<br>สิบเจ็ด. ชักชวนหรือสนับสนุนให้ผู้อื่นใช้โปรแกรมโกง<br>สิบแปด. ส่งข้อความก่อกวนผู้เล่นคนอื่นซ้ำๆ (Spam)<br>สิบเก้า. ละเมิดข้อกำหนดอื่นๆ ในข้อตกลงนี้<br>ยี่สิบ. เผยแพร่ลิงก์หรือบอกวิธีการกระทำความผิดตามที่ระบุไว้ข้างต้น<br>ยี่สิบเอ็ด. การกระทำอื่นใดที่บริษัทพิจารณาว่าไม่เหมาะสม<br>ยี่สิบสอง. สนับสนุนหรือเตรียมการเพื่อกระทำการที่ขัดต่อกฎระเบียบทั้งหมดข้างต้น<br>"""
UseAgreement_Message_v#0,"""ข้อตกลงการใช้งาน PlayStation®Vita เวอร์ชัน 『Phantasy Star Online 2』<br><br>1-1-1 นิชิชินากาวะ เขตชินากาวะ โตเกียว<br>ซูมิโตโม ฟุโดซัง โอซากิ การ์เด้น ทาวเวอร์<br>บริษัท SEGA จำกัด<br>4 ธันวาคม 2012<br><br>ก่อนใช้บริการซอฟต์แวร์ เครือข่าย และบริการที่เกี่ยวข้อง (รวมเรียกว่า \""บริการนี้\"") ของ PlayStation®Vita เวอร์ชัน 『Phantasy Star Online 2』 (ต่อไปนี้เรียกว่า 『PSO2』) โปรดอ่านและยอมรับข้อตกลงต่อไปนี้ที่กำหนดโดยบริษัท SEGA จำกัด (ต่อไปนี้เรียกว่า \""บริษัท\"")<br>การยอมรับข้อตกลงนี้เป็นเงื่อนไขในการอนุญาตให้ท่านใช้บริการ หากพบว่าท่านละเมิดข้อตกลงแม้เพียงส่วนใดส่วนหนึ่ง บริษัทขอสงวนสิทธิ์ในการระงับการให้บริการโดยไม่ต้องแจ้งให้ทราบล่วงหน้า ในกรณีนี้ บริษัทจะไม่คืนเงินใดๆ ที่ท่านได้ชำระไปแล้ว<br>หากท่านเป็นผู้เยาว์ (อายุต่ำกว่า 20 ปี) กรุณาขอความยินยอมจากผู้แทนโดยชอบธรรม (ผู้ปกครอง) ก่อนยอมรับข้อตกลงนี้<br><br>ข้อ 1 (ข้อตกลงนี้)<br>1. ข้อตกลง กฎระเบียบ และนโยบายที่ประกาศบนเว็บไซต์ทางการของบริษัท (URL: http://pso2.jp/vita/ ต่อไปนี้เรียกว่า \""เว็บไซต์นี้\"") ถือเป็นส่วนหนึ่งของข้อตกลงนี้<br>2. หากมีข้อขัดแย้งระหว่างข้อตกลงบนเว็บไซต์กับข้อตกลงฉบับนี้ ให้ยึดตามข้อกำหนดบนเว็บไซต์เป็นหลัก<br>3. บริษัทอาจเปลี่ยนแปลงข้อตกลงนี้ได้ตามความเหมาะสม โดยจะมีผลบังคับใช้หลังจากประกาศบนเว็บไซต์ 24 ชั่วโมง หรือเมื่อแจ้งไปยังอีเมลของท่าน การที่ท่านใช้บริการต่อไปจะถือว่ายอมรับการเปลี่ยนแปลงนั้น<br>4. หากท่านไม่ยอมรับการเปลี่ยนแปลง กรุณาหยุดใช้บริการทันที บริษัทจะไม่คืนเงินหรือค่าธรรมเนียมใดๆ ทั้งสิ้น<br>5. ท่านรับทราบว่าข้อตกลงนี้อาจมีการเปลี่ยนแปลงและตกลงที่จะตรวจสอบประกาศบนเว็บไซต์อย่างสม่ำเสมอ<br><br>ข้อ 2 (การใช้เกมเซิร์ฟเวอร์)<br>1. ในการใช้บริการนี้ ท่านต้องเชื่อมต่อกับเกมเซิร์ฟเวอร์ที่บริษัทกำหนด (ต่อไปนี้เรียกว่า \""เกมเซิร์ฟเวอร์\"") ผ่านอินเทอร์เน็ต<br>2. ในการเชื่อมต่อ ท่านต้องมี SEGA ID (ต่อไปนี้เรียกว่า \""ID\"") นอกจากนี้ยังต้องมีบัญชี Sony Entertainment Network ที่ถูกต้อง ระบบจะจัดการข้อมูลของท่านแยกตาม ID<br>3. การเชื่อมต่อต้องใช้การยืนยันตัวตนด้วย ID และรหัสผ่าน<br>4. ท่านต้องรับผิดชอบค่าใช้จ่ายในการเตรียมอุปกรณ์ การเชื่อมต่ออินเทอร์เน็ต และค่าบริการอื่นๆ ด้วยตนเอง<br>5. บริษัทจะไม่คืนเงินให้ไม่ว่าในกรณีใด หากท่านไม่สามารถเชื่อมต่อเซิร์ฟเวอร์ได้ ยกเว้นจะระบุไว้เป็นอย่างอื่นในข้อตกลง<br>6. เมื่อเชื่อมต่อเซิร์ฟเวอร์ ระบบอาจดาวน์โหลดข้อมูลอัปเดตอัตโนมัติ ซึ่งถือเป็นส่วนหนึ่งของการใช้บริการและท่านต้องรับผิดชอบกระบวนการดังกล่าว<br>7. ห้ามใช้การเชื่อมต่อที่ไม่ถูกต้อง หรือหลีกเลี่ยงระบบป้องกันเพื่อเข้าสู่เซิร์ฟเวอร์<br>8. การเชื่อมต่อต้องทำจากอุปกรณ์ที่อยู่ในประเทศญี่ปุ่นเท่านั้น ห้ามเชื่อมต่อจากต่างประเทศโดยตรง หรือผ่านอุปกรณ์ในญี่ปุ่นจากต่างประเทศ<br><br>ข้อ 3 (ค่าบริการพื้นฐาน)<br>การเข้าเล่นเกมและเชื่อมต่อเซิร์ฟเวอร์พื้นฐานให้บริการฟรี ยกเว้นบริการเสริมที่ระบุว่ามีค่าใช้จ่าย<br><br>ข้อ 4 (บริการเสริมแบบมีค่าใช้จ่าย)<br>1. บริษัทอาจมีบริการเสริมที่ต้องชำระเงิน (ต่อไปนี้เรียกว่า \""บริการเสริม\"") ซึ่งท่านต้องซื้อสกุลเงิน/วิธีการชำระเงินล่วงหน้า (ต่อไปนี้เรียกว่า \""สกุลเงินล่วงหน้า\"") ตามที่บริษัทกำหนด รายละเอียดจะประกาศบนเว็บไซต์<br>2. การชำระเงินจะเป็นไปตามกฎและช่องทางที่ผู้ให้บริการชำระเงินกำหนด<br>3. ข้อพิพาทใดๆ กับผู้ให้บริการชำระเงิน ท่านจะต้องแก้ไขด้วยตนเอง บริษัทจะไม่รับผิดชอบใดๆ<br>4. ไอเทมหรือเนื้อหาที่ซื้อด้วยสกุลเงินล่วงหน้าจะถือว่าได้รับบริการแล้ว และไม่จัดเป็นสกุลเงินล่วงหน้าอีกต่อไป<br><br>ข้อ 5 (การใช้และข้อจำกัดของบริการเสริมและสกุลเงินล่วงหน้า)<br>1. บริษัทอาจกำหนดขีดจำกัดในการซื้อและถือครองสกุลเงินล่วงหน้าของท่าน<br>2. การใช้บริการเสริมจะหักลบจากสกุลเงินล่วงหน้าทันทีที่กดยืนยัน<br>3. สกุลเงินล่วงหน้ามีอายุการใช้งาน 1 ปีนับจากการซื้อครั้งล่าสุด และจะถูกลบโดยอัตโนมัติเมื่อหมดอายุ<br>4. ห้ามโอน ให้ยืม จำนำ หรือใช้สกุลเงินล่วงหน้าเป็นหลักประกันแก่บุคคลที่สาม<br>5. หากบัญชีถูกระงับถาวรตามข้อ 18 สกุลเงินล่วงหน้าทั้งหมดจะถือเป็นโมฆะ<br>6. บริษัทจะไม่รับคืนหรือคืนเงินค่าสกุลเงินล่วงหน้าไม่ว่าในกรณีใด เว้นแต่กฎหมายจะบังคับ<br><br>ข้อ 6 (การยกเลิกบริการเสริม)<br>บริษัทสามารถระงับหรือยกเลิกบริการเสริมและสกุลเงินล่วงหน้าได้ โดยจะแจ้งให้ทราบล่วงหน้า 60 วัน และหากเกมปิดให้บริการ บริการเสริมจะสิ้นสุดลงทันที<br><br>ข้อ 7 (การลงทะเบียนข้อมูล)<br>1. ท่านต้องลงทะเบียนข้อมูลที่ถูกต้อง (รวมถึงข้อมูลส่วนบุคคลเช่นอีเมล) ตามที่บริษัทกำหนด<br>2. ท่านต้องตรวจสอบและรับรองความถูกต้องของข้อมูลที่ให้ไว้<br>3. หากมีการเปลี่ยนแปลงข้อมูล ท่านต้องอัปเดตผ่านระบบที่กำหนดทันที<br>4. บริษัทอาจมอบหมายให้หน่วยงานภายนอกจัดการข้อมูลของท่าน ภายใต้มาตรการคุ้มครองข้อมูลส่วนบุคคล<br>5. บริษัทจะใช้ข้อมูลของท่านเพื่อวัตถุประสงค์ต่อไปนี้เท่านั้น:<br>หนึ่ง. เพื่อให้บริการ แจ้งข่าวสาร ส่งของรางวัล และแก้ไขปัญหา<br>สอง. เพื่อตรวจสอบการละเมิดสิทธิ์ของบริษัท<br>สาม. เพื่อทำการตลาดและวิเคราะห์ข้อมูล (โดยไม่ระบุตัวตน)<br>สี่. เพื่อบริการสนับสนุนลูกค้า<br>6. บริษัทจะไม่เปิดเผยข้อมูลให้บุคคลที่สาม เว้นแต่:<br>หนึ่ง. กฎหมายบังคับ<br>สอง. มีคำสั่งจากหน่วยงานที่มีอำนาจ<br>สาม. เพื่อปกป้องสิทธิ์ของบริษัทหรือบุคคลอื่นในกรณีฉุกเฉิน<br>สี่. มีความจำเป็นต่อผู้รับเหมาในทางธุรกิจ<br>ห้า. ในกรณีการโอนกิจการ<br>7. หากพบว่าข้อมูลเป็นเท็จหรือละเมิดสิทธิ์ บริษัทอาจลบหรือแก้ไขข้อมูลนั้นได้<br>8. การจัดการข้อมูลส่วนบุคคลจะเป็นไปตามนโยบายความเป็นส่วนตัวของบริษัท (http://sega.jp/privacypolicy/)<br><br>ข้อ 8 (ID และรหัสผ่าน)<br>1. โปรดเก็บรักษา ID และรหัสผ่านของท่านเป็นความลับ ห้ามเปิดเผยหรือให้ผู้อื่นใช้<br>2. บริษัทจะไม่รับผิดชอบต่อความเสียหายใดๆ ที่เกิดจากการถูกบุคคลที่สามขโมย ID เว้นแต่เกิดจากความประมาทเลินเล่ออย่างร้ายแรงของบริษัท<br>3. การกระทำใดๆ ผ่าน ID ของท่าน ถือเป็นความรับผิดชอบของท่านแต่เพียงผู้เดียว<br>4. หากพบการใช้หลาย ID เข้าสู่ระบบพร้อมกันในลักษณะผิดปกติ บริษัทอาจระงับการให้บริการกับ ID ทั้งหมดของท่าน<br><br>ข้อ 9 (การห้ามโกงและการกระทำผิด)<br>1. ห้ามกระทำการต่อไปนี้ (เรียกว่า \""การโกง (Cheat)\""):<br>หนึ่ง. ดัดแปลงข้อมูลตัวละคร ไอเทม หรือสร้างขึ้นอย่างผิดกฎหมาย<br>สอง. ใช้วิธีการเล่นที่อยู่นอกเหนือจากที่ออกแบบมาให้ใช้ปกติ<br>สาม. ใช้โปรแกรมช่วยเล่น (มาโคร) หรือเครื่องมือที่บริษัทไม่อนุญาต<br>สี่. วิเคราะห์ ทำวิศวกรรมย้อนกลับ หรือแก้ไขตัวเกม<br>ห้า. ดัดแปลงระบบ การดำเนินเกม หรือเนื้อหาของเกมออนไลน์<br>2. ห้ามแจกจ่าย ส่งต่อ หรือสนับสนุนการใช้โปรแกรมโกงแก่ผู้อื่น<br>3. ห้ามเจาะระบบ หรือก่อกวนการทำงานของเซิร์ฟเวอร์เกม<br>4. ห้ามฉวยโอกาสจากบั๊กหรือข้อผิดพลาดของเกมเพื่อสร้างความได้เปรียบ<br>5. ห้ามดักจับ แก้ไข หรือทำวิศวกรรมย้อนกลับข้อมูลที่รับส่งระหว่างเซิร์ฟเวอร์<br>6. หากพบบั๊ก กรุณาแจ้งฝ่ายสนับสนุนของบริษัทแทนการเผยแพร่ให้ผู้เล่นอื่นทราบ<br><br>ข้อ 10 (ข้อห้ามทั่วไป)<br>ห้ามกระทำการดังต่อไปนี้ในระหว่างการใช้บริการ:<br>หนึ่ง. กระทำการผิดกฎหมาย หรือสนับสนุนให้เกิดการกระทำผิดกฎหมาย<br>สอง. ละเมิดสิทธิ์ (เช่น ชื่อเสียง ความเป็นส่วนตัว ลิขสิทธิ์) ของผู้อื่น<br>สาม. ใช้ข้อความลามกอนาจาร เหยียดหยาม คุกคาม รุนแรง หรือขัดต่อศีลธรรมอันดี<br>สี่. ใช้เกมเพื่อการค้า การหาเสียง การระดมทุน หรือการเผยแผ่ศาสนา<br>ห้า. ชักชวนเพื่อการพบปะเชิงชู้สาวหรืออนาจาร<br>หก. ส่งจดหมายลูกโซ่ หรือชักชวนให้ทำธุรกิจลูกโซ่<br>เจ็ด. กล่าวร้าย คุกคาม หรือทำให้ผู้อื่นรู้สึกไม่สบายใจ<br>แปด. แอบอ้างเป็นพนักงานของบริษัท หรือทีมงานสนับสนุน<br>เก้า. ส่งไวรัส ข้อมูลขยะ หรือการกระทำที่สร้างภาระให้กับเซิร์ฟเวอร์และรบกวนผู้อื่น<br>สิบ. ให้ข้อมูลเท็จ หรือหลอกลวงบริษัท<br>สิบเอ็ด. การกระทำใดๆ ที่ขัดขวางการดำเนินงานของเกม<br>สิบสอง. ใส่ร้ายป้ายสีบริษัทหรือบริการของบริษัท<br>สิบสาม. ซื้อขายหรือโอนข้อมูลในเกมโดยไม่ได้รับอนุญาต<br>สิบสี่. ซื้อขายไอเทมหรือข้อมูลในเกมด้วยเงินจริง (RMT - Real Money Trading)<br>สิบห้า. ละเมิดลิขสิทธิ์ของบริการนี้<br>สิบหก. ใช้ซอฟต์แวร์ PSO2 เชื่อมต่อไปยังเซิร์ฟเวอร์อื่นที่ไม่ใช่ของทางการ<br>สิบเจ็ด. ชักชวนหรือสนับสนุนให้ผู้อื่นใช้โปรแกรมโกง<br>สิบแปด. ส่งข้อความก่อกวนผู้เล่นคนอื่นซ้ำๆ (Spam)<br>สิบเก้า. ละเมิดข้อกำหนดอื่นๆ ในข้อตกลงนี้<br>ยี่สิบ. เผยแพร่ลิงก์หรือบอกวิธีการกระทำความผิดตามที่ระบุไว้ข้างต้น<br>ยี่สิบเอ็ด. การกระทำอื่นใดที่บริษัทพิจารณาว่าไม่เหมาะสม<br>ยี่สิบสอง. สนับสนุนหรือเตรียมการเพื่อกระทำการที่ขัดต่อกฎระเบียบทั้งหมดข้างต้น<br>"""
UseAgreement_Decide#0,"""ยอมรับข้อตกลง"""
UseAgreement_Cancel#0,"""ไม่ยอมรับ"""
UseAgreement_WebLink#0,"""ดูข้อตกลง"""
UseAgreementConfirm#0,"""หากคุณไม่ยอมรับข้อตกลงการใช้งาน<br>คุณจะไม่สามารถเข้าเล่นเกมได้<br><br>คุณแน่ใจหรือไม่?"""
UseAgreementURL#0,"""https://pso2.jp/players/support/rule/"""
UseAgreementURLVita#0,"""http://pso2.jp/players/support/rule/vita/"""
UseAgreement_Message_break2#0,"""ข้อ 11 (ฟีเจอร์คอมมูนิตี้)<br>1. บริการข้อความ กระดานสนทนา หรือฟีเจอร์คอมมูนิตี้ต่างๆ จัดให้มีเพื่ออำนวยความสะดวกในการสื่อสารฟรี บริษัทไม่รับประกันการสื่อสาร ข้อมูลที่ท่านส่ง (อัปโหลด) อาจถูกบันทึกเป็นประวัติ (Log) บนเซิร์ฟเวอร์<br>2. ท่านอนุญาตให้บริษัททำซ้ำและเผยแพร่ข้อมูลที่อัปโหลดโดยไม่มีค่าใช้จ่าย หากท่านเสนอไอเดียหรือแผนงาน บริษัทสามารถนำไปใช้ได้โดยไม่ต้องจ่ายผลตอบแทนหรือเก็บเป็นความลับ<br>3. หากข้อมูลละเมิดข้อ 10 บริษัทสามารถลบได้โดยไม่ต้องแจ้งล่วงหน้า การลบไม่ทำให้ท่านพ้นจากความรับผิดชอบ<br><br>ข้อ 12 (ลิขสิทธิ์และทรัพย์สินทางปัญญา)<br>1. สิทธิ์ในโปรแกรม ซอฟต์แวร์ เครื่องหมายการค้า และทรัพย์สินทางปัญญาของบริการนี้เป็นของบริษัทหรือบุคคลที่สามที่มีสิทธิ์<br>2. ห้ามทำซ้ำ เผยแพร่ หรือใช้ข้อมูลใดๆ ที่ได้จากบริการนี้นอกเหนือจากการใช้งานส่วนตัวโดยไม่ได้รับอนุญาต<br><br>ข้อ 13 (การยกเว้นความรับผิดชอบและการไม่รับประกัน)<br>1. บริการนี้อาจไม่สามารถใช้งานได้ในทุกสภาพแวดล้อม บริษัทไม่รับประกันความเสถียรของการเชื่อมต่อ<br>2. ท่านควรหลีกเลี่ยงการเล่นเกมมากเกินไป บริษัทไม่รับผิดชอบต่อความเสียหายทางร่างกาย จิตใจ หรือการเงิน<br>3. บริษัทไม่รับประกันความถูกต้อง สมบูรณ์ หรือความน่าเชื่อถือของเนื้อหาและบริการ<br>4. บริษัทไม่รับผิดชอบในการกู้คืนข้อมูลของท่านที่สูญหายหรือถูกดัดแปลง<br>5. บริษัทไม่รับผิดชอบต่อปัญหาจากการติดตั้งโปรแกรม หรือความเสียหายจากบริการ ยกเว้นเกิดจากความตั้งใจหรือประมาทเลินเล่อของบริษัท<br><br>ข้อ 14 (ความรับผิดชอบส่วนบุคคล)<br>1. ข้อมูลที่ท่านเปิดเผยในเกมอาจถูกเห็นโดยบุคคลที่สาม บริษัทไม่รับผิดชอบต่อผลลัพธ์ของการเปิดเผยนั้น<br>2. หากเกิดข้อพิพาทกับผู้เล่นอื่นหรือบุคคลที่สาม ท่านต้องแก้ไขด้วยตนเองและรับผิดชอบค่าใช้จ่าย<br>3. บริษัทอาจให้การสนับสนุนในการแก้ไขปัญหาตามสมควร<br><br>ข้อ 15 (เซฟดาต้า)<br>1. ข้อมูลการเล่นของท่าน (เซฟดาต้า) อาจถูกลบหากไม่มีการล็อกอินเกิน 1 ปี หรือหากบัญชีถูกระงับตามข้อ 18<br>2. บริษัทไม่รับประกันความสมบูรณ์ในการบันทึกหรือเรียกคืนเซฟดาต้า<br>3. บริษัทอาจเปลี่ยนแปลงเซฟดาต้าของท่านโดยไม่แจ้งให้ทราบหากมีความจำเป็นเพื่อความราบรื่นของระบบ<br><br>ข้อ 16 (การเปลี่ยนแปลงบริการ)<br>บริษัทอาจเปลี่ยนแปลงเนื้อหาบริการโดยไม่แจ้งให้ทราบล่วงหน้า แต่หากส่งผลกระทบร้ายแรง จะแจ้งล่วงหน้า 60 วันบนเว็บไซต์<br><br>ข้อ 17 (การระงับบริการ)<br>1. บริษัทอาจระงับบริการชั่วคราวโดยไม่แจ้งล่วงหน้าในกรณีต่อไปนี้:<br>หนึ่ง. ระบบขัดข้องอย่างไม่คาดคิด<br>สอง. การซ่อมบำรุงเซิร์ฟเวอร์ฉุกเฉินหรือตามกำหนดการ<br>2. บริษัทไม่รับผิดชอบต่อความเสียหายที่เกิดจากการระงับหรือความล่าช้าของบริการ<br><br>ข้อ 18 (การระงับการใช้งาน)<br>1. บริษัทอาจไม่อนุญาตให้ใช้บริการหาก:<br>หนึ่ง. ข้อมูลที่ลงทะเบียนเป็นเท็จ<br>สอง. ท่านเคยละเมิดหรือกำลังละเมิดข้อตกลง<br>สาม. บริษัทพิจารณาว่าท่านไม่เหมาะสมที่จะใช้บริการ<br>2. บริษัทสามารถระงับ ID ของท่านชั่วคราวหรือถาวรโดยไม่แจ้งล่วงหน้าและไม่คืนเงินหาก:<br>หนึ่ง. ละเมิดข้อตกลง<br>สอง. ท่านล้มละลายหรือเข้าสู่กระบวนการฟื้นฟูกิจการ<br>สาม. การชำระเงินถูกยกเลิกโดยผู้ให้บริการ<br>สี่. ID ของท่านถูกผู้อื่นนำไปใช้อย่างผิดกฎหมายเนื่องจากความประมาท<br>ห้า. ไม่ล็อกอินเข้าเกมนานเกิน 1 ปี<br>หก. ขัดขวางการดำเนินงานของบริการ<br>3. หากท่านถูกระงับ ID บริษัทสามารถระงับ ID อื่นๆ ทั้งหมดที่ท่านใช้งานอยู่ได้<br>4. การระงับการใช้บริการจะส่งผลให้ถูกระงับจากบริการที่เกี่ยวข้องกันด้วย<br><br>ข้อ 19 (ความรับผิดชอบในการชดใช้ค่าเสียหาย)<br>1. ความรับผิดชอบของบริษัทจำกัดอยู่เพียงความเสียหายที่เกิดขึ้นจริงและโดยตรงเท่านั้น ไม่ครอบคลุมถึงความเสียหายพิเศษหรือการสูญเสียกำไร ยกเว้นเกิดจากความตั้งใจหรือประมาทเลินเล่อของบริษัท<br>2. หากท่านละเมิดสิทธิ์ของบริษัท บริษัทอาจเรียกร้องค่าเสียหายจากท่าน<br><br>ข้อ 20 (ห้ามการโอนสิทธิ์)<br>ห้ามโอนสิทธิ์ สถานะ หรือผลประโยชน์ในการใช้บริการให้บุคคลที่สาม หรือใช้เป็นหลักประกัน<br><br>ข้อ 21 (การสนับสนุน)<br>1. การแจ้งเตือนและการสนับสนุนทั้งหมดให้บริการเป็นภาษาญี่ปุ่นเท่านั้น<br>2. การติดต่อสอบถามต้องทำผ่านแบบฟอร์มบนเว็บไซต์ ไม่รับติดต่อทางโทรศัพท์หรือการเข้ามาติดต่อด้วยตนเอง<br>3. บริษัทจะตอบกลับตามขั้นตอน แต่อาจไม่สามารถตอบกลับรายบุคคลได้ในบางกรณี<br><br>ข้อ 22 (การยุติการให้บริการ)<br>1. บริษัทอาจยุติการให้บริการโดยแจ้งล่วงหน้า 60 วัน<br>2. การแจ้งเตือนจะมีผลเมื่อประกาศบนเว็บไซต์หรือส่งอีเมลครบ 24 ชั่วโมง<br>3. หากเกิดเหตุสุดวิสัยที่ไม่อาจหลีกเลี่ยงได้ บริษัทอาจยุติบริการและประกาศให้ทราบในภายหลัง<br>4. บริษัทจะไม่รับผิดชอบต่อความเสียหายจากการยุติการให้บริการ ยกเว้นเกิดจากความตั้งใจหรือประมาทเลินเล่อของบริษัท<br><br>ข้อ 23 (กฎหมายที่ใช้บังคับและเขตอำนาจศาล)<br>1. ข้อตกลงนี้ตีความตามภาษาญี่ปุ่นและกฎหมายของประเทศญี่ปุ่น<br>2. หากข้อกำหนดบางส่วนตกเป็นโมฆะ ข้อกำหนดที่เหลือยังคงมีผลบังคับใช้<br>3. ข้อพิพาทใดๆ ให้อยู่ในอำนาจของศาลแขวงโตเกียวหรือศาลสรุปโตเกียวเป็นศาลชั้นต้น<br><br>23 พฤษภาคม 2012\u3000ประกาศใช้<br>8 สิงหาคม 2012\u3000แก้ไข<br>5 มีนาคม 2014\u3000แก้ไข<br>20 เมษายน 2016\u3000แก้ไข<br>21 กุมภาพันธ์ 2018\u3000แก้ไข<br>12 กันยายน 2018\u3000แก้ไข<br>1 เมษายน 2020\u3000แก้ไข<br>9 มิถุนายน 2021\u3000แก้ไข<br>1 เมษายน 2022\u3000แก้ไข<br>2 สิงหาคม 2023\u3000แก้ไข"""
UseAgreement_Message_v_break2#0,"""ข้อ 11 (ฟีเจอร์คอมมูนิตี้)<br>1. บริการข้อความ กระดานสนทนา หรือฟีเจอร์คอมมูนิตี้ต่างๆ จัดให้มีเพื่ออำนวยความสะดวกในการสื่อสารฟรี บริษัทไม่รับประกันการสื่อสาร ข้อมูลที่ท่านส่ง (อัปโหลด) อาจถูกบันทึกเป็นประวัติ (Log) บนเซิร์ฟเวอร์<br>2. ท่านอนุญาตให้บริษัททำซ้ำและเผยแพร่ข้อมูลที่อัปโหลดโดยไม่มีค่าใช้จ่าย หากท่านเสนอไอเดียหรือแผนงาน บริษัทสามารถนำไปใช้ได้โดยไม่ต้องจ่ายผลตอบแทนหรือเก็บเป็นความลับ<br>3. หากข้อมูลละเมิดข้อ 10 บริษัทสามารถลบได้โดยไม่ต้องแจ้งล่วงหน้า การลบไม่ทำให้ท่านพ้นจากความรับผิดชอบ<br><br>ข้อ 12 (ลิขสิทธิ์และทรัพย์สินทางปัญญา)<br>1. สิทธิ์ในโปรแกรม ซอฟต์แวร์ เครื่องหมายการค้า และทรัพย์สินทางปัญญาของบริการนี้เป็นของบริษัทหรือบุคคลที่สามที่มีสิทธิ์<br>2. ห้ามทำซ้ำ เผยแพร่ หรือใช้ข้อมูลใดๆ ที่ได้จากบริการนี้นอกเหนือจากการใช้งานส่วนตัวโดยไม่ได้รับอนุญาต<br><br>ข้อ 13 (การยกเว้นความรับผิดชอบและการไม่รับประกัน)<br>1. บริการนี้อาจไม่สามารถใช้งานได้ในทุกสภาพแวดล้อม บริษัทไม่รับประกันความเสถียรของการเชื่อมต่อ<br>2. ท่านควรหลีกเลี่ยงการเล่นเกมมากเกินไป บริษัทไม่รับผิดชอบต่อความเสียหายทางร่างกาย จิตใจ หรือการเงิน<br>3. บริษัทไม่รับประกันความถูกต้อง สมบูรณ์ หรือความน่าเชื่อถือของเนื้อหาและบริการ<br>4. บริษัทไม่รับผิดชอบในการกู้คืนข้อมูลของท่านที่สูญหายหรือถูกดัดแปลง<br>5. บริษัทไม่รับผิดชอบต่อปัญหาจากการติดตั้งโปรแกรม หรือความเสียหายจากบริการ ยกเว้นเกิดจากความตั้งใจหรือประมาทเลินเล่อของบริษัท<br><br>ข้อ 14 (ความรับผิดชอบส่วนบุคคล)<br>1. ข้อมูลที่ท่านเปิดเผยในเกมอาจถูกเห็นโดยบุคคลที่สาม บริษัทไม่รับผิดชอบต่อผลลัพธ์ของการเปิดเผยนั้น<br>2. หากเกิดข้อพิพาทกับผู้เล่นอื่นหรือบุคคลที่สาม ท่านต้องแก้ไขด้วยตนเองและรับผิดชอบค่าใช้จ่าย<br>3. บริษัทอาจให้การสนับสนุนในการแก้ไขปัญหาตามสมควร<br><br>ข้อ 15 (เซฟดาต้า)<br>1. ข้อมูลการเล่นของท่าน (เซฟดาต้า) อาจถูกลบหากไม่มีการล็อกอินเกิน 1 ปี หรือหากบัญชีถูกระงับตามข้อ 18<br>2. บริษัทไม่รับประกันความสมบูรณ์ในการบันทึกหรือเรียกคืนเซฟดาต้า<br>3. บริษัทอาจเปลี่ยนแปลงเซฟดาต้าของท่านโดยไม่แจ้งให้ทราบหากมีความจำเป็นเพื่อความราบรื่นของระบบ<br><br>ข้อ 16 (การเปลี่ยนแปลงบริการ)<br>บริษัทอาจเปลี่ยนแปลงเนื้อหาบริการโดยไม่แจ้งให้ทราบล่วงหน้า แต่หากส่งผลกระทบร้ายแรง จะแจ้งล่วงหน้า 60 วันบนเว็บไซต์<br><br>ข้อ 17 (การระงับบริการ)<br>1. บริษัทอาจระงับบริการชั่วคราวโดยไม่แจ้งล่วงหน้าในกรณีต่อไปนี้:<br>หนึ่ง. ระบบขัดข้องอย่างไม่คาดคิด<br>สอง. การซ่อมบำรุงเซิร์ฟเวอร์ฉุกเฉินหรือตามกำหนดการ<br>2. บริษัทไม่รับผิดชอบต่อความเสียหายที่เกิดจากการระงับหรือความล่าช้าของบริการ<br><br>ข้อ 18 (การระงับการใช้งาน)<br>1. บริษัทอาจไม่อนุญาตให้ใช้บริการหาก:<br>หนึ่ง. ข้อมูลที่ลงทะเบียนเป็นเท็จ<br>สอง. ท่านเคยละเมิดหรือกำลังละเมิดข้อตกลง<br>สาม. บริษัทพิจารณาว่าท่านไม่เหมาะสมที่จะใช้บริการ<br>2. บริษัทสามารถระงับ ID ของท่านชั่วคราวหรือถาวรโดยไม่แจ้งล่วงหน้าและไม่คืนเงินหาก:<br>หนึ่ง. ละเมิดข้อตกลง<br>สอง. ท่านล้มละลายหรือเข้าสู่กระบวนการฟื้นฟูกิจการ<br>สาม. การชำระเงินถูกยกเลิกโดยผู้ให้บริการ<br>สี่. ID ของท่านถูกผู้อื่นนำไปใช้อย่างผิดกฎหมายเนื่องจากความประมาท<br>ห้า. ไม่ล็อกอินเข้าเกมนานเกิน 1 ปี<br>หก. ขัดขวางการดำเนินงานของบริการ<br>3. หากท่านถูกระงับ ID บริษัทสามารถระงับ ID อื่นๆ ทั้งหมดที่ท่านใช้งานอยู่ได้<br>4. การระงับการใช้บริการจะส่งผลให้ถูกระงับจากบริการที่เกี่ยวข้องกันด้วย<br><br>ข้อ 19 (ความรับผิดชอบในการชดใช้ค่าเสียหาย)<br>1. ความรับผิดชอบของบริษัทจำกัดอยู่เพียงความเสียหายที่เกิดขึ้นจริงและโดยตรงเท่านั้น ไม่ครอบคลุมถึงความเสียหายพิเศษหรือการสูญเสียกำไร ยกเว้นเกิดจากความตั้งใจหรือประมาทเลินเล่อของบริษัท<br>2. หากท่านละเมิดสิทธิ์ของบริษัท บริษัทอาจเรียกร้องค่าเสียหายจากท่าน<br><br>ข้อ 20 (ห้ามการโอนสิทธิ์)<br>ห้ามโอนสิทธิ์ สถานะ หรือผลประโยชน์ในการใช้บริการให้บุคคลที่สาม หรือใช้เป็นหลักประกัน<br><br>ข้อ 21 (การสนับสนุน)<br>1. การแจ้งเตือนและการสนับสนุนทั้งหมดให้บริการเป็นภาษาญี่ปุ่นเท่านั้น<br>2. การติดต่อสอบถามต้องทำผ่านแบบฟอร์มบนเว็บไซต์ ไม่รับติดต่อทางโทรศัพท์หรือการเข้ามาติดต่อด้วยตนเอง<br>3. บริษัทจะตอบกลับตามขั้นตอน แต่อาจไม่สามารถตอบกลับรายบุคคลได้ในบางกรณี<br><br>ข้อ 22 (การยุติการให้บริการ)<br>1. บริษัทอาจยุติการให้บริการโดยแจ้งล่วงหน้า 60 วัน<br>2. การแจ้งเตือนจะมีผลเมื่อประกาศบนเว็บไซต์หรือส่งอีเมลครบ 24 ชั่วโมง<br>3. หากเกิดเหตุสุดวิสัยที่ไม่อาจหลีกเลี่ยงได้ บริษัทอาจยุติบริการและประกาศให้ทราบในภายหลัง<br>4. บริษัทจะไม่รับผิดชอบต่อความเสียหายจากการยุติการให้บริการ ยกเว้นเกิดจากความตั้งใจหรือประมาทเลินเล่อของบริษัท<br><br>ข้อ 23 (กฎหมายที่ใช้บังคับและเขตอำนาจศาล)<br>1. ข้อตกลงนี้ตีความตามภาษาญี่ปุ่นและกฎหมายของประเทศญี่ปุ่น<br>2. หากข้อกำหนดบางส่วนตกเป็นโมฆะ ข้อกำหนดที่เหลือยังคงมีผลบังคับใช้<br>3. ข้อพิพาทใดๆ ให้อยู่ในอำนาจของศาลแขวงโตเกียวหรือศาลสรุปโตเกียวเป็นศาลชั้นต้น<br><br>จบบริบูรณ์<br>4 ธันวาคม 2012\u3000ประกาศใช้<br>5 มีนาคม 2014\u3000แก้ไข<br>20 เมษายน 2016\u3000แก้ไข<br>21 กุมภาพันธ์ 2018\u3000แก้ไข<br>12 กันยายน 2018\u3000แก้ไข<br>1 เมษายน 2020\u3000แก้ไข"""
UseAgreement_Message_ps4#0,"""ข้อตกลงการใช้งาน PlayStation®4 เวอร์ชัน 『Phantasy Star Online 2』<br><br>1-1-1 นิชิชินากาวะ เขตชินากาวะ โตเกียว\u3000ซูมิโตโม ฟุโดซัง โอซากิ การ์เด้น ทาวเวอร์<br>บริษัท SEGA จำกัด<br>20 เมษายน 2016<br><br>ก่อนใช้บริการซอฟต์แวร์ เครือข่าย และบริการที่เกี่ยวข้อง (รวมเรียกว่า \""บริการนี้\"") ของ PlayStation®4 เวอร์ชัน 『Phantasy Star Online 2』 (รวมถึง 『Phantasy Star Online 2 New Genesis』 และ 『Phantasy Star Online 2』) (ต่อไปนี้เรียกว่า 『PSO2』) โปรดอ่านและยอมรับข้อตกลงต่อไปนี้ที่กำหนดโดยบริษัท SEGA จำกัด (ต่อไปนี้เรียกว่า \""บริษัท\"")<br>การยอมรับข้อตกลงนี้เป็นเงื่อนไขในการอนุญาตให้ท่านใช้บริการ หากพบว่าท่านละเมิดข้อตกลงแม้เพียงส่วนใดส่วนหนึ่ง บริษัทขอสงวนสิทธิ์ในการระงับการให้บริการโดยไม่ต้องแจ้งให้ทราบล่วงหน้า ในกรณีนี้ บริษัทจะไม่คืนเงินใดๆ ที่ท่านได้ชำระไปแล้ว<br>หากท่านเป็นผู้เยาว์ (อายุต่ำกว่า 18 ปี) กรุณาขอความยินยอมจากผู้แทนโดยชอบธรรม (ผู้ปกครอง) ก่อนยอมรับข้อตกลงนี้<br><br>ข้อ 1 (ข้อตกลงนี้)<br>1. ข้อตกลง กฎระเบียบ และนโยบายที่ประกาศบนเว็บไซต์ทางการของบริษัท (URL: https://pso2.jp/ ต่อไปนี้เรียกว่า \""เว็บไซต์นี้\"") ถือเป็นส่วนหนึ่งของข้อตกลงนี้<br>2. หากมีข้อขัดแย้งระหว่างข้อตกลงบนเว็บไซต์กับข้อตกลงฉบับนี้ ให้ยึดตามข้อกำหนดบนเว็บไซต์เป็นหลัก<br>3. บริษัทอาจเปลี่ยนแปลงข้อตกลงนี้ได้ตามความเหมาะสม โดยจะมีผลบังคับใช้หลังจากประกาศบนเว็บไซต์ 24 ชั่วโมง หรือเมื่อแจ้งไปยังอีเมลของท่าน การที่ท่านใช้บริการต่อไปจะถือว่ายอมรับการเปลี่ยนแปลงนั้น<br>4. หากท่านไม่ยอมรับการเปลี่ยนแปลง กรุณาหยุดใช้บริการทันที บริษัทจะไม่คืนเงินหรือค่าธรรมเนียมใดๆ ทั้งสิ้น<br>5. ท่านรับทราบว่าข้อตกลงนี้อาจมีการเปลี่ยนแปลงและตกลงที่จะตรวจสอบประกาศบนเว็บไซต์อย่างสม่ำเสมอ<br><br>ข้อ 2 (การใช้เกมเซิร์ฟเวอร์)<br>1. ในการใช้บริการนี้ ท่านต้องเชื่อมต่อกับเกมเซิร์ฟเวอร์ที่บริษัทกำหนด (ต่อไปนี้เรียกว่า \""เกมเซิร์ฟเวอร์\"") ผ่านอินเทอร์เน็ต<br>2. ในการเชื่อมต่อ ท่านต้องมี SEGA ID (ต่อไปนี้เรียกว่า \""ID\"") นอกจากนี้ยังต้องมีบัญชี PlayStation™Network ที่ถูกต้อง ระบบจะจัดการข้อมูลของท่านแยกตาม ID และผูกมัดข้อมูลบัญชี PlayStation™Network เข้ากับ ID ของท่าน<br>3. การเชื่อมต่อต้องใช้การยืนยันตัวตนด้วย ID และรหัสผ่าน<br>4. ท่านต้องรับผิดชอบค่าใช้จ่ายในการเตรียมอุปกรณ์ การเชื่อมต่ออินเทอร์เน็ต และค่าบริการอื่นๆ ด้วยตนเอง<br>5. บริษัทจะไม่คืนเงินให้ไม่ว่าในกรณีใด หากท่านไม่สามารถเชื่อมต่อเซิร์ฟเวอร์ได้ ยกเว้นจะระบุไว้เป็นอย่างอื่นในข้อตกลง<br>6. เมื่อเชื่อมต่อเซิร์ฟเวอร์ ระบบอาจดาวน์โหลดข้อมูลอัปเดตอัตโนมัติ ซึ่งถือเป็นส่วนหนึ่งของการใช้บริการและท่านต้องรับผิดชอบกระบวนการดังกล่าว<br>7. ห้ามใช้การเชื่อมต่อที่ไม่ถูกต้อง หรือหลีกเลี่ยงระบบป้องกันเพื่อเข้าสู่เซิร์ฟเวอร์<br>8. การเชื่อมต่อต้องทำจากอุปกรณ์ที่อยู่ในประเทศญี่ปุ่นเท่านั้น ห้ามเชื่อมต่อจากต่างประเทศโดยตรง หรือผ่านอุปกรณ์ในญี่ปุ่นจากต่างประเทศ<br><br>ข้อ 3 (ค่าบริการพื้นฐาน)<br>การเข้าเล่นเกมและเชื่อมต่อเซิร์ฟเวอร์พื้นฐานให้บริการฟรี ยกเว้นบริการเสริมที่ระบุว่ามีค่าใช้จ่าย<br><br>ข้อ 4 (บริการเสริมแบบมีค่าใช้จ่าย)<br>1. บริษัทอาจมีบริการเสริมที่ต้องชำระเงิน (ต่อไปนี้เรียกว่า \""บริการเสริม\"") ซึ่งท่านต้องซื้อสกุลเงิน/วิธีการชำระเงินล่วงหน้า (ต่อไปนี้เรียกว่า \""สกุลเงินล่วงหน้า\"") ตามที่บริษัทกำหนด รายละเอียดจะประกาศบนเว็บไซต์<br>2. การชำระเงินจะเป็นไปตามกฎและช่องทางที่ผู้ให้บริการชำระเงินกำหนด<br>3. ข้อพิพาทใดๆ กับผู้ให้บริการชำระเงิน ท่านจะต้องแก้ไขด้วยตนเอง<br>4. ไอเทมหรือเนื้อหาที่ซื้อด้วยสกุลเงินล่วงหน้าจะถือว่าได้รับบริการแล้ว และไม่จัดเป็นสกุลเงินล่วงหน้าอีกต่อไป<br><br>ข้อ 5 (การใช้และข้อจำกัดของบริการเสริมและสกุลเงินล่วงหน้า)<br>1. บริษัทอาจกำหนดขีดจำกัดในการซื้อและถือครองสกุลเงินล่วงหน้าของท่าน<br>2. การใช้บริการเสริมจะหักลบจากสกุลเงินล่วงหน้าทันทีที่กดยืนยัน<br>3. สกุลเงินล่วงหน้ามีอายุการใช้งาน 1 ปีนับจากการซื้อครั้งล่าสุด และจะถูกลบโดยอัตโนมัติเมื่อหมดอายุ<br>4. ห้ามโอน ให้ยืม จำนำ หรือใช้สกุลเงินล่วงหน้าเป็นหลักประกันแก่บุคคลที่สาม<br>5. หากบัญชีถูกระงับถาวรตามข้อ 18 สกุลเงินล่วงหน้าทั้งหมดจะถือเป็นโมฆะ<br>6. บริษัทจะไม่รับคืนหรือคืนเงินค่าสกุลเงินล่วงหน้าไม่ว่าในกรณีใด เว้นแต่กฎหมายจะบังคับ<br><br>ข้อ 6 (การยกเลิกบริการเสริม)<br>บริษัทสามารถระงับหรือยกเลิกบริการเสริมและสกุลเงินล่วงหน้าได้ โดยจะแจ้งให้ทราบล่วงหน้า 60 วัน และหากเกมปิดให้บริการ บริการเสริมจะสิ้นสุดลงทันที<br><br>ข้อ 7 (การลงทะเบียนข้อมูล)<br>1. ท่านต้องลงทะเบียนข้อมูลที่ถูกต้อง (รวมถึงข้อมูลส่วนบุคคลเช่นอีเมล) ตามที่บริษัทกำหนด<br>2. ท่านต้องตรวจสอบและรับรองความถูกต้องของข้อมูลที่ให้ไว้<br>3. หากมีการเปลี่ยนแปลงข้อมูล ท่านต้องอัปเดตผ่านระบบที่กำหนดทันที<br>4. บริษัทอาจมอบหมายให้หน่วยงานภายนอกจัดการข้อมูลของท่าน ภายใต้มาตรการคุ้มครองข้อมูลส่วนบุคคล<br>5. บริษัทจะใช้ข้อมูลของท่านเพื่อวัตถุประสงค์ต่อไปนี้เท่านั้น:<br>หนึ่ง. เพื่อให้บริการ แจ้งข่าวสาร ส่งของรางวัล และแก้ไขปัญหา<br>สอง. เพื่อตรวจสอบการละเมิดสิทธิ์ของบริษัท<br>สาม. เพื่อทำการตลาดและวิเคราะห์ข้อมูล (โดยไม่ระบุตัวตน)<br>สี่. เพื่อบริการสนับสนุนลูกค้า<br>6. บริษัทจะไม่เปิดเผยข้อมูลให้บุคคลที่สาม เว้นแต่:<br>หนึ่ง. กฎหมายบังคับ<br>สอง. มีคำสั่งจากหน่วยงานที่มีอำนาจ<br>สาม. เพื่อปกป้องสิทธิ์ของบริษัทหรือบุคคลอื่นในกรณีฉุกเฉิน<br>สี่. มีความจำเป็นต่อผู้รับเหมาในทางธุรกิจ<br>ห้า. ในกรณีการโอนกิจการ<br>7. หากพบว่าข้อมูลเป็นเท็จหรือละเมิดสิทธิ์ บริษัทอาจลบหรือแก้ไขข้อมูลนั้นได้<br>8. การจัดการข้อมูลส่วนบุคคลจะเป็นไปตามนโยบายความเป็นส่วนตัวของบริษัท (http://sega.jp/privacypolicy/)<br><br>ข้อ 8 (ID และรหัสผ่าน)<br>1. โปรดเก็บรักษา ID และรหัสผ่านของท่านเป็นความลับ ห้ามเปิดเผยหรือให้ผู้อื่นใช้<br>2. บริษัทจะไม่รับผิดชอบต่อความเสียหายใดๆ ที่เกิดจากการถูกบุคคลที่สามขโมย ID เว้นแต่เกิดจากความประมาทเลินเล่ออย่างร้ายแรงของบริษัท<br>3. การกระทำใดๆ ผ่าน ID ของท่าน ถือเป็นความรับผิดชอบของท่านแต่เพียงผู้เดียว<br>4. หากพบการใช้หลาย ID เข้าสู่ระบบพร้อมกันในลักษณะผิดปกติ บริษัทอาจระงับการให้บริการกับ ID ทั้งหมดของท่าน<br><br>ข้อ 9 (การห้ามโกงและการกระทำผิด)<br>1. ห้ามกระทำการต่อไปนี้ (เรียกว่า \""การโกง (Cheat)\""):<br>หนึ่ง. ดัดแปลงข้อมูลตัวละคร ไอเทม หรือสร้างขึ้นอย่างผิดกฎหมาย<br>สอง. ใช้วิธีการเล่นที่อยู่นอกเหนือจากที่ออกแบบมาให้ใช้ปกติ<br>สาม. ใช้โปรแกรมช่วยเล่น (มาโคร) หรือเครื่องมือที่บริษัทไม่อนุญาต<br>สี่. วิเคราะห์ ทำวิศวกรรมย้อนกลับ หรือแก้ไขตัวเกม<br>ห้า. ดัดแปลงระบบ การดำเนินเกม หรือเนื้อหาของเกมออนไลน์<br>2. ห้ามแจกจ่าย ส่งต่อ หรือสนับสนุนการใช้โปรแกรมโกงแก่ผู้อื่น<br>3. ห้ามเจาะระบบ หรือก่อกวนการทำงานของเซิร์ฟเวอร์เกม<br>4. ห้ามฉวยโอกาสจากบั๊กหรือข้อผิดพลาดของเกมเพื่อสร้างความได้เปรียบ<br>5. ห้ามดักจับ แก้ไข หรือทำวิศวกรรมย้อนกลับข้อมูลที่รับส่งระหว่างเซิร์ฟเวอร์<br>6. หากพบบั๊ก กรุณาแจ้งฝ่ายสนับสนุนของบริษัทแทนการเผยแพร่ให้ผู้เล่นอื่นทราบ<br><br>ข้อ 10 (ข้อห้ามทั่วไป)<br>ห้ามกระทำการดังต่อไปนี้ในระหว่างการใช้บริการ:<br>หนึ่ง. กระทำการผิดกฎหมาย หรือสนับสนุนให้เกิดการกระทำผิดกฎหมาย<br>สอง. ละเมิดสิทธิ์ (เช่น ชื่อเสียง ความเป็นส่วนตัว ลิขสิทธิ์) ของผู้อื่น<br>สาม. ใช้ข้อความลามกอนาจาร เหยียดหยาม คุกคาม รุนแรง หรือขัดต่อศีลธรรมอันดี<br>สี่. ใช้เกมเพื่อการค้า การหาเสียง การระดมทุน หรือการเผยแผ่ศาสนา<br>ห้า. ชักชวนเพื่อการพบปะเชิงชู้สาวหรืออนาจาร<br>หก. ส่งจดหมายลูกโซ่ หรือชักชวนให้ทำธุรกิจลูกโซ่<br>เจ็ด. กล่าวร้าย คุกคาม หรือทำให้ผู้อื่นรู้สึกไม่สบายใจ<br>แปด. แอบอ้างเป็นพนักงานของบริษัท หรือทีมงานสนับสนุน<br>เก้า. ส่งไวรัส ข้อมูลขยะ หรือการกระทำที่สร้างภาระให้กับเซิร์ฟเวอร์และรบกวนผู้อื่น<br>สิบ. ให้ข้อมูลเท็จ หรือหลอกลวงบริษัท<br>สิบเอ็ด. การกระทำใดๆ ที่ขัดขวางการดำเนินงานของเกม<br>สิบสอง. ใส่ร้ายป้ายสีบริษัทหรือบริการของบริษัท<br>สิบสาม. ซื้อขายหรือโอนข้อมูลในเกมโดยไม่ได้รับอนุญาต<br>สิบสี่. ซื้อขายไอเทมหรือข้อมูลในเกมด้วยเงินจริง (RMT - Real Money Trading)<br>สิบห้า. ละเมิดลิขสิทธิ์ของบริการนี้<br>สิบหก. ใช้ซอฟต์แวร์ PSO2 เชื่อมต่อไปยังเซิร์ฟเวอร์อื่นที่ไม่ใช่ของทางการ<br>สิบเจ็ด. ชักชวนหรือสนับสนุนให้ผู้อื่นใช้โปรแกรมโกง<br>สิบแปด. ส่งข้อความก่อกวนผู้เล่นคนอื่นซ้ำๆ (Spam)<br>สิบเก้า. ละเมิดข้อกำหนดอื่นๆ ในข้อตกลงนี้<br>ยี่สิบ. เผยแพร่ลิงก์หรือบอกวิธีการกระทำความผิดตามที่ระบุไว้ข้างต้น<br>ยี่สิบเอ็ด. การกระทำอื่นใดที่บริษัทพิจารณาว่าไม่เหมาะสม<br>ยี่สิบสอง. สนับสนุนหรือเตรียมการเพื่อกระทำการที่ขัดต่อกฎระเบียบทั้งหมดข้างต้น<br>"""
UseAgreement_Message_ps4_break2#0,"""ข้อ 11 (ฟีเจอร์คอมมูนิตี้)<br>1. บริการข้อความ กระดานสนทนา หรือฟีเจอร์คอมมูนิตี้ต่างๆ จัดให้มีเพื่ออำนวยความสะดวกในการสื่อสารฟรี บริษัทไม่รับประกันการสื่อสาร ข้อมูลที่ท่านส่ง (อัปโหลด) อาจถูกบันทึกเป็นประวัติ (Log) บนเซิร์ฟเวอร์<br>2. ท่านอนุญาตให้บริษัททำซ้ำและเผยแพร่ข้อมูลที่อัปโหลดโดยไม่มีค่าใช้จ่าย หากท่านเสนอไอเดียหรือแผนงาน บริษัทสามารถนำไปใช้ได้โดยไม่ต้องจ่ายผลตอบแทนหรือเก็บเป็นความลับ<br>3. หากข้อมูลละเมิดข้อ 10 บริษัทสามารถลบได้โดยไม่ต้องแจ้งล่วงหน้า การลบไม่ทำให้ท่านพ้นจากความรับผิดชอบ<br><br>ข้อ 12 (ลิขสิทธิ์และทรัพย์สินทางปัญญา)<br>1. สิทธิ์ในโปรแกรม ซอฟต์แวร์ เครื่องหมายการค้า และทรัพย์สินทางปัญญาของบริการนี้เป็นของบริษัทหรือบุคคลที่สามที่มีสิทธิ์<br>2. ห้ามทำซ้ำ เผยแพร่ หรือใช้ข้อมูลใดๆ ที่ได้จากบริการนี้นอกเหนือจากการใช้งานส่วนตัวโดยไม่ได้รับอนุญาต<br><br>ข้อ 13 (การยกเว้นความรับผิดชอบและการไม่รับประกัน)<br>1. บริการนี้อาจไม่สามารถใช้งานได้ในทุกสภาพแวดล้อม บริษัทไม่รับประกันความเสถียรของการเชื่อมต่อ<br>2. ท่านควรหลีกเลี่ยงการเล่นเกมมากเกินไป บริษัทไม่รับผิดชอบต่อความเสียหายทางร่างกาย จิตใจ หรือการเงิน<br>3. บริษัทไม่รับประกันความถูกต้อง สมบูรณ์ หรือความน่าเชื่อถือของเนื้อหาและบริการ<br>4. บริษัทไม่รับผิดชอบในการกู้คืนข้อมูลของท่านที่สูญหายหรือถูกดัดแปลง<br>5. บริษัทไม่รับผิดชอบต่อปัญหาจากการติดตั้งโปรแกรม หรือความเสียหายจากบริการ ยกเว้นเกิดจากความตั้งใจหรือประมาทเลินเล่อของบริษัท<br><br>ข้อ 14 (ความรับผิดชอบส่วนบุคคล)<br>1. ข้อมูลที่ท่านเปิดเผยในเกมอาจถูกเห็นโดยบุคคลที่สาม บริษัทไม่รับผิดชอบต่อผลลัพธ์ของการเปิดเผยนั้น<br>2. หากเกิดข้อพิพาทกับผู้เล่นอื่นหรือบุคคลที่สาม ท่านต้องแก้ไขด้วยตนเองและรับผิดชอบค่าใช้จ่าย<br>3. บริษัทอาจให้การสนับสนุนในการแก้ไขปัญหาตามสมควร<br><br>ข้อ 15 (เซฟดาต้า)<br>1. ข้อมูลการเล่นของท่าน (เซฟดาต้า) อาจถูกลบหากไม่มีการล็อกอินเกิน 1 ปี หรือหากบัญชีถูกระงับตามข้อ 18<br>2. บริษัทไม่รับประกันความสมบูรณ์ในการบันทึกหรือเรียกคืนเซฟดาต้า<br>3. บริษัทอาจเปลี่ยนแปลงเซฟดาต้าของท่านโดยไม่แจ้งให้ทราบหากมีความจำเป็นเพื่อความราบรื่นของระบบ<br><br>ข้อ 16 (การเปลี่ยนแปลงบริการ)<br>บริษัทอาจเปลี่ยนแปลงเนื้อหาบริการโดยไม่แจ้งให้ทราบล่วงหน้า แต่หากส่งผลกระทบร้ายแรง จะแจ้งล่วงหน้า 60 วันบนเว็บไซต์<br><br>ข้อ 17 (การระงับบริการ)<br>1. บริษัทอาจระงับบริการชั่วคราวโดยไม่แจ้งล่วงหน้าในกรณีต่อไปนี้:<br>หนึ่ง. ระบบขัดข้องอย่างไม่คาดคิด<br>สอง. การซ่อมบำรุงเซิร์ฟเวอร์ฉุกเฉินหรือตามกำหนดการ<br>2. บริษัทไม่รับผิดชอบต่อความเสียหายที่เกิดจากการระงับหรือความล่าช้าของบริการ<br><br>ข้อ 18 (การระงับการใช้งาน)<br>1. บริษัทอาจไม่อนุญาตให้ใช้บริการหาก:<br>หนึ่ง. ข้อมูลที่ลงทะเบียนเป็นเท็จ<br>สอง. ท่านเคยละเมิดหรือกำลังละเมิดข้อตกลง<br>สาม. บริษัทพิจารณาว่าท่านไม่เหมาะสมที่จะใช้บริการ<br>2. บริษัทสามารถระงับ ID ของท่านชั่วคราวหรือถาวรโดยไม่แจ้งล่วงหน้าและไม่คืนเงินหาก:<br>หนึ่ง. ละเมิดข้อตกลง<br>สอง. ท่านล้มละลายหรือเข้าสู่กระบวนการฟื้นฟูกิจการ<br>สาม. การชำระเงินถูกยกเลิกโดยผู้ให้บริการ<br>สี่. ID ของท่านถูกผู้อื่นนำไปใช้อย่างผิดกฎหมายเนื่องจากความประมาท<br>ห้า. ไม่ล็อกอินเข้าเกมนานเกิน 1 ปี<br>หก. ขัดขวางการดำเนินงานของบริการ<br>3. หากท่านถูกระงับ ID บริษัทสามารถระงับ ID อื่นๆ ทั้งหมดที่ท่านใช้งานอยู่ได้<br>4. การระงับการใช้บริการจะส่งผลให้ถูกระงับจากบริการที่เกี่ยวข้องกันด้วย<br><br>ข้อ 19 (ความรับผิดชอบในการชดใช้ค่าเสียหาย)<br>1. ความรับผิดชอบของบริษัทจำกัดอยู่เพียงความเสียหายที่เกิดขึ้นจริงและโดยตรงเท่านั้น ไม่ครอบคลุมถึงความเสียหายพิเศษหรือการสูญเสียกำไร ยกเว้นเกิดจากความตั้งใจหรือประมาทเลินเล่อของบริษัท<br>2. หากท่านละเมิดสิทธิ์ของบริษัท บริษัทอาจเรียกร้องค่าเสียหายจากท่าน<br><br>ข้อ 20 (ห้ามการโอนสิทธิ์)<br>ห้ามโอนสิทธิ์ สถานะ หรือผลประโยชน์ในการใช้บริการให้บุคคลที่สาม หรือใช้เป็นหลักประกัน<br><br>ข้อ 21 (การสนับสนุน)<br>1. การแจ้งเตือนและการสนับสนุนทั้งหมดให้บริการเป็นภาษาญี่ปุ่นเท่านั้น<br>2. การติดต่อสอบถามต้องทำผ่านแบบฟอร์มบนเว็บไซต์ ไม่รับติดต่อทางโทรศัพท์หรือการเข้ามาติดต่อด้วยตนเอง<br>3. บริษัทจะตอบกลับตามขั้นตอน แต่อาจไม่สามารถตอบกลับรายบุคคลได้ในบางกรณี<br><br>ข้อ 22 (การยุติการให้บริการ)<br>1. บริษัทอาจยุติการให้บริการโดยแจ้งล่วงหน้า 60 วัน<br>2. การแจ้งเตือนจะมีผลเมื่อประกาศบนเว็บไซต์หรือส่งอีเมลครบ 24 ชั่วโมง<br>3. หากเกิดเหตุสุดวิสัยที่ไม่อาจหลีกเลี่ยงได้ บริษัทอาจยุติบริการและประกาศให้ทราบในภายหลัง<br>4. บริษัทจะไม่รับผิดชอบต่อความเสียหายจากการยุติการให้บริการ ยกเว้นเกิดจากความตั้งใจหรือประมาทเลินเล่อของบริษัท<br><br>ข้อ 23 (กฎหมายที่ใช้บังคับและเขตอำนาจศาล)<br>1. ข้อตกลงนี้ตีความตามภาษาญี่ปุ่นและกฎหมายของประเทศญี่ปุ่น<br>2. หากข้อกำหนดบางส่วนตกเป็นโมฆะ ข้อกำหนดที่เหลือยังคงมีผลบังคับใช้<br>3. ข้อพิพาทใดๆ ให้อยู่ในอำนาจของศาลแขวงโตเกียวหรือศาลสรุปโตเกียวเป็นศาลชั้นต้น<br><br>นโยบายความเป็นส่วนตัว\u3000ภาคผนวก<br><br>บริษัทขอกำหนดภาคผนวกเกี่ยวกับนโยบายความเป็นส่วนตัวตามข้อตกลงการใช้งาน PlayStation®4 เวอร์ชัน 『Phantasy Star Online 2』 ข้อ 7 ข้อ 8 ภาคผนวกนี้มีผลบังคับใช้กับ PlayStation®4 เวอร์ชัน 『Phantasy Star Online 2』 เท่านั้น<br><br>1. เมื่อท่านใช้บริการ 『PSO2』 บริษัทจะเก็บรวบรวมข้อมูลต่อไปนี้ โดยมีวัตถุประสงค์ตามที่กำหนดไว้ในนโยบายความเป็นส่วนตัวของบริษัท:<br>・ออนไลน์ ID ของบัญชี PlayStation™Network<br><br>2. ภาคผนวกนี้มีผลบังคับใช้ตั้งแต่วันที่ 26 กรกฎาคม 2017 เป็นต้นไป<br><br><br>จบบริบูรณ์<br>20 เมษายน 2016\u3000ประกาศใช้<br>26 กรกฎาคม 2017\u3000แก้ไข<br>21 กุมภาพันธ์ 2018\u3000แก้ไข<br>12 กันยายน 2018\u3000แก้ไข<br>1 เมษายน 2020\u3000แก้ไข<br>9 มิถุนายน 2021\u3000แก้ไข<br>9 มีนาคม 2022\u3000แก้ไข<br>1 เมษายน 2022\u3000แก้ไข<br>2 สิงหาคม 2023\u3000แก้ไข"""
Agreement_Message_Combination#0,"""$(0)<br>$(1)"""
UseAgreement_Message_cc#0,"""ข้อตกลงการใช้งาน 『Phantasy Star Online 2 Cloud』<br>1-1-1 นิชิชินากาวะ เขตชินากาวะ โตเกียว\u3000ซูมิโตโม ฟุโดซัง โอซากิ การ์เด้น ทาวเวอร์<br>บริษัท SEGA จำกัด<br>4 เมษายน 2018<br><br>ก่อนใช้บริการซอฟต์แวร์ เครือข่าย และบริการที่เกี่ยวข้อง (รวมเรียกว่า \""บริการนี้\"") ของ 『Phantasy Star Online 2 Cloud』 สำหรับ Windows PC และ Nintendo Switch™ (รวมถึง 『Phantasy Star Online 2 New Genesis Cloud』 และ 『Phantasy Star Online 2 Cloud』) (ต่อไปนี้เรียกว่า 『PSO2』) โปรดอ่านและยอมรับข้อตกลงต่อไปนี้ที่กำหนดโดยบริษัท SEGA จำกัด (ต่อไปนี้เรียกว่า \""บริษัท\"")<br>การยอมรับข้อตกลงนี้เป็นเงื่อนไขในการอนุญาตให้ท่านใช้บริการ หากพบว่าท่านละเมิดข้อตกลงแม้เพียงส่วนใดส่วนหนึ่ง บริษัทขอสงวนสิทธิ์ในการระงับการให้บริการโดยไม่ต้องแจ้งให้ทราบล่วงหน้า ในกรณีนี้ บริษัทจะไม่คืนเงินใดๆ ที่ท่านได้ชำระไปแล้ว<br>หากท่านเป็นผู้เยาว์ (อายุต่ำกว่า 18 ปี) กรุณาขอความยินยอมจากผู้แทนโดยชอบธรรม (ผู้ปกครอง) ก่อนยอมรับข้อตกลงนี้<br><br>ข้อ 1 (ข้อตกลงนี้)<br>1. ข้อตกลง กฎระเบียบ และนโยบายที่ประกาศบนเว็บไซต์ทางการของบริษัท (URL: https://pso2.jp/ ต่อไปนี้เรียกว่า \""เว็บไซต์นี้\"") ถือเป็นส่วนหนึ่งของข้อตกลงนี้<br>2. หากมีข้อขัดแย้งระหว่างข้อตกลงบนเว็บไซต์กับข้อตกลงฉบับนี้ ให้ยึดตามข้อกำหนดบนเว็บไซต์เป็นหลัก<br>3. บริษัทอาจเปลี่ยนแปลงข้อตกลงนี้ได้ตามความเหมาะสม โดยจะมีผลบังคับใช้หลังจากประกาศบนเว็บไซต์ 24 ชั่วโมง หรือเมื่อแจ้งไปยังอีเมลของท่าน การที่ท่านใช้บริการต่อไปจะถือว่ายอมรับการเปลี่ยนแปลงนั้น<br>4. หากท่านไม่ยอมรับการเปลี่ยนแปลง กรุณาหยุดใช้บริการทันที บริษัทจะไม่คืนเงินหรือค่าธรรมเนียมใดๆ ทั้งสิ้น<br>5. ท่านรับทราบว่าข้อตกลงนี้อาจมีการเปลี่ยนแปลงและตกลงที่จะตรวจสอบประกาศบนเว็บไซต์อย่างสม่ำเสมอ<br><br>ข้อ 2 (การใช้เกมเซิร์ฟเวอร์)<br>1. ในการใช้บริการนี้ ท่านต้องเชื่อมต่อกับเกมเซิร์ฟเวอร์ที่บริษัทกำหนด (ต่อไปนี้เรียกว่า \""เกมเซิร์ฟเวอร์\"") ผ่านอินเทอร์เน็ต<br>2. ในการเชื่อมต่อ ท่านต้องมี SEGA ID หรือ ID บริการจากบุคคลที่สามที่บริษัทกำหนด (รวมเรียกว่า \""ID\"") โดยระบบจะจัดการข้อมูลของท่านแยกตาม ID<br>3. การเชื่อมต่อต้องใช้การยืนยันตัวตนด้วย ID และรหัสผ่าน<br>4. ท่านต้องรับผิดชอบค่าใช้จ่ายในการเตรียมอุปกรณ์ การเชื่อมต่ออินเทอร์เน็ต และค่าบริการอื่นๆ ด้วยตนเอง<br>5. บริษัทจะไม่คืนเงินให้ไม่ว่าในกรณีใด หากท่านไม่สามารถเชื่อมต่อเซิร์ฟเวอร์ได้ ยกเว้นจะระบุไว้เป็นอย่างอื่นในข้อตกลง<br>6. เมื่อเชื่อมต่อเซิร์ฟเวอร์ ระบบอาจดาวน์โหลดข้อมูลอัปเดตอัตโนมัติ ซึ่งถือเป็นส่วนหนึ่งของการใช้บริการและท่านต้องรับผิดชอบกระบวนการดังกล่าว<br>7. ห้ามใช้การเชื่อมต่อที่ไม่ถูกต้อง หรือหลีกเลี่ยงระบบป้องกันเพื่อเข้าสู่เซิร์ฟเวอร์<br>8. การเชื่อมต่อต้องทำจากอุปกรณ์ที่อยู่ในประเทศญี่ปุ่นเท่านั้น ห้ามเชื่อมต่อจากต่างประเทศโดยตรง หรือผ่านอุปกรณ์ในญี่ปุ่นจากต่างประเทศ<br><br>ข้อ 3 (ค่าบริการพื้นฐาน)<br>การเข้าเล่นเกมและเชื่อมต่อเซิร์ฟเวอร์พื้นฐานให้บริการฟรี ยกเว้นบริการเสริมที่ระบุว่ามีค่าใช้จ่าย<br><br>ข้อ 4 (บริการเสริมแบบมีค่าใช้จ่าย)<br>1. บริษัทอาจมีบริการเสริมที่ต้องชำระเงิน (ต่อไปนี้เรียกว่า \""บริการเสริม\"") ซึ่งท่านต้องซื้อสกุลเงิน/วิธีการชำระเงินล่วงหน้า (ต่อไปนี้เรียกว่า \""สกุลเงินล่วงหน้า\"") ตามที่บริษัทกำหนด รายละเอียดจะประกาศบนเว็บไซต์<br>2. การชำระเงินจะเป็นไปตามกฎและช่องทางที่ผู้ให้บริการชำระเงินกำหนด<br>3. ข้อพิพาทใดๆ กับผู้ให้บริการชำระเงิน ท่านจะต้องแก้ไขด้วยตนเอง<br>4. ไอเทมหรือเนื้อหาที่ซื้อด้วยสกุลเงินล่วงหน้าจะถือว่าได้รับบริการแล้ว และไม่จัดเป็นสกุลเงินล่วงหน้าอีกต่อไป<br><br>ข้อ 5 (การใช้และข้อจำกัดของบริการเสริมและสกุลเงินล่วงหน้า)<br>1. บริษัทอาจกำหนดขีดจำกัดในการซื้อและถือครองสกุลเงินล่วงหน้าของท่าน<br>2. การใช้บริการเสริมจะหักลบจากสกุลเงินล่วงหน้าทันทีที่กดยืนยัน<br>3. สกุลเงินล่วงหน้ามีอายุการใช้งาน 1 ปีนับจากการซื้อครั้งล่าสุด และจะถูกลบโดยอัตโนมัติเมื่อหมดอายุ<br>4. ห้ามโอน ให้ยืม จำนำ หรือใช้สกุลเงินล่วงหน้าเป็นหลักประกันแก่บุคคลที่สาม<br>5. หากบัญชีถูกระงับถาวรตามข้อ 18 สกุลเงินล่วงหน้าทั้งหมดจะถือเป็นโมฆะ<br>6. บริษัทจะไม่รับคืนหรือคืนเงินค่าสกุลเงินล่วงหน้าไม่ว่าในกรณีใด เว้นแต่กฎหมายจะบังคับ<br><br>ข้อ 6 (การยกเลิกบริการเสริม)<br>บริษัทสามารถระงับหรือยกเลิกบริการเสริมและสกุลเงินล่วงหน้าได้ โดยจะแจ้งให้ทราบล่วงหน้า 60 วัน และหากเกมปิดให้บริการ บริการเสริมจะสิ้นสุดลงทันที<br><br>ข้อ 7 (การลงทะเบียนข้อมูล)<br>1. ท่านต้องลงทะเบียนข้อมูลที่ถูกต้อง (รวมถึงข้อมูลส่วนบุคคลเช่นอีเมล) ตามที่บริษัทกำหนด<br>2. ท่านต้องตรวจสอบและรับรองความถูกต้องของข้อมูลที่ให้ไว้<br>3. หากมีการเปลี่ยนแปลงข้อมูล ท่านต้องอัปเดตผ่านระบบที่กำหนดทันที<br>4. บริษัทอาจมอบหมายให้หน่วยงานภายนอกจัดการข้อมูลของท่าน ภายใต้มาตรการคุ้มครองข้อมูลส่วนบุคคล<br>5. บริษัทจะใช้ข้อมูลของท่านเพื่อวัตถุประสงค์ต่อไปนี้เท่านั้น:<br>หนึ่ง. เพื่อให้บริการ แจ้งข่าวสาร ส่งของรางวัล และแก้ไขปัญหา<br>สอง. เพื่อตรวจสอบการละเมิดสิทธิ์ของบริษัท<br>สาม. เพื่อทำการตลาดและวิเคราะห์ข้อมูล (โดยไม่ระบุตัวตน)<br>สี่. เพื่อบริการสนับสนุนลูกค้า<br>6. บริษัทจะไม่เปิดเผยข้อมูลให้บุคคลที่สาม เว้นแต่:<br>หนึ่ง. กฎหมายบังคับ<br>สอง. มีคำสั่งจากหน่วยงานที่มีอำนาจ<br>สาม. เพื่อปกป้องสิทธิ์ของบริษัทหรือบุคคลอื่นในกรณีฉุกเฉิน<br>สี่. มีความจำเป็นต่อผู้รับเหมาในทางธุรกิจ<br>ห้า. ในกรณีการโอนกิจการ<br>7. หากพบว่าข้อมูลเป็นเท็จหรือละเมิดสิทธิ์ บริษัทอาจลบหรือแก้ไขข้อมูลนั้นได้<br>8. การจัดการข้อมูลส่วนบุคคลจะเป็นไปตามนโยบายความเป็นส่วนตัวของบริษัท (http://sega.jp/privacypolicy/)<br>9. สำหรับ ID บุคคลที่สาม การจัดการข้อมูลจะขึ้นอยู่กับนโยบายของบุคคลที่สามนั้น<br><br>ข้อ 8 (ID และรหัสผ่าน)<br>1. โปรดเก็บรักษา ID และรหัสผ่านของท่านเป็นความลับ ห้ามเปิดเผยหรือให้ผู้อื่นใช้<br>2. บริษัทจะไม่รับผิดชอบต่อความเสียหายใดๆ ที่เกิดจากการถูกบุคคลที่สามขโมย ID เว้นแต่เกิดจากความประมาทเลินเล่ออย่างร้ายแรงของบริษัท<br>3. การกระทำใดๆ ผ่าน ID ของท่าน ถือเป็นความรับผิดชอบของท่านแต่เพียงผู้เดียว<br>4. หากพบการใช้หลาย ID เข้าสู่ระบบพร้อมกันในลักษณะผิดปกติ บริษัทอาจระงับการให้บริการกับ ID ทั้งหมดของท่าน<br><br>ข้อ 9 (การห้ามโกงและการกระทำผิด)<br>1. ห้ามกระทำการต่อไปนี้ (เรียกว่า \""การโกง (Cheat)\""):<br>หนึ่ง. ดัดแปลงข้อมูลตัวละคร ไอเทม หรือสร้างขึ้นอย่างผิดกฎหมาย<br>สอง. ใช้วิธีการเล่นที่อยู่นอกเหนือจากที่ออกแบบมาให้ใช้ปกติ<br>สาม. ใช้โปรแกรมช่วยเล่น (มาโคร) หรือเครื่องมือที่บริษัทไม่อนุญาต<br>สี่. วิเคราะห์ ทำวิศวกรรมย้อนกลับ หรือแก้ไขตัวเกม<br>ห้า. ดัดแปลงระบบ การดำเนินเกม หรือเนื้อหาของเกมออนไลน์<br>2. ห้ามแจกจ่าย ส่งต่อ หรือสนับสนุนการใช้โปรแกรมโกงแก่ผู้อื่น<br>3. ห้ามเจาะระบบ หรือก่อกวนการทำงานของเซิร์ฟเวอร์เกม<br>4. ห้ามฉวยโอกาสจากบั๊กหรือข้อผิดพลาดของเกมเพื่อสร้างความได้เปรียบ<br>5. ห้ามดักจับ แก้ไข หรือทำวิศวกรรมย้อนกลับข้อมูลที่รับส่งระหว่างเซิร์ฟเวอร์<br>6. หากพบบั๊ก กรุณาแจ้งฝ่ายสนับสนุนของบริษัทแทนการเผยแพร่ให้ผู้เล่นอื่นทราบ<br><br>ข้อ 10 (ข้อห้ามทั่วไป)<br>ห้ามกระทำการดังต่อไปนี้ในระหว่างการใช้บริการ:<br>หนึ่ง. กระทำการผิดกฎหมาย หรือสนับสนุนให้เกิดการกระทำผิดกฎหมาย<br>สอง. ละเมิดสิทธิ์ (เช่น ชื่อเสียง ความเป็นส่วนตัว ลิขสิทธิ์) ของผู้อื่น<br>สาม. ใช้ข้อความลามกอนาจาร เหยียดหยาม คุกคาม รุนแรง หรือขัดต่อศีลธรรมอันดี<br>สี่. ใช้เกมเพื่อการค้า การหาเสียง การระดมทุน หรือการเผยแผ่ศาสนา<br>ห้า. ชักชวนเพื่อการพบปะเชิงชู้สาวหรืออนาจาร<br>หก. ส่งจดหมายลูกโซ่ หรือชักชวนให้ทำธุรกิจลูกโซ่<br>เจ็ด. กล่าวร้าย คุกคาม หรือทำให้ผู้อื่นรู้สึกไม่สบายใจ<br>แปด. แอบอ้างเป็นพนักงานของบริษัท หรือทีมงานสนับสนุน<br>เก้า. ส่งไวรัส ข้อมูลขยะ หรือการกระทำที่สร้างภาระให้กับเซิร์ฟเวอร์และรบกวนผู้อื่น<br>สิบ. ให้ข้อมูลเท็จ หรือหลอกลวงบริษัท<br>สิบเอ็ด. การกระทำใดๆ ที่ขัดขวางการดำเนินงานของเกม<br>สิบสอง. ใส่ร้ายป้ายสีบริษัทหรือบริการของบริษัท<br>สิบสาม. ซื้อขายหรือโอนข้อมูลในเกมโดยไม่ได้รับอนุญาต<br>สิบสี่. ซื้อขายไอเทมหรือข้อมูลในเกมด้วยเงินจริง (RMT - Real Money Trading)<br>สิบห้า. ละเมิดลิขสิทธิ์ของบริการนี้<br>สิบหก. ใช้ซอฟต์แวร์ PSO2 เชื่อมต่อไปยังเซิร์ฟเวอร์อื่นที่ไม่ใช่ของทางการ<br>สิบเจ็ด. ชักชวนหรือสนับสนุนให้ผู้อื่นใช้โปรแกรมโกง<br>สิบแปด. ส่งข้อความก่อกวนผู้เล่นคนอื่นซ้ำๆ (Spam)<br>สิบเก้า. ละเมิดข้อกำหนดอื่นๆ ในข้อตกลงนี้<br>ยี่สิบ. เผยแพร่ลิงก์หรือบอกวิธีการกระทำความผิดตามที่ระบุไว้ข้างต้น<br>ยี่สิบเอ็ด. การกระทำอื่นใดที่บริษัทพิจารณาว่าไม่เหมาะสม<br>ยี่สิบสอง. สนับสนุนหรือเตรียมการเพื่อกระทำการที่ขัดต่อกฎระเบียบทั้งหมดข้างต้น<br>"""
UseAgreement_Message_cc_break2#0,"""ข้อ 11 (ฟีเจอร์คอมมูนิตี้)<br>1. บริการข้อความ กระดานสนทนา หรือฟีเจอร์คอมมูนิตี้ต่างๆ จัดให้มีเพื่ออำนวยความสะดวกในการสื่อสารฟรี บริษัทไม่รับประกันการสื่อสาร ข้อมูลที่ท่านส่ง (อัปโหลด) อาจถูกบันทึกเป็นประวัติ (Log) บนเซิร์ฟเวอร์<br>2. ท่านอนุญาตให้บริษัททำซ้ำและเผยแพร่ข้อมูลที่อัปโหลดโดยไม่มีค่าใช้จ่าย หากท่านเสนอไอเดียหรือแผนงาน บริษัทสามารถนำไปใช้ได้โดยไม่ต้องจ่ายผลตอบแทนหรือเก็บเป็นความลับ<br>3. หากข้อมูลละเมิดข้อ 10 บริษัทสามารถลบได้โดยไม่ต้องแจ้งล่วงหน้า การลบไม่ทำให้ท่านพ้นจากความรับผิดชอบ<br><br>ข้อ 12 (ลิขสิทธิ์และทรัพย์สินทางปัญญา)<br>1. สิทธิ์ในโปรแกรม ซอฟต์แวร์ เครื่องหมายการค้า และทรัพย์สินทางปัญญาของบริการนี้เป็นของบริษัทหรือบุคคลที่สามที่มีสิทธิ์<br>2. ห้ามทำซ้ำ เผยแพร่ หรือใช้ข้อมูลใดๆ ที่ได้จากบริการนี้นอกเหนือจากการใช้งานส่วนตัวโดยไม่ได้รับอนุญาต<br><br>ข้อ 13 (การยกเว้นความรับผิดชอบและการไม่รับประกัน)<br>1. บริการนี้อาจไม่สามารถใช้งานได้ในทุกสภาพแวดล้อม บริษัทไม่รับประกันความเสถียรของการเชื่อมต่อ<br>2. ท่านควรหลีกเลี่ยงการเล่นเกมมากเกินไป บริษัทไม่รับผิดชอบต่อความเสียหายทางร่างกาย จิตใจ หรือการเงิน<br>3. บริษัทไม่รับประกันความถูกต้อง สมบูรณ์ หรือความน่าเชื่อถือของเนื้อหาและบริการ<br>4. บริษัทไม่รับผิดชอบในการกู้คืนข้อมูลของท่านที่สูญหายหรือถูกดัดแปลง<br>5. บริษัทไม่รับผิดชอบต่อปัญหาจากการติดตั้งโปรแกรม หรือความเสียหายจากบริการ ยกเว้นเกิดจากความตั้งใจหรือประมาทเลินเล่อของบริษัท<br><br>ข้อ 14 (ความรับผิดชอบส่วนบุคคล)<br>1. ข้อมูลที่ท่านเปิดเผยในเกมอาจถูกเห็นโดยบุคคลที่สาม บริษัทไม่รับผิดชอบต่อผลลัพธ์ของการเปิดเผยนั้น<br>2. หากเกิดข้อพิพาทกับผู้เล่นอื่นหรือบุคคลที่สาม ท่านต้องแก้ไขด้วยตนเองและรับผิดชอบค่าใช้จ่าย<br>3. บริษัทอาจให้การสนับสนุนในการแก้ไขปัญหาตามสมควร<br><br>ข้อ 15 (เซฟดาต้า)<br>1. ข้อมูลการเล่นของท่าน (เซฟดาต้า) อาจถูกลบหากไม่มีการล็อกอินเกิน 1 ปี หรือหากบัญชีถูกระงับตามข้อ 18<br>2. บริษัทไม่รับประกันความสมบูรณ์ในการบันทึกหรือเรียกคืนเซฟดาต้า<br>3. บริษัทอาจเปลี่ยนแปลงเซฟดาต้าของท่านโดยไม่แจ้งให้ทราบหากมีความจำเป็นเพื่อความราบรื่นของระบบ<br><br>ข้อ 16 (การเปลี่ยนแปลงบริการ)<br>บริษัทอาจเปลี่ยนแปลงเนื้อหาบริการโดยไม่แจ้งให้ทราบล่วงหน้า แต่หากส่งผลกระทบร้ายแรง จะแจ้งล่วงหน้า 60 วันบนเว็บไซต์<br><br>ข้อ 17 (การระงับบริการ)<br>1. บริษัทอาจระงับบริการชั่วคราวโดยไม่แจ้งล่วงหน้าในกรณีต่อไปนี้:<br>หนึ่ง. ระบบขัดข้องอย่างไม่คาดคิด<br>สอง. การซ่อมบำรุงเซิร์ฟเวอร์ฉุกเฉินหรือตามกำหนดการ<br>2. บริษัทไม่รับผิดชอบต่อความเสียหายที่เกิดจากการระงับหรือความล่าช้าของบริการ<br><br>ข้อ 18 (การระงับการใช้งาน)<br>1. บริษัทอาจไม่อนุญาตให้ใช้บริการหาก:<br>หนึ่ง. ข้อมูลที่ลงทะเบียนเป็นเท็จ<br>สอง. ท่านเคยละเมิดหรือกำลังละเมิดข้อตกลง<br>สาม. บริษัทพิจารณาว่าท่านไม่เหมาะสมที่จะใช้บริการ<br>2. บริษัทสามารถระงับ ID ของท่านชั่วคราวหรือถาวรโดยไม่แจ้งล่วงหน้าและไม่คืนเงินหาก:<br>หนึ่ง. ละเมิดข้อตกลง<br>สอง. ท่านล้มละลายหรือเข้าสู่กระบวนการฟื้นฟูกิจการ<br>สาม. การชำระเงินถูกยกเลิกโดยผู้ให้บริการ<br>สี่. ID ของท่านถูกผู้อื่นนำไปใช้อย่างผิดกฎหมายเนื่องจากความประมาท<br>ห้า. ไม่ล็อกอินเข้าเกมนานเกิน 1 ปี<br>หก. ขัดขวางการดำเนินงานของบริการ<br>3. หากท่านถูกระงับ ID บริษัทสามารถระงับ ID อื่นๆ ทั้งหมดที่ท่านใช้งานอยู่ได้<br>4. การระงับการใช้บริการจะส่งผลให้ถูกระงับจากบริการที่เกี่ยวข้องกันด้วย<br><br>ข้อ 19 (ความรับผิดชอบในการชดใช้ค่าเสียหาย)<br>1. ความรับผิดชอบของบริษัทจำกัดอยู่เพียงความเสียหายที่เกิดขึ้นจริงและโดยตรงเท่านั้น ไม่ครอบคลุมถึงความเสียหายพิเศษหรือการสูญเสียกำไร ยกเว้นเกิดจากความตั้งใจหรือประมาทเลินเล่อของบริษัท<br>2. หากท่านละเมิดสิทธิ์ของบริษัท บริษัทอาจเรียกร้องค่าเสียหายจากท่าน<br><br>ข้อ 20 (ห้ามการโอนสิทธิ์)<br>ห้ามโอนสิทธิ์ สถานะ หรือผลประโยชน์ในการใช้บริการให้บุคคลที่สาม หรือใช้เป็นหลักประกัน<br><br>ข้อ 21 (การสนับสนุน)<br>1. การแจ้งเตือนและการสนับสนุนทั้งหมดให้บริการเป็นภาษาญี่ปุ่นเท่านั้น<br>2. การติดต่อสอบถามต้องทำผ่านแบบฟอร์มบนเว็บไซต์ ไม่รับติดต่อทางโทรศัพท์หรือการเข้ามาติดต่อด้วยตนเอง<br>3. บริษัทจะตอบกลับตามขั้นตอน แต่อาจไม่สามารถตอบกลับรายบุคคลได้ในบางกรณี<br><br>ข้อ 22 (การยุติการให้บริการ)<br>1. บริษัทอาจยุติการให้บริการโดยแจ้งล่วงหน้า 60 วัน<br>2. การแจ้งเตือนจะมีผลเมื่อประกาศบนเว็บไซต์หรือส่งอีเมลครบ 24 ชั่วโมง<br>3. หากเกิดเหตุสุดวิสัยที่ไม่อาจหลีกเลี่ยงได้ บริษัทอาจยุติบริการและประกาศให้ทราบในภายหลัง<br>4. บริษัทจะไม่รับผิดชอบต่อความเสียหายจากการยุติการให้บริการ ยกเว้นเกิดจากความตั้งใจหรือประมาทเลินเล่อของบริษัท<br><br>ข้อ 23 (กฎหมายที่ใช้บังคับและเขตอำนาจศาล)<br>1. ข้อตกลงนี้ตีความตามภาษาญี่ปุ่นและกฎหมายของประเทศญี่ปุ่น<br>2. หากข้อกำหนดบางส่วนตกเป็นโมฆะ ข้อกำหนดที่เหลือยังคงมีผลบังคับใช้<br>3. ข้อพิพาทใดๆ ให้อยู่ในอำนาจของศาลแขวงโตเกียวหรือศาลสรุปโตเกียวเป็นศาลชั้นต้น<br><br><br>4 เมษายน 2018\u3000ประกาศใช้<br>12 กันยายน 2018\u3000แก้ไข<br>19 ธันวาคม 2018\u3000แก้ไข<br>1 เมษายน 2020\u3000แก้ไข<br>9 มิถุนายน 2021\u3000แก้ไข<br>1 เมษายน 2022\u3000แก้ไข<br>2 สิงหาคม 2023\u3000แก้ไข"""
UseAgreement_Title#1,"""Phantasy Star Online 2 - ข้อตกลงการใช้งาน"""
UseAgreement_Message#1,"""ข้อตกลงการใช้งาน 『Phantasy Star Online 2』<br>1-1-1 นิชิชินากาวะ เขตชินากาวะ โตเกียว<br>ซูมิโตโม ฟุโดซัง โอซากิ การ์เด้น ทาวเวอร์<br>บริษัท SEGA จำกัด<br>23 พฤษภาคม 2012<br><br>ก่อนใช้บริการซอฟต์แวร์ เครือข่าย และบริการที่เกี่ยวข้อง (รวมเรียกว่า \""บริการนี้\"") ของ 『Phantasy Star Online 2』 (ต่อไปนี้เรียกว่า 『PSO2』) โปรดอ่านและยอมรับข้อตกลงต่อไปนี้ที่กำหนดโดยบริษัท SEGA จำกัด (ต่อไปนี้เรียกว่า \""บริษัท\"")<br>การยอมรับข้อตกลงนี้เป็นเงื่อนไขในการอนุญาตให้ท่านใช้บริการ หากพบว่าท่านละเมิดข้อตกลงแม้เพียงส่วนใดส่วนหนึ่ง บริษัทขอสงวนสิทธิ์ในการระงับการให้บริการโดยไม่ต้องแจ้งให้ทราบล่วงหน้า ในกรณีนี้ บริษัทจะไม่คืนเงินใดๆ ที่ท่านได้ชำระไปแล้ว<br>หากท่านเป็นผู้เยาว์ (อายุต่ำกว่า 20 ปี) กรุณาขอความยินยอมจากผู้แทนโดยชอบธรรม (ผู้ปกครอง) ก่อนยอมรับข้อตกลงนี้<br><br>ข้อ 1 (ข้อตกลงนี้)<br>1. ข้อตกลง กฎระเบียบ และนโยบายที่ประกาศบนเว็บไซต์ทางการของบริษัท (URL: http://pso2.jp/ ต่อไปนี้เรียกว่า \""เว็บไซต์นี้\"") ถือเป็นส่วนหนึ่งของข้อตกลงนี้<br>2. หากมีข้อขัดแย้งระหว่างข้อตกลงบนเว็บไซต์กับข้อตกลงฉบับนี้ ให้ยึดตามข้อกำหนดบนเว็บไซต์เป็นหลัก<br>3. บริษัทอาจเปลี่ยนแปลงข้อตกลงนี้ได้ตามความเหมาะสม โดยจะมีผลบังคับใช้หลังจากประกาศบนเว็บไซต์ 24 ชั่วโมง หรือเมื่อแจ้งไปยังอีเมลของท่าน การที่ท่านใช้บริการต่อไปจะถือว่ายอมรับการเปลี่ยนแปลงนั้น<br>4. หากท่านไม่ยอมรับการเปลี่ยนแปลง กรุณาหยุดใช้บริการทันที บริษัทจะไม่คืนเงินหรือค่าธรรมเนียมใดๆ ทั้งสิ้น<br>5. ท่านรับทราบว่าข้อตกลงนี้อาจมีการเปลี่ยนแปลงและตกลงที่จะตรวจสอบประกาศบนเว็บไซต์อย่างสม่ำเสมอ<br><br>ข้อ 2 (การใช้เกมเซิร์ฟเวอร์)<br>1. ในการใช้บริการนี้ ท่านต้องเชื่อมต่อกับเกมเซิร์ฟเวอร์ที่บริษัทกำหนด (ต่อไปนี้เรียกว่า \""เกมเซิร์ฟเวอร์\"") ผ่านอินเทอร์เน็ต<br>2. ในการเชื่อมต่อ ท่านต้องมี SEGA ID หรือ ID บริการจากบุคคลที่สามที่บริษัทกำหนด (รวมเรียกว่า \""ID\"") โดยระบบจะจัดการข้อมูลของท่านแยกตาม ID<br>3. การเชื่อมต่อต้องใช้การยืนยันตัวตนด้วย ID และรหัสผ่าน<br>4. ท่านต้องรับผิดชอบค่าใช้จ่ายในการเตรียมอุปกรณ์ การเชื่อมต่ออินเทอร์เน็ต และค่าบริการอื่นๆ ด้วยตนเอง<br>5. บริษัทจะไม่คืนเงินให้ไม่ว่าในกรณีใด หากท่านไม่สามารถเชื่อมต่อเซิร์ฟเวอร์ได้ ยกเว้นจะระบุไว้เป็นอย่างอื่นในข้อตกลง<br>6. เมื่อเชื่อมต่อเซิร์ฟเวอร์ ระบบอาจดาวน์โหลดข้อมูลอัปเดตอัตโนมัติ ซึ่งถือเป็นส่วนหนึ่งของการใช้บริการและท่านต้องรับผิดชอบกระบวนการดังกล่าว<br>7. ห้ามใช้การเชื่อมต่อที่ไม่ถูกต้อง หรือหลีกเลี่ยงระบบป้องกันเพื่อเข้าสู่เซิร์ฟเวอร์<br>8. การเชื่อมต่อต้องทำจากอุปกรณ์ที่อยู่ในประเทศญี่ปุ่นเท่านั้น ห้ามเชื่อมต่อจากต่างประเทศโดยตรง หรือผ่านอุปกรณ์ในญี่ปุ่นจากต่างประเทศ<br><br>ข้อ 3 (ค่าบริการพื้นฐาน)<br>การเข้าเล่นเกมและเชื่อมต่อเซิร์ฟเวอร์พื้นฐานให้บริการฟรี ยกเว้นบริการเสริมที่ระบุว่ามีค่าใช้จ่าย<br><br>ข้อ 4 (บริการเสริมแบบมีค่าใช้จ่าย)<br>1. บริษัทอาจมีบริการเสริมที่ต้องชำระเงิน (ต่อไปนี้เรียกว่า \""บริการเสริม\"") ซึ่งท่านต้องซื้อสกุลเงิน/วิธีการชำระเงินล่วงหน้า (ต่อไปนี้เรียกว่า \""สกุลเงินล่วงหน้า\"") ตามที่บริษัทกำหนด รายละเอียดจะประกาศบนเว็บไซต์<br>2. การชำระเงินจะเป็นไปตามกฎและช่องทางที่ผู้ให้บริการชำระเงินกำหนด<br>3. ข้อพิพาทใดๆ กับผู้ให้บริการชำระเงิน ท่านจะต้องแก้ไขด้วยตนเอง บริษัทจะไม่รับผิดชอบใดๆ<br>4. ไอเทมหรือเนื้อหาที่ซื้อด้วยสกุลเงินล่วงหน้าจะถือว่าได้รับบริการแล้ว และไม่จัดเป็นสกุลเงินล่วงหน้าอีกต่อไป<br><br>ข้อ 5 (การใช้และข้อจำกัดของบริการเสริมและสกุลเงินล่วงหน้า)<br>1. บริษัทอาจกำหนดขีดจำกัดในการซื้อและถือครองสกุลเงินล่วงหน้าของท่าน<br>2. การใช้บริการเสริมจะหักลบจากสกุลเงินล่วงหน้าทันทีที่กดยืนยัน<br>3. สกุลเงินล่วงหน้ามีอายุการใช้งาน 1 ปีนับจากการซื้อครั้งล่าสุด และจะถูกลบโดยอัตโนมัติเมื่อหมดอายุ<br>4. ห้ามโอน ให้ยืม จำนำ หรือใช้สกุลเงินล่วงหน้าเป็นหลักประกันแก่บุคคลที่สาม<br>5. หากบัญชีถูกระงับถาวรตามข้อ 18 สกุลเงินล่วงหน้าทั้งหมดจะถือเป็นโมฆะ<br>6. บริษัทจะไม่รับคืนหรือคืนเงินค่าสกุลเงินล่วงหน้าไม่ว่าในกรณีใด เว้นแต่กฎหมายจะบังคับ<br><br>ข้อ 6 (การยกเลิกบริการเสริม)<br>บริษัทสามารถระงับหรือยกเลิกบริการเสริมและสกุลเงินล่วงหน้าได้ โดยจะแจ้งให้ทราบล่วงหน้า 60 วัน และหากเกมปิดให้บริการ บริการเสริมจะสิ้นสุดลงทันที<br><br>ข้อ 7 (การลงทะเบียนข้อมูล)<br>1. ท่านต้องลงทะเบียนข้อมูลที่ถูกต้อง (รวมถึงข้อมูลส่วนบุคคลเช่นอีเมล) ตามที่บริษัทกำหนด<br>2. ท่านต้องตรวจสอบและรับรองความถูกต้องของข้อมูลที่ให้ไว้<br>3. หากมีการเปลี่ยนแปลงข้อมูล ท่านต้องอัปเดตผ่านระบบที่กำหนดทันที<br>4. บริษัทอาจมอบหมายให้หน่วยงานภายนอกจัดการข้อมูลของท่าน ภายใต้มาตรการคุ้มครองข้อมูลส่วนบุคคล<br>5. บริษัทจะใช้ข้อมูลของท่านเพื่อวัตถุประสงค์ต่อไปนี้เท่านั้น:<br>หนึ่ง. เพื่อให้บริการ แจ้งข่าวสาร ส่งของรางวัล และแก้ไขปัญหา<br>สอง. เพื่อตรวจสอบการละเมิดสิทธิ์ของบริษัท<br>สาม. เพื่อทำการตลาดและวิเคราะห์ข้อมูล (โดยไม่ระบุตัวตน)<br>สี่. เพื่อบริการสนับสนุนลูกค้า<br>6. บริษัทจะไม่เปิดเผยข้อมูลให้บุคคลที่สาม เว้นแต่:<br>หนึ่ง. กฎหมายบังคับ<br>สอง. มีคำสั่งจากหน่วยงานที่มีอำนาจ<br>สาม. เพื่อปกป้องสิทธิ์ของบริษัทหรือบุคคลอื่นในกรณีฉุกเฉิน<br>สี่. มีความจำเป็นต่อผู้รับเหมาในทางธุรกิจ<br>ห้า. ในกรณีการโอนกิจการ<br>7. หากพบว่าข้อมูลเป็นเท็จหรือละเมิดสิทธิ์ บริษัทอาจลบหรือแก้ไขข้อมูลนั้นได้<br>8. การจัดการข้อมูลส่วนบุคคลจะเป็นไปตามนโยบายความเป็นส่วนตัวของบริษัท (http://sega.jp/privacypolicy/)<br>9. สำหรับ ID บุคคลที่สาม การจัดการข้อมูลจะขึ้นอยู่กับนโยบายของบุคคลที่สามนั้น<br><br>ข้อ 8 (ID และรหัสผ่าน)<br>1. โปรดเก็บรักษา ID และรหัสผ่านของท่านเป็นความลับ ห้ามเปิดเผยหรือให้ผู้อื่นใช้<br>2. บริษัทจะไม่รับผิดชอบต่อความเสียหายใดๆ ที่เกิดจากการถูกบุคคลที่สามขโมย ID เว้นแต่เกิดจากความประมาทเลินเล่ออย่างร้ายแรงของบริษัท<br>3. การกระทำใดๆ ผ่าน ID ของท่าน ถือเป็นความรับผิดชอบของท่านแต่เพียงผู้เดียว<br>4. หากพบการใช้หลาย ID เข้าสู่ระบบพร้อมกันในลักษณะผิดปกติ บริษัทอาจระงับการให้บริการกับ ID ทั้งหมดของท่าน<br><br>ข้อ 9 (การห้ามโกงและการกระทำผิด)<br>1. ห้ามกระทำการต่อไปนี้ (เรียกว่า \""การโกง (Cheat)\""):<br>หนึ่ง. ดัดแปลงข้อมูลตัวละคร ไอเทม หรือสร้างขึ้นอย่างผิดกฎหมาย<br>สอง. ใช้วิธีการเล่นที่อยู่นอกเหนือจากที่ออกแบบมาให้ใช้ปกติ<br>สาม. ใช้โปรแกรมช่วยเล่น (มาโคร) หรือเครื่องมือที่บริษัทไม่อนุญาต<br>สี่. วิเคราะห์ ทำวิศวกรรมย้อนกลับ หรือแก้ไขตัวเกม<br>ห้า. ดัดแปลงระบบ การดำเนินเกม หรือเนื้อหาของเกมออนไลน์<br>2. ห้ามแจกจ่าย ส่งต่อ หรือสนับสนุนการใช้โปรแกรมโกงแก่ผู้อื่น<br>3. ห้ามเจาะระบบ หรือก่อกวนการทำงานของเซิร์ฟเวอร์เกม<br>4. ห้ามฉวยโอกาสจากบั๊กหรือข้อผิดพลาดของเกมเพื่อสร้างความได้เปรียบ<br>5. ห้ามดักจับ แก้ไข หรือทำวิศวกรรมย้อนกลับข้อมูลที่รับส่งระหว่างเซิร์ฟเวอร์<br>6. หากพบบั๊ก กรุณาแจ้งฝ่ายสนับสนุนของบริษัทแทนการเผยแพร่ให้ผู้เล่นอื่นทราบ<br><br>ข้อ 10 (ข้อห้ามทั่วไป)<br>ห้ามกระทำการดังต่อไปนี้ในระหว่างการใช้บริการ:<br>หนึ่ง. กระทำการผิดกฎหมาย หรือสนับสนุนให้เกิดการกระทำผิดกฎหมาย<br>สอง. ละเมิดสิทธิ์ (เช่น ชื่อเสียง ความเป็นส่วนตัว ลิขสิทธิ์) ของผู้อื่น<br>สาม. ใช้ข้อความลามกอนาจาร เหยียดหยาม คุกคาม รุนแรง หรือขัดต่อศีลธรรมอันดี<br>สี่. ใช้เกมเพื่อการค้า การหาเสียง การระดมทุน หรือการเผยแผ่ศาสนา<br>ห้า. ชักชวนเพื่อการพบปะเชิงชู้สาวหรืออนาจาร<br>หก. ส่งจดหมายลูกโซ่ หรือชักชวนให้ทำธุรกิจลูกโซ่<br>เจ็ด. กล่าวร้าย คุกคาม หรือทำให้ผู้อื่นรู้สึกไม่สบายใจ<br>แปด. แอบอ้างเป็นพนักงานของบริษัท หรือทีมงานสนับสนุน<br>เก้า. ส่งไวรัส ข้อมูลขยะ หรือการกระทำที่สร้างภาระให้กับเซิร์ฟเวอร์และรบกวนผู้อื่น<br>สิบ. ให้ข้อมูลเท็จ หรือหลอกลวงบริษัท<br>สิบเอ็ด. การกระทำใดๆ ที่ขัดขวางการดำเนินงานของเกม<br>สิบสอง. ใส่ร้ายป้ายสีบริษัทหรือบริการของบริษัท<br>สิบสาม. ซื้อขายหรือโอนข้อมูลในเกมโดยไม่ได้รับอนุญาต<br>สิบสี่. ซื้อขายไอเทมหรือข้อมูลในเกมด้วยเงินจริง (RMT - Real Money Trading)<br>สิบห้า. ละเมิดลิขสิทธิ์ของบริการนี้<br>สิบหก. ใช้ซอฟต์แวร์ PSO2 เชื่อมต่อไปยังเซิร์ฟเวอร์อื่นที่ไม่ใช่ของทางการ<br>สิบเจ็ด. ชักชวนหรือสนับสนุนให้ผู้อื่นใช้โปรแกรมโกง<br>สิบแปด. ส่งข้อความก่อกวนผู้เล่นคนอื่นซ้ำๆ (Spam)<br>สิบเก้า. ละเมิดข้อกำหนดอื่นๆ ในข้อตกลงนี้<br>ยี่สิบ. เผยแพร่ลิงก์หรือบอกวิธีการกระทำความผิดตามที่ระบุไว้ข้างต้น<br>ยี่สิบเอ็ด. การกระทำอื่นใดที่บริษัทพิจารณาว่าไม่เหมาะสม<br>ยี่สิบสอง. สนับสนุนหรือเตรียมการเพื่อกระทำการที่ขัดต่อกฎระเบียบทั้งหมดข้างต้น<br>"""
UseAgreement_Decide#1,"""ยอมรับข้อตกลง"""
UseAgreement_Cancel#1,"""ไม่ยอมรับ"""
UseAgreement_WebLink#1,"""ดูข้อตกลง"""
UseAgreementConfirm#1,"""หากคุณไม่ยอมรับข้อตกลงการใช้งาน<br>คุณจะไม่สามารถเข้าเล่นเกมได้<br><br>คุณแน่ใจหรือไม่?"""
UseAgreementURL#1,"""http://pso2.jp/players/support/rule/"""
UseAgreement_Message_break2#1,"""ข้อ 11 (ฟีเจอร์คอมมูนิตี้)<br>1. บริการข้อความ กระดานสนทนา หรือฟีเจอร์คอมมูนิตี้ต่างๆ จัดให้มีเพื่ออำนวยความสะดวกในการสื่อสารฟรี บริษัทไม่รับประกันการสื่อสาร ข้อมูลที่ท่านส่ง (อัปโหลด) อาจถูกบันทึกเป็นประวัติ (Log) บนเซิร์ฟเวอร์<br>2. ท่านอนุญาตให้บริษัททำซ้ำและเผยแพร่ข้อมูลที่อัปโหลดโดยไม่มีค่าใช้จ่าย หากท่านเสนอไอเดียหรือแผนงาน บริษัทสามารถนำไปใช้ได้โดยไม่ต้องจ่ายผลตอบแทนหรือเก็บเป็นความลับ<br>3. หากข้อมูลละเมิดข้อ 10 บริษัทสามารถลบได้โดยไม่ต้องแจ้งล่วงหน้า การลบไม่ทำให้ท่านพ้นจากความรับผิดชอบ<br><br>ข้อ 12 (ลิขสิทธิ์และทรัพย์สินทางปัญญา)<br>1. สิทธิ์ในโปรแกรม ซอฟต์แวร์ เครื่องหมายการค้า และทรัพย์สินทางปัญญาของบริการนี้เป็นของบริษัทหรือบุคคลที่สามที่มีสิทธิ์<br>2. ห้ามทำซ้ำ เผยแพร่ หรือใช้ข้อมูลใดๆ ที่ได้จากบริการนี้นอกเหนือจากการใช้งานส่วนตัวโดยไม่ได้รับอนุญาต<br><br>ข้อ 13 (การยกเว้นความรับผิดชอบและการไม่รับประกัน)<br>1. บริการนี้อาจไม่สามารถใช้งานได้ในทุกสภาพแวดล้อม บริษัทไม่รับประกันความเสถียรของการเชื่อมต่อ<br>2. ท่านควรหลีกเลี่ยงการเล่นเกมมากเกินไป บริษัทไม่รับผิดชอบต่อความเสียหายทางร่างกาย จิตใจ หรือการเงิน<br>3. บริษัทไม่รับประกันความถูกต้อง สมบูรณ์ หรือความน่าเชื่อถือของเนื้อหาและบริการ<br>4. บริษัทไม่รับผิดชอบในการกู้คืนข้อมูลของท่านที่สูญหายหรือถูกดัดแปลง<br>5. บริษัทไม่รับผิดชอบต่อปัญหาจากการติดตั้งโปรแกรม หรือความเสียหายจากบริการ ยกเว้นเกิดจากความตั้งใจหรือประมาทเลินเล่อของบริษัท<br><br>ข้อ 14 (ความรับผิดชอบส่วนบุคคล)<br>1. ข้อมูลที่ท่านเปิดเผยในเกมอาจถูกเห็นโดยบุคคลที่สาม บริษัทไม่รับผิดชอบต่อผลลัพธ์ของการเปิดเผยนั้น<br>2. หากเกิดข้อพิพาทกับผู้เล่นอื่นหรือบุคคลที่สาม ท่านต้องแก้ไขด้วยตนเองและรับผิดชอบค่าใช้จ่าย<br>3. บริษัทอาจให้การสนับสนุนในการแก้ไขปัญหาตามสมควร<br><br>ข้อ 15 (เซฟดาต้า)<br>1. ข้อมูลการเล่นของท่าน (เซฟดาต้า) อาจถูกลบหากไม่มีการล็อกอินเกิน 1 ปี หรือหากบัญชีถูกระงับตามข้อ 18<br>2. บริษัทไม่รับประกันความสมบูรณ์ในการบันทึกหรือเรียกคืนเซฟดาต้า<br>3. บริษัทอาจเปลี่ยนแปลงเซฟดาต้าของท่านโดยไม่แจ้งให้ทราบหากมีความจำเป็นเพื่อความราบรื่นของระบบ<br><br>ข้อ 16 (การเปลี่ยนแปลงบริการ)<br>บริษัทอาจเปลี่ยนแปลงเนื้อหาบริการโดยไม่แจ้งให้ทราบล่วงหน้า แต่หากส่งผลกระทบร้ายแรง จะแจ้งล่วงหน้า 60 วันบนเว็บไซต์<br><br>ข้อ 17 (การระงับบริการ)<br>1. บริษัทอาจระงับบริการชั่วคราวโดยไม่แจ้งล่วงหน้าในกรณีต่อไปนี้:<br>หนึ่ง. ระบบขัดข้องอย่างไม่คาดคิด<br>สอง. การซ่อมบำรุงเซิร์ฟเวอร์ฉุกเฉินหรือตามกำหนดการ<br>2. บริษัทไม่รับผิดชอบต่อความเสียหายที่เกิดจากการระงับหรือความล่าช้าของบริการ<br><br>ข้อ 18 (การระงับการใช้งาน)<br>1. บริษัทอาจไม่อนุญาตให้ใช้บริการหาก:<br>หนึ่ง. ข้อมูลที่ลงทะเบียนเป็นเท็จ<br>สอง. ท่านเคยละเมิดหรือกำลังละเมิดข้อตกลง<br>สาม. บริษัทพิจารณาว่าท่านไม่เหมาะสมที่จะใช้บริการ<br>2. บริษัทสามารถระงับ ID ของท่านชั่วคราวหรือถาวรโดยไม่แจ้งล่วงหน้าและไม่คืนเงินหาก:<br>หนึ่ง. ละเมิดข้อตกลง<br>สอง. ท่านล้มละลายหรือเข้าสู่กระบวนการฟื้นฟูกิจการ<br>สาม. การชำระเงินถูกยกเลิกโดยผู้ให้บริการ<br>สี่. ID ของท่านถูกผู้อื่นนำไปใช้อย่างผิดกฎหมายเนื่องจากความประมาท<br>ห้า. ไม่ล็อกอินเข้าเกมนานเกิน 1 ปี<br>หก. ขัดขวางการดำเนินงานของบริการ<br>3. หากท่านถูกระงับ ID บริษัทสามารถระงับ ID อื่นๆ ทั้งหมดที่ท่านใช้งานอยู่ได้<br>4. การระงับการใช้บริการจะส่งผลให้ถูกระงับจากบริการที่เกี่ยวข้องกันด้วย<br><br>ข้อ 19 (ความรับผิดชอบในการชดใช้ค่าเสียหาย)<br>1. ความรับผิดชอบของบริษัทจำกัดอยู่เพียงความเสียหายที่เกิดขึ้นจริงและโดยตรงเท่านั้น ไม่ครอบคลุมถึงความเสียหายพิเศษหรือการสูญเสียกำไร ยกเว้นเกิดจากความตั้งใจหรือประมาทเลินเล่อของบริษัท<br>2. หากท่านละเมิดสิทธิ์ของบริษัท บริษัทอาจเรียกร้องค่าเสียหายจากท่าน<br><br>ข้อ 20 (ห้ามการโอนสิทธิ์)<br>ห้ามโอนสิทธิ์ สถานะ หรือผลประโยชน์ในการใช้บริการให้บุคคลที่สาม หรือใช้เป็นหลักประกัน<br><br>ข้อ 21 (การสนับสนุน)<br>1. การแจ้งเตือนและการสนับสนุนทั้งหมดให้บริการเป็นภาษาญี่ปุ่นเท่านั้น<br>2. การติดต่อสอบถามต้องทำผ่านแบบฟอร์มบนเว็บไซต์ ไม่รับติดต่อทางโทรศัพท์หรือการเข้ามาติดต่อด้วยตนเอง<br>3. บริษัทจะตอบกลับตามขั้นตอน แต่อาจไม่สามารถตอบกลับรายบุคคลได้ในบางกรณี<br><br>ข้อ 22 (การยุติการให้บริการ)<br>1. บริษัทอาจยุติการให้บริการโดยแจ้งล่วงหน้า 60 วัน<br>2. การแจ้งเตือนจะมีผลเมื่อประกาศบนเว็บไซต์หรือส่งอีเมลครบ 24 ชั่วโมง<br>3. หากเกิดเหตุสุดวิสัยที่ไม่อาจหลีกเลี่ยงได้ บริษัทอาจยุติบริการและประกาศให้ทราบในภายหลัง<br>4. บริษัทจะไม่รับผิดชอบต่อความเสียหายจากการยุติการให้บริการ ยกเว้นเกิดจากความตั้งใจหรือประมาทเลินเล่อของบริษัท<br><br>ข้อ 23 (กฎหมายที่ใช้บังคับและเขตอำนาจศาล)<br>1. ข้อตกลงนี้ตีความตามภาษาญี่ปุ่นและกฎหมายของประเทศญี่ปุ่น<br>2. หากข้อกำหนดบางส่วนตกเป็นโมฆะ ข้อกำหนดที่เหลือยังคงมีผลบังคับใช้<br>3. ข้อพิพาทใดๆ ให้อยู่ในอำนาจของศาลแขวงโตเกียวหรือศาลสรุปโตเกียวเป็นศาลชั้นต้น<br><br><br>23 พฤษภาคม 2012\u3000ประกาศใช้<br>8 สิงหาคม 2012\u3000แก้ไข<br>5 มีนาคม 2014\u3000แก้ไข<br>20 เมษายน 2016\u3000แก้ไข<br>21 กุมภาพันธ์ 2018\u3000แก้ไข<br>12 กันยายน 2018\u3000แก้ไข<br>1 เมษายน 2020\u3000แก้ไข<br>"""
LoginIdSelect_Sega#0,"""เริ่มเกม"""
LoginVita#0,"""เริ่มเกม"""
LoginIdSelect_UserInfo#0,"""เปลี่ยนข้อมูลผู้ใช้"""
LoginIdSelect_UserInfo_v#0,"""เปลี่ยนข้อมูลผู้ใช้ (เว็บ)"""
LoginIdSelect_AR#0,"""รูปพอร์ตเทรตตัวละคร"""
LoginIdSelect_CharaCreate#0,"""สร้างตัวละครออฟไลน์"""
LoginIdSelect_Credit#0,"""เครดิต"""
LoginIdSelect_GameEnd#0,"""ออกจากเกม"""
LoginIdSelect_OnlineManual#0,"""คู่มือออนไลน์"""
LoginIdSelect_ReturnTitle#0,"""กลับสู่หน้าไตเติล"""
LoginIdSelect_LinkSegaId#0,"""เชื่อมโยง SEGA ID"""
LoginIdSelect_SegaId_Link#0,"""ย้ายข้อมูลไปยัง SEGA ID"""
Title#0,"""เมนูล็อกอิน"""
TitleVita#0,"""เมนูไตเติล"""
UserInfoURL#0,"""https://USER-INFO-CHANGE-URL"""
UserInfoURLVita#0,"""https://USER-INFO-CHANGE-URL"""
FirstPlay_Message#0,"""ยินดีต้อนรับสู่ Phantasy Star Online 2!<br><br>ในเกมนี้ คุณจะต้องเลือกเซิร์ฟเวอร์ที่เรียกว่า <green>\""Ship\""<c> และลงทะเบียนตัวละครของคุณ<br><br><yellow>■สำหรับผู้เล่นใหม่:<c><br>กรุณาเลือก \""เริ่มเกมเป็นครั้งแรก\""<br><br><yellow>■สำหรับผู้ที่เคยเล่นแล้ว:<c><br>กรุณาเลือก Ship ที่คุณเล่นอยู่"""
FirstPlay_Message_Close#0,"""ปิด"""
IssueUserIdName_Message#0,"""ชื่อ Player ID ของคุณ:<br>\u3000\u3000<yellow>$(0)<c><br><br>ชื่อ Player ID คือชื่อเฉพาะที่กำหนดให้<br>ผู้เล่นแต่ละคน ซึ่งใช้สำหรับการสื่อสาร<br><br>ชื่อนี้สามารถเปลี่ยนเป็น <yellow>อะไรก็ได้ที่คุณต้องการ<c> หลังจากเริ่มเกม (เปลี่ยนครั้งแรกฟรี)<br><br>หากคุณต้องการเปลี่ยนชื่อ Player ID<br>ให้เลือก Ship ของคุณ จากนั้นในเมนูเริ่มต้น<br>เลือกเมนูสนับสนุน (Support Menu) แล้วเลือก \""เปลี่ยนชื่อ<br>Player ID\"""
Recommand_Message#0,"""ในเกมนี้ คุณจะต้องเลือกหนึ่งในเซิร์ฟเวอร์ด้านล่างที่เรียกว่า <green>Ship<c> และสร้างตัวละคร ตัวละครที่สร้างใน Ship ที่เลือกจะสามารถเล่นได้เฉพาะใน Ship นั้นเท่านั้น<br><br>หากนี่เป็นครั้งแรกที่คุณเล่น คุณสามารถลองเล่นใน <green>Ship \""$(0)\""<c> หรือเลือก Ship อื่นด้วยตัวเอง<br><br><red>ตัวละครที่สร้างใน Ship ต่างกันจะไม่สามารถสื่อสารหรือเจอกันได้ การย้าย Ship จะต้องใช้ ARKS Cash (AC)<c>"""
Recommand_Title_Vita#0,"""ยินดีต้อนรับสู่ Phantasy Star Online 2!"""
Recommand_Message_Vita#0,"""ในเกมนี้ คุณจะต้องเลือกหนึ่งในเซิร์ฟเวอร์ด้านล่างที่เรียกว่า <green>Ship<c> และสร้างตัวละคร ตัวละครที่สร้างใน Ship ที่เลือกจะสามารถเล่นได้เฉพาะใน Ship นั้นเท่านั้น<br><br>หากนี่เป็นครั้งแรกที่คุณเล่น คุณสามารถลองเล่นใน <green>Ship \""$(0)\""<c> หรือเลือก Ship อื่นด้วยตัวเอง<br><br><yellow>หากคุณถูกเพื่อนชวนมาเล่น ให้เลือก Ship ที่เพื่อนของคุณเล่นอยู่แทน<c><br><br><red>ตัวละครที่สร้างใน Ship ต่างกันจะไม่สามารถสื่อสารหรือเจอกันได้ การย้าย Ship จะต้องใช้ ARKS Cash (AC)<c>"""
Recommand_Start#0,"""เริ่มเกม"""
Recommand_Back#0,"""กลับ"""
LoginCloud#0,"""เริ่มเกม"""
LoginIdSelect_es#0,"""การเชื่อมโยงตัวละคร [PSO2es]"""
LoginIdSelect_es_Title#0,"""เชื่อมโยงตัวละคร [PSO2es] ของคุณ"""
LoginIdSelect_es_Message#0,"""ในการเล่น [PSO2: NGS] หรือ [PSO2] ด้วยตัวละคร [PSO2es] ของคุณ คุณต้องดำเนินการเชื่อมโยงให้เสร็จสิ้นก่อน<br><br>จากหน้าจอล็อบบี้ของ [PSO2es]<br>ให้เลือกเมนู [เชื่อมโยง] (連動) จากนั้นเลือก [เชื่อมโยงตัวละคร]<br>ทำตามคำแนะนำแล้วล็อกอินเข้าสู่ [PSO2: NGS] หรือ [PSO2] หลังจากเชื่อมโยงเกมเสร็จสิ้น<br><br><&URL pso2.jp_es_players_guide_beginners>"""
SegaID_URL#0,"""https://pso2.jp/ref/ngs001/"""
LoginIdSelect_LanguageSetting#0,"""-"""
Language_selectionTitle#0,"""-"""
Language_selectionMessage#0,"""-"""
Language_selectionVoice#0,"""-"""
Language_selectionText#0,"""-"""
Language_Used#0,"""-"""
Language_English#0,"""-"""
Language_Japanese#0,"""-"""
Language_ButtonText#0,"""-"""
VitaEndTitle#0,"""ประกาศสำหรับผู้เล่น PS Vita"""
VitaEndText#0,"""การสนับสนุน Phantasy Star Online 2 สำหรับเครื่อง PS Vita<br>ได้สิ้นสุดลงแล้วเมื่อวันที่ 16 กันยายน 2020 (วันพุธ)<br><br>เราขอแสดงความขอบคุณอย่างจริงใจ<br>ต่อผู้เล่นทุกท่านที่ใช้บริการผ่านเครื่อง PS Vita<br>มาอย่างยาวนาน<br><br>หากต้องการทราบวิธีเล่นต่อบนแพลตฟอร์มอื่น<br>กรุณาตรวจสอบรายละเอียดที่ลิงก์ด้านล่างนี้<br>\u3000<&URL pso2.jp_players_news_25893_>"""
LoginIdSelect_window_size#0,"""ตั้งค่าขนาดหน้าต่าง/ฟอนต์"""
LoginIdSelect_window_size_Title#0,"""ตั้งค่าขนาดหน้าต่าง/ฟอนต์"""
LoginIdSelect_window_size_Message#0,"""ตั้งค่าขนาดหน้าต่างและข้อความในเกม<br>※มีผลเฉพาะในบล็อกของ PSO2:NGS เท่านั้น<br><br><soft_yellow>※การเลือกขนาดใหญ่อาจทำให้บางหน้าต่างซ้อนทับกับหน้าต่างอื่นได้<c>"""
LoginIdSelect_window_size_normal#0,"""ปกติ"""
LoginIdSelect_window_size__large#0,"""ใหญ่"""
Window_size_ngs#0,"""การตั้งค่า [PSO2: NGS]"""
Window_size_pso2#0,"""การตั้งค่า [PSO2]"""
WindowInitCheck_Title#0,"""ยืนยันการเปลี่ยนขนาด"""
WindowInitCheck_Text#0,"""การเปลี่ยนขนาดหน้าต่างและข้อความจะรีเซ็ตตำแหน่งของหน้าต่างทั้งหมดกลับเป็นค่าเริ่มต้น<br>คุณแน่ใจหรือไม่ว่าต้องการดำเนินการต่อ?"""
LoginIdSelect_Psonly#0,"""ตั้งค่า Cross-play"""
Psonly_Title#0,"""ตั้งค่า Cross-play"""
Psonly_Message_Enable#0,"""การตั้งค่าปัจจุบันคือ 【เปิดใช้งาน】<br><br>เมื่อ 【เปิดใช้งาน】 คุณจะสามารถสื่อสารกับ<br>ผู้เล่นบนทุกแพลตฟอร์มได้<br><br>เมื่อ 【ปิดใช้งาน】 คุณจะสามารถสื่อสารกับ<br>ผู้เล่น PlayStation® ได้เท่านั้น และจะไม่สามารถ<br>ใช้คอนเทนต์ต่อไปนี้ได้:<br><br>・อีเมล, Good Job, ARKS Card,<br>\u3000คำขอ Craft, My Shop, ระบบ Team,<br>\u3000Lookbook, รายชื่อเพื่อน, แชทกลุ่ม,<br>\u3000ประวัติการสื่อสาร,<br>\u3000My Room, Team Room, Battle Arena<br><br>เมื่อ 【ปิดใช้งาน】 จะสามารถเข้าถึง Creative Space ที่<br>สร้างขึ้นในสถานะ Cross-play 【ปิดใช้งาน】 ได้เท่านั้น<br>นอกจากนี้ หากคุณสร้าง Creative Space ไว้ในสถานะ 【เปิดใช้งาน】<br>การเปลี่ยน Cross-play เป็น 【ปิดใช้งาน】 จะทำให้<br>คุณไม่สามารถเข้าถึง Space ของตัวเองได้"""
Psonly_Message_Disable#0,"""การตั้งค่าปัจจุบันคือ 【ปิดใช้งาน】<br><br>เมื่อ 【เปิดใช้งาน】 คุณจะสามารถสื่อสารกับ<br>ผู้เล่นบนทุกแพลตฟอร์มได้<br><br>เมื่อ 【ปิดใช้งาน】 คุณจะสามารถสื่อสารกับ<br>ผู้เล่น PlayStation® ได้เท่านั้น และจะไม่สามารถ<br>ใช้คอนเทนต์ต่อไปนี้ได้:<br><br>・อีเมล, Good Job, ARKS Card,<br>\u3000คำขอ Craft, My Shop, ระบบ Team,<br>\u3000Lookbook, รายชื่อเพื่อน, แชทกลุ่ม,<br>\u3000ประวัติการสื่อสาร,<br>\u3000My Room, Team Room, Battle Arena<br><br>เมื่อ 【ปิดใช้งาน】 จะสามารถเข้าถึง Creative Space ที่<br>สร้างขึ้นในสถานะ Cross-play 【ปิดใช้งาน】 ได้เท่านั้น<br>นอกจากนี้ หากคุณสร้าง Creative Space ไว้ในสถานะ 【เปิดใช้งาน】<br>การเปลี่ยน Cross-play เป็น 【ปิดใช้งาน】 จะทำให้<br>คุณไม่สามารถเข้าถึง Space ของตัวเองได้"""
Psonly_Button_Enable#0,"""เปิดใช้งาน"""
Psonly_Button_Disable#0,"""ปิดใช้งาน"""
Psonly_Toast_Enable#0,"""เปิดใช้งานการตั้งค่า Cross-play แล้ว"""
Psonly_Toast_Disable#0,"""ปิดใช้งานการตั้งค่า Cross-play แล้ว"""
Resolution_Menu#0,"""การตั้งค่าความละเอียดสูง"""
Resolution_Title#0,"""การตั้งค่าความละเอียดสูง"""
Resolution_Message_Enable#0,"""การตั้งค่าปัจจุบันคือ 【เปิดใช้งาน】<br><br>เมื่อใช้งานหน้าจอที่รองรับ 4K<br>ระบบจะให้ความสำคัญกับความละเอียดสูงมากกว่าความเร็วในการประมวลผล<br>เพื่อแลกกับการเรนเดอร์ในความละเอียดสูง<br>เฟรมเรตจะลดลงเล็กน้อย<br><br>เมื่อเปลี่ยนความละเอียดแล้ว<br>ขนาดหน้าต่างและฟอนต์จะ<br>ถูกล็อกไว้ที่ขนาดใหญ่และไม่สามารถเปลี่ยนได้<br><br><yellow>※หากเปลี่ยนการตั้งค่า ระบบจะกลับไปที่หน้าไตเติล<br><br>※การตั้งค่านี้มีไว้สำหรับ PlayStation®4 Pro เท่านั้น<c>"""
Resolution_Message_Enable_Pro#0,"""การตั้งค่าปัจจุบันคือ 【เปิดใช้งาน】<br><br>เมื่อใช้งานหน้าจอที่รองรับ 4K<br>ระบบจะให้ความสำคัญกับความละเอียดสูงมากกว่าความเร็วในการประมวลผล<br>เพื่อแลกกับการเรนเดอร์ในความละเอียดสูง<br>เฟรมเรตจะลดลงเล็กน้อย<br><br>เมื่อเปลี่ยนความละเอียดแล้ว<br>ขนาดหน้าต่างและฟอนต์จะ<br>ถูกล็อกไว้ที่ขนาดใหญ่และไม่สามารถเปลี่ยนได้<br><br><yellow>※หากเปลี่ยนการตั้งค่า ระบบจะกลับไปที่หน้าไตเติล<br><br>※การตั้งค่านี้มีไว้สำหรับ PlayStation®4 Pro เท่านั้น<c>"""
Resolution_Message_Disable#0,"""การตั้งค่าปัจจุบันคือ 【ปิดใช้งาน】<br><br>แม้จะใช้งานหน้าจอที่รองรับ 4K<br>ระบบจะให้ความสำคัญกับความเร็วในการประมวลผล (เฟรมเรต)<br>และจะไม่เรนเดอร์ภาพในความละเอียดสูง<br><br>เมื่อเปลี่ยนความละเอียดแล้ว<br>ขนาดหน้าต่างและฟอนต์จะ<br>ถูกล็อกไว้ที่ขนาดใหญ่และไม่สามารถเปลี่ยนได้<br><br><yellow>※หากเปลี่ยนการตั้งค่า ระบบจะกลับไปที่หน้าไตเติล<br><br>※การตั้งค่านี้มีไว้สำหรับ PlayStation®4 Pro เท่านั้น<c>"""
Resolution_Message_Disable_Pro#0,"""การตั้งค่าปัจจุบันคือ 【ปิดใช้งาน】<br><br>แม้จะใช้งานหน้าจอที่รองรับ 4K<br>ระบบจะให้ความสำคัญกับความเร็วในการประมวลผล (เฟรมเรต)<br>และจะไม่เรนเดอร์ภาพในความละเอียดสูง<br><br>เมื่อเปลี่ยนความละเอียดแล้ว<br>ขนาดหน้าต่างและฟอนต์จะ<br>ถูกล็อกไว้ที่ขนาดใหญ่และไม่สามารถเปลี่ยนได้<br><br><yellow>※หากเปลี่ยนการตั้งค่า ระบบจะกลับไปที่หน้าไตเติล<br><br>※การตั้งค่านี้มีไว้สำหรับ PlayStation®4 Pro เท่านั้น<c>"""
Resolution_Button_Enable#0,"""เปิดใช้งาน"""
Resolution_Button_Disable#0,"""ปิดใช้งาน"""
Resolution_Toast_Enable#0,"""ปรับการตั้งค่าความละเอียดสูงเป็น 【เปิดใช้งาน】 แล้ว"""
Resolution_Toast_Disable#0,"""ปรับการตั้งค่าความละเอียดสูงเป็น 【ปิดใช้งาน】 แล้ว"""
LoginIdSelect_Sega#1,"""ล็อกอินเข้าสู่เกม"""
LoginIdSelect_UserInfo#1,"""เปลี่ยนข้อมูลผู้ใช้"""
LoginIdSelect_Credit#1,"""เล่นเครดิต"""
LoginIdSelect_GameEnd#1,"""ออกจากเกม"""
LoginIdSelect_LinkSegaId#1,"""เชื่อมโยง SEGA ID"""
LoginIdSelect_SegaId_Link#1,"""ย้ายข้อมูลไปยัง SEGA ID"""
LoginVita#1,"""ล็อกอินและเริ่มเล่น"""
LoginCloud#1,"""ล็อกอินเข้าสู่เกม"""
LoginIdSelect_es#1,"""วิธีเชื่อมโยงตัวละคร [PSO2es]"""
LoginIdSelect_LanguageSetting#1,"""เลือกภาษาที่ใช้ในเกม"""
LoginIdSelect_window_size_Title#1,"""ตั้งค่าขนาดหน้าต่างและข้อความในเกม"""
LoginIdSelect_Psonly#1,"""ตั้งค่าการสื่อสารกับผู้เล่นบนแพลตฟอร์มอื่น"""
Resolution_Hint#0,"""ตั้งค่าว่าจะให้ความสำคัญกับความละเอียดสูง<br>แทนความเร็วในการประมวลผล<br>เมื่อใช้งานหน้าจอที่รองรับ 4K หรือไม่"""
ShipStatus_0#0,"""ไม่ทราบข้อมูล"""
ShipStatus_1#0,"""ปกติ"""
ShipStatus_2#0,"""หนาแน่น"""
ShipStatus_3#0,"""เต็ม"""
ShipStatus_4#0,"""ออฟไลน์"""
ShipStatus#0,"""สถานะ"""
CharaMax#0,"""ระบบสร้างตัวละครใน Ship นี้<br>ถูกระงับชั่วคราว<br>เนื่องจากเซิร์ฟเวอร์เต็ม"""
TitleEpochLag#0,"""ประกาศ"""
NotifyEpochLag#0,"""การตั้งค่าเวลาในอุปกรณ์ของคุณ<br>คลาดเคลื่อนจากวันและเวลาปัจจุบันมาก<br><br>อาจส่งผลกระทบต่อระบบการทำงาน<br>และการแสดงผลบางส่วนภายในเกม<br><br>ขอแนะนำให้คุณตั้งค่าเวลาให้ถูกต้อง<br>จากนั้นทำการรีสตาร์ทเกมใหม่อีกครั้ง<br><br>[No.2305]"""
FormName#0,"""ป้อนรหัสยืนยัน (Authentication Key)"""
Message#0,"""คุณต้องป้อน [รหัสยืนยันอีเมล]<br>เพื่อเข้าเล่นเกม กรุณาป้อน [รหัสยืนยันอีเมล]<br>ที่ถูกส่งไปยังที่อยู่อีเมล<br>ที่ลงทะเบียนไว้กับ SEGA ID ของคุณ"""
Send#0,"""ยืนยัน"""
Reload#0,"""ส่งรหัสยืนยันอีกครั้ง"""
Cancel#0,"""กลับ"""
Error#0,"""รหัสยืนยันถูกส่งไปยัง<br>อีเมลที่ใช้ในการ<br>ลงทะเบียน SEGA ID นี้แล้ว"""
MessageVitaLink#0,"""เพื่อเริ่มการเชื่อมโยง SEGA ID ของคุณ<br>ระบบจะส่งรหัสยืนยันไปทางอีเมล"""
UnreceivedSOS#0,"""คลิกที่นี่หากคุณไม่ได้รับอีเมล"""
FormName#1,"""การยืนยันตัวตนด้วย One-Time Password"""
Notice#0,"""กรุณาป้อน One-Time Password (OTP) ของคุณ<br><br>One-Time Password จะสามารถใช้งานได้<br>ภายใน <yellow>ประมาณ 1 นาที<c> หลังจากที่ถูกสร้างขึ้น<br>หากหมดเวลา กรุณาเลือก<br>\""ออกรหัสใหม่ (Re-issue)\""<br><br>นอกจากนี้ หากป้อนรหัสผ่านผิด <red>6 ครั้ง<c><br>บัญชีของคุณจะถูกล็อก<br>สำหรับข้อมูลเพิ่มเติมเกี่ยวกับการปลดล็อกบัญชี<br>กรุณาตรวจสอบที่เว็บไซต์ของผู้เล่น"""
Send#1,"""ยืนยัน"""
Cancel#1,"""กลับ"""
WebLinkButton#0,"""คลิกที่นี่หากคุณพบปัญหาในการยืนยันตัวตน"""
FormName#2,"""การตั้งชื่อ Player ID"""
Notice#1,"""ชื่อ Player ID ใช้ในเกม<br>Phantasy Star Online 2<br>เพื่อระบุตัวตนของผู้เล่นแต่ละคน<br><br>ชื่อของคุณจะ<br><yellow>ถูกแสดงให้ผู้เล่นคนอื่นเห็น<c><br><br>ชื่อ Player ID ของคุณต้องไม่ซ้ำกับใคร<br><br><yellow>คุณสามารถใช้ตัวอักษรได้ทั้งแบบ 1-byte และ 2-byte<c>"""
Change_FormName#0,"""การเปลี่ยนชื่อ Player ID"""
Change_Notice#0,"""นี่คือการเปลี่ยนชื่อ Player ID ของคุณ<br><br>ชื่อ Player ID ที่คุณตั้ง <yellow>จะถูกแสดงให้ผู้เล่นคนอื่นเห็น<c>.<c><br><br>โปรดทราบว่าคุณไม่สามารถใช้ชื่อ Player ID ที่มีผู้เล่นอื่นใช้อยู่แล้วได้<br><br><yellow>・หลังจากเปลี่ยนชื่อ Player ID แล้ว คุณจะไม่สามารถเปลี่ยนชื่อได้อีกจนกว่าจะครบ 30 วัน<c>"""
Send#2,"""ยืนยัน"""
Cancel#2,"""กลับ"""
Error1#0,"""อาจมีสัญลักษณ์ที่ไม่อนุญาตให้ใช้<br>หรือมีช่องว่างหรือสัญลักษณ์<br>อยู่ด้านหน้าหรือด้านหลังของชื่อ"""
Error2#0,"""Player ID มีคำหรือวลี<br>ที่ไม่สามารถใช้ได้"""
Error3#0,"""เกิดข้อผิดพลาดระหว่าง<br>การตั้งชื่อ Player ID:<br>Player ID ของคุณต้องไม่ตรงกับชื่อบัญชีล็อกอิน<br>กรุณาเลือกชื่ออื่น<br>รหัสข้อผิดพลาด [2300]"""
Error4#0,"""Player ID นี้<br>มีผู้เล่นอื่นใช้งานอยู่แล้ว"""
NameError_Unchanged#0,"""ยกเลิกกระบวนการเนื่องจากไม่มีการเปลี่ยนแปลงชื่อ Player ID"""
MobileError1#0,"""ตัวละครที่สร้างจาก <yellow>[Phantasy Star Online 2 es]<c> ยังไม่ได้<br>ทำการเชื่อมโยง จึงไม่สามารถใช้เล่นได้<br><br><yellow>กรุณากลับไปยัง [Phantasy Star Online 2 es]<br>และทำการเชื่อมโยงตัวละครให้เสร็จสิ้น คุณจะสามารถ<br>เข้าเล่นได้เมื่อดำเนินการเสร็จเรียบร้อย<c><br><br>สำหรับรายละเอียดเพิ่มเติม กรุณาดูที่คู่มือออนไลน์ของ<br>[PSO2es] การคลิกที่ลิงก์ด้านล่างจะ<br>เป็นการเปิดหน้าเว็บเพจ<br><&URL pso2es_players_linkage>"""
MobileError1_v#0,"""ตัวละครที่สร้างจาก <yellow>[Phantasy Star Online 2 es]<c> ยังไม่ได้<br>ทำการเชื่อมโยง จึงไม่สามารถใช้เล่นได้<br><br><yellow>กรุณากลับไปยัง [Phantasy Star Online 2 es]<br>และทำการเชื่อมโยงตัวละครให้เสร็จสิ้น คุณจะสามารถ<br>เข้าเล่นได้เมื่อดำเนินการเสร็จเรียบร้อย<c>"""
MobileMessage1#0,"""<yellow>เชื่อมโยงตัวละครจาก [Phantasy Star Online 2 es] สำเร็จแล้ว"""
FormName#3,"""ยืนยันชื่อ Player ID"""
Notice#2,"""ต้องการลงทะเบียนด้วยชื่อ Player ID นี้หรือไม่?<br><br><yellow>※หากคุณต้องการเปลี่ยน ID<br>ในภายหลัง คุณจะต้องใช้ AC<c>"""
Back#0,"""กลับ"""
Back_Help#0,"""กลับไปยังหน้าจอตั้งชื่อผู้เล่น"""
Send#3,"""ลงทะเบียน"""
Send_Help#0,"""เริ่มการเชื่อมต่อไปยังเซิร์ฟเวอร์"""
Notice_Change#0,"""จะทำการลงทะเบียนใหม่ด้วยชื่อ Player ID ด้านล่างนี้<br>ยืนยันหรือไม่?"""
Success_Change#0,"""เปลี่ยนชื่อ Player ID สำเร็จแล้ว"""
Failure_Change#0,"""เปลี่ยนชื่อ Player ID ไม่สำเร็จ"""
ErrorNoTicket#0,"""ไม่สามารถเปลี่ยนชื่อได้<br>เนื่องจากคุณไม่มีสิทธิ์ในการเปลี่ยนชื่อ Player ID"""
ErrorName#0,"""ไม่สามารถใช้ชื่อ Player ID นี้ได้<br>กรุณาป้อนชื่ออื่น"""
ErrorDone#0,"""ไม่สามารถเปลี่ยนชื่อได้<br>เนื่องจากระบบการเปลี่ยนชื่อ Player ID ถูกระงับอยู่"""
ErrorUnchanged#0,"""ยกเลิกกระบวนการแล้ว<br>เนื่องจากไม่มีการเปลี่ยนแปลงชื่อ Player ID"""
ErrorOther#0,"""ไม่สามารถเปลี่ยนชื่อได้<br>เนื่องจากเกิดข้อผิดพลาดของระบบ"""
ErrorTime#0,"""ไม่สามารถเปลี่ยนชื่อ Player ID ได้<br>เนื่องจากยังไม่ผ่านไป 30 วัน<br>นับจากการเปลี่ยนชื่อครั้งล่าสุด"""
Title#1,"""ล็อกอิน"""
TitleAndShip#0,"""ล็อกอิน\u3000($(0))"""
TitleFacebook#0,"""ล็อกอินด้วย Facebook"""
Button_Ok#0,"""ล็อกอิน"""
Button_Cancel#0,"""กลับ"""
Button_Facebook#0,"""ล็อกอินด้วย Facebook ID"""
Caption_IdName#0,"""SEGA ID"""
Caption_PassWord#0,"""รหัสผ่าน"""
Check_SaveAccount#0,"""บันทึกชื่อบัญชี"""
Check_SavePassWord#0,"""บันทึกรหัสผ่าน"""
ID_Help_Vita#0,"""ขั้นตอนนี้จะเชื่อมบัญชี PlayStation Network ของคุณเข้ากับ SEGA ID กรุณาป้อน SEGA ID และรหัสผ่านของคุณ"""
ID_Success_Title#0,"""เสร็จสิ้น"""
ID_Success_Text#0,"""การเชื่อมโยงระหว่างบัญชี PlayStation Network<br>และ SEGA ID ของคุณเสร็จสิ้นแล้ว"""
ID_Help_Vita_EasyLogin#0,"""<yellow>ฟีเจอร์ Easy Login ไม่สามารถใช้กับ \""PS Vita\"" ได้<c><br><br>เมื่อป้อน SEGA ID ที่ไม่เคยถูก<br>เชื่อมโยงกับบัญชี \""PlayStation Network\"" ของคุณ<br>คุณจะสามารถยกเลิกฟีเจอร์ \""Easy Login\"" ได้<br><br>※ทั้ง \""PS Vita\"" และ \""PS4\"" ใช้ระบบบัญชีเดียวกัน"""
Button_SegaID#0,"""สมัคร SEGA ID"""
Description_Switch#0,"""กด <pict Switch_Y> เพื่อ <yellow>ลบตัวละคร<c>"""
Button_EasyLogin#0,"""Easy Login"""
Button_EasyLogin2#0,"""<yellow>Easy Login<c>"""
Button_EasyLoginSega#0,"""ผูก Easy Login กับ SEGA ID"""
Button_EasyLoginSega2#0,"""ผูก Easy Login กับ SEGA ID"""
Button_EasyLoginData#0,"""ผูกกับ SEGA ID"""
Button_Next#0,"""ถัดไป"""
Button_Login_Vita#0,"""ผูกบัญชีและล็อกอิน"""
EasyLogin_Info#0,"""กดปุ่ม <yellow>Easy Login<c> เพื่อ<br>เข้าเล่นทันทีโดยไม่ต้องสร้าง<br>SEGA ID (คุณสามารถผูก<br>บัญชีกับ SEGA ID ได้ในภายหลัง)"""
SegaID#0,"""ผูก SEGA ID"""
EasyLogin_SegaHelp#0,"""ผูกบัญชี Easy Login กับ SEGA ID<br>ความคืบหน้าทั้งหมดจะถูกโอนย้ายไป<br>กรุณาป้อน SEGA ID และรหัสผ่าน<br><br>※กรุณาใช้ SEGA ID ที่<br>ไม่เคยเล่น [PSO2] มาก่อน"""
Confirm_Title#0,"""การผูกกับ SEGA ID"""
Confirm_Message#0,"""เมื่อผูกกับ SEGA ID คุณจะสามารถ:<br>\u3000- ซื้อ ARKS Cash (AC)<br>\u3000- ตั้งค่า 2FA และบริการอื่นๆ ได้<br><br>※ความคืบหน้าที่เล่นผ่าน Easy Login<br>จะถูกโอนย้ายไปยัง SEGA ID ของคุณ<br>※หลังจากผูกบัญชีแล้ว คุณจะต้อง<br>ล็อกอินด้วย SEGA ID และรหัสผ่านของคุณแทน"""
EasyLogin_Message_Vita#0,"""ขั้นตอนนี้จะผูกบัญชี \""PlayStation Network\""<br>ของคุณกับ SEGA ID กรุณาป้อน<br>SEGA ID ที่คุณต้องการผูกบัญชีนี้ด้วย<br><br><yellow>※ขั้นตอนนี้จะเป็นการผูกบัญชี<br>ของคุณเข้ากับบัญชี PSN อย่างถาวร<br>และไม่สามารถยกเลิกได้ โปรดตรวจสอบให้แน่ใจว่า<br>คุณป้อนรายละเอียดบัญชีถูกต้อง<br>ก่อนที่จะดำเนินการต่อ<c>"""
EasyLogin_Message_PS4#0,"""ขั้นตอนนี้จะผูกบัญชี \""PlayStation Network\""<br>ของคุณกับ SEGA ID กรุณาป้อน<br>SEGA ID ที่คุณต้องการผูกบัญชีนี้ด้วย<br><br><yellow>※ขั้นตอนนี้จะเป็นการผูกบัญชี<br>ของคุณเข้ากับบัญชี PSN อย่างถาวร<br>และไม่สามารถยกเลิกได้ โปรดตรวจสอบให้แน่ใจว่า<br>คุณป้อนรายละเอียดบัญชีถูกต้อง<br>ก่อนที่จะดำเนินการต่อ<c>"""
Button_VeryEasyLogin_Easy#0,"""<yellow>Easy Login<c>"""
Button_VeryEasyLogin_Normal#0,"""ล็อกอินด้วย SEGA ID"""
OpenId_LinkSegaId_MessageTitle#0,"""ข้อความ"""
OpenId_LinkSegaId_MessageLinked#0,"""มีการเชื่อมโยง SEGA ID ไปแล้ว"""
OpenId_LinkSegaId_ConfirmSegaIdTitle#0,"""ยืนยัน SEGA ID"""
OpenId_LinkSegaId_ConfirmSegaIdText#0,"""เมื่อเชื่อมโยงกับ SEGA ID<br>\u3000・สามารถเล่นเกมข้ามแพลตฟอร์มได้<br>\u3000・สามารถใช้งาน One-Time Password ได้<br>รวมถึงสามารถใช้บริการอื่นๆ ที่สะดวกสบายได้<br><br>※หลังจากเชื่อมโยงแล้ว จะสามารถล็อกอินด้วย<br>\u3000\u3000ID บริการภายนอกหรือ SEGA ID ก็ได้ตามต้องการ"""
OpenId_LinkSegaId_FormTitle#0,"""เชื่อมโยง SEGA ID"""
OpenId_LinkSegaId_FormText#0,"""เชื่อมโยง ID บริการภายนอกที่ใช้ล็อกอิน<br>เข้ากับ SEGA ID<br>กรุณาป้อน SEGA ID ที่สมัครไว้และรหัสผ่าน<br><br>※กรุณาป้อน SEGA ID<br>\u3000\u3000ที่ไม่เคยใช้เล่น 『PSO2』 มาก่อน"""
Button_Link#0,"""เชื่อมโยง"""
OpenId_LinkSegaId_Complete#0,"""เสร็จสิ้นการเชื่อมโยงกับ SEGA ID แล้ว"""
SegaId_Link_FormTitle#0,"""ย้ายข้อมูลไปยัง SEGA ID"""
SegaId_Link_WebLink#0,"""วิธีเล่นด้วย SEGA ID"""
SegaId_Link_Message#0,"""ย้ายข้อมูลการเล่นของ Hange ID ไปยัง SEGA ID<br><br>หลังจากย้ายข้อมูล คุณจำเป็นต้องติดตั้งไคลเอนต์อื่น<br>กรุณาตรวจสอบข้อควรระวังและรายละเอียดเกี่ยวกับการย้ายข้อมูล<br>ได้ที่ \""วิธีเล่นด้วย SEGA ID\""<br><br><yellow>※หลังจากย้ายไป SEGA ID จะไม่สามารถเล่นด้วย Hange ID<br>\u3000หรือซื้อ \""AC\"" ด้วย Hange Coin ได้อีก<c>"""
SegaId_Link_FormTitle2#0,"""ย้ายไป SEGA ID"""
SegaId_Link_Message2#0,"""ย้ายข้อมูลการเล่นของ Hange ID ไปยัง SEGA ID<br>กรุณาป้อน SEGA ID ที่สมัครไว้และรหัสผ่าน<br>※กรุณาป้อน SEGA ID<br>\u3000\u3000ที่ไม่เคยใช้เล่น 『PSO2』 มาก่อน<br><yellow>※หลังจากย้ายไป SEGA ID จะไม่สามารถซื้อ \""AC\"" ด้วย<br>\u3000\u3000Hange Coin ได้อีก ขอแนะนำให้คุณ<br>\u3000\u3000ตรวจสอบยอดคงเหลือของ Hange Coin ก่อนดำเนินการ<c>"""
SegaId_Link_Ok#0,"""ย้ายข้อมูล"""
SegaId_Link_FormTitle3#0,"""ยืนยันการย้ายข้อมูล"""
SegaId_Link_Message3#0,"""นี่คือหน้าจอยืนยันขั้นตอนสุดท้ายสำหรับการย้าย<br>ข้อมูลการเล่นของ Hange ID ไปยัง SEGA ID<br>คุณต้องการดำเนินการย้ายข้อมูลหรือไม่?<br><br>※หลังจากย้ายไป SEGA ID จะไม่สามารถเล่นด้วย Hange ID<br>\u3000หรือซื้อ \""AC\"" ด้วย Hange Coin ได้อีก<br>\u3000ขอแนะนำให้ <yellow>ตรวจสอบยอดคงเหลือของ Hange Coin<c> ก่อน<br><br><yellow>หากต้องการดำเนินการย้ายข้อมูลไป SEGA ID<br>\u3000ให้กดปุ่ม [Ctrl] บนคีย์บอร์ดค้างไว้<br>\u3000แล้วคลิกที่ปุ่ม \""ใช่\""<c>"""
SegaId_Link_FormTitle4#0,"""ย้ายข้อมูลเสร็จสิ้น"""
SegaId_Link_Message4#0,"""การย้ายข้อมูลการเล่นไปยัง SEGA ID เสร็จสิ้นแล้ว<br>กำลังปิดไคลเอนต์เวอร์ชัน Hange<br><br>ในการเล่นด้วย SEGA ID กรุณาทำตามคำแนะนำในหน้าเว็บด้านล่าง<br>เพื่อ <yellow>ติดตั้งไคลเอนต์ใหม่<c><br><&URL pso2_players_hange><br><yellow>※หากคุณเปิดไคลเอนต์เวอร์ชัน Hange อีกครั้งในภายหลัง<br>\u3000ระบบจะเริ่มเกมเป็นบัญชีใหม่<c><br>"""
SegaId_Link_Title#0,"""ย้ายไป SEGA ID"""
SegaId_Link_Title_Message#0,"""คุณสามารถย้ายข้อมูลการเล่นจาก Hange ID ไปยัง SEGA ID ได้<br>ต้องการเริ่มการย้ายข้อมูลการเล่นเลยหรือไม่?"""
Title#2,"""คำเชิญจากเพื่อน"""
Message#1,"""หากคุณได้รับคำเชิญจากเพื่อน กรุณาป้อน Player ID ของเพื่อนคุณ เมื่อตัวละครของคุณเติบโตขึ้น คุณจะได้รับไอเทมมากมายที่เป็นประโยชน์ในช่วงต้นเกม (ไอเทมเหล่านี้สามารถหาได้จากวิธีอื่นเช่นกัน)<br><br>หากเลือก 'ไม่ลงทะเบียน' คุณจะเริ่มเกมโดยไม่ใช้ระบบคำเชิญจากเพื่อน"""
Regist#0,"""ยืนยัน"""
NotRegist#0,"""ไม่ลงทะเบียน"""
CanInvitedSystemErrorMessage#0,"""เกิดข้อผิดพลาดของระบบ กรุณาลองใหม่อีกครั้ง<br><br>[No.2301]"""
InvitedNotExistErrorMessage#0,"""ไม่พบตัวละครของ Player ID <yellow>$(0)<c><br>กรุณาตรวจสอบว่า Player ID และ/หรือ Ship (เซิร์ฟเวอร์) ถูกต้องหรือไม่"""
InvitedSystemErrorMessage#0,"""เกิดข้อผิดพลาดของระบบ กรุณาลองใหม่อีกครั้ง<br><br>[No.2301]"""
StartMenu_CharaSelect#0,"""เลือก/สร้างตัวละคร"""
StartMenu_Regist#0,"""-"""
StartMenu_SupportMenu#0,"""เมนูสนับสนุน"""
StartMenu_InviteMenu#0,"""ระบบคำเชิญจากเพื่อน"""
StartMenu_LoginHistory#0,"""ประวัติการล็อกอิน"""
StartMenu_Credit#0,"""เครดิต"""
StartMenu_GameEnd#0,"""ออกจากเกม"""
StartMenu_ReturnTitle#0,"""กลับสู่หน้าไตเติล"""
StartMenu_Back#0,"""ล็อกเอาต์"""
StartMenu_OnlineManualURL#0,"""https://pso2.jp/players/manual/"""
StartMenu_OnlineManualURLVita#0,"""http://pso2.jp/players/manual/"""
StartMenu_InviteText#0,"""หากคุณชวนเพื่อนมาเล่น Phantasy Star Online 2 คุณและเพื่อนจะได้รับของขวัญมากมายเมื่อเพื่อนของคุณเล่นเกมไปเรื่อยๆ!<br><br>Player ID ของคุณ: <yellow>$(0)<c><br>Ship ของคุณ: <yellow>$(1)<c><br><br>ส่งข้อมูลเหล่านี้ไปในอีเมลคำเชิญถึงเพื่อนของคุณ!<br><br>คัดลอกไปยังคลิปบอร์ดหรือไม่?"""
StartMenu_InviteText_v#0,"""หากคุณชวนเพื่อนมาเล่น Phantasy Star Online 2 คุณและเพื่อนจะได้รับของขวัญมากมายเมื่อเพื่อนของคุณเล่นเกมไปเรื่อยๆ!<br><br>Player ID ของคุณ: <yellow>$(0)<c><br>Ship ของคุณ: <yellow>$(1)<c><br><br>อย่าลืมส่งข้อมูลเหล่านี้ให้เพื่อนของคุณด้วยล่ะ!"""
StartMenu_ClipboardText#0,"""หากคุณเริ่มเล่น Phantasy Star Online 2 ผ่านระบบคำเชิญจากเพื่อน คุณและเพื่อนจะได้รับของขวัญมากมาย!<br>ตอนที่ลงทะเบียน กรุณาป้อนข้อมูลดังต่อไปนี้:<br>Ship ของเพื่อน: $(1)<br>Player ID ของเพื่อน: $(0)"""
StartMenu_Credit_NGS#0,"""[PSO2: NGS]"""
StartMenu_Credit_PSO2#0,"""[PSO2]"""
StartMenu_SegaAccount#0,"""เชื่อมโยงบัญชี SEGA"""
StartMenu_WelcomeBackGift#0,"""ของขวัญต้อนรับกลับ"""
StartMenu_CharaSelect#1,"""เลือกตัวละครเพื่อเข้าเล่น"""
StartMenu_Regist#1,"""-"""
StartMenu_SupportMenu#1,"""เปลี่ยนตัวเลือกและการตั้งค่า"""
StartMenu_InviteMenu#1,"""คุณสามารถชวนเพื่อนมาเล่น PSO2 ได้!"""
StartMenu_LoginHistory#1,"""คุณสามารถดูประวัติการล็อกอินของคุณได้ที่นี่"""
StartMenu_Credit#1,"""ดูเครดิต"""
StartMenu_GameEnd#1,"""ออกจากเกม"""
StartMenu_ReturnTitle#1,"""กลับสู่หน้าไตเติล"""
StartMenu_SegaAccount#1,"""แสดงข้อมูลเกี่ยวกับการเชื่อมโยงบัญชี SEGA"""
SupportMenu_PcAccept#0,"""การยืนยันตัวตนบน PC"""
SupportMenu_Configuration#0,"""ตัวเลือก"""
SupportMenu_UserInfo#0,"""เปลี่ยนข้อมูลผู้ใช้"""
SupportMenu_UserInfo_v#0,"""เปลี่ยนข้อมูลผู้ใช้ (เว็บ)"""
SupportMenu_SegaId#0,"""ยืนยัน SEGA ID"""
SupportMenu_OnlineManual#0,"""คู่มือออนไลน์"""
SupportMenu_ChangeIDName#0,"""เปลี่ยนชื่อ Player ID<pict 4space><pict Arcscash>"""
SupportMenu_CordInput#0,"""-"""
SupportMenu_Configuration2#0,"""ตั้งค่าการควบคุม"""
Title#3,"""เมนูสนับสนุน"""
SegaIdForm_Title#0,"""การยืนยัน SEGA ID"""
SegaIdForm_Message#0,"""SEGA ID ของคุณคือ:<br>$(0)<br>"""
Confirm_Title#1,"""ยืนยัน"""
Confirm_Message#1,"""ระบบจะเปิดเบราว์เซอร์เพื่อไปยังหน้าเว็บ<br>เกมจะถูกปิดลง ต้องการดำเนินการต่อหรือไม่?"""
ConsumeCheck#0,"""<pict Arcscash><pict 4space><c ff4f3f>คอนเทนต์ AC<c><br>ในการเปลี่ยนชื่อ Player ID คุณจะต้องซื้อ \""สิทธิ์\"" ในการเปลี่ยน ID เสียก่อน<br><br>- คุณสามารถเปลี่ยนชื่อ Player ID ได้ <yellow>เพียงครั้งเดียวต่อบัญชีเท่านั้น<c><br><br>- คุณไม่สามารถเปลี่ยน Player ID เป็นชื่อที่ผู้อื่นกำลังใช้อยู่ หรือชื่อที่เคยมีผู้เล่นอื่นใช้ไปแล้ว (การเปลี่ยนชื่อ Player ID จะไม่เสร็จสมบูรณ์จนกว่าการยืนยันจะเสร็จสิ้น) ขอแนะนำให้ใช้ปุ่ม <yellow>\""ตรวจสอบ ID\""<c> ก่อนซื้อสิทธิ์<br><br>คุณต้องการใช้ <pict Arcscash><c ff4f3f>$(0) AC<c> เพื่อเปลี่ยนชื่อ Player ID หรือไม่?<br><yellow><pict Arcscash> คงเหลือ: $(1)<c>"""
ChargeTitle#0,"""ยืนยันการเติม AC"""
ChargeMessage#0,"""AC ไม่เพียงพอ<br>ต้องการเติม AC เพิ่มหรือไม่?"""
ChargeMessage_v#0,"""AC ไม่เพียงพอ<br>ต้องการเติม AC เพิ่มหรือไม่?<br><br><yellow>※ระบบจะเปิดเว็บเบราว์เซอร์ขึ้นมา<br>ตัวเกมจะปิดลงและคุณจะถูกล็อกเอาต์<c>"""
TimeOutMessage#0,"""การเชื่อมต่อกับเซิร์ฟเวอร์หมดเวลา<br><br>[No.2302]"""
ErrorDone#1,"""คุณได้เปลี่ยน Player ID ของคุณไปแล้ว<br>สามารถเปลี่ยนได้เพียงครั้งเดียวเท่านั้น"""
ErrorOther#1,"""เกิดข้อผิดพลาดของระบบ กรุณาลองใหม่อีกครั้ง<br><br>[No.2301]"""
ErrorHas#0,"""เนื่องจากคุณมีสิทธิ์เปลี่ยนชื่อ Player ID อยู่แล้ว<br>จึงไม่จำเป็นต้องซื้อเพิ่ม"""
BuyFailure#0,"""การซื้อล้มเหลว"""
ShortageAC#0,"""AC ไม่เพียงพอ การซื้อล้มเหลว"""
BuySuccess#0,"""ซื้อสำเร็จแล้ว"""
ErrorTime#1,"""เนื่องจากยังไม่ผ่านไป $(0) วัน<br>นับจากการเปลี่ยนชื่อ Player ID ครั้งล่าสุด<br>จึงไม่สามารถซื้อสิทธิ์การเปลี่ยนชื่อ Player ID ได้<br><br>เวลาที่เหลือก่อนเปลี่ยนได้อีกครั้ง: $(1)"""
PlayerIDNameConfirm#0,"""ตรวจสอบ ID"""
PlayerIDNameConfirmMessage1#0,"""ป้อนชื่อ Player ID ที่คุณต้องการใช้<br>แล้วกดปุ่ม \""ตรวจสอบความพร้อม\""<br>※การใช้ปุ่มนี้จะไม่เสีย AC หรือ<br>\""สิทธิ์ในการเปลี่ยนชื่อ ID\""<br><br>คุณสามารถใช้ตัวอักษรได้ทั้งแบบ 1-byte และ<br><yellow>2-byte<c>"""
PlayerIDNameConfirmButton#0,"""ตรวจสอบความพร้อม"""
PlayerIDNameConfirmMessage2#0,"""・สามารถใช้ชื่อ Player ID นี้ได้<br>\u3000คุณสามารถใช้ [สิทธิ์เปลี่ยนชื่อ Player ID]<br>\u3000เพื่อลงทะเบียนชื่อนี้ได้<br><br>・การลงทะเบียนชื่อ Player ID ยังไม่เสร็จสิ้น<br>\u3000หากมีผู้เล่นอื่นลงทะเบียนชื่อนี้ระหว่างดำเนินการ<br>\u3000คุณจะไม่สามารถใช้ชื่อ Player ID นี้ได้"""
PlayerIDNameConfirmMessage3#0,"""・ไม่สามารถใช้ชื่อ Player ID นี้ได้<br>\u3000กรุณาป้อนชื่ออื่น<br>"""
PlayerIDNameConfirmMessage4#0,"""・ระบบการเปลี่ยนชื่อ Player ID ถูกระงับอยู่<br>\u3000ไม่สามารถเปลี่ยนชื่อได้<br>"""
PlayerIDNameConfirmMessage5#0,"""・เกิดข้อผิดพลาดของระบบ<br>\u3000กรุณารอสักครู่แล้วลองใหม่อีกครั้ง<br>"""
SupportMenu_PcAccept#1,"""เปิดหรือปิดการยืนยันตัวตนบน PC หรือเปลี่ยน PC ที่ลงทะเบียนไว้"""
SupportMenu_Configuration#1,"""เปลี่ยนการตั้งค่ากราฟิก เสียง และอื่นๆ"""
SupportMenu_UserInfo#1,"""เปลี่ยนข้อมูลผู้ใช้"""
SupportMenu_OnlineManual#1,"""แสดงคู่มือออนไลน์"""
SupportMenu_ChangeIDName#1,"""เปลี่ยนชื่อ Player ID"""
SupportMenu_CordInput#1,"""-"""
SupportMenu_SegaId#1,"""ยืนยัน SEGA ID ของคุณ"""
SupportMenu_Configuration2#1,"""เปลี่ยนการตั้งค่าการควบคุม"""
CharaSelectMenu_Decide#0,"""เริ่มเกม [PSO2: NGS]"""
CharaSelectMenu_Decide_Classic#0,"""เริ่มเกม [PSO2]"""
CharaSelectMenu_Create#0,"""สร้างใหม่"""
CharaSelectMenu_Delete#0,"""ลบตัวละคร"""
CharaSelectMenu_Setting#0,"""ตัวเลือกเพิ่มเติม"""
CharaSelectMenu_Send#0,"""ยืนยัน"""
CharaSelectMenu_Cancel#0,"""ยกเลิก"""
CharaSelectMenu_Back#0,"""กลับ"""
CharaSelectMenu_Transport#0,"""ย้ายไปยัง Ship อื่นทันที<pict 4space><pict Arcscash>"""
CharaSelectMenu_ChangeName#0,"""เปลี่ยนชื่อตัวละคร<pict 4space><pict Arcscash>"""
CharaSelectMenu_DeleteRequest#0,"""<yellow>กำลังลบตัวละคร<c>"""
CharaSelectMenu_DeleteConfirm#0,"""<yellow>【 ประกาศเกี่ยวกับการลบตัวละคร 】<c><br>การดำเนินการนี้จะเป็นการลบตัวละครของคุณ<br>หลังจากนี้ 24 ชั่วโมง ตัวละครของคุณจะถูก<br>ลบออกจากเซิร์ฟเวอร์<br>คุณสามารถยกเลิกการลบตัวละครได้<br><yellow>ภายใน 24 ชั่วโมง <c>นับจากเวลาที่คุณเริ่มกระบวนการลบ<br><br><yellow>※อย่างไรก็ตามในช่วงปิดปรับปรุงเซิร์ฟเวอร์ (Maintenance) จะไม่สามารถ<br>ดำเนินการยกเลิกได้<c><br><br>・แม้คุณจะลบตัวละครไปแล้ว แต่คุณจะ<br>ไม่สามารถสร้างตัวละครเพิ่มได้หากคุณ<br>มีตัวละคร 3 ตัวขึ้นไป<br>หากคุณต้องการสร้างตัวละครใหม่ และ<br>คุณมีตัวละคร 3 ตัวขึ้นไป คุณจำเป็น<br>ต้องใช้ AC<br><br>・ตัวละครนั้น, Support Partner, เครื่องประดับที่เป็นของ<br>ตัวละครนั้น, ไอเทม AC และไอเทม AC Scratch ที่กดใช้กับ<br>ตัวละครนั้น<br>จะ <yellow>สูญหายทั้งหมด<c><br><br>・หากคุณมีคำขอย้าย Ship ของตัวละครนี้ค้างอยู่<br>ก่อนที่จะกดลบ สถานะการย้าย Ship ของคุณจะถูก<br>ยกเลิก<br><br><yellow>หากคุณยอมรับเงื่อนไขข้างต้น ให้กดปุ่ม [Ctrl] ค้างไว้<br>แล้วกด \""ใช่\"" เพื่อยืนยันการลบตัวละคร<c>"""
CharaSelectMenu_DeleteConfirm_v#0,"""<yellow>【 ประกาศเกี่ยวกับการลบตัวละคร 】<c><br>การดำเนินการนี้จะเป็นการลบตัวละครของคุณ<br>หลังจากนี้ 24 ชั่วโมง ตัวละครของคุณจะถูก<br>ลบออกจากเซิร์ฟเวอร์<br>คุณสามารถยกเลิกการลบตัวละครได้<br><yellow>ภายใน 24 ชั่วโมง <c>นับจากเวลาที่คุณเริ่มกระบวนการลบ<br><br><yellow>※อย่างไรก็ตามในช่วงปิดปรับปรุงเซิร์ฟเวอร์ (Maintenance) จะไม่สามารถ<br>ดำเนินการยกเลิกได้<c><br><br>・แม้คุณจะลบตัวละครไปแล้ว แต่คุณจะ<br>ไม่สามารถสร้างตัวละครเพิ่มได้หากคุณ<br>มีตัวละคร 3 ตัวขึ้นไป<br>หากคุณต้องการสร้างตัวละครใหม่ และ<br>คุณมีตัวละคร 3 ตัวขึ้นไป คุณจำเป็น<br>ต้องใช้ AC<br><br>・ตัวละครนั้น, Support Partner, เครื่องประดับที่เป็นของ<br>ตัวละครนั้น, ไอเทม AC และไอเทม AC Scratch ที่กดใช้กับ<br>ตัวละครนั้น<br>จะ <yellow>สูญหายทั้งหมด<c><br><br>・หากคุณมีคำขอย้าย Ship ของตัวละครนี้ค้างอยู่<br>ก่อนที่จะกดลบ สถานะการย้าย Ship ของคุณจะถูก<br>ยกเลิก<br><br><yellow>หากคุณยอมรับเงื่อนไขข้างต้น ให้กดปุ่ม<br><%TabBack><%TabForward> ค้างไว้แล้วกด \""ใช่\"" เพื่อยืนยันการ<br>ลบตัวละคร<c>"""
CharaSelectMenu_Empty#0,"""สร้างตัวละครใหม่"""
CharaSelectItem_Name#0,"""ชื่อตัวละคร"""
CharaSelectItem_Class#0,"""Class"""
CharaSelectItem_PlayTime#0,"""เวลาที่เล่น"""
CharaSelectItem_PlayLimit#0,"""-"""
CharaDeleteTitle#0,"""ลบตัวละคร"""
CharaSelectItem_MobileText_Vita#0,"""ตัวละครที่เชื่อมโยง [PSO2es]"""
CharaSelectItem_MobileText#0,"""ตัวละครที่เชื่อมโยงกับ<br>[Phantasy Star Online 2 es]"""
CharaDeleteTime#0,"""เวลาที่เหลือก่อนถูกลบ"""
CharaDeleteCancelTitle#0,"""ยกเลิกการลบ"""
CharaSelectMenu_DeleteCancel#0,"""<yellow>[ยกเลิกการลบตัวละคร]<c><br><br>- คุณสามารถยกเลิกกระบวนการลบ<br>ตัวละครของคุณได้จนกว่าจะหมดเวลาด้านล่างนี้<br><br><red>เวลาที่เหลือก่อนถูกลบ: $(0)<c><br><br><yellow>หากต้องการยกเลิกคำขอลบ ให้กดปุ่ม<br>[Ctrl] ค้างไว้แล้วกด \""ใช่\""<c>"""
CharaSelectMenu_DeleteCancel_v#0,"""<yellow>[ยกเลิกการลบตัวละคร]<c><br><br>- คุณสามารถยกเลิกกระบวนการลบ<br>ตัวละครของคุณได้จนกว่าจะหมดเวลาด้านล่างนี้<br><br><red>เวลาที่เหลือก่อนถูกลบ: $(0)<c><br><br><yellow>หากต้องการยกเลิกคำขอลบ ให้กดปุ่ม<br><%TabBack><%TabForward> ค้างไว้แล้วกด \""ใช่\""<c>"""
CharaSelectMenu_DeleteCancel_f#0,"""ไม่สามารถยกเลิกกระบวนการลบได้<br><br>ตัวละครถูกลบไปแล้ว"""
CharaSelectMenu_EpisodeItem1#0,"""EP1-3"""
CharaSelectMenu_EpisodeItem2#0,"""EP4-5"""
CharaSelectMenu_DecideItem#0,"""เริ่มเกม ($(0))"""
CharaSelectMenu_Transport_Delay#0,"""ย้ายไปยัง Ship อื่นในช่วงปิดปรับปรุงครั้งต่อไป<pict 4space><pict Arcscash>"""
CharaSelectMenu_Transport_Delay_Please_Wait_Or_Cancel#0,"""ยกเลิกคำขอย้าย Ship ในช่วงปิดปรับปรุงครั้งต่อไป <yellow>(แจ้งขอย้ายไปที่ $(0))<c>"""
CharaSelectItem_Transport_Delay_Please_Wait#0,"""<yellow>คำขอย้าย Ship<c>"""
CharaSelec_ShipName#0,"""ชื่อ Ship"""
CharaSelec_Num#0,"""ตัวละคร"""
CharaSelec_NotCharacter#0,"""หาตัวละครของคุณไม่พบงั้นเหรอ?"""
CharaSelec_LoginIn#0,"""กำลังล็อกอิน"""
CharaCheck_Num#0,"""$(0)"""
CharaCheck_Message#0,"""ในรายชื่อด้านล่างนี้ คุณจะพบจำนวน<br>ตัวละครที่คุณสร้างไว้และ Ship<br>ของตัวละครนั้นๆ<br><br>หากคุณต้องการเลือก Ship อื่น ให้กด<br>ปุ่ม <yellow>[ล็อกเอาต์]<c> แล้วล็อกอินเข้า Ship อื่น"""
CharaCheck_Message_VITA#0,"""ในรายชื่อด้านล่างนี้<br>คุณจะพบตำแหน่งของตัวละครที่คุณสร้างไว้<br>และ Ship ของตัวละครนั้นๆ<br><br>หากคุณต้องการเลือก Ship อื่น<br>ให้กด <yellow>[กลับสู่หน้าไตเติล]<c> แล้ว<br>ล็อกอินเข้า Ship อื่น"""
CharaCheck_NoShipInfo#0,"""ไม่มีข้อมูล Ship"""
PlayGo_CharaSelect_Title#0,"""ข้อความ"""
PlayGo_CharaSelect_Message#0,"""<yellow>กำลังติดตั้งไฟล์ที่จำเป็น<c><br><br>จนกว่าการติดตั้งจะเสร็จสมบูรณ์<br>ฟังก์ชันบางอย่าง (เช่น การย้ายพื้นที่ หรือ<br>การเลือกตัวละคร) อาจไม่สามารถใช้งานได้<br><br>กรุณารอจนกว่าการติดตั้งจะเสร็จสมบูรณ์"""
CharaUndeletable_Title#0,"""การยืนยันการครอบครองไอเทม"""
CharaUndeletable_Message#0,"""ตัวละครที่คุณกำลังจะลบมีไอเทมอยู่<br>ใน Inventory จึงไม่สามารถลบได้<br><br>กรุณาย้ายหรือทิ้งไอเทมจาก<br>ตำแหน่งต่อไปนี้เพื่อดำเนินการลบ<br>ตัวละคร:<br><br>- Inventory ตัวละคร<br>- Character Storage<br><br>ตัวละครที่มี Support Partner จำเป็นต้องนำออก<br>ก่อนจึงจะสามารถลบตัวละครได้"""
EP1_3_CloseIntroduction#0,"""ตั้งแต่วันที่ 9 มิถุนายน 2021:<br><yellow>การผจญภัยครั้งใหม่พร้อมให้เล่นแล้วใน PSO2: NGS<c><br><br>เมื่อคุณดำเนินเนื้อเรื่องของ PSO2: NGS ไปถึงจุดหนึ่ง คุณจะสามารถเดินทางไปมาระหว่างโลกใหม่และโลกเดิมของ PSO2 ได้อย่างอิสระ"""
CharaSelectItem_Class_NotStartedNGS#0,"""ยังไม่ได้เริ่มเล่น [PSO2: NGS]"""
CharaCheck_BodyShape_Title#0,"""ประกาศ"""
CharaCheck_BodyShape_Message#0,"""ภายใต้เงื่อนไขบางประการ รูปลักษณ์ของตัวละคร<br>ที่สร้างใน [PSO2] เดิมอาจมีการเปลี่ยนแปลงอย่างเห็นได้ชัด<br>เนื่องจากผลกระทบของการอัปเดต<br>เอนจินกราฟิกใหม่<br>หากจำเป็น กรุณาแก้ไขตัวละครของคุณโดยใช้เมนู<br>\""สร้างตัวละคร\"" ตอนเริ่มเกม หรือ<br>ใช้ Salon ซึ่งจะสามารถเข้าใช้งานได้หลังจาก<br>ผ่านบทนำของเนื้อเรื่องหลักแล้ว"""
CharaSelectMenu_Demo_Movie#0,"""เล่นวิดีโอแนะนำตัวละคร"""
CharaSelectMenu_MovieSkipWindow_Title#0,"""ข้อความ"""
CharaSelectMenu_MovieSkipWindow_Text#0,"""กำลังจะออกจากการเล่นวิดีโอ<br><br>แน่ใจหรือไม่?"""
CharaSelectMenu_Transport_Daily#0,"""ย้ายไปยัง Ship อื่นในช่วง Daily Transfer ครั้งต่อไป<pict 4space><pict Arcscash>"""
CharaSelectMenu_Transport_Daily_Please_Wait_Or_Cancel#0,"""ยกเลิกคำขอย้าย Ship ในช่วง Daily Transfer ครั้งต่อไป <yellow>(แจ้งขอย้ายไปที่ $(0))<c>"""
CharaSelectMenu_Decide#1,"""เข้าเล่นด้วยตัวละครนี้"""
CharaSelectMenu_Create#1,"""สร้างตัวละครใหม่"""
CharaSelectMenu_Delete#1,"""ลบตัวละครนี้"""
CharaSelectMenu_Cancel#1,"""กลับสู่เมนูก่อนหน้า"""
CharaSelectMenu_ChangeName#1,"""เปลี่ยนชื่อตัวละคร"""
CharaNumMax#0,"""คุณมีจำนวนตัวละครถึงขีดจำกัดแล้ว<br>หากต้องการสร้างตัวละครใหม่<br>กรุณาลบตัวละครที่มีอยู่"""
SystemError#0,"""เกิดข้อผิดพลาดของระบบ กรุณาลองใหม่อีกครั้ง<br><br>[No.2301]"""
ShipMaxError#0,"""การสร้างตัวละครใน Ship นี้ถูกระงับชั่วคราว<br>กรุณาใช้งานใน Ship อื่น"""
ConsumeCheck#1,"""<pict Arcscash><pict 4space><c ff4f3f>คอนเทนต์ AC<c><br>ในการสร้างตัวละครเพิ่ม คุณจำเป็นต้องมี \""Character Slot Pass\""<br><br><yellow>- ตัวละครจะถูกบันทึกไว้ใน \""Ship\""<c><br><br>- ในการเล่นตัวละครที่คุณเพิ่งสร้าง โปรดแน่ใจว่าคุณอยู่ใน Ship เดียวกับตัวละครที่คุณสร้างขึ้น <yellow>ช่องตัวละครที่ซื้อด้วย Pass นี้จะเป็นการใช้งานแบบครั้งเดียว<c><br><br>คุณต้องการใช้ <pict Arcscash><c ff4f3f>$(0) AC<c> เพื่อซื้อ \""Character Slot Pass\"" หรือไม่?<br><br><yellow><pict Arcscash>AC คงเหลือ: $(1)<c><br><yellow>ช่องตัวละครที่เหลืออยู่: $(2)<c> (รวมสูงสุดทุก Ship คือ $(3))"""
ChangeNameConfirm#0,"""<pict Arcscash><pict 4space><c ff4f3f>คอนเทนต์ AC<c><br>ในการเปลี่ยนชื่อตัวละคร คุณจะต้องซื้อ \""Character Rename Pass\""<br><br><yellow>- หลังจากเปลี่ยนชื่อตัวละครแล้ว คุณจะไม่สามารถเปลี่ยนชื่อตัวละครเดิมได้อีกเป็นเวลา $(0) วัน<c><br><br><yellow>- \""Character Rename Pass\"" นี้ใช้ได้เพียงครั้งเดียว แต่สามารถใช้กับตัวละครใดก็ได้ แม้ว่าคุณจะซื้อให้ตัวละครอื่นก็ตาม<c><br><br>คุณต้องการซื้อ \""Character Rename Pass\"" ในราคา <pict Arcscash><c ff4f3f>$(1) AC<c> หรือไม่?<br><br><yellow><pict Arcscash>AC คงเหลือ: $(2)<c>"""
ChargeTitle#1,"""ยืนยันการเติม AC"""
ChargeMessage#1,"""AC ไม่เพียงพอ<br>ต้องการเติม AC เพิ่มหรือไม่?"""
ChargeMessage_v#1,"""AC ไม่เพียงพอ<br>ต้องการเติม AC เพิ่มหรือไม่?<br><br><yellow>※ระบบจะเปิดเว็บเบราว์เซอร์ขึ้นมา<br>ตัวเกมจะปิดลงและคุณจะถูกล็อกเอาต์<c>"""
TimeOutMessage#1,"""การเชื่อมต่อกับเซิร์ฟเวอร์หมดเวลา<br><br>[No.2302]"""
ShortageAC#1,"""AC ไม่เพียงพอ การซื้อล้มเหลว"""
ErrorTime1#0,"""ไม่สามารถซื้อสิทธิ์เปลี่ยนชื่อตัวละครได้<br>กรุณารอจนกว่าจะผ่านไป $(0) วัน<br>จึงจะสามารถเปลี่ยนชื่อตัวละครของคุณได้"""
ErrorTime2#0,"""ไม่สามารถซื้อสิทธิ์เปลี่ยนชื่อตัวละครได้<br>กรุณารอจนกว่าจะผ่านไป $(0) วัน<br>จึงจะสามารถเปลี่ยนชื่อตัวละครของคุณได้<br><br>เวลาที่เหลือ: $(1)"""
BuySuccess#1,"""ซื้อสำเร็จแล้ว"""
ErrorDone#2,"""การซื้อล้มเหลว<br>กระบวนการเปลี่ยนชื่อถูกยกเลิกแล้ว"""
ErrorOther#2,"""เกิดข้อผิดพลาดของระบบ กรุณาลองใหม่อีกครั้ง<br><br>[No.2301]"""
ErrorHas#1,"""คุณมีสิทธิ์เปลี่ยนชื่อตัวละครอยู่แล้ว<br>ยกเลิกการซื้อ"""
BuyFailure#1,"""การซื้อล้มเหลว"""
InfoCaptionPossible#0,"""ช่องทั้งหมด"""
InfoCaptionAc#0,"""AC คงเหลือ"""
InfoCaptionMax#0,"""ตัวละครทั้งหมด"""
PlayTime_Day#0,"""$(0) วัน $(1):$(2):$(3)"""
PlayTime#0,"""$(0):$(1):$(2)"""
MobileWrongShip#0,"""ตัวละครจาก <yellow>[Phantasy Star Online 2 es]<c> กำลัง<br>เชื่อมโยงอยู่ใน Ship ดังต่อไปนี้:<br><br><yellow>- $(0)<c><br><br><yellow>หากคุณต้องการเล่นตัวละครนี้<br>กรุณากลับไปที่หน้าเลือก Ship<br>และล็อกอินเข้าสู่ Ship นั้นๆ<c>"""
NameError_Include#0,"""ชื่อตัวละครมีสัญลักษณ์<br>ที่ไม่สามารถใช้ได้"""
NameError_NGword#0,"""ชื่อตัวละครมีคำ<br>ที่ไม่สามารถใช้ได้"""
NameError_Unchanged#1,"""ยกเลิกกระบวนการแล้ว<br>เนื่องจากไม่มีการเปลี่ยนแปลงชื่อตัวละคร"""
FormName#4,"""ยืนยันชื่อ"""
Notice_Change#1,"""กำลังเปลี่ยนชื่อตัวละครเป็น<br>$(0)<br>คุณต้องการดำเนินการต่อหรือไม่?<br><br><yellow>・การเปลี่ยนชื่อตัวละครสามารถทำได้เพียงครั้งเดียวทุกๆ $(1) วัน<c><br><br><yellow>・คุณสามารถใช้สิทธิ์การเปลี่ยนชื่อที่ซื้อมากับตัวละครอื่นได้<br>ตราบใดที่คุณยังไม่ได้ยืนยันการเปลี่ยนชื่อ<c><br><br><yellow>・การยืนยันการเปลี่ยนชื่อจะใช้สิทธิ์การเปลี่ยนชื่อที่ซื้อมา 1 ครั้ง<br>หากต้องการเปลี่ยนชื่อตัวละครหลายตัว<br>จำเป็นต้องซื้อสิทธิ์การเปลี่ยนชื่อเพิ่มตามจำนวนที่ต้องการ<c>"""
Success_Change#1,"""เปลี่ยนชื่อตัวละครสำเร็จแล้ว"""
Failure_Change#1,"""เปลี่ยนชื่อตัวละครไม่สำเร็จ"""
ErrorNoTicket#1,"""ไม่สามารถเปลี่ยนชื่อได้<br>เนื่องจากคุณไม่มีสิทธิ์ในการเปลี่ยนชื่อตัวละคร"""
ErrorName#1,"""ไม่สามารถใช้ชื่อตัวละครนี้ได้<br>กรุณาป้อนชื่ออื่น"""
ErrorDone#3,"""ไม่สามารถเปลี่ยนชื่อได้<br>เนื่องจากระบบการเปลี่ยนชื่อตัวละครถูกระงับอยู่"""
ErrorTime#2,"""ไม่สามารถเปลี่ยนชื่อตัวละครได้<br>เนื่องจากยังไม่ผ่านระยะเวลาที่กำหนด<br>นับจากการเปลี่ยนชื่อครั้งล่าสุด"""
ErrorUnchanged#1,"""ยกเลิกกระบวนการแล้ว<br>เนื่องจากไม่มีการเปลี่ยนแปลงชื่อตัวละคร"""
ErrorOther#3,"""ไม่สามารถเปลี่ยนชื่อได้<br>เนื่องจากเกิดข้อผิดพลาดของระบบ"""
ParamError#0,"""การสร้างตัวละครใหม่ล้มเหลว<br>เนื่องจากเกิดปัญหากับข้อมูลตัวละคร<br><br>[No.2303]"""
CharaNumMax#1,"""คุณมีจำนวนตัวละครถึงขีดจำกัดแล้ว<br>หากต้องการสร้างตัวละครใหม่<br>กรุณาลบตัวละครที่มีอยู่"""
SystemError#1,"""เกิดข้อผิดพลาดของระบบ<br>กรุณารอสักครู่แล้วลองใหม่อีกครั้ง<br><br>[No.2304]"""
ConsumeCheck#2,"""คุณต้องใช้ $(0) AC ในการสร้าง<br>ตัวละครใหม่<br>ต้องการซื้อเพิ่มหรือไม่?"""
ShortageAC#2,"""AC ไม่เพียงพอ การสร้างตัวละครล้มเหลว"""
Spec#0,"""OS: $(0)<br>CPU: $(1)<br>หน่วยความจำ: $(2)<br>GPU: $(3)<br>ไดรเวอร์ GPU: $(4)"""
Level4#0,"""สามารถเล่นแบบปาร์ตี้ได้ แต่การเล่น<br>แบบกลุ่ม 12 คนอาจมีอาการกระตุก<br>แนะนำให้ตั้งค่ากราฟิกระดับ 2"""
Level5#0,"""คุณสามารถเล่นได้อย่างลื่นไหลหากปรับแต่งการตั้งค่าบางส่วน<br>แนะนำให้ตั้งค่ากราฟิกระดับ 3"""
Level6#0,"""คุณสามารถเล่นได้อย่างลื่นไหล<br>แนะนำให้ตั้งค่ากราฟิกระดับ 3"""
Level7#0,"""คุณสามารถเล่นได้อย่างลื่นไหล<br>และอาจปรับความละเอียดให้สูงขึ้นได้<br>แนะนำให้ตั้งค่ากราฟิกระดับ 4"""
Level8#0,"""คุณสามารถเล่นได้อย่างลื่นไหล<br>แม้จะปรับความละเอียดสูงก็ตาม<br>แนะนำให้ตั้งค่ากราฟิกระดับ 5"""
RebVersion#0,"""Benchmark NGS Ver.$(0)"""
UseAgreement_Title#2,"""ข้อตกลงการใช้งาน"""
UseAgreement_Message#2,"""ในการใช้ซอฟต์แวร์นี้<br>คุณต้องยอมรับและยินยอมตามข้อตกลงสิทธิ์การใช้งานซอฟต์แวร์ (ต่อไปนี้เรียกว่า \""ข้อตกลงนี้\"")<br>รวมถึงข้อควรระวัง แนวทางปฏิบัติ ฯลฯ (ต่อไปนี้เรียกว่า \""แนวทางปฏิบัติ\"")<br>ที่บริษัทของเราประกาศแยกต่างหากบนเว็บไซต์ทางการ<br>กรุณาตรวจสอบแนวทางปฏิบัติก่อนเริ่มใช้ซอฟต์แวร์นี้<br>สำหรับลูกค้าที่ได้รับซอฟต์แวร์นี้ฟรี (รวมถึงกรณีที่แนบมาเป็นของแถมในนิตยสารที่ต้องซื้อ ฯลฯ)<br>จะถือว่าคุณยอมรับและยินยอมตามแนวทางปฏิบัติแล้ว<br>เมื่อคุณเริ่มใช้ซอฟต์แวร์นี้<br><br>บริษัท SEGA จำกัด"""
Menu_Title#0,"""เมนู Benchmark"""
Menu_1#0,"""เริ่ม Benchmark"""
Menu_2#0,"""สร้างตัวละคร"""
Menu_3#0,"""สิทธิ์การใช้งาน"""
Menu_4#0,"""ตัวเลือก"""
Menu_5#0,"""ออกจากเกม"""
Level1#0,"""เนื่องจากภาระการประมวลผลสูง จึงอาจทำให้เกมทำงานช้าลง<br>กรุณาลองปรับลด \""การตั้งค่ากราฟิกอย่างง่าย\"" ในตัวเลือก<br>อย่างไรก็ตาม หากตั้งค่าไว้ที่ระดับ 1 แล้ว<br>เราไม่สามารถรับประกันการทำงานที่ราบรื่นของ 『PSO2：NGS』 ได้"""
Level2#0,"""คาดว่าจะสามารถเล่นได้อย่างราบรื่นในระดับมาตรฐาน<br>หาก \""การตั้งค่ากราฟิกอย่างง่าย\"" ในตัวเลือก<br>ต่ำกว่าระดับ 5 กรุณาลองปรับให้สูงขึ้น"""
Level3#0,"""คาดว่าจะสามารถเล่นได้อย่างลื่นไหล<br>หาก \""การตั้งค่ากราฟิกอย่างง่าย\"" ในตัวเลือก<br>ต่ำกว่าระดับ 5 กรุณาลองปรับให้สูงขึ้น"""
UseAgreementURL#2,"""https://new-gen.pso2.jp/benchmark/download/"""
YesText#0,"""ใช่"""
NoText#0,"""ไม่"""
CloseText#0,"""ปิด"""
OpenText#0,"""เปิด"""
MaxText#0,"""สูงสุด"""
MinText#0,"""ต่ำสุด"""
Sort#0,"""จัดเรียง"""
Fun#0,"""ได้รับ $(0) FUN"""
Error_Time#0,"""ไม่สามารถย้าย Ship ได้<br>เนื่องจากยังไม่ผ่านไป $(0) ชั่วโมงนับจากการย้าย Ship ครั้งล่าสุด"""
Error_Leader#0,"""หัวหน้าทีม (Team Master)<br>ไม่สามารถย้ายไปยัง Ship อื่นได้"""
Error_GroupLeader#0,"""หัวหน้าแชทกลุ่ม (Group Chat)<br>ไม่สามารถย้ายไปยัง Ship อื่นได้"""
Error_Param#0,"""พารามิเตอร์ไม่ถูกต้อง<br>ยกเลิกการย้าย Ship แล้ว"""
Error_System#0,"""ระบบไม่สามารถย้ายคุณไปยัง Ship นั้นได้<br>กรุณารอสักครู่แล้วลองใหม่อีกครั้ง"""
Error_Ban#0,"""เนื่องจากการจำกัดการเข้าถึง<br>คุณจึงไม่สามารถย้ายไปยัง Ship อื่นได้"""
Error_NoMoney#0,"""AC ไม่เพียงพอ<br>ไม่สามารถซื้อ [ย้าย Ship ทันที] ได้"""
Error_NoTicket#0,"""ไม่มีสิทธิ์ [ย้าย Ship ทันที]<br>ไม่สามารถเปลี่ยน Ship ได้"""
SelectTitle#0,"""เลือก Ship ที่คุณต้องการ"""
SelectMessage#0,"""กรุณาเลือก Ship ปลายทาง<br>※สถานะของแต่ละ Ship จะแสดงอยู่ทางด้านขวา<br>※Ship ที่ออฟไลน์จะไม่แสดงขึ้นมา"""
SelectDisable#0,"""ตัวละครนี้มาจาก Ship ดังกล่าว<br>คุณไม่สามารถเลือก Ship นี้เป็นปลายทางได้"""
ConfirmTitle#0,"""ยืนยันการย้าย Ship"""
ConfirmMessage#0,"""นี่คือการย้ายตัวละครไปยัง Ship อื่น<br><br>ตกลงหรือไม่?<br><br>※การเปลี่ยน Ship จะใช้เวลา <yellow>$(0) ชั่วโมง<c>"""
ComfirmBuyMessage#0,"""<pict Arcscash><c ff4f3f>คอนเทนต์ AC<c><br>ในการเปลี่ยนไปยัง Ship อื่น คุณจะต้องซื้อสิทธิ์การเปลี่ยน Ship<br><br>- เมื่อเปลี่ยน Ship <yellow>เฉพาะ Inventory, เครื่องประดับที่สวมใส่ และ Character Storage ของตัวละครที่เลือกเท่านั้นที่จะถูกย้ายไป<c> รายชื่อเพื่อน, ทีม, ผู้เล่นที่ถูกบล็อก และไอเทมใน Storage อื่นๆ จะยังคงอยู่ใน Ship เดิม<br>- หากดำเนินการย้ายในวันที่มีการปิดปรับปรุงเซิร์ฟเวอร์ (Maintenance) กระบวนการย้ายจะถูกยกเลิก<br><br>การย้าย Ship จะใช้เวลา <yellow>$(2) ชั่วโมง<c> จึงจะเสร็จสมบูรณ์<br><br>คุณต้องการใช้ <pict Arcscash><c ff4f3f>$(0) AC<c> เพื่อย้ายไปยัง Ship อื่นหรือไม่?<br><br><c ff4f3f> <yellow>AC คงเหลือ: $(1)<c>"""
Wait#0,"""กำลังย้ายไปยัง Ship ปลายทาง...<br><br>กรุณารอสักครู่"""
FinishTitle#0,"""ย้าย Ship เสร็จสมบูรณ์"""
FinishMessage#0,"""การย้าย Ship เสร็จสมบูรณ์แล้ว<br>ระบบจะนำคุณกลับไปยังหน้าไตเติล"""
Error_CraftOrder#0,"""คุณต้องนำป้ายโฆษณา Craft ออก<br>และทำคำสั่งซื้อ/คำขอ Craft ที่ค้างอยู่ทั้งหมดให้เสร็จสิ้น<br>ก่อนที่จะย้ายไปยัง Ship อื่น<br><br>กรุณาตรวจสอบสิ่งต่อไปนี้:<br>・การตั้งค่าโฆษณา (ในเมนู Craft<br>ที่ Terminal ใน My Room ของคุณ):<br>ยกเลิกสูตร Craft ที่ตั้งไว้ทั้งหมด<br><br>・คำสั่งซื้อสูตร Craft (ในเมนู Craft<br>ที่ Terminal ใน My Room ของคุณ):<br>ทำให้เสร็จสิ้นและ/หรือยกเลิกคำขอที่ยังไม่เสร็จสมบูรณ์<br><br>・คำขอสูตร Craft (ในข้อมูล Craft ของ Vision Phone):<br>ยกเลิกคำขอทั้งหมดที่คุณได้สั่งไว้"""
RegularConfirmTitle#0,"""ยืนยันการย้าย Ship"""
RegularConfirmMessage#0,"""<pict Arcscash><c ff4f3f>คอนเทนต์ AC<c><br>นี่คือการขอย้ายตัวละครในช่วงปิดปรับปรุงเซิร์ฟเวอร์ครั้งต่อไป<br>การย้ายจะเกิดขึ้นเมื่อเซิร์ฟเวอร์ปิดทำการบำรุงรักษาตามปกติ<br>และจะใช้ <pict Arcscash><c ff4f3f>$(1) AC<c> เมื่อดำเนินการเสร็จสิ้น<br><br>- เมื่อเปลี่ยน Ship <yellow>เฉพาะ Inventory, เครื่องประดับที่สวมใส่ และ Character Storage ของตัวละครที่เลือกเท่านั้นที่จะถูกย้ายไป<c> รายชื่อเพื่อน, ทีม, ผู้เล่นที่ถูกบล็อก และไอเทมใน Storage อื่นๆ จะยังคงอยู่ใน Ship เดิม<br><br>Ship ปลายทาง: <yellow>$(2)<c><br>คุณต้องการขอย้าย Ship ในช่วงปิดปรับปรุงเซิร์ฟเวอร์ครั้งต่อไปหรือไม่?<br><br><yellow>AC คงเหลือ: $(0)<c>"""
RegularWait#0,"""คำขอย้าย Ship อยู่ในสถานะรอดำเนินการ...<br><br>กรุณารอสักครู่"""
RegularFinishTitle#0,"""ยืนยันการย้าย Ship"""
RegularFinishMessage#0,"""คุณได้ส่งคำขอย้ายไปยัง Ship อื่นแล้ว<br><br><yellow>※การย้าย Ship อาจถูกเลื่อนออกไป<br>\u3000หากเราได้รับคำขอเป็นจำนวนมาก<br>\u3000หรือหากมีความจำเป็นทางด้านระบบ<c><br><br>โปรดทราบว่าคำขอย้ายของคุณจะถูกยกเลิกหากคุณมี AC คงเหลือน้อยกว่า<br>$(0) AC เมื่อถึงเวลาปิดปรับปรุงเซิร์ฟเวอร์<br>ระบบจะนำคุณกลับไปยังหน้าไตเติล"""
RequestNum1#0,"""<green>ต่ำ<c>"""
RequestNum2#0,"""<green>ปานกลาง<c>"""
RequestNum3#0,"""<red>สูง<c>"""
RequestNum4#0,"""<red>สูงมาก<c>"""
CancelRegularConfirmTitle#0,"""ยืนยันการย้าย Ship"""
CancelRegularConfirmMessage#0,"""คำขอย้ายไปยัง<br><yellow>$(0)<c> ของคุณอยู่ในสถานะรอดำเนินการ<br><br>คุณกำลังจะยกเลิก<br>คำขอย้าย Ship ของคุณ<br>ต้องการดำเนินการต่อหรือไม่?"""
CancelRegularWait#0,"""กำลังยกเลิกคำขอย้าย Ship...<br><br>กรุณารอสักครู่"""
CancelRegularFinishTitle#0,"""ยืนยันการย้าย Ship"""
CancelRegularFinishMessage#0,"""คำขอย้าย Ship<br>ถูกยกเลิกแล้ว<br>กลับสู่หน้าไตเติล"""
CancelRegularFinishMessageAlreadyStartedError#0,"""ไม่สามารถยกเลิกคำขอได้เนื่องจากกระบวนการย้าย Ship ของคุณกำลังดำเนินการอยู่"""
CancelRegularFinishMessageAlreadyDoneError#0,"""ไม่สามารถยกเลิกคำขอได้เนื่องจากกระบวนการย้าย Ship ของคุณเสร็จสิ้นแล้ว"""
DailyConfirmTitle#0,"""การย้าย Ship รายวัน"""
DailyConfirmMessage#0,"""<pict Arcscash><c ff4f3f>คอนเทนต์ AC<c><br>นี่คือการย้ายตัวละคร<br>การย้ายจะเกิดขึ้นทุกวันเวลา <utc>20:00</utc><br>และจะใช้ <pict Arcscash><c ff4f3f>$(1) AC<c> เมื่อดำเนินการเสร็จสิ้น<br><br>- เมื่อเปลี่ยน Ship <yellow>เฉพาะ Inventory, เครื่องประดับที่สวมใส่ และ Character Storage ของตัวละครที่เลือกเท่านั้นที่จะถูกย้ายไป<c> รายชื่อเพื่อน, ทีม, ผู้เล่นที่ถูกบล็อก และไอเทมใน Storage อื่นๆ จะยังคงอยู่ใน Ship เดิม<br><br>- หากคุณย้าย Ship ก่อนที่จะรับรางวัล ARKS Record<br>\u3000คุณจะไม่สามารถรับรางวัลเหล่านั้นได้อีก<br><br>- เวลาในการย้าย Ship รายวันอาจ<br>\u3000เปลี่ยนแปลงในช่วงปิดปรับปรุงเซิร์ฟเวอร์ตามปกติ<br><br>\u3000<yellow>ตรวจสอบรายละเอียดเพิ่มเติมได้ที่เว็บไซต์ของผู้เล่น<c><br><br>Ship ปลายทาง: <yellow>$(2)<c><br>คุณต้องการเริ่มการย้ายในช่วงปิดปรับปรุงเซิร์ฟเวอร์ครั้งต่อไปหรือไม่?<br><br><yellow>AC คงเหลือ: $(0)<c>"""
DailyWait#0,"""การย้าย Ship รายวันกำลังดำเนินการ...<br><br>กรุณารอสักครู่"""
DailyFinishTitle#0,"""การย้าย Ship รายวัน"""
DailyFinishMessage#0,"""คุณได้ส่งคำขอย้าย Ship รายวันแล้ว<br><br><yellow>※การย้าย Ship อาจถูกเลื่อนออกไป<br>\u3000หากเราได้รับคำขอเป็นจำนวนมาก<br>\u3000หรือหากมีความจำเป็นทางด้านระบบ<c><br><br>โปรดทราบว่าคำขอย้ายของคุณจะถูกยกเลิกหากคุณมี AC คงเหลือน้อยกว่า<br>$(0) AC เมื่อถึงเวลาปิดปรับปรุงเซิร์ฟเวอร์<br>ระบบจะนำคุณกลับไปยังหน้าไตเติล"""
CancelDailyConfirmTitle#0,"""การย้าย Ship รายวัน"""
CancelDailyConfirmMessage#0,"""คำขอย้ายไปยัง<br><yellow>$(0)<c> ของคุณอยู่ในสถานะรอดำเนินการ<br><br>คุณกำลังจะยกเลิก<br>คำขอย้าย Ship รายวันของคุณ<br>ต้องการดำเนินการต่อหรือไม่?"""
CancelDailyWait#0,"""กำลังยกเลิกคำขอย้าย Ship รายวัน...<br><br>กรุณารอสักครู่"""
CancelDailyrFinishTitle#0,"""การย้าย Ship รายวัน"""
CancelDailyFinishMessage#0,"""คำขอย้าย Ship รายวัน<br>ถูกยกเลิกแล้ว<br>กลับสู่หน้าไตเติล"""
DailyCharacterLoginTitle#0,"""การย้าย Ship รายวัน"""
DailyCharacterLoginMessage#0,"""ตัวละครที่กำลังมีคำขอย้าย Ship รายวันรอดำเนินการ<br>จะไม่สามารถล็อกอินได้<br>คุณจะสามารถล็อกอินได้อีกครั้งเมื่อการย้าย Ship รายวัน<br>เสร็จสิ้น หรือหากคุณยกเลิกคำขอดังกล่าว<br><br>การย้าย Ship รายวันจะเกิดขึ้นทุกวันเวลา <utc>20:00</utc>"""
Enquete_Title#0,"""แบบสอบถามการเข้าสู่ระบบ"""
Enquete_mes01#0,"""คำถามนี้สำหรับผู้เล่นที่ไม่ได้เข้าสู่ระบบมาสักระยะหนึ่งแล้ว<br>\u3000อะไรคือสาเหตุที่ทำให้คุณตัดสินใจกลับมาเล่น PSO2 อีกครั้ง?"""
Enquete_Answer00#0,"""■ โปรดเลือกตัวเลือกที่ตรงกับคุณมากที่สุดจากรายการด้านล่าง"""
Enquete_Answer01#0,"""1. ช่องทาง Twitter"""
Enquete_Answer02#0,"""2. เว็บไซต์ทางการ/ช่อง YouTube"""
Enquete_Answer03#0,"""3. ช่องทาง อนิเมะ"""
Enquete_Answer04#0,"""4. ไลฟ์สตรีม"""
Enquete_Answer05#0,"""5. โพสต์ทั่วไปบนโซเชียลมีเดีย"""
Enquete_Answer06#0,"""6. ไลฟ์สตรีม/วิดีโอทั่วไป"""
Enquete_Answer07#0,"""7. บทความบนเว็บไซต์ข่าวเกม"""
Enquete_Answer08#0,"""8. โปรโมชันโฆษณาแบนเนอร์ (เช่น โฆษณาจาก YouTube)"""
Enquete_Answer09#0,"""9. ข่าวสารจาก PlayStation®Store หรือ Nintendo Switch™"""
Enquete_Answer10#0,"""10. อื่นๆ"""
Enquete_Thanks_Title#0,"""แบบสอบถามการเข้าสู่ระบบ"""
Enquete_Thanks_mes#0,"""ขอบคุณสำหรับคำตอบของคุณ<br>เราขอมอบ 10 SG ให้คุณเป็นของรางวัลแทนคำขอบคุณ<br><br>ขอให้สนุกกับ [PSO2: NGS] ต่อไปนะ!"""
Comeback_Thanks_Title#0,"""ข้อความ"""
Comeback_Thanks_mes#0,"""ขอบคุณที่กลับมาเล่นอีกครั้ง<br>กรุณารับ $(0) SG ไว้แทนคำขอบคุณ<br><br>ขอให้สนุกกับ [PSO2] ต่อไปนะ!"""
Comeback_IconConfig_Title#0,"""ยืนยันการแสดงไอคอน"""
Comeback_IconConfig_mes#0,"""คุณต้องการเปิดใช้งานไอคอนผู้เล่นที่กลับมา <pict Comeback> เพื่อให้ผู้เล่นอื่นทราบว่าคุณกลับมาเล่นเกมอีกครั้งหลังจากหยุดพักไปหรือไม่?<br><br>ไอคอนนี้จะแสดงอยู่ทางด้านซ้ายของชื่อตัวละครของคุณ<br><br><yellow>※คุณสามารถเปิด/ปิดการแสดงไอคอนนี้ได้จากเมนูตัวเลือก (Options) ในหัวข้อ \""การเล่นเกม (Gameplay)\""<c>"""
ButtonReset_Title#0,"""ยืนยันการตั้งค่าปุ่ม"""
ButtonReset_Text#0,"""พบปัญหาในการตั้งค่าปุ่มบนเกมแพด<br>ที่เกี่ยวข้องกับฟังก์ชันสำคัญ เช่น<br>\""ตกลง\"" หรือ \""ยกเลิก\""<br>ซึ่งอาจทำให้ไม่สามารถควบคุมได้อย่างปกติ<br><br>ต้องการซ่อมแซมการตั้งค่าปุ่มอัตโนมัติหรือไม่?<br><br><yellow>※หากไม่มีการตอบสนอง ระบบจะทำการซ่อมแซมอัตโนมัติในอีก 10 วินาที<c>"""
ButtonReset_Check#0,"""ไม่ต้องถามอีก"""
ButtonReset_Yes#0,"""ใช่"""
ButtonReset_No#0,"""ไม่"""
PrivacyCheckTitle#0,"""เกี่ยวกับการเก็บรวบรวมข้อมูลความเป็นส่วนตัว"""
PrivacyCheckMessage#0,"""ข้อความขออนุญาตเก็บรวบรวมข้อมูลความเป็นส่วนตัว (ชั่วคราว)"""
PrivacyCheckDenial#0,"""หากไม่ยินยอมให้เก็บรวบรวมข้อมูลความเป็นส่วนตัว<br>คุณจะไม่สามารถเริ่มเกมได้<br>ระบบจะนำคุณกลับไปยังหน้าไตเติล"""
DobCheckTitle#0,"""ยืนยันวันเดือนปีเกิด"""
DobCheckMessage#0,"""เพื่อจัดเตรียมคอนเทนต์ที่เหมาะสม<br>กรุณาป้อนวันเดือนปีเกิดของคุณ"""
DobCheckMonth#0,"""เดือน"""
DobCheckDay#0,"""วัน"""
DobCheckYear#0,"""ปี"""
PrivacyDelTitle#0,"""เกี่ยวกับข้อมูลส่วนบุคคล"""
PrivacyDelMessage#0,"""ข้อความเกี่ยวกับข้อมูลส่วนบุคคล (ชั่วคราว)"""
WindowSetting#0,"""ขนาดหน้าต่าง/ฟอนต์"""
WindowSetting_Text#0,"""ตั้งค่าขนาดหน้าต่างและข้อความในเกม<br>※เฉพาะในบล็อก [PSO2] เท่านั้น"""
WindowSetting_Button_S#0,"""เล็ก"""
WindowSetting_Button_M#0,"""กลาง"""
WindowSetting_Button_L#0,"""4K-เล็ก"""
WindowSetting_Button_4KS#0,"""4K-กลาง"""
WindowSetting_Button_4KM#0,"""4K-ใหญ่"""
SegaAccountMenu_WindowTitleText1#0,"""การเชื่อมโยงบัญชี SEGA"""
SegaAccountMenu_Button1#0,"""ดูหน้าการเชื่อมโยงบัญชี"""
SegaAccountMenu_Button2#0,"""ปิด"""
SegaAccountMenu_MessageText1#0,"""สามารถดูหน้าเว็บการเชื่อมโยงบัญชีบนสมาร์ตโฟนหรือแท็บเล็ตได้โดยการสแกนโค้ดด้านล่างนี้"""
SegaAccountMenu_MessageText2#0,"""ระบบจะโหลดหน้าเว็บโดยการเปิดเว็บเบราว์เซอร์ของคุณ"""
SegaAccountMenu_MessgaeText3#0,"""บัญชี SEGA ของคุณถูกเชื่อมโยงไว้แล้ว"""
SegaAccountMenu_TitleText1#0,"""เชื่อมโยงบัญชีโดยใช้สมาร์ตโฟนหรืออุปกรณ์อื่น"""
SegaAccountMenu_TitleText2#0,"""เชื่อมโยงบัญชีโดยใช้เว็บเบราว์เซอร์ของคุณ"""
SegaAccountMenu_MessgaeText4#0,"""บัญชี SEGA นี้ถูกระงับการใช้งาน"""
SegaAccountMenu_MessgaeText5#0,"""หากยกเลิกกระบวนการนี้ จะไม่สามารถทำการเชื่อมโยงบัญชีได้อีกระยะเวลาหนึ่ง"""
SegaAccountMenu_MessgaeText6#0,"""บริการบัญชี SEGA ยังไม่เปิดให้บริการ หรือไม่สามารถใช้งานได้ในขณะนี้"""
SegaAccountMenu_ControlHelp#0,"""ตกลง: <%Decide>\u3000\u3000ยกเลิก: <%Cancel>"""
SegaAccountMenu_LinkFix#0,"""คุณได้เชื่อมโยงบัญชี SEGA ของคุณสำเร็จแล้ว ระบบจะนำคุณกลับไปยังหน้าเมนูเริ่มต้น"""
